Accession,Condition,GeneSet,Term,NES,FDR
Acc3,Obesity/GLP-1R,Hallmark,prerank,1.5001661153255628,0.4491264131551902
Acc3,Obesity/GLP-1R,Hallmark,prerank,1.4236507938168936,0.3319630010277492
Acc3,Obesity/GLP-1R,Hallmark,prerank,1.4033606768466602,0.25059952038369304
Acc3,Obesity/GLP-1R,Hallmark,prerank,-1.3589377911419742,1.0
Acc3,Obesity/GLP-1R,Hallmark,prerank,-1.3443784650732389,1.0
Acc3,Obesity/GLP-1R,Hallmark,prerank,1.2415011483223506,0.5614080164439876
Acc3,Obesity/GLP-1R,Hallmark,prerank,-1.210060350691821,1.0
Acc3,Obesity/GLP-1R,Hallmark,prerank,-1.2087413094586263,1.0
Acc3,Obesity/GLP-1R,Hallmark,prerank,-1.1762249627300114,1.0
Acc3,Obesity/GLP-1R,Hallmark,prerank,-1.1501184204934518,1.0
Acc3,Obesity/GLP-1R,Hallmark,prerank,-1.1137663735130747,1.0
Acc3,Obesity/GLP-1R,Hallmark,prerank,-1.0319482253761805,1.0
Acc3,Obesity/GLP-1R,Hallmark,prerank,-1.0081044330424476,1.0
Acc3,Obesity/GLP-1R,Hallmark,prerank,0.9981798087446772,1.0
Acc3,Obesity/GLP-1R,Hallmark,prerank,-0.9815978125452675,1.0
Acc3,Obesity/GLP-1R,Hallmark,prerank,0.9623013449369752,1.0
Acc3,Obesity/GLP-1R,Hallmark,prerank,-0.9312607469534931,1.0
Acc3,Obesity/GLP-1R,Hallmark,prerank,-0.9108493732267727,1.0
Acc3,Obesity/GLP-1R,Hallmark,prerank,-0.8856195064033716,1.0
Acc3,Obesity/GLP-1R,Hallmark,prerank,0.8815488291076675,1.0
Acc3,Obesity/GLP-1R,Hallmark,prerank,-0.8732835199278137,1.0
Acc3,Obesity/GLP-1R,Hallmark,prerank,0.8695958438133046,1.0
Acc3,Obesity/GLP-1R,Hallmark,prerank,-0.8564024078299749,1.0
Acc3,Obesity/GLP-1R,Hallmark,prerank,0.8390846269503729,1.0
Acc3,Obesity/GLP-1R,Hallmark,prerank,-0.8253924815997189,1.0
Acc3,Obesity/GLP-1R,Hallmark,prerank,-0.8228325995547158,1.0
Acc3,Obesity/GLP-1R,Hallmark,prerank,0.8131950727917537,1.0
Acc3,Obesity/GLP-1R,Hallmark,prerank,-0.7919942248832632,1.0
Acc3,Obesity/GLP-1R,Hallmark,prerank,-0.7858412036010464,1.0
Acc3,Obesity/GLP-1R,Hallmark,prerank,0.7446812522584263,1.0
Acc3,Obesity/GLP-1R,Hallmark,prerank,0.7284160236646008,1.0
Acc3,Obesity/GLP-1R,Hallmark,prerank,-0.7215239579448581,1.0
Acc3,Obesity/GLP-1R,Hallmark,prerank,0.6898546397089061,1.0
Acc3,Obesity/GLP-1R,Hallmark,prerank,-0.6728869644521535,1.0
Acc3,Obesity/GLP-1R,Hallmark,prerank,-0.6486529490292962,1.0
Acc3,Obesity/GLP-1R,Hallmark,prerank,-0.6436655742111241,1.0
Acc3,Obesity/GLP-1R,Hallmark,prerank,0.6310000434173549,1.0
Acc3,Obesity/GLP-1R,Hallmark,prerank,0.6196909491882537,1.0
Acc3,Obesity/GLP-1R,Hallmark,prerank,-0.5768219185882987,1.0
Acc3,Obesity/GLP-1R,Hallmark,prerank,-0.5745718236418252,1.0
Acc3,Obesity/GLP-1R,Hallmark,prerank,-0.5222397242830491,1.0
Acc3,Obesity/GLP-1R,Hallmark,prerank,-0.5186011717875012,1.0
Acc3,Obesity/GLP-1R,Hallmark,prerank,-0.5172015103009651,1.0
Acc3,Obesity/GLP-1R,Hallmark,prerank,0.49109025307452003,1.0
Acc3,Obesity/GLP-1R,Hallmark,prerank,-0.4761252328158402,1.0
Acc3,Obesity/GLP-1R,Hallmark,prerank,0.46840190966990436,1.0
Acc3,Obesity/GLP-1R,Hallmark,prerank,0.43481287317509754,1.0
Acc3,Obesity/GLP-1R,Hallmark,prerank,-0.42331341214815466,1.0
Acc3,Obesity/GLP-1R,Hallmark,prerank,0.38215344222126935,0.9994861253854059
Acc3,Obesity/GLP-1R,Hallmark,prerank,-0.3618475287409085,1.0
Acc4,Obesity/GLP-1R,Hallmark,prerank,2.076758621996427,0.01
Acc4,Obesity/GLP-1R,Hallmark,prerank,1.7321115891022774,0.01
Acc4,Obesity/GLP-1R,Hallmark,prerank,1.723289598054487,0.011124677791344458
Acc4,Obesity/GLP-1R,Hallmark,prerank,1.6578698305762691,0.04588929588929589
Acc4,Obesity/GLP-1R,Hallmark,prerank,1.6457292426825267,0.04338624338624338
Acc4,Obesity/GLP-1R,Hallmark,prerank,1.5905871841745851,0.04171754171754172
Acc4,Obesity/GLP-1R,Hallmark,prerank,1.5797789331328143,0.04290947148090005
Acc4,Obesity/GLP-1R,Hallmark,prerank,1.55280433549379,0.04171754171754171
Acc4,Obesity/GLP-1R,Hallmark,prerank,1.5239604892983674,0.05562338895672229
Acc4,Obesity/GLP-1R,Hallmark,prerank,1.519153474146306,0.05172975172975173
Acc4,Obesity/GLP-1R,Hallmark,prerank,1.4911166395214561,0.060680060680060675
Acc4,Obesity/GLP-1R,Hallmark,prerank,-1.2844468523690484,0.8210774675580025
Acc4,Obesity/GLP-1R,Hallmark,prerank,-1.2677207652993214,0.4600865119937082
Acc4,Obesity/GLP-1R,Hallmark,prerank,1.2476482793653492,0.32261565594898933
Acc4,Obesity/GLP-1R,Hallmark,prerank,1.2137430561178164,0.37224883378729534
Acc4,Obesity/GLP-1R,Hallmark,prerank,1.1878290232190445,0.42313506599220885
Acc4,Obesity/GLP-1R,Hallmark,prerank,1.1820900969429888,0.40938814272147606
Acc4,Obesity/GLP-1R,Hallmark,prerank,1.1490111640168776,0.48600936100936104
Acc4,Obesity/GLP-1R,Hallmark,prerank,1.1478006065082522,0.46331011036893394
Acc4,Obesity/GLP-1R,Hallmark,prerank,1.1002382360299252,0.5970243748021525
Acc4,Obesity/GLP-1R,Hallmark,prerank,1.095585256937282,0.5752629436839963
Acc4,Obesity/GLP-1R,Hallmark,prerank,-1.0867255678254284,0.8470310656704679
Acc4,Obesity/GLP-1R,Hallmark,prerank,1.066426170607522,0.6424501424501424
Acc4,Obesity/GLP-1R,Hallmark,prerank,1.0252117708644948,0.7882628835009787
Acc4,Obesity/GLP-1R,Hallmark,prerank,1.0094479835684644,0.8093203093203093
Acc4,Obesity/GLP-1R,Hallmark,prerank,-1.0055010626317484,0.9360990955564295
Acc4,Obesity/GLP-1R,Hallmark,prerank,-0.9790530313489835,0.8444357058592213
Acc4,Obesity/GLP-1R,Hallmark,prerank,0.9636999693202035,0.9649448779883563
Acc4,Obesity/GLP-1R,Hallmark,prerank,0.9609811335934557,0.9372541039207707
Acc4,Obesity/GLP-1R,Hallmark,prerank,0.9180090962516546,1.0
Acc4,Obesity/GLP-1R,Hallmark,prerank,0.9146641452566864,1.0
Acc4,Obesity/GLP-1R,Hallmark,prerank,0.9142161951212353,1.0
Acc4,Obesity/GLP-1R,Hallmark,prerank,0.869338607207925,1.0
Acc4,Obesity/GLP-1R,Hallmark,prerank,0.8592014671274175,1.0
Acc4,Obesity/GLP-1R,Hallmark,prerank,0.8568773661323708,1.0
Acc4,Obesity/GLP-1R,Hallmark,prerank,0.7835733280516024,1.0
Acc4,Obesity/GLP-1R,Hallmark,prerank,0.780084570796433,1.0
Acc4,Obesity/GLP-1R,Hallmark,prerank,0.7353198160984061,1.0
Acc4,Obesity/GLP-1R,Hallmark,prerank,0.6752637417353888,1.0
Acc4,Obesity/GLP-1R,Hallmark,prerank,0.6519491010482577,1.0
Acc4,Obesity/GLP-1R,Hallmark,prerank,-0.6312353860782873,1.0
Acc4,Obesity/GLP-1R,Hallmark,prerank,0.6284762633655331,1.0
Acc4,Obesity/GLP-1R,Hallmark,prerank,0.6249112114798182,1.0
Acc4,Obesity/GLP-1R,Hallmark,prerank,0.6243017043509994,1.0
Acc4,Obesity/GLP-1R,Hallmark,prerank,0.5957297477818639,1.0
Acc4,Obesity/GLP-1R,Hallmark,prerank,-0.5914171802120626,1.0
Acc4,Obesity/GLP-1R,Hallmark,prerank,0.585935716365942,1.0
Acc4,Obesity/GLP-1R,Hallmark,prerank,0.5720766972283555,0.9922669922669922
Acc4,Obesity/GLP-1R,Hallmark,prerank,-0.5526584524859427,1.0
Acc4,Obesity/GLP-1R,Hallmark,prerank,-0.3049610163098277,1.0
Acc5,Obesity/GLP-1R,Hallmark,prerank,2.534508236120308,0.01
Acc5,Obesity/GLP-1R,Hallmark,prerank,1.759868486163644,0.035242290748898675
Acc5,Obesity/GLP-1R,Hallmark,prerank,-1.6288202617958236,0.050156739811912224
Acc5,Obesity/GLP-1R,Hallmark,prerank,1.6115926827253886,0.09397944199706315
Acc5,Obesity/GLP-1R,Hallmark,prerank,1.5975125536086454,0.07929515418502203
Acc5,Obesity/GLP-1R,Hallmark,prerank,1.5690046578675607,0.08458149779735682
Acc5,Obesity/GLP-1R,Hallmark,prerank,1.5520567515327635,0.0763582966226138
Acc5,Obesity/GLP-1R,Hallmark,prerank,1.4821576573597766,0.11579609817495282
Acc5,Obesity/GLP-1R,Hallmark,prerank,1.4476871406776273,0.14390602055800292
Acc5,Obesity/GLP-1R,Hallmark,prerank,1.429040390819116,0.14749551313427964
Acc5,Obesity/GLP-1R,Hallmark,prerank,1.410685865161769,0.1538913362701909
Acc5,Obesity/GLP-1R,Hallmark,prerank,-1.3901538494263304,0.1598746081504702
Acc5,Obesity/GLP-1R,Hallmark,prerank,1.3872605177909305,0.16019223067681218
Acc5,Obesity/GLP-1R,Hallmark,prerank,1.379820171082518,0.15565345080763582
Acc5,Obesity/GLP-1R,Hallmark,prerank,1.348059294913041,0.18976618095560827
Acc5,Obesity/GLP-1R,Hallmark,prerank,1.32950406365108,0.1921543947975666
Acc5,Obesity/GLP-1R,Hallmark,prerank,1.3231595226403663,0.19109153206069507
Acc5,Obesity/GLP-1R,Hallmark,prerank,1.3172541533903122,0.18869309838472834
Acc5,Obesity/GLP-1R,Hallmark,prerank,1.3008076157416473,0.19763323831735338
Acc5,Obesity/GLP-1R,Hallmark,prerank,1.2979284747011348,0.19513786914667972
Acc5,Obesity/GLP-1R,Hallmark,prerank,1.279015922593993,0.20032460004637145
Acc5,Obesity/GLP-1R,Hallmark,prerank,1.2693377303630144,0.2055800293685756
Acc5,Obesity/GLP-1R,Hallmark,prerank,1.262390114673783,0.20362212432697013
Acc5,Obesity/GLP-1R,Hallmark,prerank,1.2481250632586256,0.21198771859564808
Acc5,Obesity/GLP-1R,Hallmark,prerank,1.2408625707952954,0.21400753367809489
Acc5,Obesity/GLP-1R,Hallmark,prerank,1.2093738090204489,0.2501223690651004
Acc5,Obesity/GLP-1R,Hallmark,prerank,-1.1213505713402554,0.7021943573667712
Acc5,Obesity/GLP-1R,Hallmark,prerank,1.1073690630797552,0.434654919236417
Acc5,Obesity/GLP-1R,Hallmark,prerank,1.09816251890003,0.439173161640122
Acc5,Obesity/GLP-1R,Hallmark,prerank,-1.0962378316517714,0.634796238244514
Acc5,Obesity/GLP-1R,Hallmark,prerank,-1.0881159389778692,0.535423197492163
Acc5,Obesity/GLP-1R,Hallmark,prerank,1.0824274674502257,0.4551041496709632
Acc5,Obesity/GLP-1R,Hallmark,prerank,1.0297818644075223,0.5621984476610028
Acc5,Obesity/GLP-1R,Hallmark,prerank,1.0160765016810929,0.5808901716542609
Acc5,Obesity/GLP-1R,Hallmark,prerank,0.9543509558285167,0.738913362701909
Acc5,Obesity/GLP-1R,Hallmark,prerank,0.9366433357357383,0.7571408270569845
Acc5,Obesity/GLP-1R,Hallmark,prerank,-0.8428685512392682,1.0
Acc5,Obesity/GLP-1R,Hallmark,prerank,0.83976802775782,0.9720998531571219
Acc5,Obesity/GLP-1R,Hallmark,prerank,0.8256275788079923,0.9739687625150181
Acc5,Obesity/GLP-1R,Hallmark,prerank,0.8222028558504862,0.9529239008378683
Acc5,Obesity/GLP-1R,Hallmark,prerank,0.8108485995480165,0.9468428781204111
Acc5,Obesity/GLP-1R,Hallmark,prerank,-0.801599796622372,1.0
Acc5,Obesity/GLP-1R,Hallmark,prerank,-0.7888069870580615,1.0
Acc5,Obesity/GLP-1R,Hallmark,prerank,0.7420548996598821,1.0
Acc5,Obesity/GLP-1R,Hallmark,prerank,0.7397674072920394,1.0
Acc5,Obesity/GLP-1R,Hallmark,prerank,0.7393287013137997,0.977200711028673
Acc5,Obesity/GLP-1R,Hallmark,prerank,-0.7268736409753603,1.0
Acc5,Obesity/GLP-1R,Hallmark,prerank,0.6952176830584658,0.982265898565458
Acc5,Obesity/GLP-1R,Hallmark,prerank,-0.6760877904141674,0.9786833855799373
Acc5,Obesity/GLP-1R,Hallmark,prerank,0.5862555127402992,0.9903083700440528
Acc6,Obesity/GLP-1R,Hallmark,prerank,1.5429602116044794,0.11421725239616613
Acc6,Obesity/GLP-1R,Hallmark,prerank,-1.533811460878182,0.208110992529349
Acc6,Obesity/GLP-1R,Hallmark,prerank,-1.4938938986805728,0.15608324439701174
Acc6,Obesity/GLP-1R,Hallmark,prerank,-1.4364749648051405,0.22545357524012807
Acc6,Obesity/GLP-1R,Hallmark,prerank,-1.4022810828775172,0.2575373532550694
Acc6,Obesity/GLP-1R,Hallmark,prerank,-1.4006049825662388,0.208110992529349
Acc6,Obesity/GLP-1R,Hallmark,prerank,-1.3642226171431378,0.26534151547491996
Acc6,Obesity/GLP-1R,Hallmark,prerank,-1.3606382758316198,0.24527366976673273
Acc6,Obesity/GLP-1R,Hallmark,prerank,-1.3434403588327897,0.2588380469583778
Acc6,Obesity/GLP-1R,Hallmark,prerank,-1.3363626427275197,0.25088936321593736
Acc6,Obesity/GLP-1R,Hallmark,prerank,-1.3067872943371692,0.2882337246531484
Acc6,Obesity/GLP-1R,Hallmark,prerank,-1.294492680783806,0.290409430484137
Acc6,Obesity/GLP-1R,Hallmark,prerank,-1.2780967529339844,0.3000266808964781
Acc6,Obesity/GLP-1R,Hallmark,prerank,-1.1856084758566254,0.5234791889007471
Acc6,Obesity/GLP-1R,Hallmark,prerank,-1.1645132150246598,0.5604131727397469
Acc6,Obesity/GLP-1R,Hallmark,prerank,-1.1475291801864584,0.5834044823906083
Acc6,Obesity/GLP-1R,Hallmark,prerank,-1.1218981242170427,0.6464447705442903
Acc6,Obesity/GLP-1R,Hallmark,prerank,-1.1104305724372439,0.6500408060769666
Acc6,Obesity/GLP-1R,Hallmark,prerank,-1.1012765780128204,0.6405193881181074
Acc6,Obesity/GLP-1R,Hallmark,prerank,-1.0856667255578454,0.6588355895073864
Acc6,Obesity/GLP-1R,Hallmark,prerank,-1.0676584972380103,0.6898879402347919
Acc6,Obesity/GLP-1R,Hallmark,prerank,-1.0562679041174565,0.6912257966153378
Acc6,Obesity/GLP-1R,Hallmark,prerank,-1.0462031615696534,0.6896041525177065
Acc6,Obesity/GLP-1R,Hallmark,prerank,1.0146541645663576,1.0
Acc6,Obesity/GLP-1R,Hallmark,prerank,-1.0071387828830098,0.779963806783908
Acc6,Obesity/GLP-1R,Hallmark,prerank,-0.9876587320549505,0.8111993062966915
Acc6,Obesity/GLP-1R,Hallmark,prerank,-0.9848404656742853,0.7858271077908217
Acc6,Obesity/GLP-1R,Hallmark,prerank,0.9713656008332567,1.0
Acc6,Obesity/GLP-1R,Hallmark,prerank,-0.940710206887945,0.8772678762006404
Acc6,Obesity/GLP-1R,Hallmark,prerank,-0.9292491902039569,0.8779200758923277
Acc6,Obesity/GLP-1R,Hallmark,prerank,-0.9212270633878894,0.8703499008995274
Acc6,Obesity/GLP-1R,Hallmark,prerank,-0.9134134402008336,0.8658134913333088
Acc6,Obesity/GLP-1R,Hallmark,prerank,0.8637130108991342,1.0
Acc6,Obesity/GLP-1R,Hallmark,prerank,-0.8622599103040404,0.9573105656350053
Acc6,Obesity/GLP-1R,Hallmark,prerank,-0.8572418035999569,0.937842117946776
Acc6,Obesity/GLP-1R,Hallmark,prerank,0.8465991021096706,1.0
Acc6,Obesity/GLP-1R,Hallmark,prerank,0.8347329065703191,1.0
Acc6,Obesity/GLP-1R,Hallmark,prerank,-0.8316034272925619,0.9673909418356458
Acc6,Obesity/GLP-1R,Hallmark,prerank,0.8266059404087294,1.0
Acc6,Obesity/GLP-1R,Hallmark,prerank,-0.8189675557786964,0.9645629184049674
Acc6,Obesity/GLP-1R,Hallmark,prerank,0.8168031842084985,1.0
Acc6,Obesity/GLP-1R,Hallmark,prerank,-0.7680281768646068,1.0
Acc6,Obesity/GLP-1R,Hallmark,prerank,-0.7425903819255892,1.0
Acc6,Obesity/GLP-1R,Hallmark,prerank,-0.6569185507286469,1.0
Acc6,Obesity/GLP-1R,Hallmark,prerank,0.6355812054954281,1.0
Acc6,Obesity/GLP-1R,Hallmark,prerank,0.5776034064346934,1.0
Acc6,Obesity/GLP-1R,Hallmark,prerank,-0.549636541817692,1.0
Acc6,Obesity/GLP-1R,Hallmark,prerank,-0.5048359928683072,1.0
Acc6,Obesity/GLP-1R,Hallmark,prerank,0.41544520810189817,0.9984025559105432
Acc6,Obesity/GLP-1R,Hallmark,prerank,-0.2981750944259689,1.0
Acc8,Aging,Hallmark,prerank,-1.579817881220928,0.2268041237113402
Acc8,Aging,Hallmark,prerank,1.4880171841027192,0.3935061788223892
Acc8,Aging,Hallmark,prerank,1.4348550647818246,0.3426217591470802
Acc8,Aging,Hallmark,prerank,-1.3757616844536686,0.5040091638029782
Acc8,Aging,Hallmark,prerank,1.322864019531367,0.6490590420806074
Acc8,Aging,Hallmark,prerank,-1.2996689145051676,0.5964108438335243
Acc8,Aging,Hallmark,prerank,1.271343413768196,0.7378240852919796
Acc8,Aging,Hallmark,prerank,1.2604249435052024,0.6404652289798886
Acc8,Aging,Hallmark,prerank,1.249713462175348,0.5755593247718278
Acc8,Aging,Hallmark,prerank,-1.193178795603211,0.8505154639175257
Acc8,Aging,Hallmark,prerank,1.172722513260217,0.803489217349164
Acc8,Aging,Hallmark,prerank,-1.1187024517918072,1.0
Acc8,Aging,Hallmark,prerank,-1.1123529759049948,0.8904161893852616
Acc8,Aging,Hallmark,prerank,1.090564580762244,1.0
Acc8,Aging,Hallmark,prerank,-1.0781637595791056,0.9612174766813943
Acc8,Aging,Hallmark,prerank,-1.0562422952327217,0.95446735395189
Acc8,Aging,Hallmark,prerank,1.0149970661768455,1.0
Acc8,Aging,Hallmark,prerank,0.9929570436246683,1.0
Acc8,Aging,Hallmark,prerank,-0.9643337257620995,1.0
Acc8,Aging,Hallmark,prerank,0.9286117101524672,1.0
Acc8,Aging,Hallmark,prerank,-0.913833887999102,1.0
Acc8,Aging,Hallmark,prerank,0.8998750139672658,1.0
Acc8,Aging,Hallmark,prerank,-0.8838535369189973,1.0
Acc8,Aging,Hallmark,prerank,-0.8720478592668452,1.0
Acc8,Aging,Hallmark,prerank,-0.8465865761640043,1.0
Acc8,Aging,Hallmark,prerank,-0.845518864302331,1.0
Acc8,Aging,Hallmark,prerank,0.8250940056308357,1.0
Acc8,Aging,Hallmark,prerank,0.8216550409775123,1.0
Acc8,Aging,Hallmark,prerank,0.81850039625534,1.0
Acc8,Aging,Hallmark,prerank,-0.7615520575913536,1.0
Acc8,Aging,Hallmark,prerank,0.7590453877388502,1.0
Acc8,Aging,Hallmark,prerank,0.7393067943493266,1.0
Acc8,Aging,Hallmark,prerank,0.680526713023666,1.0
Acc8,Aging,Hallmark,prerank,-0.6729771326107467,1.0
Acc8,Aging,Hallmark,prerank,0.6458195350804281,1.0
Acc8,Aging,Hallmark,prerank,-0.644468309186836,1.0
Acc8,Aging,Hallmark,prerank,0.6367081614251475,1.0
Acc8,Aging,Hallmark,prerank,-0.5975023006980733,1.0
Acc8,Aging,Hallmark,prerank,-0.5953767971597236,1.0
Acc8,Aging,Hallmark,prerank,0.5781228353555862,1.0
Acc8,Aging,Hallmark,prerank,0.5773659567806771,1.0
Acc8,Aging,Hallmark,prerank,0.5678895663068734,1.0
Acc8,Aging,Hallmark,prerank,0.556245048944382,1.0
Acc8,Aging,Hallmark,prerank,0.5337869881993972,1.0
Acc8,Aging,Hallmark,prerank,-0.5220065516871794,1.0
Acc8,Aging,Hallmark,prerank,0.5002212688348078,1.0
Acc8,Aging,Hallmark,prerank,-0.4814030295904931,1.0
Acc8,Aging,Hallmark,prerank,-0.47510640111898567,0.995418098510882
Acc8,Aging,Hallmark,prerank,0.41375516959031394,1.0
Acc8,Aging,Hallmark,prerank,0.3057552269496777,1.0
Acc10,TBI,Hallmark,prerank,2.5890830376731317,0.01
Acc10,TBI,Hallmark,prerank,2.1697629172148294,0.01
Acc10,TBI,Hallmark,prerank,-1.9503288987547027,0.01
Acc10,TBI,Hallmark,prerank,-1.5105642693837813,0.18032786885245902
Acc10,TBI,Hallmark,prerank,1.5005503368513224,0.2502628811777077
Acc10,TBI,Hallmark,prerank,1.4891230181023878,0.19652996845425869
Acc10,TBI,Hallmark,prerank,-1.447329130752367,0.1923497267759563
Acc10,TBI,Hallmark,prerank,1.4371846021533394,0.24378548895899052
Acc10,TBI,Hallmark,prerank,1.3960165035161123,0.25320715036803365
Acc10,TBI,Hallmark,prerank,-1.38768608050044,0.23743169398907105
Acc10,TBI,Hallmark,prerank,1.3787026269539246,0.23470031545741324
Acc10,TBI,Hallmark,prerank,1.363298904952403,0.2252365930599369
Acc10,TBI,Hallmark,prerank,-1.3312441748230877,0.3366120218579235
Acc10,TBI,Hallmark,prerank,-1.3273745389227103,0.28652094717668486
Acc10,TBI,Hallmark,prerank,1.2737441363353856,0.3611636873466526
Acc10,TBI,Hallmark,prerank,-1.2590653956686824,0.39328649492583917
Acc10,TBI,Hallmark,prerank,1.2371401048069683,0.4054258675078864
Acc10,TBI,Hallmark,prerank,-1.2105452243828623,0.4403005464480874
Acc10,TBI,Hallmark,prerank,1.198810158737324,0.45288213363923147
Acc10,TBI,Hallmark,prerank,-1.178879976092411,0.4528233151183971
Acc10,TBI,Hallmark,prerank,1.148003368395111,0.5439537329127235
Acc10,TBI,Hallmark,prerank,-1.1329635510010283,0.5337704918032787
Acc10,TBI,Hallmark,prerank,-1.1173868775522269,0.5256830601092897
Acc10,TBI,Hallmark,prerank,-1.0895678336475882,0.5540072859744991
Acc10,TBI,Hallmark,prerank,1.0894072069772023,0.6787672894928416
Acc10,TBI,Hallmark,prerank,-1.0873277822193288,0.516015132408575
Acc10,TBI,Hallmark,prerank,1.0809718330206963,0.6624605678233438
Acc10,TBI,Hallmark,prerank,1.0588316493208068,0.6807150368033649
Acc10,TBI,Hallmark,prerank,-1.0543052817925316,0.5727556596409056
Acc10,TBI,Hallmark,prerank,1.0406698829665013,0.6873028391167193
Acc10,TBI,Hallmark,prerank,1.0369349883917012,0.657784375579885
Acc10,TBI,Hallmark,prerank,-1.0274735370546653,0.6002914389799636
Acc10,TBI,Hallmark,prerank,-1.0252310679314975,0.5665300546448088
Acc10,TBI,Hallmark,prerank,-1.0065927624236397,0.5805850208936034
Acc10,TBI,Hallmark,prerank,-1.006056807592567,0.5483302975106253
Acc10,TBI,Hallmark,prerank,-0.9926659884363975,0.5485763589301121
Acc10,TBI,Hallmark,prerank,0.9797587166777187,0.7753242201191728
Acc10,TBI,Hallmark,prerank,0.9654628904548346,0.7763572970280591
Acc10,TBI,Hallmark,prerank,0.9573485287141626,0.763596214511041
Acc10,TBI,Hallmark,prerank,-0.9547032966502954,0.602295081967213
Acc10,TBI,Hallmark,prerank,0.9127584856537063,0.8248159831756046
Acc10,TBI,Hallmark,prerank,0.8928260856053062,0.8338973329509607
Acc10,TBI,Hallmark,prerank,0.8832080242045194,0.8168426827595666
Acc10,TBI,Hallmark,prerank,0.8454980702358542,0.8663512092534176
Acc10,TBI,Hallmark,prerank,-0.8276591198299583,0.8323705438459537
Acc10,TBI,Hallmark,prerank,0.8167325703699397,0.8829274447949526
Acc10,TBI,Hallmark,prerank,0.7774644826434762,0.9141955835962144
Acc10,TBI,Hallmark,prerank,-0.7510808438380302,0.8923497267759563
Acc10,TBI,Hallmark,prerank,0.68994959354834,0.972590255871013
Acc10,TBI,Hallmark,prerank,0.6342612108694216,0.9694006309148265
Acc11,TBI,Hallmark,prerank,-1.742192517604702,0.0747800586510264
Acc11,TBI,Hallmark,prerank,1.6128305396688654,0.2904290429042904
Acc11,TBI,Hallmark,prerank,-1.6077451527185649,0.06854838709677419
Acc11,TBI,Hallmark,prerank,1.5608641535580723,0.19513201320132012
Acc11,TBI,Hallmark,prerank,1.541080422057921,0.1663916391639164
Acc11,TBI,Hallmark,prerank,1.4646279713861876,0.2473184818481848
Acc11,TBI,Hallmark,prerank,1.4039632190725895,0.31402640264026405
Acc11,TBI,Hallmark,prerank,-1.3523830393521319,0.3655913978494623
Acc11,TBI,Hallmark,prerank,-1.3501113258594855,0.27730938416422285
Acc11,TBI,Hallmark,prerank,1.3477299817845756,0.4069031903190319
Acc11,TBI,Hallmark,prerank,1.3240133890856831,0.40582272512965584
Acc11,TBI,Hallmark,prerank,1.2329206845639915,0.6285066006600659
Acc11,TBI,Hallmark,prerank,1.2193151099207615,0.6171617161716172
Acc11,TBI,Hallmark,prerank,1.1998029943124087,0.6216996699669967
Acc11,TBI,Hallmark,prerank,1.1868484938545665,0.6113861386138614
Acc11,TBI,Hallmark,prerank,1.177522011496241,0.5974972497249725
Acc11,TBI,Hallmark,prerank,-1.1367284940416844,0.7702346041055718
Acc11,TBI,Hallmark,prerank,1.1366606169879234,0.6890708301599391
Acc11,TBI,Hallmark,prerank,1.0931533959787463,0.7844177274870344
Acc11,TBI,Hallmark,prerank,1.090745958958761,0.7333333333333333
Acc11,TBI,Hallmark,prerank,-1.0644098079679063,0.9222873900293255
Acc11,TBI,Hallmark,prerank,1.0625169948521314,0.7816625412541254
Acc11,TBI,Hallmark,prerank,1.04777098814042,0.7741215298000389
Acc11,TBI,Hallmark,prerank,-1.0258132329439595,0.9365312107247591
Acc11,TBI,Hallmark,prerank,-0.998860693824816,0.9331928152492669
Acc11,TBI,Hallmark,prerank,0.9737961216198409,0.945911257792446
Acc11,TBI,Hallmark,prerank,0.9714634472993584,0.9018586069133229
Acc11,TBI,Hallmark,prerank,0.9696327179119649,0.8622112211221121
Acc11,TBI,Hallmark,prerank,0.9647392316294661,0.8306616375923308
Acc11,TBI,Hallmark,prerank,0.963159091859054,0.7966171617161717
Acc11,TBI,Hallmark,prerank,-0.9221096791333909,1.0
Acc11,TBI,Hallmark,prerank,-0.9136964297235738,1.0
Acc11,TBI,Hallmark,prerank,0.9051609152355998,0.8977256421294303
Acc11,TBI,Hallmark,prerank,-0.8903175912852257,1.0
Acc11,TBI,Hallmark,prerank,0.885247495835382,0.9083470847084708
Acc11,TBI,Hallmark,prerank,-0.8816017238426589,0.9949902248289345
Acc11,TBI,Hallmark,prerank,-0.8725069232943461,0.9433792014437177
Acc11,TBI,Hallmark,prerank,0.8660942885662222,0.9112211221122113
Acc11,TBI,Hallmark,prerank,0.8381368591030898,0.937960142168063
Acc11,TBI,Hallmark,prerank,-0.8244783050449451,0.9846041055718475
Acc11,TBI,Hallmark,prerank,-0.8162381048499312,0.9305962854349952
Acc11,TBI,Hallmark,prerank,-0.7978045781945499,0.903592375366569
Acc11,TBI,Hallmark,prerank,0.7942440017597471,0.9879293484904045
Acc11,TBI,Hallmark,prerank,0.7265533915921354,1.0
Acc11,TBI,Hallmark,prerank,0.7233718137593814,1.0
Acc11,TBI,Hallmark,prerank,0.6857200569663201,1.0
Acc11,TBI,Hallmark,prerank,0.6828064521120293,0.9983498349834983
Acc11,TBI,Hallmark,prerank,0.6813042624775649,0.9677186468646864
Acc11,TBI,Hallmark,prerank,0.6121206607092161,0.9730473047304731
Acc11,TBI,Hallmark,prerank,-0.45129640228678325,0.999266862170088
Acc12,Neurodegeneration,Hallmark,prerank,2.1437539975241373,0.01
Acc12,Neurodegeneration,Hallmark,prerank,-1.79851913742452,0.04797806716929404
Acc12,Neurodegeneration,Hallmark,prerank,1.7401477342403,0.04322766570605187
Acc12,Neurodegeneration,Hallmark,prerank,-1.5753603379670262,0.23989033584647018
Acc12,Neurodegeneration,Hallmark,prerank,-1.5719228692258886,0.17192140735663697
Acc12,Neurodegeneration,Hallmark,prerank,-1.546706011254668,0.15293008910212474
Acc12,Neurodegeneration,Hallmark,prerank,-1.512667759318217,0.1511309115832762
Acc12,Neurodegeneration,Hallmark,prerank,1.5062920073149957,0.13208453410182516
Acc12,Neurodegeneration,Hallmark,prerank,1.4648967236679609,0.12968299711815565
Acc12,Neurodegeneration,Hallmark,prerank,1.4133810308312256,0.15129682997118157
Acc12,Neurodegeneration,Hallmark,prerank,-1.377296356606942,0.38182545122229833
Acc12,Neurodegeneration,Hallmark,prerank,-1.3739295117280401,0.33413296778615487
Acc12,Neurodegeneration,Hallmark,prerank,-1.3451887673772551,0.3598355037697053
Acc12,Neurodegeneration,Hallmark,prerank,1.3355462883150597,0.2005283381364073
Acc12,Neurodegeneration,Hallmark,prerank,-1.3243188440077949,0.3704972964739929
Acc12,Neurodegeneration,Hallmark,prerank,-1.3012897188201782,0.37542837559972586
Acc12,Neurodegeneration,Hallmark,prerank,-1.2868951764579517,0.3718300205620288
Acc12,Neurodegeneration,Hallmark,prerank,-1.248317849011548,0.4298035183915924
Acc12,Neurodegeneration,Hallmark,prerank,-1.2367585580002673,0.4207307428691939
Acc12,Neurodegeneration,Hallmark,prerank,-1.2342526613370481,0.3958190541466758
Acc12,Neurodegeneration,Hallmark,prerank,-1.2211159149961657,0.4014164953164268
Acc12,Neurodegeneration,Hallmark,prerank,1.2171299792165566,0.33758748456154797
Acc12,Neurodegeneration,Hallmark,prerank,1.19789201229818,0.3341138328530259
Acc12,Neurodegeneration,Hallmark,prerank,-1.1625935338770506,0.5015207333790267
Acc12,Neurodegeneration,Hallmark,prerank,-1.1608765478211283,0.4762528726363746
Acc12,Neurodegeneration,Hallmark,prerank,-1.1396128260258294,0.5071015154976772
Acc12,Neurodegeneration,Hallmark,prerank,-1.1391214969813228,0.48104325240792184
Acc12,Neurodegeneration,Hallmark,prerank,1.1077538174146186,0.47390329811079096
Acc12,Neurodegeneration,Hallmark,prerank,-1.0972148031702287,0.5547464016449624
Acc12,Neurodegeneration,Hallmark,prerank,1.0849549001377008,0.47478386167146974
Acc12,Neurodegeneration,Hallmark,prerank,1.0785184342222705,0.4427560911710768
Acc12,Neurodegeneration,Hallmark,prerank,-1.0701120259470318,0.5871601553575508
Acc12,Neurodegeneration,Hallmark,prerank,-1.049037277112746,0.6171724094959187
Acc12,Neurodegeneration,Hallmark,prerank,-1.0306849297875162,0.6409243972941563
Acc12,Neurodegeneration,Hallmark,prerank,1.023522746363197,0.510326609029779
Acc12,Neurodegeneration,Hallmark,prerank,0.9917139143670771,0.537574817113722
Acc12,Neurodegeneration,Hallmark,prerank,-0.9705596117774908,0.7591529586474755
Acc12,Neurodegeneration,Hallmark,prerank,-0.9556097880999657,0.7604523646333106
Acc12,Neurodegeneration,Hallmark,prerank,-0.9244587564767559,0.8064005904992883
Acc12,Neurodegeneration,Hallmark,prerank,-0.9181284293005297,0.7907496255679943
Acc12,Neurodegeneration,Hallmark,prerank,-0.906512772513155,0.7886394790952707
Acc12,Neurodegeneration,Hallmark,prerank,-0.8266348997050954,0.9227505849542671
Acc12,Neurodegeneration,Hallmark,prerank,0.8252524108870075,0.8341910251132153
Acc12,Neurodegeneration,Hallmark,prerank,-0.7528205404418703,1.0
Acc12,Neurodegeneration,Hallmark,prerank,0.7467908732660722,0.8837656099903939
Acc12,Neurodegeneration,Hallmark,prerank,-0.7238239539906605,1.0
Acc12,Neurodegeneration,Hallmark,prerank,-0.6966619846844078,0.9985435229609322
Acc12,Neurodegeneration,Hallmark,prerank,-0.6867335549122118,0.977371383471452
Acc12,Neurodegeneration,Hallmark,prerank,-0.6748206876187383,0.9585030036689111
Acc12,Neurodegeneration,Hallmark,prerank,-0.6356497145397962,0.9561343385880741
Acc7,Neuroinflammation,Hallmark,prerank,-2.680015837651845,0.01
Acc7,Neuroinflammation,Hallmark,prerank,-2.616382203216784,0.01
Acc7,Neuroinflammation,Hallmark,prerank,-2.581571254421428,0.01
Acc7,Neuroinflammation,Hallmark,prerank,-2.454221047250526,0.01
Acc7,Neuroinflammation,Hallmark,prerank,-2.4314501270720554,0.01
Acc7,Neuroinflammation,Hallmark,prerank,-2.3678933108430513,0.01
Acc7,Neuroinflammation,Hallmark,prerank,-2.346657052365179,0.01
Acc7,Neuroinflammation,Hallmark,prerank,-2.345725253805737,0.01
Acc7,Neuroinflammation,Hallmark,prerank,-2.316683010512904,0.01
Acc7,Neuroinflammation,Hallmark,prerank,-2.1925246470116133,0.01
Acc7,Neuroinflammation,Hallmark,prerank,-2.1443824543701586,0.01
Acc7,Neuroinflammation,Hallmark,prerank,-2.1093569273747597,0.01
Acc7,Neuroinflammation,Hallmark,prerank,-2.102077362447002,0.01
Acc7,Neuroinflammation,Hallmark,prerank,-2.097035542096078,0.01
Acc7,Neuroinflammation,Hallmark,prerank,-2.0670024199559602,0.01
Acc7,Neuroinflammation,Hallmark,prerank,-1.789459946806719,0.01
Acc7,Neuroinflammation,Hallmark,prerank,-1.7482297299090863,0.01
Acc7,Neuroinflammation,Hallmark,prerank,-1.733221152792803,0.01
Acc7,Neuroinflammation,Hallmark,prerank,-1.6019529263907961,0.01
Acc7,Neuroinflammation,Hallmark,prerank,-1.5866149297636614,0.01
Acc7,Neuroinflammation,Hallmark,prerank,-1.5857525620415824,0.01
Acc7,Neuroinflammation,Hallmark,prerank,-1.5791153295150515,0.01
Acc7,Neuroinflammation,Hallmark,prerank,-1.5638475684890283,0.01
Acc7,Neuroinflammation,Hallmark,prerank,-1.5298404654020532,0.010843211206896552
Acc7,Neuroinflammation,Hallmark,prerank,-1.5271824215907133,0.01040948275862069
Acc7,Neuroinflammation,Hallmark,prerank,-1.5210266960762553,0.010962367374005307
Acc7,Neuroinflammation,Hallmark,prerank,-1.5076011355784216,0.012392241379310344
Acc7,Neuroinflammation,Hallmark,prerank,-1.4869868187341428,0.014605141625615763
Acc7,Neuroinflammation,Hallmark,prerank,-1.4421753058850706,0.02521180142687277
Acc7,Neuroinflammation,Hallmark,prerank,-1.416754583935921,0.030154454022988504
Acc7,Neuroinflammation,Hallmark,prerank,-1.3863268092473635,0.039575222469410455
Acc7,Neuroinflammation,Hallmark,prerank,-1.3804489311799442,0.04221107219827586
Acc7,Neuroinflammation,Hallmark,prerank,-1.350974336796723,0.05107105538140021
Acc7,Neuroinflammation,Hallmark,prerank,-1.318173649720759,0.06997971602434078
Acc7,Neuroinflammation,Hallmark,prerank,-1.3014595082322646,0.08178879310344828
Acc7,Neuroinflammation,Hallmark,prerank,-1.287231395741959,0.09122066570881225
Acc7,Neuroinflammation,Hallmark,prerank,-1.28336423942709,0.0904298695246971
Acc7,Neuroinflammation,Hallmark,prerank,-1.2791325309489616,0.09098514065335754
Acc7,Neuroinflammation,Hallmark,prerank,1.267510023281812,0.2701863354037267
Acc7,Neuroinflammation,Hallmark,prerank,-1.1704038770605243,0.20431310786914236
Acc7,Neuroinflammation,Hallmark,prerank,-1.151477224657057,0.22832704741379312
Acc7,Neuroinflammation,Hallmark,prerank,1.100670751034844,0.4922360248447205
Acc7,Neuroinflammation,Hallmark,prerank,1.0374412526030377,0.4575569358178054
Acc7,Neuroinflammation,Hallmark,prerank,-1.0017281374794464,0.5186606391925989
Acc7,Neuroinflammation,Hallmark,prerank,-0.9492626310786888,0.6314142036124795
Acc7,Neuroinflammation,Hallmark,prerank,0.9038401291086394,0.7057453416149069
Acc7,Neuroinflammation,Hallmark,prerank,-0.8352089622261674,0.8703388131515637
Acc7,Neuroinflammation,Hallmark,prerank,-0.8184890186972714,0.880412421630094
Acc7,Neuroinflammation,Hallmark,prerank,-0.6890781198928724,0.994133141762452
Acc7,Neuroinflammation,Hallmark,prerank,-0.5137296016246657,0.9997306034482759
Acc3,Obesity/GLP-1R,KEGG,prerank,1.7754740857951907,0.7654361860619103
Acc3,Obesity/GLP-1R,KEGG,prerank,1.7447358326883153,0.5065386525409701
Acc3,Obesity/GLP-1R,KEGG,prerank,1.7166504487394627,0.4089830601997462
Acc3,Obesity/GLP-1R,KEGG,prerank,-1.7166256449801076,1.0
Acc3,Obesity/GLP-1R,KEGG,prerank,1.7153187587291092,0.3095513987750373
Acc3,Obesity/GLP-1R,KEGG,prerank,1.6918552005037166,0.2904154941234895
Acc3,Obesity/GLP-1R,KEGG,prerank,1.614824135076121,0.4089830601997462
Acc3,Obesity/GLP-1R,KEGG,prerank,1.5977639735930396,0.3811100338165394
Acc3,Obesity/GLP-1R,KEGG,prerank,1.5966222069216904,0.3348783314020857
Acc3,Obesity/GLP-1R,KEGG,prerank,1.5885601358744186,0.3126781805808457
Acc3,Obesity/GLP-1R,KEGG,prerank,-1.5489897140083868,1.0
Acc3,Obesity/GLP-1R,KEGG,prerank,-1.5474860478514139,1.0
Acc3,Obesity/GLP-1R,KEGG,prerank,-1.530484838441626,1.0
Acc3,Obesity/GLP-1R,KEGG,prerank,1.5143762889507888,0.47727197483860284
Acc3,Obesity/GLP-1R,KEGG,prerank,-1.5019442344443856,1.0
Acc3,Obesity/GLP-1R,KEGG,prerank,-1.4940547445242025,1.0
Acc3,Obesity/GLP-1R,KEGG,prerank,-1.4374781492029365,1.0
Acc3,Obesity/GLP-1R,KEGG,prerank,1.433111689569991,0.7296203217408316
Acc3,Obesity/GLP-1R,KEGG,prerank,1.429433615557412,0.6810130773050819
Acc3,Obesity/GLP-1R,KEGG,prerank,-1.4201421731681865,1.0
Acc3,Obesity/GLP-1R,KEGG,prerank,1.41954364905568,0.66066494339959
Acc3,Obesity/GLP-1R,KEGG,prerank,1.3946863454848586,0.7043299359141107
Acc3,Obesity/GLP-1R,KEGG,prerank,-1.3918056650097204,1.0
Acc3,Obesity/GLP-1R,KEGG,prerank,1.3724777982360317,0.7286652320256028
Acc3,Obesity/GLP-1R,KEGG,prerank,1.366822214062001,0.7056364840258236
Acc3,Obesity/GLP-1R,KEGG,prerank,-1.354254047089489,1.0
Acc3,Obesity/GLP-1R,KEGG,prerank,1.346988864898976,0.7382883628538321
Acc3,Obesity/GLP-1R,KEGG,prerank,1.3258743548203986,0.7723151060346889
Acc3,Obesity/GLP-1R,KEGG,prerank,1.3177328164988589,0.7630664145880344
Acc3,Obesity/GLP-1R,KEGG,prerank,1.2838817155151354,0.8644926336699222
Acc3,Obesity/GLP-1R,KEGG,prerank,-1.2654898315070733,1.0
Acc3,Obesity/GLP-1R,KEGG,prerank,1.257314383616439,0.9305302654085968
Acc3,Obesity/GLP-1R,KEGG,prerank,1.2551946426692806,0.9010248152774224
Acc3,Obesity/GLP-1R,KEGG,prerank,-1.2379498493832797,1.0
Acc3,Obesity/GLP-1R,KEGG,prerank,-1.2362215298457777,1.0
Acc3,Obesity/GLP-1R,KEGG,prerank,1.234405293835489,0.9455388180764774
Acc3,Obesity/GLP-1R,KEGG,prerank,1.2247767201888824,0.9497599735143187
Acc3,Obesity/GLP-1R,KEGG,prerank,-1.2243021928947682,1.0
Acc3,Obesity/GLP-1R,KEGG,prerank,1.223084950213727,0.9185234232742922
Acc3,Obesity/GLP-1R,KEGG,prerank,1.2081970318798567,0.9541975984617933
Acc3,Obesity/GLP-1R,KEGG,prerank,1.2016379425641908,0.9517923816880943
Acc3,Obesity/GLP-1R,KEGG,prerank,-1.1963508588231715,1.0
Acc3,Obesity/GLP-1R,KEGG,prerank,1.1913477953233613,0.9692576914891101
Acc3,Obesity/GLP-1R,KEGG,prerank,1.1839401090666677,0.9696042559749757
Acc3,Obesity/GLP-1R,KEGG,prerank,-1.1629177336325116,1.0
Acc3,Obesity/GLP-1R,KEGG,prerank,1.1549439868406797,1.0
Acc3,Obesity/GLP-1R,KEGG,prerank,-1.1546311461063248,1.0
Acc3,Obesity/GLP-1R,KEGG,prerank,-1.1531663226880533,1.0
Acc3,Obesity/GLP-1R,KEGG,prerank,1.1495148149600065,1.0
Acc3,Obesity/GLP-1R,KEGG,prerank,1.1440869607449164,1.0
Acc3,Obesity/GLP-1R,KEGG,prerank,1.1436457673397102,1.0
Acc3,Obesity/GLP-1R,KEGG,prerank,1.1396454556782611,1.0
Acc3,Obesity/GLP-1R,KEGG,prerank,1.1303190061575792,1.0
Acc3,Obesity/GLP-1R,KEGG,prerank,-1.1284256797767174,1.0
Acc3,Obesity/GLP-1R,KEGG,prerank,1.1234152003554567,1.0
Acc3,Obesity/GLP-1R,KEGG,prerank,-1.1173323880607142,1.0
Acc3,Obesity/GLP-1R,KEGG,prerank,-1.1164127198347225,1.0
Acc3,Obesity/GLP-1R,KEGG,prerank,-1.1162079468078812,1.0
Acc3,Obesity/GLP-1R,KEGG,prerank,1.1075390000568102,1.0
Acc3,Obesity/GLP-1R,KEGG,prerank,1.1052931690097065,1.0
Acc3,Obesity/GLP-1R,KEGG,prerank,-1.0991216709640572,1.0
Acc3,Obesity/GLP-1R,KEGG,prerank,-1.087730952089063,1.0
Acc3,Obesity/GLP-1R,KEGG,prerank,1.0866840253942838,1.0
Acc3,Obesity/GLP-1R,KEGG,prerank,-1.0829273975129388,1.0
Acc3,Obesity/GLP-1R,KEGG,prerank,-1.077610913869774,1.0
Acc3,Obesity/GLP-1R,KEGG,prerank,1.0748102387448764,1.0
Acc3,Obesity/GLP-1R,KEGG,prerank,-1.0716007103229026,1.0
Acc3,Obesity/GLP-1R,KEGG,prerank,1.0704954085055045,1.0
Acc3,Obesity/GLP-1R,KEGG,prerank,1.0681220026227412,1.0
Acc3,Obesity/GLP-1R,KEGG,prerank,-1.0679469246567945,1.0
Acc3,Obesity/GLP-1R,KEGG,prerank,-1.067641389656778,1.0
Acc3,Obesity/GLP-1R,KEGG,prerank,1.0664521970231493,1.0
Acc3,Obesity/GLP-1R,KEGG,prerank,-1.0548667328107126,1.0
Acc3,Obesity/GLP-1R,KEGG,prerank,1.0493518249820755,1.0
Acc3,Obesity/GLP-1R,KEGG,prerank,1.0487198172127332,1.0
Acc3,Obesity/GLP-1R,KEGG,prerank,1.046305035093353,1.0
Acc3,Obesity/GLP-1R,KEGG,prerank,-1.0353007833007404,1.0
Acc3,Obesity/GLP-1R,KEGG,prerank,-1.024160767426828,1.0
Acc3,Obesity/GLP-1R,KEGG,prerank,-1.0192866133502627,1.0
Acc3,Obesity/GLP-1R,KEGG,prerank,1.0182387269748587,1.0
Acc3,Obesity/GLP-1R,KEGG,prerank,-1.0149451890715855,1.0
Acc3,Obesity/GLP-1R,KEGG,prerank,1.0054954324904677,1.0
Acc3,Obesity/GLP-1R,KEGG,prerank,0.9989575413309962,1.0
Acc3,Obesity/GLP-1R,KEGG,prerank,-0.9934066603190695,1.0
Acc3,Obesity/GLP-1R,KEGG,prerank,-0.9886001757459433,1.0
Acc3,Obesity/GLP-1R,KEGG,prerank,-0.9878329483947644,1.0
Acc3,Obesity/GLP-1R,KEGG,prerank,-0.9870609435844088,1.0
Acc3,Obesity/GLP-1R,KEGG,prerank,-0.9856944496643772,1.0
Acc3,Obesity/GLP-1R,KEGG,prerank,0.9842243954632939,1.0
Acc3,Obesity/GLP-1R,KEGG,prerank,-0.9837886719942351,1.0
Acc3,Obesity/GLP-1R,KEGG,prerank,0.9802705751174029,1.0
Acc3,Obesity/GLP-1R,KEGG,prerank,0.9773183104535804,1.0
Acc3,Obesity/GLP-1R,KEGG,prerank,-0.9725084997345771,1.0
Acc3,Obesity/GLP-1R,KEGG,prerank,-0.9721282951092048,1.0
Acc3,Obesity/GLP-1R,KEGG,prerank,-0.9699727129726398,1.0
Acc3,Obesity/GLP-1R,KEGG,prerank,0.9584526877627045,1.0
Acc3,Obesity/GLP-1R,KEGG,prerank,0.9567256653370252,1.0
Acc3,Obesity/GLP-1R,KEGG,prerank,0.9553894723806349,1.0
Acc3,Obesity/GLP-1R,KEGG,prerank,0.9404728038765384,1.0
Acc3,Obesity/GLP-1R,KEGG,prerank,0.9382106733385481,1.0
Acc3,Obesity/GLP-1R,KEGG,prerank,0.9381353394357148,1.0
Acc3,Obesity/GLP-1R,KEGG,prerank,-0.9339263929346283,1.0
Acc3,Obesity/GLP-1R,KEGG,prerank,-0.9317471559257915,1.0
Acc3,Obesity/GLP-1R,KEGG,prerank,0.9296203787922487,1.0
Acc3,Obesity/GLP-1R,KEGG,prerank,0.9250567625785197,1.0
Acc3,Obesity/GLP-1R,KEGG,prerank,0.9164550972346768,1.0
Acc3,Obesity/GLP-1R,KEGG,prerank,0.9069758552110193,1.0
Acc3,Obesity/GLP-1R,KEGG,prerank,-0.9064561582135516,1.0
Acc3,Obesity/GLP-1R,KEGG,prerank,0.905684412279194,1.0
Acc3,Obesity/GLP-1R,KEGG,prerank,-0.9033529916014016,1.0
Acc3,Obesity/GLP-1R,KEGG,prerank,0.9021042705715885,1.0
Acc3,Obesity/GLP-1R,KEGG,prerank,-0.9001991675254561,1.0
Acc3,Obesity/GLP-1R,KEGG,prerank,-0.8997365134969076,1.0
Acc3,Obesity/GLP-1R,KEGG,prerank,-0.8970912557730021,1.0
Acc3,Obesity/GLP-1R,KEGG,prerank,0.896987906323642,1.0
Acc3,Obesity/GLP-1R,KEGG,prerank,-0.8941807127308088,1.0
Acc3,Obesity/GLP-1R,KEGG,prerank,0.890731912580796,1.0
Acc3,Obesity/GLP-1R,KEGG,prerank,-0.8904634468109599,1.0
Acc3,Obesity/GLP-1R,KEGG,prerank,0.8888643825021537,1.0
Acc3,Obesity/GLP-1R,KEGG,prerank,0.8866475760269332,1.0
Acc3,Obesity/GLP-1R,KEGG,prerank,-0.8859662943128049,1.0
Acc3,Obesity/GLP-1R,KEGG,prerank,0.8849549041584394,1.0
Acc3,Obesity/GLP-1R,KEGG,prerank,0.884534922196025,1.0
Acc3,Obesity/GLP-1R,KEGG,prerank,0.8842969451625874,1.0
Acc3,Obesity/GLP-1R,KEGG,prerank,0.8831227794116124,1.0
Acc3,Obesity/GLP-1R,KEGG,prerank,-0.8828665855542251,1.0
Acc3,Obesity/GLP-1R,KEGG,prerank,-0.8714354460621138,1.0
Acc3,Obesity/GLP-1R,KEGG,prerank,-0.8694768702933071,1.0
Acc3,Obesity/GLP-1R,KEGG,prerank,-0.8652541066361648,1.0
Acc3,Obesity/GLP-1R,KEGG,prerank,-0.8617909675578913,1.0
Acc3,Obesity/GLP-1R,KEGG,prerank,-0.8604179302681,1.0
Acc3,Obesity/GLP-1R,KEGG,prerank,-0.8597371166120549,1.0
Acc3,Obesity/GLP-1R,KEGG,prerank,-0.8577359675506953,1.0
Acc3,Obesity/GLP-1R,KEGG,prerank,0.8554376493560413,1.0
Acc3,Obesity/GLP-1R,KEGG,prerank,0.8544152292179237,1.0
Acc3,Obesity/GLP-1R,KEGG,prerank,-0.8534044387176711,1.0
Acc3,Obesity/GLP-1R,KEGG,prerank,0.8516524858250589,1.0
Acc3,Obesity/GLP-1R,KEGG,prerank,-0.8451605735743928,1.0
Acc3,Obesity/GLP-1R,KEGG,prerank,-0.843808902985557,1.0
Acc3,Obesity/GLP-1R,KEGG,prerank,-0.8435980359792168,1.0
Acc3,Obesity/GLP-1R,KEGG,prerank,-0.8394651733552567,1.0
Acc3,Obesity/GLP-1R,KEGG,prerank,-0.8377022832895158,1.0
Acc3,Obesity/GLP-1R,KEGG,prerank,-0.8303083272030114,1.0
Acc3,Obesity/GLP-1R,KEGG,prerank,-0.8300833475824445,1.0
Acc3,Obesity/GLP-1R,KEGG,prerank,0.8245988435538034,1.0
Acc3,Obesity/GLP-1R,KEGG,prerank,0.8241876448565201,1.0
Acc3,Obesity/GLP-1R,KEGG,prerank,-0.8208038473344997,1.0
Acc3,Obesity/GLP-1R,KEGG,prerank,0.818129509618195,1.0
Acc3,Obesity/GLP-1R,KEGG,prerank,-0.8137816719338021,1.0
Acc3,Obesity/GLP-1R,KEGG,prerank,0.8093224520133533,1.0
Acc3,Obesity/GLP-1R,KEGG,prerank,0.8042930024822277,1.0
Acc3,Obesity/GLP-1R,KEGG,prerank,0.8019069489610479,1.0
Acc3,Obesity/GLP-1R,KEGG,prerank,-0.7986112336009775,1.0
Acc3,Obesity/GLP-1R,KEGG,prerank,-0.7977278617643934,1.0
Acc3,Obesity/GLP-1R,KEGG,prerank,-0.7880824317935738,1.0
Acc3,Obesity/GLP-1R,KEGG,prerank,0.7872067693115331,1.0
Acc3,Obesity/GLP-1R,KEGG,prerank,-0.7852473620762194,1.0
Acc3,Obesity/GLP-1R,KEGG,prerank,-0.7837794136489642,1.0
Acc3,Obesity/GLP-1R,KEGG,prerank,-0.7830463296345946,1.0
Acc3,Obesity/GLP-1R,KEGG,prerank,-0.7790553776574687,1.0
Acc3,Obesity/GLP-1R,KEGG,prerank,-0.7776827318624707,1.0
Acc3,Obesity/GLP-1R,KEGG,prerank,0.7772190157576124,1.0
Acc3,Obesity/GLP-1R,KEGG,prerank,0.7753886083080719,1.0
Acc3,Obesity/GLP-1R,KEGG,prerank,-0.7742029136438641,1.0
Acc3,Obesity/GLP-1R,KEGG,prerank,0.7725487721957213,1.0
Acc3,Obesity/GLP-1R,KEGG,prerank,-0.770663402099759,1.0
Acc3,Obesity/GLP-1R,KEGG,prerank,-0.7697319879733406,1.0
Acc3,Obesity/GLP-1R,KEGG,prerank,0.7688771915291288,1.0
Acc3,Obesity/GLP-1R,KEGG,prerank,0.7681692816114717,1.0
Acc3,Obesity/GLP-1R,KEGG,prerank,-0.7651070266568163,1.0
Acc3,Obesity/GLP-1R,KEGG,prerank,0.7594614049552824,1.0
Acc3,Obesity/GLP-1R,KEGG,prerank,-0.7582529536438074,1.0
Acc3,Obesity/GLP-1R,KEGG,prerank,0.7561654191409897,1.0
Acc3,Obesity/GLP-1R,KEGG,prerank,0.7530250303158046,1.0
Acc3,Obesity/GLP-1R,KEGG,prerank,-0.7464144640515026,1.0
Acc3,Obesity/GLP-1R,KEGG,prerank,-0.7446383933086098,1.0
Acc3,Obesity/GLP-1R,KEGG,prerank,-0.7413043132615046,1.0
Acc3,Obesity/GLP-1R,KEGG,prerank,-0.7400612238059551,1.0
Acc3,Obesity/GLP-1R,KEGG,prerank,-0.7382478080641648,1.0
Acc3,Obesity/GLP-1R,KEGG,prerank,0.7374655752411249,1.0
Acc3,Obesity/GLP-1R,KEGG,prerank,0.7347556628040753,1.0
Acc3,Obesity/GLP-1R,KEGG,prerank,0.7316137071751884,1.0
Acc3,Obesity/GLP-1R,KEGG,prerank,-0.7280385913833711,1.0
Acc3,Obesity/GLP-1R,KEGG,prerank,-0.7274179709919234,1.0
Acc3,Obesity/GLP-1R,KEGG,prerank,0.7265102776105787,1.0
Acc3,Obesity/GLP-1R,KEGG,prerank,-0.7240315799074589,1.0
Acc3,Obesity/GLP-1R,KEGG,prerank,-0.7224782504963646,1.0
Acc3,Obesity/GLP-1R,KEGG,prerank,-0.7202412343590036,1.0
Acc3,Obesity/GLP-1R,KEGG,prerank,0.7194190720394794,1.0
Acc3,Obesity/GLP-1R,KEGG,prerank,-0.7191017564734966,1.0
Acc3,Obesity/GLP-1R,KEGG,prerank,-0.7180829124137191,1.0
Acc3,Obesity/GLP-1R,KEGG,prerank,-0.711081953594798,1.0
Acc3,Obesity/GLP-1R,KEGG,prerank,-0.7081956203595436,1.0
Acc3,Obesity/GLP-1R,KEGG,prerank,0.7061969385979412,1.0
Acc3,Obesity/GLP-1R,KEGG,prerank,0.705560817739054,1.0
Acc3,Obesity/GLP-1R,KEGG,prerank,-0.701569877425561,1.0
Acc3,Obesity/GLP-1R,KEGG,prerank,-0.700936176561668,1.0
Acc3,Obesity/GLP-1R,KEGG,prerank,-0.7002863127578791,1.0
Acc3,Obesity/GLP-1R,KEGG,prerank,0.6995212181912049,1.0
Acc3,Obesity/GLP-1R,KEGG,prerank,0.6944565510481338,1.0
Acc3,Obesity/GLP-1R,KEGG,prerank,-0.6931719181586108,1.0
Acc3,Obesity/GLP-1R,KEGG,prerank,0.691517462370372,1.0
Acc3,Obesity/GLP-1R,KEGG,prerank,-0.6892051332174026,1.0
Acc3,Obesity/GLP-1R,KEGG,prerank,-0.6891637160350581,1.0
Acc3,Obesity/GLP-1R,KEGG,prerank,-0.6880446386606671,1.0
Acc3,Obesity/GLP-1R,KEGG,prerank,-0.6874529602176651,1.0
Acc3,Obesity/GLP-1R,KEGG,prerank,-0.6865204292728909,1.0
Acc3,Obesity/GLP-1R,KEGG,prerank,-0.6861090056230411,1.0
Acc3,Obesity/GLP-1R,KEGG,prerank,-0.6822030933780121,1.0
Acc3,Obesity/GLP-1R,KEGG,prerank,-0.6809722790543002,1.0
Acc3,Obesity/GLP-1R,KEGG,prerank,0.6807849031397183,1.0
Acc3,Obesity/GLP-1R,KEGG,prerank,-0.6781583129241615,1.0
Acc3,Obesity/GLP-1R,KEGG,prerank,-0.6743527371257808,1.0
Acc3,Obesity/GLP-1R,KEGG,prerank,-0.6636503790003363,1.0
Acc3,Obesity/GLP-1R,KEGG,prerank,0.661784963144423,1.0
Acc3,Obesity/GLP-1R,KEGG,prerank,-0.6607869332635518,1.0
Acc3,Obesity/GLP-1R,KEGG,prerank,-0.6585196162392724,1.0
Acc3,Obesity/GLP-1R,KEGG,prerank,-0.6570745609312728,1.0
Acc3,Obesity/GLP-1R,KEGG,prerank,0.6525421744244179,1.0
Acc3,Obesity/GLP-1R,KEGG,prerank,-0.6504830696333337,1.0
Acc3,Obesity/GLP-1R,KEGG,prerank,-0.6501642398234325,1.0
Acc3,Obesity/GLP-1R,KEGG,prerank,-0.6479709482447775,1.0
Acc3,Obesity/GLP-1R,KEGG,prerank,-0.6466078389788521,1.0
Acc3,Obesity/GLP-1R,KEGG,prerank,0.6460984018273371,1.0
Acc3,Obesity/GLP-1R,KEGG,prerank,-0.637321241627827,1.0
Acc3,Obesity/GLP-1R,KEGG,prerank,-0.6359229681496196,1.0
Acc3,Obesity/GLP-1R,KEGG,prerank,0.633645956913377,1.0
Acc3,Obesity/GLP-1R,KEGG,prerank,-0.6323611092719784,1.0
Acc3,Obesity/GLP-1R,KEGG,prerank,-0.6282302674106438,1.0
Acc3,Obesity/GLP-1R,KEGG,prerank,0.6267162630028796,1.0
Acc3,Obesity/GLP-1R,KEGG,prerank,0.6228284371368499,1.0
Acc3,Obesity/GLP-1R,KEGG,prerank,-0.6196250185920379,1.0
Acc3,Obesity/GLP-1R,KEGG,prerank,0.6192934291686589,1.0
Acc3,Obesity/GLP-1R,KEGG,prerank,-0.6181075886534535,1.0
Acc3,Obesity/GLP-1R,KEGG,prerank,0.6174852212849012,1.0
Acc3,Obesity/GLP-1R,KEGG,prerank,0.6170636722580094,1.0
Acc3,Obesity/GLP-1R,KEGG,prerank,-0.6152465123439256,1.0
Acc3,Obesity/GLP-1R,KEGG,prerank,-0.6114966172348824,1.0
Acc3,Obesity/GLP-1R,KEGG,prerank,-0.6102961311827163,1.0
Acc3,Obesity/GLP-1R,KEGG,prerank,0.6068922664883077,1.0
Acc3,Obesity/GLP-1R,KEGG,prerank,0.604416850890708,1.0
Acc3,Obesity/GLP-1R,KEGG,prerank,0.6030423257044489,1.0
Acc3,Obesity/GLP-1R,KEGG,prerank,-0.6022059926777761,1.0
Acc3,Obesity/GLP-1R,KEGG,prerank,-0.5993148518128705,1.0
Acc3,Obesity/GLP-1R,KEGG,prerank,-0.5976456113763932,1.0
Acc3,Obesity/GLP-1R,KEGG,prerank,-0.5973425505971549,1.0
Acc3,Obesity/GLP-1R,KEGG,prerank,0.5916151787748873,1.0
Acc3,Obesity/GLP-1R,KEGG,prerank,0.5894661859424518,1.0
Acc3,Obesity/GLP-1R,KEGG,prerank,-0.5828427386032339,1.0
Acc3,Obesity/GLP-1R,KEGG,prerank,0.5813818088595281,1.0
Acc3,Obesity/GLP-1R,KEGG,prerank,-0.5765318902554832,1.0
Acc3,Obesity/GLP-1R,KEGG,prerank,0.5760062741820756,1.0
Acc3,Obesity/GLP-1R,KEGG,prerank,-0.5756571796291844,1.0
Acc3,Obesity/GLP-1R,KEGG,prerank,0.5708570245759296,1.0
Acc3,Obesity/GLP-1R,KEGG,prerank,0.5688711224131386,1.0
Acc3,Obesity/GLP-1R,KEGG,prerank,-0.5663085646018235,1.0
Acc3,Obesity/GLP-1R,KEGG,prerank,-0.5646027716889408,1.0
Acc3,Obesity/GLP-1R,KEGG,prerank,-0.5638131243274644,1.0
Acc3,Obesity/GLP-1R,KEGG,prerank,-0.5637356790644842,1.0
Acc3,Obesity/GLP-1R,KEGG,prerank,-0.5610317807821233,1.0
Acc3,Obesity/GLP-1R,KEGG,prerank,0.559018747804753,1.0
Acc3,Obesity/GLP-1R,KEGG,prerank,-0.5568836206307726,1.0
Acc3,Obesity/GLP-1R,KEGG,prerank,0.5511535142875521,1.0
Acc3,Obesity/GLP-1R,KEGG,prerank,-0.5478066836412614,1.0
Acc3,Obesity/GLP-1R,KEGG,prerank,-0.5468184577568181,1.0
Acc3,Obesity/GLP-1R,KEGG,prerank,-0.5380150480960981,1.0
Acc3,Obesity/GLP-1R,KEGG,prerank,-0.5357847118851303,1.0
Acc3,Obesity/GLP-1R,KEGG,prerank,0.5168365694425868,1.0
Acc3,Obesity/GLP-1R,KEGG,prerank,-0.5147147847270748,1.0
Acc3,Obesity/GLP-1R,KEGG,prerank,-0.5062798943518779,1.0
Acc3,Obesity/GLP-1R,KEGG,prerank,-0.5037810336556706,1.0
Acc3,Obesity/GLP-1R,KEGG,prerank,0.5027712235313478,1.0
Acc3,Obesity/GLP-1R,KEGG,prerank,0.5013691229581395,1.0
Acc3,Obesity/GLP-1R,KEGG,prerank,-0.497000375606678,1.0
Acc3,Obesity/GLP-1R,KEGG,prerank,-0.4948848867767965,1.0
Acc3,Obesity/GLP-1R,KEGG,prerank,-0.49176560545761167,1.0
Acc3,Obesity/GLP-1R,KEGG,prerank,-0.4900587273271023,1.0
Acc3,Obesity/GLP-1R,KEGG,prerank,0.48386162920758996,1.0
Acc3,Obesity/GLP-1R,KEGG,prerank,-0.47867748133693616,1.0
Acc3,Obesity/GLP-1R,KEGG,prerank,0.473203390427173,1.0
Acc3,Obesity/GLP-1R,KEGG,prerank,-0.46884115401370224,1.0
Acc3,Obesity/GLP-1R,KEGG,prerank,-0.4655397183818137,1.0
Acc3,Obesity/GLP-1R,KEGG,prerank,-0.45696264311729357,1.0
Acc3,Obesity/GLP-1R,KEGG,prerank,-0.44931989896404595,1.0
Acc3,Obesity/GLP-1R,KEGG,prerank,0.4350362248254642,1.0
Acc3,Obesity/GLP-1R,KEGG,prerank,-0.4340999168162105,1.0
Acc3,Obesity/GLP-1R,KEGG,prerank,0.43347988912566643,1.0
Acc3,Obesity/GLP-1R,KEGG,prerank,0.43328279069953907,1.0
Acc3,Obesity/GLP-1R,KEGG,prerank,0.43086644057917806,1.0
Acc3,Obesity/GLP-1R,KEGG,prerank,0.4260099029153867,1.0
Acc3,Obesity/GLP-1R,KEGG,prerank,0.42509508896509574,1.0
Acc3,Obesity/GLP-1R,KEGG,prerank,-0.42505260232232933,1.0
Acc3,Obesity/GLP-1R,KEGG,prerank,-0.4198967686870283,1.0
Acc3,Obesity/GLP-1R,KEGG,prerank,-0.4048772958508237,1.0
Acc3,Obesity/GLP-1R,KEGG,prerank,0.40253888325767917,1.0
Acc3,Obesity/GLP-1R,KEGG,prerank,-0.3941859956119892,1.0
Acc3,Obesity/GLP-1R,KEGG,prerank,-0.38945849472259014,1.0
Acc3,Obesity/GLP-1R,KEGG,prerank,0.38606164606568477,1.0
Acc3,Obesity/GLP-1R,KEGG,prerank,0.36442090114600134,1.0
Acc3,Obesity/GLP-1R,KEGG,prerank,0.362398252508509,0.9995861612315842
Acc3,Obesity/GLP-1R,KEGG,prerank,-0.24532913876269286,1.0
Acc4,Obesity/GLP-1R,KEGG,prerank,2.1996440556957944,0.01
Acc4,Obesity/GLP-1R,KEGG,prerank,-2.1756013029717978,0.20312704435431114
Acc4,Obesity/GLP-1R,KEGG,prerank,2.1489612625983736,0.01
Acc4,Obesity/GLP-1R,KEGG,prerank,-1.9153393890066501,0.41377731257359673
Acc4,Obesity/GLP-1R,KEGG,prerank,-1.8838206791579426,0.30845217846395395
Acc4,Obesity/GLP-1R,KEGG,prerank,-1.8809138227245155,0.23886235771293993
Acc4,Obesity/GLP-1R,KEGG,prerank,1.8029918308024884,0.10030843502749093
Acc4,Obesity/GLP-1R,KEGG,prerank,-1.7924059274578523,0.2738453486850713
Acc4,Obesity/GLP-1R,KEGG,prerank,-1.7511837208064707,0.2758515417157312
Acc4,Obesity/GLP-1R,KEGG,prerank,-1.7383590607437072,0.24826638754415803
Acc4,Obesity/GLP-1R,KEGG,prerank,1.7312410541643657,0.14419337535201826
Acc4,Obesity/GLP-1R,KEGG,prerank,1.7268442773823964,0.12037012203298914
Acc4,Obesity/GLP-1R,KEGG,prerank,-1.7192163924093449,0.23698155174669633
Acc4,Obesity/GLP-1R,KEGG,prerank,1.7088332008509937,0.12120602565821822
Acc4,Obesity/GLP-1R,KEGG,prerank,-1.7002113324898647,0.2240248884236847
Acc4,Obesity/GLP-1R,KEGG,prerank,1.6888346763224384,0.12359432173030134
Acc4,Obesity/GLP-1R,KEGG,prerank,-1.6826451417138282,0.21742116969776268
Acc4,Obesity/GLP-1R,KEGG,prerank,1.676299242222401,0.12068358589245004
Acc4,Obesity/GLP-1R,KEGG,prerank,1.6713342073532909,0.11006064398849702
Acc4,Obesity/GLP-1R,KEGG,prerank,1.6710978656260744,0.0990545795896473
Acc4,Obesity/GLP-1R,KEGG,prerank,-1.661761429644111,0.2127020565460968
Acc4,Obesity/GLP-1R,KEGG,prerank,1.6402488000728594,0.1322247552635108
Acc4,Obesity/GLP-1R,KEGG,prerank,1.6330170469985614,0.1306099414420455
Acc4,Obesity/GLP-1R,KEGG,prerank,1.6324269293379612,0.12152752705253711
Acc4,Obesity/GLP-1R,KEGG,prerank,1.6180733533704563,0.12986359891951954
Acc4,Obesity/GLP-1R,KEGG,prerank,1.595095404518984,0.15464217066738187
Acc4,Obesity/GLP-1R,KEGG,prerank,1.5820864072308658,0.16770316481158642
Acc4,Obesity/GLP-1R,KEGG,prerank,1.5742426728898042,0.16963926512002145
Acc4,Obesity/GLP-1R,KEGG,prerank,1.562500507355991,0.1720568295263213
Acc4,Obesity/GLP-1R,KEGG,prerank,-1.5379574739055286,0.33290265602512104
Acc4,Obesity/GLP-1R,KEGG,prerank,1.516713367688491,0.23625276144632737
Acc4,Obesity/GLP-1R,KEGG,prerank,1.509414989885418,0.238232533190291
Acc4,Obesity/GLP-1R,KEGG,prerank,-1.5064462576506608,0.36111474551877537
Acc4,Obesity/GLP-1R,KEGG,prerank,1.494395155648518,0.2525623096227897
Acc4,Obesity/GLP-1R,KEGG,prerank,1.4928471456212933,0.24336194179965134
Acc4,Obesity/GLP-1R,KEGG,prerank,1.4707290332404437,0.2747578872492143
Acc4,Obesity/GLP-1R,KEGG,prerank,1.4666276899615167,0.2701013589021501
Acc4,Obesity/GLP-1R,KEGG,prerank,-1.4566553081139944,0.4218379095717837
Acc4,Obesity/GLP-1R,KEGG,prerank,1.4362272917397942,0.3255008716642081
Acc4,Obesity/GLP-1R,KEGG,prerank,1.4180489837833066,0.35011501841326165
Acc4,Obesity/GLP-1R,KEGG,prerank,1.4141194285872951,0.34272048634392743
Acc4,Obesity/GLP-1R,KEGG,prerank,1.3849717409732984,0.39854690702887036
Acc4,Obesity/GLP-1R,KEGG,prerank,1.381909356154079,0.3925864612282835
Acc4,Obesity/GLP-1R,KEGG,prerank,1.3788698484217061,0.3882772339189129
Acc4,Obesity/GLP-1R,KEGG,prerank,1.376310723102767,0.38303261278642714
Acc4,Obesity/GLP-1R,KEGG,prerank,1.374555655336966,0.37341382258280814
Acc4,Obesity/GLP-1R,KEGG,prerank,1.3722589661149043,0.3655178579410844
Acc4,Obesity/GLP-1R,KEGG,prerank,-1.3711681630826058,0.6133935191242531
Acc4,Obesity/GLP-1R,KEGG,prerank,-1.3692704363683448,0.58163924506084
Acc4,Obesity/GLP-1R,KEGG,prerank,-1.368513954549228,0.5491953421431375
Acc4,Obesity/GLP-1R,KEGG,prerank,-1.3587221557983087,0.5458516870920377
Acc4,Obesity/GLP-1R,KEGG,prerank,-1.3414405691384472,0.5630539124207221
Acc4,Obesity/GLP-1R,KEGG,prerank,1.3349397096665347,0.4395869652675338
Acc4,Obesity/GLP-1R,KEGG,prerank,1.333686441430038,0.4302515373857737
Acc4,Obesity/GLP-1R,KEGG,prerank,1.3306436841776594,0.4249176761581214
Acc4,Obesity/GLP-1R,KEGG,prerank,1.3277913075907513,0.4205498914497171
Acc4,Obesity/GLP-1R,KEGG,prerank,1.3272943064191403,0.41146256078710924
Acc4,Obesity/GLP-1R,KEGG,prerank,1.315055536325262,0.4340268823304897
Acc4,Obesity/GLP-1R,KEGG,prerank,1.309759190229713,0.4332070537749766
Acc4,Obesity/GLP-1R,KEGG,prerank,1.3083324602116289,0.42753412246473277
Acc4,Obesity/GLP-1R,KEGG,prerank,1.3015390293243763,0.4382523292272521
Acc4,Obesity/GLP-1R,KEGG,prerank,1.2990565271464602,0.4333091117757312
Acc4,Obesity/GLP-1R,KEGG,prerank,1.2932343796328811,0.4394193375352018
Acc4,Obesity/GLP-1R,KEGG,prerank,-1.2919496822866836,0.6680622792097344
Acc4,Obesity/GLP-1R,KEGG,prerank,1.2886447937827867,0.43829213416178686
Acc4,Obesity/GLP-1R,KEGG,prerank,1.2878949890022675,0.4301269306341867
Acc4,Obesity/GLP-1R,KEGG,prerank,1.2824849423681248,0.43511451470701523
Acc4,Obesity/GLP-1R,KEGG,prerank,1.2797635976744501,0.4341474453533592
Acc4,Obesity/GLP-1R,KEGG,prerank,1.278147859770193,0.4298932929749612
Acc4,Obesity/GLP-1R,KEGG,prerank,1.2746926805115202,0.42906933083009247
Acc4,Obesity/GLP-1R,KEGG,prerank,-1.2699369202112518,0.6971520781543024
Acc4,Obesity/GLP-1R,KEGG,prerank,1.2649065030106204,0.4469625854901435
Acc4,Obesity/GLP-1R,KEGG,prerank,1.261517201657559,0.44777106693762186
Acc4,Obesity/GLP-1R,KEGG,prerank,1.2563619591431574,0.4513879576237092
Acc4,Obesity/GLP-1R,KEGG,prerank,-1.2535364953734605,0.7283848560179843
Acc4,Obesity/GLP-1R,KEGG,prerank,1.2254289235889355,0.5305666065690204
Acc4,Obesity/GLP-1R,KEGG,prerank,1.2218632168076076,0.5295829422019579
Acc4,Obesity/GLP-1R,KEGG,prerank,-1.2178852275352188,0.830498495355227
Acc4,Obesity/GLP-1R,KEGG,prerank,1.2164847449777954,0.5331124638403034
Acc4,Obesity/GLP-1R,KEGG,prerank,-1.20651334129756,0.836645187317371
Acc4,Obesity/GLP-1R,KEGG,prerank,1.2019164329880574,0.5732539071965821
Acc4,Obesity/GLP-1R,KEGG,prerank,1.196358992466525,0.5834751425413751
Acc4,Obesity/GLP-1R,KEGG,prerank,1.1800645251395672,0.624164986601146
Acc4,Obesity/GLP-1R,KEGG,prerank,1.1799490078476058,0.6145981404496893
Acc4,Obesity/GLP-1R,KEGG,prerank,1.1793274212256455,0.6069893619593868
Acc4,Obesity/GLP-1R,KEGG,prerank,1.1756606089094093,0.6085243568502425
Acc4,Obesity/GLP-1R,KEGG,prerank,1.1684453923289015,0.6213550280869578
Acc4,Obesity/GLP-1R,KEGG,prerank,-1.1657658491995688,0.9759125997644904
Acc4,Obesity/GLP-1R,KEGG,prerank,1.165601088384284,0.6206584417326003
Acc4,Obesity/GLP-1R,KEGG,prerank,1.1619488163335878,0.6224909996802179
Acc4,Obesity/GLP-1R,KEGG,prerank,1.161651562972862,0.6136292521568101
Acc4,Obesity/GLP-1R,KEGG,prerank,1.1588029387443812,0.6145763071460453
Acc4,Obesity/GLP-1R,KEGG,prerank,1.1578442217758427,0.6084886683652944
Acc4,Obesity/GLP-1R,KEGG,prerank,1.1489786153942745,0.6312889552273615
Acc4,Obesity/GLP-1R,KEGG,prerank,1.1447721391512382,0.6362420736029426
Acc4,Obesity/GLP-1R,KEGG,prerank,1.1359504858992364,0.6564198116147603
Acc4,Obesity/GLP-1R,KEGG,prerank,-1.1341306246572405,1.0
Acc4,Obesity/GLP-1R,KEGG,prerank,1.1324733509986828,0.6568809321591943
Acc4,Obesity/GLP-1R,KEGG,prerank,1.1225050310955376,0.6832653331153407
Acc4,Obesity/GLP-1R,KEGG,prerank,1.1193843081500503,0.6838595333968808
Acc4,Obesity/GLP-1R,KEGG,prerank,1.1191947133427005,0.6754101291851058
Acc4,Obesity/GLP-1R,KEGG,prerank,1.1162276714246722,0.6760920505635821
Acc4,Obesity/GLP-1R,KEGG,prerank,1.115498394097665,0.6700798865878657
Acc4,Obesity/GLP-1R,KEGG,prerank,1.1124316876254674,0.6717771634293024
Acc4,Obesity/GLP-1R,KEGG,prerank,-1.1096212106036565,1.0
Acc4,Obesity/GLP-1R,KEGG,prerank,1.1091172220165897,0.6740663347496108
Acc4,Obesity/GLP-1R,KEGG,prerank,-1.1017351578462022,1.0
Acc4,Obesity/GLP-1R,KEGG,prerank,1.101283303289563,0.6910310781815744
Acc4,Obesity/GLP-1R,KEGG,prerank,1.1001332917886415,0.68683414539657
Acc4,Obesity/GLP-1R,KEGG,prerank,1.0995831199954198,0.6804459388297787
Acc4,Obesity/GLP-1R,KEGG,prerank,1.0920054815002578,0.6985334391071056
Acc4,Obesity/GLP-1R,KEGG,prerank,-1.0906589191655562,1.0
Acc4,Obesity/GLP-1R,KEGG,prerank,1.0887731001680592,0.7002185546338692
Acc4,Obesity/GLP-1R,KEGG,prerank,1.0870840070695453,0.6978811854633231
Acc4,Obesity/GLP-1R,KEGG,prerank,1.0839431628784868,0.6998262908894718
Acc4,Obesity/GLP-1R,KEGG,prerank,-1.0821347538282766,1.0
Acc4,Obesity/GLP-1R,KEGG,prerank,-1.0806823084522617,1.0
Acc4,Obesity/GLP-1R,KEGG,prerank,-1.0798587900066086,1.0
Acc4,Obesity/GLP-1R,KEGG,prerank,1.0792852768708776,0.7053297141157193
Acc4,Obesity/GLP-1R,KEGG,prerank,1.0777412633055485,0.7024440123374011
Acc4,Obesity/GLP-1R,KEGG,prerank,-1.0765663807010772,1.0
Acc4,Obesity/GLP-1R,KEGG,prerank,1.0685946420783017,0.7223052617780141
Acc4,Obesity/GLP-1R,KEGG,prerank,1.0653825376869934,0.7243104912610075
Acc4,Obesity/GLP-1R,KEGG,prerank,1.0633432721182978,0.722689205658228
Acc4,Obesity/GLP-1R,KEGG,prerank,1.0621339508744654,0.7202854335873501
Acc4,Obesity/GLP-1R,KEGG,prerank,1.0570490980080438,0.725618275964995
Acc4,Obesity/GLP-1R,KEGG,prerank,-1.05059709702912,1.0
Acc4,Obesity/GLP-1R,KEGG,prerank,-1.0502107790168749,1.0
Acc4,Obesity/GLP-1R,KEGG,prerank,-1.0492284982017692,1.0
Acc4,Obesity/GLP-1R,KEGG,prerank,-1.0492119273376348,1.0
Acc4,Obesity/GLP-1R,KEGG,prerank,-1.0487510762137158,1.0
Acc4,Obesity/GLP-1R,KEGG,prerank,1.0451816153937472,0.7543140958516772
Acc4,Obesity/GLP-1R,KEGG,prerank,1.038739054524949,0.7684154062237529
Acc4,Obesity/GLP-1R,KEGG,prerank,1.0361343653033876,0.7704680445666263
Acc4,Obesity/GLP-1R,KEGG,prerank,1.0360612938314548,0.7627836019294125
Acc4,Obesity/GLP-1R,KEGG,prerank,-1.0335560488388422,1.0
Acc4,Obesity/GLP-1R,KEGG,prerank,-1.0282420577710196,1.0
Acc4,Obesity/GLP-1R,KEGG,prerank,1.0241493818787148,0.7924878144901517
Acc4,Obesity/GLP-1R,KEGG,prerank,-1.0225451626113282,1.0
Acc4,Obesity/GLP-1R,KEGG,prerank,-1.0189023896071707,1.0
Acc4,Obesity/GLP-1R,KEGG,prerank,-1.0176232827656189,1.0
Acc4,Obesity/GLP-1R,KEGG,prerank,1.0137092851231868,0.8184256403379375
Acc4,Obesity/GLP-1R,KEGG,prerank,-0.9944909415691712,1.0
Acc4,Obesity/GLP-1R,KEGG,prerank,0.982293289535849,0.919828349202092
Acc4,Obesity/GLP-1R,KEGG,prerank,0.9821004055615639,0.9110935701321238
Acc4,Obesity/GLP-1R,KEGG,prerank,0.9811503029172896,0.9048656743104913
Acc4,Obesity/GLP-1R,KEGG,prerank,0.9750695150344808,0.9176274068412945
Acc4,Obesity/GLP-1R,KEGG,prerank,0.9597591010951168,0.9647453090023829
Acc4,Obesity/GLP-1R,KEGG,prerank,0.9594875455265967,0.956870821280101
Acc4,Obesity/GLP-1R,KEGG,prerank,0.9573844352673094,0.9562422037290529
Acc4,Obesity/GLP-1R,KEGG,prerank,0.9517846832647066,0.964999956134799
Acc4,Obesity/GLP-1R,KEGG,prerank,-0.9453959768959105,1.0
Acc4,Obesity/GLP-1R,KEGG,prerank,-0.9434051474443733,1.0
Acc4,Obesity/GLP-1R,KEGG,prerank,0.9383045006066388,1.0
Acc4,Obesity/GLP-1R,KEGG,prerank,0.9358403980225762,1.0
Acc4,Obesity/GLP-1R,KEGG,prerank,-0.932231248254997,1.0
Acc4,Obesity/GLP-1R,KEGG,prerank,-0.9288307190308933,1.0
Acc4,Obesity/GLP-1R,KEGG,prerank,0.927022331380092,1.0
Acc4,Obesity/GLP-1R,KEGG,prerank,0.9246380146208272,1.0
Acc4,Obesity/GLP-1R,KEGG,prerank,-0.9206616453355108,1.0
Acc4,Obesity/GLP-1R,KEGG,prerank,-0.9177241425852947,1.0
Acc4,Obesity/GLP-1R,KEGG,prerank,0.9148529838359486,1.0
Acc4,Obesity/GLP-1R,KEGG,prerank,-0.9144182554867804,1.0
Acc4,Obesity/GLP-1R,KEGG,prerank,-0.9125927537410681,1.0
Acc4,Obesity/GLP-1R,KEGG,prerank,-0.9100234408509777,1.0
Acc4,Obesity/GLP-1R,KEGG,prerank,0.9065812032022976,1.0
Acc4,Obesity/GLP-1R,KEGG,prerank,0.897651429652854,1.0
Acc4,Obesity/GLP-1R,KEGG,prerank,-0.8922977238593803,1.0
Acc4,Obesity/GLP-1R,KEGG,prerank,0.8913562644214272,1.0
Acc4,Obesity/GLP-1R,KEGG,prerank,0.8865039044420582,1.0
Acc4,Obesity/GLP-1R,KEGG,prerank,0.8813942461895997,1.0
Acc4,Obesity/GLP-1R,KEGG,prerank,0.8811073738535824,1.0
Acc4,Obesity/GLP-1R,KEGG,prerank,-0.8762861767641991,1.0
Acc4,Obesity/GLP-1R,KEGG,prerank,0.8760575027270036,1.0
Acc4,Obesity/GLP-1R,KEGG,prerank,-0.8754636909122501,1.0
Acc4,Obesity/GLP-1R,KEGG,prerank,-0.8735720590432432,1.0
Acc4,Obesity/GLP-1R,KEGG,prerank,-0.8710357816083144,1.0
Acc4,Obesity/GLP-1R,KEGG,prerank,0.8690584884563288,1.0
Acc4,Obesity/GLP-1R,KEGG,prerank,0.8678072754698589,1.0
Acc4,Obesity/GLP-1R,KEGG,prerank,0.8605260371292018,1.0
Acc4,Obesity/GLP-1R,KEGG,prerank,-0.8603028332537278,1.0
Acc4,Obesity/GLP-1R,KEGG,prerank,0.8554703857242649,1.0
Acc4,Obesity/GLP-1R,KEGG,prerank,0.8519341400618387,1.0
Acc4,Obesity/GLP-1R,KEGG,prerank,-0.8401589112145035,1.0
Acc4,Obesity/GLP-1R,KEGG,prerank,0.8366998992028885,1.0
Acc4,Obesity/GLP-1R,KEGG,prerank,-0.8366075701372019,1.0
Acc4,Obesity/GLP-1R,KEGG,prerank,0.8363280576642581,1.0
Acc4,Obesity/GLP-1R,KEGG,prerank,-0.8344420747274933,1.0
Acc4,Obesity/GLP-1R,KEGG,prerank,-0.8300092506471856,1.0
Acc4,Obesity/GLP-1R,KEGG,prerank,0.8286666336875563,1.0
Acc4,Obesity/GLP-1R,KEGG,prerank,-0.8283696719757998,1.0
Acc4,Obesity/GLP-1R,KEGG,prerank,0.8226216620557207,1.0
Acc4,Obesity/GLP-1R,KEGG,prerank,0.8171838105418712,1.0
Acc4,Obesity/GLP-1R,KEGG,prerank,-0.814812816486517,1.0
Acc4,Obesity/GLP-1R,KEGG,prerank,0.8134960176820886,1.0
Acc4,Obesity/GLP-1R,KEGG,prerank,0.8090937416325326,1.0
Acc4,Obesity/GLP-1R,KEGG,prerank,0.8028350627743049,1.0
Acc4,Obesity/GLP-1R,KEGG,prerank,-0.7994881628577697,1.0
Acc4,Obesity/GLP-1R,KEGG,prerank,-0.7987296653120172,1.0
Acc4,Obesity/GLP-1R,KEGG,prerank,-0.7954931019458222,1.0
Acc4,Obesity/GLP-1R,KEGG,prerank,-0.7950321211270976,1.0
Acc4,Obesity/GLP-1R,KEGG,prerank,0.7914386292360875,1.0
Acc4,Obesity/GLP-1R,KEGG,prerank,0.7900735183616674,1.0
Acc4,Obesity/GLP-1R,KEGG,prerank,0.7867864429780773,1.0
Acc4,Obesity/GLP-1R,KEGG,prerank,0.7826813864661887,1.0
Acc4,Obesity/GLP-1R,KEGG,prerank,-0.7805679688792303,1.0
Acc4,Obesity/GLP-1R,KEGG,prerank,-0.7795682757489755,1.0
Acc4,Obesity/GLP-1R,KEGG,prerank,0.7771342219811906,1.0
Acc4,Obesity/GLP-1R,KEGG,prerank,-0.7770483809201089,1.0
Acc4,Obesity/GLP-1R,KEGG,prerank,-0.7740489410313718,1.0
Acc4,Obesity/GLP-1R,KEGG,prerank,-0.7685471319295154,1.0
Acc4,Obesity/GLP-1R,KEGG,prerank,0.7685385683954421,1.0
Acc4,Obesity/GLP-1R,KEGG,prerank,-0.7657640387502673,1.0
Acc4,Obesity/GLP-1R,KEGG,prerank,-0.7651657949195112,1.0
Acc4,Obesity/GLP-1R,KEGG,prerank,0.7615188619432197,1.0
Acc4,Obesity/GLP-1R,KEGG,prerank,-0.7613595052657417,1.0
Acc4,Obesity/GLP-1R,KEGG,prerank,0.7584384733652573,1.0
Acc4,Obesity/GLP-1R,KEGG,prerank,-0.7562257859498549,1.0
Acc4,Obesity/GLP-1R,KEGG,prerank,0.7506387708677468,1.0
Acc4,Obesity/GLP-1R,KEGG,prerank,0.7456044595117371,1.0
Acc4,Obesity/GLP-1R,KEGG,prerank,0.7376470744935167,1.0
Acc4,Obesity/GLP-1R,KEGG,prerank,0.7347463585045193,1.0
Acc4,Obesity/GLP-1R,KEGG,prerank,0.7335226153733588,1.0
Acc4,Obesity/GLP-1R,KEGG,prerank,0.7331635499411877,1.0
Acc4,Obesity/GLP-1R,KEGG,prerank,-0.7262350889573327,1.0
Acc4,Obesity/GLP-1R,KEGG,prerank,-0.7250120378459,1.0
Acc4,Obesity/GLP-1R,KEGG,prerank,0.7221776903734481,1.0
Acc4,Obesity/GLP-1R,KEGG,prerank,0.7197022308521044,1.0
Acc4,Obesity/GLP-1R,KEGG,prerank,0.7169133634531497,1.0
Acc4,Obesity/GLP-1R,KEGG,prerank,0.7159884931574173,1.0
Acc4,Obesity/GLP-1R,KEGG,prerank,0.7127803091143788,1.0
Acc4,Obesity/GLP-1R,KEGG,prerank,-0.7093840817436261,1.0
Acc4,Obesity/GLP-1R,KEGG,prerank,-0.7061201700059428,1.0
Acc4,Obesity/GLP-1R,KEGG,prerank,0.7046349703419905,1.0
Acc4,Obesity/GLP-1R,KEGG,prerank,0.692195840556756,1.0
Acc4,Obesity/GLP-1R,KEGG,prerank,0.6919791336143217,1.0
Acc4,Obesity/GLP-1R,KEGG,prerank,-0.6912977859424103,1.0
Acc4,Obesity/GLP-1R,KEGG,prerank,-0.691272599362513,1.0
Acc4,Obesity/GLP-1R,KEGG,prerank,0.6888346002340469,1.0
Acc4,Obesity/GLP-1R,KEGG,prerank,-0.6865297925615143,1.0
Acc4,Obesity/GLP-1R,KEGG,prerank,0.6797235804017395,1.0
Acc4,Obesity/GLP-1R,KEGG,prerank,0.6787312173161846,1.0
Acc4,Obesity/GLP-1R,KEGG,prerank,-0.676558744691946,1.0
Acc4,Obesity/GLP-1R,KEGG,prerank,-0.6764442444020108,1.0
Acc4,Obesity/GLP-1R,KEGG,prerank,-0.6728009500108418,1.0
Acc4,Obesity/GLP-1R,KEGG,prerank,-0.6645242103726732,1.0
Acc4,Obesity/GLP-1R,KEGG,prerank,0.6643675015626487,1.0
Acc4,Obesity/GLP-1R,KEGG,prerank,0.6634072705495495,1.0
Acc4,Obesity/GLP-1R,KEGG,prerank,-0.6502030836688902,1.0
Acc4,Obesity/GLP-1R,KEGG,prerank,0.6466550860139834,1.0
Acc4,Obesity/GLP-1R,KEGG,prerank,-0.6462112616832295,1.0
Acc4,Obesity/GLP-1R,KEGG,prerank,-0.6367644892269151,1.0
Acc4,Obesity/GLP-1R,KEGG,prerank,0.6341836899623398,1.0
Acc4,Obesity/GLP-1R,KEGG,prerank,-0.6323882662233306,1.0
Acc4,Obesity/GLP-1R,KEGG,prerank,0.626840753176443,1.0
Acc4,Obesity/GLP-1R,KEGG,prerank,0.6266184251957285,1.0
Acc4,Obesity/GLP-1R,KEGG,prerank,0.6134791867457063,1.0
Acc4,Obesity/GLP-1R,KEGG,prerank,-0.6087869998252488,1.0
Acc4,Obesity/GLP-1R,KEGG,prerank,0.6008402522675312,1.0
Acc4,Obesity/GLP-1R,KEGG,prerank,-0.5868793425795015,1.0
Acc4,Obesity/GLP-1R,KEGG,prerank,0.5809010056274555,1.0
Acc4,Obesity/GLP-1R,KEGG,prerank,0.5788024494450857,1.0
Acc4,Obesity/GLP-1R,KEGG,prerank,0.5786397451249401,1.0
Acc4,Obesity/GLP-1R,KEGG,prerank,0.5751040316695041,1.0
Acc4,Obesity/GLP-1R,KEGG,prerank,-0.5734075457431361,1.0
Acc4,Obesity/GLP-1R,KEGG,prerank,-0.5666853879019772,1.0
Acc4,Obesity/GLP-1R,KEGG,prerank,-0.5638401508817326,1.0
Acc4,Obesity/GLP-1R,KEGG,prerank,0.5583213247781141,1.0
Acc4,Obesity/GLP-1R,KEGG,prerank,0.5580593124391319,1.0
Acc4,Obesity/GLP-1R,KEGG,prerank,-0.5579409237797758,1.0
Acc4,Obesity/GLP-1R,KEGG,prerank,0.5509876363532629,1.0
Acc4,Obesity/GLP-1R,KEGG,prerank,-0.5509249595876134,1.0
Acc4,Obesity/GLP-1R,KEGG,prerank,-0.5385475047494847,1.0
Acc4,Obesity/GLP-1R,KEGG,prerank,-0.5344419723237509,1.0
Acc4,Obesity/GLP-1R,KEGG,prerank,0.5310950052287825,1.0
Acc4,Obesity/GLP-1R,KEGG,prerank,-0.5308892621032861,1.0
Acc4,Obesity/GLP-1R,KEGG,prerank,-0.5230356942080325,1.0
Acc4,Obesity/GLP-1R,KEGG,prerank,-0.5208080932773973,1.0
Acc4,Obesity/GLP-1R,KEGG,prerank,-0.5043027972324491,1.0
Acc4,Obesity/GLP-1R,KEGG,prerank,0.4970583761283819,1.0
Acc4,Obesity/GLP-1R,KEGG,prerank,0.4962658824965371,1.0
Acc4,Obesity/GLP-1R,KEGG,prerank,0.4949192977691603,1.0
Acc4,Obesity/GLP-1R,KEGG,prerank,-0.4913638161055933,1.0
Acc4,Obesity/GLP-1R,KEGG,prerank,-0.4863192695044082,1.0
Acc4,Obesity/GLP-1R,KEGG,prerank,-0.48474243209971657,1.0
Acc4,Obesity/GLP-1R,KEGG,prerank,0.47786329894547047,1.0
Acc4,Obesity/GLP-1R,KEGG,prerank,0.47689634044720103,1.0
Acc4,Obesity/GLP-1R,KEGG,prerank,-0.47196298952971943,1.0
Acc4,Obesity/GLP-1R,KEGG,prerank,0.4715712097898878,1.0
Acc4,Obesity/GLP-1R,KEGG,prerank,-0.4641271892895798,1.0
Acc4,Obesity/GLP-1R,KEGG,prerank,0.46008736375615633,1.0
Acc4,Obesity/GLP-1R,KEGG,prerank,0.45969090599324325,1.0
Acc4,Obesity/GLP-1R,KEGG,prerank,0.4426519091558519,1.0
Acc4,Obesity/GLP-1R,KEGG,prerank,0.4370497759503017,1.0
Acc4,Obesity/GLP-1R,KEGG,prerank,0.434471934998721,1.0
Acc4,Obesity/GLP-1R,KEGG,prerank,0.41384209602157046,1.0
Acc4,Obesity/GLP-1R,KEGG,prerank,-0.4122493367940649,1.0
Acc4,Obesity/GLP-1R,KEGG,prerank,-0.408135189772104,1.0
Acc4,Obesity/GLP-1R,KEGG,prerank,-0.40504412540403145,1.0
Acc4,Obesity/GLP-1R,KEGG,prerank,-0.39131974698253696,0.9997383226481747
Acc4,Obesity/GLP-1R,KEGG,prerank,0.38813892770254715,1.0
Acc4,Obesity/GLP-1R,KEGG,prerank,0.36301572979845986,0.9998658978141344
Acc5,Obesity/GLP-1R,KEGG,prerank,2.3994949288310408,0.01
Acc5,Obesity/GLP-1R,KEGG,prerank,-1.9395118566379141,0.11089761185835849
Acc5,Obesity/GLP-1R,KEGG,prerank,1.9058495343011594,0.046945907881696315
Acc5,Obesity/GLP-1R,KEGG,prerank,-1.8574199257511248,0.1201390795132217
Acc5,Obesity/GLP-1R,KEGG,prerank,1.8088925481113902,0.1356215116582338
Acc5,Obesity/GLP-1R,KEGG,prerank,-1.7715730058962185,0.12630005794979718
Acc5,Obesity/GLP-1R,KEGG,prerank,-1.697368822744097,0.15479458321895873
Acc5,Obesity/GLP-1R,KEGG,prerank,1.6950757419762505,0.3390537791455845
Acc5,Obesity/GLP-1R,KEGG,prerank,-1.6787339741672338,0.15156006953975662
Acc5,Obesity/GLP-1R,KEGG,prerank,1.6439618645202505,0.4360753221010902
Acc5,Obesity/GLP-1R,KEGG,prerank,-1.6206767940737299,0.2125537560618538
Acc5,Obesity/GLP-1R,KEGG,prerank,1.6206656081585022,0.44859423086954253
Acc5,Obesity/GLP-1R,KEGG,prerank,-1.6117505370179124,0.190110191757186
Acc5,Obesity/GLP-1R,KEGG,prerank,1.6004245711491265,0.4411424994597494
Acc5,Obesity/GLP-1R,KEGG,prerank,1.59971699784275,0.3873037400239946
Acc5,Obesity/GLP-1R,KEGG,prerank,-1.5928125222082654,0.19176045383841156
Acc5,Obesity/GLP-1R,KEGG,prerank,1.5877502255253797,0.37440810483426934
Acc5,Obesity/GLP-1R,KEGG,prerank,1.582927642620719,0.3432267487350686
Acc5,Obesity/GLP-1R,KEGG,prerank,1.5718569227455115,0.34616679549129603
Acc5,Obesity/GLP-1R,KEGG,prerank,-1.5709570678669298,0.1961244802309859
Acc5,Obesity/GLP-1R,KEGG,prerank,1.5565507923005442,0.3547024151061499
Acc5,Obesity/GLP-1R,KEGG,prerank,1.546975542632874,0.3498874501952067
Acc5,Obesity/GLP-1R,KEGG,prerank,1.5261556738180073,0.369605877925736
Acc5,Obesity/GLP-1R,KEGG,prerank,-1.5202101328969841,0.24305059932290235
Acc5,Obesity/GLP-1R,KEGG,prerank,1.5197511561641666,0.3665258289430216
Acc5,Obesity/GLP-1R,KEGG,prerank,1.5113288172932358,0.360570653591362
Acc5,Obesity/GLP-1R,KEGG,prerank,1.5106371327786703,0.3405879591417183
Acc5,Obesity/GLP-1R,KEGG,prerank,-1.5019046621982384,0.2511998935276454
Acc5,Obesity/GLP-1R,KEGG,prerank,-1.4972085949654437,0.23796779211272762
Acc5,Obesity/GLP-1R,KEGG,prerank,-1.494165530114493,0.2210843415894198
Acc5,Obesity/GLP-1R,KEGG,prerank,-1.4898647682180928,0.21255375606185375
Acc5,Obesity/GLP-1R,KEGG,prerank,1.4896256130127001,0.37788557949217283
Acc5,Obesity/GLP-1R,KEGG,prerank,1.477602762443423,0.3892941367031893
Acc5,Obesity/GLP-1R,KEGG,prerank,1.475764458051285,0.37400239945751396
Acc5,Obesity/GLP-1R,KEGG,prerank,1.4757635623750565,0.35619276138810857
Acc5,Obesity/GLP-1R,KEGG,prerank,1.4612296752483491,0.3760414641432846
Acc5,Obesity/GLP-1R,KEGG,prerank,1.459586882539074,0.3646812554288293
Acc5,Obesity/GLP-1R,KEGG,prerank,1.4553226166058133,0.36383078608314645
Acc5,Obesity/GLP-1R,KEGG,prerank,1.439905477755106,0.3855823900683324
Acc5,Obesity/GLP-1R,KEGG,prerank,1.4386050060375544,0.3739622747499228
Acc5,Obesity/GLP-1R,KEGG,prerank,1.4338932324921188,0.37170340232256666
Acc5,Obesity/GLP-1R,KEGG,prerank,1.431713271945196,0.36252673308643263
Acc5,Obesity/GLP-1R,KEGG,prerank,-1.4266191688026313,0.3111294110470614
Acc5,Obesity/GLP-1R,KEGG,prerank,1.426143607734176,0.3586595414410056
Acc5,Obesity/GLP-1R,KEGG,prerank,1.4175194274212755,0.36756907134039263
Acc5,Obesity/GLP-1R,KEGG,prerank,1.415482523886346,0.3621060708294282
Acc5,Obesity/GLP-1R,KEGG,prerank,1.4131807632862297,0.35665849460122057
Acc5,Obesity/GLP-1R,KEGG,prerank,1.4001677448755943,0.37272205651528584
Acc5,Obesity/GLP-1R,KEGG,prerank,-1.3999796876967265,0.35290854607008876
Acc5,Obesity/GLP-1R,KEGG,prerank,1.3978266965363508,0.3660553470775405
Acc5,Obesity/GLP-1R,KEGG,prerank,-1.3957690566852785,0.3386726087635164
Acc5,Obesity/GLP-1R,KEGG,prerank,-1.3918638467991666,0.3260184422687854
Acc5,Obesity/GLP-1R,KEGG,prerank,-1.3826247354770593,0.3297744773682766
Acc5,Obesity/GLP-1R,KEGG,prerank,-1.3788929918532904,0.3211410010064965
Acc5,Obesity/GLP-1R,KEGG,prerank,-1.3768905986509588,0.30804892182877364
Acc5,Obesity/GLP-1R,KEGG,prerank,-1.3759410376741747,0.2957269649556227
Acc5,Obesity/GLP-1R,KEGG,prerank,-1.3722968783365315,0.28969992083288576
Acc5,Obesity/GLP-1R,KEGG,prerank,1.3686363191969406,0.43071007548603923
Acc5,Obesity/GLP-1R,KEGG,prerank,1.3677793483377165,0.42019485449666455
Acc5,Obesity/GLP-1R,KEGG,prerank,1.35983945908292,0.4268835107080373
Acc5,Obesity/GLP-1R,KEGG,prerank,1.3441069501307283,0.4617720295731766
Acc5,Obesity/GLP-1R,KEGG,prerank,-1.3289725784478976,0.3557965047122335
Acc5,Obesity/GLP-1R,KEGG,prerank,1.3196666399850325,0.5229586889385544
Acc5,Obesity/GLP-1R,KEGG,prerank,1.3189652043742848,0.5106671535131188
Acc5,Obesity/GLP-1R,KEGG,prerank,-1.3166643887480285,0.3644834843078049
Acc5,Obesity/GLP-1R,KEGG,prerank,1.3090004659977459,0.5315447239288
Acc5,Obesity/GLP-1R,KEGG,prerank,1.3086172944869763,0.5216211986855146
Acc5,Obesity/GLP-1R,KEGG,prerank,1.3053333734131518,0.5179819810202668
Acc5,Obesity/GLP-1R,KEGG,prerank,1.30475397081532,0.5081064676286626
Acc5,Obesity/GLP-1R,KEGG,prerank,1.3026048445814242,0.5040019937521372
Acc5,Obesity/GLP-1R,KEGG,prerank,1.2983954227217815,0.5050653954228873
Acc5,Obesity/GLP-1R,KEGG,prerank,1.292454129990061,0.506971411828815
Acc5,Obesity/GLP-1R,KEGG,prerank,1.2918495120990527,0.4985829290769044
Acc5,Obesity/GLP-1R,KEGG,prerank,-1.2909573722408225,0.40449193043208964
Acc5,Obesity/GLP-1R,KEGG,prerank,-1.2871521274266766,0.40046359837740564
Acc5,Obesity/GLP-1R,KEGG,prerank,1.286865916462213,0.5011821639615108
Acc5,Obesity/GLP-1R,KEGG,prerank,-1.2733150592691898,0.41454583480386387
Acc5,Obesity/GLP-1R,KEGG,prerank,1.272544437147545,0.529132543946586
Acc5,Obesity/GLP-1R,KEGG,prerank,1.2722033804394934,0.5193710680245182
Acc5,Obesity/GLP-1R,KEGG,prerank,-1.2718984045035824,0.40407520642643274
Acc5,Obesity/GLP-1R,KEGG,prerank,1.2705434805343978,0.5145993748570558
Acc5,Obesity/GLP-1R,KEGG,prerank,-1.2690750536865714,0.39738310915911795
Acc5,Obesity/GLP-1R,KEGG,prerank,1.2676557998195883,0.5153223766636518
Acc5,Obesity/GLP-1R,KEGG,prerank,1.2625123229166166,0.5206552335027637
Acc5,Obesity/GLP-1R,KEGG,prerank,-1.2587957201064506,0.4069226886738155
Acc5,Obesity/GLP-1R,KEGG,prerank,1.2556834261406589,0.5284496943773976
Acc5,Obesity/GLP-1R,KEGG,prerank,1.252798518970239,0.5292592233805524
Acc5,Obesity/GLP-1R,KEGG,prerank,1.2512943676470094,0.5249156483614231
Acc5,Obesity/GLP-1R,KEGG,prerank,1.2479743183112462,0.5253984556415131
Acc5,Obesity/GLP-1R,KEGG,prerank,1.2456343916713686,0.5240966891199543
Acc5,Obesity/GLP-1R,KEGG,prerank,-1.2435658629374844,0.4256851038521365
Acc5,Obesity/GLP-1R,KEGG,prerank,1.2433679681995387,0.5224905673499904
Acc5,Obesity/GLP-1R,KEGG,prerank,1.2368096028890199,0.5311985059400683
Acc5,Obesity/GLP-1R,KEGG,prerank,1.235726762476861,0.525827821255559
Acc5,Obesity/GLP-1R,KEGG,prerank,1.2258418914875695,0.546294709353496
Acc5,Obesity/GLP-1R,KEGG,prerank,1.2228348107138929,0.5460721923738981
Acc5,Obesity/GLP-1R,KEGG,prerank,1.2223619080501658,0.538313077043451
Acc5,Obesity/GLP-1R,KEGG,prerank,1.218635924096927,0.5397989071245552
Acc5,Obesity/GLP-1R,KEGG,prerank,1.2180218074503713,0.5328321617617405
Acc5,Obesity/GLP-1R,KEGG,prerank,1.2179775574605527,0.5249963946770091
Acc5,Obesity/GLP-1R,KEGG,prerank,-1.2178262815895844,0.4805563180528868
Acc5,Obesity/GLP-1R,KEGG,prerank,1.21744311786777,0.5184461131282985
Acc5,Obesity/GLP-1R,KEGG,prerank,1.217316575751395,0.5113378093400002
Acc5,Obesity/GLP-1R,KEGG,prerank,1.2170956511617295,0.5047236105590824
Acc5,Obesity/GLP-1R,KEGG,prerank,1.2124519297199114,0.5085806687183767
Acc5,Obesity/GLP-1R,KEGG,prerank,1.2100132610504266,0.5074731168581541
Acc5,Obesity/GLP-1R,KEGG,prerank,1.209924141398991,0.5010383081427889
Acc5,Obesity/GLP-1R,KEGG,prerank,-1.2072989024430034,0.49523394315178715
Acc5,Obesity/GLP-1R,KEGG,prerank,1.2017630282045562,0.5150835463286562
Acc5,Obesity/GLP-1R,KEGG,prerank,1.200187743073517,0.5118751183942852
Acc5,Obesity/GLP-1R,KEGG,prerank,-1.198078906308865,0.5059043436205116
Acc5,Obesity/GLP-1R,KEGG,prerank,1.1980249900240025,0.5101048865067435
Acc5,Obesity/GLP-1R,KEGG,prerank,-1.1976343497198263,0.49262156749118047
Acc5,Obesity/GLP-1R,KEGG,prerank,1.1950457099251885,0.5102525315346764
Acc5,Obesity/GLP-1R,KEGG,prerank,-1.1840145849092842,0.509279798601786
Acc5,Obesity/GLP-1R,KEGG,prerank,1.181387049792656,0.541165486636263
Acc5,Obesity/GLP-1R,KEGG,prerank,1.1783886266199595,0.5407907777372072
Acc5,Obesity/GLP-1R,KEGG,prerank,1.175635790377595,0.5418420698444345
Acc5,Obesity/GLP-1R,KEGG,prerank,-1.174738682216727,0.5172789921551064
Acc5,Obesity/GLP-1R,KEGG,prerank,1.1680045237971117,0.5544451667979202
Acc5,Obesity/GLP-1R,KEGG,prerank,1.1659810957857193,0.5532955461719603
Acc5,Obesity/GLP-1R,KEGG,prerank,-1.1631699689643729,0.5352942418547688
Acc5,Obesity/GLP-1R,KEGG,prerank,1.1626603561662499,0.5550297945060869
Acc5,Obesity/GLP-1R,KEGG,prerank,1.1592458085408317,0.5552504242007689
Acc5,Obesity/GLP-1R,KEGG,prerank,-1.1559761660030021,0.5420120779577271
Acc5,Obesity/GLP-1R,KEGG,prerank,1.1558141532122856,0.5566789955274015
Acc5,Obesity/GLP-1R,KEGG,prerank,1.1549726867991965,0.5527985576874075
Acc5,Obesity/GLP-1R,KEGG,prerank,-1.1525388502171867,0.5375829355328963
Acc5,Obesity/GLP-1R,KEGG,prerank,-1.1472907343946432,0.5399657529770074
Acc5,Obesity/GLP-1R,KEGG,prerank,1.144413784684927,0.5754430223680654
Acc5,Obesity/GLP-1R,KEGG,prerank,-1.142006243298007,0.5430974131125426
Acc5,Obesity/GLP-1R,KEGG,prerank,-1.1395911112597659,0.5399957577421206
Acc5,Obesity/GLP-1R,KEGG,prerank,1.1392815500125972,0.5822230323305507
Acc5,Obesity/GLP-1R,KEGG,prerank,1.1321673642431016,0.5953436614330674
Acc5,Obesity/GLP-1R,KEGG,prerank,1.1280234325527188,0.600494909607632
Acc5,Obesity/GLP-1R,KEGG,prerank,-1.1234528181511785,0.5746139221846057
Acc5,Obesity/GLP-1R,KEGG,prerank,1.1232882806450217,0.6072351128175936
Acc5,Obesity/GLP-1R,KEGG,prerank,1.1207632367136784,0.6081093587256289
Acc5,Obesity/GLP-1R,KEGG,prerank,1.1187184071697953,0.6074112383842174
Acc5,Obesity/GLP-1R,KEGG,prerank,-1.1181386713768964,0.5781944328412242
Acc5,Obesity/GLP-1R,KEGG,prerank,-1.1158843938144665,0.570611470944958
Acc5,Obesity/GLP-1R,KEGG,prerank,-1.1121845963602521,0.5677726690456584
Acc5,Obesity/GLP-1R,KEGG,prerank,1.112174064103913,0.6178191292220432
Acc5,Obesity/GLP-1R,KEGG,prerank,1.1091405814377662,0.6186644758576322
Acc5,Obesity/GLP-1R,KEGG,prerank,-1.1079941185455793,0.5701419738908465
Acc5,Obesity/GLP-1R,KEGG,prerank,1.1054721808773014,0.6222887124936882
Acc5,Obesity/GLP-1R,KEGG,prerank,-1.096505243700337,0.5907146124988563
Acc5,Obesity/GLP-1R,KEGG,prerank,-1.0929302178476448,0.590729108918707
Acc5,Obesity/GLP-1R,KEGG,prerank,-1.091052844081304,0.5882549603384081
Acc5,Obesity/GLP-1R,KEGG,prerank,1.086542400588198,0.6704429202696676
Acc5,Obesity/GLP-1R,KEGG,prerank,-1.0837418703112955,0.5979055205382253
Acc5,Obesity/GLP-1R,KEGG,prerank,1.0837312606384437,0.6730494133342184
Acc5,Obesity/GLP-1R,KEGG,prerank,1.0815627490574624,0.6726826978248396
Acc5,Obesity/GLP-1R,KEGG,prerank,1.0790847754631439,0.6735627399263843
Acc5,Obesity/GLP-1R,KEGG,prerank,1.0751981905677612,0.6786189516232135
Acc5,Obesity/GLP-1R,KEGG,prerank,1.0710908999742053,0.6841846984700294
Acc5,Obesity/GLP-1R,KEGG,prerank,1.066637294522509,0.6897437234926149
Acc5,Obesity/GLP-1R,KEGG,prerank,-1.0603653187275266,0.6563153417851926
Acc5,Obesity/GLP-1R,KEGG,prerank,-1.0580004060001391,0.6502632695331021
Acc5,Obesity/GLP-1R,KEGG,prerank,1.0529971125257682,0.7252025008010612
Acc5,Obesity/GLP-1R,KEGG,prerank,1.0517379111461436,0.723380341573308
Acc5,Obesity/GLP-1R,KEGG,prerank,1.0484341370621357,0.7262722072912894
Acc5,Obesity/GLP-1R,KEGG,prerank,-1.0420637342266073,0.6833735278355096
Acc5,Obesity/GLP-1R,KEGG,prerank,-1.0372861275460308,0.686138440620721
Acc5,Obesity/GLP-1R,KEGG,prerank,1.037197539501651,0.749299192259914
Acc5,Obesity/GLP-1R,KEGG,prerank,1.0358646647096699,0.7455833280293868
Acc5,Obesity/GLP-1R,KEGG,prerank,-1.0357408149631129,0.6800445508785548
Acc5,Obesity/GLP-1R,KEGG,prerank,-1.030827714475821,0.6802660004249308
Acc5,Obesity/GLP-1R,KEGG,prerank,1.0273153542986986,0.7612824294270227
Acc5,Obesity/GLP-1R,KEGG,prerank,1.0258573699102769,0.7579954896213829
Acc5,Obesity/GLP-1R,KEGG,prerank,1.0241753010339725,0.7552329783825271
Acc5,Obesity/GLP-1R,KEGG,prerank,1.0213791941533141,0.7554736759015162
Acc5,Obesity/GLP-1R,KEGG,prerank,1.0188939434630238,0.7547950257470394
Acc5,Obesity/GLP-1R,KEGG,prerank,1.0187588324342989,0.7484130242009558
Acc5,Obesity/GLP-1R,KEGG,prerank,1.01820419377145,0.7436699468845724
Acc5,Obesity/GLP-1R,KEGG,prerank,-1.0174965373533955,0.7151355720254979
Acc5,Obesity/GLP-1R,KEGG,prerank,1.0168185395376101,0.7398996079816069
Acc5,Obesity/GLP-1R,KEGG,prerank,-1.0137449907859677,0.7138655014707449
Acc5,Obesity/GLP-1R,KEGG,prerank,1.012283851193602,0.7450342103937003
Acc5,Obesity/GLP-1R,KEGG,prerank,-1.0117197470729613,0.7092081145457927
Acc5,Obesity/GLP-1R,KEGG,prerank,-1.006257269136202,0.7118863893500182
Acc5,Obesity/GLP-1R,KEGG,prerank,1.0027505014172386,0.7660379889267271
Acc5,Obesity/GLP-1R,KEGG,prerank,-1.0022092256332036,0.7137589784060755
Acc5,Obesity/GLP-1R,KEGG,prerank,0.9965852531741022,0.7753899118460175
Acc5,Obesity/GLP-1R,KEGG,prerank,0.9964420123342149,0.7695852594160171
Acc5,Obesity/GLP-1R,KEGG,prerank,0.9951150695844634,0.7675527671149474
Acc5,Obesity/GLP-1R,KEGG,prerank,0.9921497857745706,0.7697093297676496
Acc5,Obesity/GLP-1R,KEGG,prerank,-0.9908879848697573,0.7364738838798679
Acc5,Obesity/GLP-1R,KEGG,prerank,0.9903999307502352,0.7680451488387198
Acc5,Obesity/GLP-1R,KEGG,prerank,0.9894139677713629,0.7646549475770695
Acc5,Obesity/GLP-1R,KEGG,prerank,-0.9867947618560027,0.7379171900171076
Acc5,Obesity/GLP-1R,KEGG,prerank,0.9862849898385182,0.7676111322243502
Acc5,Obesity/GLP-1R,KEGG,prerank,0.9818579394814018,0.7721636641958798
Acc5,Obesity/GLP-1R,KEGG,prerank,0.9742530483949626,0.7883815398257785
Acc5,Obesity/GLP-1R,KEGG,prerank,-0.9739961694946137,0.764696965351666
Acc5,Obesity/GLP-1R,KEGG,prerank,-0.9623379140954353,0.7890582530019968
Acc5,Obesity/GLP-1R,KEGG,prerank,0.9600409811545092,0.8206840192652095
Acc5,Obesity/GLP-1R,KEGG,prerank,0.9467026081476737,0.8512857962547598
Acc5,Obesity/GLP-1R,KEGG,prerank,-0.9456578151643195,0.8244996359904043
Acc5,Obesity/GLP-1R,KEGG,prerank,0.945108612709383,0.849167456730327
Acc5,Obesity/GLP-1R,KEGG,prerank,0.9419390181413446,0.8507957884620552
Acc5,Obesity/GLP-1R,KEGG,prerank,-0.9370321697199083,0.8393893049945754
Acc5,Obesity/GLP-1R,KEGG,prerank,0.9357175347469638,0.8596160475781284
Acc5,Obesity/GLP-1R,KEGG,prerank,0.9351607634473206,0.8542131032802187
Acc5,Obesity/GLP-1R,KEGG,prerank,0.930088465272748,0.8600181215068284
Acc5,Obesity/GLP-1R,KEGG,prerank,-0.928719543204784,0.849824539698618
Acc5,Obesity/GLP-1R,KEGG,prerank,0.9283270534953206,0.858450416836705
Acc5,Obesity/GLP-1R,KEGG,prerank,-0.9277817385361012,0.8399467268531228
Acc5,Obesity/GLP-1R,KEGG,prerank,0.9214341874493625,0.8689371530219572
Acc5,Obesity/GLP-1R,KEGG,prerank,-0.9171696895241825,0.8598362782442591
Acc5,Obesity/GLP-1R,KEGG,prerank,0.9159102855029732,0.8761724192413209
Acc5,Obesity/GLP-1R,KEGG,prerank,-0.9158670184026166,0.851463871227802
Acc5,Obesity/GLP-1R,KEGG,prerank,0.9148971530353194,0.8721206228382273
Acc5,Obesity/GLP-1R,KEGG,prerank,0.9102875373709747,0.87684523499035
Acc5,Obesity/GLP-1R,KEGG,prerank,0.9031385054792053,0.8891236800856495
Acc5,Obesity/GLP-1R,KEGG,prerank,-0.9012173516891206,0.8794180620367829
Acc5,Obesity/GLP-1R,KEGG,prerank,0.8884274913411615,0.9204042784693137
Acc5,Obesity/GLP-1R,KEGG,prerank,0.8858561381319806,0.9201689760867685
Acc5,Obesity/GLP-1R,KEGG,prerank,0.8842763322257844,0.9174012831881488
Acc5,Obesity/GLP-1R,KEGG,prerank,0.8798480925903147,0.922154331524447
Acc5,Obesity/GLP-1R,KEGG,prerank,0.8795294209873962,0.9161240258009565
Acc5,Obesity/GLP-1R,KEGG,prerank,0.8749211532968715,0.9206081890270061
Acc5,Obesity/GLP-1R,KEGG,prerank,-0.8686663205204705,0.9489528102441115
Acc5,Obesity/GLP-1R,KEGG,prerank,-0.8561369806352296,0.9665134938261483
Acc5,Obesity/GLP-1R,KEGG,prerank,0.8469595335719949,0.9773348540236028
Acc5,Obesity/GLP-1R,KEGG,prerank,0.8391825239693725,0.9874394315519212
Acc5,Obesity/GLP-1R,KEGG,prerank,0.8384797607352418,0.9822474918714029
Acc5,Obesity/GLP-1R,KEGG,prerank,0.8373767638523428,0.9785060976136348
Acc5,Obesity/GLP-1R,KEGG,prerank,-0.8348772821276046,0.9999741923980189
Acc5,Obesity/GLP-1R,KEGG,prerank,-0.8311726326771414,0.995738894660704
Acc5,Obesity/GLP-1R,KEGG,prerank,-0.8274860817273857,0.991147405984079
Acc5,Obesity/GLP-1R,KEGG,prerank,0.8171791460226303,1.0
Acc5,Obesity/GLP-1R,KEGG,prerank,-0.816848549319721,1.0
Acc5,Obesity/GLP-1R,KEGG,prerank,-0.8155019244455963,0.9897386456708377
Acc5,Obesity/GLP-1R,KEGG,prerank,-0.8116521586239526,0.9847173486700026
Acc5,Obesity/GLP-1R,KEGG,prerank,0.8102008344925564,1.0
Acc5,Obesity/GLP-1R,KEGG,prerank,-0.8092897770274778,0.9762950472530489
Acc5,Obesity/GLP-1R,KEGG,prerank,0.808980258336545,1.0
Acc5,Obesity/GLP-1R,KEGG,prerank,-0.8083200430568748,0.9658964546565264
Acc5,Obesity/GLP-1R,KEGG,prerank,0.8060622777286284,1.0
Acc5,Obesity/GLP-1R,KEGG,prerank,0.8054928361943597,1.0
Acc5,Obesity/GLP-1R,KEGG,prerank,-0.7971390377216058,0.9718585287277076
Acc5,Obesity/GLP-1R,KEGG,prerank,0.7969320150908624,1.0
Acc5,Obesity/GLP-1R,KEGG,prerank,0.7952581530858478,1.0
Acc5,Obesity/GLP-1R,KEGG,prerank,-0.7950083920414754,0.9644055728563571
Acc5,Obesity/GLP-1R,KEGG,prerank,0.7941568793449852,1.0
Acc5,Obesity/GLP-1R,KEGG,prerank,0.7940240377775878,1.0
Acc5,Obesity/GLP-1R,KEGG,prerank,0.7923938067777249,1.0
Acc5,Obesity/GLP-1R,KEGG,prerank,-0.7839358425471378,0.9702490870827406
Acc5,Obesity/GLP-1R,KEGG,prerank,0.7833620483796041,1.0
Acc5,Obesity/GLP-1R,KEGG,prerank,0.7791544850038891,1.0
Acc5,Obesity/GLP-1R,KEGG,prerank,0.7721775580301788,1.0
Acc5,Obesity/GLP-1R,KEGG,prerank,0.7686421166247442,1.0
Acc5,Obesity/GLP-1R,KEGG,prerank,0.7672537126569922,1.0
Acc5,Obesity/GLP-1R,KEGG,prerank,-0.7617018718351697,0.9907060999443806
Acc5,Obesity/GLP-1R,KEGG,prerank,0.7505608890368762,1.0
Acc5,Obesity/GLP-1R,KEGG,prerank,-0.744646150759326,1.0
Acc5,Obesity/GLP-1R,KEGG,prerank,-0.7436939517718385,0.9904619125041854
Acc5,Obesity/GLP-1R,KEGG,prerank,0.7393968779150172,1.0
Acc5,Obesity/GLP-1R,KEGG,prerank,0.7295518688478709,1.0
Acc5,Obesity/GLP-1R,KEGG,prerank,0.7258619700781226,1.0
Acc5,Obesity/GLP-1R,KEGG,prerank,-0.7245462174155024,0.9990830140790159
Acc5,Obesity/GLP-1R,KEGG,prerank,-0.7123103731484369,0.9993703247845084
Acc5,Obesity/GLP-1R,KEGG,prerank,0.7018177394311987,1.0
Acc5,Obesity/GLP-1R,KEGG,prerank,-0.6984345950214002,1.0
Acc5,Obesity/GLP-1R,KEGG,prerank,-0.6982563369899839,0.9901016609599762
Acc5,Obesity/GLP-1R,KEGG,prerank,-0.690877439348451,0.9846976316832892
Acc5,Obesity/GLP-1R,KEGG,prerank,0.6735128368530219,1.0
Acc5,Obesity/GLP-1R,KEGG,prerank,0.672486946118983,1.0
Acc5,Obesity/GLP-1R,KEGG,prerank,0.6709431398520596,1.0
Acc5,Obesity/GLP-1R,KEGG,prerank,0.6708477497192695,1.0
Acc5,Obesity/GLP-1R,KEGG,prerank,0.6586061547176683,1.0
Acc5,Obesity/GLP-1R,KEGG,prerank,0.6572429708928104,1.0
Acc5,Obesity/GLP-1R,KEGG,prerank,0.6480469306920958,1.0
Acc5,Obesity/GLP-1R,KEGG,prerank,0.6383420595711335,1.0
Acc5,Obesity/GLP-1R,KEGG,prerank,0.6374676313455265,1.0
Acc5,Obesity/GLP-1R,KEGG,prerank,0.6343038737170856,1.0
Acc5,Obesity/GLP-1R,KEGG,prerank,0.6235698266687701,1.0
Acc5,Obesity/GLP-1R,KEGG,prerank,0.5996425892069982,1.0
Acc5,Obesity/GLP-1R,KEGG,prerank,0.5968938252042745,1.0
Acc5,Obesity/GLP-1R,KEGG,prerank,0.5803802376513525,1.0
Acc5,Obesity/GLP-1R,KEGG,prerank,0.5792183620045643,1.0
Acc5,Obesity/GLP-1R,KEGG,prerank,0.5779382008367261,1.0
Acc5,Obesity/GLP-1R,KEGG,prerank,-0.5560161093533148,1.0
Acc5,Obesity/GLP-1R,KEGG,prerank,-0.55563208509344,1.0
Acc5,Obesity/GLP-1R,KEGG,prerank,0.553469921884982,1.0
Acc5,Obesity/GLP-1R,KEGG,prerank,0.5511797545776148,1.0
Acc5,Obesity/GLP-1R,KEGG,prerank,0.5345079736056839,1.0
Acc5,Obesity/GLP-1R,KEGG,prerank,0.5295121833955402,1.0
Acc5,Obesity/GLP-1R,KEGG,prerank,0.5288658185867434,1.0
Acc5,Obesity/GLP-1R,KEGG,prerank,0.5130389170633969,1.0
Acc5,Obesity/GLP-1R,KEGG,prerank,0.5035883129968401,1.0
Acc5,Obesity/GLP-1R,KEGG,prerank,0.49201909735674737,1.0
Acc5,Obesity/GLP-1R,KEGG,prerank,-0.48026420905292494,1.0
Acc5,Obesity/GLP-1R,KEGG,prerank,0.4754089654950286,1.0
Acc5,Obesity/GLP-1R,KEGG,prerank,-0.4697101822461444,1.0
Acc5,Obesity/GLP-1R,KEGG,prerank,0.44831057148755676,1.0
Acc5,Obesity/GLP-1R,KEGG,prerank,0.4414933854473946,1.0
Acc5,Obesity/GLP-1R,KEGG,prerank,0.34190068319716427,1.0
Acc5,Obesity/GLP-1R,KEGG,prerank,0.3086097990316347,1.0
Acc5,Obesity/GLP-1R,KEGG,prerank,-0.19193259353227865,1.0
Acc6,Obesity/GLP-1R,KEGG,prerank,-1.7803047136148338,0.13744327507965626
Acc6,Obesity/GLP-1R,KEGG,prerank,-1.6180043228504748,0.6766438157767694
Acc6,Obesity/GLP-1R,KEGG,prerank,-1.5908989081022333,0.6061600849666893
Acc6,Obesity/GLP-1R,KEGG,prerank,-1.5738409807686278,0.5418436806024911
Acc6,Obesity/GLP-1R,KEGG,prerank,-1.5686636808040662,0.46942164719513374
Acc6,Obesity/GLP-1R,KEGG,prerank,-1.5626571156181783,0.41232982523896883
Acc6,Obesity/GLP-1R,KEGG,prerank,-1.560100673712036,0.36550848977227274
Acc6,Obesity/GLP-1R,KEGG,prerank,-1.5487051125843931,0.3488944675098967
Acc6,Obesity/GLP-1R,KEGG,prerank,-1.516883304085111,0.4252518425541502
Acc6,Obesity/GLP-1R,KEGG,prerank,-1.494976198094493,0.491624022400309
Acc6,Obesity/GLP-1R,KEGG,prerank,-1.4822006849693758,0.4882600261571006
Acc6,Obesity/GLP-1R,KEGG,prerank,-1.4772720075501125,0.473122043062663
Acc6,Obesity/GLP-1R,KEGG,prerank,-1.4749043998277267,0.4497404208227806
Acc6,Obesity/GLP-1R,KEGG,prerank,-1.4477126754662848,0.5331590780562491
Acc6,Obesity/GLP-1R,KEGG,prerank,-1.443445619294446,0.5117118856811819
Acc6,Obesity/GLP-1R,KEGG,prerank,-1.4291816808481526,0.5385397557207686
Acc6,Obesity/GLP-1R,KEGG,prerank,-1.4258921077762765,0.5224088283570646
Acc6,Obesity/GLP-1R,KEGG,prerank,-1.4174679112695503,0.526865887805349
Acc6,Obesity/GLP-1R,KEGG,prerank,-1.4099541481313076,0.5341924861395547
Acc6,Obesity/GLP-1R,KEGG,prerank,-1.4069044854903074,0.525984841170223
Acc6,Obesity/GLP-1R,KEGG,prerank,-1.4047795439411042,0.5079863170526491
Acc6,Obesity/GLP-1R,KEGG,prerank,-1.3874032927404445,0.5656319397508932
Acc6,Obesity/GLP-1R,KEGG,prerank,-1.3780636564630635,0.5814907791831612
Acc6,Obesity/GLP-1R,KEGG,prerank,-1.375724275030836,0.5687156029738342
Acc6,Obesity/GLP-1R,KEGG,prerank,-1.3731572347260361,0.5607685623249976
Acc6,Obesity/GLP-1R,KEGG,prerank,1.3724260596351021,1.0
Acc6,Obesity/GLP-1R,KEGG,prerank,-1.3700100223948195,0.5534328324953024
Acc6,Obesity/GLP-1R,KEGG,prerank,-1.3688275950954112,0.5384173881325566
Acc6,Obesity/GLP-1R,KEGG,prerank,-1.3639610817227794,0.5358022179616271
Acc6,Obesity/GLP-1R,KEGG,prerank,-1.351741092998251,0.5698245064973548
Acc6,Obesity/GLP-1R,KEGG,prerank,-1.3495054950124519,0.561050497248238
Acc6,Obesity/GLP-1R,KEGG,prerank,-1.3460165389153937,0.559322509009023
Acc6,Obesity/GLP-1R,KEGG,prerank,1.334552930837234,1.0
Acc6,Obesity/GLP-1R,KEGG,prerank,-1.3311074946795949,0.6095741406778025
Acc6,Obesity/GLP-1R,KEGG,prerank,-1.3290064739238487,0.5997524730748638
Acc6,Obesity/GLP-1R,KEGG,prerank,-1.3190832588284198,0.6256467634847702
Acc6,Obesity/GLP-1R,KEGG,prerank,1.3156760307517839,1.0
Acc6,Obesity/GLP-1R,KEGG,prerank,1.313944694258513,1.0
Acc6,Obesity/GLP-1R,KEGG,prerank,-1.308579411206149,0.6524779652133132
Acc6,Obesity/GLP-1R,KEGG,prerank,-1.3050581822816818,0.6505060989346979
Acc6,Obesity/GLP-1R,KEGG,prerank,-1.2940619146314898,0.6857876511251041
Acc6,Obesity/GLP-1R,KEGG,prerank,-1.2934041499226998,0.6694099591936296
Acc6,Obesity/GLP-1R,KEGG,prerank,-1.2913076441581703,0.6609205219806746
Acc6,Obesity/GLP-1R,KEGG,prerank,-1.2904825361180075,0.6483622187892247
Acc6,Obesity/GLP-1R,KEGG,prerank,-1.2868879267725535,0.645184004220075
Acc6,Obesity/GLP-1R,KEGG,prerank,1.2820624713185242,1.0
Acc6,Obesity/GLP-1R,KEGG,prerank,-1.2792057345246066,0.6544917860936013
Acc6,Obesity/GLP-1R,KEGG,prerank,-1.2759799305909985,0.6525482147789048
Acc6,Obesity/GLP-1R,KEGG,prerank,-1.2751485789819035,0.6418024261149684
Acc6,Obesity/GLP-1R,KEGG,prerank,1.2733363561091389,1.0
Acc6,Obesity/GLP-1R,KEGG,prerank,1.2659654520803336,1.0
Acc6,Obesity/GLP-1R,KEGG,prerank,-1.2551305859299167,0.7013131215602975
Acc6,Obesity/GLP-1R,KEGG,prerank,1.2544001127766158,1.0
Acc6,Obesity/GLP-1R,KEGG,prerank,-1.2522194687871504,0.6989381262830012
Acc6,Obesity/GLP-1R,KEGG,prerank,-1.2508069264011323,0.689465856168816
Acc6,Obesity/GLP-1R,KEGG,prerank,-1.242292294650739,0.7090222796176499
Acc6,Obesity/GLP-1R,KEGG,prerank,1.2420597636412154,1.0
Acc6,Obesity/GLP-1R,KEGG,prerank,-1.2358966383103414,0.7206601864459214
Acc6,Obesity/GLP-1R,KEGG,prerank,1.2344974769891832,1.0
Acc6,Obesity/GLP-1R,KEGG,prerank,-1.2328015370675545,0.7199913102249687
Acc6,Obesity/GLP-1R,KEGG,prerank,-1.2324900121189704,0.7067030539163623
Acc6,Obesity/GLP-1R,KEGG,prerank,1.231729557955376,1.0
Acc6,Obesity/GLP-1R,KEGG,prerank,-1.2172514620047927,0.7520749623071724
Acc6,Obesity/GLP-1R,KEGG,prerank,1.2166165867910999,1.0
Acc6,Obesity/GLP-1R,KEGG,prerank,1.215249320440885,1.0
Acc6,Obesity/GLP-1R,KEGG,prerank,-1.21368033498665,0.7508512153843632
Acc6,Obesity/GLP-1R,KEGG,prerank,-1.2127379793486328,0.7408623260703979
Acc6,Obesity/GLP-1R,KEGG,prerank,-1.2101976027822015,0.7406558585761058
Acc6,Obesity/GLP-1R,KEGG,prerank,1.200545934568947,1.0
Acc6,Obesity/GLP-1R,KEGG,prerank,-1.1966459261441735,0.7835021862370516
Acc6,Obesity/GLP-1R,KEGG,prerank,-1.1961516270368795,0.7710549183618505
Acc6,Obesity/GLP-1R,KEGG,prerank,-1.1935062725223597,0.768880284198926
Acc6,Obesity/GLP-1R,KEGG,prerank,-1.188962684547775,0.7732304197766843
Acc6,Obesity/GLP-1R,KEGG,prerank,1.1887212033637369,1.0
Acc6,Obesity/GLP-1R,KEGG,prerank,-1.1857596946260989,0.7758496668919572
Acc6,Obesity/GLP-1R,KEGG,prerank,-1.1855551491191563,0.7641707437909262
Acc6,Obesity/GLP-1R,KEGG,prerank,-1.1836843675258826,0.7598600915073801
Acc6,Obesity/GLP-1R,KEGG,prerank,-1.179691346808904,0.7637415688492255
Acc6,Obesity/GLP-1R,KEGG,prerank,-1.17362482701644,0.7754311697402724
Acc6,Obesity/GLP-1R,KEGG,prerank,-1.1732456461302936,0.764477388017023
Acc6,Obesity/GLP-1R,KEGG,prerank,1.172402561350229,1.0
Acc6,Obesity/GLP-1R,KEGG,prerank,-1.170756380962139,0.7636271472083002
Acc6,Obesity/GLP-1R,KEGG,prerank,1.16378319142626,1.0
Acc6,Obesity/GLP-1R,KEGG,prerank,-1.1626166882020756,0.7837896065679136
Acc6,Obesity/GLP-1R,KEGG,prerank,-1.1603788148604,0.7808146238122554
Acc6,Obesity/GLP-1R,KEGG,prerank,-1.1596239687866268,0.7717968523703777
Acc6,Obesity/GLP-1R,KEGG,prerank,-1.1586361117724788,0.7642450240692975
Acc6,Obesity/GLP-1R,KEGG,prerank,-1.1546249016204682,0.7700099408850516
Acc6,Obesity/GLP-1R,KEGG,prerank,-1.1467732363082277,0.7901519906021693
Acc6,Obesity/GLP-1R,KEGG,prerank,-1.1407476849420823,0.8004731099739306
Acc6,Obesity/GLP-1R,KEGG,prerank,-1.1369595425616357,0.8049432555080909
Acc6,Obesity/GLP-1R,KEGG,prerank,-1.1304404225546385,0.8191619194747514
Acc6,Obesity/GLP-1R,KEGG,prerank,-1.1269715093546029,0.8211818348129667
Acc6,Obesity/GLP-1R,KEGG,prerank,-1.123285393037503,0.8242477325706061
Acc6,Obesity/GLP-1R,KEGG,prerank,1.1217530913405915,1.0
Acc6,Obesity/GLP-1R,KEGG,prerank,-1.1191466087718387,0.8288615651993079
Acc6,Obesity/GLP-1R,KEGG,prerank,-1.1186478367113026,0.8206447544191356
Acc6,Obesity/GLP-1R,KEGG,prerank,1.1186454910788408,1.0
Acc6,Obesity/GLP-1R,KEGG,prerank,-1.1175347894324705,0.8139549338611568
Acc6,Obesity/GLP-1R,KEGG,prerank,1.1164059577229006,1.0
Acc6,Obesity/GLP-1R,KEGG,prerank,-1.1159887386159244,0.8097797517513652
Acc6,Obesity/GLP-1R,KEGG,prerank,-1.115921578221791,0.8000333225790498
Acc6,Obesity/GLP-1R,KEGG,prerank,1.1132340123372715,1.0
Acc6,Obesity/GLP-1R,KEGG,prerank,-1.1126709125292455,0.8050430940717587
Acc6,Obesity/GLP-1R,KEGG,prerank,-1.1114895456319014,0.8006196637194997
Acc6,Obesity/GLP-1R,KEGG,prerank,-1.1075912505054593,0.8031413820718014
Acc6,Obesity/GLP-1R,KEGG,prerank,-1.1074838752651928,0.7941713390112518
Acc6,Obesity/GLP-1R,KEGG,prerank,-1.106715256735442,0.7875949299657404
Acc6,Obesity/GLP-1R,KEGG,prerank,-1.1040842253263865,0.7866945500188718
Acc6,Obesity/GLP-1R,KEGG,prerank,-1.1024334783643677,0.784270096867667
Acc6,Obesity/GLP-1R,KEGG,prerank,-1.098596163976638,0.788008110456696
Acc6,Obesity/GLP-1R,KEGG,prerank,-1.09217926092056,0.8016556196531093
Acc6,Obesity/GLP-1R,KEGG,prerank,-1.0903293553171027,0.7983431705504783
Acc6,Obesity/GLP-1R,KEGG,prerank,-1.0900465213766801,0.7908956697511735
Acc6,Obesity/GLP-1R,KEGG,prerank,-1.0834955199899357,0.8039644273890205
Acc6,Obesity/GLP-1R,KEGG,prerank,-1.0832580587711742,0.7962806746517739
Acc6,Obesity/GLP-1R,KEGG,prerank,-1.0815180200363037,0.7930521024427925
Acc6,Obesity/GLP-1R,KEGG,prerank,-1.0804467233804935,0.7871652122325754
Acc6,Obesity/GLP-1R,KEGG,prerank,1.0803657106639428,1.0
Acc6,Obesity/GLP-1R,KEGG,prerank,-1.0786935103045558,0.7853901433123216
Acc6,Obesity/GLP-1R,KEGG,prerank,-1.0737998182818085,0.7934759392710538
Acc6,Obesity/GLP-1R,KEGG,prerank,1.0649900668653958,1.0
Acc6,Obesity/GLP-1R,KEGG,prerank,-1.0649397151718187,0.815250072414792
Acc6,Obesity/GLP-1R,KEGG,prerank,-1.0626890729072387,0.8141917696645594
Acc6,Obesity/GLP-1R,KEGG,prerank,-1.0613550036382016,0.8101482941346858
Acc6,Obesity/GLP-1R,KEGG,prerank,-1.0596829907160683,0.8093653652002164
Acc6,Obesity/GLP-1R,KEGG,prerank,-1.0586635274726355,0.8053443973232522
Acc6,Obesity/GLP-1R,KEGG,prerank,1.056063630002433,1.0
Acc6,Obesity/GLP-1R,KEGG,prerank,-1.0554466355768595,0.8083477013476048
Acc6,Obesity/GLP-1R,KEGG,prerank,1.0532983819649528,1.0
Acc6,Obesity/GLP-1R,KEGG,prerank,-1.0462761359981734,0.8277516254615874
Acc6,Obesity/GLP-1R,KEGG,prerank,1.0373992275684234,1.0
Acc6,Obesity/GLP-1R,KEGG,prerank,1.0359380681955137,1.0
Acc6,Obesity/GLP-1R,KEGG,prerank,-1.0352453254638743,0.8546975768792429
Acc6,Obesity/GLP-1R,KEGG,prerank,-1.0274469935151282,0.8738024739038547
Acc6,Obesity/GLP-1R,KEGG,prerank,-1.0264819121229065,0.8691807960400847
Acc6,Obesity/GLP-1R,KEGG,prerank,-1.0253581413366601,0.864739262861306
Acc6,Obesity/GLP-1R,KEGG,prerank,-1.0252111955996177,0.857044067336623
Acc6,Obesity/GLP-1R,KEGG,prerank,1.0222208226543295,1.0
Acc6,Obesity/GLP-1R,KEGG,prerank,-1.02138484601308,0.8618524048607568
Acc6,Obesity/GLP-1R,KEGG,prerank,-1.0171464545388056,0.8664820765913525
Acc6,Obesity/GLP-1R,KEGG,prerank,1.013025618251241,1.0
Acc6,Obesity/GLP-1R,KEGG,prerank,1.0097362201565148,1.0
Acc6,Obesity/GLP-1R,KEGG,prerank,-1.0066597384604334,0.8899498432283277
Acc6,Obesity/GLP-1R,KEGG,prerank,-1.0030505801442493,0.8932433850661808
Acc6,Obesity/GLP-1R,KEGG,prerank,-0.9988185429321439,0.8995789953821005
Acc6,Obesity/GLP-1R,KEGG,prerank,0.9959509083937206,1.0
Acc6,Obesity/GLP-1R,KEGG,prerank,-0.9957916035791741,0.9017399355817817
Acc6,Obesity/GLP-1R,KEGG,prerank,-0.9950511671870795,0.8959796289416967
Acc6,Obesity/GLP-1R,KEGG,prerank,-0.9874609417086483,0.9103062679160686
Acc6,Obesity/GLP-1R,KEGG,prerank,-0.9868809925291293,0.9049229989379164
Acc6,Obesity/GLP-1R,KEGG,prerank,-0.9867675396467712,0.8978811790963432
Acc6,Obesity/GLP-1R,KEGG,prerank,-0.9848071758209312,0.8968477010084255
Acc6,Obesity/GLP-1R,KEGG,prerank,0.9841857207669635,1.0
Acc6,Obesity/GLP-1R,KEGG,prerank,-0.9838964915380148,0.8923068409017584
Acc6,Obesity/GLP-1R,KEGG,prerank,0.983475357930894,1.0
Acc6,Obesity/GLP-1R,KEGG,prerank,-0.9815800734897596,0.8923581370866518
Acc6,Obesity/GLP-1R,KEGG,prerank,0.9798965800688949,1.0
Acc6,Obesity/GLP-1R,KEGG,prerank,0.9748287355350304,1.0
Acc6,Obesity/GLP-1R,KEGG,prerank,-0.9717186260911729,0.9160911460847736
Acc6,Obesity/GLP-1R,KEGG,prerank,0.9688465281689627,1.0
Acc6,Obesity/GLP-1R,KEGG,prerank,0.9673729123525288,1.0
Acc6,Obesity/GLP-1R,KEGG,prerank,0.9672489350150423,1.0
Acc6,Obesity/GLP-1R,KEGG,prerank,-0.9667762298568043,0.924092056442158
Acc6,Obesity/GLP-1R,KEGG,prerank,-0.9653269488367532,0.920894917583984
Acc6,Obesity/GLP-1R,KEGG,prerank,-0.9646839558343376,0.9155175847253066
Acc6,Obesity/GLP-1R,KEGG,prerank,-0.9634995063809194,0.9121906092048743
Acc6,Obesity/GLP-1R,KEGG,prerank,-0.9582748872006995,0.9180234846740593
Acc6,Obesity/GLP-1R,KEGG,prerank,0.9555636513666229,1.0
Acc6,Obesity/GLP-1R,KEGG,prerank,-0.9555288651570472,0.917230077087665
Acc6,Obesity/GLP-1R,KEGG,prerank,-0.9514303217789184,0.9225359221255718
Acc6,Obesity/GLP-1R,KEGG,prerank,-0.9502049662578478,0.918858771917725
Acc6,Obesity/GLP-1R,KEGG,prerank,0.9493891405694163,1.0
Acc6,Obesity/GLP-1R,KEGG,prerank,0.9483301761053585,1.0
Acc6,Obesity/GLP-1R,KEGG,prerank,-0.9480115744547859,0.9171300973168339
Acc6,Obesity/GLP-1R,KEGG,prerank,-0.9450904113766988,0.9190295345069893
Acc6,Obesity/GLP-1R,KEGG,prerank,0.9426363834256781,1.0
Acc6,Obesity/GLP-1R,KEGG,prerank,0.9416969302000566,1.0
Acc6,Obesity/GLP-1R,KEGG,prerank,-0.9403305983007512,0.9271201915158264
Acc6,Obesity/GLP-1R,KEGG,prerank,-0.9364985893164216,0.9311569663734601
Acc6,Obesity/GLP-1R,KEGG,prerank,-0.9359852659540658,0.9261715453946292
Acc6,Obesity/GLP-1R,KEGG,prerank,-0.9334482819327014,0.9258215518924051
Acc6,Obesity/GLP-1R,KEGG,prerank,-0.9327155022994433,0.9204923516186431
Acc6,Obesity/GLP-1R,KEGG,prerank,0.9310018059754589,1.0
Acc6,Obesity/GLP-1R,KEGG,prerank,-0.9304443569705496,0.9200376351485993
Acc6,Obesity/GLP-1R,KEGG,prerank,0.9261054334544516,1.0
Acc6,Obesity/GLP-1R,KEGG,prerank,-0.9252842888728525,0.9259924226249648
Acc6,Obesity/GLP-1R,KEGG,prerank,-0.9220986928402972,0.9273539533750019
Acc6,Obesity/GLP-1R,KEGG,prerank,0.9212836577943221,1.0
Acc6,Obesity/GLP-1R,KEGG,prerank,0.9212216296979524,1.0
Acc6,Obesity/GLP-1R,KEGG,prerank,-0.9157173572697238,0.9375070403269931
Acc6,Obesity/GLP-1R,KEGG,prerank,-0.9154340439787065,0.9320622733916425
Acc6,Obesity/GLP-1R,KEGG,prerank,-0.9129744151867645,0.9319059573235493
Acc6,Obesity/GLP-1R,KEGG,prerank,-0.9117989949544291,0.9276522040698097
Acc6,Obesity/GLP-1R,KEGG,prerank,-0.9116051750759575,0.9216700286266764
Acc6,Obesity/GLP-1R,KEGG,prerank,0.9113756971926431,1.0
Acc6,Obesity/GLP-1R,KEGG,prerank,-0.901694429977903,0.9400353682267869
Acc6,Obesity/GLP-1R,KEGG,prerank,0.8926527145813238,1.0
Acc6,Obesity/GLP-1R,KEGG,prerank,-0.8863628269408409,0.9719706478710052
Acc6,Obesity/GLP-1R,KEGG,prerank,-0.8848553668299255,0.9691746376223139
Acc6,Obesity/GLP-1R,KEGG,prerank,0.8845718570905317,1.0
Acc6,Obesity/GLP-1R,KEGG,prerank,-0.879303776770837,0.9747621745780886
Acc6,Obesity/GLP-1R,KEGG,prerank,-0.8770824192617832,0.9728136885728512
Acc6,Obesity/GLP-1R,KEGG,prerank,0.8740926855338758,1.0
Acc6,Obesity/GLP-1R,KEGG,prerank,-0.873895408782017,0.973705279947435
Acc6,Obesity/GLP-1R,KEGG,prerank,0.8711001431590369,1.0
Acc6,Obesity/GLP-1R,KEGG,prerank,0.8679574348766539,1.0
Acc6,Obesity/GLP-1R,KEGG,prerank,-0.8665650957447254,0.9838619353592865
Acc6,Obesity/GLP-1R,KEGG,prerank,0.8653492790681342,1.0
Acc6,Obesity/GLP-1R,KEGG,prerank,0.8627050935311741,1.0
Acc6,Obesity/GLP-1R,KEGG,prerank,-0.8617301621784544,0.9869077769772953
Acc6,Obesity/GLP-1R,KEGG,prerank,-0.8610715571774025,0.9823726099274992
Acc6,Obesity/GLP-1R,KEGG,prerank,0.8562363203416815,1.0
Acc6,Obesity/GLP-1R,KEGG,prerank,0.8538801450845687,1.0
Acc6,Obesity/GLP-1R,KEGG,prerank,-0.8465907257760973,1.0
Acc6,Obesity/GLP-1R,KEGG,prerank,0.8453229527498434,1.0
Acc6,Obesity/GLP-1R,KEGG,prerank,-0.838678953944191,1.0
Acc6,Obesity/GLP-1R,KEGG,prerank,-0.8376178980215028,1.0
Acc6,Obesity/GLP-1R,KEGG,prerank,-0.8340820764226065,1.0
Acc6,Obesity/GLP-1R,KEGG,prerank,-0.8279581648497788,1.0
Acc6,Obesity/GLP-1R,KEGG,prerank,-0.8265852428956622,1.0
Acc6,Obesity/GLP-1R,KEGG,prerank,0.8240163972234871,1.0
Acc6,Obesity/GLP-1R,KEGG,prerank,-0.8171580230345264,1.0
Acc6,Obesity/GLP-1R,KEGG,prerank,-0.8147193073777199,1.0
Acc6,Obesity/GLP-1R,KEGG,prerank,0.8141862271288779,1.0
Acc6,Obesity/GLP-1R,KEGG,prerank,0.8123198700922184,1.0
Acc6,Obesity/GLP-1R,KEGG,prerank,-0.8111691330587124,1.0
Acc6,Obesity/GLP-1R,KEGG,prerank,-0.8066268757428138,1.0
Acc6,Obesity/GLP-1R,KEGG,prerank,-0.8031518203003153,1.0
Acc6,Obesity/GLP-1R,KEGG,prerank,-0.7967533322858243,1.0
Acc6,Obesity/GLP-1R,KEGG,prerank,-0.7962234346464846,1.0
Acc6,Obesity/GLP-1R,KEGG,prerank,-0.7902078860856071,1.0
Acc6,Obesity/GLP-1R,KEGG,prerank,-0.7887956601895625,1.0
Acc6,Obesity/GLP-1R,KEGG,prerank,-0.7848155221470621,1.0
Acc6,Obesity/GLP-1R,KEGG,prerank,0.7847110576446225,1.0
Acc6,Obesity/GLP-1R,KEGG,prerank,0.7819360175771217,1.0
Acc6,Obesity/GLP-1R,KEGG,prerank,-0.7812837300642868,1.0
Acc6,Obesity/GLP-1R,KEGG,prerank,-0.7802649722259712,1.0
Acc6,Obesity/GLP-1R,KEGG,prerank,0.7783964744903384,1.0
Acc6,Obesity/GLP-1R,KEGG,prerank,-0.7718093187587008,1.0
Acc6,Obesity/GLP-1R,KEGG,prerank,-0.7653962544204809,1.0
Acc6,Obesity/GLP-1R,KEGG,prerank,-0.76153467609846,1.0
Acc6,Obesity/GLP-1R,KEGG,prerank,-0.7576292073806395,1.0
Acc6,Obesity/GLP-1R,KEGG,prerank,0.7560625162755544,1.0
Acc6,Obesity/GLP-1R,KEGG,prerank,-0.7528675592572543,1.0
Acc6,Obesity/GLP-1R,KEGG,prerank,-0.7518775719333624,1.0
Acc6,Obesity/GLP-1R,KEGG,prerank,0.7500775652506952,1.0
Acc6,Obesity/GLP-1R,KEGG,prerank,-0.7433060636574369,1.0
Acc6,Obesity/GLP-1R,KEGG,prerank,0.7378140490007009,1.0
Acc6,Obesity/GLP-1R,KEGG,prerank,0.7356107737598118,1.0
Acc6,Obesity/GLP-1R,KEGG,prerank,-0.7307077941880534,1.0
Acc6,Obesity/GLP-1R,KEGG,prerank,-0.7284602828104749,1.0
Acc6,Obesity/GLP-1R,KEGG,prerank,-0.7282790651723108,1.0
Acc6,Obesity/GLP-1R,KEGG,prerank,-0.7275227512934089,1.0
Acc6,Obesity/GLP-1R,KEGG,prerank,0.7273504810287448,1.0
Acc6,Obesity/GLP-1R,KEGG,prerank,-0.7252979060006727,1.0
Acc6,Obesity/GLP-1R,KEGG,prerank,0.7250400824061283,1.0
Acc6,Obesity/GLP-1R,KEGG,prerank,-0.724739856231704,1.0
Acc6,Obesity/GLP-1R,KEGG,prerank,0.7227134815813109,1.0
Acc6,Obesity/GLP-1R,KEGG,prerank,-0.7215719997937092,1.0
Acc6,Obesity/GLP-1R,KEGG,prerank,-0.7182556920565129,1.0
Acc6,Obesity/GLP-1R,KEGG,prerank,-0.7174313208371563,1.0
Acc6,Obesity/GLP-1R,KEGG,prerank,-0.710935477079124,1.0
Acc6,Obesity/GLP-1R,KEGG,prerank,-0.6932106057215989,1.0
Acc6,Obesity/GLP-1R,KEGG,prerank,-0.6916568884988779,1.0
Acc6,Obesity/GLP-1R,KEGG,prerank,-0.6821355434106828,1.0
Acc6,Obesity/GLP-1R,KEGG,prerank,-0.6705703474668948,1.0
Acc6,Obesity/GLP-1R,KEGG,prerank,-0.6640022813966917,1.0
Acc6,Obesity/GLP-1R,KEGG,prerank,0.6636976827779779,1.0
Acc6,Obesity/GLP-1R,KEGG,prerank,-0.6627582996619372,1.0
Acc6,Obesity/GLP-1R,KEGG,prerank,0.6610466438412851,1.0
Acc6,Obesity/GLP-1R,KEGG,prerank,-0.6547708617182552,1.0
Acc6,Obesity/GLP-1R,KEGG,prerank,-0.643288937096299,1.0
Acc6,Obesity/GLP-1R,KEGG,prerank,-0.6394102859935973,1.0
Acc6,Obesity/GLP-1R,KEGG,prerank,-0.6347548564419746,1.0
Acc6,Obesity/GLP-1R,KEGG,prerank,0.6311547386683057,1.0
Acc6,Obesity/GLP-1R,KEGG,prerank,-0.613810448450456,1.0
Acc6,Obesity/GLP-1R,KEGG,prerank,-0.6135294653375084,1.0
Acc6,Obesity/GLP-1R,KEGG,prerank,0.610789512002926,1.0
Acc6,Obesity/GLP-1R,KEGG,prerank,0.6083916221837259,1.0
Acc6,Obesity/GLP-1R,KEGG,prerank,-0.6037348865637643,1.0
Acc6,Obesity/GLP-1R,KEGG,prerank,0.6032000299659019,1.0
Acc6,Obesity/GLP-1R,KEGG,prerank,-0.6026217860394257,1.0
Acc6,Obesity/GLP-1R,KEGG,prerank,-0.5961343841854491,1.0
Acc6,Obesity/GLP-1R,KEGG,prerank,-0.5818443135321925,1.0
Acc6,Obesity/GLP-1R,KEGG,prerank,0.562335301351385,1.0
Acc6,Obesity/GLP-1R,KEGG,prerank,-0.5599559873792403,1.0
Acc6,Obesity/GLP-1R,KEGG,prerank,-0.5547796156544761,1.0
Acc6,Obesity/GLP-1R,KEGG,prerank,-0.5451149342750886,1.0
Acc6,Obesity/GLP-1R,KEGG,prerank,-0.5015935504800814,1.0
Acc6,Obesity/GLP-1R,KEGG,prerank,0.4969078660229189,1.0
Acc6,Obesity/GLP-1R,KEGG,prerank,-0.4741129906229799,1.0
Acc6,Obesity/GLP-1R,KEGG,prerank,0.4703658329842276,1.0
Acc6,Obesity/GLP-1R,KEGG,prerank,-0.47019526430894665,1.0
Acc6,Obesity/GLP-1R,KEGG,prerank,-0.461216614017662,1.0
Acc6,Obesity/GLP-1R,KEGG,prerank,0.44914207609817497,1.0
Acc6,Obesity/GLP-1R,KEGG,prerank,-0.4446927016260565,1.0
Acc6,Obesity/GLP-1R,KEGG,prerank,0.4332445619857687,0.9960579586618368
Acc6,Obesity/GLP-1R,KEGG,prerank,-0.4243368035000797,1.0
Acc6,Obesity/GLP-1R,KEGG,prerank,-0.41530220929338685,1.0
Acc6,Obesity/GLP-1R,KEGG,prerank,-0.38215740207891713,0.9984068745775804
Acc8,Aging,KEGG,prerank,-2.1907901622672155,0.14206915108300822
Acc8,Aging,KEGG,prerank,2.122396121446043,0.01
Acc8,Aging,KEGG,prerank,-2.0872271145663435,0.13023005515942418
Acc8,Aging,KEGG,prerank,2.048951672843792,0.01
Acc8,Aging,KEGG,prerank,1.9534920675530119,0.016602977994465674
Acc8,Aging,KEGG,prerank,-1.9191691647446152,0.18942553477734428
Acc8,Aging,KEGG,prerank,-1.8626781663242709,0.23678191847168034
Acc8,Aging,KEGG,prerank,1.8581621887984014,0.026288048491237316
Acc8,Aging,KEGG,prerank,1.822639200055737,0.03652655158782449
Acc8,Aging,KEGG,prerank,-1.8077987186418396,0.2557244719494148
Acc8,Aging,KEGG,prerank,-1.735488525335849,0.2999237633974618
Acc8,Aging,KEGG,prerank,1.688023161028544,0.12636711029121095
Acc8,Aging,KEGG,prerank,1.6611386774806058,0.13835814995388063
Acc8,Aging,KEGG,prerank,1.6509287330036317,0.12867307945710899
Acc8,Aging,KEGG,prerank,1.6415352445719475,0.12052532173760269
Acc8,Aging,KEGG,prerank,1.6237074215788254,0.12728949795757016
Acc8,Aging,KEGG,prerank,-1.6113883512879348,0.47694643577867035
Acc8,Aging,KEGG,prerank,1.5748460112245148,0.16854538267109093
Acc8,Aging,KEGG,prerank,-1.5578724335518033,0.5682766043320329
Acc8,Aging,KEGG,prerank,1.5322848306581651,0.216761101594413
Acc8,Aging,KEGG,prerank,1.5133972667584124,0.23755030053620121
Acc8,Aging,KEGG,prerank,1.5068008097521075,0.2304651469231783
Acc8,Aging,KEGG,prerank,1.5002843007387556,0.22727632099090792
Acc8,Aging,KEGG,prerank,-1.4839730879064983,0.7945348819827496
Acc8,Aging,KEGG,prerank,1.4788131260048178,0.2563084727895638
Acc8,Aging,KEGG,prerank,-1.4744750314152237,0.7434952240010764
Acc8,Aging,KEGG,prerank,1.4631421233389512,0.2832272716702968
Acc8,Aging,KEGG,prerank,-1.4511921770943708,0.7770752051661509
Acc8,Aging,KEGG,prerank,-1.4457570512427673,0.7379703125700704
Acc8,Aging,KEGG,prerank,1.4453961436851728,0.3056177801203497
Acc8,Aging,KEGG,prerank,1.422813198492735,0.3434194922013163
Acc8,Aging,KEGG,prerank,1.407850552688584,0.355857161681381
Acc8,Aging,KEGG,prerank,1.3990827844691784,0.3639478192120174
Acc8,Aging,KEGG,prerank,1.384019187332459,0.3916793445058039
Acc8,Aging,KEGG,prerank,-1.3839112435235486,0.916163884548117
Acc8,Aging,KEGG,prerank,1.3824783362332724,0.37898101943889045
Acc8,Aging,KEGG,prerank,1.3817107155381594,0.36480432204506524
Acc8,Aging,KEGG,prerank,-1.3693899312916846,0.9234494820395533
Acc8,Aging,KEGG,prerank,1.3684702444724786,0.379212017393596
Acc8,Aging,KEGG,prerank,-1.3569567909319376,0.9139782053006862
Acc8,Aging,KEGG,prerank,-1.3476637455665377,0.9056908381541774
Acc8,Aging,KEGG,prerank,1.346462113228672,0.4201830584753236
Acc8,Aging,KEGG,prerank,-1.325404914340783,0.9652345264757323
Acc8,Aging,KEGG,prerank,-1.290873610062357,1.0
Acc8,Aging,KEGG,prerank,-1.284097641364962,1.0
Acc8,Aging,KEGG,prerank,-1.252706692909782,1.0
Acc8,Aging,KEGG,prerank,-1.248571511228445,1.0
Acc8,Aging,KEGG,prerank,1.2267787384927495,0.8020673196585703
Acc8,Aging,KEGG,prerank,1.2195663042900042,0.7999077612333642
Acc8,Aging,KEGG,prerank,-1.2182914624780534,1.0
Acc8,Aging,KEGG,prerank,1.2138595647086556,0.7971337825618751
Acc8,Aging,KEGG,prerank,1.211128094151057,0.7810778758729741
Acc8,Aging,KEGG,prerank,-1.2059268964968888,1.0
Acc8,Aging,KEGG,prerank,-1.203326502458927,1.0
Acc8,Aging,KEGG,prerank,-1.1981516378265167,1.0
Acc8,Aging,KEGG,prerank,1.1958115648234386,0.8171164546308537
Acc8,Aging,KEGG,prerank,1.1808440739528152,0.8534968375280011
Acc8,Aging,KEGG,prerank,1.1784418955902498,0.8373602942057284
Acc8,Aging,KEGG,prerank,1.1682322254041373,0.8544022695387287
Acc8,Aging,KEGG,prerank,1.1669580531271664,0.8361575965212807
Acc8,Aging,KEGG,prerank,-1.1610442172624766,1.0
Acc8,Aging,KEGG,prerank,-1.15867356312664,1.0
Acc8,Aging,KEGG,prerank,-1.1525614415674696,1.0
Acc8,Aging,KEGG,prerank,-1.1521204906602276,1.0
Acc8,Aging,KEGG,prerank,1.147226626017377,0.8973294680897791
Acc8,Aging,KEGG,prerank,-1.1471992980533903,1.0
Acc8,Aging,KEGG,prerank,-1.141981780263846,1.0
Acc8,Aging,KEGG,prerank,-1.1354411358581136,1.0
Acc8,Aging,KEGG,prerank,-1.1255873510551824,1.0
Acc8,Aging,KEGG,prerank,-1.1250361757472727,1.0
Acc8,Aging,KEGG,prerank,1.1221839482145384,0.9819689237267311
Acc8,Aging,KEGG,prerank,1.1220846396646422,0.9562732764180845
Acc8,Aging,KEGG,prerank,1.1190136003354743,0.9465116514793679
Acc8,Aging,KEGG,prerank,-1.118790392333358,1.0
Acc8,Aging,KEGG,prerank,-1.1172554753554746,1.0
Acc8,Aging,KEGG,prerank,-1.1170874899135563,1.0
Acc8,Aging,KEGG,prerank,-1.113608811034486,1.0
Acc8,Aging,KEGG,prerank,-1.11181708903406,1.0
Acc8,Aging,KEGG,prerank,-1.109224199796439,1.0
Acc8,Aging,KEGG,prerank,-1.10897189754941,1.0
Acc8,Aging,KEGG,prerank,1.1085762952002582,0.9674001844775334
Acc8,Aging,KEGG,prerank,-1.105507663204826,1.0
Acc8,Aging,KEGG,prerank,-1.0977359026341746,1.0
Acc8,Aging,KEGG,prerank,-1.0936145704041558,1.0
Acc8,Aging,KEGG,prerank,1.088805576382456,1.0
Acc8,Aging,KEGG,prerank,-1.0871708182549888,1.0
Acc8,Aging,KEGG,prerank,-1.0867823110173191,1.0
Acc8,Aging,KEGG,prerank,-1.0827390971780206,1.0
Acc8,Aging,KEGG,prerank,1.0824816638773993,1.0
Acc8,Aging,KEGG,prerank,-1.0806746172793849,1.0
Acc8,Aging,KEGG,prerank,-1.072893980293884,1.0
Acc8,Aging,KEGG,prerank,-1.066515460487079,1.0
Acc8,Aging,KEGG,prerank,1.0655173539663239,1.0
Acc8,Aging,KEGG,prerank,-1.065035897607714,1.0
Acc8,Aging,KEGG,prerank,1.049678356549357,1.0
Acc8,Aging,KEGG,prerank,-1.0487260748604206,1.0
Acc8,Aging,KEGG,prerank,-1.0421181230597951,1.0
Acc8,Aging,KEGG,prerank,-1.0419682445514087,1.0
Acc8,Aging,KEGG,prerank,-1.0398219223879899,1.0
Acc8,Aging,KEGG,prerank,-1.0386435150741906,1.0
Acc8,Aging,KEGG,prerank,1.0311480896944074,1.0
Acc8,Aging,KEGG,prerank,-1.0301441765440635,1.0
Acc8,Aging,KEGG,prerank,-1.0273519139711387,1.0
Acc8,Aging,KEGG,prerank,1.0257359228234268,1.0
Acc8,Aging,KEGG,prerank,-1.0200204343387904,1.0
Acc8,Aging,KEGG,prerank,-1.0198712826905025,1.0
Acc8,Aging,KEGG,prerank,1.01833322444348,1.0
Acc8,Aging,KEGG,prerank,-1.0121789004802533,1.0
Acc8,Aging,KEGG,prerank,-1.0094764402582839,1.0
Acc8,Aging,KEGG,prerank,-1.0088560689288846,1.0
Acc8,Aging,KEGG,prerank,-1.0059796583246743,1.0
Acc8,Aging,KEGG,prerank,-1.0054386331027592,1.0
Acc8,Aging,KEGG,prerank,1.0018502988280216,1.0
Acc8,Aging,KEGG,prerank,1.001233924329213,1.0
Acc8,Aging,KEGG,prerank,1.000669769909839,1.0
Acc8,Aging,KEGG,prerank,-0.9996621837964211,1.0
Acc8,Aging,KEGG,prerank,-0.9909188432833859,1.0
Acc8,Aging,KEGG,prerank,0.9878633030463881,1.0
Acc8,Aging,KEGG,prerank,-0.9802415148925576,1.0
Acc8,Aging,KEGG,prerank,-0.9743702430244965,1.0
Acc8,Aging,KEGG,prerank,-0.9693637447866226,1.0
Acc8,Aging,KEGG,prerank,-0.9610909261341796,1.0
Acc8,Aging,KEGG,prerank,0.958328573520107,1.0
Acc8,Aging,KEGG,prerank,-0.9579672410840019,1.0
Acc8,Aging,KEGG,prerank,-0.9576259667639614,1.0
Acc8,Aging,KEGG,prerank,0.9576095042159504,1.0
Acc8,Aging,KEGG,prerank,0.9540862020204686,1.0
Acc8,Aging,KEGG,prerank,-0.9482488276363642,1.0
Acc8,Aging,KEGG,prerank,-0.9477669773439538,1.0
Acc8,Aging,KEGG,prerank,0.9427587926490819,1.0
Acc8,Aging,KEGG,prerank,0.9427200665428509,1.0
Acc8,Aging,KEGG,prerank,-0.9408529460198258,1.0
Acc8,Aging,KEGG,prerank,0.9408171687394944,1.0
Acc8,Aging,KEGG,prerank,-0.9406849997652253,1.0
Acc8,Aging,KEGG,prerank,-0.9387844123634632,1.0
Acc8,Aging,KEGG,prerank,-0.9384718679281213,1.0
Acc8,Aging,KEGG,prerank,0.9296220901639168,1.0
Acc8,Aging,KEGG,prerank,0.9183021305833724,1.0
Acc8,Aging,KEGG,prerank,0.9171149834527448,1.0
Acc8,Aging,KEGG,prerank,0.9144655979966401,1.0
Acc8,Aging,KEGG,prerank,0.906100449373636,1.0
Acc8,Aging,KEGG,prerank,-0.9017990826625969,1.0
Acc8,Aging,KEGG,prerank,0.8988662808819923,1.0
Acc8,Aging,KEGG,prerank,0.8974861327696578,1.0
Acc8,Aging,KEGG,prerank,-0.8959804725607643,1.0
Acc8,Aging,KEGG,prerank,-0.8927114222020152,1.0
Acc8,Aging,KEGG,prerank,-0.8922677010546708,1.0
Acc8,Aging,KEGG,prerank,-0.8918540378959028,1.0
Acc8,Aging,KEGG,prerank,-0.8704888044331713,1.0
Acc8,Aging,KEGG,prerank,0.8687337769270191,1.0
Acc8,Aging,KEGG,prerank,-0.865607828704144,1.0
Acc8,Aging,KEGG,prerank,-0.8648746585160174,1.0
Acc8,Aging,KEGG,prerank,-0.8626507692174206,1.0
Acc8,Aging,KEGG,prerank,-0.8622101209221182,1.0
Acc8,Aging,KEGG,prerank,-0.8606470753589038,1.0
Acc8,Aging,KEGG,prerank,0.859923737450467,1.0
Acc8,Aging,KEGG,prerank,-0.8486070469131127,1.0
Acc8,Aging,KEGG,prerank,-0.8474405219410069,1.0
Acc8,Aging,KEGG,prerank,-0.8460886312455417,1.0
Acc8,Aging,KEGG,prerank,0.8435973419699349,1.0
Acc8,Aging,KEGG,prerank,-0.8415197317957247,1.0
Acc8,Aging,KEGG,prerank,-0.8413159449854619,1.0
Acc8,Aging,KEGG,prerank,0.8349753892510702,1.0
Acc8,Aging,KEGG,prerank,-0.8349636001368861,1.0
Acc8,Aging,KEGG,prerank,-0.8332081004516027,1.0
Acc8,Aging,KEGG,prerank,-0.8297845671942643,1.0
Acc8,Aging,KEGG,prerank,-0.8292286670225387,1.0
Acc8,Aging,KEGG,prerank,-0.8283526455968101,1.0
Acc8,Aging,KEGG,prerank,0.8275642621382067,1.0
Acc8,Aging,KEGG,prerank,0.8270221183497063,1.0
Acc8,Aging,KEGG,prerank,0.8268360302500707,1.0
Acc8,Aging,KEGG,prerank,0.8261487561243642,1.0
Acc8,Aging,KEGG,prerank,-0.8211358135013227,1.0
Acc8,Aging,KEGG,prerank,-0.8148056586586103,1.0
Acc8,Aging,KEGG,prerank,-0.8139333556869287,1.0
Acc8,Aging,KEGG,prerank,-0.8064154195791422,1.0
Acc8,Aging,KEGG,prerank,-0.8061255221537826,1.0
Acc8,Aging,KEGG,prerank,-0.8053281471281677,1.0
Acc8,Aging,KEGG,prerank,0.8051657540817512,1.0
Acc8,Aging,KEGG,prerank,-0.8049262452495997,1.0
Acc8,Aging,KEGG,prerank,-0.8034385614368595,1.0
Acc8,Aging,KEGG,prerank,-0.803055204623155,1.0
Acc8,Aging,KEGG,prerank,0.802207866369117,1.0
Acc8,Aging,KEGG,prerank,0.8012405800449439,1.0
Acc8,Aging,KEGG,prerank,-0.7996621465061998,1.0
Acc8,Aging,KEGG,prerank,0.7994058821898937,1.0
Acc8,Aging,KEGG,prerank,-0.795612736561555,1.0
Acc8,Aging,KEGG,prerank,-0.7935645262997123,1.0
Acc8,Aging,KEGG,prerank,-0.7931473432995556,1.0
Acc8,Aging,KEGG,prerank,-0.7929882771921707,1.0
Acc8,Aging,KEGG,prerank,0.7918889104943462,1.0
Acc8,Aging,KEGG,prerank,-0.7915472178185892,1.0
Acc8,Aging,KEGG,prerank,-0.7841044782502804,1.0
Acc8,Aging,KEGG,prerank,-0.7818790950470692,1.0
Acc8,Aging,KEGG,prerank,-0.7767213013811174,1.0
Acc8,Aging,KEGG,prerank,-0.7764193841245447,1.0
Acc8,Aging,KEGG,prerank,-0.7711056504892604,1.0
Acc8,Aging,KEGG,prerank,-0.7671783572629842,1.0
Acc8,Aging,KEGG,prerank,0.7655343984430357,1.0
Acc8,Aging,KEGG,prerank,-0.7642972131838086,1.0
Acc8,Aging,KEGG,prerank,0.7609917295099707,1.0
Acc8,Aging,KEGG,prerank,0.7577247627828076,1.0
Acc8,Aging,KEGG,prerank,0.7553416545558073,1.0
Acc8,Aging,KEGG,prerank,0.7487897041954245,1.0
Acc8,Aging,KEGG,prerank,0.746225655474581,1.0
Acc8,Aging,KEGG,prerank,-0.7440913004391526,1.0
Acc8,Aging,KEGG,prerank,-0.7430699086195106,1.0
Acc8,Aging,KEGG,prerank,0.742015528174884,1.0
Acc8,Aging,KEGG,prerank,0.7370027887220307,1.0
Acc8,Aging,KEGG,prerank,0.7359547085678132,1.0
Acc8,Aging,KEGG,prerank,-0.7332446113763825,1.0
Acc8,Aging,KEGG,prerank,-0.7329686802826003,1.0
Acc8,Aging,KEGG,prerank,-0.7320161870916033,1.0
Acc8,Aging,KEGG,prerank,-0.7222579505151449,1.0
Acc8,Aging,KEGG,prerank,-0.7217925318661096,1.0
Acc8,Aging,KEGG,prerank,0.7203113826973541,1.0
Acc8,Aging,KEGG,prerank,-0.7160565404807536,1.0
Acc8,Aging,KEGG,prerank,-0.7154820638500464,1.0
Acc8,Aging,KEGG,prerank,0.7127127163090506,1.0
Acc8,Aging,KEGG,prerank,-0.7115859056838777,1.0
Acc8,Aging,KEGG,prerank,-0.7085681263541269,1.0
Acc8,Aging,KEGG,prerank,-0.7020040084391317,1.0
Acc8,Aging,KEGG,prerank,-0.6992025917136546,1.0
Acc8,Aging,KEGG,prerank,-0.6972378675771131,1.0
Acc8,Aging,KEGG,prerank,0.6944285121233092,1.0
Acc8,Aging,KEGG,prerank,-0.692229436130815,1.0
Acc8,Aging,KEGG,prerank,-0.6839516350464196,1.0
Acc8,Aging,KEGG,prerank,-0.6819618882414628,1.0
Acc8,Aging,KEGG,prerank,-0.6806870688351195,1.0
Acc8,Aging,KEGG,prerank,-0.6765088694248353,1.0
Acc8,Aging,KEGG,prerank,-0.6743722337665625,1.0
Acc8,Aging,KEGG,prerank,-0.6679136519529939,1.0
Acc8,Aging,KEGG,prerank,0.6611435082086214,1.0
Acc8,Aging,KEGG,prerank,-0.6598447002090062,1.0
Acc8,Aging,KEGG,prerank,-0.6553444085448635,1.0
Acc8,Aging,KEGG,prerank,-0.654795965232248,1.0
Acc8,Aging,KEGG,prerank,-0.6546894220266015,1.0
Acc8,Aging,KEGG,prerank,0.6499168520402535,1.0
Acc8,Aging,KEGG,prerank,-0.6476440768923549,1.0
Acc8,Aging,KEGG,prerank,0.6449718902648338,1.0
Acc8,Aging,KEGG,prerank,-0.6421890315343329,1.0
Acc8,Aging,KEGG,prerank,-0.6417203423039407,1.0
Acc8,Aging,KEGG,prerank,-0.6403639796811013,1.0
Acc8,Aging,KEGG,prerank,0.6373883041493806,1.0
Acc8,Aging,KEGG,prerank,0.6369625920531655,1.0
Acc8,Aging,KEGG,prerank,-0.6294307022499043,1.0
Acc8,Aging,KEGG,prerank,-0.62664429140696,1.0
Acc8,Aging,KEGG,prerank,-0.6265601654652377,1.0
Acc8,Aging,KEGG,prerank,-0.6263766903043697,1.0
Acc8,Aging,KEGG,prerank,0.6263398988678492,1.0
Acc8,Aging,KEGG,prerank,0.6263222560538104,1.0
Acc8,Aging,KEGG,prerank,0.619969415320503,1.0
Acc8,Aging,KEGG,prerank,-0.6142771661049057,1.0
Acc8,Aging,KEGG,prerank,0.6131441883754415,1.0
Acc8,Aging,KEGG,prerank,0.6079750217584939,1.0
Acc8,Aging,KEGG,prerank,-0.606850723281289,1.0
Acc8,Aging,KEGG,prerank,-0.5856437235073285,1.0
Acc8,Aging,KEGG,prerank,0.582012178902343,1.0
Acc8,Aging,KEGG,prerank,-0.5810878261412374,1.0
Acc8,Aging,KEGG,prerank,-0.5772691096248577,1.0
Acc8,Aging,KEGG,prerank,0.5758753713979137,1.0
Acc8,Aging,KEGG,prerank,-0.5716425513696147,1.0
Acc8,Aging,KEGG,prerank,0.5698025828948613,1.0
Acc8,Aging,KEGG,prerank,-0.568165613812803,1.0
Acc8,Aging,KEGG,prerank,0.5588353591785319,1.0
Acc8,Aging,KEGG,prerank,0.558277480984706,1.0
Acc8,Aging,KEGG,prerank,-0.5557493697586308,1.0
Acc8,Aging,KEGG,prerank,0.551617321831217,1.0
Acc8,Aging,KEGG,prerank,0.5417922602844408,1.0
Acc8,Aging,KEGG,prerank,0.5399603893574647,1.0
Acc8,Aging,KEGG,prerank,0.5392198823384116,1.0
Acc8,Aging,KEGG,prerank,-0.5319033952188832,1.0
Acc8,Aging,KEGG,prerank,0.5268030877998172,1.0
Acc8,Aging,KEGG,prerank,-0.5267318309500866,1.0
Acc8,Aging,KEGG,prerank,0.5248033891706233,1.0
Acc8,Aging,KEGG,prerank,0.521289170093836,1.0
Acc8,Aging,KEGG,prerank,0.5201067529064929,1.0
Acc8,Aging,KEGG,prerank,-0.5145007406989939,1.0
Acc8,Aging,KEGG,prerank,0.5142390572183346,1.0
Acc8,Aging,KEGG,prerank,0.5089957884787445,1.0
Acc8,Aging,KEGG,prerank,-0.4851435217589816,1.0
Acc8,Aging,KEGG,prerank,0.48121720981143107,1.0
Acc8,Aging,KEGG,prerank,-0.4783149243042541,1.0
Acc8,Aging,KEGG,prerank,-0.47811895124751014,1.0
Acc8,Aging,KEGG,prerank,-0.4698987094779864,1.0
Acc8,Aging,KEGG,prerank,0.46340265651873175,1.0
Acc8,Aging,KEGG,prerank,-0.46327113420886606,1.0
Acc8,Aging,KEGG,prerank,0.4477045713118585,1.0
Acc8,Aging,KEGG,prerank,-0.4376714774241255,1.0
Acc8,Aging,KEGG,prerank,-0.4351618954809253,1.0
Acc8,Aging,KEGG,prerank,0.4342847370286829,1.0
Acc8,Aging,KEGG,prerank,0.4337227931221231,1.0
Acc8,Aging,KEGG,prerank,-0.4268753945871232,1.0
Acc8,Aging,KEGG,prerank,0.4219758508782798,1.0
Acc8,Aging,KEGG,prerank,0.41480752710171787,1.0
Acc8,Aging,KEGG,prerank,0.413759723153672,1.0
Acc8,Aging,KEGG,prerank,0.39966794804442773,1.0
Acc8,Aging,KEGG,prerank,0.353221599196544,1.0
Acc8,Aging,KEGG,prerank,-0.3468913164839862,1.0
Acc8,Aging,KEGG,prerank,0.3410626845312428,1.0
Acc8,Aging,KEGG,prerank,-0.3175128334210644,1.0
Acc8,Aging,KEGG,prerank,0.31291681861957615,0.9999560767777924
Acc10,TBI,KEGG,prerank,1.866254374268934,0.19775829541671291
Acc10,TBI,KEGG,prerank,1.8108637124436249,0.20674730884474532
Acc10,TBI,KEGG,prerank,-1.8039043096450011,0.56516248526688
Acc10,TBI,KEGG,prerank,-1.7960695290023523,0.2941151709041926
Acc10,TBI,KEGG,prerank,-1.780858431939788,0.21914463714430038
Acc10,TBI,KEGG,prerank,-1.7466999932881915,0.21914463714430038
Acc10,TBI,KEGG,prerank,1.7328508383855445,0.30862279436244594
Acc10,TBI,KEGG,prerank,-1.6802524324480215,0.3068024920020206
Acc10,TBI,KEGG,prerank,-1.6693277942923623,0.28450356401189875
Acc10,TBI,KEGG,prerank,1.6356406361333156,0.5663078459660416
Acc10,TBI,KEGG,prerank,-1.6297539012400095,0.3130637673490006
Acc10,TBI,KEGG,prerank,-1.5963650489333336,0.3445761070887355
Acc10,TBI,KEGG,prerank,1.5961529732062916,0.5968704916213516
Acc10,TBI,KEGG,prerank,1.5880068354703663,0.5198646099212074
Acc10,TBI,KEGG,prerank,1.585678188285872,0.4520189609524866
Acc10,TBI,KEGG,prerank,-1.578123076337069,0.3332023722661877
Acc10,TBI,KEGG,prerank,-1.5771906535749063,0.30334231352079477
Acc10,TBI,KEGG,prerank,-1.5764112220118633,0.2789113563654732
Acc10,TBI,KEGG,prerank,-1.56167312200079,0.28162008194421057
Acc10,TBI,KEGG,prerank,-1.5552482199842288,0.265280350227311
Acc10,TBI,KEGG,prerank,-1.553747593506091,0.24962716185986095
Acc10,TBI,KEGG,prerank,1.5496620906501155,0.5157446454333593
Acc10,TBI,KEGG,prerank,1.5245519705927404,0.541338364221507
Acc10,TBI,KEGG,prerank,1.5219229277354498,0.4979913439129952
Acc10,TBI,KEGG,prerank,1.5132869519440861,0.4821379929581017
Acc10,TBI,KEGG,prerank,1.5078961612579378,0.46143602263899686
Acc10,TBI,KEGG,prerank,-1.505427597111755,0.3191053488241567
Acc10,TBI,KEGG,prerank,-1.4999483003893328,0.31285780434416566
Acc10,TBI,KEGG,prerank,-1.4892656839123342,0.313451462416925
Acc10,TBI,KEGG,prerank,1.4883963737354424,0.48333233739958853
Acc10,TBI,KEGG,prerank,1.4828001453484596,0.46550248109453524
Acc10,TBI,KEGG,prerank,1.4796941821735883,0.443457995782932
Acc10,TBI,KEGG,prerank,-1.4795763086747338,0.31397915848159996
Acc10,TBI,KEGG,prerank,1.4717061039479453,0.44551797802685605
Acc10,TBI,KEGG,prerank,1.4676143976421283,0.42882881706672243
Acc10,TBI,KEGG,prerank,1.4653427874562623,0.41349461768949064
Acc10,TBI,KEGG,prerank,-1.4646338211335586,0.3284134312882729
Acc10,TBI,KEGG,prerank,-1.4528178632908353,0.33275383061121405
Acc10,TBI,KEGG,prerank,-1.4433931263641577,0.33997626664742336
Acc10,TBI,KEGG,prerank,-1.4364940713728431,0.3344839198518269
Acc10,TBI,KEGG,prerank,-1.433023354954324,0.32796474300314066
Acc10,TBI,KEGG,prerank,-1.4321770234520919,0.3147801257226244
Acc10,TBI,KEGG,prerank,-1.4243935256146578,0.3201818487960936
Acc10,TBI,KEGG,prerank,-1.4202811783775382,0.31540857694250524
Acc10,TBI,KEGG,prerank,1.4163478756374657,0.5440718653809088
Acc10,TBI,KEGG,prerank,1.41314866107187,0.5276550882255022
Acc10,TBI,KEGG,prerank,1.408973512780609,0.5149420549487136
Acc10,TBI,KEGG,prerank,1.4078981017585777,0.4931699639834142
Acc10,TBI,KEGG,prerank,-1.4075449646651286,0.32978491203781657
Acc10,TBI,KEGG,prerank,1.4037591673942345,0.48149845840590977
Acc10,TBI,KEGG,prerank,1.4007978558596796,0.47042503606702923
Acc10,TBI,KEGG,prerank,1.3943559277643096,0.467428698257685
Acc10,TBI,KEGG,prerank,1.3862327051070356,0.4688116234004593
Acc10,TBI,KEGG,prerank,1.384179361137132,0.4564421262900899
Acc10,TBI,KEGG,prerank,-1.377569772519213,0.38020770692516775
Acc10,TBI,KEGG,prerank,1.3769309800360334,0.45715554005421943
Acc10,TBI,KEGG,prerank,-1.373496835039913,0.3782333029477853
Acc10,TBI,KEGG,prerank,1.3618834179928012,0.4810672013898722
Acc10,TBI,KEGG,prerank,-1.3607063888235313,0.39023123982713137
Acc10,TBI,KEGG,prerank,1.3554537187145643,0.4827100210853401
Acc10,TBI,KEGG,prerank,1.3530521813558491,0.47293809358454364
Acc10,TBI,KEGG,prerank,-1.3503891557995866,0.4040595516786252
Acc10,TBI,KEGG,prerank,-1.3445248013020166,0.4011644426671157
Acc10,TBI,KEGG,prerank,-1.3443105688726207,0.3893574573823774
Acc10,TBI,KEGG,prerank,1.3318299024449296,0.5216436854955055
Acc10,TBI,KEGG,prerank,1.3281865060343696,0.5156424975534952
Acc10,TBI,KEGG,prerank,-1.3278558387127792,0.40945445361171917
Acc10,TBI,KEGG,prerank,-1.3278294206278471,0.3977557549370986
Acc10,TBI,KEGG,prerank,1.3273098746837289,0.5017984554825149
Acc10,TBI,KEGG,prerank,1.3270838273094028,0.48771818570952963
Acc10,TBI,KEGG,prerank,1.3260079226824162,0.4791643546776163
Acc10,TBI,KEGG,prerank,1.32490872005403,0.4686434298020138
Acc10,TBI,KEGG,prerank,-1.3245532416262382,0.39215356120559014
Acc10,TBI,KEGG,prerank,1.320134281586887,0.47050388706201196
Acc10,TBI,KEGG,prerank,-1.2989061738972756,0.4382892742886008
Acc10,TBI,KEGG,prerank,-1.2976083707137924,0.42918354144326976
Acc10,TBI,KEGG,prerank,-1.2944524872621068,0.42527663726518755
Acc10,TBI,KEGG,prerank,-1.2911928871018612,0.42271847112308475
Acc10,TBI,KEGG,prerank,-1.2892977781192565,0.4171906250128337
Acc10,TBI,KEGG,prerank,1.2888884594969228,0.5391103181581487
Acc10,TBI,KEGG,prerank,1.2784085331250425,0.5505770724669848
Acc10,TBI,KEGG,prerank,-1.2701445678118561,0.4468024118217754
Acc10,TBI,KEGG,prerank,1.2701033335171514,0.5612652286771452
Acc10,TBI,KEGG,prerank,-1.2681480300601071,0.4404351214087408
Acc10,TBI,KEGG,prerank,1.2668656428670857,0.5568907842795313
Acc10,TBI,KEGG,prerank,-1.264512659151805,0.435930061687765
Acc10,TBI,KEGG,prerank,-1.2642118017314738,0.42675534601784815
Acc10,TBI,KEGG,prerank,1.2605708079932154,0.5644264245508719
Acc10,TBI,KEGG,prerank,-1.2548297467446217,0.43979369971522075
Acc10,TBI,KEGG,prerank,-1.2485998923490766,0.44614216162187914
Acc10,TBI,KEGG,prerank,1.2410672951043793,0.6059412233532754
Acc10,TBI,KEGG,prerank,1.2389193621627717,0.6002663411386083
Acc10,TBI,KEGG,prerank,-1.228691235723064,0.48082063478700116
Acc10,TBI,KEGG,prerank,1.2267787390689027,0.6255180865898202
Acc10,TBI,KEGG,prerank,1.2261586212289333,0.6143130027838316
Acc10,TBI,KEGG,prerank,-1.2255612999532322,0.4790111026730948
Acc10,TBI,KEGG,prerank,-1.2231407838906585,0.4747364876241792
Acc10,TBI,KEGG,prerank,1.216289818325475,0.6324145488846965
Acc10,TBI,KEGG,prerank,-1.2114389402149557,0.4921142728854465
Acc10,TBI,KEGG,prerank,-1.2035691930633465,0.5026131050293368
Acc10,TBI,KEGG,prerank,-1.2019507844292814,0.4957412943542366
Acc10,TBI,KEGG,prerank,-1.2014946214020912,0.4878424475999825
Acc10,TBI,KEGG,prerank,1.200200023343947,0.6650035444207646
Acc10,TBI,KEGG,prerank,-1.1998962240705535,0.48337644843790656
Acc10,TBI,KEGG,prerank,-1.1987676542219963,0.4763924301830515
Acc10,TBI,KEGG,prerank,1.1975371674221809,0.661591388303185
Acc10,TBI,KEGG,prerank,-1.1918027323109242,0.4832108896589006
Acc10,TBI,KEGG,prerank,1.1912559872697746,0.6676545659879755
Acc10,TBI,KEGG,prerank,1.1884661296740988,0.6641497998173173
Acc10,TBI,KEGG,prerank,1.1856897639561375,0.6592508527313576
Acc10,TBI,KEGG,prerank,-1.1843564202424153,0.49317486399080307
Acc10,TBI,KEGG,prerank,1.1830799253160007,0.6537010320719122
Acc10,TBI,KEGG,prerank,-1.1778043749629143,0.49771832842942804
Acc10,TBI,KEGG,prerank,-1.175802962712655,0.49653561205590163
Acc10,TBI,KEGG,prerank,-1.1732416628627247,0.49520259247706877
Acc10,TBI,KEGG,prerank,-1.1639066491706471,0.5076788750142579
Acc10,TBI,KEGG,prerank,1.1614098712301817,0.7179770179881155
Acc10,TBI,KEGG,prerank,1.1604475132787246,0.7091689522329852
Acc10,TBI,KEGG,prerank,-1.1592137624298324,0.5126190342556735
Acc10,TBI,KEGG,prerank,1.1567302041735983,0.7071357230052159
Acc10,TBI,KEGG,prerank,1.156251855492472,0.6971134896429269
Acc10,TBI,KEGG,prerank,1.1544174937363028,0.6913922531595094
Acc10,TBI,KEGG,prerank,-1.1517207592376,0.5242530834315542
Acc10,TBI,KEGG,prerank,-1.1507075150021402,0.5177846568316344
Acc10,TBI,KEGG,prerank,1.1501137969807476,0.6938020197536344
Acc10,TBI,KEGG,prerank,-1.149875458650896,0.5116869996479358
Acc10,TBI,KEGG,prerank,-1.1497484433768004,0.5045663247996421
Acc10,TBI,KEGG,prerank,-1.1478626542621069,0.5012170300010895
Acc10,TBI,KEGG,prerank,1.1472519476736758,0.6902383425721932
Acc10,TBI,KEGG,prerank,1.1456073213800233,0.6828750523553649
Acc10,TBI,KEGG,prerank,-1.1438929305379277,0.5036482011561991
Acc10,TBI,KEGG,prerank,-1.1414950269205015,0.502220190989344
Acc10,TBI,KEGG,prerank,-1.1376933977278214,0.5032691518703059
Acc10,TBI,KEGG,prerank,-1.1372218272862569,0.4983618173654375
Acc10,TBI,KEGG,prerank,1.1349321982660825,0.7051381644656531
Acc10,TBI,KEGG,prerank,1.131175192516516,0.7063398207746088
Acc10,TBI,KEGG,prerank,1.1310102967980908,0.6957496393297081
Acc10,TBI,KEGG,prerank,1.1306741492296224,0.686297555512959
Acc10,TBI,KEGG,prerank,-1.1294743063477033,0.5074928439131167
Acc10,TBI,KEGG,prerank,1.126220432916825,0.6875924450547176
Acc10,TBI,KEGG,prerank,1.124966053336251,0.6801246189298048
Acc10,TBI,KEGG,prerank,-1.1238861885041984,0.5145067192128987
Acc10,TBI,KEGG,prerank,1.1221720300059423,0.6773026204687025
Acc10,TBI,KEGG,prerank,1.121404151541694,0.6701951582985874
Acc10,TBI,KEGG,prerank,-1.1143632726119816,0.5300993433237918
Acc10,TBI,KEGG,prerank,-1.1119356377568865,0.529650127170089
Acc10,TBI,KEGG,prerank,1.1091908425759247,0.6978512959903467
Acc10,TBI,KEGG,prerank,1.1076608482216848,0.6935273554544445
Acc10,TBI,KEGG,prerank,1.1068486703978395,0.6863665869568852
Acc10,TBI,KEGG,prerank,1.1065252729253778,0.6780631480442822
Acc10,TBI,KEGG,prerank,1.1059256808906286,0.6702208411940961
Acc10,TBI,KEGG,prerank,-1.1045952031941817,0.5392485944767474
Acc10,TBI,KEGG,prerank,1.097207510669254,0.6881326332143755
Acc10,TBI,KEGG,prerank,1.0952041452525045,0.6857333100813291
Acc10,TBI,KEGG,prerank,-1.0935736474914632,0.55540300749932
Acc10,TBI,KEGG,prerank,-1.091692016603521,0.5520225669837441
Acc10,TBI,KEGG,prerank,-1.0883166557683215,0.5526193382724365
Acc10,TBI,KEGG,prerank,-1.085151088150104,0.5514926443533953
Acc10,TBI,KEGG,prerank,-1.0808496960306573,0.5546131606289963
Acc10,TBI,KEGG,prerank,-1.080498795433211,0.5491817412772828
Acc10,TBI,KEGG,prerank,-1.0796894993951087,0.5444288761135032
Acc10,TBI,KEGG,prerank,1.078828637517851,0.7267271625278505
Acc10,TBI,KEGG,prerank,-1.0747976114374533,0.5472509731287699
Acc10,TBI,KEGG,prerank,-1.073708538479879,0.5434357831754622
Acc10,TBI,KEGG,prerank,1.0676314113467658,0.7475673192680115
Acc10,TBI,KEGG,prerank,1.0610378965840188,0.7566502053046278
Acc10,TBI,KEGG,prerank,-1.0572155680801436,0.5755032485441065
Acc10,TBI,KEGG,prerank,-1.0550286240279028,0.5736818641032313
Acc10,TBI,KEGG,prerank,-1.0547461770437594,0.5674951898609647
Acc10,TBI,KEGG,prerank,1.0536676318712177,0.7670624791920986
Acc10,TBI,KEGG,prerank,1.049706217471133,0.7694376250165786
Acc10,TBI,KEGG,prerank,-1.0495074330193073,0.5725954612635873
Acc10,TBI,KEGG,prerank,-1.0457279737008174,0.5758091882860363
Acc10,TBI,KEGG,prerank,1.0450018234838991,0.7748962780430343
Acc10,TBI,KEGG,prerank,-1.0433977982384612,0.5760695696098743
Acc10,TBI,KEGG,prerank,1.0417685215635053,0.7733761910046452
Acc10,TBI,KEGG,prerank,-1.0415605299147621,0.5729757915148093
Acc10,TBI,KEGG,prerank,-1.0374085228593362,0.57706451763138
Acc10,TBI,KEGG,prerank,1.0367132059207675,0.7806693779498259
Acc10,TBI,KEGG,prerank,-1.0320535995746596,0.5839809998138974
Acc10,TBI,KEGG,prerank,1.029560191467058,0.793019126493975
Acc10,TBI,KEGG,prerank,1.027643504808613,0.7888634198049127
Acc10,TBI,KEGG,prerank,1.0235014200277988,0.7921568083453557
Acc10,TBI,KEGG,prerank,-1.0221777957131812,0.6004851405960598
Acc10,TBI,KEGG,prerank,1.021888423328726,0.7864881748773971
Acc10,TBI,KEGG,prerank,1.0200026326959575,0.7814449006769504
Acc10,TBI,KEGG,prerank,-1.0194939391184494,0.5995264571251018
Acc10,TBI,KEGG,prerank,-1.0192755252305044,0.5937619196525217
Acc10,TBI,KEGG,prerank,1.017450900979379,0.7802661216266809
Acc10,TBI,KEGG,prerank,1.0133828157341147,0.7830212349157794
Acc10,TBI,KEGG,prerank,1.0130644642751947,0.7756648683866673
Acc10,TBI,KEGG,prerank,1.0070763310307609,0.7827135628558003
Acc10,TBI,KEGG,prerank,-1.0052368114476729,0.6208515530792008
Acc10,TBI,KEGG,prerank,1.0013321068416143,0.7902762121150173
Acc10,TBI,KEGG,prerank,0.9948178861942486,0.7981494839640441
Acc10,TBI,KEGG,prerank,-0.9931193181005005,0.6411710725711399
Acc10,TBI,KEGG,prerank,-0.9931038782807311,0.6348228441298415
Acc10,TBI,KEGG,prerank,-0.9840709457002292,0.6497446259190661
Acc10,TBI,KEGG,prerank,0.9801889151018337,0.8279159377942423
Acc10,TBI,KEGG,prerank,-0.9765733851144153,0.6588896499525108
Acc10,TBI,KEGG,prerank,-0.9728939215460995,0.6607610061263876
Acc10,TBI,KEGG,prerank,0.9697868883521813,0.8456093346227627
Acc10,TBI,KEGG,prerank,0.9664311150926136,0.8451488584659153
Acc10,TBI,KEGG,prerank,-0.9644807746969839,0.6759980436020173
Acc10,TBI,KEGG,prerank,-0.9595675566411423,0.6818074957031709
Acc10,TBI,KEGG,prerank,0.9552683209445872,0.8673499056708467
Acc10,TBI,KEGG,prerank,0.9528452737839904,0.8646362916171763
Acc10,TBI,KEGG,prerank,0.9521560780001653,0.8588914202902335
Acc10,TBI,KEGG,prerank,-0.9511286228779637,0.6928980460224117
Acc10,TBI,KEGG,prerank,0.9500391829433551,0.8576216986143148
Acc10,TBI,KEGG,prerank,-0.9445714726668878,0.7025016681945457
Acc10,TBI,KEGG,prerank,-0.9440719046937806,0.697538120741298
Acc10,TBI,KEGG,prerank,0.9408988945994834,0.8708106758406392
Acc10,TBI,KEGG,prerank,0.9405746029105913,0.8633733373495887
Acc10,TBI,KEGG,prerank,0.9364530765421457,0.8661677656030469
Acc10,TBI,KEGG,prerank,0.9356113054129048,0.8610970807227304
Acc10,TBI,KEGG,prerank,0.9296506811333531,0.8666074797469759
Acc10,TBI,KEGG,prerank,-0.9285642577287241,0.7232821564695617
Acc10,TBI,KEGG,prerank,0.9267270489709684,0.8660790735889571
Acc10,TBI,KEGG,prerank,0.9259246898201768,0.8596765569354626
Acc10,TBI,KEGG,prerank,0.9225907302687161,0.8599489512817666
Acc10,TBI,KEGG,prerank,0.9215449052498993,0.8556417156808345
Acc10,TBI,KEGG,prerank,0.9155088820733501,0.8618316060115316
Acc10,TBI,KEGG,prerank,0.9134461128722509,0.8593181433219048
Acc10,TBI,KEGG,prerank,0.9130088971718584,0.8531746223215103
Acc10,TBI,KEGG,prerank,0.9098961473860195,0.8523289542666244
Acc10,TBI,KEGG,prerank,0.9074306510509577,0.8508831086791357
Acc10,TBI,KEGG,prerank,-0.9039217856983445,0.7669542753732012
Acc10,TBI,KEGG,prerank,0.8923122340011643,0.8765811653929566
Acc10,TBI,KEGG,prerank,0.8859887921963161,0.8820563848666755
Acc10,TBI,KEGG,prerank,0.878432294531273,0.8907363222727778
Acc10,TBI,KEGG,prerank,0.8627543488298416,0.9185137357371295
Acc10,TBI,KEGG,prerank,-0.8627468486666289,0.8475377648954852
Acc10,TBI,KEGG,prerank,-0.8622465846212289,0.8409560621480628
Acc10,TBI,KEGG,prerank,-0.8619404542493454,0.8343886530605011
Acc10,TBI,KEGG,prerank,0.8594211819377446,0.918131937104195
Acc10,TBI,KEGG,prerank,-0.8515034539833407,0.847894170442982
Acc10,TBI,KEGG,prerank,0.8495063561671017,0.9306917561462819
Acc10,TBI,KEGG,prerank,0.8394972032574792,0.9426140451992369
Acc10,TBI,KEGG,prerank,0.8363500227692985,0.9426958162246144
Acc10,TBI,KEGG,prerank,0.8358201061957032,0.9359988585379774
Acc10,TBI,KEGG,prerank,-0.8354491189727508,0.8706127236095709
Acc10,TBI,KEGG,prerank,0.822446714550572,0.9534724400710592
Acc10,TBI,KEGG,prerank,0.8170733729134723,0.9550124500610365
Acc10,TBI,KEGG,prerank,0.8153065142822736,0.9504662260338139
Acc10,TBI,KEGG,prerank,0.8150062373870992,0.9435006786577089
Acc10,TBI,KEGG,prerank,0.8126828306384342,0.9408958177494682
Acc10,TBI,KEGG,prerank,-0.8126249457973482,0.9044768537107315
Acc10,TBI,KEGG,prerank,-0.8123982039580786,0.8972027762477848
Acc10,TBI,KEGG,prerank,0.8101460711037018,0.9380580300844422
Acc10,TBI,KEGG,prerank,0.8094342527811971,0.9328297995015282
Acc10,TBI,KEGG,prerank,0.804673372843709,0.9333815883406186
Acc10,TBI,KEGG,prerank,-0.8033636838496683,0.903232584497008
Acc10,TBI,KEGG,prerank,-0.8014522076229662,0.8987813604984004
Acc10,TBI,KEGG,prerank,-0.8011103303430064,0.8916393805340521
Acc10,TBI,KEGG,prerank,0.788156981892305,0.9538342026412162
Acc10,TBI,KEGG,prerank,-0.7872101748846793,0.9064533136063642
Acc10,TBI,KEGG,prerank,-0.7754422144284863,0.9169004116375563
Acc10,TBI,KEGG,prerank,0.7745661527672175,0.9687644839314041
Acc10,TBI,KEGG,prerank,0.7716215795737911,0.9659580707116282
Acc10,TBI,KEGG,prerank,-0.7669131946507199,0.9208539506488005
Acc10,TBI,KEGG,prerank,0.7643256880028475,0.9700969346643956
Acc10,TBI,KEGG,prerank,-0.7601600241960187,0.9240060616265364
Acc10,TBI,KEGG,prerank,0.7536483749650926,0.9778623888149496
Acc10,TBI,KEGG,prerank,-0.7524262498679324,0.92610120885083
Acc10,TBI,KEGG,prerank,0.748238882808615,0.9790961840290439
Acc10,TBI,KEGG,prerank,0.7385138853640392,0.9857313874059366
Acc10,TBI,KEGG,prerank,0.7374352148704282,0.9799923723899271
Acc10,TBI,KEGG,prerank,0.7312827086120858,0.9794881624867198
Acc10,TBI,KEGG,prerank,-0.7311391626857484,0.9438749332120655
Acc10,TBI,KEGG,prerank,0.7309346509263408,0.9730607035845079
Acc10,TBI,KEGG,prerank,0.7296949123864325,0.9680857496010623
Acc10,TBI,KEGG,prerank,0.7288291969421288,0.9623169854804554
Acc10,TBI,KEGG,prerank,-0.7272849177971882,0.9409162422124937
Acc10,TBI,KEGG,prerank,0.7197719554736406,0.9654934218721336
Acc10,TBI,KEGG,prerank,0.7177890370001737,0.9606097052551387
Acc10,TBI,KEGG,prerank,-0.7081461153928982,0.9537396346055701
Acc10,TBI,KEGG,prerank,0.7063720906482198,0.9665300948356186
Acc10,TBI,KEGG,prerank,-0.7046733774729276,0.9497746318339011
Acc10,TBI,KEGG,prerank,-0.700792207104662,0.9475430232812216
Acc10,TBI,KEGG,prerank,-0.6911777656188711,0.9479665743136024
Acc10,TBI,KEGG,prerank,-0.6768354497840379,0.9521127705608524
Acc10,TBI,KEGG,prerank,0.6754854606229034,0.9895105981578072
Acc10,TBI,KEGG,prerank,-0.6611120210310591,0.9564553055567423
Acc10,TBI,KEGG,prerank,0.6587097630350429,0.9964708329260558
Acc10,TBI,KEGG,prerank,0.6556890169010177,0.9922806336115508
Acc10,TBI,KEGG,prerank,0.6297715455704715,1.0
Acc10,TBI,KEGG,prerank,0.6156236089045553,1.0
Acc10,TBI,KEGG,prerank,0.6033727383784703,1.0
Acc10,TBI,KEGG,prerank,0.6031866674694295,1.0
Acc10,TBI,KEGG,prerank,0.6015275840962537,0.9945742182060567
Acc10,TBI,KEGG,prerank,0.5952001469217112,0.9906120367651914
Acc10,TBI,KEGG,prerank,-0.5766253386155253,0.9892692996077405
Acc10,TBI,KEGG,prerank,-0.5689869153313197,0.9846243178193992
Acc10,TBI,KEGG,prerank,0.5557987617676522,0.998685045321965
Acc10,TBI,KEGG,prerank,0.4885125070679432,1.0
Acc10,TBI,KEGG,prerank,0.4875102750709689,1.0
Acc10,TBI,KEGG,prerank,-0.44354562712816575,0.997305943761576
Acc10,TBI,KEGG,prerank,0.40838000475950587,0.9991121962046388
Acc11,TBI,KEGG,prerank,-2.4127805040074493,0.01
Acc11,TBI,KEGG,prerank,-2.360761891727375,0.01
Acc11,TBI,KEGG,prerank,-2.2863765543127887,0.01
Acc11,TBI,KEGG,prerank,-2.2556405718316794,0.01
Acc11,TBI,KEGG,prerank,-2.251822933400403,0.01
Acc11,TBI,KEGG,prerank,-2.132125942685448,0.01
Acc11,TBI,KEGG,prerank,-2.123933517117108,0.01
Acc11,TBI,KEGG,prerank,-2.086075535623529,0.012962369039982897
Acc11,TBI,KEGG,prerank,-2.030759219034517,0.01613094813864538
Acc11,TBI,KEGG,prerank,-1.959428468488877,0.029035706649561684
Acc11,TBI,KEGG,prerank,-1.9281891589719677,0.035823274437770905
Acc11,TBI,KEGG,prerank,-1.9067183670828183,0.03629463331195211
Acc11,TBI,KEGG,prerank,-1.8724068715918956,0.04307494942517393
Acc11,TBI,KEGG,prerank,-1.8550443733250692,0.04888664895079264
Acc11,TBI,KEGG,prerank,-1.8008463218187223,0.062219371391917896
Acc11,TBI,KEGG,prerank,-1.7923129574458527,0.06221937139191789
Acc11,TBI,KEGG,prerank,-1.7837075048275997,0.06587933441497189
Acc11,TBI,KEGG,prerank,-1.7645487804429125,0.07374147720523602
Acc11,TBI,KEGG,prerank,-1.7631300778098595,0.06986034682601308
Acc11,TBI,KEGG,prerank,-1.7550313882750734,0.07051528757750695
Acc11,TBI,KEGG,prerank,-1.7516528518287797,0.06814502581019578
Acc11,TBI,KEGG,prerank,-1.7474476646183252,0.06693296013372986
Acc11,TBI,KEGG,prerank,-1.739997416724737,0.06672802149278151
Acc11,TBI,KEGG,prerank,-1.732766396487799,0.0665401610719122
Acc11,TBI,KEGG,prerank,-1.7243199532200002,0.06636732948471244
Acc11,TBI,KEGG,prerank,-1.7103306723116651,0.07418463512113288
Acc11,TBI,KEGG,prerank,-1.7054290464041237,0.07374147720523602
Acc11,TBI,KEGG,prerank,-1.6955898402585117,0.0740706802284737
Acc11,TBI,KEGG,prerank,-1.6889579441073779,0.07437717959493634
Acc11,TBI,KEGG,prerank,-1.6887970905596448,0.07189794027510513
Acc11,TBI,KEGG,prerank,-1.6752846080579675,0.07894500886286358
Acc11,TBI,KEGG,prerank,-1.6747927150933442,0.07647797733589909
Acc11,TBI,KEGG,prerank,-1.6707354500300735,0.07541741986899139
Acc11,TBI,KEGG,prerank,-1.6578462072188596,0.08051918650718787
Acc11,TBI,KEGG,prerank,-1.6529733036890617,0.08236659641406274
Acc11,TBI,KEGG,prerank,-1.6432638875950454,0.08583968830922005
Acc11,TBI,KEGG,prerank,-1.6312910593652634,0.09248825477176985
Acc11,TBI,KEGG,prerank,-1.6146633197467288,0.10206160044112848
Acc11,TBI,KEGG,prerank,-1.5983098876585067,0.11008042630877782
Acc11,TBI,KEGG,prerank,-1.594252156239992,0.10992088945905495
Acc11,TBI,KEGG,prerank,-1.586389275447381,0.1102749834425862
Acc11,TBI,KEGG,prerank,-1.584426478457956,0.10962460673814106
Acc11,TBI,KEGG,prerank,1.584201427556578,1.0
Acc11,TBI,KEGG,prerank,-1.5738248341197332,0.11286304578068829
Acc11,TBI,KEGG,prerank,1.5643981247979575,1.0
Acc11,TBI,KEGG,prerank,1.5633286085398213,0.8155466431901921
Acc11,TBI,KEGG,prerank,-1.552455958046676,0.12585281940637938
Acc11,TBI,KEGG,prerank,-1.550353045026997,0.12305609008623761
Acc11,TBI,KEGG,prerank,-1.540383367396366,0.12488960779392216
Acc11,TBI,KEGG,prerank,-1.5389689116760727,0.12443874278383578
Acc11,TBI,KEGG,prerank,1.5267503168981575,0.7731585640223027
Acc11,TBI,KEGG,prerank,-1.5236349287207474,0.1317840852398261
Acc11,TBI,KEGG,prerank,1.5229920367333132,0.638873129218429
Acc11,TBI,KEGG,prerank,-1.521962564440387,0.13078765823199068
Acc11,TBI,KEGG,prerank,-1.5216024427093207,0.12817190506735088
Acc11,TBI,KEGG,prerank,1.506248947297262,0.5934331083504516
Acc11,TBI,KEGG,prerank,-1.5044296981304164,0.14151857022475442
Acc11,TBI,KEGG,prerank,-1.5002248755381693,0.14198779625335112
Acc11,TBI,KEGG,prerank,-1.496305796985203,0.14126536523573813
Acc11,TBI,KEGG,prerank,-1.4807825567333504,0.15170772654202203
Acc11,TBI,KEGG,prerank,-1.4747732504557811,0.15272027523470758
Acc11,TBI,KEGG,prerank,1.4656879035415231,0.688866840877014
Acc11,TBI,KEGG,prerank,-1.4634892518811153,0.15888160909007606
Acc11,TBI,KEGG,prerank,-1.460882986069765,0.15900506022379016
Acc11,TBI,KEGG,prerank,1.460074446885275,0.6269196908930842
Acc11,TBI,KEGG,prerank,1.4539304781115252,0.5770430510722011
Acc11,TBI,KEGG,prerank,-1.450789298030972,0.16949414965384532
Acc11,TBI,KEGG,prerank,-1.4500584037985724,0.16732441120086394
Acc11,TBI,KEGG,prerank,-1.4454378881188208,0.16799230275817834
Acc11,TBI,KEGG,prerank,-1.4373747578114155,0.17135826875151158
Acc11,TBI,KEGG,prerank,1.4345701743031005,0.5819035508167857
Acc11,TBI,KEGG,prerank,1.434449579621112,0.5299280588334682
Acc11,TBI,KEGG,prerank,-1.4243635887620643,0.17862980818969978
Acc11,TBI,KEGG,prerank,-1.4190378639011558,0.18007405371100046
Acc11,TBI,KEGG,prerank,1.418447584533899,0.5480778636408099
Acc11,TBI,KEGG,prerank,1.4128717132638537,0.525090482245916
Acc11,TBI,KEGG,prerank,-1.4025710221611043,0.19637989095574088
Acc11,TBI,KEGG,prerank,-1.3890131421919771,0.20675975724083487
Acc11,TBI,KEGG,prerank,-1.3883187119731586,0.20425551214518503
Acc11,TBI,KEGG,prerank,-1.379124354746651,0.21204114131076496
Acc11,TBI,KEGG,prerank,1.3634721783621968,0.6616173614119423
Acc11,TBI,KEGG,prerank,-1.3632322128059822,0.23149266120816514
Acc11,TBI,KEGG,prerank,1.3630649528266205,0.6188659558511853
Acc11,TBI,KEGG,prerank,1.360083123586492,0.5874987772669471
Acc11,TBI,KEGG,prerank,-1.3593903317898746,0.23414922857151707
Acc11,TBI,KEGG,prerank,1.3547651148260418,0.5714910438400147
Acc11,TBI,KEGG,prerank,-1.3546043200526232,0.2358410458474602
Acc11,TBI,KEGG,prerank,-1.3484554468608743,0.2404063035471757
Acc11,TBI,KEGG,prerank,1.3432033062642004,0.5728042431554121
Acc11,TBI,KEGG,prerank,1.3258095047429417,0.5983412017277862
Acc11,TBI,KEGG,prerank,1.325260198170792,0.5691871270664188
Acc11,TBI,KEGG,prerank,-1.3229245434927395,0.27019338132231013
Acc11,TBI,KEGG,prerank,-1.3217376394336082,0.2690490625942751
Acc11,TBI,KEGG,prerank,1.3200660305245284,0.5575849042541794
Acc11,TBI,KEGG,prerank,-1.3177910821821488,0.2741015550508816
Acc11,TBI,KEGG,prerank,-1.3067845094672375,0.28952747487705793
Acc11,TBI,KEGG,prerank,-1.2993801932061655,0.2974522579701338
Acc11,TBI,KEGG,prerank,-1.2958964278594118,0.2992455481230337
Acc11,TBI,KEGG,prerank,-1.2935372555209845,0.2993974879799126
Acc11,TBI,KEGG,prerank,-1.289573264578529,0.30138328421064026
Acc11,TBI,KEGG,prerank,1.287444826664281,0.6325842796546113
Acc11,TBI,KEGG,prerank,-1.2799098954268306,0.31265234124438745
Acc11,TBI,KEGG,prerank,-1.274745699898137,0.3174980268558773
Acc11,TBI,KEGG,prerank,1.272795888510627,0.6475424128882444
Acc11,TBI,KEGG,prerank,-1.271181183207216,0.3196962822739196
Acc11,TBI,KEGG,prerank,1.2668411901843264,0.6381525318725749
Acc11,TBI,KEGG,prerank,-1.263904706853089,0.3285882465075182
Acc11,TBI,KEGG,prerank,-1.262716632016326,0.326651699807569
Acc11,TBI,KEGG,prerank,1.2548525647589956,0.6571847794189573
Acc11,TBI,KEGG,prerank,1.2461714862177484,0.6618409468844761
Acc11,TBI,KEGG,prerank,-1.2350880374295927,0.3745362160258587
Acc11,TBI,KEGG,prerank,1.2321173033360031,0.6885707971494922
Acc11,TBI,KEGG,prerank,-1.2308515250669756,0.37789827508192
Acc11,TBI,KEGG,prerank,-1.2260657644197726,0.3842820945738378
Acc11,TBI,KEGG,prerank,-1.2243046149715995,0.3825077263980407
Acc11,TBI,KEGG,prerank,-1.2203266945955744,0.38659901550259096
Acc11,TBI,KEGG,prerank,1.215955828136544,0.7141180251813138
Acc11,TBI,KEGG,prerank,-1.2144472943374696,0.39313425035041455
Acc11,TBI,KEGG,prerank,-1.211024496553384,0.39542347752739027
Acc11,TBI,KEGG,prerank,-1.2096945177307235,0.3936051538053936
Acc11,TBI,KEGG,prerank,-1.2094546381808775,0.3895958488232278
Acc11,TBI,KEGG,prerank,1.2086051430418419,0.7166801026758458
Acc11,TBI,KEGG,prerank,1.2083546275113324,0.6938080798200138
Acc11,TBI,KEGG,prerank,1.2083364097865343,0.6714271740193681
Acc11,TBI,KEGG,prerank,-1.2080672043585963,0.38765757282127566
Acc11,TBI,KEGG,prerank,-1.2035875107801637,0.392527823728661
Acc11,TBI,KEGG,prerank,1.1921983159203025,0.7041719651765626
Acc11,TBI,KEGG,prerank,1.1883059401611107,0.695472775292789
Acc11,TBI,KEGG,prerank,1.1869651862560504,0.6796554482107819
Acc11,TBI,KEGG,prerank,1.184033617589973,0.6675032489763977
Acc11,TBI,KEGG,prerank,-1.1839094641280248,0.42646194141543725
Acc11,TBI,KEGG,prerank,-1.1792322864709197,0.4310455420141116
Acc11,TBI,KEGG,prerank,-1.1788384404494812,0.42749364017576247
Acc11,TBI,KEGG,prerank,-1.1776728312839775,0.42610842225980133
Acc11,TBI,KEGG,prerank,-1.1767572997565974,0.42371391917896095
Acc11,TBI,KEGG,prerank,-1.1743923946448067,0.42383096552118327
Acc11,TBI,KEGG,prerank,-1.1674985686221264,0.43411228079001535
Acc11,TBI,KEGG,prerank,-1.1637420792954736,0.43553559974342526
Acc11,TBI,KEGG,prerank,1.1597967336958661,0.7227167498125143
Acc11,TBI,KEGG,prerank,-1.155915867470637,0.4461049160375652
Acc11,TBI,KEGG,prerank,-1.1556694501234868,0.4426463850453588
Acc11,TBI,KEGG,prerank,1.1544213273036434,0.7221553941694799
Acc11,TBI,KEGG,prerank,1.153800414864306,0.7059623037835222
Acc11,TBI,KEGG,prerank,-1.1513243284286585,0.4484490541832573
Acc11,TBI,KEGG,prerank,-1.14655379267406,0.4529802833112527
Acc11,TBI,KEGG,prerank,-1.1338491388535812,0.47471075950870684
Acc11,TBI,KEGG,prerank,-1.1311102590403557,0.47625408744333486
Acc11,TBI,KEGG,prerank,-1.1271635917854015,0.4824829436118725
Acc11,TBI,KEGG,prerank,-1.1256307365470906,0.48056523489493347
Acc11,TBI,KEGG,prerank,-1.1185357411165775,0.4888664895079264
Acc11,TBI,KEGG,prerank,-1.1165107478362224,0.4883945347312493
Acc11,TBI,KEGG,prerank,-1.1149843798511618,0.48629350798420035
Acc11,TBI,KEGG,prerank,-1.1025247050991358,0.5083953853733814
Acc11,TBI,KEGG,prerank,-1.1011243495042276,0.506873327287607
Acc11,TBI,KEGG,prerank,1.1005279365766678,0.8525873031399785
Acc11,TBI,KEGG,prerank,-1.0986183344621574,0.5067953926196389
Acc11,TBI,KEGG,prerank,1.0966415556606608,0.8448791939743714
Acc11,TBI,KEGG,prerank,-1.0915587156573936,0.5197250881522634
Acc11,TBI,KEGG,prerank,-1.0913957865924326,0.5153576504366981
Acc11,TBI,KEGG,prerank,1.0894642259888785,0.8469758531097978
Acc11,TBI,KEGG,prerank,-1.0864542318597032,0.522124224930511
Acc11,TBI,KEGG,prerank,-1.0824728542084072,0.525693697132265
Acc11,TBI,KEGG,prerank,1.081168021699069,0.8516370648817093
Acc11,TBI,KEGG,prerank,-1.08108651678773,0.5235947100740632
Acc11,TBI,KEGG,prerank,-1.079805819132182,0.52254154998253
Acc11,TBI,KEGG,prerank,1.0746725041853016,0.8554900145363056
Acc11,TBI,KEGG,prerank,-1.072959508479107,0.5343841171967142
Acc11,TBI,KEGG,prerank,-1.0724317306171032,0.5307727175539876
Acc11,TBI,KEGG,prerank,-1.0661512879868846,0.5410451686910955
Acc11,TBI,KEGG,prerank,-1.061160195309275,0.5459300749689804
Acc11,TBI,KEGG,prerank,-1.061055649887593,0.5418270258712851
Acc11,TBI,KEGG,prerank,1.0608199932554319,0.8827510159800094
Acc11,TBI,KEGG,prerank,-1.0606697710911126,0.5392345520632885
Acc11,TBI,KEGG,prerank,-1.0601763823016894,0.5354056676699397
Acc11,TBI,KEGG,prerank,1.056040980188633,0.8797504537698217
Acc11,TBI,KEGG,prerank,-1.05374757331906,0.5471505026220566
Acc11,TBI,KEGG,prerank,1.0467300678609872,0.8888227313517261
Acc11,TBI,KEGG,prerank,1.0457033089599574,0.8731583558975277
Acc11,TBI,KEGG,prerank,-1.0384073150255295,0.5769432619977841
Acc11,TBI,KEGG,prerank,-1.0358497365572856,0.5799344416204076
Acc11,TBI,KEGG,prerank,-1.031666903330996,0.587833762553493
Acc11,TBI,KEGG,prerank,-1.0315588796239887,0.583633066463941
Acc11,TBI,KEGG,prerank,-1.027051882111011,0.5913890251418079
Acc11,TBI,KEGG,prerank,-1.02688262706747,0.5870723169290939
Acc11,TBI,KEGG,prerank,-1.0229481160497704,0.5906331632131336
Acc11,TBI,KEGG,prerank,-1.0134246939659355,0.6098095224910515
Acc11,TBI,KEGG,prerank,-1.0125039047804834,0.6073795778734842
Acc11,TBI,KEGG,prerank,-1.0120176738322568,0.603660284142863
Acc11,TBI,KEGG,prerank,-1.0065331232404817,0.6106553797878139
Acc11,TBI,KEGG,prerank,1.004112805283846,0.9837213472887932
Acc11,TBI,KEGG,prerank,-1.0036132560352693,0.6132016369347991
Acc11,TBI,KEGG,prerank,-1.0026378822695585,0.6119678450098591
Acc11,TBI,KEGG,prerank,1.0025834598427081,0.9683167407626261
Acc11,TBI,KEGG,prerank,-1.0007917067133218,0.6113232030553036
Acc11,TBI,KEGG,prerank,0.9990521184121455,0.9598356646776876
Acc11,TBI,KEGG,prerank,-0.9936206834841826,0.6224778206378635
Acc11,TBI,KEGG,prerank,-0.9859000794285556,0.6329163266760628
Acc11,TBI,KEGG,prerank,-0.9847699937798216,0.6310221382383024
Acc11,TBI,KEGG,prerank,-0.982189371320874,0.6331899786618221
Acc11,TBI,KEGG,prerank,0.9818805975792664,0.9979649885974149
Acc11,TBI,KEGG,prerank,-0.9817915662892056,0.6296600384862091
Acc11,TBI,KEGG,prerank,-0.9807452528759485,0.6279623973594892
Acc11,TBI,KEGG,prerank,0.9719562372581094,1.0
Acc11,TBI,KEGG,prerank,0.9661452904173918,1.0
Acc11,TBI,KEGG,prerank,0.961637401847636,1.0
Acc11,TBI,KEGG,prerank,-0.9611877151730326,0.6710413783014303
Acc11,TBI,KEGG,prerank,-0.9592710884792506,0.670451004149076
Acc11,TBI,KEGG,prerank,0.9589087056329453,0.9958578250469086
Acc11,TBI,KEGG,prerank,0.9587170344386431,0.9786196391889437
Acc11,TBI,KEGG,prerank,-0.9450386004923167,0.6968030900038598
Acc11,TBI,KEGG,prerank,0.9448550465907091,1.0
Acc11,TBI,KEGG,prerank,-0.9433778880028567,0.6952512983922696
Acc11,TBI,KEGG,prerank,-0.9432423398596953,0.6909275066747805
Acc11,TBI,KEGG,prerank,0.9423253129128155,0.9936350420114212
Acc11,TBI,KEGG,prerank,0.941286484764425,0.9802422918079372
Acc11,TBI,KEGG,prerank,-0.9313355083179699,0.7133431114996955
Acc11,TBI,KEGG,prerank,0.9247643668807516,1.0
Acc11,TBI,KEGG,prerank,0.9242783366651255,0.9947161896270543
Acc11,TBI,KEGG,prerank,-0.9238969715453262,0.7232673763068938
Acc11,TBI,KEGG,prerank,0.923364850931525,0.9804772918750572
Acc11,TBI,KEGG,prerank,0.9222542939574502,0.9676592930041038
Acc11,TBI,KEGG,prerank,0.9221408479988846,0.9530164824415533
Acc11,TBI,KEGG,prerank,0.9203160965320576,0.9425022009194952
Acc11,TBI,KEGG,prerank,0.9195614814056093,0.9312275647011048
Acc11,TBI,KEGG,prerank,0.917117909019329,0.9242372700714367
Acc11,TBI,KEGG,prerank,0.9108363205972709,0.9253816365634584
Acc11,TBI,KEGG,prerank,-0.9093127356145281,0.7504151857813495
Acc11,TBI,KEGG,prerank,0.908019772535156,0.9191947115555008
Acc11,TBI,KEGG,prerank,-0.9054410112216615,0.7538913833654053
Acc11,TBI,KEGG,prerank,0.8970819919369736,0.93040622685541
Acc11,TBI,KEGG,prerank,-0.8962081143371298,0.7712368043962989
Acc11,TBI,KEGG,prerank,0.8945212000988398,0.9228183342449295
Acc11,TBI,KEGG,prerank,-0.8937247598504028,0.7722371362881661
Acc11,TBI,KEGG,prerank,-0.8855038766045567,0.7836587083902298
Acc11,TBI,KEGG,prerank,-0.8846456605517559,0.7807772336863844
Acc11,TBI,KEGG,prerank,0.8815747994076374,0.9424282934994076
Acc11,TBI,KEGG,prerank,-0.88125316224258,0.7823300354410041
Acc11,TBI,KEGG,prerank,0.8804656288783252,0.9318177250063315
Acc11,TBI,KEGG,prerank,-0.8794118939870496,0.7809905433150176
Acc11,TBI,KEGG,prerank,-0.8775302240548057,0.7807848062694367
Acc11,TBI,KEGG,prerank,-0.8744438758001416,0.7814456764103973
Acc11,TBI,KEGG,prerank,-0.8496327924805009,0.8219829380336608
Acc11,TBI,KEGG,prerank,-0.8468996951442289,0.8228816863499729
Acc11,TBI,KEGG,prerank,0.8373109055756736,1.0
Acc11,TBI,KEGG,prerank,-0.8343639112756842,0.8415988656696263
Acc11,TBI,KEGG,prerank,0.8308574894099973,1.0
Acc11,TBI,KEGG,prerank,0.8275684725424671,1.0
Acc11,TBI,KEGG,prerank,-0.8241860885092338,0.8539488143363615
Acc11,TBI,KEGG,prerank,0.8227420034211492,1.0
Acc11,TBI,KEGG,prerank,0.8216847010776773,0.9944243372786853
Acc11,TBI,KEGG,prerank,-0.8208005329668204,0.8538080212971854
Acc11,TBI,KEGG,prerank,-0.8173894136010418,0.8548607885494925
Acc11,TBI,KEGG,prerank,0.8173576442900227,0.9891768003892935
Acc11,TBI,KEGG,prerank,0.8160715762336879,0.9793553751345007
Acc11,TBI,KEGG,prerank,0.8110914955461261,0.9768097354911401
Acc11,TBI,KEGG,prerank,-0.8100215288275141,0.861590152417606
Acc11,TBI,KEGG,prerank,0.8052679398313761,0.9752566546500836
Acc11,TBI,KEGG,prerank,0.7964899720025423,0.9785824310643728
Acc11,TBI,KEGG,prerank,0.7911286526078228,0.9765607896293605
Acc11,TBI,KEGG,prerank,-0.7891487760762633,0.8870974012090111
Acc11,TBI,KEGG,prerank,-0.7877568964727379,0.8843118566757144
Acc11,TBI,KEGG,prerank,0.7717367089110732,0.9967282540522813
Acc11,TBI,KEGG,prerank,0.7602059047223979,1.0
Acc11,TBI,KEGG,prerank,0.753539206515316,1.0
Acc11,TBI,KEGG,prerank,0.7417894205416029,1.0
Acc11,TBI,KEGG,prerank,-0.7382503031744508,0.9443595601713382
Acc11,TBI,KEGG,prerank,0.7318160965007559,1.0
Acc11,TBI,KEGG,prerank,-0.730913452653831,0.9474260705246045
Acc11,TBI,KEGG,prerank,0.7222109997979066,1.0
Acc11,TBI,KEGG,prerank,-0.7221982802945536,0.9532238139358088
Acc11,TBI,KEGG,prerank,-0.7207275009428942,0.9486448908907703
Acc11,TBI,KEGG,prerank,0.7036992647391865,1.0
Acc11,TBI,KEGG,prerank,0.7024083997223798,1.0
Acc11,TBI,KEGG,prerank,-0.6828046637899732,0.9788725279424445
Acc11,TBI,KEGG,prerank,-0.6611997369654927,0.9892766719126619
Acc11,TBI,KEGG,prerank,0.6596895627844045,1.0
Acc11,TBI,KEGG,prerank,0.6593207433655114,1.0
Acc11,TBI,KEGG,prerank,0.6588896504972498,1.0
Acc11,TBI,KEGG,prerank,0.6529023572790633,1.0
Acc11,TBI,KEGG,prerank,0.6525013613085691,1.0
Acc11,TBI,KEGG,prerank,0.6324670869431676,1.0
Acc11,TBI,KEGG,prerank,-0.6216667759782517,1.0
Acc11,TBI,KEGG,prerank,-0.6136006221656444,1.0
Acc11,TBI,KEGG,prerank,-0.6017624524990627,1.0
Acc11,TBI,KEGG,prerank,-0.5946929887538591,1.0
Acc11,TBI,KEGG,prerank,0.5883227116616901,1.0
Acc11,TBI,KEGG,prerank,-0.585522224185233,1.0
Acc11,TBI,KEGG,prerank,-0.5732134051790063,1.0
Acc11,TBI,KEGG,prerank,-0.5730671857070945,0.9949641583111082
Acc11,TBI,KEGG,prerank,0.5661842819004056,1.0
Acc11,TBI,KEGG,prerank,0.5631222360015193,1.0
Acc11,TBI,KEGG,prerank,-0.5413651861538523,0.9993104274342415
Acc11,TBI,KEGG,prerank,0.540256415033799,1.0
Acc11,TBI,KEGG,prerank,-0.5316206565681119,0.9963741002066852
Acc11,TBI,KEGG,prerank,0.5302539069888261,0.9952391760821069
Acc11,TBI,KEGG,prerank,-0.5047406983427194,0.9964770827586436
Acc11,TBI,KEGG,prerank,-0.3907595990171299,0.9992516570451144
Acc11,TBI,KEGG,prerank,0.33672431493240207,0.9998043627115328
Acc12,Neurodegeneration,KEGG,prerank,2.296986556255238,0.010568234032776841
Acc12,Neurodegeneration,KEGG,prerank,-2.169468100406593,0.01
Acc12,Neurodegeneration,KEGG,prerank,-2.055893842470673,0.028670409747939312
Acc12,Neurodegeneration,KEGG,prerank,2.015476596059542,0.058125287180272635
Acc12,Neurodegeneration,KEGG,prerank,-1.9940478114872968,0.04778401624656553
Acc12,Neurodegeneration,KEGG,prerank,1.9714218131181378,0.05636391484147649
Acc12,Neurodegeneration,KEGG,prerank,-1.879709176189283,0.11468163899175725
Acc12,Neurodegeneration,KEGG,prerank,-1.870884699512454,0.09939075379285629
Acc12,Neurodegeneration,KEGG,prerank,-1.8096397669560644,0.12742404332417473
Acc12,Neurodegeneration,KEGG,prerank,-1.7742430094964259,0.14608256395378605
Acc12,Neurodegeneration,KEGG,prerank,-1.760729391376157,0.13737904670887585
Acc12,Neurodegeneration,KEGG,prerank,1.7351558374516545,0.2800582018685863
Acc12,Neurodegeneration,KEGG,prerank,1.7318705224130269,0.23672844233420126
Acc12,Neurodegeneration,KEGG,prerank,1.7258660566812127,0.20431919130035228
Acc12,Neurodegeneration,KEGG,prerank,-1.7112582428244318,0.17414619254303879
Acc12,Neurodegeneration,KEGG,prerank,1.7067782394523239,0.20834518521760056
Acc12,Neurodegeneration,KEGG,prerank,-1.6999484926041248,0.17106677816270457
Acc12,Neurodegeneration,KEGG,prerank,1.6446033144376273,0.2747740848521979
Acc12,Neurodegeneration,KEGG,prerank,1.6310129743845732,0.26772859549701333
Acc12,Neurodegeneration,KEGG,prerank,-1.5430997684428984,0.4787089627610473
Acc12,Neurodegeneration,KEGG,prerank,-1.5334615387738018,0.4682833592163421
Acc12,Neurodegeneration,KEGG,prerank,-1.529541608409621,0.4396129494684028
Acc12,Neurodegeneration,KEGG,prerank,1.5255834535623818,0.48402511870117937
Acc12,Neurodegeneration,KEGG,prerank,-1.5058842052110624,0.4764749048586105
Acc12,Neurodegeneration,KEGG,prerank,-1.4974493389944112,0.46892047943296306
Acc12,Neurodegeneration,KEGG,prerank,1.4944423361623134,0.5380191871231848
Acc12,Neurodegeneration,KEGG,prerank,-1.493144495564439,0.45155895353004416
Acc12,Neurodegeneration,KEGG,prerank,-1.4860560234666007,0.4418616090564765
Acc12,Neurodegeneration,KEGG,prerank,-1.4809194234743224,0.43164894676064186
Acc12,Neurodegeneration,KEGG,prerank,1.4767665124183365,0.5460254250268035
Acc12,Neurodegeneration,KEGG,prerank,1.4746748429219967,0.5089011157321771
Acc12,Neurodegeneration,KEGG,prerank,-1.4719891836426735,0.42754119799558626
Acc12,Neurodegeneration,KEGG,prerank,1.4710129158127103,0.48311927006979843
Acc12,Neurodegeneration,KEGG,prerank,-1.4559402873940348,0.4443913510930594
Acc12,Neurodegeneration,KEGG,prerank,1.4539312983391293,0.49318425486291934
Acc12,Neurodegeneration,KEGG,prerank,1.4422078619569871,0.5059542043191912
Acc12,Neurodegeneration,KEGG,prerank,-1.4369095535658507,0.4751096472515658
Acc12,Neurodegeneration,KEGG,prerank,-1.426545605067187,0.47957776305643945
Acc12,Neurodegeneration,KEGG,prerank,1.4183493221887504,0.545818204751651
Acc12,Neurodegeneration,KEGG,prerank,-1.4026624267938979,0.5260396918969735
Acc12,Neurodegeneration,KEGG,prerank,-1.401712704916207,0.5077051726197588
Acc12,Neurodegeneration,KEGG,prerank,1.3967292179598179,0.5812528718027263
Acc12,Neurodegeneration,KEGG,prerank,-1.390631861942104,0.5191255525026879
Acc12,Neurodegeneration,KEGG,prerank,1.3762773220088556,0.61796357949553
Acc12,Neurodegeneration,KEGG,prerank,1.372675373941299,0.595519987746975
Acc12,Neurodegeneration,KEGG,prerank,-1.3724133976263415,0.5561324352388741
Acc12,Neurodegeneration,KEGG,prerank,1.366430509557277,0.5852788657199746
Acc12,Neurodegeneration,KEGG,prerank,-1.3640370836887112,0.5645593030612741
Acc12,Neurodegeneration,KEGG,prerank,-1.35901201765833,0.5607795620936226
Acc12,Neurodegeneration,KEGG,prerank,-1.3479487329217485,0.5753854645965752
Acc12,Neurodegeneration,KEGG,prerank,-1.3445872398235044,0.567355552900888
Acc12,Neurodegeneration,KEGG,prerank,-1.3443423165477169,0.5496703288233957
Acc12,Neurodegeneration,KEGG,prerank,-1.330132712488828,0.5722135945526221
Acc12,Neurodegeneration,KEGG,prerank,1.3191402418553897,0.721522159874128
Acc12,Neurodegeneration,KEGG,prerank,1.315717340112863,0.7007198652167254
Acc12,Neurodegeneration,KEGG,prerank,1.3133814770557242,0.6785686935212131
Acc12,Neurodegeneration,KEGG,prerank,1.3108927677571873,0.6615714504518303
Acc12,Neurodegeneration,KEGG,prerank,1.304121057405755,0.6564499216513308
Acc12,Neurodegeneration,KEGG,prerank,1.2988583948462904,0.6458365242252514
Acc12,Neurodegeneration,KEGG,prerank,1.2982674732169757,0.6231483710040916
Acc12,Neurodegeneration,KEGG,prerank,1.289178119522928,0.629356557745021
Acc12,Neurodegeneration,KEGG,prerank,-1.2784599415729867,0.7213938452739075
Acc12,Neurodegeneration,KEGG,prerank,-1.2782728548875284,0.700738544133458
Acc12,Neurodegeneration,KEGG,prerank,-1.2778145797762983,0.6826288035223647
Acc12,Neurodegeneration,KEGG,prerank,1.2744414094734502,0.6510032164190535
Acc12,Neurodegeneration,KEGG,prerank,-1.2709322745226233,0.6883553007074689
Acc12,Neurodegeneration,KEGG,prerank,1.26805936629807,0.6490941160776487
Acc12,Neurodegeneration,KEGG,prerank,1.2678410539547929,0.6288099249502221
Acc12,Neurodegeneration,KEGG,prerank,-1.2655676108169196,0.6852486221737207
Acc12,Neurodegeneration,KEGG,prerank,-1.2646953432501673,0.6697307119189685
Acc12,Neurodegeneration,KEGG,prerank,1.2612462468802037,0.630891546805163
Acc12,Neurodegeneration,KEGG,prerank,-1.2588044932960452,0.6702014586377267
Acc12,Neurodegeneration,KEGG,prerank,-1.2553879422586962,0.6608529446900012
Acc12,Neurodegeneration,KEGG,prerank,-1.2547710300815769,0.6475316933315075
Acc12,Neurodegeneration,KEGG,prerank,-1.2526173092505406,0.6371202166208736
Acc12,Neurodegeneration,KEGG,prerank,1.2515449857872583,0.6424864631102861
Acc12,Neurodegeneration,KEGG,prerank,1.2461034714974697,0.6410388814738638
Acc12,Neurodegeneration,KEGG,prerank,-1.2445810992680322,0.6498626209532912
Acc12,Neurodegeneration,KEGG,prerank,-1.2441651162538159,0.6363962163747136
Acc12,Neurodegeneration,KEGG,prerank,-1.2427559544953768,0.6258644261272382
Acc12,Neurodegeneration,KEGG,prerank,-1.2417633740058478,0.6157905398035661
Acc12,Neurodegeneration,KEGG,prerank,1.239552081939638,0.6420202174911931
Acc12,Neurodegeneration,KEGG,prerank,1.239121191448791,0.6255252035616562
Acc12,Neurodegeneration,KEGG,prerank,1.2385931555193153,0.6098983482599898
Acc12,Neurodegeneration,KEGG,prerank,1.2362518905393043,0.6004924773495764
Acc12,Neurodegeneration,KEGG,prerank,-1.2353463209787443,0.6209888749660047
Acc12,Neurodegeneration,KEGG,prerank,-1.2331202738500566,0.613825508700673
Acc12,Neurodegeneration,KEGG,prerank,1.2276039215881263,0.6063524276305713
Acc12,Neurodegeneration,KEGG,prerank,-1.224448416640715,0.6219723584093773
Acc12,Neurodegeneration,KEGG,prerank,-1.2189530202472663,0.6276908374148847
Acc12,Neurodegeneration,KEGG,prerank,1.2173714760832923,0.6196593808486714
Acc12,Neurodegeneration,KEGG,prerank,1.2170696449660123,0.6051572106863882
Acc12,Neurodegeneration,KEGG,prerank,1.207654599516151,0.617135712937271
Acc12,Neurodegeneration,KEGG,prerank,1.2041869781748555,0.6129575739010569
Acc12,Neurodegeneration,KEGG,prerank,1.2001922573251755,0.6113136263848471
Acc12,Neurodegeneration,KEGG,prerank,-1.1985579039286323,0.6729113817310463
Acc12,Neurodegeneration,KEGG,prerank,1.197553187135794,0.6065247357941492
Acc12,Neurodegeneration,KEGG,prerank,1.1937758364987814,0.6062118926035397
Acc12,Neurodegeneration,KEGG,prerank,-1.1898611757850373,0.6855168484603439
Acc12,Neurodegeneration,KEGG,prerank,1.1845766252445407,0.6189022055444938
Acc12,Neurodegeneration,KEGG,prerank,-1.178391142988314,0.7061215381945305
Acc12,Neurodegeneration,KEGG,prerank,1.1773797852054384,0.6295647988097061
Acc12,Neurodegeneration,KEGG,prerank,-1.1767690597605218,0.6969387258480556
Acc12,Neurodegeneration,KEGG,prerank,-1.175789947632101,0.6865259934188378
Acc12,Neurodegeneration,KEGG,prerank,1.175609926063691,0.622891713891867
Acc12,Neurodegeneration,KEGG,prerank,-1.1754460029272351,0.6759731726880216
Acc12,Neurodegeneration,KEGG,prerank,1.1698888768997555,0.626219671510816
Acc12,Neurodegeneration,KEGG,prerank,1.1653331773253353,0.6286066896803609
Acc12,Neurodegeneration,KEGG,prerank,-1.1635615197524896,0.7011675647127615
Acc12,Neurodegeneration,KEGG,prerank,1.162879181822488,0.6255198143551123
Acc12,Neurodegeneration,KEGG,prerank,1.162360878745742,0.6147189462398529
Acc12,Neurodegeneration,KEGG,prerank,-1.1601875196396938,0.6991295894281984
Acc12,Neurodegeneration,KEGG,prerank,-1.1598729677432287,0.6884137933827236
Acc12,Neurodegeneration,KEGG,prerank,-1.1542635601139664,0.692708955521045
Acc12,Neurodegeneration,KEGG,prerank,1.1541795764104907,0.6258316044500759
Acc12,Neurodegeneration,KEGG,prerank,1.1531921523752582,0.6169206616633481
Acc12,Neurodegeneration,KEGG,prerank,1.1506233896098337,0.6125867586718365
Acc12,Neurodegeneration,KEGG,prerank,-1.1483207776833844,0.699526664068574
Acc12,Neurodegeneration,KEGG,prerank,-1.1454878105553596,0.695951075333043
Acc12,Neurodegeneration,KEGG,prerank,1.1446633452418755,0.6187883237122441
Acc12,Neurodegeneration,KEGG,prerank,1.1417405147609245,0.6165400261155575
Acc12,Neurodegeneration,KEGG,prerank,1.1392537803515843,0.6129575739010569
Acc12,Neurodegeneration,KEGG,prerank,1.1384137011318247,0.6042950869889446
Acc12,Neurodegeneration,KEGG,prerank,-1.1372700153556672,0.707506831028513
Acc12,Neurodegeneration,KEGG,prerank,-1.1369858259317958,0.6970493369967745
Acc12,Neurodegeneration,KEGG,prerank,-1.1351296727257618,0.6907363333118918
Acc12,Neurodegeneration,KEGG,prerank,1.1342998992614624,0.6051166260702869
Acc12,Neurodegeneration,KEGG,prerank,-1.1342735387371305,0.683890632522815
Acc12,Neurodegeneration,KEGG,prerank,-1.133159091156633,0.6752523370484812
Acc12,Neurodegeneration,KEGG,prerank,1.1318780703990712,0.6027248393613841
Acc12,Neurodegeneration,KEGG,prerank,1.1187606722237171,0.629800696890795
Acc12,Neurodegeneration,KEGG,prerank,-1.112905834160213,0.7222413514444125
Acc12,Neurodegeneration,KEGG,prerank,-1.1013894148292398,0.7461231754210101
Acc12,Neurodegeneration,KEGG,prerank,-1.0984680003789966,0.7446114988821952
Acc12,Neurodegeneration,KEGG,prerank,-1.0970261502772494,0.738296701725104
Acc12,Neurodegeneration,KEGG,prerank,1.0966510584591163,0.6794561541996065
Acc12,Neurodegeneration,KEGG,prerank,-1.0965628798320188,0.7285735143816616
Acc12,Neurodegeneration,KEGG,prerank,-1.09379859343974,0.7269716225128174
Acc12,Neurodegeneration,KEGG,prerank,1.0913568931066426,0.6842130912432642
Acc12,Neurodegeneration,KEGG,prerank,-1.0893706704518868,0.727866798826063
Acc12,Neurodegeneration,KEGG,prerank,1.0832810170128035,0.6987653248537523
Acc12,Neurodegeneration,KEGG,prerank,-1.082026487603131,0.7371480906303508
Acc12,Neurodegeneration,KEGG,prerank,1.080321191547863,0.6962601245123565
Acc12,Neurodegeneration,KEGG,prerank,-1.0798548692045566,0.7354966079635835
Acc12,Neurodegeneration,KEGG,prerank,1.078480448960517,0.690457956808087
Acc12,Neurodegeneration,KEGG,prerank,-1.0712589313728995,0.7503952265629484
Acc12,Neurodegeneration,KEGG,prerank,-1.070944382015663,0.7417549598889941
Acc12,Neurodegeneration,KEGG,prerank,-1.0695968837188172,0.7357528780040797
Acc12,Neurodegeneration,KEGG,prerank,-1.0671648537123044,0.7330068092223151
Acc12,Neurodegeneration,KEGG,prerank,-1.066827251558645,0.7243112981176932
Acc12,Neurodegeneration,KEGG,prerank,1.0646792627092871,0.7189418637726188
Acc12,Neurodegeneration,KEGG,prerank,1.059218545680635,0.724147303795202
Acc12,Neurodegeneration,KEGG,prerank,-1.0589305973303296,0.7375054995323578
Acc12,Neurodegeneration,KEGG,prerank,-1.0572870129838503,0.7323044417545944
Acc12,Neurodegeneration,KEGG,prerank,-1.0569735033855872,0.72461047493899
Acc12,Neurodegeneration,KEGG,prerank,-1.0516270492714521,0.7305895001651359
Acc12,Neurodegeneration,KEGG,prerank,1.0476803328965314,0.7471154337060295
Acc12,Neurodegeneration,KEGG,prerank,1.040467979516438,0.7598994580554198
Acc12,Neurodegeneration,KEGG,prerank,-1.0366121080109918,0.760099235177926
Acc12,Neurodegeneration,KEGG,prerank,1.0323213165593599,0.7699101306851345
Acc12,Neurodegeneration,KEGG,prerank,-1.0303278930432989,0.7668510745224688
Acc12,Neurodegeneration,KEGG,prerank,-1.0279478283033736,0.7643270598712003
Acc12,Neurodegeneration,KEGG,prerank,1.025697281078163,0.7789493031092052
Acc12,Neurodegeneration,KEGG,prerank,1.0252835942693899,0.7695343044393033
Acc12,Neurodegeneration,KEGG,prerank,1.0220332587283787,0.7670890910284386
Acc12,Neurodegeneration,KEGG,prerank,1.0214283546502156,0.7592869682010439
Acc12,Neurodegeneration,KEGG,prerank,-1.0202318723268515,0.7776445969834327
Acc12,Neurodegeneration,KEGG,prerank,1.0197644069145704,0.7546254199860022
Acc12,Neurodegeneration,KEGG,prerank,1.018132691895998,0.7492877929238781
Acc12,Neurodegeneration,KEGG,prerank,-1.0175617861026844,0.7756938637359136
Acc12,Neurodegeneration,KEGG,prerank,-1.0120460866468781,0.7817675097569974
Acc12,Neurodegeneration,KEGG,prerank,-1.010744951378861,0.7769057771914426
Acc12,Neurodegeneration,KEGG,prerank,-1.0104329627387636,0.769476803557597
Acc12,Neurodegeneration,KEGG,prerank,-1.0039732797693652,0.7773544430239149
Acc12,Neurodegeneration,KEGG,prerank,1.000369884740715,0.7894862238559588
Acc12,Neurodegeneration,KEGG,prerank,-0.997991263999081,0.7847644436620161
Acc12,Neurodegeneration,KEGG,prerank,-0.9977139900647183,0.7776848644128539
Acc12,Neurodegeneration,KEGG,prerank,0.9974256744776504,0.7878489590532297
Acc12,Neurodegeneration,KEGG,prerank,0.9973909268251631,0.7784841310409351
Acc12,Neurodegeneration,KEGG,prerank,0.9972616190623956,0.7695938997439993
Acc12,Neurodegeneration,KEGG,prerank,0.9972421888596548,0.7606641860297496
Acc12,Neurodegeneration,KEGG,prerank,-0.9928640628849208,0.7809977253330411
Acc12,Neurodegeneration,KEGG,prerank,-0.988376076924239,0.7848280872497129
Acc12,Neurodegeneration,KEGG,prerank,0.9863028577004471,0.7800831353496208
Acc12,Neurodegeneration,KEGG,prerank,0.9862845017250332,0.7712381364839099
Acc12,Neurodegeneration,KEGG,prerank,0.9847819319835106,0.7655964995335497
Acc12,Neurodegeneration,KEGG,prerank,-0.983719124410171,0.7876157344560164
Acc12,Neurodegeneration,KEGG,prerank,-0.9807697210948902,0.7872894516784136
Acc12,Neurodegeneration,KEGG,prerank,0.9645843709268636,0.805204437935503
Acc12,Neurodegeneration,KEGG,prerank,0.9604890031222512,0.8081176290396692
Acc12,Neurodegeneration,KEGG,prerank,-0.9544147233042165,0.8469598602435802
Acc12,Neurodegeneration,KEGG,prerank,0.9537035186491644,0.8127088105645311
Acc12,Neurodegeneration,KEGG,prerank,-0.9500695102123239,0.8474635822552652
Acc12,Neurodegeneration,KEGG,prerank,-0.9472058288785532,0.8463801867983897
Acc12,Neurodegeneration,KEGG,prerank,0.941429873882635,0.8337417674988513
Acc12,Neurodegeneration,KEGG,prerank,0.9389763495097081,0.8297768269606075
Acc12,Neurodegeneration,KEGG,prerank,-0.9379731826754024,0.8595609384045652
Acc12,Neurodegeneration,KEGG,prerank,-0.9322410839206455,0.8656643400401614
Acc12,Neurodegeneration,KEGG,prerank,-0.9296653813641239,0.8627268895535576
Acc12,Neurodegeneration,KEGG,prerank,0.9235518910922307,0.8605240775199356
Acc12,Neurodegeneration,KEGG,prerank,0.9180926960282445,0.863146609055953
Acc12,Neurodegeneration,KEGG,prerank,0.9074363901099635,0.8801357405421965
Acc12,Neurodegeneration,KEGG,prerank,0.9057326119878083,0.8750933582604494
Acc12,Neurodegeneration,KEGG,prerank,0.9022306773140989,0.8760850334926436
Acc12,Neurodegeneration,KEGG,prerank,0.9013627117443457,0.8691571868168592
Acc12,Neurodegeneration,KEGG,prerank,-0.8945070702778525,0.9371919298602095
Acc12,Neurodegeneration,KEGG,prerank,-0.893759924266047,0.9299300495095502
Acc12,Neurodegeneration,KEGG,prerank,0.8931295560010212,0.8792770715270332
Acc12,Neurodegeneration,KEGG,prerank,-0.8930128858140142,0.9233274772340945
Acc12,Neurodegeneration,KEGG,prerank,-0.8927962778745546,0.9152811111955778
Acc12,Neurodegeneration,KEGG,prerank,-0.8895588567037289,0.9146119001572353
Acc12,Neurodegeneration,KEGG,prerank,0.8883765142183769,0.8810349559998119
Acc12,Neurodegeneration,KEGG,prerank,-0.8832499280552979,0.9184770551393416
Acc12,Neurodegeneration,KEGG,prerank,0.8826794050934066,0.8838980836629337
Acc12,Neurodegeneration,KEGG,prerank,0.8826651168605548,0.8754191530840001
Acc12,Neurodegeneration,KEGG,prerank,-0.880974920292557,0.9149159075315855
Acc12,Neurodegeneration,KEGG,prerank,-0.8777629536082299,0.9125070470945011
Acc12,Neurodegeneration,KEGG,prerank,0.8768768096500599,0.8791957774190887
Acc12,Neurodegeneration,KEGG,prerank,-0.8744456337278678,0.9113035167997176
Acc12,Neurodegeneration,KEGG,prerank,-0.8701580465049742,0.9134985726584803
Acc12,Neurodegeneration,KEGG,prerank,-0.8695700043526099,0.9067527595779895
Acc12,Neurodegeneration,KEGG,prerank,-0.8623469658971952,0.9131606494576716
Acc12,Neurodegeneration,KEGG,prerank,0.8578811856626702,0.9084655274270834
Acc12,Neurodegeneration,KEGG,prerank,-0.8546447363772287,0.921147338400179
Acc12,Neurodegeneration,KEGG,prerank,-0.849765894412822,0.9228686337753355
Acc12,Neurodegeneration,KEGG,prerank,-0.8396205776260564,0.9369616276578625
Acc12,Neurodegeneration,KEGG,prerank,-0.8379159793109461,0.9324933268837967
Acc12,Neurodegeneration,KEGG,prerank,0.8347557552331938,0.9457572456124634
Acc12,Neurodegeneration,KEGG,prerank,0.8327591588821639,0.9407703660018637
Acc12,Neurodegeneration,KEGG,prerank,-0.8264882585899741,0.9465120096189612
Acc12,Neurodegeneration,KEGG,prerank,-0.8262183107116068,0.939495416202635
Acc12,Neurodegeneration,KEGG,prerank,-0.8204335315581173,0.9430653446422171
Acc12,Neurodegeneration,KEGG,prerank,-0.8178729296927049,0.9410417294779976
Acc12,Neurodegeneration,KEGG,prerank,-0.8168708669518119,0.9359647150783968
Acc12,Neurodegeneration,KEGG,prerank,0.8140239424181629,0.966797705961437
Acc12,Neurodegeneration,KEGG,prerank,-0.8132323495620568,0.9338042049934298
Acc12,Neurodegeneration,KEGG,prerank,0.812775875474765,0.9597701714720914
Acc12,Neurodegeneration,KEGG,prerank,-0.8127415992228674,0.9273803339139647
Acc12,Neurodegeneration,KEGG,prerank,0.8042299512177497,0.964495467773152
Acc12,Neurodegeneration,KEGG,prerank,-0.8014839562393363,0.9397278148920724
Acc12,Neurodegeneration,KEGG,prerank,0.7976942121065308,0.9674218559193287
Acc12,Neurodegeneration,KEGG,prerank,-0.7967590316020369,0.9403602586537857
Acc12,Neurodegeneration,KEGG,prerank,0.7965964779243848,0.9606713454259019
Acc12,Neurodegeneration,KEGG,prerank,0.7960080129332169,0.9527309742645813
Acc12,Neurodegeneration,KEGG,prerank,-0.7953967261705095,0.9355531180880602
Acc12,Neurodegeneration,KEGG,prerank,-0.7951585720009616,0.9287344511080592
Acc12,Neurodegeneration,KEGG,prerank,-0.7924524082846569,0.9257261654931649
Acc12,Neurodegeneration,KEGG,prerank,-0.7922640790091021,0.9194352637191008
Acc12,Neurodegeneration,KEGG,prerank,-0.786086026734698,0.9216693486616963
Acc12,Neurodegeneration,KEGG,prerank,0.7841491231115999,0.9647685226237596
Acc12,Neurodegeneration,KEGG,prerank,0.7750631954079865,0.9692449073364987
Acc12,Neurodegeneration,KEGG,prerank,0.7737566106825488,0.9631669844354895
Acc12,Neurodegeneration,KEGG,prerank,0.7690611265641807,0.9618899505559025
Acc12,Neurodegeneration,KEGG,prerank,-0.7671949555764644,0.9428449103482914
Acc12,Neurodegeneration,KEGG,prerank,0.7669161231694083,0.9577685995467419
Acc12,Neurodegeneration,KEGG,prerank,-0.7659273783936159,0.9382287711716952
Acc12,Neurodegeneration,KEGG,prerank,-0.7630879915178936,0.9354666547493101
Acc12,Neurodegeneration,KEGG,prerank,0.7608155311500626,0.9592226536808628
Acc12,Neurodegeneration,KEGG,prerank,-0.759019648778603,0.9339727289792993
Acc12,Neurodegeneration,KEGG,prerank,-0.7567609426906841,0.9307377462380678
Acc12,Neurodegeneration,KEGG,prerank,-0.7543063177401641,0.9270099151833712
Acc12,Neurodegeneration,KEGG,prerank,0.7538343070558184,0.9610928166641141
Acc12,Neurodegeneration,KEGG,prerank,-0.7461128893990516,0.9325568709154899
Acc12,Neurodegeneration,KEGG,prerank,-0.7283866086763598,0.9477826889127808
Acc12,Neurodegeneration,KEGG,prerank,-0.7250920434095234,0.9443439790079873
Acc12,Neurodegeneration,KEGG,prerank,-0.7234470462567187,0.9401014264838001
Acc12,Neurodegeneration,KEGG,prerank,0.7176031270635509,0.9969949709433691
Acc12,Neurodegeneration,KEGG,prerank,0.7038964101746302,1.0
Acc12,Neurodegeneration,KEGG,prerank,-0.6995820975570882,0.9596460732184404
Acc12,Neurodegeneration,KEGG,prerank,-0.6969028592447056,0.9561969088907327
Acc12,Neurodegeneration,KEGG,prerank,0.6951695829145466,1.0
Acc12,Neurodegeneration,KEGG,prerank,0.6848851911561449,1.0
Acc12,Neurodegeneration,KEGG,prerank,0.681378622651755,0.9982331137999693
Acc12,Neurodegeneration,KEGG,prerank,-0.6667754371869198,0.9778726331478362
Acc12,Neurodegeneration,KEGG,prerank,0.6606785125115429,1.0
Acc12,Neurodegeneration,KEGG,prerank,0.6565093157229159,1.0
Acc12,Neurodegeneration,KEGG,prerank,-0.6471255941054178,0.9865169434157608
Acc12,Neurodegeneration,KEGG,prerank,0.6422676865447333,1.0
Acc12,Neurodegeneration,KEGG,prerank,-0.6392337032342064,0.985236795907663
Acc12,Neurodegeneration,KEGG,prerank,0.6346825619697187,1.0
Acc12,Neurodegeneration,KEGG,prerank,-0.6084894964902572,1.0
Acc12,Neurodegeneration,KEGG,prerank,-0.6021321519318874,0.9976553039086856
Acc12,Neurodegeneration,KEGG,prerank,0.6006416150527094,1.0
Acc12,Neurodegeneration,KEGG,prerank,0.5940150836946891,1.0
Acc12,Neurodegeneration,KEGG,prerank,-0.5897454779009176,0.9981894822415668
Acc12,Neurodegeneration,KEGG,prerank,0.5878116038937482,1.0
Acc12,Neurodegeneration,KEGG,prerank,0.5782998649064209,1.0
Acc12,Neurodegeneration,KEGG,prerank,0.5771964397467404,0.9968841654798454
Acc12,Neurodegeneration,KEGG,prerank,-0.5754772077774134,0.997791916023445
Acc12,Neurodegeneration,KEGG,prerank,-0.5747677243165172,0.9916408602348156
Acc12,Neurodegeneration,KEGG,prerank,-0.5685735661531615,0.9877595307426991
Acc12,Neurodegeneration,KEGG,prerank,-0.5622962462194602,0.9836853876175887
Acc12,Neurodegeneration,KEGG,prerank,0.5549282291262054,0.997797859124249
Acc12,Neurodegeneration,KEGG,prerank,-0.5505796335078691,0.9815858733618384
Acc12,Neurodegeneration,KEGG,prerank,0.5031032344807437,1.0
Acc12,Neurodegeneration,KEGG,prerank,-0.49761038749781644,0.988173455978975
Acc12,Neurodegeneration,KEGG,prerank,0.4391090420779163,1.0
Acc12,Neurodegeneration,KEGG,prerank,0.40827730130197537,0.9984683718793077
Acc7,Neuroinflammation,KEGG,prerank,-2.651412259285406,0.01
Acc7,Neuroinflammation,KEGG,prerank,-2.6136167929105176,0.01
Acc7,Neuroinflammation,KEGG,prerank,-2.596140884769202,0.01
Acc7,Neuroinflammation,KEGG,prerank,-2.5694719641269628,0.01
Acc7,Neuroinflammation,KEGG,prerank,-2.54782564505961,0.01
Acc7,Neuroinflammation,KEGG,prerank,-2.5078476579306184,0.01
Acc7,Neuroinflammation,KEGG,prerank,-2.4864535933736676,0.01
Acc7,Neuroinflammation,KEGG,prerank,-2.4498620157873745,0.01
Acc7,Neuroinflammation,KEGG,prerank,-2.410451323096547,0.01
Acc7,Neuroinflammation,KEGG,prerank,-2.400207219514844,0.01
Acc7,Neuroinflammation,KEGG,prerank,-2.387663714077074,0.01
Acc7,Neuroinflammation,KEGG,prerank,-2.3760127607674506,0.01
Acc7,Neuroinflammation,KEGG,prerank,-2.3592856736192607,0.01
Acc7,Neuroinflammation,KEGG,prerank,-2.358710802330149,0.01
Acc7,Neuroinflammation,KEGG,prerank,-2.3442798042146022,0.01
Acc7,Neuroinflammation,KEGG,prerank,-2.3323757979520447,0.01
Acc7,Neuroinflammation,KEGG,prerank,-2.3297054246669595,0.01
Acc7,Neuroinflammation,KEGG,prerank,-2.3254447967874343,0.01
Acc7,Neuroinflammation,KEGG,prerank,-2.28147324207688,0.01
Acc7,Neuroinflammation,KEGG,prerank,-2.2805136564104864,0.01
Acc7,Neuroinflammation,KEGG,prerank,-2.244899093692327,0.01
Acc7,Neuroinflammation,KEGG,prerank,2.2364679634582054,0.01
Acc7,Neuroinflammation,KEGG,prerank,-2.1930018364821784,0.01
Acc7,Neuroinflammation,KEGG,prerank,-2.168248801390224,0.01
Acc7,Neuroinflammation,KEGG,prerank,-2.147630104485727,0.01
Acc7,Neuroinflammation,KEGG,prerank,-2.127477706644473,0.01
Acc7,Neuroinflammation,KEGG,prerank,-2.1258511476107547,0.01
Acc7,Neuroinflammation,KEGG,prerank,-2.123998686185285,0.01
Acc7,Neuroinflammation,KEGG,prerank,-2.1137959591315556,0.01
Acc7,Neuroinflammation,KEGG,prerank,-2.0996334895373923,0.01
Acc7,Neuroinflammation,KEGG,prerank,-2.078006492192877,0.01
Acc7,Neuroinflammation,KEGG,prerank,-2.070281860741155,0.01
Acc7,Neuroinflammation,KEGG,prerank,2.0666384969939493,0.01
Acc7,Neuroinflammation,KEGG,prerank,-2.047134789503203,0.01
Acc7,Neuroinflammation,KEGG,prerank,2.0276041588952864,0.01
Acc7,Neuroinflammation,KEGG,prerank,-2.025668240204941,0.01
Acc7,Neuroinflammation,KEGG,prerank,-2.006882150702684,0.01
Acc7,Neuroinflammation,KEGG,prerank,-1.972959114347017,0.01
Acc7,Neuroinflammation,KEGG,prerank,-1.9544210172522014,0.01
Acc7,Neuroinflammation,KEGG,prerank,-1.947752498817333,0.01
Acc7,Neuroinflammation,KEGG,prerank,-1.9468595082713318,0.01
Acc7,Neuroinflammation,KEGG,prerank,-1.9275561964967243,0.01
Acc7,Neuroinflammation,KEGG,prerank,1.923701093722841,0.01
Acc7,Neuroinflammation,KEGG,prerank,-1.9190282486319403,0.01
Acc7,Neuroinflammation,KEGG,prerank,-1.90920934635389,0.01
Acc7,Neuroinflammation,KEGG,prerank,-1.9004020686491019,0.01
Acc7,Neuroinflammation,KEGG,prerank,-1.8887477659567258,0.01
Acc7,Neuroinflammation,KEGG,prerank,1.887927025735569,0.01
Acc7,Neuroinflammation,KEGG,prerank,-1.8878899094990849,0.01
Acc7,Neuroinflammation,KEGG,prerank,-1.8839771958705787,0.01
Acc7,Neuroinflammation,KEGG,prerank,-1.883776933106471,0.01
Acc7,Neuroinflammation,KEGG,prerank,-1.8630575454767084,0.01
Acc7,Neuroinflammation,KEGG,prerank,-1.8617037930036442,0.01
Acc7,Neuroinflammation,KEGG,prerank,-1.8518509565210055,0.01
Acc7,Neuroinflammation,KEGG,prerank,1.8499577004194487,0.0108542277216976
Acc7,Neuroinflammation,KEGG,prerank,-1.8454192565020273,0.01
Acc7,Neuroinflammation,KEGG,prerank,-1.8388591054947574,0.01
Acc7,Neuroinflammation,KEGG,prerank,-1.8361925590481125,0.01
Acc7,Neuroinflammation,KEGG,prerank,-1.831874285282495,0.01
Acc7,Neuroinflammation,KEGG,prerank,-1.8311635575735354,0.01
Acc7,Neuroinflammation,KEGG,prerank,-1.8276779948750848,0.01
Acc7,Neuroinflammation,KEGG,prerank,-1.8023123103710628,0.01
Acc7,Neuroinflammation,KEGG,prerank,-1.7984325537406178,0.01
Acc7,Neuroinflammation,KEGG,prerank,-1.7833713259659045,0.01
Acc7,Neuroinflammation,KEGG,prerank,-1.7789543951640525,0.01
Acc7,Neuroinflammation,KEGG,prerank,-1.755143460733396,0.01
Acc7,Neuroinflammation,KEGG,prerank,-1.733890867820467,0.01
Acc7,Neuroinflammation,KEGG,prerank,-1.7184910153467634,0.01
Acc7,Neuroinflammation,KEGG,prerank,-1.7122698604149946,0.01
Acc7,Neuroinflammation,KEGG,prerank,1.70183408059122,0.04419221286691166
Acc7,Neuroinflammation,KEGG,prerank,-1.7017978712003143,0.01
Acc7,Neuroinflammation,KEGG,prerank,-1.6989345816062549,0.01
Acc7,Neuroinflammation,KEGG,prerank,-1.6988045695538745,0.01
Acc7,Neuroinflammation,KEGG,prerank,-1.6967959091407747,0.01
Acc7,Neuroinflammation,KEGG,prerank,-1.6931721218196047,0.01
Acc7,Neuroinflammation,KEGG,prerank,-1.6925889824622309,0.01
Acc7,Neuroinflammation,KEGG,prerank,-1.6885093288289537,0.01
Acc7,Neuroinflammation,KEGG,prerank,-1.6864764477228733,0.01
Acc7,Neuroinflammation,KEGG,prerank,1.6778972801697292,0.04680885704982091
Acc7,Neuroinflammation,KEGG,prerank,1.6647512051130378,0.04884402474763921
Acc7,Neuroinflammation,KEGG,prerank,-1.6563553276340224,0.01172607879924953
Acc7,Neuroinflammation,KEGG,prerank,-1.6527673536188277,0.011713722551831987
Acc7,Neuroinflammation,KEGG,prerank,-1.6433622122444131,0.013456955295604452
Acc7,Neuroinflammation,KEGG,prerank,-1.6411612244736287,0.013277529224996393
Acc7,Neuroinflammation,KEGG,prerank,-1.6383930860847495,0.014099778961040935
Acc7,Neuroinflammation,KEGG,prerank,-1.6209636717741316,0.01616582292004431
Acc7,Neuroinflammation,KEGG,prerank,-1.6085709715111922,0.01817889139291939
Acc7,Neuroinflammation,KEGG,prerank,1.6052306539884353,0.06838163464669489
Acc7,Neuroinflammation,KEGG,prerank,-1.6012135149996878,0.019729955370110214
Acc7,Neuroinflammation,KEGG,prerank,1.6011724710977557,0.0629051833871111
Acc7,Neuroinflammation,KEGG,prerank,-1.5896201116989364,0.021648145475537596
Acc7,Neuroinflammation,KEGG,prerank,1.5892361839326423,0.0630901986323673
Acc7,Neuroinflammation,KEGG,prerank,1.5818668864996512,0.06136813365729028
Acc7,Neuroinflammation,KEGG,prerank,1.5811063077288698,0.0569846955389124
Acc7,Neuroinflammation,KEGG,prerank,-1.578392064734245,0.024454386555699877
Acc7,Neuroinflammation,KEGG,prerank,-1.574963462489179,0.024816166764640657
Acc7,Neuroinflammation,KEGG,prerank,-1.567689544197638,0.026734155557139802
Acc7,Neuroinflammation,KEGG,prerank,-1.5649346087316203,0.0277044718883368
Acc7,Neuroinflammation,KEGG,prerank,-1.559459541576223,0.02826993115040792
Acc7,Neuroinflammation,KEGG,prerank,1.5579882467908674,0.06946705741886464
Acc7,Neuroinflammation,KEGG,prerank,1.5378597534214518,0.07988033213936828
Acc7,Neuroinflammation,KEGG,prerank,-1.5337584796497983,0.03549288967500931
Acc7,Neuroinflammation,KEGG,prerank,-1.525388307385802,0.038195291155115184
Acc7,Neuroinflammation,KEGG,prerank,-1.5241506270492153,0.03837625788845301
Acc7,Neuroinflammation,KEGG,prerank,1.5202769835779384,0.08715306376539544
Acc7,Neuroinflammation,KEGG,prerank,-1.516552239031522,0.04098553384975376
Acc7,Neuroinflammation,KEGG,prerank,-1.5145064562448358,0.04077067397892914
Acc7,Neuroinflammation,KEGG,prerank,-1.507244310387592,0.04210683240846323
Acc7,Neuroinflammation,KEGG,prerank,1.505686801480221,0.09542675205325808
Acc7,Neuroinflammation,KEGG,prerank,-1.5035254433999523,0.04317863798653423
Acc7,Neuroinflammation,KEGG,prerank,-1.4888731117328167,0.05039595156402032
Acc7,Neuroinflammation,KEGG,prerank,-1.4845840725276798,0.05135677064941365
Acc7,Neuroinflammation,KEGG,prerank,1.4805789517970438,0.10839945843116419
Acc7,Neuroinflammation,KEGG,prerank,1.478552971702859,0.1050146532074243
Acc7,Neuroinflammation,KEGG,prerank,-1.469887027900389,0.0585639303917175
Acc7,Neuroinflammation,KEGG,prerank,-1.463047011852292,0.06043440611920912
Acc7,Neuroinflammation,KEGG,prerank,-1.450108657698467,0.06907320643998852
Acc7,Neuroinflammation,KEGG,prerank,1.436174370296503,0.13645314850134127
Acc7,Neuroinflammation,KEGG,prerank,-1.434880549355065,0.07797750360066093
Acc7,Neuroinflammation,KEGG,prerank,-1.4308819307894531,0.08079787629506203
Acc7,Neuroinflammation,KEGG,prerank,-1.4268474649043041,0.08215471207966518
Acc7,Neuroinflammation,KEGG,prerank,-1.4209095253220956,0.08455637019900575
Acc7,Neuroinflammation,KEGG,prerank,-1.41541731834767,0.0865925819021504
Acc7,Neuroinflammation,KEGG,prerank,-1.41035251795189,0.08974522444713158
Acc7,Neuroinflammation,KEGG,prerank,1.3978727916073728,0.16540362925905094
Acc7,Neuroinflammation,KEGG,prerank,-1.3937586265820168,0.10126752667162539
Acc7,Neuroinflammation,KEGG,prerank,1.3804210681258189,0.18121841065790778
Acc7,Neuroinflammation,KEGG,prerank,-1.3761462196863972,0.11360122054305918
Acc7,Neuroinflammation,KEGG,prerank,-1.375408721479345,0.11324430817156224
Acc7,Neuroinflammation,KEGG,prerank,-1.3699651908115038,0.11774972585759702
Acc7,Neuroinflammation,KEGG,prerank,-1.3678647165767783,0.11856368563685636
Acc7,Neuroinflammation,KEGG,prerank,1.35385662280394,0.20487354824704224
Acc7,Neuroinflammation,KEGG,prerank,-1.3465558309737626,0.13922339429680602
Acc7,Neuroinflammation,KEGG,prerank,-1.345950448345658,0.13864653170469304
Acc7,Neuroinflammation,KEGG,prerank,-1.3438267047555197,0.13993283224052455
Acc7,Neuroinflammation,KEGG,prerank,1.3231930384923325,0.23510257245197003
Acc7,Neuroinflammation,KEGG,prerank,-1.3166231754801876,0.16728990990248024
Acc7,Neuroinflammation,KEGG,prerank,-1.3105687374054933,0.1728020107870346
Acc7,Neuroinflammation,KEGG,prerank,-1.2978519915080462,0.18761726078799248
Acc7,Neuroinflammation,KEGG,prerank,-1.291370523392326,0.1937979631918779
Acc7,Neuroinflammation,KEGG,prerank,1.2873270133382309,0.2777221150715127
Acc7,Neuroinflammation,KEGG,prerank,1.2727651133317783,0.2903505915554109
Acc7,Neuroinflammation,KEGG,prerank,1.2726766870211943,0.279980927571289
Acc7,Neuroinflammation,KEGG,prerank,-1.270489766647273,0.21993396071483667
Acc7,Neuroinflammation,KEGG,prerank,-1.2701800461964141,0.21842423704164216
Acc7,Neuroinflammation,KEGG,prerank,-1.2691349956045377,0.21822431392501668
Acc7,Neuroinflammation,KEGG,prerank,-1.2690644205618935,0.216572413349811
Acc7,Neuroinflammation,KEGG,prerank,-1.2675945915722957,0.21648145475537597
Acc7,Neuroinflammation,KEGG,prerank,-1.2656183593570574,0.21648145475537595
Acc7,Neuroinflammation,KEGG,prerank,-1.2555385396378478,0.22943485327762383
Acc7,Neuroinflammation,KEGG,prerank,-1.2503719422267154,0.2339055718454428
Acc7,Neuroinflammation,KEGG,prerank,-1.2477486699952098,0.23542358204647135
Acc7,Neuroinflammation,KEGG,prerank,-1.2432070322738196,0.23977485928705441
Acc7,Neuroinflammation,KEGG,prerank,-1.2370501047594953,0.24929729432543687
Acc7,Neuroinflammation,KEGG,prerank,-1.2352351370104937,0.25057302243338797
Acc7,Neuroinflammation,KEGG,prerank,-1.233739805819565,0.2503912451291673
Acc7,Neuroinflammation,KEGG,prerank,-1.2336744661902856,0.2484502277250652
Acc7,Neuroinflammation,KEGG,prerank,1.2271248689132959,0.35285597188380735
Acc7,Neuroinflammation,KEGG,prerank,-1.2269608726134942,0.2594446973145198
Acc7,Neuroinflammation,KEGG,prerank,1.2261765474343544,0.34326495169868665
Acc7,Neuroinflammation,KEGG,prerank,1.222722952585441,0.33901954811399043
Acc7,Neuroinflammation,KEGG,prerank,1.1860617863897,0.403471996092478
Acc7,Neuroinflammation,KEGG,prerank,-1.1852501778680218,0.326870471378728
Acc7,Neuroinflammation,KEGG,prerank,1.177347529228523,0.41024047048143436
Acc7,Neuroinflammation,KEGG,prerank,1.1736342416513772,0.40823069703296494
Acc7,Neuroinflammation,KEGG,prerank,-1.1719635048933206,0.3502243535076556
Acc7,Neuroinflammation,KEGG,prerank,-1.169017805965097,0.3537762721133907
Acc7,Neuroinflammation,KEGG,prerank,-1.166039294788762,0.3568712936974817
Acc7,Neuroinflammation,KEGG,prerank,-1.1623876869243095,0.3612834944917497
Acc7,Neuroinflammation,KEGG,prerank,-1.1600174976229984,0.3641186233477371
Acc7,Neuroinflammation,KEGG,prerank,-1.1529213513057586,0.37584024827420565
Acc7,Neuroinflammation,KEGG,prerank,1.1480681407155173,0.46239010094431776
Acc7,Neuroinflammation,KEGG,prerank,-1.1459710982149751,0.3863723355525297
Acc7,Neuroinflammation,KEGG,prerank,1.1401449452233312,0.467636311009805
Acc7,Neuroinflammation,KEGG,prerank,1.1348187381057384,0.4699587245989069
Acc7,Neuroinflammation,KEGG,prerank,-1.1332487691636712,0.41178199019655687
Acc7,Neuroinflammation,KEGG,prerank,-1.1187514677209065,0.4396892975692225
Acc7,Neuroinflammation,KEGG,prerank,-1.117985788977982,0.4381830296963425
Acc7,Neuroinflammation,KEGG,prerank,1.110103642903972,0.5237878969648151
Acc7,Neuroinflammation,KEGG,prerank,-1.1074320043630437,0.45948951030472057
Acc7,Neuroinflammation,KEGG,prerank,-1.0923288828545321,0.4924574631603063
Acc7,Neuroinflammation,KEGG,prerank,-1.0882497804351337,0.49798251310915476
Acc7,Neuroinflammation,KEGG,prerank,-1.0865831157739045,0.4975341020498554
Acc7,Neuroinflammation,KEGG,prerank,-1.084382120904614,0.49827803335989107
Acc7,Neuroinflammation,KEGG,prerank,1.0835273048551652,0.5882156484566122
Acc7,Neuroinflammation,KEGG,prerank,-1.0791194916668643,0.5081423534921258
Acc7,Neuroinflammation,KEGG,prerank,-1.0789293645476001,0.5051477729714128
Acc7,Neuroinflammation,KEGG,prerank,-1.0777985305655509,0.5046633108005357
Acc7,Neuroinflammation,KEGG,prerank,1.073036644593119,0.6028166720937805
Acc7,Neuroinflammation,KEGG,prerank,-1.0723013769521952,0.5135661711646703
Acc7,Neuroinflammation,KEGG,prerank,-1.0676330152599884,0.5199855870183766
Acc7,Neuroinflammation,KEGG,prerank,-1.0632954382801154,0.5268902249128378
Acc7,Neuroinflammation,KEGG,prerank,-1.0589684509539714,0.5326434225010541
Acc7,Neuroinflammation,KEGG,prerank,-1.0588061051978943,0.5296064160979733
Acc7,Neuroinflammation,KEGG,prerank,-1.0585899275708293,0.526748262328968
Acc7,Neuroinflammation,KEGG,prerank,1.0535822717061532,0.6480768161637983
Acc7,Neuroinflammation,KEGG,prerank,-1.041924074668544,0.5609090000777113
Acc7,Neuroinflammation,KEGG,prerank,1.0358051029207564,0.6845916484470701
Acc7,Neuroinflammation,KEGG,prerank,-1.0306130940352658,0.5872576533778
Acc7,Neuroinflammation,KEGG,prerank,-1.0243023428152385,0.600941557314607
Acc7,Neuroinflammation,KEGG,prerank,1.0193946501177849,0.7188401626619615
Acc7,Neuroinflammation,KEGG,prerank,1.012821116661702,0.7241496699328024
Acc7,Neuroinflammation,KEGG,prerank,-1.012697379805472,0.6248008779071825
Acc7,Neuroinflammation,KEGG,prerank,1.0086977477542545,0.7201780093346359
Acc7,Neuroinflammation,KEGG,prerank,1.0047622686725295,0.719918451715204
Acc7,Neuroinflammation,KEGG,prerank,1.0033908409621444,0.7091043876483507
Acc7,Neuroinflammation,KEGG,prerank,-1.0006670345811033,0.6525562851782364
Acc7,Neuroinflammation,KEGG,prerank,-0.9996398875887172,0.6513940419642353
Acc7,Neuroinflammation,KEGG,prerank,-0.9954989199281584,0.6574621959237343
Acc7,Neuroinflammation,KEGG,prerank,-0.9935067314196585,0.6575458174808996
Acc7,Neuroinflammation,KEGG,prerank,0.9865144388371214,0.7402922500814068
Acc7,Neuroinflammation,KEGG,prerank,0.9821106353408441,0.7411333142830562
Acc7,Neuroinflammation,KEGG,prerank,-0.9818754523789646,0.682444586027618
Acc7,Neuroinflammation,KEGG,prerank,0.9803204094021728,0.732660371214588
Acc7,Neuroinflammation,KEGG,prerank,-0.9758472266272206,0.6926750547763681
Acc7,Neuroinflammation,KEGG,prerank,-0.9735957708527376,0.6938491445939626
Acc7,Neuroinflammation,KEGG,prerank,0.9639711987660567,0.7743214511463979
Acc7,Neuroinflammation,KEGG,prerank,-0.9593004633638168,0.7262499103395174
Acc7,Neuroinflammation,KEGG,prerank,-0.9572168985913432,0.7269524565490795
Acc7,Neuroinflammation,KEGG,prerank,-0.9544741875756835,0.7301445515418006
Acc7,Neuroinflammation,KEGG,prerank,-0.941241676707807,0.7584491438370702
Acc7,Neuroinflammation,KEGG,prerank,0.9362833975399987,0.8483518272674898
Acc7,Neuroinflammation,KEGG,prerank,0.9322451719614372,0.8483193354755073
Acc7,Neuroinflammation,KEGG,prerank,-0.9306176241363179,0.783321053391163
Acc7,Neuroinflammation,KEGG,prerank,0.9209608316485527,0.8659261671309865
Acc7,Neuroinflammation,KEGG,prerank,-0.9197482565509104,0.8022399957039339
Acc7,Neuroinflammation,KEGG,prerank,-0.9194828627433477,0.7983535730284964
Acc7,Neuroinflammation,KEGG,prerank,-0.9187227182603545,0.7956937608551763
Acc7,Neuroinflammation,KEGG,prerank,-0.9097178037809862,0.8115580479557966
Acc7,Neuroinflammation,KEGG,prerank,-0.9087508145805504,0.8095914404544797
Acc7,Neuroinflammation,KEGG,prerank,-0.9006194176170857,0.8239137400901639
Acc7,Neuroinflammation,KEGG,prerank,-0.899495881720499,0.8218390059041871
Acc7,Neuroinflammation,KEGG,prerank,-0.8919957968576719,0.8347839337703813
Acc7,Neuroinflammation,KEGG,prerank,0.8870535958584741,0.9455019093573311
Acc7,Neuroinflammation,KEGG,prerank,0.8838746611068621,0.935159557147509
Acc7,Neuroinflammation,KEGG,prerank,-0.8813622783714563,0.8566652234569683
Acc7,Neuroinflammation,KEGG,prerank,-0.8779213783309329,0.8593476532692687
Acc7,Neuroinflammation,KEGG,prerank,-0.867999245474374,0.8784151337189293
Acc7,Neuroinflammation,KEGG,prerank,0.8636313451915842,0.9734528440933006
Acc7,Neuroinflammation,KEGG,prerank,-0.8618976322973471,0.8873373727432103
Acc7,Neuroinflammation,KEGG,prerank,-0.8595193458805808,0.8885151882133692
Acc7,Neuroinflammation,KEGG,prerank,-0.8479907490317831,0.9067647529185991
Acc7,Neuroinflammation,KEGG,prerank,-0.8464325038679003,0.905905055423908
Acc7,Neuroinflammation,KEGG,prerank,-0.8442644412332729,0.9054018490063076
Acc7,Neuroinflammation,KEGG,prerank,-0.8437874023211394,0.9018525285340981
Acc7,Neuroinflammation,KEGG,prerank,0.8377862988206053,1.0
Acc7,Neuroinflammation,KEGG,prerank,0.8324391540385763,1.0
Acc7,Neuroinflammation,KEGG,prerank,-0.8314242978341866,0.9241696389914026
Acc7,Neuroinflammation,KEGG,prerank,-0.8227638844845309,0.936396229424767
Acc7,Neuroinflammation,KEGG,prerank,0.8207185164842038,1.0
Acc7,Neuroinflammation,KEGG,prerank,-0.8188841491570462,0.9394275066701223
Acc7,Neuroinflammation,KEGG,prerank,-0.8166443950635467,0.9389319346226006
Acc7,Neuroinflammation,KEGG,prerank,-0.8158254355817667,0.9356373341150096
Acc7,Neuroinflammation,KEGG,prerank,-0.8110416300056624,0.9400205025047871
Acc7,Neuroinflammation,KEGG,prerank,0.8051901936051501,1.0
Acc7,Neuroinflammation,KEGG,prerank,-0.8044931548555386,0.946023957280993
Acc7,Neuroinflammation,KEGG,prerank,-0.8015421246843154,0.9472720391374908
Acc7,Neuroinflammation,KEGG,prerank,0.7945264813272597,1.0
Acc7,Neuroinflammation,KEGG,prerank,-0.7843718061421502,0.9690017604227945
Acc7,Neuroinflammation,KEGG,prerank,0.782842612069743,1.0
Acc7,Neuroinflammation,KEGG,prerank,0.7709405704674033,1.0
Acc7,Neuroinflammation,KEGG,prerank,-0.7707525634110938,0.983514609218174
Acc7,Neuroinflammation,KEGG,prerank,-0.7653645478003167,0.9846098728597527
Acc7,Neuroinflammation,KEGG,prerank,-0.7636118238391634,0.9825552027709626
Acc7,Neuroinflammation,KEGG,prerank,0.750204614879993,1.0
Acc7,Neuroinflammation,KEGG,prerank,-0.7493721974354552,0.996137798523618
Acc7,Neuroinflammation,KEGG,prerank,-0.7472448359762279,0.9940464027641038
Acc7,Neuroinflammation,KEGG,prerank,-0.7465331039475609,0.9902693541174489
Acc7,Neuroinflammation,KEGG,prerank,-0.7306150646432448,1.0
Acc7,Neuroinflammation,KEGG,prerank,0.7232112965660789,1.0
Acc7,Neuroinflammation,KEGG,prerank,-0.7211525975063898,1.0
Acc7,Neuroinflammation,KEGG,prerank,-0.7198292717211718,1.0
Acc7,Neuroinflammation,KEGG,prerank,0.7183756244849087,1.0
Acc7,Neuroinflammation,KEGG,prerank,-0.711650266593088,1.0
Acc7,Neuroinflammation,KEGG,prerank,-0.7052676609801453,1.0
Acc7,Neuroinflammation,KEGG,prerank,-0.7036479797077846,1.0
Acc7,Neuroinflammation,KEGG,prerank,-0.7034587685822585,0.9997835185452446
Acc7,Neuroinflammation,KEGG,prerank,0.6893879504092689,1.0
Acc7,Neuroinflammation,KEGG,prerank,0.6878945678261771,1.0
Acc7,Neuroinflammation,KEGG,prerank,0.6875420963093979,1.0
Acc7,Neuroinflammation,KEGG,prerank,-0.6829346914522055,1.0
Acc7,Neuroinflammation,KEGG,prerank,-0.6729146868620081,1.0
Acc7,Neuroinflammation,KEGG,prerank,-0.6633468178568986,1.0
Acc7,Neuroinflammation,KEGG,prerank,-0.6622239513048718,1.0
Acc7,Neuroinflammation,KEGG,prerank,-0.6591956046728905,1.0
Acc7,Neuroinflammation,KEGG,prerank,0.6586207336218106,1.0
Acc7,Neuroinflammation,KEGG,prerank,-0.650298120221837,1.0
Acc7,Neuroinflammation,KEGG,prerank,-0.6427487968936402,1.0
Acc7,Neuroinflammation,KEGG,prerank,-0.6325647931292011,1.0
Acc7,Neuroinflammation,KEGG,prerank,0.6165622717201322,1.0
Acc7,Neuroinflammation,KEGG,prerank,-0.6124804250260392,1.0
Acc7,Neuroinflammation,KEGG,prerank,0.6088617346996119,1.0
Acc7,Neuroinflammation,KEGG,prerank,-0.5981197991380972,1.0
Acc7,Neuroinflammation,KEGG,prerank,-0.5903546599332766,1.0
Acc7,Neuroinflammation,KEGG,prerank,0.5681697404678454,1.0
Acc7,Neuroinflammation,KEGG,prerank,-0.5512860816083294,1.0
Acc7,Neuroinflammation,KEGG,prerank,-0.5390717762407679,1.0
Acc7,Neuroinflammation,KEGG,prerank,0.5278349942172114,0.9941387170302833
Acc7,Neuroinflammation,KEGG,prerank,-0.5249561510555365,0.9996804321382183
Acc7,Neuroinflammation,KEGG,prerank,-0.4931385851811326,0.9971616875932073
