gene_symbol,n_groups_hibi,predominant_direction_hibi,mean_log2FC_hibi,n_groups_glp1r,predominant_direction_glp1r,mean_log2FC_glp1r,direction_concordant
Slc2a1,11,UP,1.0108637569560892,4,UP,0.4315996375923225,True
Maff,11,UP,3.014391434783998,2,UP,0.2751432001076863,True
Csrnp1,10,UP,2.216480369952862,4,UP,0.5036942196772236,True
Tnfrsf12a,10,UP,2.0905022875014527,2,UP,0.330707585808115,True
Errfi1,9,UP,0.9385343365247976,5,UP,0.2979127358711027,True
Fam168a,9,DOWN,-0.8058342564861257,4,DOWN,-0.1103527147529912,True
Ppp1r15a,9,UP,1.6775519128209138,2,UP,0.4823180140066998,True
Jund,9,UP,0.2827458138795132,2,UP,3.928290698391218,True
Arl4d,8,UP,0.7511651317020848,6,UP,0.8873665220961525,True
Mbnl2,8,DOWN,-0.4177025953810826,5,DOWN,-0.2102878565123246,True
Uhmk1,8,DOWN,-1.2682129123356014,4,DOWN,-0.1495374747782695,True
Cebpd,8,UP,1.448371220260949,3,UP,0.6920637034664955,True
Nf1,8,DOWN,-0.7279555222461834,3,DOWN,-0.0956370620385717,True
Angptl4,8,UP,2.651483350076866,2,UP,0.6981907969231284,True
Klf6,8,UP,1.6697042253428729,2,UP,-0.0056446419446896,True
Cd68,8,UP,1.229506248266815,2,UP,0.50101479354983,True
Coq10b,8,UP,1.1368194502770086,2,UP,-0.067569052166559,True
Nfe2l2,8,UP,1.0727608337534025,2,UP,0.1177255475793288,True
Fcrls,8,UP,0.8129883392912838,2,UP,-0.0249377073608676,True
Btbd3,8,DOWN,-1.3342423610133247,2,DOWN,-0.3827620613901623,True
Hspe1,7,UP,0.8851046008286959,6,UP,0.1625700930493162,True
Atp2b2,7,DOWN,-1.0135740654066634,6,DOWN,-0.1044534369115032,True
Cpd,7,DOWN,0.0454989993244773,5,DOWN,-0.1938308068538058,True
Map2,7,DOWN,-1.7368663981457213,5,DOWN,-0.1484050932450862,True
Nr1d1,7,UP,1.1460536292917447,4,UP,0.1774266849178645,True
Spsb1,7,UP,0.7439297030901086,4,UP,0.4524437583596369,True
Gnptab,7,DOWN,0.3710966270264325,4,DOWN,-0.150544788367785,True
Megf9,7,DOWN,-0.606229312390267,4,DOWN,-0.1304618051516689,True
Pum2,7,DOWN,-0.7671493271200625,4,DOWN,-0.3570070494510012,True
Ids,7,DOWN,-0.9709222705410142,4,DOWN,-0.417221372685513,True
Bdnf,7,DOWN,-1.707741646759286,4,DOWN,-0.3171472641229688,True
Pcdh19,7,DOWN,-2.2429886488333426,4,DOWN,-0.1996573848830367,True
Rsad2,7,UP,2.9693006210378483,3,UP,0.1225931384639141,True
Gadd45g,7,UP,2.2191407731704085,3,UP,0.572181953637053,True
Mafk,7,UP,1.5504445260125153,3,UP,0.297511102677806,True
Btg2,7,UP,1.4590008087242088,3,UP,0.4416232772995648,True
Arrdc3,7,UP,1.429662745091952,3,UP,0.1265607612039201,True
Tiparp,7,UP,1.3001770830862862,3,UP,0.0500622900578866,True
Csrp1,7,UP,0.5620749152592538,3,UP,0.3294386010302136,True
Tob2,7,UP,0.4686375418932528,3,UP,0.131122574720043,True
Sel1l,7,DOWN,-0.03882675099663,3,DOWN,-0.0762405152017534,True
Wdr7,7,DOWN,-0.5746834772157623,3,DOWN,-0.0887626420897271,True
Purb,7,DOWN,-0.7719551733701138,3,DOWN,-0.3948358520511359,True
Cdk14,7,DOWN,-0.8187126235043847,3,DOWN,-0.0669723726327196,True
Synj1,7,DOWN,-0.8927803408341995,3,DOWN,-0.0530724712188055,True
Akap11,7,DOWN,-0.8996042269957768,3,DOWN,-0.0558576401786813,True
Man1a2,7,DOWN,-0.9003144292223306,3,DOWN,-0.2478632868705257,True
Ppm1l,7,DOWN,-0.9723189030549084,3,DOWN,-0.0677498418590415,True
Sgip1,7,DOWN,-1.0293304912842616,3,DOWN,-0.04118418081478,True
Fzd3,7,DOWN,-1.404651432793609,3,DOWN,-0.1639634002176437,True
Gabrb3,7,DOWN,-2.4452871826873874,3,DOWN,-0.2681917803504521,True
Nfkb2,7,UP,1.5596681779860877,2,UP,0.6330114204093285,True
S100a6,7,UP,1.5278327770400328,2,UP,0.6707692156179954,True
Odc1,7,UP,1.4784352973241224,2,UP,2.739734226021773,True
Fbxo30,7,UP,1.316204179173852,2,UP,0.0878382464638773,True
Ccnl1,7,UP,1.1250377160627325,2,UP,0.0298280877458667,True
Spty2d1,7,UP,1.05529617779381,2,UP,-0.0174852756370362,True
Zfp36l1,7,UP,0.9884948397883192,2,UP,0.0168083948194252,True
Ppan,7,UP,0.9213167178487554,2,UP,0.3250286373527353,True
1110038b12rik,7,UP,0.6649586015370615,2,UP,1.044195406728905,True
Rgs7bp,7,DOWN,-0.8676101487369837,2,DOWN,-0.306053124052982,True
Vldlr,7,DOWN,-1.1750197063551169,2,DOWN,-0.2888593211950271,True
Dagla,7,DOWN,-1.3165089022608534,2,DOWN,-0.2464208955381344,True
Arhgef17,7,DOWN,-1.3359719916223634,2,DOWN,-0.276129137770909,True
Cdh11,7,DOWN,-1.4182658195064557,2,DOWN,-0.360103507517963,True
St8sia3,7,DOWN,-1.521675053500002,2,DOWN,-0.2644594218659657,True
Gabra4,7,DOWN,-1.5441876044610627,2,DOWN,-0.3094100077160839,True
Cacna2d1,7,DOWN,-1.7208982403705846,2,DOWN,-0.3445365799583398,True
Hpcal4,7,DOWN,-1.7438786200024587,2,DOWN,-0.2787846797776613,True
Cd53,6,UP,1.1658317460717758,7,UP,4.339430567899964,True
Epm2aip1,6,DOWN,-0.5782647120781995,7,DOWN,0.0142272360398857,True
Bmpr2,6,DOWN,-0.6122031144936865,6,DOWN,1.1258402324758798,True
Kcnd2,6,DOWN,-1.079139724390674,6,DOWN,-0.190219554375367,True
Pcdh7,6,DOWN,-1.6613193068207397,5,DOWN,-0.1895890767542568,True
Pdlim7,6,UP,0.9191309377218992,4,UP,0.1741931902499753,True
Clk1,6,UP,0.8253101488095492,4,UP,0.0494265389788625,True
Creg2,6,DOWN,0.0661064760974015,4,DOWN,-0.1737133526711098,True
Marchf6,6,DOWN,-0.6610944973734657,4,DOWN,-0.1497808507484377,True
Mib1,6,DOWN,-0.6883001612017114,4,DOWN,-0.1655781375723698,True
Med14,6,DOWN,-0.8148587936486088,4,DOWN,-0.2304677721565396,True
Igip,6,DOWN,-0.8753669481606492,4,DOWN,-0.3120805638145958,True
Dok6,6,DOWN,-0.9720040851660802,4,DOWN,-0.1322205044104618,True
Pgm2l1,6,DOWN,-0.974724717329324,4,DOWN,-0.1571762768785319,True
Gpr22,6,DOWN,-1.575921114336923,4,DOWN,-0.3826021609880627,True
Wnt9a,6,UP,2.0078899610588645,3,UP,0.889173271416133,True
Pawr,6,UP,1.348483645444909,3,UP,10.876390514029806,True
Zc3h12c,6,UP,1.2529513143997209,3,UP,0.1232673006241307,True
Tppp3,6,UP,1.174407450272687,3,UP,0.5266624402634613,True
Snhg12,6,UP,1.0307230287961624,3,UP,0.5667821695773737,True
Srxn1,6,UP,0.939661850745625,3,UP,0.5282608569959961,True
Zfas1,6,UP,0.8130194318703822,3,UP,0.3846429594834266,True
Gas5,6,UP,0.6409964307951949,3,UP,0.6212226132561112,True
Fam107b,6,UP,0.4603112243426623,3,UP,0.5396169264924681,True
Reps2,6,DOWN,-0.1771564886845868,3,DOWN,-0.1225149980142797,True
Atp8a1,6,DOWN,-0.4698119911759806,3,DOWN,-0.1256337650735366,True
Ccdc88a,6,DOWN,-0.4759063739515648,3,DOWN,-0.3073007139710987,True
Opa1,6,DOWN,-0.6079794836016829,3,DOWN,-0.0925800735652379,True
Taok1,6,DOWN,-0.6503994952667536,3,DOWN,-0.1175432245928719,True
Ubash3b,6,DOWN,-0.6953137263315639,3,DOWN,-0.1292237233812672,True
Atxn1,6,DOWN,-0.6964652174103255,3,DOWN,-0.0585999734121381,True
Purg,6,DOWN,-0.7525668012371464,3,DOWN,-0.3223500406472046,True
Pten,6,DOWN,-0.803028197601173,3,DOWN,-0.4349346554232862,True
Camta2,6,DOWN,-0.8917321901210634,3,DOWN,-0.1259952655950658,True
Arid1b,6,DOWN,-0.9119175409292868,3,DOWN,-0.0595920335139283,True
Lrfn3,6,DOWN,-0.9403882284534698,3,DOWN,-0.125053516950618,True
Camk1d,6,DOWN,-1.031534629246455,3,DOWN,-0.0799319176214958,True
Mdga1,6,DOWN,-1.04234743181091,3,DOWN,-0.1695735878555528,True
Rnf157,6,DOWN,-1.0860046718241587,3,DOWN,-0.080276601476238,True
Gpr158,6,DOWN,-1.168416563193998,3,DOWN,-0.0929616724816423,True
Zbtb18,6,DOWN,-1.2806456605909855,3,DOWN,-0.239924230873544,True
Pde1a,6,DOWN,-1.496172434308713,3,DOWN,-0.3399278998333333,True
Gabrb2,6,DOWN,-1.528694913172803,3,DOWN,-0.1254436339521995,True
Dnajc6,6,DOWN,-1.5483692343817228,3,DOWN,-0.0576136836206598,True
Akap6,6,DOWN,-1.579508653344847,3,DOWN,-0.0258192553653281,True
Kcnc1,6,DOWN,-1.6649764351989071,3,DOWN,-0.1145434090646267,True
Grin2a,6,DOWN,-1.7431810008974171,3,DOWN,-0.0777890352209255,True
Cntn1,6,DOWN,-2.15606359465392,3,DOWN,-0.1248543815452416,True
Bdkrb2,6,UP,3.2335061189413827,2,UP,0.0990224933402399,True
Neat1,6,UP,2.9513142289069445,2,UP,0.327439113716894,True
Arc,6,UP,2.1830638666236326,2,UP,0.3113092827825481,True
Lmna,6,UP,1.639032849847906,2,UP,0.3528167878449434,True
Uaca,6,UP,1.4545643147507503,2,UP,3.682247056617264,True
Osmr,6,UP,1.4115146450544287,2,UP,0.1110693139451078,True
Eif4ebp1,6,UP,1.3383173895099805,2,UP,0.5853954954541503,True
Tent5a,6,UP,1.1873028697679373,2,UP,0.1080926098082545,True
Bhlhe41,6,UP,1.1716116371578291,2,UP,0.1659122878157739,True
Jdp2,6,UP,1.1687482823647273,2,UP,0.4282724539143718,True
Itpkb,6,UP,0.9261656706591376,2,UP,-0.0222342113978172,True
Ank,6,DOWN,-0.1081530385865721,2,DOWN,-0.2156474831818188,True
Smad1,6,UP,-0.304835453362573,2,UP,0.3343850430579526,True
Zmynd8,6,DOWN,-0.3518227795681747,2,DOWN,-0.21252363955,True
Zeb2,6,DOWN,-0.4025286683159263,2,DOWN,-0.2523374038337743,True
Nrp1,6,DOWN,-0.6361094489353335,2,DOWN,-0.4061480026620359,True
Dnal1,6,DOWN,-0.6598052486805015,2,DOWN,-0.2437714936283851,True
Abi2,6,DOWN,-0.7042547015318155,2,DOWN,-0.4055814491865923,True
Rtn4rl1,6,DOWN,-1.1242257555922384,2,DOWN,-0.2967598895509732,True
Fam155a,6,DOWN,-1.2846284965992294,2,DOWN,-0.2419836411982186,True
Nckap1,6,DOWN,-1.358996688716891,2,DOWN,-0.3775847037652677,True
Nos1ap,6,DOWN,-1.3683312024486447,2,DOWN,-0.2803573924,True
Chl1,6,DOWN,-1.9197764146322207,2,DOWN,-0.28760628395,True
Syn2,6,DOWN,-2.4543352894479677,2,DOWN,-0.298496153425,True
Cdkn1a,5,UP,1.0886586825853062,8,UP,0.5787234060592998,True
Kif1b,5,DOWN,-0.4983245424700467,6,DOWN,0.1064643754502719,True
Gsk3b,5,DOWN,-0.6077544412539961,6,DOWN,-0.1743255084748688,True
Mef2a,5,DOWN,-0.7874697853611303,6,DOWN,-0.2761973940324809,True
Kcna1,5,DOWN,-1.5219355955356604,6,DOWN,0.0097622146483506,True
Mt2,5,UP,1.137848543798172,5,UP,0.8279362157476047,True
Clcn3,5,DOWN,-0.5208969168363631,5,DOWN,-0.0108291893975772,True
Lmbrd2,5,DOWN,-0.6382831485423793,5,DOWN,-0.2318872839463983,True
Inhba,5,DOWN,-1.0968092333934778,5,DOWN,-0.4656535736315835,True
Gabra2,5,DOWN,-1.802569930723139,5,DOWN,-0.3702533879417689,True
Cadm2,5,DOWN,-2.839258542597932,5,DOWN,-0.2776352216396206,True
Myo1e,5,UP,1.8007243762137637,4,UP,8.967952093662872,True
Sun2,5,UP,1.1843423531071575,4,UP,0.3100594817021793,True
2410006h16rik,5,UP,0.7371942892894575,4,UP,0.133835101403387,True
Dnajb9,5,UP,0.6987392378834627,4,UP,-0.0076011759136511,True
Ddit4,5,UP,0.5574691748915567,4,UP,0.5515981604102876,True
Mt1,5,UP,0.5058479138829557,4,UP,0.4629350106326768,True
Usp2,5,UP,0.4613448677712718,4,UP,0.245090602069967,True
Pdpk1,5,DOWN,-0.5662408013269541,4,DOWN,-0.1468596272299211,True
Slc39a10,5,DOWN,-0.6558721234678953,4,DOWN,-0.1823464767792782,True
Trhde,5,DOWN,-0.9273583556267658,4,DOWN,-0.1357148535741462,True
Tmem170b,5,DOWN,-0.9554930914132524,4,DOWN,-0.3248289303139983,True
Cdh12,5,DOWN,-1.135891037280275,4,DOWN,-0.1685586549719727,True
Slitrk4,5,DOWN,-1.1728483146203998,4,DOWN,-0.2184089826271133,True
Ttll7,5,DOWN,-1.4328955537063022,4,DOWN,-0.1431770597796786,True
Slc7a14,5,DOWN,-1.656404544794576,4,DOWN,-0.2562324379624451,True
Gria3,5,DOWN,-1.7837563797267235,4,DOWN,-0.3060376087108439,True
Ccn1,5,UP,5.043635455311703,3,UP,10.111139239255186,True
Chac1,5,UP,3.3986362217963237,3,UP,-0.0136317375336633,True
Ciart,5,UP,1.870589622627277,3,UP,0.4764768602055996,True
Rgcc,5,UP,1.5353965284066884,3,UP,0.1579271744329542,True
Ccno,5,UP,1.5076217323170482,3,UP,0.3960158409287118,True
Cstb,5,UP,1.4156730385633092,3,UP,0.4009693660119343,True
Dusp6,5,UP,0.4309002242770744,3,UP,0.1417560603867886,True
Atp6v1a,5,DOWN,0.1184588533442994,3,DOWN,-0.2239918532298186,True
Gm13889,5,UP,-0.0153808442285655,3,UP,1.7065786916624617,True
Zdhhc21,5,DOWN,-0.2382456898724662,3,DOWN,-0.3066218593505687,True
Ash1l,5,DOWN,-0.5387997096816012,3,DOWN,-0.0294640505291241,True
Tomm70a,5,DOWN,-0.539733568404209,3,DOWN,-0.0059754996315325,True
Ddx6,5,DOWN,-0.5481473508452622,3,DOWN,-0.1613823189706053,True
Ube4a,5,DOWN,-0.5707370107321935,3,DOWN,-0.0909986431729596,True
Camta1,5,DOWN,-0.6166255111871931,3,DOWN,-0.0956579086083471,True
Gpd2,5,DOWN,-0.6246678215596763,3,DOWN,-0.0285774962768495,True
Sacs,5,DOWN,-0.63095014677541,3,DOWN,-0.0514909039627385,True
Zyg11b,5,DOWN,-0.6691904306633585,3,DOWN,-0.0626471721526964,True
Arhgap32,5,DOWN,-0.7954558558225188,3,DOWN,-0.0624559890766229,True
Spred2,5,DOWN,-0.8587938634921833,3,DOWN,-0.3069817193771556,True
Tbl1xr1,5,DOWN,-0.8602386702268386,3,DOWN,-0.3626678395003859,True
Htr1a,5,DOWN,-1.1131802999325076,3,DOWN,-0.098103861563572,True
Grm1,5,DOWN,-1.4690442027775734,3,DOWN,-0.4011228729832303,True
Frmpd4,5,DOWN,-1.6041091882736338,3,DOWN,-0.0868949893108641,True
Slit3,5,DOWN,-1.8304029422291008,3,DOWN,-0.1089616447009583,True
Rhov,5,UP,2.578666327494632,2,UP,0.5322958750117271,True
Cdc42ep2,5,UP,2.0336861127821733,2,UP,0.1412994900708057,True
Snhg15,5,UP,1.5652861060878454,2,UP,1.0367840222363105,True
Sdc4,5,UP,1.368008063087968,2,UP,0.4750097247177015,True
4930503l19rik,5,UP,1.3199089252263383,2,UP,-0.0724613629402275,True
Irf5,5,UP,1.29555328071809,2,UP,0.275386648408719,True
Gm20594,5,UP,1.2268360531414997,2,UP,1.319542496605429,True
Nfkbia,5,UP,1.1019713850898296,2,UP,0.7811430590132886,True
Tmcc3,5,UP,0.5733361556836017,2,UP,0.0645571849906538,True
Acer2,5,UP,0.5670747347770473,2,UP,0.5265791181076983,True
Efhd2,5,UP,0.5456542542063666,2,UP,2.477585505863769,True
Hmgn1,5,UP,0.4841075428775591,2,UP,0.2047215098539428,True
H3f3b,5,UP,0.3820291656819917,2,UP,0.2613942099314994,True
Ncdn,5,DOWN,-0.2941573248220888,2,DOWN,-0.3895114375283177,True
Ddah2,5,UP,-0.3455845377550455,2,UP,0.0423817112096074,True
Ppp3r1,5,DOWN,-0.3524703163875443,2,DOWN,-0.4061278084901559,True
Celf1,5,DOWN,-0.566601228117035,2,DOWN,-0.2134182495,True
Miga1,5,DOWN,-0.5890039537167088,2,DOWN,-0.232555018760492,True
Gnaq,5,DOWN,-0.633297419530081,2,DOWN,-0.258039892525,True
Rnft2,5,DOWN,-0.6547332600630085,2,DOWN,-1.5840591103711024,True
Top2b,5,DOWN,-0.6928031728303713,2,DOWN,-0.2395760917245498,True
Whrn,5,UP,-0.7175200010759936,2,UP,-0.1675723133997749,True
Rfx3,5,DOWN,-0.7341589591627902,2,DOWN,-0.3676722424767961,True
Cbfa2t3,5,DOWN,-0.7379142917259424,2,DOWN,-0.5793711583124304,True
Fbxl16,5,DOWN,-0.8140885278952673,2,DOWN,-0.2823394850023744,True
Kantr,5,DOWN,-0.8438220014842553,2,DOWN,-0.4865773755709259,True
Abhd13,5,DOWN,-0.8522352203261525,2,DOWN,-0.311143513251003,True
Ppp3cb,5,DOWN,-0.9789786600760176,2,DOWN,-0.3568469574864998,True
Egr3,5,DOWN,-1.209492075201164,2,DOWN,-0.4693621337448677,True
Neurod1,5,DOWN,-1.421500836673372,2,DOWN,-0.4009544343692677,True
Adam23,5,DOWN,-1.7057129539176128,2,DOWN,-0.2825778079897692,True
Fam189a1,5,DOWN,-1.755471379696258,2,DOWN,-0.244366584918374,True
Dio2,5,DOWN,-1.7588274243705413,2,DOWN,-0.4614803094425637,True
Opcml,5,DOWN,-1.9396223989352104,2,DOWN,-0.2684625938371594,True
Fam126b,4,DOWN,-0.9369317046724444,7,DOWN,-0.261061696183388,True
Homer1,4,DOWN,-1.4938692684858368,7,DOWN,-0.2666180143701608,True
Ube3a,4,DOWN,-0.614562719296651,6,DOWN,-0.3264348010205303,True
Sobp,4,DOWN,-1.7477229245897563,6,DOWN,-0.2119120327350117,True
Snx5,4,UP,-0.0032856959391518,5,UP,0.0573165512359764,True
Lrrtm2,4,DOWN,-0.5480094450521724,5,DOWN,-0.3665663425336878,True
Lrrc8b,4,DOWN,-0.5496467542910564,5,DOWN,-0.2113349376045936,True
P2ry12,4,DOWN,-2.5650177321631507,5,DOWN,0.0131322797641002,True
Il1r1,4,UP,2.040283914208114,4,UP,0.1899734862103059,True
Nrros,4,UP,0.9761481043750287,4,UP,0.5215856964019265,True
Fam167a,4,UP,0.8779115631832717,4,UP,7.037847197536861,True
Clec2d,4,UP,0.8072064842091206,4,UP,0.7663360860163909,True
Mfap3l,4,DOWN,0.5135775118081514,4,DOWN,-0.1618987281279874,True
Polr1c,4,UP,0.421755458567296,4,UP,0.3270821531404324,True
B230219d22rik,4,DOWN,-0.9915667274305908,4,DOWN,-0.2949770108039522,True
Gpr34,4,DOWN,-1.0513088411097873,4,DOWN,-0.2415542917743181,True
B3galt2,4,DOWN,-1.132368680115352,4,DOWN,-0.3437392794015793,True
Gpm6a,4,DOWN,-2.0042964506793703,4,DOWN,-0.2306953458194732,True
Pcdh9,4,DOWN,-2.032516322238129,4,DOWN,-0.1944054334345462,True
Cbx8,4,UP,1.3508580638043706,3,UP,0.2236191493277849,True
Rrs1,4,UP,1.2908808067003734,3,UP,1.1252595428330727,True
Pim3,4,UP,1.1553315500895849,3,UP,0.747108015078044,True
Tmem208,4,UP,0.6897548137960513,3,UP,0.3156704012261897,True
Pmvk,4,UP,0.6407046681295584,3,UP,0.4203907587072802,True
Rps10,4,UP,0.5855847314517595,3,UP,0.3078036783381374,True
Bcl6,4,DOWN,-0.1435617075879522,3,DOWN,0.043698033527258,True
Mcc,4,UP,-0.2337742105489284,3,UP,0.220305000363387,True
Acsl4,4,DOWN,-0.260947166109489,3,DOWN,-0.3748863877757808,True
Zfr,4,DOWN,-0.4293050529735565,3,DOWN,-0.2769696294699886,True
Usp32,4,DOWN,-0.5253732667685869,3,DOWN,-0.1223910482372892,True
Pja2,4,DOWN,-0.5360368467756214,3,DOWN,-0.2398102643700044,True
Gnal,4,DOWN,-0.5466088416833634,3,DOWN,-0.1204065674282046,True
Arhgap35,4,DOWN,-0.6307360713725245,3,DOWN,-0.0723335297099753,True
Zfp148,4,DOWN,-0.6508486338325095,3,DOWN,-0.2797022983009474,True
Magi2,4,DOWN,-0.689334727609062,3,DOWN,-0.0629716278588821,True
Casd1,4,DOWN,-0.7130522922540661,3,DOWN,-0.10869958792559,True
Gmps,4,DOWN,-0.7278482538970339,3,DOWN,-0.31384262028387,True
Gabbr2,4,DOWN,-0.7585524973941933,3,DOWN,-0.1194022239197496,True
Fgf13,4,DOWN,-0.8516655580223176,3,DOWN,-0.3324995021980936,True
Slc16a7,4,DOWN,-0.8567845471027224,3,DOWN,-0.1779155021981827,True
Ephb2,4,DOWN,-0.8581463595691328,3,DOWN,-2.264494217838322,True
Trpc5,4,DOWN,-0.8625709774037329,3,DOWN,-0.0213252675696298,True
Nfia,4,DOWN,-1.0561516901649517,3,DOWN,-0.4167910434682948,True
Enho,4,UP,-1.091509022521802,3,UP,0.3101670030868984,True
Cxxc5,4,DOWN,-1.1470631863197085,3,DOWN,-0.3107306702916465,True
Cnr1,4,DOWN,-1.5978354362781635,3,DOWN,-0.2635761639691314,True
Elavl2,4,DOWN,-1.7764292369121666,3,DOWN,-0.1202847419268593,True
Gabrg2,4,DOWN,-1.870764118484242,3,DOWN,-0.3386142115070497,True
Hecw1,4,DOWN,-1.9834582215631804,3,DOWN,-0.0967571072826061,True
Adam8,4,UP,4.4710054575684826,2,UP,-0.1273539551981395,True
Armcx6,4,UP,1.6116583425896316,2,UP,0.3023979567113593,True
Rbm38,4,UP,1.5531497150655418,2,UP,-0.1797813293748557,True
Snhg16,4,UP,1.504040093353141,2,UP,0.606406683711513,True
Aff1,4,UP,1.3093856423758234,2,UP,0.3277220341952704,True
Tcirg1,4,UP,1.2222396799634183,2,UP,3.6208925824189535,True
Bbc3,4,UP,1.1385914455015942,2,UP,0.5137835268661536,True
Rbms1,4,UP,0.9383877999454858,2,UP,-0.0116184111190711,True
Gbp3,4,UP,0.9004870261267442,2,UP,0.4614356056749999,True
Irgm2,4,UP,0.891064165456919,2,UP,0.5589593132597204,True
Oser1,4,UP,0.8882515550596111,2,UP,0.2789197299,True
Thoc1,4,UP,0.8434373263515065,2,UP,-0.027057761992427,True
Miip,4,UP,0.786510800535104,2,UP,0.3033224614772994,True
Malat1,4,UP,0.7227797831543166,2,UP,0.4325920201351417,True
Firre,4,UP,0.6947057464923191,2,UP,0.294618587049486,True
Ak2,4,UP,0.693711606235368,2,UP,0.403630681031446,True
Ftl1,4,UP,0.6782801088774848,2,UP,0.4527411729197274,True
Gorasp2,4,UP,0.1800500506127239,2,UP,-0.0011280599000005,True
Yipf6,4,UP,0.1583538744391363,2,UP,0.0179168122577813,True
Eif1ax,4,DOWN,-0.0761836046575291,2,DOWN,-0.2819546849962886,True
Laptm5,4,UP,-0.1188439702675323,2,UP,-0.0502364045488162,True
Rprd1a,4,DOWN,-0.2866497864997124,2,DOWN,-0.2900001315895411,True
Gbp7,4,UP,-0.317155961072858,2,UP,0.364432107645212,True
Midn,4,UP,-0.4133216424782884,2,UP,0.0837346282678316,True
Fam120a,4,DOWN,-0.4971593883194991,2,DOWN,-0.2209451198983901,True
Map2k4,4,DOWN,-0.5992161106899356,2,DOWN,-0.2549589083500716,True
Nkain2,4,DOWN,-0.6064962873319564,2,DOWN,-0.2425962670175093,True
Pafah1b1,4,DOWN,-0.6151863454456147,2,DOWN,-0.2334609644446924,True
Sh3rf3,4,DOWN,-0.6383595126685813,2,DOWN,-0.3410373821943521,True
Slc35a5,4,DOWN,-0.664856590396383,2,DOWN,-0.2669542743728499,True
Lrpprc,4,DOWN,-0.6753113406692539,2,DOWN,-0.276219666145955,True
Slc44a5,4,DOWN,-0.6807918274338083,2,DOWN,-0.4708905663758482,True
Zfp804a,4,DOWN,-0.7062766259295139,2,DOWN,-0.3037222961256508,True
Slc36a1,4,DOWN,-0.7226613986244836,2,DOWN,-0.246121223370347,True
Col25a1,4,DOWN,-0.7999920586069243,2,DOWN,-0.2352177930888956,True
Clasp2,4,DOWN,-0.8053967799751945,2,DOWN,-0.2730260031989863,True
Nos1,4,DOWN,-0.8706905013744031,2,DOWN,-0.3063693301630752,True
Slc29a3,4,DOWN,-0.9258398164579256,2,DOWN,-5.678382543169949,True
Cx3cr1,4,DOWN,-0.941358403152962,2,DOWN,-0.2821883566867305,True
Shisa6,4,DOWN,-1.0828756697949515,2,DOWN,-0.2663327643318551,True
Ano3,4,DOWN,-1.106512040349959,2,DOWN,-0.3106190802136434,True
Miat,4,UP,-1.110281410616518,2,UP,0.5829503394245565,True
Sall1,4,DOWN,-1.1374766788271056,2,DOWN,-0.3690979430665114,True
Cdh9,4,DOWN,-1.2190620040365532,2,DOWN,-0.4033933780674292,True
Pcsk1,4,DOWN,-1.3295790976502069,2,DOWN,-0.3987473430018103,True
Erf,4,UP,-1.3772603148124336,2,UP,0.7683416701952526,True
Rbfox2,4,DOWN,-1.7082383646465438,2,DOWN,-0.35069606355,True
Kit,4,DOWN,-1.7293075419329813,2,DOWN,-0.2554439244663841,True
Gabra1,4,DOWN,-1.82903324838623,2,DOWN,-0.3478860489977006,True
Nptx1,4,DOWN,-2.1954505454534283,2,DOWN,-0.2937916661963059,True
Syn1,4,DOWN,-2.434064206267722,2,DOWN,-0.3969766527147392,True
Mpp5,3,DOWN,-0.5350517175074995,9,DOWN,-0.2417417529338782,True
Ednrb,3,DOWN,-0.6356760916376585,8,DOWN,-0.4194065269906772,True
Dbp,3,UP,1.0854541139853584,7,UP,0.446249133362194,True
Msantd2,3,UP,0.8336334275595408,7,UP,2.15899109320343,True
Mertk,3,UP,0.5492017815050616,7,UP,1.4320253568647223,True
Kbtbd7,3,DOWN,-0.5060365010367409,6,DOWN,-0.2273273932253418,True
Chm,3,DOWN,-0.5822229354460494,6,DOWN,-0.2708778081062225,True
Cacnb4,3,DOWN,-1.459516503771369,6,DOWN,-0.3223760436019577,True
Vcpip1,3,DOWN,-0.13435335304685,5,DOWN,-0.1761765101790098,True
Picalm,3,DOWN,-0.2593794516702106,5,DOWN,-0.0370446041074853,True
Nudt4,3,DOWN,-0.4245329244072398,5,DOWN,-0.0015658186234898,True
Mllt3,3,DOWN,-0.7428365202023569,5,DOWN,-0.3110496642716241,True
Rabgap1l,3,DOWN,-1.1671237620767203,5,DOWN,-0.2606559073236038,True
Gnai1,3,DOWN,-2.32979844821672,5,DOWN,0.1190597083925826,True
Grm3,3,DOWN,-2.876041372706484,5,DOWN,-0.1204500287160159,True
Lims1,3,DOWN,-0.0645003513902057,4,DOWN,-0.3908792143135985,True
Mtus1,3,UP,-0.1163162405343494,4,UP,0.0147188725918676,True
Rpl23,3,UP,-0.193691003982475,4,UP,0.5018808084094128,True
Tsc22d3,3,UP,-0.2284056528639705,4,UP,0.4396612779915781,True
6430548m08rik,3,DOWN,-0.5454773006276555,4,DOWN,0.0650144037599262,True
Cgnl1,3,UP,-0.5527056529459484,4,UP,7.375259987283477,True
Tmem106b,3,DOWN,-0.580794891655818,4,DOWN,-0.3714807424838622,True
Negr1,3,DOWN,-0.5825093918296763,4,DOWN,-0.2514959481647039,True
Slc9a6,3,DOWN,-0.5960011366846292,4,DOWN,-0.3055129791722207,True
Snx13,3,DOWN,-0.6047645932542011,4,DOWN,-0.1524961361380738,True
Tnks2,3,DOWN,-0.7834533284778554,4,DOWN,-0.2214384365506114,True
Ncam2,3,DOWN,-0.7871694037699223,4,DOWN,-0.1601098245522856,True
Kras,3,DOWN,-0.8201725858540589,4,DOWN,0.2860562099281055,True
Ulk2,3,DOWN,-1.2769282780956648,4,DOWN,-0.1863758925244281,True
Ccnd2,3,DOWN,-1.6057458940638585,4,DOWN,-0.3183696038606974,True
Fut9,3,DOWN,-2.218782870783355,4,DOWN,-0.31754034874191,True
Sema6d,3,DOWN,-2.3099376464334083,4,DOWN,-0.3475683597912011,True
Fgf12,3,DOWN,-2.516636226688268,4,DOWN,-0.2636519998216591,True
Smim3,3,UP,1.7235168994465109,3,UP,0.507347934150656,True
Irgm1,3,UP,1.672546186538,3,UP,0.1540551994025486,True
Galnt15,3,UP,1.1688098228665824,3,UP,0.64212425114829,True
Flna,3,UP,1.1472857608717273,3,UP,6.665944374236166,True
Fbxo32,3,UP,0.9441462765197728,3,UP,2.6873520190717968,True
Adam9,3,UP,0.8344119119887203,3,UP,0.2677417914017869,True
Gm1673,3,UP,0.8177405169774629,3,UP,0.3767925163196264,True
Trnau1ap,3,UP,0.7665071617206397,3,UP,0.3801566371487762,True
Zc3h7a,3,UP,0.7338306862262253,3,UP,0.3192708707427719,True
Lrrc45,3,UP,0.6991157848589916,3,UP,0.3492841625630929,True
Rnf19b,3,UP,0.1987409651410361,3,UP,3.0475875173473903,True
Hes6,3,UP,0.155431192428969,3,UP,0.4216338808492038,True
Slc38a2,3,UP,0.0778718395846794,3,UP,0.2399457928498471,True
Iffo2,3,UP,0.0240680110445036,3,UP,0.0949463001616178,True
Las1l,3,UP,0.0097037328404646,3,UP,0.110895088622394,True
Samd8,3,DOWN,-0.02205320537838,3,DOWN,-0.2970352304540991,True
Ankrd10,3,UP,-0.103478167582472,3,UP,0.1889086495545362,True
Adam10,3,DOWN,-0.1923357860165106,3,DOWN,-0.299471686041034,True
Smim13,3,DOWN,-0.4636182807615897,3,DOWN,-0.3825782519750767,True
Rsrp1,3,UP,-0.50396787884011,3,UP,0.243194606191897,True
Lmtk2,3,DOWN,-0.5051954145231031,3,DOWN,-0.0868916197672445,True
Ap3m1,3,DOWN,-0.5211297718434743,3,DOWN,-0.2759508489138396,True
Ptp4a2,3,DOWN,-0.521404544496821,3,DOWN,-0.0108605243543702,True
Slc25a46,3,DOWN,-0.5369514792711106,3,DOWN,-0.3762444553402119,True
Ankib1,3,DOWN,-0.5406361816509836,3,DOWN,-0.1174350621409952,True
Eef2,3,DOWN,-0.5508310003154545,3,DOWN,-0.1829514993385193,True
Ireb2,3,DOWN,-0.581766212310626,3,DOWN,-0.3252533393238763,True
Plppr5,3,DOWN,-0.610899198507798,3,DOWN,-0.3095172052876401,True
Nebl,3,DOWN,-0.6355089100267884,3,DOWN,-0.3112544548435092,True
Elavl4,3,DOWN,-0.6575218119957581,3,DOWN,-0.3033967803339555,True
Tuba1b,3,DOWN,-0.66841350667044,3,DOWN,-0.3229628671039961,True
Stxbp6,3,DOWN,-0.725028000246183,3,DOWN,-0.3786797857627708,True
Tbck,3,DOWN,-0.7379888642364781,3,DOWN,-0.2177896097376589,True
Mef2c,3,DOWN,-0.7383058945006268,3,DOWN,-0.2769728780793887,True
Zfp706,3,DOWN,-0.8396252168701865,3,DOWN,-0.2790690565175441,True
Pcdhga11,3,DOWN,-0.84531003904253,3,DOWN,-0.0956555881561409,True
Dpy19l3,3,DOWN,-0.8500801051143337,3,DOWN,-0.116092680227503,True
Zfp780b,3,DOWN,-0.9080553703149944,3,DOWN,-0.3137599134788323,True
Ndst4,3,DOWN,-0.9136369543714752,3,DOWN,-0.1245092078927967,True
Stag2,3,DOWN,-0.92666902944964,3,DOWN,-0.3112407694441533,True
Zfp933,3,DOWN,-0.9798533371157208,3,DOWN,-0.3246591790117228,True
Cnot6l,3,DOWN,-0.9938627378743954,3,DOWN,-0.3693519320060863,True
Etnk1,3,DOWN,-1.0479535965294475,3,DOWN,-0.2675391503637096,True
Cd164,3,DOWN,-1.08541744640828,3,DOWN,-0.4826517253611037,True
Sppl3,3,DOWN,-1.0977023201038174,3,DOWN,-0.2944112107890583,True
Ppp2r3a,3,DOWN,-1.2023427915105849,3,DOWN,-0.094050520990431,True
Klf3,3,DOWN,-1.2044086026918823,3,DOWN,-0.3156709775329005,True
Nrip1,3,DOWN,-1.221308521811937,3,DOWN,-0.0983641609694795,True
Foxo1,3,DOWN,-1.240709660064505,3,DOWN,-0.2795896015564323,True
Zfp60,3,DOWN,-1.2614027792839204,3,DOWN,-0.319946274228533,True
Rmnd5a,3,DOWN,-1.311209250596514,3,DOWN,-0.1005067560115032,True
Igfbp2,3,UP,-1.318956408227128,3,UP,9.92064945876658,True
St18,3,DOWN,-1.3439974410630953,3,DOWN,-0.3511463315563927,True
Cygb,3,UP,-1.6253104662402194,3,UP,0.0822081456778349,True
Pkia,3,DOWN,-1.7806733137910733,3,DOWN,-0.4071765365303036,True
Stox2,3,DOWN,-1.9088691294604017,3,DOWN,-0.0698088507296453,True
Ptprz1,3,DOWN,-2.041469363585098,3,DOWN,-0.0557485199836495,True
Doc2b,3,DOWN,-2.077924161224807,3,DOWN,-0.383604152065486,True
Ccni,3,DOWN,-2.102756181870236,3,DOWN,-0.4187156384002972,True
Rgs4,3,DOWN,-2.1051774520223674,3,DOWN,-0.2342014857833333,True
Islr2,3,DOWN,-2.1904837705469684,3,DOWN,-3.0995057102277688,True
A830018l16rik,3,DOWN,-2.246169576951685,3,DOWN,-0.1128316595783458,True
Auts2,3,DOWN,-2.3536650696893413,3,DOWN,-0.1378599905090289,True
Ptprt,3,DOWN,-3.286386165769716,3,DOWN,-0.04901331624539,True
Hapln1,3,DOWN,-3.9459465071392192,3,DOWN,-0.379097810540716,True
Fosl1,3,UP,3.2704328010954504,2,UP,0.6657723636189593,True
Car13,3,UP,3.089902386636052,2,UP,0.6853243778132314,True
Fmn1,3,UP,2.4517949278947344,2,UP,0.0113805648768472,True
Trim72,3,UP,2.4401457072889543,2,UP,0.8927411696917913,True
Tirap,3,UP,1.4517004007246184,2,UP,2.2856633187018254,True
Helq,3,UP,1.344602709893038,2,UP,0.2640823422747392,True
Dusp9,3,UP,1.3010440148820253,2,UP,1.6115727397823645,True
Slc23a2,3,UP,1.2341601529220918,2,UP,0.6911897622750001,True
Clk4,3,UP,0.9423127127908264,2,UP,-0.0315407348317539,True
Nfkbib,3,UP,0.893619410452955,2,UP,0.3113669005837528,True
Tyrobp,3,UP,0.8874484503295051,2,UP,0.5813568977447935,True
Ankrd34b,3,UP,0.8851882065887619,2,UP,0.0087960672393805,True
Pld3,3,UP,0.8801669087707132,2,UP,-0.0446362689128368,True
Meis3,3,UP,0.8448805849988323,2,UP,0.264397798194207,True
Slc15a4,3,UP,0.8424803903987305,2,UP,0.0159901122887877,True
Nab2,3,UP,0.8285318626327253,2,UP,0.3359848894593672,True
Sipa1l2,3,UP,0.8170984855168317,2,UP,0.0773617170958244,True
Ucp2,3,UP,0.7992792542447399,2,UP,0.3938962102215165,True
Tmem126a,3,UP,0.7929362377199182,2,UP,-0.0462059715863231,True
Ezr,3,UP,0.7853161363004141,2,UP,0.342212825661036,True
Vps29,3,UP,0.7674655001984864,2,UP,0.4863991932,True
Apbb2,3,UP,0.7349052292242079,2,UP,-0.0047666458067165,True
Ddx21,3,UP,0.7243804612007088,2,UP,0.34871175685,True
Med7,3,UP,0.7007864392592928,2,UP,-0.0063507467424797,True
Fam214b,3,UP,0.7005457835451416,2,UP,0.3415224911195504,True
Eif6,3,UP,0.6929725298350702,2,UP,0.375226815897637,True
Axin2,3,UP,0.6811545753913754,2,UP,0.2335327333499406,True
Clcn2,3,UP,0.6598751413801752,2,UP,0.4206997890375978,True
Zcchc7,3,UP,0.6384286101050236,2,UP,0.0428402981696614,True
Uspl1,3,UP,0.628461833455713,2,UP,0.0062877156665863,True
Pcyt2,3,UP,0.5693292849481703,2,UP,0.2956554973986444,True
Pfkl,3,UP,0.5482338796133083,2,UP,0.2924544465066025,True
Gnl2,3,UP,0.498567431616544,2,UP,0.3968876853749999,True
Lrrfip1,3,UP,0.4943551529146874,2,UP,0.3130211763243434,True
Coq3,3,UP,0.49416276581536,2,UP,0.2217549882038625,True
Tcof1,3,UP,0.4918406150267433,2,UP,0.27063537995,True
Arglu1,3,UP,0.4276914477630105,2,UP,-0.0935544263548659,True
C1qc,3,UP,0.4151708001392435,2,UP,0.427581934831971,True
Lyar,3,UP,0.3665847145206041,2,UP,0.4392838549977204,True
Brcc3,3,UP,0.2162174603557965,2,UP,-0.0298550222993856,True
Leng8,3,UP,0.1753942975553789,2,UP,0.3047232569180031,True
Srp19,3,UP,0.17510403053378,2,UP,0.2796316940607426,True
Apaf1,3,DOWN,0.1217412863031759,2,DOWN,-0.4663795343090813,True
Ralb,3,UP,0.1134946794086902,2,UP,0.2804147138094599,True
Rps2,3,UP,0.1097260969846991,2,UP,0.3755954387977288,True
Akap8l,3,UP,0.0984377584541312,2,UP,0.2199489635810264,True
Laptm4b,3,UP,0.0873056469036754,2,UP,0.0709504675798312,True
Yes1,3,UP,-0.0156983365985322,2,UP,0.0031019217403896,True
Prox1,3,DOWN,-0.0656065793082008,2,DOWN,-0.5580278811010813,True
Cdkn2aip,3,UP,-0.1222829999870341,2,UP,0.0198269029854612,True
Dlgap4,3,DOWN,-0.1536627565231983,2,DOWN,-0.2976765998259372,True
Snx30,3,DOWN,-0.4619355410391179,2,DOWN,-0.266241282125,True
Foxn3,3,DOWN,-0.4928691239063658,2,DOWN,-0.2184691634562894,True
St8sia5,3,DOWN,-0.5088468394797978,2,DOWN,-0.2969053551090393,True
Bag4,3,DOWN,-0.5219766584652685,2,DOWN,-0.3482739411391852,True
Ube2ql1,3,DOWN,-0.5390527615316566,2,DOWN,-0.2939595656238333,True
Prkacb,3,DOWN,-0.5512211233273346,2,DOWN,-0.2365612918463202,True
Dcakd,3,DOWN,-0.5620427578988024,2,DOWN,-0.2962819628503783,True
Cbarp,3,DOWN,-0.5864329101823932,2,DOWN,-0.2526263958381676,True
Git1,3,DOWN,-0.5870966316192737,2,DOWN,-0.3592192558279371,True
Rgs17,3,DOWN,-0.5894244802905829,2,DOWN,-0.4363132914878801,True
Slc2a13,3,DOWN,-0.592848415658907,2,DOWN,-0.3382460908689152,True
Add1,3,DOWN,-0.643429528582807,2,DOWN,-0.3067612424249999,True
Rtn4,3,DOWN,-0.6891168732743758,2,DOWN,-0.2384768827139565,True
Lpin1,3,UP,-0.7066015740584576,2,UP,0.0443385912765003,True
Rap2a,3,DOWN,-0.7521336505674618,2,DOWN,-0.2228503608127167,True
Hmg20a,3,DOWN,-0.8353221995332399,2,DOWN,-0.2297052689745488,True
Evi5,3,DOWN,-0.8994151292593572,2,DOWN,-0.3252680011358579,True
Ski,3,DOWN,-0.9516569511735024,2,DOWN,-0.3793819471204445,True
Kctd4,3,DOWN,-1.0060253101649943,2,DOWN,-0.3942425468321223,True
Il1rapl1,3,DOWN,-1.0696950137059444,2,DOWN,-0.3926595395182815,True
Tuba1a,3,DOWN,-1.2259505588869046,2,DOWN,-0.2665168190194377,True
9930021j03rik,3,DOWN,-1.2650174008055668,2,DOWN,-0.2840290863926765,True
Igfbp3,3,UP,-1.438462675496539,2,UP,0.5128574927710746,True
Mal2,3,DOWN,-2.1338134901386807,2,DOWN,-0.3582702152176185,True
Htr2c,3,DOWN,-2.345233034433408,2,DOWN,-0.3147142131609258,True
Xdh,2,UP,8.534695589908745,8,UP,0.7290676352468002,True
Ubqln1,2,UP,-0.2097353486164094,6,UP,1.0876337411172523,True
Ivns1abp,2,DOWN,-1.4890553123947663,6,DOWN,-0.1638991360332402,True
Edil3,2,DOWN,-2.9179730308332847,6,DOWN,-0.2871076497585642,True
Ndufa5,2,UP,0.5636219528461222,5,UP,0.4745819058896401,True
Lrp1,2,UP,0.2580801382506806,5,UP,0.1547963136268957,True
Tmem160,2,UP,0.0626209537721911,5,UP,1.8584464804758936,True
Pdzd8,2,DOWN,-0.346364836470876,5,DOWN,-0.0423870210171846,True
Matr3,2,DOWN,-0.5006841546696565,5,DOWN,-0.3579032703955682,True
Klhl9,2,DOWN,-0.6230360308108271,5,DOWN,-0.2850028993612898,True
Tle4,2,DOWN,-0.7844835931517574,5,DOWN,-0.2965258476519307,True
Zmiz1,2,DOWN,-1.045318839054018,5,DOWN,-0.089306055820998,True
Qk,2,DOWN,-1.180664077172004,5,DOWN,-0.4646585615216658,True
Rnf11,2,DOWN,-1.2450522589430983,5,DOWN,0.293305825421883,True
Tmem65,2,DOWN,-1.3805096877466323,5,DOWN,0.591861986366949,True
Cnot6,2,DOWN,-1.421359474846582,5,DOWN,-0.1895650018936709,True
Kctd12,2,DOWN,-1.489875340502156,5,DOWN,-0.2114450751063209,True
Aqp4,2,DOWN,-2.177314557032344,5,DOWN,-0.3169237495161019,True
Rexo5,2,UP,1.5457181074003028,4,UP,4.672922506173903,True
Lonrf3,2,UP,1.2108146742509054,4,UP,0.114026563160696,True
Apmap,2,UP,0.9357670626648064,4,UP,1.630541890946446,True
Zfp469,2,UP,0.8709029031467828,4,UP,0.0764041470164618,True
Coq7,2,UP,0.8492275368022076,4,UP,0.2869666284559342,True
Mrpl54,2,UP,0.7059381432484253,4,UP,0.4827447200256201,True
Ppip5k2,2,UP,0.5179025708577303,4,UP,0.1757618812520179,True
Srsf5,2,UP,0.4667961940747807,4,UP,0.3482968674368057,True
Notch1,2,UP,0.3880240947317492,4,UP,0.0346765940213301,True
Heatr5b,2,UP,0.2390607348437257,4,UP,0.1713056514075341,True
Mta3,2,UP,0.2031190236605393,4,UP,0.0199821671149894,True
Hprt,2,UP,0.0862642510578658,4,UP,0.1331414285301536,True
Mrpl52,2,UP,-0.0111095100036733,4,UP,0.5739440253905024,True
Gdap1l1,2,UP,-0.0123244843130819,4,UP,0.1058824333218241,True
Use1,2,UP,-0.1096187709989979,4,UP,0.1471092521147508,True
Rpl35a,2,UP,-0.2083993454493918,4,UP,0.5220264374899852,True
Rps19,2,UP,-0.2238041988095214,4,UP,0.3468480672360966,True
Rpl14,2,UP,-0.2553442258042302,4,UP,0.2248480225727736,True
Csde1,2,DOWN,-0.5002999325283888,4,DOWN,-0.3592863291180225,True
Neto2,2,DOWN,-0.595600095962868,4,DOWN,-0.4798706862788407,True
Rnf13,2,DOWN,-0.6010912511192606,4,DOWN,-0.1640325767576293,True
Gm20300,2,DOWN,-0.6205639218125896,4,DOWN,-0.2293829854240586,True
Zc3h13,2,DOWN,-0.6865294421749181,4,DOWN,-0.1820634613373941,True
Rfx4,2,DOWN,-0.732350340988619,4,DOWN,-0.3889834697992395,True
Spin1,2,DOWN,-0.7349584411979415,4,DOWN,-0.2635532462648794,True
Ep300,2,DOWN,-0.7800653700081378,4,DOWN,-0.1069378270211256,True
Herpud2,2,DOWN,-0.8130844401319646,4,DOWN,-0.1430189532193017,True
Rb1cc1,2,DOWN,-0.8929697434521694,4,DOWN,-0.1417345102166409,True
Rhoq,2,DOWN,-0.9810986072260908,4,DOWN,-0.3239824239248813,True
Lpcat2,2,DOWN,-1.0871742983370156,4,DOWN,-0.2611352792366914,True
Dpy19l1,2,DOWN,-1.1913792195283932,4,DOWN,-0.2497910711663845,True
Ube2e3,2,DOWN,-1.1989013121343275,4,DOWN,-0.005794710224528,True
Cbfb,2,DOWN,-1.2128898929082663,4,DOWN,-0.3018131613387216,True
Nr3c1,2,DOWN,-1.2660562740118428,4,DOWN,-0.3137229359224004,True
Agps,2,DOWN,-1.3281354117007225,4,DOWN,-0.2085324423520201,True
Dnm3,2,DOWN,-1.5472521267968002,4,DOWN,-0.1365244802763942,True
Tnfaip8l3,2,DOWN,-1.6587409721007749,4,DOWN,-0.3778717562,True
Ston2,2,DOWN,-1.6982474100622404,4,DOWN,-0.1945165453409461,True
Rock2,2,DOWN,-1.7558208455888948,4,DOWN,-0.1634041574305709,True
Arhgap5,2,DOWN,-1.9158837312230173,4,DOWN,-0.2717580877382289,True
Soga3,2,UP,-2.082129893819238,4,UP,0.1685325792455809,True
Gpm6b,2,DOWN,-2.784543327653541,4,DOWN,-0.3144801952825384,True
Ncan,2,DOWN,-2.9686499369406425,4,DOWN,-0.1277563104984565,True
Agmo,2,DOWN,-3.003338856454472,4,DOWN,-0.3386383871061815,True
Glrb,2,DOWN,-3.175396328962377,4,DOWN,-0.3453243728216492,True
Emilin2,2,UP,5.598365789804932,3,UP,0.4002144827078867,True
Plekhh2,2,UP,3.019124648371831,3,UP,6.232323288775153,True
Nrap,2,UP,2.378553193569484,3,UP,1.0201611379936428,True
Dgki,2,UP,2.2766812955226743,3,UP,0.4570763023989144,True
Klhdc7a,2,UP,2.02205870229752,3,UP,0.0396715715537239,True
Glrx,2,UP,1.8687152880033489,3,UP,-0.200390437375637,True
Fnip2,2,UP,1.5443623432349245,3,UP,4.443245754245111,True
Amdhd2,2,UP,1.3766827290073025,3,UP,0.3355760567428027,True
Avpi1,2,UP,1.3649161181137992,3,UP,0.2442175981429166,True
Tnip2,2,UP,0.9453374623223512,3,UP,0.3744527647583571,True
Cox7b,2,UP,0.93151375250462,3,UP,0.3610901939695686,True
Bax,2,UP,0.9146367214024904,3,UP,0.3565963120038755,True
Llph,2,UP,0.9090119421450972,3,UP,0.5107377238051677,True
Gale,2,UP,0.8774259865127902,3,UP,0.2890984667503282,True
Ppp1r3g,2,UP,0.776182286064341,3,UP,0.1911248947133696,True
Cemip2,2,UP,0.7205838828910309,3,UP,0.2745471170575003,True
Zscan25,2,UP,0.7199817125512586,3,UP,0.2196637283123827,True
Fosl2,2,UP,0.7009618432518376,3,UP,0.7370593710031859,True
Vti1b,2,UP,0.690654660577589,3,UP,0.2663866125527395,True
Aurkaip1,2,UP,0.6735137054446185,3,UP,0.1936749740808432,True
Gng5,2,UP,0.5991987023099279,3,UP,0.1383951739714337,True
Ndufs4,2,UP,0.5124650154761865,3,UP,0.3958322423259141,True
Lamb3,2,UP,0.4320169183333335,3,UP,0.314400460610346,True
Znhit6,2,UP,0.4230948057317845,3,UP,0.2787231592261862,True
Eif3g,2,UP,0.3327986821402743,3,UP,0.4192006618370876,True
Hcls1,2,UP,0.2388124891712381,3,UP,0.4713959815649121,True
Gar1,2,UP,0.2083387730958441,3,UP,0.3967321324295442,True
Ndufa4,2,UP,0.1650804454904263,3,UP,0.1896906619747888,True
Rbm8a,2,UP,0.1582444281902555,3,UP,0.1566711945281474,True
Snrpa1,2,UP,0.1372577102795521,3,UP,0.1287934512246199,True
D8ertd738e,2,UP,0.0773611714239651,3,UP,0.5637533584145805,True
Pdap1,2,UP,0.0535863555185056,3,UP,0.6187424691603085,True
Rpl13,2,UP,-0.0596740706941165,3,UP,0.3156045906203208,True
Cfdp1,2,UP,-0.1030931010991099,3,UP,0.2809823582066112,True
Dbi,2,UP,-0.2124515030313607,3,UP,0.6066511242712919,True
Luc7l2,2,UP,-0.2799986041452473,3,UP,0.0654634715898881,True
Atp2a2,2,DOWN,-0.365803768612337,3,DOWN,-0.0825515169258916,True
Pqbp1,2,UP,-0.421039180568683,3,UP,0.239947313971815,True
Gmfb,2,DOWN,-0.445630502481564,3,DOWN,-0.4465261421476032,True
Ago2,2,DOWN,-0.4505308874637395,3,DOWN,-0.0993517442278054,True
Gpbp1,2,DOWN,-0.4574585526504684,3,DOWN,-0.3185773945160965,True
Cltc,2,DOWN,-0.4638715081178519,3,DOWN,-0.1335518503306371,True
Dpp8,2,DOWN,-0.4732990416530604,3,DOWN,-0.0526262397264569,True
Phlpp1,2,DOWN,-0.4768875418282707,3,DOWN,-0.118005465635533,True
Cep170,2,DOWN,-0.4834862622808233,3,DOWN,-0.0659701070959483,True
Micu3,2,DOWN,-0.4883299338147271,3,DOWN,-0.3081263600930453,True
Usp31,2,DOWN,-0.490583650197796,3,DOWN,-0.2659238249640202,True
Mtpn,2,DOWN,-0.49100024127467,3,DOWN,-0.3167667868747143,True
Mmp16,2,DOWN,-0.4987271929640208,3,DOWN,0.0027907357736214,True
Exoc5,2,DOWN,-0.5029969354255917,3,DOWN,-0.3611948557904502,True
Rc3h2,2,DOWN,-0.5103425727011954,3,DOWN,-0.3936247376412725,True
Klhl36,2,UP,-0.5209932726161728,3,UP,0.0322948063201195,True
Prepl,2,DOWN,-0.5254638805498066,3,DOWN,-0.0916533887850906,True
Clec16a,2,DOWN,-0.5261801407700215,3,DOWN,-0.0997853096010098,True
Mosmo,2,DOWN,-0.536175801120061,3,DOWN,-0.3255082208997497,True
Itfg1,2,DOWN,-0.541578075549694,3,DOWN,-0.2819995958756258,True
Jazf1,2,DOWN,-0.5432135314346729,3,DOWN,-0.0905674396302773,True
Cnot7,2,DOWN,-0.5528566118042717,3,DOWN,-0.1434368955786953,True
Cpne3,2,DOWN,-0.5554658811673443,3,DOWN,-0.4653556925256926,True
Zfp770,2,DOWN,-0.5587545862773862,3,DOWN,-0.290787527460351,True
Dmxl1,2,DOWN,-0.5803405777909463,3,DOWN,-0.0528861216940776,True
Pds5b,2,DOWN,-0.5804550918153204,3,DOWN,-0.096955430860479,True
Cul5,2,DOWN,-0.5831847580279836,3,DOWN,-0.1392901640289262,True
Sik3,2,DOWN,-0.5855758613021642,3,DOWN,-0.1132051130841422,True
Pcdh8,2,DOWN,-0.6169558012744467,3,DOWN,-0.3475408155011207,True
Fsd1l,2,DOWN,-0.6341934421653717,3,DOWN,-0.4278911112813,True
Zfp91,2,DOWN,-0.701196902176043,3,DOWN,-0.3069702329992029,True
Mzt1,2,DOWN,-0.7133350592473464,3,DOWN,-0.4042092928275576,True
Nek7,2,DOWN,-0.7344005371666787,3,DOWN,-0.1213892539443104,True
Mier1,2,DOWN,-0.7391778647381448,3,DOWN,-0.3326516821521193,True
Msl2,2,DOWN,-0.7484422945836955,3,DOWN,-0.2585511722646565,True
Shprh,2,DOWN,-0.7560790750144184,3,DOWN,-0.2404301238576638,True
Prps2,2,DOWN,-0.7749579785191818,3,DOWN,-0.2711038729175858,True
Rap2c,2,DOWN,-0.808905399172861,3,DOWN,-0.4364549487120679,True
Ythdf2,2,DOWN,-0.8478567323322581,3,DOWN,-0.2386701177422041,True
Pbrm1,2,DOWN,-0.8626042469429653,3,DOWN,-0.0801228918820939,True
6530402f18rik,2,DOWN,-0.8698289009155324,3,DOWN,-0.153365918912078,True
Pnpla8,2,DOWN,-0.9248263480112158,3,DOWN,-0.2484812719392818,True
Kpna4,2,DOWN,-0.9465003544585762,3,DOWN,-0.3971434653661336,True
Tmem74,2,DOWN,-0.9713377186232705,3,DOWN,-0.35576232648315,True
Brd4,2,DOWN,-1.0728666081636935,3,DOWN,-0.0968570767162045,True
Itgbl1,2,DOWN,-1.0752072176421397,3,DOWN,-0.4226322258974344,True
Ralgps2,2,DOWN,-1.0893313959861608,3,DOWN,-0.3187634844924634,True
Fam120c,2,DOWN,-1.12817078234898,3,DOWN,-0.0583683638240311,True
Dip2b,2,DOWN,-1.132571683670612,3,DOWN,-0.0675279815143691,True
Btbd1,2,DOWN,-1.2724669015819257,3,DOWN,0.4914689783564487,True
Xiap,2,DOWN,-1.293347998099393,3,DOWN,-0.3539697092128073,True
Smarca2,2,DOWN,-1.3136614648381957,3,DOWN,-0.0674574794309826,True
Tgfbr1,2,DOWN,-1.3466786063009415,3,DOWN,-0.3696067956918627,True
Egr4,2,DOWN,-1.3569072888989506,3,DOWN,0.3746379637435593,True
Wnk1,2,DOWN,-1.4072865080461414,3,DOWN,-0.2489824655457043,True
Ccng2,2,DOWN,-1.4835174740509909,3,DOWN,-0.0957639859375512,True
Jmy,2,DOWN,-1.6080938817075814,3,DOWN,-0.0819551212648023,True
Dennd6a,2,DOWN,-1.6297339743588015,3,DOWN,-0.3151563849032726,True
Tmpo,2,DOWN,-1.8140790135824845,3,DOWN,-0.3246545008078572,True
Tril,2,DOWN,-1.8879604413895208,3,DOWN,-0.195609204665512,True
Zfhx3,2,DOWN,-2.1847488637887227,3,DOWN,-0.1949668018848205,True
Nr2f2,2,DOWN,-2.213676673002904,3,DOWN,-0.3265021144321104,True
Cmtm4,2,DOWN,-2.2932518122436982,3,DOWN,-0.905111955042882,True
Heca,2,DOWN,-2.383027053339025,3,DOWN,-0.3334367464048184,True
Gatad2b,2,DOWN,-2.639573547377647,3,DOWN,-0.2247619211037429,True
Map7d2,2,DOWN,-2.7247481549324983,3,DOWN,-0.2424653025,True
Kctd12b,2,DOWN,-3.231662482924885,3,DOWN,-0.5013859814799261,True
Ccdc92,2,DOWN,-3.291892109109664,3,DOWN,-0.0802132767133328,True
Ai593442,2,DOWN,-3.2969562467721665,3,DOWN,-0.3198004027998173,True
Syt4,2,DOWN,-3.670492504085833,3,DOWN,-0.3682862995683559,True
Luzp2,2,DOWN,-3.853879656030244,3,DOWN,-0.3355245182186016,True
Slco1c1,2,DOWN,-5.861249203439237,3,DOWN,-0.3117757396056939,True
Slc4a4,2,DOWN,-6.411720732352745,3,DOWN,-0.040005149701217,True
Cxcl14,2,UP,4.852136805680796,2,UP,0.2559756703189628,True
Lrg1,2,UP,4.287119529248812,2,UP,0.8039221580428471,True
Fabp5,2,UP,3.454464237323793,2,UP,0.4616808010550865,True
Kcnh2,2,UP,3.4481700073964108,2,UP,0.0032397763491275,True
Adssl1,2,UP,3.030155646995021,2,UP,0.4151149800742323,True
Fabp3,2,UP,2.6477306271494507,2,UP,0.7123256204245647,True
Tmem120b,2,UP,2.6277777203899264,2,UP,0.073939984316614,True
Slc35d3,2,UP,2.463904002541068,2,UP,9.871345149524483,True
Irak3,2,UP,2.276103199307582,2,UP,0.9966535276868312,True
Adamts10,2,UP,2.245303005290228,2,UP,0.2636513646850377,True
Cox6a2,2,UP,2.02962713790956,2,UP,1.0301707330268002,True
Pkm,2,UP,1.8343065284976403,2,UP,0.3630350672490721,True
Aprt,2,UP,1.803984011875995,2,UP,0.2258249968206025,True
Ccdc142,2,UP,1.7903880228810465,2,UP,0.45380531768696,True
Sgk1,2,UP,1.7783923240836066,2,UP,0.7119864606149694,True
Gbp5,2,UP,1.7210052259021158,2,UP,0.4841147207893827,True
Bola2,2,UP,1.7022260192646508,2,UP,0.8939615059487496,True
Uap1l1,2,UP,1.6816915875188063,2,UP,0.3523400082201492,True
Cndp2,2,UP,1.6785654178892453,2,UP,0.3037674032046956,True
Creb3l1,2,UP,1.589087428262025,2,UP,5.446852282270479,True
1110008p14rik,2,UP,1.551581064468729,2,UP,0.3683883521083225,True
Nln,2,UP,1.5162879557984923,2,UP,0.2112110115633707,True
Arfgef2,2,UP,1.5010502035781277,2,UP,0.0332488860114212,True
Sqstm1,2,UP,1.493590128766438,2,UP,0.2255133800146217,True
Apoe,2,UP,1.4934181741159915,2,UP,0.7315283544454516,True
Afg3l2,2,UP,1.4179230486825718,2,UP,0.2637359316330545,True
Entpd7,2,UP,1.3520879668020591,2,UP,-0.0160512801497269,True
Stab1,2,UP,1.328905198789098,2,UP,0.3109735408042261,True
Mthfsd,2,UP,1.3268573768206438,2,UP,0.2668434773880744,True
Hook2,2,UP,1.3257220722719922,2,UP,0.262556580694635,True
Fgf2,2,UP,1.311364777602836,2,UP,0.0429216620416333,True
Hebp1,2,UP,1.2866391207612733,2,UP,0.6281551515482909,True
Psmb6,2,UP,1.265444920354792,2,UP,0.3889028595811244,True
Nectin4,2,UP,1.1829599987654764,2,UP,0.5137288212595253,True
Tpi1,2,UP,1.1652917980882025,2,UP,0.2235926310991264,True
Galk1,2,UP,1.1644072133112118,2,UP,0.5086093251994432,True
6430571l13rik,2,UP,1.16075121741688,2,UP,0.4813414632666425,True
E430025e21rik,2,UP,1.0964217041931996,2,UP,0.2810052743,True
Anxa4,2,UP,1.075052108972992,2,UP,3.5595402216389007,True
Npm3,2,UP,1.074952830634193,2,UP,0.5869019044087622,True
Col11a2,2,UP,1.06860445102676,2,UP,0.5289472078734461,True
Aldoa,2,UP,1.0247833084446514,2,UP,0.277168900456721,True
Coro1c,2,UP,0.9956241445378238,2,UP,0.2186584251392493,True
Ap1g2,2,UP,0.9781138224914732,2,UP,0.0103450161729811,True
Dnajc15,2,UP,0.9761215438533164,2,UP,0.3797915718701099,True
Mrpl46,2,UP,0.965635658839726,2,UP,0.3575136547604005,True
Col16a1,2,UP,0.9569358667577804,2,UP,0.5516892310635432,True
Gpatch3,2,UP,0.9431719750052916,2,UP,0.4050009358207845,True
Klhl21,2,UP,0.9424302935051124,2,UP,0.2535462209600395,True
Ralgds,2,UP,0.8946107710541982,2,UP,0.6531228835260114,True
Morf4l2,2,UP,0.8531034686763226,2,UP,0.0084994767183962,True
Kcnf1,2,UP,0.8482133901426973,2,UP,0.1238270511845356,True
Pde3a,2,UP,0.8430441530287496,2,UP,10.27189104156934,True
Fbxo46,2,UP,0.833154496335982,2,UP,-0.0636023823489436,True
Pgd,2,UP,0.8243719259016733,2,UP,0.2863707617099195,True
Thumpd1,2,UP,0.8021185528739423,2,UP,0.2492826804185401,True
Galk2,2,UP,0.7993830586853732,2,UP,0.269386920383291,True
Rps6kb2,2,UP,0.794267766965721,2,UP,0.3197774797973677,True
Afg3l1,2,UP,0.7925961347459011,2,UP,0.2446637240197221,True
Prmt5,2,UP,0.7891211778752705,2,UP,-0.0416592802436243,True
Gtpbp3,2,UP,0.7811759988305051,2,UP,0.2494252638091801,True
Kti12,2,UP,0.777594065118921,2,UP,0.36286531725,True
Prdx1,2,UP,0.776140703381709,2,UP,0.0781985562135002,True
Chrd,2,UP,0.7606627432464474,2,UP,0.272252573114714,True
Polr2i,2,UP,0.7418860640186506,2,UP,0.3432733187075598,True
Nop56,2,UP,0.735567537755349,2,UP,0.3313207492507355,True
Nob1,2,UP,0.7285085785417388,2,UP,0.2550683473068555,True
Cep76,2,UP,0.7165855019395382,2,UP,-0.0077076287537442,True
Cwc27,2,UP,0.711823888478061,2,UP,0.2902723490791618,True
Cdr2l,2,UP,0.695265738404335,2,UP,1.0798072525001432,True
Actn4,2,UP,0.662833277113468,2,UP,-0.0003250779664694,True
Ssr4,2,UP,0.6297143557311814,2,UP,0.4422397690163069,True
Ptpn1,2,UP,0.6155997310264576,2,UP,0.4523081184249999,True
Rbm12b2,2,UP,0.5803037162569282,2,UP,-0.0545612990594606,True
Txn1,2,UP,0.5727027331544188,2,UP,0.4686471468851906,True
Lrp4,2,UP,0.5625020067657607,2,UP,0.0076495854905948,True
Ssr2,2,UP,0.5538182289296922,2,UP,0.2204179043048688,True
Dnajc16,2,UP,0.5446431649405135,2,UP,0.345694759575,True
Npc2,2,UP,0.4569050215961731,2,UP,0.39338437045,True
Atp5a1,2,UP,0.4340285232697155,2,UP,0.7318680354,True
Rrp7a,2,UP,0.3977509229528684,2,UP,-0.0188730233794333,True
Dnajc11,2,UP,0.3810098238946198,2,UP,-0.0069864792335479,True
Ranbp1,2,UP,0.3569704637720337,2,UP,0.3033140065364251,True
Pin1,2,UP,0.3383889265911538,2,UP,0.5671553675223087,True
Denr,2,UP,0.2986546447068012,2,UP,0.270045966072073,True
Banf1,2,UP,0.2929046950938277,2,UP,0.5091768534801422,True
Man2b2,2,UP,0.2691862438275756,2,UP,-0.0180742975770503,True
Hypk,2,UP,0.2229129278648071,2,UP,0.9035968820909732,True
Igsf8,2,UP,0.2051133807008042,2,UP,0.2537700175648374,True
Snrpd3,2,UP,0.1822512281442923,2,UP,0.730781408302348,True
Sh3bp5,2,UP,0.1560309484991529,2,UP,0.2664796918054498,True
2310039h08rik,2,UP,0.147747825059897,2,UP,0.8383272054034354,True
Naa10,2,UP,0.1244840912331277,2,UP,0.4616468957766189,True
Pisd-ps1,2,UP,0.1077708730803628,2,UP,1.423255730217936,True
Usp10,2,UP,0.0867255961072853,2,UP,0.2981633318,True
Krtcap2,2,UP,0.0683784991851914,2,UP,0.3569940117518635,True
Pikfyve,2,UP,0.0678885707017799,2,UP,-0.0055969679497415,True
Fibp,2,UP,0.0146013449970728,2,UP,0.2243882174507459,True
Tbc1d8,2,UP,0.0082230991534136,2,UP,0.320436850275,True
Ly6c1,2,UP,-0.0001835245917646,2,UP,0.3581784871782659,True
Pnpla7,2,UP,-0.014511109319282,2,UP,-4.149952381456442,True
Lipe,2,UP,-0.018234627103071,2,UP,0.2159519682820583,True
Anp32b,2,UP,-0.0220527149583462,2,UP,0.0083446618532223,True
Cltb,2,UP,-0.0563554067433241,2,UP,0.4380993849235726,True
C1qa,2,UP,-0.0683914069715291,2,UP,0.5492690565974458,True
Nol7,2,UP,-0.0712401589727013,2,UP,0.3507684761820004,True
Sod1,2,UP,-0.0741043736020209,2,UP,0.5253534031404078,True
0610012g03rik,2,UP,-0.0793147514590535,2,UP,0.4060298026961355,True
Necap2,2,UP,-0.0889209711257598,2,UP,0.2617399198383626,True
Ppox,2,UP,-0.0945346146301748,2,UP,0.362102559191806,True
Med13,2,UP,-0.1129570521883086,2,UP,-0.0175250539820749,True
Gimap6,2,UP,-0.1245591461282858,2,UP,0.5225014859222261,True
Nostrin,2,UP,-0.1549742479166665,2,UP,0.4907674727435663,True
Rpl18,2,UP,-0.1711711541085888,2,UP,0.3831999576552937,True
Emd,2,UP,-0.1877718400595678,2,UP,0.3394524314895066,True
Hnrnph3,2,UP,-0.2326771936021007,2,UP,0.4997543849478496,True
4833420g17rik,2,UP,-0.255213720742512,2,UP,0.49659502125,True
Dnajc19,2,UP,-0.2564356328055709,2,UP,0.3344625153497949,True
Ptpra,2,UP,-0.2609655680914858,2,UP,0.6482932987000001,True
Ncf1,2,UP,-0.2613820349769212,2,UP,0.4315661868003572,True
Aktip,2,UP,-0.2892004283322813,2,UP,0.3620907672,True
Wdr26,2,DOWN,-0.3682791211918284,2,DOWN,-0.2391914913145248,True
Dpysl2,2,DOWN,-0.3755908929497128,2,DOWN,-0.2993026696862456,True
Ttc14,2,DOWN,-0.4092802236950576,2,DOWN,-0.3883373261757976,True
Rab14,2,DOWN,-0.4276739602640506,2,DOWN,-0.2742035070538668,True
Mapk8ip3,2,DOWN,-0.4301851801423266,2,DOWN,-0.2349357172328501,True
Fmnl3,2,UP,-0.4578581033127344,2,UP,9.294806237303955,True
Slc30a9,2,DOWN,-0.4593649830771609,2,DOWN,-0.2417837498908429,True
Smim14,2,DOWN,-0.4728530084401052,2,DOWN,-0.2170255622764629,True
Cnnm1,2,DOWN,-0.474367098902567,2,DOWN,-0.2575271285342206,True
Zfp638,2,DOWN,-0.4839272768321443,2,DOWN,-0.3563339798487041,True
Susd4,2,DOWN,-0.4921602829762097,2,DOWN,-0.20835110115,True
Pak2,2,DOWN,-0.4954691985178218,2,DOWN,-0.2529304412386459,True
Sstr2,2,DOWN,-0.5006700990798558,2,DOWN,-0.3895680518269562,True
Ripor2,2,DOWN,-0.5028671913751568,2,DOWN,-0.2447779111162129,True
Bpnt2,2,DOWN,-0.5078470240487647,2,DOWN,-0.2975470062225269,True
Scamp1,2,DOWN,-0.5162254810745246,2,DOWN,-0.2648209260597549,True
Ldah,2,DOWN,-0.536650691731344,2,DOWN,-0.2601910566575655,True
Xpo6,2,DOWN,-0.5488265514667565,2,DOWN,-0.2345321507470412,True
Spef1,2,DOWN,-0.5495472560760604,2,DOWN,-0.289970322514108,True
Sh3glb1,2,DOWN,-0.5512909406195117,2,DOWN,-0.2474193419968163,True
Rab9b,2,DOWN,-0.5737298163996796,2,DOWN,-0.3434843798221557,True
Ube3b,2,DOWN,-0.5928536932037796,2,DOWN,-0.3091647406334591,True
Mylip,2,UP,-0.6359799265400872,2,UP,0.2253131400706142,True
Gm6548,2,DOWN,-0.6434879661325346,2,DOWN,-0.8084415409543966,True
Sox10,2,DOWN,-0.6567901999049441,2,DOWN,-0.5179573168736734,True
Spg20,2,DOWN,-0.6810002628649923,2,DOWN,-0.2458849327730206,True
B3galt1,2,DOWN,-0.6921640670216469,2,DOWN,-0.3763981094415071,True
Gtf2a1,2,DOWN,-0.694083240532477,2,DOWN,-0.3427699851374356,True
Kbtbd8,2,DOWN,-0.6963215398817726,2,DOWN,-0.4233211023991778,True
Fundc1,2,DOWN,-0.707300339248205,2,DOWN,-0.3175952217770956,True
Cul3,2,DOWN,-0.7333999339810715,2,DOWN,-0.3079148625420849,True
Phf12,2,UP,-0.733804079299503,2,UP,0.2394462306699569,True
Tbc1d32,2,DOWN,-0.7439723530838158,2,DOWN,-0.2250704422188598,True
Megf11,2,DOWN,-0.7506865865911578,2,DOWN,-0.2447593574267402,True
Pcdha5,2,DOWN,-0.7562048717078871,2,DOWN,-0.2388096641659174,True
Ipo11,2,DOWN,-0.8094491918239621,2,DOWN,-0.2472046466898683,True
Zfp65,2,DOWN,-0.8116276649799996,2,DOWN,-0.3098105522216281,True
Sh2b3,2,DOWN,-0.818599529534348,2,DOWN,-0.2700410169236136,True
Gdi2,2,DOWN,-0.821562870152126,2,DOWN,-0.2677791538336623,True
Pik3r1,2,DOWN,-0.8367203071903103,2,DOWN,-0.2345046931077463,True
Pdik1l,2,DOWN,-0.8421136927694874,2,DOWN,-0.2375498008712649,True
Rnpepl1,2,DOWN,-0.8911711279624898,2,DOWN,-0.2516195211401468,True
Slc18a2,2,DOWN,-0.8982952499858166,2,DOWN,-0.5518282514434518,True
Wasl,2,DOWN,-0.9504341451364674,2,DOWN,-0.3259065045801511,True
Galnt1,2,DOWN,-0.9554730641103744,2,DOWN,-0.3075346833613438,True
Pcdhb3,2,DOWN,-0.980307348853612,2,DOWN,-0.4582792861457565,True
Prex1,2,DOWN,-1.0031251990481451,2,DOWN,-0.2838437170213685,True
Irf2,2,DOWN,-1.0230342697774557,2,DOWN,-0.2171067153485623,True
Ikzf1,2,DOWN,-1.0258223433387492,2,DOWN,-0.4164843533643354,True
Wac,2,DOWN,-1.1619313543904175,2,DOWN,-0.2661440487539496,True
Ezh2,2,DOWN,-1.2154840948792849,2,DOWN,-0.299594948125,True
Ulk1,2,DOWN,-1.2586082161848875,2,DOWN,-0.3087649316453812,True
Mmd,2,DOWN,-1.2666031790728507,2,DOWN,-0.3844765818086931,True
Dennd5a,2,DOWN,-1.3209830873782713,2,DOWN,-0.2686319189090081,True
Cdk19,2,DOWN,-1.3320469481774837,2,DOWN,-0.2370161995281861,True
Usp1,2,DOWN,-1.3513580507303105,2,DOWN,-0.2515247469152452,True
Anln,2,DOWN,-1.3552710210430647,2,DOWN,-0.3316043407721546,True
Lyl1,2,DOWN,-1.3819627742066618,2,DOWN,-0.3140910965669899,True
Akirin2,2,DOWN,-1.3891732124786489,2,DOWN,-0.2211890155131982,True
Tab2,2,DOWN,-1.4130956287159069,2,DOWN,-0.3393418349793204,True
Ap1s2,2,DOWN,-1.474476623145141,2,DOWN,-0.4236380608415765,True
Fam117b,2,DOWN,-1.5210114196502795,2,DOWN,-0.3203688786176144,True
Fam63b,2,DOWN,-1.6116962946988398,2,DOWN,-0.246769878425,True
Tm6sf1,2,DOWN,-1.6646209695454952,2,DOWN,-0.2531385931385184,True
Casc4,2,UP,-1.7505462906075424,2,UP,0.5802808233000001,True
Plekhf1,2,UP,-1.790360487285409,2,UP,0.515928452131349,True
Eif4ebp2,2,DOWN,-1.8568316257498765,2,DOWN,-0.2832446629098157,True
Shisa4,2,UP,-1.9307264061162528,2,UP,0.280993970200652,True
Zeb1,2,DOWN,-1.980643334731152,2,DOWN,-0.2572231363336514,True
Dner,2,DOWN,-2.016381490445505,2,DOWN,-0.2224618108758317,True
Thrsp,2,UP,-2.4664399657360714,2,UP,0.2866059147680851,True
Capn3,2,DOWN,-2.590711040998399,2,DOWN,-0.3293882286127915,True
Frat2,2,UP,-2.6719133413561345,2,UP,0.5519393361522604,True
Mex3b,2,UP,-2.756621943141718,2,UP,0.3381060735811364,True
Atp1b2,2,DOWN,-2.806893089048235,2,DOWN,-0.2807024206114408,True
Shroom2,2,DOWN,-3.3286468617284126,2,DOWN,-0.2884175544053494,True
Nedd4,2,DOWN,-3.615964517775269,2,DOWN,-0.2381025040574695,True
Csdc2,2,DOWN,-3.9852651118665015,2,DOWN,-0.2673086169165243,True
Baalc,2,DOWN,-5.540198754338746,2,DOWN,-0.2846314335938005,True
Gpr17,2,DOWN,-5.674325888362845,2,DOWN,-0.3197474030863405,True
Fhl1,2,DOWN,-6.334838436209614,2,DOWN,-0.255222391430686,True
Fos,10,UP,4.293266958185272,6,DOWN,-0.2606512323917716,False
Nfil3,10,UP,1.9096139872446307,4,DOWN,-0.3790279650971892,False
Egr2,10,UP,1.5719507505655412,4,DOWN,-0.4164034682680435,False
Bhlhe40,10,UP,1.8253943801674448,2,DOWN,-0.3619633577640176,False
Ank3,9,DOWN,-1.048348282807397,7,UP,0.1087075988860994,False
Fosb,9,UP,2.409347068038948,6,DOWN,0.0508991127534972,False
Hspb1,9,UP,3.486836932432569,2,DOWN,-0.378845253675,False
Sat1,9,UP,1.0560813773761824,2,DOWN,-0.3037240140033859,False
Nrxn3,9,DOWN,-1.6464053210228573,2,UP,-0.4495848000237099,False
Ntrk3,9,DOWN,-1.82934414659028,2,UP,0.1517559325749999,False
Fkbp5,8,DOWN,-0.9439901352233298,12,UP,0.8321640859125016,False
Hspa1a,8,UP,3.596164777243988,7,DOWN,-0.5921610393802871,False
Plekho2,8,UP,1.8305261051430912,5,DOWN,-0.3220528202255565,False
Hspa5,8,UP,1.511748174704812,5,DOWN,-0.2850520245902049,False
Adgrl4,8,UP,0.9078213368130642,4,DOWN,-0.2103305709088064,False
Plxna4,8,DOWN,-1.36581318433187,4,UP,1.1083829627399555,False
Celsr2,8,DOWN,-1.4249746708035396,4,UP,0.1481712462165493,False
Nes,8,UP,1.2191757486111194,3,DOWN,1.499506543544575,False
Insig1,8,UP,0.8815958047089056,3,DOWN,-0.1144959673344862,False
Celf2,8,DOWN,-0.8718444824112823,3,UP,0.2648777114576525,False
Ppp1r9b,8,DOWN,-0.8953502110532304,3,UP,0.0716264683831769,False
Bsn,8,DOWN,-1.5056662803114362,3,UP,0.1562668847251933,False
Grin2b,8,DOWN,-2.611010626757993,3,UP,0.3200517111756277,False
Srgn,8,UP,2.2549036786506647,2,DOWN,-0.3476036176065535,False
Egr1,8,UP,2.1544016012231637,2,DOWN,-1.3052745647462287,False
Phlda1,8,UP,1.863984095261126,2,DOWN,-0.212515329469785,False
Vim,8,UP,1.8273956203640744,2,DOWN,-0.431086208854707,False
Dusp16,8,UP,1.5357082727180993,2,DOWN,-0.2986317731426697,False
Tlr13,8,UP,1.2929359592576566,2,DOWN,-0.4734483291975075,False
Myo5a,8,DOWN,-0.3097745957072872,2,UP,0.0592102505168973,False
Herc2,8,DOWN,-1.007255270018634,2,UP,0.3050759562357589,False
Epha5,8,DOWN,-1.1628002149555543,2,UP,0.006379942409383,False
Agap2,8,DOWN,-1.2641153203556077,2,UP,-0.0403490044252282,False
Ddn,8,DOWN,-1.7592249989759066,2,UP,-0.0417966112536283,False
Dlg2,8,DOWN,-2.058869225288359,2,UP,-0.026105835210922,False
Cnksr2,7,DOWN,-1.5740590893784066,6,UP,0.9116621671888496,False
Ank2,7,DOWN,-0.970559666797338,5,UP,0.16114596242194,False
Sult1a1,7,DOWN,-1.687698578033524,5,UP,0.6084876025848638,False
Bmp2k,7,UP,0.6610212052842025,4,DOWN,-0.3576152639956049,False
Tug1,7,DOWN,-0.4650421540820376,4,UP,-0.0462249017644779,False
Map1b,7,DOWN,-1.436112712876998,4,UP,-0.1370937983184138,False
Atp2b3,7,DOWN,-1.7237137046756943,4,UP,0.1511351532240129,False
Bag3,7,UP,1.842604284704333,3,DOWN,-0.2500240541117404,False
Pdk4,7,UP,1.50293765642664,3,DOWN,-0.1491888435014605,False
Ptgs2,7,DOWN,1.4037938810504609,3,UP,0.9744049674284164,False
Pde4b,7,UP,1.1490770609805965,3,DOWN,-0.1022683475796055,False
Dnajb1,7,UP,1.041081979842628,3,DOWN,-0.3048768625123455,False
Idi1,7,UP,0.9459515241000712,3,DOWN,-0.2735479387646539,False
Zfp36l2,7,UP,0.7192642384070707,3,DOWN,-0.3687926425952104,False
Serpinh1,7,UP,0.6836234772575346,3,DOWN,-0.3661136907717866,False
Gab1,7,UP,0.4597524787923248,3,DOWN,-0.4917396221858954,False
Fbxw7,7,DOWN,-0.7522927522763874,3,UP,0.1255773278159749,False
Fry,7,DOWN,-1.129806204236356,3,UP,0.1034948743821111,False
Robo1,7,DOWN,-1.5709067680086548,3,UP,0.0648409069568626,False
Wipf3,7,DOWN,-2.1839816076177354,3,UP,0.1728318959935108,False
Tnfaip6,7,UP,3.85168196723189,2,DOWN,-0.3897951334686171,False
Edn1,7,UP,2.2679955932255567,2,DOWN,-0.2993984631499999,False
Rnf125,7,UP,1.7318398557926855,2,DOWN,-0.4201891341989784,False
Nfatc1,7,UP,1.441839539650289,2,DOWN,-0.3634671652542158,False
Hsph1,7,UP,1.0965820103190755,2,DOWN,-0.3064289448948404,False
Pfkfb3,7,UP,0.8583007083364139,2,DOWN,-0.2464448060260472,False
Hsp90aa1,7,UP,0.4390943427838262,2,DOWN,-0.2277192258190346,False
Plxna1,7,DOWN,-0.4432058400195861,2,UP,0.0306057237140008,False
Usp9x,7,DOWN,-0.4830140652707176,2,UP,0.0296676869906836,False
Tmem86a,7,DOWN,-0.5488680080535259,2,UP,0.463107691041882,False
Secisbp2l,7,DOWN,-0.6737032310120797,2,UP,-0.0513636687187218,False
Nucks1,7,DOWN,-0.6913371754610044,2,UP,-0.0177503284629237,False
Madd,7,DOWN,-0.6937005820514704,2,UP,0.0183304993254414,False
Ppp3ca,7,DOWN,-0.9076849568762254,2,UP,0.6650778428813539,False
Stxbp5,7,DOWN,-0.9190933946268796,2,UP,0.007616514205734,False
Nr2c2,7,DOWN,-1.0729195561632032,2,UP,0.274954868628613,False
Pcdh17,7,DOWN,-1.236690081991372,2,UP,0.0952142414365024,False
Prkcb,7,DOWN,-1.2371471481123264,2,UP,0.8143052022063538,False
Tmcc2,7,DOWN,-1.3213465569589036,2,UP,-0.0006222308301054,False
Psd3,7,DOWN,-1.3591514546468788,2,UP,0.0639281100669515,False
Camk2b,7,DOWN,-1.4807416781989675,2,UP,0.069152624064198,False
Tenm1,7,DOWN,-1.4979919837076994,2,UP,0.1078192155165563,False
Mgat3,7,DOWN,-1.526810583360007,2,UP,0.26699598575,False
Epha4,7,DOWN,-1.589272741469063,2,UP,0.0241919081995067,False
Myt1l,7,DOWN,-1.6263067492465766,2,UP,0.0311479775173922,False
Jph4,7,DOWN,-1.7129517278374051,2,UP,-0.095584192577675,False
St6galnac5,7,DOWN,-1.8099667966269544,2,UP,0.047564551447683,False
Grm5,7,DOWN,-1.833543925426267,2,UP,0.0682157066005629,False
Cdkl5,7,DOWN,-1.844859627098249,2,UP,0.5755573503164362,False
Nlgn1,7,DOWN,-1.9588227612396265,2,UP,0.0238171118839407,False
Slc24a2,7,DOWN,-2.03173996247876,2,UP,0.0157905708174661,False
Htra1,7,DOWN,-2.153675081058004,2,UP,0.0362406269545711,False
Astn1,7,DOWN,-2.2609233087755656,2,UP,-0.0064164629226299,False
Cd93,6,UP,1.3862850319133466,5,DOWN,-0.4753764474273933,False
Bach1,6,UP,1.1784233409877312,5,DOWN,-0.2941615002927751,False
Lnpep,6,DOWN,-0.3237403132393956,5,UP,0.5567165307632145,False
Hspa1b,6,UP,5.084183956813199,4,DOWN,-1.2932181819469686,False
Zhx1,6,DOWN,-0.758387712504644,4,UP,0.04830808205008,False
Sorl1,6,DOWN,-0.7647421514823192,4,UP,0.1753712329762953,False
Prrc2b,6,DOWN,-0.8094778504678586,4,UP,0.1722572785045326,False
Sipa1l3,6,DOWN,-0.9756047798656624,4,UP,-0.3541040247665047,False
Cracdl,6,DOWN,-1.3736149929852657,4,UP,0.2416160482470661,False
Snap91,6,DOWN,-1.6415492687382116,4,UP,0.041762495835418,False
Map1a,6,DOWN,-1.9211361724632945,4,UP,0.1934065998351786,False
Creld2,6,UP,1.3938629254564592,3,DOWN,-0.3315957497287904,False
Klf2,6,UP,1.2964574562737554,3,DOWN,-0.0763729211707328,False
S1pr1,6,UP,1.150027084528629,3,DOWN,-0.3108567396167711,False
Klf10,6,UP,0.913460378107573,3,DOWN,-0.371053712791159,False
Prkx,6,UP,0.4817391978783172,3,DOWN,-0.2886894289519842,False
Msmo1,6,UP,0.4134197365576097,3,DOWN,-0.3385162077228301,False
Zfp703,6,UP,0.4029085071387654,3,DOWN,-0.1102282633542188,False
Sox9,6,UP,0.3030445986373388,3,DOWN,-0.366646907440699,False
Mapk1,6,DOWN,-0.4981543865020959,3,UP,1.1180066982974668,False
Lifr,6,DOWN,-0.9504884495545508,3,UP,0.1658889690613668,False
Tmem178b,6,DOWN,-1.0291056510024446,3,UP,0.1150270954617872,False
Gmpr,6,DOWN,-1.1031367417594589,3,UP,0.2855553936660124,False
Ksr2,6,DOWN,-1.1103324072528462,3,UP,0.1007393202611588,False
Myo5b,6,DOWN,-1.4472599185015025,3,UP,0.5178419398394515,False
Apba1,6,DOWN,-1.4965175650455322,3,UP,0.110686139130527,False
Lrrn2,6,DOWN,-1.6879429693493313,3,UP,0.4251886622721149,False
Ppp2r2c,6,DOWN,-1.950085886550736,3,UP,0.2752792560990876,False
Cck,6,DOWN,-2.096491969214705,3,UP,0.3057318668624032,False
Nrxn1,6,DOWN,-2.2160235389026166,3,UP,0.1313087433798193,False
Apln,6,UP,2.23246399387869,2,DOWN,-0.563260489002948,False
Cd86,6,UP,1.9234872758659496,2,DOWN,-0.5048130897636812,False
Mcam,6,UP,0.9907640854731944,2,DOWN,-0.2981442379482157,False
Eaf1,6,UP,0.7692057615132134,2,DOWN,-0.3011591167881454,False
Elovl5,6,UP,0.6737635320386198,2,DOWN,-0.2197129996027529,False
Vegfa,6,UP,0.62261703631614,2,DOWN,-0.2128985320070028,False
Rap2b,6,DOWN,0.2594360328412217,2,UP,0.2754783553286518,False
Atf6,6,DOWN,0.0342671984609178,2,UP,-0.00080966204533,False
Eng,6,UP,0.0337957555366662,2,DOWN,-0.548489459895924,False
Uhrf1bp1l,6,DOWN,-0.3508001101169228,2,UP,-0.0079717486859931,False
Crim1,6,DOWN,-0.5058530169612883,2,UP,-0.0294464122956465,False
Fam107a,6,DOWN,-0.5218323764185663,2,UP,0.4296380269825871,False
Rapgef1,6,DOWN,-0.5618502566221051,2,UP,0.0042086683728401,False
Ap2b1,6,DOWN,-0.594654875441913,2,UP,-0.0088672226739612,False
Clcn4,6,DOWN,-0.6010017661619216,2,UP,0.414599425425,False
Neo1,6,DOWN,-0.6078531291016667,2,UP,0.0222066772115036,False
Lrrn1,6,DOWN,-0.6804599038771123,2,UP,-0.032031699017197,False
Fam131a,6,DOWN,-0.7739140604457532,2,UP,0.3192232432451501,False
Wdfy3,6,DOWN,-0.778809571731613,2,UP,0.1159659850050657,False
Pacsin1,6,DOWN,-0.8164958036408972,2,UP,-0.1184979238815179,False
Large1,6,DOWN,-0.8319538489082529,2,UP,0.0093132271882175,False
Ppp1r16b,6,DOWN,-0.8412013672199915,2,UP,0.2307479611113146,False
Ssh2,6,DOWN,-0.8910051132517604,2,UP,0.7329360826352694,False
Grid1,6,DOWN,-0.9087873855328612,2,UP,-0.0382625396422298,False
Thsd7a,6,DOWN,-0.908889837673046,2,UP,-0.0097629220216974,False
Adgrl1,6,DOWN,-0.916886721446468,2,UP,-0.1116811221556191,False
Slitrk1,6,DOWN,-0.9221399873696228,2,UP,-0.0273473207121483,False
Atrn,6,DOWN,-0.9272194656477896,2,UP,0.0117905460216602,False
Nbea,6,DOWN,-0.9313011274855318,2,UP,0.0205197891677996,False
Tmem132b,6,DOWN,-0.9597296865157242,2,UP,0.000467476785161,False
Arfgef3,6,DOWN,-1.021601253165649,2,UP,0.638109863589499,False
Agt,6,DOWN,-1.0706297373897975,2,UP,-0.0277482307697688,False
Kcnj3,6,DOWN,-1.073247550491727,2,UP,0.0584232989076081,False
Mrtfb,6,DOWN,-1.0901972883901925,2,UP,-0.045166214653364,False
Dock4,6,DOWN,-1.1313442903722315,2,UP,0.0591203334603765,False
Pcdhgc5,6,DOWN,-1.48761006563455,2,UP,0.0667713705797227,False
Fbxo41,6,DOWN,-1.4991391550657225,2,UP,-0.0758771378773306,False
Galnt17,6,DOWN,-1.5430153862680551,2,UP,-0.0011902358217468,False
Slc6a17,6,DOWN,-1.6885099943385835,2,UP,-0.0503826749226193,False
Sez6l,6,DOWN,-1.7246385962270037,2,UP,-0.0068976317488212,False
Chd5,6,DOWN,-1.7586633031065415,2,UP,-0.0485208774624278,False
Shank2,6,DOWN,-1.759045191177002,2,UP,-0.0370595425933866,False
Cyfip2,5,DOWN,-0.7129362965656416,5,UP,0.1302015606287699,False
Soga1,5,DOWN,-1.1641656519504533,5,UP,0.1242593009843197,False
Btaf1,5,UP,1.0870176451057936,4,DOWN,-0.3694025963256246,False
Wwtr1,5,UP,0.95781760772552,4,DOWN,-0.3503941551540906,False
Ptpn12,5,UP,0.6412913673386746,4,DOWN,-0.2504890146696596,False
Rock1,5,UP,-0.0298931044710871,4,DOWN,-0.1564810623872492,False
Pcdhac2,5,DOWN,-0.7495925690175479,4,UP,0.1027652067153666,False
Adcy5,5,DOWN,-0.7865025466693826,4,UP,-0.0076767807299314,False
Atp8a2,5,DOWN,-1.1340697389557512,4,UP,0.2575363608099581,False
Arnt2,5,DOWN,-1.1687803347329928,4,UP,0.2449169223913324,False
Adcy9,5,DOWN,-1.2063656673639798,4,UP,0.2013398322594298,False
Shank1,5,DOWN,-2.342250028841669,4,UP,-0.1920307365015998,False
Abtb2,5,UP,1.6968448789383133,3,DOWN,-0.0919832826328693,False
Sh3pxd2b,5,UP,1.4117358849679955,3,DOWN,-0.3476970545623603,False
Tpm4,5,UP,0.9172155807902962,3,DOWN,-0.0476372470076027,False
Hspd1,5,UP,0.8934041956521913,3,DOWN,-0.2818580722000003,False
Srsf7,5,UP,0.4777812501314382,3,DOWN,-0.1845991111623617,False
Itga6,5,UP,0.0416531817429522,3,DOWN,-0.2914071414050737,False
Pde3b,5,UP,-0.1580043672135958,3,DOWN,-0.3141151876672837,False
Pdzd2,5,DOWN,-0.6405412979169703,3,UP,0.1616993306760205,False
Neurl1a,5,DOWN,-0.8096541551215019,3,UP,1.3495447159561225,False
Sipa1l1,5,DOWN,-0.8565104532714292,3,UP,0.094445779006852,False
Sptb,5,DOWN,-1.059824164782485,3,UP,0.2959059089454499,False
Cep170b,5,DOWN,-1.092543056467447,3,UP,0.011673861735869,False
Dlg4,5,DOWN,-1.171184959404605,3,UP,0.0257287897559305,False
Faxc,5,DOWN,-1.2538547430147775,3,UP,0.1740019291235452,False
Dock3,5,DOWN,-1.4256974954007275,3,UP,0.2928890114989229,False
Tenm3,5,DOWN,-1.6170225140966543,3,UP,0.4376381113777821,False
Dgkg,5,DOWN,-1.652975258087519,3,UP,0.1749764518813811,False
Slc12a5,5,DOWN,-1.7020940274814926,3,UP,0.4667273431551679,False
Snn,5,DOWN,-1.705309772106283,3,UP,0.2550014133855727,False
Creb5,5,UP,3.0483677181708546,2,DOWN,-0.4242962901558127,False
Ccr5,5,UP,1.3428565451146188,2,DOWN,-0.3979358343034023,False
Gpr4,5,UP,0.9959593622890636,2,DOWN,-0.6602226242674907,False
Wnt7a,5,UP,0.8370613586867712,2,DOWN,-0.5861534240155631,False
Tex10,5,UP,0.8286440228565063,2,DOWN,-0.3215108544883502,False
Spry4,5,UP,0.8199530636605001,2,DOWN,-0.3871509763750737,False
Myo10,5,UP,0.7960126465271014,2,DOWN,-0.289128843837693,False
Tnc,5,UP,0.6504282705292458,2,DOWN,-21.914105068488237,False
Prkd3,5,UP,0.477992741252713,2,DOWN,-0.4130858025008697,False
Ago4,5,UP,0.1218689588205246,2,DOWN,-0.2321463425645233,False
Cdk2ap2,5,UP,-0.0913161043626854,2,DOWN,-0.2437372645168226,False
Aldh1b1,5,DOWN,-0.1222921187244072,2,UP,0.5038386983291644,False
Ogdh,5,DOWN,-0.3205408904350755,2,UP,-0.0318471491485438,False
Fkrp,5,DOWN,-0.4175980386760661,2,UP,0.052874287601403,False
Xylt1,5,DOWN,-0.4938978147316842,2,UP,0.0325605593765102,False
Tulp4,5,DOWN,-0.5056947994367622,2,UP,-0.0012254128415056,False
Myo9a,5,DOWN,-0.5410851392984835,2,UP,-0.0057543006460264,False
Abl2,5,DOWN,-0.561470440316518,2,UP,0.026281695432995,False
Calm3,5,DOWN,-0.5787405823519779,2,UP,0.2462950686463986,False
Dip2c,5,DOWN,-0.6008210179853357,2,UP,0.0138216921011053,False
Mdga2,5,DOWN,-0.6299990484693504,2,UP,0.0090059638892392,False
Dmxl2,5,DOWN,-0.6575137877270357,2,UP,0.0375451945392219,False
Slc8a2,5,DOWN,-0.6591945012568433,2,UP,-0.0870555202580883,False
Kcnc3,5,DOWN,-0.7357805296115828,2,UP,-0.0978997532290031,False
Arhgef28,5,DOWN,-0.7383264642871907,2,UP,0.3709076880430829,False
Pcdhb19,5,DOWN,-0.7414543925720259,2,UP,0.4261895457130603,False
Strn,5,DOWN,-0.7489832301213735,2,UP,0.0111618793247652,False
Erbb4,5,DOWN,-0.7764217122412471,2,UP,0.052638476441306,False
Atrnl1,5,DOWN,-0.7972601329772449,2,UP,0.0072603351578179,False
Chd3,5,DOWN,-0.8291881539730609,2,UP,-0.1079492116257096,False
D5ertd579e,5,DOWN,-0.8591192485426102,2,UP,0.2841572719749995,False
Hectd4,5,DOWN,-0.8605000501306392,2,UP,0.018525188090953,False
Pde10a,5,DOWN,-0.8821344408218892,2,UP,-0.0112100903154709,False
Robo2,5,DOWN,-0.903858392738601,2,UP,0.0243626662107031,False
Dgkb,5,DOWN,-0.9708966449348484,2,UP,-0.0278145562739226,False
Cpm,5,DOWN,-1.0562344323074655,2,UP,0.2691313831393546,False
Plcl2,5,DOWN,-1.075820715835357,2,UP,0.2472193100364378,False
Nr3c2,5,DOWN,-1.2135425466930865,2,UP,-0.0779321158516724,False
Maml3,5,DOWN,-1.2587757259615977,2,UP,-0.1487622780307588,False
Jph3,5,DOWN,-1.3603548857290304,2,UP,-0.0119939490499466,False
Dlgap2,5,DOWN,-1.399150470084101,2,UP,0.4191752528969436,False
Sult4a1,5,DOWN,-1.4240504746620342,2,UP,0.252770000269928,False
Phyhip,5,DOWN,-1.4333390637304506,2,UP,0.0008670269215975,False
Lonrf2,5,DOWN,-1.4839703201494612,2,UP,-0.0328163905023138,False
Prickle2,5,DOWN,-1.535325268512266,2,UP,0.0283700516267254,False
Unc80,5,DOWN,-1.5590611517564583,2,UP,0.14095027966892,False
Plcb1,5,DOWN,-1.76993700464771,2,UP,-0.0389332290514308,False
Pak6,5,DOWN,-2.1164330400959206,2,UP,-0.0200644404056115,False
Ppp1r1b,5,DOWN,-2.1211299092170983,2,UP,-0.1386897616596042,False
Zbtb16,4,DOWN,-0.6936634534430315,7,UP,0.575160418772313,False
Tjp1,4,UP,-0.8321326140413885,7,DOWN,0.0064141589536271,False
Ptp4a1,4,UP,1.4947326422457472,5,DOWN,0.1314781672564665,False
Irs2,4,UP,0.9054971907784578,5,DOWN,-0.1630209637201136,False
Zfp800,4,UP,0.6950920093800887,5,DOWN,-0.070817019559568,False
P4ha1,4,UP,0.5896340413050862,5,DOWN,-0.3246654809779801,False
Pdlim5,4,UP,0.457604609588551,5,DOWN,-0.2822939153663227,False
Jam2,4,UP,-0.0010272147889154,5,DOWN,-0.1621108890455685,False
Tsc22d2,4,UP,-0.1334000791368254,5,DOWN,-0.2305472964254652,False
Tfrc,4,DOWN,-0.5501897512693547,5,UP,0.0403933580408015,False
Slmap,4,DOWN,-0.8292258051039287,5,UP,0.573920644555446,False
Fstl4,4,DOWN,-1.0929811742252633,5,UP,0.0479279213712606,False
Mxd4,4,DOWN,-1.1500074579181323,5,UP,0.5406631255339737,False
Chuk,4,UP,0.7764763803711996,4,DOWN,-0.3395622059967075,False
Sirt1,4,UP,0.733230121858337,4,DOWN,-0.1811436145372131,False
Vamp3,4,UP,0.4525512176926639,4,DOWN,-0.1095065272253762,False
Nfatc3,4,UP,-0.0067537780935124,4,DOWN,-0.3266157095800343,False
Hcfc1,4,DOWN,-0.5205779825958059,4,UP,0.3107238386900491,False
Camsap2,4,DOWN,-0.5888091849685275,4,UP,0.3653515478063787,False
Rhou,4,DOWN,-0.6284260184541979,4,UP,0.3657175784093952,False
Kif26b,4,DOWN,-0.6307780582281501,4,UP,-0.0761014420386309,False
Inka2,4,DOWN,-0.8190679774482654,4,UP,-0.0877751416807565,False
Nwd2,4,DOWN,-0.838678296826938,4,UP,8.440975333889975,False
Nptx2,4,DOWN,-0.878978726839978,4,UP,0.5483559578609287,False
Kcnj6,4,DOWN,-0.9563059048929836,4,UP,0.2322889853815884,False
Ifit1,4,UP,2.6892201720466296,3,DOWN,-0.3387970813873418,False
Arhgap29,4,UP,1.1669961022744806,3,DOWN,-0.3906227079014737,False
Cobll1,4,UP,1.067293011897262,3,DOWN,-0.3372242858730362,False
Ackr3,4,UP,1.059002110739338,3,DOWN,-0.3053295343683419,False
Etv6,4,UP,1.0079814222254364,3,DOWN,-0.3018092581940665,False
Ptbp3,4,UP,0.9766940797565368,3,DOWN,-0.4460615689167042,False
Zfp948,4,UP,0.873304477232764,3,DOWN,-0.3191766161311895,False
Dipk2a,4,UP,0.6717031398260489,3,DOWN,-0.3510210818345842,False
Mynn,4,UP,0.6665415011548478,3,DOWN,-0.0787707644760965,False
Stk17b,4,UP,0.4426338022546494,3,DOWN,-0.408374553869642,False
Heatr5a,4,UP,0.3333674871504848,3,DOWN,-0.2752571948333384,False
Mtor,4,DOWN,-0.1511222284786067,3,UP,0.0810233980225103,False
Cav2,4,UP,-0.1535649668070181,3,DOWN,-0.4875022468409685,False
Huwe1,4,DOWN,-0.4890815455499471,3,UP,0.5405882174265151,False
Cdh8,4,DOWN,-0.5157609308716342,3,UP,0.3256365016183387,False
Tmem64,4,UP,-0.627916671444518,3,DOWN,-0.3701030046689452,False
Slc4a8,4,DOWN,-0.6440663444835244,3,UP,0.1315655805241338,False
Mef2d,4,DOWN,-0.6653147200583018,3,UP,0.7119408279474534,False
Sox21,4,UP,-0.6914387854929911,3,DOWN,-0.4324020000157762,False
Pcdhga2,4,DOWN,-0.7421412701745447,3,UP,0.1521914201165274,False
Neto1,4,DOWN,-0.9555722946223816,3,UP,0.1214080037510386,False
Kcnj4,4,DOWN,-1.0179764129222295,3,UP,0.3034910772785095,False
Slit1,4,DOWN,-1.528549290818329,3,UP,0.1375552488351273,False
Tppp,4,DOWN,-1.6262056172686423,3,UP,0.2297245835225788,False
Chgb,4,DOWN,-2.662661916129907,3,UP,0.4475281357805166,False
Camkv,4,DOWN,-2.780173410303697,3,UP,0.0836687230668725,False
Evi2a,4,UP,1.8579108120930188,2,DOWN,-0.2709055011788936,False
Nedd9,4,UP,1.378030093891398,2,DOWN,-0.290518381200555,False
Trim25,4,UP,1.2098637948455295,2,DOWN,-0.3926360475763053,False
Zc3hav1,4,UP,1.1493652934434049,2,DOWN,-0.4619071862644024,False
Mafb,4,UP,0.8889225397413404,2,DOWN,-0.338001283635531,False
Dlc1,4,UP,0.8481771110727507,2,DOWN,-0.242773001447319,False
Zbtb11,4,UP,0.804456223296323,2,DOWN,-0.2605792983164141,False
Frmd6,4,UP,0.7572347927731655,2,DOWN,-0.2646610260290314,False
Ccnl2,4,UP,0.6295259410395571,2,DOWN,-0.2666072294731457,False
Xbp1,4,UP,0.6024769684440797,2,DOWN,-0.4834808489248815,False
Elk3,4,UP,0.5269520352060696,2,DOWN,-0.2721834263302564,False
Siah2,4,UP,0.1839613679439564,2,DOWN,-0.2552970554286959,False
Hexb,4,UP,0.1497263194953591,2,DOWN,-0.3005201665090716,False
Tex2,4,DOWN,-0.0168208743989103,2,UP,0.3304230165,False
Ankrd52,4,DOWN,-0.1188065035134164,2,UP,-0.0040475372354366,False
Smad5,4,UP,-0.2523629899903086,2,DOWN,-0.3868265495759307,False
Zc3h12b,4,DOWN,-0.4473534436794216,2,UP,0.032040445443865,False
Clasp1,4,DOWN,-0.4474044743143226,2,UP,0.0333707542550736,False
Zc3h4,4,DOWN,-0.5107311376659623,2,UP,-0.0279350465510924,False
Tubb2a,4,DOWN,-0.5109617503648707,2,UP,0.2353908060192346,False
Glg1,4,DOWN,-0.5143398400787746,2,UP,0.209395412628582,False
Kif3c,4,DOWN,-0.5601309349163097,2,UP,0.0059615004327296,False
D630045j12rik,4,DOWN,-0.5661245514240183,2,UP,-0.0221929717492126,False
Jup,4,UP,-0.5853794920633568,2,DOWN,-0.3429924112996815,False
Tnr,4,DOWN,-0.6123223866299656,2,UP,0.0483141583890495,False
Aff3,4,DOWN,-0.6245729539714806,2,UP,-0.0298246581047748,False
Pmepa1,4,UP,-0.6365108732566003,2,DOWN,-0.2758015793423923,False
Ubr3,4,DOWN,-0.6368731810311226,2,UP,-0.0054540501218403,False
Prr14l,4,DOWN,-0.6498524983418545,2,UP,-0.0412651027785781,False
Dscaml1,4,DOWN,-0.6537633259700804,2,UP,0.0672692141197966,False
Lrrc4c,4,DOWN,-0.6659899289338438,2,UP,-0.0168644667165914,False
Pitpnm2,4,DOWN,-0.6685458118612826,2,UP,0.3248958412814978,False
Pam,4,DOWN,-0.684148313935327,2,UP,0.4813135780749999,False
Arhgef12,4,DOWN,-0.700047153891446,2,UP,0.2271144013483116,False
Rab11fip2,4,DOWN,-0.720034599806533,2,UP,-0.0365548677369635,False
Pex5l,4,DOWN,-0.7701441514695451,2,UP,0.0449883905931116,False
Hdac4,4,DOWN,-0.8116493941357015,2,UP,-0.0308043193966742,False
Exoc8,4,DOWN,-0.8360371828850091,2,UP,-0.0444305354764838,False
Nipa1,4,DOWN,-0.8856032475751414,2,UP,-0.0743349159130546,False
Nptxr,4,DOWN,-0.8975065626417464,2,UP,-0.0212115255738579,False
Ism1,4,DOWN,-0.9371007147535582,2,UP,0.5566456018849085,False
Sertm1,4,DOWN,-0.9624674811859304,2,UP,0.0616444466182718,False
Ppp1r3c,4,UP,-0.9951835943905438,2,DOWN,-0.3775874779575315,False
Ptprs,4,DOWN,-1.1163701450348515,2,UP,0.34243172015,False
Sema5a,4,DOWN,-1.2422262605095835,2,UP,-0.0731017697177704,False
Apba2,4,DOWN,-1.3057347621985822,2,UP,-0.1043580553595568,False
Lrrc4b,4,DOWN,-1.7232782971552014,2,UP,-0.0442007864743707,False
Crym,4,DOWN,-1.7437918517784774,2,UP,0.4547183574599334,False
Zfp536,4,DOWN,-1.7811370243744704,2,UP,0.2688639429241173,False
Rprml,4,DOWN,-1.962364394900974,2,UP,0.6182950852923423,False
Fgfr3,4,DOWN,-2.0578164482258843,2,UP,-0.0505794368893916,False
Stxbp5l,4,DOWN,-2.069729616159039,2,UP,0.5999371284024745,False
Sez6,4,DOWN,-2.0932378248922108,2,UP,-0.0377674167311966,False
Tubb3,4,DOWN,-2.237115228060813,2,UP,-0.0333969428300636,False
Tenm2,4,DOWN,-2.5074588755853724,2,UP,0.3696110680525241,False
Dnm1,4,DOWN,-3.392756339689277,2,UP,-0.0070068401408521,False
Disp2,4,DOWN,-3.6259310583063846,2,UP,0.0211696211977503,False
Dusp4,3,UP,1.9349735867403663,6,DOWN,-0.2519729761134183,False
Trim59,3,UP,-0.4286221608117158,6,DOWN,-0.3747044300342443,False
Cav1,3,UP,-0.8319229300948822,6,DOWN,-0.3991277453283162,False
Slc5a3,3,UP,1.0982727773253618,5,DOWN,-0.4652836990931009,False
D16ertd472e,3,UP,0.7472760179580744,5,DOWN,-0.1502252764053233,False
Rnd3,3,UP,0.6786692864017697,5,DOWN,-0.0399066554704453,False
Edem1,3,UP,0.4366504811010102,5,DOWN,-0.1227009185661278,False
Rorb,3,UP,-0.7533684466183205,5,DOWN,-0.3536343288356122,False
Glul,3,DOWN,-1.4821851663038628,5,UP,0.3600742019952799,False
Ctnnd2,3,DOWN,-3.2327987618989744,5,UP,0.1275076149981272,False
Abca1,3,UP,1.8142574188652447,4,DOWN,-0.1983663984598399,False
Lrrc8c,3,UP,1.426610485676865,4,DOWN,-0.150451997043633,False
Pls1,3,UP,1.2501265639672443,4,DOWN,-0.3906354039224382,False
Foxn2,3,UP,1.0428783814721576,4,DOWN,-0.1612913583803548,False
Bclaf3,3,UP,0.9789171730911228,4,DOWN,-0.4243641203136027,False
Gca,3,UP,0.8526434775740327,4,DOWN,-0.1962508885074658,False
Slc16a1,3,UP,0.7728846684663747,4,DOWN,-0.3685314607302296,False
Mtmr10,3,UP,0.7474068418003897,4,DOWN,-0.2915058993447216,False
Prrx1,3,UP,0.7267559935369364,4,DOWN,-0.173289391362484,False
Kdr,3,UP,0.7193245570121315,4,DOWN,2.579222388751128,False
Dnajb4,3,UP,0.592087826223865,4,DOWN,-0.2648733086447469,False
Esco1,3,UP,0.5690855069605502,4,DOWN,-0.1631320929336371,False
Nab1,3,UP,0.4626087196211625,4,DOWN,-0.1923387778858616,False
Ahdc1,3,UP,0.3141898730550678,4,DOWN,-0.1837188351091902,False
Cep85l,3,UP,-0.4775229111811105,4,DOWN,-0.3433089462523215,False
Rbfox3,3,DOWN,-0.5440364304589475,4,UP,0.0923909067431862,False
Garem1,3,DOWN,-0.5528919151286159,4,UP,-0.0094014651310169,False
Ubald1,3,DOWN,-0.680414399132404,4,UP,0.1229129145131945,False
Arid2,3,DOWN,-0.8749408549272504,4,UP,0.2206246263024127,False
Grasp,3,DOWN,-0.9491546617164623,4,UP,0.4501059879464815,False
Hnrnpab,3,DOWN,-0.9965877941463704,4,UP,1.6373084563441906,False
H1f0,3,DOWN,-1.0356347883370012,4,UP,0.486240391129366,False
Map1lc3a,3,DOWN,-1.055213357840344,4,UP,0.6993584093063528,False
Gpd1,3,DOWN,-1.0605681334162584,4,UP,0.4718629907312625,False
Nudt3,3,DOWN,-1.1214747028024057,4,UP,0.7508684639882085,False
Setd7,3,DOWN,-1.2423269622354278,4,UP,0.0401829096209903,False
Tubb2b,3,DOWN,-1.3252490320856236,4,UP,-0.0370766506822742,False
Sst,3,DOWN,-3.97097064645711,4,UP,0.0701927682027341,False
Rps27l,3,UP,1.1828976398584654,3,DOWN,-0.0930046913715035,False
Arid5b,3,UP,1.066440823752831,3,DOWN,-0.0278215821068736,False
Snap23,3,UP,0.9308285025993384,3,DOWN,-0.1468210814070254,False
Pwwp3b,3,UP,0.8255179454155469,3,DOWN,-0.3929985529821024,False
St3gal1,3,UP,0.8147113601386516,3,DOWN,-0.1721764259950651,False
Il6st,3,UP,0.791445771511517,3,DOWN,-0.2278391411894988,False
Rflnb,3,UP,0.7498210805901978,3,DOWN,-0.46581319015001,False
Tmed5,3,UP,0.7244651647452484,3,DOWN,-0.5337559321800464,False
Nr2e1,3,UP,0.684989144304426,3,DOWN,-0.4501328565976558,False
Sh3bgrl,3,UP,0.6650615164925718,3,DOWN,-0.1102663565468172,False
8030462n17rik,3,UP,0.5937251633640089,3,DOWN,-0.329119377862974,False
Vwa5a,3,UP,0.5333419682747715,3,DOWN,-0.248305501750707,False
Ece1,3,UP,0.4341497028067088,3,DOWN,-0.299563248128846,False
Cse1l,3,UP,0.3556935847674558,3,DOWN,-0.32350279014863,False
Kpna1,3,UP,0.3437229550245774,3,DOWN,-0.330958330764253,False
Zscan26,3,UP,0.1931969093762695,3,DOWN,-0.2582783210260547,False
Cyp51,3,UP,-0.0980022637006926,3,DOWN,-0.0173802115775722,False
Cdk17,3,DOWN,-0.3807683512394503,3,UP,1.1830624433947987,False
Rasgrf1,3,DOWN,-0.4196028061179214,3,UP,0.0677832515132014,False
Prrc2a,3,DOWN,-0.4440173846961202,3,UP,0.0071362210683298,False
Dnajb5,3,DOWN,-0.4526370276293854,3,UP,0.1366673423294516,False
Adgrl3,3,DOWN,-0.5377551913037474,3,UP,0.1357992034639022,False
Ociad2,3,DOWN,-0.5517882016113891,3,UP,0.267570547358239,False
Mxi1,3,DOWN,-0.5552211894368559,3,UP,0.2925670242583469,False
Rgma,3,DOWN,-0.6270450487488693,3,UP,0.2120638634542993,False
Zfp513,3,DOWN,-0.7080766001449188,3,UP,0.3480026485089046,False
Ttbk1,3,DOWN,-0.8252946614882918,3,UP,0.0044882713869311,False
Hs6st3,3,DOWN,-0.8385618900312911,3,UP,0.0901173599332159,False
Tnik,3,DOWN,-0.9265041664000376,3,UP,0.3222521413659017,False
Epha6,3,DOWN,-0.961548374207613,3,UP,0.5257434051657196,False
Adra2c,3,DOWN,-0.9979038224474084,3,UP,5.6459037421378016,False
Pla2g3,3,DOWN,-1.0630176318853914,3,UP,0.5583400953607097,False
Mtch1,3,DOWN,-1.1586893348986202,3,UP,0.6762164223852016,False
Nanos1,3,DOWN,-1.3198682203714904,3,UP,1.4852740383206249,False
Thra,3,DOWN,-1.5972564999444636,3,UP,0.2756615017880875,False
Hpca,3,DOWN,-1.821599070967346,3,UP,0.4072173271257493,False
Rell2,3,DOWN,-1.9679598050965232,3,UP,0.0485887737096826,False
Nrxn2,3,DOWN,-2.81710018468997,3,UP,0.0158723724574939,False
Nrgn,3,DOWN,-3.0695383898766804,3,UP,0.4091733419991987,False
Nefm,3,DOWN,-3.6492482493933913,3,UP,0.08908736301499,False
Gna14,3,UP,2.5937301364911285,2,DOWN,-0.6127112105691475,False
Thbd,3,UP,2.5089221835420195,2,DOWN,-0.3927014796808515,False
Pcgf5,3,UP,1.3595800060084358,2,DOWN,-0.3645777886430383,False
Pros1,3,UP,0.8941220090505579,2,DOWN,-0.3504187060706268,False
Kcnk13,3,UP,0.8699025895354059,2,DOWN,-0.3832568364235795,False
Lysmd3,3,UP,0.8663143658720456,2,DOWN,-0.4900140548509227,False
Tox3,3,UP,0.8010887919250932,2,DOWN,-0.4636167625018256,False
Rbpj,3,UP,0.7988030118425412,2,DOWN,-0.2463120939936744,False
Pttg1ip,3,UP,0.7794443999456154,2,DOWN,-0.2337623425163742,False
Nktr,3,UP,0.6932951662432232,2,DOWN,-0.284324197555469,False
Irf2bpl,3,UP,0.6728295314191656,2,DOWN,-0.2376416687405368,False
Cldn5,3,UP,0.6694844368457229,2,DOWN,-0.3348953075369641,False
Pigs,3,UP,0.6625201267384601,2,DOWN,-0.2065803799451809,False
Fam118a,3,UP,0.6358503853552614,2,DOWN,-0.236409962525,False
Cacybp,3,UP,0.6351264871265779,2,DOWN,-0.2917932731459642,False
Fermt2,3,UP,0.6283366282863856,2,DOWN,-0.2778793507002092,False
Nup98,3,UP,0.618413991943922,2,DOWN,-0.3229766440368406,False
Rasgrp3,3,UP,0.5832685224430573,2,DOWN,-0.2803645550643278,False
Prune2,3,UP,0.550218366189312,2,DOWN,-0.242417215241742,False
Il13ra1,3,UP,0.2458523155544215,2,DOWN,-0.4549157053107222,False
Smndc1,3,UP,0.1864350508283347,2,DOWN,-0.3123064888062746,False
Pde8b,3,DOWN,0.1542054619266214,2,UP,-0.0478562106596071,False
Bri3bp,3,DOWN,-0.017434395008862,2,UP,-0.0134150255542097,False
Chpf2,3,DOWN,-0.0294650057460864,2,UP,0.3092200786072576,False
Sulf2,3,DOWN,-0.0553305207528027,2,UP,0.3093873769855114,False
Lrrc8d,3,DOWN,-0.1533312316477915,2,UP,-0.0261441772178078,False
Tmem131,3,DOWN,-0.3351260000124501,2,UP,-0.0457592811874953,False
Usf1,3,DOWN,-0.3948054635960634,2,UP,0.3683618567527311,False
Supt6,3,DOWN,-0.441599836415443,2,UP,0.0419768979962331,False
Stard7,3,DOWN,-0.4436408206509323,2,UP,0.7402524679757629,False
Tax1bp3,3,DOWN,-0.4453648901968923,2,UP,0.4797134258848494,False
Cdk16,3,DOWN,-0.4760887055147489,2,UP,2.684821147972282,False
Extl1,3,DOWN,-0.4797726156514231,2,UP,-0.0386292999370361,False
Dnajc10,3,DOWN,-0.4909324793276119,2,UP,0.0229457800345485,False
Vps26b,3,DOWN,-0.5018348270557654,2,UP,0.696117836025,False
Nim1k,3,DOWN,-0.5609676059327467,2,UP,0.2503240905858734,False
Cenpb,3,DOWN,-0.5652910040402362,2,UP,0.3133641355341426,False
Mindy3,3,DOWN,-0.5736980600121088,2,UP,0.0056324837263287,False
Idh2,3,DOWN,-0.5855485587548539,2,UP,0.5364207617500001,False
Coro1a,3,DOWN,-0.6175545181996878,2,UP,0.2867161783564416,False
Dscam,3,DOWN,-0.6311846428646556,2,UP,0.2979228974329903,False
Adgrb2,3,DOWN,-0.6368811276250455,2,UP,-0.0845995533588336,False
Tmem243,3,DOWN,-0.6543737601643669,2,UP,0.0853673706967529,False
Megf8,3,DOWN,-0.6679853879253527,2,UP,0.2024514468467844,False
Kcnn2,3,DOWN,-0.6767563423515041,2,UP,0.3429031442324007,False
Arhgef3,3,DOWN,-0.6912786503654491,2,UP,0.5343143679852562,False
Cacng8,3,DOWN,-0.6923568586668374,2,UP,-0.2209131432359719,False
Dzip3,3,DOWN,-0.7086466205475167,2,UP,0.0150320662805142,False
Hmgcs2,3,DOWN,-0.7328674856509979,2,UP,0.1393526092364269,False
Cic,3,DOWN,-0.7545615817373119,2,UP,-0.0994531831137916,False
Pcdhga8,3,DOWN,-0.7608873970981627,2,UP,0.0227283170068127,False
Rxrb,3,DOWN,-0.7752250500916755,2,UP,0.2884879357731609,False
Traf3,3,DOWN,-0.79221058586264,2,UP,-0.0423104628655965,False
Cmtm6,3,DOWN,-0.8086946948798515,2,UP,0.0001582881541792,False
Grik3,3,DOWN,-0.8272563756513147,2,UP,0.2737884574075305,False
Basp1,3,DOWN,-0.8292482817272943,2,UP,0.3122520556914515,False
Osbp2,3,DOWN,-0.83358027179101,2,UP,0.2222127899625208,False
Mrtfa,3,DOWN,-0.8450725044712085,2,UP,0.0377169270789425,False
Tanc1,3,DOWN,-0.8549219585548075,2,UP,0.0053519266709982,False
Egfl7,3,DOWN,-0.8734881668870144,2,UP,0.4593081555288559,False
Map3k10,3,DOWN,-0.8807225404825774,2,UP,-0.1042858086573362,False
Rap1gds1,3,DOWN,-0.8973934071630832,2,UP,0.3705886392151747,False
Calm2,3,DOWN,-0.8984606273675183,2,UP,0.2472495010492082,False
Ptov1,3,DOWN,-0.9514932594660788,2,UP,2.7967685847493318,False
Prr12,3,DOWN,-0.9739184206299636,2,UP,0.2394168551944053,False
Pak1,3,DOWN,-0.984461129948928,2,UP,0.307126404775,False
Ldlrad4,3,DOWN,-1.0288760708346274,2,UP,0.2374777149500849,False
Atmin,3,DOWN,-1.049779256419015,2,UP,0.6377131003006937,False
Rnf220,3,DOWN,-1.0682900526807648,2,UP,0.2431074028753841,False
Hnrnpa0,3,DOWN,-1.1040041247563488,2,UP,0.2678446570236036,False
Gm9899,3,DOWN,-1.120849780039469,2,UP,0.272598746928652,False
Etv5,3,DOWN,-1.1262258850449134,2,UP,0.0527306265301983,False
Wfs1,3,DOWN,-1.1625196849473969,2,UP,-0.005767891072668,False
Sdk2,3,DOWN,-1.2061159955847174,2,UP,0.3485176811759207,False
Hnrnpul1,3,DOWN,-1.2135655181113585,2,UP,-0.0115153907578613,False
Eid1,3,DOWN,-1.4265896878530802,2,UP,-0.0856983042923969,False
Fabp7,3,DOWN,-1.4296526831031633,2,UP,0.0698965732157528,False
Ube2s,3,DOWN,-1.456896254267005,2,UP,0.297915315368885,False
Gsk3a,3,DOWN,-1.4723030743651984,2,UP,0.9609686340286724,False
Pink1,3,DOWN,-1.5138018521444805,2,UP,0.2612096618572159,False
Eef1a2,3,DOWN,-1.8175614823948465,2,UP,-0.0164455531098779,False
Ntrk2,3,DOWN,-1.8877871830146964,2,UP,0.3568160581972589,False
Zfpm1,3,DOWN,-1.8982167492667947,2,UP,-0.0665705240684613,False
Tmem179,3,DOWN,-2.115002203696093,2,UP,0.2194046601520435,False
Gfod1,3,DOWN,-2.147681071681717,2,UP,-0.0147084011244142,False
Meg3,3,DOWN,-2.235587583239586,2,UP,0.47114874661089,False
Ctxn1,3,DOWN,-2.346698206089225,2,UP,0.0432352885523167,False
Plcl1,3,DOWN,-2.3898396883476494,2,UP,0.0273748233920507,False
Apbb1,3,DOWN,-2.499101722987795,2,UP,0.2386121149745081,False
Fam13c,3,DOWN,-2.555185706535465,2,UP,0.0428092730211264,False
Panx2,3,DOWN,-2.5660337012251637,2,UP,-0.040252289168071,False
Actl6b,3,DOWN,-2.966551695657737,2,UP,0.244870353918246,False
Mycl,3,DOWN,-3.210047559884097,2,UP,0.3126673309510189,False
L1cam,3,DOWN,-3.380326396087358,2,UP,-0.6590642835183662,False
Tmem150c,3,DOWN,-3.497552083792563,2,UP,-0.0658866716859705,False
Hif3a,2,DOWN,-3.390229057751386,9,UP,0.8990094968985244,False
Tmem47,2,UP,-1.9597367084949815,7,DOWN,-0.3527687699904739,False
Eif4g2,2,UP,0.056712774339991,6,DOWN,-0.0617806099733843,False
Klf15,2,DOWN,-0.810610128815326,6,UP,0.3696180465096692,False
Rap1b,2,DOWN,-0.8359644055360831,6,UP,0.4718863794350271,False
Pom121,2,DOWN,-0.8838291009363495,6,UP,0.1256597474684767,False
Rps9,2,DOWN,-0.9655154045830208,6,UP,0.3308949533586159,False
Osbpl8,2,UP,1.5020497397034795,5,DOWN,-0.1939702145939348,False
Hif1a,2,UP,1.3746908458707692,5,DOWN,-0.1755350895193818,False
Swt1,2,UP,1.007601284578591,5,DOWN,-0.2144478735970814,False
Lamp2,2,UP,0.966234108278596,5,DOWN,-0.2159072164661281,False
Atl2,2,UP,0.6858905468628446,5,DOWN,-0.2092767932734395,False
Ptch1,2,UP,0.6192556847736768,5,DOWN,-0.1871974307231717,False
Cpeb2,2,UP,0.5555891556000435,5,DOWN,-0.2326661852044656,False
Ptges3,2,UP,-0.1233880364337974,5,DOWN,0.0392121313855307,False
Zfyve9,2,DOWN,-0.5376669340061291,5,UP,1.087397502196747,False
Shc3,2,DOWN,-0.6416696818056122,5,UP,0.2593218793468334,False
Glrx5,2,DOWN,-0.7750824754042455,5,UP,1.082822738851617,False
Foxk1,2,DOWN,-1.188504603042444,5,UP,0.1161220367404115,False
Hras,2,DOWN,-1.50915738074409,5,UP,0.8743098337772472,False
Acvr1c,2,DOWN,-1.5825951795014008,5,UP,4.227609112788498,False
Lhfpl3,2,UP,-1.907613803865876,5,DOWN,-0.2214347311805305,False
Trib2,2,UP,-2.730758434764024,5,DOWN,-0.3301118905388532,False
Wnk2,2,DOWN,-2.938456470760803,5,UP,0.1770309595652132,False
Ptchd1,2,UP,2.9764514457456848,4,DOWN,-0.3279949089114845,False
Slc7a11,2,UP,2.0514550010265515,4,DOWN,-0.2554326932764169,False
Erbin,2,UP,1.2128733937003,4,DOWN,-0.3210460854662084,False
Mybl1,2,UP,1.1757961824881011,4,DOWN,-0.2389419235714944,False
Crem,2,UP,1.0542874789108103,4,DOWN,-0.377041299798125,False
Megf10,2,UP,0.7471800548813992,4,DOWN,-0.160690792745056,False
Ahsa2,2,UP,0.6868073763875022,4,DOWN,-0.2304825824111738,False
Gna13,2,UP,0.6712884879266434,4,DOWN,-0.2619666198234379,False
Asah1,2,UP,0.4564979409663683,4,DOWN,-0.1268194816701993,False
Fgd4,2,UP,0.295164830473568,4,DOWN,-0.1756769002386045,False
Zdhhc13,2,UP,0.1900374261506227,4,DOWN,-0.2596846171536098,False
Manea,2,UP,0.1732712178904519,4,DOWN,-0.2230802540075116,False
Senp7,2,UP,0.1160988326396854,4,DOWN,-0.2855505778571983,False
Kdm6a,2,UP,-0.1722451456792473,4,DOWN,-0.2487167533396418,False
Klhl28,2,UP,-0.1761090948292759,4,DOWN,-0.2321635110198955,False
Dek,2,UP,-0.2007646354815683,4,DOWN,-0.1026547641130407,False
Frmd4b,2,UP,-0.2751970471167528,4,DOWN,-0.1453928135155137,False
Rapgef2,2,DOWN,-0.3325875452081321,4,UP,0.0398452698665421,False
Hivep3,2,DOWN,-0.3684954365301331,4,UP,0.1929519100309022,False
Iqsec1,2,DOWN,-0.41661439182813,4,UP,0.1297029436441194,False
Kctd3,2,DOWN,-0.4174236291358024,4,UP,0.8437859274018078,False
Klf13,2,DOWN,-0.4381445832209554,4,UP,0.3464443787730777,False
Grk2,2,DOWN,-0.5287072034559701,4,UP,0.2218388901318557,False
Ankrd34a,2,DOWN,-0.5288387716397347,4,UP,-0.0624033727871869,False
Bet1,2,DOWN,-0.5651900781311325,4,UP,-0.0121304803890251,False
Ube2n,2,DOWN,-0.5975052348975921,4,UP,0.0774106530300966,False
R3hdm4,2,DOWN,-0.6539840042774867,4,UP,0.2639863416171867,False
Brwd3,2,DOWN,-0.7557599226728557,4,UP,8.122480546002343,False
Dst,2,DOWN,-0.81972955858458,4,UP,0.4182043365897236,False
Wdr6,2,DOWN,-0.8352945886336648,4,UP,0.1731421489501052,False
Anapc13,2,DOWN,-0.9065847425111908,4,UP,0.6649630602444567,False
Abhd17c,2,DOWN,-0.9100812316885591,4,UP,0.0745680943783089,False
Rab24,2,DOWN,-0.9634643818036936,4,UP,1.3203934698705773,False
Prkaca,2,DOWN,-0.9896964285119074,4,UP,0.9564396981855304,False
Grcc10,2,DOWN,-1.05007660651659,4,UP,0.2478300681373149,False
Pan3,2,DOWN,-1.098470111308814,4,UP,2.07233035922252,False
Rpl27a,2,DOWN,-1.1156031381846905,4,UP,0.2948510116132048,False
Hipk2,2,DOWN,-1.1668859759549497,4,UP,0.3011992831549741,False
Pnrc1,2,DOWN,-1.3472576950843196,4,UP,0.5979877944169825,False
Pafah1b3,2,DOWN,-1.663152740897258,4,UP,0.3930116509616767,False
Flrt1,2,DOWN,-2.052823684718143,4,UP,-0.0357576611647739,False
Mt3,2,DOWN,-2.1802030689529888,4,UP,0.6782644636334654,False
Frat1,2,DOWN,-2.2938484665628947,4,UP,0.1329310800096102,False
Bex2,2,DOWN,-2.8832187035586903,4,UP,0.4282926555276507,False
Kif5a,2,DOWN,-4.099667083126713,4,UP,0.1811282332466489,False
Tmem184c,2,UP,1.910053709669378,3,DOWN,-0.2632633778544429,False
Parp14,2,UP,1.536356180939081,3,DOWN,-0.1733162117795433,False
Gbp9,2,UP,1.52554472165099,3,DOWN,-0.2091525014348682,False
Trim34a,2,UP,1.1602468907176005,3,DOWN,-0.2917777025263816,False
Wee1,2,UP,1.11023697298998,3,DOWN,0.0256552969124389,False
Usp53,2,UP,1.0834314348916356,3,DOWN,-0.1227933321886056,False
Prag1,2,UP,1.081528314644605,3,DOWN,-0.3049820979125413,False
Atp6ap2,2,UP,1.019186797952491,3,DOWN,-0.3054488306187761,False
Calr,2,UP,1.003353141762542,3,DOWN,-0.6953027228370772,False
Stat1,2,UP,0.9381993829863592,3,DOWN,-0.3660040385827499,False
Notch2,2,UP,0.8880343946150239,3,DOWN,-2.7151431197714686,False
Adgre1,2,UP,0.8613573175920597,3,DOWN,-0.1442252937861044,False
Tlr7,2,UP,0.8325601962679321,3,DOWN,-0.1184883234088253,False
Mob1a,2,UP,0.7851341084970764,3,DOWN,-0.3617079920408828,False
Rnpep,2,UP,0.7521953435936128,3,DOWN,-0.0880578525446275,False
Zfyve16,2,UP,0.7402241581266864,3,DOWN,-0.311742668643157,False
Chordc1,2,UP,0.6185446789216339,3,DOWN,-0.3775952780392668,False
Trim36,2,UP,0.6149273627867284,3,DOWN,-0.1650988980206904,False
Hspa13,2,UP,0.4757207387798692,3,DOWN,-0.3032324150087077,False
Coa7,2,UP,0.3443873874400155,3,DOWN,-0.1434446590509892,False
Pitpnc1,2,UP,0.3066471123036094,3,DOWN,-0.2982537298135158,False
Dnm1l,2,UP,0.2302027258795826,3,DOWN,-0.2646399830528139,False
Smg1,2,UP,0.2171541152014258,3,DOWN,-0.1536925437592085,False
Vps35,2,UP,0.1403236171928489,3,DOWN,-0.2601100030202115,False
Tm9sf2,2,UP,0.1239840940596175,3,DOWN,-0.2300687711996778,False
Fli1,2,UP,0.0993863106196386,3,DOWN,-0.5027909981378961,False
Ogt,2,UP,0.0433389285825142,3,DOWN,-0.2341287990801182,False
Noct,2,UP,0.0082542164062464,3,DOWN,-0.0445815133710769,False
Bzw1,2,UP,-0.0074324697370637,3,DOWN,-0.0789062630037212,False
Fxr1,2,UP,-0.0520942497867761,3,DOWN,-0.2308950532110435,False
Aw549877,2,UP,-0.0602394737062029,3,DOWN,-0.4556977559304778,False
Capza1,2,UP,-0.1194000434980784,3,DOWN,-0.2990761765964694,False
Sypl,2,UP,-0.218678498298164,3,DOWN,-0.1169760879255334,False
Arl6ip6,2,UP,-0.2333491755101881,3,DOWN,-0.3275227880605112,False
Kif3b,2,DOWN,-0.3176493648324845,3,UP,0.6286985175370509,False
Ptprn2,2,DOWN,-0.3868940166372274,3,UP,0.1497557539127406,False
Snrnp200,2,DOWN,-0.4110060422567398,3,UP,0.2418284551465911,False
Wdr45b,2,DOWN,-0.4113284577259829,3,UP,0.0903841007499999,False
Wsb2,2,DOWN,-0.4667698541387012,3,UP,1.020851649194823,False
Tsn,2,DOWN,-0.5027945475796106,3,UP,0.2253451186018757,False
Cyrib,2,DOWN,-0.5175377055489445,3,UP,0.9662635266266644,False
Ccdc85b,2,DOWN,-0.6027224148425657,3,UP,0.3201777586022128,False
Cacna1i,2,DOWN,-0.6149563265186195,3,UP,0.0759622424775917,False
Hmox2,2,DOWN,-0.6222925600416815,3,UP,0.2746793626663254,False
Bad,2,DOWN,-0.6280270007484461,3,UP,0.255031064513786,False
Zfp322a,2,DOWN,-0.6722061517628788,3,UP,0.131309960607755,False
Tpst2,2,DOWN,-0.6797594653045484,3,UP,0.2920708477879107,False
Cacna1d,2,DOWN,-0.8187135405037562,3,UP,11.291666481571283,False
Smc3,2,DOWN,-0.8258661119373907,3,UP,0.2325711346082244,False
Ntpcr,2,DOWN,-0.8375496648900894,3,UP,0.270671548193944,False
Pold4,2,DOWN,-0.863725349513542,3,UP,0.3697860878196666,False
Gse1,2,DOWN,-0.8727505367323437,3,UP,0.0663113969261315,False
Bptf,2,DOWN,-0.8761128048920401,3,UP,0.2315867815176158,False
Hirip3,2,DOWN,-0.9051381193135162,3,UP,0.3222719606493243,False
Rplp1,2,DOWN,-0.9300983650931356,3,UP,0.2581637505411294,False
Pcdhga3,2,DOWN,-0.9601012530760342,3,UP,0.0570246887266715,False
Tbc1d5,2,DOWN,-0.9676403308022314,3,UP,0.1003496764379785,False
Tmsb10,2,DOWN,-0.9866988386737554,3,UP,0.6743259897740698,False
Nudt16l1,2,DOWN,-0.9979428783963876,3,UP,0.3318173082098594,False
Habp4,2,DOWN,-0.998827719541634,3,UP,2.109726741520138,False
Oard1,2,DOWN,-0.9996977299306762,3,UP,0.343049448521724,False
Snf8,2,DOWN,-1.0477117100394897,3,UP,0.2781701574529592,False
Slc7a5,2,DOWN,-1.0576694070996149,3,UP,0.1034542286025938,False
Rpl18a,2,DOWN,-1.086741406678718,3,UP,0.2786168777962572,False
Usf2,2,DOWN,-1.2193066631687035,3,UP,0.2363750602534321,False
Anp32a,2,DOWN,-1.2644069227251578,3,UP,0.3395295726147564,False
Snhg8,2,DOWN,-1.2898884207973995,3,UP,0.659691477462396,False
Cirbp,2,DOWN,-1.3352859982740342,3,UP,0.6717802780296953,False
Sorbs1,2,DOWN,-1.4575506056808512,3,UP,0.3213707211938591,False
Mpnd,2,DOWN,-1.5788594883065723,3,UP,0.3133286304504252,False
Ppm1b,2,DOWN,-1.7778703142606227,3,UP,0.8853418102943077,False
Matk,2,DOWN,-1.9480254638929344,3,UP,0.4053505017444452,False
Dixdc1,2,DOWN,-2.2855570451398464,3,UP,0.2660621480870741,False
Ypel2,2,UP,-2.5457207027652182,3,DOWN,-0.3069857806405198,False
Dtx1,2,DOWN,-2.986108939398452,3,UP,1.5165089899145352,False
Dock6,2,UP,2.347475880258064,2,DOWN,-1.4543129608942564,False
Fgd6,2,UP,2.176241341384026,2,DOWN,-0.3278440645197253,False
Rnf128,2,UP,1.6653657087419562,2,DOWN,-0.2210058501916185,False
Nr4a2,2,UP,1.5876082031056076,2,DOWN,-0.507812180564873,False
Soat1,2,UP,1.4420910782692549,2,DOWN,-0.3493943491530932,False
Fastkd2,2,UP,1.3852514733117012,2,DOWN,-0.328430791932489,False
Sdf2l1,2,UP,1.2063657273025974,2,DOWN,-0.2359620793187145,False
Cacul1,2,UP,1.2034917218197632,2,DOWN,-0.2783590900882386,False
Scd2,2,UP,1.1880831735383284,2,DOWN,-0.2388295327476661,False
Steap3,2,UP,1.1583320737029417,2,DOWN,-0.4066518833415432,False
Filip1l,2,UP,1.040516264429296,2,DOWN,-0.4639932433466222,False
Fbxo33,2,UP,1.0016776994361294,2,DOWN,-0.2658306091965446,False
Sox18,2,UP,0.985850564050391,2,DOWN,-0.4722204958182122,False
Cdyl,2,UP,0.9585989091810778,2,DOWN,-0.256026734302333,False
Atad2,2,UP,0.9363911601382888,2,DOWN,-4.889353103933988,False
Plekha1,2,UP,0.8810645000042794,2,DOWN,-0.3311158953999999,False
Traf6,2,UP,0.8585356868750338,2,DOWN,-0.283191122693795,False
Hsp90b1,2,UP,0.8511470863434571,2,DOWN,-0.3126484232619638,False
Lrch3,2,UP,0.8288882637966257,2,DOWN,-0.2722641073192025,False
Trim62,2,UP,0.8120968408545153,2,DOWN,-0.2773854768628653,False
Katna1,2,UP,0.7948568383787014,2,DOWN,-0.3330020007756071,False
Tmem214,2,UP,0.7451342938783179,2,DOWN,-0.2057568035897806,False
Impact,2,UP,0.7337392855597673,2,DOWN,-0.2917138629867523,False
Bend4,2,UP,0.655901076052845,2,DOWN,-1.4875205065738124,False
Ankrd50,2,UP,0.6220344109106204,2,DOWN,-0.2362841566093403,False
Ppp2r1b,2,UP,0.5991618264479763,2,DOWN,-0.3635492862232073,False
Arntl,2,UP,0.5884419132234653,2,DOWN,-0.4429382079506664,False
Rcor1,2,UP,0.5337896434129323,2,DOWN,-0.3505478655931536,False
Sec24a,2,UP,0.4852557535418116,2,DOWN,-0.3223680417218876,False
Pa2g4,2,UP,0.4341973048165112,2,DOWN,-0.294766608775,False
Rbm39,2,UP,0.4235183095050094,2,DOWN,-0.29749299855,False
Slc36a4,2,UP,0.2644468012581115,2,DOWN,-0.2113337979004786,False
Paip1,2,UP,0.2083780029384191,2,DOWN,-0.2693495661742889,False
Nfic,2,UP,0.1995401303523963,2,DOWN,-0.2970463490006608,False
St13,2,UP,0.1993513049728034,2,DOWN,-0.2415862293617688,False
Hdac9,2,UP,0.1732918867069061,2,DOWN,-0.3124116601431911,False
Mcts1,2,UP,0.1024641194981476,2,DOWN,-0.3447073657752832,False
Shkbp1,2,UP,0.0990317316515129,2,DOWN,-0.3478990584369541,False
Dbpht2,2,UP,0.0866789878795977,2,DOWN,-0.3319399120513597,False
U2surp,2,UP,0.0714474345148685,2,DOWN,-0.2457773579577289,False
Bclaf1,2,UP,0.0013019546083693,2,DOWN,-0.2577584939173007,False
Pxk,2,UP,-0.015968243016384,2,DOWN,-0.2326932214823183,False
Atad1,2,UP,-0.0240585101195258,2,DOWN,-0.2491113303016607,False
Serinc1,2,UP,-0.1094025774172296,2,DOWN,-0.2856934753646962,False
Rnf6,2,UP,-0.1115636968042021,2,DOWN,-0.6932934042387866,False
Mlf2,2,DOWN,-0.2727236543114179,2,UP,0.2131052265553145,False
Ensa,2,DOWN,-0.348135390714348,2,UP,0.2131100804644255,False
Chsy1,2,UP,-0.3894792764281698,2,DOWN,-0.2827977283238492,False
Dnajc14,2,DOWN,-0.3935881085605199,2,UP,0.3374761448910182,False
Smarcc2,2,DOWN,-0.3968286326216237,2,UP,0.0138994753408115,False
Rexo1,2,DOWN,-0.4281816101416944,2,UP,-0.0719106966971433,False
Dctn1,2,DOWN,-0.4336656912180184,2,UP,-0.0404206312560212,False
Bin1,2,DOWN,-0.4343870507034295,2,UP,0.2636054939026872,False
Efna3,2,DOWN,-0.4380369058944842,2,UP,0.2658589868384955,False
Zkscan1,2,DOWN,-0.4527582486727661,2,UP,-0.0645172155123744,False
Mrfap1,2,DOWN,-0.4630414748221695,2,UP,0.3121133485308806,False
Cmip,2,DOWN,-0.4665494505118674,2,UP,0.2469026371840754,False
Tnks,2,DOWN,-0.4672701176067937,2,UP,0.0307986343274933,False
Fyn,2,DOWN,-0.467438106724205,2,UP,2.260464333866312,False
Atp5d,2,DOWN,-0.4782625470117234,2,UP,0.3209512332684309,False
Eny2,2,DOWN,-0.4830362882775691,2,UP,-0.0502387436431311,False
Rabep1,2,DOWN,-0.4856932502197093,2,UP,-0.0272067879229488,False
Rai1,2,DOWN,-0.4864351931310802,2,UP,-0.1170705536307303,False
Zmiz2,2,DOWN,-0.4869099972436563,2,UP,-0.0370155768119254,False
Lgi2,2,DOWN,-0.4995763366524688,2,UP,6.013491260940841,False
Hk1,2,DOWN,-0.5138825747407232,2,UP,-0.0169259994242937,False
Pum1,2,DOWN,-0.5179110082156759,2,UP,-0.0268810125686196,False
Myl12b,2,DOWN,-0.5363417361495671,2,UP,0.4100012300068966,False
Fbxo31,2,DOWN,-0.5580751788516425,2,UP,-0.0166464912432294,False
Tmem38a,2,DOWN,-0.56505722978223,2,UP,0.2299302745111752,False
Nsmce3,2,DOWN,-0.5672791902197689,2,UP,0.4802226803754125,False
1110059g10rik,2,DOWN,-0.5800695196734676,2,UP,0.016732623088548,False
Smim10l2a,2,DOWN,-0.5849480919564254,2,UP,0.2787430511237928,False
Sv2c,2,DOWN,-0.5875200779399217,2,UP,0.1284598713130827,False
Map2k6,2,DOWN,-0.5879985496293623,2,UP,0.3544316380262547,False
Tmtc1,2,DOWN,-0.5892236392039498,2,UP,0.0123743563692358,False
Kifc2,2,DOWN,-0.6030907855833076,2,UP,0.2509189108728907,False
Myrip,2,DOWN,-0.6160679364185446,2,UP,0.3767236721782961,False
Tmem50a,2,DOWN,-0.6369219951906346,2,UP,0.3165472848828282,False
Dcp2,2,DOWN,-0.6515181520173328,2,UP,0.0370814309642261,False
Serf2,2,DOWN,-0.6520428913662897,2,UP,0.4682070385103509,False
Blvrb,2,DOWN,-0.6775083448275808,2,UP,0.4388589079508036,False
Otud7a,2,DOWN,-0.6807006294825833,2,UP,0.0409929860201957,False
Rnf5,2,DOWN,-0.6914698035323227,2,UP,0.3305348443169983,False
Scoc,2,DOWN,-0.6941159239311923,2,UP,-0.1123731136529141,False
Kifap3,2,DOWN,-0.7005050302489249,2,UP,0.0515717377067616,False
Hcfc1r1,2,DOWN,-0.7007443770643196,2,UP,0.3095456063428935,False
Acot11,2,DOWN,-0.7188836746733243,2,UP,-0.0239071056784693,False
Sema6b,2,DOWN,-0.7420906851458691,2,UP,-0.0525813333535293,False
Usp29,2,DOWN,-0.7489028547305141,2,UP,0.0246846699876573,False
Nalcn,2,DOWN,-0.7506286353990053,2,UP,0.0354521386380854,False
Hdgf,2,DOWN,-0.7641964024492062,2,UP,0.2247399773738961,False
Brk1,2,DOWN,-0.7822923344865783,2,UP,0.3957063260024991,False
Nme3,2,DOWN,-0.7901718667485205,2,UP,0.6075313163686773,False
Dnajc9,2,DOWN,-0.8050977042748033,2,UP,0.448896398621544,False
Pcdhga9,2,DOWN,-0.8338689808780879,2,UP,0.0883237067694358,False
Paip2,2,DOWN,-0.8993364662181204,2,UP,0.5851969987250001,False
Mllt1,2,DOWN,-0.9133566006681696,2,UP,0.8153592561727075,False
Trim8,2,DOWN,-0.9336479225625888,2,UP,0.591802502885215,False
Slco1a4,2,DOWN,-0.9376122739046336,2,UP,-0.0612586016651299,False
Eef2k,2,DOWN,-0.978750960882086,2,UP,0.310740090859361,False
Lfng,2,DOWN,-1.0067156206997012,2,UP,-0.1501419832964335,False
Gopc,2,DOWN,-1.0111625194083125,2,UP,0.424946841825,False
Oaz2,2,DOWN,-1.0235146304192675,2,UP,0.4440618098980878,False
Hmgb1,2,DOWN,-1.0298813373918765,2,UP,0.2832461821772779,False
4833439l19rik,2,DOWN,-1.0304218186373162,2,UP,0.0706566151123426,False
Sart1,2,DOWN,-1.043946975050304,2,UP,0.4409994784588428,False
Polr3gl,2,DOWN,-1.054182074745802,2,UP,0.2225358160898336,False
Rab3a,2,DOWN,-1.0601629709013367,2,UP,-0.1012522406150449,False
Limd2,2,DOWN,-1.0839340162468427,2,UP,0.3155749497984587,False
Adnp,2,DOWN,-1.0970799586171132,2,UP,0.1249514992120577,False
Grb2,2,DOWN,-1.1038244549382743,2,UP,0.6543567803519524,False
Pabpn1,2,DOWN,-1.1066838298402462,2,UP,0.8593008546547318,False
Rps20,2,DOWN,-1.1120206005925508,2,UP,0.2478124738747883,False
Cbx1,2,DOWN,-1.1151475210243744,2,UP,0.2362304632394808,False
Mgat4a,2,DOWN,-1.1182210276848292,2,UP,-0.0217841319031088,False
H2-ke6,2,DOWN,-1.1490921569569892,2,UP,0.2576541518201161,False
Fn3krp,2,DOWN,-1.1563769460307896,2,UP,0.3098444752469167,False
Stk24,2,DOWN,-1.1563983212477271,2,UP,-0.0430264652985491,False
A830036e02rik,2,DOWN,-1.1634831535922388,2,UP,0.3691736571955124,False
B3galt5,2,DOWN,-1.18969844944161,2,UP,0.2454737552613612,False
Dnttip1,2,DOWN,-1.2166341437825383,2,UP,0.4702681162147164,False
Pbx2,2,DOWN,-1.2175634184536832,2,UP,0.2556986871558553,False
Dynll2,2,DOWN,-1.2266020312181545,2,UP,0.5787799819697637,False
Srrd,2,DOWN,-1.276890960757021,2,UP,0.2590769078321486,False
Rasgrf2,2,DOWN,-1.3129201165780424,2,UP,0.2394897968987815,False
Nsmce4a,2,DOWN,-1.3476653455704266,2,UP,3.0593483060661826,False
Scn1b,2,DOWN,-1.3528885576494551,2,UP,0.3468429345035511,False
Khk,2,DOWN,-1.3609056122992045,2,UP,0.5379439803743911,False
Apc,2,DOWN,-1.4529865193418896,2,UP,0.0564761849785935,False
Ptp4a3,2,DOWN,-1.4989847620872871,2,UP,0.3337019699314589,False
Rac3,2,DOWN,-1.6865853332017124,2,UP,0.7030465838497401,False
Lefty1,2,DOWN,-1.7078962096869938,2,UP,0.5028889992137064,False
Pkig,2,DOWN,-1.7271532398926532,2,UP,0.3807456872249994,False
Cst3,2,DOWN,-1.7859155725608056,2,UP,0.2636672767037558,False
Crebrf,2,UP,-1.9095374439663928,2,DOWN,-0.3088257297377474,False
Gpr162,2,DOWN,-1.9255350486167804,2,UP,-0.0859537408072976,False
Cib2,2,DOWN,-1.9893819791148388,2,UP,0.2363785668282012,False
F11r,2,DOWN,-2.0490958108014627,2,UP,9.888863559913142,False
Scd1,2,UP,-2.057760715756844,2,DOWN,-0.2249102101609582,False
Kif1a,2,DOWN,-2.0989779594839417,2,UP,0.2638368605524498,False
Hlf,2,UP,-2.183223037713,2,DOWN,-0.3658038121919056,False
Klk8,2,DOWN,-2.261415049148142,2,UP,0.3787468140202809,False
Hdac11,2,DOWN,-2.400635609659854,2,UP,-0.0180381733733505,False
Ppp1r1a,2,DOWN,-2.451856217705348,2,UP,0.4500110648467895,False
Lrfn1,2,DOWN,-2.523360021907716,2,UP,-0.0612129053945735,False
Podxl2,2,DOWN,-2.6504030028271384,2,UP,0.2697709057417968,False
Ttc9b,2,DOWN,-2.652268252300175,2,UP,0.2887073858009457,False
Paqr8,2,DOWN,-2.6828009378001334,2,UP,-0.0036026098977605,False
Map6,2,DOWN,-2.7217825877256137,2,UP,-0.099930420736365,False
Ly6h,2,DOWN,-2.724812167800979,2,UP,0.3136187245280468,False
Fjx1,2,DOWN,-2.804132805724882,2,UP,-0.0986494836142472,False
Mfsd2a,2,DOWN,-2.8428209883417104,2,UP,0.5213546555047485,False
Ypel3,2,DOWN,-3.037031480053547,2,UP,0.4688117903866616,False
Syp,2,DOWN,-3.0774639581178738,2,UP,0.4520012416277548,False
Dzank1,2,DOWN,-3.110587056208955,2,UP,0.0427014692893089,False
Diras1,2,DOWN,-3.2184441756087008,2,UP,0.2458162619073067,False
Kcng2,2,DOWN,-3.2212968959652284,2,UP,0.489160166232269,False
Zfp652os,2,DOWN,-3.2380898167742176,2,UP,0.6388427299694295,False
Crtac1,2,DOWN,-3.244636971974392,2,UP,0.2382461067138821,False
Gng3,2,DOWN,-3.2940226892044717,2,UP,0.2536661812164202,False
Ptprf,2,DOWN,-3.3175330046214384,2,UP,-0.0464919907346706,False
Adam11,2,DOWN,-3.363920193297092,2,UP,0.2365540789342284,False
Stmn3,2,DOWN,-3.532443424099144,2,UP,0.3200132445181691,False
Tagln3,2,DOWN,-3.5575826503166126,2,UP,0.4700555222017921,False
Tmem151b,2,DOWN,-3.6036702054624494,2,UP,0.0021375172999804,False
Reep2,2,DOWN,-3.660627359991175,2,UP,0.2507906746742103,False
Lrba,2,DOWN,-3.704354463714828,2,UP,0.2166839058732974,False
Macrod1,2,DOWN,-3.7141691536672576,2,UP,0.507552044805721,False
Hs3st2,2,DOWN,-4.376030882724726,2,UP,1.2730620319304284,False
Fxyd1,2,DOWN,-4.399832715694609,2,UP,0.5300359875128102,False
Gck,2,DOWN,-4.514872901325845,2,UP,0.6422760635868274,False
Slc1a2,2,DOWN,-4.604603212461576,2,UP,0.0534918880945229,False
Plvap,2,DOWN,-4.979794320227911,2,UP,0.4235963036115716,False
Nsg2,2,DOWN,-5.3043954428050615,2,UP,0.3326301823905176,False
