comparison,SYMBOL,ENTREZID,ENSEMBL,GENENAME,logFC,AveExpr,t,P.Value,adj.P.Val,B,direction,significant
WT_6h_ipsilateral_vs_contralateral,Ttr,22139,ENSMUSG00000061808,transthyretin,-6.686877182796282,11.494905163996433,-50.75559618085603,1.1542829703188085e-11,2.571165316385146e-7,13.514160692027843,Down,TRUE
WT_6h_ipsilateral_vs_contralateral,Atf3,11910,ENSMUSG00000026628,activating transcription factor 3,6.992079280837092,8.171478640092142,29.2884203461711,1.3924113961781307e-9,1.550798192493393e-5,11.374627599842817,Up,TRUE
WT_6h_ipsilateral_vs_contralateral,Arc,11838,ENSMUSG00000022602,activity regulated cytoskeletal-associated protein,2.9927588711513238,9.560444256315975,23.519264436503434,6.643506797063774e-9,3.614713933791971e-5,10.460193657711649,Up,TRUE
WT_6h_ipsilateral_vs_contralateral,Ccl9,20308,ENSMUSG00000019122,C-C motif chemokine ligand 9,4.292239483588398,7.432339437865677,23.079003888859752,7.757843190025163e-9,3.614713933791971e-5,10.352900001425716,Up,TRUE
WT_6h_ipsilateral_vs_contralateral,Ccn1,16007,ENSMUSG00000028195,cellular communication network factor 1,4.544312545757293,8.874085700426669,22.87299545373619,8.34993040270595e-9,3.614713933791971e-5,10.301480499768754,Up,TRUE
WT_6h_ipsilateral_vs_contralateral,Ier2,15936,ENSMUSG00000053560,immediate early response 2,3.2753785889537754,8.960492576486363,22.448404238910346,9.736603188665242e-9,3.614713933791971e-5,10.19297906152579,Up,TRUE
WT_6h_ipsilateral_vs_contralateral,Socs3,12702,ENSMUSG00000053113,suppressor of cytokine signaling 3,3.5530849965663984,7.736230735602759,21.438340196775005,1.4196915880255893e-8,4.3669453910130475e-5,9.920482539396453,Up,TRUE
WT_6h_ipsilateral_vs_contralateral,Zfp36,22695,ENSMUSG00000044786,zinc finger protein 36,3.4064632093154987,7.910037911285274,21.179018696065597,1.5683754490731484e-8,4.3669453910130475e-5,9.84707663003832,Up,TRUE
WT_6h_ipsilateral_vs_contralateral,Npas4,225872,ENSMUSG00000045903,neuronal PAS domain protein 4,4.388194270599803,8.125919997639706,20.547522065247723,2.0089375360209495e-8,4.97212040165185e-5,9.662063458450369,Up,TRUE
WT_6h_ipsilateral_vs_contralateral,Spp1,20750,ENSMUSG00000029304,secreted phosphoprotein 1,3.141751287895385,8.032697666322637,19.727025783863994,2.802374712300811e-8,6.242289671650057e-5,9.40766917601438,Up,TRUE
WT_6h_ipsilateral_vs_contralateral,Hspa1a,193740,ENSMUSG00000091971,heat shock protein 1A,4.601522211234002,9.94371695446593,22.03170444212739,3.4668652590011e-8,7.020402149477228e-5,9.062681243662915,Up,TRUE
WT_6h_ipsilateral_vs_contralateral,Gadd45b,17873,ENSMUSG00000015312,growth arrest and DNA-damage-inducible 45 beta,2.981976258374333,8.894291619587888,18.338822508678447,5.0793825540970256e-8,8.165230732504326e-5,8.937626875399895,Up,TRUE
WT_6h_ipsilateral_vs_contralateral,Cd14,12475,ENSMUSG00000051439,CD14 antigen,3.9713327895043378,7.280728268809725,18.258471862783722,5.2641554472590544e-8,8.165230732504326e-5,8.908773473460538,Up,TRUE
WT_6h_ipsilateral_vs_contralateral,Neat1,66961,ENSMUSG00000092274,nuclear paraspeckle assembly transcript 1 (non-protein coding),2.662966118628308,9.548082645828785,18.22241098358615,5.34951279177053e-8,8.165230732504326e-5,8.89576258902985,Up,TRUE
WT_6h_ipsilateral_vs_contralateral,Hspa1b,15511,ENSMUSG00000090877,heat shock protein 1B,4.714279433311773,10.211914163128984,21.954883710423804,5.4984718737402864e-8,8.165230732504326e-5,8.64820012236323,Up,TRUE
WT_6h_ipsilateral_vs_contralateral,Grin2a,14811,ENSMUSG00000059003,"glutamate receptor, ionotropic, NMDA2A (epsilon 1)",-2.000816111198331,10.613105245843325,-17.201147132966682,8.547357671918292e-8,1.1899524508873747e-4,8.510779900109592,Down,TRUE
WT_6h_ipsilateral_vs_contralateral,Chac1,69065,ENSMUSG00000027313,"ChaC, cation transport regulator 1",2.7646187198307413,7.8160737672354745,16.656791687070456,1.1093242993061592e-7,1.3799639023579944e-4,8.291783812163672,Up,TRUE
WT_6h_ipsilateral_vs_contralateral,Nfil3,18030,ENSMUSG00000056749,"nuclear factor, interleukin 3, regulated",2.2732745052782883,8.853944630734048,16.64607566114046,1.1151223453397935e-7,1.3799639023579944e-4,8.287370912812834,Up,TRUE
WT_6h_ipsilateral_vs_contralateral,Cebpd,12609,ENSMUSG00000071637,CCAAT/enhancer binding protein delta,2.6004601612102247,8.861774247982794,16.404395308116683,1.2553150834652574e-7,1.4716917623257164e-4,8.18677139309843,Up,TRUE
WT_6h_ipsilateral_vs_contralateral,Gadd45g,23882,ENSMUSG00000021453,growth arrest and DNA-damage-inducible 45 gamma,2.5793303651232478,9.802354899369146,15.924631352231417,1.5959003791993436e-7,1.7452096855852936e-4,7.9808044888497935,Up,TRUE
WT_6h_ipsilateral_vs_contralateral,Ccl4,20303,ENSMUSG00000018930,C-C motif chemokine ligand 4,8.388166659120419,4.967995014164021,16.54422175361378,1.6453155284979197e-7,1.7452096855852936e-4,7.935612480748857,Up,TRUE
WT_6h_ipsilateral_vs_contralateral,Egr1,13653,ENSMUSG00000038418,early growth response 1,2.3973320563795415,10.52065314263536,15.713053544889323,1.7779781357300953e-7,1.771305539115611e-4,7.887231440179431,Up,TRUE
WT_6h_ipsilateral_vs_contralateral,Jun,16476,ENSMUSG00000052684,jun proto-oncogene,1.7952746619657152,11.515127959648016,15.622969566160299,1.8624504407650853e-7,1.771305539115611e-4,7.846866366648518,Up,TRUE
WT_6h_ipsilateral_vs_contralateral,Hmox1,15368,ENSMUSG00000005413,heme oxygenase 1,2.798673326592425,8.499311132366625,15.575784980247803,1.9084773485420724e-7,1.771305539115611e-4,7.825597163785529,Up,TRUE
WT_6h_ipsilateral_vs_contralateral,Lrrc32,434215,ENSMUSG00000090958,leucine rich repeat containing 32,2.4300598819752404,8.372236865239422,15.413766059157508,2.076460083997567e-7,1.8501259348418324e-4,7.751894448770363,Up,TRUE
WT_6h_ipsilateral_vs_contralateral,Grin2b,14812,ENSMUSG00000030209,"glutamate receptor, ionotropic, NMDA2B (epsilon 2)",-2.2174593700214498,12.866307507360673,-15.143540977527241,2.394640493843872e-7,2.0372803255032558e-4,7.626616673435921,Down,TRUE
WT_6h_ipsilateral_vs_contralateral,Sik1,17691,ENSMUSG00000024042,salt inducible kinase 1,1.9402127351234881,9.330361886267292,15.08342514704271,2.472608955251371e-7,2.0372803255032558e-4,7.598339192551887,Up,TRUE
WT_6h_ipsilateral_vs_contralateral,Map3k14,53859,ENSMUSG00000020941,mitogen-activated protein kinase kinase kinase 14,2.6048104655275965,7.528185568794591,15.017860597482144,2.5608910937863597e-7,2.0372803255032558e-4,7.567327061016471,Up,TRUE
WT_6h_ipsilateral_vs_contralateral,Maff,17133,ENSMUSG00000042622,"v-maf musculoaponeurotic fibrosarcoma oncogene family, protein F (avian)",4.850757437454881,7.193904940617577,15.673461154398531,2.8750869370602915e-7,2.2083641904488963e-4,7.450546366983749,Up,TRUE
WT_6h_ipsilateral_vs_contralateral,Il4ra,16190,ENSMUSG00000030748,"interleukin 4 receptor, alpha",2.4276123117375352,7.967472453484618,14.59583680260856,3.2208782623777554e-7,2.3915021098154833e-4,7.363329966565432,Up,TRUE
WT_6h_ipsilateral_vs_contralateral,Slc8a1,20541,ENSMUSG00000054640,"solute carrier family 8 (sodium/calcium exchanger), member 1",-1.6677852533157882,12.554018934581155,-14.289028114533172,3.8200656423736753e-7,2.744902005931407e-4,7.210115931132975,Down,TRUE
WT_6h_ipsilateral_vs_contralateral,Ntrk3,18213,ENSMUSG00000059146,"neurotrophic tyrosine kinase, receptor, type 3",-1.7238587252060267,11.551686278456357,-14.138479161228682,4.1588401170955223e-7,2.8949426127594614e-4,7.13336985408943,Down,TRUE
WT_6h_ipsilateral_vs_contralateral,Ppp1r15a,17872,ENSMUSG00000040435,"protein phosphatase 1, regulatory subunit 15A",2.137161716905842,10.08805019239433,14.024587186445297,4.4374314316602655e-7,2.9952662163706793e-4,7.074610300147839,Up,TRUE
WT_6h_ipsilateral_vs_contralateral,Per1,18626,ENSMUSG00000020893,period circadian clock 1,1.5950721183792531,10.759920580754315,13.908093480461334,4.744107178518448e-7,3.1080878647499535e-4,7.013874796072205,Up,TRUE
WT_6h_ipsilateral_vs_contralateral,Lipg,16891,ENSMUSG00000053846,"lipase, endothelial",-2.5059435901369094,7.764880946308479,-13.851466533914866,4.901666096012851e-7,3.1195603511053216e-4,6.984117453490057,Down,TRUE
WT_6h_ipsilateral_vs_contralateral,Stk40,74178,ENSMUSG00000042608,serine/threonine kinase 40,2.0381140425225244,9.816742366987292,13.736171850640693,5.240830990212897e-7,3.2427641751942303e-4,6.9230513364055835,Up,TRUE
WT_6h_ipsilateral_vs_contralateral,Tppp3,67971,ENSMUSG00000014846,tubulin polymerization-promoting protein family member 3,1.8088044588400098,9.15951961387892,13.55184668027357,5.838817405975902e-7,3.464709681772654e-4,6.824068922295208,Up,TRUE
WT_6h_ipsilateral_vs_contralateral,Ier3,15937,ENSMUSG00000003541,immediate early response 3,3.8922194869383064,6.841277531065387,13.503337501915565,6.008582181860169e-7,3.464709681772654e-4,6.797738645978141,Up,TRUE
WT_6h_ipsilateral_vs_contralateral,Rgs16,19734,ENSMUSG00000026475,regulator of G-protein signaling 16,2.3971023108531275,7.8565737110066856,13.487231735511687,6.066158365393199e-7,3.464709681772654e-4,6.788970456603758,Up,TRUE
WT_6h_ipsilateral_vs_contralateral,Csrnp1,215418,ENSMUSG00000032515,cysteine-serine-rich nuclear protein 1,2.836878923560586,8.075629419448884,13.406251954087065,6.365135939569181e-7,3.544585076347588e-4,6.744685283853544,Up,TRUE
WT_6h_ipsilateral_vs_contralateral,Lmna,16905,ENSMUSG00000028063,lamin A,1.9172552243234051,10.625793401343248,13.357708867871201,6.552216689955437e-7,3.559771384603838e-4,6.717978787326656,Up,TRUE
WT_6h_ipsilateral_vs_contralateral,Plxna4,243743,ENSMUSG00000029765,plexin A4,-1.473602892032659,11.738983398768942,-13.122968838529014,7.547852292195618e-7,4.0030573763966045e-4,6.5871173236473375,Down,TRUE
WT_6h_ipsilateral_vs_contralateral,Ehd4,98878,ENSMUSG00000027293,EH-domain containing 4,1.9342168623753055,8.320738101606281,12.933417500111554,8.475629773925335e-7,4.3366574860246714e-4,6.479329704808972,Up,TRUE
WT_6h_ipsilateral_vs_contralateral,Kcna1,16485,ENSMUSG00000047976,"potassium voltage-gated channel, shaker-related subfamily, member 1",-1.748325752456731,9.422564268165676,-12.916157438835654,8.56623700943145e-7,4.3366574860246714e-4,6.469419097014061,Down,TRUE
WT_6h_ipsilateral_vs_contralateral,Wnt9a,216795,ENSMUSG00000000126,"wingless-type MMTV integration site family, member 9A",2.8412842543380554,6.923156389236045,12.734568341773764,9.587842688986026e-7,4.6869835927878384e-4,6.364167391692732,Up,TRUE
WT_6h_ipsilateral_vs_contralateral,Csf1,12977,ENSMUSG00000014599,colony stimulating factor 1 (macrophage),2.241250301302804,9.455290202756057,12.719412396039743,9.67906824997713e-7,4.6869835927878384e-4,6.35530074264889,Up,TRUE
WT_6h_ipsilateral_vs_contralateral,Bdkrb2,12062,ENSMUSG00000021070,"bradykinin receptor, beta 2",4.570515091640388,6.14572646749586,12.738338864098735,9.985926102588178e-7,4.7326915730883334e-4,6.327618973606976,Up,TRUE
WT_6h_ipsilateral_vs_contralateral,Akap12,83397,ENSMUSG00000038587,A kinase anchor protein 12,1.5993979300315786,10.767866057276363,12.619367343454654,1.0306090667415737e-6,4.7826702003476155e-4,6.296450487762389,Up,TRUE
WT_6h_ipsilateral_vs_contralateral,Otud1,71198,ENSMUSG00000043415,OTU domain containing 1,1.8183226621168096,8.533385400150324,12.528781960576655,1.0913073853779165e-6,4.93650953163972e-4,6.2426793796557245,Up,TRUE
WT_6h_ipsilateral_vs_contralateral,Amotl2,56332,ENSMUSG00000032531,angiomotin-like 2,1.9862799568744922,9.760009730569138,12.504734404254307,1.1080829476183435e-6,4.93650953163972e-4,6.228326650094946,Up,TRUE
WT_6h_ipsilateral_vs_contralateral,Slc15a3,65221,ENSMUSG00000024737,"solute carrier family 15, member 3",3.406884381559337,5.954898489436363,12.4482241647818,1.1486473534453685e-6,4.938330230904373e-4,6.194468549849216,Up,TRUE
WT_6h_ipsilateral_vs_contralateral,A930011G23Rik,319818,ENSMUSG00000089809,RIKEN cDNA A930011G23 gene,1.841869911679483,9.757047104133626,12.404121604452815,1.1814560494530669e-6,4.938330230904373e-4,6.1679170224274085,Up,TRUE
WT_6h_ipsilateral_vs_contralateral,Arl4d,80981,ENSMUSG00000034936,ADP-ribosylation factor-like 4D,2.1088252702138304,8.435748871761437,12.403723456654557,1.1817569563251442e-6,4.938330230904373e-4,6.167676810063268,Up,TRUE
WT_6h_ipsilateral_vs_contralateral,Folr1,14275,ENSMUSG00000001827,folate receptor alpha,-4.172296904469746,5.404519988032582,-12.38347801467593,1.1971709650677268e-6,4.938330230904373e-4,6.155450142990874,Down,TRUE
WT_6h_ipsilateral_vs_contralateral,C3ar1,12267,ENSMUSG00000040552,complement component 3a receptor 1,3.569746473560695,6.703085985918685,12.339858445287827,1.2311482573250186e-6,4.986150442166325e-4,6.129026492131979,Up,TRUE
WT_6h_ipsilateral_vs_contralateral,Sv2b,64176,ENSMUSG00000053025,synaptic vesicle glycoprotein 2b,-1.3047224470422947,12.589750845414517,-12.255995590693749,1.299534383117408e-6,5.169130068560762e-4,6.077912245257087,Down,TRUE
WT_6h_ipsilateral_vs_contralateral,Junb,16477,ENSMUSG00000052837,jun B proto-oncogene,2.303256326350155,9.751793477527828,12.264525393438536,1.480623913270193e-6,5.700458641396468e-4,5.961082583790363,Up,TRUE
WT_6h_ipsilateral_vs_contralateral,Itga5,16402,ENSMUSG00000000555,integrin alpha 5 (fibronectin receptor alpha),1.9591295855304045,8.306155572805583,12.051961188094626,1.48429450595284e-6,5.700458641396468e-4,5.951813312700679,Up,TRUE
WT_6h_ipsilateral_vs_contralateral,Adamts1,11504,ENSMUSG00000022893,ADAM metallopeptidase with thrombospondin type 1 motif 1,2.2920681973719823,9.469846109967015,12.086433707992317,1.5315328325740842e-6,5.782185397557242e-4,5.924928116240617,Up,TRUE
WT_6h_ipsilateral_vs_contralateral,Sbno2,216161,ENSMUSG00000035673,strawberry notch 2,1.5210593823341227,9.657847739666877,11.96630327827627,1.5704378578127536e-6,5.830250547129847e-4,5.898127063556554,Up,TRUE
WT_6h_ipsilateral_vs_contralateral,Tmbim1,69660,ENSMUSG00000006301,transmembrane BAX inhibitor motif containing 1,1.8500442800303594,8.510510461360838,11.775821541256837,1.7826879338689707e-6,6.509733397857594e-4,5.777124520069668,Up,TRUE
WT_6h_ipsilateral_vs_contralateral,Nfkbiz,80859,ENSMUSG00000035356,"nuclear factor of kappa light polypeptide gene enhancer in B cells inhibitor, zeta",2.3943293215073194,8.244766914755795,11.737352972666969,1.8293251338123853e-6,0.00065722931218823995,5.752412888279711,Up,TRUE
WT_6h_ipsilateral_vs_contralateral,Ppm1e,320472,ENSMUSG00000046442,protein phosphatase 1E (PP2C domain containing),-1.371882841593541,12.84747130214027,-11.651565765683914,1.9383025953127118e-6,6.853284176284231e-4,5.696967370212807,Down,TRUE
WT_6h_ipsilateral_vs_contralateral,Trib1,211770,ENSMUSG00000032501,tribbles pseudokinase 1,1.8630614967579824,8.972879946919264,11.597733821313405,2.010370172487604e-6,6.997030561275216e-4,5.661935421285415,Up,TRUE
WT_6h_ipsilateral_vs_contralateral,Angpt2,11601,ENSMUSG00000031465,angiopoietin 2,2.232585395570169,7.345504089128152,11.541846109354704,2.0883620808176154e-6,7.156656207724982e-4,5.625368472578435,Up,TRUE
WT_6h_ipsilateral_vs_contralateral,Nfatc2,18019,ENSMUSG00000027544,"nuclear factor of activated T cells, cytoplasmic, calcineurin dependent 2",2.6963453541635563,9.39541503102784,12.41763701698669,2.200552953349325e-6,7.426866217553972e-4,5.610451385184287,Up,TRUE
WT_6h_ipsilateral_vs_contralateral,C5ar1,12273,ENSMUSG00000049130,complement component 5a receptor 1,3.650695288407974,5.189158811386498,11.417315819444594,2.2745561307858222e-6,7.562050419888685e-4,5.543159066288798,Up,TRUE
WT_6h_ipsilateral_vs_contralateral,Cdr2,12585,ENSMUSG00000030878,cerebellar degeneration-related 2,2.3258005790203677,7.251889133577391,11.334006103342237,2.409418217339697e-6,7.89261629282967e-4,5.487592293487259,Up,TRUE
WT_6h_ipsilateral_vs_contralateral,B3gnt5,108105,ENSMUSG00000022686,"UDP-GlcNAc:betaGal beta-1,3-N-acetylglucosaminyltransferase 5",2.660173212072186,8.812914746558338,11.814603110066683,2.4690858596637107e-6,7.930471429405688e-4,5.487487596962579,Up,TRUE
WT_6h_ipsilateral_vs_contralateral,Arrdc3,105171,ENSMUSG00000074794,arrestin domain containing 3,1.809083518037033,10.608760480149883,11.255454535782722,2.5447752860797766e-6,7.930471429405688e-4,5.4347756346116824,Up,TRUE
WT_6h_ipsilateral_vs_contralateral,Plau,18792,ENSMUSG00000021822,"plasminogen activator, urokinase",3.098694061329706,6.224786030338448,11.253341399843505,2.548531662309324e-6,7.930471429405688e-4,5.433349079852084,Up,TRUE
WT_6h_ipsilateral_vs_contralateral,Gabrb1,14400,ENSMUSG00000029212,gamma-aminobutyric acid type A receptor subunit beta 1,-1.6507597624801154,10.890184255953352,-11.245019701702427,2.563384704454364e-6,7.930471429405688e-4,5.427728267403577,Down,TRUE
WT_6h_ipsilateral_vs_contralateral,Slc4a5,232156,ENSMUSG00000068323,"solute carrier family 4, sodium bicarbonate cotransporter, member 5",-4.251839765372159,4.7430400070343,-11.175690961700246,2.6909408127411553e-6,7.969724531947687e-4,5.380718776648754,Down,TRUE
WT_6h_ipsilateral_vs_contralateral,Tenm4,23966,ENSMUSG00000048078,teneurin transmembrane protein 4,-1.3853716161500262,10.943655610937505,-11.173552943943543,2.6949852505110447e-6,7.969724531947687e-4,5.379263872755656,Down,TRUE
WT_6h_ipsilateral_vs_contralateral,Sdc1,20969,ENSMUSG00000020592,syndecan 1,2.049541182159298,7.786921354168785,11.154735478555269,2.7308750983880153e-6,7.969724531947687e-4,5.366445300497906,Up,TRUE
WT_6h_ipsilateral_vs_contralateral,Slitrk3,386750,ENSMUSG00000048304,"SLIT and NTRK-like family, member 3",-1.6710262962814273,9.878576447475183,-11.14437507073828,2.7508619872671174e-6,7.969724531947687e-4,5.359377410841278,Down,TRUE
WT_6h_ipsilateral_vs_contralateral,Plk3,12795,ENSMUSG00000028680,polo like kinase 3,1.9046360016266837,8.209595850916362,11.142257822250071,2.7549665048708053e-6,7.969724531947687e-4,5.357932117066079,Up,TRUE
WT_6h_ipsilateral_vs_contralateral,Plin2,11520,ENSMUSG00000028494,perilipin 2,1.7596843114350005,8.143390348823115,11.109096100618022,2.8201517793078975e-6,8.053702677446593e-4,5.335254920059262,Up,TRUE
WT_6h_ipsilateral_vs_contralateral,Nr4a1,15370,ENSMUSG00000023034,"nuclear receptor subfamily 4, group A, member 1",2.8558854338242856,10.03920454590926,12.896993352806286,2.857798971315928e-6,8.057907858995228e-4,5.387331039714249,Up,TRUE
WT_6h_ipsilateral_vs_contralateral,Niban2,227737,ENSMUSG00000026796,niban apoptosis regulator 2,1.3015146040734233,9.999790761142563,11.026972344731126,2.9890965742918744e-6,8.298466925051502e-4,5.2787697040957084,Up,TRUE
WT_6h_ipsilateral_vs_contralateral,Atf4,11911,ENSMUSG00000042406,activating transcription factor 4,1.258543368420952,11.575148819472114,11.01361578442747,3.0176243363823645e-6,8.298466925051502e-4,5.269538811362645,Up,TRUE
WT_6h_ipsilateral_vs_contralateral,Smad7,17131,ENSMUSG00000025880,SMAD family member 7,1.7375534587195354,8.262347525177722,10.992166496765723,3.064073223835376e-6,8.323442812308902e-4,5.254688933377331,Up,TRUE
WT_6h_ipsilateral_vs_contralateral,Prkca,18750,ENSMUSG00000050965,"protein kinase C, alpha",-1.593009263768609,11.615670081647327,-10.953764484665925,3.149234393423681e-6,8.451710375121987e-4,5.228021958144291,Down,TRUE
WT_6h_ipsilateral_vs_contralateral,Klf2,16598,ENSMUSG00000055148,Kruppel-like transcription factor 2 (lung),1.691648276843991,8.345921802225396,10.860549657483594,3.3671199591034333e-6,8.8335829656701e-4,5.162860408408941,Up,TRUE
WT_6h_ipsilateral_vs_contralateral,Pim1,18712,ENSMUSG00000024014,proviral integration site 1,2.451040198145848,7.741908690490391,10.859017078491183,3.3708397399863455e-6,8.8335829656701e-4,5.161783923029326,Up,TRUE
WT_6h_ipsilateral_vs_contralateral,Nlgn1,192167,ENSMUSG00000063887,neuroligin 1,-1.4720137071807589,10.452443727109067,-10.810219325640638,3.4917030682184194e-6,9.043916958670383e-4,5.127420797715354,Down,TRUE
WT_6h_ipsilateral_vs_contralateral,Ccl3,20302,ENSMUSG00000000982,C-C motif chemokine ligand 3,5.941059260676036,5.50715882286174,11.971590402634451,3.685698376104958e-6,9.415596191175034e-4,5.136088738706455,Up,TRUE
WT_6h_ipsilateral_vs_contralateral,Gem,14579,ENSMUSG00000028214,GTP binding protein overexpressed in skeletal muscle,3.809472090231157,7.7970797777703815,12.37858750242617,3.7197417051555687e-6,9.415596191175034e-4,5.140528216099389,Up,TRUE
WT_6h_ipsilateral_vs_contralateral,Lmo7,380928,ENSMUSG00000033060,LIM domain only 7,-1.2099652953219184,10.801944988685015,-10.595859674272727,4.082927570473202e-6,0.0010218787823852874,4.974434727289502,Down,TRUE
WT_6h_ipsilateral_vs_contralateral,Jund,16478,ENSMUSG00000071076,jun D proto-oncogene,1.7869670135122817,10.579575692805541,10.562891770587377,4.252221777839973e-6,0.0010486509110102643,4.936147035144135,Up,TRUE
WT_6h_ipsilateral_vs_contralateral,Klf10,21847,ENSMUSG00000037465,Kruppel-like transcription factor 10,1.3271770601349981,10.231969695909623,10.517846525955266,4.325086605547641e-6,0.0010486509110102643,4.917921593515867,Up,TRUE
WT_6h_ipsilateral_vs_contralateral,Eepd1,67484,ENSMUSG00000036611,endonuclease/exonuclease/phosphatase family domain containing 1,1.5964317006070878,8.365352478294426,10.515962723295635,4.331128341770788e-6,0.0010486509110102643,4.9165513642469065,Up,TRUE
WT_6h_ipsilateral_vs_contralateral,Dusp1,19252,ENSMUSG00000024190,dual specificity phosphatase 1,1.7148677016138976,8.704346980522347,10.455781377021879,4.529170997814971e-6,0.0010807920873074496,4.872637305654582,Up,TRUE
WT_6h_ipsilateral_vs_contralateral,Flnc,68794,ENSMUSG00000068699,"filamin C, gamma",2.4019637792715827,8.457148941245876,10.58582724959963,4.633590989846184e-6,0.0010807920873074496,4.861681254797642,Up,TRUE
WT_6h_ipsilateral_vs_contralateral,Lpar2,53978,ENSMUSG00000031861,lysophosphatidic acid receptor 2,1.7845694605597648,7.792364673235731,10.4223904403389,4.643383111259455e-6,0.0010807920873074496,4.848154700670349,Up,TRUE
WT_6h_ipsilateral_vs_contralateral,Ccl6,20305,ENSMUSG00000018927,C-C motif chemokine ligand 6,2.809594033945631,6.023542414340998,10.418194816310011,4.657959164153318e-6,0.0010807920873074496,4.845072470542114,Up,TRUE
WT_6h_ipsilateral_vs_contralateral,Spsb1,74646,ENSMUSG00000039911,splA/ryanodine receptor domain and SOCS box containing 1,1.3878962144812181,9.234338548122775,10.355120346939472,4.883332736898781e-6,0.0011022262169667876,4.798575185445726,Up,TRUE
WT_6h_ipsilateral_vs_contralateral,Atp2b1,67972,ENSMUSG00000019943,"ATPase, Ca++ transporting, plasma membrane 1",-1.832747350006489,13.48854452467374,-10.734925279161626,4.9281536241700495e-6,0.0011022262169667876,4.8170760022067896,Down,TRUE
WT_6h_ipsilateral_vs_contralateral,Pard6b,58220,ENSMUSG00000044641,par-6 family cell polarity regulator beta,1.8384087256788098,7.59299090406973,10.33555644455695,4.95568113558489e-6,0.0011022262169667876,4.784091492113584,Up,TRUE
WT_6h_ipsilateral_vs_contralateral,Gpr22,73010,ENSMUSG00000044067,G protein-coupled receptor 22,-1.667998702796167,9.976671883983586,-10.330825279311467,4.973355687877546e-6,0.0011022262169667876,4.780584485959469,Down,TRUE
WT_6h_ipsilateral_vs_contralateral,Mn1,433938,ENSMUSG00000070576,meningioma 1,1.6929685155757177,9.858854283984872,10.324326369363094,4.997748503418432e-6,0.0011022262169667876,4.7757643333501,Up,TRUE
WT_6h_ipsilateral_vs_contralateral,Icam1,15894,ENSMUSG00000037405,intercellular adhesion molecule 1,2.5348735139281153,7.263391404916396,10.258737600112141,5.251514639704026e-6,0.0011209214812159024,4.726936342980689,Up,TRUE
WT_6h_ipsilateral_vs_contralateral,Dact1,59036,ENSMUSG00000044548,dishevelled-binding antagonist of beta-catenin 1,1.489849054857567,8.845736376505906,10.252328339728228,5.277070963111744e-6,0.0011209214812159024,4.722147127945966,Up,TRUE
WT_6h_ipsilateral_vs_contralateral,Cxcl1,14825,ENSMUSG00000029380,C-X-C motif chemokine ligand 1,3.7015506855120717,4.66020438137815,10.247567843237471,5.296142489121122e-6,0.0011209214812159024,4.718587866339387,Up,TRUE
WT_6h_ipsilateral_vs_contralateral,Cryab,12955,ENSMUSG00000032060,"crystallin, alpha B",2.0296648284065295,9.05494544188281,10.2638962090789,5.319103959225981e-6,0.0011209214812159024,4.7160451617554155,Up,TRUE
WT_6h_ipsilateral_vs_contralateral,Galntl6,270049,ENSMUSG00000096914,UDP-N-acetyl-alpha-D-galactosamine:polypeptide N-acetylgalactosaminyltransferase-like 6,-1.3350459224808642,9.369548777344583,-10.2381429705578,5.334126913979154e-6,0.0011209214812159024,4.711536028411249,Down,TRUE
WT_6h_ipsilateral_vs_contralateral,Kcne2,246133,ENSMUSG00000039672,"potassium voltage-gated channel, Isk-related subfamily, gene 2",-3.7990524127261884,4.407531313465567,-10.202745991621436,5.47951381945638e-6,0.001140711872227952,4.6849898297580825,Down,TRUE
WT_6h_ipsilateral_vs_contralateral,Nr1d1,217166,ENSMUSG00000020889,"nuclear receptor subfamily 1, group D, member 1",2.182160490747256,10.256370686838913,10.948453318922699,5.556992422850229e-6,0.0011412017977539453,4.723909176318013,Up,TRUE
WT_6h_ipsilateral_vs_contralateral,P2ry12,70839,ENSMUSG00000036353,"purinergic receptor P2Y, G-protein coupled 12",-1.8807289445744662,7.797423544362793,-10.174786325212507,5.597469605323171e-6,0.0011412017977539453,4.663952252379508,Down,TRUE
WT_6h_ipsilateral_vs_contralateral,Adamts4,240913,ENSMUSG00000006403,ADAM metallopeptidase with thrombospondin type 1 motif 4,1.6929803480917043,7.970901015621708,10.165896207546202,5.635564433352816e-6,0.0011412017977539453,4.657250285784762,Up,TRUE
WT_6h_ipsilateral_vs_contralateral,Dlgap1,224997,ENSMUSG00000003279,DLG associated protein 1,-1.1212826793655655,12.219188598202559,-10.148639129421047,5.7103378075504755e-6,0.0011459258978665481,4.644223051764852,Down,TRUE
WT_6h_ipsilateral_vs_contralateral,Dlgap2,244310,ENSMUSG00000047495,DLG associated protein 2,-1.4776910759443425,9.418680521674938,-10.128703462591348,5.798093323146347e-6,0.0011489358007370069,4.629144636749253,Down,TRUE
WT_6h_ipsilateral_vs_contralateral,Plek,56193,ENSMUSG00000020120,pleckstrin,2.185475669475859,8.81317824948507,10.2739836562646,5.828495869058666e-6,0.0011489358007370069,4.636093999343766,Up,TRUE
WT_6h_ipsilateral_vs_contralateral,Tagln2,21346,ENSMUSG00000026547,transgelin 2,1.736595897236148,9.66288963224039,10.074867162955163,6.0426607288996706e-6,0.0011746569362593743,4.588268615347687,Up,TRUE
WT_6h_ipsilateral_vs_contralateral,Chrm4,12672,ENSMUSG00000040495,"cholinergic receptor, muscarinic 4",2.0358146817241725,7.885795810152275,10.070189369589025,6.064446584504065e-6,0.0011746569362593743,4.584706087808085,Up,TRUE
WT_6h_ipsilateral_vs_contralateral,Nes,18008,ENSMUSG00000004891,nestin,1.708102491486418,9.423219505582725,10.032917389165021,6.24118555879967e-6,0.0011984690372608849,4.556258165828632,Up,TRUE
WT_6h_ipsilateral_vs_contralateral,Bhlhe41,79362,ENSMUSG00000030256,"basic helix-loop-helix family, member e41",1.6947566387362274,8.809906258850045,9.996200362217918,6.42090760728981e-6,0.0012224420252340215,4.52812530368595,Up,TRUE
WT_6h_ipsilateral_vs_contralateral,Celf2,14007,ENSMUSG00000002107,"CUGBP, Elav-like family member 2",-1.0721298332329052,13.178068991124272,-9.981961426573282,6.492145816464626e-6,0.0012255300683199114,4.517186221482829,Down,TRUE
WT_6h_ipsilateral_vs_contralateral,Cacna1c,12288,ENSMUSG00000051331,"calcium channel, voltage-dependent, L type, alpha 1C subunit",-1.282925614936671,10.808679400916851,-9.957908510526597,6.61448768028538e-6,0.0012381320426752677,4.498670459511091,Down,TRUE
WT_6h_ipsilateral_vs_contralateral,Creb5,231991,ENSMUSG00000053007,cAMP responsive element binding protein 5,2.8615244366404538,7.797878646611886,10.440823856474267,6.739589001137669e-6,0.0012422940369538624,4.5204074980159294,Up,TRUE
WT_6h_ipsilateral_vs_contralateral,Mafk,17135,ENSMUSG00000018143,"v-maf musculoaponeurotic fibrosarcoma oncogene family, protein K (avian)",1.7421159582881947,8.505932721391469,9.93216701123744,6.748263904440734e-6,0.0012422940369538624,4.478803082710163,Up,TRUE
WT_6h_ipsilateral_vs_contralateral,Kalrn,545156,ENSMUSG00000061751,"kalirin, RhoGEF kinase",-1.192390854839653,12.08580006423265,-9.89389697963789,6.952742171124426e-6,0.0012694453431294802,4.44916681018052,Down,TRUE
WT_6h_ipsilateral_vs_contralateral,Thbs1,21825,ENSMUSG00000040152,thrombospondin 1,2.6317352165976047,9.547415984052469,11.294493887409523,7.34156121314057e-6,0.0013209571039638636,4.496153705283406,Up,TRUE
WT_6h_ipsilateral_vs_contralateral,Rara,19401,ENSMUSG00000037992,"retinoic acid receptor, alpha",1.3524652141464273,9.080983228311378,9.822397233230596,7.353476134299398e-6,0.0013209571039638636,4.393477165975893,Up,TRUE
WT_6h_ipsilateral_vs_contralateral,Glipr2,384009,ENSMUSG00000028480,GLI pathogenesis-related 2,1.910286245574948,7.533125586248712,9.788739139336567,7.550950506717949e-6,0.0013455793802971386,4.367116138759471,Up,TRUE
WT_6h_ipsilateral_vs_contralateral,Bhlhe40,20893,ENSMUSG00000030103,"basic helix-loop-helix family, member e40",1.59106213259712,10.142739655423588,9.757611098560682,7.738836138540448e-6,0.0013659634282342638,4.342653233572065,Up,TRUE
WT_6h_ipsilateral_vs_contralateral,Ccn2,14219,ENSMUSG00000019997,cellular communication network factor 2,1.786054656465688,8.654321124221383,9.749606835281524,7.7879845291022e-6,0.0013659634282342638,4.336349841553931,Up,TRUE
WT_6h_ipsilateral_vs_contralateral,Kcnd2,16508,ENSMUSG00000060882,"potassium voltage-gated channel, Shal-related family, member 2",-1.1705713561268656,11.245049073679338,-9.732365324772138,7.895034419328952e-6,0.0013739210288324407,4.32275396070556,Down,TRUE
WT_6h_ipsilateral_vs_contralateral,Ciart,229599,ENSMUSG00000038550,circadian associated repressor of transcription,2.3145748800372727,7.4979826731143815,9.706807743310932,8.056737561751968e-6,0.001389558271385191,4.302554761499184,Up,TRUE
WT_6h_ipsilateral_vs_contralateral,Litaf,56722,ENSMUSG00000022500,LPS-induced TN factor,1.919450014582739,8.693903197421985,9.691568130853705,8.15490778496858e-6,0.001389558271385191,4.290484260941536,Up,TRUE
WT_6h_ipsilateral_vs_contralateral,Klf4,16600,ENSMUSG00000003032,Kruppel-like transcription factor 4 (gut),3.3922748203434514,8.061081246215474,11.293723610643855,8.176891266697329e-6,0.001389558271385191,4.400906963913192,Up,TRUE
WT_6h_ipsilateral_vs_contralateral,Osmr,18414,ENSMUSG00000022146,oncostatin M receptor,1.9243853783225457,8.665888688825275,9.679373633482017,8.234419385986316e-6,0.001389558271385191,4.280811603836158,Up,TRUE
WT_6h_ipsilateral_vs_contralateral,Efhd2,27984,ENSMUSG00000040659,EF hand domain containing 2,1.3333158425843692,10.577541851426592,9.647953408157115,8.443285207225648e-6,0.001414091563841739,4.2558314815684675,Up,TRUE
WT_6h_ipsilateral_vs_contralateral,Prr18,320111,ENSMUSG00000055945,proline rich 18,1.7426610928124795,8.357810354455655,9.631089375099265,8.55781078824358e-6,0.0014225763828964607,4.242389662427929,Up,TRUE
WT_6h_ipsilateral_vs_contralateral,Tiparp,99929,ENSMUSG00000034640,TCDD-inducible poly(ADP-ribose) polymerase,1.3989490877953266,9.571421378784208,9.61453475476779,8.671915626277008e-6,0.00142347088395584,4.229171053558492,Up,TRUE
WT_6h_ipsilateral_vs_contralateral,Camk1d,227541,ENSMUSG00000039145,calcium/calmodulin-dependent protein kinase ID,-1.2403274731741547,11.78079608362286,-9.61178947215534,8.691000683187172e-6,0.00142347088395584,4.226976741511892,Down,TRUE
WT_6h_ipsilateral_vs_contralateral,Slc35f3,210027,ENSMUSG00000057060,"solute carrier family 35, member F3",-1.4193073240080825,9.064408273875415,-9.58016216326155,8.91426919233804e-6,0.0014493820894841594,4.201650743586184,Down,TRUE
WT_6h_ipsilateral_vs_contralateral,Trim47,217333,ENSMUSG00000020773,tripartite motif-containing 47,2.0478115202741245,7.519854311540937,9.558453951675412,9.071200214656498e-6,0.0014642100346483587,4.184218257441387,Up,TRUE
WT_6h_ipsilateral_vs_contralateral,Plppr4,229791,ENSMUSG00000044667,phospholipid phosphatase related 4,-1.0479739984786978,12.97758195364696,-9.539104216337124,9.21367074550242e-6,0.0014680618185500453,4.168645738699865,Down,TRUE
WT_6h_ipsilateral_vs_contralateral,Tmem132b,208151,ENSMUSG00000070498,transmembrane protein 132B,-1.0559412904132977,11.22153371632441,-9.526420452635124,9.308407907729873e-6,0.0014680618185500453,4.158420521956277,Down,TRUE
WT_6h_ipsilateral_vs_contralateral,Cacna1e,12290,ENSMUSG00000004110,"calcium channel, voltage-dependent, R type, alpha 1E subunit",-1.2369475503666347,11.620834295854884,-9.523909081037777,9.327293774111114e-6,0.0014680618185500453,4.156394301089211,Down,TRUE
WT_6h_ipsilateral_vs_contralateral,Cebpb,12608,ENSMUSG00000056501,CCAAT/enhancer binding protein beta,2.497007035942538,7.192682241944954,9.515973296845443,9.387252209185247e-6,0.0014680618185500453,4.149987999550193,Up,TRUE
WT_6h_ipsilateral_vs_contralateral,Jdp2,81703,ENSMUSG00000034271,Jun dimerization protein 2,1.5386836160582487,8.565356801088493,9.5087025007717,9.442562246862075e-6,0.0014680618185500453,4.14411376345824,Up,TRUE
WT_6h_ipsilateral_vs_contralateral,Clic4,29876,ENSMUSG00000037242,chloride intracellular channel 4,1.2193522288031602,10.891451704836,9.502438900091619,9.490500645172011e-6,0.0014680618185500453,4.139049610783534,Up,TRUE
WT_6h_ipsilateral_vs_contralateral,Efnb1,13641,ENSMUSG00000031217,ephrin B1,1.543665344586791,8.764440149860551,9.47323257582609,9.717628020512727e-6,0.0014928287183235932,4.115391431539898,Up,TRUE
WT_6h_ipsilateral_vs_contralateral,Dagla,269060,ENSMUSG00000035735,"diacylglycerol lipase, alpha",-1.0749755921464725,11.059546917073588,-9.443014347403981,9.95899633420615e-6,0.001502091477754192,4.090835810036181,Down,TRUE
WT_6h_ipsilateral_vs_contralateral,Slc10a6,75750,ENSMUSG00000029321,"solute carrier family 10 (sodium/bile acid cotransporter family), member 6",3.69912915488653,4.350114428250666,9.437594423790895,1.0002988165392654e-5,0.001502091477754192,4.086423137249518,Up,TRUE
WT_6h_ipsilateral_vs_contralateral,Tnfaip6,21930,ENSMUSG00000053475,tumor necrosis factor alpha induced protein 6,3.606500643799369,6.002512633176822,9.545740967598968,1.0016215062327464e-5,0.001502091477754192,4.096184560526911,Up,TRUE
WT_6h_ipsilateral_vs_contralateral,Ctla2a,13024,ENSMUSG00000044258,cytotoxic T lymphocyte-associated protein 2 alpha,1.9273402308704224,7.999358833144258,9.432117716009524,1.0047660165448915e-5,0.001502091477754192,4.081961635521015,Up,TRUE
WT_6h_ipsilateral_vs_contralateral,Ddit3,13198,ENSMUSG00000025408,DNA-damage inducible transcript 3,1.638080377599569,8.349450096182991,9.41533024043412,1.018597690158735e-5,0.001512050275928303,4.068269728721829,Up,TRUE
WT_6h_ipsilateral_vs_contralateral,Sowahc,268301,ENSMUSG00000098188,sosondowah ankyrin repeat domain family member C,1.1961919456401073,9.312637571750578,9.407640732141987,1.0250037785192984e-5,0.001512050275928303,4.061989930944483,Up,TRUE
WT_6h_ipsilateral_vs_contralateral,Zbtb2,381990,ENSMUSG00000075327,zinc finger and BTB domain containing 2,1.4074538288843028,8.655877053377475,9.396714140001896,1.034183738094964e-5,0.0015155554451358768,4.05305760669715,Up,TRUE
WT_6h_ipsilateral_vs_contralateral,Slc24a2,76376,ENSMUSG00000037996,"solute carrier family 24 (sodium/potassium/calcium exchanger), member 2",-1.7343263936772377,12.084856437671814,-9.71626131929313,1.079839027237718e-5,0.0015721185837725602,4.0467209404860185,Down,TRUE
WT_6h_ipsilateral_vs_contralateral,Sesn2,230784,ENSMUSG00000028893,sestrin 2,1.2988116501346472,9.127556431609943,9.315797181013048,1.1050770826938714e-5,0.001592882494690933,3.9865826800128996,Up,TRUE
WT_6h_ipsilateral_vs_contralateral,Ccl24,56221,ENSMUSG00000004814,C-C motif chemokine ligand 24,4.7189971839559615,3.746465091507064,9.308353482967426,1.111864978944773e-5,0.001592882494690933,3.9804384915165496,Up,TRUE
WT_6h_ipsilateral_vs_contralateral,Ccl12,20293,ENSMUSG00000035352,C-C motif chemokine ligand 12,3.632184893246992,4.316642297430897,9.30432910289275,1.1155540703559396e-5,0.001592882494690933,3.9771146348130344,Up,TRUE
WT_6h_ipsilateral_vs_contralateral,Tnfrsf12a,27279,ENSMUSG00000023905,"tumor necrosis factor receptor superfamily, member 12a",2.8684650870307618,7.799375833492347,10.016759510002558,1.1316352741037829e-5,0.001601181828953204,4.032045547890807,Up,TRUE
WT_6h_ipsilateral_vs_contralateral,Lgi1,56839,ENSMUSG00000067242,"leucine-rich repeat LGI family, member 1",-1.165091459296761,11.039211490732681,-9.282563862072362,1.1357428910195565e-5,0.001601181828953204,3.9591131323950925,Down,TRUE
WT_6h_ipsilateral_vs_contralateral,Prkce,18754,ENSMUSG00000045038,"protein kinase C, epsilon",-0.9680647548558117,13.119061515617421,-9.229683856471844,1.1865037060377752e-5,0.0016495671442526719,3.9152013468002007,Down,TRUE
WT_6h_ipsilateral_vs_contralateral,Kcnab2,16498,ENSMUSG00000028931,"potassium voltage-gated channel, shaker-related subfamily, beta member 2",-1.0627214932508782,11.83060014608013,-9.224708238332928,1.1914080642290107e-5,0.0016495671442526719,3.91105668535136,Down,TRUE
WT_6h_ipsilateral_vs_contralateral,Eif4ebp1,13685,ENSMUSG00000031490,eukaryotic translation initiation factor 4E binding protein 1,2.021207040033313,6.610578103326611,9.220079325408223,1.195990890979398e-5,0.0016495671442526719,3.907198831068321,Up,TRUE
WT_6h_ipsilateral_vs_contralateral,Psd3,234353,ENSMUSG00000030465,pleckstrin and Sec7 domain containing 3,-1.1080209366780167,13.129618394335523,-9.20926084521155,1.206778146939598e-5,0.0016495671442526719,3.8981749218473496,Down,TRUE
WT_6h_ipsilateral_vs_contralateral,Tcf7l2,21416,ENSMUSG00000024985,"transcription factor 7 like 2, T cell specific, HMG box",2.1578837476233748,8.453598277603422,9.388150926771756,1.2070906599918542e-5,0.0016495671442526719,3.9171155790207006,Up,TRUE
WT_6h_ipsilateral_vs_contralateral,Gabrb3,14402,ENSMUSG00000033676,"GABRB3, gamma-aminobutyric acid type A receptor subunit beta 3",-0.9934880995374193,12.63760926932332,-9.176637161163999,1.2399669341071183e-5,0.001676715282331905,3.8708990080949786,Down,TRUE
WT_6h_ipsilateral_vs_contralateral,Tnfrsf1a,21937,ENSMUSG00000030341,"tumor necrosis factor receptor superfamily, member 1a",1.2228506120552538,8.960438832080275,9.173215963977635,1.243505669701935e-5,0.001676715282331905,3.8680330551184525,Up,TRUE
WT_6h_ipsilateral_vs_contralateral,Dusp16,70686,ENSMUSG00000030203,dual specificity phosphatase 16,1.880803306475065,8.457247006625122,9.16740819333367,1.249538661580679e-5,0.001676715282331905,3.8631654330207983,Up,TRUE
WT_6h_ipsilateral_vs_contralateral,Rgs3,50780,ENSMUSG00000059810,regulator of G-protein signaling 3,1.2629389504975634,9.252341168612404,9.137349012633203,1.2812871835812225e-5,0.0017090222763036964,3.837923285646502,Up,TRUE
WT_6h_ipsilateral_vs_contralateral,Rbm38,56190,ENSMUSG00000027510,RNA binding motif protein 38,2.1663119236027804,6.685183482468537,9.123445095502072,1.2962744576268905e-5,0.0017187210442642254,3.8262197148793593,Up,TRUE
WT_6h_ipsilateral_vs_contralateral,Iqsec3,243621,ENSMUSG00000040797,IQ motif and Sec7 domain 3,-1.0561101622629394,11.273924865445206,-9.112443528987987,1.3082711298496118e-5,0.0017243632791361008,3.8169467013002727,Down,TRUE
WT_6h_ipsilateral_vs_contralateral,Pmp22,18858,ENSMUSG00000018217,peripheral myelin protein 22,1.274579232435265,8.883792872048298,9.067906879856876,1.358110781992357e-5,0.0017700445401939986,3.7792945005315293,Up,TRUE
WT_6h_ipsilateral_vs_contralateral,Bcl11b,58208,ENSMUSG00000048251,B cell leukemia/lymphoma 11B,-1.310215428295887,11.191627613320042,-9.066683001816886,1.3595098103386152e-5,0.0017700445401939986,3.7782572409350355,Down,TRUE
WT_6h_ipsilateral_vs_contralateral,Phlda1,21664,ENSMUSG00000020205,"pleckstrin homology like domain, family A, member 1",1.530685832509037,8.01338195114312,9.060355498048049,1.3667683991621449e-5,0.0017700445401939986,3.772892366392739,Up,TRUE
WT_6h_ipsilateral_vs_contralateral,Htr4,15562,ENSMUSG00000026322,5 hydroxytryptamine (serotonin) receptor 4,-2.1126645871705474,6.584968922809441,-9.02725939275915,1.4054420376251198e-5,0.001809608172722517,3.744771211067505,Down,TRUE
WT_6h_ipsilateral_vs_contralateral,Akap11,219181,ENSMUSG00000022016,A kinase anchor protein 11,-0.9856001996949324,12.253088723315976,-9.008010325207913,1.4284924891897679e-5,0.0018186178245165358,3.728369087444591,Down,TRUE
WT_6h_ipsilateral_vs_contralateral,Gpr158,241263,ENSMUSG00000045967,G protein-coupled receptor 158,-1.076798639988187,10.022829975576258,-9.007782163445304,1.4287682123025533e-5,0.0018186178245165358,3.7281744650822866,Down,TRUE
WT_6h_ipsilateral_vs_contralateral,Pla2g3,237625,ENSMUSG00000034579,"phospholipase A2, group III",-1.3777226475175324,8.615500661388566,-8.991863610826721,1.448151598644842e-5,0.0018328168670348783,3.714583989097184,Down,TRUE
WT_6h_ipsilateral_vs_contralateral,Plaur,18793,ENSMUSG00000046223,"plasminogen activator, urokinase receptor",2.7336973390577017,5.299135603381492,8.962833427829594,1.4842560872629363e-5,0.0018678985504961528,3.6897387795424894,Up,TRUE
WT_6h_ipsilateral_vs_contralateral,Nog,18121,ENSMUSG00000048616,noggin,1.615023581227125,7.553946358211549,8.939930478490252,1.5134452212071758e-5,0.0018900454560109013,3.6700820191770998,Up,TRUE
WT_6h_ipsilateral_vs_contralateral,Etv6,14011,ENSMUSG00000030199,ets variant 6,1.1896344439059199,9.061151303741706,8.935763243092474,1.518824406850511e-5,0.0018900454560109013,3.66650015710697,Up,TRUE
WT_6h_ipsilateral_vs_contralateral,Ccnd1,12443,ENSMUSG00000070348,cyclin D1,1.2506992812167947,9.2713400739534,8.896384607133257,1.570715739410159e-5,0.0019437607275200719,3.632572578339575,Up,TRUE
WT_6h_ipsilateral_vs_contralateral,Rgs1,50778,ENSMUSG00000026358,regulator of G-protein signaling 1,4.760159343106133,2.3800796715530668,8.86318216291391,1.6159986249463095e-5,0.0019758171886930086,3.603852715729378,Up,TRUE
WT_6h_ipsilateral_vs_contralateral,Paqr9,75552,ENSMUSG00000064225,progestin and adipoQ receptor family member IX,-1.0398954110157934,10.834239076197994,-8.858121961692783,1.6230262277860893e-5,0.0019758171886930086,3.5994665241869264,Down,TRUE
WT_6h_ipsilateral_vs_contralateral,Cited1,12705,ENSMUSG00000051159,Cbp/p300-interacting transactivator with Glu/Asp-rich carboxy-terminal domain 1,2.691368667992375,6.7612269333934485,8.857975395671737,1.6232302829666467e-5,0.0019758171886930086,3.5993394443399627,Up,TRUE
WT_6h_ipsilateral_vs_contralateral,Ptx3,19288,ENSMUSG00000027832,pentraxin related gene,1.7460326241437807,7.808794764701075,8.803963985933686,1.7004010756835647e-5,0.002058501845698446,3.552369941846978,Up,TRUE
WT_6h_ipsilateral_vs_contralateral,Pdpn,14726,ENSMUSG00000028583,podoplanin,1.651929002076189,8.350322910252224,8.722067547914206,1.8252923668211165e-5,0.002197750674104885,3.4806185843995685,Up,TRUE
WT_6h_ipsilateral_vs_contralateral,St8sia1,20449,ENSMUSG00000030283,"ST8 alpha-N-acetyl-neuraminide alpha-2,8-sialyltransferase 1",-1.0250913882116102,10.296525494976539,-8.698582312983808,1.8629593171632053e-5,0.00222640853182421,3.459923308529868,Down,TRUE
WT_6h_ipsilateral_vs_contralateral,Zfp704,170753,ENSMUSG00000040209,zinc finger protein 704,-0.9988792211329613,11.17726750230642,-8.690157328376614,1.876681141812957e-5,0.00222640853182421,3.45248614676823,Down,TRUE
WT_6h_ipsilateral_vs_contralateral,Bcl2l11,12125,ENSMUSG00000027381,BCL2 like 11,1.4023099277206441,8.88873750134104,8.68736706932017,1.8812503225830878e-5,0.00222640853182421,3.4500215236244305,Up,TRUE
WT_6h_ipsilateral_vs_contralateral,Rell1,100532,ENSMUSG00000047881,RELT-like 1,1.3195236385624032,8.919403119843164,8.682606845994355,1.8890739057902388e-5,0.00222640853182421,3.4458150930863862,Up,TRUE
WT_6h_ipsilateral_vs_contralateral,Gab1,14388,ENSMUSG00000031714,growth factor receptor bound protein 2-associated protein 1,1.2899391352400684,9.583843159683209,8.661837790352985,1.9236330923971365e-5,0.002231357448728509,3.4274364522926213,Up,TRUE
WT_6h_ipsilateral_vs_contralateral,Epha2,13836,ENSMUSG00000006445,Eph receptor A2,2.3221826622540735,6.1717753767157895,8.658699061992412,1.9289165559008605e-5,0.002231357448728509,3.424655318467442,Up,TRUE
WT_6h_ipsilateral_vs_contralateral,Slc2a1,20525,ENSMUSG00000028645,"solute carrier family 2 (facilitated glucose transporter), member 1",1.2277475044284643,11.294691058826775,8.651680157747483,1.9407898742413823e-5,0.002231357448728509,3.4184325959753075,Up,TRUE
WT_6h_ipsilateral_vs_contralateral,Il1b,16176,ENSMUSG00000027398,interleukin 1 beta,5.192392077142371,3.3701077231749967,8.647953908965174,1.947126174734072e-5,0.002231357448728509,3.4151270743376028,Up,TRUE
WT_6h_ipsilateral_vs_contralateral,Runx1,12394,ENSMUSG00000022952,runt related transcription factor 1,2.20431080254468,5.922395457020032,8.646556952352448,1.94950753667854e-5,0.002231357448728509,3.4138874969362565,Up,TRUE
WT_6h_ipsilateral_vs_contralateral,Epha4,13838,ENSMUSG00000026235,Eph receptor A4,-1.5569993098381527,12.466929779292649,-8.91256304737482,1.9533768911428026e-5,0.002231357448728509,3.4454806895445724,Down,TRUE
WT_6h_ipsilateral_vs_contralateral,Fcrls,NA,NA,NA,1.3053128433329242,9.004284640767322,8.597878475685887,2.034539399717517e-5,0.002312212506566719,3.37057361159707,Up,TRUE
WT_6h_ipsilateral_vs_contralateral,Rnd1,223881,ENSMUSG00000054855,Rho family GTPase 1,1.655893459270315,9.70409331219776,8.699254933800285,2.054494357429471e-5,0.0023230386706467746,3.375372081160254,Up,TRUE
WT_6h_ipsilateral_vs_contralateral,Trib3,228775,ENSMUSG00000032715,tribbles pseudokinase 3,2.92031216058894,4.968145308892042,8.54993982146965,2.1223141649470887e-5,0.0023758104943743174,3.3276899325605243,Up,TRUE
WT_6h_ipsilateral_vs_contralateral,Smad1,17125,ENSMUSG00000031681,SMAD family member 1,1.0413867207132608,9.940363586008466,8.549367947816375,2.1233862714006832e-5,0.0023758104943743174,3.327176988441101,Up,TRUE
WT_6h_ipsilateral_vs_contralateral,Slitrk4,245446,ENSMUSG00000046699,"SLIT and NTRK-like family, member 4",-1.2639864564562053,9.09462579234222,-8.544167550849668,2.1331631823787364e-5,0.0023758104943743174,3.322510984529508,Down,TRUE
WT_6h_ipsilateral_vs_contralateral,Cd180,17079,ENSMUSG00000021624,CD180 antigen,2.315984392091197,6.280254748097874,8.525897340186145,2.16790930805243e-5,0.0024024965092969094,3.3060969223142695,Up,TRUE
WT_6h_ipsilateral_vs_contralateral,Rgcc,66214,ENSMUSG00000022018,regulator of cell cycle,1.286501287983647,8.246819416451018,8.50592948460997,2.2066029715661062e-5,0.0024332713461205453,3.2881196798873145,Up,TRUE
WT_6h_ipsilateral_vs_contralateral,Cabp7,192650,ENSMUSG00000009075,calcium binding protein 7,-1.4178119202252724,9.578418705958374,-8.492156477235502,2.233738092625554e-5,0.0024371322811295544,3.2756965244190273,Down,TRUE
WT_6h_ipsilateral_vs_contralateral,Klhdc8b,78267,ENSMUSG00000032609,kelch domain containing 8B,1.586655441246311,9.14080576172703,8.485238086508973,2.247507822785842e-5,0.0024371322811295544,3.269449026558574,Up,TRUE
WT_6h_ipsilateral_vs_contralateral,Fam222a,433940,ENSMUSG00000041930,"family with sequence similarity 222, member A",2.2656536516449286,7.857572082412313,8.69800201356488,2.2533199944433937e-5,0.0024371322811295544,3.2954043904804387,Up,TRUE
WT_6h_ipsilateral_vs_contralateral,Coq10b,67876,ENSMUSG00000025981,coenzyme Q10B,1.4075709122388869,9.075958577401538,8.48205800908697,2.2538686864767147e-5,0.0024371322811295544,3.2665757210972917,Up,TRUE
WT_6h_ipsilateral_vs_contralateral,Apbb1ip,54519,ENSMUSG00000026786,amyloid beta precursor protein binding family B member 1 interacting protein,1.825897596505981,6.695947981207053,8.469867454280454,2.278437959589077e-5,0.002451797369557811,3.255551759300509,Up,TRUE
WT_6h_ipsilateral_vs_contralateral,Tmem72,319776,ENSMUSG00000048108,transmembrane protein 72,-3.237338058668264,5.519501948799805,-8.462365281567783,2.2937055270018675e-5,0.0024563601256714714,3.248760105203111,Down,TRUE
WT_6h_ipsilateral_vs_contralateral,Frrs1l,230235,ENSMUSG00000045589,ferric-chelate reductase 1 like,-1.064618367609734,11.722762992598142,-8.454718571386163,2.3093839763291908e-5,0.0024613171326666374,3.24183178245576,Down,TRUE
WT_6h_ipsilateral_vs_contralateral,Pde4b,18578,ENSMUSG00000028525,"phosphodiesterase 4B, cAMP specific",1.206119509143555,11.13991571376678,8.42565998798249,2.370056462236014e-5,0.0025139527474432005,3.2154494670299982,Up,TRUE
WT_6h_ipsilateral_vs_contralateral,Tgfb1,21803,ENSMUSG00000002603,"transforming growth factor, beta 1",1.649500862399334,7.3062520978268175,8.404909666752713,2.4144623323676153e-5,0.002525776724683806,3.1965580412166332,Up,TRUE
WT_6h_ipsilateral_vs_contralateral,Fzd5,14367,ENSMUSG00000045005,frizzled class receptor 5,2.2994999450750546,6.1789890218945125,8.40253464941845,2.419603399408568e-5,0.002525776724683806,3.1943930067797393,Up,TRUE
WT_6h_ipsilateral_vs_contralateral,Emp1,13730,ENSMUSG00000030208,epithelial membrane protein 1,3.614032106984089,9.219791898129756,11.695423992003395,2.4236124324480953e-5,0.002525776724683806,3.4628076761896533,Up,TRUE
WT_6h_ipsilateral_vs_contralateral,Kcnj3,16519,ENSMUSG00000026824,"potassium inwardly-rectifying channel, subfamily J, member 3",-0.9695033035359355,10.4622506263559,-8.394650042463413,2.4367579126582463e-5,0.002525776724683806,3.1872014017010617,Down,TRUE
WT_6h_ipsilateral_vs_contralateral,Trip10,106628,ENSMUSG00000019487,thyroid hormone receptor interactor 10,-1.5844519298729596,7.297470727779317,-8.394127768458667,2.4378989710752784e-5,0.002525776724683806,3.1867248091944376,Down,TRUE
WT_6h_ipsilateral_vs_contralateral,Tafa1,320265,ENSMUSG00000059187,TAFA chemokine like family member 1,-1.1392603529616405,8.941685244076472,-8.377353484779967,2.474863904998097e-5,0.002529862032685707,3.1714029771377916,Down,TRUE
WT_6h_ipsilateral_vs_contralateral,Grm5,108071,ENSMUSG00000049583,"glutamate receptor, metabotropic 5",-1.0505900019769427,12.252095732386312,-8.37666573155346,2.4763926774539747e-5,0.002529862032685707,3.1707741645456355,Down,TRUE
WT_6h_ipsilateral_vs_contralateral,Micall2,231830,ENSMUSG00000036718,MICAL-like 2,1.6916392484057168,6.893761451912388,8.371366872762362,2.488206385143372e-5,0.002529862032685707,3.1659278048653565,Up,TRUE
WT_6h_ipsilateral_vs_contralateral,Ppm1h,319468,ENSMUSG00000034613,protein phosphatase 1H (PP2C domain containing),-0.9621010583816414,10.921378836525895,-8.369532829361466,2.4923098828576367e-5,0.002529862032685707,3.164249714595938,Down,TRUE
WT_6h_ipsilateral_vs_contralateral,Irf2bp2,270110,ENSMUSG00000051495,interferon regulatory factor 2 binding protein 2,1.0933662986787525,9.961806833629723,8.354772231496625,2.5256095840082334e-5,0.002529862032685707,3.1507317611531995,Up,TRUE
WT_6h_ipsilateral_vs_contralateral,Slitrk5,75409,ENSMUSG00000033214,"SLIT and NTRK-like family, member 5",-0.9770259036485296,10.117726035548785,-8.354627380747234,2.5259387975140746e-5,0.002529862032685707,3.150598994757555,Down,TRUE
WT_6h_ipsilateral_vs_contralateral,Cracdl,72097,ENSMUSG00000026090,capping protein inhibiting regulator of actin like,-1.5828109873451215,11.264261303008604,-8.659795791029493,2.5288058553374676e-5,0.002529862032685707,3.1909822313793423,Down,TRUE
WT_6h_ipsilateral_vs_contralateral,P2ry13,74191,ENSMUSG00000036362,"purinergic receptor P2Y, G-protein coupled 13",-2.1289233988404517,6.033018174673932,-8.351656526165069,2.5327013840130756e-5,0.002529862032685707,3.147875514816242,Down,TRUE
WT_6h_ipsilateral_vs_contralateral,Gm9176,668453,ENSMUSG00000112850,predicted gene 9176,2.1966168399989634,6.349947543000819,8.340431438251997,2.558434794306444e-5,0.002529916563460786,3.137576966528547,Up,TRUE
WT_6h_ipsilateral_vs_contralateral,Bag3,29810,ENSMUSG00000030847,BCL2-associated athanogene 3,2.131625871572057,8.362153939050689,8.692034142070316,2.5607607260026305e-5,0.002529916563460786,3.1842831061559753,Up,TRUE
WT_6h_ipsilateral_vs_contralateral,Gm7328,654355,ENSMUSG00000110043,"glutamate receptor, ionotropic, NMDA2A (epsilon 1) pseudogene",-1.820484016901415,7.792001244571922,-8.336796888098835,2.5668289263395628e-5,0.002529916563460786,3.134239657066196,Down,TRUE
WT_6h_ipsilateral_vs_contralateral,Cd68,12514,ENSMUSG00000018774,CD68 antigen,1.7103894958712065,7.033589954937803,8.322870952384363,2.599274911952003e-5,0.0025506100732921085,3.1214400886643237,Up,TRUE
WT_6h_ipsilateral_vs_contralateral,Gramd1b,235283,ENSMUSG00000040111,GRAM domain containing 1B,-0.9315522601299602,11.37211534303122,-8.294433345493049,2.6669519145367718e-5,0.0026055418375573068,3.0952407586093944,Down,TRUE
WT_6h_ipsilateral_vs_contralateral,Evi2a,14017,ENSMUSG00000078771,ecotropic viral integration site 2a,1.7549864155047254,6.633247203491909,8.281035740207654,2.6995104904576177e-5,0.0026258338941023336,3.0828688095195727,Up,TRUE
WT_6h_ipsilateral_vs_contralateral,Slc7a14,241919,ENSMUSG00000069072,"solute carrier family 7 (cationic amino acid transporter, y+ system), member 14",-1.0350677050235042,11.092087490004,-8.273306058590228,2.718495080701785e-5,0.0026294613292685023,3.0757224495864754,Down,TRUE
WT_6h_ipsilateral_vs_contralateral,Arhgap29,214137,ENSMUSG00000039831,Rho GTPase activating protein 29,1.0218913136628416,9.622335071418483,8.267096428978197,2.733853442379328e-5,0.0026294613292685023,3.069976958863945,Up,TRUE
WT_6h_ipsilateral_vs_contralateral,Ier5l,72500,ENSMUSG00000089762,immediate early response 5-like,2.3623276159707345,8.318915438280737,8.935240304257793,2.768507906801588e-5,0.0026294613292685023,3.1466707445021385,Up,TRUE
WT_6h_ipsilateral_vs_contralateral,Cdc42ep1,104445,ENSMUSG00000049521,CDC42 effector protein 1,1.6844364353005394,8.216784207393957,8.251707817855872,2.7723300583856893e-5,0.0026294613292685023,3.055721373975395,Up,TRUE
WT_6h_ipsilateral_vs_contralateral,Xkr4,497097,ENSMUSG00000051951,X-linked Kx blood group related 4,-1.4727604443175544,10.170729601206922,-8.288096800426292,2.7838675907686354e-5,0.0026294613292685023,3.057463733863351,Down,TRUE
WT_6h_ipsilateral_vs_contralateral,Kctd10,330171,ENSMUSG00000001098,potassium channel tetramerisation domain containing 10,1.0566256680868875,9.406860111810545,8.246937100336142,2.7843799022593367e-5,0.0026294613292685023,3.051296930567384,Up,TRUE
WT_6h_ipsilateral_vs_contralateral,Kcnq5,226922,ENSMUSG00000028033,"potassium voltage-gated channel, subfamily Q, member 5",-1.134203868534609,10.492679641927628,-8.246348149684355,2.7858714869017575e-5,0.0026294613292685023,3.050750564166563,Down,TRUE
WT_6h_ipsilateral_vs_contralateral,Dock9,105445,ENSMUSG00000025558,dedicator of cytokinesis 9,-1.119912852032133,12.395056420815163,-8.232329444755948,2.8216379393578323e-5,0.002633631533747886,3.037734856279638,Down,TRUE
WT_6h_ipsilateral_vs_contralateral,Ipw,16353,ENSMUSG00000100826,imprinted gene in the Prader-Willi syndrome region,-1.0467109137735449,10.44762934995223,-8.23098051159554,2.8251062511825117e-5,0.002633631533747886,3.036481358437106,Down,TRUE
WT_6h_ipsilateral_vs_contralateral,Gla,11605,ENSMUSG00000031266,"galactosidase, alpha",1.293189115484508,8.093504753497106,8.230726634395985,2.825759535648686e-5,0.002633631533747886,3.036245421574108,Up,TRUE
WT_6h_ipsilateral_vs_contralateral,Pdgfra,18595,ENSMUSG00000029231,"platelet derived growth factor receptor, alpha polypeptide",-0.9904627247912217,11.247973260852495,-8.213045059287916,2.871672462246798e-5,0.0026652710040228093,3.0197968198043643,Down,TRUE
WT_6h_ipsilateral_vs_contralateral,Acap2,78618,ENSMUSG00000049076,"ArfGAP with coiled-coil, ankyrin repeat and PH domains 2",-0.9464663905553952,10.427202031105736,-8.207722098508327,2.8856556447982408e-5,0.002667136078335303,3.0148386608691062,Down,TRUE
WT_6h_ipsilateral_vs_contralateral,Sox3,20675,ENSMUSG00000045179,SRY (sex determining region Y)-box 3,1.6631068552501977,7.670141777564725,8.199176753403163,2.9082618153360066e-5,0.002676922807297915,3.0068727757461016,Up,TRUE
WT_6h_ipsilateral_vs_contralateral,Anks1b,77531,ENSMUSG00000058589,ankyrin repeat and sterile alpha motif domain containing 1B,-0.8827216649124452,12.069716847662708,-8.18573500981842,2.9442189341985084e-5,0.0026812281360768793,2.994327075362131,Down,TRUE
WT_6h_ipsilateral_vs_contralateral,Phf13,230936,ENSMUSG00000047777,PHD finger protein 13,1.1861938663192788,9.4765246591182,8.185618516235907,2.9445327019804953e-5,0.0026812281360768793,2.9942182647726145,Up,TRUE
WT_6h_ipsilateral_vs_contralateral,Slc25a25,227731,ENSMUSG00000026819,"solute carrier family 25 (mitochondrial carrier, phosphate carrier), member 25",1.107247652404256,10.239311609036207,8.18386141561593,2.9492698297126413e-5,0.0026812281360768793,2.99257687625461,Up,TRUE
WT_6h_ipsilateral_vs_contralateral,Cpm,70574,ENSMUSG00000020183,carboxypeptidase M,-1.7685229923411532,8.380735205616027,-8.177223018972267,2.9672431926361895e-5,0.0026812281360768793,2.9863727260651203,Down,TRUE
WT_6h_ipsilateral_vs_contralateral,Nuak2,74137,ENSMUSG00000009772,"NUAK family, SNF1-like kinase, 2",1.8540858911727502,7.139158373124575,8.17506066033389,2.9731239039775045e-5,0.0026812281360768793,2.9843508196605892,Up,TRUE
WT_6h_ipsilateral_vs_contralateral,Cbx4,12418,ENSMUSG00000039989,chromobox 4,1.2802435995882355,10.444795923160811,8.169046190205705,2.9895487142236425e-5,0.0026851692584407916,2.978724430396749,Up,TRUE
WT_6h_ipsilateral_vs_contralateral,Bach1,12013,ENSMUSG00000025612,"BTB and CNC homology 1, basic leucine zipper transcription factor 1",1.1137954178903318,10.060973594354842,8.158383267493981,3.018915384078527e-5,0.0027006562321425375,2.9687401952140178,Up,TRUE
WT_6h_ipsilateral_vs_contralateral,Wnt11,22411,ENSMUSG00000015957,"wingless-type MMTV integration site family, member 11",2.10980212326164,6.306540184632157,8.1414649008628,3.066167657527367e-5,0.0027123529346563036,2.952874141306973,Up,TRUE
WT_6h_ipsilateral_vs_contralateral,Syne1,64009,ENSMUSG00000096054,"spectrin repeat containing, nuclear envelope 1",-0.9129305605042024,11.71212256077651,-8.139587120402629,3.071462497988753e-5,0.0027123529346563036,2.951111299668968,Down,TRUE
WT_6h_ipsilateral_vs_contralateral,Kcnma1,16531,ENSMUSG00000063142,"potassium large conductance calcium-activated channel, subfamily M, alpha member 1",-1.0586463770180288,11.524653981101734,-8.137692154296424,3.07681606023985e-5,0.0027123529346563036,2.9493319475750894,Down,TRUE
WT_6h_ipsilateral_vs_contralateral,Dio2,13371,ENSMUSG00000007682,"deiodinase, iodothyronine, type II",-1.132443813221732,10.63022248760921,-8.136320666853576,3.0806971603503696e-5,0.0027123529346563036,2.9480438999862546,Down,TRUE
WT_6h_ipsilateral_vs_contralateral,Fgfr3,14184,ENSMUSG00000054252,fibroblast growth factor receptor 3,-0.9818119932755103,10.79035073243745,-8.13002836982239,3.0985730039003786e-5,0.0027173509315701156,2.94213187665982,Down,TRUE
WT_6h_ipsilateral_vs_contralateral,Upp1,22271,ENSMUSG00000020407,uridine phosphorylase 1,2.683436873034058,5.884568023886681,8.119816966880535,3.127827537105312e-5,0.0027204505902183097,2.9325287027661027,Up,TRUE
WT_6h_ipsilateral_vs_contralateral,Dusp2,13537,ENSMUSG00000027368,dual specificity phosphatase 2,1.8392901101087595,7.394710143901182,8.117356164760746,3.134923091159247e-5,0.0027204505902183097,2.9302128276921255,Up,TRUE
WT_6h_ipsilateral_vs_contralateral,Irgm1,15944,ENSMUSG00000046879,immunity-related GTPase family M member 1,1.5416068215339553,7.535064171172324,8.1146144125429025,3.142849737353772e-5,0.0027204505902183097,2.9276317947064463,Up,TRUE
WT_6h_ipsilateral_vs_contralateral,Tubb6,67951,ENSMUSG00000001473,"tubulin, beta 6 class V",1.2197143089092908,9.20065642284863,8.111817195596204,3.150959606178783e-5,0.0027204505902183097,2.9249977288037243,Up,TRUE
WT_6h_ipsilateral_vs_contralateral,Spry1,24063,ENSMUSG00000037211,sprouty RTK signaling antagonist 1,1.150677481617203,9.09156900743334,8.102647443638945,3.177707992993342e-5,0.0027287825089297754,2.916357005464988,Up,TRUE
WT_6h_ipsilateral_vs_contralateral,Tmem252,226040,ENSMUSG00000048572,transmembrane protein 252,1.40110054690643,7.660260127126977,8.100124704801628,3.1851108970673024e-5,0.0027287825089297754,2.913978248096317,Up,TRUE
WT_6h_ipsilateral_vs_contralateral,Chrm1,12669,ENSMUSG00000032773,"cholinergic receptor, muscarinic 1, CNS",-0.9509353926151984,11.159837697920985,-8.084528414064849,3.231303736266212e-5,0.00275775060250306,2.899257103713529,Down,TRUE
WT_6h_ipsilateral_vs_contralateral,Zfp703,353310,ENSMUSG00000085795,zinc finger protein 703,1.3131382183049478,9.566410937360743,8.074960961318515,3.260007137866017e-5,0.0027613130353980795,2.8902137177855085,Up,TRUE
WT_6h_ipsilateral_vs_contralateral,Kcne4,57814,ENSMUSG00000047330,"potassium voltage-gated channel, Isk-related subfamily, gene 4",2.218634068918507,6.463111421476963,8.07268697302756,3.266870783232614e-5,0.0027613130353980795,2.888062857426627,Up,TRUE
WT_6h_ipsilateral_vs_contralateral,Hs3st3b1,54710,ENSMUSG00000070407,heparan sulfate (glucosamine) 3-O-sulfotransferase 3B1,2.220369682039407,5.5375555083823444,8.06622530200333,3.286461682713677e-5,0.0027613130353980795,2.881948056957258,Up,TRUE
WT_6h_ipsilateral_vs_contralateral,Scn8a,20273,ENSMUSG00000023033,"sodium channel, voltage-gated, type VIII, alpha",-1.004803817952153,11.808929843404247,-8.063525239894123,3.2946863878005446e-5,0.0027613130353980795,2.879391620039673,Down,TRUE
WT_6h_ipsilateral_vs_contralateral,Epha7,13841,ENSMUSG00000028289,Eph receptor A7,-1.2829590658593641,10.53880795569253,-8.06248054884045,3.2978747488621315e-5,0.0027613130353980795,2.878402291078272,Down,TRUE
WT_6h_ipsilateral_vs_contralateral,Epha5,13839,ENSMUSG00000029245,Eph receptor A5,-0.9168895682874378,12.284234507404227,-8.058564538979775,3.309856702362681e-5,0.0027613130353980795,2.8746927697024045,Down,TRUE
WT_6h_ipsilateral_vs_contralateral,Ccnd3,12445,ENSMUSG00000034165,cyclin D3,1.0599971869636455,9.260026424993708,8.050545122007307,3.334544639910215e-5,0.0027654841976108625,2.8670911055006023,Up,TRUE
WT_6h_ipsilateral_vs_contralateral,Clcf1,56708,ENSMUSG00000040663,cardiotrophin-like cytokine factor 1,2.4979305712410946,5.245105054076744,8.048883034580525,3.3396868649038025e-5,0.0027654841976108625,2.8655147417233646,Up,TRUE
WT_6h_ipsilateral_vs_contralateral,Myc,17869,ENSMUSG00000022346,myelocytomatosis oncogene,1.2322282909831213,9.11023704442117,8.044140859186262,3.354406677571573e-5,0.002767385508996548,2.861015526079232,Up,TRUE
WT_6h_ipsilateral_vs_contralateral,Armc7,276905,ENSMUSG00000057219,armadillo repeat containing 7,1.3662753754706882,7.74777610521215,8.025580720935345,3.41271206863699e-5,0.0028050982040180427,2.843383164881093,Up,TRUE
WT_6h_ipsilateral_vs_contralateral,Rela,19697,ENSMUSG00000024927,v-rel reticuloendotheliosis viral oncogene homolog A (avian),1.0544173918383937,9.38317023273136,8.011918434225695,3.45634781193395e-5,0.0028087916029395587,2.83038023704383,Up,TRUE
WT_6h_ipsilateral_vs_contralateral,Herpud1,64209,ENSMUSG00000031770,"homocysteine-inducible, endoplasmic reticulum stress-inducible, ubiquitin-like domain member 1",1.0054945813168814,9.679362521052575,8.011458440377458,3.4578276830626314e-5,0.0028087916029395587,2.8299420944656255,Up,TRUE
WT_6h_ipsilateral_vs_contralateral,Bsn,12217,ENSMUSG00000032589,bassoon,-1.4637679083757007,12.313100792985944,-8.27235984527395,3.4644669267794913e-5,0.0028087916029395587,2.8676024635987556,Down,TRUE
WT_6h_ipsilateral_vs_contralateral,Myo1e,71602,ENSMUSG00000032220,myosin IE,1.5945889272921612,8.345697092164208,8.008177942916422,3.468401901654177e-5,0.0028087916029395587,2.8268167727336415,Up,TRUE
WT_6h_ipsilateral_vs_contralateral,Pcsk1,18548,ENSMUSG00000021587,proprotein convertase subtilisin/kexin type 1,-1.1271210102263556,9.095464076864822,-7.998779840560707,3.498893964243137e-5,0.0028087916029395587,2.8178568203362424,Down,TRUE
WT_6h_ipsilateral_vs_contralateral,Gadd45a,13197,ENSMUSG00000036390,growth arrest and DNA-damage-inducible 45 alpha,1.978873656174252,6.641239270228054,7.998643551194795,3.499338330319623e-5,0.0028087916029395587,2.817726815051861,Up,TRUE
WT_6h_ipsilateral_vs_contralateral,Chaserr,69170,ENSMUSG00000101970,CHD2 adjacent suppressive regulatory RNA,1.1988530088889577,8.350416976889774,7.988737332558901,3.531805007615045e-5,0.0028087916029395587,2.8082720010593345,Up,TRUE
WT_6h_ipsilateral_vs_contralateral,Map1b,17755,ENSMUSG00000052727,microtubule-associated protein 1B,-0.8432245043587407,14.841032769876742,-7.982687849696602,3.551795444601507e-5,0.0028087916029395587,2.8024929800356873,Down,TRUE
WT_6h_ipsilateral_vs_contralateral,Sptbn2,20743,ENSMUSG00000067889,"spectrin beta, non-erythrocytic 2",-0.9275051822786402,13.911960634197277,-7.980827592765812,3.557967782939827e-5,0.0028087916029395587,2.800715098594342,Down,TRUE
WT_6h_ipsilateral_vs_contralateral,Fam107a,268709,ENSMUSG00000021750,"family with sequence similarity 107, member A",-1.4070106358878647,11.227291049175154,-8.086100408587118,3.570414077719313e-5,0.0028087916029395587,2.814135559446191,Down,TRUE
WT_6h_ipsilateral_vs_contralateral,Ifit3,15959,ENSMUSG00000074896,interferon-induced protein with tetratricopeptide repeats 3,1.9177901364657117,6.41545316727731,7.975054635413832,3.577198162997977e-5,0.0028087916029395587,2.7951954005191997,Up,TRUE
WT_6h_ipsilateral_vs_contralateral,Tfrc,22042,ENSMUSG00000022797,transferrin receptor,-0.948849242012006,11.148982646157473,-7.974483541684846,3.579106783715189e-5,0.0028087916029395587,2.79464916507926,Down,TRUE
WT_6h_ipsilateral_vs_contralateral,Bmp2,12156,ENSMUSG00000027358,bone morphogenetic protein 2,1.6875011168417897,7.120112152891004,7.968773431086236,3.598252304901087e-5,0.0028087916029395587,2.789185664326057,Up,TRUE
WT_6h_ipsilateral_vs_contralateral,Mir124a-1hg,268755,ENSMUSG00000097545,Mir124-1 host gene (non-protein coding),-1.046306702859491,9.769749011488582,-7.968225388045016,3.600095798600153e-5,0.0028087916029395587,2.7886611050258594,Down,TRUE
WT_6h_ipsilateral_vs_contralateral,Cd74,16149,ENSMUSG00000024610,"CD74 antigen (invariant polypeptide of major histocompatibility complex, class II antigen-associated)",2.016794244338863,5.916044261362854,7.962250211010855,3.620262899752776e-5,0.0028087916029395587,2.7829398583340517,Up,TRUE
WT_6h_ipsilateral_vs_contralateral,Cnksr2,245684,ENSMUSG00000025658,connector enhancer of kinase suppressor of Ras 2,-1.007935812629146,11.504834856746774,-7.959289459596001,3.6303021578632064e-5,0.0028087916029395587,2.780103500693402,Down,TRUE
WT_6h_ipsilateral_vs_contralateral,Snhg12,100039864,ENSMUSG00000086290,small nucleolar RNA host gene 12,1.3518602807523425,7.7064493546592905,7.957884126239487,3.6350781113058955e-5,0.0028087916029395587,2.7787568793623727,Up,TRUE
WT_6h_ipsilateral_vs_contralateral,Btbd3,228662,ENSMUSG00000062098,BTB domain containing 3,-1.0933289658929901,11.384704915485733,-7.955211949248285,3.644178555553456e-5,0.0028087916029395587,2.7761957508130077,Down,TRUE
WT_6h_ipsilateral_vs_contralateral,S1pr3,13610,ENSMUSG00000067586,sphingosine-1-phosphate receptor 3,1.839935142825297,9.232356902831171,8.357995633862954,3.770369390522972e-5,0.0028771811769152484,2.8073036556843736,Up,TRUE
WT_6h_ipsilateral_vs_contralateral,Hpcal4,170638,ENSMUSG00000046093,hippocalcin-like 4,-0.8417862592723502,12.689034260036022,-7.9186723340122995,3.771181197851548e-5,0.0028771811769152484,2.741096912843574,Down,TRUE
WT_6h_ipsilateral_vs_contralateral,Samd4,74480,ENSMUSG00000021838,sterile alpha motif domain containing 4,1.159586045840106,9.301809674204964,7.918537625666918,3.7716583778193154e-5,0.0028771811769152484,2.740967247655952,Up,TRUE
WT_6h_ipsilateral_vs_contralateral,Sowaha,237761,ENSMUSG00000044352,sosondowah ankyrin repeat domain family member A,-1.1740227094651736,11.01193494093644,-7.914381695448267,3.786412877735567e-5,0.002878578390838217,2.7369659345702217,Down,TRUE
WT_6h_ipsilateral_vs_contralateral,Insig1,231070,ENSMUSG00000045294,insulin induced gene 1,1.10316118215294,11.715303661786585,7.896059710000727,3.8522257729808986e-5,0.0029153904511762378,2.7193031501310294,Up,TRUE
WT_6h_ipsilateral_vs_contralateral,Arf6,11845,ENSMUSG00000044147,ARF GTPase 6,0.9504530176391679,10.07447958034096,7.893640188113357,3.861010922994344e-5,0.0029153904511762378,2.716967940536774,Up,TRUE
WT_6h_ipsilateral_vs_contralateral,Defb11,246081,ENSMUSG00000045337,defensin beta 11,-4.361866567227664,2.1809332836138315,-7.880394948670344,3.9094981031899876e-5,0.0029420294002890867,2.7041729109438126,Down,TRUE
WT_6h_ipsilateral_vs_contralateral,Ppp1r18,76448,ENSMUSG00000034595,"protein phosphatase 1, regulatory subunit 18",1.2052673324764882,9.117392228520483,7.8596370876499355,3.986847517030872e-5,0.002982358687512524,2.6840819609713744,Up,TRUE
WT_6h_ipsilateral_vs_contralateral,Stat3,20848,ENSMUSG00000004040,signal transducer and activator of transcription 3,1.0315598670848587,10.895776084540415,7.857065112658051,3.9965486765214685e-5,0.002982358687512524,2.681589326691377,Up,TRUE
WT_6h_ipsilateral_vs_contralateral,Mxd1,17119,ENSMUSG00000001156,MAX dimerization protein 1,1.1433218539563885,9.145862171184387,7.8515364225818,4.017490690335603e-5,0.002982358687512524,2.676228725984261,Up,TRUE
WT_6h_ipsilateral_vs_contralateral,Clic6,209195,ENSMUSG00000022949,chloride intracellular channel 6,-3.2599816655018143,6.888651549932819,-8.729709248177487,4.0436502283327124e-5,0.002982358687512524,2.796096248261474,Down,TRUE
WT_6h_ipsilateral_vs_contralateral,Lilr4b,NA,NA,NA,2.861220117504059,4.3317131305790255,7.8409522073595905,4.057921855080683e-5,0.002982358687512524,2.6659569255270803,Up,TRUE
WT_6h_ipsilateral_vs_contralateral,Slbp,20492,ENSMUSG00000004642,stem-loop binding protein,1.0724546449564034,8.956020278353842,7.836231506556224,4.0760996371145525e-5,0.002982358687512524,2.661371588731166,Up,TRUE
WT_6h_ipsilateral_vs_contralateral,Tpbg,21983,ENSMUSG00000035274,trophoblast glycoprotein,1.4371570682239962,8.390124257427942,7.8344308332113375,4.083057117905318e-5,0.002982358687512524,2.659621901949812,Up,TRUE
WT_6h_ipsilateral_vs_contralateral,Fam126b,NA,NA,NA,-0.98706963380892,10.563663703709071,-7.830920331356261,4.0966588647559204e-5,0.002982358687512524,2.6562097732215495,Down,TRUE
WT_6h_ipsilateral_vs_contralateral,Alkbh1,211064,ENSMUSG00000079036,"alkB homolog 1, histone H2A dioxygenase",1.117989232264307,8.838408266072776,7.828693656602808,4.10531228047417e-5,0.002982358687512524,2.65404479111192,Up,TRUE
WT_6h_ipsilateral_vs_contralateral,Tgif1,21815,ENSMUSG00000047407,TGFB-induced factor homeobox 1,2.0464366285073554,6.38711684152434,7.8277169310911106,4.109114457222202e-5,0.002982358687512524,2.6530949543483437,Up,TRUE
WT_6h_ipsilateral_vs_contralateral,Serpine1,18787,ENSMUSG00000037411,"serine (or cysteine) peptidase inhibitor, clade E, member 1",3.0706606021184717,5.5420235437803544,7.827395541700719,4.110366406582918e-5,0.002982358687512524,2.6527823896256493,Up,TRUE
WT_6h_ipsilateral_vs_contralateral,Itpkc,233011,ENSMUSG00000003752,"inositol 1,4,5-trisphosphate 3-kinase C",1.420177832337779,7.529320979755917,7.807862296955227,4.187254577973119e-5,0.0030282823287127022,2.633764068958383,Up,TRUE
WT_6h_ipsilateral_vs_contralateral,Ccl7,20306,ENSMUSG00000035373,C-C motif chemokine ligand 7,4.310521022524477,4.050008743522927,7.801718893494208,4.211764428631671e-5,0.0030301431492110818,2.627773892173206,Up,TRUE
WT_6h_ipsilateral_vs_contralateral,Fam189a1,NA,NA,NA,-1.0389607673822265,10.869003587612635,-7.799818378208226,4.219378863419858e-5,0.0030301431492110818,2.6259199324446847,Down,TRUE
WT_6h_ipsilateral_vs_contralateral,Bcl3,12051,ENSMUSG00000053175,B cell leukemia/lymphoma 3,3.725140046769534,4.807785474063522,7.797015213437005,4.230637573084832e-5,0.0030301431492110818,2.623184704359728,Up,TRUE
WT_6h_ipsilateral_vs_contralateral,Dipk1a,67266,ENSMUSG00000029270,divergent protein kinase domain 1A,-1.0625558253194463,9.213952458545041,-7.786812703755661,4.2718965910686585e-5,0.0030496439535681696,2.613222103665274,Down,TRUE
WT_6h_ipsilateral_vs_contralateral,Bmp2k,140780,ENSMUSG00000034663,BMP2 inducible kinase,1.079576757668958,8.984582301156363,7.782480729472854,4.2895495279902135e-5,0.0030496439535681696,2.608988500990666,Up,TRUE
WT_6h_ipsilateral_vs_contralateral,Angptl4,57875,ENSMUSG00000002289,angiopoietin-like 4,1.4410436740141312,8.636367531859083,7.7801851121261905,4.29893693118027e-5,0.0030496439535681696,2.606744168265797,Up,TRUE
WT_6h_ipsilateral_vs_contralateral,Lsamp,268890,ENSMUSG00000061080,limbic system-associated membrane protein,-0.9761746439932111,12.93005146215256,-7.774078555976257,4.324019071928703e-5,0.003057699200863868,2.6007711830619673,Down,TRUE
WT_6h_ipsilateral_vs_contralateral,Mfrp,259172,ENSMUSG00000034739,membrane frizzled-related protein,-5.336112072430403,3.101123297650429,-7.7692424034638075,4.343997977659083e-5,0.0030621061693783566,2.5960378710799983,Down,TRUE
WT_6h_ipsilateral_vs_contralateral,Sun2,223697,ENSMUSG00000042524,Sad1 and UNC84 domain containing 2,1.0571712007638858,9.516393539703417,7.762846617226094,4.370576900165724e-5,0.003071123042624338,2.5897740933543876,Up,TRUE
WT_6h_ipsilateral_vs_contralateral,Lmcd1,30937,ENSMUSG00000057604,LIM and cysteine-rich domains 1,1.699965967801539,7.1402090458289,7.741061645713608,4.462466769900267e-5,0.003118396787349237,2.568404544045233,Up,TRUE
WT_6h_ipsilateral_vs_contralateral,Lrrc75a,192976,ENSMUSG00000046417,leucine rich repeat containing 75A,1.446644586273269,7.605392280968779,7.7369881420450595,4.479884917594451e-5,0.003118396787349237,2.5644028386273092,Up,TRUE
WT_6h_ipsilateral_vs_contralateral,Rasl11b,68939,ENSMUSG00000049907,"RAS-like, family 11, member B",1.0977624839290225,10.326835773316452,7.731146299066216,4.5049957565154185e-5,0.003118396787349237,2.5586607235137144,Up,TRUE
WT_6h_ipsilateral_vs_contralateral,Zfp574,232976,ENSMUSG00000045252,zinc finger protein 574,1.2878546179814467,9.779705808848327,7.730936393151539,4.505900917058919e-5,0.003118396787349237,2.5584543299082156,Up,TRUE
WT_6h_ipsilateral_vs_contralateral,Med26,70625,ENSMUSG00000045248,mediator complex subunit 26,1.3171397866870782,8.301431807653266,7.730484375570499,4.5078507992208944e-5,0.003118396787349237,2.5580098590952147,Up,TRUE
WT_6h_ipsilateral_vs_contralateral,Rimbp2,231760,ENSMUSG00000029420,RIMS binding protein 2,-0.9825110433483903,11.020770289291836,-7.726443495253778,4.525323574738968e-5,0.0031207920318052787,2.554035428141436,Down,TRUE
WT_6h_ipsilateral_vs_contralateral,Rhoc,11853,ENSMUSG00000002233,ras homolog family member C,1.2597540250130077,9.007902690343142,7.713689807210637,4.580963497122085e-5,0.0031494124042714335,2.5414794671854484,Up,TRUE
WT_6h_ipsilateral_vs_contralateral,Plscr1,22038,ENSMUSG00000032369,phospholipid scramblase 1,1.9794982710881674,6.010790363813854,7.710039895799244,4.5970256766054594e-5,0.003149444837416314,2.53788278518012,Up,TRUE
WT_6h_ipsilateral_vs_contralateral,B3galt2,26878,ENSMUSG00000033849,"UDP-Gal:betaGlcNAc beta 1,3-galactosyltransferase, polypeptide 2",-1.0854623083222616,9.609219817373228,-7.704566614274026,4.621228777744614e-5,0.003149444837416314,2.5324865218155868,Down,TRUE
WT_6h_ipsilateral_vs_contralateral,Ints6l,236790,ENSMUSG00000035967,integrator complex subunit 6 like,-0.9969289470660456,9.185306044516075,-7.704070980759229,4.6234274380926364e-5,0.003149444837416314,2.531997696552823,Down,TRUE
WT_6h_ipsilateral_vs_contralateral,Rfx2,19725,ENSMUSG00000024206,"regulatory factor X, 2 (influences HLA class II expression)",2.169064335176306,7.122404717168603,7.699682904399481,4.662952905732747e-5,0.003166685243146248,2.524017628127366,Up,TRUE
WT_6h_ipsilateral_vs_contralateral,Tob1,22057,ENSMUSG00000037573,transducer of ErbB-2.1,1.2007563138305244,9.38003813099443,7.681548997407296,4.724567024926113e-5,0.003198776002438576,2.509755933383042,Up,TRUE
WT_6h_ipsilateral_vs_contralateral,Sema4b,20352,ENSMUSG00000030539,"sema domain, immunoglobulin domain (Ig), transmembrane domain (TM) and short cytoplasmic domain, (semaphorin) 4B",1.0001007570382967,9.16814987306433,7.67154118959726,4.770291953346211e-5,0.0032166421519499574,2.499854306760195,Up,TRUE
WT_6h_ipsilateral_vs_contralateral,Snhg16,66293,ENSMUSG00000020812,small nucleolar RNA host gene 16,1.6353822689213624,6.740218392044651,7.669465580998715,4.779836373941351e-5,0.0032166421519499574,2.4977993049985407,Up,TRUE
WT_6h_ipsilateral_vs_contralateral,Ksr1,16706,ENSMUSG00000018334,kinase suppressor of ras 1,-0.9343795191615527,10.573792369934036,-7.662194515905908,4.813438297970728e-5,0.00322006306258063,2.490596589834823,Down,TRUE
WT_6h_ipsilateral_vs_contralateral,Reps2,194590,ENSMUSG00000040855,RALBP1 associated Eps domain containing protein 2,-0.8502894922199431,11.192456953899248,-7.662109731858952,4.8138316491104366e-5,0.00322006306258063,2.4905125675445916,Down,TRUE
WT_6h_ipsilateral_vs_contralateral,Slc7a4,224022,ENSMUSG00000022756,"solute carrier family 7 (cationic amino acid transporter, y+ system), member 4",-0.9247589292794416,10.000708234695443,-7.65736101429058,4.83591990354991e-5,0.003221693478603396,2.485805218075452,Down,TRUE
WT_6h_ipsilateral_vs_contralateral,Rab7b,226421,ENSMUSG00000052688,"RAB7B, member RAS oncogene family",1.8896679686029234,6.2533851571856305,7.655373994899371,4.845195579493323e-5,0.003221693478603396,2.4838347515859507,Up,TRUE
WT_6h_ipsilateral_vs_contralateral,Col8a2,329941,ENSMUSG00000056174,"collagen, type VIII, alpha 2",-2.364241775416513,6.363390491625576,-7.645575874738131,4.891223029903797e-5,0.0032426188390210445,2.474111719640714,Down,TRUE
WT_6h_ipsilateral_vs_contralateral,Csrp1,13007,ENSMUSG00000026421,cysteine and glycine-rich protein 1,0.910915550841036,10.831999026530166,7.631806717737995,4.956723575433165e-5,0.0032762913247113873,2.4604296949669546,Up,TRUE
WT_6h_ipsilateral_vs_contralateral,Btg1,12226,ENSMUSG00000036478,BTG anti-proliferation factor 1,0.934296787735116,10.28645983463798,7.626808227986086,4.980740989942497e-5,0.0032824261997328142,2.4554575129134104,Up,TRUE
WT_6h_ipsilateral_vs_contralateral,Tjp2,21873,ENSMUSG00000024812,tight junction protein 2,1.0216358852322056,9.60776057317226,7.615536142076956,5.035376076227104e-5,0.0033086431297332966,2.4442343312856547,Up,TRUE
WT_6h_ipsilateral_vs_contralateral,Relt,320100,ENSMUSG00000008318,RELT tumor necrosis factor receptor,1.2800712414997468,7.7134880473358844,7.608800878152241,5.0683373859828216e-5,0.003317044943615191,2.437521388675872,Up,TRUE
WT_6h_ipsilateral_vs_contralateral,Htr1a,15550,ENSMUSG00000021721,5-hydroxytryptamine (serotonin) receptor 1A,-1.1320737851508174,8.715146076636087,-7.605191807446708,5.086097668764351e-5,0.003317044943615191,2.4339221526697727,Down,TRUE
WT_6h_ipsilateral_vs_contralateral,Kcnj13,100040591,ENSMUSG00000079436,"potassium inwardly-rectifying channel, subfamily J, member 13",-4.57367190480797,2.988618440151899,-7.601824923625081,5.102728172107542e-5,0.003317044943615191,2.4305631051241416,Down,TRUE
WT_6h_ipsilateral_vs_contralateral,Anxa2,12306,ENSMUSG00000032231,annexin A2,2.15296279207913,9.49772496094705,8.734383792521827,5.1077280164310234e-5,0.003317044943615191,2.596569161451864,Up,TRUE
WT_6h_ipsilateral_vs_contralateral,Lnpep,240028,ENSMUSG00000023845,leucyl/cystinyl aminopeptidase,-1.0080398852201427,10.620437736152962,-7.597697638487247,5.12319666443699e-5,0.003317418770358545,2.426443662478807,Down,TRUE
WT_6h_ipsilateral_vs_contralateral,Ptprj,19271,ENSMUSG00000025314,protein tyrosine phosphatase receptor type J,-0.8770244728186611,10.699893369642474,-7.583587230431139,5.1938628951537054e-5,0.003334361702656574,2.4123453781406745,Down,TRUE
WT_6h_ipsilateral_vs_contralateral,Sh3bp2,24055,ENSMUSG00000054520,SH3-domain binding protein 2,1.1561995913089191,8.428099471596703,7.583577436705373,5.193912315572166e-5,0.003334361702656574,2.4123355849296093,Up,TRUE
WT_6h_ipsilateral_vs_contralateral,Enpp2,18606,ENSMUSG00000022425,ectonucleotide pyrophosphatase/phosphodiesterase 2,-1.6496288168970352,10.843332462617278,-8.198173371119088,5.194269408852216e-5,0.003334361702656574,2.510984451437565,Down,TRUE
WT_6h_ipsilateral_vs_contralateral,Stx11,74732,ENSMUSG00000039232,syntaxin 11,2.6072111210811513,5.124695828645937,7.580014541338967,5.211925678520767e-5,0.0033360817381910945,2.4087721490065217,Up,TRUE
WT_6h_ipsilateral_vs_contralateral,C130071C03Rik,NA,NA,NA,-1.085281927132641,10.061190973199864,-7.571159986612167,5.2569924236372986e-5,0.0033552867116481613,2.3999099605384995,Down,TRUE
WT_6h_ipsilateral_vs_contralateral,Smpd3,58994,ENSMUSG00000031906,"sphingomyelin phosphodiesterase 3, neutral",-0.8818686936265046,11.989566611988696,-7.566593312887623,5.280403451875619e-5,0.0033576283797295586,2.395335840444284,Down,TRUE
WT_6h_ipsilateral_vs_contralateral,Sh3rf1,59009,ENSMUSG00000031642,SH3 domain containing ring finger 1,-1.2395842386813243,10.741956126394737,-7.5645708555167515,5.290808355937486e-5,0.0033576283797295586,2.393309321683006,Down,TRUE
WT_6h_ipsilateral_vs_contralateral,Pex5l,58869,ENSMUSG00000027674,peroxisomal biogenesis factor 5-like,-1.0155475240212635,10.642590654760188,-7.550125435694873,5.36578759676827e-5,0.0033955374635799207,2.3788212486897766,Down,TRUE
WT_6h_ipsilateral_vs_contralateral,Scn2a,110876,ENSMUSG00000075318,"sodium channel, voltage-gated, type II, alpha",-1.1102132680349346,12.267885629972726,-7.544459401464126,5.395517193721111e-5,0.00340467834249682,2.373131941233636,Down,TRUE
WT_6h_ipsilateral_vs_contralateral,Cdkl5,382253,ENSMUSG00000031292,cyclin dependent kinase like 5,-1.0412395107515486,11.351979034677138,-7.539277572011981,5.422865566967069e-5,0.0034122692232822446,2.3679255958510588,Down,TRUE
WT_6h_ipsilateral_vs_contralateral,Aak1,269774,ENSMUSG00000057230,AP2 associated kinase 1,-0.8369843120415883,12.47221767835331,-7.531247100908912,5.465551435661525e-5,0.0034294410768833934,2.359851026294537,Down,TRUE
WT_6h_ipsilateral_vs_contralateral,Snhg15,100041286,ENSMUSG00000085156,small nucleolar RNA host gene 15,1.8072149445201164,6.2900094831446784,7.5223980038405465,5.513019105588279e-5,0.003449508443173565,2.3509447313262264,Up,TRUE
WT_6h_ipsilateral_vs_contralateral,Il1rn,16181,ENSMUSG00000026981,interleukin 1 receptor antagonist,3.935070073927217,3.0364161566340115,7.516627864387681,5.544216099415429e-5,0.0034538489881304132,2.3451324310559887,Up,TRUE
WT_6h_ipsilateral_vs_contralateral,Clec7a,56644,ENSMUSG00000079293,"C-type lectin domain family 7, member a",3.067464384142263,4.527185471598742,7.512199140212762,5.568292860932403e-5,0.0034538489881304132,2.3406687403974527,Up,TRUE
WT_6h_ipsilateral_vs_contralateral,Usp36,72344,ENSMUSG00000033909,ubiquitin specific peptidase 36,0.9372303759049476,9.819174466453838,7.509226317644307,5.584519396956636e-5,0.0034538489881304132,2.3376711754414092,Up,TRUE
WT_6h_ipsilateral_vs_contralateral,Tgfbi,21810,ENSMUSG00000035493,"transforming growth factor, beta induced",1.3526111380817758,7.598579867328126,7.509090998844148,5.585259248599451e-5,0.0034538489881304132,2.33753470610184,Up,TRUE
WT_6h_ipsilateral_vs_contralateral,Cxcl10,15945,ENSMUSG00000034855,C-X-C motif chemokine ligand 10,4.908692136805143,4.734908037731561,8.166018156645906,5.5974836575312194e-5,0.0034538489881304132,2.4426817297029224,Up,TRUE
WT_6h_ipsilateral_vs_contralateral,Kcnq2,16536,ENSMUSG00000016346,"potassium voltage-gated channel, subfamily Q, member 2",-0.8898999505438514,12.517252739852491,-7.493203708897265,5.672879905472693e-5,0.0034841199588021552,2.321497614904315,Down,TRUE
WT_6h_ipsilateral_vs_contralateral,Kcnc3,16504,ENSMUSG00000062785,"potassium voltage gated channel, Shaw-related subfamily, member 3",-0.8553576360831219,10.656785925275887,-7.492315143089714,5.6778251180479564e-5,0.0034841199588021552,2.320599808091691,Down,TRUE
WT_6h_ipsilateral_vs_contralateral,Fas,14102,ENSMUSG00000024778,Fas cell surface death receptor,2.9165798392109794,5.7491644297487206,7.493795390152411,5.737318939659999e-5,0.003505156023704634,2.3120612917470975,Up,TRUE
WT_6h_ipsilateral_vs_contralateral,Errfi1,74155,ENSMUSG00000028967,ERBB receptor feedback inhibitor 1,0.9667366271422662,10.040299849004999,7.47823999728155,5.756797280807652e-5,0.003505156023704634,2.3063660744293806,Up,TRUE
WT_6h_ipsilateral_vs_contralateral,Fam13c,71721,ENSMUSG00000043259,"family with sequence similarity 13, member C",-0.9158524826493721,9.795768128693968,-7.477795027913594,5.7593136012385906e-5,0.003505156023704634,2.3059157167257975,Down,TRUE
WT_6h_ipsilateral_vs_contralateral,Pdzrn3,55983,ENSMUSG00000035357,PDZ domain containing RING finger 3,1.1906253509171947,9.600730299182878,7.472556369138042,5.789029964740942e-5,0.0035136414840491684,2.300611891972272,Up,TRUE
WT_6h_ipsilateral_vs_contralateral,Dok2,13449,ENSMUSG00000022102,docking protein 2,2.63982006940491,4.893318055612632,7.462425653738595,5.846978224893218e-5,0.003525525305049942,2.2903461093346227,Up,TRUE
WT_6h_ipsilateral_vs_contralateral,Ccl11,20292,ENSMUSG00000020676,C-C motif chemokine ligand 11,3.498963857072287,3.424242279318419,7.460945324476905,5.85549931472392e-5,0.003525525305049942,2.288845044166546,Up,TRUE
WT_6h_ipsilateral_vs_contralateral,Cd44,12505,ENSMUSG00000005087,CD44 antigen,2.1974556540847816,8.775419062511181,8.401390717646517,5.856091415795639e-5,0.003525525305049942,2.4372676827325233,Up,TRUE
WT_6h_ipsilateral_vs_contralateral,Gas2l1,78926,ENSMUSG00000034201,growth arrest-specific 2 like 1,0.8905788183836023,9.905969315230394,7.453036748893231,5.901255768076439e-5,0.0035431394133127406,2.280821366324844,Up,TRUE
WT_6h_ipsilateral_vs_contralateral,Pcdh1,75599,ENSMUSG00000051375,protocadherin 1,-0.817496035478392,12.04953725141895,-7.447598317296277,5.932949892856783e-5,0.0035525929801985172,2.2752995553355877,Down,TRUE
WT_6h_ipsilateral_vs_contralateral,Kcnq3,110862,ENSMUSG00000056258,"potassium voltage-gated channel, subfamily Q, member 3",-0.9657109179183063,11.859467683340434,-7.437536045028056,5.992087780704038e-5,0.003578384860996849,2.2650739182809225,Down,TRUE
WT_6h_ipsilateral_vs_contralateral,Fam83d,71878,ENSMUSG00000027654,"family with sequence similarity 83, member D",1.6833442969282881,6.801547902323874,7.431619959968945,6.0271614662710296e-5,0.0035897064615290695,2.259056265591921,Up,TRUE
WT_6h_ipsilateral_vs_contralateral,Megf9,230316,ENSMUSG00000039270,multiple EGF-like-domains 9,-1.1216691331617135,11.433412531258067,-7.420574632692979,6.093252446886246e-5,0.00361939195345043,2.2478103620256604,Down,TRUE
WT_6h_ipsilateral_vs_contralateral,Cdon,57810,ENSMUSG00000038119,cell adhesion molecule-related/down-regulated by oncogenes,1.0592729903446028,8.724704551496366,7.397902988173781,6.231432813805271e-5,0.0036916267533912877,2.2246822523567946,Up,TRUE
WT_6h_ipsilateral_vs_contralateral,Cyp1b1,13078,ENSMUSG00000024087,"cytochrome P450, family 1, subfamily b, polypeptide 1",1.1684931692581184,9.634663996053483,7.391292317802864,6.272372841898832e-5,0.0037018961571660485,2.2179271273593155,Up,TRUE
WT_6h_ipsilateral_vs_contralateral,Sult1a1,20887,ENSMUSG00000030711,"sulfotransferase family 1A, phenol-preferring, member 1",-2.462286157402345,5.971923396961089,-7.387133029521347,6.298283587881124e-5,0.0037018961571660485,2.213674319075116,Down,TRUE
WT_6h_ipsilateral_vs_contralateral,Trim62,67525,ENSMUSG00000041000,tripartite motif-containing 62,0.9340127105564751,10.022591494292236,7.384212459695983,6.316548229870858e-5,0.0037018961571660485,2.210686865498438,Up,TRUE
WT_6h_ipsilateral_vs_contralateral,Klf11,194655,ENSMUSG00000020653,Kruppel-like transcription factor 11,1.07447371280744,8.48246563442648,7.381877044312116,6.331195522762424e-5,0.0037018961571660485,2.208297244830554,Up,TRUE
WT_6h_ipsilateral_vs_contralateral,Akt3,23797,ENSMUSG00000019699,thymoma viral proto-oncogene 3,-0.8820250060421628,12.587279888981824,-7.381770795447568,6.331862787341254e-5,0.0037018961571660485,2.208188514651182,Down,TRUE
WT_6h_ipsilateral_vs_contralateral,Hcn1,15165,ENSMUSG00000021730,hyperpolarization activated cyclic nucleotide gated potassium channel 1,-1.0741403368883642,10.491607543562257,-7.3781522722508255,6.354634274847941e-5,0.0037054837296397352,2.204484691856118,Down,TRUE
WT_6h_ipsilateral_vs_contralateral,Tnf,21926,ENSMUSG00000024401,tumor necrosis factor,3.6713556421661755,3.192352792006683,7.375308072466188,6.372596395239117e-5,0.00370625547529899,2.201572363367033,Up,TRUE
WT_6h_ipsilateral_vs_contralateral,Ets2,23872,ENSMUSG00000022895,"E26 avian leukemia oncogene 2, 3' domain",1.1339590451156507,10.28103339282351,7.36682576248897,6.426498919689598e-5,0.0037168819994819902,2.1928812110984044,Up,TRUE
WT_6h_ipsilateral_vs_contralateral,Large1,16795,ENSMUSG00000004383,LARGE xylosyl- and glucuronyltransferase 1,-0.8253975043025683,11.562206245494803,-7.366082791619185,6.431244201317776e-5,0.0037168819994819902,2.1921195435208194,Down,TRUE
WT_6h_ipsilateral_vs_contralateral,Map3k19,22625,ENSMUSG00000051590,mitogen-activated protein kinase kinase kinase 19,1.7339961985470023,6.603245793042092,7.364568653664416,6.440926831874515e-5,0.0037168819994819902,2.1905671010146612,Up,TRUE
WT_6h_ipsilateral_vs_contralateral,Pik3ap1,83490,ENSMUSG00000025017,phosphoinositide-3-kinase adaptor protein 1,1.7507928336870071,6.860232879550194,7.361091596108006,6.463222947111927e-5,0.003720110882349307,2.1870010571742498,Up,TRUE
WT_6h_ipsilateral_vs_contralateral,Flnb,286940,ENSMUSG00000025278,"filamin, beta",0.8969357577004775,10.128575138372472,7.3573669567280024,6.487201222756968e-5,0.0037242888463121506,2.1831795120232194,Up,TRUE
WT_6h_ipsilateral_vs_contralateral,Sacs,50720,ENSMUSG00000048279,sacsin,-0.8632944040364752,10.79268720066361,-7.335792789384764,6.628036933389124e-5,0.003790586671137255,2.1610117789791268,Down,TRUE
WT_6h_ipsilateral_vs_contralateral,Cdc40,71713,ENSMUSG00000038446,cell division cycle 40,-0.9510955687393299,9.543592788330672,-7.332186904984864,6.651903682035887e-5,0.003790586671137255,2.1573013126466076,Down,TRUE
WT_6h_ipsilateral_vs_contralateral,Hes5,15208,ENSMUSG00000048001,hes family bHLH transcription factor 5,-1.727022579644757,6.807035056398022,-7.33191086839522,6.653734628124205e-5,0.003790586671137255,2.1570172066333573,Down,TRUE
WT_6h_ipsilateral_vs_contralateral,Rassf1,56289,ENSMUSG00000010067,Ras association (RalGDS/AF-6) domain family member 1,1.329733908760999,7.51827931744007,7.328103854906055,6.679043318899484e-5,0.003793792098536373,2.1530979806204975,Up,TRUE
WT_6h_ipsilateral_vs_contralateral,Ltbr,17000,ENSMUSG00000030339,lymphotoxin B receptor,1.2312321978042124,8.398096267523396,7.3259476898096025,6.693424443208954e-5,0.003793792098536373,2.1508774996781757,Up,TRUE
WT_6h_ipsilateral_vs_contralateral,Sort1,20661,ENSMUSG00000068747,sortilin 1,-0.8001912832174991,12.320044790110888,-7.312074559543974,6.786776634528006e-5,0.0038369403435053635,2.1365773515806747,Down,TRUE
WT_6h_ipsilateral_vs_contralateral,Vasn,246154,ENSMUSG00000039646,vasorin,1.144004280083065,8.198094209698967,7.299801544386031,6.870560794169415e-5,0.0038744744731676888,2.1239074988503077,Up,TRUE
WT_6h_ipsilateral_vs_contralateral,Pde10a,23984,ENSMUSG00000023868,phosphodiesterase 10A,-0.8459082319282576,10.456026619970187,-7.291005272221838,6.931312610526023e-5,0.003897567226219908,2.1148157736175364,Down,TRUE
WT_6h_ipsilateral_vs_contralateral,Dusp5,240672,ENSMUSG00000034765,dual specificity phosphatase 5,1.5919195108060453,8.311344584370367,7.288818731989844,6.946505898133797e-5,0.003897567226219908,2.112554359724111,Up,TRUE
WT_6h_ipsilateral_vs_contralateral,Mylk,107589,ENSMUSG00000022836,"myosin, light polypeptide kinase",-1.4603080510414177,7.303241962159488,-7.285008612468527,6.973068626743421e-5,0.003902640795495219,2.108612407718267,Down,TRUE
WT_6h_ipsilateral_vs_contralateral,Klf6,23849,ENSMUSG00000000078,Kruppel-like transcription factor 6,0.9682324113947214,10.75797454463283,7.278760813489388,7.01686893934646e-5,0.0039059721899000885,2.1021446811877613,Up,TRUE
WT_6h_ipsilateral_vs_contralateral,Cyth4,72318,ENSMUSG00000018008,cytohesin 4,1.209613325002005,7.989133172960605,7.277592057862665,7.02509619299928e-5,0.0039059721899000885,2.100934266892617,Up,TRUE
WT_6h_ipsilateral_vs_contralateral,Sulf1,240725,ENSMUSG00000016918,sulfatase 1,-1.635701655403465,7.797976249851487,-7.274889736055482,7.04415952095481e-5,0.0039059721899000885,2.098134999719255,Down,TRUE
WT_6h_ipsilateral_vs_contralateral,Firre,103012,ENSMUSG00000085396,functional intergenic repeating RNA element,-0.8730612968181646,9.997313450162377,-7.273254764180562,7.055721027389818e-5,0.0039059721899000885,2.096440949787125,Down,TRUE
WT_6h_ipsilateral_vs_contralateral,Ctsz,64138,ENSMUSG00000016256,cathepsin Z,1.042198583746993,8.740340862474156,7.271705306848434,7.066697160627321e-5,0.0039059721899000885,2.094835209488229,Up,TRUE
WT_6h_ipsilateral_vs_contralateral,Mycn,18109,ENSMUSG00000037169,"v-myc avian myelocytomatosis viral related oncogene, neuroblastoma derived",0.9221484193507337,9.38221110416456,7.26153911188398,7.139182205919244e-5,0.0039362693969517614,2.084292611745484,Up,TRUE
WT_6h_ipsilateral_vs_contralateral,Dusp10,63953,ENSMUSG00000039384,dual specificity phosphatase 10,1.5185335962228708,6.962290497358394,7.2541245351456904,7.192565665113528e-5,0.003947872872558045,2.076595708117827,Up,TRUE
WT_6h_ipsilateral_vs_contralateral,Rflna,73121,ENSMUSG00000037962,refilin A,1.9117231560403036,6.126437335120085,7.2521814576729735,7.206628181696485e-5,0.003947872872558045,2.074577554183616,Up,TRUE
WT_6h_ipsilateral_vs_contralateral,Trim2,80890,ENSMUSG00000027993,tripartite motif-containing 2,-0.9975180776805974,12.645320457913822,-7.251247624800682,7.213397347390008e-5,0.003947872872558045,2.0736074789210477,Down,TRUE
WT_6h_ipsilateral_vs_contralateral,Gabra4,14397,ENSMUSG00000029211,gamma-aminobutyric acid type A receptor subunit alpha 4,-0.9128754560518111,10.071658384982362,-7.2449331798581404,7.259354050837245e-5,0.003963287046137245,2.067045223463019,Down,TRUE
WT_6h_ipsilateral_vs_contralateral,Cd53,12508,ENSMUSG00000040747,CD53 antigen,1.4404724488937406,7.080539204935961,7.238922017478591,7.303403841216827e-5,0.0039775872998314135,2.060793707076993,Up,TRUE
WT_6h_ipsilateral_vs_contralateral,Tfdp2,211586,ENSMUSG00000032411,transcription factor Dp 2,-1.0717600372618037,8.795108970802438,-7.236116764261113,7.324061618599331e-5,0.003979109086690247,2.057874801783173,Down,TRUE
WT_6h_ipsilateral_vs_contralateral,Abtb2,99382,ENSMUSG00000032724,ankyrin repeat and BTB domain containing 2,1.1145484200521523,8.690155503775252,7.2334060451929085,7.344084526237718e-5,0.00398027938739526,2.055053362265566,Up,TRUE
WT_6h_ipsilateral_vs_contralateral,Chst3,53374,ENSMUSG00000057337,carbohydrate sulfotransferase 3,1.6280183219469633,7.686704075343419,7.21609469424004,7.473389604979505e-5,0.004040527996381516,2.0370140753398562,Up,TRUE
WT_6h_ipsilateral_vs_contralateral,Klhl3,100503085,ENSMUSG00000014164,kelch-like 3,-0.9285643422020122,9.874666337383573,-7.206432399154224,7.546651991207011e-5,0.004047475219064928,2.0269297871066225,Down,TRUE
WT_6h_ipsilateral_vs_contralateral,Snph,241727,ENSMUSG00000027457,syntaphilin,-0.8273476050133155,11.975475703674428,-7.20564774882308,7.552636144241648e-5,0.004047475219064928,2.02611037344073,Down,TRUE
WT_6h_ipsilateral_vs_contralateral,Ngfr,18053,ENSMUSG00000000120,"nerve growth factor receptor (TNFR superfamily, member 16)",1.744144624809544,6.972389116641592,7.20483276209024,7.558857202656794e-5,0.004047475219064928,2.025259200679331,Up,TRUE
WT_6h_ipsilateral_vs_contralateral,Tbc1d24,224617,ENSMUSG00000036473,"TBC1 domain family, member 24",-0.8587872843447109,11.669045395313509,-7.203465652814955,7.569305493444115e-5,0.004047475219064928,2.023831210690661,Down,TRUE
WT_6h_ipsilateral_vs_contralateral,Mcl1,17210,ENSMUSG00000038612,myeloid cell leukemia sequence 1,1.1382472321185162,11.523716392751236,7.202448223763443,7.577091655892591e-5,0.004047475219064928,2.0227683266095706,Up,TRUE
WT_6h_ipsilateral_vs_contralateral,Gpr146,80290,ENSMUSG00000044197,G protein-coupled receptor 146,1.0855118307309937,8.688861302092628,7.196946700375764,7.619347003354669e-5,0.0040603099162613695,2.0170188497396158,Up,TRUE
WT_6h_ipsilateral_vs_contralateral,Ahnak,66395,ENSMUSG00000069833,AHNAK nucleoprotein,2.2661082151725385,11.01974009629123,9.02064591651752,7.683083396019877e-5,0.004084503165783837,2.2806980802456707,Up,TRUE
WT_6h_ipsilateral_vs_contralateral,Cbfa2t3,12398,ENSMUSG00000006362,CBFA2/RUNX1 translocation partner 3,1.0616006842603447,9.248262669197324,7.182980450438523,7.727789646082007e-5,0.004098488437297065,2.00240670916965,Up,TRUE
WT_6h_ipsilateral_vs_contralateral,Dcx,13193,ENSMUSG00000031285,doublecortin,-0.9198904364326825,12.730527518322429,-7.176493103877262,7.778739741630143e-5,0.004115710872798371,1.9956113162768307,Down,TRUE
WT_6h_ipsilateral_vs_contralateral,Rln1,19773,ENSMUSG00000039097,relaxin 1,2.1687288330219205,5.492219842810449,7.167270358059135,7.851812151646483e-5,0.004136161736755793,1.985941856452456,Up,TRUE
WT_6h_ipsilateral_vs_contralateral,Lgmn,19141,ENSMUSG00000021190,legumain,0.8185498115348615,11.212818245539122,7.166069322680368,7.861383637560307e-5,0.004136161736755793,1.9846818883854418,Up,TRUE
WT_6h_ipsilateral_vs_contralateral,Mctp1,78771,ENSMUSG00000021596,"multiple C2 domains, transmembrane 1",-0.9849462256503294,10.003265746804951,-7.163790497984407,7.879579820496708e-5,0.004136161736755793,1.9822907646042989,Down,TRUE
WT_6h_ipsilateral_vs_contralateral,Gmpr,66355,ENSMUSG00000000253,guanosine monophosphate reductase,-1.2567695077993761,9.062316933568617,-7.162279998175404,7.891666613338774e-5,0.004136161736755793,1.9807054809021114,Down,TRUE
WT_6h_ipsilateral_vs_contralateral,Plekho2,102595,ENSMUSG00000050721,"pleckstrin homology domain containing, family O member 2",1.3047814940834153,8.084387034918183,7.149819349123544,7.992158833966352e-5,0.004173449420846238,1.9676173390937013,Up,TRUE
WT_6h_ipsilateral_vs_contralateral,Mib1,225164,ENSMUSG00000024294,MIB E3 ubiquitin protein ligase 1,-0.7777340501159244,11.708857863103031,-7.148819619266317,8.000282391476291e-5,0.004173449420846238,1.9665664469805186,Down,TRUE
WT_6h_ipsilateral_vs_contralateral,Car3,12350,ENSMUSG00000027559,carbonic anhydrase 3,2.5208461276650733,4.699919448557536,7.142383748183158,8.052797270660108e-5,0.004191029420653128,1.959798301911075,Up,TRUE
WT_6h_ipsilateral_vs_contralateral,Topors,106021,ENSMUSG00000036822,"topoisomerase I binding, arginine/serine-rich",0.90205430628043,9.34834520164003,7.133682945949684,8.124398880815033e-5,0.0042128950533792545,1.9506402724984024,Up,TRUE
WT_6h_ipsilateral_vs_contralateral,Apold1,381823,ENSMUSG00000090698,apolipoprotein L domain containing 1,1.282963956141363,7.690959556630709,7.131229329463302,8.144717195709499e-5,0.0042128950533792545,1.9480560508147935,Up,TRUE
WT_6h_ipsilateral_vs_contralateral,Vwa1,246228,ENSMUSG00000042116,von Willebrand factor A domain containing 1,0.9134191033684136,9.322572811931316,7.130405721643304,8.151550024720353e-5,0.0042128950533792545,1.9471884380640176,Up,TRUE
WT_6h_ipsilateral_vs_contralateral,Gria2,14800,ENSMUSG00000033981,"glutamate receptor, ionotropic, AMPA2 (alpha 2)",-0.8979754660892922,13.08809771160971,-7.119009453947873,8.246747884114993e-5,0.004252229377746793,1.9351747777400146,Down,TRUE
WT_6h_ipsilateral_vs_contralateral,Sphkap,77629,ENSMUSG00000026163,"SPHK1 interactor, AKAP domain containing",-0.8993390546773412,11.856685304695027,-7.11634248437776,8.269202868994114e-5,0.004253960598310483,1.932361035361522,Down,TRUE
WT_6h_ipsilateral_vs_contralateral,Ptk2b,19229,ENSMUSG00000059456,PTK2 protein tyrosine kinase 2 beta,-1.1110729626075475,11.538263764616444,-7.1121058748107995,8.305012485025279e-5,0.0042625380899524905,1.9278894830131268,Down,TRUE
WT_6h_ipsilateral_vs_contralateral,Nfatc1,18018,ENSMUSG00000033016,"nuclear factor of activated T cells, cytoplasmic, calcineurin dependent 1",2.330510994333391,7.972062825953703,7.840313249602414,8.377267830765607e-5,0.004289738871961009,2.051519089658685,Up,TRUE
WT_6h_ipsilateral_vs_contralateral,Myh9,17886,ENSMUSG00000022443,"myosin, heavy polypeptide 9, non-muscle",0.9839178744216035,10.69432619467668,7.095083275419631,8.450628885438707e-5,0.0043169361259070595,1.9099007522148028,Up,TRUE
WT_6h_ipsilateral_vs_contralateral,Fhdc1,229474,ENSMUSG00000041842,FH2 domain containing 1,1.5322187576815125,7.089005830690349,7.092942444347183,8.469140682475352e-5,0.0043169361259070595,1.907635904264236,Up,TRUE
WT_6h_ipsilateral_vs_contralateral,Wfikkn2,278507,ENSMUSG00000044177,"WAP, follistatin/kazal, immunoglobulin, kunitz and netrin domain containing 2",-2.5149263113006084,6.12342371237273,-7.087003277627288,8.553903930180332e-5,0.004341409805211722,1.8981005080337532,Down,TRUE
WT_6h_ipsilateral_vs_contralateral,Marchf3,320253,ENSMUSG00000032656,membrane associated ring-CH-type finger 3,1.670191144365445,6.43712309284987,7.081476649346384,8.569049899449273e-5,0.004341409805211722,1.8954963364520179,Up,TRUE
WT_6h_ipsilateral_vs_contralateral,Fbxo34,78938,ENSMUSG00000037536,F-box protein 34,-0.9159478529807075,10.452313200371378,-7.080727332864867,8.575624306591056e-5,0.004341409805211722,1.894702425675698,Down,TRUE
WT_6h_ipsilateral_vs_contralateral,Synj1,104015,ENSMUSG00000022973,synaptojanin 1,-0.7895568602325351,12.449369663870076,-7.073821743300423,8.636475622014522e-5,0.004345228274929423,1.8873826150071054,Down,TRUE
WT_6h_ipsilateral_vs_contralateral,Baz1a,217578,ENSMUSG00000035021,bromodomain adjacent to zinc finger domain 1A,1.4761527661423992,6.7777803642358965,7.0730044704670405,8.643708800780165e-5,0.004345228274929423,1.8865159315196198,Up,TRUE
WT_6h_ipsilateral_vs_contralateral,Kdm6b,216850,ENSMUSG00000018476,KDM1 lysine (K)-specific demethylase 6B,0.9160030482684753,10.429489426760794,7.071604387039972,8.656115608411288e-5,0.004345228274929423,1.8850310110659905,Up,TRUE
WT_6h_ipsilateral_vs_contralateral,Cebpa,12606,ENSMUSG00000034957,CCAAT/enhancer binding protein alpha,1.1994833885802985,8.496858905746677,7.0710317413320185,8.661195753394675e-5,0.004345228274929423,1.8844235968634546,Up,TRUE
WT_6h_ipsilateral_vs_contralateral,Fam189a2,NA,NA,NA,1.1431915233036873,8.455571417462515,7.061124153175907,8.74961211034659e-5,0.004379721567594838,1.8739080772579353,Up,TRUE
WT_6h_ipsilateral_vs_contralateral,Snai1,20613,ENSMUSG00000042821,snail family zinc finger 1,2.1165875776269916,5.73685897594361,7.056577829459675,8.790516758403024e-5,0.004386162422888245,1.8690787454856448,Up,TRUE
WT_6h_ipsilateral_vs_contralateral,D5Ertd579e,320661,ENSMUSG00000029190,"DNA segment, Chr 5, ERATO Doi 579, expressed",-0.7771397049143847,11.254661481560277,-7.055321079101545,8.801861293068667e-5,0.004386162422888245,1.8677433133488925,Down,TRUE
WT_6h_ipsilateral_vs_contralateral,Jph1,57339,ENSMUSG00000042686,junctophilin 1,-1.211129725676475,8.24917528402303,-7.034252424887492,8.994469607149468e-5,0.00444534436455137,1.8453265976229591,Down,TRUE
WT_6h_ipsilateral_vs_contralateral,Fgd3,30938,ENSMUSG00000037946,"FYVE, RhoGEF and PH domain containing 3",1.324113237959354,7.66035743567895,7.027325939548376,9.058802541084912e-5,0.00444534436455137,1.837944951266989,Up,TRUE
WT_6h_ipsilateral_vs_contralateral,Celsr2,53883,ENSMUSG00000068740,"cadherin, EGF LAG seven-pass G-type receptor 2",-1.019489822493913,11.978831685015043,-7.02574934856982,9.073516639533499e-5,0.00444534436455137,1.836263928527158,Down,TRUE
WT_6h_ipsilateral_vs_contralateral,Tfeb,21425,ENSMUSG00000023990,transcription factor EB,1.45720818387269,7.373874582912536,7.025581500609887,9.075084692046304e-5,0.00444534436455137,1.8360849443769922,Up,TRUE
WT_6h_ipsilateral_vs_contralateral,Nfkb2,18034,ENSMUSG00000025225,"nuclear factor of kappa light polypeptide gene enhancer in B cells 2, p49/p100",1.6636478449598089,6.429190950798926,7.025519497377706,9.07566400804484e-5,0.00444534436455137,1.8360188265413946,Up,TRUE
WT_6h_ipsilateral_vs_contralateral,Dok6,623279,ENSMUSG00000073514,docking protein 6,-0.9254961534577308,10.992859508530241,-7.02516119410552,9.079012548701251e-5,0.00444534436455137,1.835636736547869,Down,TRUE
WT_6h_ipsilateral_vs_contralateral,Dgkh,380921,ENSMUSG00000034731,"diacylglycerol kinase, eta",-0.8381605626441839,10.732962167412747,-7.023930195019471,9.090527294439346e-5,0.00444534436455137,1.8343238939222815,Down,TRUE
WT_6h_ipsilateral_vs_contralateral,Vps37b,330192,ENSMUSG00000066278,vacuolar protein sorting 37B,1.027122576516426,9.204804663246367,7.0202038724366895,9.125481516067522e-5,0.00444534436455137,1.8303486817560728,Up,TRUE
WT_6h_ipsilateral_vs_contralateral,Uhmk1,16589,ENSMUSG00000026667,U2AF homology motif (UHM) kinase 1,-0.8511283261582001,12.527423307164714,-7.0194774581817905,9.132312783854938e-5,0.00444534436455137,1.8295735483907478,Down,TRUE
WT_6h_ipsilateral_vs_contralateral,Cry1,12952,ENSMUSG00000020038,cryptochrome circadian regulator 1,1.1390225307126691,9.431121061361582,7.019120801903001,9.135668876592744e-5,0.00444534436455137,1.829192947989073,Up,TRUE
WT_6h_ipsilateral_vs_contralateral,Cdh11,12552,ENSMUSG00000031673,cadherin 11,-0.9657246452401633,11.115221285561121,-7.018645142958016,9.140146886484972e-5,0.00444534436455137,1.8286853311592832,Down,TRUE
WT_6h_ipsilateral_vs_contralateral,Hey1,15213,ENSMUSG00000040289,hairy/enhancer-of-split related with YRPW motif 1,1.1913031789802506,10.342751658759958,7.011646146031864,9.206318314968009e-5,0.004467772123440358,1.8212128548846334,Up,TRUE
WT_6h_ipsilateral_vs_contralateral,Sorcs3,66673,ENSMUSG00000063434,sortilin-related VPS10 domain containing receptor 3,-1.103315213839588,9.385705907281093,-7.008740682387717,9.233942771627479e-5,0.004471436418217437,1.8181090542234664,Down,TRUE
WT_6h_ipsilateral_vs_contralateral,Syde2,214804,ENSMUSG00000036863,"synapse defective 1, Rho GTPase, homolog 2 (C. elegans)",1.5042993837389904,7.411265938603558,7.002951248585927,9.289260217722976e-5,0.004488465755960505,1.8119212914498757,Up,TRUE
WT_6h_ipsilateral_vs_contralateral,Gm13889,620695,ENSMUSG00000087006,predicted gene 13889,1.2971365508630637,9.2879409899613,7.000608293695067,9.311750674917417e-5,0.004489594075406612,1.8094159524401636,Up,TRUE
WT_6h_ipsilateral_vs_contralateral,Cish,12700,ENSMUSG00000032578,cytokine inducible SH2-containing protein,1.8010504408705215,6.795142119776907,6.989092522776405,9.42316889602686e-5,0.004533500802570157,1.7970921408943354,Up,TRUE
WT_6h_ipsilateral_vs_contralateral,Gbp2,14469,ENSMUSG00000028270,guanylate binding protein 2,2.2903214572518005,6.048873054028236,6.98636483642558,9.44977477679925e-5,0.004536502869681106,1.7941706428425928,Up,TRUE
WT_6h_ipsilateral_vs_contralateral,Sipa1l3,74206,ENSMUSG00000030583,signal-induced proliferation-associated 1 like 3,-1.042957843649143,10.817459052653403,-6.979899047686054,9.51317357339677e-5,0.004549474287836213,1.7872417387511845,Down,TRUE
WT_6h_ipsilateral_vs_contralateral,Creld2,76737,ENSMUSG00000023272,cysteine-rich with EGF-like domains 2,1.110483288467579,8.030869555628726,6.979445004263599,9.517643179042313e-5,0.004549474287836213,1.7867549786770596,Up,TRUE
WT_6h_ipsilateral_vs_contralateral,Grin1os,320354,ENSMUSG00000085830,"glutamate receptor, ionotropic, NMDA1 (zeta 1), opposite strand",-2.100386581935296,5.122809695877846,-6.966179405672276,9.649257152951367e-5,0.004602509701969844,1.7725221724305573,Down,TRUE
WT_6h_ipsilateral_vs_contralateral,Tia1,21841,ENSMUSG00000071337,cytotoxic granule-associated RNA binding protein 1,-0.8005760637767771,10.389503558221268,-6.96259435050304,9.685169560970623e-5,0.004607152274248615,1.7686719607847259,Down,TRUE
WT_6h_ipsilateral_vs_contralateral,Map4k3,225028,ENSMUSG00000024242,mitogen-activated protein kinase kinase kinase kinase 3,-0.8324123938272852,10.498887779893819,-6.96105622766641,9.700622472308268e-5,0.004607152274248615,1.7670195841572625,Down,TRUE
WT_6h_ipsilateral_vs_contralateral,Ppp1r10,52040,ENSMUSG00000039220,"protein phosphatase 1, regulatory subunit 10",-0.8982061152267118,9.796941385676686,-6.959028123457037,9.721039591007179e-5,0.004607152274248615,1.7648403782084365,Down,TRUE
WT_6h_ipsilateral_vs_contralateral,Slc3a2,17254,ENSMUSG00000010095,"solute carrier family 3 (activators of dibasic and neutral amino acid transport), member 2",0.793845333984315,11.87201026970935,6.952581036234227,9.786258300181502e-5,0.00461244268902578,1.7579095452580162,Up,TRUE
WT_6h_ipsilateral_vs_contralateral,Mcc,328949,ENSMUSG00000071856,mutated in colorectal cancers,1.20729272865837,8.639383526483693,6.951541674597641,9.796817551991602e-5,0.00461244268902578,1.7567917108143405,Up,TRUE
WT_6h_ipsilateral_vs_contralateral,Rgs7bp,52882,ENSMUSG00000021719,regulator of G-protein signalling 7 binding protein,-0.7696491562517931,11.477077010782345,-6.950884923072137,9.803496203359911e-5,0.00461244268902578,1.7560853042922098,Down,TRUE
WT_6h_ipsilateral_vs_contralateral,Zbed6,667118,ENSMUSG00000094410,"zinc finger, BED type containing 6",-1.2685893439000786,8.647005804185898,-6.94975193977286,9.815029560485835e-5,0.00461244268902578,1.7548665327984097,Down,TRUE
WT_6h_ipsilateral_vs_contralateral,Kctd16,383348,ENSMUSG00000051401,potassium channel tetramerisation domain containing 16,-1.6481737392846112,7.427330416470664,-6.9453937365769765,9.859534098056621e-5,0.004623602569141289,1.7501768350744218,Down,TRUE
WT_6h_ipsilateral_vs_contralateral,Cog5,238123,ENSMUSG00000035933,component of oligomeric golgi complex 5,-1.346776376491718,9.317049164598913,-6.971551130941895,9.890086115201815e-5,0.004628186307061354,1.7531086923102919,Down,TRUE
WT_6h_ipsilateral_vs_contralateral,Id1,15901,ENSMUSG00000042745,"inhibitor of DNA binding 1, HLH protein",1.154107901317463,9.102588651405439,6.931574789390413,1.000212589194074e-4,0.004670804072179873,1.7352910683687828,Up,TRUE
WT_6h_ipsilateral_vs_contralateral,Gpr161,240888,ENSMUSG00000040836,G protein-coupled receptor 161,-0.9691024065351375,10.727501637577284,-6.926174551655522,1.0058465023771168e-4,0.004686405668195959,1.7294674312784064,Down,TRUE
WT_6h_ipsilateral_vs_contralateral,Fat3,270120,ENSMUSG00000074505,FAT atypical cadherin 3,-1.0597825114693151,9.961924721727177,-6.924346751772329,1.007761308671544e-4,0.004686405668195959,1.727495496396715,Down,TRUE
WT_6h_ipsilateral_vs_contralateral,Pum2,80913,ENSMUSG00000020594,pumilio RNA-binding family member 2,-0.7721701463915451,11.709190388236511,-6.915792458774752,1.016776359300994e-4,0.004718477792381175,1.7182610633863522,Down,TRUE
WT_6h_ipsilateral_vs_contralateral,Btbd9,224671,ENSMUSG00000062202,BTB domain containing 9,-0.7869049651109403,10.773841868276856,-6.897746594435407,1.0360871597284978e-4,0.004798095942401722,1.698750235185253,Down,TRUE
WT_6h_ipsilateral_vs_contralateral,Sh2d3c,27387,ENSMUSG00000059013,SH2 domain containing 3C,1.0476505405065435,9.44401064602774,6.895029653008534,1.0390293951904882e-4,0.004801738543126166,1.6958091830700273,Up,TRUE
WT_6h_ipsilateral_vs_contralateral,Ankrd34c,330998,ENSMUSG00000047606,ankyrin repeat domain 34C,3.1069939798840247,5.166390024715784,6.9024982997041855,1.0420734732586069e-4,0.004805835738475253,1.6949761044453115,Up,TRUE
WT_6h_ipsilateral_vs_contralateral,Gdpgp1,269952,ENSMUSG00000050973,GDP-D-glucose phosphorylase 1,-1.3466622598164815,7.095585560790756,-6.886255939188704,1.0485936931655502e-4,0.004817690308937855,1.6863054056802405,Down,TRUE
WT_6h_ipsilateral_vs_contralateral,Gpr84,80910,ENSMUSG00000063234,G protein-coupled receptor 84,2.652097581845558,4.24599750578884,6.884011797427886,1.051055603166836e-4,0.004817690308937855,1.6838729694263463,Up,TRUE
WT_6h_ipsilateral_vs_contralateral,Lsm11,72290,ENSMUSG00000044847,U7 snRNP-specific Sm-like protein LSM11,-0.7848652741977347,12.77494020542212,-6.883941858589226,1.0511324310409864e-4,0.004817690308937855,1.683797152168406,Down,TRUE
WT_6h_ipsilateral_vs_contralateral,Bcl2a1b,12045,ENSMUSG00000089929,B cell leukemia/lymphoma 2 related protein A1b,4.020152278596342,2.4961939726487894,6.877148652265943,1.0586243482935038e-4,0.00483449901436439,1.6764300292129182,Up,TRUE
WT_6h_ipsilateral_vs_contralateral,Cd300lb,217304,ENSMUSG00000063193,CD300 molecule like family member B,4.1040219052802325,2.538128785990735,6.876682567423898,1.059140524808001e-4,0.00483449901436439,1.6759243541404167,Up,TRUE
WT_6h_ipsilateral_vs_contralateral,Erc2,238988,ENSMUSG00000040640,ELKS/RAB6-interacting/CAST family member 2,-0.790558633546496,12.389059431988418,-6.872174876065037,1.0641470084432454e-4,0.004847418121282881,1.6710323540623317,Down,TRUE
WT_6h_ipsilateral_vs_contralateral,Nsf,18195,ENSMUSG00000034187,N-ethylmaleimide sensitive fusion protein,-0.7392883188181667,13.62378591322323,-6.866300407690639,1.0707106830625335e-4,0.00486191660624396,1.6646531971885086,Down,TRUE
WT_6h_ipsilateral_vs_contralateral,Pam,18484,ENSMUSG00000026335,peptidylglycine alpha-amidating monooxygenase,-0.7849379447155993,11.231907695698363,-6.86542269292952,1.0716951980542242e-4,0.00486191660624396,1.663699701375732,Down,TRUE
WT_6h_ipsilateral_vs_contralateral,Egr3,13655,ENSMUSG00000033730,early growth response 3,-1.0687431082195982,10.101878034474845,-6.8626431348211385,1.0748195591268178e-4,0.004866180016168672,1.660679515984448,Down,TRUE
WT_6h_ipsilateral_vs_contralateral,Slco1a4,28250,ENSMUSG00000030237,"solute carrier organic anion transporter family, member 1a4",-1.1974979652739721,7.674220262443294,-6.85806630746305,1.0799860305577912e-4,0.004879652906830588,1.6557043410438776,Down,TRUE
WT_6h_ipsilateral_vs_contralateral,Nell2,54003,ENSMUSG00000022454,NEL-like 2,-0.7147176005708573,13.576866580481282,-6.852381392808134,1.0864414840116271e-4,0.004891830165138258,1.649520942689728,Down,TRUE
WT_6h_ipsilateral_vs_contralateral,Hbegf,15200,ENSMUSG00000024486,heparin-binding EGF-like growth factor,2.4101305454061315,9.572979239832042,8.585509476530266,1.087073370030724e-4,0.004891830165138258,1.9359974771848556,Up,TRUE
WT_6h_ipsilateral_vs_contralateral,Lilrb4a,14728,ENSMUSG00000062593,"leukocyte immunoglobulin-like receptor, subfamily B, member 4A",3.098709956589887,3.5888261519528593,6.848976691094592,1.0903280098825471e-4,0.004896583955672124,1.645815738269313,Up,TRUE
WT_6h_ipsilateral_vs_contralateral,Lgals3,16854,ENSMUSG00000050335,"lectin, galactose binding, soluble 3",1.9204596365914037,6.407740961635491,6.84668442265345,1.0929533011306742e-4,0.004898497944202368,1.6433203241008751,Up,TRUE
WT_6h_ipsilateral_vs_contralateral,Arfgef3,215821,ENSMUSG00000019852,ARFGEF family member 3,-0.8425608178870672,11.182392246220727,-6.839683464318329,1.1010145762491508e-4,0.0049247188124397255,1.6356948003224439,Down,TRUE
WT_6h_ipsilateral_vs_contralateral,Tlr2,24088,ENSMUSG00000027995,toll-like receptor 2,1.8290920451271635,5.637616319847327,6.832384775989878,1.109488475528718e-4,0.004952676511503446,1.6277383626921527,Up,TRUE
WT_6h_ipsilateral_vs_contralateral,Gprc5a,232431,ENSMUSG00000046733,"G protein-coupled receptor, family C, group 5, member A",5.021997552929699,3.6496212839443016,7.071797360079674,1.1142823570108569e-4,0.004964127900483367,1.6743971899879035,Up,TRUE
WT_6h_ipsilateral_vs_contralateral,Irs2,384783,ENSMUSG00000038894,insulin receptor substrate 2,0.7810005531367672,10.90946464979976,6.820439553095788,1.1235125229366966e-4,0.004995257774134714,1.614702046004652,Up,TRUE
WT_6h_ipsilateral_vs_contralateral,Man1c1,230815,ENSMUSG00000037306,"mannosidase, alpha, class 1C, member 1",0.9889338236302638,9.236917021781082,6.815862536682139,1.1289377279290204e-4,0.005006440800895981,1.6097021488094665,Up,TRUE
WT_6h_ipsilateral_vs_contralateral,Tuba4a,22145,ENSMUSG00000026202,"tubulin, alpha 4A",-0.7860133003257577,11.902005352416522,-6.814529780626016,1.1305228834346479e-4,0.005006440800895981,1.6082457551164708,Down,TRUE
WT_6h_ipsilateral_vs_contralateral,Rai14,75646,ENSMUSG00000022246,retinoic acid induced 14,1.1351648922287172,8.371196779032843,6.812623099880323,1.1327949188350074e-4,0.0050065489716368625,1.6061618013881418,Up,TRUE
WT_6h_ipsilateral_vs_contralateral,Ccnf,12449,ENSMUSG00000072082,cyclin F,-1.4194435690973712,7.294045114295844,-6.810234122551603,1.1356487696678515e-4,0.005007356627232287,1.6035500561379905,Down,TRUE
WT_6h_ipsilateral_vs_contralateral,Fkbp5,14229,ENSMUSG00000024222,FK506 binding protein 5,-0.8131596234268557,10.290259154006096,-6.807119413473074,1.1393814737136486e-4,0.005007356627232287,1.6001438138085167,Down,TRUE
WT_6h_ipsilateral_vs_contralateral,Exoc6,107371,ENSMUSG00000053799,exocyst complex component 6,-0.8656440937866172,10.132394139659043,-6.8067383505374925,1.1398390710940263e-4,0.005007356627232287,1.599726998923094,Down,TRUE
WT_6h_ipsilateral_vs_contralateral,Gjb6,14623,ENSMUSG00000040055,"gap junction protein, beta 6",-1.312080542195611,8.52799257302473,-6.80315982195012,1.1441462184998571e-4,0.005007356627232287,1.5958118236661747,Down,TRUE
WT_6h_ipsilateral_vs_contralateral,Arid5a,214855,ENSMUSG00000037447,AT-rich interaction domain 5A,1.264568808909746,8.319262773662977,6.803100708037078,1.1442175188602623e-4,0.005007356627232287,1.595747134958014,Up,TRUE
WT_6h_ipsilateral_vs_contralateral,Dennd3,105841,ENSMUSG00000036661,DENN domain containing 3,1.3853638018236438,8.047192416663755,6.799823558750354,1.1481779257434499e-4,0.00501483594037948,1.5921602336188858,Up,TRUE
WT_6h_ipsilateral_vs_contralateral,Ell2,192657,ENSMUSG00000001542,elongation factor for RNA polymerase II 2,1.1641500511506706,8.265949687764365,6.788307977182658,1.162214612014746e-4,0.00506620948779422,1.5795453423441188,Up,TRUE
WT_6h_ipsilateral_vs_contralateral,Ankrd13a,68420,ENSMUSG00000041870,ankyrin repeat domain 13a,0.8173702270102261,10.153564870430593,6.782463018737234,1.1694114351353942e-4,0.005085023844709015,1.573135926042827,Up,TRUE
WT_6h_ipsilateral_vs_contralateral,Kif26a,668303,ENSMUSG00000021294,kinesin family member 26A,1.341707577135491,9.001022508895307,6.789293877463254,1.1726518234595052e-4,0.005085023844709015,1.5723521828051172,Up,TRUE
WT_6h_ipsilateral_vs_contralateral,Adam23,23792,ENSMUSG00000025964,a disintegrin and metallopeptidase domain 23,-0.7543903365228619,11.171250109725417,-6.778152715200211,1.174750100640748e-4,0.005085023844709015,1.5684065702173076,Down,TRUE
WT_6h_ipsilateral_vs_contralateral,St7,64213,ENSMUSG00000029534,suppression of tumorigenicity 7,0.9818886402313289,8.811294590443513,6.777418565023556,1.1756620785746992e-4,0.005085023844709015,1.5676008082768167,Up,TRUE
WT_6h_ipsilateral_vs_contralateral,Opcml,330908,ENSMUSG00000062257,opioid binding protein/cell adhesion molecule-like,-0.8905122771378924,12.726030313326218,-6.772529922682108,1.1817547804626203e-4,0.005101470491241253,1.5622335502566571,Down,TRUE
WT_6h_ipsilateral_vs_contralateral,Elmo2,140579,ENSMUSG00000017670,engulfment and cell motility 2,-0.7603986195508394,10.952409185080185,-6.768750527171722,1.186488866019063e-4,0.005111999901465112,1.5580820408937228,Down,TRUE
WT_6h_ipsilateral_vs_contralateral,Rab3c,67295,ENSMUSG00000021700,"RAB3C, member RAS oncogene family",-0.7813105458684717,12.794434156619069,-6.762073838025041,1.1949032361632807e-4,0.005138314591802524,1.5507435018311089,Down,TRUE
WT_6h_ipsilateral_vs_contralateral,Dab2,13132,ENSMUSG00000022150,"disabled 2, mitogen-responsive phosphoprotein",1.0970965527657661,9.455328316865783,6.75678107560211,1.2016201997075631e-4,0.00515003149437723,1.5449220144137783,Up,TRUE
WT_6h_ipsilateral_vs_contralateral,Hspa14,50497,ENSMUSG00000109865,heat shock protein 14,1.2428836369187408,8.960272780963393,6.7562848969002545,1.2022520211340785e-4,0.00515003149437723,1.54437608526535,Up,TRUE
WT_6h_ipsilateral_vs_contralateral,Ifit3b,667370,ENSMUSG00000062488,interferon-induced protein with tetratricopeptide repeats 3B,1.9521703784161355,5.95847373047884,6.751615723276493,1.2082155815483562e-4,0.00516564339328016,1.53923719888199,Up,TRUE
WT_6h_ipsilateral_vs_contralateral,Kcnb2,98741,ENSMUSG00000092083,"potassium voltage gated channel, Shab-related subfamily, member 2",-0.9440405169618913,8.75546279032621,-6.743102432110906,1.2191729476903781e-4,0.005193861146211605,1.5298602750718526,Down,TRUE
WT_6h_ipsilateral_vs_contralateral,Casz1,69743,ENSMUSG00000028977,castor zinc finger 1,1.5111827960524655,8.034206066317516,6.742865888980855,1.2194789582350928e-4,0.005193861146211605,1.5295996027866199,Up,TRUE
WT_6h_ipsilateral_vs_contralateral,A830036E02Rik,353123,ENSMUSG00000084890,RIKEN cDNA A830036E02 gene,-1.2631181663441344,7.5063276628374425,-6.741013329032536,1.2218785007077416e-4,0.005194149542607814,1.527557819181654,Down,TRUE
WT_6h_ipsilateral_vs_contralateral,Jakmip3,74004,ENSMUSG00000056856,janus kinase and microtubule interacting protein 3,-0.9732924007360104,8.937649213784631,-6.730002287518049,1.2362483635519413e-4,0.005245225199641808,1.515412980477425,Down,TRUE
WT_6h_ipsilateral_vs_contralateral,Shisa2,219134,ENSMUSG00000044461,shisa family member 2,1.407321478661868,7.4087235304278884,6.71471637630713,1.2565065081457456e-4,0.005321042294476518,1.4985272053999292,Up,TRUE
WT_6h_ipsilateral_vs_contralateral,Cacnb2,12296,ENSMUSG00000057914,"calcium channel, voltage-dependent, beta 2 subunit",-0.8226538118426063,9.633756142653867,-6.709676095124025,1.2632662137054736e-4,0.005339517060775982,1.4929527882212401,Down,TRUE
WT_6h_ipsilateral_vs_contralateral,Bcl2a1d,12047,ENSMUSG00000099974,B cell leukemia/lymphoma 2 related protein A1d,2.6915641107442445,4.014675267832425,6.699810600375053,1.2766133711480696e-4,0.0053857126595309186,1.482032317170205,Up,TRUE
WT_6h_ipsilateral_vs_contralateral,Arsi,545260,ENSMUSG00000036412,arylsulfatase i,1.641959780746217,6.423093409158901,6.694955762968072,1.2832384826770847e-4,0.005403428582539142,1.4766537042500154,Up,TRUE
WT_6h_ipsilateral_vs_contralateral,Timp1,21857,ENSMUSG00000001131,tissue inhibitor of metalloproteinase 1,2.340678060618358,5.148180147904468,6.689582724882713,1.2906149120908288e-4,0.0054125697478734055,1.470697428541376,Up,TRUE
WT_6h_ipsilateral_vs_contralateral,Ugt1a6b,394435,ENSMUSG00000090145,"UDP glucuronosyltransferase 1 family, polypeptide A6B",-4.238274871540302,2.856722436809215,-6.687252684031738,1.293828232220575e-4,0.0054125697478734055,1.4681133025561852,Down,TRUE
WT_6h_ipsilateral_vs_contralateral,Cacna2d1,12293,ENSMUSG00000040118,"calcium channel, voltage-dependent, alpha2/delta subunit 1",-0.8638066438753871,11.605050853179842,-6.686485538254173,1.2948881164860228e-4,0.0054125697478734055,1.4672623476131772,Down,TRUE
WT_6h_ipsilateral_vs_contralateral,Man1a2,17156,ENSMUSG00000008763,"mannosidase, alpha, class 1A, member 2",-0.7968007861798334,10.958607319585616,-6.686311338634137,1.2951289228357017e-4,0.0054125697478734055,1.467069106409106,Down,TRUE
WT_6h_ipsilateral_vs_contralateral,H1f2,50708,ENSMUSG00000036181,"H1.2 linker histone, cluster member",1.2861075569846534,8.808559102105903,6.677748731975142,1.307026502368598e-4,0.005452062797801596,1.4575656836007358,Up,TRUE
WT_6h_ipsilateral_vs_contralateral,Ppp1r9a,243725,ENSMUSG00000032827,"protein phosphatase 1, regulatory subunit 9A",-0.8709902098409383,11.421108448205288,-6.666752503050909,1.3224823679211178e-4,0.005501108253669597,1.4453472996437018,Down,TRUE
WT_6h_ipsilateral_vs_contralateral,Prr32,68800,ENSMUSG00000037086,proline rich 32,-3.2396236181524567,4.38635568827241,-6.665875652980431,1.3237234675496763e-4,0.005501108253669597,1.4443723181226868,Down,TRUE
WT_6h_ipsilateral_vs_contralateral,Sfrp4,20379,ENSMUSG00000021319,secreted frizzled-related protein 4,2.109907249039309,5.7784367646569805,6.661388940778604,1.3300940874914145e-4,0.005516151939666595,1.4393819190162294,Up,TRUE
WT_6h_ipsilateral_vs_contralateral,Prag1,244418,ENSMUSG00000050271,PEAK1 related kinase activating pseudokinase 1,1.0040937996875154,9.553127268495818,6.659843545019675,1.3322961811630205e-4,0.005516151939666595,1.4376624286137982,Up,TRUE
WT_6h_ipsilateral_vs_contralateral,Rrbp1,81910,ENSMUSG00000027422,ribosome binding protein 1,0.768590440894469,10.345374519535813,6.65215203802112,1.3433159600991017e-4,0.0055514588146952665,1.429099826566059,Up,TRUE
WT_6h_ipsilateral_vs_contralateral,Plcd1,18799,ENSMUSG00000010660,"phospholipase C, delta 1",1.11320493131426,8.18421315106154,6.637978462601075,1.363886453987407e-4,0.005626031622698054,1.4133008711535506,Up,TRUE
WT_6h_ipsilateral_vs_contralateral,Sostdc1,66042,ENSMUSG00000036169,sclerostin domain containing 1,-1.5391294467716659,7.072556378419221,-6.614859028380451,1.3981883019779982e-4,0.005750308825718359,1.3874739678530883,Down,TRUE
WT_6h_ipsilateral_vs_contralateral,Klhl2,77113,ENSMUSG00000031605,"kelch-like 2, Mayven",-1.0932349488102169,11.949617587238427,-6.639779076136444,1.4004171730054078e-4,0.005750308825718359,1.3919130515119456,Down,TRUE
WT_6h_ipsilateral_vs_contralateral,Odc1,18263,ENSMUSG00000011179,"ornithine decarboxylase, structural 1",1.621351820902591,11.574021504348732,7.461128917547178,1.4017587844512096e-4,0.005750308825718359,1.556528010718246,Up,TRUE
WT_6h_ipsilateral_vs_contralateral,Dcun1d3,233805,ENSMUSG00000048787,defective in cullin neddylation 1 domain containing 3,0.9658612301625382,8.687157059100745,6.610454552825143,1.4048301989522704e-4,0.005752314831187835,1.3825457761743074,Up,TRUE
WT_6h_ipsilateral_vs_contralateral,Hspb1,15507,ENSMUSG00000004951,heat shock protein 1,4.495406127646219,8.055434448125238,9.917615901034042,1.4176271768927788e-4,0.005794063369777367,1.8404344869919438,Up,TRUE
WT_6h_ipsilateral_vs_contralateral,Thsd7a,330267,ENSMUSG00000032625,"thrombospondin, type I, domain containing 7A",-1.0701091314917992,9.670547483643677,-6.598080599228971,1.423676492024439e-4,0.005798242426243261,1.368686910106522,Down,TRUE
WT_6h_ipsilateral_vs_contralateral,Map2k3,26397,ENSMUSG00000018932,mitogen-activated protein kinase kinase 3,1.1904047331548817,8.196931122353485,6.597963792660433,1.423855715894529e-4,0.005798242426243261,1.3685559908750644,Up,TRUE
WT_6h_ipsilateral_vs_contralateral,Cldn1,12737,ENSMUSG00000022512,claudin 1,-1.3248010145511273,7.264059790425449,-6.594643862242923,1.4289600949114623e-4,0.005803295432450528,1.3648341963546304,Down,TRUE
WT_6h_ipsilateral_vs_contralateral,Arid1b,239985,ENSMUSG00000069729,AT-rich interaction domain 1B,-0.8027739495183024,10.949242186228119,-6.593769897826441,1.430307157088817e-4,0.005803295432450528,1.3638542019315416,Down,TRUE
WT_6h_ipsilateral_vs_contralateral,Pim3,223775,ENSMUSG00000035828,proviral integration site 3,1.0270388167083926,10.346254342151276,6.590686095818825,1.4350714697625635e-4,0.005812039452538382,1.3603954708437573,Up,TRUE
WT_6h_ipsilateral_vs_contralateral,Tfpi2,21789,ENSMUSG00000029664,tissue factor pathway inhibitor 2,2.8529979520942987,3.685958031183478,6.588713370613154,1.4381283837355742e-4,0.005813849319003615,1.3581822474658534,Up,TRUE
WT_6h_ipsilateral_vs_contralateral,Slc17a7,72961,ENSMUSG00000070570,"solute carrier family 17 (sodium-dependent inorganic phosphate cotransporter), member 7",-0.7657143760429346,14.2795078000125,-6.583031447091361,1.446973141773355e-4,0.005839008466123456,1.3518047786154899,Down,TRUE
WT_6h_ipsilateral_vs_contralateral,Chl1,12661,ENSMUSG00000030077,cell adhesion molecule L1-like,-0.6843667683360497,13.380820097692752,-6.579063435779376,1.453185430292911e-4,0.005844284117698613,1.347348515590415,Down,TRUE
WT_6h_ipsilateral_vs_contralateral,Nipa1,233280,ENSMUSG00000047037,non imprinted in Prader-Willi/Angelman syndrome 1 homolog (human),-0.7618674180561715,10.196652353724266,-6.576174490528903,1.457726800432612e-4,0.005844284117698613,1.3441027937979566,Down,TRUE
WT_6h_ipsilateral_vs_contralateral,Cd86,12524,ENSMUSG00000022901,CD86 antigen,2.0233313435166114,6.452887814027787,6.575332942434113,1.459052634084875e-4,0.005844284117698613,1.3431571107109015,Up,TRUE
WT_6h_ipsilateral_vs_contralateral,Strn,268980,ENSMUSG00000024077,"striatin, calmodulin binding protein",-0.773229003637196,10.613105599311675,-6.574740098900462,1.459987437722867e-4,0.005844284117698613,1.3424908515672946,Down,TRUE
WT_6h_ipsilateral_vs_contralateral,Stxbp5l,207227,ENSMUSG00000022829,syntaxin binding protein 5-like,-1.1778647085016036,9.17037308039162,-6.573600705477509,0.00014617858993326485,0.005844284117698613,1.3412102300953208,Down,TRUE
WT_6h_ipsilateral_vs_contralateral,Phox2a,11859,ENSMUSG00000007946,paired-like homeobox 2a,4.13454390107565,2.5533897838884436,6.572185765300149,1.4640226880699555e-4,0.005844284117698613,1.339619670313935,Up,TRUE
WT_6h_ipsilateral_vs_contralateral,Ccbe1,320924,ENSMUSG00000046318,collagen and calcium binding EGF domains 1,-1.9206037977568,8.956658726993469,-7.338956034543913,1.4774317633302098e-4,0.005887261632948198,1.4909221041286518,Down,TRUE
WT_6h_ipsilateral_vs_contralateral,Secisbp2l,70354,ENSMUSG00000035093,SECIS binding protein 2-like,-0.7974128354014685,11.26056130438637,-6.548435505743683,1.502135587631008e-4,0.005975012538300125,1.3128822598138967,Down,TRUE
WT_6h_ipsilateral_vs_contralateral,Msl3l2,73390,ENSMUSG00000047669,MSL3 like 2,1.0056517544457684,8.593492045659387,6.542937544632113,1.5111131181793033e-4,0.006000007969241351,1.3066822099527418,Up,TRUE
WT_6h_ipsilateral_vs_contralateral,Dlc1,50768,ENSMUSG00000031523,deleted in liver cancer 1,0.7990139442128665,10.50616454260284,6.538710858569903,1.518054935073402e-4,0.006016845850313172,1.301913065678102,Up,TRUE
WT_6h_ipsilateral_vs_contralateral,Hspa5,14828,ENSMUSG00000026864,heat shock protein 5,1.6194368682249092,13.001656999990693,7.494798286624052,1.5247525444612203e-4,0.006018549042233254,1.492345364530367,Up,TRUE
WT_6h_ipsilateral_vs_contralateral,Gdf15,23886,ENSMUSG00000038508,growth differentiation factor 15,5.939242667368282,4.238814960590718,7.597073429062861,1.5262082648119255e-4,0.006018549042233254,1.508930372582368,Up,TRUE
WT_6h_ipsilateral_vs_contralateral,Sox9,20682,ENSMUSG00000000567,SRY (sex determining region Y)-box 9,1.1651608899494121,9.8984749664968,6.541691940867471,1.528348547935519e-4,0.006018549042233254,1.2970616611990327,Up,TRUE
WT_6h_ipsilateral_vs_contralateral,Gria3,53623,ENSMUSG00000001986,"glutamate receptor, ionotropic, AMPA3 (alpha 3)",-0.7934781857920079,10.843487413173113,-6.531913549547237,1.5292923716740838e-4,0.006018549042233254,1.2942384355361725,Down,TRUE
WT_6h_ipsilateral_vs_contralateral,Pawr,114774,ENSMUSG00000035873,"PRKC, apoptosis, WT1, regulator",1.4893994498085297,6.627659051847937,6.525914088982114,1.5392868423804394e-4,0.006034134023746702,1.2874595602568366,Up,TRUE
WT_6h_ipsilateral_vs_contralateral,Mapkapk2,17164,ENSMUSG00000016528,MAP kinase-activated protein kinase 2,0.9029728044949152,9.763198544581602,6.5243454552490325,1.541911854493011e-4,0.006034134023746702,1.2856863542268524,Up,TRUE
WT_6h_ipsilateral_vs_contralateral,Lyst,17101,ENSMUSG00000019726,lysosomal trafficking regulator,-0.9763730514790332,9.614282378136753,-6.523661650118445,1.543057701075699e-4,0.006034134023746702,1.2849132692863314,Down,TRUE
WT_6h_ipsilateral_vs_contralateral,Kcnj6,16522,ENSMUSG00000043301,"potassium inwardly-rectifying channel, subfamily J, member 6",-1.1781541592402194,7.881398415307267,-6.523047176939654,1.5440881676927586e-4,0.006034134023746702,1.2842185157521762,Down,TRUE
WT_6h_ipsilateral_vs_contralateral,Pxn,19303,ENSMUSG00000029528,paxillin,0.8501745975729342,9.582146500023516,6.517281054019489,1.5537948718140172e-4,0.006049477662075633,1.277696620741768,Up,TRUE
WT_6h_ipsilateral_vs_contralateral,Scai,320271,ENSMUSG00000035236,suppressor of cancer cell invasion,-0.8364526897873112,10.965454902872438,-6.516278229734854,1.555489869830238e-4,0.006049477662075633,1.2765619060596318,Down,TRUE
WT_6h_ipsilateral_vs_contralateral,Atrx,22589,ENSMUSG00000031229,"ATRX, chromatin remodeler",-0.7577342150842536,12.033795231891375,-6.514671414598305,1.5582099893814329e-4,0.006049477662075633,1.2747434867538736,Down,TRUE
WT_6h_ipsilateral_vs_contralateral,Nectin2,19294,ENSMUSG00000062300,nectin cell adhesion molecule 2,0.983938050879825,8.851437778798461,6.514277432753525,1.558877745468648e-4,0.006049477662075633,1.2742975686029343,Up,TRUE
WT_6h_ipsilateral_vs_contralateral,Stxbp5,78808,ENSMUSG00000019790,syntaxin binding protein 5 (tomosyn),-0.7445451265003111,10.978398639746189,-6.511097148116159,1.564279518614739e-4,0.006059882830807532,1.2706972931746527,Down,TRUE
WT_6h_ipsilateral_vs_contralateral,Creg2,263764,ENSMUSG00000050967,cellular repressor of E1A-stimulated genes 2,-0.7330406897419781,11.141228940604492,-6.50829067478186,1.5690634689776353e-4,0.006067862633936949,1.2675190821509101,Down,TRUE
WT_6h_ipsilateral_vs_contralateral,Mthfd2,17768,ENSMUSG00000005667,"methylenetetrahydrofolate dehydrogenase (NAD+ dependent), methenyltetrahydrofolate cyclohydrolase",1.2038797496420859,8.065407628041852,6.502802404762743,1.5784654148303152e-4,0.0060936424809957136,1.261300834789802,Up,TRUE
WT_6h_ipsilateral_vs_contralateral,Bcl6,12053,ENSMUSG00000022508,B cell leukemia/lymphoma 6,-1.1205048990083153,8.5628007233344,-6.496865267578902,1.5887061377940832e-4,0.0061225656088863675,1.254569520683141,Down,TRUE
WT_6h_ipsilateral_vs_contralateral,Nat8f6,100504710,ENSMUSG00000079495,N-acetyltransferase 8 (GCN5-related) family member 6,3.373192843577049,3.0735629213176083,6.494348354547451,1.5930694921454449e-4,0.006123491304080032,1.2517145230851696,Up,TRUE
WT_6h_ipsilateral_vs_contralateral,Ankrd34b,218440,ENSMUSG00000045034,ankyrin repeat domain 34B,1.1222601299513775,8.555807180390415,6.493388472757212,1.5947370262997402e-4,0.006123491304080032,1.2506254836198956,Up,TRUE
WT_6h_ipsilateral_vs_contralateral,Sipa1l2,244668,ENSMUSG00000001995,signal-induced proliferation-associated 1 like 2,0.9570164977247266,10.356688901749036,6.49197648194222,1.597193466967676e-4,0.006123491304080032,1.249023278939024,Up,TRUE
WT_6h_ipsilateral_vs_contralateral,Lynx1,23936,ENSMUSG00000022594,Ly6/neurotoxin 1,-0.8400447000976001,12.298951168599444,-6.490128405180911,1.6004148559071757e-4,0.006125299126345763,1.246925841789876,Down,TRUE
WT_6h_ipsilateral_vs_contralateral,Mtcl1,68617,ENSMUSG00000052105,microtubule crosslinking factor 1,1.3401047800172456,9.482438589926776,6.62921170786538,1.607068840679799e-4,0.0061389621331365,1.2761247427697864,Up,TRUE
WT_6h_ipsilateral_vs_contralateral,Nfkbia,18035,ENSMUSG00000021025,"nuclear factor of kappa light polypeptide gene enhancer in B cells inhibitor, alpha",0.9020071190725183,9.152821124800917,6.4844610527539,1.610338273398967e-4,0.0061389621331365,1.2404909667498831,Up,TRUE
WT_6h_ipsilateral_vs_contralateral,Cbx8,30951,ENSMUSG00000025578,chromobox 8,1.370245280932405,8.205454823967958,6.480891264053089,1.6166236234076985e-4,0.0061389621331365,1.2364355350382485,Up,TRUE
WT_6h_ipsilateral_vs_contralateral,Fem1a,14154,ENSMUSG00000043683,fem 1 homolog a,-0.722053685046463,10.965615058570517,-6.480434378166825,1.6174300108075956e-4,0.0061389621331365,1.23591637096583,Down,TRUE
WT_6h_ipsilateral_vs_contralateral,Nptx1,18164,ENSMUSG00000025582,neuronal pentraxin 1,-1.1096053006844393,11.934296015120658,-6.543859949745445,1.618015223846972e-4,0.0061389621331365,1.2507194148621448,Down,TRUE
WT_6h_ipsilateral_vs_contralateral,Fcgr3,14131,ENSMUSG00000059498,"Fc receptor, IgG, low affinity III",1.018998540766705,8.096045315283574,6.478685592972448,1.6205206438986585e-4,0.0061389621331365,1.2339289521435877,Up,TRUE
WT_6h_ipsilateral_vs_contralateral,Msx1,17701,ENSMUSG00000048450,msh homeobox 1,-1.7144957589559562,7.313899728494928,-6.475172588451011,1.6267488318643687e-4,0.006152093417619494,1.2299353450408628,Down,TRUE
WT_6h_ipsilateral_vs_contralateral,Arhgef17,207212,ENSMUSG00000032875,Rho guanine nucleotide exchange factor 17,-0.8793881828372996,11.408037855831752,-6.468617421478456,1.6384409570624622e-4,0.006170126554330915,1.222478996202943,Down,TRUE
WT_6h_ipsilateral_vs_contralateral,1700086L19Rik,NA,NA,NA,1.1910866409835377,8.202131795319598,6.468530366896269,1.6385968524214705e-4,0.006170126554330915,1.2223799351677602,Up,TRUE
WT_6h_ipsilateral_vs_contralateral,Zbtb10,229055,ENSMUSG00000069114,zinc finger and BTB domain containing 10,0.9037661033483477,9.076014984277311,6.467843681618243,1.6398271246527058e-4,0.006170126554330915,1.2215985077877338,Up,TRUE
WT_6h_ipsilateral_vs_contralateral,Cdk14,18647,ENSMUSG00000028926,cyclin dependent kinase 14,-0.8347112544256046,11.616494801672598,-6.463789000063051,1.6471122697850723e-4,0.006183456016953535,1.2169831207734951,Down,TRUE
WT_6h_ipsilateral_vs_contralateral,Clstn2,64085,ENSMUSG00000032452,calsyntenin 2,-1.0042920612158053,11.272025351788042,-6.462785038145314,1.6489216045209427e-4,0.006183456016953535,1.2158399867456513,Down,TRUE
WT_6h_ipsilateral_vs_contralateral,Rbfox1,268859,ENSMUSG00000008658,"RNA binding protein, fox-1 homolog (C. elegans) 1",-0.7409649021256328,11.712220634803188,-6.457417215771497,1.6586326186263567e-4,0.006204270529369167,1.209725782070107,Down,TRUE
WT_6h_ipsilateral_vs_contralateral,Slfn2,20556,ENSMUSG00000072620,schlafen 2,2.0812026405220676,5.326116634840274,6.456640628662685,1.6600427544350273e-4,0.006204270529369167,1.2088408943917184,Up,TRUE
WT_6h_ipsilateral_vs_contralateral,Hcar2,80885,ENSMUSG00000045502,hydroxycarboxylic acid receptor 2,3.8181726398136937,2.395204153257465,6.453291097789814,1.6661399933381839e-4,0.006216627864590963,1.2050233261147962,Up,TRUE
WT_6h_ipsilateral_vs_contralateral,Clic1,114584,ENSMUSG00000007041,chloride intracellular channel 1,1.1043323856981093,8.651321799479318,6.451612553162067,1.6692047502599264e-4,0.006217648129103656,1.203109671770827,Up,TRUE
WT_6h_ipsilateral_vs_contralateral,Wee1,22390,ENSMUSG00000031016,WEE 1 homolog 1 (S. pombe),1.0135725665977828,8.170238230343202,6.448141928560368,1.6755612378557122e-4,0.006230905938770616,1.199151732708751,Up,TRUE
WT_6h_ipsilateral_vs_contralateral,Mideas,238317,ENSMUSG00000042507,mitotic deacetylase associated SANT domain protein,0.8532992240864861,9.068894774811085,6.4337488520172235,1.7022078308797056e-4,0.006312844489904147,1.182720538149498,Up,TRUE
WT_6h_ipsilateral_vs_contralateral,Lct,226413,ENSMUSG00000026354,lactase,-2.678269527792385,6.17487431451104,-6.693349251383354,1.705158162843215e-4,0.006312844489904147,1.2419067269929798,Down,TRUE
WT_6h_ipsilateral_vs_contralateral,Hes6,55927,ENSMUSG00000067071,hairy and enhancer of split 6,0.902323705969561,9.246166516430238,6.431668544952742,1.706097590537507e-4,0.006312844489904147,1.1803433608632758,Up,TRUE
WT_6h_ipsilateral_vs_contralateral,Camta2,216874,ENSMUSG00000040712,calmodulin binding transcription activator 2,-0.7698600243660856,11.628571783987727,-6.4281697663109005,1.7126616660005216e-4,0.006326623318434763,1.1763439833896516,Down,TRUE
WT_6h_ipsilateral_vs_contralateral,Dmxl2,235380,ENSMUSG00000041268,Dmx-like 2,-0.7518662312232927,12.132941109625682,-6.422955568329816,1.7224956255658378e-4,0.0063524155727614304,1.1703807074527148,Down,TRUE
WT_6h_ipsilateral_vs_contralateral,Siah2,20439,ENSMUSG00000036432,siah E3 ubiquitin protein ligase 2,1.0793512820189974,9.070888406138168,6.421408151013991,1.7254259812779385e-4,0.006352704749250592,1.1686102858656415,Up,TRUE
WT_6h_ipsilateral_vs_contralateral,Tgm1,21816,ENSMUSG00000022218,"transglutaminase 1, K polypeptide",2.7820314352074753,3.9873802898443156,6.412843418405526,1.741744510034304e-4,0.006402204449012231,1.1588054551408558,Up,TRUE
WT_6h_ipsilateral_vs_contralateral,Map3k8,26410,ENSMUSG00000024235,mitogen-activated protein kinase kinase kinase 8,1.9168828548103845,5.403672198411539,6.410855859439549,1.745555645747702e-4,0.006405642835095563,1.1565287094723864,Up,TRUE
WT_6h_ipsilateral_vs_contralateral,Grid1,14803,ENSMUSG00000041078,"glutamate receptor, ionotropic, delta 1",-0.8828527445439871,10.114222122749686,-6.405612427376257,1.755653967015298e-4,0.006432103966326607,1.1505198236247711,Down,TRUE
WT_6h_ipsilateral_vs_contralateral,Dnajb1,81489,ENSMUSG00000005483,DnaJ heat shock protein family (Hsp40) member B1,1.2093557105701418,10.59362281366422,6.540523439411085,1.7701541586184454e-4,0.0064745786343556435,1.1761789367858668,Up,TRUE
WT_6h_ipsilateral_vs_contralateral,Egln3,112407,ENSMUSG00000035105,egl-9 family hypoxia-inducible factor 3,1.108727520415954,7.794606722772049,6.391871469801187,1.7824236261963276e-4,0.006504974470272278,1.1347554060784013,Up,TRUE
WT_6h_ipsilateral_vs_contralateral,Arhgef9,236915,ENSMUSG00000025656,CDC42 guanine nucleotide exchange factor 9,-0.7151486570074947,11.757506141483642,-6.390914295196083,1.7843050062116105e-4,0.006504974470272278,1.1336563352298548,Down,TRUE
WT_6h_ipsilateral_vs_contralateral,Ajuba,16475,ENSMUSG00000022178,ajuba LIM protein,1.8041270728715242,7.039618100533834,6.388869949951102,1.7883305941165858e-4,0.006508997382997868,1.1313085137854966,Up,TRUE
WT_6h_ipsilateral_vs_contralateral,Slc16a9,66859,ENSMUSG00000037762,"solute carrier family 16 (monocarboxylic acid transporters), member 9",1.3186904192510758,7.356978877694243,6.3873558712412,1.7913184507828246e-4,0.006509236295462874,1.1295693129424187,Up,TRUE
WT_6h_ipsilateral_vs_contralateral,Ogt,108155,ENSMUSG00000034160,O-linked N-acetylglucosamine (GlcNAc) transferase (UDP-N-acetylglucosamine:polypeptide-N-acetylglucosaminyl transferase),-0.7410894695163854,11.232961327793216,-6.384935673282057,1.7961058283665857e-4,0.006516002821965097,1.1267886253960668,Down,TRUE
WT_6h_ipsilateral_vs_contralateral,Nsmf,56876,ENSMUSG00000006476,NMDA receptor synaptonuclear signaling and neuronal migration factor,-0.7233540529335141,13.672080251519304,-6.3787237252638045,1.8084581333677462e-4,0.0065501471415880565,1.119647797447909,Down,TRUE
WT_6h_ipsilateral_vs_contralateral,Ccr5,12774,ENSMUSG00000079227,C-C motif chemokine receptor 5,1.288055854633881,6.869808263347733,6.376914001494448,1.8120742640873405e-4,0.006552589972815829,1.1175664865020867,Up,TRUE
WT_6h_ipsilateral_vs_contralateral,Sgpl1,20397,ENSMUSG00000020097,sphingosine phosphate lyase 1,0.8110704248973359,10.289781022528244,6.372470049670153,1.8209877848490304e-4,0.006574149579823688,1.1124537547210096,Up,TRUE
WT_6h_ipsilateral_vs_contralateral,Trp53bp2,209456,ENSMUSG00000026510,transformation related protein 53 binding protein 2,0.7856218463126581,9.614379394536083,6.367524613692893,1.8309638538732345e-4,0.006591733741644767,1.106760941169446,Up,TRUE
WT_6h_ipsilateral_vs_contralateral,Ehd3,57440,ENSMUSG00000024065,EH-domain containing 3,-0.7234414719511992,11.348693267039888,-6.3665576135159325,1.8329215248775058e-4,0.006591733741644767,1.1056474180502143,Down,TRUE
WT_6h_ipsilateral_vs_contralateral,Lrtm2,211187,ENSMUSG00000055003,leucine-rich repeats and transmembrane domains 2,1.2159534901594657,9.799597718081959,6.434912945234671,1.8347362154072977e-4,0.006591733741644767,1.1216203314619761,Up,TRUE
WT_6h_ipsilateral_vs_contralateral,Ank3,11735,ENSMUSG00000069601,"ankyrin 3, epithelial",-0.9233035085161418,12.441525870243623,-6.360467179488694,1.8453044702019118e-4,0.006619026903985119,1.0986312438469916,Down,TRUE
WT_6h_ipsilateral_vs_contralateral,Med14,26896,ENSMUSG00000064127,mediator complex subunit 14,-0.7847243439862535,10.212043258362241,-6.3585457806566374,1.849230072851321e-4,0.006622443709447457,1.0964167558673914,Down,TRUE
WT_6h_ipsilateral_vs_contralateral,Xbp1,22433,ENSMUSG00000020484,X-box binding protein 1,0.8203909524500528,10.585575513612815,6.353200089935343,1.8602002005505173e-4,0.0066488014767644345,1.0902530145926335,Up,TRUE
WT_6h_ipsilateral_vs_contralateral,Arhgap25,232201,ENSMUSG00000030047,Rho GTPase activating protein 25,1.377885846242708,6.6340001713650665,6.3513698154611085,1.8639726055819737e-4,0.0066488014767644345,1.0881417666737594,Up,TRUE
WT_6h_ipsilateral_vs_contralateral,Slc24a4,238384,ENSMUSG00000041771,"solute carrier family 24 (sodium/potassium/calcium exchanger), member 4",-1.217097602631652,7.678508172585383,-6.349442688559669,1.8679537224068743e-4,0.0066488014767644345,1.0859183090503848,Down,TRUE
WT_6h_ipsilateral_vs_contralateral,Cdh9,12565,ENSMUSG00000025370,cadherin 9,-1.5598205741733047,8.274789611733008,-6.466864122678498,1.876844565826365e-4,0.0066488014767644345,1.110762765657988,Down,TRUE
WT_6h_ipsilateral_vs_contralateral,Cd83,12522,ENSMUSG00000015396,CD83 antigen,0.9343340884904396,8.735963740839175,6.344709295111852,1.877771825454864e-4,0.0066488014767644345,1.0804549405264954,Up,TRUE
WT_6h_ipsilateral_vs_contralateral,Plxna2,18845,ENSMUSG00000026640,plexin A2,-0.97196273721692,11.361220289058746,-6.343583898291884,1.880114481609094e-4,0.0066488014767644345,1.0791555415213736,Down,TRUE
WT_6h_ipsilateral_vs_contralateral,Six4,20474,ENSMUSG00000034460,sine oculis-related homeobox 4,2.04647490803809,5.0780346548460855,6.343483524143193,1.8803235790603657e-4,0.0066488014767644345,1.0790396397999302,Up,TRUE
WT_6h_ipsilateral_vs_contralateral,Slc25a42,73095,ENSMUSG00000002346,"solute carrier family 25, member 42",-1.0263121771306851,8.486939367414555,-6.343413674020584,1.880469104539436e-4,0.0066488014767644345,1.0789589832739406,Down,TRUE
WT_6h_ipsilateral_vs_contralateral,H2-K1,14972,ENSMUSG00000061232,"histocompatibility 2, K1, K region",0.9854477488575544,8.383650650459137,6.338206951642492,1.891351692760601e-4,0.006672822046631461,1.0729448793705778,Up,TRUE
WT_6h_ipsilateral_vs_contralateral,Btaf1,107182,ENSMUSG00000040565,B-TFIID TATA-box binding protein associated factor 1,1.0083648339338502,9.445363641891747,6.337300129273871,1.8932541115470632e-4,0.006672822046631461,1.0718970654519584,Up,TRUE
WT_6h_ipsilateral_vs_contralateral,Pecam1,18613,ENSMUSG00000020717,platelet/endothelial cell adhesion molecule 1,1.166825248134172,9.5987144765178,6.341234769826598,1.9031588685737588e-4,0.006697134881118559,1.068621545321692,Up,TRUE
WT_6h_ipsilateral_vs_contralateral,Bcar3,29815,ENSMUSG00000028121,breast cancer anti-estrogen resistance 3,1.1547925905270526,7.325410609543015,6.327157629896105,1.9146758868668869e-4,0.006725420694066551,1.0601700393497042,Up,TRUE
WT_6h_ipsilateral_vs_contralateral,Meg3,17263,ENSMUSG00000021268,maternally expressed 3,-0.9417138754280518,14.22255589833657,-6.325954069524669,1.9172355289482647e-4,0.006725420694066551,1.058777526402758,Down,TRUE
WT_6h_ipsilateral_vs_contralateral,Slc16a6,104681,ENSMUSG00000041920,"solute carrier family 16 (monocarboxylic acid transporters), member 6",1.057120297137871,8.816788311033044,6.309935047926771,1.951664008166623e-4,0.006835427009734518,1.0402249033508477,Up,TRUE
WT_6h_ipsilateral_vs_contralateral,Tcf4,21413,ENSMUSG00000053477,transcription factor 4,-1.1639686963786868,13.334351718909389,-6.558660999786453,1.9561247167131264e-4,0.006836166648730994,1.098554790723579,Down,TRUE
WT_6h_ipsilateral_vs_contralateral,Uspl1,231915,ENSMUSG00000041264,ubiquitin specific peptidase like 1,0.7467767035399149,10.099993664193867,6.3070148061797315,1.9580131635871486e-4,0.006836166648730994,1.0368390383394503,Up,TRUE
WT_6h_ipsilateral_vs_contralateral,Zdhhc18,503610,ENSMUSG00000037553,"zinc finger, DHHC domain containing 18",0.7843841047641256,9.61372394570457,6.304666393078086,1.9631355182631166e-4,0.006843324517889033,1.0341153381970134,Up,TRUE
WT_6h_ipsilateral_vs_contralateral,Vxn,76982,ENSMUSG00000067879,vexin,-0.7811088311908136,11.633126953397205,-6.300951632639676,1.971268234113539e-4,0.0068443680215624905,1.0298054125238076,Down,TRUE
WT_6h_ipsilateral_vs_contralateral,Tmem86a,67893,ENSMUSG00000010307,transmembrane protein 86A,-1.1642600705923565,8.396353099834844,-6.30090450390556,1.9713716504043196e-4,0.0068443680215624905,1.0297507209534293,Down,TRUE
WT_6h_ipsilateral_vs_contralateral,Lrfn5,238205,ENSMUSG00000035653,leucine rich repeat and fibronectin type III domain containing 5,-0.7247174226564805,10.501154134057652,-6.300320852980831,1.9726528708611084e-4,0.0068443680215624905,1.0290733854570915,Down,TRUE
WT_6h_ipsilateral_vs_contralateral,Mmp12,17381,ENSMUSG00000049723,matrix metallopeptidase 12,3.9209360728921205,2.5432313227658447,6.2946634234922225,1.9851194784057844e-4,0.006876910790278203,1.0225054555750592,Up,TRUE
WT_6h_ipsilateral_vs_contralateral,Ubc,22190,ENSMUSG00000008348,ubiquitin C,0.6703199894076803,16.528644038755136,6.289286979661126,1.9970471556084092e-4,0.006882388120468693,1.016259699351692,Up,TRUE
WT_6h_ipsilateral_vs_contralateral,Shox2,20429,ENSMUSG00000027833,SHOX homeobox 2,3.8709180425664726,4.311835712045401,6.443376064905844,1.997066672343142e-4,0.006882388120468693,1.0543538749678971,Up,TRUE
WT_6h_ipsilateral_vs_contralateral,Midn,59090,ENSMUSG00000035621,midnolin,0.7147301838272888,11.07837707659596,6.289200791762523,1.9972390040417235e-4,0.006882388120468693,1.016159543783215,Up,TRUE
WT_6h_ipsilateral_vs_contralateral,Adcy9,11515,ENSMUSG00000005580,adenylate cyclase 9,-1.066177524953563,9.557683990575487,-6.288383370702423,1.9990595348791222e-4,0.006882388120468693,1.0152096006508673,Down,TRUE
WT_6h_ipsilateral_vs_contralateral,Prpf38b,66921,ENSMUSG00000027881,PRP38 pre-mRNA processing factor 38 (yeast) domain containing B,0.7333071103581403,10.210743434350034,6.272102039651826,2.035703115063164e-4,0.006997729458029627,0.9962697508821003,Up,TRUE
WT_6h_ipsilateral_vs_contralateral,Arpc1b,11867,ENSMUSG00000029622,"actin related protein 2/3 complex, subunit 1B",0.8317403296490902,9.113595453046182,6.265772089676482,2.0501482652029548e-4,0.007030199064176905,0.9888964529159345,Up,TRUE
WT_6h_ipsilateral_vs_contralateral,Rorb,225998,ENSMUSG00000036192,RAR-related orphan receptor beta,0.9893545831455022,8.030772639927951,6.265199268349653,2.0514610063815888e-4,0.007030199064176905,0.988228945349432,Up,TRUE
WT_6h_ipsilateral_vs_contralateral,St8sia3,20451,ENSMUSG00000056812,"ST8 alpha-N-acetyl-neuraminide alpha-2,8-sialyltransferase 3",-0.8198305725048396,11.240508156180542,-6.261789643286601,2.0592940105221633e-4,0.007046201856279752,0.9842547894182898,Down,TRUE
WT_6h_ipsilateral_vs_contralateral,Gatad2a,234366,ENSMUSG00000036180,GATA zinc finger domain containing 2A,0.8037383118378916,9.646215571959893,6.258782034694568,2.0662307256744743e-4,0.00705673886421643,0.9807478943991681,Up,TRUE
WT_6h_ipsilateral_vs_contralateral,Irf8,15900,ENSMUSG00000041515,interferon regulatory factor 8,1.3718983225917158,6.872705239097127,6.257709967559726,2.0687095301159724e-4,0.00705673886421643,0.9794975571707187,Up,TRUE
WT_6h_ipsilateral_vs_contralateral,Acvr1c,269275,ENSMUSG00000026834,"activin A receptor, type IC",-1.7911920874521492,6.803250249088191,-6.25027630109303,2.0859875519035076e-4,0.0070955290944439715,0.9708234549090573,Down,TRUE
WT_6h_ipsilateral_vs_contralateral,Snhg5,72655,ENSMUSG00000097195,small nucleolar RNA host gene 5,0.9743890831250477,8.411784721915478,6.250077464533623,2.0864518773785866e-4,0.0070955290944439715,0.970591335336711,Up,TRUE
WT_6h_ipsilateral_vs_contralateral,Slc20a1,20515,ENSMUSG00000027397,"solute carrier family 20, member 1",0.8280569607181079,10.713246014845067,6.246886567063395,2.093918846126125e-4,0.007110067423393206,0.9668655780151552,Up,TRUE
WT_6h_ipsilateral_vs_contralateral,Malt1,240354,ENSMUSG00000032688,MALT1 paracaspase,1.0354954159153182,7.820016274387802,6.244079036474385,2.100512977894146e-4,0.007121602219572619,0.9635862962885389,Up,TRUE
WT_6h_ipsilateral_vs_contralateral,Rnf150,330812,ENSMUSG00000047747,ring finger protein 150,-0.8069865314983709,9.904938056626605,-6.239715012435413,2.1108082114562005e-4,0.007135533373378409,0.9584868418533086,Down,TRUE
WT_6h_ipsilateral_vs_contralateral,Shroom3,27428,ENSMUSG00000029381,shroom family member 3,1.19743320859531,7.254137436433666,6.239621793744983,2.1110287286448356e-4,0.007135533373378409,0.9583778854132365,Up,TRUE
WT_6h_ipsilateral_vs_contralateral,Zfp408,381410,ENSMUSG00000075040,zinc finger protein 408,0.914979765621867,8.801902195166974,6.2351869654266325,2.121549001216513e-4,0.007140932293100232,0.9531929678581594,Up,TRUE
WT_6h_ipsilateral_vs_contralateral,Bcl2a1a,12044,ENSMUSG00000102037,B cell leukemia/lymphoma 2 related protein A1a,2.5349476814097214,3.9363670531651644,6.234429963571225,2.1233505019884274e-4,0.007140932293100232,0.9523076606712069,Up,TRUE
WT_6h_ipsilateral_vs_contralateral,Pcdhb9,93880,ENSMUSG00000051242,protocadherin beta 9,-1.0399097071931358,7.88484109408118,-6.2331861600309795,2.1263141340709961e-4,0.007140932293100232,0.9508528726813239,Down,TRUE
WT_6h_ipsilateral_vs_contralateral,Vgll3,73569,ENSMUSG00000091243,vestigial like family member 3,-1.2772656851447168,7.030837018814405,-6.233126024793377,2.1264575344014902e-4,0.007140932293100232,0.9507825314278575,Down,TRUE
WT_6h_ipsilateral_vs_contralateral,Nt5dc3,103466,ENSMUSG00000054027,5'-nucleotidase domain containing 3,-0.8610370315337406,11.74961876311676,-6.2312124129729565,2.1310263422341533e-4,0.007140932293100232,0.9485438870857585,Down,TRUE
WT_6h_ipsilateral_vs_contralateral,Rnf122,68867,ENSMUSG00000039328,ring finger protein 122,1.1910396010084492,8.065426999947885,6.230863384942387,2.1318608192644913e-4,0.007140932293100232,0.9481355215409444,Up,TRUE
WT_6h_ipsilateral_vs_contralateral,Zfp932,69504,ENSMUSG00000066613,zinc finger protein 932,-0.861954812912483,8.850728361960833,-6.2260953692010075,2.1432964794094244e-4,0.007168457819646385,0.9425552340284611,Down,TRUE
WT_6h_ipsilateral_vs_contralateral,Tob2,57259,ENSMUSG00000048546,"transducer of ERBB2, 2",0.7972672144216535,9.334630386390618,6.2241918299192776,2.147880747599904e-4,0.00717302003789923,0.940326540451764,Up,TRUE
WT_6h_ipsilateral_vs_contralateral,Lif,16878,ENSMUSG00000034394,leukemia inhibitory factor,2.7056888309291565,4.117552349358058,6.218160251627041,2.162477767976579e-4,0.007210956928394954,0.9332613927113913,Up,TRUE
WT_6h_ipsilateral_vs_contralateral,Hmgb2,97165,ENSMUSG00000054717,high mobility group box 2,1.4961630934571115,9.598091859823192,6.686691864862295,2.1693955918192855e-4,0.007214255679695869,1.0428326888122044,Up,TRUE
WT_6h_ipsilateral_vs_contralateral,Lrrc8c,100604,ENSMUSG00000054720,"leucine rich repeat containing 8 family, member C",0.7569777312054047,9.668004645527219,6.215092222672549,2.1699444693136846e-4,0.007214255679695869,0.9296657123086591,Up,TRUE
WT_6h_ipsilateral_vs_contralateral,Polr1c,20016,ENSMUSG00000067148,polymerase (RNA) I polypeptide C,0.8618770694987621,8.891358017021949,6.207246464362493,2.189167862766981e-4,0.007259519377361098,0.920464733168397,Up,TRUE
WT_6h_ipsilateral_vs_contralateral,Aldh1a3,56847,ENSMUSG00000015134,"aldehyde dehydrogenase family 1, subfamily A3",2.218450394025246,5.125988614410281,6.2068771960769675,2.1900772263015297e-4,0.007259519377361098,0.9200314717903568,Up,TRUE
WT_6h_ipsilateral_vs_contralateral,Il21,60505,ENSMUSG00000027718,interleukin 21,3.7671344607007264,2.466330516670148,6.201268221040182,2.2039410545445474e-4,0.007294619166416017,0.9134481744321548,Up,TRUE
WT_6h_ipsilateral_vs_contralateral,Socs1,12703,ENSMUSG00000038037,suppressor of cytokine signaling 1,1.9964879471212935,5.508295107234523,6.197323647056238,2.2137486450460293e-4,0.00731197718194707,0.9088158074984021,Up,TRUE
WT_6h_ipsilateral_vs_contralateral,Atrn,11990,ENSMUSG00000027312,attractin,-0.8485742577124658,11.875721087506502,-6.1965208020846525,2.215750661196082e-4,0.00731197718194707,0.9078727129595867,Down,TRUE
WT_6h_ipsilateral_vs_contralateral,Dock4,238130,ENSMUSG00000035954,dedicator of cytokinesis 4,-1.5405849996092016,11.168903660131672,-6.957324160632986,2.2253600988259614e-4,0.00732372118799232,1.079148524201674,Down,TRUE
WT_6h_ipsilateral_vs_contralateral,Ror2,26564,ENSMUSG00000021464,receptor tyrosine kinase-like orphan receptor 2,1.6310236242953318,6.281376785975923,6.1924688562435,2.225885182613154e-4,0.00732372118799232,0.9031115768426146,Up,TRUE
WT_6h_ipsilateral_vs_contralateral,Thsd4,207596,ENSMUSG00000032289,"thrombospondin, type I, domain containing 4",-2.8987536987745433,9.410196289351376,-8.494128206307959,2.23509055150965e-4,0.007335548327091625,1.3190360544358342,Down,TRUE
WT_6h_ipsilateral_vs_contralateral,Tifa,211550,ENSMUSG00000046688,TRAF-interacting protein with forkhead-associated domain,1.1916043315613312,7.303371470899437,6.187661158995622,2.2379760127372317e-4,0.007335548327091625,0.8974594836331224,Up,TRUE
WT_6h_ipsilateral_vs_contralateral,Rbm24,666794,ENSMUSG00000038132,RNA binding motif protein 24,1.1370099167163028,7.822878614258132,6.18703965908263,2.239544272180984e-4,0.007335548327091625,0.8967285948550918,Up,TRUE
WT_6h_ipsilateral_vs_contralateral,Tnfaip3,21929,ENSMUSG00000019850,"tumor necrosis factor, alpha-induced protein 3",1.163161696110591,7.8678186225989535,6.185293562547252,2.2439567378137836e-4,0.007335548327091625,0.8946748870086889,Up,TRUE
WT_6h_ipsilateral_vs_contralateral,Nexmif,245555,ENSMUSG00000046449,neurite extension and migration factor,-0.8007913093350698,11.041446567491422,-6.183966329549293,2.2473171003040994e-4,0.007335548327091625,0.893113553384997,Down,TRUE
WT_6h_ipsilateral_vs_contralateral,Dicer1,192119,ENSMUSG00000041415,"dicer 1, ribonuclease type III",-0.7474179138459487,10.639279170965182,-6.183208285758041,2.2492388360958833e-4,0.007335548327091625,0.8922216951059312,Down,TRUE
WT_6h_ipsilateral_vs_contralateral,Pax9,18511,ENSMUSG00000001497,paired box 9,3.686314605353541,1.843157302676771,6.181043543508691,2.2547366668080734e-4,0.007342727960986818,0.8896743836430749,Up,TRUE
WT_6h_ipsilateral_vs_contralateral,Vim,22352,ENSMUSG00000026728,vimentin,1.4405445493044091,11.962852628068923,6.8392020990021924,2.2773460368423072e-4,0.007405530360680642,1.0358914411202962,Up,TRUE
WT_6h_ipsilateral_vs_contralateral,Btg3,12228,ENSMUSG00000022863,BTG anti-proliferation factor 3,1.1338244214700186,8.731406403472468,6.168504379938835,2.286874207376726e-4,0.007425673902232737,0.8749065003190024,Up,TRUE
WT_6h_ipsilateral_vs_contralateral,Oser1,66680,ENSMUSG00000035399,oxidative stress responsive serine rich 1,0.9761620097687906,8.567732319205135,6.167068786132733,2.290585558079248e-4,0.0074268985889687405,0.8732143596325166,Up,TRUE
WT_6h_ipsilateral_vs_contralateral,Fndc1,68655,ENSMUSG00000071984,fibronectin type III domain containing 1,-1.097181324301646,8.63232186345576,-6.154826361391216,2.3225050617399208e-4,0.00751944771079313,0.8587726017773267,Down,TRUE
WT_6h_ipsilateral_vs_contralateral,Slc35e4,103710,ENSMUSG00000048807,"solute carrier family 35, member E4",0.777320798509539,9.607539579767378,6.152330070576938,2.3290733459534953e-4,0.007529769053862716,0.8558253149856139,Up,TRUE
WT_6h_ipsilateral_vs_contralateral,Rdh10,98711,ENSMUSG00000025921,retinol dehydrogenase 10 (all-trans),0.9121443840983101,9.22065046124317,6.147964677212403,2.340608700394238e-4,0.007556095478446615,0.8506691712539034,Up,TRUE
WT_6h_ipsilateral_vs_contralateral,Hmga1,15361,ENSMUSG00000046711,high mobility group AT-hook 1,1.069237392180849,10.356370132910435,6.162136774621524,2.3449648243400247e-4,0.007559202816523017,0.8528941190739028,Up,TRUE
WT_6h_ipsilateral_vs_contralateral,Piezo1,234839,ENSMUSG00000014444,piezo-type mechanosensitive ion channel component 1,1.1265729182492414,8.615523880926318,6.138724590545349,2.3652325869567514e-4,0.007602083434406579,0.8397466348061924,Up,TRUE
WT_6h_ipsilateral_vs_contralateral,Dzip3,224170,ENSMUSG00000064061,"DAZ interacting protein 3, zinc finger",-0.7349361769966691,10.699175781892993,-6.138420929250293,2.3660466237350567e-4,0.007602083434406579,0.8393874818519658,Down,TRUE
WT_6h_ipsilateral_vs_contralateral,Spi1,20375,ENSMUSG00000002111,Spi-1 proto-oncogene,1.4003111514242192,6.658082138796706,6.136871927459231,2.3702038810447518e-4,0.007602083434406579,0.8375552137948059,Up,TRUE
WT_6h_ipsilateral_vs_contralateral,Ago1,236511,ENSMUSG00000041530,argonaute RISC catalytic subunit 1,-0.7744407782739451,11.313701613585458,-6.136025129181766,2.3724799319964492e-4,0.007602083434406579,0.8365534209014527,Down,TRUE
WT_6h_ipsilateral_vs_contralateral,Slc2a12,353169,ENSMUSG00000037490,"solute carrier family 2 (facilitated glucose transporter), member 12",-1.7012144101875233,6.925009660040635,-6.1349656097333485,2.3753311202455573e-4,0.007602083434406579,0.8352998313508113,Down,TRUE
WT_6h_ipsilateral_vs_contralateral,Rcan1,54720,ENSMUSG00000022951,regulator of calcineurin 1,0.7862871831412388,10.47142539592224,6.1316722500942085,2.384217654132721e-4,0.00761957650585457,0.8314022407409407,Up,TRUE
WT_6h_ipsilateral_vs_contralateral,Fut4,14345,ENSMUSG00000049307,fucosyltransferase 4,2.279838827026763,4.240250134031686,6.129098854326458,2.3911868889792785e-4,0.007630900852723986,0.82835565963450275,Up,TRUE
WT_6h_ipsilateral_vs_contralateral,B3gnt7,227327,ENSMUSG00000079445,"UDP-GlcNAc:betaGal beta-1,3-N-acetylglucosaminyltransferase 7",1.3383294233135663,6.802489354830953,6.126252340045663,2.3989218300334735e-4,0.007635549275963428,0.8249846711267539,Up,TRUE
WT_6h_ipsilateral_vs_contralateral,Wnt7a,22421,ENSMUSG00000030093,"wingless-type MMTV integration site family, member 7A",0.9905556379921503,8.522460015643441,6.126040263651621,2.399499211301638e-4,0.007635549275963428,0.8247334744069663,Up,TRUE
WT_6h_ipsilateral_vs_contralateral,Fam171b,241520,ENSMUSG00000048388,"family with sequence similarity 171, member B",-0.6463104416466532,12.888505393770911,-6.122225188044372,2.4099119024653708e-4,0.007648243224285138,0.8202135920611511,Down,TRUE
WT_6h_ipsilateral_vs_contralateral,Acer2,230379,ENSMUSG00000038007,alkaline ceramidase 2,1.0737513928312472,7.869600082710955,6.122063083344377,2.4103554403807708e-4,0.007648243224285138,0.8200214950282394,Up,TRUE
WT_6h_ipsilateral_vs_contralateral,Shank3,58234,ENSMUSG00000022623,SH3 and multiple ankyrin repeat domains 3,-0.7656667875387573,12.031731473041877,-6.119921076059552,2.416224648971477e-4,0.007655960747630106,0.8174828349782324,Down,TRUE
WT_6h_ipsilateral_vs_contralateral,Lrrn2,16980,ENSMUSG00000026443,"leucine rich repeat protein 2, neuronal",-0.8358300399671439,11.885368023490411,-6.117671692912397,2.4224049586444435e-4,0.007664558015161288,0.814816230287513,Down,TRUE
WT_6h_ipsilateral_vs_contralateral,Dnajc25,72429,ENSMUSG00000070972,DnaJ heat shock protein family (Hsp40) member C25,1.239919683142407,7.580629569287073,6.116363378706212,2.426007604433195e-4,0.007664558015161288,0.8132649235919756,Up,TRUE
WT_6h_ipsilateral_vs_contralateral,Zfp36l2,12193,ENSMUSG00000045817,"zinc finger protein 36, C3H type-like 2",0.8049682971480046,9.500771223576969,6.113968918596822,2.432616357072279e-4,0.007664558015161288,0.8104251264923539,Up,TRUE
WT_6h_ipsilateral_vs_contralateral,Opn3,13603,ENSMUSG00000026525,opsin 3,1.3186877875339729,6.711085350551315,6.113938128603546,2.43270146654053e-4,0.007664558015161288,0.8103886047972013,Up,TRUE
WT_6h_ipsilateral_vs_contralateral,Jup,16480,ENSMUSG00000001552,junction plakoglobin,0.8652870539300679,9.79154983024537,6.11253050333028,2.436595905024674e-4,0.007665984997800086,0.8087188029338321,Up,TRUE
WT_6h_ipsilateral_vs_contralateral,Clmn,94040,ENSMUSG00000021097,calmin,-1.187853305006625,9.854568629449952,-6.220125227399134,2.4410049928645422e-4,0.007669024854168925,0.8354190680408546,Down,TRUE
WT_6h_ipsilateral_vs_contralateral,Fam117a,215512,ENSMUSG00000038893,"family with sequence similarity 117, member A",1.3734343382177174,6.791764701390677,6.1087118204701065,2.44719544530652e-4,0.007676062406180151,0.8041874875940946,Up,TRUE
WT_6h_ipsilateral_vs_contralateral,Fam131a,78408,ENSMUSG00000050821,"family with sequence similarity 131, member A",-0.8243464379193615,12.17953040318926,-6.107655253980463,2.4501370912655834e-4,0.007676062406180151,0.8029333897929636,Down,TRUE
WT_6h_ipsilateral_vs_contralateral,P2ry2,18442,ENSMUSG00000032860,"purinergic receptor P2Y, G-protein coupled 2",2.119850280796637,5.4054882970114395,6.10551912839639,2.456096256559357e-4,0.007683924735233101,0.800397429302314,Up,TRUE
WT_6h_ipsilateral_vs_contralateral,Hmga1b,111241,ENSMUSG00000078249,high mobility group AT-hook 1B,1.0063770984395664,10.28849912656544,6.102709160255377,2.4639594768915805e-4,0.007697713513009811,0.7970605324886018,Up,TRUE
WT_6h_ipsilateral_vs_contralateral,Add2,11519,ENSMUSG00000030000,adducin 2,-0.800808557241238,12.24256865636204,-6.094762069918299,2.4863479788915846e-4,0.007756778883726898,0.7876172524417111,Down,TRUE
WT_6h_ipsilateral_vs_contralateral,Amigo2,105827,ENSMUSG00000048218,adhesion molecule with Ig like domain 2,-0.9049953902137684,8.735988535588849,-6.089261827074175,2.501973895435903e-4,0.00779461098193493,0.7810763414144315,Down,TRUE
WT_6h_ipsilateral_vs_contralateral,Pak3,18481,ENSMUSG00000031284,p21 (RAC1) activated kinase 3,-0.6726594219854434,11.780670149241383,-6.082281007251513,2.521961399144018e-4,0.007845906447756006,0.7727686585989169,Down,TRUE
WT_6h_ipsilateral_vs_contralateral,Pcdh19,279653,ENSMUSG00000051323,protocadherin 19,-0.8023700404270215,10.921766079602836,-6.0735683648101855,2.547153587520395e-4,0.007913228195539303,0.7623904579629901,Down,TRUE
WT_6h_ipsilateral_vs_contralateral,Chrm3,12671,ENSMUSG00000046159,"cholinergic receptor, muscarinic 3, cardiac",-0.8304277370398943,9.825928146854604,-6.055433015462821,2.600481047730025e-4,0.008067648375791964,0.7407542996938554,Down,TRUE
WT_6h_ipsilateral_vs_contralateral,Bend3,331623,ENSMUSG00000038214,BEN domain containing 3,1.0607468965045523,8.228907828500892,6.054091686101837,2.6044736248144934e-4,0.008068796939185375,0.7391522194217703,Up,TRUE
WT_6h_ipsilateral_vs_contralateral,Slc16a10,72472,ENSMUSG00000019838,"solute carrier family 16 (monocarboxylic acid transporters), member 10",1.5937990638953208,6.357665490260896,6.047839932219869,2.6231713920561126e-4,0.008104028550689505,0.7316818244056753,Up,TRUE
WT_6h_ipsilateral_vs_contralateral,Kcna4,16492,ENSMUSG00000042604,"potassium voltage-gated channel, shaker-related subfamily, member 4",-0.9598333229946538,8.111129975910352,-6.047628817629888,2.623805358786891e-4,0.008104028550689505,0.7314294623434474,Down,TRUE
WT_6h_ipsilateral_vs_contralateral,Usf3,207806,ENSMUSG00000068284,upstream transcription factor family member 3,-0.9172801438320306,10.02555585258338,-6.0466455358889455,2.6267603203581697e-4,0.008104028550689505,0.7302539853671428,Down,TRUE
WT_6h_ipsilateral_vs_contralateral,Pkdcc,106522,ENSMUSG00000024247,"protein kinase domain containing, cytoplasmic",0.8701994232232018,8.504867349314798,6.040909405121604,2.64407147786586e-4,0.008146153827034859,0.7233939580487885,Up,TRUE
WT_6h_ipsilateral_vs_contralateral,Ccdc93,70829,ENSMUSG00000026339,coiled-coil domain containing 93,-0.8607544629793775,9.367693713969778,-6.033952461458872,2.6652350446055895e-4,0.008200015278810705,0.7150677430747185,Down,TRUE
WT_6h_ipsilateral_vs_contralateral,Wdfy3,72145,ENSMUSG00000043940,WD repeat and FYVE domain containing 3,-0.8019312452365099,11.707904992371517,-6.030527274356115,2.6757229223965077e-4,0.008220928013294097,0.7109659187916302,Down,TRUE
WT_6h_ipsilateral_vs_contralateral,Fos,14281,ENSMUSG00000021250,FBJ osteosarcoma oncogene,4.2686003309515215,10.174635036585704,10.2548805864721,2.7075626287826043e-4,0.008307294429219354,1.3158415068146851,Up,TRUE
WT_6h_ipsilateral_vs_contralateral,Onecut2,225631,ENSMUSG00000045991,"one cut domain, family member 2",-1.295456387081943,6.800599481622254,-6.016043020941975,2.72057659777208e-4,0.00833574191408158,0.6936021643528889,Down,TRUE
WT_6h_ipsilateral_vs_contralateral,Grik2,14806,ENSMUSG00000056073,"glutamate receptor, ionotropic, kainate 2 (beta 2)",-0.7442845857412745,10.474543605600047,-6.012741847161282,2.730914376404794e-4,0.00835592276571659,0.6896405938315455,Down,TRUE
WT_6h_ipsilateral_vs_contralateral,Grrp1,NA,NA,NA,1.6308017215628068,6.409731012717588,6.009157719909064,2.742187030696221e-4,0.008378904816016232,0.685337733865639,Up,TRUE
WT_6h_ipsilateral_vs_contralateral,Lmbrd2,320506,ENSMUSG00000039704,LMBR1 domain containing 2,-0.6817918474677942,10.75059140790421,-6.007234479551048,2.7482569565587034e-4,0.008385948453060975,0.6830280786381744,Down,TRUE
WT_6h_ipsilateral_vs_contralateral,Sox18,20672,ENSMUSG00000046470,SRY (sex determining region Y)-box 18,1.027906609372602,8.353143478154488,6.004748279668309,2.7561254773308285e-4,0.008398453489404132,0.6800415852192323,Up,TRUE
WT_6h_ipsilateral_vs_contralateral,Etnppl,71760,ENSMUSG00000019232,ethanolamine phosphate phospholyase,-3.26813457998379,2.804719552466186,-6.003352945195267,2.760552360970415e-4,0.008400451344346447,0.6783650898093896,Down,TRUE
WT_6h_ipsilateral_vs_contralateral,Cbx6,494448,ENSMUSG00000089715,chromobox 6,-0.6637967383425334,12.724830685394998,-5.998326367104037,2.776564593729363e-4,0.008437650249020677,0.6723233852276884,Down,TRUE
WT_6h_ipsilateral_vs_contralateral,Nat8f7,100043497,ENSMUSG00000089694,N-acetyltransferase 8 (GCN5-related) family member 7,2.358174704135292,4.240442925656199,5.995678015727725,2.7850418911144515e-4,0.00845188121588207,0.669138766454167,Up,TRUE
WT_6h_ipsilateral_vs_contralateral,Mcm2,17216,ENSMUSG00000002870,minichromosome maintenance complex component 2,1.0395685410050755,7.864942771432741,5.992262235053431,2.7960176382835667e-4,0.00847364529153285,0.6650298649575301,Up,TRUE
WT_6h_ipsilateral_vs_contralateral,Wasf1,83767,ENSMUSG00000019831,"WASP family, member 1",-0.6751517698443621,12.615231831099225,-5.9863891541299346,2.8150003337308187e-4,0.008519583211121467,0.6579611986547222,Down,TRUE
WT_6h_ipsilateral_vs_contralateral,Prkab2,108097,ENSMUSG00000038205,"protein kinase, AMP-activated, beta 2 non-catalytic subunit",-0.7053980351063078,10.714941345327084,-5.98128138515475,2.8316243320511213e-4,0.008550573396598538,0.6518096934368467,Down,TRUE
WT_6h_ipsilateral_vs_contralateral,Srf,20807,ENSMUSG00000015605,serum response factor,0.9765935897689424,9.636670166519032,5.980594409873896,2.833868395011041e-4,0.008550573396598538,0.6509820594850826,Up,TRUE
WT_6h_ipsilateral_vs_contralateral,Sde2,208768,ENSMUSG00000038806,SDE2 telomere maintenance homolog (S. pombe),0.7754560147690874,9.71854153670387,5.97901897227073,2.839022061300752e-4,0.008550573396598538,0.6490837990189462,Up,TRUE
WT_6h_ipsilateral_vs_contralateral,Kcnf1,382571,ENSMUSG00000051726,"potassium voltage-gated channel, subfamily F, member 1",1.4112548136187275,10.289495487972792,6.501176970534159,2.8405945290607937e-4,0.008550573396598538,0.7810077452558257,Up,TRUE
WT_6h_ipsilateral_vs_contralateral,Dnal1,105000,ENSMUSG00000042523,"dynein, axonemal, light chain 1",-0.704600133842856,10.830663899409254,-5.976790418125924,2.846329796852252e-4,0.008556274794181366,0.6463979950663319,Down,TRUE
WT_6h_ipsilateral_vs_contralateral,Phlda3,27280,ENSMUSG00000041801,"pleckstrin homology like domain, family A, member 3",1.2399984147272827,8.572139978849464,5.9643730824161985,2.8874273546085897e-4,0.0086632489538880815,0.6314200866286095,Up,TRUE
WT_6h_ipsilateral_vs_contralateral,Rgs14,51791,ENSMUSG00000052087,regulator of G-protein signaling 14,-1.4654631868264456,8.127938093955201,-6.032552879474497,2.8896942638558226e-4,0.0086632489538880815,0.6495181925708087,Down,TRUE
WT_6h_ipsilateral_vs_contralateral,Serpinh1,12406,ENSMUSG00000070436,"serine (or cysteine) peptidase inhibitor, clade H, member 1",1.5286862453036747,10.761531548955904,6.698245778789016,2.908179365362625e-4,0.008706948301539312,0.8060629359432436,Up,TRUE
WT_6h_ipsilateral_vs_contralateral,Zkscan2,210162,ENSMUSG00000030757,zinc finger with KRAB and SCAN domains 2,-0.9090393880368168,9.031274118336714,-5.9558513704980305,2.916007816785152e-4,0.008707618516667202,0.6211285368820505,Down,TRUE
WT_6h_ipsilateral_vs_contralateral,Nedd4l,83814,ENSMUSG00000024589,"neural precursor cell expressed, developmentally down-regulated gene 4-like",-0.7696093739799945,11.20667687168765,-5.955787999845316,2.916221509959027e-4,0.008707618516667202,0.621051966667812,Down,TRUE
WT_6h_ipsilateral_vs_contralateral,Ptges,64292,ENSMUSG00000050737,prostaglandin E synthase,1.2730894524916065,7.341607517342757,5.954081966136667,2.921980909212266e-4,0.008713135843735372,0.6189903677807544,Up,TRUE
WT_6h_ipsilateral_vs_contralateral,Nrg1,211323,ENSMUSG00000062991,neuregulin 1,1.0054596288599758,7.823922609237702,5.951929205052728,2.929266214079375e-4,0.00872318247575108,0.6163883499212863,Up,TRUE
WT_6h_ipsilateral_vs_contralateral,Tug1,544752,ENSMUSG00000056579,taurine upregulated gene 1,-0.6911261733282821,11.27733538206935,-5.950487483183333,2.9341563732769013e-4,0.008726079200900263,0.6146453912324574,Down,TRUE
WT_6h_ipsilateral_vs_contralateral,Dnajc18,76594,ENSMUSG00000024350,DnaJ heat shock protein family (Hsp40) member C18,-0.6912941010806382,10.5034840059865,-5.948221492852962,2.941860452243316e-4,0.008737325543162647,0.611905346213967,Down,TRUE
WT_6h_ipsilateral_vs_contralateral,Ddn,13199,ENSMUSG00000059213,dendrin,-0.657091748688817,12.823679537311804,-5.946692232733389,2.947072271249395e-4,0.008741149779238386,0.6100557485693878,Down,TRUE
WT_6h_ipsilateral_vs_contralateral,S1pr1,13609,ENSMUSG00000045092,sphingosine-1-phosphate receptor 1,0.9017016556316513,10.660196903543316,5.944822277950989,2.9534589573364744e-4,0.008748443919503985,0.6077936412015283,Up,TRUE
WT_6h_ipsilateral_vs_contralateral,Rad52,19365,ENSMUSG00000030166,"RAD52 homolog, DNA repair protein",0.9240802158619594,8.203893744535046,5.936246921600974,2.982942354367551e-4,0.008824042621983693,0.5974135972636327,Up,TRUE
WT_6h_ipsilateral_vs_contralateral,Cd63,12512,ENSMUSG00000025351,CD63 antigen,0.8549110418413974,10.224926181423434,5.920881360484576,3.0365816178408954e-4,0.008970803121671875,0.5787883295344765,Up,TRUE
WT_6h_ipsilateral_vs_contralateral,Nbea,26422,ENSMUSG00000027799,neurobeachin,-0.8714800729735455,12.54621357755775,-5.911886552412,3.0684712437012933e-4,0.009053006218999512,0.5678698158024655,Down,TRUE
WT_6h_ipsilateral_vs_contralateral,Gdnf,14573,ENSMUSG00000022144,glial cell line derived neurotrophic factor,2.3883017520441956,4.299977774966409,5.9093279069484135,3.077609412754824e-4,0.00906025663502267,0.5647618619371153,Up,TRUE
WT_6h_ipsilateral_vs_contralateral,Pcmtd1,319263,ENSMUSG00000051285,protein-L-isoaspartate (D-aspartate) O-methyltransferase domain containing 1,-0.6617101276548016,10.983928561454617,-5.9089214960233445,3.079063646559893e-4,0.00906025663502267,0.564268114364614,Down,TRUE
WT_6h_ipsilateral_vs_contralateral,Pde1a,18573,ENSMUSG00000059173,"phosphodiesterase 1A, calmodulin-dependent",-1.268825809064138,11.557440484127456,-6.338034832865817,3.09933787402472e-4,0.009107882736662352,0.6715949467481739,Down,TRUE
WT_6h_ipsilateral_vs_contralateral,Zfp831,100043757,ENSMUSG00000050600,zinc finger protein 831,-1.5141615247512918,6.34427814734615,-5.9005087782186605,3.1093360646622945e-4,0.009125225407161082,0.5540422637334919,Down,TRUE
WT_6h_ipsilateral_vs_contralateral,Itpka,228550,ENSMUSG00000027296,"inositol 1,4,5-trisphosphate 3-kinase A",-0.7172524388491262,10.322607896398761,-5.898153763823039,3.117868687373842e-4,0.009138226975164782,0.5511778909044116,Down,TRUE
WT_6h_ipsilateral_vs_contralateral,Cacng8,81905,ENSMUSG00000053395,"calcium channel, voltage-dependent, gamma subunit 8",-0.7051605283698521,10.535698990880327,-5.896296742076177,3.1246150883117114e-4,0.009145965977942625,0.5489186647887543,Down,TRUE
WT_6h_ipsilateral_vs_contralateral,Ago4,76850,ENSMUSG00000042500,argonaute RISC catalytic subunit 4,0.8984834618887856,8.18469541849341,5.882901961113495,3.1737535452175565e-4,0.009277606328047385,0.5326082577136182,Up,TRUE
WT_6h_ipsilateral_vs_contralateral,Nucks1,98415,ENSMUSG00000026434,nuclear casein kinase and cyclin-dependent kinase substrate 1,-0.6696417045068834,11.66883525300834,-5.880121504145438,3.184059333453588e-4,0.009289801892592861,0.5292193862335859,Down,TRUE
WT_6h_ipsilateral_vs_contralateral,Crb2,241324,ENSMUSG00000035403,crumbs family member 2,-1.0663167259769741,7.901462339058515,-5.879505814415221,3.186346347215481e-4,0.009289801892592861,0.528468823744177,Down,TRUE
WT_6h_ipsilateral_vs_contralateral,Rassf8,71323,ENSMUSG00000030259,Ras association (RalGDS/AF-6) domain family (N-terminal) member 8,0.8339982241801973,8.671556003728364,5.878405767588736,3.19043701361775e-4,0.009289801892592861,0.527127666872949,Up,TRUE
WT_6h_ipsilateral_vs_contralateral,Rfx3,19726,ENSMUSG00000040929,"regulatory factor X, 3 (influences HLA class II expression)",-0.8908580206053873,10.121131080699245,-5.871502652543807,3.2162388350090454e-4,0.009352704967340272,0.5187075864724262,Down,TRUE
WT_6h_ipsilateral_vs_contralateral,Igsf10,242050,ENSMUSG00000036334,"immunoglobulin superfamily, member 10",0.9537064298566742,7.9957262772511815,5.861520552193329,3.253954132260848e-4,0.009422515310681853,0.5065199161457841,Up,TRUE
WT_6h_ipsilateral_vs_contralateral,Fosl1,14283,ENSMUSG00000024912,fos-like antigen 1,2.8929255954112554,3.4859339713635435,5.860781300245527,3.2567664484650535e-4,0.009422515310681853,0.5056167602736688,Up,TRUE
WT_6h_ipsilateral_vs_contralateral,Aff1,17355,ENSMUSG00000029313,"AF4/FMR2 family, member 1",1.0037881508853665,8.96040261922099,5.859506516220276,3.261622330896947e-4,0.009422515310681853,0.5040591534498686,Up,TRUE
WT_6h_ipsilateral_vs_contralateral,Cyba,13057,ENSMUSG00000006519,"cytochrome b-245, alpha polypeptide",1.2157376086635079,6.7905493052278425,5.8575279671134535,3.2691746949336267e-4,0.009422515310681853,0.5016411860805805,Up,TRUE
WT_6h_ipsilateral_vs_contralateral,Zswim4,212168,ENSMUSG00000035671,zinc finger SWIM-type containing 4,0.7632821543842354,9.124910968034635,5.857410689685957,3.2696229581763984e-4,0.009422515310681853,0.5014978448607179,Up,TRUE
WT_6h_ipsilateral_vs_contralateral,Robo1,19876,ENSMUSG00000022883,roundabout guidance receptor 1,-1.0336423722550343,11.085665326915482,-5.914529177671713,3.273727221505898e-4,0.009422515310681853,0.516695042513545,Down,TRUE
WT_6h_ipsilateral_vs_contralateral,Uhrf1bp1l,NA,NA,NA,-0.6749181284886703,10.76708526999034,-5.855097810593502,3.278477122530504e-4,0.009422515310681853,0.49867054987114656,Down,TRUE
WT_6h_ipsilateral_vs_contralateral,Nell1,338352,ENSMUSG00000055409,NEL-like 1,-0.858761194255365,10.214729207951851,-5.85460655510445,3.2803611263707846e-4,0.009422515310681853,0.4980699342797772,Down,TRUE
WT_6h_ipsilateral_vs_contralateral,Fam20c,80752,ENSMUSG00000025854,"FAM20C, golgi associated secretory pathway kinase",0.8117183349189432,10.195687800405885,5.854342700824415,3.281373517975826e-4,0.009422515310681853,0.49774732827540014,Up,TRUE
WT_6h_ipsilateral_vs_contralateral,Mast3,546071,ENSMUSG00000031833,microtubule associated serine/threonine kinase 3,-0.816637295455017,11.018495357699463,-5.8537948752012134,3.2834765820973237e-4,0.009422515310681853,0.4970774880975304,Down,TRUE
WT_6h_ipsilateral_vs_contralateral,Ppp1r15b,108954,ENSMUSG00000046062,"protein phosphatase 1, regulatory subunit 15B",0.6979478615056323,10.988228343110471,5.852936086222382,3.286776384466801e-4,0.009422515310681853,0.49602733909307783,Up,TRUE
WT_6h_ipsilateral_vs_contralateral,S1pr2,14739,ENSMUSG00000043895,sphingosine-1-phosphate receptor 2,1.1579254768678426,6.952327038087676,5.845535621402909,3.315362837600272e-4,0.00949225028374628,0.4869735045035153,Up,TRUE
WT_6h_ipsilateral_vs_contralateral,Armh4,67419,ENSMUSG00000036242,armadillo-like helical domain containing 4,-0.9623072416182055,9.267117866147553,-5.84443430107991,3.319640236890206e-4,0.009492296056062817,0.4856254656679342,Down,TRUE
WT_6h_ipsilateral_vs_contralateral,Ptpn1,19246,ENSMUSG00000027540,"protein tyrosine phosphatase, non-receptor type 1",0.6564482984318847,10.952974478397852,5.837153958982819,3.348068725194168e-4,0.009561311647910268,0.4767098222461339,Up,TRUE
WT_6h_ipsilateral_vs_contralateral,Nrxn3,18191,ENSMUSG00000066392,neurexin III,-0.6762150657511867,11.312662700367596,-5.831876757082251,3.36884194817978e-4,0.00960831682403388,0.47024253117803827,Down,TRUE
WT_6h_ipsilateral_vs_contralateral,Zfp622,52521,ENSMUSG00000052253,zinc finger protein 622,0.9305776932808918,9.657393720207219,5.828020415397826,3.3841113366996827e-4,0.00962193215569998,0.46551401021761674,Up,TRUE
WT_6h_ipsilateral_vs_contralateral,Cgn,70737,ENSMUSG00000068876,cingulin,1.3026424280444973,7.570865512884311,5.827556465699437,3.385953471719583e-4,0.00962193215569998,0.46494498695886666,Up,TRUE
WT_6h_ipsilateral_vs_contralateral,Anxa5,11747,ENSMUSG00000027712,annexin A5,0.8906792727935411,8.568864978307904,5.827400106748917,3.386574549974763e-4,0.00962193215569998,0.4647532094984541,Up,TRUE
WT_6h_ipsilateral_vs_contralateral,Bbc3,170770,ENSMUSG00000002083,BCL2 binding component 3,1.5464342205105694,8.945601740019963,6.2642253860124075,3.391527065070437e-4,0.009623728073177578,0.5807063780977044,Up,TRUE
WT_6h_ipsilateral_vs_contralateral,Orai2,269717,ENSMUSG00000039747,ORAI calcium release-activated calcium modulator 2,-0.7438541951804503,11.510450334780552,-5.82501550626425,3.396061971390038e-4,0.009624335930370624,0.461828015091843,Down,TRUE
WT_6h_ipsilateral_vs_contralateral,Lifr,16880,ENSMUSG00000054263,LIF receptor alpha,-0.810442115499109,9.72862068596551,-5.822466149678936,3.406237096931769e-4,0.009640906141569906,0.45869981502570933,Down,TRUE
WT_6h_ipsilateral_vs_contralateral,Sp5,64406,ENSMUSG00000075304,trans-acting transcription factor 5,2.0352433927374918,5.616825238468075,5.819406101926701,3.418494627088763e-4,0.009663320789137333,0.45494374182046826,Up,TRUE
WT_6h_ipsilateral_vs_contralateral,Tes,21753,ENSMUSG00000029552,testin LIM domain protein,1.2254518621498578,7.257996422051118,5.817165303576068,3.427501150719292e-4,0.009676500396992678,0.4521924116326037,Up,TRUE
WT_6h_ipsilateral_vs_contralateral,Klf16,118445,ENSMUSG00000035397,Kruppel-like transcription factor 16,0.7184489612343032,9.876636635321148,5.81279326206097,3.4451487555418214e-4,0.00970627492468968,0.4468221989256156,Up,TRUE
WT_6h_ipsilateral_vs_contralateral,Kcnn2,140492,ENSMUSG00000054477,"potassium intermediate/small conductance calcium-activated channel, subfamily N, member 2",-0.7874415352917818,9.402908441846908,-5.8121494700665135,3.447755794634549e-4,0.00970627492468968,0.44603119316780404,Down,TRUE
WT_6h_ipsilateral_vs_contralateral,Neto1,246317,ENSMUSG00000050321,neuropilin (NRP) and tolloid (TLL)-like 1,-0.8781543592626093,11.924847627111054,-5.811147301072525,3.451818382829469e-4,0.00970627492468968,0.4447997435035216,Down,TRUE
WT_6h_ipsilateral_vs_contralateral,Adm,11535,ENSMUSG00000030790,adrenomedullin,1.8808704486332442,5.890477365703388,5.8102457789265145,3.455477447936663e-4,0.00970627492468968,0.44369184430171593,Up,TRUE
WT_6h_ipsilateral_vs_contralateral,Sprn,212518,ENSMUSG00000045733,shadow of prion protein,-0.6346878254886992,11.72800371524146,-5.806617046037982,3.470248625972334e-4,0.00972266172974925,0.4392312428087637,Down,TRUE
WT_6h_ipsilateral_vs_contralateral,Clec14a,66864,ENSMUSG00000045930,"C-type lectin domain family 14, member a",0.9994938704898608,8.373009883245059,5.805729035935509,3.473873894263122e-4,0.00972266172974925,0.4381393737658623,Up,TRUE
WT_6h_ipsilateral_vs_contralateral,Arhgap17,70497,ENSMUSG00000030766,Rho GTPase activating protein 17,0.8730289321042299,8.300694578040169,5.804984968576243,3.4769147145993063e-4,0.00972266172974925,0.43722440520468187,Up,TRUE
WT_6h_ipsilateral_vs_contralateral,Cntn1,12805,ENSMUSG00000055022,contactin 1,-0.61443726604438,13.657614959877154,-5.802018639349693,3.4890663732686854e-4,0.00972266172974925,0.43357596614557536,Down,TRUE
WT_6h_ipsilateral_vs_contralateral,Trim16,94092,ENSMUSG00000047821,tripartite motif-containing 16,1.1808512998101293,6.8162059859358575,5.801095157552569,3.4928589301998653e-4,0.00972266172974925,0.43243987168689735,Up,TRUE
WT_6h_ipsilateral_vs_contralateral,Vgll4,232334,ENSMUSG00000030315,vestigial like family member 4,0.9779413618709629,9.123052724562612,5.800999971438537,3.4932500972400697e-4,0.00972266172974925,0.4323227639855727,Up,TRUE
WT_6h_ipsilateral_vs_contralateral,Slc16a3,80879,ENSMUSG00000025161,"solute carrier family 16 (monocarboxylic acid transporters), member 3",1.3458647308150118,6.425161571959663,5.800199496222148,3.4965415459399594e-4,0.00972266172974925,0.4313378860762853,Up,TRUE
WT_6h_ipsilateral_vs_contralateral,Oip5os1,66602,ENSMUSG00000085438,"Opa interacting protein 5, opposite strand 1",-0.6230583709744693,13.778273760710608,-5.799287157474805,3.5002971037000107e-4,0.00972266172974925,0.43021526308113156,Down,TRUE
WT_6h_ipsilateral_vs_contralateral,Carf,241066,ENSMUSG00000026017,calcium response factor,-0.9279867789850904,8.047492065364974,-5.79921490673207,3.500594705840134e-4,0.00972266172974925,0.43012635422471224,Down,TRUE
WT_6h_ipsilateral_vs_contralateral,Xrn1,24127,ENSMUSG00000032410,5'-3' exoribonuclease 1,-0.7727591792682436,9.642143797378088,-5.796118930695892,3.5133731514874284e-4,0.009746000865427455,0.4263158679274648,Down,TRUE
WT_6h_ipsilateral_vs_contralateral,Mdga1,74762,ENSMUSG00000043557,MAM domain containing glycosylphosphatidylinositol anchor 1,-0.7086035967058191,10.919743162793745,-5.7920478876328785,3.5302539141497354e-4,0.009764300974161306,0.4213031910960954,Down,TRUE
WT_6h_ipsilateral_vs_contralateral,Pcdh17,219228,ENSMUSG00000035566,protocadherin 17,-0.6549487677752577,11.143305076613492,-5.791470162344,3.532656664132115e-4,0.009764300974161306,0.4205916452204841,Down,TRUE
WT_6h_ipsilateral_vs_contralateral,D430041D05Rik,241589,ENSMUSG00000068373,RIKEN cDNA D430041D05 gene,-0.8007033125269238,11.523422738286113,-5.790043283830165,3.5385987034180984e-4,0.009764300974161306,0.41883404863645435,Down,TRUE
WT_6h_ipsilateral_vs_contralateral,Zfp593,68040,ENSMUSG00000028840,zinc finger protein 593,1.873017877989227,4.914350056589903,5.788483925470477,3.545104952402124e-4,0.009764300974161306,0.4169129324975813,Up,TRUE
WT_6h_ipsilateral_vs_contralateral,Pars2,230577,ENSMUSG00000043572,prolyl-tRNA synthetase (mitochondrial)(putative),-1.0783236402833518,7.343696306454353,-5.788281656625694,3.545949855725241e-4,0.009764300974161306,0.41666371346251374,Down,TRUE
WT_6h_ipsilateral_vs_contralateral,Ddx39a,68278,ENSMUSG00000005481,DEAD box helicase 39a,0.8119877376960982,8.926645133643806,5.788204699124215,3.5462713751274955e-4,0.009764300974161306,0.4165688912175174,Up,TRUE
WT_6h_ipsilateral_vs_contralateral,Pfkfb2,18640,ENSMUSG00000026409,"6-phosphofructo-2-kinase/fructose-2,6-biphosphatase 2",-0.8207209033104874,8.755643201042023,-5.780180048480314,3.5799732438766845e-4,0.009844926420660883,0.40667675262301195,Down,TRUE
WT_6h_ipsilateral_vs_contralateral,Gpr137b,83924,ENSMUSG00000021306,G protein-coupled receptor 137B,0.8893413622970989,9.011877820947749,5.7718071982458445,3.615511635276025e-4,0.009881521057400276,0.396345528826223,Up,TRUE
WT_6h_ipsilateral_vs_contralateral,Wdr7,104082,ENSMUSG00000040560,WD repeat domain 7,-0.6669760806194933,11.650061086489218,-5.77164780086011,3.6161919291943524e-4,0.009881521057400276,0.3961487514284894,Down,TRUE
WT_6h_ipsilateral_vs_contralateral,Slc35b4,58246,ENSMUSG00000018999,"solute carrier family 35, member B4",-0.7422481153523179,9.484300084997354,-5.7710437943618125,3.618771047106203e-4,0.009881521057400276,0.3954030672687443,Down,TRUE
WT_6h_ipsilateral_vs_contralateral,Efna1,13636,ENSMUSG00000027954,ephrin A1,1.0736668952854957,7.390802201685107,5.770438978421726,3.621355639017733e-4,0.009881521057400276,0.3946563312906788,Up,TRUE
WT_6h_ipsilateral_vs_contralateral,Malat1,72289,ENSMUSG00000092341,metastasis associated lung adenocarcinoma transcript 1 (non-coding RNA),-0.8607339847906967,11.978483642340827,-5.770350570715542,3.621733605574408e-4,0.009881521057400276,0.39454717431753394,Down,TRUE
WT_6h_ipsilateral_vs_contralateral,Fam83g,69640,ENSMUSG00000042377,"family with sequence similarity 83, member G",3.582251478884444,2.3738890257620064,5.77028364609232,3.6220197549297826e-4,0.009881521057400276,0.39446454175496104,Up,TRUE
WT_6h_ipsilateral_vs_contralateral,Txnip,56338,ENSMUSG00000038393,thioredoxin interacting protein,0.7404573756076438,10.717622286941605,5.76925939349617,3.626402236856588e-4,0.009881521057400276,0.3931998056171375,Up,TRUE
WT_6h_ipsilateral_vs_contralateral,Adamts3,330119,ENSMUSG00000043635,ADAM metallopeptidase with thrombospondin type 1 motif 3,-1.1162585660953486,8.996182466605436,-5.768144649544193,3.63117850228735e-4,0.009881521057400276,0.3918231604358535,Down,TRUE
WT_6h_ipsilateral_vs_contralateral,Nfkbid,243910,ENSMUSG00000036931,"nuclear factor of kappa light polypeptide gene enhancer in B cells inhibitor, delta",1.5261426160046057,5.679506443614607,5.766532537594382,3.6380979893156895e-4,0.009881521057400276,0.38983197833104555,Up,TRUE
WT_6h_ipsilateral_vs_contralateral,Arhgap28,268970,ENSMUSG00000024043,Rho GTPase activating protein 28,1.4451337877484445,6.340435045447155,5.765861709287923,3.640981561539906e-4,0.009881521057400276,0.3890033021898258,Up,TRUE
WT_6h_ipsilateral_vs_contralateral,Gpr68,238377,ENSMUSG00000047415,G protein-coupled receptor 68,-0.8159070757438265,8.697406464141238,-5.765606784182382,3.6420780193605507e-4,0.009881521057400276,0.3886883755140902,Down,TRUE
WT_6h_ipsilateral_vs_contralateral,Slit3,20564,ENSMUSG00000056427,slit guidance ligand 3,-1.6755941981995566,9.659480895945006,-6.56766989031343,3.6721773894392827e-4,0.00994580847141867,0.588045654646387,Down,TRUE
WT_6h_ipsilateral_vs_contralateral,Pdk4,27273,ENSMUSG00000019577,"pyruvate dehydrogenase kinase, isoenzyme 4",1.0720565073836852,8.221855396628575,5.758059772082149,3.6747027483625434e-4,0.00994580847141867,0.3793607956479752,Up,TRUE
WT_6h_ipsilateral_vs_contralateral,Ube4a,140630,ENSMUSG00000059890,ubiquitination factor E4A,-0.6926274154842886,10.811307666328807,-5.750406022073247,3.7081158605375866e-4,0.01000968004125688,0.3698929293722255,Down,TRUE
WT_6h_ipsilateral_vs_contralateral,Slc25a30,67554,ENSMUSG00000022003,"solute carrier family 25, member 30",0.8481967536099093,8.382002312289027,5.748245521487899,3.717607788576564e-4,0.01000968004125688,0.3672188145785986,Up,TRUE
WT_6h_ipsilateral_vs_contralateral,Camk2b,12323,ENSMUSG00000057897,"calcium/calmodulin-dependent protein kinase II, beta",-0.6004945127775088,13.919607736212537,-5.747966933409004,3.718833669722636e-4,0.01000968004125688,0.3668739490616204,Down,TRUE
WT_6h_ipsilateral_vs_contralateral,Septin9,53860,ENSMUSG00000059248,septin 9,0.7080819815526311,11.216953718798692,5.747201263050868,3.722205155942882e-4,0.01000968004125688,0.3659260645135509,Up,TRUE
WT_6h_ipsilateral_vs_contralateral,Gm9866,NA,NA,NA,-0.7614968093491488,9.498580506750297,-5.746733825141294,3.7242650757314815e-4,0.01000968004125688,0.3653473442697468,Down,TRUE
WT_6h_ipsilateral_vs_contralateral,Ppfibp1,67533,ENSMUSG00000016487,"PTPRF interacting protein, binding protein 1 (liprin beta 1)",0.72142254173745,9.548566747112655,5.746507332708728,3.725263638250035e-4,0.01000968004125688,0.36506691976612426,Up,TRUE
WT_6h_ipsilateral_vs_contralateral,Tle3,21887,ENSMUSG00000032280,transducin-like enhancer of split 3,0.7479019181078108,10.846748293922904,5.743843783606743,3.7370287349288204e-4,0.010017683118105683,0.3617685758431426,Up,TRUE
WT_6h_ipsilateral_vs_contralateral,Purb,19291,ENSMUSG00000094483,purine rich element binding protein B,-0.6528178649490926,13.351114373011104,-5.743158036918287,3.740064307624307e-4,0.010017683118105683,0.3609192320728001,Down,TRUE
WT_6h_ipsilateral_vs_contralateral,Slitrk1,76965,ENSMUSG00000075478,"SLIT and NTRK-like family, member 1",-0.858972365982563,9.80468545122282,-5.742781120314484,3.7417339413081603e-4,0.010017683118105683,0.3604523664639485,Down,TRUE
WT_6h_ipsilateral_vs_contralateral,Gnaq,14682,ENSMUSG00000024639,"guanine nucleotide binding protein, alpha q polypeptide",-0.6636233114465266,12.603592278333197,-5.740558751333383,3.75159500422567e-4,0.010032026256797935,0.3576992258069751,Down,TRUE
WT_6h_ipsilateral_vs_contralateral,Zfp36l1,12192,ENSMUSG00000021127,"zinc finger protein 36, C3H type-like 1",0.8303784262662308,10.206469094765986,5.738381765551801,3.7612822745120554e-4,0.010045870823112235,0.3550016175604407,Up,TRUE
WT_6h_ipsilateral_vs_contralateral,Arhgap21,71435,ENSMUSG00000036591,Rho GTPase activating protein 21,-0.8313626884668484,12.028061372924443,-5.731823770868318,3.7906302117335193e-4,0.010104292512826487,0.346871162851742,Down,TRUE
WT_6h_ipsilateral_vs_contralateral,4930470P17Rik,67637,ENSMUSG00000043583,RIKEN cDNA 4930470P17 gene,-2.1000933129465302,4.79461097288518,-5.731468263519864,3.792228301110188e-4,0.010104292512826487,0.346430235710673,Down,TRUE
WT_6h_ipsilateral_vs_contralateral,Ccnl1,56706,ENSMUSG00000027829,cyclin L1,0.7515158063228018,9.659387955191416,5.7289935692527445,3.8033730845827104e-4,0.010120752271349922,0.3433604276139457,Up,TRUE
WT_6h_ipsilateral_vs_contralateral,Dbpht2,386753,ENSMUSG00000029878,DNA binding protein with his-thr domain,0.8322232136625232,9.696302844309129,5.72804545811769,3.8076523939352424e-4,0.010120752271349922,0.3421840810294725,Up,TRUE
WT_6h_ipsilateral_vs_contralateral,Psme4,103554,ENSMUSG00000040850,"proteasome (prosome, macropain) activator subunit 4",-0.7148873722433642,10.370112693668723,-5.726213140231322,3.815937517144092e-4,0.010120752271349922,0.33991030841692194,Down,TRUE
WT_6h_ipsilateral_vs_contralateral,Plekha2,83436,ENSMUSG00000031557,"pleckstrin homology domain-containing, family A (phosphoinositide binding specific) member 2",-1.3563046083009755,7.48019871549962,-5.725718773397073,3.818176254844073e-4,0.010120752271349922,0.33929675236259804,Down,TRUE
WT_6h_ipsilateral_vs_contralateral,Lag3,16768,ENSMUSG00000030124,lymphocyte-activation gene 3,1.8136895861349833,5.920048755401219,5.725068428247309,3.821123528711688e-4,0.010120752271349922,0.3384895587663781,Up,TRUE
WT_6h_ipsilateral_vs_contralateral,Pcdhgc5,93708,ENSMUSG00000102543,"protocadherin gamma subfamily C, 5",-0.8259849611347843,8.950152575348644,-5.723324501198616,3.8290390587205784e-4,0.0101296728067697,0.336324735097703,Down,TRUE
WT_6h_ipsilateral_vs_contralateral,Magel2,27385,ENSMUSG00000056972,MAGE family member L2,1.0959564684531111,8.061992410606159,5.721514547033518,3.837273257816759e-4,0.010132064483167898,0.3340774847477537,Up,TRUE
WT_6h_ipsilateral_vs_contralateral,Cavin1,19285,ENSMUSG00000004044,caveolae associated 1,1.3652969071887338,9.52675592970892,6.09114286987887,3.842273481365365e-4,0.010132064483167898,0.43627690642644534,Up,TRUE
WT_6h_ipsilateral_vs_contralateral,Vcl,22330,ENSMUSG00000021823,vinculin,1.2785911499912022,9.53278806396819,5.9680749826573205,3.843588995859427e-4,0.010132064483167898,0.40309354760178717,Up,TRUE
WT_6h_ipsilateral_vs_contralateral,Jpt2,52009,ENSMUSG00000024165,Jupiter microtubule associated homolog 2,0.8268623358688885,8.497870743473127,5.716583545251081,3.8598047993431046e-4,0.010162783913164025,0.327952724308715,Up,TRUE
WT_6h_ipsilateral_vs_contralateral,Dab1,13131,ENSMUSG00000028519,disabled 1,-0.7935908188819614,11.311359199522363,-5.713475319113061,3.8740817737576225e-4,0.010187130520630484,0.3240902167133024,Down,TRUE
WT_6h_ipsilateral_vs_contralateral,Cadm2,239857,ENSMUSG00000064115,cell adhesion molecule 2,-0.7106863603480296,12.529537576258406,-5.712581444636001,3.878198285743951e-4,0.010187130520630484,0.32297916513853586,Down,TRUE
WT_6h_ipsilateral_vs_contralateral,Ttn,22138,ENSMUSG00000051747,titin,-1.6498707498408756,5.776319380228784,-5.710630230499694,3.88720074223436e-4,0.010198751063989443,0.320553480293575,Down,TRUE
WT_6h_ipsilateral_vs_contralateral,Casd1,213819,ENSMUSG00000015189,CAS1 domain containing 1,-0.6667112765565317,10.272880657732028,-5.7073229384712825,3.9025120974838824e-4,0.010226877290759233,0.316440708549667,Down,TRUE
WT_6h_ipsilateral_vs_contralateral,Pcdhb19,93890,ENSMUSG00000043313,protocadherin beta 19,-1.0121075033845663,7.644408445476136,-5.699793568786378,3.937616555278338e-4,0.010301405749024665,0.3070716929875994,Down,TRUE
WT_6h_ipsilateral_vs_contralateral,Slc6a15,103098,ENSMUSG00000019894,"solute carrier family 6 (neurotransmitter transporter), member 15",-0.6905923429744565,11.553123892488255,-5.699242152562116,3.9402009868323294e-4,0.010301405749024665,0.30638522765167053,Down,TRUE
WT_6h_ipsilateral_vs_contralateral,Adam12,11489,ENSMUSG00000054555,ADAM metallopeptidase domain 12,-1.1733249297213053,8.154870202038436,-5.6937151691520524,3.966208157447181e-4,0.010357243459218754,0.2995021847533188,Down,TRUE
WT_6h_ipsilateral_vs_contralateral,Spock1,20745,ENSMUSG00000056222,"sparc/osteonectin, cwcv and kazal-like domains proteoglycan 1",-0.6163535764621582,12.013097259208212,-5.686542885851877,4.000237619900377e-4,0.010433875056590268,0.2905635774500439,Down,TRUE
WT_6h_ipsilateral_vs_contralateral,Rnf185,193670,ENSMUSG00000020448,ring finger protein 185,0.7154610101651073,9.543771498596236,5.685072600185606,4.007252878184295e-4,0.01043994828790119,0.28873028416607305,Up,TRUE
WT_6h_ipsilateral_vs_contralateral,Stum,381310,ENSMUSG00000053963,mechanosensory transduction mediator,-1.4368759791436627,12.839652530690595,-6.469115440220014,4.0162730212378746e-4,0.010451224479915146,0.4934147224960892,Down,TRUE
WT_6h_ipsilateral_vs_contralateral,Htra1,56213,ENSMUSG00000006205,HtrA serine peptidase 1,-0.9836188397311894,11.50038078742997,-5.72900261822183,4.028783280224518e-4,0.010471545807117986,0.2975885452649756,Down,TRUE
WT_6h_ipsilateral_vs_contralateral,Ftl1,14325,ENSMUSG00000050708,ferritin light polypeptide 1,0.6478364547085622,11.922797377894936,5.678616711758652,4.038215905359325e-4,0.010483829754298247,0.28067675983200324,Up,TRUE
WT_6h_ipsilateral_vs_contralateral,Sntg1,71096,ENSMUSG00000025909,"syntrophin, gamma 1",-0.8739328288750103,8.152148007684081,-5.673174767784797,4.064519278140062e-4,0.010539833168867273,0.27388341309932773,Down,TRUE
WT_6h_ipsilateral_vs_contralateral,Laptm5,16792,ENSMUSG00000028581,lysosomal-associated protein transmembrane 5,0.8085197027452597,9.901801677275248,5.6720516849519544,4.069970938965688e-4,0.010541697984355895,0.2724809001657409,Up,TRUE
WT_6h_ipsilateral_vs_contralateral,Itpkb,320404,ENSMUSG00000038855,"inositol 1,4,5-trisphosphate 3-kinase B",0.891336539379683,9.750015189777727,5.670583548117874,4.0771096230371294e-4,0.010547922979460169,0.2706472060563314,Up,TRUE
WT_6h_ipsilateral_vs_contralateral,Ripk1,19766,ENSMUSG00000021408,receptor (TNFRSF)-interacting serine-threonine kinase 1,0.9665195054131441,7.847245618372417,5.665728767326524,4.100813249757425e-4,0.010596939111177105,0.26458139000732483,Up,TRUE
WT_6h_ipsilateral_vs_contralateral,Phf23,78246,ENSMUSG00000018572,PHD finger protein 23,0.7947910766096289,9.68798327481546,5.66439390981154,4.107357124416719e-4,0.010601550399349064,0.26291295076330456,Up,TRUE
WT_6h_ipsilateral_vs_contralateral,Gpr101,245424,ENSMUSG00000036357,G protein-coupled receptor 101,-1.3308237240674448,6.642642124593392,-5.663227860332173,4.1130827973679215e-4,0.010604041586964173,0.2614552934277512,Down,TRUE
WT_6h_ipsilateral_vs_contralateral,Gpr37,14763,ENSMUSG00000039904,G protein-coupled receptor 37,-1.4698459493801082,9.28862109741787,-6.122720983020568,4.139549390134275e-4,0.01065993788037468,0.38480397519779785,Down,TRUE
WT_6h_ipsilateral_vs_contralateral,Tcim,69068,ENSMUSG00000056313,transcriptional and immune response regulator,1.8393188123720492,6.695336481653603,5.701103371763338,4.145431441954409e-4,0.010662758125812294,0.266629515504226,Up,TRUE
WT_6h_ipsilateral_vs_contralateral,Rnf19b,75234,ENSMUSG00000028793,ring finger protein 19B,0.7659230511398469,10.793223438356877,5.652223428779593,4.167550024617256e-4,0.010707286827952639,0.24768914230047478,Up,TRUE
WT_6h_ipsilateral_vs_contralateral,Wnt5b,22419,ENSMUSG00000030170,"wingless-type MMTV integration site family, member 5B",1.6760640675475909,5.821080397265898,5.646970973030497,4.1938251138732435e-4,0.010762379540498444,0.2411123136182436,Up,TRUE
WT_6h_ipsilateral_vs_contralateral,Usp9x,22284,ENSMUSG00000031010,"ubiquitin specific peptidase 9, X chromosome",-0.6138041269650589,12.439473717428047,-5.644402871366892,4.206737778845512e-4,0.01078309367362299,0.23789522403474184,Down,TRUE
WT_6h_ipsilateral_vs_contralateral,Cnksr3,215748,ENSMUSG00000015202,Cnksr family member 3,1.06385943838034,7.6584182903401405,5.641709016855144,4.220329478447952e-4,0.010794407363762703,0.23451957341692165,Up,TRUE
WT_6h_ipsilateral_vs_contralateral,S100a16,67860,ENSMUSG00000074457,S100 calcium binding protein A16,0.7279749029860696,10.337103960475417,5.641429153455751,4.221744265521179e-4,0.010794407363762703,0.23416881808456758,Up,TRUE
WT_6h_ipsilateral_vs_contralateral,Msr1,20288,ENSMUSG00000025044,macrophage scavenger receptor 1,1.8704169362730823,4.8634175142231495,5.639350977419529,4.2322662598367176e-4,0.010794407363762703,0.23156386539346396,Up,TRUE
WT_6h_ipsilateral_vs_contralateral,Ftl1-ps1,634386,NA,"ferritin light polypeptide 1, pseudogene 1",0.6268588471535743,12.144983418151119,5.639248321032782,4.232786761170523e-4,0.010794407363762703,0.23143517137843617,Up,TRUE
WT_6h_ipsilateral_vs_contralateral,Marchf6,223455,ENSMUSG00000039100,membrane associated ring-CH-type finger 6,-0.6131087083579558,12.608903065373397,-5.638736799543523,4.235381385377599e-4,0.010794407363762703,0.2307938854480307,Down,TRUE
WT_6h_ipsilateral_vs_contralateral,Il1a,16175,ENSMUSG00000027399,interleukin 1 alpha,4.420857387197657,4.935656262799171,6.491946878174309,4.2421183448515694e-4,0.01079922127217928,0.4545631026279251,Up,TRUE
WT_6h_ipsilateral_vs_contralateral,Tec,21682,ENSMUSG00000029217,tec protein tyrosine kinase,1.4800571790914736,5.7083176329411485,5.636298348262202,4.2477740314053993e-4,0.010801274720268865,0.22773631741944733,Up,TRUE
WT_6h_ipsilateral_vs_contralateral,Opa1,74143,ENSMUSG00000038084,"OPA1, mitochondrial dynamin like GTPase",-0.6253752768807193,11.675683876355833,-5.631942621442689,4.2700093975715596e-4,0.010845434359282383,0.22227253249173806,Down,TRUE
WT_6h_ipsilateral_vs_contralateral,Sat1,20229,ENSMUSG00000025283,spermidine/spermine N1-acetyl transferase 1,1.1108228562479834,9.874393423792093,5.7364926451093625,4.2783859681659467e-4,0.010854333421514404,0.25207071628195,Up,TRUE
WT_6h_ipsilateral_vs_contralateral,Steap3,68428,ENSMUSG00000026389,STEAP family member 3,1.0538907675954903,7.324627737791806,5.62637522189885,4.2986156687285077e-4,0.010889321830258892,0.215284821408261,Up,TRUE
WT_6h_ipsilateral_vs_contralateral,Myo5b,17919,ENSMUSG00000025885,myosin VB,-0.7386408928136934,10.742074862318436,-5.625728092352503,4.3019543033121546e-4,0.010889321830258892,0.21447230889298474,Down,TRUE
WT_6h_ipsilateral_vs_contralateral,Trhde,237553,ENSMUSG00000050663,TRH-degrading enzyme,-0.8631567168754071,8.992331803506271,-5.6238752951171,4.3115288399272274e-4,0.010901169683243927,0.2121456667610957,Down,TRUE
WT_6h_ipsilateral_vs_contralateral,Erbb4,13869,ENSMUSG00000062209,erb-b2 receptor tyrosine kinase 4,-0.7878893424615736,9.885448693125175,-5.620677062237013,4.328110929734956e-4,0.010930688317442873,0.2081283249563315,Down,TRUE
WT_6h_ipsilateral_vs_contralateral,Nf2,18016,ENSMUSG00000009073,neurofibromin 2,-0.8203778049059718,12.334300374190867,-5.619434611590133,4.33457153984418e-4,0.010934607140433648,0.2065672653237236,Down,TRUE
WT_6h_ipsilateral_vs_contralateral,Cadm1,54725,ENSMUSG00000032076,cell adhesion molecule 1,-0.6468132008202883,12.322596034169642,-5.61633083255726,4.3507569726572746e-4,0.010943755334474605,0.20266658457119302,Down,TRUE
WT_6h_ipsilateral_vs_contralateral,Galnt18,233733,ENSMUSG00000038296,polypeptide N-acetylgalactosaminyltransferase 18,-0.7057154989867929,10.074471399899172,-5.615783509003484,4.353617975470668e-4,0.010943755334474605,0.2019785891773873,Down,TRUE
WT_6h_ipsilateral_vs_contralateral,Prr5l,72446,ENSMUSG00000032841,proline rich 5 like,1.7608631844968805,6.603465695224531,5.615648904986474,4.354321900810425e-4,0.010943755334474605,0.20180938286731465,Up,TRUE
WT_6h_ipsilateral_vs_contralateral,Pls1,102502,ENSMUSG00000049493,plastin 1 (I-isoform),1.3542378585971484,6.434250729500066,5.614974613873459,4.357850047891796e-4,0.010943755334474605,0.20096171386367345,Up,TRUE
WT_6h_ipsilateral_vs_contralateral,Gm8388,666967,ENSMUSG00000102270,chloride intracellular channel 4 (mitochondrial) pseudogene,1.233021613773432,6.560689530860402,5.607425615745622,4.397563336526349e-4,0.011025003728669835,0.19146715303148376,Up,TRUE
WT_6h_ipsilateral_vs_contralateral,Trpc4,22066,ENSMUSG00000027748,"transient receptor potential cation channel, subfamily C, member 4",-0.7980449012213953,9.817999221043713,-5.606945490253633,4.400102498221092e-4,0.011025003728669835,0.190863006765996,Down,TRUE
WT_6h_ipsilateral_vs_contralateral,Gpd2,14571,ENSMUSG00000026827,"glycerol phosphate dehydrogenase 2, mitochondrial",-0.720952221593846,11.736779906635359,-5.603298754088542,4.4194407974852093e-4,0.01106101615325652,0.1862731897294978,Down,TRUE
WT_6h_ipsilateral_vs_contralateral,Metrn,70083,ENSMUSG00000002274,"meteorin, glial cell differentiation regulator",0.7285904432488799,9.544820655160256,5.6014126587848425,4.429479020225079e-4,0.011073697550562698,0.1838985721728994,Up,TRUE
WT_6h_ipsilateral_vs_contralateral,Kcnd3,56543,ENSMUSG00000040896,"potassium voltage-gated channel, Shal-related family, member 3",-0.7621097323830401,10.787850332476976,-5.598633577509826,4.444315361520824e-4,0.011098332362990623,0.18039872975628946,Down,TRUE
WT_6h_ipsilateral_vs_contralateral,Zfp871,208292,ENSMUSG00000024298,zinc finger protein 871,-0.6571556417932847,11.32263081492474,-5.595614791192262,4.4604929629185933e-4,0.01112328127480741,0.17659573911083104,Down,TRUE
WT_6h_ipsilateral_vs_contralateral,Cldn2,12738,ENSMUSG00000047230,claudin 2,-3.8828668791070786,5.268398831970653,-6.354195084948229,4.4642933601247243e-4,0.01112328127480741,0.38154626578679895,Down,TRUE
WT_6h_ipsilateral_vs_contralateral,Tll2,24087,ENSMUSG00000025013,tolloid-like 2,-2.1408345257284087,4.116835255103007,-5.593816679850129,4.470159578550382e-4,0.01112545302929718,0.17432989279041777,Down,TRUE
WT_6h_ipsilateral_vs_contralateral,Rflnb,76566,ENSMUSG00000020846,refilin B,0.9552028564311215,9.531891986467183,5.591504977672241,4.482620907885722e-4,0.011140758509320422,0.17141616503804702,Up,TRUE
WT_6h_ipsilateral_vs_contralateral,Unc13a,382018,ENSMUSG00000034799,unc-13 homolog A,-0.77695947480691,12.341530774481157,-5.58909039400501,4.4956773789185314e-4,0.011140758509320422,0.16837193100508419,Down,TRUE
WT_6h_ipsilateral_vs_contralateral,Zfp296,63872,ENSMUSG00000011267,zinc finger protein 296,2.983431317421877,2.8786821582400215,5.588027745393335,4.501436646729221e-4,0.011140758509320422,0.16703190640249677,Up,TRUE
WT_6h_ipsilateral_vs_contralateral,Pi4ka,224020,ENSMUSG00000041720,phosphatidylinositol 4-kinase alpha,-0.6350504740251992,11.507877519232418,-5.587100367923713,4.506469371624754e-4,0.011140758509320422,0.16586232729604777,Down,TRUE
WT_6h_ipsilateral_vs_contralateral,Dll1,13388,ENSMUSG00000014773,delta like canonical Notch ligand 1,0.9824277573398295,8.449326731428732,5.58687902444579,4.50767147513652e-4,0.011140758509320422,0.16558315736917706,Up,TRUE
WT_6h_ipsilateral_vs_contralateral,Chst15,77590,ENSMUSG00000030930,carbohydrate sulfotransferase 15,-0.7723285243878628,9.66004806482471,-5.58640438670575,4.510250386745086e-4,0.011140758509320422,0.16498449543387927,Down,TRUE
WT_6h_ipsilateral_vs_contralateral,Whrn,73750,ENSMUSG00000039137,whirlin,1.0559677212637766,8.991180852540754,5.586207708809914,4.51131949513222e-4,0.011140758509320422,0.16473641541502904,Up,TRUE
WT_6h_ipsilateral_vs_contralateral,Ptpre,19267,ENSMUSG00000041836,protein tyrosine phosphatase receptor type E,-0.7316807857074821,10.241834890220627,-5.584516570871949,4.520523678722319e-4,0.011151125685884791,0.162603062709767,Down,TRUE
WT_6h_ipsilateral_vs_contralateral,Ncoa1,17977,ENSMUSG00000020647,nuclear receptor coactivator 1,-0.6322581893488994,11.47926372620246,-5.58018170717831,4.5442104662101845e-4,0.011197155767127417,0.1571327725781,Down,TRUE
WT_6h_ipsilateral_vs_contralateral,Slc24a3,94249,ENSMUSG00000063873,"solute carrier family 24 (sodium/potassium/calcium exchanger), member 3",-0.8082078501246102,11.919254391074995,-5.575477097993733,4.5700712351578934e-4,0.011248435001452164,0.1511927873239136,Down,TRUE
WT_6h_ipsilateral_vs_contralateral,Klhl21,242785,ENSMUSG00000073700,kelch-like 21,0.7692222941505431,8.9135509140183,5.5729976212692485,4.5837653601749827e-4,0.011269688013012995,0.14806092873078924,Up,TRUE
WT_6h_ipsilateral_vs_contralateral,Lrrn1,16979,ENSMUSG00000034648,"leucine rich repeat protein 1, neuronal",-0.70514564903009,10.071288552836426,-5.563059444753752,4.6391056302970884e-4,0.011393172868232375,0.13549888192496162,Down,TRUE
WT_6h_ipsilateral_vs_contralateral,Rhov,228543,ENSMUSG00000034226,ras homolog family member V,1.3720441153338916,8.272197640745036,5.655157556634393,4.666251328633847e-4,0.011447218980761998,0.15911596337245637,Up,TRUE
WT_6h_ipsilateral_vs_contralateral,Tmod2,50876,ENSMUSG00000032186,tropomodulin 2,-0.6246175989106195,13.697161565807692,-5.5564211619919215,4.676477130206272e-4,0.011459684056693589,0.12709992719609797,Down,TRUE
WT_6h_ipsilateral_vs_contralateral,Zyg11b,414872,ENSMUSG00000034636,"zyg-ll family member B, cell cycle regulator",-0.601476384120673,12.704995206727272,-5.554505974741596,4.687320101716502e-4,0.011473632446784076,0.1246755777243953,Down,TRUE
WT_6h_ipsilateral_vs_contralateral,Pomgnt2,215494,ENSMUSG00000066235,"protein O-linked mannose beta 1,4-N-acetylglucosaminyltransferase 2",-0.779320795272378,8.983752618471422,-5.552708026596237,4.6975243195067026e-4,0.01148598838825596,0.12239914801045337,Down,TRUE
WT_6h_ipsilateral_vs_contralateral,Wdr86,269633,ENSMUSG00000055235,WD repeat domain 86,-2.043707766705314,5.07119309296096,-5.550879948598722,4.7079244306645103e-4,0.011498795690027628,0.1200840855349492,Down,TRUE
WT_6h_ipsilateral_vs_contralateral,Chd7,320790,ENSMUSG00000041235,chromodomain helicase DNA binding protein 7,0.8126926216106707,9.306074997705144,5.549769819340842,4.714252338845183e-4,0.011501639742363247,0.1186779887901368,Up,TRUE
WT_6h_ipsilateral_vs_contralateral,Hacd2,70757,ENSMUSG00000035376,3-hydroxyacyl-CoA dehydratase 2,-0.7267810924213567,9.79811500816757,-5.548287179710256,4.722718112173741e-4,0.011505069052090108,0.11679978697915061,Down,TRUE
WT_6h_ipsilateral_vs_contralateral,Aqp1,11826,ENSMUSG00000004655,aquaporin 1,-1.5893680697025587,7.271606420813331,-5.59376282222212,4.7259879607912224e-4,0.011505069052090108,0.13036843437680457,Down,TRUE
WT_6h_ipsilateral_vs_contralateral,Prps2,110639,ENSMUSG00000025742,phosphoribosyl pyrophosphate synthetase 2,-0.8281466982021826,9.185151294729113,-5.541980214874966,4.7589165396489037e-4,0.011569422477622526,0.10880655687776475,Down,TRUE
WT_6h_ipsilateral_vs_contralateral,Nfe2l2,18024,ENSMUSG00000015839,"nuclear factor, erythroid derived 2, like 2",1.022832189965051,8.537385932098486,5.541304880545784,4.762810510428667e-4,0.011569422477622526,0.10795031648436648,Up,TRUE
WT_6h_ipsilateral_vs_contralateral,C1qb,12260,ENSMUSG00000036905,"complement component 1, q subcomponent, beta polypeptide",0.6999792998819565,9.349717970133481,5.537422024895064,4.785266670589394e-4,0.011611308833047795,0.10302604087426381,Up,TRUE
WT_6h_ipsilateral_vs_contralateral,Ireb2,64602,ENSMUSG00000032293,iron responsive element binding protein 2,-0.639563330697074,11.226064812521734,-5.532309562146291,4.8150107604854876e-4,0.01167076873665008,0.09653899997920412,Down,TRUE
WT_6h_ipsilateral_vs_contralateral,Dnajb14,70604,ENSMUSG00000074212,DnaJ heat shock protein family (Hsp40) member B14,-0.6611733085743605,10.692889779537602,-5.528384509108362,4.83798361342228e-4,0.011713704890106662,0.09155602864355394,Down,TRUE
WT_6h_ipsilateral_vs_contralateral,Elf4,56501,ENSMUSG00000031103,E74 like ETS transcription factor 4,1.5315981330491262,6.195624870314794,5.524438504042995,4.861199848839175e-4,0.01172023516570704,0.08654418374285378,Up,TRUE
WT_6h_ipsilateral_vs_contralateral,Tmem181a,77106,ENSMUSG00000038141,transmembrane protein 181A,-0.6469334796251403,11.919505526415426,-5.524386061645364,4.8615092108621064e-4,0.01172023516570704,0.0864775609789854,Down,TRUE
WT_6h_ipsilateral_vs_contralateral,Usp34,17847,ENSMUSG00000056342,ubiquitin specific peptidase 34,-0.766885057099504,11.437508207444331,-5.522035883315248,4.875395209016435e-4,0.01172023516570704,0.08349148341804824,Down,TRUE
WT_6h_ipsilateral_vs_contralateral,Zc3h12a,230738,ENSMUSG00000042677,zinc finger CCCH type containing 12A,1.9584824584542804,4.487230457824712,5.521659388128475,4.8776237496369875e-4,0.01172023516570704,0.08301304288761546,Up,TRUE
WT_6h_ipsilateral_vs_contralateral,Bcar1,12927,ENSMUSG00000031955,breast cancer anti-estrogen resistance 1,0.6317464357290348,10.495750239762822,5.520095043713476,4.886895301405581e-4,0.01172023516570704,0.08102489126371282,Up,TRUE
WT_6h_ipsilateral_vs_contralateral,Mettl16,67493,ENSMUSG00000010554,"methyltransferase 16, N6-methyladenosine",0.8030275753966158,8.724401066614595,5.520088028483885,4.886936922582429e-4,0.01172023516570704,0.08101597468281785,Up,TRUE
WT_6h_ipsilateral_vs_contralateral,Spty2d1,101685,ENSMUSG00000049516,SPT2 chromatin protein domain containing 1,0.9959403747742925,9.110410308337041,5.520071196153846,4.887036789943114e-4,0.01172023516570704,0.08099458022425754,Up,TRUE
WT_6h_ipsilateral_vs_contralateral,Cdkn2b,12579,ENSMUSG00000073802,cyclin dependent kinase inhibitor 2B,2.173687214971979,5.948030452815351,5.567480218816026,4.888053312323245e-4,0.01172023516570704,0.09566012362582654,Up,TRUE
WT_6h_ipsilateral_vs_contralateral,Gxylt2,232313,ENSMUSG00000030074,glucoside xylosyltransferase 2,-1.1598618552026885,6.985240182369531,-5.519668745691666,4.889425219936314e-4,0.01172023516570704,0.0804830397648999,Down,TRUE
WT_6h_ipsilateral_vs_contralateral,Ing2,69260,ENSMUSG00000063049,"inhibitor of growth family, member 2",0.7856738455919565,8.55453153741645,5.518145588237686,4.898476281810299e-4,0.01172023516570704,0.07854679362711181,Up,TRUE
WT_6h_ipsilateral_vs_contralateral,Ppfia2,327814,ENSMUSG00000053825,"protein tyrosine phosphatase, receptor type, f polypeptide (PTPRF), interacting protein (liprin), alpha 2",-0.7295805789748631,11.330178277868981,-5.518131775264955,4.898558446362853e-4,0.01172023516570704,0.07852923294452019,Down,TRUE
WT_6h_ipsilateral_vs_contralateral,1110038B12Rik,68763,ENSMUSG00000092203,RIKEN cDNA 1110038B12 gene,0.9081228664920076,7.817422614505958,5.516928323264325,4.905722796306706e-4,0.011724782756194409,0.07699915525457257,Up,TRUE
WT_6h_ipsilateral_vs_contralateral,Ddx46,212880,ENSMUSG00000021500,DEAD box helicase 46,-0.632359619576663,10.461459264166272,-5.507604697669085,4.961617284025176e-4,0.011845661843693548,0.065137835199093,Down,TRUE
WT_6h_ipsilateral_vs_contralateral,Slit2,20563,ENSMUSG00000031558,slit guidance ligand 2,-1.1879373876315213,9.80644767431818,-5.728004038252616,4.979752177009799e-4,0.011876229094528186,0.1293473609175484,Down,TRUE
WT_6h_ipsilateral_vs_contralateral,Slc7a10,53896,ENSMUSG00000030495,"solute carrier family 7 (cationic amino acid transporter, y+ system), member 10",-0.9273095327542586,8.029455001792343,-5.502836071892407,4.99047342307238e-4,0.01187891906559912,0.059066362617571144,Down,TRUE
WT_6h_ipsilateral_vs_contralateral,Gpr34,23890,ENSMUSG00000040229,G protein-coupled receptor 34,-1.3203430204398439,6.415923830124991,-5.502659438675193,4.991545789181045e-4,0.01187891906559912,0.05884140698039175,Down,TRUE
WT_6h_ipsilateral_vs_contralateral,Nptxr,73340,ENSMUSG00000022421,neuronal pentraxin receptor,-1.142779875382816,13.9904736934777,-5.930228538778838,4.997225989743784e-4,0.011879744815532849,0.1836769430079528,Down,TRUE
WT_6h_ipsilateral_vs_contralateral,Slc25a22,68267,ENSMUSG00000019082,"solute carrier family 25 (mitochondrial carrier, glutamate), member 22",-0.5896113179268632,12.347401490608478,-5.49948114121179,5.010884768757275e-4,0.01189951580213948,0.054792824782158966,Down,TRUE
WT_6h_ipsilateral_vs_contralateral,Nkain3,269513,ENSMUSG00000055761,Na+/K+ transporting ATPase interacting 3,-1.391783037941397,8.09888111037623,-5.584473499608926,5.040681839860096e-4,0.011957528006696872,0.07668594698087272,Down,TRUE
WT_6h_ipsilateral_vs_contralateral,Vldlr,22359,ENSMUSG00000024924,very low density lipoprotein receptor,-0.6688474253518972,10.602385314609807,-5.492899752118454,5.051191218755026e-4,0.011969711106145553,0.046404599755270226,Down,TRUE
WT_6h_ipsilateral_vs_contralateral,Gm45623,NA,NA,NA,2.8168156821179307,4.1650249150611,5.4915894628090305,5.059258022054675e-4,0.011976086338073101,0.04473382840868112,Up,TRUE
WT_6h_ipsilateral_vs_contralateral,Gpat3,231510,ENSMUSG00000029314,glycerol-3-phosphate acyltransferase 3,1.397499527186147,6.0467563245496825,5.487979530392698,5.081555457508988e-4,0.012016098494268867,0.04012944056890699,Up,TRUE
WT_6h_ipsilateral_vs_contralateral,Lrp8,16975,ENSMUSG00000028613,"low density lipoprotein receptor-related protein 8, apolipoprotein e receptor",-0.6439988498982103,11.47459348464379,-5.486180614839068,5.092706847933862e-4,0.012029697246842712,0.03783424971197036,Down,TRUE
WT_6h_ipsilateral_vs_contralateral,Snx18,170625,ENSMUSG00000042364,sorting nexin 18,0.72561113782821,9.73199780506766,5.485122927874553,5.099275871753286e-4,0.012032454453739879,0.03648455179356347,Up,TRUE
WT_6h_ipsilateral_vs_contralateral,Trim17,56631,ENSMUSG00000036964,tripartite motif-containing 17,1.3447171998777643,6.6566002272055576,5.482583946423359,5.115082635088669e-4,0.01205698049699472,0.03324392630869699,Up,TRUE
WT_6h_ipsilateral_vs_contralateral,Ssx2ip,99167,ENSMUSG00000036825,SSX family member 2 interacting protein,-0.6454413297458679,11.720219765387784,-5.480414340471819,5.128632203218876e-4,0.012076139780835144,0.03047400237270015,Down,TRUE
WT_6h_ipsilateral_vs_contralateral,Mrtfb,239719,ENSMUSG00000009569,myocardin related transcription factor B,-0.7683744094818987,11.439219305048233,-5.479389827282337,5.135044086494148e-4,0.012078469590988083,0.029165771648712813,Down,TRUE
WT_6h_ipsilateral_vs_contralateral,Jade1,269424,ENSMUSG00000025764,jade family PHD finger 1,0.8432137300772169,9.317009386506626,5.476512051829782,5.153101426478915e-4,0.012108157623925931,0.025490231314467593,Up,TRUE
WT_6h_ipsilateral_vs_contralateral,Dgkz,104418,ENSMUSG00000040479,diacylglycerol kinase zeta,-0.6169752137214992,12.402344514444222,-5.474215569911815,5.167561036406835e-4,0.01212868658399526,0.022556255147593518,Down,TRUE
WT_6h_ipsilateral_vs_contralateral,Jmjd6,107817,ENSMUSG00000056962,jumonji domain containing 6,0.834769521723258,9.1864890702234,5.473396606395307,5.172728284981143e-4,0.01212868658399526,0.02150976311203756,Up,TRUE
WT_6h_ipsilateral_vs_contralateral,Rapgef5,217944,ENSMUSG00000041992,Rap guanine nucleotide exchange factor (GEF) 5,-0.7113361937291458,10.844591265840252,-5.470680893793892,5.189903481867673e-4,0.012156161940967657,0.0180388521990702,Down,TRUE
WT_6h_ipsilateral_vs_contralateral,Lrrtm1,74342,ENSMUSG00000060780,leucine rich repeat transmembrane neuronal 1,-0.6264578479086218,10.725562316978944,-5.468917330700057,5.201090266533334e-4,0.01216956782426786,0.015784288403675184,Down,TRUE
WT_6h_ipsilateral_vs_contralateral,Alkbh4,72041,ENSMUSG00000039754,"alkB homolog 4, lysine demethylase",0.9565471253114977,7.551207453295177,5.466662879449778,5.215429252718943e-4,0.012183174010081966,0.012901500353033057,Up,TRUE
WT_6h_ipsilateral_vs_contralateral,Anapc1,17222,ENSMUSG00000014355,anaphase promoting complex subunit 1,-0.6444631196602515,10.900094305159492,-5.466283851072302,5.217844222499752e-4,0.012183174010081966,0.01241675980714163,Down,TRUE
WT_6h_ipsilateral_vs_contralateral,Mest,17294,ENSMUSG00000051855,mesoderm specific transcript,0.7130775805948133,9.493575002198693,5.450301699141339,5.32079365235634e-4,0.012410542262433244,-0.008042096100946416,Up,TRUE
WT_6h_ipsilateral_vs_contralateral,Inka2,109050,ENSMUSG00000048458,inka box actin regulator 2,-0.7647285020459336,9.681164314443027,-5.448945592126573,5.329630576530129e-4,0.012411125902433056,-0.00977978750670605,Down,TRUE
WT_6h_ipsilateral_vs_contralateral,Pmvk,68603,ENSMUSG00000027952,phosphomevalonate kinase,0.7197389599639443,9.965565097811153,5.448553678154411,5.332187424749017e-4,0.012411125902433056,-0.01028202952553503,Up,TRUE
WT_6h_ipsilateral_vs_contralateral,Rtn4rl1,237847,ENSMUSG00000045287,reticulon 4 receptor-like 1,-0.7158354516508236,10.028931517874259,-5.447146159101135,5.341381130570032e-4,0.012419547461737731,-0.012085966944180626,Down,TRUE
WT_6h_ipsilateral_vs_contralateral,Pparg,19016,ENSMUSG00000000440,peroxisome proliferator activated receptor gamma,1.8492201046961831,4.622763615331335,5.442554260582536,5.371495251030656e-4,0.0124713830742555,-0.01797317127578779,Up,TRUE
WT_6h_ipsilateral_vs_contralateral,Adrb1,11554,ENSMUSG00000035283,"adrenergic receptor, beta 1",1.2177340473752718,8.115072324263608,5.442041090630404,5.374872166682505e-4,0.0124713830742555,-0.01863129168466937,Up,TRUE
WT_6h_ipsilateral_vs_contralateral,Tuft1,22156,ENSMUSG00000005968,tuftelin 1,1.3138726472927251,6.5159031877009665,5.437663841133424,5.403771034763019e-4,0.012508135708583371,-0.024246519604766092,Up,TRUE
WT_6h_ipsilateral_vs_contralateral,Mettl17,52535,ENSMUSG00000004561,methyltransferase like 17,0.9302588990091865,8.329841757115151,5.437301203722954,5.40617278580273e-4,0.012508135708583371,-0.02471184511892499,Up,TRUE
WT_6h_ipsilateral_vs_contralateral,Srgap3,259302,ENSMUSG00000030257,SLIT-ROBO Rho GTPase activating protein 3,-0.6625842619304869,12.971499241873262,-5.437092183230917,5.407557659872407e-4,0.012508135708583371,-0.024980062784594637,Down,TRUE
WT_6h_ipsilateral_vs_contralateral,Nlgn3,245537,ENSMUSG00000031302,neuroligin 3,-0.6929920573171682,10.000324364336215,-5.435789304056005,5.416198675167037e-4,0.012515127125450803,-0.026652078467601648,Down,TRUE
WT_6h_ipsilateral_vs_contralateral,Fxyd5,18301,ENSMUSG00000009687,FXYD domain-containing ion transport regulator 5,0.9526375770795372,7.503832452218599,5.434349704937517,5.425763981903602e-4,0.012524237585171266,-0.02849984093701341,Up,TRUE
WT_6h_ipsilateral_vs_contralateral,Aldh18a1,56454,ENSMUSG00000025007,"aldehyde dehydrogenase 18 family, member A1",0.7863898307378694,9.3204083214425,5.429352307681725,5.459112180627241e-4,0.012588170168061262,-0.03491649889955539,Up,TRUE
WT_6h_ipsilateral_vs_contralateral,Ap2b1,71770,ENSMUSG00000035152,"adaptor-related protein complex 2, beta 1 subunit",-0.5682788469491342,13.28082433249895,-5.427667822385369,5.470403303904642e-4,0.012589406908351102,-0.03708020741903795,Down,TRUE
WT_6h_ipsilateral_vs_contralateral,Has2,15117,ENSMUSG00000022367,hyaluronan synthase 2,2.151100698949442,5.975174154390009,5.4872917199682965,5.478760433350632e-4,0.012589406908351102,-0.01916642713759842,Up,TRUE
WT_6h_ipsilateral_vs_contralateral,Pcdhb16,93887,ENSMUSG00000047910,protocadherin beta 16,-1.014891406601139,7.273341744809347,-5.426119893111416,5.480801567277372e-4,0.012589406908351102,-0.03906887954852323,Down,TRUE
WT_6h_ipsilateral_vs_contralateral,Gfpt2,14584,ENSMUSG00000020363,glutamine fructose-6-phosphate transaminase 2,1.2619153199276774,8.091976417691397,5.432148256829696,5.482255758069841e-4,0.012589406908351102,-0.037324630893435184,Up,TRUE
WT_6h_ipsilateral_vs_contralateral,Sync,68828,ENSMUSG00000001333,syncoilin,1.8159617085683237,4.943038464802058,5.422703690074639,5.503826441817218e-4,0.012623480789809318,-0.04345903024595632,Up,TRUE
WT_6h_ipsilateral_vs_contralateral,Ppp4r1,70351,ENSMUSG00000061950,"protein phosphatase 4, regulatory subunit 1",0.7115588078392996,9.727090382805427,5.422022829462439,5.508427981007702e-4,0.012623480789809318,-0.04433420751026773,Up,TRUE
WT_6h_ipsilateral_vs_contralateral,Pcdhac2,353237,ENSMUSG00000102697,"protocadherin alpha subfamily C, 2",-0.7465014563046015,10.04287640736351,-5.418908161265825,5.529531809620603e-4,0.01265882025275426,-0.048338669234118115,Down,TRUE
WT_6h_ipsilateral_vs_contralateral,Iqgap1,29875,ENSMUSG00000030536,IQ motif containing GTPase activating protein 1,0.8863833079342669,9.860832105441935,5.41530850995657,5.554031687691751e-4,0.012691375114653647,-0.052968445587806556,Up,TRUE
WT_6h_ipsilateral_vs_contralateral,B3galnt2,97884,ENSMUSG00000039242,"UDP-GalNAc:betaGlcNAc beta 1,3-galactosaminyltransferase, polypeptide 2",-1.2060220276508522,7.224751257641693,-5.414332335591244,5.560696109109639e-4,0.012691375114653647,-0.054224304693813785,Down,TRUE
WT_6h_ipsilateral_vs_contralateral,Sema4c,20353,ENSMUSG00000026121,"sema domain, immunoglobulin domain (Ig), transmembrane domain (TM) and short cytoplasmic domain, (semaphorin) 4C",0.8159899241480417,9.513094108439862,5.414310549562659,5.560844943614797e-4,0.012691375114653647,-0.054252334263952484,Up,TRUE
WT_6h_ipsilateral_vs_contralateral,2410006H16Rik,69221,ENSMUSG00000086841,RIKEN cDNA 2410006H16 gene,0.8998875164725071,8.636821361072757,5.4125513402468055,5.572877605887913e-4,0.012696186539370147,-0.05651593709420588,Up,TRUE
WT_6h_ipsilateral_vs_contralateral,Nuak1,77976,ENSMUSG00000020032,"NUAK family, SNF1-like kinase, 1",0.6548955556903344,10.470257553388869,5.41233597593699,5.57435260853154e-4,0.012696186539370147,-0.056793081174020266,Up,TRUE
WT_6h_ipsilateral_vs_contralateral,Ppp3ca,19055,ENSMUSG00000028161,"protein phosphatase 3, catalytic subunit, alpha isoform",-0.9064615581751028,14.063089976769943,-5.494940428703616,5.598363158979988e-4,0.012730408287641007,-0.03367875256327313,Down,TRUE
WT_6h_ipsilateral_vs_contralateral,Tnr,21960,ENSMUSG00000015829,tenascin R,-0.6940246829933141,11.661747621838844,-5.408483745680981,5.600808135527805e-4,0.012730408287641007,-0.06175152472359624,Down,TRUE
WT_6h_ipsilateral_vs_contralateral,Ralb,64143,ENSMUSG00000004451,v-ral simian leukemia viral oncogene B,0.7043046390538006,9.502124387419581,5.406730687551857,5.612892752917708e-4,0.012735447216113683,-0.06400871917152617,Up,TRUE
WT_6h_ipsilateral_vs_contralateral,Cisd2,67006,ENSMUSG00000028165,CDGSH iron sulfur domain 2,-0.673199786245144,9.734231596905342,-5.406503667671012,5.614459782816448e-4,0.012735447216113683,-0.064301057546578555,Down,TRUE
WT_6h_ipsilateral_vs_contralateral,Herc3,73998,ENSMUSG00000029804,hect domain and RLD 3,-0.5995456140978401,11.470483300717929,-5.402904219194001,5.63936927310079e-4,0.012778702620088013,-0.06893716109417536,Down,TRUE
WT_6h_ipsilateral_vs_contralateral,Purg,75029,ENSMUSG00000049184,purine-rich element binding protein G,-0.7365370741525901,8.914962475078948,-5.402092597130821,5.645002638907567e-4,0.012778702620088013,-0.06998279768353743,Down,TRUE
WT_6h_ipsilateral_vs_contralateral,Cdh5,12562,ENSMUSG00000031871,cadherin 5,1.2261286964879012,9.461003804701765,5.638939042036621,5.652693356745074e-4,0.012783121271217921,0.0030334347379232796,Up,TRUE
WT_6h_ipsilateral_vs_contralateral,Cdc42bpa,226751,ENSMUSG00000026490,CDC42 binding protein kinase alpha,-0.6243356291771534,12.218756689945224,-5.399875744744354,5.660420846530999e-4,0.01278761403209716,-0.07283932942764348,Down,TRUE
WT_6h_ipsilateral_vs_contralateral,Kcng1,241794,ENSMUSG00000074575,"potassium voltage-gated channel, subfamily G, member 1",0.753912977061205,9.785585276393522,5.397994254245278,5.673542665932093e-4,0.012804271822050392,-0.07526429885766017,Up,TRUE
WT_6h_ipsilateral_vs_contralateral,Cacna1d,12289,ENSMUSG00000015968,"calcium channel, voltage-dependent, L type, alpha 1D subunit",-0.7160676453156753,9.768417988940406,-5.396588501109673,5.68336827955127e-4,0.01281346441568872,-0.07707645273001074,Down,TRUE
WT_6h_ipsilateral_vs_contralateral,Robo4,74144,ENSMUSG00000032125,roundabout guidance receptor 4,0.9467934137763256,7.8908765290888905,5.3870060780848394,5.750842014331182e-4,0.012952477843197885,-0.08943691294149403,Up,TRUE
WT_6h_ipsilateral_vs_contralateral,Slc30a1,22782,ENSMUSG00000037434,"solute carrier family 30 (zinc transporter), member 1",0.7963446802114884,10.383612219259941,5.382136690603282,5.785463858738902e-4,0.01301729368216253,-0.0957231813035655,Up,TRUE
WT_6h_ipsilateral_vs_contralateral,Syngap1,240057,ENSMUSG00000067629,synaptic Ras GTPase activating protein 1 homolog (rat),-0.7243813600446085,12.443160275717148,-5.373221198108557,5.849444745268688e-4,0.01314796989917861,-0.1072419615075706,Down,TRUE
WT_6h_ipsilateral_vs_contralateral,Sowahb,78088,ENSMUSG00000045314,sosondowah ankyrin repeat domain family member B,3.184555218710515,5.565475520586882,5.91424683227219,5.855943164150547e-4,0.013149307861033611,0.053706821511612546,Up,TRUE
WT_6h_ipsilateral_vs_contralateral,Plekhg2,101497,ENSMUSG00000037552,"pleckstrin homology domain containing, family G (with RhoGef domain) member 2",0.9321293521715983,8.695990193544015,5.370555425409607,5.86872492184245e-4,0.013164737928906402,-0.11068841127806461,Up,TRUE
WT_6h_ipsilateral_vs_contralateral,Lrrc25,211228,ENSMUSG00000049988,leucine rich repeat containing 25,2.056686519373662,4.2728520416201965,5.367030247256371,5.89432726802077e-4,0.013191608208173894,-0.11524755893040872,Up,TRUE
WT_6h_ipsilateral_vs_contralateral,Dcp2,70640,ENSMUSG00000024472,decapping mRNA 2,-0.6918864314256474,10.365147137158614,-5.366508547222111,5.898126562878209e-4,0.013191608208173894,-0.11592243485904241,Down,TRUE
WT_6h_ipsilateral_vs_contralateral,Tmem106b,71900,ENSMUSG00000029571,transmembrane protein 106B,-0.63327432017606,11.609377352493524,-5.365489511461417,5.905555426335748e-4,0.013191608208173894,-0.11724078494537338,Down,TRUE
WT_6h_ipsilateral_vs_contralateral,Anp32b,67628,ENSMUSG00000028333,acidic nuclear phosphoprotein 32 family member B,0.7569680271309274,9.705539039653733,5.365461998281109,5.905756141381767e-4,0.013191608208173894,-0.11727638151145392,Up,TRUE
WT_6h_ipsilateral_vs_contralateral,Iffo2,212632,ENSMUSG00000041025,intermediate filament family orphan 2,0.7456717064727343,9.549879781450649,5.364837466247214,5.91031424994727e-4,0.013191608208173894,-0.1180844314805265,Up,TRUE
WT_6h_ipsilateral_vs_contralateral,Eif6,16418,ENSMUSG00000027613,eukaryotic translation initiation factor 6,0.7447500159022855,9.277957468995332,5.363754226565169,5.918229311213534e-4,0.013196051842570718,-0.11948611658076658,Up,TRUE
WT_6h_ipsilateral_vs_contralateral,Neo1,18007,ENSMUSG00000032340,neogenin,-0.6469275785686772,12.236441858709183,-5.362806071927222,5.92516681749549e-4,0.013198309085971204,-0.12071314747648998,Down,TRUE
WT_6h_ipsilateral_vs_contralateral,Gm17907,100416076,ENSMUSG00000092526,peroxiredoxin 3 pseudogene,-2.2456825514025214,3.8347190939705813,-5.360799915056127,5.93987482802163e-4,0.013217853326092087,-0.12330980424908677,Down,TRUE
WT_6h_ipsilateral_vs_contralateral,Bclaf3,382252,ENSMUSG00000044150,Bclaf1 and Thrap3 family member 3,0.9905750506142024,7.630929520391354,5.359596238869776,5.948718615037873e-4,0.013224322070855152,-0.12486806092371072,Up,TRUE
WT_6h_ipsilateral_vs_contralateral,Eaf1,74427,ENSMUSG00000021890,ELL associated factor 1,0.7714908633310475,9.086795305000921,5.357910102998055,5.961131345580665e-4,0.013238703960399731,-0.12705126138604594,Up,TRUE
WT_6h_ipsilateral_vs_contralateral,Abi2,329165,ENSMUSG00000026782,abl interactor 2,-0.5854517273232602,12.322392120672927,-5.354763433973906,5.984371625030343e-4,0.013266497360054025,-0.13112667825207414,Down,TRUE
WT_6h_ipsilateral_vs_contralateral,Plod3,26433,ENSMUSG00000004846,"procollagen-lysine, 2-oxoglutarate 5-dioxygenase 3",0.7266160495953624,8.96647837981294,5.354603196122009,5.985557731472186e-4,0.013266497360054025,-0.1313342499496768,Up,TRUE
WT_6h_ipsilateral_vs_contralateral,Tgm2,21817,ENSMUSG00000037820,"transglutaminase 2, C polypeptide",0.9268255946316106,7.833428821217006,5.352504213548291,6.001118440317622e-4,0.01328462112422415,-0.1340536174746978,Up,TRUE
WT_6h_ipsilateral_vs_contralateral,Klf5,12224,ENSMUSG00000005148,Kruppel-like transcription factor 5,2.1066342617300533,7.360492055507496,5.889276769316911,6.005662613734554e-4,0.01328462112422415,0.026959496267438432,Up,TRUE
WT_6h_ipsilateral_vs_contralateral,Cbr4,234309,ENSMUSG00000031641,carbonyl reductase 4,-0.9559026244940023,7.602505164571786,-5.349456060656718,6.023794396196429e-4,0.013311509938023358,-0.13800385768305645,Down,TRUE
WT_6h_ipsilateral_vs_contralateral,Ptprc,19264,ENSMUSG00000026395,protein tyrosine phosphatase receptor type C,1.4464171227846432,5.848642690613921,5.342513963101859,6.075787924181493e-4,0.013413099703780254,-0.14700557233225364,Up,TRUE
WT_6h_ipsilateral_vs_contralateral,Myo5a,17918,ENSMUSG00000034593,myosin VA,-0.6924287982547916,12.911086930082085,-5.341203442678887,6.085658008321196e-4,0.013421587340134124,-0.1487057054644847,Down,TRUE
WT_6h_ipsilateral_vs_contralateral,Pmaip1,58801,ENSMUSG00000024521,phorbol-12-myristate-13-acetate-induced protein 1,1.7160440581609517,5.988162294502265,5.337779139284019,6.111530522653502e-4,0.013465315765787017,-0.15314924189024826,Up,TRUE
WT_6h_ipsilateral_vs_contralateral,Kctd15,233107,ENSMUSG00000030499,potassium channel tetramerisation domain containing 15,0.7496379799710642,9.187338751253996,5.330407919810616,6.167632147239374e-4,0.013575494671912752,-0.16272037582645904,Up,TRUE
WT_6h_ipsilateral_vs_contralateral,8030462N17Rik,NA,NA,NA,0.750028008828588,9.22836591044921,5.328752620505588,6.1803075324607e-4,0.013589965477350651,-0.16487080035902046,Up,TRUE
WT_6h_ipsilateral_vs_contralateral,Nos1ap,70729,ENSMUSG00000038473,nitric oxide synthase 1 (neuronal) adaptor protein,-0.7882780320491314,9.304026482068632,-5.324923869932801,6.209735005127517e-4,0.013641207814518287,-0.16984634447642666,Down,TRUE
WT_6h_ipsilateral_vs_contralateral,Map4,17758,ENSMUSG00000032479,microtubule-associated protein 4,-0.6425266939142045,13.839512688379454,-5.32301307460136,6.224478350289421e-4,0.013660123670216438,-0.17233027709967264,Down,TRUE
WT_6h_ipsilateral_vs_contralateral,Sorbs2os,319940,ENSMUSG00000085440,"sorbin and SH3 domain containing 2, opposite strand",-3.3919325551408264,2.397748765318327,-5.322043982545768,6.231970270420069e-4,0.013663104111575496,-0.17359025225177582,Down,TRUE
WT_6h_ipsilateral_vs_contralateral,Tmem170b,621976,ENSMUSG00000087370,transmembrane protein 170B,-0.6726338395921339,10.55590994221326,-5.319400795014565,6.252454425296622e-4,0.013694535135052335,-0.1770275278670672,Down,TRUE
WT_6h_ipsilateral_vs_contralateral,Esr2,13983,ENSMUSG00000021055,estrogen receptor 2 (beta),2.7510967505354538,2.732223346191322,5.315193061388101,6.285215106076137e-4,0.013752043312383598,-0.18250152045275847,Up,TRUE
WT_6h_ipsilateral_vs_contralateral,Cdk2ap2,52004,ENSMUSG00000024856,cyclin dependent kinase 2 associated protein 2,0.8368289349217708,8.103955954470843,5.314445096565193,6.291058197674023e-4,0.013752043312383598,-0.18347484972576922,Up,TRUE
WT_6h_ipsilateral_vs_contralateral,Gm3127,100041076,ENSMUSG00000090764,predicted gene 3127,1.7747682487702119,4.734906626972062,5.312932880595003,6.302889709374152e-4,0.013764398850618554,-0.18544295516696163,Up,TRUE
WT_6h_ipsilateral_vs_contralateral,Mchr1,207911,ENSMUSG00000050164,melanin-concentrating hormone receptor 1,0.8730106607072949,8.273296618513363,5.31168919166571,6.312638458978186e-4,0.01377218625599795,-0.1870618345842905,Up,TRUE
WT_6h_ipsilateral_vs_contralateral,Egr2,13654,ENSMUSG00000037868,early growth response 2,1.9661837225429792,6.820713303908301,5.540774092296459,6.343858487781389e-4,0.013826756146314133,-0.117280443010082,Up,TRUE
WT_6h_ipsilateral_vs_contralateral,Gal3st3,545276,ENSMUSG00000047658,galactose-3-O-sulfotransferase 3,-0.6693956609904976,9.358021901737747,-5.306865811723271,6.350602694959292e-4,0.013827925222895231,-0.1933424804657209,Down,TRUE
WT_6h_ipsilateral_vs_contralateral,Kl,16591,ENSMUSG00000058488,klotho,-1.3160077013517624,7.075027714035173,-5.303737885177261,6.375355237203372e-4,0.01385610412105107,-0.1974172781239396,Down,TRUE
WT_6h_ipsilateral_vs_contralateral,Foxn3,71375,ENSMUSG00000033713,forkhead box N3,0.6284527861345008,10.099577633882372,5.303658468450986,6.375985061314185e-4,0.01385610412105107,-0.1975207544016344,Up,TRUE
WT_6h_ipsilateral_vs_contralateral,Nfix,18032,ENSMUSG00000001911,nuclear factor I/X,-0.5595240630502385,13.214357654216137,-5.302005922487902,6.389106183491733e-4,0.013859732246939309,-0.1996741567973812,Down,TRUE
WT_6h_ipsilateral_vs_contralateral,Mcam,84004,ENSMUSG00000032135,melanoma cell adhesion molecule,1.2953715747526164,9.14123660817919,5.576147175715247,6.390098773336328e-4,0.013859732246939309,-0.11213377292947602,Up,TRUE
WT_6h_ipsilateral_vs_contralateral,Ptbp1,19205,ENSMUSG00000006498,polypyrimidine tract binding protein 1,0.7811128372030449,9.742171009209049,5.2996554153653115,6.40781981639193e-4,0.013876500900228473,-0.20273775771969316,Up,TRUE
WT_6h_ipsilateral_vs_contralateral,Ppard,19015,ENSMUSG00000002250,peroxisome proliferator activator receptor delta,0.7659451126036121,9.118288021036978,5.299345796771188,6.410289304752009e-4,0.013876500900228473,-0.20314136911375158,Up,TRUE
WT_6h_ipsilateral_vs_contralateral,Usp7,252870,ENSMUSG00000022710,ubiquitin specific peptidase 7,-0.5838422327890189,11.30053839577751,-5.29839279326867,6.417896883396039e-4,0.01387948088132493,-0.20438377097461213,Down,TRUE
WT_6h_ipsilateral_vs_contralateral,Cttnbp2nl,80281,ENSMUSG00000062127,CTTNBP2 N-terminal like,0.7023277651513897,10.221761183027976,5.294142856881826,6.451943038046413e-4,0.013939576253393196,-0.20992592552783407,Up,TRUE
WT_6h_ipsilateral_vs_contralateral,Slc35d3,76157,ENSMUSG00000050473,"solute carrier family 35, member D3",2.759799507447697,4.546759547527857,5.295617912704853,6.487706705750904e-4,0.014003262293662923,-0.21372406558155177,Up,TRUE
WT_6h_ipsilateral_vs_contralateral,Cdc42ep2,104252,ENSMUSG00000045664,CDC42 effector protein 2,1.0455937444636945,7.77116809670752,5.288863467198658,6.494510585371072e-4,0.014004377859548948,-0.21681427872769543,Up,TRUE
WT_6h_ipsilateral_vs_contralateral,Zbtb48,100090,ENSMUSG00000028952,zinc finger and BTB domain containing 48,1.0570138164690492,7.690462416924282,5.285900098149202,6.518538205191645e-4,0.014030725497184787,-0.2206825868099367,Up,TRUE
WT_6h_ipsilateral_vs_contralateral,Ppan,235036,ENSMUSG00000004100,peter pan homolog,0.808933376874565,8.768888170784477,5.285803016791807,6.519326998691921e-4,0.014030725497184787,-0.22080933645267464,Up,TRUE
WT_6h_ipsilateral_vs_contralateral,Slc5a3,53881,ENSMUSG00000089774,"solute carrier family 5 (inositol transporters), member 3",0.8799992807278638,9.528244745863535,5.28475138900806,6.527878226232743e-4,0.01403556829047629,-0.22218243379133007,Up,TRUE
WT_6h_ipsilateral_vs_contralateral,Batf3,381319,ENSMUSG00000026630,"basic leucine zipper transcription factor, ATF-like 3",2.265074377632229,4.040876007870873,5.282517126705868,6.546086560260309e-4,0.014059671763469584,-0.22510022746351677,Up,TRUE
WT_6h_ipsilateral_vs_contralateral,Tlr13,279572,ENSMUSG00000033777,toll-like receptor 13,1.6013533424151074,5.4421199419076025,5.281828179341041,6.551712363852493e-4,0.014059671763469584,-0.22600009512473473,Up,TRUE
WT_6h_ipsilateral_vs_contralateral,Prkch,18755,ENSMUSG00000021108,"protein kinase C, eta",1.1489439233618892,7.588973282661099,5.280916442170124,6.559165526672535e-4,0.01406211858581624,-0.22719106776409959,Up,TRUE
WT_6h_ipsilateral_vs_contralateral,Nkd1,93960,ENSMUSG00000031661,naked cuticle 1,0.8106075990948192,8.773229119053202,5.2784372388300325,6.57947899999363e-4,0.014092105262005586,-0.23043019486107585,Up,TRUE
WT_6h_ipsilateral_vs_contralateral,Rasip1,69903,ENSMUSG00000044562,Ras interacting protein 1,0.9707719478628443,8.012371450524771,5.2767107252857075,6.593665770864751e-4,0.014101205275923567,-0.23268645748400374,Up,TRUE
WT_6h_ipsilateral_vs_contralateral,Dll4,54485,ENSMUSG00000027314,delta like canonical Notch ligand 4,0.9323071381615247,7.920478901161136,5.27541558183246,6.604329856664867e-4,0.014101205275923567,-0.23437928267906738,Up,TRUE
WT_6h_ipsilateral_vs_contralateral,Tyw3,209584,ENSMUSG00000047583,tRNA-yW synthesizing protein 3 homolog (S. cerevisiae),-0.9866124044511588,7.682243532923067,-5.274405177048738,6.612662484854327e-4,0.014101205275923567,-0.23570011148940218,Down,TRUE
WT_6h_ipsilateral_vs_contralateral,Atxn2l,233871,ENSMUSG00000032637,ataxin 2-like,0.695976874462545,11.364389211387007,5.274249170499436,6.613950063903732e-4,0.014101205275923567,-0.23590406104117356,Up,TRUE
WT_6h_ipsilateral_vs_contralateral,Lfng,16848,ENSMUSG00000029570,LFNG O-fucosylpeptide 3-beta-N-acetylglucosaminyltransferase,-0.8091983475521136,8.640272077515306,-5.2740759237422585,6.615380252902415e-4,0.014101205275923567,-0.2361305531960598,Down,TRUE
WT_6h_ipsilateral_vs_contralateral,Ank2,109676,ENSMUSG00000032826,"ankyrin 2, brain",-0.7685911307465965,13.455366600151374,-5.2700595315074095,6.64863109183176e-4,0.014158533228542299,-0.2413825874618274,Down,TRUE
WT_6h_ipsilateral_vs_contralateral,Fry,320365,ENSMUSG00000056602,FRY microtubule binding protein,-0.7162966803981767,11.701673905899355,-5.268774134184727,6.659311057323104e-4,0.014165340035052564,-0.243063943251574,Down,TRUE
WT_6h_ipsilateral_vs_contralateral,Nrros,224109,ENSMUSG00000052384,negative regulator of reactive oxygen species,0.9686873248977799,7.319742235411217,5.268144890330005,6.664546063629668e-4,0.014165340035052564,-0.24388711118853124,Up,TRUE
WT_6h_ipsilateral_vs_contralateral,Ankrd9,74251,ENSMUSG00000037904,ankyrin repeat domain 9,1.1275744594252002,7.339476310289793,5.266218294343388,6.68060232329806e-4,0.014185931053523766,-0.24640782277245243,Up,TRUE
WT_6h_ipsilateral_vs_contralateral,Ppm1l,242083,ENSMUSG00000027784,protein phosphatase 1 (formerly 2C)-like,-0.5899754268010806,11.416214490571052,-5.262550072277958,6.7112899718561e-4,0.014194677728707177,-0.25120876088478994,Down,TRUE
WT_6h_ipsilateral_vs_contralateral,Ptp4a1,19243,ENSMUSG00000026064,protein tyrosine phosphatase 4a1,1.6165129335457546,6.159497815022849,5.261503357125503,6.720074738503259e-4,0.014194677728707177,-0.25257905962661553,Up,TRUE
WT_6h_ipsilateral_vs_contralateral,Osr2,107587,ENSMUSG00000022330,odd-skipped related 2,3.336671148250629,1.6683355741253147,5.261375053882363,6.721152411026855e-4,0.014194677728707177,-0.25274703799258535,Up,TRUE
WT_6h_ipsilateral_vs_contralateral,Trpc5,22067,ENSMUSG00000041710,"transient receptor potential cation channel, subfamily C, member 5",-0.9242024192066189,8.973403201016529,-5.260595843288037,6.727701372652297e-4,0.014194677728707177,-0.2537672558968014,Down,TRUE
WT_6h_ipsilateral_vs_contralateral,Tbc1d2b,67016,ENSMUSG00000037410,"TBC1 domain family, member 2B",0.7620525729497629,8.900245622474241,5.260058306202434,6.732223215571287e-4,0.014194677728707177,-0.25447110406819373,Up,TRUE
WT_6h_ipsilateral_vs_contralateral,Slc12a6,107723,ENSMUSG00000027130,"solute carrier family 12, member 6",-0.642877460554871,9.818306676218398,-5.2597683568677915,6.734663688008369e-4,0.014194677728707177,-0.25485078000241224,Down,TRUE
WT_6h_ipsilateral_vs_contralateral,Gm7224,637913,ENSMUSG00000083623,F-box protein 34 pseudogene,-0.8019662094095636,8.55111168133399,-5.259224614743002,6.739242906677509e-4,0.014194677728707177,-0.255562820156527,Down,TRUE
WT_6h_ipsilateral_vs_contralateral,Galnt15,78754,ENSMUSG00000021903,polypeptide N-acetylgalactosaminyltransferase 15,0.9767549673529237,8.071866772987768,5.258780177120711,6.742988335343887e-4,0.014194677728707177,-0.2561448519121594,Up,TRUE
WT_6h_ipsilateral_vs_contralateral,Fdxr,14149,ENSMUSG00000018861,ferredoxin reductase,0.9325245764707217,7.882770424792678,5.258581827222049,6.744660630162155e-4,0.014194677728707177,-0.25640461874092946,Up,TRUE
WT_6h_ipsilateral_vs_contralateral,Acot11,329910,ENSMUSG00000034853,acyl-CoA thioesterase 11,-0.8230586448617352,8.195204107100528,-5.258133031339953,6.748446112099171e-4,0.014194677728707177,-0.25699240106917465,Down,TRUE
WT_6h_ipsilateral_vs_contralateral,Cited4,56222,ENSMUSG00000070803,"Cbp/p300-interacting transactivator, with Glu/Asp-rich carboxy-terminal domain, 4",1.9915117087156498,6.0089598166915525,5.290203239015522,6.762666418225417e-4,0.014211169289242565,-0.2477733070780177,Up,TRUE
WT_6h_ipsilateral_vs_contralateral,Esrrb,26380,ENSMUSG00000021255,"estrogen related receptor, beta",1.4690442097546432,5.5309144202763445,5.254903969489294,6.775750799192205e-4,0.014225244962488818,-0.26122234563459035,Up,TRUE
WT_6h_ipsilateral_vs_contralateral,Sh2b2,23921,ENSMUSG00000005057,SH2B adaptor protein 2,1.3668282637248197,7.965940861016353,5.334038420360989,6.803409083284172e-4,0.01425018392359422,-0.23781416464622573,Up,TRUE
WT_6h_ipsilateral_vs_contralateral,Caln1,140904,ENSMUSG00000060371,calneuron 1,-0.8693370446895976,12.447289985358186,-5.28452835798332,6.8101825802391e-4,0.01425018392359422,-0.25511542201558335,Down,TRUE
WT_6h_ipsilateral_vs_contralateral,Norad,347740,ENSMUSG00000102869,non-coding RNA activated by DNA damage,-0.5399585445386279,14.147093238351994,-5.249750499047142,6.819577834189316e-4,0.01425018392359422,-0.2679764017618309,Down,TRUE
WT_6h_ipsilateral_vs_contralateral,Clcn3,12725,ENSMUSG00000004319,"chloride channel, voltage-sensitive 3",-0.6027467184525666,12.108645576057343,-5.249135624924611,6.824827544941579e-4,0.01425018392359422,-0.2687825096965559,Down,TRUE
WT_6h_ipsilateral_vs_contralateral,Elac1,114615,ENSMUSG00000036941,elaC ribonuclease Z 1,-0.7685841831257623,8.464531808443368,-5.247482233935006,6.838965822490664e-4,0.01425018392359422,-0.2709504055698746,Down,TRUE
WT_6h_ipsilateral_vs_contralateral,Tomm70a,28185,ENSMUSG00000022752,translocase of outer mitochondrial membrane 70A,-0.56476739246032,12.201860962707544,-5.247105123122575,6.842194994484237e-4,0.01425018392359422,-0.27144492327778647,Down,TRUE
WT_6h_ipsilateral_vs_contralateral,Gm18609,100417431,ENSMUSG00000107810,Rho GTPase activating protein 20 pseudogene,-1.4745029449846223,6.368098555558326,-5.2467078560079505,6.845598560386438e-4,0.01425018392359422,-0.27196589547996997,Down,TRUE
WT_6h_ipsilateral_vs_contralateral,Arhgef28,110596,ENSMUSG00000021662,Rho guanine nucleotide exchange factor 28,-0.7577364574411636,9.63114382344019,-5.246624309009636,6.846314579813174e-4,0.01425018392359422,-0.27207546118245585,Down,TRUE
WT_6h_ipsilateral_vs_contralateral,Sod3,20657,ENSMUSG00000072941,"superoxide dismutase 3, extracellular",0.8881114855421917,7.772525373988756,5.246366825546794,6.848521793138493e-4,0.01425018392359422,-0.27241313821020974,Up,TRUE
WT_6h_ipsilateral_vs_contralateral,Gm6533,624863,ENSMUSG00000115193,predicted gene 6533,0.6743804052985034,9.715574348817144,5.24600746912701,6.851603583465503e-4,0.01425018392359422,-0.2728844331470466,Up,TRUE
WT_6h_ipsilateral_vs_contralateral,Timp3,21859,ENSMUSG00000020044,tissue inhibitor of metalloproteinase 3,0.8983620607729996,10.875117880374225,5.261355130466818,6.859140961160579e-4,0.01425255269681454,-0.26850833257294493,Up,TRUE
WT_6h_ipsilateral_vs_contralateral,Cbx5,12419,ENSMUSG00000009575,chromobox 5,-0.6053589491731675,12.00385439074292,-5.235953782521985,6.938438005397288e-4,0.014403886912416083,-0.28607760164944906,Down,TRUE
WT_6h_ipsilateral_vs_contralateral,Anks6,75691,ENSMUSG00000066191,ankyrin repeat and sterile alpha motif domain containing 6,1.031834305032791,8.194841928882566,5.23394112227418,6.955965129743036e-4,0.014426827119648615,-0.2887205653686795,Up,TRUE
WT_6h_ipsilateral_vs_contralateral,Hivep2,15273,ENSMUSG00000015501,human immunodeficiency virus type I enhancer binding protein 2,-0.8376466241418754,12.577786515663291,-5.238359953702125,6.96781508815265e-4,0.014437961031497701,-0.28852464867609395,Down,TRUE
WT_6h_ipsilateral_vs_contralateral,Plekhg1,213783,ENSMUSG00000040624,"pleckstrin homology domain containing, family G (with RhoGef domain) member 1",-0.8553907036552779,9.61369100121971,-5.223441861665695,7.048182839008894e-4,0.014590917540792111,-0.3025176476118574,Down,TRUE
WT_6h_ipsilateral_vs_contralateral,Frmpd4,333605,ENSMUSG00000049176,FERM and PDZ domain containing 4,-0.6929760026675869,10.044021515427257,-5.22193264072154,7.06154783902946e-4,0.014605011895485721,-0.30450226424087123,Down,TRUE
WT_6h_ipsilateral_vs_contralateral,Nab2,17937,ENSMUSG00000025402,Ngfi-A binding protein 2,0.7347186761722782,8.853283254082308,5.220210410783785,7.076832888744093e-4,0.014623047550721212,-0.306767400701764,Up,TRUE
WT_6h_ipsilateral_vs_contralateral,Tbcel,272589,ENSMUSG00000037287,tubulin folding cofactor E-like,-0.6176849912171232,10.181237436746974,-5.21837461700846,7.093165526922889e-4,0.014643212429305595,-0.3091823864902308,Down,TRUE
WT_6h_ipsilateral_vs_contralateral,Celf1,13046,ENSMUSG00000005506,"CUGBP, Elav-like family member 1",-0.6039194199437539,11.606149950056778,-5.217368346566176,7.102135503162712e-4,0.014648154475273093,-0.3105063476560712,Down,TRUE
WT_6h_ipsilateral_vs_contralateral,Atp2b3,320707,ENSMUSG00000031376,"ATPase, Ca++ transporting, plasma membrane 3",-0.8312127623664427,10.548695741453015,-5.214369550795436,7.128940369108377e-4,0.014689837809610463,-0.31445279064157194,Down,TRUE
WT_6h_ipsilateral_vs_contralateral,Neurod2,18013,ENSMUSG00000038255,neurogenic differentiation 2,-0.676987584547561,11.418970251833464,-5.211226396545513,7.157153916037935e-4,0.014734344129366451,-0.31859064811232507,Down,TRUE
WT_6h_ipsilateral_vs_contralateral,Cul5,75717,ENSMUSG00000032030,cullin 5,-0.6656733322430313,10.045096624329869,-5.209454702387102,7.173110556674625e-4,0.014750101239784407,-0.32092367262830646,Down,TRUE
WT_6h_ipsilateral_vs_contralateral,Zfp65,235907,ENSMUSG00000071281,zinc finger protein 65,-0.9611207447155561,7.640099951253425,-5.208789374369053,7.17911279144219e-4,0.014750101239784407,-0.3217999189551728,Down,TRUE
WT_6h_ipsilateral_vs_contralateral,Srxn1,76650,ENSMUSG00000032802,sulfiredoxin 1 homolog (S. cerevisiae),0.6749083975425556,10.388836116264565,5.208173547197245,7.184673331163225e-4,0.014750101239784407,-0.32261103072872555,Up,TRUE
WT_6h_ipsilateral_vs_contralateral,Ccdc86,108673,ENSMUSG00000024732,coiled-coil domain containing 86,0.9977506809124428,8.6227182095034145,5.197489100873348,7.28189775111091e-4,0.01493072966831643,-0.3366926082876569,Up,TRUE
WT_6h_ipsilateral_vs_contralateral,Ubr3,68795,ENSMUSG00000044308,ubiquitin protein ligase E3 component n-recognin 3,-0.6203226477752253,11.801143734258318,-5.197034945259851,7.286062019959577e-4,0.01493072966831643,-0.33729153998950334,Down,TRUE
WT_6h_ipsilateral_vs_contralateral,Icam5,15898,ENSMUSG00000032174,"intercellular adhesion molecule 5, telencephalin",-0.6817669832765425,11.10781257811219,-5.195909196873514,7.296395480455305e-4,0.014936673047587199,-0.338776287847776,Down,TRUE
WT_6h_ipsilateral_vs_contralateral,Dscaml1,114873,ENSMUSG00000032087,DS cell adhesion molecule like 1,-0.7525357466199765,10.315305181302318,-5.195258732739102,7.30237348993152e-4,0.014936673047587199,-0.33963427009596625,Down,TRUE
WT_6h_ipsilateral_vs_contralateral,Tmem26,327766,ENSMUSG00000060044,transmembrane protein 26,2.0338607868071876,4.717488690557187,5.1937181668026415,7.316553155833132e-4,0.014944337857645311,-0.3416665755496444,Up,TRUE
WT_6h_ipsilateral_vs_contralateral,Amotl1,75723,ENSMUSG00000013076,angiomotin-like 1,0.6762822144035745,9.816707324839529,5.19318631841286,7.321455351255512e-4,0.014944337857645311,-0.34236826891588024,Up,TRUE
WT_6h_ipsilateral_vs_contralateral,Lrp1b,94217,ENSMUSG00000049252,low density lipoprotein-related protein 1B,-0.7277270371250637,9.23978045650419,-5.19236966521607,7.328989636435757e-4,0.014944337857645311,-0.34344580112605616,Down,TRUE
WT_6h_ipsilateral_vs_contralateral,Tlr1,21897,ENSMUSG00000044827,toll-like receptor 1,2.1956713473966665,5.075609144333774,5.191940025063011,7.332956802876016e-4,0.014944337857645311,-0.34401272927592874,Up,TRUE
WT_6h_ipsilateral_vs_contralateral,Adamts5,23794,ENSMUSG00000022894,ADAM metallopeptidase with thrombospondin type 1 motif 5,1.042354257431306,7.003499886695053,5.191071437779214,7.340984218097152e-4,0.014947022253940956,-0.3451589505437642,Up,TRUE
WT_6h_ipsilateral_vs_contralateral,Snhg11,319317,ENSMUSG00000044349,small nucleolar RNA host gene 11,-0.7934586580613114,12.83610958705081,-5.1895366065122595,7.35519241247951e-4,0.014962274976071332,-0.3471846479308409,Down,TRUE
WT_6h_ipsilateral_vs_contralateral,H2-Q4,15015,ENSMUSG00000035929,"histocompatibility 2, Q region locus 4",1.244590015615473,7.08174535775338,5.188203923778137,7.367553574386587e-4,0.014963295837608795,-0.3489438308848456,Up,TRUE
WT_6h_ipsilateral_vs_contralateral,Cpne4,74020,ENSMUSG00000032564,copine IV,-0.9638780059723349,11.183624176716433,-5.290361058115246,7.369129308128776e-4,0.014963295837608795,-0.3142804799179366,Down,TRUE
WT_6h_ipsilateral_vs_contralateral,Parp1,11545,ENSMUSG00000026496,"poly (ADP-ribose) polymerase family, member 1",-0.5987895273801787,10.780028786542832,-5.185460935213501,7.393067140985619e-4,0.014989851108846021,-0.35256549482929334,Down,TRUE
WT_6h_ipsilateral_vs_contralateral,Col25a1,77018,ENSMUSG00000058897,"collagen, type XXV, alpha 1",-1.1058315799739482,9.504138092135253,-5.321410930124968,7.401170987762005e-4,0.014989851108846021,-0.3073148980562115,Down,TRUE
WT_6h_ipsilateral_vs_contralateral,Rrs1,59014,ENSMUSG00000061024,ribosome biogenesis regulator 1,0.6922420516472858,9.2605063232824,5.183957590342962,7.407091117232625e-4,0.014989851108846021,-0.35455088950697,Up,TRUE
WT_6h_ipsilateral_vs_contralateral,Ap3m1,55946,ENSMUSG00000021824,"adaptor-related protein complex 3, mu 1 subunit",-0.6478591200944006,10.098339852359988,-5.183192651738022,7.414237976154625e-4,0.014989851108846021,-0.35556123614953705,Down,TRUE
WT_6h_ipsilateral_vs_contralateral,Zdhhc21,68268,ENSMUSG00000028403,"zinc finger, DHHC domain containing 21",-0.5990883880644748,10.466533804921049,-5.183019743087333,7.415854510414507e-4,0.014989851108846021,-0.3557896295379459,Down,TRUE
WT_6h_ipsilateral_vs_contralateral,Ankrd50,99696,ENSMUSG00000044864,ankyrin repeat domain 50,0.6044454633861704,10.544226592818717,5.180238574207877,7.441908639663359e-4,0.015028877148549532,-0.3594638613592087,Up,TRUE
WT_6h_ipsilateral_vs_contralateral,Syn2,20965,ENSMUSG00000009394,synapsin II,-0.81617193332103,13.297107405029248,-5.1832895277607145,7.466311724892235e-4,0.01506450123840349,-0.36092764924035414,Down,TRUE
WT_6h_ipsilateral_vs_contralateral,Ptger4,19219,ENSMUSG00000039942,prostaglandin E receptor 4 (subtype EP4),1.3428359740703026,6.0716084061864235,5.176133192739707,7.480550384043435e-4,0.015068311833965835,-0.36488963191746926,Up,TRUE
WT_6h_ipsilateral_vs_contralateral,Sel1l,20338,ENSMUSG00000020964,sel-1 suppressor of lin-12-like (C. elegans),-0.5937136604285165,11.635633263426005,-5.176008263915965,7.481729691746897e-4,0.015068311833965835,-0.36505478024176075,Down,TRUE
WT_6h_ipsilateral_vs_contralateral,Selplg,20345,ENSMUSG00000048163,"selectin, platelet (p-selectin) ligand",-1.2186571022134025,6.536480001901893,-5.175074274410327,7.490552816682879e-4,0.015072453838447256,-0.3662895314238943,Down,TRUE
WT_6h_ipsilateral_vs_contralateral,Lrrtm2,107065,ENSMUSG00000071862,leucine rich repeat transmembrane neuronal 2,-0.603778832330871,10.102702520457955,-5.162615691243341,7.609335121930665e-4,0.015276605796393583,-0.3827724461793496,Down,TRUE
WT_6h_ipsilateral_vs_contralateral,Map2k4,26398,ENSMUSG00000033352,mitogen-activated protein kinase kinase 4,-0.6181626309810113,12.09189019854973,-5.162022610663533,7.6150405597137e-4,0.015276605796393583,-0.38355767895889503,Down,TRUE
WT_6h_ipsilateral_vs_contralateral,M5C1000I18Rik,102633151,ENSMUSG00000055125,RIKEN cDNA M5C1000I18 gene,-1.5588719015528136,6.754579156918975,-5.1617222329452215,7.617931971184379e-4,0.015276605796393583,-0.38395539608050555,Down,TRUE
WT_6h_ipsilateral_vs_contralateral,Arf3,11842,ENSMUSG00000051853,ARF GTPase 3,-0.5311914979029044,14.319709383495896,-5.16156531860946,7.619442891040751e-4,0.015276605796393583,-0.38416316490491553,Down,TRUE
WT_6h_ipsilateral_vs_contralateral,Hmgcs2,15360,ENSMUSG00000027875,3-hydroxy-3-methylglutaryl-Coenzyme A synthase 2,-0.8105821895658938,8.54322968505433,-5.159844327090333,7.636035654795564e-4,0.015296105594475825,-0.3864421549314736,Down,TRUE
WT_6h_ipsilateral_vs_contralateral,Medag,70717,ENSMUSG00000029659,mesenteric estrogen dependent adipogenesis,1.9287071027412406,5.6499028269735465,5.157628709436051,7.657455249664514e-4,0.015313222375206388,-0.38937679464915576,Up,TRUE
WT_6h_ipsilateral_vs_contralateral,Hspb6,243912,ENSMUSG00000036854,"heat shock protein, alpha-crystallin-related, B6",1.1365087413044437,7.056722964929443,5.157538385911054,7.658329843313094e-4,0.015313222375206388,-0.38949644589966326,Up,TRUE
WT_6h_ipsilateral_vs_contralateral,Ccdc32,269336,ENSMUSG00000039983,coiled-coil domain containing 32,-0.6883613294202053,9.917573086145893,-5.156531275526674,7.668088961440428e-4,0.015318984898303634,-0.3908306438610776,Down,TRUE
WT_6h_ipsilateral_vs_contralateral,Sox7,20680,ENSMUSG00000063060,SRY (sex determining region Y)-box 7,1.2835485286632933,7.27037851611541,5.151769732091623,7.714413019718296e-4,0.015397719535324825,-0.39714068204141384,Up,TRUE
WT_6h_ipsilateral_vs_contralateral,Atp6v1a,11964,ENSMUSG00000052459,"ATPase, H+ transporting, lysosomal V1 subunit A",-0.54730938591673,13.310034731786914,-5.147246144851453,7.758704338003368e-4,0.015472259546018354,-0.40313851192821915,Down,TRUE
WT_6h_ipsilateral_vs_contralateral,Rrp9,27966,ENSMUSG00000041506,"ribosomal RNA processing 9, U3 small nucleolar RNA binding protein",1.161529939540272,8.355874007526822,5.1612363609303,7.774218441450179e-4,0.015489330570957312,-0.3997695749052106,Up,TRUE
WT_6h_ipsilateral_vs_contralateral,Klhl34,245683,ENSMUSG00000047485,kelch-like 34,-1.285200285161391,7.959664635063761,-5.181229292871855,7.809224406162008e-4,0.015533415754804915,-0.39626391104479897,Down,TRUE
WT_6h_ipsilateral_vs_contralateral,Marveld2,218518,ENSMUSG00000021636,MARVEL (membrane-associating) domain containing 2,1.3824378727963014,5.793608104077646,5.142012655483864,7.810292096692034e-4,0.015533415754804915,-0.4100814116634348,Up,TRUE
WT_6h_ipsilateral_vs_contralateral,Slc2a4,20528,ENSMUSG00000018566,"solute carrier family 2 (facilitated glucose transporter), member 4",-1.4117965457043127,5.683813314815713,-5.137791685840442,7.852171206539046e-4,0.015602775524144267,-0.4156840509075641,Down,TRUE
WT_6h_ipsilateral_vs_contralateral,Slc25a33,70556,ENSMUSG00000028982,"solute carrier family 25, member 33",0.753876634471963,8.957369130890289,5.136970674687415,7.860345374185739e-4,0.015605097434045215,-0.41677411635849015,Up,TRUE
WT_6h_ipsilateral_vs_contralateral,Med22,20933,ENSMUSG00000015776,mediator complex subunit 22,0.6528609547469859,9.953567743617192,5.133827994309043,7.891720270630341e-4,0.01565343446378369,-0.42094761694004657,Up,TRUE
WT_6h_ipsilateral_vs_contralateral,Kcnk5,16529,ENSMUSG00000023243,"potassium channel, subfamily K, member 5",1.6695575687260584,4.982738061908387,5.130776509174483,7.922315179927453e-4,0.015700139736021707,-0.4250014202774839,Up,TRUE
WT_6h_ipsilateral_vs_contralateral,Mcrip2,68241,ENSMUSG00000025732,MAPK regulated corepressor interacting protein 2,1.0259876329751734,7.620845429682598,5.128916341376059,7.941028972876267e-4,0.01572323736629501,-0.42747327740958685,Up,TRUE
WT_6h_ipsilateral_vs_contralateral,Irf9,16391,ENSMUSG00000002325,interferon regulatory factor 9,0.9949419681023466,7.882622118744673,5.1262372843104025,7.968065600138069e-4,0.015762758547342402,-0.4310342114244179,Up,TRUE
WT_6h_ipsilateral_vs_contralateral,Slc22a8,19879,ENSMUSG00000063796,"solute carrier family 22 (organic anion transporter), member 8",-1.0590621222684407,8.038519058623066,-5.120959825380821,8.021618382488049e-4,0.01585461840904359,-0.4380520090516429,Down,TRUE
WT_6h_ipsilateral_vs_contralateral,Zfc3h1,216345,ENSMUSG00000034163,"zinc finger, C3H1-type containing",-0.8307712055495298,9.452408693070543,-5.1190272143822,8.041327337199146e-4,0.01587948284008076,-0.4406229741292682,Down,TRUE
WT_6h_ipsilateral_vs_contralateral,Flt1,14254,ENSMUSG00000029648,FMS-like tyrosine kinase 1,0.700873478485347,9.818728974354032,5.115697036064057,8.075412559024567e-4,0.015929858328105128,-0.44505444062565847,Up,TRUE
WT_6h_ipsilateral_vs_contralateral,Gja1,14609,ENSMUSG00000050953,"gap junction protein, alpha 1",-0.7044000253875815,12.13904335437562,-5.11513893295937,8.081140251743567e-4,0.015929858328105128,-0.44579727014549686,Down,TRUE
WT_6h_ipsilateral_vs_contralateral,Cpsf2,51786,ENSMUSG00000041781,cleavage and polyadenylation specific factor 2,-0.6065409025942703,10.435744054801045,-5.1130250010280145,8.102875196884599e-4,0.015958580460707732,-0.4486113136484251,Down,TRUE
WT_6h_ipsilateral_vs_contralateral,Ecscr,68545,ENSMUSG00000073599,endothelial cell surface expressed chemotaxis and apoptosis regulator,1.1888282344766807,6.539471365482054,5.111100227902025,8.12272058785098e-4,0.015970682236203508,-0.45117413140523244,Up,TRUE
WT_6h_ipsilateral_vs_contralateral,Gcc1,74375,ENSMUSG00000029708,golgi coiled coil 1,0.6687472446637006,9.353978809966135,5.11100581379435,8.123695405105248e-4,0.015970682236203508,-0.4512998571580997,Up,TRUE
WT_6h_ipsilateral_vs_contralateral,Ube3a,22215,ENSMUSG00000025326,ubiquitin protein ligase E3A,-0.6125014598360217,10.707378967438965,-5.110344291201089,8.130529138430878e-4,0.015970682236203508,-0.452180805498938,Down,TRUE
WT_6h_ipsilateral_vs_contralateral,2900040C04Rik,72893,NA,RIKEN cDNA 2900040C04 gene,-3.050298293928055,3.052785213061104,-5.105908545724873,8.176513659210017e-4,0.016046858304749174,-0.45808956741283247,Down,TRUE
WT_6h_ipsilateral_vs_contralateral,Gcnt4,218476,ENSMUSG00000091387,"glucosaminyl (N-acetyl) transferase 4, core 2 (beta-1,6-N-acetylglucosaminyltransferase)",2.099676757235751,5.124564274752267,5.101902836222125,8.21828329199539e-4,0.016102629148033943,-0.46342801270744527,Up,TRUE
WT_6h_ipsilateral_vs_contralateral,Gnai2,14678,ENSMUSG00000032562,G protein subunit alpha i2,0.5717301501170731,12.168055370866663,5.10179708515586,8.219389154349986e-4,0.016102629148033943,-0.4635689805808765,Up,TRUE
WT_6h_ipsilateral_vs_contralateral,Unc79,217843,ENSMUSG00000021198,unc-79 homolog,-0.6232458350933001,9.752824259817984,-5.098771496283366,8.251097083383096e-4,0.01614687870870337,-0.467602846816928,Down,TRUE
WT_6h_ipsilateral_vs_contralateral,Tfap2d,226896,ENSMUSG00000042596,"transcription factor AP-2, delta",4.314031193325815,2.157015596662908,5.11247727343165,8.263185234975911e-4,0.01614687870870337,-0.463849544237549,Up,TRUE
WT_6h_ipsilateral_vs_contralateral,Cdkn2aip,70925,ENSMUSG00000038069,CDKN2A interacting protein,0.7625887074620508,8.519811607558717,5.096980759514911,8.269926532157306e-4,0.01614687870870337,-0.4699909906933435,Up,TRUE
WT_6h_ipsilateral_vs_contralateral,Ap5m1,74385,ENSMUSG00000036291,"adaptor-related protein complex 5, mu 1 subunit",-0.7753032741707937,8.601842406872109,-5.096881527363478,8.270971316107989e-4,0.01614687870870337,-0.4701233416579722,Down,TRUE
WT_6h_ipsilateral_vs_contralateral,Zfp780b,338354,ENSMUSG00000063047,zinc finger protein 780B,-0.7908440380363135,8.374907057179367,-5.09454202492981,8.29564484357938e-4,0.01618086592738447,-0.47324408112078586,Down,TRUE
WT_6h_ipsilateral_vs_contralateral,Slc22a21,56517,ENSMUSG00000063652,"solute carrier family 22 (organic cation transporter), member 21",0.858771515655607,7.834354994298338,5.092474991652387,8.317511413692808e-4,0.0162093234243226,-0.47600204532585977,Up,TRUE
WT_6h_ipsilateral_vs_contralateral,Cdh2,12558,ENSMUSG00000024304,cadherin 2,-0.5563711404458918,11.752267418802075,-5.090379725739136,8.339740655791043e-4,0.01623789292820634,-0.4787983306984742,Down,TRUE
WT_6h_ipsilateral_vs_contralateral,Nsd1,18193,ENSMUSG00000021488,nuclear receptor-binding SET-domain protein 1,-0.6451296136765059,11.537604838963096,-5.0897202292187655,8.346750798112799e-4,0.01623789292820634,-0.4796786126738821,Down,TRUE
WT_6h_ipsilateral_vs_contralateral,Map9,213582,ENSMUSG00000033900,microtubule-associated protein 9,-0.6042808124408907,11.740656518150313,-5.085831141625834,8.388220567171448e-4,0.01629863898817046,-0.4848710057955472,Down,TRUE
WT_6h_ipsilateral_vs_contralateral,Edn1,13614,ENSMUSG00000021367,endothelin 1,1.763021092513295,6.722579007376401,5.1774040887343,8.392610064840187e-4,0.01629863898817046,-0.4530383863724019,Up,TRUE
WT_6h_ipsilateral_vs_contralateral,Adgrb3,210933,ENSMUSG00000033569,adhesion G protein-coupled receptor B3,-0.7122231372162151,11.23921907647862,-5.084629092278608,8.401083451509035e-4,0.01630088274236618,-0.4864763413862274,Down,TRUE
WT_6h_ipsilateral_vs_contralateral,Zfp738,408068,ENSMUSG00000048280,zinc finger protein 738,-0.7941052299126863,8.896948601505295,-5.08254113133764,8.423477324614919e-4,0.016328836702618033,-0.4892653241296978,Down,TRUE
WT_6h_ipsilateral_vs_contralateral,Sipa1l1,217692,ENSMUSG00000042700,signal-induced proliferation-associated 1 like 1,-0.7357820113367595,11.897418046543814,-5.081583452520384,8.433770368525082e-4,0.016328836702618033,-0.4905447564297134,Down,TRUE
WT_6h_ipsilateral_vs_contralateral,Magi2,50791,ENSMUSG00000040003,"membrane associated guanylate kinase, WW and PDZ domain containing 2",-0.6095685995530129,10.527612819543023,-5.0804680790942545,8.445775547909419e-4,0.016328836702618033,-0.49203503709233054,Down,TRUE
WT_6h_ipsilateral_vs_contralateral,Pcnx,NA,NA,NA,-0.6127310848378134,11.650694205642285,-5.079871163612485,8.452208005950007e-4,0.016328836702618033,-0.4928326684056099,Down,TRUE
WT_6h_ipsilateral_vs_contralateral,Sema6a,20358,ENSMUSG00000019647,"sema domain, transmembrane domain (TM), and cytoplasmic domain, (semaphorin) 6A",0.6473745741615762,10.02431330547929,5.079813503007966,8.452829648146403e-4,0.016328836702618033,-0.49290972049810744,Up,TRUE
WT_6h_ipsilateral_vs_contralateral,Sema3e,20349,ENSMUSG00000063531,"sema domain, immunoglobulin domain (Ig), short basic domain, secreted, (semaphorin) 3E",-1.292738112606573,9.682355632133296,-5.499874447537482,8.459473649751385e-4,0.016328836702618033,-0.3540289386272448,Down,TRUE
WT_6h_ipsilateral_vs_contralateral,Kirrel2,243911,ENSMUSG00000036915,kirre like nephrin family adhesion molecule 2,-1.290145285218995,5.88533658195147,-5.078398496453784,8.468100507660382e-4,0.016331336693345022,-0.4948007550065361,Down,TRUE
WT_6h_ipsilateral_vs_contralateral,Nckap1,50884,ENSMUSG00000027002,NCK-associated protein 1,-0.736899585698195,13.346589455351499,-5.077642188932605,8.47627493981657e-4,0.016332960578236515,-0.49581161762571657,Down,TRUE
WT_6h_ipsilateral_vs_contralateral,Sorl1,20660,ENSMUSG00000049313,"sortilin-related receptor, LDLR class A repeats-containing",-0.6252389521008173,10.931953243296757,-5.074144869637641,8.514186938592407e-4,0.01638058504838848,-0.5004871627785361,Down,TRUE
WT_6h_ipsilateral_vs_contralateral,Enc1,13803,ENSMUSG00000041773,ectodermal-neural cortex 1,-0.6278558405804535,13.991639132445904,-5.074005820013327,8.515698085761553e-4,0.01638058504838848,-0.5006730951652401,Down,TRUE
WT_6h_ipsilateral_vs_contralateral,Elavl2,15569,ENSMUSG00000008489,ELAV like RNA binding protein 1,-0.6037703328268886,10.968797522916603,-5.073217619004336,8.524269519188865e-4,0.016382925240718892,-0.5017271051190972,Down,TRUE
WT_6h_ipsilateral_vs_contralateral,Ckap4,216197,ENSMUSG00000046841,cytoskeleton-associated protein 4,0.6537599417756468,10.202793117591423,5.07097608171286,8.548696847067257e-4,0.016415708816243376,-0.5047250746151857,Up,TRUE
WT_6h_ipsilateral_vs_contralateral,Ptprn,19275,ENSMUSG00000026204,protein tyrosine phosphatase receptor type N,-0.5630279606469593,12.39745637003363,-5.068633632866603,8.574305238583426e-4,0.016439151789465287,-0.5078588117550353,Down,TRUE
WT_6h_ipsilateral_vs_contralateral,Atp8b1,54670,ENSMUSG00000039529,"ATPase, class I, type 8B, member 1",1.3087536687172188,6.152019028347063,5.067879149325365,8.582571245163651e-4,0.016439151789465287,-0.5088683373560627,Up,TRUE
WT_6h_ipsilateral_vs_contralateral,Idi1,319554,ENSMUSG00000058258,isopentenyl-diphosphate delta isomerase,0.914782015150525,11.585468781746293,5.151984214078796,8.587951189538783e-4,0.016439151789465287,-0.4795447181260224,Up,TRUE
WT_6h_ipsilateral_vs_contralateral,Utp14b,195434,ENSMUSG00000079470,UTP14B small subunit processome component,1.284930859198183,8.352034786236713,5.197305487954765,8.590425446885565e-4,0.016439151789465287,-0.4640935301479505,Up,TRUE
WT_6h_ipsilateral_vs_contralateral,Birc6,12211,ENSMUSG00000024073,baculoviral IAP repeat-containing 6,-0.6233789907095737,11.217426776347256,-5.065927995396577,8.603988002598385e-4,0.01644718517831437,-0.511479444643248,Down,TRUE
WT_6h_ipsilateral_vs_contralateral,Mycbp2,105689,ENSMUSG00000033004,"MYC binding protein 2, E3 ubiquitin protein ligase",-0.7527934369489593,12.457132138276766,-5.065436616397076,8.609390760006534e-4,0.01644718517831437,-0.5121371161167207,Down,TRUE
WT_6h_ipsilateral_vs_contralateral,Aldh1b1,72535,ENSMUSG00000035561,"aldehyde dehydrogenase 1 family, member B1",-0.6597095500735808,9.250195867197457,-5.063069813480297,8.635465710831799e-4,0.016478964496666634,-0.5153053979568405,Down,TRUE
WT_6h_ipsilateral_vs_contralateral,Zfp563,240068,ENSMUSG00000067424,zinc finger protein 563,-0.7601651041816275,8.36352892980869,-5.062584608763981,8.640821787702191e-4,0.016478964496666634,-0.5159550126890782,Down,TRUE
WT_6h_ipsilateral_vs_contralateral,Grhl3,230824,ENSMUSG00000037188,grainyhead like transcription factor 3,1.797899974303534,5.102212203102476,5.060181557237568,8.667401894947551e-4,0.01650878250264725,-0.5191728489664023,Up,TRUE
WT_6h_ipsilateral_vs_contralateral,Vdr,22337,ENSMUSG00000022479,"vitamin D (1,25-dihydroxyvitamin D3) receptor",3.224268424524593,3.670425523165781,5.065203163214084,8.671279698360171e-4,0.01650878250264725,-0.5177047955120839,Up,TRUE
WT_6h_ipsilateral_vs_contralateral,H2-D1,14964,ENSMUSG00000073411,"histocompatibility 2, D region locus 1",0.807497880678147,9.704052033346072,5.056044131587752,8.713374445745768e-4,0.016565354202677622,-0.524715142981349,Up,TRUE
WT_6h_ipsilateral_vs_contralateral,Hk3,212032,ENSMUSG00000025877,hexokinase 3,1.7861572353510091,4.963143016545514,5.0558204304428545,8.715867620892557e-4,0.016565354202677622,-0.5250148750569963,Up,TRUE
WT_6h_ipsilateral_vs_contralateral,Dmxl1,240283,ENSMUSG00000037416,Dmx-like 1,-0.7044664552451714,10.003295037639063,-5.053602585973774,8.740627766396312e-4,0.01659825093746614,-0.5279869191100071,Down,TRUE
WT_6h_ipsilateral_vs_contralateral,Pgm2,66681,ENSMUSG00000029171,phosphoglucomutase 2,0.7925274706150915,8.141010601972447,5.0511957912239165,8.767583929235641e-4,0.016621150731846338,-0.5312129997014914,Up,TRUE
WT_6h_ipsilateral_vs_contralateral,Tmem132d,243274,ENSMUSG00000034310,transmembrane protein 132D,-0.8867137539284133,8.422623140156995,-5.051193433968665,8.767610374823546e-4,0.016621150731846338,-0.5312161598035186,Down,TRUE
WT_6h_ipsilateral_vs_contralateral,Ggta1,14594,ENSMUSG00000035778,"glycoprotein galactosyltransferase alpha 1, 3",1.0115203782331958,7.63381055974906,5.050441418528833,8.776051518845125e-4,0.016623005746792104,-0.5322243431395446,Up,TRUE
WT_6h_ipsilateral_vs_contralateral,Ppp1r9b,217124,ENSMUSG00000038976,"protein phosphatase 1, regulatory subunit 9B",-0.5401155750013924,13.324781209344042,-5.049028481428753,8.791935215250549e-4,0.01663304955415482,-0.5341188143106894,Down,TRUE
WT_6h_ipsilateral_vs_contralateral,Rel,19696,ENSMUSG00000020275,reticuloendotheliosis oncogene,1.085456992156245,7.6158527855119935,5.048547837101691,8.797345557127385e-4,0.01663304955415482,-0.5347633319870937,Up,TRUE
WT_6h_ipsilateral_vs_contralateral,Irgm2,54396,ENSMUSG00000069874,immunity-related GTPase family M member 2,1.4682285570888958,6.5485659254478366,5.047907582070767,8.804558170211103e-4,0.01663304955415482,-0.5356219325014626,Up,TRUE
WT_6h_ipsilateral_vs_contralateral,Grip1,74053,ENSMUSG00000034813,glutamate receptor interacting protein 1,-0.6203715977641551,10.203717080658745,-5.047316490050625,8.811222659440039e-4,0.01663304955415482,-0.5364146583971827,Down,TRUE
WT_6h_ipsilateral_vs_contralateral,Swap70,20947,ENSMUSG00000031015,SWA-70 protein,0.9309333484433147,8.269266062979359,5.045718596849379,8.829266177688358e-4,0.016652997807621354,-0.5385578878916295,Up,TRUE
WT_6h_ipsilateral_vs_contralateral,Slc16a7,20503,ENSMUSG00000020102,"solute carrier family 16 (monocarboxylic acid transporters), member 7",-0.6216588013986488,10.182552874155178,-5.044930762509643,8.838177239858466e-4,0.016655066522636146,-0.5396147384210268,Down,TRUE
WT_6h_ipsilateral_vs_contralateral,Rsad2,58185,ENSMUSG00000020641,radical S-adenosyl methionine domain containing 2,2.1721132722210625,4.78371410214999,5.044300150262223,8.845317035366358e-4,0.016655066522636146,-0.540460748206951,Up,TRUE
WT_6h_ipsilateral_vs_contralateral,Ddah2,51793,ENSMUSG00000007039,"DDAH family member 2, ADMA independent",0.638237842021379,9.5974353520015665,5.032591752660697,8.979025069333901e-4,0.01689177299592114,-0.5561791693034417,Up,TRUE
WT_6h_ipsilateral_vs_contralateral,G630093K05Rik,619327,ENSMUSG00000114959,RIKEN cDNA G630093K05 gene,-3.3759982300862865,1.6879991150431435,-5.0319692041524435,8.98619573520384e-4,0.01689177299592114,-0.5570155090517384,Down,TRUE
WT_6h_ipsilateral_vs_contralateral,Setmar,74729,ENSMUSG00000034639,SET domain without mariner transposase fusion,-1.4772899465779243,5.376761415903718,-5.030527051834066,9.002830723462273e-4,0.016908773555237955,-0.5589531377879586,Down,TRUE
WT_6h_ipsilateral_vs_contralateral,Fam214b,NA,NA,NA,0.6330084159872928,9.434588220829625,5.029568679184621,9.013903906696023e-4,0.01691530830005509,-0.5602409479477908,Up,TRUE
WT_6h_ipsilateral_vs_contralateral,Ctsl,13039,ENSMUSG00000021477,cathepsin L,0.5826064583832782,11.623065897892687,5.0280386531564405,9.031612758229357e-4,0.016934273921680044,-0.56229720011103,Up,TRUE
WT_6h_ipsilateral_vs_contralateral,Ptbp3,230257,ENSMUSG00000028382,polypyrimidine tract binding protein 3,0.8346151380602986,9.710889591702635,5.02609147352093,9.054204548823894e-4,0.01696235545206495,-0.5649145848453179,Up,TRUE
WT_6h_ipsilateral_vs_contralateral,Sox4,20677,ENSMUSG00000076431,SRY (sex determining region Y)-box 4,0.5822055707447689,11.829298759283247,5.023218333373685,9.087651894283107e-4,0.017007139766194976,-0.5687776743290467,Up,TRUE
WT_6h_ipsilateral_vs_contralateral,Usp2,53376,ENSMUSG00000032010,ubiquitin specific peptidase 2,0.7819007057301004,9.599644207065456,5.022727458604903,9.093379780713005e-4,0.017007139766194976,-0.5694378049689952,Up,TRUE
WT_6h_ipsilateral_vs_contralateral,Cd47,16423,ENSMUSG00000055447,"CD47 antigen (Rh-related antigen, integrin-associated signal transducer)",-0.602469425702882,11.337025883291329,-5.0208474005500205,9.115354000460309e-4,0.017033935432907165,-0.5719664489007732,Down,TRUE
WT_6h_ipsilateral_vs_contralateral,Hes1,15205,ENSMUSG00000022528,hes family bHLH transcription factor 1,1.0858245001517046,7.72623907459708,5.019375978177912,9.132592328737041e-4,0.017046120425358025,-0.5739458539361806,Up,TRUE
WT_6h_ipsilateral_vs_contralateral,Ptpn3,545622,ENSMUSG00000038764,"protein tyrosine phosphatase, non-receptor type 3",-1.1648138480567019,8.562935844158357,-5.092193920253576,9.137179702750832e-4,0.017046120425358025,-0.5480968979145393,Down,TRUE
WT_6h_ipsilateral_vs_contralateral,Srgn,19073,ENSMUSG00000020077,serglycin,1.4578115705053616,7.411159049218654,5.091455319904723,9.145582719521465e-4,0.017047519253333945,-0.5490624619799753,Up,TRUE
WT_6h_ipsilateral_vs_contralateral,Agt,11606,ENSMUSG00000031980,angiotensinogen,-0.8419317842203746,9.962539390702403,-5.015622083432733,9.176731499245379e-4,0.01708396219166378,-0.5789971811959091,Down,TRUE
WT_6h_ipsilateral_vs_contralateral,Gda,14544,ENSMUSG00000058624,guanine deaminase,-0.6312643834746652,12.273872203170708,-5.014891948448369,9.185343502710857e-4,0.01708396219166378,-0.5799799124194207,Down,TRUE
WT_6h_ipsilateral_vs_contralateral,Zfp260,26466,ENSMUSG00000049421,zinc finger protein 260,-0.6833779111908012,9.741445240346465,-5.0146548337433705,9.188142179848804e-4,0.01708396219166378,-0.5802990760652511,Down,TRUE
WT_6h_ipsilateral_vs_contralateral,Kcna2,16490,ENSMUSG00000040724,"potassium voltage-gated channel, shaker-related subfamily, member 2",-0.8251452823141996,10.725090220164432,-5.0120731964851455,9.218673428985649e-4,0.017126434581372422,-0.5837745828314276,Down,TRUE
WT_6h_ipsilateral_vs_contralateral,Map2,17756,ENSMUSG00000015222,microtubule-associated protein 2,-0.5504282983845243,14.398305872147636,-5.007775470509787,9.269744528299254e-4,0.01720696328065549,-0.5895625695840838,Down,TRUE
WT_6h_ipsilateral_vs_contralateral,Zfp81,224694,ENSMUSG00000003929,zinc finger protein 81,-0.6519084712218906,9.502356592451601,-5.005146179487636,9.301140691118997e-4,0.01724452996423804,-0.5931049438336728,Down,TRUE
WT_6h_ipsilateral_vs_contralateral,Zfp469,195209,ENSMUSG00000043903,zinc finger protein 469,0.997449470416508,8.234418167151919,5.0047847285841485,9.305465776437319e-4,0.01724452996423804,-0.5935919978976054,Up,TRUE
WT_6h_ipsilateral_vs_contralateral,Camsap2,67886,ENSMUSG00000041570,"calmodulin regulated spectrin-associated protein family, member 2",-0.5635682989447961,12.160354640703162,-5.003986302102528,9.31502741630566e-4,0.01724789989178791,-0.5946679445485961,Down,TRUE
WT_6h_ipsilateral_vs_contralateral,Ttc21b,73668,ENSMUSG00000034848,tetratricopeptide repeat domain 21B,-1.0669373768552939,7.309204660577171,-5.002136874448449,9.337216465909016e-4,0.017274625978249445,-0.5971605695617539,Down,TRUE
WT_6h_ipsilateral_vs_contralateral,Galnt17,212996,ENSMUSG00000034040,polypeptide N-acetylgalactosaminyltransferase 17,-1.920207769649572,10.874967940634878,-6.3718737944582085,9.348396195971063e-4,0.017280956453548168,-0.2022794304319735,Down,TRUE
WT_6h_ipsilateral_vs_contralateral,Nupl1,NA,NA,NA,-0.6435987732673887,11.136552914127327,-4.999555695941774,9.368280992336544e-4,0.017290645873631903,-0.6006402901323318,Down,TRUE
WT_6h_ipsilateral_vs_contralateral,Iqgap2,544963,ENSMUSG00000021676,IQ motif containing GTPase activating protein 2,-1.610651605740494,8.787940534603855,-5.589133706411134,9.378914651590338e-4,0.017290645873631903,-0.4071202651251582,Down,TRUE
WT_6h_ipsilateral_vs_contralateral,Prkab1,19079,ENSMUSG00000029513,"protein kinase, AMP-activated, beta 1 non-catalytic subunit",0.753352222372321,8.72725886600043,4.997791307194832,9.389580057029132e-4,0.017290645873631903,-0.6030194589828914,Up,TRUE
WT_6h_ipsilateral_vs_contralateral,Kmt5a,67956,ENSMUSG00000049327,lysine methyltransferase 5A,0.6516712603302803,9.55054030159996,4.99761636187894,9.391694799550988e-4,0.017290645873631903,-0.603255387263351,Up,TRUE
WT_6h_ipsilateral_vs_contralateral,Smtn,29856,ENSMUSG00000020439,smoothelin,0.8875558946650033,7.503995248522609,4.997553929363459,9.392449610367946e-4,0.017290645873631903,-0.6033395838009774,Up,TRUE
WT_6h_ipsilateral_vs_contralateral,Napb,17957,ENSMUSG00000027438,N-ethylmaleimide sensitive fusion protein attachment protein beta,-0.5308667137321663,12.817055923630672,-4.996566342717501,9.404398333059485e-4,0.017298346231948807,-0.6046715214319187,Down,TRUE
WT_6h_ipsilateral_vs_contralateral,Cyyr1,224405,ENSMUSG00000041134,cysteine and tyrosine-rich protein 1,0.9135547601863472,7.675849801542501,4.995699417420405,9.414900799672759e-4,0.01730337585088372,-0.6058408458093201,Up,TRUE
WT_6h_ipsilateral_vs_contralateral,Ogfrl1,70155,ENSMUSG00000026158,opioid growth factor receptor-like 1,-1.0706061271906862,10.899234310551556,-5.270670525472451,9.454180553218006e-4,0.017361242524561504,-0.5129819199375945,Down,TRUE
WT_6h_ipsilateral_vs_contralateral,Yipf6,77929,ENSMUSG00000047694,"Yip1 domain family, member 6",-0.6143218867848432,9.945341439133482,-4.98732646620611,9.516994401087693e-4,0.017448344247017224,-0.6171402168998243,Down,TRUE
WT_6h_ipsilateral_vs_contralateral,Sez6l,56747,ENSMUSG00000058153,seizure related 6 homolog like,-0.5353730450289103,12.383668498647445,-4.987303288246421,9.517278680191214e-4,0.017448344247017224,-0.6171715103100013,Down,TRUE
WT_6h_ipsilateral_vs_contralateral,Gmps,229363,ENSMUSG00000027823,guanine monophosphate synthetase,-0.6553559203432702,10.105908999407946,-4.985571388540488,9.538546661390225e-4,0.017472954513360797,-0.6195100386457639,Down,TRUE
WT_6h_ipsilateral_vs_contralateral,Ash1l,192195,ENSMUSG00000028053,ASH1 like histone lysine methyltransferase,-0.6746082968268379,11.080938283888067,-4.984808756292072,9.547928267974677e-4,0.017475768460898596,-0.6205399386239447,Down,TRUE
WT_6h_ipsilateral_vs_contralateral,Asap3,230837,ENSMUSG00000036995,"ArfGAP with SH3 domain, ankyrin repeat and PH domain 3",1.0613988534264553,7.384836203749613,4.981522744144644,9.588466335513223e-4,0.017535557276154107,-0.6249785424828227,Up,TRUE
WT_6h_ipsilateral_vs_contralateral,Cacna2d3,12294,ENSMUSG00000021991,"calcium channel, voltage-dependent, alpha2/delta subunit 3",-0.6428687987367923,10.909432887375115,-4.980296467850186,9.603642240886583e-4,0.017548903274466662,-0.6266353574709083,Down,TRUE
WT_6h_ipsilateral_vs_contralateral,Hrh1,15465,ENSMUSG00000053004,histamine receptor H1,1.9447310133055415,7.2276272612492605,5.389774715998888,9.684125242027674e-4,0.017675345607343664,-0.4928614228537107,Up,TRUE
WT_6h_ipsilateral_vs_contralateral,Ccr1,12768,ENSMUSG00000025804,C-C motif chemokine receptor 1,1.9304253919940413,5.189301856170556,4.973193177284153,9.692064702634656e-4,0.017675345607343664,-0.6362369971627171,Up,TRUE
WT_6h_ipsilateral_vs_contralateral,Cpd,12874,ENSMUSG00000020841,carboxypeptidase D,-0.5858457862973996,11.274444182256019,-4.972827303686118,9.696643022300319e-4,0.017675345607343664,-0.6367317591050474,Down,TRUE
WT_6h_ipsilateral_vs_contralateral,Ahcyl2,74340,ENSMUSG00000029772,S-adenosylhomocysteine hydrolase-like 2,-0.6426185669705404,10.878064105650846,-4.972105998523286,9.705675879647005e-4,0.017676351551527476,-0.6377072211149741,Down,TRUE
WT_6h_ipsilateral_vs_contralateral,Tmem210,78217,ENSMUSG00000026963,transmembrane protein 210,-1.6018855553792042,5.0037942081502775,-4.9715164215519705,9.713065903061563e-4,0.017676351551527476,-0.6385045973824646,Down,TRUE
WT_6h_ipsilateral_vs_contralateral,Ehd2,259300,ENSMUSG00000074364,EH-domain containing 2,0.8961739097849062,8.759672852828999,4.968431571264357,9.751832603996654e-4,0.017732413979920446,-0.6426775657847541,Up,TRUE
WT_6h_ipsilateral_vs_contralateral,Rev3l,19714,ENSMUSG00000019841,"REV3 like, DNA directed polymerase zeta catalytic subunit",-0.6669484320714361,11.573110898662653,-4.967314022801335,9.765918061410018e-4,0.017743541991672766,-0.644189657845045,Down,TRUE
WT_6h_ipsilateral_vs_contralateral,Bambi,68010,ENSMUSG00000024232,BMP and activin membrane-bound inhibitor,0.9166601319601853,7.543683005147518,4.965427214377695,9.78974936770653e-4,0.017751036535657277,-0.6467430161814338,Up,TRUE
WT_6h_ipsilateral_vs_contralateral,Hsd11b2,15484,ENSMUSG00000031891,hydroxysteroid 11-beta dehydrogenase 2,2.532655750427707,2.941088225996129,4.965178867292458,9.792890813688378e-4,0.017751036535657277,-0.647079136105666,Up,TRUE
WT_6h_ipsilateral_vs_contralateral,Cep295,319675,ENSMUSG00000046111,centrosomal protein 295,-0.700007921889263,8.867455382958719,-4.965095142961984,9.79395012449957e-4,0.017751036535657277,-0.6471924530460509,Down,TRUE
WT_6h_ipsilateral_vs_contralateral,Cap2,67252,ENSMUSG00000021373,cyclase associated actin cytoskeleton regulatory protein 2,-0.7531688725436503,10.205664541486207,-4.9630197486088505,9.820248596771866e-4,0.01778423069049539,-0.6500017366437998,Down,TRUE
WT_6h_ipsilateral_vs_contralateral,Pmepa1,65112,ENSMUSG00000038400,"prostate transmembrane protein, androgen induced 1",0.6035685294755897,9.68138163368598,4.961514570823704,9.839369524845272e-4,0.017804383116647313,-0.6520395698511097,Up,TRUE
WT_6h_ipsilateral_vs_contralateral,H1f4,50709,ENSMUSG00000051627,"H1.4 linker histone, cluster member",1.5587374814935142,5.061852218565696,4.960677145520564,9.850025208452456e-4,0.017809197363496627,-0.6531734916213336,Up,TRUE
WT_6h_ipsilateral_vs_contralateral,Pclo,26875,ENSMUSG00000061601,piccolo (presynaptic cytomatrix protein),-0.687966212759358,11.417302279493834,-4.959484262137607,9.865225511615705e-4,0.017822213971714504,-0.6547889050433575,Down,TRUE
WT_6h_ipsilateral_vs_contralateral,Pgap1,241062,ENSMUSG00000073678,post-GPI attachment to proteins 1,-0.6037907620030314,10.42977679282835,-4.957976258233068,9.884477708612168e-4,0.017842523578552354,-0.656831362027881,Down,TRUE
WT_6h_ipsilateral_vs_contralateral,Orai1,109305,ENSMUSG00000049686,ORAI calcium release-activated calcium modulator 1,0.7697215142654734,8.237193239173266,4.956402539257993,9.904612392460184e-4,0.017851642612906036,-0.6589631868129935,Up,TRUE
WT_6h_ipsilateral_vs_contralateral,Ppp1r3d,228966,ENSMUSG00000049999,"protein phosphatase 1, regulatory subunit 3D",0.7598177958746399,8.141941264157508,4.956179726309745,9.907466733740907e-4,0.017851642612906036,-0.6592650483716982,Up,TRUE
WT_6h_ipsilateral_vs_contralateral,Arel1,68497,ENSMUSG00000042350,apoptosis resistant E3 ubiquitin protein ligase 1,-0.5632850633409099,11.15184005136898,-4.9554480746794995,9.9168458293503e-4,0.017851642612906036,-0.660256324401149,Down,TRUE
WT_6h_ipsilateral_vs_contralateral,Scn3a,20269,ENSMUSG00000057182,"sodium channel, voltage-gated, type III, alpha",-0.7695542987620083,10.80327179485138,-4.955078559817484,9.921586332111189e-4,0.017851642612906036,-0.6607569909311879,Down,TRUE
WT_6h_ipsilateral_vs_contralateral,Dnajb9,27362,ENSMUSG00000014905,DnaJ heat shock protein family (Hsp40) member B9,0.7481927557412273,9.613036938201798,4.953004851141591,9.948235626991743e-4,0.017877139398582254,-0.6635670984601179,Up,TRUE
WT_6h_ipsilateral_vs_contralateral,Rnf114,81018,ENSMUSG00000006418,ring finger protein 114,0.5973464816605514,9.736117638253686,4.952727307817648,9.95180823983928e-4,0.017877139398582254,-0.6639432495396296,Up,TRUE
WT_6h_ipsilateral_vs_contralateral,Kbtbd8,243574,ENSMUSG00000030031,kelch repeat and BTB (POZ) domain containing 8,-1.1123097464302125,6.615647496857186,-4.950898757278658,9.975380699044924e-4,0.017905044727737768,-0.6664217496847877,Down,TRUE
WT_6h_ipsilateral_vs_contralateral,Lrrc26,227618,ENSMUSG00000026961,leucine rich repeat containing 26,-1.8293500088780794,5.748745479684482,-4.946584514791379,0.0010031237722215847,0.01798591341174619,-0.6722714504677105,Down,TRUE
WT_6h_ipsilateral_vs_contralateral,Cnih3,72978,ENSMUSG00000026514,cornichon family AMPA receptor auxiliary protein 3,-0.5732560109306828,10.464026199134889,-4.94509570173075,0.001005059232869226,0.01798591341174619,-0.6742907846931567,Down,TRUE
WT_6h_ipsilateral_vs_contralateral,Pls3,102866,ENSMUSG00000016382,plastin 3 (T-isoform),-0.7524858571505266,11.218970926540866,-4.9446746856705115,0.0010056072900957468,0.01798591341174619,-0.6748618850262407,Down,TRUE
WT_6h_ipsilateral_vs_contralateral,Gabra5,110886,ENSMUSG00000055078,gamma-aminobutyric acid type A receptor subunit alpha 5,-1.1090011135424618,11.801699934349623,-5.339952486979664,0.0010061876886624174,0.01798591341174619,-0.5382071586018213,Down,TRUE
WT_6h_ipsilateral_vs_contralateral,Alg10b,NA,NA,NA,-0.5760009035879214,10.967247138946354,-4.944215782569097,0.0010062050364464986,0.01798591341174619,-0.6754844086024807,Down,TRUE
WT_6h_ipsilateral_vs_contralateral,Rad9a,19367,ENSMUSG00000024824,RAD9 checkpoint clamp component A,1.1196249732970074,7.031046447927928,4.943502726153532,0.0010071345971021882,0.01798591341174619,-0.6764517655410458,Up,TRUE
WT_6h_ipsilateral_vs_contralateral,Ryr2,20191,ENSMUSG00000021313,"ryanodine receptor 2, cardiac",-0.9140405605203821,10.751400239420384,-5.0162595580404306,0.0010082547971657174,0.01798591341174619,-0.6504888926702321,Down,TRUE
WT_6h_ipsilateral_vs_contralateral,Nr2c2,22026,ENSMUSG00000005893,"nuclear receptor subfamily 2, group C, member 2",-0.8370355829991336,10.094576035603236,-4.9424542853713875,0.001008503068519461,0.01798591341174619,-0.6778742545496801,Down,TRUE
WT_6h_ipsilateral_vs_contralateral,Pcgf5,76073,ENSMUSG00000024805,polycomb group ring finger 5,1.121362710337178,7.929621241197712,4.940709127616152,0.0010107854059458884,0.01801219593395573,-0.6802423900569474,Up,TRUE
WT_6h_ipsilateral_vs_contralateral,Tnik,665113,ENSMUSG00000027692,TRAF2 and NCK interacting kinase,-0.6889729002837246,11.7388542907586,-4.940048744997613,0.0010116505242957767,0.01801320178152552,-0.6811386315415096,Down,TRUE
WT_6h_ipsilateral_vs_contralateral,Cited2,17684,ENSMUSG00000039910,"Cbp/p300-interacting transactivator, with Glu/Asp-rich carboxy-terminal domain, 2",0.6057114516335922,9.741500100655806,4.938544232917437,0.0010136244783184257,0.018030115990054482,-0.683180730922178,Up,TRUE
WT_6h_ipsilateral_vs_contralateral,Plch2,269615,ENSMUSG00000029055,"phospholipase C, eta 2",-0.6794681778450951,9.967639561962848,-4.937004180521967,0.0010156493948000637,0.018030115990054482,-0.6852714202792161,Down,TRUE
WT_6h_ipsilateral_vs_contralateral,Gabrg3,14407,ENSMUSG00000055026,"gamma-aminobutyric acid type A receptor, subunit gamma 3",-0.6271401598676629,9.666392551109237,-4.936606101453411,0.001016173517708125,0.018030115990054482,-0.6858118879267359,Down,TRUE
WT_6h_ipsilateral_vs_contralateral,Ass1,11898,ENSMUSG00000076441,argininosuccinate synthetase 1,1.1961148736549658,7.915782045094163,4.945184770668569,0.001017921417882126,0.018030115990054482,-0.6839092828740512,Up,TRUE
WT_6h_ipsilateral_vs_contralateral,Pik3cg,30955,ENSMUSG00000020573,"phosphatidylinositol-4,5-bisphosphate 3-kinase catalytic subunit gamma",-1.302485782557686,5.698499124993911,-4.935114178853973,0.001018140442636072,0.018030115990054482,-0.6878376658967911,Down,TRUE
WT_6h_ipsilateral_vs_contralateral,Palld,72333,ENSMUSG00000058056,"palladin, cytoskeletal associated protein",1.1916832878612276,9.179653981742216,5.166634617263627,0.001019031160680921,0.018030115990054482,-0.6055125671657224,Up,TRUE
WT_6h_ipsilateral_vs_contralateral,Calml4,75600,ENSMUSG00000032246,calmodulin-like 4,-2.0189414205735514,4.693867701420368,-4.934407996534356,0.00101907290241491,0.018030115990054482,-0.6887966578075737,Down,TRUE
WT_6h_ipsilateral_vs_contralateral,Ankrd12,106585,ENSMUSG00000034647,ankyrin repeat domain 12,-0.6133470346854129,10.463893241516708,-4.9338747226348,0.001019777664375391,0.018030115990054482,-0.6895208903942143,Down,TRUE
WT_6h_ipsilateral_vs_contralateral,Wnt4,22417,ENSMUSG00000036856,"wingless-type MMTV integration site family, member 4",0.736778996863956,8.834206674738349,4.9333865557913334,0.0010204232779410752,0.018030115990054482,-0.6901839009285382,Up,TRUE
WT_6h_ipsilateral_vs_contralateral,Hbb-b1,15129,ENSMUSG00000052305,"hemoglobin, beta adult major chain",0.7339095539008618,11.906316397423053,4.933099153162934,0.0010208035830785234,0.018030115990054482,-0.6905742574363058,Up,TRUE
WT_6h_ipsilateral_vs_contralateral,Ccdc88a,108686,ENSMUSG00000032740,coiled coil domain containing 88A,-0.5545999692381063,11.292393848875982,-4.932569979102998,0.0010215042145656009,0.018030115990054482,-0.6912930254678731,Down,TRUE
WT_6h_ipsilateral_vs_contralateral,Arid2,77044,ENSMUSG00000033237,AT-rich interaction domain 2,-0.6388517851270255,10.11539953643449,-4.925742642939435,0.0010305906516788004,0.018176094034952715,-0.7005702332071815,Down,TRUE
WT_6h_ipsilateral_vs_contralateral,Elovl1,54325,ENSMUSG00000006390,ELOVL fatty acid elongase 1,1.020872696295652,7.72904401669628,4.9220964792757815,0.0010354792144264195,0.018235746773158285,-0.7055276141466145,Up,TRUE
WT_6h_ipsilateral_vs_contralateral,Il1r1,16177,ENSMUSG00000026072,"interleukin 1 receptor, type I",1.1709117439882784,7.964037779493762,4.927056681670856,0.001035610310574421,0.018235746773158285,-0.7037599948416204,Up,TRUE
WT_6h_ipsilateral_vs_contralateral,Gm15446,100642166,ENSMUSG00000090015,predicted gene 15446,-0.6633343718872506,8.902288626341216,-4.920212398414234,0.0010380151408166886,0.01826365502503297,-0.7080900186412666,Down,TRUE
WT_6h_ipsilateral_vs_contralateral,Kazn,71529,ENSMUSG00000040606,"kazrin, periplakin interacting protein",0.794778123468717,10.265536751021465,4.919273336163508,0.0010392816126726162,0.01827150585815511,-0.7093673686281603,Up,TRUE
WT_6h_ipsilateral_vs_contralateral,Thbs2,21826,ENSMUSG00000023885,thrombospondin 2,1.056962098388449,7.55010010277622,4.913768141924519,0.001046740052100022,0.018388118817451095,-0.7168584053015703,Up,TRUE
WT_6h_ipsilateral_vs_contralateral,Tox3,244579,ENSMUSG00000043668,TOX high mobility group box family member 3,1.0102007220356146,8.257489370377474,4.906108277001734,0.0010572144775620232,0.018557488169971683,-0.7272888854578969,Up,TRUE
WT_6h_ipsilateral_vs_contralateral,Gna14,14675,ENSMUSG00000024697,"guanine nucleotide binding protein, alpha 14",2.9082737489879276,4.059258910890258,4.919486653094864,0.00105810922593596,0.01855856929742009,-0.7228872607827137,Up,TRUE
WT_6h_ipsilateral_vs_contralateral,Ing1,26356,ENSMUSG00000045969,"inhibitor of growth family, member 1",0.6479485619051601,9.533712376426323,4.902439585945714,0.0010622714517436965,0.018616913129497124,-0.7322876680952373,Up,TRUE
WT_6h_ipsilateral_vs_contralateral,Gja3,14611,ENSMUSG00000048582,"gap junction protein, alpha 3",-1.5373432300850611,5.5203471674383735,-4.89889757069109,0.001067178734786312,0.01868821251365181,-0.7371157568683566,Down,TRUE
WT_6h_ipsilateral_vs_contralateral,Zbtb16,235320,ENSMUSG00000066687,zinc finger and BTB domain containing 16,-0.6616107784603216,9.175447646777592,-4.8977271883284565,0.0010688056445777214,0.018701999790234677,-0.738711506535398,Down,TRUE
WT_6h_ipsilateral_vs_contralateral,Esm1,71690,ENSMUSG00000042379,endothelial cell-specific molecule 1,2.4171439682813176,4.918181897655434,4.932256170518798,0.0010696809926240066,0.01870262489065914,-0.726338231562786,Up,TRUE
WT_6h_ipsilateral_vs_contralateral,Matn2,17181,ENSMUSG00000022324,matrilin 2,-1.317212923897367,9.062163503913995,-5.272974849939203,0.0010705839041610851,0.018703730560931896,-0.6075586541789093,Down,TRUE
WT_6h_ipsilateral_vs_contralateral,Sirt1,93759,ENSMUSG00000020063,sirtuin 1,0.7767079618990014,8.689884466383678,4.895772016306321,0.001071529472547093,0.018705579154378132,-0.7413777287991943,Up,TRUE
WT_6h_ipsilateral_vs_contralateral,Myo10,17909,ENSMUSG00000022272,myosin X,0.7600615949275102,10.31044838208567,4.892946464911757,0.0010754791811711556,0.01875360338161326,-0.7452318763073285,Up,TRUE
WT_6h_ipsilateral_vs_contralateral,Tfcp2l1,81879,ENSMUSG00000026380,transcription factor CP2-like 1,1.2976331457150865,6.881044547752316,4.892600185445528,0.0010759643152279123,0.01875360338161326,-0.7457042952541331,Up,TRUE
WT_6h_ipsilateral_vs_contralateral,Lasp1,16796,ENSMUSG00000038366,LIM and SH3 protein 1,0.5892917450741564,11.823545954394163,4.888823109691291,0.0010812714120763862,0.018822324745002745,-0.75085841280850385,Up,TRUE
WT_6h_ipsilateral_vs_contralateral,Gm10033,378466,ENSMUSG00000110444,predicted gene 10033,-1.0432380213468502,7.174200261987822,-4.8885919636471,0.0010815971121707526,0.018822324745002745,-0.7511738990214907,Down,TRUE
WT_6h_ipsilateral_vs_contralateral,Zdhhc23,332175,ENSMUSG00000036304,"zinc finger, DHHC domain containing 23",-0.8655355333670656,9.954610879343342,-4.890478460450457,0.001085960714318707,0.018879679996850137,-0.7535013152885632,Down,TRUE
WT_6h_ipsilateral_vs_contralateral,Kit,16590,ENSMUSG00000005672,KIT proto-oncogene receptor tyrosine kinase,-0.5780609811762822,10.890101320592695,-4.884974297173658,0.001086708541799992,0.018879679996850137,-0.7561126135819274,Down,TRUE
WT_6h_ipsilateral_vs_contralateral,Vamp4,53330,ENSMUSG00000026696,vesicle-associated membrane protein 4,-0.5827523394192937,10.119451767819255,-4.884461169066494,0.001087435664913972,0.018879679996850137,-0.7568132768742251,Down,TRUE
WT_6h_ipsilateral_vs_contralateral,Prkag3,241113,ENSMUSG00000006542,"protein kinase, AMP-activated, gamma 3 non-catalytic subunit",3.0662673306315136,2.1158969516355413,4.882505672273153,0.0010902115261930325,0.018913132200895483,-0.7594838182954469,Up,TRUE
WT_6h_ipsilateral_vs_contralateral,Insyn2a,627214,ENSMUSG00000073805,inhibitory synaptic factor 2A,0.7021800687444539,8.665036532621896,4.880538705761242,0.0010930114279805163,0.018946949072580543,-0.7621705997796822,Up,TRUE
WT_6h_ipsilateral_vs_contralateral,Syde1,71709,ENSMUSG00000032714,"synapse defective 1, Rho GTPase, homolog 1 (C. elegans)",1.0218989071821794,7.57508174396976,4.875589722537513,0.0011000906920459672,0.0190548368315116,-0.7689332290408286,Up,TRUE
WT_6h_ipsilateral_vs_contralateral,Shisa8,435145,ENSMUSG00000096883,shisa family member 8,1.7725093125845408,6.432195288408193,4.944557306640397,0.001101608204581356,0.019066295848523467,-0.7440247156948896,Up,TRUE
WT_6h_ipsilateral_vs_contralateral,Zhx3,320799,ENSMUSG00000035877,zinc fingers and homeoboxes 3,-0.6137580015486623,10.66537218878101,-4.873321255347161,0.0011033522328560649,0.019081654492910594,-0.7720342407041034,Down,TRUE
WT_6h_ipsilateral_vs_contralateral,Rab11fip2,74998,ENSMUSG00000040022,RAB11 family interacting protein 2 (class I),-0.6038882305411644,10.49098285168126,-4.871125154480434,0.0011065197251658634,0.01912158795816106,-0.7750370593421998,Down,TRUE
WT_6h_ipsilateral_vs_contralateral,Tyrobp,22177,ENSMUSG00000030579,TYRO protein tyrosine kinase binding protein,0.9910305789128904,6.913955085684461,4.869956433160637,0.0011082094231969362,0.019135941784272678,-0.776635393557414,Up,TRUE
WT_6h_ipsilateral_vs_contralateral,Tcf7l1,21415,ENSMUSG00000055799,"transcription factor 7 like 1 (T cell specific, HMG box)",0.9467717906739086,7.199906383732761,4.86892593760724,0.001109701601730972,0.019146865359068472,-0.7780448605371353,Up,TRUE
WT_6h_ipsilateral_vs_contralateral,Plxna1,18844,ENSMUSG00000030084,plexin A1,-0.7280143224537632,12.142843366979143,-4.867561489359381,0.0011116807056844465,0.019166166965263968,-0.7799113375201268,Down,TRUE
WT_6h_ipsilateral_vs_contralateral,Msn,17698,ENSMUSG00000031207,moesin,1.019078619471145,10.375796269053271,5.064316932218118,0.0011142054351943544,0.019194838413731045,-0.7092107229969935,Up,TRUE
WT_6h_ipsilateral_vs_contralateral,Tbc1d16,207592,ENSMUSG00000039976,"TBC1 domain family, member 16",-0.652407285745209,12.17750130030115,-4.864052266756338,0.001116788372876701,0.019224467547008125,-0.7847130043359432,Down,TRUE
WT_6h_ipsilateral_vs_contralateral,Nup54,269113,ENSMUSG00000034826,nucleoporin 54,0.6682775547209321,8.797043059087125,4.863100801896667,0.0011181776118053938,0.019233518380668065,-0.7860152099636535,Up,TRUE
WT_6h_ipsilateral_vs_contralateral,Abl2,11352,ENSMUSG00000026596,"ABL proto-oncogene 2, non-receptor tyrosine kinase",-0.5729680137273121,11.021720332812023,-4.85994147101202,0.001122804033250875,0.019295891880859874,-0.7903401423163112,Down,TRUE
WT_6h_ipsilateral_vs_contralateral,Zbtb11,271377,ENSMUSG00000022601,zinc finger and BTB domain containing 11,0.6802071300808059,9.382025564351341,4.859442688159719,0.00112353633084064,0.019295891880859874,-0.7910230820256867,Up,TRUE
WT_6h_ipsilateral_vs_contralateral,Slco1a5,108096,ENSMUSG00000063975,"solute carrier organic anion transporter family, member 1a5",-2.1246531883793898,3.5718306957615917,-4.858761984923772,0.0011245365545366507,0.019298190872345067,-0.7919551693427138,Down,TRUE
WT_6h_ipsilateral_vs_contralateral,Zbtb18,30928,ENSMUSG00000063659,zinc finger and BTB domain containing 18,-1.0419542334711522,13.679014139261866,-5.238383600884916,0.001125701999297499,0.019303319502965197,-0.6573531200892466,Down,TRUE
WT_6h_ipsilateral_vs_contralateral,Snhg1,83673,NA,small nucleolar RNA host gene 1,0.8535631742241501,7.802641769550023,4.855703602826722,0.001129042469710608,0.019337757341727744,-0.7961438674424004,Up,TRUE
WT_6h_ipsilateral_vs_contralateral,Herc2,15204,ENSMUSG00000030451,HECT and RLD domain containing E3 ubiquitin protein ligase 2,-0.754079009160483,12.004646222621346,-4.8554299690715705,0.0011294465679725161,0.019337757341727744,-0.7965186987558557,Down,TRUE
WT_6h_ipsilateral_vs_contralateral,Rnd3,74194,ENSMUSG00000017144,Rho family GTPase 3,0.7128916408120141,9.639137444567808,4.853837699669336,0.001131801122810266,0.01936318741213416,-0.7987000565534341,Up,TRUE
WT_6h_ipsilateral_vs_contralateral,Snap91,20616,ENSMUSG00000033419,synaptosomal-associated protein 91,-0.5305772048097648,13.41386306299302,-4.853239889703659,0.0011326865036481338,0.019363462677484403,-0.7995191346952062,Down,TRUE
WT_6h_ipsilateral_vs_contralateral,Rab20,19332,ENSMUSG00000031504,"RAB20, member RAS oncogene family",1.9226041470121569,4.5650955537940945,4.850028855369854,0.0011374550502800229,0.019423914675882368,-0.803919586344386,Up,TRUE
WT_6h_ipsilateral_vs_contralateral,Osgin1,71839,ENSMUSG00000074063,oxidative stress induced growth inhibitor 1,2.308055461249794,3.422282902698335,4.849685177123308,0.0011379667183850275,0.019423914675882368,-0.8043906595841515,Up,TRUE
WT_6h_ipsilateral_vs_contralateral,Zfp273,212569,ENSMUSG00000030446,zinc finger protein 273,-0.9953573614507931,7.0144864202928625,-4.840611697024045,0.0011515660271516999,0.019638486768344867,-0.816833884163807,Down,TRUE
WT_6h_ipsilateral_vs_contralateral,Tent5c,74645,ENSMUSG00000044468,terminal nucleotidyltransferase 5C,1.265620470751493,6.232468131859307,4.840124713335112,0.0011523008846790906,0.019638486768344867,-0.8175020732445413,Up,TRUE
WT_6h_ipsilateral_vs_contralateral,Ttpal,76080,ENSMUSG00000017679,tocopherol (alpha) transfer protein-like,-0.590299390101416,10.087158146387754,-4.832262793542365,0.001164235162935259,0.019784528143892817,-0.8282942915862845,Down,TRUE
WT_6h_ipsilateral_vs_contralateral,Gpr26,233919,ENSMUSG00000040125,G protein-coupled receptor 26,-0.8503448562687943,11.456926808126399,-4.879429425258682,0.0011653683976049138,0.019784528143892817,-0.8109707151290646,Down,TRUE
WT_6h_ipsilateral_vs_contralateral,Zfp319,79233,ENSMUSG00000046556,zinc finger protein 319,0.7391883085755655,9.79621992003915,4.8312551996530235,0.0011657743412141117,0.019784528143892817,-0.829678103203868,Up,TRUE
WT_6h_ipsilateral_vs_contralateral,Insyn2b,574403,ENSMUSG00000069911,inhibitory synaptic factor family member 2B,1.6575008991798272,6.757080161124332,4.91295440025767,0.0011665062982261925,0.019784528143892817,-0.79907425657853,Up,TRUE
WT_6h_ipsilateral_vs_contralateral,Hbb-bt,101488143,ENSMUSG00000073940,"hemoglobin, beta adult t chain",0.7241743660620159,11.777951599100428,4.830775756420935,0.0011665075029022593,0.019784528143892817,-0.8303366152485774,Up,TRUE
WT_6h_ipsilateral_vs_contralateral,Myo9a,270163,ENSMUSG00000039585,myosin IXa,-0.5931586970565181,10.892181985787712,-4.830113558830803,0.001167520953860982,0.019784528143892817,-0.8312461955751669,Down,TRUE
WT_6h_ipsilateral_vs_contralateral,Zfp516,329003,ENSMUSG00000058881,zinc finger protein 516,0.6826744398761626,8.90560596465719,4.829857403065072,0.0011679132399294528,0.019784528143892817,-0.8315980631608255,Up,TRUE
WT_6h_ipsilateral_vs_contralateral,Pygo1,72135,ENSMUSG00000034910,pygopus 1,-1.0168871827678139,10.516986009259382,-5.043303913977331,0.0011686156597079786,0.019784528143892817,-0.75285334212845,Down,TRUE
WT_6h_ipsilateral_vs_contralateral,Rapgefl1,268480,ENSMUSG00000038020,Rap guanine nucleotide exchange factor (GEF)-like 1,-0.5682879372624843,11.410338113914827,-4.829115702674397,0.0011690499127247807,0.019784528143892817,-0.8326169528558918,Down,TRUE
WT_6h_ipsilateral_vs_contralateral,Me3,109264,ENSMUSG00000030621,"malic enzyme 3, NADP(+)-dependent, mitochondrial",-0.8497915538992871,8.808050276558088,-4.828658033509527,0.0011697518996860534,0.019784528143892817,-0.8332457037316976,Down,TRUE
WT_6h_ipsilateral_vs_contralateral,C77080,NA,NA,NA,0.8863318769716866,9.052871528302258,4.827313546694276,0.0011718167599804664,0.01979818991109461,-0.8350929551038853,Up,TRUE
WT_6h_ipsilateral_vs_contralateral,Gpr19,14760,ENSMUSG00000032641,G protein-coupled receptor 19,0.7183416552013266,8.36633128895299,4.826699980072675,0.001172760387671655,0.01979818991109461,-0.8359360517213723,Up,TRUE
WT_6h_ipsilateral_vs_contralateral,Npr3,18162,ENSMUSG00000022206,natriuretic peptide receptor 3,-0.7005616715030047,9.005972851026067,-4.825720602965509,0.0011742683172402363,0.01979818991109461,-0.8372819217641734,Down,TRUE
WT_6h_ipsilateral_vs_contralateral,Actr2,66713,ENSMUSG00000020152,actin related protein 2,-0.5958173363346404,12.939478338280914,-4.825286045172066,0.0011749380715006211,0.01979818991109461,-0.8378791413670639,Down,TRUE
WT_6h_ipsilateral_vs_contralateral,Pcdhb11,93882,ENSMUSG00000051486,protocadherin beta 11,-1.0590232551462977,7.125704677264589,-4.825243488110607,0.0011750036840613726,0.01979818991109461,-0.8379376297199217,Down,TRUE
WT_6h_ipsilateral_vs_contralateral,Irag1,17540,ENSMUSG00000005611,"inositol 1,4,5-triphosphate receptor associated 1",-1.8625894228434783,4.497165497667809,-4.82413556845399,0.0011767132236565972,0.019812008357483524,-0.8394603956267801,Down,TRUE
WT_6h_ipsilateral_vs_contralateral,Lrrc7,242274,ENSMUSG00000028176,leucine rich repeat containing 7,-0.758657498481174,9.92034407632621,-4.8234096619737326,0.0011778347725970592,0.019815913564652184,-0.8404582077421061,Down,TRUE
WT_6h_ipsilateral_vs_contralateral,Kcnh4,380728,ENSMUSG00000035355,"potassium voltage-gated channel, subfamily H (eag-related), member 4",1.8276435308843908,6.073664609909489,4.852032168613711,0.0011860612956037465,0.01993484807803416,-0.8346714361963192,Up,TRUE
WT_6h_ipsilateral_vs_contralateral,Neu4,241159,ENSMUSG00000034000,sialidase 4,-1.052022285645589,7.10064415760052,-4.817701873850194,0.0011866939865981278,0.01993484807803416,-0.8483067235170649,Down,TRUE
WT_6h_ipsilateral_vs_contralateral,Sf3b4,107701,ENSMUSG00000068856,"splicing factor 3b, subunit 4",0.6477036875129958,10.337198728832789,4.812505965686403,0.001194821546187731,0.020055897648717878,-0.8554556021304345,Up,TRUE
WT_6h_ipsilateral_vs_contralateral,Prr14l,215476,ENSMUSG00000054280,proline rich 14-like,-0.7784440340867995,10.041964799100883,-4.811412114841087,0.0011965402517599435,0.020055897648717878,-0.8569611084713014,Down,TRUE
WT_6h_ipsilateral_vs_contralateral,Slc39a10,227059,ENSMUSG00000025986,"solute carrier family 39 (zinc transporter), member 10",-0.5406302348656329,11.196592605784366,-4.8113292145379,0.001196670617518811,0.020055897648717878,-0.8570752144204272,Down,TRUE
WT_6h_ipsilateral_vs_contralateral,Mink1,50932,ENSMUSG00000020827,misshapen-like kinase 1 (zebrafish),-0.545967264813191,11.223723556729933,-4.810801139955276,0.001197501408430742,0.020055897648717878,-0.857802092893917,Down,TRUE
WT_6h_ipsilateral_vs_contralateral,Arl4c,320982,ENSMUSG00000049866,ADP-ribosylation factor-like 4C,0.6151002013959221,11.020999453804842,4.808939225665799,0.0012004356497726256,0.020089935461070803,-0.8603652926307133,Up,TRUE
WT_6h_ipsilateral_vs_contralateral,Zfp729a,212281,ENSMUSG00000021510,zinc finger protein 729a,-0.7090356500400468,8.577443962196822,-4.805640637991044,0.0012056531396005296,0.020162104868319666,-0.8649075544050273,Down,TRUE
WT_6h_ipsilateral_vs_contralateral,Gsk3b,56637,ENSMUSG00000022812,glycogen synthase kinase 3 beta,-0.5380688444385555,12.493560267111654,-4.802239116909734,0.0012110592015040548,0.020237317114405715,-0.8695932578517,Down,TRUE
WT_6h_ipsilateral_vs_contralateral,Brwd3,382236,ENSMUSG00000063663,bromodomain and WD repeat domain containing 3,-0.8641204357969734,9.048658354477585,-4.80008720959372,0.001214492810991278,0.020279480783231423,-0.87255846942515,Down,TRUE
WT_6h_ipsilateral_vs_contralateral,Rasgrp1,19419,ENSMUSG00000027347,RAS guanyl releasing protein 1,-1.5600673123801503,12.331517888862065,-5.838387113906551,0.001216297703487544,0.020294405502011267,-0.5385086141839155,Down,TRUE
WT_6h_ipsilateral_vs_contralateral,Fn1,14268,ENSMUSG00000026193,fibronectin 1,0.6211511615284095,11.790533517796167,4.797688524415177,0.0012183326250254341,0.02031314313057002,-0.8758645411021373,Up,TRUE
WT_6h_ipsilateral_vs_contralateral,Dnajb2,56812,ENSMUSG00000026203,DnaJ heat shock protein family (Hsp40) member B2,0.7024619830495649,9.951787076027786,4.795816822430562,0.001221337985709557,0.020333477701510252,-0.8784448754877197,Up,TRUE
WT_6h_ipsilateral_vs_contralateral,Slc25a18,71803,ENSMUSG00000004902,"solute carrier family 25 (mitochondrial carrier), member 18",0.5983350074200153,9.829928070868695,4.79566577025563,0.0012215808778882375,0.020333477701510252,-0.878653139273581,Up,TRUE
WT_6h_ipsilateral_vs_contralateral,Srl,106393,ENSMUSG00000022519,sarcalumenin,-0.8305088241377252,8.816897269626068,-4.794983355113905,0.00122267885554254,0.020333477701510252,-0.8795940642464366,Down,TRUE
WT_6h_ipsilateral_vs_contralateral,Zbtb42,382639,ENSMUSG00000037638,zinc finger and BTB domain containing 42,1.66494814995764,5.4031671128546845,4.7946574524224985,0.0012232035968585291,0.020333477701510252,-0.8800434486081459,Up,TRUE
WT_6h_ipsilateral_vs_contralateral,9330102E08Rik,330427,ENSMUSG00000107879,RIKEN cDNA 9330102E08 gene,-1.197184605526994,7.746544637954746,-4.7975359904761845,0.0012262557310767713,0.020355394800851932,-0.8807895185572923,Down,TRUE
WT_6h_ipsilateral_vs_contralateral,Gas1,14451,ENSMUSG00000052957,growth arrest specific 1,0.656367312817471,8.777834275983485,4.792217363127161,0.0012271401899876433,0.020355394800851932,-0.8834085692819791,Up,TRUE
WT_6h_ipsilateral_vs_contralateral,Sema4f,20355,ENSMUSG00000000627,"sema domain, immunoglobulin domain (Ig), TM domain, and short cytoplasmic domain",-0.6149595331933675,9.896798549943185,-4.790820371657209,0.0012294001347782847,0.020355394800851932,-0.8853355559451499,Down,TRUE
WT_6h_ipsilateral_vs_contralateral,Gm17936,100416138,ENSMUSG00000106664,"calponin 3, acidic pseudogene",0.8206850327559003,9.42428116823412,4.790778308358714,0.0012294682514566214,0.020355394800851932,-0.8853935818657508,Up,TRUE
WT_6h_ipsilateral_vs_contralateral,Phf20,228829,ENSMUSG00000038116,PHD finger protein 20,-0.5546944178889355,10.608223392054704,-4.790672623753123,0.0012296394135832829,0.020355394800851932,-0.8855393739384425,Down,TRUE
WT_6h_ipsilateral_vs_contralateral,Nat8f3,93674,ENSMUSG00000051262,N-acetyltransferase 8 (GCN5-related) family member 3,2.180766269907912,4.53333259192287,4.790446943890536,0.0012300050012097284,0.020355394800851932,-0.885850705221082,Up,TRUE
WT_6h_ipsilateral_vs_contralateral,Ier5,15939,ENSMUSG00000056708,immediate early response 5,0.7577615262382889,10.301503152838176,4.789182634734624,0.0012320552850817856,0.020370265602951708,-0.8875949931839573,Up,TRUE
WT_6h_ipsilateral_vs_contralateral,Pcdhb7,93878,ENSMUSG00000045062,protocadherin beta 7,-0.865337973814813,7.637129994612417,-4.788765486501249,0.001232732571617459,0.020370265602951708,-0.8881705586716633,Down,TRUE
WT_6h_ipsilateral_vs_contralateral,Cldn5,12741,ENSMUSG00000041378,claudin 5,0.5954175454054038,10.660347105204433,4.787247978448804,0.0012351998210743576,0.0203837779593206,-0.8902645781040288,Up,TRUE
WT_6h_ipsilateral_vs_contralateral,Zfp433,73610,ENSMUSG00000096795,zinc finger protein 433,-0.8489272420771927,7.708335006247259,-4.787136989908232,0.0012353804823830668,0.0203837779593206,-0.8904177453936324,Down,TRUE
WT_6h_ipsilateral_vs_contralateral,Tent5a,212943,ENSMUSG00000032265,terminal nucleotidyltransferase 5A,0.9664928894456573,7.5254926983212425,4.785002823170301,0.0012388599427220065,0.02042605864110488,-0.8933633121345785,Up,TRUE
WT_6h_ipsilateral_vs_contralateral,Dbp,13170,ENSMUSG00000059824,D site albumin promoter binding protein,1.3662053163078562,8.404592677362574,5.0671647986759965,0.0012420075555769309,0.020440544053315232,-0.7905563313048063,Up,TRUE
WT_6h_ipsilateral_vs_contralateral,Col4a2,12827,ENSMUSG00000031503,"collagen, type IV, alpha 2",0.5744242461327147,11.850657980610876,4.783062364270152,0.0012420328102085432,0.020440544053315232,-0.8960421132473542,Up,TRUE
WT_6h_ipsilateral_vs_contralateral,Lrif1,321000,ENSMUSG00000056260,ligand dependent nuclear receptor interacting factor 1,-0.7800062626814501,7.897755197254197,-4.7827823253172,0.0012424914320174557,0.020440544053315232,-0.8964287529959618,Down,TRUE
WT_6h_ipsilateral_vs_contralateral,Nectin4,71740,ENSMUSG00000006411,nectin cell adhesion molecule 4,1.1790284581047192,6.457803771792085,4.780248640198662,0.0012466492188929613,0.020493809115011596,-0.8999274522759615,Up,TRUE
WT_6h_ipsilateral_vs_contralateral,Irf1,16362,ENSMUSG00000018899,interferon regulatory factor 1,1.2402467020216585,7.068339303325461,4.7787927149858245,0.0012490452178742933,0.020518054740523515,-0.9019383338233533,Up,TRUE
WT_6h_ipsilateral_vs_contralateral,Zfp467,68910,ENSMUSG00000068551,zinc finger protein 467,1.02405346363141,8.116856159049973,4.772115632040281,0.0012600977244352912,0.020684360215030298,-0.9111645706834652,Up,TRUE
WT_6h_ipsilateral_vs_contralateral,Sh3pxd2b,268396,ENSMUSG00000040711,SH3 and PX domains 2B,0.6396634937835284,10.373172301293737,4.768450562361772,0.0012662094947687177,0.020769378863014127,-0.9162317005040368,Up,TRUE
WT_6h_ipsilateral_vs_contralateral,Borcs6,71923,ENSMUSG00000045176,BLOC-1 related complex subunit 6,0.7671634052726422,8.391994380338806,4.767594482444647,0.0012676416934186033,0.020777570802722137,-0.917415559076896,Up,TRUE
WT_6h_ipsilateral_vs_contralateral,Kcnk3,16527,ENSMUSG00000049265,"potassium channel, subfamily K, member 3",1.2763428461290243,8.688456765899879,5.030736695473707,0.0012697388887347395,0.020790274678876754,-0.8201363040693748,Up,TRUE
WT_6h_ipsilateral_vs_contralateral,Gng7,14708,ENSMUSG00000048240,"guanine nucleotide binding protein (G protein), gamma 7",-0.8022115741238949,11.671484652474618,-4.793278157332681,0.0012702834495152081,0.020790274678876754,-0.9089069251741364,Down,TRUE
WT_6h_ipsilateral_vs_contralateral,Lrrc4,192198,ENSMUSG00000049939,leucine rich repeat containing 4,-0.5544466519622713,10.344888061112112,-4.764823406372267,0.0012722896793880036,0.02080782129836107,-0.9212483819530686,Down,TRUE
WT_6h_ipsilateral_vs_contralateral,Cdc42ep3,260409,ENSMUSG00000036533,CDC42 effector protein 3,0.8179941505630479,8.05963635979562,4.7609627149591125,0.0012787961139153249,0.020898887334896452,-0.9265902155339028,Up,TRUE
WT_6h_ipsilateral_vs_contralateral,Ptger2,19217,ENSMUSG00000037759,prostaglandin E receptor 2 (subtype EP2),2.077654313237479,4.057685651917445,4.760033575993983,0.0012803673712226886,0.02090922521553181,-0.9278761469710943,Up,TRUE
WT_6h_ipsilateral_vs_contralateral,Wdr59,319481,ENSMUSG00000031959,WD repeat domain 59,-0.6794318981439602,9.4301280805949,-4.758848256262089,0.0012823748903645767,0.02092666716693842,-0.9295168199604298,Down,TRUE
WT_6h_ipsilateral_vs_contralateral,Zfp804a,241514,ENSMUSG00000070866,zinc finger protein 804A,-0.6590666159786043,8.828292279704343,-4.756023253739389,0.0012871732250467362,0.02097655300673913,-0.9334279204569924,Down,TRUE
WT_6h_ipsilateral_vs_contralateral,Plekhg5,269608,ENSMUSG00000039713,"pleckstrin homology domain containing, family G (with RhoGef domain) member 5",-0.59132131189509,10.126845394814698,-4.755939790783168,0.001287315284409086,0.02097655300673913,-0.9335434895700141,Down,TRUE
WT_6h_ipsilateral_vs_contralateral,Tfap2e,332937,ENSMUSG00000042477,"transcription factor AP-2, epsilon",2.951110954330105,1.9616733105156712,4.753042589386643,0.0012922570532278548,0.021041685570650927,-0.9375558159427673,Up,TRUE
WT_6h_ipsilateral_vs_contralateral,Itga3,16400,ENSMUSG00000001507,integrin alpha 3,0.8133332200509269,8.775800926004347,4.7497927203643515,0.0012978248389112386,0.021116908901934142,-0.9420580369405753,Up,TRUE
WT_6h_ipsilateral_vs_contralateral,Pwwp2a,70802,ENSMUSG00000044950,PWWP domain containing 2A,-0.6519387017828695,9.243149369503914,-4.745391303856601,0.0013054069679509556,0.02118605582065088,-0.9481580644711691,Down,TRUE
WT_6h_ipsilateral_vs_contralateral,Plat,18791,ENSMUSG00000031538,"plasminogen activator, tissue",0.8407803521728177,10.593259264292008,4.7781824944094495,0.0013054322037478407,0.02118605582065088,-0.9352483073428619,Up,TRUE
WT_6h_ipsilateral_vs_contralateral,Osm,18413,ENSMUSG00000058755,oncostatin M,2.5400880160313855,2.831882557099135,4.744679393081667,0.0013066378478971078,0.02118605582065088,-0.9491449892319199,Up,TRUE
WT_6h_ipsilateral_vs_contralateral,Adgrl4,170757,ENSMUSG00000039167,adhesion G protein-coupled receptor L4,1.038192750286294,9.871117889396894,4.936475966050262,0.0013075183952991221,0.02118605582065088,-0.876352054057155,Up,TRUE
WT_6h_ipsilateral_vs_contralateral,Eml5,319670,ENSMUSG00000051166,echinoderm microtubule associated protein like 5,-0.5757838066956165,10.055168239162033,-4.744063828841114,0.0013077031601405325,0.02118605582065088,-0.9499984091734861,Down,TRUE
WT_6h_ipsilateral_vs_contralateral,Card10,105844,ENSMUSG00000033170,"caspase recruitment domain family, member 10",1.1225573773397928,7.66100247318716,4.744018743231506,0.001307781223496968,0.02118605582065088,-0.9500609182005739,Up,TRUE
WT_6h_ipsilateral_vs_contralateral,Vasp,22323,ENSMUSG00000030403,vasodilator-stimulated phosphoprotein,0.6685229559660701,8.993557050885748,4.742866377144731,0.0013097781990510393,0.021202986470829868,-0.9516587209117109,Up,TRUE
WT_6h_ipsilateral_vs_contralateral,Gm4815,218501,ENSMUSG00000114733,"calponin 3, acidic pseudogene",0.8548181826714565,9.408360605118517,4.7394006440368175,0.0013158040218214683,0.021271250363841053,-0.9564652916947054,Up,TRUE
WT_6h_ipsilateral_vs_contralateral,Rabgap1,227800,ENSMUSG00000035437,RAB GTPase activating protein 1,-0.6548298455578383,10.695539372466264,-4.739342735815015,0.0013159049607799312,0.021271250363841053,-0.9565456188685904,Down,TRUE
WT_6h_ipsilateral_vs_contralateral,Eif1ax,66235,ENSMUSG00000067194,"eukaryotic translation initiation factor 1A, X-linked",-0.5062912518922982,12.368621739135845,-4.7342100052144875,0.0013248851533438956,0.021396003210344874,-0.9636674475599039,Down,TRUE
WT_6h_ipsilateral_vs_contralateral,Tmcc2,68875,ENSMUSG00000042066,transmembrane and coiled-coil domains 2,-0.5794550920770352,11.716772573648978,-4.7333911062709735,0.0013263240236659108,0.021396003210344874,-0.9648040584483422,Down,TRUE
WT_6h_ipsilateral_vs_contralateral,Leng8,232798,ENSMUSG00000035545,leukocyte receptor cluster (LRC) member 8,-0.7298406439052805,10.992377702243704,-4.733288646843676,0.001326504172098149,0.021396003210344874,-0.9649462765417667,Down,TRUE
WT_6h_ipsilateral_vs_contralateral,Htr2c,15560,ENSMUSG00000041380,5-hydroxytryptamine (serotonin) receptor 2C,-0.547766670304318,10.293931672757434,-4.731746713239865,0.0013292184669472713,0.021421108623820472,-0.9670867351733747,Down,TRUE
WT_6h_ipsilateral_vs_contralateral,Dgkd,227333,ENSMUSG00000070738,"diacylglycerol kinase, delta",-0.5729739035070232,11.514243301913567,-4.731312456084199,0.0013299839832432642,0.021421108623820472,-0.967689619641515,Down,TRUE
WT_6h_ipsilateral_vs_contralateral,Rnf19a,30945,ENSMUSG00000022280,ring finger protein 19A,0.6398633195864107,9.726334993126073,4.730680572355578,0.001331098732250961,0.021423572442839708,-0.9685669215394563,Up,TRUE
WT_6h_ipsilateral_vs_contralateral,Bcr,110279,ENSMUSG00000009681,BCR activator of RhoGEF and GTPase,0.5947314612419135,11.073025121423626,4.72988139955777,0.0013325100568178118,0.021430802538351452,-0.9696765711228146,Up,TRUE
WT_6h_ipsilateral_vs_contralateral,Zfp799,240064,ENSMUSG00000095253,zinc finger protein 799,-0.6837124521536815,8.587206196197103,-4.727659555297221,0.0013364423166099901,0.021478537231231987,-0.9727620955274343,Down,TRUE
WT_6h_ipsilateral_vs_contralateral,Zfp697,242109,ENSMUSG00000050064,zinc finger protein 697,-0.6861127111563494,8.7824766272139,-4.722598275445332,0.001345446862714962,0.021596066387319004,-0.9797935459254621,Down,TRUE
WT_6h_ipsilateral_vs_contralateral,Maml3,433586,ENSMUSG00000061143,mastermind like transcriptional coactivator 3,-0.908518966081143,8.295332482228002,-4.722459723841134,0.0013456942826306972,0.021596066387319004,-0.9799860841072174,Down,TRUE
WT_6h_ipsilateral_vs_contralateral,Gpr63,81006,ENSMUSG00000040372,G protein-coupled receptor 63,-2.0730955016291466,7.769396994395381,-5.480699721500073,0.0013478192467193313,0.021614595911211735,-0.7184927395571643,Down,TRUE
WT_6h_ipsilateral_vs_contralateral,Slc25a38,208638,ENSMUSG00000032519,"solute carrier family 25, member 38",0.7576502286385587,9.009497327301473,4.719751764344026,0.0013505399544533818,0.021632833830043437,-0.9837497715091992,Up,TRUE
WT_6h_ipsilateral_vs_contralateral,Fam155a,NA,NA,NA,-0.5989874750523523,10.71109643664034,-4.718872783301073,0.001352116878591251,0.021632833830043437,-0.9849716671915099,Down,TRUE
WT_6h_ipsilateral_vs_contralateral,Spsb4,211949,ENSMUSG00000046997,splA/ryanodine receptor domain and SOCS box containing 4,0.9033441678853302,7.468996900665276,4.718550585867918,0.0013526954118784139,0.021632833830043437,-0.9854195914334412,Up,TRUE
WT_6h_ipsilateral_vs_contralateral,Jph4,319984,ENSMUSG00000022208,junctophilin 4,-0.5052138691610377,13.084564856108392,-4.718469422034612,0.0013528411908081037,0.021632833830043437,-0.9855324291787282,Down,TRUE
WT_6h_ipsilateral_vs_contralateral,Plpp6,74411,ENSMUSG00000040105,phospholipid phosphatase 6,-0.6692591545393878,9.392792947551943,-4.71188324462046,0.0013647275639174694,0.02177665347939149,-0.9946921009418368,Down,TRUE
WT_6h_ipsilateral_vs_contralateral,Epm2aip1,77781,ENSMUSG00000046785,EPM2A interacting protein 1,-0.522691592483751,11.80698027006996,-4.711876405246508,0.0013647399658679891,0.02177665347939149,-0.994701616092641,Down,TRUE
WT_6h_ipsilateral_vs_contralateral,Eif2ak3,13666,ENSMUSG00000031668,eukaryotic translation initiation factor 2 alpha kinase 3,0.6076888242102232,9.241122520299017,4.711691369606819,0.0013650755403872884,0.02177665347939149,-0.9949590460935553,Up,TRUE
WT_6h_ipsilateral_vs_contralateral,6430571L13Rik,235599,ENSMUSG00000037977,RIKEN cDNA 6430571L13 gene,1.3539352130000966,6.335496079239364,4.7113220050244875,0.0013657456750038118,0.02177665347939149,-0.9954729381086782,Up,TRUE
WT_6h_ipsilateral_vs_contralateral,Ctsb,13030,ENSMUSG00000021939,cathepsin B,0.5309138245806935,13.113055733126902,4.709656419856759,0.00136877195815937,0.02179204992123657,-0.9977904961437742,Up,TRUE
WT_6h_ipsilateral_vs_contralateral,Zfp329,67230,ENSMUSG00000057894,zinc finger protein 329,-0.6620394869635433,8.743246809589944,-4.709460971929855,0.0013691275527923667,0.02179204992123657,-0.9980624767635158,Down,TRUE
WT_6h_ipsilateral_vs_contralateral,Clcn4,12727,ENSMUSG00000000605,"chloride channel, voltage-sensitive 4",-0.5211794303760531,12.316104827092904,-4.709175983466487,0.0013696462352292345,0.02179204992123657,-0.9984590699970513,Down,TRUE
WT_6h_ipsilateral_vs_contralateral,Pdlim4,30794,ENSMUSG00000020388,PDZ and LIM domain 4,0.7501357314446517,8.325853870371896,4.7030057615957075,0.0013809284430402898,0.021955875138274416,-1.007048578157808,Up,TRUE
WT_6h_ipsilateral_vs_contralateral,Bend4,666938,ENSMUSG00000092060,BEN domain containing 4,0.765698985484585,8.590450084216217,4.702228116682989,0.0013823574862463005,0.021962919405232772,-1.0081315313260637,Up,TRUE
WT_6h_ipsilateral_vs_contralateral,Rabgap1l,29809,ENSMUSG00000026721,RAB GTPase activating protein 1-like,-0.5255911120911332,11.628489715728087,-4.701523507496212,0.0013836536976363472,0.021967844700534308,-1.0091128519806496,Down,TRUE
WT_6h_ipsilateral_vs_contralateral,Mef2a,17258,ENSMUSG00000030557,myocyte enhancer factor 2A,-0.5136006534992141,11.516432687263698,-4.69929628297616,0.0013877595999661622,0.022017339807155457,-1.0122152282103078,Down,TRUE
WT_6h_ipsilateral_vs_contralateral,Lnx2,140887,ENSMUSG00000016520,ligand of numb-protein X 2,0.8135372199115469,7.6210402534692605,4.697513938907471,0.0013910548642745095,0.022036678780142146,-1.0146984456164239,Up,TRUE
WT_6h_ipsilateral_vs_contralateral,Zfp385b,241494,ENSMUSG00000027016,zinc finger protein 385B,-0.7192393280816702,9.28354466881547,-4.697041731319328,0.0013919293180703646,0.022036678780142146,-1.0153564189463644,Down,TRUE
WT_6h_ipsilateral_vs_contralateral,Myo9b,17925,ENSMUSG00000004677,myosin IXb,0.6573224396813604,9.870305993632687,4.697032486388122,0.0013919464441598203,0.022036678780142146,-1.0153693011495113,Up,TRUE
WT_6h_ipsilateral_vs_contralateral,Derl3,70377,ENSMUSG00000009092,"Der1-like domain family, member 3",1.903853435142938,3.853029789398465,4.694752750562938,0.0013961765909412513,0.022087949973875264,-1.0185463500320333,Up,TRUE
WT_6h_ipsilateral_vs_contralateral,Igf2bp2,319765,ENSMUSG00000033581,insulin-like growth factor 2 mRNA binding protein 2,1.3410695817511522,6.095098592414155,4.693572600261293,0.0013983718752218323,0.022106979077761754,-1.0201913150153663,Up,TRUE
WT_6h_ipsilateral_vs_contralateral,Msantd2,235184,ENSMUSG00000042138,Myb/SANT-like DNA-binding domain containing 2,0.8172601456377286,8.270710832113355,4.69140075968065,0.0014024216476282677,0.02215527815668061,-1.0232190978733806,Up,TRUE
WT_6h_ipsilateral_vs_contralateral,P2rx6,18440,ENSMUSG00000022758,"purinergic receptor P2X, ligand-gated ion channel, 6",-0.8889419255714337,7.732421356077259,-4.687069827489339,0.001410535373263807,0.022253136404397234,-1.0292589783986497,Down,TRUE
WT_6h_ipsilateral_vs_contralateral,Mmp19,58223,ENSMUSG00000025355,matrix metallopeptidase 19,1.4465472825210206,5.194683638024388,4.686985317359806,0.0014106942021786654,0.022253136404397234,-1.0293768631583866,Up,TRUE
WT_6h_ipsilateral_vs_contralateral,Tmem178b,434008,ENSMUSG00000057716,transmembrane protein 178B,-0.7333944851861158,12.382254096957679,-4.6864965912381775,0.0014116130971678245,0.022253136404397234,-1.0300586171313881,Down,TRUE
WT_6h_ipsilateral_vs_contralateral,Setd1b,208043,ENSMUSG00000038384,SET domain containing 1B,0.7170610634236141,10.066759301390736,4.684467094134264,0.0014154358622859523,0.022297619400579626,-1.032890065676785,Up,TRUE
WT_6h_ipsilateral_vs_contralateral,Cntfr,12804,ENSMUSG00000028444,ciliary neurotrophic factor receptor,0.7288267559109212,9.7872591324168,4.681851212552642,0.0014203796808236885,0.022359687201659123,-1.036540507960403,Up,TRUE
WT_6h_ipsilateral_vs_contralateral,Fbxo30,71865,ENSMUSG00000047648,F-box protein 30,0.9335807707309502,8.1458979140409,4.676987411347466,0.0014296216519757566,0.022478371395121356,-1.043330600419873,Up,TRUE
WT_6h_ipsilateral_vs_contralateral,Mtus1,102103,ENSMUSG00000045636,mitochondrial tumor suppressor 1,0.5954033141396149,9.381643888771329,4.676528326739054,0.0014304973390958286,0.022478371395121356,-1.0439716849201472,Up,TRUE
WT_6h_ipsilateral_vs_contralateral,Pde3b,18576,ENSMUSG00000030671,"phosphodiesterase 3B, cGMP-inhibited",0.6757919194822506,8.583020820013587,4.676293031554794,0.001430946381067658,0.022478371395121356,-1.0443002728311708,Up,TRUE
WT_6h_ipsilateral_vs_contralateral,Rps19-ps8,675566,ENSMUSG00000096920,"ribosomal protein S19, pseudogene 8",0.8726653703693659,7.1871289244838374,4.67435401096994,0.0014346526601501917,0.022520710362822775,-1.0470084124550558,Up,TRUE
WT_6h_ipsilateral_vs_contralateral,Gjc1,14615,ENSMUSG00000034520,"gap junction protein, gamma 1",0.825593837379782,8.078434621354223,4.673581249427256,0.0014361326247290457,0.022528066349182745,-1.0480878476929316,Up,TRUE
WT_6h_ipsilateral_vs_contralateral,Rasgef1a,70727,ENSMUSG00000030134,"RasGEF domain family, member 1A",-0.5494109140717001,10.59217471603736,-4.6692101499097065,0.001444535160369769,0.022643927302770307,-1.0541953018679822,Down,TRUE
WT_6h_ipsilateral_vs_contralateral,Cstb,13014,ENSMUSG00000005054,cystatin B,0.7098087572376315,8.536691723505351,4.668100590162479,0.001446676516015877,0.022661546690755038,-1.0557460681504223,Up,TRUE
WT_6h_ipsilateral_vs_contralateral,Clk3,102414,ENSMUSG00000032316,CDC-like kinase 3,0.6572370273131423,9.54081894568092,4.666829173660506,0.0014491344655918855,0.022681555591693398,-1.0575232762257425,Up,TRUE
WT_6h_ipsilateral_vs_contralateral,Stk35,67333,ENSMUSG00000037885,serine/threonine kinase 35,0.6016663129168194,9.337470039184938,4.666386997802922,0.0014499903552220605,0.022681555591693398,-1.0581414134210512,Up,TRUE
WT_6h_ipsilateral_vs_contralateral,Por,18984,ENSMUSG00000005514,cytochrome p450 oxidoreductase,0.5590467355753237,10.512393754117127,4.663764628775532,0.001455077551318492,0.02273234520559387,-1.0618079340520516,Up,TRUE
WT_6h_ipsilateral_vs_contralateral,Col18a1,12822,ENSMUSG00000001435,"collagen, type XVIII, alpha 1",0.6384367600317944,9.270013698728553,4.663661346556499,0.0014552783058665256,0.02273234520559387,-1.0619523611066821,Up,TRUE
WT_6h_ipsilateral_vs_contralateral,Shisa4,77552,ENSMUSG00000041889,shisa family member 4,0.5630685540348637,10.580122799360723,4.66290548594938,0.0014567484205988705,0.022739363047540182,-1.0630093841528545,Up,TRUE
WT_6h_ipsilateral_vs_contralateral,Pcdhb12,93883,ENSMUSG00000043458,protocadherin beta 12,-1.378703497043805,5.5569116834056,-4.660416727588778,0.0014616003109534123,0.022799122497540097,-1.0664903523050437,Down,TRUE
WT_6h_ipsilateral_vs_contralateral,Crip1,12925,ENSMUSG00000006360,cysteine-rich protein 1,1.6358652139790841,6.442364484482544,4.688106731185237,0.001476703238478945,0.023018589669082226,-1.0629153620029452,Up,TRUE
WT_6h_ipsilateral_vs_contralateral,Shq1,72171,ENSMUSG00000035378,SHQ1 homolog (S. cerevisiae),-0.7966779073693484,7.618951473791036,-4.651663523093333,0.0014788042657577353,0.023028557452510555,-1.078740536133365,Down,TRUE
WT_6h_ipsilateral_vs_contralateral,Gm20751,622552,ENSMUSG00000110016,"predicted gene, 20751",-1.8080012440099926,4.155492255898125,-4.651266168121049,0.0014795904269209936,0.023028557452510555,-1.0792969067552916,Down,TRUE
WT_6h_ipsilateral_vs_contralateral,Kcnq4,60613,ENSMUSG00000028631,"potassium voltage-gated channel, subfamily Q, member 4",0.8332413909895449,8.166623972142984,4.650041688173669,0.001482015888073416,0.023028557452510555,-1.0810115525435515,Up,TRUE
WT_6h_ipsilateral_vs_contralateral,Lingo1,235402,ENSMUSG00000049556,leucine rich repeat and Ig domain containing 1,-0.6675243809745339,12.805357477049448,-4.649919689002892,0.001482257780695669,0.023028557452510555,-1.081182400780099,Down,TRUE
WT_6h_ipsilateral_vs_contralateral,Herc1,235439,ENSMUSG00000038664,HECT and RLD domain containing E3 ubiquitin protein ligase family member 1,-0.5771456002326776,11.792686195139744,-4.649791573308637,0.0014825118467744168,0.023028557452510555,-1.0813618169957522,Down,TRUE
WT_6h_ipsilateral_vs_contralateral,Lbp,16803,ENSMUSG00000016024,lipopolysaccharide binding protein,-1.1727230844840006,7.068604988211989,-4.64839004286312,0.00148529429906291,0.023055700704966074,-1.0833247115554308,Down,TRUE
WT_6h_ipsilateral_vs_contralateral,Eny2,223527,ENSMUSG00000022338,ENY2 transcription and export complex 2 subunit,-0.545642013141757,10.111527235905758,-4.641876572626432,0.001498299811467817,0.023241384610338176,-1.0924508760313492,Down,TRUE
WT_6h_ipsilateral_vs_contralateral,E130008D07Rik,545207,ENSMUSG00000117011,RIKEN cDNA E130008D07 gene,-1.2575305614815067,7.044773004223629,-4.640858127302134,0.00150034446502434,0.023256905329448276,-1.0938784088870737,Down,TRUE
WT_6h_ipsilateral_vs_contralateral,Myo1c,17913,ENSMUSG00000017774,myosin IC,0.6341695719600118,9.001542279411122,4.639753852985962,0.0015025648419390945,0.023262462845287855,-1.0954264196228811,Up,TRUE
WT_6h_ipsilateral_vs_contralateral,Igtp,16145,ENSMUSG00000078853,interferon gamma induced GTPase,1.3642221311496705,5.488012632171827,4.639641151770785,0.0015027916513746004,0.023262462845287855,-1.095584418302085,Up,TRUE
WT_6h_ipsilateral_vs_contralateral,Fam135b,70363,ENSMUSG00000036800,"family with sequence similarity 135, member B",-0.5586910751754992,9.810822301356842,-4.639101149962153,0.0015038789105486844,0.02326312689754996,-1.096341486517601,Down,TRUE
WT_6h_ipsilateral_vs_contralateral,Car14,23831,ENSMUSG00000038526,carbonic anhydrase 14,-2.6467689152967755,4.965893713925491,-4.8139320275510755,0.0015106156380673612,0.023351119596079436,-1.030474492302317,Down,TRUE
WT_6h_ipsilateral_vs_contralateral,Acsbg1,94180,ENSMUSG00000032281,acyl-CoA synthetase bubblegum family member 1,0.5310942513721155,11.058400094293603,4.633367557664413,0.001515475758226377,0.0234100017437535,-1.1043824884860882,Up,TRUE
WT_6h_ipsilateral_vs_contralateral,Gls,14660,ENSMUSG00000026103,glutaminase,-0.4972595712389971,12.324988781057462,-4.632075071084427,0.001518103298302396,0.02341867356928828,-1.1061957903054394,Down,TRUE
WT_6h_ipsilateral_vs_contralateral,Mturn,68235,ENSMUSG00000038065,"maturin, neural progenitor differentiation regulator homolog (Xenopus)",-0.616937706394312,12.820710258600384,-4.632057119953701,0.0015181398264445466,0.02341867356928828,-1.106220976689631,Down,TRUE
WT_6h_ipsilateral_vs_contralateral,Rps10,67097,ENSMUSG00000052146,ribosomal protein S10,1.0958814462678106,6.696772721092064,4.631120946855237,0.0015200461312792047,0.023431852992556595,-1.1075345429419032,Up,TRUE
WT_6h_ipsilateral_vs_contralateral,Cdk6,12571,ENSMUSG00000040274,cyclin dependent kinase 6,0.8712955764581309,8.68256751875688,4.62624344488196,0.0015300200347121383,0.0235692920285013,-1.1143803732964903,Up,TRUE
WT_6h_ipsilateral_vs_contralateral,Gbp3,55932,ENSMUSG00000028268,guanylate binding protein 3,1.2778301792540159,6.835113539682773,4.624813167322033,0.0015329581841899487,0.023598233277699453,-1.1163885090876065,Up,TRUE
WT_6h_ipsilateral_vs_contralateral,Fem1al,216622,ENSMUSG00000078157,fem-1 homolog A like,-0.7422049556056081,8.619603097055146,-4.623376464592886,0.0015359156768718597,0.023610516839421194,-1.1184059699709525,Down,TRUE
WT_6h_ipsilateral_vs_contralateral,Lrp11,237253,ENSMUSG00000019796,low density lipoprotein receptor-related protein 11,-0.5234036781267779,11.82492251492254,-4.622191879830231,0.0015383588192809574,0.023610516839421194,-1.1200696284523497,Down,TRUE
WT_6h_ipsilateral_vs_contralateral,Naaladl2,635702,ENSMUSG00000102758,N-acetylated alpha-linked acidic dipeptidase-like 2,-2.0397157152569116,4.45750033853541,-4.6220891781491655,0.0015385708338801934,0.023610516839421194,-1.1202138748465469,Down,TRUE
WT_6h_ipsilateral_vs_contralateral,Slc16a2,20502,ENSMUSG00000033965,"solute carrier family 16 (monocarboxylic acid transporters), member 2",-0.8512680932232026,11.04659861180129,-4.692677947403532,0.0015389791752757442,0.023610516839421194,-1.091740120959658,Down,TRUE
WT_6h_ipsilateral_vs_contralateral,Cln5,211286,ENSMUSG00000022125,"ceroid-lipofuscinosis, neuronal 5",1.0108119208223805,7.605009983627076,4.621854259485116,0.0015390559124956037,0.023610516839421194,-1.1205438282708053,Up,TRUE
WT_6h_ipsilateral_vs_contralateral,Exoc6b,75914,ENSMUSG00000033769,exocyst complex component 6B,-0.5450540084792532,10.621092837852355,-4.620553537802673,0.0015417447402483683,0.023635488017228083,-1.1223708955319553,Down,TRUE
WT_6h_ipsilateral_vs_contralateral,Il11,16156,ENSMUSG00000004371,interleukin 11,3.034591240441068,4.094923163204088,4.723319923171127,0.001547339903688059,0.023704949349829103,-1.0835685549094434,Up,TRUE
WT_6h_ipsilateral_vs_contralateral,Slc1a1,20510,ENSMUSG00000024935,"solute carrier family 1 (neuronal/epithelial high affinity glutamate transporter, system Xag), member 1",-0.6735551268459403,10.603254296687233,-4.617145127020967,0.0015488146708867358,0.02371123490996704,-1.1271597264354414,Down,TRUE
WT_6h_ipsilateral_vs_contralateral,Taok1,216965,ENSMUSG00000017291,TAO kinase 1,-0.5271589958747018,11.667066364876934,-4.616224893636542,0.0015507294794367505,0.0237242439247621,-1.1284529519223794,Down,TRUE
WT_6h_ipsilateral_vs_contralateral,Disp1,68897,ENSMUSG00000030768,dispatched RND transporter family member 1,0.9608611780272076,6.818690598814512,4.613876290395342,0.0015556280333601123,0.023776136947100044,-1.1317540652356497,Up,TRUE
WT_6h_ipsilateral_vs_contralateral,Prmt8,381813,ENSMUSG00000030350,protein arginine N-methyltransferase 8,-0.5614618717821198,10.725040406433498,-4.613575678135083,0.0015562562365374574,0.023776136947100044,-1.1321766538899727,Down,TRUE
WT_6h_ipsilateral_vs_contralateral,Kif1b,16561,ENSMUSG00000063077,kinesin family member 1B,-0.5717952554225381,13.928132523203637,-4.612070374951181,0.0015594060661320238,0.02380120669245324,-1.134292949183795,Down,TRUE
WT_6h_ipsilateral_vs_contralateral,Il6,16193,ENSMUSG00000025746,interleukin 6,2.6016160133051924,2.3696891263229993,4.611770583790511,0.0015600341984728049,0.02380120669245324,-1.1347144634001491,Up,TRUE
WT_6h_ipsilateral_vs_contralateral,Mbd5,109241,ENSMUSG00000036792,methyl-CpG binding domain protein 5,-0.7245066880367741,9.58966691115838,-4.610716910048773,0.0015622440620046351,0.023818608132206192,-1.1361960614070838,Down,TRUE
WT_6h_ipsilateral_vs_contralateral,Arglu1,234023,ENSMUSG00000040459,arginine and glutamate rich 1,-0.5152094299406507,10.844046905414146,-4.609795002591496,0.0015641803494277121,0.023831817567375024,-1.1374925137068557,Down,TRUE
WT_6h_ipsilateral_vs_contralateral,Mgat3,17309,ENSMUSG00000042428,mannoside acetylglucosaminyltransferase 3,-0.5833447598364945,11.778887235684918,-4.607933636661445,0.001568097700218353,0.02387098360741628,-1.1401104817398569,Down,TRUE
WT_6h_ipsilateral_vs_contralateral,Vat1,26949,ENSMUSG00000034993,vesicle amine transport 1,0.5469278954499988,10.729894226992915,4.60755575130471,0.0015688942761507266,0.02387098360741628,-1.140642031112436,Up,TRUE
WT_6h_ipsilateral_vs_contralateral,Mapkapk3,102626,ENSMUSG00000032577,mitogen-activated protein kinase-activated protein kinase 3,1.3538855687138636,5.81577170034982,4.605115032684404,0.0015740498205068464,0.023918424953796143,-1.1440757552323753,Up,TRUE
WT_6h_ipsilateral_vs_contralateral,Limd1,29806,ENSMUSG00000025239,LIM domains containing 1,0.7738299665766686,8.717910944962272,4.6050630303136,0.0015741598645236878,0.023918424953796143,-1.1441489243029581,Up,TRUE
WT_6h_ipsilateral_vs_contralateral,Fgf14,14169,ENSMUSG00000025551,fibroblast growth factor 14,-0.7871754187942912,9.067064283720928,-4.602713563237369,0.0015791403409361182,0.023963926675758227,-1.14745511864309,Down,TRUE
WT_6h_ipsilateral_vs_contralateral,Dlx2,13392,ENSMUSG00000023391,distal-less homeobox 2,0.8234271884028015,8.03805968894561,4.602635485861346,0.0015793061441083313,0.023963926675758227,-1.1475650038995262,Up,TRUE
WT_6h_ipsilateral_vs_contralateral,Uhrf2,109113,ENSMUSG00000024817,"ubiquitin-like, containing PHD and RING finger domains 2",0.5906304573329617,9.554445632237679,4.601177426830112,0.0015824059021275353,0.02397362794573239,-1.1496172254697195,Up,TRUE
WT_6h_ipsilateral_vs_contralateral,Zfp933,242747,ENSMUSG00000059423,zinc finger protein 933,-1.0082504600355353,7.598801494071436,-4.600914388313624,0.0015829658084300364,0.02397362794573239,-1.1499874861640276,Down,TRUE
WT_6h_ipsilateral_vs_contralateral,Mak,17152,ENSMUSG00000021363,male germ cell-associated kinase,1.2626480187809648,5.789895667753116,4.600816484089109,0.0015831742629931467,0.02397362794573239,-1.150125301611821,Up,TRUE
WT_6h_ipsilateral_vs_contralateral,Sap30,60406,ENSMUSG00000031609,sin3 associated polypeptide,0.9933995708680667,6.834476604475048,4.599730063830549,0.0015854894274204934,0.023992375676488785,-1.1516547021585914,Up,TRUE
WT_6h_ipsilateral_vs_contralateral,Cpsf6,432508,ENSMUSG00000055531,cleavage and polyadenylation specific factor 6,-0.5133859258101197,10.994299649362354,-4.598686272455961,0.0015877171975455847,0.023994462041992515,-1.1531242559824433,Down,TRUE
WT_6h_ipsilateral_vs_contralateral,Cd36,12491,ENSMUSG00000002944,CD36 molecule,1.657720269291942,5.860948537304706,4.598656080974247,0.001587781685741727,0.023994462041992515,-1.153166764956448,Up,TRUE
WT_6h_ipsilateral_vs_contralateral,Myd88,17874,ENSMUSG00000032508,myeloid differentiation primary response gene 88,0.9476003698200461,6.890661770855617,4.597739239200444,0.0015897413845338698,0.02400778938338437,-1.1544577229274644,Up,TRUE
WT_6h_ipsilateral_vs_contralateral,Cygb,114886,ENSMUSG00000020810,cytoglobin,0.5692132065822086,9.704121570618515,4.595489235895028,0.001594561734007647,0.024051296001457032,-1.157626362186729,Up,TRUE
WT_6h_ipsilateral_vs_contralateral,Tent5b,100342,ENSMUSG00000046694,terminal nucleotidyltransferase 5B,2.0166674758917154,3.928282452811918,4.595021118877017,0.001595566600244272,0.024051296001457032,-1.1582856966794628,Up,TRUE
WT_6h_ipsilateral_vs_contralateral,Tsc22d3,14605,ENSMUSG00000031431,"TSC22 domain family, member 3",0.5701684932969808,10.454882353429477,4.59461052225723,0.0015964485560039533,0.024051296001457032,-1.1588640412815714,Up,TRUE
WT_6h_ipsilateral_vs_contralateral,Ryr3,20192,ENSMUSG00000057378,ryanodine receptor 3,-0.6157299542561763,9.756215752381017,-4.59345390334766,0.0015989357915753278,0.024051296001457032,-1.1604933267456943,Down,TRUE
WT_6h_ipsilateral_vs_contralateral,Srr,27364,ENSMUSG00000001323,serine racemase,-0.5601301679461805,9.997224956834904,-4.592908805716575,0.001600109441495623,0.024051296001457032,-1.1612612535287896,Down,TRUE
WT_6h_ipsilateral_vs_contralateral,Pdpk1,18607,ENSMUSG00000024122,3-phosphoinositide dependent protein kinase 1,-0.508000769214398,11.226181057657456,-4.592766967740546,0.0016004149855630206,0.024051296001457032,-1.1614610802837664,Down,TRUE
WT_6h_ipsilateral_vs_contralateral,2610044O15Rik8,NA,NA,NA,-0.8384535173416747,7.997088368934562,-4.592735943938751,0.0016004818247209304,0.024051296001457032,-1.1615047881948106,Down,TRUE
WT_6h_ipsilateral_vs_contralateral,Gm12258,108167848,ENSMUSG00000072915,predicted gene 12258,-0.8126290425097276,8.030036164094522,-4.592374738267643,0.0016012602455739969,0.024051296001457032,-1.1620136835592607,Down,TRUE
WT_6h_ipsilateral_vs_contralateral,Pcdhga11,93723,ENSMUSG00000102742,"protocadherin gamma subfamily A, 11",-0.6376957828764525,8.678769790338594,-4.58726371062166,0.0016123188072400445,0.02418956855146476,-1.1692165657429427,Down,TRUE
WT_6h_ipsilateral_vs_contralateral,Septin3,24050,ENSMUSG00000022456,septin 3,-0.48590872564448695,13.594267950702111,-4.58670493217846,0.0016135328147342707,0.02418956855146476,-1.170004275623869,Down,TRUE
WT_6h_ipsilateral_vs_contralateral,Ahdc1,230793,ENSMUSG00000037692,"AT hook, DNA binding motif, containing 1",0.64594395816904,10.574256515748981,4.586617042379063,0.0016137238548811059,0.02418956855146476,-1.1701281780419341,Up,TRUE
WT_6h_ipsilateral_vs_contralateral,Dpy19l4,381510,ENSMUSG00000045205,dpy-19 like 4,-0.7326804866534964,9.056086836501336,-4.585756822262238,0.0016155949487309152,0.024194237989628782,-1.1713409311431464,Down,TRUE
WT_6h_ipsilateral_vs_contralateral,Dnajc6,72685,ENSMUSG00000028528,DnaJ heat shock protein family (Hsp40) member C6,-0.5227622099113951,12.452074279209004,-4.585119534292268,0.001616982647484261,0.024194237989628782,-1.1722394608895454,Down,TRUE
WT_6h_ipsilateral_vs_contralateral,Ano3,228432,ENSMUSG00000074968,anoctamin 3,-0.8114584089384316,7.84016224403789,-4.584869381110774,0.0016175277097543275,0.024194237989628782,-1.1725921750374848,Down,TRUE
WT_6h_ipsilateral_vs_contralateral,Ddit4,74747,ENSMUSG00000020108,DNA-damage-inducible transcript 4,0.5094168498098153,11.153946250665694,4.584478407835969,0.0016183800046934628,0.024194237989628782,-1.1731434629233624,Up,TRUE
WT_6h_ipsilateral_vs_contralateral,Apba2,11784,ENSMUSG00000030519,amyloid beta precursor protein binding family A member 2,-0.505054207933906,12.168035790652372,-4.582742954161013,0.0016221690383757727,0.024234617927444895,-1.1755907931835292,Down,TRUE
WT_6h_ipsilateral_vs_contralateral,Rprd1a,225283,ENSMUSG00000040446,regulation of nuclear pre-mRNA domain containing 1A,-0.5711825798340584,10.839707089353958,-4.580536674146841,0.0016269998811780494,0.02429049755579159,-1.178702720650275,Down,TRUE
WT_6h_ipsilateral_vs_contralateral,Arl15,218639,ENSMUSG00000042348,ADP-ribosylation factor-like 15,-0.5559563584575535,10.32299604524112,-4.579401145164711,0.0016294922799989855,0.02431141362155218,-1.1803046476610088,Down,TRUE
WT_6h_ipsilateral_vs_contralateral,A130010J15Rik,319266,ENSMUSG00000079144,RIKEN cDNA A130010J15 gene,-1.028294423265221,6.971277771494881,-4.57838594473638,0.0016317240609674277,0.024320515846562422,-1.1817369838916019,Down,TRUE
WT_6h_ipsilateral_vs_contralateral,Tmeff2,56363,ENSMUSG00000026109,transmembrane protein with EGF-like and two follistatin-like domains 2,-0.5750584546512787,9.78838214409139,-4.578130553388509,0.001632286024269846,0.024320515846562422,-1.1820973368748922,Down,TRUE
WT_6h_ipsilateral_vs_contralateral,Flrt2,399558,ENSMUSG00000047414,fibronectin leucine rich transmembrane protein 2,-0.5424762555219811,10.083791822562603,-4.5766302522183855,0.0016355915145557483,0.024353476595407285,-1.1842144307648406,Down,TRUE
WT_6h_ipsilateral_vs_contralateral,Vps13d,230895,ENSMUSG00000020220,vacuolar protein sorting 13D,-0.6413848927018471,10.965409805642965,-4.5761146549240745,0.0016367291574380485,0.024354136260475973,-1.184942073018087,Down,TRUE
WT_6h_ipsilateral_vs_contralateral,Xkr7,228787,ENSMUSG00000042631,X-linked Kx blood group related 7,1.1828450325521285,7.402336164783348,4.574872706543703,0.0016394729746703979,0.02437867857862691,-1.186694946546373,Up,TRUE
WT_6h_ipsilateral_vs_contralateral,Hmgn1,15312,ENSMUSG00000040681,high mobility group nucleosomal binding domain 1,0.6585316037455442,10.351756511735896,4.574334907437681,0.0016406626678986602,0.02438009401430464,-1.1874540611829492,Up,TRUE
WT_6h_ipsilateral_vs_contralateral,Zfp607b,112415,ENSMUSG00000057093,zinc finger protein 607B,-0.8481925195224287,7.2896231147445905,-4.573731080622478,0.00164199953639164,0.024383693115415852,-1.188306425972236,Down,TRUE
WT_6h_ipsilateral_vs_contralateral,Uvssa,71101,ENSMUSG00000037355,UV stimulated scaffold protein A,-0.783670273128223,7.937250007822899,-4.572833726334398,0.0016439884479591176,0.02438403922040277,-1.1895732345351329,Down,TRUE
WT_6h_ipsilateral_vs_contralateral,Camk4,12326,ENSMUSG00000038128,calcium/calmodulin-dependent protein kinase IV,-0.9068668375019318,10.674105521752931,-4.701969726527104,0.0016442122069155985,0.02438403922040277,-1.1370474534070478,Down,TRUE
WT_6h_ipsilateral_vs_contralateral,Col27a1,373864,ENSMUSG00000045672,"collagen, type XXVII, alpha 1",1.2752371907102713,6.483411108959073,4.571611842487633,0.0016467008397143543,0.024400369810105946,-1.1912983766595122,Up,TRUE
WT_6h_ipsilateral_vs_contralateral,Nfya,18044,ENSMUSG00000023994,nuclear transcription factor-Y alpha,0.6312499491713357,9.568719040234775,4.570659326572274,0.0016488186310887987,0.024400369810105946,-1.1926433582586107,Up,TRUE
WT_6h_ipsilateral_vs_contralateral,Epha3,13837,ENSMUSG00000052504,Eph receptor A3,-0.7302317143457611,8.353461235181825,-4.570263294832918,0.0016497000206730356,0.024400369810105946,-1.19320260642575,Down,TRUE
WT_6h_ipsilateral_vs_contralateral,Barx2,12023,ENSMUSG00000032033,BarH-like homeobox 2,1.0715128441120934,6.519795505044636,4.570033561585616,0.0016502115375006483,0.024400369810105946,-1.1935270301214347,Up,TRUE
WT_6h_ipsilateral_vs_contralateral,Btn2a2,238555,ENSMUSG00000053216,"butyrophilin, subfamily 2, member A2",2.2319464313589745,3.384228387752925,4.569169765968542,0.001652136372001254,0.024400369810105946,-1.194746930647983,Up,TRUE
WT_6h_ipsilateral_vs_contralateral,Ret,19713,ENSMUSG00000030110,ret proto-oncogene,0.8053772662744318,8.322729343721758,4.568521684348876,0.0016535821143280412,0.024400369810105946,-1.1956622597738864,Up,TRUE
WT_6h_ipsilateral_vs_contralateral,Lrrc15,74488,ENSMUSG00000052316,leucine rich repeat containing 15,1.8429841186494067,4.021822779843008,4.568415658764382,0.0016538187666042382,0.024400369810105946,-1.1958120126895428,Up,TRUE
WT_6h_ipsilateral_vs_contralateral,Hsph1,15505,ENSMUSG00000029657,heat shock 105kDa/110kDa protein 1,1.050723377457354,12.431120866468863,4.9449124685305,0.0016541660247345392,0.024400369810105946,-1.0495805355913994,Up,TRUE
WT_6h_ipsilateral_vs_contralateral,Faah,14073,ENSMUSG00000034171,fatty acid amide hydrolase,-0.5787618708087496,10.369431441687038,-4.567809644376891,0.0016551721114734046,0.024400369810105946,-1.1966679927122108,Down,TRUE
WT_6h_ipsilateral_vs_contralateral,Nol4l,329540,ENSMUSG00000061411,nucleolar protein 4-like,0.5578583146483069,11.145644255301434,4.564032428634889,0.0016636343711792826,0.02449585903816246,-1.2020044306187003,Up,TRUE
WT_6h_ipsilateral_vs_contralateral,St3gal1,20442,ENSMUSG00000013846,"ST3 beta-galactoside alpha-2,3-sialyltransferase 1",1.0440328205448317,9.425926713607135,4.739488771083638,0.0016638489214249072,0.02449585903816246,-1.1310618934004335,Up,TRUE
WT_6h_ipsilateral_vs_contralateral,Adgrg1,14766,ENSMUSG00000031785,adhesion G protein-coupled receptor G1,0.5209213920080309,11.574566511960795,4.563029340429617,0.0016658894809479393,0.02450970157735492,-1.203421942444936,Up,TRUE
WT_6h_ipsilateral_vs_contralateral,Mlf1,17349,ENSMUSG00000048416,myeloid leukemia factor 1,1.1556645003047716,6.907813981602666,4.561934139110154,0.0016683554489610411,0.024520154003055877,-1.204969792436934,Up,TRUE
WT_6h_ipsilateral_vs_contralateral,Kmt5b,225888,ENSMUSG00000045098,lysine methyltransferase 5B,-0.5601428994051769,10.496593517433851,-4.56173622180126,0.001668801502519987,0.024520154003055877,-1.205249528114618,Down,TRUE
WT_6h_ipsilateral_vs_contralateral,Foxp1,108655,ENSMUSG00000030067,forkhead box P1,-0.6183595820946302,10.918220453488084,-4.56022008935395,0.0016722227437720358,0.024554226511220894,-1.2073926155339505,Down,TRUE
WT_6h_ipsilateral_vs_contralateral,Drd1,13488,ENSMUSG00000021478,dopamine receptor D1,1.3919062118918317,6.948717429503624,4.582976491465247,0.0016766146401139448,0.024599095434037002,-1.1998119789007102,Up,TRUE
WT_6h_ipsilateral_vs_contralateral,Mosmo,233812,ENSMUSG00000046096,modulator of smoothened,-0.5680703630371866,9.686959462768929,-4.557893693472653,0.0016774871364445435,0.024599095434037002,-1.210681684742143,Down,TRUE
WT_6h_ipsilateral_vs_contralateral,Tgfb3,21809,ENSMUSG00000021253,"transforming growth factor, beta 3",0.826798936486691,7.425997275705183,4.555567961694725,0.001682767929718295,0.024660299759523042,-1.2139706090451368,Up,TRUE
WT_6h_ipsilateral_vs_contralateral,Naf1,234344,ENSMUSG00000014907,nuclear assembly factor 1 ribonucleoprotein,0.7195234604284746,8.943149365465796,4.554545933971554,0.0016850942183096547,0.024665166670515624,-1.2154161565116244,Up,TRUE
WT_6h_ipsilateral_vs_contralateral,Dtx2,74198,ENSMUSG00000004947,"deltex 2, E3 ubiquitin ligase",0.9344038708037479,7.876476718277857,4.554449172037023,0.0016853146429865221,0.024665166670515624,-1.215553023724956,Up,TRUE
WT_6h_ipsilateral_vs_contralateral,Bcor,71458,ENSMUSG00000040363,BCL6 interacting corepressor,0.8825312811252175,10.016821674113691,4.6178387811892865,0.0016906859179290118,0.024727530414884267,-1.1915737647957583,Up,TRUE
WT_6h_ipsilateral_vs_contralateral,Cyfip2,76884,ENSMUSG00000020340,cytoplasmic FMR1 interacting protein 2,-0.5984394864458142,13.119845063455193,-4.549269800443222,0.0016971588857113283,0.024803283185831197,-1.222881113144406,Down,TRUE
WT_6h_ipsilateral_vs_contralateral,Homer2,26557,ENSMUSG00000025813,homer scaffolding protein 2,-0.5343275940331687,10.61040250483786,-4.548863271519991,0.0016980923393217766,0.024803283185831197,-1.2234564614821961,Down,TRUE
WT_6h_ipsilateral_vs_contralateral,Itga7,16404,ENSMUSG00000025348,integrin alpha 7,0.6574641614763834,8.628128441281035,4.548371627109851,0.0016992219723784108,0.02480351863350531,-1.224152303623522,Up,TRUE
WT_6h_ipsilateral_vs_contralateral,Gabrg2,14406,ENSMUSG00000020436,"gamma-aminobutyric acid type A receptor, subunit gamma 2",-0.550693712037944,11.064424513323253,-4.547001502962885,0.0017023743414571386,0.024824602932490402,-1.2260916769727945,Down,TRUE
WT_6h_ipsilateral_vs_contralateral,Mapk1,26413,ENSMUSG00000063358,mitogen-activated protein kinase 1,-0.48088874199293663,13.1801931176091,-4.54677533179994,0.001702895321250071,0.024824602932490402,-1.2264118425511041,Down,TRUE
WT_6h_ipsilateral_vs_contralateral,Lad1,16763,ENSMUSG00000041782,ladinin,1.6864571623298197,4.7343776508518935,4.543009938540599,0.001711594163563146,0.024913470698469685,-1.231743196271986,Up,TRUE
WT_6h_ipsilateral_vs_contralateral,Oit3,18302,ENSMUSG00000009654,oncoprotein induced transcript 3,2.122609014791625,3.742236363855458,4.542729591252839,0.0017122437414342588,0.024913470698469685,-1.2321402181614802,Up,TRUE
WT_6h_ipsilateral_vs_contralateral,Serpinb5,20724,ENSMUSG00000067006,"serine (or cysteine) peptidase inhibitor, clade B, member 5",2.924866795023907,1.9485512308625719,4.542289375189196,0.0017132642802387766,0.024913470698469685,-1.2327636660678012,Up,TRUE
WT_6h_ipsilateral_vs_contralateral,Rnf144b,218215,ENSMUSG00000038068,ring finger protein 144B,0.7151277464455195,8.393902856890197,4.542202744771359,0.001713465190125951,0.024913470698469685,-1.2328863581485683,Up,TRUE
WT_6h_ipsilateral_vs_contralateral,Gng2,14702,ENSMUSG00000043004,"guanine nucleotide binding protein (G protein), gamma 2",-0.5167240421414672,13.131478652594723,-4.5381776257973545,0.0017228282089102277,0.025033267027707317,-1.2385882267942012,Down,TRUE
WT_6h_ipsilateral_vs_contralateral,Gm2694,NA,NA,NA,1.8185943017199628,5.18501071007733,4.536786422453837,0.0017260771918340611,0.025064126106977648,-1.2405595176866875,Up,TRUE
WT_6h_ipsilateral_vs_contralateral,4930523C07Rik,67647,ENSMUSG00000090394,RIKEN cDNA 4930523C07 gene,1.2113164470019493,6.493013491983392,4.536239406433293,0.0017273564920731916,0.02506636212438459,-1.2413346996362824,Up,TRUE
WT_6h_ipsilateral_vs_contralateral,Rnf125,67664,ENSMUSG00000033107,ring finger protein 125,1.526353573507306,4.893817039571295,4.53481344049896,0.001730696199665259,0.02509847516116123,-1.2433556564350914,Up,TRUE
WT_6h_ipsilateral_vs_contralateral,Spata5,NA,NA,NA,0.7916297443157259,8.080479400094234,4.52921913399828,0.0017438659475161038,0.02527300844562213,-1.251287088215352,Up,TRUE
WT_6h_ipsilateral_vs_contralateral,Bhlhe23,140489,ENSMUSG00000045493,"basic helix-loop-helix family, member e23",3.148490543429837,2.4750939378933836,4.52803780043,0.0017466607825587007,0.025297053921648282,-1.2529625315883415,Up,TRUE
WT_6h_ipsilateral_vs_contralateral,Fibcd1,98970,ENSMUSG00000026841,fibrinogen C domain containing 1,-2.0852028075505444,10.524080601167462,-6.058604111271903,0.0017492524011591295,0.025318126858882135,-0.7631148499575735,Down,TRUE
WT_6h_ipsilateral_vs_contralateral,Gpr176,381413,ENSMUSG00000040133,G protein-coupled receptor 176,-0.6767206418725333,9.030690458741242,-4.52625572751862,0.0017508860219719023,0.02532531567495073,-1.2554903685788439,Down,TRUE
WT_6h_ipsilateral_vs_contralateral,Slc6a6,21366,ENSMUSG00000030096,"solute carrier family 6 (neurotransmitter transporter, taurine), member 6",-0.513594822392335,11.980426903141495,-4.5236474315298985,0.001757090123985707,0.025398561006996508,-1.2591910251665661,Down,TRUE
WT_6h_ipsilateral_vs_contralateral,Cplx2,12890,ENSMUSG00000025867,complexin 2,-0.7481848471528032,14.379837189291177,-4.577789655606543,0.0017636433650238266,0.02547675483521773,-1.23918439083155,Down,TRUE
WT_6h_ipsilateral_vs_contralateral,Cdkn1a,12575,ENSMUSG00000023067,cyclin dependent kinase inhibitor 1A,0.7065696294226491,9.943954879185632,4.517930694664144,0.001770771170368325,0.025563141814617264,-1.2673054251898934,Up,TRUE
WT_6h_ipsilateral_vs_contralateral,Appl1,72993,ENSMUSG00000040760,"adaptor protein, phosphotyrosine interaction, PH domain and leucine zipper containing 1",-0.5350513784595545,11.086920610047907,-4.51633027054895,0.0017746218129682312,0.02560213787815243,-1.2695779410265073,Down,TRUE
WT_6h_ipsilateral_vs_contralateral,Lrpprc,72416,ENSMUSG00000024120,leucine-rich PPR-motif containing,-0.5388945036021404,10.48979338816624,-4.515141604729408,0.0017774876106319828,0.025626884483383443,-1.2712660245787468,Down,TRUE
WT_6h_ipsilateral_vs_contralateral,Nr6a1,14536,ENSMUSG00000063972,"nuclear receptor subfamily 6, group A, member 1",1.0774521227353828,6.129263896113572,4.508553586699006,0.0017934617669310303,0.025832402494183202,-1.2806257397681184,Up,TRUE
WT_6h_ipsilateral_vs_contralateral,Efhd1,98363,ENSMUSG00000026255,EF hand domain containing 1,0.8738134931820394,7.3245639224650265,4.508307357524816,0.001794061802850793,0.025832402494183202,-1.2809756848564682,Up,TRUE
WT_6h_ipsilateral_vs_contralateral,Tubb4a,22153,ENSMUSG00000062591,"tubulin, beta 4A class IVA",-0.5114258116115273,13.126105772490707,-4.506498695272853,0.0017984759811249676,0.025874935658779536,-1.2835464577271916,Down,TRUE
WT_6h_ipsilateral_vs_contralateral,Sema5a,20356,ENSMUSG00000022231,"sema domain, seven thrombospondin repeats (type 1 and type 1-like), transmembrane domain (TM) and short cytoplasmic domain, (semaphorin) 5A",-1.5710165269313805,10.947902752289098,-5.4698479632733985,0.0018004885872098472,0.025874935658779536,-0.941977045914304,Down,TRUE
WT_6h_ipsilateral_vs_contralateral,Gpr160,71862,ENSMUSG00000037661,G protein-coupled receptor 160,1.654000263719107,5.2732680985150315,4.5056707428655285,0.0018005005733381944,0.025874935658779536,-1.284723441322928,Up,TRUE
WT_6h_ipsilateral_vs_contralateral,Cntnap5a,636808,ENSMUSG00000070695,contactin associated protein-like 5A,-0.7338324836895183,9.589635115184132,-4.503513215840972,0.0018057879439837775,0.025922041950258285,-1.2877909644316032,Down,TRUE
WT_6h_ipsilateral_vs_contralateral,Crip2,68337,ENSMUSG00000006356,cysteine rich protein 2,0.5801812992390172,11.437297509932282,4.503383687054788,0.0018061059082738883,0.025922041950258285,-1.2879751471473675,Up,TRUE
WT_6h_ipsilateral_vs_contralateral,Il17ra,16172,ENSMUSG00000002897,interleukin 17 receptor A,0.8560168944268458,7.648890260301275,4.500474716375141,0.001813262727281331,0.026008002092847166,-1.2921121862435427,Up,TRUE
WT_6h_ipsilateral_vs_contralateral,Apol7a,75761,ENSMUSG00000010601,apolipoprotein L 7a,3.176008637275863,1.5880043186379318,4.49936297363076,0.0018160059823978173,0.026030587682053654,-1.293693595022268,Up,TRUE
WT_6h_ipsilateral_vs_contralateral,Igfbp7,29817,ENSMUSG00000036256,insulin-like growth factor binding protein 7,0.8134379529632803,9.980714900146504,4.5101169904724765,0.001818062402238014,0.02604330547257348,-1.2899298174426859,Up,TRUE
WT_6h_ipsilateral_vs_contralateral,Gba,NA,NA,NA,0.5978226241483853,9.41763711269287,4.497268799232451,0.001821185589873436,0.026071278286909246,-1.2966729624715683,Up,TRUE
WT_6h_ipsilateral_vs_contralateral,4930570G19Rik,329782,ENSMUSG00000085084,RIKEN cDNA 4930570G19 gene,-0.9556434159191474,6.920921599864828,-4.496102960824813,0.0018240760142751375,0.026091093966566895,-1.298331869865378,Down,TRUE
WT_6h_ipsilateral_vs_contralateral,Shprh,268281,ENSMUSG00000090112,SNF2 histone linker PHD RING helicase,-0.7356736155298975,9.666911993179163,-4.495191090973725,0.0018263402341695764,0.026091093966566895,-1.299629535707477,Down,TRUE
WT_6h_ipsilateral_vs_contralateral,Tigd4,403175,ENSMUSG00000047819,tigger transposable element derived 4,-2.8269844867085263,1.8727166612422919,-4.495040251309258,0.0018267150691865348,0.026091093966566895,-1.2998442046498324,Down,TRUE
WT_6h_ipsilateral_vs_contralateral,St6galnac5,26938,ENSMUSG00000039037,"ST6 (alpha-N-acetyl-neuraminyl-2,3-beta-galactosyl-1,3)-N-acetylgalactosaminide alpha-2,6-sialyltransferase 5",-1.585403799671223,11.678818587110165,-5.513914853931212,0.001827255065672025,0.026091093966566895,-0.940263140214765,Down,TRUE
WT_6h_ipsilateral_vs_contralateral,2210418O10Rik,100504263,ENSMUSG00000078894,RIKEN cDNA 2210418O10 gene,-0.8038673475451468,8.456734656602343,-4.492373855088713,0.0018333547628735089,0.026161420463169386,-1.3036394600405181,Down,TRUE
WT_6h_ipsilateral_vs_contralateral,Tulp4,68842,ENSMUSG00000034377,TUB like protein 4,-0.5382985704553711,12.361544811265171,-4.489610457217958,0.0018402635019244668,0.026225647244491578,-1.3075738776832582,Down,TRUE
WT_6h_ipsilateral_vs_contralateral,Pdp1,381511,ENSMUSG00000049225,pyruvate dehydrogenase phosphatase catalytic subunit 1,0.6611681747485569,10.160190923073412,4.489342805149083,0.0018409341469253129,0.026225647244491578,-1.3079550093236918,Up,TRUE
WT_6h_ipsilateral_vs_contralateral,Slc25a46,67453,ENSMUSG00000024259,"solute carrier family 25, member 46",-0.5526752039035419,10.878896511552462,-4.489161830558676,0.0018413877571441,0.026225647244491578,-1.3082127197382265,Down,TRUE
WT_6h_ipsilateral_vs_contralateral,Ddit4l,73284,ENSMUSG00000046818,DNA-damage-inducible transcript 4-like,0.9271084599827732,7.6804771542462795,4.487553210704233,0.0018454250456774377,0.026266353285920082,-1.3105036272067387,Up,TRUE
WT_6h_ipsilateral_vs_contralateral,Lap3,66988,ENSMUSG00000039682,leucine aminopeptidase 3,0.7921198972070478,9.613819187781335,4.486967828644384,0.0018468965983554377,0.02627051195936614,-1.3113373895235245,Up,TRUE
WT_6h_ipsilateral_vs_contralateral,Ccdc80,67896,ENSMUSG00000022665,coiled-coil domain containing 80,0.7694806775578877,8.348831976565116,4.485875021270905,0.001849647123610534,0.026292845997718344,-1.3128940135743603,Up,TRUE
WT_6h_ipsilateral_vs_contralateral,Arhgap30,226652,ENSMUSG00000048865,Rho GTPase activating protein 30,1.2224797559773801,5.937585590632777,4.4853470839345215,0.0018509774911684256,0.026294976795775943,-1.313646083947173,Up,TRUE
WT_6h_ipsilateral_vs_contralateral,Dpp8,74388,ENSMUSG00000032393,dipeptidylpeptidase 8,-0.5031644866648826,11.469777863205639,-4.484790504001166,0.0018523811545721892,0.02629814545449045,-1.3144390009351783,Down,TRUE
WT_6h_ipsilateral_vs_contralateral,Mtx3,382793,ENSMUSG00000021704,metaxin 3,-0.570999799756871,9.709269711659232,-4.483314416955623,0.0018561093298704017,0.02633429001456255,-1.3165420880424792,Down,TRUE
WT_6h_ipsilateral_vs_contralateral,Cd63-ps,626721,ENSMUSG00000121727,"CD63 antigen, pseudogene",0.7013358136890293,9.974610215021809,4.482475148687287,0.0018582326929133676,0.026339071920033593,-1.3177379952193071,Up,TRUE
WT_6h_ipsilateral_vs_contralateral,Gipc2,54120,ENSMUSG00000039131,"GIPC PDZ domain containing family, member 2",2.1415721087809416,3.6349836091132177,4.482246642720866,0.001858811270854896,0.026339071920033593,-1.3180636203403298,Up,TRUE
WT_6h_ipsilateral_vs_contralateral,Ptk7,71461,ENSMUSG00000023972,PTK7 protein tyrosine kinase 7,0.6562848522643154,9.057526093652712,4.480901050272765,0.0018622222615029798,0.026370629926877862,-1.3199812680015013,Up,TRUE
WT_6h_ipsilateral_vs_contralateral,Mllt10,17354,ENSMUSG00000026743,"myeloid/lymphoid or mixed-lineage leukemia; translocated to, 10",-0.6224036455594284,8.881219273594697,-4.480218173150777,0.001863955894679863,0.026378410135955495,-1.3209545592623186,Down,TRUE
WT_6h_ipsilateral_vs_contralateral,Acbd3,170760,ENSMUSG00000026499,acyl-Coenzyme A binding domain containing 3,0.5594283637772399,9.710318038215243,4.478810998075719,0.0018675338118787632,0.026412263910856795,-1.3229603920958883,Up,TRUE
WT_6h_ipsilateral_vs_contralateral,Rbms1,56878,ENSMUSG00000026970,"RNA binding motif, single stranded interacting protein 1",0.6712412916715031,8.898743522552355,4.476430657916523,0.0018736030057061013,0.026481142715426814,-1.3263540618354703,Up,TRUE
WT_6h_ipsilateral_vs_contralateral,Tcof1,21453,ENSMUSG00000024613,treacle ribosome biogenesis factor 1,0.7403672139726432,8.531865593664723,4.475969343898381,0.0018747816862953125,0.026481142715426814,-1.3270118562293662,Up,TRUE
WT_6h_ipsilateral_vs_contralateral,Myo16,244281,ENSMUSG00000039057,myosin XVI,-0.5816465463895604,11.04896613076588,-4.471825486463399,0.0018854053984585844,0.026599304628925784,-1.332922030839689,Down,TRUE
WT_6h_ipsilateral_vs_contralateral,Ccl2,20296,ENSMUSG00000035385,C-C motif chemokine ligand 2,6.1910750043130305,4.571065526740217,5.957445904476374,0.001886563402851705,0.026599304628925784,-0.845731652162816,Up,TRUE
WT_6h_ipsilateral_vs_contralateral,Meox1,17285,ENSMUSG00000001493,mesenchyme homeobox 1,1.1986148352410213,6.20051722846254,4.471310747713905,0.0018867295763727381,0.026599304628925784,-1.3336563510767867,Up,TRUE
WT_6h_ipsilateral_vs_contralateral,Ephb3,13845,ENSMUSG00000005958,Eph receptor B3,0.7430568556590753,9.38505131106189,4.470144447519654,0.0018897336262434982,0.02662480488587851,-1.3353203237135496,Up,TRUE
WT_6h_ipsilateral_vs_contralateral,Myo19,66196,ENSMUSG00000020527,myosin XIX,0.9664238101229357,7.25909237643569,4.468500326815708,0.00189397717172101,0.026667725347715235,-1.3376663436828053,Up,TRUE
WT_6h_ipsilateral_vs_contralateral,Ptpn2,19255,ENSMUSG00000024539,"protein tyrosine phosphatase, non-receptor type 2",0.7861125589033904,8.458589316033187,4.46788675362219,0.0018955634638567816,0.02667209375610616,-1.3385419609477847,Up,TRUE
WT_6h_ipsilateral_vs_contralateral,Igip,109169,ENSMUSG00000110185,IgA inducing protein,-0.6910716940604988,10.284290160327474,-4.467454354024043,0.0018966822226564382,0.02667209375610616,-1.3391590620886493,Down,TRUE
WT_6h_ipsilateral_vs_contralateral,Nxpe3,385658,ENSMUSG00000075033,"neurexophilin and PC-esterase domain family, member 3",-0.7489306210280393,8.169520618980846,-4.466110344281686,0.0019001641653624219,0.0267041998633741,-1.341077345442871,Down,TRUE
WT_6h_ipsilateral_vs_contralateral,Ccne1,12447,ENSMUSG00000002068,cyclin E1,0.8927624528553677,7.283050909270949,4.464928822808942,0.0019032308445701138,0.026730433204791477,-1.3427639286934294,Up,TRUE
WT_6h_ipsilateral_vs_contralateral,Casp4,12363,ENSMUSG00000033538,"caspase 4, apoptosis-related cysteine peptidase",2.151411812647457,3.5035083231129587,4.461845086896767,0.0019112599707585202,0.026804939571897606,-1.3471668161133667,Up,TRUE
WT_6h_ipsilateral_vs_contralateral,Slc45a2,22293,ENSMUSG00000022243,"solute carrier family 45, member 2",-2.041114179079935,3.622187885234802,-4.461568365507388,0.0019119822552829961,0.026804939571897606,-1.3475619800930891,Down,TRUE
WT_6h_ipsilateral_vs_contralateral,Hspa12a,73442,ENSMUSG00000025092,heat shock protein 12A,-0.5324013130159102,12.59521876003264,-4.461505701882793,0.0019121458576765564,0.026804939571897606,-1.3476514666145967,Down,TRUE
WT_6h_ipsilateral_vs_contralateral,Zfp354c,30944,ENSMUSG00000044807,zinc finger protein 354C,-0.5794352398468003,10.511589559490087,-4.459687278710625,0.0019168999870794604,0.026847143729898573,-1.3502485063903809,Down,TRUE
WT_6h_ipsilateral_vs_contralateral,0610030E20Rik,68364,ENSMUSG00000058706,RIKEN cDNA 0610030E20 gene,-0.8060983984178867,7.8953644181993425,-4.4593728562873345,0.0019177233129873013,0.026847143729898573,-1.3506976076087067,Down,TRUE
WT_6h_ipsilateral_vs_contralateral,A330023F24Rik,320977,ENSMUSG00000096929,RIKEN cDNA A330023F24 gene,-1.225324557325525,6.0713192968621,-4.458972469188419,0.001918772292614973,0.026847143729898573,-1.3512695161376378,Down,TRUE
WT_6h_ipsilateral_vs_contralateral,Mxra7,67622,ENSMUSG00000020814,matrix-remodelling associated 7,0.7887561803690533,7.856405674770684,4.4567076723668055,0.0019247175304052393,0.02691342309464953,-1.3545049650773437,Up,TRUE
WT_6h_ipsilateral_vs_contralateral,Spring1,76792,ENSMUSG00000032840,SREBF pathway regulator in golgi 1,0.6476996986934385,10.671499665893728,4.454488170106866,0.0019305631516578817,0.026978227229096183,-1.3576764291780155,Up,TRUE
WT_6h_ipsilateral_vs_contralateral,Gm23969,115489598,ENSMUSG00000065258,"predicted gene, 23969",2.9706526318081035,2.259238000507862,4.453871991729172,0.0019321894079874892,0.02698402449085976,-1.3585570180246593,Up,TRUE
WT_6h_ipsilateral_vs_contralateral,Itpripl1,73338,ENSMUSG00000074825,"inositol 1,4,5-triphosphate receptor interacting protein-like 1",1.0482770350687725,6.364516254244197,4.452812968329606,0.001934987902064363,0.02700617513689454,-1.3600706113527394,Up,TRUE
WT_6h_ipsilateral_vs_contralateral,Tmem208,66320,ENSMUSG00000014856,transmembrane protein 208,0.657499066353358,8.493123662680233,4.45068760137619,0.0019406174353392414,0.027067785455342268,-1.3631087510403148,Up,TRUE
WT_6h_ipsilateral_vs_contralateral,Lrp12,239393,ENSMUSG00000022305,low density lipoprotein-related protein 12,-0.5424378848048796,10.40744649276296,-4.4483776141778435,0.0019467560208544794,0.027136414495953397,-1.3664115419089882,Down,TRUE
WT_6h_ipsilateral_vs_contralateral,Fam118a,73225,ENSMUSG00000022434,"family with sequence similarity 118, member A",0.6128218287649556,9.05507222419906,4.447166100846849,0.0019499838801207091,0.0271644095870474,-1.3681440577930903,Up,TRUE
WT_6h_ipsilateral_vs_contralateral,Wwtr1,97064,ENSMUSG00000027803,WW domain containing transcription regulator 1,0.9465616561261552,10.150009298122729,4.611398447526857,0.001955114760842211,0.027207102790790253,-1.3010005553114539,Up,TRUE
WT_6h_ipsilateral_vs_contralateral,Pprc1,226169,ENSMUSG00000055491,"peroxisome proliferative activated receptor, gamma, coactivator-related 1",0.6710270192615742,9.027424392731502,4.445103936891849,0.0019554914284199863,0.027207102790790253,-1.3710935296658109,Up,TRUE
WT_6h_ipsilateral_vs_contralateral,Slc4a10,94229,ENSMUSG00000026904,"solute carrier family 4, sodium bicarbonate cotransporter-like, member 10",-0.6144021147564569,11.326734079695255,-4.442553708275598,0.001962325696712144,0.02728514662563234,-1.3747419228443727,Down,TRUE
WT_6h_ipsilateral_vs_contralateral,Prrx2,20204,ENSMUSG00000039476,paired related homeobox 2,1.1830438136721382,5.824067579151038,4.441683826063043,0.0019646627522671876,0.027286751870280866,-1.3759866041452105,Up,TRUE
WT_6h_ipsilateral_vs_contralateral,Mgam,232714,ENSMUSG00000068587,maltase-glucoamylase,-2.03077745780831,4.016083236562272,-4.441598879468506,0.0019648911335546806,0.027286751870280866,-1.3761081568633147,Down,TRUE
WT_6h_ipsilateral_vs_contralateral,Wrap53,216853,ENSMUSG00000041346,"WD repeat containing, antisense to Trp53",0.7751769530127266,7.510868256692772,4.439490555539213,0.001970568605353164,0.027337217654909592,-1.3791253578262284,Up,TRUE
WT_6h_ipsilateral_vs_contralateral,Heatr5a,320487,ENSMUSG00000035181,HEAT repeat containing 5A,0.7565780512651035,8.313965658158759,4.43933817138246,0.001970979643267556,0.027337217654909592,-1.379343458187397,Up,TRUE
WT_6h_ipsilateral_vs_contralateral,Sh3tc1,231147,ENSMUSG00000036553,SH3 domain and tetratricopeptide repeats 1,1.2163598464445293,6.157529476719138,4.438872732731047,0.0019722356806325665,0.027337616543926833,-1.3800096397140358,Up,TRUE
WT_6h_ipsilateral_vs_contralateral,Tmem115,56395,ENSMUSG00000010045,transmembrane protein 115,0.647111556046216,9.583044739495291,4.4372856808043935,0.001976525009019828,0.027380033940246684,-1.3822814201467697,Up,TRUE
WT_6h_ipsilateral_vs_contralateral,Pcdhb17,93888,ENSMUSG00000046387,protocadherin beta 17,-0.7715201546746107,8.049869263829432,-4.436547257727015,0.001978524175085945,0.027390693598532894,-1.3833385577961534,Down,TRUE
WT_6h_ipsilateral_vs_contralateral,Fam131c,277743,ENSMUSG00000006218,"family with sequence similarity 131, member C",1.0412053535368386,7.782370643142386,4.434502670823305,0.0019840709642417868,0.0274504228127241,-1.3862660310896313,Up,TRUE
WT_6h_ipsilateral_vs_contralateral,Fam168a,319604,ENSMUSG00000029461,"family with sequence similarity 168, member A",-0.49315432966520945,12.691013441629256,-4.433217499650713,0.001987566105451903,0.0274817101172819,-1.3881064700017047,Down,TRUE
WT_6h_ipsilateral_vs_contralateral,Gm32687,102635315,ENSMUSG00000112640,"predicted gene, 32687",-0.7818088045789793,7.65715665864907,-4.432568325692388,0.001989334117265252,0.027489092718414074,-1.3890362152188889,Down,TRUE
WT_6h_ipsilateral_vs_contralateral,Zfp385a,29813,ENSMUSG00000000552,zinc finger protein 385A,0.8334946962650989,9.83499337977724,4.460223979031379,0.001990773578271614,0.027490474517261006,-1.3775472062163407,Up,TRUE
WT_6h_ipsilateral_vs_contralateral,Tlcd5,235300,ENSMUSG00000048503,TLC domain containing 5,-0.6430819743514871,8.52280524581927,-4.431626419311132,0.001991902395998171,0.027490474517261006,-1.3903853194258309,Down,TRUE
WT_6h_ipsilateral_vs_contralateral,Rasgef1c,74563,ENSMUSG00000020374,"RasGEF domain family, member 1C",1.1042653941003948,7.605926810570413,4.431164431543917,0.0019931633962722217,0.027490844985736063,-1.391047077147233,Up,TRUE
WT_6h_ipsilateral_vs_contralateral,Gpr4,319197,ENSMUSG00000044317,G protein-coupled receptor 4,1.0227493187673957,6.627182051452431,4.430110902222488,0.001996042236237368,0.027513515354076347,-1.3925562826971163,Up,TRUE
WT_6h_ipsilateral_vs_contralateral,Trip6,22051,ENSMUSG00000023348,thyroid hormone receptor interactor 6,1.1665431588417672,7.3492434663761,4.429171308584893,0.0019986135221277544,0.027519669057668956,-1.3939024081026377,Up,TRUE
WT_6h_ipsilateral_vs_contralateral,Zdhhc13,243983,ENSMUSG00000030471,"zinc finger, DHHC domain containing 13",-0.5950660721819769,8.932637823394925,-4.429044954197069,0.001998959575098019,0.027519669057668956,-1.394083441683473,Down,TRUE
WT_6h_ipsilateral_vs_contralateral,Gm34379,102637617,NA,"predicted gene, 34379",1.2230151334854584,5.736206696744466,4.4282616757631,0.002001106220448524,0.027522194896152395,-1.3952057312232782,Up,TRUE
WT_6h_ipsilateral_vs_contralateral,Myo7a,17921,ENSMUSG00000030761,myosin VIIA,-0.622981870334117,8.897396297173987,-4.427979844368876,0.002001879212858735,0.027522194896152395,-1.395609563894216,Down,TRUE
WT_6h_ipsilateral_vs_contralateral,Zfp451,98403,ENSMUSG00000042197,zinc finger protein 451,-0.5134152429478895,10.18049125455897,-4.42762615886309,0.002002849738570731,0.027522194896152395,-1.3961163716675866,Down,TRUE
WT_6h_ipsilateral_vs_contralateral,Zfr,22763,ENSMUSG00000022201,zinc finger RNA binding protein,-0.4873506876986742,12.645915863656578,-4.426025255622597,0.0020072490244189903,0.02756564242844205,-1.3984105855400353,Down,TRUE
WT_6h_ipsilateral_vs_contralateral,Nyap2,241134,ENSMUSG00000054976,neuronal tyrosine-phophorylated phosphoinositide 3-kinase adaptor 2,-0.5421325806726216,9.849650504624293,-4.42427329276341,0.0020120753659800044,0.02761489758299729,-1.4009217035967865,Down,TRUE
WT_6h_ipsilateral_vs_contralateral,Abca5,217265,ENSMUSG00000018800,"ATP-binding cassette, sub-family A member 5",-0.5540713816772076,9.519128499882978,-4.422213638867831,0.002017765348370169,0.0276759378909763,-1.4038744075861969,Down,TRUE
WT_6h_ipsilateral_vs_contralateral,Ttc14,67120,ENSMUSG00000027677,tetratricopeptide repeat domain 14,-0.5481568215567822,9.89238040466828,-4.421124945257833,0.002020779970956737,0.02768110518456785,-1.4054353979394998,Down,TRUE
WT_6h_ipsilateral_vs_contralateral,Slc37a3,72144,ENSMUSG00000029924,"solute carrier family 37 (glycerol-3-phosphate transporter), member 3",-0.50970449650832,10.309425231104697,-4.420922311675867,0.002021341604775552,0.02768110518456785,-1.4057259568591016,Down,TRUE
WT_6h_ipsilateral_vs_contralateral,Amph,218038,ENSMUSG00000021314,amphiphysin,-0.5129475585241217,12.54816077872902,-4.420731662857789,0.0020218701744238784,0.02768110518456785,-1.4059993360846965,Down,TRUE
WT_6h_ipsilateral_vs_contralateral,Atp11c,320940,ENSMUSG00000062949,"ATPase, class VI, type 11C",-0.7214368575029724,8.825519686276873,-4.419943558768286,0.0020240567574727124,0.02768975664896454,-1.4071294868323658,Down,TRUE
WT_6h_ipsilateral_vs_contralateral,Col4a1,12826,ENSMUSG00000031502,"collagen, type IV, alpha 1",0.6135054099282709,12.552953729284017,4.419608097212057,0.0020249882640252857,0.02768975664896454,-1.4076105699545831,Up,TRUE
WT_6h_ipsilateral_vs_contralateral,Marchf1,72925,ENSMUSG00000036469,membrane associated ring-CH-type finger 1,-0.6577618079428582,10.483016177065767,-4.418224796733626,0.00202883428544091,0.0277099415555451,-1.4095945233498295,Down,TRUE
WT_6h_ipsilateral_vs_contralateral,Nfia,18027,ENSMUSG00000028565,nuclear factor I/A,-0.9705478865000554,10.64420127214219,-4.6552974219808485,0.002029866363784989,0.0277099415555451,-1.3108385667108884,Down,TRUE
WT_6h_ipsilateral_vs_contralateral,Rap2b,74012,ENSMUSG00000036894,"RAP2B, member of RAS oncogene family",-0.8475207180486759,9.66716197814062,-4.44551498309504,0.0020307485676955167,0.0277099415555451,-1.3983689645881867,Down,TRUE
WT_6h_ipsilateral_vs_contralateral,Bmpr2,12168,ENSMUSG00000067336,bone morphogenetic protein receptor type 2,-0.49121128197471187,12.12629600663784,-4.416744538395608,0.0020329586054652674,0.0277099415555451,-1.4117178413476967,Down,TRUE
WT_6h_ipsilateral_vs_contralateral,Ifi27l2a,76933,ENSMUSG00000079017,"interferon, alpha-inducible protein 27 like 2A",1.7385692018339998,4.06852510186795,4.416689942327955,0.0020331108946612547,0.0277099415555451,-1.411796161302048,Up,TRUE
WT_6h_ipsilateral_vs_contralateral,Erf,13875,ENSMUSG00000040857,Ets2 repressor factor,0.6424311926742643,9.502981920866493,4.416396950628871,0.0020339283700703138,0.0277099415555451,-1.412216475415062,Up,TRUE
WT_6h_ipsilateral_vs_contralateral,Ecrg4,78896,ENSMUSG00000026051,ECRG4 augurin precursor,-2.5572284718941276,7.30647603726483,-5.377051513478067,0.0020488984198315354,0.027883783049009563,-1.067149698564748,Down,TRUE
WT_6h_ipsilateral_vs_contralateral,Gm7935,666113,ENSMUSG00000075609,"splicing factor 3b, subunit 4 pseudogene",0.5814378767572208,9.778025538502805,4.410949485904526,0.0020491920471932055,0.027883783049009563,-1.4200334454088086,Up,TRUE
WT_6h_ipsilateral_vs_contralateral,Nipal1,70701,ENSMUSG00000067219,NIPA-like domain containing 1,3.126720390202975,2.950326694630571,4.410400293652018,0.0020507377103262956,0.027887779302514185,-1.420821759517108,Up,TRUE
WT_6h_ipsilateral_vs_contralateral,N4bp3,212706,ENSMUSG00000001053,NEDD4 binding protein 3,0.6563604710331443,8.620531318544439,4.409062096795397,0.0020545092363419087,0.027922021500619898,-1.4227427980345686,Up,TRUE
WT_6h_ipsilateral_vs_contralateral,Atp8a1,11980,ENSMUSG00000037685,ATPase phospholipid transporting 8A1,-0.4997877368487167,11.613564918729464,-4.4076907349735395,0.0020583819918888347,0.027957596871538898,-1.424711714134709,Down,TRUE
WT_6h_ipsilateral_vs_contralateral,Rpl18,19899,ENSMUSG00000059070,ribosomal protein L18,0.49092101056147186,11.400438170697187,4.406871917241114,0.002060698102403362,0.02797199892202004,-1.4258874510189985,Up,TRUE
WT_6h_ipsilateral_vs_contralateral,Tbata,65971,ENSMUSG00000020096,"thymus, brain and testes associated",-0.9750852521768998,6.9914680540183305,-4.406061934183229,0.002062991987271832,0.027984371328407916,-1.4270505973077512,Down,TRUE
WT_6h_ipsilateral_vs_contralateral,Usp35,244144,ENSMUSG00000035713,ubiquitin specific peptidase 35,0.6969390986207387,8.35472333571387,4.405663205544434,0.0020641222039315017,0.027984371328407916,-1.4276232115881022,Up,TRUE
WT_6h_ipsilateral_vs_contralateral,Nckap5l,380969,ENSMUSG00000023009,NCK-associated protein 5-like,0.7622029892156572,9.497184826774777,4.4046444843686565,0.002067012853181893,0.027990235281865953,-1.4290863013183994,Up,TRUE
WT_6h_ipsilateral_vs_contralateral,Pttg1ip,108705,ENSMUSG00000009291,pituitary tumor-transforming 1 interacting protein,0.651005832336482,10.648051810034797,4.40395619047553,0.002068968375838316,0.027990235281865953,-1.4300749152595023,Up,TRUE
WT_6h_ipsilateral_vs_contralateral,Polr1b,20017,ENSMUSG00000027395,polymerase (RNA) I polypeptide B,0.6702542831308005,8.371963137027354,4.4038542676886046,0.002069258119748789,0.027990235281865953,-1.430221315340189,Up,TRUE
WT_6h_ipsilateral_vs_contralateral,Sbf1,77980,ENSMUSG00000036529,SET binding factor 1,-0.594545006071499,11.636433118757932,-4.403740695108827,0.00206958103296221,0.027990235281865953,-1.4303844507393642,Down,TRUE
WT_6h_ipsilateral_vs_contralateral,Pde12,211948,ENSMUSG00000043702,phosphodiesterase 12,0.5721209590805181,9.401578758818237,4.402509486447737,0.0020730851331807855,0.02802061367815655,-1.4321530753598584,Up,TRUE
WT_6h_ipsilateral_vs_contralateral,Crim1,50766,ENSMUSG00000024074,cysteine rich transmembrane BMP regulator 1,-0.570559189500635,10.865935510406771,-4.401917570105607,0.0020747720414939176,0.028026408262144944,-1.4330034377232197,Down,TRUE
WT_6h_ipsilateral_vs_contralateral,Tspan9,109246,ENSMUSG00000030352,tetraspanin 9,0.5460706001874822,11.239358289650898,4.398195579708716,0.002085413338526407,0.028153080070106494,-1.4383517017092649,Up,TRUE
WT_6h_ipsilateral_vs_contralateral,Atp6v1b2,11966,ENSMUSG00000006273,"ATPase, H+ transporting, lysosomal V1 subunit B2",-0.4919672104572079,13.261142783906156,-4.396145820686221,0.002091298774897408,0.02821543319857042,-1.4412979269008224,Down,TRUE
WT_6h_ipsilateral_vs_contralateral,Hey2,15214,ENSMUSG00000019789,hairy/enhancer-of-split related with YRPW motif 2,1.1183159990727107,7.13127612640513,4.394505292796321,0.0020960220903436144,0.028262041200002426,-1.4436563785155814,Up,TRUE
WT_6h_ipsilateral_vs_contralateral,Rrad,56437,ENSMUSG00000031880,Ras-related associated with diabetes,1.9165647788293887,5.188359130786838,4.3929576291886505,0.0021004885766905098,0.02830477822923525,-1.445881681751362,Up,TRUE
WT_6h_ipsilateral_vs_contralateral,Misp3,70134,ENSMUSG00000074217,MISP family member 3,2.4412245327838233,2.607578765920995,4.391539811076228,0.00210458933824919,0.02830477822923525,-1.4479205894278504,Up,TRUE
WT_6h_ipsilateral_vs_contralateral,Rps6kb1,72508,ENSMUSG00000020516,"ribosomal protein S6 kinase, polypeptide 1",-0.6090022651522773,9.868906984317036,-4.3914824617181205,0.0021047553914957068,0.02830477822923525,-1.4480030673355673,Down,TRUE
WT_6h_ipsilateral_vs_contralateral,Gm5384,385336,ENSMUSG00000080998,predicted gene 5384,0.7180072111243625,8.333733761718728,4.39126547218337,0.0021053838055954234,0.02830477822923525,-1.4483151386276365,Up,TRUE
WT_6h_ipsilateral_vs_contralateral,Zfp948,381066,ENSMUSG00000067931,zinc finger protein 948,0.7526254359764692,8.151938754837978,4.391209782396762,0.002105545119005289,0.02830477822923525,-1.44839523198603,Up,TRUE
WT_6h_ipsilateral_vs_contralateral,Cep89,72140,ENSMUSG00000023072,centrosomal protein 89,0.7651953603437018,8.216813061212477,4.389384887395309,0.002110838564093268,0.02835181209036851,-1.4510200527679782,Up,TRUE
WT_6h_ipsilateral_vs_contralateral,Klf9,16601,ENSMUSG00000033863,Kruppel-like transcription factor 9,-0.5313714723451852,11.876267664458005,-4.389126402345648,0.002111589506528456,0.02835181209036851,-1.4513918810500552,Down,TRUE
WT_6h_ipsilateral_vs_contralateral,Rps19,20085,ENSMUSG00000040952,ribosomal protein S19,0.5041448496293963,10.841864956458224,4.388332613204233,0.0021138973972391253,0.028365701520181637,-1.4525337992040468,Up,TRUE
WT_6h_ipsilateral_vs_contralateral,Whamm,434204,ENSMUSG00000045795,"WAS protein homolog associated with actin, golgi membranes and microtubules",0.8860653572718977,8.466735081067615,4.38772211703304,0.0021156742246279943,0.028372452350143632,-1.4534120999158322,Up,TRUE
WT_6h_ipsilateral_vs_contralateral,Gdap1,14545,ENSMUSG00000025777,ganglioside-induced differentiation-associated-protein 1,-0.5075150267036879,11.568284235702036,-4.38571409936981,0.002121529850127826,0.028433861258482143,-1.4563013465296466,Down,TRUE
WT_6h_ipsilateral_vs_contralateral,Ppp2r1b,73699,ENSMUSG00000032058,"protein phosphatase 2, regulatory subunit A, beta",0.6211139082294608,9.089025957604656,4.385228581094292,0.002122948301146288,0.028435762722810322,-1.4570000239918999,Up,TRUE
WT_6h_ipsilateral_vs_contralateral,Pgbd5,209966,ENSMUSG00000050751,piggyBac transposable element derived 5,-0.5524828434180247,11.072966068842376,-4.384691764732231,0.002124517810195552,0.028439684027707888,-1.457772560583015,Down,TRUE
WT_6h_ipsilateral_vs_contralateral,Ksr2,333050,ENSMUSG00000061578,kinase suppressor of ras 2,-0.785009919534037,9.717968899585564,-4.384240409584905,0.002125838420862865,0.02844027076559779,-1.45842214131273,Down,TRUE
WT_6h_ipsilateral_vs_contralateral,Armcx6,278097,ENSMUSG00000050394,"armadillo repeat containing, X-linked 6",0.7944456651718506,7.934884516347834,4.3820677808868504,0.002132207658493804,0.02850835869924939,-1.4615493517439555,Up,TRUE
WT_6h_ipsilateral_vs_contralateral,Zfp974,73430,ENSMUSG00000070709,zinc finger protein 974,-0.7855510887235448,7.7985772374542535,-4.380675500962453,0.0021363000485719,0.028545940960971246,-1.4635537101327998,Down,TRUE
WT_6h_ipsilateral_vs_contralateral,Adgrl1,330814,ENSMUSG00000013033,adhesion G protein-coupled receptor L1,-0.6573926451636982,13.033262999052168,-4.379452973465382,0.002139900456476065,0.028568811745730036,-1.4653139184636972,Down,TRUE
WT_6h_ipsilateral_vs_contralateral,Grin3a,242443,ENSMUSG00000039579,"glutamate receptor ionotropic, NMDA3A",-0.5481193644660429,11.057280229274404,-4.379043853720134,0.002141106795304244,0.028568811745730036,-1.4659030214136388,Down,TRUE
WT_6h_ipsilateral_vs_contralateral,Gtf2h3,209357,ENSMUSG00000029387,"general transcription factor IIH, polypeptide 3",-0.7958929181544123,7.713684050871437,-4.378532830083496,0.002142614639338667,0.028568811745730036,-1.466638892367377,Down,TRUE
WT_6h_ipsilateral_vs_contralateral,Arnt2,11864,ENSMUSG00000015709,aryl hydrocarbon receptor nuclear translocator 2,-0.48310750919479517,12.572907589715555,-4.378354248744176,0.0021431418373564484,0.028568811745730036,-1.466896057255723,Down,TRUE
WT_6h_ipsilateral_vs_contralateral,Prokr1,58182,ENSMUSG00000049409,prokineticin receptor 1,1.2512013493564451,5.419644781815347,4.377541919913652,0.0021455417143485117,0.02858369718128774,-1.4680659038262265,Up,TRUE
WT_6h_ipsilateral_vs_contralateral,Creb3l2,208647,ENSMUSG00000038648,cAMP responsive element binding protein 3-like 2,0.9457660834551262,8.538404256889288,4.3853973293093045,0.0021468679208858713,0.028584269538393773,-1.4650258630472068,Up,TRUE
WT_6h_ipsilateral_vs_contralateral,Rab3d,19340,ENSMUSG00000019066,"RAB3D, member RAS oncogene family",-0.5851580287536482,9.55300303612095,-4.376576275209,0.0021483983023751242,0.028587558055798025,-1.4694566659976624,Down,TRUE
WT_6h_ipsilateral_vs_contralateral,Tbl1xr1,81004,ENSMUSG00000027630,transducin (beta)-like 1X-linked receptor 1,-0.5408352828092955,10.106403131541224,-4.375740269716343,0.002150874698808318,0.028595176661257563,-1.470660824364015,Down,TRUE
WT_6h_ipsilateral_vs_contralateral,Gad2,14417,ENSMUSG00000026787,glutamic acid decarboxylase 2,-0.5550482242847448,11.403896255128824,-4.3755164142377465,0.002151538320281377,0.028595176661257563,-1.470983276401535,Down,TRUE
WT_6h_ipsilateral_vs_contralateral,Ahcyl1,229709,ENSMUSG00000027893,S-adenosylhomocysteine hydrolase-like 1,-0.4883280623686126,12.332946445114183,-4.369341318489224,0.0021699316912222612,0.028822437937970104,-1.4798810100886302,Down,TRUE
WT_6h_ipsilateral_vs_contralateral,Ppp1r1b,19049,ENSMUSG00000061718,"protein phosphatase 1, regulatory inhibitor subunit 1B",-0.7734479604105307,8.665957552702514,-4.365476909796572,0.0021815284894771904,0.028949697973102602,-1.4854520407412668,Down,TRUE
WT_6h_ipsilateral_vs_contralateral,Cfap206,69329,ENSMUSG00000028294,cilia and flagella associated protein 206,-1.5470578919133127,4.967842832873536,-4.36528307969963,0.0021821119145606855,0.028949697973102602,-1.4857315275177871,Down,TRUE
WT_6h_ipsilateral_vs_contralateral,Galm,319625,ENSMUSG00000035473,galactose mutarotase,-1.3294688256406628,5.31379181698343,-4.364718657351215,0.002183811773124684,0.02895500431330496,-1.4865454079480491,Down,TRUE
WT_6h_ipsilateral_vs_contralateral,Ccdc162,75973,ENSMUSG00000075225,coiled-coil domain containing 162,-1.6297129753215636,5.075014067309389,-4.364061339124362,0.0021857932022513143,0.028964035443276637,-1.487493299003095,Down,TRUE
WT_6h_ipsilateral_vs_contralateral,Gm20594,NA,NA,NA,0.9816736699497852,9.519549843939206,4.517077478253158,0.002192700471227645,0.029038289534242447,-1.4236084864136558,Up,TRUE
WT_6h_ipsilateral_vs_contralateral,Agtpbp1,67269,ENSMUSG00000021557,ATP/GTP binding protein 1,-0.5053894436335522,11.90218672536871,-4.359752310751997,0.002198830450598579,0.02909250807716314,-1.493708699930865,Down,TRUE
WT_6h_ipsilateral_vs_contralateral,Gm2897,100040671,ENSMUSG00000079410,predicted gene 2897,0.7903564583359124,8.452120502226014,4.359418464925127,0.0021998440133010524,0.02909250807716314,-1.4941903545908168,Up,TRUE
WT_6h_ipsilateral_vs_contralateral,Mapk10,26414,ENSMUSG00000046709,mitogen-activated protein kinase 10,-0.5085994817530253,11.990806738865231,-4.35913245936468,0.002200712732211892,0.02909250807716314,-1.4946030005903497,Down,TRUE
WT_6h_ipsilateral_vs_contralateral,Cers6,241447,ENSMUSG00000027035,ceramide synthase 6,-0.5144467019979722,10.514481181402981,-4.358638773225494,0.0022022131337015843,0.02909507565433143,-1.4953153136139914,Down,TRUE
WT_6h_ipsilateral_vs_contralateral,Tmem43,74122,ENSMUSG00000030095,transmembrane protein 43,0.5316184305704041,9.929603187888993,4.357901436700078,0.00220445608479345,0.029107444747346826,-1.4963792415237407,Up,TRUE
WT_6h_ipsilateral_vs_contralateral,Fam102a,NA,NA,NA,0.5295267640891002,10.062042108532001,4.354365226395077,0.0022152473588875434,0.029231275547790248,-1.5014828401095945,Up,TRUE
WT_6h_ipsilateral_vs_contralateral,Pcdhga2,93710,ENSMUSG00000103332,"protocadherin gamma subfamily A, 2",-0.6924047846792583,8.007486215152932,-4.353969338098205,0.002216459007866116,0.029231275547790248,-1.5020543130468091,Down,TRUE
WT_6h_ipsilateral_vs_contralateral,Grin2c,14813,ENSMUSG00000020734,"glutamate receptor, ionotropic, NMDA2C (epsilon 3)",0.6905441789245774,8.442074786886444,4.353276324628604,0.0022185817517316533,0.02924195770403703,-1.503054746245665,Up,TRUE
WT_6h_ipsilateral_vs_contralateral,Ubash3b,72828,ENSMUSG00000032020,"ubiquitin associated and SH3 domain containing, B",-0.5376411454551739,10.094625113412661,-4.3517963946933715,0.0022231222040936705,0.029262248731846317,-1.505191400676206,Down,TRUE
WT_6h_ipsilateral_vs_contralateral,Slc9a6,236794,ENSMUSG00000060681,"solute carrier family 9 (sodium/hydrogen exchanger), member 6",-0.4802650794685821,11.544290117884554,-4.351661371891477,0.0022235369544355617,0.029262248731846317,-1.505386355936933,Down,TRUE
WT_6h_ipsilateral_vs_contralateral,F5,14067,ENSMUSG00000026579,coagulation factor V,-2.8008160795020967,5.04849946289345,-4.659719179931643,0.0022240622717403283,0.029262248731846317,-1.3759520752700807,Down,TRUE
WT_6h_ipsilateral_vs_contralateral,Aoc3,11754,ENSMUSG00000019326,"amine oxidase, copper containing 3",-1.3902138321754904,5.152876069542581,-4.350078762381452,0.0022284044827807392,0.029302071932668813,-1.5076716312146656,Down,TRUE
WT_6h_ipsilateral_vs_contralateral,Pgm2l1,70974,ENSMUSG00000030729,phosphoglucomutase 2-like 1,-0.5425774041570239,13.656186800101342,-4.347773373291573,0.0022355155610820163,0.029378235470856585,-1.5110012345389388,Down,TRUE
WT_6h_ipsilateral_vs_contralateral,Ovol2,107586,ENSMUSG00000037279,ovo like zinc finger 2,2.309605806100855,3.5448330776138803,4.3456124603850865,0.0022422031874086363,0.02944874764123076,-1.5141228644134674,Up,TRUE
WT_6h_ipsilateral_vs_contralateral,Adra1b,11548,ENSMUSG00000050541,"adrenergic receptor, alpha 1b",1.003901712435086,7.660429352111396,4.345002982534948,0.0022440933015495245,0.029455078083936256,-1.5150034296146329,Up,TRUE
WT_6h_ipsilateral_vs_contralateral,Zfp14,243906,ENSMUSG00000053985,zinc finger protein 14,-0.901762963512069,6.919134542145165,-4.34433922844349,0.0022461536892009132,0.029455078083936256,-1.515962472694044,Down,TRUE
WT_6h_ipsilateral_vs_contralateral,1700109H08Rik,77036,ENSMUSG00000008307,RIKEN cDNA 1700109H08 gene,-1.2731308318030061,5.396724759007636,-4.344178732949493,0.0022466521959419844,0.029455078083936256,-1.5161943783963485,Down,TRUE
WT_6h_ipsilateral_vs_contralateral,Asph,65973,ENSMUSG00000028207,aspartate-beta-hydroxylase,-0.5779083820930673,10.828084429774783,-4.3409740017896175,0.002256631225723477,0.029568506207641444,-1.5208257789456923,Down,TRUE
WT_6h_ipsilateral_vs_contralateral,Sfxn5,94282,ENSMUSG00000033720,sideroflexin 5,0.5013294012899134,11.293801231936161,4.338922132356198,0.0022630454795017165,0.029625636665785927,-1.5237918606711567,Up,TRUE
WT_6h_ipsilateral_vs_contralateral,Pcdhb22,93893,ENSMUSG00000073591,protocadherin beta 22,-0.6655326079697144,8.245515648018271,-4.338728645996208,0.002263651340299333,0.029625636665785927,-1.5240715860307859,Down,TRUE
WT_6h_ipsilateral_vs_contralateral,Cwc25,67480,ENSMUSG00000018541,CWC25 spliceosome-associated protein,0.590055758204457,9.046631220839698,4.3346310424341175,0.002276523200126934,0.029762449809222716,-1.5299967898129863,Up,TRUE
WT_6h_ipsilateral_vs_contralateral,Nrg2,100042150,ENSMUSG00000060275,neuregulin 2,1.6476179217542466,6.857630756608421,4.531228173002934,0.002276777305271179,0.029762449809222716,-1.4450353781310223,Up,TRUE
WT_6h_ipsilateral_vs_contralateral,Senp5,320213,ENSMUSG00000022772,SUMO/sentrin specific peptidase 5,-0.5150878005737134,10.295707162564401,-4.333302878657845,0.0022807122733421257,0.02979640228076003,-1.5319178504653044,Down,TRUE
WT_6h_ipsilateral_vs_contralateral,Braf,109880,ENSMUSG00000002413,Braf transforming gene,-0.5107342191723294,10.823927556650741,-4.327239612358455,0.002299941718588787,0.030024897118536453,-1.5406909707573133,Down,TRUE
WT_6h_ipsilateral_vs_contralateral,A830082N09Rik,414093,ENSMUSG00000112280,RIKEN cDNA A830082N09 gene,-0.6222166475123228,8.915349626630618,-4.326939561947875,0.0023008978397908745,0.030024897118536453,-1.5411252585068542,Down,TRUE
WT_6h_ipsilateral_vs_contralateral,Cbx7,52609,ENSMUSG00000053411,chromobox 7,-0.7718924563540854,7.429110166699754,-4.325302979756631,0.0023061204037887143,0.030075428568146143,-1.5434942445965234,Down,TRUE
WT_6h_ipsilateral_vs_contralateral,Ethe1,66071,ENSMUSG00000064254,ethylmalonic encephalopathy 1,1.2725601528345765,6.850933293300507,4.322438115688794,0.0023152933334206,0.0301773897027173,-1.5476421108837588,Up,TRUE
WT_6h_ipsilateral_vs_contralateral,Rhbdf2,217344,ENSMUSG00000020806,rhomboid 5 homolog 2,1.167019410913137,5.790504965793528,4.3195527740224176,0.0023245715392403465,0.030280602945367673,-1.551820804888628,Up,TRUE
WT_6h_ipsilateral_vs_contralateral,Zc3h6,78751,ENSMUSG00000042851,zinc finger CCCH type containing 6,-0.7523916127698067,7.729491738378562,-4.318396081575161,0.0023283022708626452,0.030311474625052848,-1.5534963161190465,Down,TRUE
WT_6h_ipsilateral_vs_contralateral,Tll1,21892,ENSMUSG00000053626,tolloid-like,-1.0030841691501928,6.657710834110571,-4.3172481247986445,0.0023320111994705192,0.03033211060713441,-1.5551593613450656,Down,TRUE
WT_6h_ipsilateral_vs_contralateral,Pcdhga6,93714,ENSMUSG00000103793,"protocadherin gamma subfamily A, 6",-0.7550715761952178,7.8090676704124515,-4.317062727346881,0.002332610795511616,0.03033211060713441,-1.55542796423014,Down,TRUE
WT_6h_ipsilateral_vs_contralateral,Pigk,329777,ENSMUSG00000039047,"phosphatidylinositol glycan anchor biosynthesis, class K",-0.5184030318280808,10.990511323760163,-4.316439045705581,0.002334629069812431,0.03034064324975023,-1.556331586854987,Down,TRUE
WT_6h_ipsilateral_vs_contralateral,Usp22,216825,ENSMUSG00000042506,ubiquitin specific peptidase 22,-0.46847252746864854,13.761556408370115,-4.315081421146399,0.0023390289327654486,0.030380098820612458,-1.5582987754161524,Down,TRUE
WT_6h_ipsilateral_vs_contralateral,Gm3411,100861615,ENSMUSG00000079396,predicted gene 3411,0.7087539499855682,8.260069597176095,4.313088433493673,0.002345504089355274,0.030446447313746343,-1.56118707474005,Up,TRUE
WT_6h_ipsilateral_vs_contralateral,Dcc,13176,ENSMUSG00000060534,DCC netrin 1 receptor,-1.5837693195091962,10.244961013826225,-5.226988789152362,0.0023489179284049127,0.03047300341014527,-1.215724276028709,Down,TRUE
WT_6h_ipsilateral_vs_contralateral,Trim25,217069,ENSMUSG00000000275,tripartite motif-containing 25,0.7372002475490449,8.353400473411984,4.310817798104238,0.002352904834041242,0.03050695877664067,-1.5644784367758717,Up,TRUE
WT_6h_ipsilateral_vs_contralateral,Tpm4,326618,ENSMUSG00000031799,tropomyosin 4,0.7179750569519463,10.66320410773209,4.309139978689311,0.0023583895417656985,0.03055660466915691,-1.566910962166883,Up,TRUE
WT_6h_ipsilateral_vs_contralateral,Rbmx,19655,ENSMUSG00000031134,"RNA binding motif protein, X chromosome",-0.5485758500557729,10.098870364650889,-4.308807679564713,0.002359477442466886,0.03055660466915691,-1.5673927813266664,Down,TRUE
WT_6h_ipsilateral_vs_contralateral,Gbx2,14472,ENSMUSG00000034486,gastrulation brain homeobox 2,2.1507028559740187,3.334810483123338,4.307846629819904,0.0023626268251737224,0.030579612161966686,-1.568786349453065,Up,TRUE
WT_6h_ipsilateral_vs_contralateral,Mtfmt,69606,ENSMUSG00000059183,mitochondrial methionyl-tRNA formyltransferase,-0.8305019402244653,7.502672042176771,-4.307058803563369,0.0023652119246873582,0.03059529362509344,-1.569928832916717,Down,TRUE
WT_6h_ipsilateral_vs_contralateral,Pxdc1,66895,ENSMUSG00000021411,PX domain containing 1,0.9637110252592587,8.198384866958541,4.304217283361957,0.002374561141255415,0.030672408735521184,-1.574050256505342,Up,TRUE
WT_6h_ipsilateral_vs_contralateral,Hnrnph3,432467,ENSMUSG00000020069,heterogeneous nuclear ribonucleoprotein H3,0.6179569953515447,8.705023192470186,4.304206479988139,0.002374596762487709,0.030672408735521184,-1.57406592821674,Up,TRUE
WT_6h_ipsilateral_vs_contralateral,Nrxn1,18189,ENSMUSG00000024109,neurexin I,-0.46314766606836955,13.091590754100682,-4.303991906517319,0.002375304380191876,0.030672408735521184,-1.5743771986198842,Down,TRUE
WT_6h_ipsilateral_vs_contralateral,Cep192,70799,ENSMUSG00000024542,centrosomal protein 192,-0.9077518869696366,7.821693953900627,-4.303242354298792,0.0023777780254078114,0.030686561712606603,-1.5754645856391303,Down,TRUE
WT_6h_ipsilateral_vs_contralateral,Mecp2,17257,ENSMUSG00000031393,methyl CpG binding protein 2,-0.5808806187516122,11.430130187696337,-4.301953395654824,0.002382038284664381,0.030723742206658418,-1.5773346840434685,Down,TRUE
WT_6h_ipsilateral_vs_contralateral,Pdlim7,67399,ENSMUSG00000021493,PDZ and LIM domain 7,0.5884824908489268,9.132159274420564,4.301096033214806,0.002384876582649588,0.030742549698217346,-1.5785787271505374,Up,TRUE
WT_6h_ipsilateral_vs_contralateral,Rnf157,217340,ENSMUSG00000052949,ring finger protein 157,-0.5234766260769117,12.348335827485624,-4.297855330023451,0.0023956378471970646,0.03086340835530053,-1.5832819663143045,Down,TRUE
WT_6h_ipsilateral_vs_contralateral,Plekho1,67220,ENSMUSG00000015745,"pleckstrin homology domain containing, family O member 1",0.6130984282505398,9.335414003112131,4.296015517115751,0.00240177047645272,0.030904215596148758,-1.585952752072025,Up,TRUE
WT_6h_ipsilateral_vs_contralateral,Fam120a,218236,ENSMUSG00000038014,"family with sequence similarity 120, member A",-0.47803598216833265,11.037762703051545,-4.295942944124936,0.002402012729274544,0.030904215596148758,-1.5860581133154836,Down,TRUE
WT_6h_ipsilateral_vs_contralateral,Thsd7b,210417,ENSMUSG00000042581,"thrombospondin, type I, domain containing 7B",-0.7007528123894087,9.280885570676109,-4.295563814591188,0.0024032787129737733,0.030904215596148758,-1.5866085445135845,Down,TRUE
WT_6h_ipsilateral_vs_contralateral,B230303A05Rik,100503142,ENSMUSG00000113960,U1 small nuclear ribonucleoprotein 1C pseudogene,-1.4211431742447251,6.647324535143086,-4.321183158512324,0.0024054313818700217,0.030904215596148758,-1.5756246652290526,Down,TRUE
WT_6h_ipsilateral_vs_contralateral,Nop58,55989,ENSMUSG00000026020,NOP58 ribonucleoprotein,0.5126569053761312,10.249145831033857,4.294826647734949,0.0024057423049931286,0.030904215596148758,-1.587678842835592,Up,TRUE
WT_6h_ipsilateral_vs_contralateral,Eif2b2,217715,ENSMUSG00000004788,"eukaryotic translation initiation factor 2B, subunit 2 beta",0.5611023129112382,9.542014334837123,4.29418416088873,0.002407891695054529,0.030913998563308145,-1.5886117372031094,Up,TRUE
WT_6h_ipsilateral_vs_contralateral,Rarg,19411,ENSMUSG00000001288,"retinoic acid receptor, gamma",0.8377664184187736,7.5820367566669145,4.293575254803627,0.0024099306503088556,0.030918162382900013,-1.5894959260094392,Up,TRUE
WT_6h_ipsilateral_vs_contralateral,Nop2,110109,ENSMUSG00000038279,NOP2 nucleolar protein,0.5332152225157891,9.499079276290173,4.29325849968859,0.0024109920565251325,0.030918162382900013,-1.589955904909683,Up,TRUE
WT_6h_ipsilateral_vs_contralateral,Zeb2,24136,ENSMUSG00000026872,zinc finger E-box binding homeobox 2,-0.9551483121155648,11.873374124330127,-4.5783026175647965,0.002417509631732767,0.030978737402683483,-1.4692546949796528,Down,TRUE
WT_6h_ipsilateral_vs_contralateral,Trim72,434246,ENSMUSG00000042828,tripartite motif-containing 72,2.067704123793104,3.790469135898686,4.290630795750843,0.0024198165756233415,0.030978737402683483,-1.593772296710119,Up,TRUE
WT_6h_ipsilateral_vs_contralateral,Efhc1,71877,ENSMUSG00000041809,EF-hand domain (C-terminal) containing 1,-1.363366082153954,5.465009276773756,-4.2906095978533445,0.0024198879048560836,0.030978737402683483,-1.593803087816334,Down,TRUE
WT_6h_ipsilateral_vs_contralateral,Gm3373,100036568,ENSMUSG00000096003,predicted gene 3373,0.9032007293178577,8.058254929308946,4.290143948029774,0.002421455350072718,0.03098099823255014,-1.5944794856888915,Up,TRUE
WT_6h_ipsilateral_vs_contralateral,Sgip1,73094,ENSMUSG00000028524,SH3-domain GRB2-like (endophilin) interacting protein 1,-0.49657730963394364,11.562652583053545,-4.289338901188947,0.002424167832308856,0.030992863309632544,-1.5956489602637438,Down,TRUE
WT_6h_ipsilateral_vs_contralateral,Pxk,218699,ENSMUSG00000033885,PX domain containing serine/threonine kinase,0.5694304179003584,9.231550717913148,4.289043053902066,0.0024251654657099675,0.030992863309632544,-1.5960787543924564,Up,TRUE
WT_6h_ipsilateral_vs_contralateral,Zc3h12c,244871,ENSMUSG00000035164,zinc finger CCCH type containing 12C,0.8532820899462052,8.731314239554921,4.2867728325367915,0.002432835645658041,0.031063093413549247,-1.599377245202616,Up,TRUE
WT_6h_ipsilateral_vs_contralateral,Fam81b,238726,ENSMUSG00000109228,"family with sequence similarity 81, member B",-3.040719548792646,2.458298163606705,-4.286591338842185,0.0024334499666282127,0.031063093413549247,-1.5996409757083647,Down,TRUE
WT_6h_ipsilateral_vs_contralateral,Itih5,209378,ENSMUSG00000025780,"inter-alpha-trypsin inhibitor, heavy chain 5",-0.7225982453600235,9.805790645709328,-4.285032786353768,0.0024387322391780175,0.031087489237465016,-1.6019059171442018,Down,TRUE
WT_6h_ipsilateral_vs_contralateral,Mex3d,237400,ENSMUSG00000048696,mex3 RNA binding family member D,0.6937525015507404,9.68893698716165,4.2846072734290415,0.002440176537333087,0.031087489237465016,-1.6025243465871863,Up,TRUE
WT_6h_ipsilateral_vs_contralateral,Tspan15,70423,ENSMUSG00000037031,tetraspanin 15,0.9088878153157864,8.192946373588839,4.284549992475496,0.0024403710335905355,0.031087489237465016,-1.602607599190776,Up,TRUE
WT_6h_ipsilateral_vs_contralateral,Mob3a,208228,ENSMUSG00000003348,MOB kinase activator 3A,0.5937255085258766,8.911783111725617,4.284381395036532,0.002440943599386142,0.031087489237465016,-1.602852642767373,Up,TRUE
WT_6h_ipsilateral_vs_contralateral,Otogl,628870,ENSMUSG00000091455,otogelin-like,-1.732172790422669,6.265993675605843,-4.3953641727737525,0.00244287987238377,0.03109437094705627,-1.5537842576028327,Down,TRUE
WT_6h_ipsilateral_vs_contralateral,Elavl4,15572,ENSMUSG00000028546,ELAV like RNA binding protein 4,-0.5803789877475047,10.959148925247193,-4.283082703479538,0.0024453588711215546,0.031108148974433255,-1.6047403268320775,Down,TRUE
WT_6h_ipsilateral_vs_contralateral,Nab1,17936,ENSMUSG00000002881,Ngfi-A binding protein 1,0.5418564229518061,10.040688212774889,4.281363586728551,0.002451216715634559,0.0311648700575113,-1.6072394766162894,Up,TRUE
WT_6h_ipsilateral_vs_contralateral,Unc5c,22253,ENSMUSG00000059921,unc-5 netrin receptor C,-0.5837275440775134,9.614724199929963,-4.280627632494069,0.0024537290725307713,0.03117901602431428,-1.6083094906174882,Down,TRUE
WT_6h_ipsilateral_vs_contralateral,Cacna1b,12287,ENSMUSG00000004113,"calcium channel, voltage-dependent, N type, alpha 1B subunit",-0.629969905719161,11.518931298943105,-4.279943802739998,0.0024560659725744137,0.031190917639164806,-1.6093037885973525,Down,TRUE
WT_6h_ipsilateral_vs_contralateral,Prok1,246691,ENSMUSG00000070368,prokineticin 1,2.7026923289054947,1.837463997803366,4.279131176528768,0.002458846131091447,0.031208431663852978,-1.6104854441770904,Up,TRUE
WT_6h_ipsilateral_vs_contralateral,Pdcd1,18566,ENSMUSG00000026285,programmed cell death 1,2.409471180853987,2.2736167100973965,4.277941590678622,0.002462922050938543,0.031242362576683398,-1.6122154120390562,Up,TRUE
WT_6h_ipsilateral_vs_contralateral,Lrrfip2,71268,ENSMUSG00000032497,leucine rich repeat (in FLII) interacting protein 2,0.6030188333390001,8.635383458528484,4.27493473610214,0.002473256977227072,0.031355605673154825,-1.6165890516534924,Up,TRUE
WT_6h_ipsilateral_vs_contralateral,Acsl3,74205,ENSMUSG00000032883,acyl-CoA synthetase long-chain family member 3,-0.5117386388776293,11.47902877821971,-4.271306836206076,0.002485788640863644,0.0314918047561509,-1.6218677324577007,Down,TRUE
WT_6h_ipsilateral_vs_contralateral,Sele,20339,ENSMUSG00000026582,"selectin, endothelial cell",2.219639634103424,3.3903817863807006,4.271006945242924,0.002486827589947,0.0314918047561509,-1.6223041639005729,Up,TRUE
WT_6h_ipsilateral_vs_contralateral,Axin2,12006,ENSMUSG00000000142,axin 2,0.5868099993843767,9.08825776127218,4.270517242901875,0.0024885251299365477,0.03149539617575943,-1.623016855140131,Up,TRUE
WT_6h_ipsilateral_vs_contralateral,Ckb-ps1,100503400,ENSMUSG00000105147,"creatine kinase, brain, pseudogene 1",0.5867116795428302,8.942716590878636,4.2700925227627184,0.0024899984199995492,0.03149614696507096,-1.6236350014802037,Up,TRUE
WT_6h_ipsilateral_vs_contralateral,H1f3,14957,ENSMUSG00000052565,"H1.3 linker histone, cluster member",1.49397504453602,5.45283512596184,4.269396593720195,0.0024924145209706513,0.03150340244851293,-1.6246479256726083,Up,TRUE
WT_6h_ipsilateral_vs_contralateral,Gm43305,108168162,ENSMUSG00000105703,predicted gene 43305,-0.712531692987934,10.417969403677425,-4.269112771914209,0.002493400606811596,0.03150340244851293,-1.6250610476653558,Down,TRUE
WT_6h_ipsilateral_vs_contralateral,Snx14,244962,ENSMUSG00000032422,sorting nexin 14,-0.6117442661492944,8.713734849389528,-4.266700490114066,0.0025017985856137814,0.03158346170408402,-1.6285727459282269,Down,TRUE
WT_6h_ipsilateral_vs_contralateral,Fam120c,207375,ENSMUSG00000025262,"family with sequence similarity 120, member C",-0.6209081138697883,9.388635837119502,-4.266478528896249,0.0025025728353628867,0.03158346170408402,-1.6288959088538375,Down,TRUE
WT_6h_ipsilateral_vs_contralateral,Gm10406,100038847,ENSMUSG00000093985,predicted gene 10406,0.8161153171409286,8.010413763200996,4.265540357530513,0.0025058482316840315,0.03159257663188189,-1.6302619096204847,Up,TRUE
WT_6h_ipsilateral_vs_contralateral,Hic1,15248,ENSMUSG00000043099,hypermethylated in cancer 1,0.9924088908964395,6.936591850994236,4.265349175901534,0.0025065162609303414,0.03159257663188189,-1.630540289995408,Up,TRUE
WT_6h_ipsilateral_vs_contralateral,Clba1,217887,ENSMUSG00000037594,clathrin binding box of aftiphilin containing 1,0.7030744003803537,8.757076978726797,4.264814237853252,0.002508386465969562,0.03159257663188189,-1.631319242852297,Up,TRUE
WT_6h_ipsilateral_vs_contralateral,Jazf1,231986,ENSMUSG00000063568,JAZF zinc finger 1,-0.5115639378725945,10.709886017532725,-4.2646479128369865,0.0025089682631559626,0.03159257663188189,-1.6315614461017702,Down,TRUE
WT_6h_ipsilateral_vs_contralateral,Zfp85,22746,ENSMUSG00000058331,zinc finger protein 85,-0.9298466055530339,6.601743395393832,-4.262852927168397,0.0025152562810821038,0.03164154611637446,-1.6341755599320376,Down,TRUE
WT_6h_ipsilateral_vs_contralateral,Kcnk15,241769,ENSMUSG00000035238,"potassium channel, subfamily K, member 15",2.7588022333374824,1.3794011166687414,4.262322196161721,0.0025171187303351535,0.03164154611637446,-1.63494857278517,Up,TRUE
WT_6h_ipsilateral_vs_contralateral,Gm8104,101056159,ENSMUSG00000096446,predicted gene 8104,2.7588022333374824,1.3794011166687414,4.262322196161721,0.0025171187303351535,0.03164154611637446,-1.63494857278517,Up,TRUE
WT_6h_ipsilateral_vs_contralateral,Tfdp1,21781,ENSMUSG00000038482,transcription factor Dp 1,-0.5653796186682865,10.260176698287662,-4.261828981359614,0.0025188508565777107,0.03164546126918697,-1.6356669785541698,Down,TRUE
WT_6h_ipsilateral_vs_contralateral,Ildr2,100039795,ENSMUSG00000040612,immunoglobulin-like domain containing receptor 2,-0.4785774547793977,11.708955230905673,-4.259503575935401,0.0025270347567000503,0.031713586317849304,-1.6390545731464927,Down,TRUE
WT_6h_ipsilateral_vs_contralateral,Hs3st3a1,15478,ENSMUSG00000047759,heparan sulfate (glucosamine) 3-O-sulfotransferase 3A1,1.4723134917592864,4.610121557309634,4.259479171638859,0.0025271207952494955,0.031713586317849304,-1.6390901287658473,Up,TRUE
WT_6h_ipsilateral_vs_contralateral,Il17c,234836,ENSMUSG00000046108,interleukin 17C,2.8401316293057755,2.002829100972672,4.258825931461267,0.002529424996615343,0.031716004592832636,-1.6400418922286066,Up,TRUE
WT_6h_ipsilateral_vs_contralateral,Tmem184b,223693,ENSMUSG00000009035,transmembrane protein 184b,0.5122178889744582,9.98801410083839,4.258439907518891,0.002530787696801796,0.031716004592832636,-1.6406043528674141,Up,TRUE
WT_6h_ipsilateral_vs_contralateral,Clu,12759,ENSMUSG00000022037,clusterin,0.5014983448899137,13.054067861164732,4.25819111364374,0.002531666380473578,0.031716004592832636,-1.6409668719436885,Up,TRUE
WT_6h_ipsilateral_vs_contralateral,Slc36a1,215335,ENSMUSG00000020261,"solute carrier family 36 (proton/amino acid symporter), member 1",-0.5452233161228062,10.360777145801654,-4.257811180419047,0.0025330088516565324,0.031716004592832636,-1.6415204917398931,Down,TRUE
WT_6h_ipsilateral_vs_contralateral,Elovl5,68801,ENSMUSG00000032349,ELOVL fatty acid elongase 5,0.7236447609104051,11.07068331382354,4.265908468510968,0.002540563042674444,0.03179272009863665,-1.6399126179969157,Up,TRUE
WT_6h_ipsilateral_vs_contralateral,Adra2b,11552,ENSMUSG00000058620,"adrenergic receptor, alpha 2b",2.2063249258492195,3.5078127729315636,4.254349184997546,0.0025452769266446737,0.031832329150282376,-1.6465660728824085,Up,TRUE
WT_6h_ipsilateral_vs_contralateral,Dpp6,13483,ENSMUSG00000061576,dipeptidylpeptidase 6,-0.4655183339213451,12.23474222616104,-4.253980736739313,0.00254658633202259,0.031832329150282376,-1.6471031557553673,Down,TRUE
WT_6h_ipsilateral_vs_contralateral,Trh,22044,ENSMUSG00000005892,thyrotropin releasing hormone,2.0928708475928604,5.187040302702726,4.3113369340964285,0.002551439699475984,0.031875108976908324,-1.6222687445355106,Up,TRUE
WT_6h_ipsilateral_vs_contralateral,Neurl1a,18011,ENSMUSG00000006435,neuralized E3 ubiquitin protein ligase 1A,-0.7129473207852008,11.044910864683574,-4.2551011959236416,0.0025556096619934045,0.03190930785925061,-1.6491072163669047,Down,TRUE
WT_6h_ipsilateral_vs_contralateral,Slco3a1,108116,ENSMUSG00000025790,"solute carrier organic anion transporter family, member 3a1",-0.5227321134337632,9.893062261428444,-4.2504193143548425,0.002559280447472252,0.03192666168681529,-1.6522955826517425,Down,TRUE
WT_6h_ipsilateral_vs_contralateral,Gm15026,100862124,ENSMUSG00000082563,predicted gene 15026,1.4559604128408523,4.937739130521827,4.250255459076913,0.0025598661177397126,0.03192666168681529,-1.6525345206064,Up,TRUE
WT_6h_ipsilateral_vs_contralateral,Smim14,68552,ENSMUSG00000037822,small integral membrane protein 14,-0.49803646425687553,11.165719883657172,-4.2489403796648,0.002564571846999807,0.03195369970293698,-1.654452339343762,Down,TRUE
WT_6h_ipsilateral_vs_contralateral,Nt5e,23959,ENSMUSG00000032420,"5' nucleotidase, ecto",-0.9793087112478247,7.053958439611007,-4.2486194397443455,0.0025657216727165816,0.03195369970293698,-1.6549204122067973,Down,TRUE
WT_6h_ipsilateral_vs_contralateral,Plekhh3,217198,ENSMUSG00000035172,"pleckstrin homology domain containing, family H (with MyTH4 domain) member 3",0.83674098440554,7.831882181673242,4.24834730547682,0.0025666970774901217,0.03195369970293698,-1.655317316073603,Up,TRUE
WT_6h_ipsilateral_vs_contralateral,Tram2,170829,ENSMUSG00000041779,translocating chain-associating membrane protein 2,0.9541525688339894,7.248714645420523,4.248047520251097,0.0025677720524470123,0.03195369970293698,-1.6557545604739499,Up,TRUE
WT_6h_ipsilateral_vs_contralateral,Lamtor3-ps,NA,NA,NA,0.7187831654233232,8.269335200192485,4.246371483911251,0.002573790935803708,0.032010716412634053,-1.6581993342391668,Up,TRUE
WT_6h_ipsilateral_vs_contralateral,Snx13,217463,ENSMUSG00000020590,sorting nexin 13,-0.5731651270609799,10.317926205214942,-4.243549158175967,0.0025839606054497218,0.03211078767555874,-1.6623170481549545,Down,TRUE
WT_6h_ipsilateral_vs_contralateral,Slc15a4,100561,ENSMUSG00000029416,"solute carrier family 15, member 4",0.6406028262891237,8.755291624019364,4.243338833904376,0.0025847201931437406,0.03211078767555874,-1.6626239515016783,Up,TRUE
WT_6h_ipsilateral_vs_contralateral,Zfp968,100043914,ENSMUSG00000078898,zinc finger protein 968,-0.852896959967615,7.778415129251238,-4.242688861544936,0.0025870690906016672,0.0321220535078886,-1.663572424649983,Down,TRUE
WT_6h_ipsilateral_vs_contralateral,Enho,69638,ENSMUSG00000028445,energy homeostasis associated,0.654077443493966,10.07318371791813,4.242055325935712,0.002589360796568243,0.032130251085149865,-1.6644969693542784,Up,TRUE
WT_6h_ipsilateral_vs_contralateral,Peli1,67245,ENSMUSG00000020134,pellino 1,0.5894116975137429,10.353144905797281,4.241709085443299,0.0025906141840147767,0.032130251085149865,-1.6650022761571117,Up,TRUE
WT_6h_ipsilateral_vs_contralateral,1700007K13Rik,NA,NA,NA,1.1607987214647606,5.861368635021673,4.24089758644278,0.0025935543591581126,0.03214881655550749,-1.6661866515689843,Up,TRUE
WT_6h_ipsilateral_vs_contralateral,Mrm1,217038,ENSMUSG00000018405,mitochondrial rRNA methyltransferase 1,0.9394322318119475,7.752703203816519,4.239010631514069,0.0026004049383615696,0.03221580645272745,-1.6689410013205066,Up,TRUE
WT_6h_ipsilateral_vs_contralateral,Bag4,67384,ENSMUSG00000037316,BCL2-associated athanogene 4,-0.5210647513756363,9.642534804614652,-4.2386024831452085,0.002601889275624119,0.03221627771791398,-1.6695368327113123,Down,TRUE
WT_6h_ipsilateral_vs_contralateral,Trnau1ap,71787,ENSMUSG00000028898,tRNA selenocysteine 1 associated protein 1,0.7032025651710834,8.00740517342078,4.23784941985063,0.002604630376138142,0.03223230090470951,-1.6706362459162376,Up,TRUE
WT_6h_ipsilateral_vs_contralateral,Hgf,15234,ENSMUSG00000028864,hepatocyte growth factor,0.9259371055783863,6.586990114474281,4.235480636072076,0.002613272847883136,0.032321156273612074,-1.674095000944459,Up,TRUE
WT_6h_ipsilateral_vs_contralateral,Ddo,70503,ENSMUSG00000063428,D-aspartate oxidase,-1.3352266308697534,5.173413222123023,-4.235086832494391,0.0026147126197552844,0.032321156273612074,-1.6746700851788363,Down,TRUE
WT_6h_ipsilateral_vs_contralateral,Nrn1,68404,ENSMUSG00000039114,neuritin 1,-0.9088212098767432,10.025354833572678,-4.380405147286539,0.002626707064912442,0.03245141423789498,-1.6124131462274844,Down,TRUE
WT_6h_ipsilateral_vs_contralateral,Zfp503,218820,ENSMUSG00000039081,zinc finger protein 503,0.8331279467735246,7.073075886252647,4.230962154414441,0.0026298440468969057,0.03247215972540387,-1.6806947892291886,Up,TRUE
WT_6h_ipsilateral_vs_contralateral,Ptgs2,19225,ENSMUSG00000032487,prostaglandin-endoperoxide synthase 2,-1.1021773104004824,7.504858000712716,-4.232415675613027,0.0026377935254575154,0.03255227190003665,-1.682164519544994,Down,TRUE
WT_6h_ipsilateral_vs_contralateral,Irf2bpl,238330,ENSMUSG00000034168,interferon regulatory factor 2 binding protein-like,0.6609364467961321,11.68012740533483,4.2281877189846675,0.002640075017789359,0.03256238705496012,-1.6847485999774863,Up,TRUE
WT_6h_ipsilateral_vs_contralateral,Nudt4,71207,ENSMUSG00000020029,nudix hydrolase 4,0.7234550488447589,11.752543277120155,4.25078558612827,0.002650137240221518,0.03266840455226028,-1.6769723211338006,Up,TRUE
WT_6h_ipsilateral_vs_contralateral,Hipk1,15257,ENSMUSG00000008730,homeodomain interacting protein kinase 1,0.5581758475789727,11.195288157812344,4.224016871653517,0.002655535943451316,0.032700790148245486,-1.6908447707402843,Up,TRUE
WT_6h_ipsilateral_vs_contralateral,Cep43,75296,ENSMUSG00000069135,centrosomal protein 43,0.5753519641746863,8.869086274882413,4.223972611251721,0.0026557005332514517,0.032700790148245486,-1.6909094753910532,Up,TRUE
WT_6h_ipsilateral_vs_contralateral,Zfp60,22718,ENSMUSG00000037640,zinc finger protein 60,-0.5706330739043057,9.273079305836573,-4.221066718164583,0.002666530610601408,0.032816005166379204,-1.6951582221495665,Down,TRUE
WT_6h_ipsilateral_vs_contralateral,Tnfaip2,21928,ENSMUSG00000021281,"tumor necrosis factor, alpha-induced protein 2",1.4278846108980172,4.710082073905204,4.220456739572051,0.0026688099824496102,0.03282592068418833,-1.69605022975459,Up,TRUE
WT_6h_ipsilateral_vs_contralateral,Miat,330166,ENSMUSG00000097767,myocardial infarction associated transcript (non-protein coding),-0.6134657342024159,12.02437699542523,-4.218942248996078,0.002674478397203828,0.032877486919268915,-1.6982651825502524,Down,TRUE
WT_6h_ipsilateral_vs_contralateral,Fblim1,74202,ENSMUSG00000006219,filamin binding LIM protein 1,1.0388823710080217,7.152032367629711,4.218354560537428,0.0026766814721601944,0.032886420183325056,-1.6991247669476932,Up,TRUE
WT_6h_ipsilateral_vs_contralateral,Fgf18,14172,ENSMUSG00000057967,fibroblast growth factor 18,1.0251255191675837,6.206810660645264,4.217035847255033,0.0026816320485149683,0.032929081521869304,-1.7010537621306616,Up,TRUE
WT_6h_ipsilateral_vs_contralateral,Miga1,215708,ENSMUSG00000054942,mitoguardin 1,-0.49485612432874504,11.073519616053005,-4.215827859059657,0.0026861755861381223,0.032966700375331504,-1.702821002631154,Down,TRUE
WT_6h_ipsilateral_vs_contralateral,Ppp1r14c,76142,ENSMUSG00000040653,"protein phosphatase 1, regulatory inhibitor subunit 14C",-0.5219392342232698,11.174769575710362,-4.214340290294786,0.002691782061179969,0.03301731575593822,-1.704997537775431,Down,TRUE
WT_6h_ipsilateral_vs_contralateral,Pafah1b1,18472,ENSMUSG00000020745,"platelet-activating factor acetylhydrolase, isoform 1b, subunit 1",-0.43577874024723506,13.632839416943149,-4.213761818714124,0.0026939656476513358,0.03302591348455339,-1.7058440111708704,Down,TRUE
WT_6h_ipsilateral_vs_contralateral,5330413P13Rik,414081,ENSMUSG00000086822,RIKEN cDNA 5330413P13 gene,-1.7448318097998778,4.252143282783028,-4.213128394194969,0.0026963588507969683,0.033037070077834144,-1.7067709501968533,Down,TRUE
WT_6h_ipsilateral_vs_contralateral,Nav3,260315,ENSMUSG00000020181,neuron navigator 3,-0.732385013764894,11.59775025536605,-4.242696301117275,0.0027063726074996433,0.033139346067439325,-1.6956429179618375,Down,TRUE
WT_6h_ipsilateral_vs_contralateral,Dip2c,208440,ENSMUSG00000048264,disco interacting protein 2 homolog C,-0.5012550668085627,10.9592856517188,-4.210139669256977,0.0027076816988884206,0.033139346067439325,-1.7111453348288626,Down,TRUE
WT_6h_ipsilateral_vs_contralateral,Repin1,58887,ENSMUSG00000052751,replication initiator 1,0.626607972886724,8.871244560421493,4.207077797469428,0.0027193346543599524,0.033263689964781955,-1.7156280665590389,Up,TRUE
WT_6h_ipsilateral_vs_contralateral,Metap1d,66559,ENSMUSG00000041921,methionyl aminopeptidase type 1D (mitochondrial),-0.7044732567859553,7.746918978237285,-4.204560452634784,0.002728955588685198,0.03332953856027031,-1.719314559128013,Down,TRUE
WT_6h_ipsilateral_vs_contralateral,Lrrc59,98238,ENSMUSG00000020869,leucine rich repeat containing 59,0.5259704029585848,11.313987245837042,4.20418635582903,0.0027303884513128615,0.03332953856027031,-1.719862475354196,Up,TRUE
WT_6h_ipsilateral_vs_contralateral,Dlk1,13386,ENSMUSG00000040856,delta like non-canonical Notch ligand 1,1.1283043277318185,6.099704545300366,4.204170080392922,0.002730450807700827,0.03332953856027031,-1.7198863134098037,Up,TRUE
WT_6h_ipsilateral_vs_contralateral,Mvp,78388,ENSMUSG00000030681,major vault protein,0.9076565810649999,7.095029328712779,4.2041042775990585,0.0027307029347920678,0.03332953856027031,-1.7199826928092952,Up,TRUE
WT_6h_ipsilateral_vs_contralateral,Cckbr,12426,ENSMUSG00000030898,cholecystokinin B receptor,0.8722721216994769,8.040965488084007,4.203472903988651,0.002733123349653019,0.03334081194606845,-1.7209074775416546,Up,TRUE
WT_6h_ipsilateral_vs_contralateral,Nufip1,27275,ENSMUSG00000022009,nuclear FMR1 interacting protein 1,0.6598109149493538,8.476423430994599,4.201523921438684,0.002740609457868974,0.03341383452327936,-1.7237625375855243,Up,TRUE
WT_6h_ipsilateral_vs_contralateral,Plekhf2,71801,ENSMUSG00000049969,"pleckstrin homology domain containing, family F (with FYVE domain) member 2",0.9867055676386762,8.554410952810915,4.255662785944146,0.0027518119731931726,0.033532063294790984,-1.7015020865565171,Up,TRUE
WT_6h_ipsilateral_vs_contralateral,Chodl,246048,ENSMUSG00000022860,chondrolectin,1.641203379384348,5.752176226922164,4.200759090117465,0.002757260118716739,0.03358008154424021,-1.7284146438652632,Up,TRUE
WT_6h_ipsilateral_vs_contralateral,Scamp5,56807,ENSMUSG00000040722,secretory carrier membrane protein 5,-0.4727535962802474,12.992432116439101,-4.194484737783121,0.0027678311565773376,0.033690403832109396,-1.7340786071367438,Down,TRUE
WT_6h_ipsilateral_vs_contralateral,Ptgfrn,19221,ENSMUSG00000027864,prostaglandin F2 receptor negative regulator,0.5439940251445066,10.591399777164376,4.193006738471567,0.0027735836313833306,0.03374198546644658,-1.736245517637066,Up,TRUE
WT_6h_ipsilateral_vs_contralateral,Sdk1,330222,ENSMUSG00000039683,sidekick cell adhesion molecule 1,-0.7140981387893754,8.154954421593228,-4.192339663813253,0.002776184135793029,0.0337551864764136,-1.73722362191827,Down,TRUE
WT_6h_ipsilateral_vs_contralateral,Ccdc127,67433,ENSMUSG00000021578,coiled-coil domain containing 127,-0.5384026541904774,9.807048175619759,-4.189170457384886,0.0027885746987442246,0.03388734392500142,-1.7418713407489586,Down,TRUE
WT_6h_ipsilateral_vs_contralateral,St3gal4,20443,ENSMUSG00000032038,"ST3 beta-galactoside alpha-2,3-sialyltransferase 4",0.690283445245627,8.05809272050667,4.1878480607573785,0.00279376238612721,0.03391493584976061,-1.7438110785275747,Up,TRUE
WT_6h_ipsilateral_vs_contralateral,Dnajb4,67035,ENSMUSG00000028035,DnaJ heat shock protein family (Hsp40) member B4,0.5094391412565269,10.131674317805164,4.18746466271209,0.002795268372206936,0.03391493584976061,-1.7443735054425087,Up,TRUE
WT_6h_ipsilateral_vs_contralateral,Mical2,320878,ENSMUSG00000038244,"microtubule associated monooxygenase, calponin and LIM domain containing 2",-0.5660191433611459,11.949650608788815,-4.187427881552505,0.0027954128942832986,0.03391493584976061,-1.7444274627432783,Down,TRUE
WT_6h_ipsilateral_vs_contralateral,Coq8a,67426,ENSMUSG00000026489,coenzyme Q8A,-0.7778956312580707,7.9507650974933775,-4.184504742348172,0.0028069243133313584,0.034036058290395216,-1.7487162533237806,Down,TRUE
WT_6h_ipsilateral_vs_contralateral,Hcn4,330953,ENSMUSG00000032338,"hyperpolarization-activated, cyclic nucleotide-gated K+ 4",0.9784191439276437,8.965002823930051,4.291958484864845,0.002810897721770201,0.03406569464223679,-1.7000850027556726,Up,TRUE
WT_6h_ipsilateral_vs_contralateral,Gm24613,115485862,ENSMUSG00000065200,"predicted gene, 24613",1.5894898831693038,4.156639063723696,4.181793422068209,0.0028176470926344014,0.03411323783601925,-1.7526953211280558,Up,TRUE
WT_6h_ipsilateral_vs_contralateral,Csf2rb,12983,ENSMUSG00000071713,"colony stimulating factor 2 receptor, beta, low-affinity (granulocyte-macrophage)",1.0166487414280372,6.249323760960962,4.181289947180191,0.0028196430819078834,0.03411323783601925,-1.7534343203800447,Up,TRUE
WT_6h_ipsilateral_vs_contralateral,Uba52,22186,ENSMUSG00000090137,ubiquitin A-52 residue ribosomal protein fusion product 1,0.8279298158125457,7.468234249017783,4.180895161635213,0.0028212092421644823,0.03411323783601925,-1.7540138101437082,Up,TRUE
WT_6h_ipsilateral_vs_contralateral,Adamtsl4,229595,ENSMUSG00000015850,ADAMTS-like 4,1.1170890079897404,5.833863635682678,4.180833754043877,0.0028214529371645594,0.03411323783601925,-1.7541039498010669,Up,TRUE
WT_6h_ipsilateral_vs_contralateral,Cck,12424,ENSMUSG00000032532,cholecystokinin,-0.5289764079189041,11.300749759728475,-4.180575516814663,0.002822477994692861,0.03411323783601925,-1.7544830196295953,Down,TRUE
WT_6h_ipsilateral_vs_contralateral,Msi2,76626,ENSMUSG00000069769,musashi RNA-binding protein 2,-0.566095762511809,10.76858585611378,-4.179337364683406,0.0028273983245665295,0.03415417444670252,-1.7563006472711917,Down,TRUE
WT_6h_ipsilateral_vs_contralateral,Rcor1,217864,ENSMUSG00000037896,REST corepressor 1,0.5317083487252887,9.592206229644782,4.178896651115323,0.0028291519111592217,0.03415683404936133,-1.7569476730592726,Up,TRUE
WT_6h_ipsilateral_vs_contralateral,Cfap65,241116,ENSMUSG00000047021,cilia and flagella associated protein 65,-1.2328492707563568,5.961817045749657,-4.1770880061344,0.002836360696184103,0.03422531663461587,-1.7596032835859834,Down,TRUE
WT_6h_ipsilateral_vs_contralateral,Tbc1d14,100855,ENSMUSG00000029192,"TBC1 domain family, member 14",-0.49045024429906725,11.192606393042563,-4.1757866749622705,0.0028415596593205274,0.034264942178536276,-1.7615142906881607,Down,TRUE
WT_6h_ipsilateral_vs_contralateral,Fcgbp,215384,ENSMUSG00000047730,Fc fragment of IgG binding protein,-1.8302477672764095,4.297981501625496,-4.174931830440107,0.0028449804256434237,0.034264942178536276,-1.762769758397206,Down,TRUE
WT_6h_ipsilateral_vs_contralateral,9530059O14Rik,319626,ENSMUSG00000097736,RIKEN cDNA 9530059O14 gene,-1.7749303249790138,3.681068932948844,-4.174650876202753,0.0028461056639255593,0.034264942178536276,-1.7631824039255264,Down,TRUE
WT_6h_ipsilateral_vs_contralateral,Phldb2,208177,ENSMUSG00000033149,"pleckstrin homology like domain, family B, member 2",0.8268900617169894,7.955968606104459,4.174451945000989,0.0028469026840316513,0.034264942178536276,-1.7634745864516281,Up,TRUE
WT_6h_ipsilateral_vs_contralateral,Zfp710,209225,ENSMUSG00000048897,zinc finger protein 710,0.6200621896378458,8.770223609163576,4.173404491496935,0.0028511032726417406,0.034264942178536276,-1.7650131359579637,Up,TRUE
WT_6h_ipsilateral_vs_contralateral,Chm,12662,ENSMUSG00000025531,CHM Rab escort protein,-0.49572276068898447,10.094335741551754,-4.173305232130709,0.002851501676136852,0.034264942178536276,-1.765158940674544,Down,TRUE
WT_6h_ipsilateral_vs_contralateral,1810055G02Rik,72056,ENSMUSG00000035372,RIKEN cDNA 1810055G02 gene,0.5979203120171022,9.090794332180593,4.173194216517772,0.0028519473372149934,0.034264942178536276,-1.765322016061643,Up,TRUE
WT_6h_ipsilateral_vs_contralateral,Arhgap32,330914,ENSMUSG00000041444,Rho GTPase activating protein 32,-0.5518153357419919,11.440803238896153,-4.173193368212188,0.0028519507429407972,0.034264942178536276,-1.7653232621790442,Down,TRUE
WT_6h_ipsilateral_vs_contralateral,Sestd1,228071,ENSMUSG00000042272,SEC14 and spectrin domains 1,-0.5292449192665689,11.130098696354047,-4.1724955546670754,0.0028547537619828403,0.03428012940602036,-1.7663483480686057,Down,TRUE
WT_6h_ipsilateral_vs_contralateral,Cnot1,234594,ENSMUSG00000036550,"CCR4-NOT transcription complex, subunit 1",-0.48929142629443945,11.179436969586407,-4.17183201618593,0.0028574218462054856,0.034281698522170057,-1.7673231462010666,Down,TRUE
WT_6h_ipsilateral_vs_contralateral,Unc80,329178,ENSMUSG00000055567,"unc-80, NALCN activator",-0.7027665585200484,10.641101849795728,-4.172943048391533,0.0028579624761243456,0.034281698522170057,-1.7669294835886218,Down,TRUE
WT_6h_ipsilateral_vs_contralateral,Scpep1,74617,ENSMUSG00000000278,serine carboxypeptidase 1,0.6031811643679248,8.542907507430854,4.169721970342256,0.0028659241340356044,0.03434704342723355,-1.7704233975639276,Up,TRUE
WT_6h_ipsilateral_vs_contralateral,Ddx6,13209,ENSMUSG00000032097,DEAD-box helicase 6,-0.4675224777690712,11.774204821092312,-4.1695807861792495,0.0028664939946678866,0.03434704342723355,-1.7706308587207111,Down,TRUE
WT_6h_ipsilateral_vs_contralateral,Ccdc88c,68339,ENSMUSG00000021182,coiled-coil domain containing 88C,-0.5281239217739628,10.537172755649276,-4.168449676776749,0.0028710638767491742,0.03436575219990002,-1.772293051136379,Down,TRUE
WT_6h_ipsilateral_vs_contralateral,Rab9b,319642,ENSMUSG00000043463,"RAB9B, member RAS oncogene family",-0.5763867549903523,9.820126766381469,-4.168430614621706,0.0028711409582048903,0.03436575219990002,-1.7723210649391286,Down,TRUE
WT_6h_ipsilateral_vs_contralateral,Adamtsl1,77739,ENSMUSG00000066113,ADAMTS-like 1,-0.7487029112119012,7.499866376700489,-4.166792763936224,0.0028777722220378727,0.034426625266323105,-1.7747282420960193,Down,TRUE
WT_6h_ipsilateral_vs_contralateral,Fzd8,14370,ENSMUSG00000036904,frizzled class receptor 8,0.8928159777063742,7.83045983293213,4.166399346828064,0.0028793675209140904,0.03442722035875543,-1.7753065089036824,Up,TRUE
WT_6h_ipsilateral_vs_contralateral,Polg2,50776,ENSMUSG00000020718,"polymerase (DNA directed), gamma 2, accessory subunit",1.0192203995187512,6.278879379944596,4.164908671201658,0.0028854208002436197,0.03448108815741772,-1.7774977816847617,Up,TRUE
WT_6h_ipsilateral_vs_contralateral,Gm26628,102632638,ENSMUSG00000097133,"predicted gene, 26628",-2.045712293122044,3.296710625201559,-4.164277429310061,0.002887988239069851,0.034493264356719,-1.7784257906988756,Down,TRUE
WT_6h_ipsilateral_vs_contralateral,Gm12857,666596,ENSMUSG00000081233,ribosomal protein S5 pseudogene,-2.024126588884329,4.058481286680967,-4.163091579544589,0.002892818057055576,0.034532434201989794,-1.780169294662599,Down,TRUE
WT_6h_ipsilateral_vs_contralateral,Skida1,72668,ENSMUSG00000054074,SKI/DACH domain containing 1,-1.0041114110061757,8.020815605196436,-4.176535755229952,0.0029116321737652144,0.034702356828211545,-1.7783647072167108,Down,TRUE
WT_6h_ipsilateral_vs_contralateral,Zkscan8,93681,ENSMUSG00000063894,zinc finger with KRAB and SCAN domains 8,-0.6599038795978522,8.575161061257681,-4.158469883435512,0.002911724547985956,0.034702356828211545,-1.7869662192960885,Down,TRUE
WT_6h_ipsilateral_vs_contralateral,Tut1,70044,ENSMUSG00000071645,"terminal uridylyl transferase 1, U6 snRNA-specific",0.6242190816768804,8.507186269378874,4.158469439376773,0.0029117263709058307,0.034702356828211545,-1.7869668724945846,Up,TRUE
WT_6h_ipsilateral_vs_contralateral,Surf6,20935,ENSMUSG00000036160,surfeit gene 6,0.5547376780806808,9.082486871657084,4.155338607857002,0.0029246093468785856,0.03483725839664198,-1.7915729142296923,Up,TRUE
WT_6h_ipsilateral_vs_contralateral,Plcb3,18797,ENSMUSG00000024960,"phospholipase C, beta 3",0.6067434674557752,8.689916175486287,4.1522078491290975,0.002937553213006466,0.03497274068397597,-1.7961801929587802,Up,TRUE
WT_6h_ipsilateral_vs_contralateral,F2rl1,14063,ENSMUSG00000021678,F2R like trypsin receptor 1,3.7675320546394158,3.152959654226284,4.3560566619506345,0.002943520063468339,0.03502061811574941,-1.7044162981509094,Up,TRUE
WT_6h_ipsilateral_vs_contralateral,Zfp759,268670,ENSMUSG00000057396,zinc finger protein 759,-1.0066496759972106,6.39811257270489,-4.150480984181602,0.0029447190900470776,0.03502061811574941,-1.7987220520491922,Down,TRUE
WT_6h_ipsilateral_vs_contralateral,Fam43b,625638,ENSMUSG00000078235,"family with sequence similarity 43, member B",0.8904075169617247,8.75987828668546,4.173208750300009,0.00295121500529911,0.035068135263596846,-1.7894666103320613,Up,TRUE
WT_6h_ipsilateral_vs_contralateral,Tspan14,52588,ENSMUSG00000037824,tetraspanin 14,0.498212740882952,9.999000928894537,4.148763838724806,0.002951863237676502,0.035068135263596846,-1.8012500094999826,Up,TRUE
WT_6h_ipsilateral_vs_contralateral,Cyp26b1,232174,ENSMUSG00000063415,"cytochrome P450, family 26, subfamily b, polypeptide 1",-1.6495377826076787,9.339833126071026,-4.9798716396435925,0.002959813604750327,0.03513408687726373,-1.4673960956432133,Down,TRUE
WT_6h_ipsilateral_vs_contralateral,Enah,13800,ENSMUSG00000022995,ENAH actin regulator,-0.49720194028560094,11.735089381261925,-4.14667729558772,0.0029605692960100573,0.03513408687726373,-1.8043223322469961,Down,TRUE
WT_6h_ipsilateral_vs_contralateral,Ddx21,56200,ENSMUSG00000020075,DExD box helicase 21,0.5037217280244928,10.16275701431979,4.146023831599068,0.0029633015234100638,0.03514778564108582,-1.8052846453890963,Up,TRUE
WT_6h_ipsilateral_vs_contralateral,Svop,68666,ENSMUSG00000042078,SV2 related protein,-0.469108030903012,11.753329917498581,-4.144439131475152,0.0029699386262038016,0.03520776098919089,-1.807618570893097,Down,TRUE
WT_6h_ipsilateral_vs_contralateral,C2cd4a,244911,ENSMUSG00000047990,C2 calcium-dependent domain containing 4A,-1.5090711339409486,4.95738699743115,-4.141885270876915,0.0029806683922928793,0.035316164062938235,-1.811380585752282,Down,TRUE
WT_6h_ipsilateral_vs_contralateral,E2f7,52679,ENSMUSG00000020185,E2F transcription factor 7,1.2600909145188304,5.684011022964585,4.141121985957714,0.0029838833175526813,0.03533546033943965,-1.8125051307134887,Up,TRUE
WT_6h_ipsilateral_vs_contralateral,Mettl2,52686,ENSMUSG00000020691,"methyltransferase 2, methylcytidine",0.6126284943676961,8.599490683079333,4.138986053085334,0.0029928995683915337,0.03542339951430468,-1.81565241598617,Up,TRUE
WT_6h_ipsilateral_vs_contralateral,1110059G10Rik,66202,ENSMUSG00000032551,RIKEN cDNA 1110059G10 gene,-0.6980668153366585,7.699124734954622,-4.136866815198655,0.003001874238671458,0.035510753407544726,-1.8187757169346916,Down,TRUE
WT_6h_ipsilateral_vs_contralateral,Pcdhb14,93885,ENSMUSG00000044043,protocadherin beta 14,-0.730846946311388,7.4631379349370794,-4.135803343497683,0.003006388765104789,0.035545281179781944,-1.8203432765129062,Down,TRUE
WT_6h_ipsilateral_vs_contralateral,Dpep1,13479,ENSMUSG00000019278,dipeptidase 1,-2.7553515699977087,2.1152607860379185,-4.135090824558705,0.0030094175420537304,0.035562215251589833,-1.8213936172844951,Down,TRUE
WT_6h_ipsilateral_vs_contralateral,5730455P16Rik,70591,ENSMUSG00000057181,RIKEN cDNA 5730455P16 gene,-0.5666435093527493,10.58467233813355,-4.133984457008038,0.003014126980767605,0.03559898117529078,-1.8230246767090739,Down,TRUE
WT_6h_ipsilateral_vs_contralateral,Zc3h12b,547176,ENSMUSG00000035045,zinc finger CCCH-type containing 12B,-0.7972514581942516,8.288418234033795,-4.131833476416688,0.003023305631652646,0.03568846472976295,-1.8261962317877094,Down,TRUE
WT_6h_ipsilateral_vs_contralateral,Vps13c,320528,ENSMUSG00000035284,vacuolar protein sorting 13C,-0.5454683565578229,9.35293360775311,-4.12896674249982,0.003035585176888247,0.03581443846143311,-1.8304241233358667,Down,TRUE
WT_6h_ipsilateral_vs_contralateral,Pdgfa,18590,ENSMUSG00000025856,"platelet derived growth factor, alpha",0.6325806453277476,9.875534040678271,4.1262398921306795,0.0030473151927597063,0.035933798792335866,-1.8344467515784109,Up,TRUE
WT_6h_ipsilateral_vs_contralateral,Stab2,192188,ENSMUSG00000035459,stabilin 2,-1.758360616111605,3.768426862651956,-4.125022377223517,0.003052568233638365,0.03597669703930931,-1.8362431467808573,Down,TRUE
WT_6h_ipsilateral_vs_contralateral,Gm5637,434782,ENSMUSG00000142832,predicted pseudogene 5637,0.731791307631303,7.900103865727116,4.124073217623003,0.003056670176525765,0.036005990577531156,-1.837643734191981,Up,TRUE
WT_6h_ipsilateral_vs_contralateral,Taz,NA,NA,NA,-0.619111656417612,8.5123142275084,-4.122769657712504,0.003062313354032761,0.03603708699165796,-1.8395674771692212,Down,TRUE
WT_6h_ipsilateral_vs_contralateral,Cbln1,12404,ENSMUSG00000031654,cerebellin 1 precursor protein,1.1406671352640654,9.16595286264742,4.420463596116829,0.0030625457093247373,0.03603708699165796,-1.7049087495586734,Up,TRUE
WT_6h_ipsilateral_vs_contralateral,Ncor1,20185,ENSMUSG00000018501,nuclear receptor co-repressor 1,-0.5370234828727085,11.991588094551233,-4.1219865276182786,0.0030657089362400598,0.03605331887837399,-1.8407233011610051,Down,TRUE
WT_6h_ipsilateral_vs_contralateral,Synpo2,118449,ENSMUSG00000050315,synaptopodin 2,0.8320753355810444,7.53900236677603,4.121651629512597,0.0030671622569929838,0.03605331887837399,-1.8412176036984018,Up,TRUE
WT_6h_ipsilateral_vs_contralateral,Ttll7,70892,ENSMUSG00000036745,"tubulin tyrosine ligase-like family, member 7",-0.49519451565587325,10.850564892071052,-4.120154934638617,0.003073666336283919,0.0360938568522576,-1.8434268800059517,Down,TRUE
WT_6h_ipsilateral_vs_contralateral,Wfdc2,67701,ENSMUSG00000017723,WAP four-disulfide core domain 2,-2.1888658019320077,3.5023490442784255,-4.120112330955815,0.0030738516924234643,0.0360938568522576,-1.8434897718995007,Down,TRUE
WT_6h_ipsilateral_vs_contralateral,Fcer1g,14127,ENSMUSG00000058715,"Fc receptor, IgE, high affinity I, gamma polypeptide",0.8170363720412777,7.0941457696229655,4.1195784770626425,0.003076175350792488,0.0361021106105915,-1.8442778721409203,Up,TRUE
WT_6h_ipsilateral_vs_contralateral,Cadps,27062,ENSMUSG00000054423,Ca2+-dependent secretion activator,-0.4656367358148419,12.411163267665156,-4.118051655525513,0.003082831415368982,0.036156111789113425,-1.8465320515985368,Down,TRUE
WT_6h_ipsilateral_vs_contralateral,Cdh8,12564,ENSMUSG00000036510,cadherin 8,-0.48460520161520293,10.715121035161918,-4.117778692629572,0.0030840230033362744,0.036156111789113425,-1.8469350838204752,Down,TRUE
WT_6h_ipsilateral_vs_contralateral,Frem1,329872,ENSMUSG00000059049,Fras1 related extracellular matrix protein 1,-1.4412708066621525,6.7739355745980205,-4.197441776479176,0.0030914054627272595,0.036209476412305895,-1.8108029014843448,Down,TRUE
WT_6h_ipsilateral_vs_contralateral,Prss52,73382,ENSMUSG00000021966,serine protease 52,-2.9095841133765736,2.392730445898669,-4.11599401264673,0.0030918259993807326,0.036209476412305895,-1.8495704294274118,Down,TRUE
WT_6h_ipsilateral_vs_contralateral,Ocstamp,74614,ENSMUSG00000027670,osteoclast stimulatory transmembrane protein,2.6880048432274664,1.3440024216137334,4.115283802273665,0.003094937075025727,0.03622686460651501,-1.850619280967316,Up,TRUE
WT_6h_ipsilateral_vs_contralateral,Syt11,229521,ENSMUSG00000068923,synaptotagmin XI,-0.4329553177831791,13.555215003993686,-4.113468190466914,0.0031029056306848732,0.03630106245982435,-1.8533009203934467,Down,TRUE
WT_6h_ipsilateral_vs_contralateral,Rest,19712,ENSMUSG00000029249,RE1-silencing transcription factor,0.9428776016502418,8.29151140857573,4.129611259442769,0.00310565239849518,0.03631412450208931,-1.8461406450638638,Up,TRUE
WT_6h_ipsilateral_vs_contralateral,S100a6,20200,ENSMUSG00000001025,S100 calcium binding protein A6 (calcyclin),1.0630554331987723,8.04591802035761,4.167869496029354,0.0031089522182573015,0.03633363623383074,-1.8286667422542378,Up,TRUE
WT_6h_ipsilateral_vs_contralateral,Pcdhga3,93711,ENSMUSG00000104346,"protocadherin gamma subfamily A, 3",-0.5952320060114076,8.68615671492513,-4.110848985061745,0.003114439870820109,0.036369874689622654,-1.8571702464968087,Down,TRUE
WT_6h_ipsilateral_vs_contralateral,Ppp2r2a,71978,ENSMUSG00000022052,"protein phosphatase 2, regulatory subunit B, alpha",0.46103276672225313,11.241331009584563,4.110649878243394,0.0031153185592727286,0.036369874689622654,-1.8574644230438038,Up,TRUE
WT_6h_ipsilateral_vs_contralateral,Mindy3,66960,ENSMUSG00000026767,MINDY lysine 48 deubiquitinase 3,-0.5915025382707189,10.349852900034856,-4.110111691016167,0.003117694991360268,0.03637855208619695,-1.8582596113417758,Down,TRUE
WT_6h_ipsilateral_vs_contralateral,Nf1,18015,ENSMUSG00000020716,neurofibromin 1,-0.47297844774381304,10.634223754871979,-4.1092540410497795,0.0031214860683548558,0.03640371841497613,-1.8595268968137404,Down,TRUE
WT_6h_ipsilateral_vs_contralateral,Tubb4b-ps1,100042651,ENSMUSG00000095159,"tubulin, beta 4B class IVB, pseudogene 1",-0.4792402903665014,11.559223941642454,-4.107522321646333,0.003129155875787461,0.03647406966675337,-1.8620860332008462,Down,TRUE
WT_6h_ipsilateral_vs_contralateral,Bend7,209645,ENSMUSG00000048186,BEN domain containing 7,1.0360189429663693,6.0647790134839425,4.106642001063965,0.0031330625714011216,0.036500506683033465,-1.8633871273387497,Up,TRUE
WT_6h_ipsilateral_vs_contralateral,Smndc1,76479,ENSMUSG00000025024,survival motor neuron domain containing 1,0.5726089198962132,9.510355073943174,4.105645352531579,0.003137491820956602,0.036513510401550826,-1.864860278164059,Up,TRUE
WT_6h_ipsilateral_vs_contralateral,Cavin3,109042,ENSMUSG00000037060,caveolae associated 3,0.7566430726429259,8.031272659806277,4.105193467486568,0.0031395022747408275,0.036513510401550826,-1.8655282558294646,Up,TRUE
WT_6h_ipsilateral_vs_contralateral,Napg,108123,ENSMUSG00000024581,N-ethylmaleimide sensitive fusion protein attachment protein gamma,-0.4719966927688759,11.660769407136026,-4.1047423519109945,0.0031415106828582015,0.036513510401550826,-1.8661951236156344,Down,TRUE
WT_6h_ipsilateral_vs_contralateral,Gm20754,626082,ENSMUSG00000102820,"predicted gene, 20754",-1.0536621424649875,5.934642667616724,-4.104678194411081,0.0031417964298265885,0.036513510401550826,-1.8662899675555211,Down,TRUE
WT_6h_ipsilateral_vs_contralateral,Gm8681,667519,ENSMUSG00000112691,high mobility group box 2 pseudogene,1.4653650873117252,4.9393229694842,4.104548346907113,0.0031423748345577075,0.036513510401550826,-1.8664819226375515,Up,TRUE
WT_6h_ipsilateral_vs_contralateral,Dnaja4,58233,ENSMUSG00000032285,DnaJ heat shock protein family (Hsp40) member A4,0.8833261688138823,7.713444300566485,4.10395701852064,0.0031450103465726436,0.03652508105834496,-1.8673561191367378,Up,TRUE
WT_6h_ipsilateral_vs_contralateral,Vav1,22324,ENSMUSG00000034116,vav 1 oncogene,1.100279382931583,5.764890824020842,4.102563919319157,0.0031512286712143496,0.036565843792445575,-1.8694158088011719,Up,TRUE
WT_6h_ipsilateral_vs_contralateral,Zfp938,237411,ENSMUSG00000062931,zinc finger protein 938,-0.59349221734578,8.543929540741258,-4.102130687964096,0.0031531651556976122,0.036565843792445575,-1.8700563925064628,Down,TRUE
WT_6h_ipsilateral_vs_contralateral,Cntnap5c,620292,ENSMUSG00000038048,contactin associated protein-like 5C,-0.9035784128477715,6.736749945336425,-4.101489086813166,0.0031560353685611635,0.036565843792445575,-1.87100512215655,Down,TRUE
WT_6h_ipsilateral_vs_contralateral,Gm14391,665001,ENSMUSG00000078903,predicted gene 14391,-0.6127915438201317,9.758774841066751,-4.101419009215414,0.0031563490314276276,0.036565843792445575,-1.871108748617945,Down,TRUE
WT_6h_ipsilateral_vs_contralateral,Zmynd8,228880,ENSMUSG00000039671,"zinc finger, MYND-type containing 8",-0.5888858922073155,10.739617364124927,-4.101230294792324,0.003157193871359969,0.036565843792445575,-1.8713878112533244,Down,TRUE
WT_6h_ipsilateral_vs_contralateral,Rfx1,19724,ENSMUSG00000031706,"regulatory factor X, 1 (influences HLA class II expression)",0.642274709947392,8.636830627347607,4.100967752662616,0.003158369627684188,0.036565843792445575,-1.8717760550764515,Up,TRUE
WT_6h_ipsilateral_vs_contralateral,Zfp638,18139,ENSMUSG00000030016,zinc finger protein 638,-0.5494944649662106,10.433746837481095,-4.098374332928064,0.0031700091286761016,0.03665899200914527,-1.87561167007095,Down,TRUE
WT_6h_ipsilateral_vs_contralateral,Ralgapa1,56784,ENSMUSG00000021027,"Ral GTPase activating protein, alpha subunit 1",-0.4676484819943827,11.320666444022342,-4.098246740939476,0.0031705829585384157,0.03665899200914527,-1.8758003994665478,Down,TRUE
WT_6h_ipsilateral_vs_contralateral,Tnks,21951,ENSMUSG00000031529,"tankyrase, TRF1-interacting ankyrin-related ADP-ribose polymerase",-0.4815903235705079,11.982469393901434,-4.098075664389804,0.003171352529814722,0.03665899200914527,-1.8760534530810027,Down,TRUE
WT_6h_ipsilateral_vs_contralateral,Btg2,12227,ENSMUSG00000020423,BTG anti-proliferation factor 2,0.8228709862708126,8.626986299080661,4.096298576063406,0.003179358443021202,0.036732473712809785,-1.8786823265116785,Up,TRUE
WT_6h_ipsilateral_vs_contralateral,2810459M11Rik,72792,ENSMUSG00000026227,RIKEN cDNA 2810459M11 gene,0.5891812103867071,8.925138016062482,4.095923980155372,0.00318104878815501,0.03673295062527364,-1.8792365262443544,Up,TRUE
WT_6h_ipsilateral_vs_contralateral,Crnde,71296,ENSMUSG00000031736,"colorectal neoplasia differentially expressed, non-protein coding",1.7932774428970508,4.404627950046097,4.094892909745946,0.0031857064183180937,0.03675797692904985,-1.8807620516280688,Up,TRUE
WT_6h_ipsilateral_vs_contralateral,Shisa7,232813,ENSMUSG00000053550,shisa family member 7,-0.48433854868615533,11.366163885330534,-4.094713760813246,0.0031865164287315493,0.03675797692904985,-1.8810271269499719,Down,TRUE
WT_6h_ipsilateral_vs_contralateral,Bcorl1,320376,ENSMUSG00000036959,BCL6 co-repressor-like 1,0.6429759293027235,9.079446314269317,4.094284244672609,0.0031884593577152006,0.036760036151153634,-1.8816626723907461,Up,TRUE
WT_6h_ipsilateral_vs_contralateral,Mfge8,17304,ENSMUSG00000030605,milk fat globule EGF and factor V/VIII domain containing,0.5488684878222472,11.767777490859935,4.093944852744431,0.0031899955052830512,0.036760036151153634,-1.882164880642442,Up,TRUE
WT_6h_ipsilateral_vs_contralateral,Xylt1,233781,ENSMUSG00000030657,xylosyltransferase 1,-0.47554641052215274,10.665153630450181,-4.092573405532111,0.0031962110010104257,0.03678309850607076,-1.8841944097225456,Down,TRUE
WT_6h_ipsilateral_vs_contralateral,Ndst1,15531,ENSMUSG00000054008,N-deacetylase/N-sulfotransferase (heparan glucosaminyl) 1,-0.4540165149572992,12.323550919853115,-4.0921856610842875,0.0031979706391718366,0.03678309850607076,-1.8847682573155575,Down,TRUE
WT_6h_ipsilateral_vs_contralateral,Gnptab,432486,ENSMUSG00000035311,"N-acetylglucosamine-1-phosphate transferase, alpha and beta subunits",-0.481096459382492,11.124789564491039,-4.092096098316649,0.003198377235056593,0.03678309850607076,-1.8849008098146927,Down,TRUE
WT_6h_ipsilateral_vs_contralateral,Kantr,72997,ENSMUSG00000087403,Kdm5c adjacent non-coding transcript,-0.6100716961567603,8.896937246890221,-4.092046571225596,0.0031986021012910914,0.03678309850607076,-1.884974110154105,Down,TRUE
WT_6h_ipsilateral_vs_contralateral,Tmcc3,319880,ENSMUSG00000020023,transmembrane and coiled coil domains 3,0.5619495374955203,9.860268359609362,4.090866265345271,0.003203966022555185,0.03682577046048336,-1.8867210664845198,Up,TRUE
WT_6h_ipsilateral_vs_contralateral,Cdh19,227485,ENSMUSG00000047216,"cadherin 19, type 2",-1.8830438500416973,3.7676918305081957,-4.087269310647829,0.003220371991958052,0.0369952481283474,-1.8920460323994917,Down,TRUE
WT_6h_ipsilateral_vs_contralateral,Slc6a9,14664,ENSMUSG00000028542,"solute carrier family 6 (neurotransmitter transporter, glycine), member 9",0.7992930868973307,8.2064087991086,4.086056623703112,0.0032259234202341265,0.03703991968335833,-1.893841698217427,Up,TRUE
WT_6h_ipsilateral_vs_contralateral,Tead4,21679,ENSMUSG00000030353,TEA domain family member 4,1.7301163543154279,4.33260554487616,4.085585420793779,0.0032280832550934755,0.037045623136119095,-1.8945394773810005,Up,TRUE
WT_6h_ipsilateral_vs_contralateral,Lcp1,18826,ENSMUSG00000021998,lymphocyte cytosolic protein 1,0.9794944389892875,8.031112316626013,4.093537216990211,0.0032343743295258033,0.037098706586090255,-1.8920259785138205,Up,TRUE
WT_6h_ipsilateral_vs_contralateral,Anln,68743,ENSMUSG00000036777,"anillin, actin binding protein",-1.0124817830518564,7.78798801367303,-4.086834751047835,0.0032376651271086745,0.03711733952977135,-1.8960012306872747,Down,TRUE
WT_6h_ipsilateral_vs_contralateral,Ggcx,56316,ENSMUSG00000053460,gamma-glutamyl carboxylase,0.7034292199776253,7.648383453229282,4.082201162510761,0.00324364116103765,0.03712652502537009,-1.8995519215446208,Up,TRUE
WT_6h_ipsilateral_vs_contralateral,Mgat4b,103534,ENSMUSG00000036620,"mannoside acetylglucosaminyltransferase 4, isoenzyme B",-0.44730297351263104,11.754336337493902,-4.081738293248972,0.0032457752744366308,0.03712652502537009,-1.9002375995077863,Down,TRUE
WT_6h_ipsilateral_vs_contralateral,Slc22a6,18399,ENSMUSG00000024650,"solute carrier family 22 (organic anion transporter), member 6",-1.3838619349482446,6.141224366252105,-4.081593544657997,0.003246442963722999,0.03712652502537009,-1.9004520307997552,Down,TRUE
WT_6h_ipsilateral_vs_contralateral,Gak,231580,ENSMUSG00000062234,cyclin G associated kinase,-0.4556869980601146,11.006358467322118,-4.081353811747259,0.0032475491158563703,0.03712652502537009,-1.9008071785329506,Down,TRUE
WT_6h_ipsilateral_vs_contralateral,Zfp111,56707,ENSMUSG00000087598,zinc finger protein 111,-0.8473079436313364,7.130889950889912,-4.081075211845,0.0032488351117040386,0.03712652502537009,-1.9012199147263837,Down,TRUE
WT_6h_ipsilateral_vs_contralateral,Prelp,116847,ENSMUSG00000041577,proline arginine-rich end leucine-rich repeat,-1.0330520602238247,7.006897645332373,-4.080924381822366,0.003249531559242074,0.03712652502537009,-1.9014433685784793,Down,TRUE
WT_6h_ipsilateral_vs_contralateral,Pcdhga9,93717,ENSMUSG00000102440,"protocadherin gamma subfamily A, 9",-0.7625555184480755,7.240423985442323,-4.0805100216765355,0.0032514456631071494,0.03712652502537009,-1.9020572565917089,Down,TRUE
WT_6h_ipsilateral_vs_contralateral,Dusp14,56405,ENSMUSG00000018648,dual specificity phosphatase 14,0.7219714913694215,8.799666135313071,4.080433292713637,0.0032518002390346593,0.03712652502537009,-1.9021709355725225,Up,TRUE
WT_6h_ipsilateral_vs_contralateral,Pja2,224938,ENSMUSG00000024083,praja ring finger ubiquitin ligase 2,-0.428184612224106,13.471443383506825,-4.0789254563817625,0.003258776589077864,0.037187115021367526,-1.9044050542059345,Down,TRUE
WT_6h_ipsilateral_vs_contralateral,Dnmbp,71972,ENSMUSG00000025195,dynamin binding protein,0.685556554135399,8.122901306726341,4.0781316571052315,0.0032624557258474694,0.0372100365044815,-1.905581326877158,Up,TRUE
WT_6h_ipsilateral_vs_contralateral,Atxn1,20238,ENSMUSG00000046876,ataxin 1,-0.6603396362302547,10.132547229336403,-4.076692251813003,0.003269138504476546,0.03726717512139972,-1.9077144912278223,Down,TRUE
WT_6h_ipsilateral_vs_contralateral,Gm7043,630810,ENSMUSG00000115039,ribosomal protein L18A pseudogene,0.6820138847519104,7.814332903049687,4.0754966216588935,0.0032747006518858922,0.03731148696713977,-1.9094865979515419,Up,TRUE
WT_6h_ipsilateral_vs_contralateral,Polr2i,69920,ENSMUSG00000019738,polymerase (RNA) II (DNA directed) polypeptide I,0.6883485711272099,8.043435827542806,4.074780298648288,0.0032780378888045136,0.03733041614167717,-1.9105483900256566,Up,TRUE
WT_6h_ipsilateral_vs_contralateral,Fn3krp,238024,ENSMUSG00000039253,fructosamine 3 kinase related protein,-0.7933287322608473,7.822816497723942,-4.073924596603772,0.0032820292482067994,0.037356771335619036,-1.9118168711820314,Down,TRUE
WT_6h_ipsilateral_vs_contralateral,Pnisr,66625,ENSMUSG00000028248,PNN interacting serine/arginine-rich,-0.48684839606419317,10.7535263159007,-4.073334021844638,0.0032847869777660028,0.037369065336944694,-1.912692388473216,Down,TRUE
WT_6h_ipsilateral_vs_contralateral,Rpsa-ps1,665237,ENSMUSG00000102117,"ribosomal protein SA, pseudogene 1",0.44878861324695585,11.725245685507304,4.07284469315928,0.003287073812606034,0.03737599243277152,-1.9134178455456574,Up,TRUE
WT_6h_ipsilateral_vs_contralateral,Rbpj,19664,ENSMUSG00000039191,recombination signal binding protein for immunoglobulin kappa J region,0.609847907873398,9.999099251844866,4.07013408228297,0.0032997725504558253,0.03750124161296098,-1.9174370583417382,Up,TRUE
WT_6h_ipsilateral_vs_contralateral,4932438A13Rik,NA,NA,NA,-0.5609188680626271,11.05573073082557,-4.069506871206123,0.0033027184064359076,0.037515580062906596,-1.9183672083490633,Down,TRUE
WT_6h_ipsilateral_vs_contralateral,Gpm6a,234267,ENSMUSG00000031517,glycoprotein m6a,-0.42737728840321587,14.849695531115252,-4.068990466154328,0.003305145948726582,0.03752401937201051,-1.9191330732563125,Down,TRUE
WT_6h_ipsilateral_vs_contralateral,Ap2a2,11772,ENSMUSG00000002957,"adaptor-related protein complex 2, alpha 2 subunit",-0.4366225802915782,12.50539031685145,-4.067888130776802,0.0033103342590355255,0.037563777697410254,-1.9207680333243724,Down,TRUE
WT_6h_ipsilateral_vs_contralateral,Fgf2,14173,ENSMUSG00000037225,fibroblast growth factor 2,0.8040242556674704,7.811066823166513,4.066585865275704,0.003316474816315615,0.03757755206777784,-1.922699734907443,Up,TRUE
WT_6h_ipsilateral_vs_contralateral,Zfp322a,218100,ENSMUSG00000046351,zinc finger protein 322A,-0.5931915116212831,9.193397362722726,-4.066323510287787,0.0033177133719152576,0.03757755206777784,-1.923088923819277,Down,TRUE
WT_6h_ipsilateral_vs_contralateral,Atp13a5,268878,ENSMUSG00000048939,ATPase type 13A5,-0.7636257096236196,7.202669323474753,-4.066319154736334,0.0033177339382845974,0.03757755206777784,-1.9230953851132728,Down,TRUE
WT_6h_ipsilateral_vs_contralateral,Pcdhb10,93881,ENSMUSG00000045657,protocadherin beta 10,-1.0385786718827603,6.18186807975898,-4.066200117921434,0.003318296068117576,0.03757755206777784,-1.9232719726574699,Down,TRUE
WT_6h_ipsilateral_vs_contralateral,Zfp945,240041,ENSMUSG00000059142,zinc finger protein 945,-0.631358908788286,8.371785364611501,-4.0647162147075795,0.0033253121030173342,0.037635810584234215,-1.9254734575696357,Down,TRUE
WT_6h_ipsilateral_vs_contralateral,Mafb,16658,ENSMUSG00000074622,MAF bZIP transcription factor B,0.9360119489079501,9.131305834098946,4.177266576037016,0.003326819799791568,0.037635810584234215,-1.8718317912620357,Up,TRUE
WT_6h_ipsilateral_vs_contralateral,Ppp3cb,19056,ENSMUSG00000021816,"protein phosphatase 3, catalytic subunit, beta isoform",-0.48711841522182553,13.277884391489714,-4.062302775292328,0.003336757036604879,0.0377290675078039,-1.9290546096743322,Down,TRUE
WT_6h_ipsilateral_vs_contralateral,Atf7ip,54343,ENSMUSG00000030213,activating transcription factor 7 interacting protein,-0.5510097510147247,10.900048656074738,-4.061155724989443,0.0033422113278459547,0.03777156637634127,-1.9307569187793643,Down,TRUE
WT_6h_ipsilateral_vs_contralateral,Gpnmb,93695,ENSMUSG00000029816,glycoprotein (transmembrane) nmb,1.4586513132205585,5.540246880693757,4.059707099219864,0.003349113278666189,0.03780020237789407,-1.932907039602755,Up,TRUE
WT_6h_ipsilateral_vs_contralateral,Gng5,14707,ENSMUSG00000068523,G protein subunit gamma 5,0.6006306139988329,8.673197027770271,4.059617330170486,0.003349541483719778,0.03780020237789407,-1.9330402884076783,Up,TRUE
WT_6h_ipsilateral_vs_contralateral,Zfp324,243834,ENSMUSG00000004500,zinc finger protein 324,-0.7234655084627253,8.55836944929036,-4.05955557040556,0.003349836116451757,0.03780020237789407,-1.9331319622192868,Down,TRUE
WT_6h_ipsilateral_vs_contralateral,Eng,13805,ENSMUSG00000026814,endoglin,0.679754345769993,9.310343018890073,4.05760237199853,0.0033591684318149237,0.03786068482529845,-1.9360314770882106,Up,TRUE
WT_6h_ipsilateral_vs_contralateral,Snn,20621,ENSMUSG00000037972,stannin,-0.46635519998839214,12.686072841976397,-4.05741611507507,0.0033600598143545355,0.03786068482529845,-1.9363080012880758,Down,TRUE
WT_6h_ipsilateral_vs_contralateral,Trpv4,63873,ENSMUSG00000014158,"transient receptor potential cation channel, subfamily V, member 4",-1.5074360608421555,5.318659853577092,-4.0573669551660245,0.0033602951245618427,0.03786068482529845,-1.9363809867534565,Down,TRUE
WT_6h_ipsilateral_vs_contralateral,4933431E20Rik,329735,ENSMUSG00000086968,RIKEN cDNA 4933431E20 gene,-0.5512779138799697,10.123544532746724,-4.055638613259981,0.0033685792838854815,0.03793059186862866,-1.9389471816167259,Down,TRUE
WT_6h_ipsilateral_vs_contralateral,Gm18555,100417355,ENSMUSG00000105303,dual specificity phosphatase 14 pseudogene,1.9516702654523903,4.142694926530203,4.055362379382391,0.003369905333693204,0.03793059186862866,-1.9393573630396581,Up,TRUE
WT_6h_ipsilateral_vs_contralateral,Tubb4b,227613,ENSMUSG00000036752,"tubulin, beta 4B class IVB",-0.4963322500801173,12.405451017955565,-4.050281919228203,0.003394393844023725,0.038186930745266905,-1.9469031827236547,Down,TRUE
WT_6h_ipsilateral_vs_contralateral,Snx8,231834,ENSMUSG00000029560,sorting nexin 8,0.7966159362201211,8.764762599837173,4.046642112440469,0.003412055357735207,0.038366245882661146,-1.9523113650284856,Up,TRUE
WT_6h_ipsilateral_vs_contralateral,Gm14305,100043387,ENSMUSG00000078878,predicted gene 14305,-0.681245296084029,9.594977074695066,-4.04441669029058,0.003422902281016349,0.03846879329446982,-1.9556188609209988,Down,TRUE
WT_6h_ipsilateral_vs_contralateral,Rgs20,58175,ENSMUSG00000002459,regulator of G-protein signaling 20,0.6110445432789682,8.903896485644594,4.042505441350094,0.0034322473686573787,0.03854940469840969,-1.9584599471995174,Up,TRUE
WT_6h_ipsilateral_vs_contralateral,Prkg2,19092,ENSMUSG00000029334,"protein kinase, cGMP-dependent, type II",1.1382398960741797,6.16991432844133,4.042242287422666,0.0034335362029919115,0.03854940469840969,-1.9588511655177445,Up,TRUE
WT_6h_ipsilateral_vs_contralateral,Tmem245,242474,ENSMUSG00000055296,transmembrane protein 245,-0.6563913759219258,10.243612001443191,-4.041311776198324,0.0034380976735367695,0.03856205277197038,-1.9602345856044963,Down,TRUE
WT_6h_ipsilateral_vs_contralateral,Rhoj,80837,ENSMUSG00000046768,ras homolog family member J,0.9331111509434864,7.802036818335828,4.041041340903626,0.0034394245943650016,0.03856205277197038,-1.9606366717447612,Up,TRUE
WT_6h_ipsilateral_vs_contralateral,Rnf144a,108089,ENSMUSG00000020642,ring finger protein 144A,0.5119681884174732,10.42396220116336,4.040953382561444,0.003439856289917178,0.03856205277197038,-1.960767451256391,Up,TRUE
WT_6h_ipsilateral_vs_contralateral,Gm16440,544998,ENSMUSG00000072738,predicted gene 16440,0.9790334436912254,6.253467860522784,4.039572053057119,0.0034466434076727576,0.0386103381901533,-1.9628213944299713,Up,TRUE
WT_6h_ipsilateral_vs_contralateral,Tcirg1,27060,ENSMUSG00000001750,"T cell, immune regulator 1, ATPase, H+ transporting, lysosomal V0 protein A3",0.7299616881934758,7.6459065627793885,4.0393714618035474,0.003447630197989446,0.0386103381901533,-1.9631196810422837,Up,TRUE
WT_6h_ipsilateral_vs_contralateral,Top2b,21974,ENSMUSG00000017485,topoisomerase (DNA) II beta,-0.48595903759550296,11.8278745570876,-4.037231247588289,0.0034581776379555575,0.038708998434904544,-1.966302590764645,Down,TRUE
WT_6h_ipsilateral_vs_contralateral,Zfp944,319615,ENSMUSG00000033972,zinc finger protein 944,-0.7287773098347197,7.789392267544107,-4.036063557012755,0.0034639468328125198,0.038754101306327914,-1.968039426893978,Down,TRUE
WT_6h_ipsilateral_vs_contralateral,4930581F22Rik,78934,ENSMUSG00000070315,RIKEN cDNA 4930581F22 gene,-1.3405725154024442,4.738988707924235,-4.035441098194812,0.003467026417495118,0.03875574129175645,-1.9689653529507334,Down,TRUE
WT_6h_ipsilateral_vs_contralateral,Zfp770,228491,ENSMUSG00000040321,zinc finger protein 770,-0.5141330603226297,9.60149302153305,-4.035330647824061,0.0034675731714689383,0.03875574129175645,-1.9691296565310887,Down,TRUE
WT_6h_ipsilateral_vs_contralateral,Panx1,55991,ENSMUSG00000031934,pannexin 1,-0.4712659522808309,10.74985618396439,-4.034585259260348,0.0034712654256409247,0.03876500312774698,-1.9702385226514867,Down,TRUE
WT_6h_ipsilateral_vs_contralateral,Ifi207,226691,ENSMUSG00000073490,interferon activated gene 207,1.4755693606862383,5.278793830439351,4.034460780807509,0.0034718824350103354,0.03876500312774698,-1.9704237083225946,Up,TRUE
WT_6h_ipsilateral_vs_contralateral,Adora1,11539,ENSMUSG00000042429,adenosine A1 receptor,-0.5173962032471291,12.026578688603271,-4.033516349151054,0.003476567579305208,0.03878856862299868,-1.9718287991013073,Down,TRUE
WT_6h_ipsilateral_vs_contralateral,Slc35a5,74102,ENSMUSG00000022664,"solute carrier family 35, member A5",-0.5326511745789926,9.482405117788343,-4.033333444869141,0.0034774757144838773,0.03878856862299868,-1.9721009310270938,Down,TRUE
WT_6h_ipsilateral_vs_contralateral,BC030500,234290,ENSMUSG00000049946,cDNA sequence BC030500,-0.766218990736526,7.308988560372882,-4.032197214672385,0.003483122885372545,0.03883211324908581,-1.9737915565482727,Down,TRUE
WT_6h_ipsilateral_vs_contralateral,Elmod1,270162,ENSMUSG00000041986,ELMO/CED-12 domain containing 1,-0.5575954208302782,11.963617489993123,-4.0302572055697405,0.003492787617181282,0.038910300560586406,-1.976678539595694,Down,TRUE
WT_6h_ipsilateral_vs_contralateral,Cdr1os,331424,ENSMUSG00000071753,"cerebellar degeneration related antigen 1, opposite strand",-0.6778604708710887,8.578479840880386,-4.030088449886938,0.003493629679962865,0.038910300560586406,-1.9769296932797689,Down,TRUE
WT_6h_ipsilateral_vs_contralateral,Scn3b,235281,ENSMUSG00000049281,"sodium channel, voltage-gated, type III, beta",-0.49732903742408574,12.343964542763795,-4.029684953076794,0.003495643943068719,0.03891327777703934,-1.9775302199336515,Down,TRUE
WT_6h_ipsilateral_vs_contralateral,H3c1,360198,ENSMUSG00000069265,H3 clustered histone 1,2.606046875936329,1.8857867242879491,4.028392871684918,0.0035021024047276624,0.038958541931768516,-1.9794533769531863,Up,TRUE
WT_6h_ipsilateral_vs_contralateral,Tcap,21393,ENSMUSG00000007877,titin-cap,2.0566318853270333,3.936654761718275,4.028171930182523,0.0035032080578824842,0.038958541931768516,-1.9797822523140791,Up,TRUE
WT_6h_ipsilateral_vs_contralateral,Gorab,98376,ENSMUSG00000040124,"golgin, RAB6-interacting",0.6263462558515078,8.063637877164037,4.027631219543647,0.0035059155018874162,0.0389691955112486,-1.9805871369282428,Up,TRUE
WT_6h_ipsilateral_vs_contralateral,Rnf138rt1,74264,ENSMUSG00000083695,"ring finger protein 138, retrogene 1",1.5909842867082498,5.053446596415158,4.025869209422704,0.0035147537846688236,0.039047950400747156,-1.9832102768975153,Up,TRUE
WT_6h_ipsilateral_vs_contralateral,Ciao2b,68523,ENSMUSG00000031879,cytosolic iron-sulfur assembly component 2B,0.6498464558959203,7.869552175412181,4.025035585894722,0.003518943567565984,0.03907500895689546,-1.9844514518545342,Up,TRUE
WT_6h_ipsilateral_vs_contralateral,Ptprs,19280,ENSMUSG00000013236,protein tyrosine phosphatase receptor type S,-0.4280488618581497,13.24210803212557,-4.023562981542033,0.0035263579300816553,0.03913782904462824,-1.9866442239610818,Down,TRUE
WT_6h_ipsilateral_vs_contralateral,Gm10076,100126819,NA,ribosomal protein L41 pseudogene,0.4907526800032578,11.92790869294909,4.022185586801259,0.0035333080611510328,0.03919543678393389,-1.988695483675091,Up,TRUE
WT_6h_ipsilateral_vs_contralateral,Adamts16,271127,ENSMUSG00000049538,ADAM metallopeptidase with thrombospondin type 1 motif 16,1.0236595230008163,7.241707737961857,4.019746218805064,0.003545652753793486,0.039312799945619654,-1.9923288810887145,Up,TRUE
WT_6h_ipsilateral_vs_contralateral,Slc43a2,215113,ENSMUSG00000038178,"solute carrier family 43, member 2",0.5591461157836974,9.878666443339892,4.0171990544802485,0.0035585922427530223,0.03943401951015632,-1.9961236758149505,Up,TRUE
WT_6h_ipsilateral_vs_contralateral,Gmppb,331026,ENSMUSG00000070284,GDP-mannose pyrophosphorylase B,0.7155469032029025,7.851501600910874,4.016897730522234,0.0035601262956195,0.03943401951015632,-1.9965726482091615,Up,TRUE
WT_6h_ipsilateral_vs_contralateral,9430065F17Rik,77857,ENSMUSG00000097360,RIKEN cDNA 9430065F17 gene,-1.8172357386857625,3.418121970914778,-4.0157716230853975,0.003565865623493391,0.03947796061794994,-1.9982506529092543,Down,TRUE
WT_6h_ipsilateral_vs_contralateral,Rin1,225870,ENSMUSG00000024883,Ras and Rab interactor 1,-0.7703064824523604,8.22607395492877,-4.013248848574194,0.003578759185726633,0.03960038505059421,-2.0020104266433734,Down,TRUE
WT_6h_ipsilateral_vs_contralateral,Dsc2,13506,ENSMUSG00000024331,desmocollin 2,1.1344458769610686,5.798751251796455,4.012771462981015,0.003581204648402805,0.03960038505059421,-2.0027219842151345,Up,TRUE
WT_6h_ipsilateral_vs_contralateral,Clec10a,17312,ENSMUSG00000000318,"C-type lectin domain family 10, member A",-1.8174402209913452,3.7043409764994637,-4.0122463615580735,0.003583896606337531,0.03960038505059421,-2.0035046982510893,Down,TRUE
WT_6h_ipsilateral_vs_contralateral,Stard7,99138,ENSMUSG00000027367,StAR related lipid transfer domain containing 7,-0.45817724003616433,11.99208630843835,-4.012219406918496,0.0035840348490234764,0.03960038505059421,-2.003544877704295,Down,TRUE
WT_6h_ipsilateral_vs_contralateral,Gm11478,100504632,ENSMUSG00000083992,predicted gene 11478,0.4468225309572702,11.722915374015303,4.0118105236585215,0.003586132595024677,0.03960391847009156,-2.0041543839561555,Up,TRUE
WT_6h_ipsilateral_vs_contralateral,Prrc2b,227723,ENSMUSG00000039262,proline-rich coiled-coil 2B,-0.5825986931326543,13.480931168266725,-4.011121651674309,0.0035896697749944004,0.03962333708523304,-2.0051813080937704,Down,TRUE
WT_6h_ipsilateral_vs_contralateral,2610318N02Rik,70458,ENSMUSG00000049916,RIKEN cDNA 2610318N02 gene,1.608699291328167,3.9046803661823883,4.010715248382048,0.00359175830191855,0.03962675392532724,-2.0057871760863195,Up,TRUE
WT_6h_ipsilateral_vs_contralateral,Clca3b,229927,ENSMUSG00000037033,chloride channel accessory 3B,2.7591663232272645,1.3795831616136325,4.009496053671056,0.0035980316100739803,0.03967631391801877,-2.0076048875674317,Up,TRUE
WT_6h_ipsilateral_vs_contralateral,Mansc1,67729,ENSMUSG00000032718,MANSC domain containing 1,-1.2505574297323356,6.24184461025697,-4.0083533356434655,0.0036039220562901577,0.039721605048917995,-2.0093087562099354,Down,TRUE
WT_6h_ipsilateral_vs_contralateral,Chrdl1,83453,ENSMUSG00000031283,chordin-like 1,0.71029468978033,7.87548570448938,4.00664255410481,0.003612760034292325,0.03978916623211388,-2.01185996559024,Up,TRUE
WT_6h_ipsilateral_vs_contralateral,Micu3,78506,ENSMUSG00000039478,"mitochondrial calcium uptake family, member 3",-0.4734061762190045,10.408849631524301,-4.006208834571444,0.003615004332830901,0.03978916623211388,-2.0125068124598533,Down,TRUE
WT_6h_ipsilateral_vs_contralateral,2610507B11Rik,NA,NA,NA,-0.45895522767937,12.350147467781044,-4.006130341028819,0.0036154106601031873,0.03978916623211388,-2.0126238799230043,Down,TRUE
WT_6h_ipsilateral_vs_contralateral,4930578M01Rik,75951,ENSMUSG00000097587,RIKEN cDNA 4930578M01 gene,-1.108037751576747,5.619166126400701,-4.005689907430398,0.0036176915017545586,0.03979460651930015,-2.0132807698819777,Down,TRUE
WT_6h_ipsilateral_vs_contralateral,Camta1,100072,ENSMUSG00000014592,calmodulin binding transcription activator 1,-0.4648709095258443,12.503776732740981,-4.005043973003503,0.003621039340820837,0.039811772614404814,-2.0142442025006826,Down,TRUE
WT_6h_ipsilateral_vs_contralateral,Zyx,22793,ENSMUSG00000029860,zyxin,0.5764607407026503,10.213429287759153,4.004645216780022,0.003623107724914323,0.03981486165390555,-2.014838987929572,Up,TRUE
WT_6h_ipsilateral_vs_contralateral,Apln,30878,ENSMUSG00000037010,apelin,1.5677500434278198,8.596141158343611,4.6267979204456555,0.0036266420986650603,0.03981901516855091,-1.7421876961718459,Up,TRUE
WT_6h_ipsilateral_vs_contralateral,Ube2s,77891,ENSMUSG00000060860,ubiquitin-conjugating enzyme E2S,0.5051199892941174,10.738570179221618,4.0034922343063855,0.0036290954629063375,0.03981901516855091,-2.0165588956639464,Up,TRUE
WT_6h_ipsilateral_vs_contralateral,Fam83f,213956,ENSMUSG00000022408,"family with sequence similarity 83, member F",2.444601830955424,2.578975886401307,4.003453606362747,0.0036292962510769125,0.03981901516855091,-2.0166165201089745,Up,TRUE
WT_6h_ipsilateral_vs_contralateral,Slain1,105439,ENSMUSG00000055717,"SLAIN motif family, member 1",0.5607707257963099,10.147660755593211,4.003195896774131,0.0036306361305197257,0.03981901516855091,-2.017000971462404,Up,TRUE
WT_6h_ipsilateral_vs_contralateral,Ids,15931,ENSMUSG00000035847,iduronate 2-sulfatase,-0.41988896934341824,13.348405947667214,-4.001265995910147,0.003640686876533987,0.03990959654271386,-2.019880275399955,Down,TRUE
WT_6h_ipsilateral_vs_contralateral,Epcam,17075,ENSMUSG00000045394,epithelial cell adhesion molecule,1.305858878294499,5.295674413922019,4.000310346826577,0.0036456748250572654,0.03994058488739583,-2.021306230754141,Up,TRUE
WT_6h_ipsilateral_vs_contralateral,Mt2,17750,ENSMUSG00000031762,metallothionein 2,0.7293032215894648,8.698525652653716,4.000037576580972,0.0036470998725460437,0.03994058488739583,-2.021713262109439,Up,TRUE
WT_6h_ipsilateral_vs_contralateral,Gm9602,673676,ENSMUSG00000090539,predicted gene 9602,1.0668062550141588,5.778333231758345,3.999122469891961,0.003651885065956053,0.03995491145526104,-2.023078867470131,Up,TRUE
WT_6h_ipsilateral_vs_contralateral,Gm2791,100040470,ENSMUSG00000114280,protein tyrosine phosphatase 4a1 pseudogene,1.0292171668815948,7.058060295659488,3.9987412684615253,0.0036538803914857847,0.03995491145526104,-2.023647763200926,Up,TRUE
WT_6h_ipsilateral_vs_contralateral,Thoc2,331401,ENSMUSG00000037475,THO complex 2,-0.6231383419622141,9.810161496570835,-3.9984710021699033,0.003655295754946722,0.03995491145526104,-2.0240511135442123,Down,TRUE
WT_6h_ipsilateral_vs_contralateral,Gabrb2,14401,ENSMUSG00000007653,gamma-aminobutyric acid type A receptor subunit beta 2,-0.7177490862255009,10.51368633468636,-4.020343650105259,0.0036576732017451676,0.03995491145526104,-2.0135698766665397,Down,TRUE
WT_6h_ipsilateral_vs_contralateral,Gm7240,638502,NA,predicted gene 7240,-1.2726076701388127,5.028521026141894,-3.998001115381464,0.0036577579118721158,0.03995491145526104,-2.024752403894282,Down,TRUE
WT_6h_ipsilateral_vs_contralateral,Cxcl2,20310,ENSMUSG00000058427,C-X-C motif chemokine ligand 2,2.5610111766317347,1.7666234216664858,3.9977317148899467,0.0036591703420306406,0.03995491145526104,-2.0251544881556747,Up,TRUE
WT_6h_ipsilateral_vs_contralateral,Gm14296,102639598,ENSMUSG00000074527,predicted gene 14296,-0.7350041319614373,9.545393419402892,-3.997077056664679,0.0036782069441257913,0.04014309636472416,-2.029068023700658,Down,TRUE
WT_6h_ipsilateral_vs_contralateral,Ophn1,94190,ENSMUSG00000031214,oligophrenin 1,-0.5460893060126395,9.378589687966414,-3.993612439278361,0.003680839964813536,0.04015215975329163,-2.0313037496122908,Down,TRUE
WT_6h_ipsilateral_vs_contralateral,Kcnip2,80906,ENSMUSG00000025221,Kv channel-interacting protein 2,-0.6421673869843723,10.842532863789163,-3.9924182984440106,0.0036871474279167246,0.040167082826887954,-2.0330867792603353,Down,TRUE
WT_6h_ipsilateral_vs_contralateral,Des,13346,ENSMUSG00000026208,desmin,1.4694682692573195,5.498259324606543,3.9923447717601994,0.00368753617421939,0.040167082826887954,-2.0331965716023666,Up,TRUE
WT_6h_ipsilateral_vs_contralateral,Chn1,108699,ENSMUSG00000056486,chimerin 1,-0.5539671288529284,12.044090651683907,-3.9923293522283183,0.003687617705094764,0.040167082826887954,-2.0332195966187125,Down,TRUE
WT_6h_ipsilateral_vs_contralateral,Rpl12,269261,ENSMUSG00000038900,ribosomal protein L12,0.46207276779600726,11.719661119188785,3.9913293318675693,0.003692909439079547,0.04020506244159184,-2.0347129303084133,Up,TRUE
WT_6h_ipsilateral_vs_contralateral,Zfp712,78251,ENSMUSG00000090641,zinc finger protein 712,-0.8699174908070972,6.912417962927891,-3.9904141762403227,0.003697759218778761,0.04023819570019389,-2.036079649504945,Down,TRUE
WT_6h_ipsilateral_vs_contralateral,Mdga2,320772,ENSMUSG00000034912,MAM domain containing glycosylphosphatidylinositol anchor 2,-0.6313787670740023,10.01171286262225,-3.9894214386345266,0.003703027841026894,0.04025722114096226,-2.037562355280702,Down,TRUE
WT_6h_ipsilateral_vs_contralateral,Zfp950,414758,ENSMUSG00000074733,zinc finger protein 950,-0.6872312666616827,8.060835954395493,-3.9892985745949874,0.0037036804589042687,0.04025722114096226,-2.037745868112249,Down,TRUE
WT_6h_ipsilateral_vs_contralateral,Unc50,67387,ENSMUSG00000026111,unc-50 homolog,-0.5627067959444219,9.057904391180811,-3.9889275459951934,0.003705652001212393,0.04025722114096226,-2.038300057737067,Down,TRUE
WT_6h_ipsilateral_vs_contralateral,Rlbp1,19771,ENSMUSG00000039194,retinaldehyde binding protein 1,0.5935121377288084,9.042696078772977,3.9879291826697125,0.0037109626010475337,0.04025722114096226,-2.0397913596029182,Up,TRUE
WT_6h_ipsilateral_vs_contralateral,C1qc,12262,ENSMUSG00000036896,"complement component 1, q subcomponent, C chain",0.511602472210015,9.251288841615994,3.987874659055989,0.0037112528631438406,0.04025722114096226,-2.0398728078071935,Up,TRUE
WT_6h_ipsilateral_vs_contralateral,Iqsec2,245666,ENSMUSG00000041115,IQ motif and Sec7 domain 2,-0.5136271068964042,11.443524604642008,-3.9877284131688273,0.0037120315381725154,0.04025722114096226,-2.0400912740522017,Down,TRUE
WT_6h_ipsilateral_vs_contralateral,Otulinl,223433,ENSMUSG00000056069,OTU deubiquitinase with linear linkage specificity like,-0.7561537510374583,7.7992580698491984,-3.9877045573090886,0.0037121585734472048,0.04025722114096226,-2.040126910874876,Down,TRUE
WT_6h_ipsilateral_vs_contralateral,Rpsa-ps5,382504,ENSMUSG00000081695,"ribosomal protein SA, pseudogene 5",0.4939952832951615,9.840037467296218,3.985549578991878,0.0037236532916906187,0.040349597463252306,-2.0433464080445294,Up,TRUE
WT_6h_ipsilateral_vs_contralateral,Impa2,114663,ENSMUSG00000024525,inositol monophosphatase 2,0.8463447295559572,6.97962895732715,3.985428633474234,0.0037242995458786413,0.040349597463252306,-2.0435271162950723,Up,TRUE
WT_6h_ipsilateral_vs_contralateral,Nphp4,260305,ENSMUSG00000039577,nephronophthisis 4 (juvenile) homolog (human),-0.6478757887769326,7.897935186289404,-3.9827029584644875,0.0037388956392439944,0.04047087953733005,-2.0476001321089923,Down,TRUE
WT_6h_ipsilateral_vs_contralateral,Pou3f1,18991,ENSMUSG00000090125,"POU domain, class 3, transcription factor 1",-0.6699032671204534,10.382095887367779,-3.9826597106121793,0.0037391277256038267,0.04047087953733005,-2.047664765790736,Down,TRUE
WT_6h_ipsilateral_vs_contralateral,Chrna7,11441,ENSMUSG00000030525,"cholinergic receptor, nicotinic, alpha polypeptide 7",-0.6874814200110713,8.483628407084106,-3.982222875105581,0.0037414728345675154,0.04047659416706722,-2.048317627728464,Down,TRUE
WT_6h_ipsilateral_vs_contralateral,Mpv17l,93734,ENSMUSG00000022679,"Mpv17 transgene, kidney disease mutant-like",-0.525180105567232,10.582149943842841,-3.9818417866285896,0.003743519955682075,0.040479081074183604,-2.048887194550767,Down,TRUE
WT_6h_ipsilateral_vs_contralateral,Tenm1,23963,ENSMUSG00000016150,teneurin transmembrane protein 1,-1.031225950914246,9.803550715656446,-4.266822979536605,0.003745974219889708,0.04048596591365514,-1.9141753863920217,Down,TRUE
WT_6h_ipsilateral_vs_contralateral,Gnai1,14677,ENSMUSG00000057614,G protein subunit alpha i1,-0.4485976077810889,12.10665896061673,-3.9808256680353824,0.003748984172079679,0.04049884696075405,-2.0504059562824084,Down,TRUE
WT_6h_ipsilateral_vs_contralateral,Ankrd33b,67434,ENSMUSG00000022237,ankyrin repeat domain 33B,-0.6922211708291304,8.749520419559792,-3.9794848250302928,0.003756207663506997,0.04055721071479319,-2.0524102790613235,Down,TRUE
WT_6h_ipsilateral_vs_contralateral,Denn2b,NA,NA,NA,0.848131491265999,8.90140735297991,4.002827364265319,0.003764413663072199,0.04062612129114982,-2.042181887389053,Up,TRUE
WT_6h_ipsilateral_vs_contralateral,Nlrp3,216799,ENSMUSG00000032691,"NLR family, pyrin domain containing 3",1.5054950005134478,4.627655564870982,3.976315960983942,0.003773338427918653,0.04069927970290918,-2.0571480971558413,Up,TRUE
WT_6h_ipsilateral_vs_contralateral,Ldah,68832,ENSMUSG00000037669,lipid droplet associated hydrolase,-0.5196641682485357,9.389649246877493,-3.976037683199162,0.003774846772893844,0.04069927970290918,-2.0575642168485944,Down,TRUE
WT_6h_ipsilateral_vs_contralateral,Ly75,17076,ENSMUSG00000026980,lymphocyte antigen 75,-0.8874824991749346,7.1884251864739745,-3.974801093122086,0.0037815572461450653,0.04074994023079908,-2.0594134599822747,Down,TRUE
WT_6h_ipsilateral_vs_contralateral,Stk10,20868,ENSMUSG00000020272,serine/threonine kinase 10,0.7985026081788815,7.217655305524202,3.9744979314898616,0.0037832043276001125,0.04074994023079908,-2.059866849505503,Up,TRUE
WT_6h_ipsilateral_vs_contralateral,Slc41a2,338365,ENSMUSG00000034591,"solute carrier family 41, member 2",-0.5972218754755882,9.065100607433711,-3.973799710000918,0.003787000693386651,0.04077111669656242,-2.0609111110845433,Down,TRUE
WT_6h_ipsilateral_vs_contralateral,Abhd13,68904,ENSMUSG00000040396,abhydrolase domain containing 13,-0.5080686505497329,10.032311888844065,-3.9708470046802953,0.0038031002191808673,0.04090299681810195,-2.065327881867966,Down,TRUE
WT_6h_ipsilateral_vs_contralateral,Necap2,66147,ENSMUSG00000028923,NECAP endocytosis associated 2,0.5354577715937161,9.241391764507622,3.9705539311216786,0.003804702180422868,0.04090299681810195,-2.0657663342152395,Up,TRUE
WT_6h_ipsilateral_vs_contralateral,Ttc3,22129,ENSMUSG00000040785,tetratricopeptide repeat domain 3,-0.425483831230105,14.189967894192613,-3.9705435165660568,0.0038047591204088548,0.04090299681810195,-2.065781915103285,Down,TRUE
WT_6h_ipsilateral_vs_contralateral,Sct,20287,ENSMUSG00000038580,secretin,2.7647372094408196,2.1562802893242203,3.9696769050902647,0.003809500379410408,0.04093421174692081,-2.067078474367359,Up,TRUE
WT_6h_ipsilateral_vs_contralateral,Hmbox1,219150,ENSMUSG00000021972,homeobox containing 1,-0.511892339651908,9.696377480282742,-3.9682385344372677,0.003817383699610797,0.040999142675424545,-2.0692306714117032,Down,TRUE
WT_6h_ipsilateral_vs_contralateral,Rrm2b,382985,ENSMUSG00000022292,ribonucleotide reductase M2 B (TP53 inducible),-0.599782366543927,9.045632047423037,-3.9670149541860558,0.0038241035410132357,0.041045071266831025,-2.0710616937019317,Down,TRUE
WT_6h_ipsilateral_vs_contralateral,Tmem11,216821,ENSMUSG00000043284,transmembrane protein 11,0.5600131858047277,8.84773307170343,3.966789089160787,0.00382534536251139,0.041045071266831025,-2.0713997097717005,Up,TRUE
WT_6h_ipsilateral_vs_contralateral,Dgkb,217480,ENSMUSG00000036095,"diacylglycerol kinase, beta",-1.3322135059684417,10.310516159452998,-4.6312463607485865,0.003827862764615883,0.0410523076946648,-1.7790209071147212,Down,TRUE
WT_6h_ipsilateral_vs_contralateral,Chrna4,11438,ENSMUSG00000027577,"cholinergic receptor, nicotinic, alpha polypeptide 4",0.8225743860778802,9.955869056925241,4.060978476984068,0.003837562879446487,0.04113653182852286,-2.0268086159373464,Up,TRUE
WT_6h_ipsilateral_vs_contralateral,Dhrs13,70451,ENSMUSG00000020834,dehydrogenase/reductase 13,0.8088775409935591,8.343263284834471,3.9635394864830804,0.0038432597027050004,0.04117482702542601,-2.076263600086121,Up,TRUE
WT_6h_ipsilateral_vs_contralateral,Kirrel,NA,NA,NA,0.801984301303655,8.144068299121214,3.9632549900177914,0.0038448323327895,0.04117482702542601,-2.076689489248455,Up,TRUE
WT_6h_ipsilateral_vs_contralateral,Tmem204,407831,ENSMUSG00000024168,transmembrane protein 204,-0.9782653858670605,6.567846799017534,-3.9602371096079283,0.0038615568873332337,0.041334060387000375,-2.081207877475679,Down,TRUE
WT_6h_ipsilateral_vs_contralateral,Sh3gl2,20404,ENSMUSG00000028488,SH3-domain GRB2-like 2,-0.462759985707077,12.317930723420304,-3.9594193079549833,0.003866102377998935,0.04136283884242376,-2.082432497164673,Down,TRUE
WT_6h_ipsilateral_vs_contralateral,Tspan13,66109,ENSMUSG00000020577,tetraspanin 13,-0.6376482092962572,12.413805118248774,-3.961736877699119,0.0038705016186744543,0.04139002571098102,-2.0820358783809665,Down,TRUE
WT_6h_ipsilateral_vs_contralateral,Agrn,11603,ENSMUSG00000041936,agrin,-0.4463950592406043,12.686079825108397,-3.9579955606375377,0.003874029476371951,0.04139263059086139,-2.0845646977631427,Down,TRUE
WT_6h_ipsilateral_vs_contralateral,Parp3,235587,ENSMUSG00000023249,"poly (ADP-ribose) polymerase family, member 3",1.08043292978574,6.0573608237245145,3.9579180172758543,0.0038744617186058806,0.04139263059086139,-2.084680834016532,Up,TRUE
WT_6h_ipsilateral_vs_contralateral,Use1,67023,ENSMUSG00000002395,unconventional SNARE in the ER 1 homolog (S. cerevisiae),0.5252345518837078,9.06671898864671,3.956819169093048,0.003880592462630078,0.0414382536457742,-2.086326655957314,Up,TRUE
WT_6h_ipsilateral_vs_contralateral,Synpo,104027,ENSMUSG00000043079,synaptopodin,-0.4703051147326125,10.595638389994846,-3.955940518323997,0.0038855021314436605,0.041456853029502784,-2.0876427846599093,Down,TRUE
WT_6h_ipsilateral_vs_contralateral,Slc39a1,30791,ENSMUSG00000052310,"solute carrier family 39 (zinc transporter), member 1",0.4774269861025928,10.099870029671692,3.955841376517974,0.0038860565264018775,0.041456853029502784,-2.0877912951527176,Up,TRUE
WT_6h_ipsilateral_vs_contralateral,Adra2a,11551,ENSMUSG00000033717,"adrenergic receptor, alpha 2a",1.1339524356706665,9.356813883680898,4.299288685479695,0.003890117880375312,0.041474038897539804,-1.9263031909448811,Up,TRUE
WT_6h_ipsilateral_vs_contralateral,Ntn1,18208,ENSMUSG00000020902,netrin 1,0.7337905638008912,8.565984498043232,3.954888136366529,0.0038913913039666983,0.041474038897539804,-2.0892192756386567,Up,TRUE
WT_6h_ipsilateral_vs_contralateral,Zbed4,223773,ENSMUSG00000034333,"zinc finger, BED type containing 4",-0.5842398316677091,8.555658122152392,-3.9538056042353964,0.00389745915344325,0.04148095900617606,-2.090841080904446,Down,TRUE
WT_6h_ipsilateral_vs_contralateral,Zbtb8os,67106,ENSMUSG00000057572,zinc finger and BTB domain containing 8 opposite strand,-0.853445211461973,6.925405687454568,-3.9535953564156525,0.0038986388146666764,0.04148095900617606,-2.091156083049748,Down,TRUE
WT_6h_ipsilateral_vs_contralateral,Chst2,54371,ENSMUSG00000033350,carbohydrate sulfotransferase 2,-0.43126890091948233,12.508014739877726,-3.9533291851278243,0.0039001327994101567,0.04148095900617606,-2.0915548802455612,Down,TRUE
WT_6h_ipsilateral_vs_contralateral,Dcn,13179,ENSMUSG00000019929,decorin,-1.072773280100387,9.993911743863393,-4.305068893639494,0.0039004454911818103,0.04148095900617606,-1.9256337746844139,Down,TRUE
WT_6h_ipsilateral_vs_contralateral,Pdia6,71853,ENSMUSG00000020571,protein disulfide isomerase associated 6,0.5382130109303489,11.053297151742509,3.9528519113638136,0.0039028132072903526,0.04148095900617606,-2.0922699893472423,Up,TRUE
WT_6h_ipsilateral_vs_contralateral,Gm6443,623601,ENSMUSG00000107824,ribosomal protein S2 pseudogene,0.7158258442975605,8.13144800817878,3.9527805904389877,0.003903213920401572,0.04148095900617606,-2.092376853471656,Up,TRUE
WT_6h_ipsilateral_vs_contralateral,Prkcg,18752,ENSMUSG00000078816,"protein kinase C, gamma",-0.5914968225369428,13.144921096673933,-3.9521657844312106,0.003906670001539952,0.0414978895013364,-2.0932980787581403,Down,TRUE
WT_6h_ipsilateral_vs_contralateral,Stc1,20855,ENSMUSG00000014813,stanniocalcin 1,0.8732357536080588,7.1780617578692025,3.9507213568873003,0.003914802606147149,0.04156445569681971,-2.0954626000285588,Up,TRUE
WT_6h_ipsilateral_vs_contralateral,Etnk1,75320,ENSMUSG00000030275,ethanolamine kinase 1,-0.4947932957795196,12.30662142167881,-3.949042709128134,0.003924276685822139,0.04162790221259175,-2.0979784445458796,Down,TRUE
WT_6h_ipsilateral_vs_contralateral,Fbxo42,213499,ENSMUSG00000028920,F-box protein 42,0.5869984370993695,10.097438711512781,3.948406375370437,0.003927874476641398,0.04162790221259175,-2.0989322334060727,Up,TRUE
WT_6h_ipsilateral_vs_contralateral,Ext1,14042,ENSMUSG00000061731,exostosin glycosyltransferase 1,0.5876885014474027,10.120224316620984,3.9481122115034206,0.003929538851785019,0.04162790221259175,-2.099373167732029,Up,TRUE
WT_6h_ipsilateral_vs_contralateral,Dipk2a,68861,ENSMUSG00000045414,divergent protein kinase domain 2A,0.5073577255970392,9.210289843485452,3.9480833657864816,0.003929702101028829,0.04162790221259175,-2.099416406362068,Up,TRUE
WT_6h_ipsilateral_vs_contralateral,Ptpro,19277,ENSMUSG00000030223,protein tyrosine phosphatase receptor type O,-0.9944958929366017,11.038550863403973,-4.289836801253878,0.003930255695937264,0.04162790221259175,-1.9376405911582744,Down,TRUE
WT_6h_ipsilateral_vs_contralateral,Cobl,12808,ENSMUSG00000020173,cordon-bleu WH2 repeat,1.4865367749500233,8.720807799166806,4.525742433494659,0.003931991302145592,0.04162790221259175,-1.839272954401328,Up,TRUE
WT_6h_ipsilateral_vs_contralateral,Gm3488,100041735,ENSMUSG00000095295,"predicted gene, 3488",0.8306488924389086,8.303670890620312,3.9447355736211516,0.003948697892015317,0.04178491474804807,-2.10443534416401,Up,TRUE
WT_6h_ipsilateral_vs_contralateral,Gm20300,100504586,ENSMUSG00000111080,"predicted gene, 20300",-0.5498955478751633,8.740717783194631,-3.943351973342895,0.0039565772476083125,0.04184841319585715,-2.1065100274282615,Down,TRUE
WT_6h_ipsilateral_vs_contralateral,Tnfsf8,21949,ENSMUSG00000028362,"tumor necrosis factor (ligand) superfamily, member 8",2.876689643953625,1.4383448219768127,3.941349966005612,0.003968008076352414,0.041945848454609566,-2.1095124347805587,Up,TRUE
WT_6h_ipsilateral_vs_contralateral,Sulf2,72043,ENSMUSG00000006800,sulfatase 2,-0.4774934704372811,12.23100218312857,-3.9410794239893363,0.00396955549011524,0.041945848454609566,-2.1099182055814705,Down,TRUE
WT_6h_ipsilateral_vs_contralateral,Stag2,20843,ENSMUSG00000025862,STAG2 cohesin complex component,-0.5189079474100833,10.37273411810384,-3.9400662864221054,0.003975356043651105,0.04198722421637191,-2.1114378370168634,Down,TRUE
WT_6h_ipsilateral_vs_contralateral,Lhx5,16873,ENSMUSG00000029595,LIM homeobox protein 5,1.6478496012105541,5.364933950701509,3.939692154140123,0.003977500365991737,0.04198996239453362,-2.111999040973232,Up,TRUE
WT_6h_ipsilateral_vs_contralateral,Nup98,269966,ENSMUSG00000063550,nucleoporin 98,0.5116185063177756,9.573062035559037,3.9335732960374377,0.004012746261889992,0.0423419815175744,-2.121179957321549,Up,TRUE
WT_6h_ipsilateral_vs_contralateral,Mir23b,387217,ENSMUSG00000065599,microRNA 23b,-2.596364572240577,1.2981822861202885,-3.932526245221785,0.004018810853820326,0.042385895723886256,-2.1227514624075035,Down,TRUE
WT_6h_ipsilateral_vs_contralateral,Ankrd52,237615,ENSMUSG00000014498,ankyrin repeat domain 52,-0.5136398508068627,10.864960528307988,-3.9320187432988374,0.0040217538630686655,0.042396861003243975,-2.123513215818461,Down,TRUE
WT_6h_ipsilateral_vs_contralateral,Actr3b,242894,ENSMUSG00000056367,ARP3 actin-related protein 3B,-0.4895371738482108,11.632252804634971,-3.9315122720626685,0.004024693190779906,0.0424077771166615,-2.124273454922286,Down,TRUE
WT_6h_ipsilateral_vs_contralateral,Pacsin2,23970,ENSMUSG00000016664,protein kinase C and casein kinase substrate in neurons 2,0.5099083912163511,9.360586256465984,3.9306227293920157,0.004029861246403634,0.04241334508491284,-2.1256087828942185,Up,TRUE
WT_6h_ipsilateral_vs_contralateral,Ankib1,70797,ENSMUSG00000040351,ankyrin repeat and IBR domain containing 1,-0.46548190469966677,10.563468756313837,-3.930407248777463,0.004031114209718238,0.04241334508491284,-2.125932264609438,Down,TRUE
WT_6h_ipsilateral_vs_contralateral,Kctd7,212919,ENSMUSG00000034110,potassium channel tetramerisation domain containing 7,0.5688035547814394,8.740860030733085,3.9300344807753635,0.004033282740747333,0.04241334508491284,-2.126491881738933,Up,TRUE
WT_6h_ipsilateral_vs_contralateral,Gm11687,627160,ENSMUSG00000082480,ribosomal protein S2 pseudogene,0.45908403928781105,10.33997659839444,3.929899579702967,0.00403406781784652,0.04241334508491284,-2.12669440603485,Up,TRUE
WT_6h_ipsilateral_vs_contralateral,Arntl,NA,NA,NA,0.5258920569662315,9.013584982980824,3.9295601718094653,0.004036043775286167,0.04241334508491284,-2.12720396260623,Up,TRUE
WT_6h_ipsilateral_vs_contralateral,Zfp647,239546,ENSMUSG00000054967,zinc finger protein 647,0.7285851933734717,7.230830905226979,3.929456748791599,0.004036646086644903,0.04241334508491284,-2.127359235566666,Up,TRUE
WT_6h_ipsilateral_vs_contralateral,Zscan25,666311,ENSMUSG00000070420,zinc finger and SCAN domain containing 25,0.6669132254257795,8.302206467709365,3.928967853809664,0.004039494596161452,0.0424232636159813,-2.1280932508757973,Up,TRUE
WT_6h_ipsilateral_vs_contralateral,Imp4,27993,ENSMUSG00000026127,"IMP4, U3 small nucleolar ribonucleoprotein",0.6302441032502042,8.999494273849209,3.9281890327207067,0.004044036773749937,0.042438518676019575,-2.129262617216323,Up,TRUE
WT_6h_ipsilateral_vs_contralateral,Selenon,74777,ENSMUSG00000050989,selenoprotein N,0.5647971033341843,8.726728026511674,3.927868895957105,0.004045905431492577,0.042438518676019575,-2.1297433111820006,Up,TRUE
WT_6h_ipsilateral_vs_contralateral,Zranb2,53861,ENSMUSG00000028180,"zinc finger, RAN-binding domain containing 2",-0.48373301098960475,11.024972231416609,-3.9277391907958004,0.004046662790925503,0.042438518676019575,-2.129938070685715,Down,TRUE
WT_6h_ipsilateral_vs_contralateral,Gm16165,100416118,ENSMUSG00000089958,"tubulin, beta 2B pseudogene",-0.4904154813585002,9.522769803346483,-3.9270855334663564,0.004050481856770824,0.04245858040450358,-2.130919606056092,Down,TRUE
WT_6h_ipsilateral_vs_contralateral,Kbtbd7,211255,ENSMUSG00000043881,kelch repeat and BTB (POZ) domain containing 7,-0.47466694883044447,10.031222552174281,-3.9261035032721288,0.0040562267162246425,0.04249880061331322,-2.1323943300853117,Down,TRUE
WT_6h_ipsilateral_vs_contralateral,Mkx,210719,ENSMUSG00000061013,mohawk homeobox,1.1925270419743432,5.9451257220573694,3.924982581916811,0.004062794724906385,0.04254553262234259,-2.134077778199126,Up,TRUE
WT_6h_ipsilateral_vs_contralateral,Itsn2,20403,ENSMUSG00000020640,intersectin 2,-0.47067432106793916,9.934448027822686,-3.924690676625172,0.004064506999791023,0.04254553262234259,-2.1345162003957974,Down,TRUE
WT_6h_ipsilateral_vs_contralateral,Map3k11,26403,ENSMUSG00000004054,mitogen-activated protein kinase kinase kinase 11,0.5543980408903053,8.594026886272793,3.921070749197192,0.004085805142628425,0.04273035207217646,-2.139953988596411,Up,TRUE
WT_6h_ipsilateral_vs_contralateral,Tmem51,214359,ENSMUSG00000040616,transmembrane protein 51,0.8539275413568133,6.821606917907589,3.9210377241332943,0.004085999996127311,0.04273035207217646,-2.140003605898544,Up,TRUE
WT_6h_ipsilateral_vs_contralateral,Lmln,239833,ENSMUSG00000022802,leishmanolysin-like (metallopeptidase M8 family),-0.6005605956628717,8.740428842115724,-3.9182225103498642,0.004102646774057689,0.04288248224176314,-2.1442337298212957,Down,TRUE
WT_6h_ipsilateral_vs_contralateral,Col22a1,69700,ENSMUSG00000079022,"collagen, type XXII, alpha 1",-0.9443943079648225,6.196293294564695,-3.9177525150135852,0.0041054329746896025,0.04288248224176314,-2.144940040002786,Down,TRUE
WT_6h_ipsilateral_vs_contralateral,Itpr1,16438,ENSMUSG00000030102,"inositol 1,4,5-trisphosphate receptor 1",-0.5945328543169754,10.583080668758333,-3.9174769596331034,0.004107067446624885,0.04288248224176314,-2.145354158347536,Down,TRUE
WT_6h_ipsilateral_vs_contralateral,Krt80,74127,ENSMUSG00000037185,keratin 80,1.8546864018404916,3.4915407556429923,3.9172780568258423,0.00410824768143311,0.04288248224176314,-2.1456530853696085,Up,TRUE
WT_6h_ipsilateral_vs_contralateral,Mllt3,70122,ENSMUSG00000028496,"myeloid/lymphoid or mixed-lineage leukemia; translocated to, 3",-0.8271419279217085,9.705126786198619,-4.004351470510889,0.004120895310217911,0.04299435270965057,-2.1037282089855305,Down,TRUE
WT_6h_ipsilateral_vs_contralateral,Maml1,103806,ENSMUSG00000050567,mastermind like transcriptional coactivator 1,0.5932251396341321,8.590735047623175,3.9134365777269506,0.004131113156100724,0.04308077975287623,-2.1514273499536563,Up,TRUE
WT_6h_ipsilateral_vs_contralateral,Zfp973,545490,ENSMUSG00000078879,zinc finger protein 973,-0.7108330876711859,8.047350521742183,-3.912801879836464,0.004134904105317062,0.0431001352110143,-2.152381566866799,Down,TRUE
WT_6h_ipsilateral_vs_contralateral,Osbp,76303,ENSMUSG00000024687,oxysterol binding protein,-0.4552045719447566,10.374543519836315,-3.9115423593850873,0.004142438024430426,0.04314223772536578,-2.1542753048215015,Down,TRUE
WT_6h_ipsilateral_vs_contralateral,Pou4f3,18998,ENSMUSG00000024497,"POU domain, class 4, transcription factor 3",2.2571219493172885,2.4852359455822395,3.9112667750249397,0.004144088407214089,0.04314223772536578,-2.154689683365798,Up,TRUE
WT_6h_ipsilateral_vs_contralateral,Fam241b,69894,ENSMUSG00000020083,"family with sequence similarity 241, member B",0.619102453122732,8.930702763259342,3.911155715702821,0.004144753702908318,0.04314223772536578,-2.1548566788666053,Up,TRUE
WT_6h_ipsilateral_vs_contralateral,Chd5,269610,ENSMUSG00000005045,chromodomain helicase DNA binding protein 5,-0.5468689231096118,12.138235196412722,-3.909663610653652,0.004153703156065587,0.043210929881012224,-2.1571004492529875,Down,TRUE
WT_6h_ipsilateral_vs_contralateral,Hba-a2,110257,ENSMUSG00000069917,"hemoglobin alpha, adult chain 2",0.9219955828968445,11.278026726883684,4.1812097082889235,0.004155232853204407,0.043210929881012224,-2.0251804455055105,Up,TRUE
WT_6h_ipsilateral_vs_contralateral,Mphosph9,269702,ENSMUSG00000038126,M-phase phosphoprotein 9,-0.587831650984354,8.42221293299683,-3.908447314840535,0.0041610136055202675,0.04325085303918057,-2.1589296763706063,Down,TRUE
WT_6h_ipsilateral_vs_contralateral,Fgfbp3,72514,ENSMUSG00000047632,fibroblast growth factor binding protein 3,0.5995218058085161,8.234299940014273,3.90733598010252,0.004167705205861537,0.043274828017624264,-2.160601212403103,Up,TRUE
WT_6h_ipsilateral_vs_contralateral,Tbp,21374,ENSMUSG00000014767,TATA box binding protein,-0.5510308972103033,8.65173161660703,-3.9071462035627103,0.004168849041838332,0.043274828017624264,-2.1608866670299953,Down,TRUE
WT_6h_ipsilateral_vs_contralateral,Hsf1,15499,ENSMUSG00000022556,heat shock factor 1,0.668314565614704,8.821185593657418,3.9070965431670666,0.004169148414178302,0.043274828017624264,-2.1609613650517385,Up,TRUE
WT_6h_ipsilateral_vs_contralateral,Astn1,11899,ENSMUSG00000026587,astrotactin 1,-0.42481353922091003,12.262432128004534,-3.906590022862578,0.0041722032285610375,0.04328636558742297,-2.161723278985585,Down,TRUE
WT_6h_ipsilateral_vs_contralateral,Cds2,110911,ENSMUSG00000058793,CDP-diacylglycerol synthase 2,-0.5177824686926087,12.835166497670247,-3.9054589301471383,0.004179033457339415,0.04333704388372229,-2.1634247990904996,Down,TRUE
WT_6h_ipsilateral_vs_contralateral,Dnajc10,66861,ENSMUSG00000027006,DnaJ heat shock protein family (Hsp40) member C10,-0.4649716055284312,10.438474141677526,-3.904845290918378,0.00418274398011422,0.0433553383699601,-2.1643479734978754,Down,TRUE
WT_6h_ipsilateral_vs_contralateral,Mrps6,121022,ENSMUSG00000039680,mitochondrial ribosomal protein S6,0.6186273842832701,8.62374070759448,3.9038054072895343,0.004189039929027089,0.04338245994751502,-2.165912509166514,Up,TRUE
WT_6h_ipsilateral_vs_contralateral,Simc1,319719,ENSMUSG00000043183,SUMO-interacting motifs containing 1,0.6777094945302355,8.432957001503489,3.9035656648761377,0.004190492878029025,0.04338245994751502,-2.166273228048663,Up,TRUE
WT_6h_ipsilateral_vs_contralateral,Mapkbp1,26390,ENSMUSG00000033902,mitogen-activated protein kinase binding protein 1,-0.562811881446871,10.888931355144475,-3.903448472484767,0.004191203313447916,0.04338245994751502,-2.16644955955229,Down,TRUE
WT_6h_ipsilateral_vs_contralateral,Proser2,227545,ENSMUSG00000045319,proline and serine rich 2,1.1155219955951905,6.403553511401533,3.9023057753357477,0.004198137234441272,0.043434048721402385,-2.1681689897277865,Up,TRUE
WT_6h_ipsilateral_vs_contralateral,Sec61a2,57743,ENSMUSG00000025816,SEC61 translocon subunit alpha 2,-0.4863382654693513,9.700825505088092,-3.901902831777539,0.004200585227944413,0.04343919960652823,-2.1687753429785968,Down,TRUE
WT_6h_ipsilateral_vs_contralateral,Gm8599,108168916,ENSMUSG00000102666,40S ribosomal protein S18 pseudogene,1.1709624009179445,5.246821718577311,3.9005465396461085,0.004208836281018318,0.04350432861238192,-2.1708164543147115,Up,TRUE
WT_6h_ipsilateral_vs_contralateral,Kif5c,16574,ENSMUSG00000026764,kinesin family member 5C,-0.4166987554043775,14.198421482913377,-3.899947540662153,0.004212485819737305,0.04350678727057006,-2.171717973647901,Down,TRUE
WT_6h_ipsilateral_vs_contralateral,Pfas,237823,ENSMUSG00000020899,phosphoribosylformylglycinamidine synthase (FGAR amidotransferase),-0.5367681664699244,8.91880317432053,-3.8998663950451156,0.004212980477783148,0.04350678727057006,-2.171840104777095,Down,TRUE
WT_6h_ipsilateral_vs_contralateral,Fchsd1,319262,ENSMUSG00000038524,FCH and double SH3 domains 1,0.6439525769173198,8.152005186083565,3.899474887582929,0.004215367951524745,0.04351127021325935,-2.172429368802397,Up,TRUE
WT_6h_ipsilateral_vs_contralateral,Gm6566,625237,ENSMUSG00000113918,predicted gene 6566,-1.8198751064657612,3.7977174595087595,-3.8989877941367954,0.0042183403399870326,0.04352178373006538,-2.173162527707057,Down,TRUE
WT_6h_ipsilateral_vs_contralateral,Gm20336,100504660,ENSMUSG00000114139,"predicted gene, 20336",0.9582028366153716,6.661471047974832,3.898547720100704,0.004221027725948695,0.04352934842384591,-2.1738249400177487,Up,TRUE
WT_6h_ipsilateral_vs_contralateral,Rbms3,207181,ENSMUSG00000039607,"RNA binding motif, single stranded interacting protein",-0.5547027998374574,9.057652089336408,-3.8981917409223668,0.004223202909629524,0.04353162647477911,-2.174360788104174,Down,TRUE
WT_6h_ipsilateral_vs_contralateral,Hmgxb4,70823,ENSMUSG00000034518,HMG box domain containing 4,-0.5724605124294371,8.360447451864871,-3.8965341307276398,0.004233347380171378,0.04361600966388411,-2.1768561641702497,Down,TRUE
WT_6h_ipsilateral_vs_contralateral,Adra1d,11550,ENSMUSG00000027335,"adrenergic receptor, alpha 1d",-1.5280512322854252,8.21561053918212,-4.38857351667259,0.004244204308864408,0.04370765186313207,-1.9491442153087863,Down,TRUE
WT_6h_ipsilateral_vs_contralateral,Fsd1l,319636,ENSMUSG00000054752,fibronectin type III and SPRY domain containing 1-like,-0.5037395484955738,9.984755005532202,-3.8943566713889948,0.004246712838243818,0.04371327563395612,-2.180134648658269,Down,TRUE
WT_6h_ipsilateral_vs_contralateral,Atf1,11908,ENSMUSG00000023027,activating transcription factor 1,0.6593036294208741,7.857420418374176,3.8929327414614128,0.00425547741162005,0.04378326066689913,-2.1822789059066823,Up,TRUE
WT_6h_ipsilateral_vs_contralateral,S100a11,20195,ENSMUSG00000027907,S100 calcium binding protein A11,1.0199820810749136,7.496219953861482,3.8933627343913155,0.004271264553607748,0.04392540070711569,-2.1845764211189564,Up,TRUE
WT_6h_ipsilateral_vs_contralateral,Nup155,170762,ENSMUSG00000022142,nucleoporin 155,-0.5468361006787976,8.946346200616182,-3.88885295138332,0.004280696408125911,0.044002082367791726,-2.188423958162499,Down,TRUE
WT_6h_ipsilateral_vs_contralateral,Cd84,12523,ENSMUSG00000038147,CD84 antigen,1.096457362109403,5.455875820248124,3.8877305902605053,0.004287662163143208,0.044035172201994245,-2.1901148440845173,Up,TRUE
WT_6h_ipsilateral_vs_contralateral,Spef2,320277,ENSMUSG00000072663,sperm flagellar 2,-1.562651204900937,4.927195672236804,-3.8874078327752044,0.004289667544716534,0.044035172201994245,-2.190601121483434,Down,TRUE
WT_6h_ipsilateral_vs_contralateral,Klhl23,277396,ENSMUSG00000042155,kelch-like 23,-0.4405051179295967,11.851781720506263,-3.8870981727944436,0.0042915924887535145,0.044035172201994245,-2.1910676779885696,Down,TRUE
WT_6h_ipsilateral_vs_contralateral,Htr1d,15552,ENSMUSG00000070687,5-hydroxytryptamine (serotonin) receptor 1D,1.1562388323669266,5.507275466290304,3.887061090065048,0.0042918230684861735,0.044035172201994245,-2.1911235503607793,Up,TRUE
WT_6h_ipsilateral_vs_contralateral,Card19,68480,ENSMUSG00000037960,"caspase recruitment domain family, member 19",0.8607991097086414,7.255767718447094,3.88450602731589,0.004307742283939332,0.04417815809150489,-2.19497366540255,Up,TRUE
WT_6h_ipsilateral_vs_contralateral,Plppr5,75769,ENSMUSG00000033342,phospholipid phosphatase related 5,-0.45448012071000043,10.982324823700752,-3.88408662411171,0.004310361373653525,0.04418467537879994,-2.195605724166981,Down,TRUE
WT_6h_ipsilateral_vs_contralateral,Papolb,56522,ENSMUSG00000074817,poly (A) polymerase beta (testis specific),-1.3149268962475462,4.944564072543374,-3.883089015251561,0.00431659807343443,0.04422825302932472,-2.1971092521590343,Down,TRUE
WT_6h_ipsilateral_vs_contralateral,Tgfbr3,21814,ENSMUSG00000029287,"transforming growth factor, beta receptor III",-0.7083144881094334,7.991173094333433,-3.8823409766385377,0.0043212808648146195,0.04425170015022881,-2.1982367264474236,Down,TRUE
WT_6h_ipsilateral_vs_contralateral,Sfrp1,20377,ENSMUSG00000031548,secreted frizzled-related protein 1,0.7981382263610808,8.96270938194985,3.899270927925908,0.00432285968695389,0.04425170015022881,-2.189684495066089,Up,TRUE
WT_6h_ipsilateral_vs_contralateral,Zhx1,22770,ENSMUSG00000022361,zinc fingers and homeoboxes 1,-0.8657154817846173,10.256489659595307,-4.05746243628185,0.004328375307481961,0.04428780889947665,-2.1115307548058295,Down,TRUE
WT_6h_ipsilateral_vs_contralateral,Ighmbp2,20589,ENSMUSG00000024831,immunoglobulin mu DNA binding protein 2,0.6978677049109674,8.23508791933251,3.8808896840284928,0.004330381559479454,0.044287993221948964,-2.2004243730460438,Up,TRUE
WT_6h_ipsilateral_vs_contralateral,Dpysl3,22240,ENSMUSG00000024501,dihydropyrimidinase-like 3,-0.39689271230179735,14.920342765231913,-3.880551866772815,0.004332502860285631,0.04428935347079506,-2.200933629065003,Down,TRUE
WT_6h_ipsilateral_vs_contralateral,Zfp160,224585,ENSMUSG00000067942,zinc finger protein 160,-0.5796488104349127,8.711380014462366,-3.8799536378887454,0.004336262119287576,0.0443017593775875,-2.2018354878452504,Down,TRUE
WT_6h_ipsilateral_vs_contralateral,Fzd3,14365,ENSMUSG00000007989,frizzled class receptor 3,-0.43171588382745263,11.11243501682262,-3.87972589744374,0.004337694150505874,0.0443017593775875,-2.202178829236235,Down,TRUE
WT_6h_ipsilateral_vs_contralateral,Uhrf1bp1,NA,NA,NA,0.608830773111702,9.563541493257622,3.879104203904303,0.00434160592711866,0.04432138956304681,-2.2031161270562167,Up,TRUE
WT_6h_ipsilateral_vs_contralateral,Shisa5,66940,ENSMUSG00000025647,shisa family member 5,0.5340089641308747,9.363083410432662,3.876981607680142,0.004354989967359814,0.04443765530139251,-2.2063166275624013,Up,TRUE
WT_6h_ipsilateral_vs_contralateral,Zfp970,628308,ENSMUSG00000078866,zinc finger protein 970,-0.8119322494596339,7.478245199291318,-3.876135970639661,0.004360334392289683,0.04447181711916332,-2.2075918553148446,Down,TRUE
WT_6h_ipsilateral_vs_contralateral,Slamf8,74748,ENSMUSG00000053318,SLAM family member 8,2.485986678764288,1.7291111727327624,3.875557978517051,0.004363991327414128,0.04448874453919895,-2.208463523508068,Up,TRUE
WT_6h_ipsilateral_vs_contralateral,D430019H16Rik,268595,ENSMUSG00000094910,RIKEN cDNA D430019H16 gene,-0.4696053504454589,12.650599544925946,-3.8752247712224377,0.004366101004678382,0.04448917053856233,-2.2089660513289466,Down,TRUE
WT_6h_ipsilateral_vs_contralateral,Mettl21c,433294,ENSMUSG00000047343,"methyltransferase 21C, AARS1 lysine",-2.3368060256609855,3.3809836471901904,-3.8749206219943653,0.0043680276528770285,0.04448917053856233,-2.2094247671806384,Down,TRUE
WT_6h_ipsilateral_vs_contralateral,Id2,15902,ENSMUSG00000020644,inhibitor of DNA binding 2,0.539412626002699,11.242237009416252,3.874530335525254,0.00437050127050813,0.04449402001854141,-2.210013411510398,Up,TRUE
WT_6h_ipsilateral_vs_contralateral,Gm14288,13999,ENSMUSG00000078889,predicted gene 14288,-0.8302370648543729,8.452172044582968,-3.8740317990465747,0.004373663145679338,0.044503162786623404,-2.2107653500267848,Down,TRUE
WT_6h_ipsilateral_vs_contralateral,Galnt6,207839,ENSMUSG00000037280,polypeptide N-acetylgalactosaminyltransferase 6,1.2456060085300322,4.989415779159605,3.8737588781963725,0.00437539512918991,0.044503162786623404,-2.2111770074196917,Up,TRUE
WT_6h_ipsilateral_vs_contralateral,Hcls1,15163,ENSMUSG00000022831,hematopoietic cell specific Lyn substrate 1,0.9792924999474124,5.904741433005901,3.8724229727660027,0.004383883484284471,0.04456914861361779,-2.2131921404302757,Up,TRUE
WT_6h_ipsilateral_vs_contralateral,Wipf3,330319,ENSMUSG00000086040,"WAS/WASL interacting protein family, member 3",-2.198033193353149,11.141176305743048,-5.314273384564836,0.004388327387103757,0.04459397470243439,-1.6492235001018027,Down,TRUE
WT_6h_ipsilateral_vs_contralateral,Rpsa-ps10,100040633,ENSMUSG00000047676,"ribosomal protein SA, pseudogene 10",0.41557106990639703,12.838481817977978,3.8694179686442727,0.004403041579068888,0.0447222191272614,-2.2177258188720144,Up,TRUE
WT_6h_ipsilateral_vs_contralateral,Gm2296,NA,NA,NA,0.4684555987343124,10.534906464199373,3.869117372419822,0.004404962907529136,0.0447222191272614,-2.2181793929588602,Up,TRUE
WT_6h_ipsilateral_vs_contralateral,Prkcsh,19089,ENSMUSG00000003402,protein kinase C substrate 80K-H,0.47718059879322716,10.250802510591583,3.8681746438080284,0.004410994372733866,0.04474424071571479,-2.2196019628203736,Up,TRUE
WT_6h_ipsilateral_vs_contralateral,Rnpc3,67225,ENSMUSG00000027981,"RNA-binding region (RNP1, RRM) containing 3",-0.6488317511995048,7.69271985166978,-3.868150432819687,0.004411149387731074,0.04474424071571479,-2.219638498458446,Down,TRUE
WT_6h_ipsilateral_vs_contralateral,Nup50,18141,ENSMUSG00000016619,nucleoporin 50,0.4584059233672555,9.937542433330826,3.8674864751130125,0.004415402756270211,0.04476699881471049,-2.2206404734365845,Up,TRUE
WT_6h_ipsilateral_vs_contralateral,Zc3h8,57432,ENSMUSG00000027387,zinc finger CCCH type containing 8,1.215199554046949,5.938574938114577,3.8667272904856818,0.004420271518046334,0.04479597273179349,-2.2217862218341367,Up,TRUE
WT_6h_ipsilateral_vs_contralateral,Foxred2,239554,ENSMUSG00000016552,FAD-dependent oxidoreductase domain containing 2,0.6644071891556003,9.049046341529587,3.8654512082706756,0.004428468126748318,0.044858630069722044,-2.2237122241558804,Up,TRUE
WT_6h_ipsilateral_vs_contralateral,C2cd4c,237397,ENSMUSG00000045912,C2 calcium-dependent domain containing 4C,0.8666876354659081,8.65944193278787,3.8956664148486055,0.004430826965790067,0.04486212302862443,-2.2083270573149054,Up,TRUE
WT_6h_ipsilateral_vs_contralateral,Gpatch3,242691,ENSMUSG00000028850,G patch domain containing 3,1.0727882730462346,7.0726916055838425,3.8643863968433596,0.004435320096552497,0.04488721269909445,-2.225319507995647,Up,TRUE
WT_6h_ipsilateral_vs_contralateral,Epop,103551,ENSMUSG00000043439,elongin BC and polycomb repressive complex 2 associated protein,1.4377584860522417,8.338513666408288,4.313390658331696,0.004442982779588693,0.044944342150471446,-2.0130543084490933,Up,TRUE
WT_6h_ipsilateral_vs_contralateral,Gm2007,102639653,ENSMUSG00000094932,predicted gene 2007,-0.652306114825655,8.322962457479676,-3.862040185426116,0.0044504577056026905,0.04499107735375157,-2.2288615015490647,Down,TRUE
WT_6h_ipsilateral_vs_contralateral,Igf1r,16001,ENSMUSG00000005533,insulin-like growth factor I receptor,-0.5300879877223696,10.13284275886123,-3.8618569260996827,0.00445164240124213,0.04499107735375157,-2.229138190442205,Down,TRUE
WT_6h_ipsilateral_vs_contralateral,Gphn,268566,ENSMUSG00000047454,gephyrin,-0.44128349208734363,10.602320008802927,-3.8603284003311846,0.004461536799647661,0.04507062685358351,-2.231446153472458,Down,TRUE
WT_6h_ipsilateral_vs_contralateral,2700081O15Rik,NA,NA,NA,-0.4344649966594698,11.441501668711865,-3.8592741686087497,0.00446837468043593,0.0450937973460704,-2.2330381351781963,Down,TRUE
WT_6h_ipsilateral_vs_contralateral,Dkk1,13380,ENSMUSG00000024868,dickkopf WNT signaling pathway inhibitor 1,2.56753657102021,1.7698861188607236,3.858942893620701,0.004470525679303444,0.0450937973460704,-2.2335384176121824,Up,TRUE
WT_6h_ipsilateral_vs_contralateral,Arpc5,67771,ENSMUSG00000008475,"actin related protein 2/3 complex, subunit 5",-0.51485743094190894,12.287280941098297,-3.8589000938233564,0.004470803662854921,0.0450937973460704,-2.2336030536853366,Down,TRUE
WT_6h_ipsilateral_vs_contralateral,Slc10a4-ps,545758,ENSMUSG00000060204,"solute carrier family 10 (sodium/bile acid cotransporter family), pseudogene",1.103620801887086,5.705020035168745,3.8585294442799607,0.00447321179307721,0.0450937973460704,-2.2341628165236287,Up,TRUE
WT_6h_ipsilateral_vs_contralateral,Atl3,109168,ENSMUSG00000024759,atlastin GTPase 3,-0.5498194107799943,9.545594649449699,-3.858215307241561,0.00447525384154042,0.0450937973460704,-2.2346372462556117,Down,TRUE
WT_6h_ipsilateral_vs_contralateral,Tnrc6b,213988,ENSMUSG00000047888,trinucleotide repeat containing 6b,-0.7437072881737592,10.682020964146714,-3.928579906106234,0.004475976921758099,0.0450937973460704,-2.1983251268873136,Down,TRUE
WT_6h_ipsilateral_vs_contralateral,Mertk,17289,ENSMUSG00000014361,MER proto-oncogene tyrosine kinase,-0.5544427132565151,8.624893648278118,-3.857185629524725,0.004481954236662255,0.04513088948327887,-2.2361924164396907,Down,TRUE
WT_6h_ipsilateral_vs_contralateral,Rhpn2,52428,ENSMUSG00000030494,"rhophilin, Rho GTPase binding protein 2",0.8794858841127287,6.654318952692691,3.8569159602286067,0.0044837108160043155,0.04513088948327887,-2.23659973215461,Up,TRUE
WT_6h_ipsilateral_vs_contralateral,Rc3h2,319817,ENSMUSG00000075376,ring finger and CCCH-type zinc finger domains 2,-0.4443562702292798,10.337363912728883,-3.856360877807121,0.004487328838679185,0.04514690599890643,-2.237438171730548,Down,TRUE
WT_6h_ipsilateral_vs_contralateral,Bik,12124,ENSMUSG00000016758,BCL2-interacting killer,2.5323170964156314,1.8489218345276002,3.8557552958795815,0.004491279568204515,0.04515221481345007,-2.2383529330364116,Up,TRUE
WT_6h_ipsilateral_vs_contralateral,Gm3558,100041874,ENSMUSG00000079364,predicted gene 3558,0.7260094496620484,8.284948140295473,3.855373902045386,0.004493769630392429,0.04515221481345007,-2.2389290704074423,Up,TRUE
WT_6h_ipsilateral_vs_contralateral,Magee1,107528,ENSMUSG00000031227,MAGE family member E1,-0.438182674808262,11.899515505984464,-3.855219055904393,0.004494781017401321,0.04515221481345007,-2.239162987668877,Down,TRUE
WT_6h_ipsilateral_vs_contralateral,Cracd,320827,ENSMUSG00000036377,capping protein inhibiting regulator of actin,-0.487405331692095,12.16206133250278,-3.854728098873569,0.004497989338437272,0.04515221481345007,-2.2399046680882186,Down,TRUE
WT_6h_ipsilateral_vs_contralateral,Ccno,218630,ENSMUSG00000042417,cyclin O,1.3756542502876288,4.938723913410873,3.8542526444080303,0.004501098680586849,0.04515221481345007,-2.240622957367684,Up,TRUE
WT_6h_ipsilateral_vs_contralateral,Bahd1,228536,ENSMUSG00000040007,bromo adjacent homology domain containing 1,0.4424272818607662,10.336149882702863,3.853513899431244,0.004505934418978827,0.04515221481345007,-2.2417390660914096,Up,TRUE
WT_6h_ipsilateral_vs_contralateral,Gpalpp1,67467,ENSMUSG00000022008,GPALPP motifs containing 1,-0.5291336654832506,9.665077287973737,-3.853500304899165,0.004506023459094954,0.04515221481345007,-2.241759605576375,Down,TRUE
WT_6h_ipsilateral_vs_contralateral,Rab31,106572,ENSMUSG00000056515,"RAB31, member RAS oncogene family",0.42916943664580565,10.977038671176642,3.853477260629484,0.004506174396449862,0.04515221481345007,-2.2417944223788178,Up,TRUE
WT_6h_ipsilateral_vs_contralateral,Ccdc47,67163,ENSMUSG00000078622,coiled-coil domain containing 47,-0.49573065133073513,10.996389110155395,-3.852894070775284,0.004509996019187835,0.04515221481345007,-2.24267556584984,Down,TRUE
WT_6h_ipsilateral_vs_contralateral,Spata2,263876,ENSMUSG00000047030,spermatogenesis associated 2,0.4689836484522605,10.795436228307004,3.852613776555776,0.00451183400700235,0.04515221481345007,-2.2430990782148204,Up,TRUE
WT_6h_ipsilateral_vs_contralateral,Hpca,15444,ENSMUSG00000028785,hippocalcin,-0.5890718322269031,13.223668441784241,-3.852578253599972,0.004512067000544369,0.04515221481345007,-2.243152752545619,Down,TRUE
WT_6h_ipsilateral_vs_contralateral,Shisa9,72555,ENSMUSG00000022494,shisa family member 9,0.6984097277569283,9.886642471950372,3.860720105648018,0.004512180928158916,0.04515221481345007,-2.2388866055113983,Up,TRUE
WT_6h_ipsilateral_vs_contralateral,Spsb3,79043,ENSMUSG00000024160,splA/ryanodine receptor domain and SOCS box containing 3,0.8646042886718863,7.275269665642721,3.851910779145992,0.004516447323112848,0.04516558188923342,-2.2441613192621315,Up,TRUE
WT_6h_ipsilateral_vs_contralateral,Gprin2,432839,ENSMUSG00000071531,G protein regulated inducer of neurite outgrowth 2,1.116635446203607,8.095618259362258,4.0016137363483795,0.004517572006698634,0.04516558188923342,-2.168066144289887,Up,TRUE
WT_6h_ipsilateral_vs_contralateral,Insl3,16336,ENSMUSG00000079019,insulin-like 3,2.555875170164972,1.2779375850824861,3.8506480796085647,0.004524746237146195,0.04520803741036824,-2.246069432518654,Up,TRUE
WT_6h_ipsilateral_vs_contralateral,Cys1,12879,ENSMUSG00000062563,cystin 1,0.8094352613846549,7.204283557274508,3.850476132137558,0.004525877594842701,0.04520803741036824,-2.246329284054668,Up,TRUE
WT_6h_ipsilateral_vs_contralateral,Tirap,117149,ENSMUSG00000032041,toll-interleukin 1 receptor (TIR) domain-containing adaptor protein,1.0229461497090924,6.681745102636508,3.8489446905082354,0.004535967292923407,0.04528851252795558,-2.248643799314011,Up,TRUE
WT_6h_ipsilateral_vs_contralateral,Dcun1d1,114893,ENSMUSG00000027708,defective in cullin neddylation 1 domain containing 1,-0.5295346024110223,9.97317528631973,-3.8485907847583793,0.004538302363516998,0.045291525603647464,-2.2491787090780253,Down,TRUE
WT_6h_ipsilateral_vs_contralateral,Gpr183,321019,ENSMUSG00000051212,G protein-coupled receptor 183,1.221356064788611,5.687526436215528,3.8475206611150243,0.004545370841102756,0.04533471729575692,-2.2507962378327946,Up,TRUE
WT_6h_ipsilateral_vs_contralateral,Gm7516,665145,ENSMUSG00000100561,ribosomal protein SA pseudogene,0.48204562954971664,9.982693368867743,3.8473195247031913,0.004546700715543029,0.04533471729575692,-2.2511002781575975,Up,TRUE
WT_6h_ipsilateral_vs_contralateral,Ptpn12,19248,ENSMUSG00000028771,"protein tyrosine phosphatase, non-receptor type 12",0.511319949666575,9.652782293359333,3.8465954213866462,0.004551491780550798,0.04534303522120635,-2.2521948829664984,Up,TRUE
WT_6h_ipsilateral_vs_contralateral,Nrarp,67122,ENSMUSG00000078202,Notch-regulated ankyrin repeat protein,-0.8037306415882606,7.336033599824987,-3.8465781475611887,0.0045516061393767624,0.04534303522120635,-2.2522209960658524,Down,TRUE
WT_6h_ipsilateral_vs_contralateral,Sox5,20678,ENSMUSG00000041540,SRY (sex determining region Y)-box 5,-0.9014457455398812,9.858762141008672,-4.034807699196579,0.004558167472403402,0.04537171403390436,-2.157973443767924,Down,TRUE
WT_6h_ipsilateral_vs_contralateral,Agap2,216439,ENSMUSG00000025422,"ArfGAP with GTPase domain, ankyrin repeat and PH domain 2",-0.5841192680370035,14.072800993411287,-3.8454257937585647,0.004559242051919465,0.04537171403390436,-2.2539631092214476,Down,TRUE
WT_6h_ipsilateral_vs_contralateral,Ppp3r1,19058,ENSMUSG00000033953,"protein phosphatase 3, regulatory subunit B, alpha isoform (calcineurin B, type I)",-0.4229697769553695,12.919572141311576,-3.8452217363461854,0.004560595632857996,0.04537171403390436,-2.2542716174916473,Down,TRUE
WT_6h_ipsilateral_vs_contralateral,Crtc2,74343,ENSMUSG00000027936,CREB regulated transcription coactivator 2,0.6485933651554365,8.60500462023809,3.8431040333702757,0.004574668386022123,0.045491401026179816,-2.2574736105859197,Up,TRUE
WT_6h_ipsilateral_vs_contralateral,Zfas1,68949,ENSMUSG00000074578,"zinc finger, NFX1-type containing 1, antisense RNA 1",0.6429934711030754,8.169902252128022,3.842482234139554,0.004578809209936525,0.04551226021924859,-2.258413883153243,Up,TRUE
WT_6h_ipsilateral_vs_contralateral,Gm14440,NA,NA,NA,-0.9622873165818291,8.150673067191812,-3.882714620961532,0.004588869299389644,0.04559191063510452,-2.2388218450064308,Down,TRUE
WT_6h_ipsilateral_vs_contralateral,Klhdc8a,213417,ENSMUSG00000042115,kelch domain containing 8A,0.6408016354013686,9.188334312112772,3.8401044153975947,0.00459468100453078,0.04562929976635004,-2.262010010836102,Up,TRUE
WT_6h_ipsilateral_vs_contralateral,Zfp64,22722,ENSMUSG00000027551,zinc finger protein 64,0.64272418915243,8.745503144518484,3.8396172456414037,0.0045979400661936235,0.04564131683353964,-2.262746874338376,Up,TRUE
WT_6h_ipsilateral_vs_contralateral,Snx33,235406,ENSMUSG00000032733,sorting nexin 33,0.9522218414638743,7.120646330418754,3.839210774952901,0.004600661154129801,0.045647985393425974,-2.263361699540839,Up,TRUE
WT_6h_ipsilateral_vs_contralateral,Jak2,16452,ENSMUSG00000024789,Janus kinase 2,0.46448504861328743,9.99746567873164,3.838744994594052,0.0046037813970665935,0.045653927230569345,-2.2640662610625863,Up,TRUE
WT_6h_ipsilateral_vs_contralateral,Aldh1l1,107747,ENSMUSG00000030088,"aldehyde dehydrogenase 1 family, member L1",0.47581452875116703,10.396477882650883,3.838037161580016,0.004608527460197599,0.045653927230569345,-2.2651370137531144,Up,TRUE
WT_6h_ipsilateral_vs_contralateral,Scg2,20254,ENSMUSG00000050711,secretogranin II,-0.4503069977677878,11.881803063143455,-3.8378965070071143,0.004609471178627145,0.045653927230569345,-2.2653497919440726,Down,TRUE
WT_6h_ipsilateral_vs_contralateral,Mixl1,27217,ENSMUSG00000026497,Mix paired-like homeobox,2.6364947354093027,1.3182473677046516,3.8376980730745243,0.004610802916595307,0.045653927230569345,-2.265649981201963,Up,TRUE
WT_6h_ipsilateral_vs_contralateral,Susd3,66329,ENSMUSG00000021384,sushi domain containing 3,-1.8431466703319508,3.3945905478121947,-3.837330821437523,0.0046132687129563235,0.045653927230569345,-2.2662055692265577,Down,TRUE
WT_6h_ipsilateral_vs_contralateral,Gm10941,100169878,ENSMUSG00000078444,predicted gene 10941,1.6974485169226154,3.5434929326111795,3.837287844491523,0.004613557360090307,0.045653927230569345,-2.2662705869689486,Up,TRUE
WT_6h_ipsilateral_vs_contralateral,Osr1,23967,ENSMUSG00000048387,odd-skipped related transcription factor 1,-1.3557790197082609,5.871261932459742,-3.835258269621808,0.004627210589877096,0.045768701549517,-2.2693412896292173,Down,TRUE
WT_6h_ipsilateral_vs_contralateral,Slc25a24,229731,ENSMUSG00000040322,"solute carrier family 25 (mitochondrial carrier, phosphate carrier), member 24",0.8899149844389207,7.174683393868096,3.834123933494389,0.004634860181933062,0.04580493692121146,-2.2710577347185676,Up,TRUE
WT_6h_ipsilateral_vs_contralateral,Tgfbr3l,100044509,ENSMUSG00000089736,"transforming growth factor, beta receptor III-like",-1.5751655913766163,4.096247603656865,-3.83410519540403,0.004634986658604293,0.04580493692121146,-2.2710860899815737,Down,TRUE
WT_6h_ipsilateral_vs_contralateral,Cd34,12490,ENSMUSG00000016494,CD34 antigen,0.5242672452856993,9.1933185092955,3.8333760648767665,0.004639910935693452,0.045833266559898736,-2.2721894741034445,Up,TRUE
WT_6h_ipsilateral_vs_contralateral,Ttc39b,69863,ENSMUSG00000038172,tetratricopeptide repeat domain 39B,-0.5852380485917195,9.365214413227733,-3.832384958531358,0.004646613443560778,0.0458791287479239,-2.2736894069689395,Down,TRUE
WT_6h_ipsilateral_vs_contralateral,Tmco4,77056,ENSMUSG00000041143,transmembrane and coiled-coil domains 4,1.0923763262407924,5.9245423229594705,3.8319680078082867,0.004649436219599323,0.04588666007601902,-2.2743204528502696,Up,TRUE
WT_6h_ipsilateral_vs_contralateral,Gpr6,140741,ENSMUSG00000046922,G protein-coupled receptor 6,1.064218511442804,6.278774667390875,3.830910036926769,0.00465660693798037,0.04593707685718013,-2.275921763967938,Up,TRUE
WT_6h_ipsilateral_vs_contralateral,Prepl,213760,ENSMUSG00000024127,prolyl endopeptidase-like,-0.4379849762745991,12.252710155443268,-3.8274329869651487,0.004680256841407336,0.046149942958100224,-2.281185476780249,Down,TRUE
WT_6h_ipsilateral_vs_contralateral,Htr7,15566,ENSMUSG00000024798,5-hydroxytryptamine (serotonin) receptor 7,-0.5796764989987278,8.27328462721724,-3.8271289800297223,0.004682330686738884,0.04614996285270293,-2.2816457659516827,Down,TRUE
WT_6h_ipsilateral_vs_contralateral,Mlxip,208104,ENSMUSG00000038342,MLX interacting protein,0.5496552171132603,9.872732616370902,3.8248109249578843,0.004698176010908996,0.046283158116642596,-2.2851558437407764,Up,TRUE
WT_6h_ipsilateral_vs_contralateral,Erlin1,226144,ENSMUSG00000025198,ER lipid raft associated 1,-0.5267474267501218,8.965399529479214,-3.824544599563384,0.00470000016430283,0.046283158116642596,-2.2855591645336526,Down,TRUE
WT_6h_ipsilateral_vs_contralateral,Atp1b1,11931,ENSMUSG00000026576,"ATPase, Na+/K+ transporting, beta 1 polypeptide",-0.4417986013463455,14.537219159267709,-3.8233893666281036,0.004707921490229294,0.04634067662167809,-2.2873087386836666,Down,TRUE
WT_6h_ipsilateral_vs_contralateral,Defb9,246079,ENSMUSG00000047390,defensin beta 9,-2.5005498508074004,1.2502749254037004,-3.8226878917797973,0.0047127383797348965,0.04635994523164269,-2.288371185546236,Down,TRUE
WT_6h_ipsilateral_vs_contralateral,Slc39a4,72027,ENSMUSG00000063354,"solute carrier family 39 (zinc transporter), member 4",-1.8304699575174386,3.9731026604922652,-3.8224982420049134,0.004714041569008786,0.04635994523164269,-2.2886584374749557,Down,TRUE
WT_6h_ipsilateral_vs_contralateral,Adcy5,224129,ENSMUSG00000022840,adenylate cyclase 5,-0.48096790105175913,11.27890055689857,-3.8219541776858703,0.004717782269486936,0.04637625774617012,-2.289482525552933,Down,TRUE
WT_6h_ipsilateral_vs_contralateral,Arhgap39,223666,ENSMUSG00000033697,Rho GTPase activating protein 39,-0.4874955857313097,10.917786818181844,-3.8189194871087535,0.004738705313787816,0.04655209960368326,-2.294079795632001,Down,TRUE
WT_6h_ipsilateral_vs_contralateral,Zfp966,667962,ENSMUSG00000089756,zinc finger protein 966,-1.0193920607217661,7.646563073183392,-3.838748640360656,0.004740562100222696,0.04655209960368326,-2.283823138388322,Down,TRUE
WT_6h_ipsilateral_vs_contralateral,Spred2,114716,ENSMUSG00000045671,sprouty-related EVH1 domain containing 2,-0.5284861758479646,10.59884199727934,-3.8184515975902764,0.004741940022480688,0.04655209960368326,-2.2947887034402905,Down,TRUE
WT_6h_ipsilateral_vs_contralateral,Phf19,74016,ENSMUSG00000026873,PHD finger protein 19,1.0815831176928237,5.468925867985166,3.817911192469073,0.0047456789888305215,0.04655811370665718,-2.2956075139354377,Up,TRUE
WT_6h_ipsilateral_vs_contralateral,Npw,381073,ENSMUSG00000071230,neuropeptide W,-2.460724296978032,1.6895865663770444,-3.8177589434621444,0.004746732939520469,0.04655811370665718,-2.2958382048192325,Down,TRUE
WT_6h_ipsilateral_vs_contralateral,Srsf7,225027,ENSMUSG00000024097,serine and arginine-rich splicing factor 7,0.4524642179725511,11.142582064313821,3.816788526150175,0.004753456561013504,0.04660354088757738,-2.297308667393554,Up,TRUE
WT_6h_ipsilateral_vs_contralateral,Znrf2,387524,ENSMUSG00000058446,zinc and ring finger 2,-0.6631367461757733,10.725519344264102,-3.8322538647329623,0.00476074165909159,0.04665443046910038,-2.2901209435400025,Down,TRUE
WT_6h_ipsilateral_vs_contralateral,Zfp800,627049,ENSMUSG00000039841,zinc finger protein 800,0.6557314449182883,7.68901901459284,3.8147733488457307,0.004767451329575062,0.04668914026366458,-2.3003626071406726,Up,TRUE
WT_6h_ipsilateral_vs_contralateral,Sbk3,381835,ENSMUSG00000085272,"SH3 domain binding kinase family, member 3",1.4412786413505536,4.41879288365852,3.814626105865403,0.00476847560493095,0.04668914026366458,-2.300585768637867,Up,TRUE
WT_6h_ipsilateral_vs_contralateral,Sucnr1,84112,ENSMUSG00000027762,succinate receptor 1,2.6247224390649415,1.7984790528830892,3.814226617541668,0.004771255771139658,0.04669583580937428,-2.3011912464394024,Up,TRUE
WT_6h_ipsilateral_vs_contralateral,Calca,12310,ENSMUSG00000030669,"calcitonin/calcitonin-related polypeptide, alpha",1.3468592818942708,5.462711680272472,3.8129251162888735,0.0047803253159949604,0.04675006892469801,-2.3031639788142995,Up,TRUE
WT_6h_ipsilateral_vs_contralateral,Pip5k1b,18719,ENSMUSG00000024867,"phosphatidylinositol-4-phosphate 5-kinase, type 1 beta",-0.8983523337758221,7.718039972109853,-3.812495471671853,0.004783323336408023,0.04675006892469801,-2.3038152515712875,Down,TRUE
WT_6h_ipsilateral_vs_contralateral,Fam184a,75906,ENSMUSG00000019856,"family with sequence similarity 184, member A",0.6086206016536959,8.501052202684093,3.811999736928026,0.004786785016760793,0.04675006892469801,-2.3045667341211784,Up,TRUE
WT_6h_ipsilateral_vs_contralateral,Dlg2,23859,ENSMUSG00000052572,discs large MAGUK scaffold protein 2,-0.6012684478590966,12.788530270814139,-3.812742854998636,0.004788564822851641,0.04675006892469801,-2.3044198435376364,Down,TRUE
WT_6h_ipsilateral_vs_contralateral,Klrg2,74253,ENSMUSG00000071537,"killer cell lectin-like receptor subfamily G, member 2",1.3316282197204004,4.813773387405558,3.811722786854925,0.004788720101262893,0.04675006892469801,-2.3049865746768425,Up,TRUE
WT_6h_ipsilateral_vs_contralateral,Kcnj12,16515,ENSMUSG00000042529,"potassium inwardly-rectifying channel, subfamily J, member 12",0.9691858741984145,6.643496669161133,3.81162697033957,0.004789389777156493,0.04675006892469801,-2.3051318292188414,Up,TRUE
WT_6h_ipsilateral_vs_contralateral,Zbtb34,241311,ENSMUSG00000068966,zinc finger and BTB domain containing 34,0.6793898260381628,9.063735244167223,3.8101383521809864,0.004799806776341072,0.046830672939150074,-2.3073886654490066,Up,TRUE
WT_6h_ipsilateral_vs_contralateral,Palm3,74337,ENSMUSG00000047986,paralemmin 3,0.7509619283626972,7.309817929436958,3.8098464645874044,0.004801852165792089,0.046830672939150074,-2.307831216248445,Up,TRUE
WT_6h_ipsilateral_vs_contralateral,Pard3,93742,ENSMUSG00000025812,par-3 family cell polarity regulator,-0.5580822308021833,9.030179684307855,-3.807588828471382,0.004817703850136516,0.046958222617935294,-2.311254520108408,Down,TRUE
WT_6h_ipsilateral_vs_contralateral,Acsl4,50790,ENSMUSG00000031278,acyl-CoA synthetase long-chain family member 4,-0.4380532799635404,10.913303985469893,-3.8073837006843605,0.004819146886850733,0.046958222617935294,-2.3115655903673558,Down,TRUE
WT_6h_ipsilateral_vs_contralateral,Tmem120a,215210,ENSMUSG00000039886,transmembrane protein 120A,0.589443673035877,8.429882376799345,3.806691986115184,0.004824016368123067,0.046985117883664766,-2.3126145925283383,Up,TRUE
WT_6h_ipsilateral_vs_contralateral,Rnf112,22671,ENSMUSG00000010086,ring finger protein 112,-0.4647562859987868,11.258758945430513,-3.805361791447264,0.004833395310964244,0.04705214712974477,-2.314632027336992,Down,TRUE
WT_6h_ipsilateral_vs_contralateral,Rps2,16898,ENSMUSG00000044533,ribosomal protein S2,0.43052967299042955,12.020716813746658,3.805117057320661,0.00483512299797916,0.04705214712974477,-2.3150032256309663,Up,TRUE
WT_6h_ipsilateral_vs_contralateral,Gata2,14461,ENSMUSG00000015053,GATA binding protein 2,0.8338004759748401,7.152711461345779,3.8033549567664764,0.004847581883894805,0.047152788848802085,-2.3176760884842755,Up,TRUE
WT_6h_ipsilateral_vs_contralateral,Ntng2,171171,ENSMUSG00000035513,netrin G2,-0.6047069449376536,9.919143191275166,-3.802811693297442,0.004851429906675702,0.04716962076438292,-2.318500219308012,Down,TRUE
WT_6h_ipsilateral_vs_contralateral,Slc6a17,229706,ENSMUSG00000027894,"solute carrier family 6 (neurotransmitter transporter), member 17",-0.6057343909234003,12.762182241203298,-3.805016538304745,0.0048558899690609395,0.047192386152195655,-2.317936513057578,Down,TRUE
WT_6h_ipsilateral_vs_contralateral,Polh,80905,ENSMUSG00000023953,"polymerase (DNA directed), eta (RAD 30 related)",0.6956259016877668,7.636150854167251,3.8016912306536956,0.0048593766025896235,0.04720270631898842,-2.3202000733991373,Up,TRUE
WT_6h_ipsilateral_vs_contralateral,Dpyd,99586,ENSMUSG00000033308,dihydropyrimidine dehydrogenase,-1.125047154153358,7.091815639181538,-3.818773977379974,0.0048611900469476745,0.04720270631898842,-2.3113290770958743,Down,TRUE
WT_6h_ipsilateral_vs_contralateral,Tmem168,101118,ENSMUSG00000029569,transmembrane protein 168,-0.5327903939710907,8.843099332481597,-3.8010560785415857,0.004863887469723677,0.04720831955908275,-2.321163729740266,Down,TRUE
WT_6h_ipsilateral_vs_contralateral,Cab39l,69008,ENSMUSG00000021981,calcium binding protein 39-like,-0.6133492715564834,8.83188100037786,-3.7998820026085576,0.004872237533353793,0.04726876788129605,-2.3229451717919147,Down,TRUE
WT_6h_ipsilateral_vs_contralateral,Ucp2,22228,ENSMUSG00000033685,"uncoupling protein 2 (mitochondrial, proton carrier)",0.4979340184211676,9.526598337251828,3.7978031047933114,0.004887060189203669,0.047391931090340324,-2.326099918456409,Up,TRUE
WT_6h_ipsilateral_vs_contralateral,Smg1,233789,ENSMUSG00000030655,SMG1 nonsense mediated mRNA decay associated PI3K related kinase,-0.5065808488322272,11.455807705945533,-3.797478893092131,0.004889376161942442,0.04739375718331936,-2.3265919594056763,Down,TRUE
WT_6h_ipsilateral_vs_contralateral,Cyp4x1,81906,ENSMUSG00000047155,"cytochrome P450, family 4, subfamily x, polypeptide 1",-0.602723679150797,8.037723005584425,-3.796470462533562,0.004896587255981451,0.047443010494557125,-2.328122487835534,Down,TRUE
WT_6h_ipsilateral_vs_contralateral,Myo1g,246177,ENSMUSG00000020437,myosin IG,1.6235987236116403,3.6170877121996394,3.796055514621759,0.004899557757339492,0.04745115175858138,-2.3287523033780433,Up,TRUE
WT_6h_ipsilateral_vs_contralateral,Tmem88,67020,ENSMUSG00000045377,transmembrane protein 88,0.9981172255803763,5.7622333473195635,3.7917320231695135,0.004930622890260128,0.047731258096716356,-2.3353158033526764,Up,TRUE
WT_6h_ipsilateral_vs_contralateral,Syt9,60510,ENSMUSG00000062542,synaptotagmin IX,0.6200203359983529,8.529257248318572,3.7911214285259636,0.0049350270064238665,0.04775313925633868,-2.336242928195251,Up,TRUE
WT_6h_ipsilateral_vs_contralateral,Hmces,232210,ENSMUSG00000030060,"5-hydroxymethylcytosine (hmC) binding, ES cell specific",0.618156271905181,8.297471746965075,3.789923893168693,0.004943676795010912,0.04781606626524884,-2.338061391090873,Up,TRUE
WT_6h_ipsilateral_vs_contralateral,Ar,11835,ENSMUSG00000046532,androgen receptor,-1.1008750367856157,7.188379265974691,-3.80883900387083,0.004949656122834082,0.04785312071880606,-2.3287369058690324,Down,TRUE
WT_6h_ipsilateral_vs_contralateral,Irf5,27056,ENSMUSG00000029771,interferon regulatory factor 5,0.9830413335186199,6.003583246175289,3.7883912402826927,0.004954770692291252,0.04788178619123108,-2.340388981121425,Up,TRUE
WT_6h_ipsilateral_vs_contralateral,Tnfrsf1b,21938,ENSMUSG00000028599,"tumor necrosis factor receptor superfamily, member 1b",1.0106474834380297,6.9545948675216955,3.7872688608351766,0.004962911693225734,0.04793966087016619,-2.3420936799006347,Up,TRUE
WT_6h_ipsilateral_vs_contralateral,Nrg3,18183,ENSMUSG00000041014,neuregulin 3,-0.5394000988779251,9.958368863924946,-3.785504594765294,0.004975737317065255,0.048042717268152825,-2.3447735959798734,Down,TRUE
WT_6h_ipsilateral_vs_contralateral,Mx2,17858,ENSMUSG00000023341,MX dynamin-like GTPase 2,1.5327233653510421,4.130172849858032,3.784804237338883,0.00498083846151545,0.0480710387997554,-2.3458375400512184,Up,TRUE
WT_6h_ipsilateral_vs_contralateral,Chrna5,110835,ENSMUSG00000035594,"cholinergic receptor, nicotinic, alpha polypeptide 5",-1.430279960876117,7.737081755665716,-4.094397404493755,0.0049848365171459436,0.0480710387997554,-2.19082273286614,Down,TRUE
WT_6h_ipsilateral_vs_contralateral,Vcpip1,70675,ENSMUSG00000045210,valosin containing protein (p97)/p47 complex interacting protein 1,-0.43218528198412187,10.49398360181711,-3.7834991563090212,0.004990359049055409,0.0480710387997554,-2.3478203023131448,Down,TRUE
WT_6h_ipsilateral_vs_contralateral,Stard10,56018,ENSMUSG00000030688,StAR related lipid transfer domain containing 10,1.0027152872957457,7.671760240808156,3.8030513094771563,0.0049912421127733765,0.0480710387997554,-2.3374406970099653,Up,TRUE
WT_6h_ipsilateral_vs_contralateral,Camk2a,12322,ENSMUSG00000024617,calcium/calmodulin-dependent protein kinase II alpha,-1.7021719664585095,14.385259990189555,-4.982647702821688,0.004991481383677933,0.0480710387997554,-1.8442962663813356,Down,TRUE
WT_6h_ipsilateral_vs_contralateral,Rpl13-ps3,668182,ENSMUSG00000059835,"ribosomal protein L13, pseudogene 3",0.4466838365007888,11.076561334150703,3.7833266439670274,0.0049916189783988435,0.0480710387997554,-2.348082409214636,Up,TRUE
WT_6h_ipsilateral_vs_contralateral,Trim36,28105,ENSMUSG00000033949,tripartite motif-containing 36,0.6182372070800639,8.404528515068861,3.78189435711121,0.00500209265115181,0.04815108634589739,-2.350258693149204,Up,TRUE
WT_6h_ipsilateral_vs_contralateral,Tmem74,239408,ENSMUSG00000054409,transmembrane protein 74,-1.103670019330389,8.976932686236571,-4.055642452444552,0.005015239774330261,0.04825678875732465,-2.2132733310990034,Down,TRUE
WT_6h_ipsilateral_vs_contralateral,Podxl,27205,ENSMUSG00000025608,podocalyxin-like,0.7270604916999144,10.028266350912332,3.820008577968961,0.005017560144125874,0.04825826952089976,-2.3319443471497836,Up,TRUE
WT_6h_ipsilateral_vs_contralateral,Pdgfd,71785,ENSMUSG00000032006,"platelet-derived growth factor, D polypeptide",-1.092587047889392,6.1680871708537985,-3.779363644391393,0.005020655849317693,0.048267202867307554,-2.3541045726104253,Down,TRUE
WT_6h_ipsilateral_vs_contralateral,Bcl7a,77045,ENSMUSG00000029438,B cell CLL/lymphoma 7A,-0.44271155227952086,11.219137473924125,-3.7787505007194384,0.005025164386813902,0.0482897052270404,-2.3550364706219398,Down,TRUE
WT_6h_ipsilateral_vs_contralateral,Exoc5,105504,ENSMUSG00000061244,exocyst complex component 5,-0.4542510163360607,10.682755047778922,-3.7784250911507704,0.005027558922617229,0.04829188227740352,-2.355531068625167,Down,TRUE
WT_6h_ipsilateral_vs_contralateral,Pycrl,NA,NA,NA,0.6713787761178489,8.119578933970246,3.7766719222308422,0.0050404805827093686,0.048395131456832406,-2.3581959691781247,Up,TRUE
WT_6h_ipsilateral_vs_contralateral,Garem1,381126,ENSMUSG00000042680,GRB2 associated regulator of MAPK1 subtype 1,-0.5298383013526085,9.910477438078479,-3.7759169436304205,0.005046056006830868,0.048427788691149325,-2.359343684924796,Down,TRUE
WT_6h_ipsilateral_vs_contralateral,Mal2,105853,ENSMUSG00000024479,"mal, T cell differentiation protein 2",-0.6220783133801859,10.961035584690153,-3.7749971780077662,0.005052857233970435,0.048453094485415536,-2.360742000512901,Down,TRUE
WT_6h_ipsilateral_vs_contralateral,Arsg,74008,ENSMUSG00000020604,arylsulfatase G,-0.7880176448140013,7.200404685112673,-3.77497204001889,0.005053043254303942,0.048453094485415536,-2.360780219091618,Down,TRUE
WT_6h_ipsilateral_vs_contralateral,Faxc,76132,ENSMUSG00000028246,failed axon connections homolog,-0.5897129812522355,10.579703790673888,-3.7743626745049803,0.005057554770749984,0.04847548731430977,-2.361706691734823,Down,TRUE
WT_6h_ipsilateral_vs_contralateral,Frmd6,319710,ENSMUSG00000048285,FERM domain containing 6,0.5909468449437316,8.57138846033449,3.772668012577304,0.0050701239745014615,0.048562892191982024,-2.3642834680890097,Up,TRUE
WT_6h_ipsilateral_vs_contralateral,Mbnl2,105559,ENSMUSG00000022139,muscleblind like splicing factor 2,-0.5641515283208864,11.16420131095611,-3.772498735542072,0.00507138131698685,0.048562892191982024,-2.3645408767597553,Down,TRUE
WT_6h_ipsilateral_vs_contralateral,Kctd12b,207474,ENSMUSG00000041633,potassium channel tetramerisation domain containing 12b,-1.0748229693494515,7.881181927426757,-3.8670166507911246,0.005075036248450855,0.048562892191982024,-2.314971389707506,Down,TRUE
WT_6h_ipsilateral_vs_contralateral,Fkbp4,14228,ENSMUSG00000030357,FK506 binding protein 4,0.4794014062812213,11.353533359689461,3.77195873289236,0.0050753945240374475,0.048562892191982024,-2.3653620465984906,Up,TRUE
WT_6h_ipsilateral_vs_contralateral,Son,20658,ENSMUSG00000022961,Son DNA binding protein,-0.42564366415585475,12.425351378445376,-3.771642787609398,0.005077744142360473,0.04856451299745793,-2.365842513436025,Down,TRUE
WT_6h_ipsilateral_vs_contralateral,Plpp3,67916,ENSMUSG00000028517,phospholipid phosphatase 3,-0.434476375616347,11.505757077767104,-3.770521664893427,0.0050860910418268936,0.04859693121058818,-2.3675475312963536,Down,TRUE
WT_6h_ipsilateral_vs_contralateral,Gpbp1,73274,ENSMUSG00000032745,GC-rich promoter binding protein 1,-0.4634237732517512,10.61895543290165,-3.770349702386295,0.005087372615417033,0.04859693121058818,-2.3678090672204775,Down,TRUE
WT_6h_ipsilateral_vs_contralateral,Chrm5,213788,ENSMUSG00000074939,"cholinergic receptor, muscarinic 5",-1.3161590007285495,6.275239113612005,-3.777600542328659,0.005087678724268985,0.04859693121058818,-2.363927469719764,Down,TRUE
WT_6h_ipsilateral_vs_contralateral,Med12l,329650,ENSMUSG00000056476,mediator complex subunit 12-like,-0.6164825252196575,9.094247253416757,-3.770011578426504,0.005089893531791813,0.048597247501355606,-2.3683233264880172,Down,TRUE
WT_6h_ipsilateral_vs_contralateral,Camkk1,55984,ENSMUSG00000020785,"calcium/calmodulin-dependent protein kinase kinase 1, alpha",-0.5290943067130911,10.355294572268853,-3.7690668793049134,0.005096943877285122,0.04864371245352446,-2.36976020916076,Down,TRUE
WT_6h_ipsilateral_vs_contralateral,Skp1,21402,ENSMUSG00000036309,S-phase kinase-associated protein 1,-0.5558589746285989,12.458913465072298,-3.7670844064602544,0.0051117730006232055,0.04876434414941409,-2.3727758827485212,Down,TRUE
WT_6h_ipsilateral_vs_contralateral,Shh,20423,ENSMUSG00000002633,sonic hedgehog,1.577937615900944,5.117218662800559,3.764836897402148,0.005128640172546016,0.0489043064398384,-2.376195280986334,Up,TRUE
WT_6h_ipsilateral_vs_contralateral,Llph,66225,ENSMUSG00000020224,"LLP homolog, long-term synaptic facilitation (Aplysia)",0.5495407597684387,8.797641690583742,3.7642535657311997,0.00513302765082306,0.04891157180571886,-2.377082868847456,Up,TRUE
WT_6h_ipsilateral_vs_contralateral,Zbtb7c,207259,ENSMUSG00000044646,zinc finger and BTB domain containing 7C,0.9410745818742301,7.120033885710583,3.7639841478897127,0.0051350554017634935,0.04891157180571886,-2.377492824113067,Up,TRUE
WT_6h_ipsilateral_vs_contralateral,Ikbkg,16151,ENSMUSG00000004221,inhibitor of kappaB kinase gamma,-0.5230227580010052,9.473419052456755,-3.7638600746489237,0.005135989515312072,0.04891157180571886,-2.377681621008593,Down,TRUE
WT_6h_ipsilateral_vs_contralateral,Rpl13,270106,ENSMUSG00000000740,ribosomal protein L13,0.4806797471843698,11.951773829297997,3.7610620726579436,0.005157102993542911,0.04908919140322521,-2.3819397005012615,Up,TRUE
WT_6h_ipsilateral_vs_contralateral,Mlxipl,58805,ENSMUSG00000005373,MLX interacting protein-like,-1.3934418897800702,4.38186267624535,-3.760804912664949,0.005159048129066227,0.04908919140322521,-2.382331100094695,Down,TRUE
WT_6h_ipsilateral_vs_contralateral,Olfm4,380924,ENSMUSG00000022026,olfactomedin 4,-2.1635362215289797,5.992575006249483,-4.09479902626247,0.005163669093293557,0.049112181491508956,-2.21471942194239,Down,TRUE
WT_6h_ipsilateral_vs_contralateral,Pcdhac1,353236,ENSMUSG00000103255,"protocadherin alpha subfamily C, 1",-1.0483566673838078,6.631343875764533,-3.7596250763510106,0.005167982318456428,0.04912716821052535,-2.3841269200520747,Down,TRUE
WT_6h_ipsilateral_vs_contralateral,Fstl4,320027,ENSMUSG00000036264,follistatin-like 4,-1.104228432463489,6.506261282647213,-3.759060181412933,0.005172265753653653,0.04912716821052535,-2.3849868002128716,Down,TRUE
WT_6h_ipsilateral_vs_contralateral,Gm5424,432466,ENSMUSG00000046687,argininosuccinate synthase pseudogene,0.9258305490254584,8.167423606077454,3.796250620506281,0.005173791311927802,0.04912716821052535,-2.3651340669710983,Up,TRUE
WT_6h_ipsilateral_vs_contralateral,Cd70,21948,ENSMUSG00000019489,CD70 antigen,2.473017212646219,1.2365086063231097,3.7585322626226585,0.005176272224022581,0.04912716821052535,-2.3857904293114016,Up,TRUE
WT_6h_ipsilateral_vs_contralateral,H4c2,326620,ENSMUSG00000069266,H4 clustered histone 2,2.473017212646219,1.2365086063231097,3.7585322626226585,0.005176272224022581,0.04912716821052535,-2.3857904293114016,Up,TRUE
WT_6h_ipsilateral_vs_contralateral,Chrac1,93696,ENSMUSG00000068391,chromatin accessibility complex 1,-0.7243785598466461,7.217875214471121,-3.7561041905052126,0.005194741861020892,0.049281462927700324,-2.3894870045090384,Down,TRUE
WT_6h_ipsilateral_vs_contralateral,Mbtps1,56453,ENSMUSG00000031835,"membrane-bound transcription factor peptidase, site 1",-0.5475600993252616,10.521228020471433,-3.7546297433915288,0.0052059917547454555,0.04936716319155173,-2.391732087280592,Down,TRUE
WT_6h_ipsilateral_vs_contralateral,Grm3,108069,ENSMUSG00000003974,"glutamate receptor, metabotropic 3",0.5392152663705492,9.517357435816342,3.7541791628789882,0.005209434810184913,0.0493787916582421,-2.392418219306138,Up,TRUE
WT_6h_ipsilateral_vs_contralateral,Pcdhb5,93876,ENSMUSG00000063687,protocadherin beta 5,-0.9186439155623196,6.943279880417585,-3.7533095988517315,0.005216086326874541,0.04942080941349656,-2.393742435428549,Down,TRUE
WT_6h_ipsilateral_vs_contralateral,Hpx,15458,ENSMUSG00000030895,hemopexin,2.098076904826941,2.405713423337066,3.752280276523355,0.005223971554232529,0.049474475497674135,-2.395310053843864,Up,TRUE
WT_6h_ipsilateral_vs_contralateral,Sppl2a,66552,ENSMUSG00000027366,signal peptide peptidase like 2A,-0.5442280826828441,9.789656617177851,-3.7518932942805687,0.005226939349608578,0.04948154441671529,-2.3958994449797633,Down,TRUE
WT_6h_ipsilateral_vs_contralateral,Gabre,14404,ENSMUSG00000031340,"gamma-aminobutyric acid (GABA) A receptor, subunit epsilon",1.1976475927727286,4.881307274205303,3.751149942025466,0.005232645205547492,0.04948446014053524,-2.39703165254389,Up,TRUE
WT_6h_ipsilateral_vs_contralateral,Tbck,271981,ENSMUSG00000028030,TBC1 domain containing kinase,-0.5583023555244573,9.153852194030833,-3.7510888633720847,0.005233114330240402,0.04948446014053524,-2.3971246849464247,Down,TRUE
WT_6h_ipsilateral_vs_contralateral,Atf6,226641,ENSMUSG00000026663,activating transcription factor 6,-0.4580019877863677,9.811092838696167,-3.7509850324750222,0.005233911923281751,0.04948446014053524,-2.3972828367447816,Down,TRUE
WT_6h_ipsilateral_vs_contralateral,Dusp9,75590,ENSMUSG00000031383,dual specificity phosphatase 9,1.1752012765597026,5.126735460083253,3.7490627529114406,0.005248701591006982,0.04960323629176093,-2.400211016894084,Up,TRUE
WT_6h_ipsilateral_vs_contralateral,Gm3383,100041515,ENSMUSG00000096629,predicted gene 3383,0.7430023123256912,8.038194542615074,3.7465278799288377,0.005268272434861023,0.04976707739038562,-2.4040730103987293,Up,TRUE
WT_6h_ipsilateral_vs_contralateral,Tcaf1,77574,ENSMUSG00000036667,TRPM8 channel-associated factor 1,-0.40289192883238556,12.774884904543436,-3.746100940999066,0.005271576307165395,0.04977717772026671,-2.404723544811488,Down,TRUE
WT_6h_ipsilateral_vs_contralateral,Spon1,233744,ENSMUSG00000038156,"spondin 1, (f-spondin) extracellular matrix protein",-0.46142274419849016,10.713662921671197,-3.7457751538909125,0.005274098897192264,0.04977989531142274,-2.4052199666781737,Down,TRUE
WT_6h_ipsilateral_vs_contralateral,Syndig1,433485,ENSMUSG00000074736,synapse differentiation inducing 1,-0.7205932292330033,9.272909729184597,-3.7480461929787725,0.0052777119444882194,0.04979289858681706,-2.404435826524325,Down,TRUE
WT_6h_ipsilateral_vs_contralateral,Pnlip,69060,ENSMUSG00000046008,pancreatic lipase,-1.4397707489161675,4.100354681289608,-3.7438782062587888,0.005288812606136103,0.04987650330299818,-2.408110707878121,Down,TRUE
WT_6h_ipsilateral_vs_contralateral,Ntn4,57764,ENSMUSG00000020019,netrin 4,1.0106829823321597,7.2972607189229794,3.7427917516634444,0.00529725936800217,0.04993502006866201,-2.4097665346172743,Up,TRUE
WT_6h_ipsilateral_vs_contralateral,Mrs2,380836,ENSMUSG00000021339,MRS2 magnesium transporter,-0.4703006854725196,9.514394921780971,-3.741842161171788,0.0053046538148870965,0.049983571796366366,-2.4112138839961395,Down,TRUE
