ID,Description,GeneRatio,BgRatio,RichFactor,FoldEnrichment,zScore,pvalue,p.adjust,qvalue,geneID,Count
GO:0042254,ribosome biogenesis,136/1551,280/10587,0.4857142857142857,3.315446255871788,16.267893300177516,1.2995666771548074e-42,8.332821533916625e-39,7.277573392066921e-39,Rrs1/Mybbp1a/Ncl/Pa2g4/Npm1/Pno1/Ebna1bp2/Ak6/Rps27l/Nhp2/Ftsj3/Heatr3/Ddx56/Nle1/Eif1ax/Pwp1/Exosc3/Nop58/Bop1/C1qbp/Nop14/Rpf2/Nop56/Nop9/Pwp2/Ppan/Ddx18/Grwd1/Brix1/Mrto4/Utp18/Ipo4/Fbl/Ddx27/Rps19bp1/Wdr12/Wdr43/Rps27a/Bysl/Noc4l/Bms1/Mphosph10/Rrp9/Lyar/Wdr46/Nop16/Dkc1/Gar1/Aatf/Rpl38/Mak16/Ddx21/Nol9/Rps23/Gnl3l/Mettl16/Wdr18/Rpp40/Rrp15/Wdr55/Utp6/Nol11/Tsr1/Pak1ip1/Sdad1/Wdr74/Noa1/Rpl35/Nob1/Pdcd11/Heatr1/Ltv1/Mphosph6/Ran/Rrn3/Gnl2/Wdr75/Rpf1/Nat10/Nop10/Rrp1/Gtpbp4/Isg20l2/Npm3/Ddx54/Nmd3/Imp4/Ddx49/Nol7/Znhit6/Exosc1/Dis3/Nop2/Fcf1/Wdr36/Tbl3/Eif6/Rbm34/Eif5b/Emg1/Fastkd2/Dcaf13/Nol10/Utp15/Rpp30/Kri1/Dhx30/Rpp38/Nip7/Rrp8/Srfbp1/Rrp7a/Rpl26/Xpo1/Zfp593/Mdn1/Dhx37/Nvl/Exosc10/Rpl7l1/Eif5/Rpl14/Tma16/Dhx29/Dimt1/Ddx10/Lsg1/Ddx28/Ngdn/Pes1/Utp14a/Nsun5/Exosc9/Urb1/Exosc4/Nol6,136
GO:0022613,ribonucleoprotein complex biogenesis,166/1551,400/10587,0.415,2.832756286266924,15.480867479860443,1.122173492314455e-40,3.5976882163601426e-37,3.142085778480474e-37,Rrs1/Mybbp1a/Ncl/Pa2g4/Npm1/Pno1/Ebna1bp2/Ak6/Rps27l/Prpf31/Nhp2/Ftsj3/Eif2s2/Heatr3/Ddx56/Nle1/Eif1ax/Smn1/Pwp1/Exosc3/Nop58/Bop1/C1qbp/Nop14/Rpf2/Prmt5/Nop56/Nop9/Pwp2/Ppan/Ddx18/Grwd1/Brix1/Mrto4/Utp18/Eif3i/Ipo4/Fbl/Ddx27/Eif3c/Rps19bp1/Wdr12/Wdr43/Rps27a/Bysl/Noc4l/Bms1/Mphosph10/Eif3l/Rrp9/Lyar/Wdr46/Nop16/Dkc1/Gar1/Snrpd3/Aatf/Eif3d/Rpl38/Mak16/Ddx21/Eif3g/Nol9/Rps23/Gnl3l/Mettl16/Wdr18/Rpp40/Rrp15/Wdr55/Utp6/Nol11/Tsr1/Pak1ip1/Sdad1/Wdr74/Prmt7/Luc7l/Noa1/Denr/Wdr77/Hsp90aa1/Rpl35/Nob1/Pdcd11/Nufip1/Heatr1/Ltv1/Mphosph6/Ran/Rrn3/Gnl2/Wdr75/Gemin5/Rpf1/Nat10/Nop10/Rrp1/Gtpbp4/Isg20l2/Npm3/Ddx54/Nmd3/Imp4/Ddx49/Nol7/Znhit6/Exosc1/Dis3/Nop2/Fcf1/Wdr36/Tbl3/Eif6/Rbm34/Eif5b/Ruvbl2/Emg1/Strap/Fastkd2/Prpf3/Dcaf13/Nol10/Utp15/Snrpd1/Rpp30/Kri1/Dhx30/Rpp38/Ncbp1/Nip7/Rrp8/Srfbp1/Usp39/Rrp7a/Rpl26/Xpo1/Zfp593/Hsp90ab1/Mdn1/Dhx37/Nvl/Exosc10/Snrpc/Rpl7l1/Eif5/Ptges3/Rpl14/Tma16/Dhx29/Dimt1/Ddx10/U2af2/Lsg1/Ddx28/Isy1/Eif3m/Ngdn/Pes1/Utp14a/Nsun5/Mcts1/Exosc9/Urb1/Exosc4/Nol6,166
GO:0006364,rRNA processing,96/1551,195/10587,0.49230769230769234,3.360452313643803,13.783093440713841,7.555848488176789e-31,1.6149366835396526e-27,1.4104250511263341e-27,Rrs1/Ncl/Pa2g4/Npm1/Ebna1bp2/Ak6/Nhp2/Ftsj3/Ddx56/Pwp1/Exosc3/Bop1/Nop14/Rpf2/Nop9/Pwp2/Ppan/Ddx18/Brix1/Mrto4/Utp18/Fbl/Ddx27/Wdr12/Wdr43/Bysl/Bms1/Mphosph10/Rrp9/Lyar/Wdr46/Dkc1/Gar1/Mak16/Ddx21/Nol9/Mettl16/Wdr18/Rpp40/Rrp15/Wdr55/Utp6/Nol11/Tsr1/Pak1ip1/Wdr74/Rpl35/Nob1/Pdcd11/Heatr1/Mphosph6/Wdr75/Rpf1/Nat10/Nop10/Rrp1/Gtpbp4/Npm3/Ddx54/Imp4/Ddx49/Nol7/Znhit6/Exosc1/Dis3/Nop2/Fcf1/Wdr36/Tbl3/Eif6/Rbm34/Emg1/Dcaf13/Nol10/Utp15/Rpp30/Kri1/Rpp38/Rrp8/Srfbp1/Rrp7a/Dhx37/Nvl/Exosc10/Rpl7l1/Rpl14/Dimt1/Ddx10/Ngdn/Pes1/Utp14a/Nsun5/Exosc9/Urb1/Exosc4/Nol6,96
GO:0016072,rRNA metabolic process,103/1551,225/10587,0.4577777777777778,3.124753922200731,13.346329333833753,1.1743346074683853e-29,1.8824583757718216e-26,1.6440684504557394e-26,Rrs1/Ncl/Pa2g4/Slfn2/Npm1/Ebna1bp2/Ak6/Nhp2/Ftsj3/Ddx56/Pwp1/Exosc3/Bop1/Nop14/Rpf2/Nop9/Pwp2/Ppan/Ddx18/Brix1/Myc/Mrto4/Utp18/Fbl/Ddx27/Wdr12/Wdr43/Bysl/Polr1a/Bms1/Mphosph10/Rrp9/Lyar/Wdr46/Dkc1/Gar1/Mak16/Ddx21/Nol9/Mettl16/Wdr18/Rpp40/Rrp15/Wdr55/Utp6/Nol11/Tsr1/Pak1ip1/Wdr74/Rpl35/Nob1/Pdcd11/Heatr1/Mphosph6/Wdr75/Rpf1/Nat10/Nop10/Rrp1/Gtpbp4/Npm3/Ddx54/Tcof1/Imp4/Ddx49/Nol7/Ercc6/Znhit6/Exosc1/Dis3/Nop2/Fcf1/Wdr36/Tbl3/Eif6/Rbm34/Emg1/Dcaf13/Nol10/Polr1e/Utp15/Rpp30/Kri1/Rpp38/Rrp8/Srfbp1/Rrp7a/Polr1b/Dhx37/Nvl/Exosc10/Rpl7l1/Rpl14/Dimt1/Ddx10/Ngdn/Pes1/Utp14a/Nsun5/Exosc9/Urb1/Exosc4/Nol6,103
GO:0042273,ribosomal large subunit biogenesis,39/1551,59/10587,0.6610169491525424,4.512047995279152,11.207203104788043,2.678032649811099e-19,3.434309070117754e-16,2.999396567788431e-16,Rrs1/Npm1/Ebna1bp2/Ftsj3/Heatr3/Nle1/Bop1/Rpf2/Ppan/Ddx18/Brix1/Mrto4/Wdr12/Nop16/Mak16/Nol9/Rrp15/Pak1ip1/Sdad1/Wdr74/Rpl35/Rpf1/Gtpbp4/Znhit6/Nop2/Eif6/Rbm34/Fastkd2/Dhx30/Nip7/Rpl26/Mdn1/Nvl/Rpl7l1/Rpl14/Tma16/Ddx28/Pes1/Urb1,39
GO:0032543,mitochondrial translation,59/1551,124/10587,0.47580645161290325,3.2478161851874963,10.431031490763678,1.7637476586111258e-18,1.88485833116909e-15,1.6461644813703842e-15,Dap3/Gfm1/C1qbp/Mrpl15/Shmt2/Mrps18b/Mrps28/Gadd45gip1/Mrpl12/Mrps22/Mrpl19/Ptcd3/Rars2/Mrpl32/Mrpl17/Mrpl36/Mrpl20/Mrpl40/Mrpl52/Aurkaip1/Mrpl18/Mrpl38/Chchd1/Mrps7/Mrpl21/Mrps27/Mrpl2/Mrps10/Mrpl46/Alkbh1/Mrps26/Mrpl47/Mrpl42/Mrpl35/Mrpl39/Fastkd2/Mrps18c/Mrpl1/Mrpl3/Mrpl57/Iars2/Yars2/Mrpl28/Mrpl41/Mrpl33/Mrpl54/Mrpl11/Tsfm/Mrps15/Mrpl55/Mrps16/Mrps12/Mrpl9/Mrps18a/Mtrf1l/Mrps30/Mrpl37/Uqcc2/Mrps14,59
GO:0051604,protein maturation,128/1551,414/10587,0.30917874396135264,2.1104289892449004,9.548830229929232,6.291809287665753e-18,5.76329730750183e-15,5.033447430132603e-15,Srgn/Bola2/Hspd1/Mdm2/Cd74/Cct3/Plaur/Chac1/Asprv1/Hspa9/Ctsl/Calr/Fn1/Hspa5/Cct6a/Pdia3/Cct8/Hspa4/Timm17a/Il1r2/Plgrkt/Hp/Anxa2/Ctsz/Dnajb11/Pdia4/Mvp/Sdf2l1/Pdia5/Cct5/Naa50/Chchd4/P4hb/Tcp1/Prep/Myc/Rnpep/Atp6ap2/Ppid/Erp44/Bola3/Spcs2/Hsp90b1/F3/Crtap/Cfb/Parl/Gsn/Masp1/Trap1/Hspa8/Hyou1/Dhps/Vps35/Hspb1/Cdk20/Tmem208/Hspe1/Pofut2/Metap2/Dnaja2/Dohh/Mafb/Hsp90aa1/Dnajc2/Pfdn4/Spcs3/Cct4/Casp4/Naa20/Ctla2a/Pigs/Nudcd2/Cct2/Pdcd5/Grpel1/Tbcb/Flna/Afg3l2/Psen2/Chordc1/Nlrp3/St13/Hsph1/Stoml2/Pitrm1/Cln5/Fkbp4/Cisd1/Thbs1/Cpd/Adam9/Ppib/Cct7/Pmpca/Map2k3/Cwc27/Txndc5/Tysnd1/Ufsp1/Spcs1/Ndufab1/Afg3l1/Plau/Pfdn1/Cisd3/Pgk1/Pmpcb/Tbca/Zmpste24/Dnaja3/Serpine2/Zpr1/Slc30a5/Hsp90ab1/Pigf/H13/Mapk11/Dnajb14/Ptges3/Stub1/Ahsa2/Qsox2/Nudc/Immp1l/Ece2/Casp1/Calr3,128
GO:0140053,mitochondrial gene expression,65/1551,157/10587,0.4140127388535032,2.826017321883971,9.549844446669702,2.1582832435441182e-16,1.7298640197006108e-13,1.510798270480883e-13,Dap3/Gfm1/C1qbp/Mrpl15/Slirp/Tbrg4/Shmt2/Mrps18b/Mrps28/Gadd45gip1/Mrpl12/Mrps22/Mrpl19/Ptcd3/Rars2/Mrpl32/Mrpl17/Mrpl36/Mrpl20/Mrpl40/Mrpl52/Aurkaip1/Mrpl18/Mrpl38/Chchd1/Mrps7/Mrpl21/Mrps27/Mrpl2/Mrps10/Mrpl46/Alkbh1/Trnt1/Fastk/Pnpt1/Mrps26/Mrpl47/Mrpl42/Mrpl35/Mrpl39/Fastkd2/Mrps18c/Mrpl1/Mrpl3/Mrpl57/Iars2/Yars2/Mrpl28/Mrpl41/Mrpl33/Mrpl54/Mrpl11/Tsfm/Mrps15/Mrpl55/Mrps16/Mrps12/Mrpl9/Elac2/Mrps18a/Mtrf1l/Mrps30/Mrpl37/Uqcc2/Mrps14,65
GO:0042274,ribosomal small subunit biogenesis,48/1551,98/10587,0.4897959183673469,3.343307148778273,9.655148219928154,6.543745156308576e-16,4.662054882472287e-13,4.071663652814225e-13,Rrs1/Npm1/Pno1/Ak6/Rps27l/Nop58/Nop14/Nop56/Nop9/Pwp2/Utp18/Fbl/Rps19bp1/Wdr43/Rps27a/Bysl/Bms1/Mphosph10/Rrp9/Wdr46/Aatf/Rps23/Rpp40/Utp6/Nol11/Tsr1/Nob1/Heatr1/Ltv1/Wdr75/Nat10/Imp4/Nol7/Fcf1/Wdr36/Tbl3/Emg1/Dcaf13/Nol10/Utp15/Kri1/Srfbp1/Rrp7a/Dhx37/Exosc10/Dimt1/Ngdn/Nol6,48
GO:0045333,cellular respiration,87/1551,266/10587,0.32706766917293234,2.232537339480229,8.43458553801357,4.420686345137953e-14,2.8345440845024558e-11,2.4755843532772542e-11,Pkm/Mybbp1a/Tnf/Ndufb6/Slc2a6/Cox7b/Sod2/Chchd4/Gapdh/Galk1/Shmt2/Myc/Dlat/App/Hif1a/Ndufa12/Ndufs1/Ucp2/Mdh2/Cyc1/Tpi1/Adsl/Trap1/Uqcrq/Dld/Fh1/Idh3a/Vcp/Igf1/Sdhb/Aifm2/Uqcrb/Pfkl/Coq10b/Cox5a/Aco2/Aldoa/Ran/Oas1a/Ndufb9/Suclg1/Stoml2/Pfkp/Gpi1/Pnpt1/Adpgk/Ndufa10/Cisd1/Slc25a13/Uqcrc2/Gale/Eif6/Slc25a25/Ndufv2/Cox7a2/Cox6a2/Etfa/Cox6b1/Ndufab1/Pgk1/Coq7/Dnajc15/Uqcr10/Ndufs4/Uqcrc1/Mtch2/Nupr1/Ndufb8/Ndufb4/Mlx/Ndufc1/Enpp1/Plec/Cs/Coq9/Eno2/Trex1/Pgam1/Ndufc2/Aco1/Ndufb2/Cox10/Mfn2/Idh1/Uqcc2/Cox5b/Ndufa5,87
GO:0000470,maturation of LSU-rRNA,21/1551,28/10587,0.75,5.119439071566731,9.04251914984734,1.1315478772689905e-12,6.595895444589788e-10,5.760607375187588e-10,Npm1/Ftsj3/Bop1/Rpf2/Ppan/Ddx18/Wdr12/Mak16/Nol9/Rrp15/Pak1ip1/Rpl35/Rpf1/Gtpbp4/Znhit6/Nop2/Eif6/Rbm34/Rpl7l1/Pes1/Urb1,21
GO:0006457,protein folding,58/1551,156/10587,0.3717948717948718,2.5378415910330805,8.01668208640169,2.2095109576020674e-12,1.180615355012038e-9,1.0311051135476315e-9,Hspd1/Cd74/Cct3/Hspa9/Calr/Hspa5/Cct6a/Pdia3/Cct8/Hspa4/Dnajb11/Pdia4/Sdf2l1/Pdia5/Cct5/Chchd4/P4hb/Tcp1/Ppid/Erp44/Hsp90b1/Crtap/Trap1/Hspa8/Hyou1/Hspb1/Hspe1/Pofut2/Dnaja2/Hsp90aa1/Dnajc2/Pfdn4/Cct4/Nudcd2/Cct2/Pdcd5/Grpel1/Tbcb/Chordc1/St13/Hsph1/Fkbp4/Ppib/Cct7/Cwc27/Txndc5/Pfdn1/Tbca/Dnaja3/Zpr1/Hsp90ab1/Dnajb14/Ptges3/Stub1/Ahsa2/Qsox2/Nudc/Calr3,58
GO:0009259,ribonucleotide metabolic process,81/1551,257/10587,0.3151750972762646,2.151359609841272,7.74125054650232,3.085588628638606e-12,1.5219072528331338e-9,1.3291766400289382e-9,Pkm/Impdh1/Nme2/Aprt/Atp6v1b2/Tspo/Nme1/Xdh/Ndufb6/Slc2a6/Ola1/Uck2/Atp6v1a/Ptger4/Gart/Gapdh/Galk1/Myc/Bcl2l1/Atic/App/Hif1a/Ndufa12/Nt5c/Pfas/Ndufs1/Ucp2/Tpi1/Adsl/Pde4b/Dnm1l/Hspa8/Mthfd1/Vcp/Nudt5/Igf1/Sdhb/Guk1/Pfkl/Ampd2/Aldoa/Ran/Ndufb9/Stoml2/Pfkp/Gpi1/Adpgk/Ndufa10/Slc25a13/Gale/Eif6/Slc25a25/Nme6/Ndufv2/Dhodh/Ndufab1/Pgk1/Ndufs4/Mtch2/Nudt2/Cad/Nupr1/Ndufb8/Ndufb4/Mlx/Ndufc1/Enpp1/Eno2/Trex1/Nme4/Pgam1/Ndufc2/Itpa/Ppat/Adk/Hint1/Nt5c3/Entpd7/Ndufb2/Ak2/Ndufa5,81
GO:0006163,purine nucleotide metabolic process,92/1551,310/10587,0.2967741935483871,2.02575653584576,7.594089201267018,4.756950821105262e-12,2.0540721354405843e-9,1.7939494632668864e-9,Pkm/Impdh1/Got1/Nme2/Aprt/Atp6v1b2/Tspo/Nme1/Xdh/Ndufb6/Slc2a6/Ola1/Atp6v1a/Ptger4/Gart/Gapdh/Galk1/Myc/Bcl2l1/Atic/App/Hif1a/Ndufa12/Nt5c/Pfas/Ndufs1/Ucp2/Mdh2/Tpi1/Adsl/Pde4b/Dnm1l/Hspa8/Mthfd1/Got2/Pgd/Slc25a22/Vcp/Nudt5/Igf1/Sdhb/Guk1/Pfkl/Ampd2/Oasl2/Aldoa/Ran/Oas1a/Ndufb9/Stoml2/Pfkp/Gpi1/Adpgk/Ndufa10/Slc25a13/Gale/Eif6/Slc25a25/Nme6/Ndufv2/Fdx1/Ndufab1/Pgk1/Ndufs4/Mtch2/Nudt2/Nupr1/Ndufb8/Ndufb4/Mlx/Ndufc1/Enpp1/Slc37a2/Tkt/Eno2/Trex1/Nme4/Pgam1/Ndufc2/Itpa/Prps1/Ppat/Adk/Hint1/Nampt/Aco1/Entpd7/Ndufb2/Idh1/Ak2/Rbks/Ndufa5,92
GO:0000463,"maturation of LSU-rRNA from tricistronic rRNA transcript (SSU-rRNA, 5.8S rRNA, LSU-rRNA)",16/1551,18/10587,0.8888888888888888,6.067483344079088,8.914466681943868,4.805221776607731e-12,2.0540721354405843e-9,1.7939494632668864e-9,Npm1/Ftsj3/Bop1/Rpf2/Ppan/Ddx18/Wdr12/Nol9/Pak1ip1/Rpl35/Gtpbp4/Znhit6/Rbm34/Rpl7l1/Pes1/Urb1,16
GO:0009150,purine ribonucleotide metabolic process,77/1551,242/10587,0.3181818181818182,2.171883242482856,7.640301767246493,6.321830671928041e-12,2.5334736417751623e-9,2.2126407351748143e-9,Pkm/Impdh1/Nme2/Aprt/Atp6v1b2/Tspo/Nme1/Xdh/Ndufb6/Slc2a6/Ola1/Atp6v1a/Ptger4/Gart/Gapdh/Galk1/Myc/Bcl2l1/Atic/App/Hif1a/Ndufa12/Nt5c/Pfas/Ndufs1/Ucp2/Tpi1/Adsl/Pde4b/Dnm1l/Hspa8/Mthfd1/Vcp/Nudt5/Igf1/Sdhb/Guk1/Pfkl/Ampd2/Aldoa/Ran/Ndufb9/Stoml2/Pfkp/Gpi1/Adpgk/Ndufa10/Slc25a13/Gale/Eif6/Slc25a25/Nme6/Ndufv2/Ndufab1/Pgk1/Ndufs4/Mtch2/Nudt2/Nupr1/Ndufb8/Ndufb4/Mlx/Ndufc1/Enpp1/Eno2/Trex1/Nme4/Pgam1/Ndufc2/Itpa/Ppat/Adk/Hint1/Entpd7/Ndufb2/Ak2/Ndufa5,77
GO:0019693,ribose phosphate metabolic process,82/1551,266/10587,0.3082706766917293,2.1042305958319396,7.556547875591227,8.248241371471878e-12,3.1110425690516284e-9,2.717067745896619e-9,Pkm/Impdh1/Nme2/Aprt/Atp6v1b2/Tspo/Nme1/Xdh/Ndufb6/Slc2a6/Ola1/Uck2/Atp6v1a/Ptger4/Gart/Gapdh/Galk1/Myc/Bcl2l1/Atic/App/Hif1a/Ndufa12/Nt5c/Pfas/Ndufs1/Ucp2/Tpi1/Adsl/Pde4b/Dnm1l/Hspa8/Mthfd1/Vcp/Nudt5/Igf1/Sdhb/Guk1/Pfkl/Ampd2/Aldoa/Ran/Ndufb9/Stoml2/Pfkp/Gpi1/Adpgk/Ndufa10/Slc25a13/Gale/Eif6/Slc25a25/Nme6/Ndufv2/Dhodh/Ndufab1/Pgk1/Ndufs4/Mtch2/Nudt2/Cad/Nupr1/Ndufb8/Ndufb4/Mlx/Ndufc1/Enpp1/Eno2/Trex1/Nme4/Pgam1/Ndufc2/Itpa/Prps1/Ppat/Adk/Hint1/Nt5c3/Entpd7/Ndufb2/Ak2/Ndufa5,82
GO:0009117,nucleotide metabolic process,99/1551,350/10587,0.28285714285714286,1.9307598784194528,7.336164437861447,1.6434191958687257e-11,5.85422437995015e-9,5.11285972048048e-9,Pkm/Impdh1/Got1/Nme2/Aprt/Atp6v1b2/Tspo/Ak6/Nme1/Xdh/Ndufb6/Slc2a6/Ola1/Uck2/Atp6v1a/Ptger4/Gart/Gapdh/Galk1/Shmt2/Myc/Bcl2l1/Atic/App/Hif1a/Ndufa12/Nt5c/Pfas/Ndufs1/Ucp2/Mdh2/Tpi1/Adsl/Pde4b/Dnm1l/Hspa8/Mthfd1/Got2/Pgd/Slc25a22/Vcp/Nudt5/Igf1/Sdhb/Guk1/Pfkl/Ampd2/Oasl2/Aldoa/Ran/Oas1a/Ndufb9/Stoml2/Pfkp/Gpi1/Adpgk/Ndufa10/Slc25a13/Gale/Eif6/Slc25a25/Nme6/Ndufv2/Fdx1/Dhodh/Slc52a2/Ndufab1/Pgk1/Ndufs4/Mtch2/Nudt2/Cad/Nupr1/Ndufb8/Ndufb4/Mlx/Ndufc1/Enpp1/Slc37a2/Tkt/Eno2/Trex1/Nme4/Pgam1/Ndufc2/Itpa/Prps1/Ppat/Adk/Hint1/Nampt/Aco1/Nt5c3/Entpd7/Ndufb2/Idh1/Ak2/Rbks/Ndufa5,99
GO:0009060,aerobic respiration,74/1551,233/10587,0.31759656652360513,2.1678883622085157,7.468079690801667,1.81254038127773e-11,6.1168468025014755e-9,5.342224281660678e-9,Pkm/Tnf/Ndufb6/Slc2a6/Cox7b/Gapdh/Galk1/Shmt2/Myc/Dlat/App/Hif1a/Ndufa12/Ndufs1/Ucp2/Mdh2/Cyc1/Tpi1/Adsl/Uqcrq/Dld/Fh1/Idh3a/Vcp/Igf1/Sdhb/Uqcrb/Pfkl/Cox5a/Aco2/Aldoa/Ran/Ndufb9/Suclg1/Stoml2/Pfkp/Gpi1/Adpgk/Ndufa10/Uqcrc2/Gale/Eif6/Ndufv2/Cox7a2/Cox6a2/Cox6b1/Ndufab1/Pgk1/Coq7/Dnajc15/Uqcr10/Ndufs4/Uqcrc1/Mtch2/Nupr1/Ndufb8/Ndufb4/Mlx/Ndufc1/Enpp1/Cs/Coq9/Eno2/Trex1/Pgam1/Ndufc2/Aco1/Ndufb2/Cox10/Mfn2/Idh1/Uqcc2/Cox5b/Ndufa5,74
GO:0000460,maturation of 5.8S rRNA,21/1551,32/10587,0.65625,4.47950918762089,8.166718583793353,6.810434763392573e-11,2.1834253851436592e-8,1.9069217337499206e-8,Rrs1/Npm1/Ftsj3/Exosc3/Bop1/Nop9/Wdr12/Mak16/Nol9/Rpp40/Rrp15/Mphosph6/Rpf1/Fcf1/Eif6/Kri1/Exosc10/Pes1/Exosc9/Urb1/Exosc4,21
GO:0015980,energy derivation by oxidation of organic compounds,95/1551,339/10587,0.28023598820059,1.9128680896709516,7.077372421981669,7.541095882108023e-11,2.3025479426703164e-8,2.010958901895473e-8,Pkm/Mybbp1a/Tnf/Cd36/Ldha/Ndufb6/Slc2a6/Cox7b/Sod2/Chchd4/Gapdh/Galk1/Shmt2/Myc/Dlat/App/Hif1a/Ndufa12/Ndufs1/Ucp2/Mdh2/Cyc1/Tpi1/Adsl/Trap1/Uqcrq/Dld/Fh1/Idh3a/Vcp/Igf1/Sdhb/Aifm2/Uqcrb/Pfkl/Coq10b/Cox5a/Aco2/Aldoa/Ran/Oas1a/Ndufb9/Suclg1/Atg3/Stoml2/Pfkp/Gpi1/Pnpt1/Adpgk/Ndufa10/Cisd1/Slc25a13/Uqcrc2/Gale/Pgm2/Eif6/Slc25a25/Ndufv2/Cox7a2/Cox6a2/Etfa/Cox6b1/Gys1/Ndufab1/Pgk1/Coq7/Dnajc15/Uqcr10/Ndufs4/Uqcrc1/Mtch2/Nupr1/Ndufb8/Ndufb4/Mlx/Ndufc1/Enpp1/Plec/Cs/Coq9/Eno2/Trex1/Pgam1/Ndufc2/Ptges3/Blvra/Aco1/Pgm1/Ndufb2/Cox10/Mfn2/Idh1/Uqcc2/Cox5b/Ndufa5,95
GO:0009144,purine nucleoside triphosphate metabolic process,65/1551,199/10587,0.32663316582914576,2.2295714549536854,7.254342775426566,8.132214853177695e-11,2.370170983571608e-8,2.0700183262634135e-8,Pkm/Impdh1/Nme2/Atp6v1b2/Tspo/Nme1/Ndufb6/Slc2a6/Ola1/Atp6v1a/Gapdh/Galk1/Myc/Bcl2l1/App/Hif1a/Ndufa12/Ndufs1/Ucp2/Tpi1/Dnm1l/Hspa8/Vcp/Nudt5/Igf1/Sdhb/Guk1/Pfkl/Ampd2/Aldoa/Ran/Ndufb9/Stoml2/Pfkp/Gpi1/Adpgk/Ndufa10/Slc25a13/Gale/Eif6/Slc25a25/Nme6/Ndufv2/Ndufab1/Pgk1/Ndufs4/Mtch2/Nudt2/Nupr1/Ndufb8/Ndufb4/Mlx/Ndufc1/Enpp1/Eno2/Trex1/Nme4/Pgam1/Ndufc2/Itpa/Adk/Entpd7/Ndufb2/Ak2/Ndufa5,65
GO:0006091,generation of precursor metabolites and energy,101/1551,373/10587,0.2707774798927614,1.8483050803511702,6.910226611063479,1.6075545266862517e-10,4.2858961184347395e-8,3.7431407147901654e-8,Pkm/Mybbp1a/Tnf/Cd36/Ldha/Ndufb6/Slc2a6/Cox7b/Sod2/Chchd4/Gapdh/Galk1/Shmt2/Myc/Dlat/App/Hif1a/Ndufa12/Ndufs1/Ucp2/Mdh2/Cyc1/Tpi1/Adsl/Por/Trap1/Uqcrq/Dld/Pgd/Fh1/Idh3a/Vcp/Igf1/Sdhb/Aifm2/Uqcrb/Pfkl/Coq10b/Cox5a/Aco2/Aldoa/Ran/Oas1a/Ndufb9/Suclg1/Atg3/Stoml2/Pfkp/Gpi1/Pnpt1/Adpgk/Ndufa10/Cisd1/Slc25a13/Uqcrc2/Gale/Pgm2/Eif6/Slc25a25/Ndufv2/Cox7a2/Fdx1/Cox6a2/Etfa/Cox6b1/Gys1/Ndufab1/Pgk1/Coq7/Dnajc15/Uqcr10/Ndufs4/Uqcrc1/Mtch2/Nupr1/Ndufb8/Ndufb4/Mlx/Ndufc1/Enpp1/Tkt/Plec/Cs/Coq9/Eno2/Trex1/Pgam1/Ndufc2/Prps1/Ptges3/Blvra/Aco1/Pgm1/Ndufb2/Cox10/Mfn2/Idh1/Uqcc2/Cox5b/Rbks/Ndufa5,101
GO:0009205,purine ribonucleoside triphosphate metabolic process,63/1551,193/10587,0.32642487046632124,2.228149647728525,7.133822822220521,1.640466259300147e-10,4.2858961184347395e-8,3.7431407147901654e-8,Pkm/Impdh1/Nme2/Atp6v1b2/Tspo/Nme1/Ndufb6/Slc2a6/Ola1/Atp6v1a/Gapdh/Galk1/Myc/Bcl2l1/App/Hif1a/Ndufa12/Ndufs1/Ucp2/Tpi1/Dnm1l/Hspa8/Vcp/Nudt5/Igf1/Sdhb/Pfkl/Ampd2/Aldoa/Ran/Ndufb9/Stoml2/Pfkp/Gpi1/Adpgk/Ndufa10/Slc25a13/Gale/Eif6/Slc25a25/Nme6/Ndufv2/Ndufab1/Pgk1/Ndufs4/Mtch2/Nudt2/Nupr1/Ndufb8/Ndufb4/Mlx/Ndufc1/Enpp1/Eno2/Trex1/Nme4/Pgam1/Ndufc2/Itpa/Entpd7/Ndufb2/Ak2/Ndufa5,63
GO:0009141,nucleoside triphosphate metabolic process,67/1551,211/10587,0.3175355450236967,2.1674718344073995,7.096699084819547,1.6710449619598952e-10,4.2858961184347395e-8,3.7431407147901654e-8,Pkm/Impdh1/Nme2/Atp6v1b2/Tspo/Nme1/Ndufb6/Slc2a6/Ola1/Uck2/Atp6v1a/Gapdh/Galk1/Myc/Bcl2l1/App/Hif1a/Ndufa12/Ndufs1/Ucp2/Tpi1/Dnm1l/Hspa8/Vcp/Nudt5/Igf1/Sdhb/Guk1/Pfkl/Ampd2/Aldoa/Ran/Ndufb9/Stoml2/Pfkp/Gpi1/Adpgk/Ndufa10/Slc25a13/Gale/Eif6/Slc25a25/Nme6/Ndufv2/Ndufab1/Pgk1/Ndufs4/Mtch2/Nudt2/Cad/Nupr1/Ndufb8/Ndufb4/Mlx/Ndufc1/Enpp1/Eno2/Trex1/Nme4/Pgam1/Ndufc2/Itpa/Adk/Entpd7/Ndufb2/Ak2/Ndufa5,67
GO:0006753,nucleoside phosphate metabolic process,121/1551,476/10587,0.2542016806722689,1.7351600214553906,6.799422617412931,1.9917549166068148e-10,4.911974048185729e-8,4.289933666537755e-8,Pkm/Uap1l1/Impdh1/Got1/Nme2/Aprt/Atp6v1b2/Tspo/Ak6/Nme1/Xdh/Ndufb6/Slc2a6/Ola1/Uck2/Atp6v1a/Acot9/Ptger4/Gart/Gapdh/Galk1/Shmt2/Acot7/Myc/Bcl2l1/Atic/Dlat/App/Slc2a1/Gmppb/Hif1a/Ndufa12/Elovl1/Nt5c/Pfas/Ndufs1/Ucp2/Mdh2/Tpi1/Adsl/Pde4b/Dnm1l/Hspa8/Mthfd1/Dld/Got2/Pgd/Acot10/Slc25a22/Vcp/Nudt5/Igf1/Amdhd2/Sdhb/Acsl4/Guk1/Pfkl/Ampd2/Oasl2/Aldoa/Ran/Oas1a/Ndufb9/Suclg1/Pgm3/Stoml2/Pfkp/Gpi1/Adpgk/Ndufa10/Slc25a13/Extl2/Acsl5/Gale/Eif6/Slc25a25/Nme6/Ndufv2/Fdx1/Acaa2/Dhodh/Slc52a2/Ndufab1/Gmppa/Pgk1/Ndufs4/Mtch2/Nudt2/Gnpnat1/Cad/Nupr1/Ndufb8/Acot2/Ndufb4/Mlx/Ndufc1/Enpp1/Slc37a2/Nans/Tkt/Cs/Eno2/Trex1/Nme4/Pgam1/Ndufc2/Hddc2/Itpa/Prps1/Ppat/Adk/Hint1/Nampt/Aco1/Nt5c3/Entpd7/Ndufb2/Idh1/Ak2/Rbks/Ndufa5,121
GO:0055086,nucleobase-containing small molecule metabolic process,123/1551,494/10587,0.24898785425101214,1.699570865864259,6.597338764923344,5.746841455832519e-10,1.3080599935359203e-7,1.1424104747038606e-7,Pkm/Uap1l1/Impdh1/Got1/Nme2/Aprt/Atp6v1b2/Tspo/Ak6/Nme1/Xdh/Ndufb6/Slc2a6/Ola1/Uck2/Atp6v1a/Acot9/Ptger4/Gart/Gapdh/Galk1/Shmt2/Acot7/Myc/Bcl2l1/Atic/Dlat/App/Slc2a1/Gmppb/Hif1a/Ndufa12/Elovl1/Nt5c/Mtap/Pfas/Ndufs1/Ucp2/Mdh2/Tpi1/Adsl/Pde4b/Dnm1l/Hspa8/Mthfd1/Dld/Got2/Pgd/Acot10/Slc25a22/Vcp/Nudt5/Igf1/Amdhd2/Sdhb/Acsl4/Guk1/Pfkl/Ampd2/Oasl2/Aldoa/Ran/Oas1a/Ndufb9/Suclg1/Pgm3/Stoml2/Pfkp/Gpi1/Adpgk/Ndufa10/Slc25a13/Extl2/Acsl5/Gale/Pgm2/Eif6/Slc25a25/Nme6/Ndufv2/Fdx1/Acaa2/Dhodh/Slc52a2/Ndufab1/Gmppa/Pgk1/Ndufs4/Mtch2/Nudt2/Gnpnat1/Cad/Nupr1/Ndufb8/Acot2/Ndufb4/Mlx/Ndufc1/Enpp1/Slc37a2/Nans/Tkt/Cs/Eno2/Trex1/Nme4/Pgam1/Ndufc2/Hddc2/Itpa/Prps1/Ppat/Adk/Hint1/Nampt/Aco1/Nt5c3/Entpd7/Ndufb2/Idh1/Ak2/Rbks/Ndufa5,123
GO:0001819,positive regulation of cytokine production,99/1551,371/10587,0.2668463611859838,1.8214715834145783,6.6730255865343375,5.891094155379144e-10,1.3080599935359203e-7,1.1424104747038606e-7,Lpl/Ccl2/Ccl4/Ccl3/Cd14/Ifnb1/Tnf/Il23a/Hspd1/Il12b/Cd74/Ncl/Cd36/C5ar1/Osm/Mmp12/Ccl5/Tlr2/Rsad2/Il1a/Cadm1/Mif/Postn/Clec4e/Cd274/P2ry2/Il6/Tnfsf9/Isg15/Gpr65/Tmem106a/Adam8/Irf7/Ptger4/Gapdh/Anxa1/Cybb/App/Ikbke/Tlr1/Hif1a/Hilpda/Atp6ap2/F3/Cd83/Ly9/Mcoln2/Banf1/Ddx21/Pde4b/Ddx1/Polr3d/Hspb1/Il27ra/G3bp1/Htr2b/Hsp90aa1/Casp4/Ptgs2/Chil3/Il1b/Oas1a/Nlrp3/Mefv/C3ar1/Stoml2/Il10/Thbs1/Agpat2/Adora2b/Cyba/Tarm1/Arfgef2/Pycard/Hgf/Polr3g/Kpna6/Ifih1/Ptprc/Agpat1/Clec7a/Lrrfip2/Il4ra/Tlr7/Xbp1/Clec4n/Rftn1/Mapk11/Batf/Dhx58/Mmp8/Rgcc/Xaf1/Stat1/Ddx41/Arid5a/Dhx33/Casp1/Rbm47,99
GO:0016485,protein processing,52/1551,150/10587,0.3466666666666667,2.3663185041908448,6.9822190637880945,5.916054244002135e-10,1.3080599935359203e-7,1.1424104747038606e-7,Srgn/Mdm2/Plaur/Chac1/Asprv1/Ctsl/Timm17a/Il1r2/Plgrkt/Hp/Anxa2/Ctsz/P4hb/Prep/Myc/Rnpep/Atp6ap2/Spcs2/Hsp90b1/F3/Parl/Gsn/Masp1/Vps35/Tmem208/Metap2/Mafb/Spcs3/Casp4/Ctla2a/Afg3l2/Psen2/Stoml2/Pitrm1/Cln5/Thbs1/Cpd/Adam9/Pmpca/Tysnd1/Spcs1/Afg3l1/Plau/Pgk1/Pmpcb/Zmpste24/Serpine2/Slc30a5/H13/Immp1l/Ece2/Casp1,52
GO:0072521,purine-containing compound metabolic process,108/1551,419/10587,0.2577565632458234,1.7594253611112396,6.5714025460109715,8.430896291472712e-10,1.801963567364101e-7,1.573767307741573e-7,Pkm/Impdh1/Got1/Nme2/Aprt/Atp6v1b2/Tspo/Nme1/Spp1/Xdh/Ndufb6/Slc2a6/Ola1/Atp6v1a/Acot9/Ptger4/Gart/Gapdh/Galk1/Acot7/Myc/Bcl2l1/Atic/Dlat/App/Hif1a/Ndufa12/Elovl1/Nt5c/Mtap/Pfas/Ndufs1/Ucp2/Mdh2/Tpi1/Adsl/Pde4b/Dnm1l/Hspa8/Mthfd1/Dld/Got2/Pgd/Acot10/Slc25a22/Vcp/Nudt5/Igf1/Sdhb/Acsl4/Guk1/Pfkl/Ampd2/Oasl2/Aldoa/Ran/Oas1a/Ndufb9/Suclg1/Stoml2/Pfkp/Gpi1/Adpgk/Ndufa10/Slc25a13/Acsl5/Gale/Pgm2/Eif6/Slc25a25/Nme6/Ndufv2/Fdx1/Acaa2/Ndufab1/Pgk1/Ndufs4/Mtch2/Nudt2/Nupr1/Ndufb8/Acot2/Ndufb4/Mlx/Ndufc1/Enpp1/Slc37a2/Tkt/Cs/Eno2/Trex1/Nme4/Pgam1/Ndufc2/Itpa/Prps1/Ppat/Adk/Hint1/Nampt/Aco1/Nt5c3/Entpd7/Ndufb2/Idh1/Ak2/Rbks/Ndufa5,108
GO:0030490,maturation of SSU-rRNA,24/1551,45/10587,0.5333333333333333,3.640490006447453,7.353820275876023,1.3512393669375971e-9,2.794886071227056e-7,2.440948533822756e-7,Rrs1/Nop14/Nop9/Pwp2/Wdr43/Bysl/Bms1/Wdr46/Rpp40/Utp6/Nol11/Tsr1/Nob1/Heatr1/Nat10/Nol7/Fcf1/Tbl3/Dcaf13/Nol10/Kri1/Srfbp1/Dhx37/Ngdn,24
GO:0022900,electron transport chain,34/1551,81/10587,0.41975308641975306,2.8652004680373477,6.981247896065417,2.0810584294613355e-9,4.169920828033151e-7,3.6418522515573375e-7,Mybbp1a/Ndufb6/Cox7b/Sod2/Ndufa12/Ndufs1/Cyc1/Por/Uqcrq/Dld/Sdhb/Aifm2/Uqcrb/Cox5a/Ndufb9/Ndufa10/Uqcrc2/Ndufv2/Cox7a2/Fdx1/Cox6a2/Etfa/Coq7/Dnajc15/Uqcr10/Ndufs4/Uqcrc1/Mtch2/Ndufb8/Plec/Coq9/Ndufc2/Cox5b/Ndufa5,34
GO:0009260,ribonucleotide biosynthetic process,42/1551,114/10587,0.3684210526315789,2.5148121755064645,6.736889029371001,3.3327529745885432e-9,6.475640022139921e-7,5.655580805362376e-7,Impdh1/Nme2/Aprt/Nme1/Ndufb6/Uck2/Ptger4/Gart/Myc/Bcl2l1/Atic/Ndufa12/Pfas/Ndufs1/Adsl/Mthfd1/Vcp/Sdhb/Guk1/Ampd2/Aldoa/Ndufb9/Stoml2/Ndufa10/Slc25a13/Nme6/Ndufv2/Dhodh/Ndufab1/Ndufs4/Nudt2/Cad/Ndufb8/Ndufb4/Ndufc1/Nme4/Ndufc2/Ppat/Adk/Ndufb2/Ak2/Ndufa5,42
GO:0022904,respiratory electron transport chain,32/1551,75/10587,0.4266666666666667,2.9123920051579626,6.8857080929874614,3.792215379191236e-9,7.12106468372718e-7,6.219270466137277e-7,Mybbp1a/Ndufb6/Cox7b/Sod2/Ndufa12/Ndufs1/Cyc1/Uqcrq/Dld/Sdhb/Aifm2/Uqcrb/Cox5a/Ndufb9/Ndufa10/Uqcrc2/Ndufv2/Cox7a2/Cox6a2/Etfa/Coq7/Dnajc15/Uqcr10/Ndufs4/Uqcrc1/Mtch2/Ndufb8/Plec/Coq9/Ndufc2/Cox5b/Ndufa5,32
GO:0046034,ATP metabolic process,56/1551,175/10587,0.32,2.184294003868472,6.544782338262834,3.887044041335797e-9,7.12106468372718e-7,6.219270466137277e-7,Pkm/Atp6v1b2/Tspo/Ndufb6/Slc2a6/Ola1/Atp6v1a/Gapdh/Galk1/Myc/Bcl2l1/App/Hif1a/Ndufa12/Ndufs1/Ucp2/Tpi1/Dnm1l/Hspa8/Vcp/Nudt5/Igf1/Sdhb/Pfkl/Ampd2/Aldoa/Ran/Ndufb9/Stoml2/Pfkp/Gpi1/Adpgk/Ndufa10/Slc25a13/Gale/Eif6/Slc25a25/Ndufv2/Ndufab1/Pgk1/Ndufs4/Mtch2/Nudt2/Nupr1/Ndufb8/Ndufb4/Mlx/Ndufc1/Enpp1/Eno2/Trex1/Pgam1/Ndufc2/Ndufb2/Ak2/Ndufa5,56
GO:0009152,purine ribonucleotide biosynthetic process,39/1551,103/10587,0.3786407766990291,2.5845711817618446,6.695000165323569,4.914871205524103e-9,8.753931713839042e-7,7.64535520859305e-7,Impdh1/Nme2/Aprt/Nme1/Ndufb6/Ptger4/Gart/Myc/Bcl2l1/Atic/Ndufa12/Pfas/Ndufs1/Adsl/Mthfd1/Vcp/Sdhb/Guk1/Ampd2/Aldoa/Ndufb9/Stoml2/Ndufa10/Slc25a13/Nme6/Ndufv2/Ndufab1/Ndufs4/Nudt2/Ndufb8/Ndufb4/Ndufc1/Nme4/Ndufc2/Ppat/Adk/Ndufb2/Ak2/Ndufa5,39
GO:0030595,leukocyte chemotaxis,53/1551,165/10587,0.3212121212121212,2.1925678447922166,6.3963654031517745,8.75815000837182e-9,1.517763725775138e-6,1.3255578391049242e-6,Ccl2/Ccl4/Ccl12/Ccl3/Cxcl14/Cxcl16/Coro1c/Il23a/Cd74/S100a9/C5ar1/Cxcl2/Trem1/Calr/Ccl5/Lgals3/Mif/Ccl7/Spp1/Csf1/S100a8/Cxcl10/Adam8/C1qbp/Anxa1/App/Retnlg/Ch25h/Slamf8/Pde4b/Masp1/Dnm1l/Slc8b1/Il1b/Edn1/C3ar1/Fpr2/Ccl8/Thbs1/Flt1/Ppib/Cxcl1/Tnfaip6/Ptk2b/Slamf9/Bst1/Sell/Trem3/Plec/Creb3/Cxcl3/Tnfsf14/Ccl22,53
GO:0006119,oxidative phosphorylation,39/1551,105/10587,0.37142857142857144,2.5353412544901905,6.5503004993651945,9.266244919864718e-9,1.5635569059519096e-6,1.365551882927432e-6,Tnf/Ndufb6/Cox7b/Shmt2/Myc/Ndufa12/Ndufs1/Cyc1/Uqcrq/Dld/Vcp/Sdhb/Uqcrb/Cox5a/Ndufb9/Stoml2/Ndufa10/Uqcrc2/Ndufv2/Cox7a2/Cox6a2/Cox6b1/Ndufab1/Coq7/Dnajc15/Uqcr10/Ndufs4/Uqcrc1/Mtch2/Nupr1/Ndufb8/Ndufb4/Ndufc1/Coq9/Ndufc2/Ndufb2/Uqcc2/Cox5b/Ndufa5,39
GO:0046390,ribose phosphate biosynthetic process,43/1551,122/10587,0.3524590163934426,2.4058566128674257,6.470458553505782,1.0273519982139074e-8,1.689072054499378e-6,1.4751720999994565e-6,Impdh1/Nme2/Aprt/Nme1/Ndufb6/Uck2/Ptger4/Gart/Myc/Bcl2l1/Atic/Ndufa12/Pfas/Ndufs1/Adsl/Mthfd1/Vcp/Sdhb/Guk1/Ampd2/Aldoa/Ndufb9/Stoml2/Ndufa10/Slc25a13/Nme6/Ndufv2/Dhodh/Ndufab1/Ndufs4/Nudt2/Cad/Ndufb8/Ndufb4/Ndufc1/Nme4/Ndufc2/Prps1/Ppat/Adk/Ndufb2/Ak2/Ndufa5,43
GO:0097530,granulocyte migration,40/1551,110/10587,0.36363636363636365,2.4821522771232636,6.473727711938241,1.2121064558122589e-8,1.943006648667051e-6,1.6969490381371626e-6,Ccl2/Ccl4/Ccl12/Ccl3/Il23a/Cd74/S100a9/C5ar1/Cxcl2/Trem1/Ccl5/Tlr2/Lgals3/Il1a/Ccl7/Spp1/Csf1/S100a8/Cxcl10/Adam8/C1qbp/Ptger4/Anxa1/Slamf8/Mcoln2/Pde4b/Dnm1l/Il1b/Edn1/C3ar1/Ccl8/Thbs1/Ppib/Cxcl1/Tnfaip6/Bst1/Sell/Trem3/Cxcl3/Ccl22,40
GO:0000462,"maturation of SSU-rRNA from tricistronic rRNA transcript (SSU-rRNA, 5.8S rRNA, LSU-rRNA)",18/1551,30/10587,0.6,4.095551257253385,7.034157670722684,1.3083120148400881e-8,2.046072351013328e-6,1.7869627519767057e-6,Rrs1/Nop9/Pwp2/Wdr43/Bysl/Bms1/Wdr46/Rpp40/Utp6/Tsr1/Heatr1/Fcf1/Tbl3/Dcaf13/Nol10/Kri1/Dhx37/Ngdn,18
GO:0000466,"maturation of 5.8S rRNA from tricistronic rRNA transcript (SSU-rRNA, 5.8S rRNA, LSU-rRNA)",15/1551,22/10587,0.6818181818181818,4.6540355196061185,7.107765432901786,1.777808093528872e-8,2.7141203561207443e-6,2.3704107913718293e-6,Rrs1/Npm1/Ftsj3/Exosc3/Bop1/Nop9/Wdr12/Nol9/Rpp40/Fcf1/Kri1/Exosc10/Pes1/Exosc9/Urb1,15
GO:0071621,granulocyte chemotaxis,34/1551,89/10587,0.38202247191011235,2.6076543585508443,6.30983690697999,3.6423922023351644e-8,5.431399721249552e-6,4.743580542576029e-6,Ccl2/Ccl4/Ccl12/Ccl3/Il23a/Cd74/S100a9/C5ar1/Cxcl2/Trem1/Ccl5/Lgals3/Ccl7/Spp1/Csf1/S100a8/Cxcl10/C1qbp/Anxa1/Pde4b/Dnm1l/Il1b/Edn1/C3ar1/Ccl8/Thbs1/Ppib/Cxcl1/Tnfaip6/Bst1/Sell/Trem3/Cxcl3/Ccl22,34
GO:0060326,cell chemotaxis,62/1551,214/10587,0.2897196261682243,1.977602632007086,5.985504925084051,4.111389723952669e-8,5.991416115905571e-6,5.232677830485215e-6,Ccl2/Ccl9/Ccl6/Ccl4/Ccl12/Ccl3/Cxcl14/Cxcl16/Coro1c/Il23a/Cd74/S100a9/C5ar1/Cxcl2/Trem1/Saa3/Calr/Ccl5/Lgals3/P2rx4/Mif/Ccl7/Spp1/Csf1/Ccrl2/S100a8/Cxcl10/Adam8/C1qbp/Anxa1/App/Retnlg/Vcam1/Ch25h/Slamf8/Pde4b/Masp1/Dnm1l/Hspb1/Slc8b1/Il1b/Edn1/C3ar1/Fpr2/Ccl8/Thbs1/Flt1/Ppib/Cxcl1/Tnfaip6/Hgf/Ptk2b/Slamf9/Bst1/Sell/Trem3/Plec/Nr4a1/Creb3/Cxcl3/Tnfsf14/Ccl22,62
GO:0097529,myeloid leukocyte migration,52/1551,169/10587,0.3076923076923077,2.100282696027377,5.973641993049276,6.014098290828084e-8,8.569421831286593e-6,7.4842112063638376e-6,Ccl2/Ccl4/Ccl12/Ccl3/Coro1c/Il23a/Cd74/S100a9/C5ar1/Cxcl2/Trem1/Ccl5/Tlr2/Lgals3/Il1a/P2rx4/Mif/Ccl7/Spp1/Csf1/Cd9/S100a8/Cxcl10/Adam8/C1qbp/Ptger4/Anxa1/App/Retnlg/Slamf8/Mcoln2/Pde4b/Dnm1l/Il1b/Edn1/C3ar1/Fpr2/Ccl8/Thbs1/Flt1/Ppib/Cxcl1/Tnfaip6/Rabgef1/Ptk2b/Bst1/Sell/Enpp1/Trem3/Creb3/Cxcl3/Ccl22,52
GO:0042255,ribosome assembly,23/1551,49/10587,0.46938775510204084,3.2040026842458453,6.406410962401411,6.911972846551032e-8,9.634689106975048e-6,8.414575639279518e-6,Rrs1/Rps27l/Eif1ax/Bop1/C1qbp/Rpf2/Pwp2/Brix1/Mrto4/Rpl38/Noa1/Nop2/Eif6/Eif5b/Fastkd2/Dhx30/Nip7/Rrp7a/Mdn1/Dhx37/Eif5/Dhx29/Ddx28,23
GO:0006164,purine nucleotide biosynthetic process,43/1551,130/10587,0.33076923076923076,2.25780389822943,5.9781222390157325,8.586382444625825e-8,1.1714017922327827e-5,1.023058333827758e-5,Impdh1/Nme2/Aprt/Nme1/Ndufb6/Ptger4/Gart/Myc/Bcl2l1/Atic/Ndufa12/Pfas/Ndufs1/Adsl/Mthfd1/Vcp/Sdhb/Guk1/Ampd2/Oasl2/Aldoa/Oas1a/Ndufb9/Stoml2/Ndufa10/Slc25a13/Nme6/Ndufv2/Ndufab1/Ndufs4/Nudt2/Ndufb8/Ndufb4/Ndufc1/Nme4/Ndufc2/Prps1/Ppat/Adk/Nampt/Ndufb2/Ak2/Ndufa5,43
GO:0009165,nucleotide biosynthetic process,49/1551,157/10587,0.31210191082802546,2.130382288804839,5.911759375983959,8.80266661910368e-8,1.1758895492019333e-5,1.0269777722287627e-5,Impdh1/Nme2/Aprt/Ak6/Nme1/Ndufb6/Uck2/Ptger4/Gart/Shmt2/Myc/Bcl2l1/Atic/Ndufa12/Pfas/Ndufs1/Adsl/Mthfd1/Vcp/Sdhb/Guk1/Ampd2/Oasl2/Aldoa/Oas1a/Ndufb9/Stoml2/Ndufa10/Slc25a13/Nme6/Ndufv2/Dhodh/Slc52a2/Ndufab1/Ndufs4/Nudt2/Cad/Ndufb8/Ndufb4/Ndufc1/Nme4/Ndufc2/Prps1/Ppat/Adk/Nampt/Ndufb2/Ak2/Ndufa5,49
GO:0006413,translational initiation,44/1551,136/10587,0.3235294117647059,2.2083854818523156,5.875972596543034,1.259593806668243e-7,1.6482684670115866e-5,1.4395357790494206e-5,Tnf/Atad3a/Hspa5/Npm1/Eif2s1/Eif4a1/Prmt1/Eif1a/Eif2s2/Eif1ax/Eif3i/Eif3c/Eif3l/Eif3d/Eif3g/Abcf1/Eif4ebp1/Sh3bgrl/Abce1/Metap2/Eif2b3/Denr/Rraga/Eif1ad/Eif4g1/Bzw2/Alkbh1/Ywhag/Caprin1/Eif6/Eif5b/Paip1/Eif4e/Ncbp1/Eif4g2/Eif2b5/Eif5/Dhx29/Rheb/Eif2b1/Eif3m/Bzw1/Dhx33/Mcts1,44
GO:0007004,telomere maintenance via telomerase,22/1551,47/10587,0.46808510638297873,3.1951109099139883,6.248400009504817,1.4178484443066086e-7,1.818248844978795e-5,1.587990257623402e-5,Cct3/Gch1/Cct6a/Cct8/Nhp2/Cct5/Tcp1/Dkc1/Gar1/Gnl3l/Hsp90aa1/Cct4/Cct2/Nat10/Nop10/Cct7/Pinx1/Wrap53/Hsp90ab1/Exosc10/Ptges3/Hnrnpa1,22
GO:0022618,protein-RNA complex assembly,50/1551,164/10587,0.3048780487804878,2.081072793319809,5.780484295406547,1.4846288629046664e-7,1.866556915479357e-5,1.6301807122090454e-5,Rrs1/Rps27l/Prpf31/Eif2s2/Smn1/Bop1/Rpf2/Prmt5/Pwp2/Brix1/Mrto4/Eif3i/Eif3c/Eif3l/Dkc1/Snrpd3/Eif3d/Rpl38/Eif3g/Prmt7/Luc7l/Denr/Wdr77/Hsp90aa1/Nufip1/Gemin5/Znhit6/Nop2/Eif6/Ruvbl2/Strap/Fastkd2/Prpf3/Snrpd1/Dhx30/Ncbp1/Usp39/Rrp7a/Hsp90ab1/Mdn1/Nvl/Snrpc/Eif5/Ptges3/Dhx29/U2af2/Ddx28/Isy1/Eif3m/Mcts1,50
GO:0006278,RNA-templated DNA biosynthetic process,22/1551,48/10587,0.4583333333333333,3.12854609929078,6.123330624338141,2.2576361274843316e-7,2.7838390095056796e-5,2.4313004449831263e-5,Cct3/Gch1/Cct6a/Cct8/Nhp2/Cct5/Tcp1/Dkc1/Gar1/Gnl3l/Hsp90aa1/Cct4/Cct2/Nat10/Nop10/Cct7/Pinx1/Wrap53/Hsp90ab1/Exosc10/Ptges3/Hnrnpa1,22
GO:0071826,protein-RNA complex organization,51/1551,171/10587,0.2982456140350877,2.035800332552852,5.657275755692144,2.413479616553963e-7,2.9198549625177375e-5,2.550091670321168e-5,Rrs1/Rps27l/Prpf31/Eif2s2/Smn1/Bop1/Rpf2/Prmt5/Pwp2/Brix1/Mrto4/Eif3i/Eif3c/Eif3l/Dkc1/Snrpd3/Eif3d/Rpl38/Eif3g/Prmt7/Luc7l/Denr/Wdr77/Vcp/Hsp90aa1/Nufip1/Gemin5/Znhit6/Nop2/Eif6/Ruvbl2/Strap/Fastkd2/Prpf3/Snrpd1/Dhx30/Ncbp1/Usp39/Rrp7a/Hsp90ab1/Mdn1/Nvl/Snrpc/Eif5/Ptges3/Dhx29/U2af2/Ddx28/Isy1/Eif3m/Mcts1,51
GO:0009617,response to bacterium,106/1551,452/10587,0.2345132743362832,1.6007685592509542,5.408144283909132,2.57170161086287e-7,3.010036232372651e-5,2.6288526046922713e-5,Lpl/Ccl2/Cd14/Cxcl16/Ifi204/Ifnb1/Rgs1/Tnf/Il23a/Il12b/Ncl/Cd36/C5ar1/Cxcl2/Trem1/Wfdc17/Slfn2/Saa3/Fcgr4/Tlr2/Gch1/Il1a/Clec4d/Tspo/Mif/Hp/Lrg1/Vim/Pmp22/Tnip3/Ifi205/Clec4e/S100a8/Cd274/Il6/Lcn2/Isg15/Cxcl10/Mt2/Sod2/Ptger4/Usp18/Cd52/Emilin2/Tnfaip3/App/Tlr1/Cfb/Lyz2/Slamf8/Nfkbib/Pde4b/Alpk1/Il27ra/Sgms1/Litaf/Ifit1/Plaa/Casp4/Ptgs2/Fabp4/Abca1/Mapkapk3/Il1b/Oas1a/Edn1/Arg2/Nlrp3/St13/Slfn4/Wfdc21/Ifit3/Il10/Sbno2/Fpr2/Cdk4/Adam9/Cyba/Map2k3/Gbp2/AA467197/Pycard/Slamf9/Axl/Cd300lb/Xbp1/Enpp1/Trem3/Scgb1a1/Nr1h3/Dhx58/Nr4a1/Cd68/Mmp8/Blvra/Seh1l/Stat1/Rpl30/Cxcl3/Arid5a/Nfkb2/Pim1/Alad/Trib1/Casp1/Slc22a4,106
GO:1901293,nucleoside phosphate biosynthetic process,64/1551,234/10587,0.27350427350427353,1.8669179520243353,5.555671399452887,2.5964833343153154e-7,3.010036232372651e-5,2.6288526046922713e-5,Uap1l1/Impdh1/Nme2/Aprt/Ak6/Nme1/Ndufb6/Uck2/Ptger4/Gart/Shmt2/Acot7/Myc/Bcl2l1/Atic/Dlat/Slc2a1/Gmppb/Ndufa12/Elovl1/Pfas/Ndufs1/Adsl/Mthfd1/Dld/Vcp/Amdhd2/Sdhb/Acsl4/Guk1/Ampd2/Oasl2/Aldoa/Oas1a/Ndufb9/Pgm3/Stoml2/Ndufa10/Slc25a13/Acsl5/Nme6/Ndufv2/Dhodh/Slc52a2/Ndufab1/Gmppa/Pgk1/Ndufs4/Nudt2/Gnpnat1/Cad/Ndufb8/Ndufb4/Ndufc1/Nans/Nme4/Ndufc2/Prps1/Ppat/Adk/Nampt/Ndufb2/Ak2/Ndufa5,64
GO:1990266,neutrophil migration,31/1551,83/10587,0.37349397590361444,2.549439537647689,5.871107820472863,2.6288526046922714e-7,3.010036232372651e-5,2.6288526046922713e-5,Ccl2/Ccl3/Il23a/Cd74/S100a9/C5ar1/Cxcl2/Trem1/Tlr2/Lgals3/Il1a/Spp1/S100a8/Cxcl10/Adam8/C1qbp/Ptger4/Slamf8/Mcoln2/Pde4b/Dnm1l/Il1b/Edn1/C3ar1/Ppib/Cxcl1/Tnfaip6/Bst1/Sell/Trem3/Cxcl3,31
GO:0050900,leukocyte migration,72/1551,275/10587,0.26181818181818184,1.7871496395287498,5.47943687728714,3.052267244016602e-7,3.4335329067779735e-5,2.99871869587596e-5,Ccl2/Ccl4/Ccl12/Ccl3/Cxcl14/Cxcl16/Ifnb1/Coro1c/Tnf/Il23a/Cd74/S100a9/C5ar1/Cxcl2/Trem1/Calr/Ccl5/Tlr2/Lgals3/Il1a/P2rx4/Cadm1/Mif/Ccl7/Spp1/Csf1/Cd9/S100a8/Cxcl10/Adam8/C1qbp/Ptger4/P4hb/Anxa1/App/Retnlg/Vcam1/Ch25h/Slamf8/Mcoln2/Pde4b/Masp1/Dnm1l/Il27ra/Slc8b1/Il1b/Edn1/Ecm1/Ripk3/C3ar1/Fpr2/Ccl8/Thbs1/Flt1/Ppib/Cxcl1/Aimp1/Tnfaip6/Rabgef1/Pycard/Ptk2b/Slamf9/Bst1/Kcnn4/Sell/Enpp1/Trem3/Plec/Creb3/Cxcl3/Tnfsf14/Ccl22,72
GO:0042773,ATP synthesis coupled electron transport,25/1551,60/10587,0.4166666666666667,2.844132817537073,5.934706458192255,3.3359727379656887e-7,3.6254673213281354e-5,3.1663470055267555e-5,Ndufb6/Cox7b/Ndufa12/Ndufs1/Cyc1/Uqcrq/Dld/Sdhb/Uqcrb/Cox5a/Ndufb9/Ndufa10/Uqcrc2/Ndufv2/Cox7a2/Cox6a2/Coq7/Dnajc15/Uqcr10/Uqcrc1/Mtch2/Ndufb8/Coq9/Ndufc2/Cox5b,25
GO:0042775,mitochondrial ATP synthesis coupled electron transport,25/1551,60/10587,0.4166666666666667,2.844132817537073,5.934706458192255,3.3359727379656887e-7,3.6254673213281354e-5,3.1663470055267555e-5,Ndufb6/Cox7b/Ndufa12/Ndufs1/Cyc1/Uqcrq/Dld/Sdhb/Uqcrb/Cox5a/Ndufb9/Ndufa10/Uqcrc2/Ndufv2/Cox7a2/Cox6a2/Coq7/Dnajc15/Uqcr10/Uqcrc1/Mtch2/Ndufb8/Coq9/Ndufc2/Cox5b,25
GO:0006935,chemotaxis,74/1551,286/10587,0.25874125874125875,1.766146812568476,5.441755873658763,3.4644510725193065e-7,3.641649225736687e-5,3.1804796731324784e-5,Ccl2/Ccl9/Ccl6/Ccl4/Ccl12/Ccl3/Cxcl14/Cxcl16/Coro1c/Il23a/Cd74/S100a9/C5ar1/Cxcl2/Trem1/Saa3/Calr/Fn1/Ccl5/Lgals3/P2rx4/Fpr1/Mif/Ccl7/Spp1/Csf1/Plgrkt/Ccrl2/Usp14/S100a8/Cxcl10/Adam8/C1qbp/Nrp2/Dusp3/Anxa1/App/F3/Retnlg/Vcam1/Ch25h/Slamf8/Pde4b/Masp1/Dnm1l/Pdgfa/Hspb1/Slc8b1/Il1b/Edn1/C3ar1/Alkbh1/Fpr2/Ccl8/Thbs1/Flt1/Ppib/Cxcl1/Tnfaip6/Hgf/Ptpn2/Ptk2b/Slamf9/Bst1/Sell/Trem3/Plec/Nr4a1/Creb3/Blvra/Cxcl3/Plxna3/Tnfsf14/Ccl22,74
GO:0042330,taxis,74/1551,286/10587,0.25874125874125875,1.766146812568476,5.441755873658763,3.4644510725193065e-7,3.641649225736687e-5,3.1804796731324784e-5,Ccl2/Ccl9/Ccl6/Ccl4/Ccl12/Ccl3/Cxcl14/Cxcl16/Coro1c/Il23a/Cd74/S100a9/C5ar1/Cxcl2/Trem1/Saa3/Calr/Fn1/Ccl5/Lgals3/P2rx4/Fpr1/Mif/Ccl7/Spp1/Csf1/Plgrkt/Ccrl2/Usp14/S100a8/Cxcl10/Adam8/C1qbp/Nrp2/Dusp3/Anxa1/App/F3/Retnlg/Vcam1/Ch25h/Slamf8/Pde4b/Masp1/Dnm1l/Pdgfa/Hspb1/Slc8b1/Il1b/Edn1/C3ar1/Alkbh1/Fpr2/Ccl8/Thbs1/Flt1/Ppib/Cxcl1/Tnfaip6/Hgf/Ptpn2/Ptk2b/Slamf9/Bst1/Sell/Trem3/Plec/Nr4a1/Creb3/Blvra/Cxcl3/Plxna3/Tnfsf14/Ccl22,74
GO:0009201,ribonucleoside triphosphate biosynthetic process,29/1551,76/10587,0.3815789473684211,2.604626896060267,5.816243471858343,3.7487648023725035e-7,3.876948373034273e-5,3.385981111820326e-5,Impdh1/Nme2/Nme1/Ndufb6/Uck2/Myc/Bcl2l1/Ndufa12/Ndufs1/Vcp/Sdhb/Aldoa/Ndufb9/Stoml2/Ndufa10/Slc25a13/Nme6/Ndufv2/Ndufab1/Ndufs4/Nudt2/Cad/Ndufb8/Ndufb4/Ndufc1/Nme4/Ndufc2/Ndufb2/Ndufa5,29
GO:0072677,eosinophil migration,11/1551,15/10587,0.7333333333333333,5.005673758865248,6.431708608806045,4.985437538081976e-7,5.074067538758989e-5,4.4315000338506456e-5,Ccl2/Ccl4/Ccl12/Ccl3/Ccl5/Lgals3/Ccl7/Adam8/Ptger4/Ccl8/Ccl22,11
GO:0009145,purine nucleoside triphosphate biosynthetic process,28/1551,73/10587,0.3835616438356164,2.6181606210752233,5.747550614494898,5.241965564716628e-7,5.251794250150472e-5,4.5867198691270495e-5,Impdh1/Nme2/Nme1/Ndufb6/Myc/Bcl2l1/Ndufa12/Ndufs1/Vcp/Sdhb/Aldoa/Ndufb9/Stoml2/Ndufa10/Slc25a13/Nme6/Ndufv2/Ndufab1/Ndufs4/Nudt2/Ndufb8/Ndufb4/Ndufc1/Nme4/Ndufc2/Adk/Ndufb2/Ndufa5,28
GO:0072522,purine-containing compound biosynthetic process,53/1551,185/10587,0.2864864864864865,1.9555334831930578,5.431966488965485,5.798425149194122e-7,5.71992339332811e-5,4.995566282382629e-5,Impdh1/Nme2/Aprt/Nme1/Spp1/Ndufb6/Ptger4/Gart/Acot7/Myc/Bcl2l1/Atic/Dlat/Ndufa12/Elovl1/Mtap/Pfas/Ndufs1/Adsl/Mthfd1/Dld/Vcp/Sdhb/Acsl4/Guk1/Ampd2/Oasl2/Aldoa/Oas1a/Ndufb9/Stoml2/Ndufa10/Slc25a13/Acsl5/Pgm2/Nme6/Ndufv2/Ndufab1/Pgk1/Ndufs4/Nudt2/Ndufb8/Ndufb4/Ndufc1/Nme4/Ndufc2/Prps1/Ppat/Adk/Nampt/Ndufb2/Ak2/Ndufa5,53
GO:0019646,aerobic electron transport chain,22/1551,51/10587,0.43137254901960786,2.9445139758030874,5.766894528064898,8.258104867196501e-7,8.017478581924691e-5,7.002164700370909e-5,Ndufb6/Cox7b/Ndufs1/Cyc1/Uqcrq/Dld/Sdhb/Uqcrb/Cox5a/Ndufb9/Ndufa10/Uqcrc2/Ndufv2/Cox7a2/Cox6a2/Dnajc15/Uqcr10/Uqcrc1/Ndufb8/Coq9/Ndufc2/Cox5b,22
GO:0002831,regulation of response to biotic stimulus,105/1551,457/10587,0.22975929978118162,1.568318315140793,5.145513976643024,8.377589909372337e-7,8.017478581924691e-5,7.002164700370909e-5,Cd14/Ifi204/Tnf/Il23a/Hspd1/Il12b/Cd74/Cd36/S100a9/Mmp12/Ccl5/Tlr2/Rsad2/Cadm1/Mif/Cd300lf/Tnip3/Ifi205/Clec4e/Arg1/S100a8/Cd274/Ddx56/Isg15/Adam8/C1qbp/Irf7/Usp18/Gusb/Emilin2/Phb2/Tnfaip3/Ppt1/Oasl1/Tmem126a/App/Ikbke/Zbp1/Tlr1/Usp5/Hsp90b1/Lyar/Ttll12/Slamf8/Banf1/Hspa8/Polr3d/Sqstm1/Alpk1/Hsp90aa1/Brcc3/Casp4/Ecsit/Mapkapk3/Il1b/Oas1a/Ifi35/Arg2/Nlrp3/Mefv/Ywhag/Pik3ap1/Fpr2/Ercc6/Rbm14/Cxcl1/Cyba/Gm6377/Map2k3/Nfe2l2/Gbp2/Pycard/Ptpn2/Cpt1a/Slc15a3/Polr3g/Ifih1/Fgl2/Ube2k/Zmpste24/Dnaja3/Clec7a/Lrrfip2/Tlr7/Trem3/Clec4n/Rftn1/Mapk11/Nr1h3/Dhx58/Trex1/Pspc1/Pvr/Xpnpep1/Cd300e/Ipo5/Stat1/Slc19a1/Ddx41/Tlr13/Pim1/Dhx33/Trib1/Casp1/Rbm47,105
GO:0009142,nucleoside triphosphate biosynthetic process,30/1551,83/10587,0.3614457831325301,2.46719955256228,5.5594855803927175,9.258335651320546e-7,8.730065911215786e-5,7.624511712852214e-5,Impdh1/Nme2/Nme1/Ndufb6/Uck2/Myc/Bcl2l1/Ndufa12/Ndufs1/Vcp/Sdhb/Aldoa/Ndufb9/Stoml2/Ndufa10/Slc25a13/Nme6/Ndufv2/Ndufab1/Ndufs4/Nudt2/Cad/Ndufb8/Ndufb4/Ndufc1/Nme4/Ndufc2/Adk/Ndufb2/Ndufa5,30
GO:0010833,telomere maintenance via telomere lengthening,24/1551,59/10587,0.4067796610169492,2.7766449201717864,5.669404430753663,9.693481655457714e-7,9.007913677506502e-5,7.867173517472926e-5,Cct3/Gch1/Cct6a/Cct8/Nhp2/Cct5/Tcp1/Dkc1/Gar1/Gnl3l/Hsp90aa1/Cct4/Cct2/Nat10/Nop10/Hnrnpa2b1/Cct7/Pinx1/Slx4/Wrap53/Hsp90ab1/Exosc10/Ptges3/Hnrnpa1,24
GO:1902600,proton transmembrane transport,31/1551,88/10587,0.3522727272727273,2.4045850184631616,5.4814963930986655,1.1665614314293785e-6,1.0685702711893107e-4,9.332491451435028e-5,Atp6v1b2/Atp6v1a/Atp6v1e1/Slc11a2/Phb2/Slc16a1/Atp6ap2/Ndufs1/Ucp2/Cyc1/Slc7a11/Atp6v0d1/Atp6v1c1/Slc25a22/Tmco3/Atp6v1h/Atp6v1d/Cox5a/Slc25a4/Ndufa10/Slc25a13/Ndufv2/Cox7a2/Clcn7/Atp6v0a1/Ndufs4/Slc45a3/Atp6v1g1/Slc18a1/Letm1/Slc25a3,31
GO:0031349,positive regulation of defense response,100/1551,433/10587,0.23094688221709006,1.5764246563715878,5.074013876378393,1.2001225500738545e-6,1.0838289846582472e-4,9.465755324526178e-5,Lpl/Ccl3/Lgals1/Cd14/Ifi204/Ctsc/Tnf/Hspd1/Il12b/Cd74/Cd36/S100a9/Osm/Mmp12/Ccl5/Tlr2/Rsad2/Cadm1/Ccl7/Cd300lf/Tnip3/Ifi205/Clec4e/Arg1/S100a8/Cd274/Ddx56/Il6/Adam8/C1qbp/Irf7/Ptger4/Gusb/Emilin2/Phb2/Tnfaip3/Ppt1/Oasl1/Tmem126a/App/Ikbke/Zbp1/Tlr1/Hsp90b1/Banf1/Hspa8/Polr3d/Sqstm1/Alpk1/Hsp90aa1/Brcc3/Casp4/Ptgs2/Fabp4/Ecsit/Mapkapk3/Il1b/Oas1a/Ifi35/Nlrp3/Mefv/Pik3ap1/Fpr2/Adora2b/Rbm14/Cxcl1/Cyba/Gm6377/Map2k3/Gbp2/Pycard/Cpt1a/Slc15a3/Polr3g/Ifih1/Ube2k/Nupr1/Clec7a/Kcnn4/Lrrfip2/Tlr7/Trem3/Clec4n/Rftn1/Mapk11/Nr1h3/Dhx58/Trex1/Pspc1/Pvr/Xpnpep1/Ttc1/Mmp8/Ipo5/Slc19a1/Ddx41/Tlr13/Dhx33/Casp1/Rbm47,100
GO:0009615,response to virus,77/1551,311/10587,0.24758842443729903,1.6900184716426079,5.116966764693729,1.3197625733042203e-6,1.1753218916703695e-4,1.0264820014588382e-4,Ifnb1/Tnf/Il23a/Il12b/Ifitm3/Atad3a/Mmp12/Calr/Ccl5/Rsad2/Bst2/Ifitm2/Ifi27l2a/Ddx56/Il6/Lcn2/Isg15/Cxcl10/Eif5a/C1qbp/Cct5/Irf7/Ifitm1/Gtf2f1/Usp18/Phb2/Bcl2l1/Rtp4/Oasl1/Tmem120a/Ikbke/Zbp1/Hif1a/Apobec1/Bax/Ddx21/Ddx1/Ndufaf4/Polr3d/Eef1g/Hspb1/Ifit1/G3bp1/Hsp90aa1/Oasl2/Pmaip1/Il1b/Oas1a/Ap1s1/Atg7/Nlrp3/Ripk3/Ifit3/Psma2/Ercc6/Mx1/Gbp2/Pycard/Polr3g/Ifih1/Ptprc/Fgl2/Ncbp1/Zmpste24/Tlr7/Abcf3/Mapk11/Dhx58/Trex1/Rheb/Sap30bp/Nt5c3/Stat1/Ddx41/Tlr13/Casp1/Exosc4,77
GO:0000027,ribosomal large subunit assembly,11/1551,16/10587,0.6875,4.69281914893617,6.1241204896627695,1.3832691655442348e-6,1.198584039117518e-4,1.0467982874388804e-4,Rrs1/Bop1/Rpf2/Brix1/Mrto4/Nop2/Eif6/Fastkd2/Dhx30/Mdn1/Ddx28,11
GO:0000479,"endonucleolytic cleavage of tricistronic rRNA transcript (SSU-rRNA, 5.8S rRNA, LSU-rRNA)",11/1551,16/10587,0.6875,4.69281914893617,6.1241204896627695,1.3832691655442348e-6,1.198584039117518e-4,1.0467982874388804e-4,Rrs1/Npm1/Bop1/Nop9/Bms1/Nol9/Rpp40/Tsr1/Fcf1/Tbl3/Kri1,11
GO:0009206,purine ribonucleoside triphosphate biosynthetic process,27/1551,72/10587,0.375,2.5597195357833655,5.501636012289806,1.4043903205826315e-6,1.2006600980767778e-4,1.0486114393683649e-4,Impdh1/Nme2/Nme1/Ndufb6/Myc/Bcl2l1/Ndufa12/Ndufs1/Vcp/Sdhb/Aldoa/Ndufb9/Stoml2/Ndufa10/Slc25a13/Nme6/Ndufv2/Ndufab1/Ndufs4/Nudt2/Ndufb8/Ndufb4/Ndufc1/Nme4/Ndufc2/Ndufb2/Ndufa5,27
GO:0030593,neutrophil chemotaxis,25/1551,64/10587,0.390625,2.6663745164410058,5.5395763159992315,1.4236437353284154e-6,1.2011057409112894e-4,1.0490006470840956e-4,Ccl2/Ccl3/Il23a/Cd74/S100a9/C5ar1/Cxcl2/Trem1/Lgals3/Spp1/S100a8/Cxcl10/C1qbp/Pde4b/Dnm1l/Il1b/Edn1/C3ar1/Ppib/Cxcl1/Tnfaip6/Bst1/Sell/Trem3/Cxcl3,25
GO:0061844,antimicrobial humoral immune response mediated by antimicrobial peptide,17/1551,35/10587,0.4857142857142857,3.315446255871788,5.684405729253364,1.975887700172565e-6,1.645375575780063e-4,1.4370092364891383e-4,Ccl2/Ccl9/Ccl6/Ccl4/Ccl12/Ccl3/Cxcl14/S100a9/Ccl5/Lgals3/Ccl7/Cxcl10/Gapdh/App/Ccl8/Rpl30/Ccl22,17
GO:0002833,positive regulation of response to biotic stimulus,85/1551,357/10587,0.23809523809523808,1.6252187528783273,4.978654852161425,2.115815838476795e-6,1.7393091226042577e-4,1.5190472686500068e-4,Cd14/Ifi204/Tnf/Hspd1/Il12b/Cd74/Cd36/S100a9/Mmp12/Tlr2/Rsad2/Cadm1/Mif/Cd300lf/Tnip3/Ifi205/Clec4e/Arg1/S100a8/Cd274/Ddx56/Adam8/C1qbp/Irf7/Gusb/Emilin2/Phb2/Tnfaip3/Ppt1/Oasl1/Tmem126a/App/Ikbke/Zbp1/Tlr1/Hsp90b1/Banf1/Hspa8/Polr3d/Sqstm1/Alpk1/Hsp90aa1/Brcc3/Casp4/Ecsit/Mapkapk3/Oas1a/Ifi35/Nlrp3/Mefv/Ywhag/Pik3ap1/Fpr2/Rbm14/Cxcl1/Cyba/Gm6377/Map2k3/Gbp2/Pycard/Cpt1a/Slc15a3/Polr3g/Ifih1/Ube2k/Clec7a/Lrrfip2/Tlr7/Trem3/Clec4n/Rftn1/Mapk11/Nr1h3/Dhx58/Trex1/Pspc1/Pvr/Xpnpep1/Ipo5/Slc19a1/Ddx41/Tlr13/Dhx33/Casp1/Rbm47,85
GO:0019730,antimicrobial humoral response,19/1551,43/10587,0.4418604651162791,3.0161036390625706,5.488177074319631,2.9898384567760566e-6,2.4266891373225411e-4,2.1193791592336603e-4,Ccl2/Ccl9/Ccl6/Ccl4/Ccl12/Ccl3/Cxcl14/S100a9/Wfdc17/Ccl5/Lgals3/Ccl7/Cxcl10/Gapdh/App/Wfdc21/Ccl8/Rpl30/Ccl22,19
GO:0007005,mitochondrion organization,84/1551,355/10587,0.23661971830985915,1.6151469746914757,4.884234825306753,3.1617275625914467e-6,2.5341246414170446e-4,2.213209293814013e-4,Tomm40/Hspd1/Plaur/Atad3a/Bcl2a1b/Eif2s1/Dap3/Cluh/Lmna/Bcl2a1d/Mrpl15/Bcl2a1a/Sod2/Chchd4/Slc35f6/Slirp/Dnajc11/Immt/Myc/Phb2/Bcl2l1/Vat1/Tmem126a/Sesn2/Calm1/Ndufs1/Ucp2/Parl/Bax/Dnm1l/Tmem70/Mrpl17/Ndufaf4/Vps35/Fam162a/Bcl2a1c/Noa1/Igf1/Aifm2/Cox17/Pmaip1/Edn1/Afg3l2/Mief1/Atg7/Atg3/Slc25a4/Stoml2/Timm13/Pnpt1/Inf2/Pgam5/Mrpl39/Ndufaf2/Timmdc1/Acaa2/Dhodh/Pycard/Hgf/Uqcc1/Afg3l1/Coq7/Vps13c/Samm50/Mtx2/Ndufs4/Timm50/Uqcrc1/Mtch2/Dnaja3/Acad9/Siva1/Pet100/Enpp1/Cox18/Jtb/Plec/Lonp1/Ndufc2/Letm1/Cox10/Mfn2/Poldip2/Uqcc2,84
GO:1904358,positive regulation of telomere maintenance via telomere lengthening,14/1551,26/10587,0.5384615384615384,3.6754947180479096,5.658769228168161,3.3717010212959356e-6,2.6690551788332765e-4,2.3310525579329927e-4,Cct3/Gch1/Cct6a/Cct8/Cct5/Tcp1/Dkc1/Cct4/Cct2/Hnrnpa2b1/Cct7/Wrap53/Ptges3/Hnrnpa1,14
GO:0002253,activation of immune response,100/1551,443/10587,0.22573363431151242,1.5408394496814841,4.817806327409037,3.5416665540991595e-6,2.7694104810833915e-4,2.4186991101164993e-4,Cd14/Ifi204/Tnf/Hspd1/Cd36/S100a9/C5ar1/Cd72/Tlr2/Rsad2/Lgals3/Fpr1/Cd300lf/Tnip3/Ifi205/Clec4e/S100a8/Cd274/Ddx56/Bcl2a1d/C1qbp/Irf7/Dusp3/Gusb/Phb2/Tnfaip3/Ppt1/Oasl1/Tmem126a/Dgkz/App/Ikbke/Zbp1/Tlr1/Cd5l/Hsp90b1/Cfb/Lat2/Bax/Banf1/Pde4b/Masp1/Hspa8/Sqstm1/Alpk1/Cd300ld/Eif2b3/Hsp90aa1/Brcc3/Casp4/Ecsit/Mapkapk3/Il1b/Oas1a/Ifi35/Psen2/Nlrp3/Mefv/C3ar1/Stoml2/Pik3ap1/Fpr2/Prkch/Rbm14/Cyba/Gm6377/Map2k3/Rabgef1/Gbp2/Pycard/Ptpn2/Cpt1a/Slc15a3/Plekha1/Ifih1/Ptprc/Siva1/Clec7a/Cd300lb/Kcnn4/Lrrfip2/Tlr7/Clec4n/Rftn1/Mapk11/Nr1h3/Dhx58/Trex1/Pspc1/Xpnpep1/Eif2b5/Rgcc/Blvra/Eif2b1/Ipo5/Slc19a1/Ddx41/Tlr13/Dhx33/Casp1,100
GO:0045088,regulation of innate immune response,91/1551,394/10587,0.23096446700507614,1.5765446887058292,4.831854044046776,3.6358796053629217e-6,2.8088265095888015e-4,2.4531235891605256e-4,Cd14/Ifi204/Tnf/Hspd1/Il12b/Cd74/Cd36/S100a9/Mmp12/Tlr2/Rsad2/Cadm1/Cd300lf/Tnip3/Ifi205/Clec4e/Arg1/S100a8/Cd274/Ddx56/Isg15/Adam8/C1qbp/Irf7/Usp18/Gusb/Phb2/Tnfaip3/Ppt1/Oasl1/Tmem126a/App/Ikbke/Zbp1/Tlr1/Hsp90b1/Lyar/Ttll12/Slamf8/Banf1/Hspa8/Polr3d/Sqstm1/Alpk1/Hsp90aa1/Brcc3/Casp4/Ecsit/Mapkapk3/Oas1a/Ifi35/Nlrp3/Mefv/Pik3ap1/Fpr2/Rbm14/Cyba/Gm6377/Map2k3/Nfe2l2/Gbp2/Pycard/Ptpn2/Cpt1a/Slc15a3/Polr3g/Ifih1/Ube2k/Dnaja3/Clec7a/Lrrfip2/Tlr7/Trem3/Clec4n/Rftn1/Mapk11/Nr1h3/Dhx58/Trex1/Pspc1/Pvr/Xpnpep1/Cd300e/Ipo5/Slc19a1/Ddx41/Tlr13/Pim1/Dhx33/Casp1/Rbm47,91
GO:0032212,positive regulation of telomere maintenance via telomerase,13/1551,23/10587,0.5652173913043478,3.8581279959633332,5.684799190661896,3.696661710022118e-6,2.8217851053168833e-4,2.4644411400147456e-4,Cct3/Gch1/Cct6a/Cct8/Cct5/Tcp1/Dkc1/Cct4/Cct2/Cct7/Wrap53/Ptges3/Hnrnpa1,13
GO:0009123,nucleoside monophosphate metabolic process,24/1551,63/10587,0.38095238095238093,2.6003500046053234,5.278111531857694,3.883203681228631e-6,2.929306118122115e-4,2.558345954691804e-4,Impdh1/Nme2/Aprt/Ak6/Nme1/Xdh/Uck2/Gart/Shmt2/Atic/Nt5c/Pfas/Adsl/Guk1/Ampd2/Dhodh/Nudt2/Cad/Hddc2/Prps1/Ppat/Adk/Nt5c3/Ak2,24
GO:0048245,eosinophil chemotaxis,9/1551,12/10587,0.75,5.119439071566731,5.915238384770294,4.399475263192769e-6,3.2801669055339575e-4,2.8647745899859894e-4,Ccl2/Ccl4/Ccl12/Ccl3/Ccl5/Lgals3/Ccl7/Ccl8/Ccl22,9
GO:0141060,disruption of anatomical structure in another organism,19/1551,44/10587,0.4318181818181818,2.9475558290838757,5.3631245602163915,4.544143035166949e-6,3.349085648447181e-4,2.9249656318316e-4,Cxcl14/Trem1/Lgals3/Arg1/Cxcl10/Gapdh/Cfb/Lyz2/Masp1/Ccl8/Cxcl1/Gbp2/Pi4ka/Fgl2/Trem3/Csnk2b/Rpl30/Pim1/Ccl22,19
GO:0045089,positive regulation of innate immune response,80/1551,337/10587,0.23738872403560832,1.620396145303021,4.795190233972452,4.7547258850780644e-6,3.464466178990971e-4,3.025734654140587e-4,Cd14/Ifi204/Tnf/Hspd1/Il12b/Cd74/Cd36/S100a9/Mmp12/Tlr2/Rsad2/Cadm1/Cd300lf/Tnip3/Ifi205/Clec4e/S100a8/Cd274/Ddx56/Adam8/C1qbp/Irf7/Gusb/Phb2/Tnfaip3/Ppt1/Oasl1/Tmem126a/App/Ikbke/Zbp1/Tlr1/Hsp90b1/Banf1/Hspa8/Polr3d/Sqstm1/Alpk1/Hsp90aa1/Brcc3/Casp4/Ecsit/Mapkapk3/Oas1a/Ifi35/Nlrp3/Mefv/Pik3ap1/Fpr2/Rbm14/Cyba/Gm6377/Map2k3/Gbp2/Pycard/Cpt1a/Slc15a3/Polr3g/Ifih1/Ube2k/Clec7a/Lrrfip2/Tlr7/Trem3/Clec4n/Rftn1/Mapk11/Nr1h3/Dhx58/Trex1/Pspc1/Pvr/Xpnpep1/Ipo5/Slc19a1/Ddx41/Tlr13/Dhx33/Casp1/Rbm47,80
GO:0071216,cellular response to biotic stimulus,53/1551,198/10587,0.2676767676767677,1.8271398706601802,4.867527459948876,5.486193230006748e-6,3.952524830427333e-4,3.45198675146492e-4,Ccl2/Cd14/Cxcl16/Tnf/Il12b/Ncl/Cd36/Cxcl2/Fcgr4/Tlr2/Gch1/Hspa5/Il1a/Tspo/Mif/Vim/Tnip3/Cd274/Il6/Lcn2/Cxcl10/Tnfaip3/Tlr1/Nfkbib/Pde4b/Sgms1/Litaf/Plaa/Abca1/Il1b/Nlrp3/Il10/Sbno2/Cdk4/Adam9/Rbm14/Map2k3/Gbp2/Pycard/Axl/Slx4/Zmpste24/Clec7a/Cd300lb/Xbp1/Nr1h3/Cd68/Mmp8/Stat1/Cxcl3/Arid5a/Trib1/Casp1,53
GO:0071219,cellular response to molecule of bacterial origin,48/1551,175/10587,0.2742857142857143,1.8722520033158332,4.8203397865466595,7.355569454837633e-6,5.240434593824322e-4,4.5767987718989717e-4,Ccl2/Cd14/Cxcl16/Tnf/Il12b/Ncl/Cd36/Cxcl2/Fcgr4/Tlr2/Gch1/Il1a/Tspo/Mif/Vim/Tnip3/Cd274/Il6/Lcn2/Cxcl10/Tnfaip3/Tlr1/Nfkbib/Pde4b/Sgms1/Litaf/Plaa/Abca1/Il1b/Nlrp3/Il10/Sbno2/Cdk4/Adam9/Map2k3/Gbp2/Pycard/Axl/Cd300lb/Xbp1/Nr1h3/Cd68/Mmp8/Stat1/Cxcl3/Arid5a/Trib1/Casp1,48
GO:0032210,regulation of telomere maintenance via telomerase,17/1551,38/10587,0.4473684210526316,3.0537004988292784,5.254204757723993,8.08843331052921e-6,5.699234548034428e-4,4.977497421864128e-4,Cct3/Gch1/Cct6a/Cct8/Cct5/Tcp1/Dkc1/Gnl3l/Cct4/Cct2/Nat10/Cct7/Pinx1/Wrap53/Exosc10/Ptges3/Hnrnpa1,17
GO:0034341,response to type II interferon,35/1551,114/10587,0.30701754385964913,2.0956768129220538,4.872850390341522,8.992947991927828e-6,6.267693752634917e-4,5.473968342912591e-4,Ccl2/Cxcl16/Tnf/Il12b/Cd74/Ifitm3/Capg/Ccl5/Tlr2/Gch1/Bst2/Ifitm2/Vim/Arg1/Ifitm1/Gapdh/Rab20/Calm1/Gsn/Sec61a1/Edn1/Myo1c/Mefv/Atf3/Actr3/Gbp2/Ptpn2/Sp100/Stx11/Stx8/Dnaja3/Cdc42ep2/Stat1/Pim1/Casp1,35
GO:0071706,tumor necrosis factor superfamily cytokine production,43/1551,152/10587,0.28289473684210525,1.9310164919067494,4.789792217044467,9.375479193449883e-6,6.39527367961709e-4,5.58539185992759e-4,Lpl/Ccl2/Ccl4/Ccl3/Cd14/Il23a/Il12b/Ncl/Cd36/Tlr2/Il1a/Tspo/Mif/Cd274/Il6/Tmem106a/Adam8/Ptger4/Tnfaip3/Cybb/App/Tlr1/Hspb1/Il27ra/Cd300ld/Errfi1/Igf1/Oas1a/Arg2/Il10/Thbs1/Cyba/Arfgef2/Pycard/Ifih1/Ptprc/Axl/Clec7a/Kcnn4/Lrrfip2/Trex1/Mmp8/Arid5a,43
GO:1903555,regulation of tumor necrosis factor superfamily cytokine production,43/1551,152/10587,0.28289473684210525,1.9310164919067494,4.789792217044467,9.375479193449883e-6,6.39527367961709e-4,5.58539185992759e-4,Lpl/Ccl2/Ccl4/Ccl3/Cd14/Il23a/Il12b/Ncl/Cd36/Tlr2/Il1a/Tspo/Mif/Cd274/Il6/Tmem106a/Adam8/Ptger4/Tnfaip3/Cybb/App/Tlr1/Hspb1/Il27ra/Cd300ld/Errfi1/Igf1/Oas1a/Arg2/Il10/Thbs1/Cyba/Arfgef2/Pycard/Ifih1/Ptprc/Axl/Clec7a/Kcnn4/Lrrfip2/Trex1/Mmp8/Arid5a,43
GO:0031394,positive regulation of prostaglandin biosynthetic process,7/1551,8/10587,0.875,5.972678916827853,5.829037315323308,9.990894164580079e-6,6.675614446089068e-4,5.830230957283028e-4,Cd74/Anxa1/Plaa/Ptgs2/Il1b/Edn1/Pla2g4a,7
GO:1904356,regulation of telomere maintenance via telomere lengthening,19/1551,46/10587,0.41304347826086957,2.819401227819359,5.123305167844473,9.994681641056619e-6,6.675614446089068e-4,5.830230957283028e-4,Cct3/Gch1/Cct6a/Cct8/Cct5/Tcp1/Dkc1/Gnl3l/Cct4/Cct2/Nat10/Hnrnpa2b1/Cct7/Pinx1/Slx4/Wrap53/Exosc10/Ptges3/Hnrnpa1,19
GO:0002688,regulation of leukocyte chemotaxis,29/1551,88/10587,0.32954545454545453,2.2494505011429573,4.876072523444809,1.1534419117237367e-5,7.593866645959468e-4,6.632197944069405e-4,Ccl2/Ccl3/Cxcl14/Il23a/Cd74/C5ar1/Trem1/Calr/Ccl5/Mif/Ccl7/Csf1/Cxcl10/C1qbp/App/Slamf8/Dnm1l/Slc8b1/Il1b/Edn1/C3ar1/Fpr2/Thbs1/Tnfaip6/Ptk2b/Bst1/Sell/Creb3/Tnfsf14,29
GO:0042060,wound healing,62/1551,249/10587,0.24899598393574296,1.699626358431793,4.6284044813214615,1.1606346402121457e-5,7.593866645959468e-4,6.632197944069405e-4,Ccl2/Plek/Pdia6/Rap2b/Tnf/Cd36/S100a9/Gla/Anxa5/Plaur/Angptl4/Mmp12/Fn1/Il1a/Sdc4/Pdia3/Cdkn1a/Lrg1/Rhoc/Anxa2/Cd9/Pdia4/Il6/Itga5/Ptger4/Arhgap24/Emilin2/Anxa1/Hif1a/Tnfrsf12a/Myof/F3/Slc7a11/C1galt1c1/Cd44/Pdgfa/Ptk7/Tfpi/Igf1/Baiap2/Flna/Pla2g4a/Timp1/Thbs1/Nfe2l2/Pros1/Plau/Fgl2/Hmox1/Axl/Clec7a/Serpine2/Pdpn/F10/Xbp1/Plec/Tmx1/BC004004/Bloc1s4/Acvrl1/Casp1/Prrg4,62
GO:0071222,cellular response to lipopolysaccharide,46/1551,168/10587,0.27380952380952384,1.8690015658100767,4.703768218636191,1.1901208960262855e-5,7.708136550828831e-4,6.731996987623433e-4,Ccl2/Cd14/Cxcl16/Tnf/Il12b/Ncl/Cd36/Cxcl2/Fcgr4/Gch1/Il1a/Tspo/Mif/Vim/Tnip3/Cd274/Il6/Lcn2/Cxcl10/Tnfaip3/Nfkbib/Pde4b/Sgms1/Litaf/Plaa/Abca1/Il1b/Nlrp3/Il10/Sbno2/Cdk4/Adam9/Map2k3/Gbp2/Pycard/Axl/Cd300lb/Xbp1/Nr1h3/Cd68/Mmp8/Stat1/Cxcl3/Arid5a/Trib1/Casp1,46
GO:2000573,positive regulation of DNA biosynthetic process,18/1551,43/10587,0.4186046511627907,2.8573613422698037,5.056053538057382,1.3680371708278647e-5,8.690525996611279e-4,7.58997903634173e-4,Tnf/Cct3/Gch1/Cct6a/Cct8/Cct5/Tcp1/Dkc1/Cct4/Cct2/C3ar1/Cct7/Hgf/Ptk2b/Wrap53/Chtf8/Ptges3/Hnrnpa1,18
GO:0071674,mononuclear cell migration,44/1551,159/10587,0.27672955974842767,1.8889334939114144,4.678978544202631,1.3689069333402045e-5,8.690525996611279e-4,7.58997903634173e-4,Ccl2/Ccl12/Ccl3/Cxcl14/Cxcl16/Ifnb1/Coro1c/C5ar1/Trem1/Calr/Ccl5/Lgals3/P2rx4/Cadm1/Mif/Ccl7/Csf1/Cd9/Cxcl10/Adam8/C1qbp/P4hb/Anxa1/App/Retnlg/Ch25h/Slamf8/Mcoln2/Il27ra/Slc8b1/Ecm1/Ripk3/C3ar1/Fpr2/Thbs1/Flt1/Pycard/Ptk2b/Slamf9/Kcnn4/Enpp1/Plec/Creb3/Tnfsf14,44
GO:0050878,regulation of body fluid levels,53/1551,204/10587,0.25980392156862747,1.7734004626995867,4.6210622283912794,1.3905251913817167e-5,8.741223065823105e-4,7.634255952683935e-4,Plek/Pdia6/Rap2b/Cd36/S100a9/Gla/Anxa5/Plaur/Angptl4/Fn1/Aprt/Pdia3/Nme1/Xdh/Anxa2/Cd9/P2ry2/Pdia4/Il6/Ptger4/Emilin2/Hif1a/F3/Slc7a11/C1galt1c1/Pdgfa/Tfpi/Copa/Flna/Edn1/Pla2g4a/Atg7/Thbs1/Cyba/Nfe2l2/Pros1/Plau/Socs2/Fgl2/Cad/Anxa7/Axl/Serpine2/Pdpn/Kcnn4/F10/Xbp1/Enpp1/Nr1h3/Tmx1/Bloc1s4/Prrg4/Slc22a4,53
GO:0061620,glycolytic process through glucose-6-phosphate,12/1551,22/10587,0.5454545454545454,3.723228415684895,5.297175874466445,1.4490712954822467e-5,9.020820530710841e-4,7.878445878350079e-4,Pkm/Gapdh/Galk1/Tpi1/Pfkl/Aldoa/Pfkp/Gpi1/Gale/Pgk1/Eno2/Pgam1,12
GO:0050817,coagulation,36/1551,121/10587,0.2975206611570248,2.030851863100852,4.724787849271793,1.4692558780018703e-5,9.058527586296146e-4,7.911377804625455e-4,Plek/Pdia6/Rap2b/Cd36/S100a9/Gla/Anxa5/Plaur/Angptl4/Fn1/Pdia3/Anxa2/Cd9/Pdia4/Il6/Emilin2/F3/Slc7a11/C1galt1c1/Pdgfa/Tfpi/Flna/Pla2g4a/Psen2/Thbs1/Nfe2l2/Pros1/Plau/Fgl2/Axl/Serpine2/Pdpn/F10/Tmx1/Bloc1s4/Prrg4,36
GO:0090407,organophosphate biosynthetic process,99/1551,452/10587,0.21902654867256638,1.495057427979665,4.456528155656355,1.5285925309350287e-5,9.334605055576576e-4,8.152493498320153e-4,Plek/Fabp5/Uap1l1/Impdh1/Nme2/Aprt/Ak6/Nme1/Ndufb6/Uck2/Ptger4/Gart/Gapdh/Agpat5/Gusb/Shmt2/Acot7/Myc/Bcl2l1/Atic/Dlat/Dgkz/Slc2a1/Gmppb/Ndufa12/Elovl1/Pfas/Ndufs1/Mdh2/Tpi1/Adsl/Mthfd1/Pdgfa/Fabp3/Dld/Sgms1/Slc19a2/Htr2b/Vcp/Amdhd2/Sdhb/Acsl4/Guk1/Dgki/Pigs/Ampd2/Oasl2/Aldoa/Oas1a/Ndufb9/Pla2g4a/Pgm3/Cept1/Stoml2/Ndufa10/Slc25a13/Agpat2/Acsl5/Tmem38b/Nme6/Ndufv2/Dhodh/Slc52a2/Ndufab1/Gmppa/Pi4ka/Pgk1/Ndufs4/Agpat1/Nudt2/Gnpnat1/Cad/Efr3b/Ndufb8/Ndufb4/Dgkq/Slc30a5/Ndufc1/Pigf/Tmem150a/Pgs1/Nans/Tkt/Inppl1/Nme4/Pgam1/Mocos/Ndufc2/Pdxk/Prps1/Ppat/Adk/Nampt/Dgke/Ndufb2/Idh1/Sgms2/Ak2/Ndufa5,99
GO:0046037,GMP metabolic process,11/1551,19/10587,0.5789473684210527,3.9518477043673013,5.335290581236303,1.5618626943149907e-5,9.447795845233698e-4,8.251350083173537e-4,Impdh1/Aprt/Xdh/Gart/Atic/Pfas/Adsl/Guk1/Ampd2/Ppat/Adk,11
GO:0007599,hemostasis,36/1551,122/10587,0.29508196721311475,2.014205536354124,4.667883500814959,1.795303462188887e-5,0.0010758397943509482,9.395980736689504e-4,Plek/Pdia6/Rap2b/Cd36/S100a9/Gla/Anxa5/Plaur/Angptl4/Fn1/Pdia3/Anxa2/Cd9/Pdia4/Il6/Emilin2/F3/Slc7a11/C1galt1c1/Pdgfa/Tfpi/Flna/Pla2g4a/Thbs1/Nfe2l2/Pros1/Plau/Fgl2/Anxa7/Axl/Serpine2/Pdpn/F10/Tmx1/Bloc1s4/Prrg4,36
GO:0002237,response to molecule of bacterial origin,63/1551,258/10587,0.2441860465116279,1.6667941163240518,4.492170235161556,1.909199355769629e-5,0.001133498728629154,9.89955221510178e-4,Ccl2/Cd14/Cxcl16/Tnf/Il12b/Ncl/Cd36/C5ar1/Cxcl2/Fcgr4/Tlr2/Gch1/Il1a/Tspo/Mif/Vim/Tnip3/S100a8/Cd274/Il6/Lcn2/Cxcl10/Sod2/Ptger4/Tnfaip3/Tlr1/Nfkbib/Pde4b/Sgms1/Litaf/Plaa/Casp4/Ptgs2/Abca1/Mapkapk3/Il1b/Edn1/Nlrp3/Wfdc21/Il10/Sbno2/Cdk4/Adam9/Map2k3/Gbp2/Pycard/Axl/Cd300lb/Xbp1/Scgb1a1/Nr1h3/Nr4a1/Cd68/Mmp8/Blvra/Stat1/Cxcl3/Arid5a/Nfkb2/Alad/Trib1/Casp1/Slc22a4,63
GO:0035456,response to interferon-beta,20/1551,52/10587,0.38461538461538464,2.625353370034221,4.867611747080772,2.0862868078760907e-5,0.0012272725699175682,0.0010718537728537714,Ifi204/Ifnb1/Ifitm3/Bst2/Ifitm2/Ifi205/Ifitm1/Ikbke/Calm1/Cdc34/Ifit1/Oas1a/Ifit3/Pnpt1/Gbp2/Ube2k/Trex1/Xaf1/Stat1/Ddx41,20
GO:0140353,lipid export from cell,15/1551,33/10587,0.45454545454545453,3.102690346404079,5.011958640414654,2.1866539694738116e-5,0.0012746204774787345,0.0011132056571866679,Dab2/Il1a/Tspo/Mif/Spp1/P2ry2/Acsl4/Abcb1b/Ptgs2/Il1b/Edn1/Pla2g4a/Surf4/Mfn2/Sar1b,15
GO:0019221,cytokine-mediated signaling pathway,81/1551,356/10587,0.22752808988764045,1.5530882576663116,4.397887619838778,2.2190258954091778e-5,0.001281837301023752,0.0011195085598460716,Ccl2/Ccl9/Ccl6/Ccl4/Ccl12/Ccl3/Ifnb1/Tnf/Il12b/Cd74/Ifitm3/Osm/Mmp12/Ccl5/Il1a/Ifitm2/Ccl7/Il1r2/Csf1/Il1rn/Cd300lf/Ccrl2/Klf6/Arg1/Il6/Isg15/Cxcl10/Socs3/Eif5a/Irf7/Ifitm1/Usp18/Gusb/Il2rg/Oasl1/Ikbke/Zbp1/Hif1a/F3/Ttll12/Cd44/Il27ra/Mcemp1/Cish/Casp4/Rraga/Oasl2/Il1b/Oas1a/Cpne1/Edn1/Ecm1/Nlrp3/Stat6/Prmt2/Txndc17/Il10/Ccl8/Traf1/Rabgef1/Pycard/Ptpn2/Ptk2b/Socs2/Ifih1/Ptprc/Ube2k/Axl/Dnaja3/Il4ra/Trex1/Actn4/Eda2r/Mmp8/Csnk2b/Ddb1/Stat1/Casp1/Ccl22/Rbm47/Anxa4,81
GO:0002764,immune response-regulating signaling pathway,92/1551,417/10587,0.22062350119904076,1.5059580961922918,4.3672276746970375,2.2734582411775616e-5,0.0012907360797072293,0.001127280418958279,Cd14/Tnf/Hspd1/Cd36/S100a9/C5ar1/Cd72/Fcgr4/Tlr2/Rsad2/Lgals3/Clec4d/Fpr1/Cd300lf/Tnip3/Clec4e/S100a8/Cd274/Ddx56/Bcl2a1d/C1qbp/Irf7/Dusp3/Gusb/Phb2/Tnfaip3/Ppt1/Oasl1/Tmem126a/Dgkz/App/Tlr1/Hsp90b1/Lat2/Bax/Banf1/Pde4b/Hspa8/Sqstm1/Alpk1/Cd300ld/Eif2b3/Brcc3/Casp4/Ecsit/Mapkapk3/Oas1a/Ifi35/Psen2/Nlrp3/Mefv/C3ar1/Stoml2/Pik3ap1/Fpr2/Prkch/Cyba/Gm6377/Map2k3/Tarm1/Rabgef1/Gbp2/Pycard/Ptpn2/Cpt1a/Slc15a3/Plekha1/Ifih1/Ptprc/Siva1/Clec7a/Cd300lb/Kcnn4/Lrrfip2/Tlr7/Clec4n/Rftn1/Mapk11/Nr1h3/Dhx58/Trex1/Xpnpep1/Eif2b5/Rgcc/Blvra/Eif2b1/Ipo5/Slc19a1/Ddx41/Tlr13/Dhx33/Casp1,92
GO:0031392,regulation of prostaglandin biosynthetic process,8/1551,11/10587,0.7272727272727273,4.964304554246527,5.449872794287896,2.2746908453979555e-5,0.0012907360797072293,0.001127280418958279,Fabp5/Cd74/Anxa1/Plaa/Ptgs2/Il1b/Edn1/Pla2g4a,8
GO:0030335,positive regulation of cell migration,92/1551,418/10587,0.22009569377990432,1.5023553256272384,4.341539538868701,2.5072739919459643e-5,0.0014069844582679939,0.0012288073871336192,Ccl2/Ccl9/Ccl6/Ccl4/Adamts1/Ccl12/Ccl3/Cxcl14/Cxcl16/Plk2/Dab2/Il23a/Mdm2/Cd74/C5ar1/Trem1/Calr/Fn1/Ccl5/Tlr2/Hspa5/Lgals3/Il1a/P2rx4/Gcnt2/Postn/Ccl7/Csf1/Vim/Rhoc/Cd274/P2ry2/Lcn2/Cxcl10/Itga5/Adam8/C1qbp/Sod2/Ptger4/P4hb/Myc/Anxa1/App/Hif1a/F3/Sdcbp/Elp5/Dnm1l/Hspa8/Pdgfa/Hspb1/Igf1/Plaa/Ptgs2/Aldoa/Flna/Arpc2/Il1b/S100a11/Edn1/Myo1c/C3ar1/Gpi1/Fpr2/Iqgap1/Mien1/Ccl8/Thbs1/Adora2b/Flt1/Adam9/Myo5a/Actr3/Map2k3/Nfe2l2/Tnfaip6/Pycard/Hgf/Plau/Ptk2b/Ptprc/Hmox1/Clec7a/Pdpn/Sell/Xbp1/Itgb1bp1/Actn4/Creb3/Pdcd6/Tnfsf14/Ccl22,92
GO:0007596,blood coagulation,35/1551,119/10587,0.29411764705882354,2.007623165320287,4.579557325152007,2.5234437414351108e-5,0.0014069844582679939,0.0012288073871336192,Plek/Pdia6/Rap2b/Cd36/S100a9/Gla/Anxa5/Plaur/Angptl4/Fn1/Pdia3/Anxa2/Cd9/Pdia4/Il6/Emilin2/F3/Slc7a11/C1galt1c1/Pdgfa/Tfpi/Flna/Pla2g4a/Thbs1/Nfe2l2/Pros1/Plau/Fgl2/Axl/Serpine2/Pdpn/F10/Tmx1/Bloc1s4/Prrg4,35
GO:0046496,nicotinamide nucleotide metabolic process,41/1551,148/10587,0.27702702702702703,1.8909639813895132,4.5221533846330875,2.588640847184507e-5,0.001430796645145571,0.0012496040568956953,Pkm/Got1/Slc2a6/Gapdh/Galk1/Myc/App/Hif1a/Ucp2/Mdh2/Tpi1/Got2/Pgd/Slc25a22/Vcp/Igf1/Pfkl/Aldoa/Ran/Pfkp/Gpi1/Adpgk/Slc25a13/Gale/Eif6/Fdx1/Pgk1/Mtch2/Nupr1/Mlx/Enpp1/Slc37a2/Tkt/Eno2/Trex1/Pgam1/Prps1/Nampt/Aco1/Idh1/Rbks,41
GO:2000147,positive regulation of cell motility,93/1551,424/10587,0.21933962264150944,1.497194445458195,4.328943985430258,2.6107799045856492e-5,0.001430796645145571,0.0012496040568956953,Ccl2/Ccl9/Ccl6/Ccl4/Adamts1/Ccl12/Ccl3/Cxcl14/Cxcl16/Plk2/Dab2/Il23a/Mdm2/Cd74/C5ar1/Trem1/Calr/Fn1/Ccl5/Tlr2/Hspa5/Lgals3/Il1a/P2rx4/Gcnt2/Postn/Ccl7/Csf1/Vim/Rhoc/Cd274/P2ry2/Lcn2/Cxcl10/Itga5/Adam8/C1qbp/Sod2/Ptger4/P4hb/Myc/Anxa1/App/Hif1a/F3/Sdcbp/Elp5/Dnm1l/Hspa8/Pdgfa/Hspb1/Igf1/Plaa/Ptgs2/Aldoa/Flna/Arpc2/Il1b/S100a11/Edn1/Myo1c/C3ar1/Gpi1/Fpr2/Iqgap1/Mien1/Ccl8/Thbs1/Adora2b/Flt1/Adam9/Myo5a/Actr3/Map2k3/Nfe2l2/Tnfaip6/Map2k2/Pycard/Hgf/Plau/Ptk2b/Ptprc/Hmox1/Clec7a/Pdpn/Sell/Xbp1/Itgb1bp1/Actn4/Creb3/Pdcd6/Tnfsf14/Ccl22,93
GO:1903557,positive regulation of tumor necrosis factor superfamily cytokine production,30/1551,96/10587,0.3125,2.1330996131528046,4.620393847652035,2.6411073906821664e-5,0.001435150897377462,0.0012534068972728928,Lpl/Ccl2/Ccl4/Ccl3/Cd14/Il23a/Il12b/Ncl/Cd36/Tlr2/Il1a/Mif/Il6/Tmem106a/Adam8/Cybb/App/Tlr1/Hspb1/Oas1a/Thbs1/Cyba/Arfgef2/Pycard/Ifih1/Ptprc/Clec7a/Lrrfip2/Mmp8/Arid5a,30
GO:0002757,immune response-activating signaling pathway,89/1551,402/10587,0.22139303482587064,1.5112108702137281,4.329286452865744,2.6874994308420667e-5,0.0014480879286184313,0.0012647056145139138,Cd14/Tnf/Hspd1/Cd36/S100a9/C5ar1/Cd72/Tlr2/Rsad2/Lgals3/Fpr1/Cd300lf/Tnip3/Clec4e/S100a8/Cd274/Ddx56/Bcl2a1d/C1qbp/Irf7/Dusp3/Gusb/Phb2/Tnfaip3/Ppt1/Oasl1/Tmem126a/Dgkz/App/Tlr1/Hsp90b1/Lat2/Bax/Banf1/Pde4b/Hspa8/Sqstm1/Alpk1/Cd300ld/Eif2b3/Brcc3/Casp4/Ecsit/Mapkapk3/Oas1a/Ifi35/Psen2/Nlrp3/Mefv/C3ar1/Stoml2/Pik3ap1/Fpr2/Prkch/Cyba/Gm6377/Map2k3/Rabgef1/Gbp2/Pycard/Ptpn2/Cpt1a/Slc15a3/Plekha1/Ifih1/Ptprc/Siva1/Clec7a/Cd300lb/Kcnn4/Lrrfip2/Tlr7/Clec4n/Rftn1/Mapk11/Nr1h3/Dhx58/Trex1/Xpnpep1/Eif2b5/Rgcc/Blvra/Eif2b1/Ipo5/Slc19a1/Ddx41/Tlr13/Dhx33/Casp1,89
GO:0031640,killing of cells of another organism,17/1551,41/10587,0.4146341463414634,2.8302589989149403,4.864568556745459,2.7516403831316252e-5,0.0014581419947636348,0.0012734864583088515,Cxcl14/Trem1/Lgals3/Arg1/Cxcl10/Gapdh/Cfb/Lyz2/Masp1/Ccl8/Cxcl1/Gbp2/Fgl2/Trem3/Rpl30/Pim1/Ccl22,17
GO:0141061,disruption of cell in another organism,17/1551,41/10587,0.4146341463414634,2.8302589989149403,4.864568556745459,2.7516403831316252e-5,0.0014581419947636348,0.0012734864583088515,Cxcl14/Trem1/Lgals3/Arg1/Cxcl10/Gapdh/Cfb/Lyz2/Masp1/Ccl8/Cxcl1/Gbp2/Fgl2/Trem3/Rpl30/Pim1/Ccl22,17
GO:0006360,transcription by RNA polymerase I,21/1551,57/10587,0.3684210526315789,2.5148121755064645,4.750789216412747,2.808161826623133e-5,0.0014758961993694695,0.001288992313859799,Mybbp1a/Ncl/Pwp1/Wdr43/Polr1a/Lyar/Gtf2h1/Ddx21/Nol11/Heatr1/Flna/Rrn3/Myo1c/Wdr75/Tcof1/Ercc6/Polr1e/Utp15/Zmpste24/Polr2f/Dhx33,21
GO:0009167,purine ribonucleoside monophosphate metabolic process,14/1551,30/10587,0.4666666666666667,3.1854287556415217,4.966046163601102,2.850179984790537e-5,0.0014858011432908069,0.0012976429199046348,Impdh1/Aprt/Xdh/Gart/Atic/Nt5c/Pfas/Adsl/Guk1/Ampd2/Nudt2/Ppat/Adk/Ak2,14
GO:0043068,positive regulation of programmed cell death,105/1551,493/10587,0.2129817444219067,1.4537960852319318,4.275001653889943,2.960370889243389e-5,0.0015161782230373227,0.0013241731205566138,Ccl2/Ccl3/Lgals1/Ifnb1/Ctsc/Hcar2/Tomm40/Mybbp1a/Tnf/Hspd1/Il12b/S100a9/Osm/Trem1/Anxa5/Hspa9/Ccl5/Tlr2/Bcl2a1b/Gch1/Tspo/Eef1e1/Pdia3/Eif2s1/Cdkn1a/Igf2r/Zmat3/Arg1/S100a8/Cd274/Il6/Lcn2/Phlda3/Eif5a/Bcl2a1d/Adam8/C1qbp/Bcl2a1a/Sod2/Myc/Emilin2/Bcl2l1/Anxa1/App/Zbp1/Hif1a/Ppid/Tnfrsf12a/G0s2/F3/Txnrd1/Cdc34/Bax/Gsn/Cd44/Hspa8/Degs1/Fam162a/Bcl2a1c/Acsl4/Aifm2/Casp4/Ptgs2/Tgm2/Pdcd5/Pmaip1/Il1b/Pla2g4a/Psen2/Atg7/Aimp2/Apbb2/Ripk3/Prmt2/Il10/Thbs1/Cdk4/Pin1/Cxcl1/Atf3/Dhodh/Pycard/Ptpn2/Phlda1/Ptprc/Hmox1/Mtch2/Nupr1/Dnaja3/Rpl26/Cers6/Xbp1/Tnfrsf10b/Nr4a1/Atf6/Eif2b5/Rgcc/Pdcd6/Stub1/Stat1/Mfn2/Ctnnbl1/Itm2c/Tnfsf14/Casp1,105
GO:0005975,carbohydrate metabolic process,89/1551,403/10587,0.22084367245657568,1.5074609673099721,4.303082804600461,2.9667705418574894e-05,0.0015161782230373227,0.0013241731205566138,Plek/Fabp5/Pkm/Tnf/Cd36/Gla/Got1/Ldha/Slc39a14/Slc2a6/Il6/Ptger4/Gapdh/Galk1/Gusb/Myc/Gsto1/Nln/Chst12/Dlat/Renbp/Gpt2/App/Gmppb/Hif1a/Sesn2/Myof/Bola3/Ucp2/Mdh2/Tpi1/Slc23a2/Pofut2/Pgd/Errfi1/Nudt5/Igf1/Neu1/Manba/Pfkl/Chil3/Pmaip1/Aldoa/Ran/Oas1a/Pla2g4a/Pgm3/Atg3/Galk2/Ydjc/Pfkp/Gpi1/Adpgk/Slc25a13/Adora2b/Gale/Atf3/Pgm2/Eif6/Gnptab/Ptpn2/Gys1/Cpt1a/Pgk1/Mtch2/Zmpste24/Nupr1/Dgkq/Slc45a3/Mlx/Coq3/Enpp1/Nans/Cs/Inppl1/Eno2/Trex1/Pgam1/Ptges3/Blvra/Slc3a2/Ddb1/Pgm1/B4galt5/Mpdu1/Idh1/Chst11/Chid1/Rbks,89
GO:0000054,ribosomal subunit export from nucleus,9/1551,14/10587,0.6428571428571429,4.388090632771484,5.2553743094334475,3.026681418415117e-5,0.0015161782230373227,0.0013241731205566138,Npm1/Nop9/Sdad1/Ltv1/Ran/Nmd3/Eif6/Xpo1/Lsg1,9
GO:0006177,GMP biosynthetic process,9/1551,14/10587,0.6428571428571429,4.388090632771484,5.2553743094334475,3.026681418415117e-5,0.0015161782230373227,0.0013241731205566138,Impdh1/Aprt/Gart/Atic/Pfas/Adsl/Ampd2/Ppat/Adk,9
GO:0033750,ribosome localization,9/1551,14/10587,0.6428571428571429,4.388090632771484,5.2553743094334475,3.026681418415117e-5,0.0015161782230373227,0.0013241731205566138,Npm1/Nop9/Sdad1/Ltv1/Ran/Nmd3/Eif6/Xpo1/Lsg1,9
GO:0034340,response to type I interferon,24/1551,70/10587,0.34285714285714286,2.3403150041447915,4.66115660959158,3.0921399775171935e-5,0.0015322056424186862,0.0013381708667412108,Ifnb1/Ifitm3/Mmp12/Ifitm2/Isg15/Irf7/Ifitm1/Usp18/Shmt2/Oasl1/Ikbke/Zbp1/Ch25h/Ttll12/Oasl2/Oas1a/Ptpn2/Sp100/Ifih1/Ube2k/Trex1/Ddb1/Stat1/Rbm47,24
GO:0032496,response to lipopolysaccharide,60/1551,246/10587,0.24390243902439024,1.6648582346558474,4.371183810860118,3.1064680835063816e-5,0.0015322056424186862,0.0013381708667412108,Ccl2/Cd14/Cxcl16/Tnf/Il12b/Ncl/Cd36/Cxcl2/Fcgr4/Gch1/Il1a/Tspo/Mif/Vim/Tnip3/S100a8/Cd274/Il6/Lcn2/Cxcl10/Sod2/Ptger4/Tnfaip3/Nfkbib/Pde4b/Sgms1/Litaf/Plaa/Casp4/Ptgs2/Abca1/Mapkapk3/Il1b/Edn1/Nlrp3/Wfdc21/Il10/Sbno2/Cdk4/Adam9/Map2k3/Gbp2/Pycard/Axl/Cd300lb/Xbp1/Scgb1a1/Nr1h3/Nr4a1/Cd68/Mmp8/Blvra/Stat1/Cxcl3/Arid5a/Nfkb2/Alad/Trib1/Casp1/Slc22a4,60
GO:1902570,protein localization to nucleolus,10/1551,17/10587,0.5882352941176471,4.015246330640574,5.154582527255564,3.2082391396314375e-5,0.001570322852161586,0.0013714610062546602,Rrs1/Npm1/Rpf2/Polr1a/Heatr1/Ran/Nmd3/Pinx1/Rrp7a/Nvl,10
GO:0097190,apoptotic signaling pathway,105/1551,495/10587,0.21212121212121213,1.4479221616552373,4.228635598324902,3.529936188621628e-5,0.0017146932455637787,0.001497548686081903,Ifi204/Ifnb1/Ctsc/Mybbp1a/Dab2/Tnf/Mdm2/Cd74/S100a9/Osm/Plaur/Chac1/Slfn2/Aen/Bcl2a1b/Lgals3/Il1a/P2rx4/Eef1e1/Pdia3/Cdkn1a/Mif/Rps27l/Pmp22/Ifi27l2a/S100a8/Lcn2/Phlda3/Eif5a/Lmna/Bcl2a1d/Trib3/Bcl2a1a/Sod2/P4hb/Slc35f6/Myc/Bcl2l1/Tnfaip3/App/Ikbke/Hif1a/Tnfrsf12a/G0s2/Ybx3/Aatf/Parl/Bax/Cd44/Trap1/Hyou1/Hspb1/Fam162a/Bcl2a1c/Sgms1/Igf1/Ptgs2/Sgpl1/Pmaip1/Il1b/Rrn3/Psen2/Slc25a4/Ripk3/Hsph1/Il10/Ercc6/Thbs1/Herpud1/Acsl5/Traf1/Atf3/Crip1/Nfe2l2/Meis3/Acaa2/Pycard/Hgf/Ptpn2/Tmbim1/Sp100/Ptprc/Timm50/Hmox1/Ube2k/Mtch2/Rrp8/Nupr1/Siva1/Clec7a/Rpl26/Xbp1/Tnfrsf10b/Fnip2/Eda2r/Hint1/Creb3/Itprip/Shisa5/Creb3l1/Mfn2/Nr4a2/Itm2c/Tnfsf14/Cdk11b,105
GO:0040017,positive regulation of locomotion,94/1551,433/10587,0.21709006928406466,1.4818391769892925,4.2414193133514315,3.606527348806291e-5,0.0017308959529266238,0.0015116995222066584,Ccl2/Ccl9/Ccl6/Ccl4/Adamts1/Ccl12/Ccl3/Cxcl14/Cxcl16/Plk2/Dab2/Il23a/Mdm2/Cd74/C5ar1/Trem1/Calr/Fn1/Ccl5/Tlr2/Hspa5/Lgals3/Il1a/P2rx4/Gcnt2/Postn/Ccl7/Csf1/Vim/Rhoc/Cd274/P2ry2/Lcn2/Cxcl10/Itga5/Adam8/C1qbp/Sod2/Ptger4/P4hb/Myc/Anxa1/App/Hif1a/F3/Sdcbp/Elp5/Dnm1l/Hspa8/Pdgfa/Vps35/Hspb1/Igf1/Plaa/Ptgs2/Aldoa/Flna/Arpc2/Il1b/S100a11/Edn1/Myo1c/C3ar1/Gpi1/Fpr2/Iqgap1/Mien1/Ccl8/Thbs1/Adora2b/Flt1/Adam9/Myo5a/Actr3/Map2k3/Nfe2l2/Tnfaip6/Map2k2/Pycard/Hgf/Plau/Ptk2b/Ptprc/Hmox1/Clec7a/Pdpn/Sell/Xbp1/Itgb1bp1/Actn4/Creb3/Pdcd6/Tnfsf14/Ccl22,94
GO:0032640,tumor necrosis factor production,41/1551,150/10587,0.2733333333333333,1.8657511283043196,4.424198321256243,3.6442756338910516e-5,0.0017308959529266238,0.0015116995222066584,Lpl/Ccl2/Ccl4/Ccl3/Cd14/Il23a/Il12b/Ncl/Cd36/Tlr2/Il1a/Tspo/Mif/Il6/Tmem106a/Ptger4/Tnfaip3/Cybb/App/Tlr1/Hspb1/Il27ra/Cd300ld/Errfi1/Igf1/Oas1a/Arg2/Il10/Thbs1/Cyba/Arfgef2/Pycard/Ifih1/Ptprc/Axl/Clec7a/Kcnn4/Lrrfip2/Trex1/Mmp8/Arid5a,41
GO:0032680,regulation of tumor necrosis factor production,41/1551,150/10587,0.2733333333333333,1.8657511283043196,4.424198321256243,3.6442756338910516e-5,0.0017308959529266238,0.0015116995222066584,Lpl/Ccl2/Ccl4/Ccl3/Cd14/Il23a/Il12b/Ncl/Cd36/Tlr2/Il1a/Tspo/Mif/Il6/Tmem106a/Ptger4/Tnfaip3/Cybb/App/Tlr1/Hspb1/Il27ra/Cd300ld/Errfi1/Igf1/Oas1a/Arg2/Il10/Thbs1/Cyba/Arfgef2/Pycard/Ifih1/Ptprc/Axl/Clec7a/Kcnn4/Lrrfip2/Trex1/Mmp8/Arid5a,41
GO:0002218,activation of innate immune response,68/1551,290/10587,0.23448275862068965,1.6005602614553458,4.296194819827879,3.6947030649907075e-5,0.001741943827405913,0.0015213483208785267,Cd14/Ifi204/Tnf/Hspd1/Cd36/S100a9/Tlr2/Rsad2/Cd300lf/Tnip3/Ifi205/Clec4e/S100a8/Cd274/Ddx56/C1qbp/Irf7/Gusb/Phb2/Tnfaip3/Ppt1/Oasl1/Tmem126a/App/Ikbke/Zbp1/Tlr1/Hsp90b1/Banf1/Hspa8/Sqstm1/Alpk1/Hsp90aa1/Brcc3/Casp4/Ecsit/Mapkapk3/Oas1a/Ifi35/Nlrp3/Mefv/Pik3ap1/Rbm14/Cyba/Gm6377/Map2k3/Gbp2/Pycard/Cpt1a/Slc15a3/Ifih1/Clec7a/Lrrfip2/Tlr7/Clec4n/Rftn1/Mapk11/Nr1h3/Dhx58/Trex1/Pspc1/Xpnpep1/Ipo5/Slc19a1/Ddx41/Tlr13/Dhx33/Casp1,68
GO:0050818,regulation of coagulation,17/1551,42/10587,0.40476190476190477,2.762871879893156,4.742483581462079,3.996797839587492e-5,0.0018706180837543794,0.0016337275840649604,Cd36/S100a9/Anxa5/Plaur/Anxa2/Cd9/Emilin2/F3/Pdgfa/Tfpi/Psen2/Thbs1/Nfe2l2/Pros1/Plau/Serpine2/Tmx1,17
GO:0002690,positive regulation of leukocyte chemotaxis,24/1551,71/10587,0.3380281690140845,2.3073528209878225,4.5791031492498675,4.0305145844980706e-5,0.001872728950420408,0.0016355711357383478,Ccl2/Ccl3/Cxcl14/Il23a/Cd74/C5ar1/Trem1/Calr/Ccl5/Ccl7/Csf1/Cxcl10/C1qbp/App/Dnm1l/Il1b/Edn1/C3ar1/Fpr2/Thbs1/Ptk2b/Sell/Creb3/Tnfsf14,24
GO:0009156,ribonucleoside monophosphate biosynthetic process,14/1551,31/10587,0.45161290322580644,3.0826729893305047,4.811006828890849,4.5002775028422726e-5,0.0020759553487931406,0.0018130614399940093,Impdh1/Aprt/Uck2/Gart/Atic/Pfas/Adsl/Ampd2/Dhodh/Nudt2/Cad/Prps1/Ppat/Adk,14
GO:0006754,ATP biosynthetic process,22/1551,63/10587,0.3492063492063492,2.3836541708882133,4.563427384292195,4.759411494296578e-5,0.0021798104643878328,0.0019037645977186314,Ndufb6/Myc/Bcl2l1/Ndufa12/Ndufs1/Vcp/Sdhb/Aldoa/Ndufb9/Stoml2/Ndufa10/Slc25a13/Ndufv2/Ndufab1/Ndufs4/Nudt2/Ndufb8/Ndufb4/Ndufc1/Ndufc2/Ndufb2/Ndufa5,22
GO:2000278,regulation of DNA biosynthetic process,24/1551,72/10587,0.3333333333333333,2.2753062540296582,4.498418243087578,5.216977480903377e-5,0.002372429759400883,0.0020719910562453127,Tnf/Cct3/Gch1/Cct6a/Cct8/Cdkn1a/Cct5/Tcp1/Dkc1/Gnl3l/Dnajc2/Cct4/Cct2/Nat10/C3ar1/Cct7/Hgf/Pinx1/Ptk2b/Wrap53/Chtf8/Exosc10/Ptges3/Hnrnpa1,24
GO:0046033,AMP metabolic process,11/1551,21/10587,0.5238095238095238,3.57548125633232,4.894366311492276,5.4882384053281406e-5,0.0024606090564207807,0.002149003542725573,Aprt/Xdh/Gart/Atic/Pfas/Adsl/Ampd2/Nudt2/Ppat/Adk/Ak2,11
GO:0030193,regulation of blood coagulation,16/1551,39/10587,0.41025641025641024,2.8003769280365023,4.666533784428022,5.526009109865758e-5,0.0024606090564207807,0.002149003542725573,Cd36/S100a9/Anxa5/Plaur/Anxa2/Cd9/Emilin2/F3/Pdgfa/Tfpi/Thbs1/Nfe2l2/Pros1/Plau/Serpine2/Tmx1,16
GO:0046365,monosaccharide catabolic process,16/1551,39/10587,0.41025641025641024,2.8003769280365023,4.666533784428022,5.526009109865758e-5,0.0024606090564207807,0.002149003542725573,Pkm/Ldha/Gapdh/Galk1/Tpi1/Nudt5/Pfkl/Aldoa/Pfkp/Gpi1/Gale/Pgk1/Eno2/Pgam1/Pgm1/Rbks,16
GO:0009124,nucleoside monophosphate biosynthetic process,17/1551,43/10587,0.3953488372093023,2.6986190454770367,4.6239300017951335,5.715602892237977e-5,0.0025101675167828706,0.002192286040858402,Impdh1/Nme2/Aprt/Nme1/Uck2/Gart/Shmt2/Atic/Pfas/Adsl/Ampd2/Dhodh/Nudt2/Cad/Prps1/Ppat/Adk,17
GO:0042304,regulation of fatty acid biosynthetic process,17/1551,43/10587,0.3953488372093023,2.6986190454770367,4.6239300017951335,5.715602892237977e-5,0.0025101675167828706,0.002192286040858402,Fabp5/Cd74/Angptl4/Nme2/Nme1/Trib3/Anxa1/Acadl/Plaa/Ptgs2/Il1b/Edn1/Pla2g4a/Apoc2/Eif6/Slc45a3/Nr1h3,17
GO:0032760,positive regulation of tumor necrosis factor production,29/1551,95/10587,0.30526315789473685,2.083701516848213,4.395680068162208,5.791349401822709e-5,0.0025261314533664768,0.002206228343551508,Lpl/Ccl2/Ccl4/Ccl3/Cd14/Il23a/Il12b/Ncl/Cd36/Tlr2/Il1a/Mif/Il6/Tmem106a/Cybb/App/Tlr1/Hspb1/Oas1a/Thbs1/Cyba/Arfgef2/Pycard/Ifih1/Ptprc/Clec7a/Lrrfip2/Mmp8/Arid5a,29
GO:0002685,regulation of leukocyte migration,45/1551,173/10587,0.26011560693641617,1.7755280016994441,4.2608424983917725,5.8678648624385e-5,0.0025361492686085084,0.002214977527169003,Ccl2/Ccl12/Ccl3/Cxcl14/Ifnb1/Il23a/Cd74/C5ar1/Trem1/Calr/Ccl5/Tlr2/Lgals3/Il1a/P2rx4/Mif/Ccl7/Csf1/Cd9/Cxcl10/Adam8/C1qbp/Ptger4/P4hb/Anxa1/App/Slamf8/Dnm1l/Il27ra/Slc8b1/Il1b/Edn1/Ecm1/Ripk3/C3ar1/Fpr2/Thbs1/Tnfaip6/Rabgef1/Pycard/Ptk2b/Bst1/Sell/Creb3/Tnfsf14,45
GO:0005996,monosaccharide metabolic process,52/1551,209/10587,0.24880382775119617,1.6983147159264436,4.224265795947683,5.893422349074668e-5,0.0025361492686085084,0.002214977527169003,Fabp5/Pkm/Tnf/Cd36/Got1/Ldha/Slc39a14/Il6/Gapdh/Galk1/Myc/Gsto1/Nln/Dlat/Gpt2/Gmppb/Hif1a/Sesn2/Bola3/Mdh2/Tpi1/Slc23a2/Pofut2/Pgd/Errfi1/Nudt5/Igf1/Pfkl/Pmaip1/Aldoa/Oas1a/Galk2/Pfkp/Gpi1/Adpgk/Slc25a13/Adora2b/Gale/Atf3/Pgm2/Ptpn2/Cpt1a/Pgk1/Zmpste24/Dgkq/Slc45a3/Inppl1/Eno2/Pgam1/Ddb1/Pgm1/Rbks,52
GO:0006167,AMP biosynthetic process,8/1551,12/10587,0.6666666666666666,4.5506125080593165,5.098441567465667,5.9441774835553245e-5,0.0025409377349704496,0.0022191595938606547,Aprt/Gart/Atic/Pfas/Adsl/Nudt2/Ppat/Adk,8
GO:0097401,synaptic vesicle lumen acidification,10/1551,18/10587,0.5555555555555556,3.7921770900494307,4.91186017777746,6.270961822517606e-5,0.0026628746494028405,0.0023256547156356687,Atp6v1b2/Atp6v1a/Atp6v1e1/Atp6ap2/Atp6v0d1/Atp6v1c1/Atp6v1h/Atp6v1d/Atp6v0a1/Atp6v1g1,10
GO:0035747,natural killer cell chemotaxis,5/1551,5/10587,1,6.825918762088975,5.398203850163147,6.711226424938448e-5,0.002794310638747099,0.00244044597270489,Ccl2/Ccl3/Cxcl14/Ccl5/Ccl7,5
GO:0090666,scaRNA localization to Cajal body,5/1551,5/10587,1,6.825918762088975,5.398203850163147,6.711226424938448e-5,0.002794310638747099,0.00244044597270489,Tcp1/Dkc1/Cct4/Cct2/Wrap53,5
GO:2000501,regulation of natural killer cell chemotaxis,5/1551,5/10587,1,6.825918762088975,5.398203850163147,6.711226424938448e-5,0.002794310638747099,0.00244044597270489,Ccl2/Ccl3/Cxcl14/Ccl5/Ccl7,5
GO:0008053,mitochondrial fusion,14/1551,32/10587,0.4375,2.9863394584139265,4.66211597499552,6.928328505824095e-5,0.002866093056731877,0.0025031380408138664,Bcl2a1b/Bcl2a1d/Bcl2a1a/Vat1/Parl/Bax/Dnm1l/Bcl2a1c/Afg3l2/Mief1/Stoml2/Afg3l1/Mtch2/Mfn2,14
GO:0043065,positive regulation of apoptotic process,100/1551,475/10587,0.21052631578947367,1.4370355288608367,4.037650758333436,7.37196319429481e-5,0.0030300658975524566,0.0026463457620545475,Ccl2/Ccl3/Lgals1/Ifnb1/Ctsc/Hcar2/Tomm40/Mybbp1a/Tnf/Hspd1/Il12b/S100a9/Osm/Trem1/Anxa5/Hspa9/Ccl5/Tlr2/Bcl2a1b/Gch1/Tspo/Eef1e1/Pdia3/Eif2s1/Igf2r/Zmat3/S100a8/Cd274/Il6/Lcn2/Phlda3/Eif5a/Bcl2a1d/Adam8/C1qbp/Bcl2a1a/Sod2/Myc/Emilin2/Bcl2l1/Anxa1/App/Zbp1/Hif1a/Ppid/Tnfrsf12a/G0s2/F3/Txnrd1/Cdc34/Bax/Gsn/Cd44/Degs1/Fam162a/Bcl2a1c/Aifm2/Casp4/Ptgs2/Tgm2/Pdcd5/Pmaip1/Il1b/Pla2g4a/Psen2/Atg7/Aimp2/Apbb2/Ripk3/Prmt2/Il10/Thbs1/Cdk4/Pin1/Atf3/Dhodh/Pycard/Ptpn2/Phlda1/Ptprc/Hmox1/Mtch2/Nupr1/Dnaja3/Rpl26/Cers6/Xbp1/Tnfrsf10b/Nr4a1/Atf6/Eif2b5/Rgcc/Pdcd6/Stub1/Stat1/Mfn2/Ctnnbl1/Itm2c/Tnfsf14/Casp1,100
GO:0072594,establishment of protein localization to organelle,83/1551,379/10587,0.21899736147757257,1.4948581985577438,4.064562226079288,7.455352356044118e-5,0.003032540683803816,0.002648507147426913,Tomm40/Hspd1/Cd36/Nolc1/Mmp12/Hspa5/Npm1/Cct6a/Tspo/Cdkn1a/Hspa4/Timm17a/Heatr3/Ddx56/Il6/Lmna/Chchd4/Tcp1/Phb2/Ipo4/Tnfaip3/Tmem126a/Calm1/Spcs2/Ap3d1/Get4/Parl/Bax/M6pr/Hspa8/Cse1l/Sqstm1/Sec61a1/Vps8/Sec61b/Ufm1/Nup93/Tomm20/Hsp90aa1/Spcs3/Ptgs2/Grpel1/Mdfic/Tomm5/Sec13/Pmaip1/Flna/Ran/Hsph1/Timm13/Herpud1/Pin1/Pmpca/Srp72/Nup50/Ruvbl2/Gnptab/Spcs1/Pmpcb/Dnajc15/Kpna6/Ssr3/Vps13c/Samm50/Timm50/Mtch2/Srp19/Zpr1/Wrap53/Hsp90ab1/Xbp1/Cox18/Ppp3r1/Nr4a1/Tram1/Cd68/Sec61g/Vps36/Ipo5/Kpna1/Mfn2/Immp1l/Nabp2,83
GO:0006959,humoral immune response,27/1551,87/10587,0.3103448275862069,2.1183885813379577,4.339517396142085,7.519868507872843e-5,0.003032540683803816,0.002648507147426913,Ccl2/Ccl9/Ccl6/Ccl4/Ccl12/Ccl3/Cxcl14/Ifnb1/Tnf/S100a9/Wfdc17/Ccl5/Lgals3/Ccl7/Cxcl10/C1qbp/Gapdh/App/Cd5l/Cfb/Masp1/Il1b/Wfdc21/Ccl8/Ptprc/Rpl30/Ccl22,27
GO:0072655,establishment of protein localization to mitochondrion,27/1551,87/10587,0.3103448275862069,2.1183885813379577,4.339517396142085,7.519868507872843e-5,0.003032540683803816,0.002648507147426913,Tomm40/Hspd1/Tspo/Hspa4/Timm17a/Chchd4/Tmem126a/Calm1/Parl/Bax/Tomm20/Hsp90aa1/Grpel1/Tomm5/Pmaip1/Hsph1/Timm13/Pin1/Pmpca/Pmpcb/Dnajc15/Samm50/Timm50/Mtch2/Cox18/Mfn2/Immp1l,27
GO:0051607,defense response to virus,59/1551,248/10587,0.23790322580645162,1.6239080925937481,4.118991769702065,7.717562351753942e-5,0.0030928131124653923,0.0027011468231138793,Ifnb1/Tnf/Il23a/Il12b/Ifitm3/Atad3a/Mmp12/Ccl5/Rsad2/Bst2/Ifitm2/Ddx56/Il6/Isg15/Cxcl10/C1qbp/Irf7/Ifitm1/Usp18/Phb2/Bcl2l1/Rtp4/Oasl1/Tmem120a/Zbp1/Apobec1/Ddx21/Ddx1/Ndufaf4/Polr3d/Ifit1/G3bp1/Hsp90aa1/Oasl2/Pmaip1/Il1b/Oas1a/Atg7/Nlrp3/Ripk3/Ifit3/Ercc6/Gbp2/Pycard/Polr3g/Ifih1/Ptprc/Fgl2/Ncbp1/Zmpste24/Tlr7/Abcf3/Dhx58/Trex1/Nt5c3/Stat1/Ddx41/Casp1/Exosc4,59
GO:0002183,cytoplasmic translational initiation,18/1551,48/10587,0.375,2.5597195357833655,4.486949285252964,7.926763724766598e-5,0.0031343694549157658,0.002737440571978835,Eif4a1/Eif2s2/Eif3i/Eif3c/Eif3l/Eif3d/Eif3g/Eif4ebp1/Sh3bgrl/Eif2b3/Denr/Ncbp1/Eif2b5/Eif5/Dhx29/Eif2b1/Eif3m/Mcts1,18
GO:1900046,regulation of hemostasis,16/1551,40/10587,0.4,2.73036750483559,4.542423332895622,7.96790737915268e-5,0.0031343694549157658,0.002737440571978835,Cd36/S100a9/Anxa5/Plaur/Anxa2/Cd9/Emilin2/F3/Pdgfa/Tfpi/Thbs1/Nfe2l2/Pros1/Plau/Serpine2/Tmx1,16
GO:1902622,regulation of neutrophil migration,16/1551,40/10587,0.4,2.73036750483559,4.542423332895622,7.96790737915268e-5,0.0031343694549157658,0.002737440571978835,Il23a/Cd74/C5ar1/Tlr2/Il1a/Adam8/C1qbp/Ptger4/Slamf8/Dnm1l/Il1b/Edn1/C3ar1/Tnfaip6/Bst1/Sell,16
GO:0006006,glucose metabolic process,42/1551,160/10587,0.2625,1.791803675048356,4.181013311968709,8.170369866941726e-5,0.0031719116810957977,0.0027702285424417443,Fabp5/Pkm/Tnf/Cd36/Got1/Ldha/Slc39a14/Il6/Gapdh/Myc/Nln/Dlat/Gpt2/Hif1a/Sesn2/Bola3/Mdh2/Tpi1/Errfi1/Igf1/Pfkl/Pmaip1/Aldoa/Oas1a/Pfkp/Gpi1/Adpgk/Slc25a13/Adora2b/Atf3/Pgm2/Ptpn2/Cpt1a/Pgk1/Zmpste24/Dgkq/Slc45a3/Inppl1/Eno2/Pgam1/Ddb1/Pgm1,42
GO:0072524,pyridine-containing compound metabolic process,42/1551,160/10587,0.2625,1.791803675048356,4.181013311968709,8.170369866941726e-5,0.0031719116810957977,0.0027702285424417443,Pkm/Got1/Slc2a6/Gapdh/Galk1/Myc/App/Hif1a/Ucp2/Mdh2/Tpi1/Got2/Pgd/Slc25a22/Vcp/Igf1/Pfkl/Aldoa/Ran/Pfkp/Gpi1/Adpgk/Slc25a13/Gale/Eif6/Fdx1/Pgk1/Mtch2/Nupr1/Mlx/Enpp1/Slc37a2/Tkt/Eno2/Trex1/Pgam1/Pdxk/Prps1/Nampt/Aco1/Idh1/Rbks,42
GO:0009636,response to toxic substance,39/1551,145/10587,0.2689655172413793,1.8359367704928964,4.199033295627115,8.2117488936666e-5,0.0031719116810957977,0.0027702285424417443,Ccl3/Mdm2/Cd36/S100a9/Ccl5/Gch1/Hp/S100a8/Lcn2/Mt2/Sod2/Mt1/Gsto1/Prdx1/Scfd1/Hif1a/Alas1/Sesn2/Txnrd1/Slc7a11/Bax/Srxn1/Abcb1b/Aifm2/Ptgs2/Abtb2/Edn1/Gsr/Txndc17/Ercc6/Prdx6/Nfe2l2/Esd/Txn1/Nupr1/Slc19a1/Nr4a2/Pim1/Alad,39
GO:1901137,carbohydrate derivative biosynthetic process,90/1551,420/10587,0.21428571428571427,1.4626968775904945,4.008745955773418,8.68103204541167e-5,0.003333100447615547,0.0029110047577428355,Uap1l1/Rpn1/Impdh1/Nme2/Aprt/Nme1/Prkcsh/Ndufb6/Stt3a/Uck2/Tmem106a/Ptger4/Gart/Gapdh/Shmt2/Myc/Chst12/Bcl2l1/Atic/Slc2a1/Gmppb/Ndufa12/Mtap/Pfas/Ndufs1/Mdh2/Aatf/Tpi1/Adsl/C1galt1c1/Mthfd1/Galnt7/Pofut2/Vcp/Igf1/Amdhd2/Sdhb/Guk1/Rpn2/Pigs/Ampd2/Aldoa/Il1b/Ndufb9/Pgm3/Hs3st3b1/Alg5/Stoml2/Soat1/Ndufa10/Slc25a13/Pgm2/Nme6/Ndufv2/Dhodh/Gnptab/Ndufab1/Gmppa/Pgk1/Phlda1/Krtcap2/Ostc/Ndufs4/Nudt2/Gnpnat1/Cad/Alg13/Ndufb8/Ndufb4/Slc30a5/Ndufc1/Dad1/Pigf/Nans/Tkt/Trex1/Nme4/Pgam1/Ndufc2/Prps1/Galnt6/Ppat/Adk/B4galnt1/Ndufb2/B4galt5/Chst11/Itm2c/Ak2/Ndufa5,90
GO:0009132,nucleoside diphosphate metabolic process,33/1551,116/10587,0.28448275862068967,1.9418561995597945,4.225744629543484,8.794241387000538e-5,0.0033564687960385385,0.002931413795666846,Pkm/Nme1/Slc2a6/Gapdh/Galk1/Myc/App/Hif1a/Ucp2/Tpi1/Nudt5/Igf1/Guk1/Pfkl/Aldoa/Ran/Pfkp/Gpi1/Adpgk/Gale/Eif6/Dhodh/Pgk1/Mtch2/Cad/Nupr1/Mlx/Enpp1/Eno2/Trex1/Pgam1/Entpd7/Ak2,33
GO:0071353,cellular response to interleukin-4,13/1551,29/10587,0.4482758620689655,3.059894617488161,4.6018971217159175,9.268501429680591e-5,0.0035165462229060323,0.003071219408651557,Nfil3/Hspa5/Cd300lf/Il2rg/Stat6/Rps2/Cdk4/Ptpn2/Ptprc/Il4ra/Hsp90ab1/Xbp1/Alad,13
GO:0009185,ribonucleoside diphosphate metabolic process,32/1551,112/10587,0.2857142857142857,1.9502625034539927,4.188507725747579,1.0220916096641195e-4,0.0038550890595096085,0.0033668900083053347,Pkm/Slc2a6/Gapdh/Galk1/Myc/App/Hif1a/Ucp2/Tpi1/Nudt5/Igf1/Guk1/Pfkl/Aldoa/Ran/Pfkp/Gpi1/Adpgk/Gale/Eif6/Dhodh/Pgk1/Mtch2/Cad/Nupr1/Mlx/Enpp1/Eno2/Trex1/Pgam1/Entpd7/Ak2,32
GO:0009126,purine nucleoside monophosphate metabolic process,14/1551,33/10587,0.42424242424242425,2.8958443233104747,4.518921843792495,1.04221939536611e-4,0.003908017990109648,0.003413116148567378,Impdh1/Aprt/Xdh/Gart/Atic/Nt5c/Pfas/Adsl/Guk1/Ampd2/Nudt2/Ppat/Adk/Ak2,14
GO:0061041,regulation of wound healing,24/1551,75/10587,0.32,2.184294003868472,4.2641376793666765,1.0873338092739376e-4,0.004053479293642144,0.0035401565883337502,Ccl2/Tnf/Cd36/S100a9/Anxa5/Plaur/Anxa2/Cd9/Ptger4/Emilin2/Anxa1/Hif1a/Tnfrsf12a/F3/Pdgfa/Tfpi/Thbs1/Nfe2l2/Pros1/Plau/Clec7a/Serpine2/Xbp1/Tmx1,24
GO:0006356,regulation of transcription by RNA polymerase I,15/1551,37/10587,0.40540540540540543,2.767264363009044,4.461284143899468,1.1077745663073094e-4,0.0041058095486488245,0.0035858598678155675,Mybbp1a/Ncl/Pwp1/Wdr43/Lyar/Ddx21/Nol11/Heatr1/Flna/Myo1c/Wdr75/Ercc6/Utp15/Zmpste24/Dhx33,15
GO:0015986,proton motive force-driven ATP synthesis,16/1551,41/10587,0.3902439024390244,2.6637731754493563,4.422072875831068,1.1306318256606095e-4,0.004120621359119797,0.0035987959468295173,Ndufb6/Ndufa12/Ndufs1/Sdhb/Ndufb9/Stoml2/Ndufa10/Ndufv2/Ndufab1/Ndufs4/Ndufb8/Ndufb4/Ndufc1/Ndufc2/Ndufb2/Ndufa5,16
GO:0042776,proton motive force-driven mitochondrial ATP synthesis,16/1551,41/10587,0.3902439024390244,2.6637731754493563,4.422072875831068,1.1306318256606095e-4,0.004120621359119797,0.0035987959468295173,Ndufb6/Ndufa12/Ndufs1/Sdhb/Ndufb9/Stoml2/Ndufa10/Ndufv2/Ndufab1/Ndufs4/Ndufb8/Ndufb4/Ndufc1/Ndufc2/Ndufb2/Ndufa5,16
GO:2001280,positive regulation of unsaturated fatty acid biosynthetic process,7/1551,10/10587,0.7,4.778143133462282,4.952002866498154,1.1414702782551074e-4,0.004120621359119797,0.0035987959468295173,Cd74/Anxa1/Plaa/Ptgs2/Il1b/Edn1/Pla2g4a,7
GO:0009168,purine ribonucleoside monophosphate biosynthetic process,10/1551,19/10587,0.5263157894736842,3.5925888221520914,4.6859513461286015,1.1503294187187206e-4,0.004120621359119797,0.0035987959468295173,Impdh1/Aprt/Gart/Atic/Pfas/Adsl/Ampd2/Nudt2/Ppat/Adk,10
GO:0061621,canonical glycolysis,10/1551,19/10587,0.5263157894736842,3.5925888221520914,4.6859513461286015,1.1503294187187206e-4,0.004120621359119797,0.0035987959468295173,Pkm/Gapdh/Tpi1/Pfkl/Aldoa/Pfkp/Gpi1/Pgk1/Eno2/Pgam1,10
GO:0061718,glucose catabolic process to pyruvate,10/1551,19/10587,0.5263157894736842,3.5925888221520914,4.6859513461286015,1.1503294187187206e-4,0.004120621359119797,0.0035987959468295173,Pkm/Gapdh/Tpi1/Pfkl/Aldoa/Pfkp/Gpi1/Pgk1/Eno2/Pgam1,10
GO:0002687,positive regulation of leukocyte migration,33/1551,118/10587,0.2796610169491525,1.908943382618103,4.113476007490946,1.263208325886328e-4,0.004474967837338749,0.00390826885357096,Ccl2/Ccl12/Ccl3/Cxcl14/Il23a/Cd74/C5ar1/Trem1/Calr/Ccl5/Tlr2/Lgals3/Il1a/P2rx4/Ccl7/Csf1/Cxcl10/Adam8/C1qbp/Ptger4/P4hb/App/Dnm1l/Il1b/Edn1/C3ar1/Fpr2/Thbs1/Pycard/Ptk2b/Sell/Creb3/Tnfsf14,33
GO:0009261,ribonucleotide catabolic process,33/1551,118/10587,0.2796610169491525,1.908943382618103,4.113476007490946,1.263208325886328e-4,0.004474967837338749,0.00390826885357096,Pkm/Xdh/Slc2a6/Gapdh/Galk1/Myc/App/Hif1a/Nt5c/Ucp2/Tpi1/Pde4b/Igf1/Pfkl/Aldoa/Ran/Pfkp/Gpi1/Adpgk/Gale/Eif6/Pgk1/Mtch2/Nupr1/Mlx/Enpp1/Eno2/Trex1/Pgam1/Itpa/Hint1/Nt5c3/Entpd7,33
GO:2001233,regulation of apoptotic signaling pathway,73/1551,329/10587,0.22188449848024316,1.5145655611929942,3.928177019685328,1.3007018737844472e-4,0.004582472755332898,0.004002159611644453,Ifnb1/Ctsc/Dab2/Tnf/Mdm2/Cd74/S100a9/Osm/Plaur/Lgals3/Eef1e1/Pdia3/Mif/Pmp22/S100a8/Eif5a/Lmna/Sod2/P4hb/Slc35f6/Myc/Bcl2l1/Tnfaip3/App/Hif1a/Tnfrsf12a/G0s2/Ybx3/Aatf/Parl/Bax/Cd44/Trap1/Hyou1/Hspb1/Sgms1/Igf1/Ptgs2/Pmaip1/Il1b/Rrn3/Psen2/Slc25a4/Ripk3/Hsph1/Il10/Thbs1/Herpud1/Acsl5/Traf1/Atf3/Nfe2l2/Meis3/Acaa2/Pycard/Hgf/Ptpn2/Tmbim1/Sp100/Ptprc/Hmox1/Mtch2/Nupr1/Rpl26/Xbp1/Creb3/Itprip/Creb3l1/Mfn2/Nr4a2/Itm2c/Tnfsf14/Cdk11b,73
GO:0046040,IMP metabolic process,9/1551,16/10587,0.5625,3.8395793036750483,4.709119264794866,1.3087838974256238e-4,0.0045857499181929506,0.0040050217626139304,Aprt/Xdh/Gart/Atic/Nt5c/Pfas/Adsl/Ampd2/Ppat,9
GO:0031639,plasminogen activation,8/1551,13/10587,0.6153846153846154,4.200565392054754,4.7836837493215505,1.3465948448851682e-4,0.004667224943461459,0.004076178989922672,Plaur/Plgrkt/Anxa2/Ctsz/Thbs1/Plau/Pgk1/Serpine2,8
GO:2001279,regulation of unsaturated fatty acid biosynthetic process,8/1551,13/10587,0.6153846153846154,4.200565392054754,4.7836837493215505,1.3465948448851682e-4,0.004667224943461459,0.004076178989922672,Fabp5/Cd74/Anxa1/Plaa/Ptgs2/Il1b/Edn1/Pla2g4a,8
GO:0097193,intrinsic apoptotic signaling pathway,62/1551,269/10587,0.23048327137546468,1.573260086429429,3.945606911442603,1.35450811360405e-4,0.004669411841090951,0.004078088944184237,Ifi204/Mybbp1a/Tnf/Mdm2/Cd74/S100a9/Plaur/Chac1/Aen/Bcl2a1b/Cdkn1a/Mif/Rps27l/Ifi27l2a/S100a8/Phlda3/Eif5a/Bcl2a1d/Trib3/Bcl2a1a/Sod2/P4hb/Myc/Bcl2l1/App/Ikbke/Hif1a/Ybx3/Parl/Bax/Cd44/Trap1/Hyou1/Hspb1/Bcl2a1c/Ptgs2/Pmaip1/Rrn3/Ripk3/Hsph1/Il10/Ercc6/Herpud1/Crip1/Nfe2l2/Pycard/Ptpn2/Hmox1/Ube2k/Mtch2/Rrp8/Nupr1/Siva1/Rpl26/Xbp1/Tnfrsf10b/Fnip2/Eda2r/Hint1/Creb3/Shisa5/Creb3l1,62
GO:0045943,positive regulation of transcription by RNA polymerase I,13/1551,30/10587,0.43333333333333335,2.9578981302385556,4.449018286820706,1.4176629593420041e-4,0.004809552854656576,0.0042004828424948275,Mybbp1a/Ncl/Pwp1/Wdr43/Lyar/Ddx21/Nol11/Heatr1/Myo1c/Wdr75/Ercc6/Utp15/Dhx33,13
GO:0048247,lymphocyte chemotaxis,13/1551,30/10587,0.43333333333333335,2.9578981302385556,4.449018286820706,1.4176629593420041e-4,0.004809552854656576,0.0042004828424948275,Ccl2/Ccl3/Cxcl14/Cxcl16/Ccl5/Ccl7/Cxcl10/Adam8/Ch25h/Slc8b1/Ptk2b/Plec/Tnfsf14,13
GO:0070670,response to interleukin-4,13/1551,30/10587,0.43333333333333335,2.9578981302385556,4.449018286820706,1.4176629593420041e-4,0.004809552854656576,0.0042004828424948275,Nfil3/Hspa5/Cd300lf/Il2rg/Stat6/Rps2/Cdk4/Ptpn2/Ptprc/Il4ra/Hsp90ab1/Xbp1/Alad,13
GO:1901292,nucleoside phosphate catabolic process,39/1551,149/10587,0.26174496644295303,1.7866498773253021,4.006357496926084,1.544468203386812e-4,0.0052121737474296005,0.004552116809982183,Pkm/Nme1/Xdh/Slc2a6/Gapdh/Galk1/Acot7/Myc/App/Hif1a/Nt5c/Ucp2/Tpi1/Pde4b/Vcp/Nudt5/Igf1/Pfkl/Aldoa/Ran/Pfkp/Gpi1/Adpgk/Gale/Eif6/Pgk1/Mtch2/Nupr1/Acot2/Mlx/Enpp1/Eno2/Trex1/Pgam1/Hddc2/Itpa/Hint1/Nt5c3/Entpd7,39
GO:0050920,regulation of chemotaxis,37/1551,139/10587,0.26618705035971224,1.8169711812754827,4.016809983733783,1.5587830282911324e-4,0.0052329407211532675,0.004570253904937351,Ccl2/Ccl3/Cxcl14/Il23a/Cd74/C5ar1/Trem1/Calr/Fn1/Ccl5/P2rx4/Mif/Ccl7/Csf1/Usp14/Cxcl10/C1qbp/Dusp3/App/F3/Slamf8/Dnm1l/Hspb1/Slc8b1/Il1b/Edn1/C3ar1/Fpr2/Thbs1/Tnfaip6/Ptpn2/Ptk2b/Bst1/Sell/Creb3/Plxna3/Tnfsf14,37
GO:0071622,regulation of granulocyte chemotaxis,16/1551,42/10587,0.38095238095238093,2.6003500046053234,4.305266711664549,1.5804484667079164e-4,0.00526685669794845,0.004599874845369826,Ccl2/Il23a/Cd74/C5ar1/Trem1/Ccl5/Csf1/C1qbp/Dnm1l/Il1b/Edn1/C3ar1/Thbs1/Tnfaip6/Bst1/Sell,16
GO:0031638,zymogen activation,11/1551,23/10587,0.4782608695652174,3.2645698427382057,4.504215636030823,1.585314009207815e-4,0.00526685669794845,0.004599874845369826,Plaur/Ctsl/Plgrkt/Hp/Anxa2/Ctsz/Masp1/Thbs1/Plau/Pgk1/Serpine2,11
GO:0071675,regulation of mononuclear cell migration,31/1551,110/10587,0.2818181818181818,1.9236680147705292,4.0343865580781095,1.7168324480796885e-4,0.005674396730457198,0.004955805004766111,Ccl2/Ccl3/Cxcl14/Ifnb1/C5ar1/Trem1/Calr/Ccl5/Lgals3/P2rx4/Mif/Ccl7/Csf1/Cd9/Cxcl10/Adam8/C1qbp/P4hb/App/Slamf8/Il27ra/Slc8b1/Ecm1/Ripk3/C3ar1/Fpr2/Thbs1/Pycard/Ptk2b/Creb3/Tnfsf14,31
GO:0009408,response to heat,22/1551,68/10587,0.3235294117647059,2.2083854818523156,4.141488504321122,1.7372415082194675e-4,0.005712406436258064,0.004989001254373855,Osm/Il1a/Eif2s1/Pmp22/Myof/Hspa8/Hspb1/Eif2b3/Vcp/Dnaja2/Igf1/Hsp90aa1/Chordc1/Lrp11/Eef1d/Hmox1/Dnaja3/Hsp90ab1/Eif2b5/Pdcd6/Eif2b1/Stub1,22
GO:0002758,innate immune response-activating signaling pathway,61/1551,266/10587,0.22932330827067668,1.5653422725091257,3.8687896934173898,1.772806631456082e-4,0.005799610265763469,0.005065161804160235,Cd14/Tnf/Hspd1/Cd36/S100a9/Tlr2/Rsad2/Cd300lf/Tnip3/Clec4e/S100a8/Cd274/Ddx56/C1qbp/Irf7/Gusb/Phb2/Tnfaip3/Ppt1/Oasl1/Tmem126a/App/Tlr1/Hsp90b1/Banf1/Hspa8/Sqstm1/Alpk1/Brcc3/Casp4/Ecsit/Mapkapk3/Oas1a/Ifi35/Nlrp3/Mefv/Pik3ap1/Cyba/Gm6377/Map2k3/Gbp2/Pycard/Cpt1a/Slc15a3/Ifih1/Clec7a/Lrrfip2/Tlr7/Clec4n/Rftn1/Mapk11/Nr1h3/Dhx58/Trex1/Xpnpep1/Ipo5/Slc19a1/Ddx41/Tlr13/Dhx33/Casp1,61
GO:0070585,protein localization to mitochondrion,19/1551,55/10587,0.34545454545454546,2.3580446632671004,4.183345222388456,1.812136626156256e-4,0.00589818276493092,0.005151251323083774,Tomm40/Hspd1/Tspo/Hspa4/Timm17a/Isg15/Chchd4/Tmem126a/Bax/Dnm1l/Tomm20/Hsp90aa1/Grpel1/Timm13/Dnajc15/Samm50/Timm50/Mtch2/Cox18,19
GO:0060759,regulation of response to cytokine stimulus,36/1551,135/10587,0.26666666666666666,1.8202450032237265,3.9736948158342487,1.8293575888083457e-4,0.005924162050221773,0.005173940655215523,Cd74/Mmp12/Ccl5/Tlr2/Il1r2/Csf1/Il1rn/Cd300lf/Arg1/Il6/Isg15/Irf7/Usp18/Ikbke/Zbp1/Hif1a/Ttll12/Cish/Casp4/Oas1a/Cpne1/Edn1/Ecm1/Rabgef1/Pycard/Ptpn2/Ifih1/Ptprc/Ube2k/Axl/Dnaja3/Trex1/Mmp8/Casp1/Rbm47/Anxa4,36
GO:0002828,regulation of type 2 immune response,12/1551,27/10587,0.4444444444444444,3.033741672039544,4.3835851108289745,1.9104204486697108e-4,0.006124807958435093,0.0053491772562751895,Ifnb1/Cd74/Rsad2/Arg1/Il6/Anxa1/Il27ra/Ecm1/Arg2/Nlrp3/Stat6/Il4ra,12
GO:0061615,glycolytic process through fructose-6-phosphate,12/1551,27/10587,0.4444444444444444,3.033741672039544,4.3835851108289745,1.9104204486697108e-4,0.006124807958435093,0.0053491772562751895,Pkm/Gapdh/Galk1/Tpi1/Pfkl/Aldoa/Pfkp/Gpi1/Gale/Pgk1/Eno2/Pgam1,12
GO:0060337,type I interferon-mediated signaling pathway,21/1551,64/10587,0.328125,2.239754593810445,4.121351543584244,1.9402036441959757e-4,0.00615870582504188,0.00537878237994924,Ifnb1/Ifitm3/Mmp12/Ifitm2/Isg15/Irf7/Ifitm1/Usp18/Oasl1/Ikbke/Zbp1/Ttll12/Oasl2/Oas1a/Ptpn2/Ifih1/Ube2k/Trex1/Ddb1/Stat1/Rbm47,21
GO:0071357,cellular response to type I interferon,21/1551,64/10587,0.328125,2.239754593810445,4.121351543584244,1.9402036441959757e-4,0.00615870582504188,0.00537878237994924,Ifnb1/Ifitm3/Mmp12/Ifitm2/Isg15/Irf7/Ifitm1/Usp18/Oasl1/Ikbke/Zbp1/Ttll12/Oasl2/Oas1a/Ptpn2/Ifih1/Ube2k/Trex1/Ddb1/Stat1/Rbm47,21
GO:0006417,regulation of translation,69/1551,311/10587,0.22186495176848875,1.5144321369264928,3.8148720005667363,1.9758018154786766e-4,0.00619068816195198,0.005406714551923127,Pkm/Tnf/Ncl/S100a9/Pa2g4/Nolc1/Calr/Npm1/Eif2s1/Rps27l/Prmt1/Il6/Smyd5/Eif5a/C1qbp/Gapdh/Shmt2/Ifrd2/Serbp1/App/Sesn2/Usp5/Ptcd3/Rpl38/Abcf1/Pus7/Trap1/Eif4ebp1/Sh3bgrl/Abce1/Rnh1/Metap2/Igf1/Rraga/Eif4g1/Mrps27/Gemin5/Bzw2/Nat10/Ssb/Alkbh1/Tcof1/Ywhag/Etf1/Caprin1/Thbs1/Cdk4/Prkch/Eif6/Eif5b/Paip1/Fastkd2/Ptk2b/Eif4e/Ncbp1/Rbm8a/Eif4g2/Xbp1/Limd1/Eif2b5/Cnbp/Eif5/Dhx29/Rheb/Aco1/Ngdn/Bzw1/Nsun5/Uqcc2,69
GO:0002274,myeloid leukocyte activation,47/1551,192/10587,0.24479166666666666,1.6709280303030303,3.8868522885101453,1.9792437199004303e-4,0.00619068816195198,0.005406714551923127,Ccl3/Ifnb1/Ctsc/Tnf/Hspd1/C5ar1/Fn1/Ccl5/Fcgr4/Tlr2/Relb/Clec4d/Hspa4/Cd300lf/Tnfsf9/Milr1/Tmem106a/Anxa1/App/Tlr1/Lat2/Ifi35/Pla2g4a/Cst7/Il10/Sbno2/Fpr2/Thbs1/Adora2b/Adam9/Rabgef1/Pycard/Crtc3/Stx11/Hmox1/Cd300lb/Kcnn4/Il4ra/Batf/Nr1h3/Trex1/Nr4a1/Mmp8/Nampt/Cd48/Pilrb1/Casp1,47
GO:0019318,hexose metabolic process,47/1551,192/10587,0.24479166666666666,1.6709280303030303,3.8868522885101453,1.9792437199004303e-4,0.00619068816195198,0.005406714551923127,Fabp5/Pkm/Tnf/Cd36/Got1/Ldha/Slc39a14/Il6/Gapdh/Galk1/Myc/Nln/Dlat/Gpt2/Gmppb/Hif1a/Sesn2/Bola3/Mdh2/Tpi1/Pofut2/Errfi1/Igf1/Pfkl/Pmaip1/Aldoa/Oas1a/Galk2/Pfkp/Gpi1/Adpgk/Slc25a13/Adora2b/Gale/Atf3/Pgm2/Ptpn2/Cpt1a/Pgk1/Zmpste24/Dgkq/Slc45a3/Inppl1/Eno2/Pgam1/Ddb1/Pgm1,47
GO:0042116,macrophage activation,26/1551,87/10587,0.2988505747126437,2.039929744992108,4.035085206038208,0.00020171111964211867,0.006278503393909053,0.005483409077649827,Ifnb1/Ctsc/Tnf/Hspd1/C5ar1/Tlr2/Hspa4/Tmem106a/App/Tlr1/Ifi35/Pla2g4a/Cst7/Il10/Sbno2/Fpr2/Thbs1/Crtc3/Kcnn4/Il4ra/Nr1h3/Trex1/Nr4a1/Mmp8/Nampt/Casp1,26
GO:0090670,RNA localization to Cajal body,6/1551,8/10587,0.75,5.119439071566731,4.8288587435444414,2.1020452990059033e-4,0.006327847163016832,0.005526504072503784,Tcp1/Dkc1/Cct4/Cct2/Wrap53/Exosc10,6
GO:0090671,telomerase RNA localization to Cajal body,6/1551,8/10587,0.75,5.119439071566731,4.8288587435444414,2.1020452990059033e-4,0.006327847163016832,0.005526504072503784,Tcp1/Dkc1/Cct4/Cct2/Wrap53/Exosc10,6
GO:0090672,telomerase RNA localization,6/1551,8/10587,0.75,5.119439071566731,4.8288587435444414,2.1020452990059033e-4,0.006327847163016832,0.005526504072503784,Tcp1/Dkc1/Cct4/Cct2/Wrap53/Exosc10,6
GO:0090685,RNA localization to nucleus,6/1551,8/10587,0.75,5.119439071566731,4.8288587435444414,2.1020452990059033e-4,0.006327847163016832,0.005526504072503784,Tcp1/Dkc1/Cct4/Cct2/Wrap53/Exosc10,6
GO:0097292,XMP metabolic process,6/1551,8/10587,0.75,5.119439071566731,4.8288587435444414,2.1020452990059033e-4,0.006327847163016832,0.005526504072503784,Impdh1/Gart/Atic/Pfas/Adsl/Ppat,6
GO:0097293,XMP biosynthetic process,6/1551,8/10587,0.75,5.119439071566731,4.8288587435444414,2.1020452990059033e-4,0.006327847163016832,0.005526504072503784,Impdh1/Gart/Atic/Pfas/Adsl/Ppat,6
GO:0097294,'de novo' XMP biosynthetic process,6/1551,8/10587,0.75,5.119439071566731,4.8288587435444414,2.1020452990059033e-4,0.006327847163016832,0.005526504072503784,Impdh1/Gart/Atic/Pfas/Adsl/Ppat,6
GO:1902624,positive regulation of neutrophil migration,13/1551,31/10587,0.41935483870967744,2.8624820615211832,4.3023623788127825,2.1165106103281832e-4,0.006341619641787062,0.0055385324382419745,Il23a/Cd74/C5ar1/Tlr2/Il1a/Adam8/C1qbp/Ptger4/Dnm1l/Il1b/Edn1/C3ar1/Sell,13
GO:0002700,regulation of production of molecular mediator of immune response,36/1551,136/10587,0.2647058823529412,1.806860848788258,3.9234932129734874,2.143959557974632e-4,0.00639398543522481,0.005584266755654856,Ifnb1/Tnf/Cd74/Cd36/Tlr2/Rsad2/Bst2/Mif/Arg1/Il6/Exosc3/Phb2/Il2rg/Tnfaip3/Ddx21/Ddx1/Il27ra/Litaf/Casp4/Il1b/Nlrp3/Stat6/Il10/Gpi1/Rabgef1/Pycard/Ptprc/Hmox1/Axl/Clec7a/Il4ra/Tlr7/Xbp1/Trex1/Arid5a/Casp1,36
GO:0046434,organophosphate catabolic process,47/1551,193/10587,0.24352331606217617,1.6622703721149317,3.8468597892870964,2.2528751553184726e-4,0.00668770161847317,0.005840787439714558,Pkm/Nme1/Xdh/Slc2a6/Gapdh/Galk1/Acot7/Myc/App/Hif1a/Nt5c/Ucp2/Tpi1/Pde4b/Vcp/Nudt5/Igf1/Pfkl/Aldoa/Ran/Pla2g4a/Abhd12/Apoc2/Pfkp/Gpi1/Adpgk/Gale/Eif6/Prdx6/Pgk1/Plbd1/Mtch2/Nupr1/Acot2/Mlx/Enpp1/Eno2/Trex1/Synj2/Pgam1/Hddc2/Itpa/Hint1/Nt5c3/Pgm1/Entpd7/Idh1,47
GO:0010742,macrophage derived foam cell differentiation,9/1551,17/10587,0.5294117647058824,3.613721697576516,4.468173646885583,2.420238878820916e-4,0.007151415525806319,0.006245777751795912,Lpl/Msr1/Tnf/Cd36/Abcg1/Csf1/Il1b/Soat1/Prkch,9
GO:0015908,fatty acid transport,21/1551,65/10587,0.3230769230769231,2.205296830828746,4.038176311654212,2.4761859082583965e-4,0.0072831669925471736,0.0063608445349756975,Plin2/Fabp5/Cd36/Il1a/Mif/P2ry2/Anxa1/Slc2a1/Ucp2/Fabp3/Got2/Slc25a20/Acsl4/Ptgs2/Fabp4/Il1b/Edn1/Pla2g4a/Thbs1/Acsl5/Abcd4,21
GO:0001959,regulation of cytokine-mediated signaling pathway,34/1551,127/10587,0.2677165354330709,1.8274113221340564,3.886343737382273,2.519173181633701e-4,0.007375770977459037,0.0064417213776934825,Cd74/Mmp12/Ccl5/Il1r2/Csf1/Il1rn/Cd300lf/Arg1/Il6/Isg15/Irf7/Usp18/Ikbke/Zbp1/Hif1a/Ttll12/Cish/Casp4/Oas1a/Cpne1/Edn1/Ecm1/Rabgef1/Pycard/Ptpn2/Ptprc/Ube2k/Axl/Dnaja3/Trex1/Mmp8/Casp1/Rbm47/Anxa4,34
GO:0002221,pattern recognition receptor signaling pathway,60/1551,264/10587,0.22727272727272727,1.5513451732020396,3.7584286432416767,2.5791656433176737e-4,0.007517095502251329,0.00656514891026317,Cd14/Tnf/Hspd1/Cd36/S100a9/Tlr2/Rsad2/Cd300lf/Tnip3/Clec4e/S100a8/Cd274/Ddx56/C1qbp/Irf7/Gusb/Phb2/Tnfaip3/Ppt1/Oasl1/Tmem126a/App/Tlr1/Hsp90b1/Banf1/Hspa8/Sqstm1/Alpk1/Brcc3/Casp4/Ecsit/Mapkapk3/Oas1a/Ifi35/Nlrp3/Mefv/Pik3ap1/Cyba/Gm6377/Map2k3/Gbp2/Pycard/Cpt1a/Slc15a3/Ifih1/Clec7a/Lrrfip2/Tlr7/Rftn1/Mapk11/Nr1h3/Dhx58/Trex1/Xpnpep1/Ipo5/Slc19a1/Ddx41/Tlr13/Dhx33/Casp1,60
GO:0032310,prostaglandin secretion,8/1551,14/10587,0.5714285714285714,3.9005250069079853,4.499095879470122,2.738497115610052e-4,0.007881217407556632,0.006883159307909723,Il1a/Mif/P2ry2/Acsl4/Ptgs2/Il1b/Edn1/Pla2g4a,8
GO:0010744,positive regulation of macrophage derived foam cell differentiation,7/1551,11/10587,0.6363636363636364,4.343766484965712,4.596796675811871,2.740972367256907e-4,0.007881217407556632,0.006883159307909723,Lpl/Msr1/Tnf/Cd36/Csf1/Il1b/Prkch,7
GO:0010755,regulation of plasminogen activation,7/1551,11/10587,0.6363636363636364,4.343766484965712,4.596796675811871,2.740972367256907e-4,0.007881217407556632,0.006883159307909723,Plaur/Plgrkt/Anxa2/Ctsz/Thbs1/Plau/Serpine2,7
GO:0000154,rRNA modification,12/1551,28/10587,0.42857142857142855,2.925393755180989,4.226403061133015,2.90068064552669e-4,0.00830319834782015,0.007251701613816726,Nhp2/Ftsj3/Fbl/Dkc1/Gar1/Mettl16/Nat10/Nop10/Nop2/Emg1/Dimt1/Nsun5,12
GO:0032722,positive regulation of chemokine production,19/1551,57/10587,0.3333333333333333,2.2753062540296582,3.9996451687102126,3.07453263194645e-4,0.008761734771573618,0.007652170106177832,Lpl/Tnf/Cd74/Ccl5/Tlr2/Mif/Postn/P2ry2/Il6/App/Mcoln2/Chil3/Il1b/Oas1a/Adora2b/Pycard/Clec7a/Il4ra/Tlr7,19
GO:0019320,hexose catabolic process,14/1551,36/10587,0.3888888888888889,2.6545239630346016,4.119658656172678,3.142038947689983e-4,0.008914492802030164,0.007785583233214118,Pkm/Ldha/Gapdh/Galk1/Tpi1/Pfkl/Aldoa/Pfkp/Gpi1/Gale/Pgk1/Eno2/Pgam1/Pgm1,14
GO:0009134,nucleoside diphosphate catabolic process,28/1551,99/10587,0.2828282828282828,1.9305628822069827,3.8539024376758744,3.2577654838503964e-4,0.009132787849457969,0.007976233929657614,Pkm/Slc2a6/Gapdh/Galk1/Myc/App/Hif1a/Ucp2/Tpi1/Nudt5/Igf1/Pfkl/Aldoa/Ran/Pfkp/Gpi1/Adpgk/Gale/Eif6/Pgk1/Mtch2/Nupr1/Mlx/Enpp1/Eno2/Trex1/Pgam1/Entpd7,28
GO:0009191,ribonucleoside diphosphate catabolic process,28/1551,99/10587,0.2828282828282828,1.9305628822069827,3.8539024376758744,3.2577654838503964e-4,0.009132787849457969,0.007976233929657614,Pkm/Slc2a6/Gapdh/Galk1/Myc/App/Hif1a/Ucp2/Tpi1/Nudt5/Igf1/Pfkl/Aldoa/Ran/Pfkp/Gpi1/Adpgk/Gale/Eif6/Pgk1/Mtch2/Nupr1/Mlx/Enpp1/Eno2/Trex1/Pgam1/Entpd7,28
GO:0032787,monocarboxylic acid metabolic process,88/1551,424/10587,0.20754716981132076,1.416700120433561,3.6281006285509685,3.261709946234989e-4,0.009132787849457969,0.007976233929657614,Lpl/Fabp5/Pkm/Cd74/Cd36/Gatm/Angptl4/Nme2/Ldha/Mif/Nme1/Slc2a6/Hsd17b12/Trib3/Acot9/Gapdh/Galk1/Shmt2/Acot7/Myc/Anxa1/Dlat/Slc16a1/Naaa/App/Hif1a/Sesn2/Elovl1/Ucp2/Tpi1/Por/Acadl/Fabp3/Dld/Degs1/Mthfd2/Pgd/Errfi1/Igf1/Acsl4/Plaa/Ptgs2/Fabp4/Pfkl/Sgpl1/Aldoa/Ran/Il1b/Edn1/Pla2g4a/Apoc2/Pfkp/Aacs/Gpi1/Adpgk/Acsl5/Scd2/Myo5a/Gale/Eif6/Echs1/Mecr/Tysnd1/Acaa2/Strap/Etfa/Cpt1a/Ndufab1/Lypla2/Pgk1/Abcd4/Mtch2/Nupr1/Acad9/Acot2/Slc45a3/Pdpn/Mlx/Enpp1/Pdzd11/Nr1h3/Eno2/Trex1/Pgam1/Ptges3/Blvra/Idh1/Aig1,88
GO:0019217,regulation of fatty acid metabolic process,24/1551,80/10587,0.3,2.0477756286266926,3.897244496855439,3.280454872065989e-4,0.009145337669429184,0.007987194471117192,Fabp5/Cd74/Angptl4/Nme2/Nme1/Trib3/Anxa1/Acadl/Fabp3/Acsl4/Plaa/Ptgs2/Il1b/Edn1/Pla2g4a/Apoc2/Acsl5/Eif6/Tysnd1/Cpt1a/Pgk1/Slc45a3/Nr1h3/Trex1,24
GO:0009127,purine nucleoside monophosphate biosynthetic process,10/1551,21/10587,0.47619047619047616,3.2504375057566546,4.276663045872641,3.318313761534216e-4,0.009171132689205773,0.008009722872668797,Impdh1/Aprt/Gart/Atic/Pfas/Adsl/Ampd2/Nudt2/Ppat/Adk,10
GO:0045723,positive regulation of fatty acid biosynthetic process,10/1551,21/10587,0.47619047619047616,3.2504375057566546,4.276663045872641,3.318313761534216e-4,0.009171132689205773,0.008009722872668797,Cd74/Anxa1/Plaa/Ptgs2/Il1b/Edn1/Pla2g4a/Apoc2/Slc45a3/Nr1h3,10
GO:0008637,apoptotic mitochondrial changes,29/1551,104/10587,0.27884615384615385,1.9033811932748104,3.8355588839513945,3.3430905493645033e-4,0.009199955623401371,0.008034895740961895,Hspd1/Plaur/Bcl2a1b/Dap3/Lmna/Bcl2a1d/Bcl2a1a/Sod2/Slc35f6/Bcl2l1/Parl/Bax/Dnm1l/Vps35/Fam162a/Bcl2a1c/Igf1/Aifm2/Pmaip1/Atg3/Slc25a4/Acaa2/Pycard/Hgf/Timm50/Mtch2/Siva1/Jtb/Mfn2,29
GO:0009154,purine ribonucleotide catabolic process,31/1551,114/10587,0.2719298245614035,1.8561708914452477,3.8076854537532494,3.446548197981372e-4,0.009444131216007075,0.008248149533630634,Pkm/Xdh/Slc2a6/Gapdh/Galk1/Myc/App/Hif1a/Nt5c/Ucp2/Tpi1/Pde4b/Igf1/Pfkl/Aldoa/Ran/Pfkp/Gpi1/Adpgk/Gale/Eif6/Pgk1/Mtch2/Nupr1/Mlx/Enpp1/Eno2/Trex1/Pgam1/Itpa/Hint1,31
GO:0006189,'de novo' IMP biosynthetic process,5/1551,6/10587,0.8333333333333334,5.688265635074146,4.758917886388194,3.536490341215434e-4,0.009608464435539562,0.00839167199610442,Gart/Atic/Pfas/Adsl/Ppat,5
GO:0044208,'de novo' AMP biosynthetic process,5/1551,6/10587,0.8333333333333334,5.688265635074146,4.758917886388194,3.536490341215434e-4,0.009608464435539562,0.00839167199610442,Gart/Atic/Pfas/Adsl/Ppat,5
GO:0006096,glycolytic process,26/1551,90/10587,0.28888888888888886,1.9719320868257035,3.8362624302954935,3.655569331527077e-4,0.009890088841245408,0.008637632175760182,Pkm/Slc2a6/Gapdh/Galk1/Myc/App/Hif1a/Ucp2/Tpi1/Igf1/Pfkl/Aldoa/Ran/Pfkp/Gpi1/Adpgk/Gale/Eif6/Pgk1/Mtch2/Nupr1/Mlx/Enpp1/Eno2/Trex1/Pgam1,26
GO:1901136,carbohydrate derivative catabolic process,46/1551,192/10587,0.23958333333333334,1.6353763700838169,3.680892713649377,3.8692096808110564e-4,0.010424106081243905,0.009104022778378957,Pkm/Gla/Mmp12/Ctsl/Xdh/Slc2a6/Gapdh/Galk1/Gusb/Myc/Renbp/App/Hif1a/Nt5c/Ucp2/Tpi1/Pde4b/Cd44/Hgsnat/Igf1/Amdhd2/Neu1/Manba/Pfkl/Chil3/Aldoa/Ran/Pfkp/Gpi1/Adpgk/Gale/Eif6/Pgk1/Mtch2/Galns/Nupr1/Mlx/Enpp1/Eno2/Trex1/Pgam1/Itpa/Hint1/Nt5c3/Pgm1/Entpd7,46
GO:0030195,negative regulation of blood coagulation,11/1551,25/10587,0.44,3.0034042553191487,4.1547916225788155,3.9412837893535477e-4,0.010534883579992204,0.009200771685582712,Anxa5/Plaur/Anxa2/Cd9/Pdgfa/Tfpi/Thbs1/Pros1/Plau/Serpine2/Tmx1,11
GO:0072331,signal transduction by p53 class mediator,36/1551,140/10587,0.2571428571428571,1.7552362531085932,3.726788803360276,3.9431878652497335e-4,0.010534883579992204,0.009200771685582712,Rrs1/Ifi204/Mybbp1a/Mdm2/Cd74/Aen/Npm1/Eef1e1/Cdkn1a/Mif/Rps27l/Phlda3/Eif5a/Bop1/Rpf2/Myc/Sesn2/Smyd2/Bax/Cd44/Pak1ip1/Pmaip1/Rrn3/Nop2/Usp10/Pycard/Sp100/Rrp8/Zmpste24/Nupr1/Rpl26/Batf/Znhit1/Eda2r/Hint1/Shisa5,36
GO:0002252,immune effector process,92/1551,450/10587,0.20444444444444446,1.3955211691381904,3.552262073951774,4.108696391297377e-4,0.010931519195435179,0.009547178336624612,Ccl2/Ccl3/Lgals1/Ifnb1/Ctsc/Tnf/Il23a/Hspd1/Il12b/Cd74/Cd36/S100a9/Trem1/Slfn2/Fcgr4/Tlr2/Rsad2/Lgals3/Relb/Clec4d/Bst2/Cadm1/Mif/Clec4e/Arg1/Cd274/Il6/Gpr65/Milr1/Exosc3/C1qbp/Irf7/Jag1/Ptger4/H2-M2/Prdx1/Phb2/Anxa1/Il2rg/Tnfaip3/App/Usp5/Cd5l/Cfb/Ly9/Lat2/Slamf8/Ddx21/Ddx1/Masp1/Hspa8/Il27ra/Litaf/Casp4/Il1b/Ifi35/Psen2/Nlrp3/Ripk3/Stat6/Ywhag/Il10/Gpi1/Sbno2/Adora2b/Cxcl1/Rabgef1/Pycard/Ptk2b/Stx11/Plxna1/Ptprc/Fgl2/Hmox1/Axl/Clec7a/Cd300lb/Sell/Il4ra/Tlr7/Xbp1/Enpp1/Trem3/Rftn1/Batf/Plec/Dhx58/Trex1/Pvr/Entpd7/Arid5a/Casp1,92
GO:0090077,foam cell differentiation,9/1551,18/10587,0.5,3.4129593810444874,4.2447590937497255,4.213381575390076e-4,0.01116372010801701,0.009749973893464638,Lpl/Msr1/Tnf/Cd36/Abcg1/Csf1/Il1b/Soat1/Prkch,9
GO:1905954,positive regulation of lipid localization,22/1551,72/10587,0.3055555555555556,2.085697399527187,3.829606396952759,4.319837121729041e-4,0.011398681326965683,0.009955180198223303,Plin2/Lpl/Msr1/Dab2/Cd36/Il1a/Abcg1/Mif/Spp1/Anxa2/P2ry2/Ehd1/Ikbke/Hilpda/Fabp3/Abca1/Il1b/Edn1/Pla2g4a/Acsl5/Nr1h3/Mfn2,22
GO:0032204,regulation of telomere maintenance,27/1551,96/10587,0.28125,1.9197896518375241,3.7505885618116404,4.556154876993643e-4,0.011972977488230835,0.010456748898018196,Cct3/Gch1/Cct6a/Cct8/Gnl3/Lmna/Cct5/Tcp1/Myc/Dkc1/Gnl3l/Uchl5/Cct4/Cct2/Nat10/Hnrnpa2b1/Cct7/Ruvbl2/Pinx1/Smg5/Slx4/Wrap53/Nvl/Exosc10/Ptges3/Hnrnpa1/Nabp2,27
GO:0071677,positive regulation of mononuclear cell migration,23/1551,77/10587,0.2987012987012987,2.0389107990655377,3.790582888649183,4.641592254150736e-4,0.012048544403748165,0.010522746204146867,Ccl2/Ccl3/Cxcl14/C5ar1/Trem1/Calr/Ccl5/Lgals3/P2rx4/Ccl7/Csf1/Cxcl10/Adam8/C1qbp/P4hb/App/C3ar1/Fpr2/Thbs1/Pycard/Ptk2b/Creb3/Tnfsf14,23
GO:0008630,intrinsic apoptotic signaling pathway in response to DNA damage,28/1551,101/10587,0.27722772277227725,1.8923339142424882,3.7330765190540887,4.6600733189793275e-4,0.012048544403748165,0.010522746204146867,Ifi204/Tnf/Cd74/Aen/Bcl2a1b/Cdkn1a/Mif/Rps27l/Phlda3/Bcl2a1d/Bcl2a1a/Sod2/Myc/Bcl2l1/Ikbke/Bax/Cd44/Bcl2a1c/Pmaip1/Ercc6/Crip1/Pycard/Hmox1/Mtch2/Nupr1/Rpl26/Fnip2/Shisa5,28
GO:0009135,purine nucleoside diphosphate metabolic process,28/1551,101/10587,0.27722772277227725,1.8923339142424882,3.7330765190540887,4.6600733189793275e-4,0.012048544403748165,0.010522746204146867,Pkm/Slc2a6/Gapdh/Galk1/Myc/App/Hif1a/Ucp2/Tpi1/Igf1/Guk1/Pfkl/Aldoa/Ran/Pfkp/Gpi1/Adpgk/Gale/Eif6/Pgk1/Mtch2/Nupr1/Mlx/Enpp1/Eno2/Trex1/Pgam1/Ak2,28
GO:0009179,purine ribonucleoside diphosphate metabolic process,28/1551,101/10587,0.27722772277227725,1.8923339142424882,3.7330765190540887,4.6600733189793275e-4,0.012048544403748165,0.010522746204146867,Pkm/Slc2a6/Gapdh/Galk1/Myc/App/Hif1a/Ucp2/Tpi1/Igf1/Guk1/Pfkl/Aldoa/Ran/Pfkp/Gpi1/Adpgk/Gale/Eif6/Pgk1/Mtch2/Nupr1/Mlx/Enpp1/Eno2/Trex1/Pgam1/Ak2,28
GO:0050727,regulation of inflammatory response,62/1551,281/10587,0.2206405693950178,1.5060746023114464,3.5621021211347426,4.766099736707967e-4,0.012273185346092966,0.01071893916689342,Lpl/Ccl3/Lgals1/Ifnb1/Ctsc/Tnf/Il12b/S100a9/Osm/Ccl5/Tlr2/Hspa4/Ccl7/Psma6/Pmp22/S100a8/Il6/Socs3/Adam8/Ptger4/Usp18/Anxa1/Tnfaip3/App/Zbp1/Slamf8/Cd44/Vps35/Igf1/Casp4/Ptgs2/Ctla2a/Fabp4/Il1b/Ifi35/Nlrp3/Mefv/Abhd12/Prmt2/Cst7/Il10/Sbno2/Pik3ap1/Fpr2/Adora2b/Tnfaip6/Rabgef1/Gbp2/Psmb4/Pycard/Hgf/Ptpn2/Nupr1/Bst1/Kcnn4/Tlr7/Scgb1a1/Nr1h3/Trex1/Ttc1/Mmp8/Casp1,62
GO:0048525,negative regulation of viral process,19/1551,59/10587,0.3220338983050847,2.198177228469331,3.8234715394088696,5.042132785832042e-4,0.012932062169102022,0.011294377440263776,Ifnb1/Tnf/Ifitm3/Ccl5/Rsad2/Bst2/Ifitm2/Isg15/Ifitm1/Oasl1/Ch25h/Banf1/Ifit1/Oasl2/Oas1a/Sp100/Ifih1/Csnk2b/Stat1,19
GO:0044283,small molecule biosynthetic process,86/1551,418/10587,0.20574162679425836,1.4043756304776358,3.494762966992668,0.00050934042750303075,0.01296602565117672,0.011324039870023336,Lpl/Plek/Fabp5/Dab2/Tnf/Cd74/Psat1/Gatm/Angptl4/Got1/Nme2/Ldha/Gch1/Slc39a14/Aprt/Abcg1/Mif/Nme1/Spp1/Il6/Hsd17b12/Trib3/Asns/Gapdh/Shmt2/Acot7/Gsto1/Nln/Anxa1/Gpt2/Mtrr/Hif1a/Sesn2/Elovl1/Mtap/Mdh2/Tpi1/Bcat2/Acadl/Mthfd1/Got2/Degs1/Mthfd2/Slc19a2/Pgd/Errfi1/Sardh/Acsl4/Plaa/Pdss1/Ptgs2/Aldoa/Il1b/Edn1/Pla2g4a/Apoc2/Gpi1/Slc25a13/Aldh18a1/Scd2/Myo5a/Atf3/Pgm2/Eif6/Mecr/Spr/Coq4/Ptpn2/Ndufab1/Pgk1/Coq7/Cad/Dgkq/Slc45a3/Coq3/Nans/Nr1h3/Coq9/Eno2/Coq5/Pgam1/Pdxk/Prps1/Adk/Ptges3/Ddb1,86
GO:0035234,ectopic germ cell programmed cell death,8/1551,15/10587,0.5333333333333333,3.640490006447453,4.2397018150438255,5.116039441278399e-4,0.01296602565117672,0.011324039870023336,Il1a/Bcl2l1/Ybx3/Bax/Casp4/Il1b/Insl6/Ddb1,8
GO:0051702,biological process involved in interaction with symbiont,8/1551,15/10587,0.5333333333333333,3.640490006447453,4.2397018150438255,5.116039441278399e-4,0.01296602565117672,0.011324039870023336,Hspd1/Trem1/Fn1/Arg1/Gapdh/Cxcl1/Trem3/Ddb1,8
GO:0009218,pyrimidine ribonucleotide metabolic process,10/1551,22/10587,0.45454545454545453,3.102690346404079,4.090116168842885,5.289624769881579e-4,0.013353178749795545,0.011662164846983007,Nme2/Nme1/Uck2/Nt5c/Nme6/Dhodh/Cad/Nme4/Nt5c3/Entpd7,10
GO:0062012,regulation of small molecule metabolic process,58/1551,260/10587,0.2230769230769231,1.5227049546198483,3.5354112112847247,5.359019954807728e-4,0.013475308215775353,0.011768828136048343,Plek/Fabp5/Dab2/Tnf/Cd74/Cd36/Angptl4/Nme2/Tspo/Abcg1/Nme1/Slc2a6/Il6/Trib3/Myc/Nln/Bcl2l1/Anxa1/App/Hif1a/Sesn2/Ch25h/Slc7a11/Dnm1l/Acadl/Fabp3/Fh1/Vcp/Igf1/Amdhd2/Acsl4/Plaa/Ptgs2/Pmaip1/Il1b/Edn1/Pla2g4a/Apoc2/Gpi1/Adora2b/Acsl5/Eif6/Fdx1/Tysnd1/Ptpn2/Cpt1a/Gmppa/Pgk1/Mtch2/Zmpste24/Nupr1/Dgkq/Slc45a3/Mlx/Nr1h3/Trex1/Ndufc2/Ddb1,58
GO:0046051,UTP metabolic process,6/1551,9/10587,0.6666666666666666,4.5506125080593165,4.414753755334878,5.521517811037505e-4,0.013828120527626503,0.01207696115949913,Nme2/Nme1/Nme6/Cad/Nme4/Entpd7,6
GO:0050921,positive regulation of chemotaxis,28/1551,102/10587,0.27450980392156865,1.873781620965601,3.6736900047864673,5.542462532127279e-4,0.013828120527626503,0.01207696115949913,Ccl2/Ccl3/Cxcl14/Il23a/Cd74/C5ar1/Trem1/Calr/Fn1/Ccl5/P2rx4/Ccl7/Csf1/Cxcl10/C1qbp/App/F3/Dnm1l/Hspb1/Il1b/Edn1/C3ar1/Fpr2/Thbs1/Ptk2b/Sell/Creb3/Tnfsf14,28
GO:0060760,positive regulation of response to cytokine stimulus,18/1551,55/10587,0.32727272727272727,2.233937049410937,3.801041895016153,5.650892373463979e-4,0.014044000735911255,0.012265502826123365,Cd74/Mmp12/Tlr2/Csf1/Cd300lf/Irf7/Ikbke/Zbp1/Hif1a/Casp4/Cpne1/Edn1/Ifih1/Ube2k/Axl/Mmp8/Casp1/Rbm47,18
GO:0070542,response to fatty acid,15/1551,42/10587,0.35714285714285715,2.437828129317491,3.868049841867018,5.684895160986442e-4,0.01407395666882049,0.01229166521294366,Lpl/Ccl2/Cd36/Tlr2/Bola3/Ucp2/Fabp3/Edn1/Aacs/Cdk4/Scd2/Cpt1a/Hmox1/Ppp5c/Alad,15
GO:0009208,pyrimidine ribonucleoside triphosphate metabolic process,7/1551,12/10587,0.5833333333333334,3.981785944551902,4.281644750161039,5.746148833718834e-4,0.01411659246046175,0.012328901712193668,Nme2/Nme1/Uck2/Nme6/Cad/Nme4/Entpd7,7
GO:0032306,regulation of prostaglandin secretion,7/1551,12/10587,0.5833333333333334,3.981785944551902,4.281644750161039,5.746148833718834e-4,0.01411659246046175,0.012328901712193668,Il1a/Mif/P2ry2/Acsl4/Il1b/Edn1/Pla2g4a,7
GO:0006007,glucose catabolic process,11/1551,26/10587,0.4230769230769231,2.8878887070376433,3.992953695451658,5.934334899390113e-4,0.014358851084863927,0.01254048129682439,Pkm/Ldha/Gapdh/Tpi1/Pfkl/Aldoa/Pfkp/Gpi1/Pgk1/Eno2/Pgam1,11
GO:0006953,acute-phase response,11/1551,26/10587,0.4230769230769231,2.8878887070376433,3.992953695451658,5.934334899390113e-4,0.014358851084863927,0.01254048129682439,Tnf/Saa3/Fn1/Ccl5/Il1a/Hp/Il1rn/Il6/Lcn2/Ptgs2/Il1b,11
GO:0050819,negative regulation of coagulation,11/1551,26/10587,0.4230769230769231,2.8878887070376433,3.992953695451658,5.934334899390113e-4,0.014358851084863927,0.01254048129682439,Anxa5/Plaur/Anxa2/Cd9/Pdgfa/Tfpi/Thbs1/Pros1/Plau/Serpine2/Tmx1,11
GO:1900047,negative regulation of hemostasis,11/1551,26/10587,0.4230769230769231,2.8878887070376433,3.992953695451658,5.934334899390113e-4,0.014358851084863927,0.01254048129682439,Anxa5/Plaur/Anxa2/Cd9/Pdgfa/Tfpi/Thbs1/Pros1/Plau/Serpine2/Tmx1,11
GO:0002367,cytokine production involved in immune response,25/1551,88/10587,0.2840909090909091,1.93918146650255,3.665224784137096,6.195656703931143e-4,0.014746261708387533,0.01287883118636466,Ifnb1/Tnf/Cd74/Cd36/Tlr2/Rsad2/Bst2/Mif/Arg1/Il6/Ddx21/Ddx1/Litaf/Casp4/Il1b/Nlrp3/Il10/Rabgef1/Pycard/Hmox1/Axl/Clec7a/Tlr7/Arid5a/Casp1,25
GO:0002718,regulation of cytokine production involved in immune response,25/1551,88/10587,0.2840909090909091,1.93918146650255,3.665224784137096,6.195656703931143e-4,0.014746261708387533,0.01287883118636466,Ifnb1/Tnf/Cd74/Cd36/Tlr2/Rsad2/Bst2/Mif/Arg1/Il6/Ddx21/Ddx1/Litaf/Casp4/Il1b/Nlrp3/Il10/Rabgef1/Pycard/Hmox1/Axl/Clec7a/Tlr7/Arid5a/Casp1,25
GO:0032733,positive regulation of interleukin-10 production,13/1551,34/10587,0.38235294117647056,2.6099101149163726,3.895263586865533,6.209436464854389e-4,0.014746261708387533,0.01287883118636466,Il23a/Hspd1/Il12b/Tlr2/Cd274/Il6/Isg15/Ptger4/Cd83/Pycard/Hgf/Clec7a/Rbm47,13
GO:0042092,type 2 immune response,13/1551,34/10587,0.38235294117647056,2.6099101149163726,3.895263586865533,6.209436464854389e-4,0.014746261708387533,0.01287883118636466,Ifnb1/Cd74/Rsad2/Arg1/Il6/Anxa1/Il27ra/Ecm1/Arg2/Nlrp3/Stat6/Il4ra/Batf,13
GO:0045047,protein targeting to ER,13/1551,34/10587,0.38235294117647056,2.6099101149163726,3.895263586865533,6.209436464854389e-4,0.014746261708387533,0.01287883118636466,Hspa5/Spcs2/Get4/Sec61a1/Sec61b/Spcs3/Herpud1/Srp72/Spcs1/Ssr3/Srp19/Tram1/Sec61g,13
GO:0009166,nucleotide catabolic process,34/1551,133/10587,0.2556390977443609,1.7449717136167302,3.5818557207199655,6.327687013015385e-4,0.014957717721531124,0.013063508927101418,Pkm/Xdh/Slc2a6/Gapdh/Galk1/Myc/App/Hif1a/Nt5c/Ucp2/Tpi1/Pde4b/Vcp/Igf1/Pfkl/Aldoa/Ran/Pfkp/Gpi1/Adpgk/Gale/Eif6/Pgk1/Mtch2/Nupr1/Mlx/Enpp1/Eno2/Trex1/Pgam1/Itpa/Hint1/Nt5c3/Entpd7,34
GO:0071396,cellular response to lipid,85/1551,415/10587,0.20481927710843373,1.3980797464519585,3.4274780900997177,6.34513290744926e-4,0.014957717721531124,0.013063508927101418,Lpl/Ccl2/Cd14/Cxcl16/Ifnb1/Dab2/Tnf/Il12b/Ncl/Cd36/Cxcl2/Glrx/Calr/Fcgr4/Gch1/Il1a/Tspo/Pdia3/Mif/Spp1/Sgk1/Vim/Tnip3/Cd274/Il6/Lcn2/Adam15/Cxcl10/Ptger4/Ddx18/Phb2/Anxa1/Tnfaip3/Nfkbib/Pde4b/Dnm1l/Eif4ebp1/Sgms1/Litaf/Ptk7/Ufm1/Tfpi/Errfi1/Igf1/Plaa/Abca1/Ran/Il1b/Edn1/Nlrp3/Fkbp4/Prmt2/Il10/Sbno2/Cdk4/Adam9/Actr3/Cyba/Map2k3/Rwdd1/Gbp2/Ruvbl2/Fdx1/Pycard/Cpt1a/Trerf1/Ptk2b/Eif4e/Axl/Dgkq/Cd300lb/Xpo1/Xbp1/Nr1h3/Uba5/Cd68/Mmp8/Ptges3/Ppp5c/Stat1/Cxcl3/Arid5a/Pim1/Trib1/Casp1,85
GO:0032602,chemokine production,22/1551,74/10587,0.2972972972972973,2.0293271995399658,3.6812025080591457,6.568202128884603e-4,0.01531465892742112,0.013375247971546827,Lpl/Tnf/Cd74/Ccl5/Tlr2/Mif/Postn/P2ry2/Il6/App/Mcoln2/Chil3/Il1b/Oas1a/Arg2/Mefv/Adora2b/Pycard/Clec7a/Kcnn4/Il4ra/Tlr7,22
GO:0032642,regulation of chemokine production,22/1551,74/10587,0.2972972972972973,2.0293271995399658,3.6812025080591457,6.568202128884603e-4,0.01531465892742112,0.013375247971546827,Lpl/Tnf/Cd74/Ccl5/Tlr2/Mif/Postn/P2ry2/Il6/App/Mcoln2/Chil3/Il1b/Oas1a/Arg2/Mefv/Adora2b/Pycard/Clec7a/Kcnn4/Il4ra/Tlr7,22
GO:0150076,neuroinflammatory response,22/1551,74/10587,0.2972972972972973,2.0293271995399658,3.6812025080591457,6.568202128884603e-4,0.01531465892742112,0.013375247971546827,Ifnb1/Ctsc/Tnf/C5ar1/Ccl5/Tlr2/Hspa4/App/Tlr1/Igf1/Ptgs2/Il1b/Psen2/Cst7/Fpr2/Myo5a/Nupr1/Kcnn4/Ttc1/Mmp8/Nampt/Casp1,22
GO:0006888,endoplasmic reticulum to Golgi vesicle-mediated transport,30/1551,113/10587,0.26548672566371684,1.8121908217935332,3.596041930000016,6.605454774199111e-4,0.015345715946436486,0.013402372005621386,Tmed9/P4hb/Scfd1/Sec24d/Lman1/Hyou1/Copg1/Vcp/Bcap29/Copa/Sec13/Yif1a/Surf4/Copb1/Lman2/Yipf6/Tmed5/Arcn1/Rabggtb/Rint1/Preb/Tfg/Copb2/Trappc4/Pdcd6/Sec31a/Cnih4/Sec23b/Cope/Sar1b,30
GO:0140888,interferon-mediated signaling pathway,23/1551,79/10587,0.2911392405063291,1.9872928041524862,3.6490785987671774,6.928458498803042e-4,0.016018804317964194,0.013990222111759123,Ifnb1/Ifitm3/Mmp12/Ifitm2/Arg1/Isg15/Irf7/Ifitm1/Usp18/Oasl1/Ikbke/Zbp1/Ttll12/Oasl2/Oas1a/Ptpn2/Ifih1/Ube2k/Dnaja3/Trex1/Ddb1/Stat1/Rbm47,23
GO:0046184,aldehyde biosynthetic process,9/1551,19/10587,0.47368421052631576,3.2333299399368824,4.0366121110209,6.970128516394277e-4,0.016018804317964194,0.013990222111759123,Dab2/Gapdh/Mdh2/Tpi1/Aldoa/Pgk1/Tkt/Pgam1/Pdxk,9
GO:1901623,regulation of lymphocyte chemotaxis,9/1551,19/10587,0.47368421052631576,3.2333299399368824,4.0366121110209,6.970128516394277e-4,0.016018804317964194,0.013990222111759123,Ccl2/Ccl3/Cxcl14/Ccl5/Ccl7/Cxcl10/Slc8b1/Ptk2b/Tnfsf14,9
GO:0010608,post-transcriptional regulation of gene expression,88/1551,434/10587,0.20276497695852536,1.3840572605157369,3.38475613461145,7.165768386364155e-4,0.016409609604773914,0.014331536772728309,Pkm/Tnf/Ncl/S100a9/Pa2g4/Slfn2/Nolc1/Calr/Npm1/Nsun2/Eif2s1/Gcnt2/Rps27l/Vim/Prmt1/Il6/Smyd5/Eif5a/C1qbp/Gapdh/Mettl1/Tbrg4/Shmt2/Ifrd2/Serbp1/App/Ikbke/Sesn2/Usp5/Apobec1/Wdr4/Dkc1/Ptcd3/Rpl38/Fus/Abcf1/Mettl16/Pus7/Trap1/Eif4ebp1/Sh3bgrl/Abce1/Rnh1/Metap2/Igf1/Rraga/Eif4g1/Mrps27/Gemin5/Bzw2/Nat10/Ssb/Alkbh1/Tcof1/Ddx49/Fastk/Ywhag/Etf1/Caprin1/Pnpt1/Thbs1/Cdk4/Prkch/Eif6/Eif5b/Paip1/Fastkd2/Ptk2b/Eif4e/Ncbp1/Rbm8a/Zmpste24/Eif4g2/Xbp1/Scgb1a1/Limd1/Eif2b5/Cnbp/Eif5/Dhx29/Rheb/Aco1/Ngdn/Bzw1/Arid5a/Nsun5/Uqcc2/Rbm47,88
GO:0006403,RNA localization,38/1551,155/10587,0.24516129032258063,1.6734510513508454,3.499224671695032,7.533323593429217e-4,0.017189918463013574,0.015013029225339366,Nsun2/Nop58/Tcp1/Mettl1/Fbl/Dkc1/Nup93/Mrpl18/Tomm20/Cct4/Cct2/Sec13/Ran/Srsf7/Thoc1/Ssb/Hnrnpa2b1/Caprin1/Pnpt1/Znhit6/Rae1/Nup50/Thoc5/Eif4e/Ncbp1/Rbm8a/Xpo1/Wrap53/Rftn1/Nup160/Thoc7/Exosc10/Seh1l/Magohb/Hnrnpa1/Nup43/Nxf1/Nol6,38
GO:0019364,pyridine nucleotide catabolic process,26/1551,94/10587,0.2765957446808511,1.888020083130993,3.5827838732559902,7.599320058723911e-4,0.01721796474082605,0.015037523791114454,Pkm/Slc2a6/Gapdh/Galk1/Myc/App/Hif1a/Ucp2/Tpi1/Igf1/Pfkl/Aldoa/Ran/Pfkp/Gpi1/Adpgk/Gale/Eif6/Pgk1/Mtch2/Nupr1/Mlx/Enpp1/Eno2/Trex1/Pgam1,26
GO:0046032,ADP catabolic process,26/1551,94/10587,0.2765957446808511,1.888020083130993,3.5827838732559902,7.599320058723911e-4,0.01721796474082605,0.015037523791114454,Pkm/Slc2a6/Gapdh/Galk1/Myc/App/Hif1a/Ucp2/Tpi1/Igf1/Pfkl/Aldoa/Ran/Pfkp/Gpi1/Adpgk/Gale/Eif6/Pgk1/Mtch2/Nupr1/Mlx/Enpp1/Eno2/Trex1/Pgam1,26
GO:0046031,ADP metabolic process,27/1551,99/10587,0.2727272727272727,1.8616142078424476,3.5683532616999316,7.703125974092091e-4,0.017391705544323413,0.015189262484125252,Pkm/Slc2a6/Gapdh/Galk1/Myc/App/Hif1a/Ucp2/Tpi1/Igf1/Pfkl/Aldoa/Ran/Pfkp/Gpi1/Adpgk/Gale/Eif6/Pgk1/Mtch2/Nupr1/Mlx/Enpp1/Eno2/Trex1/Pgam1/Ak2,27
GO:0006090,pyruvate metabolic process,30/1551,114/10587,0.2631578947368421,1.7962944110760457,3.541394219606181,7.733635694276942e-4,0.017399323533931144,0.015195915750158202,Pkm/Ldha/Slc2a6/Gapdh/Galk1/Myc/Dlat/Slc16a1/App/Hif1a/Ucp2/Tpi1/Dld/Igf1/Pfkl/Aldoa/Ran/Pfkp/Gpi1/Adpgk/Gale/Eif6/Pgk1/Mtch2/Nupr1/Mlx/Enpp1/Eno2/Trex1/Pgam1,30
GO:0098869,cellular oxidant detoxification,17/1551,52/10587,0.3269230769230769,2.2315503645290877,3.688249664365097,8.086210923521946e-4,0.01799581878760347,0.015716872303583818,Cd36/S100a9/Gch1/Hp/S100a8/Sod2/Gsto1/Prdx1/Sesn2/Txnrd1/Srxn1/Ptgs2/Gsr/Txndc17/Prdx6/Nfe2l2/Txn1,17
GO:0016032,viral process,50/1551,220/10587,0.22727272727272727,1.5513451732020396,3.423671602497301,8.128385462514259e-4,0.01799581878760347,0.015716872303583818,Lgals1/Ifnb1/Tnf/Cd74/Ifitm3/Ctsb/Ccl5/Rsad2/Bst2/Ifitm2/Cd300lf/Ddx56/Isg15/Ifitm1/P4hb/Oasl1/Ppid/Eif3l/Ch25h/Eif3d/Banf1/Eif3g/Ifit1/Cd300ld/Denr/Vcp/Spcs3/Mdfic/Oasl2/Oas1a/Atg7/Ssb/Tpcn2/Ccl8/Spcs1/Sp100/Kpna6/Ifih1/Axl/Siva1/Slc7a1/Hsp90ab1/Pvr/Ptbp1/Csnk2b/Slc3a2/Ddb1/Atg16l2/Stat1/Mcts1,50
GO:0015909,long-chain fatty acid transport,14/1551,39/10587,0.358974358974359,2.45032981203194,3.7592200616519835,8.12886012954884e-4,0.01799581878760347,0.015716872303583818,Plin2/Fabp5/Cd36/Mif/Anxa1/Slc2a1/Ucp2/Fabp3/Slc25a20/Fabp4/Pla2g4a/Thbs1/Acsl5/Abcd4,14
GO:0006120,"mitochondrial electron transport, NADH to ubiquinone",10/1551,23/10587,0.43478260869565216,2.967790766125641,3.9139238587152856,8.139094585784476e-4,0.01799581878760347,0.015716872303583818,Ndufb6/Ndufs1/Dld/Ndufb9/Ndufa10/Ndufv2/Dnajc15/Ndufb8/Coq9/Ndufc2,10
GO:0035036,sperm-egg recognition,10/1551,23/10587,0.43478260869565216,2.967790766125641,3.9139238587152856,8.139094585784476e-4,0.01799581878760347,0.015716872303583818,Cct3/Cct6a/Cct8/Cd9/Cct5/Tcp1/Cct4/Cct2/Aldoa/Cct7,10
GO:0006399,tRNA metabolic process,39/1551,161/10587,0.2422360248447205,1.653483426841429,3.4615641797341032,8.290206500324863e-4,0.0182669429828464,0.015953661993752314,Slfn2/Nsun2/Farsb/Exosc3/Mettl1/Farsa/Wdr4/Elp5/Rars2/Ddx1/Pus7/Rpp40/Polr3d/Rnh1/Pus1/Kti12/Nat10/Ssb/Alkbh1/Trnt1/Adat1/Trmt61a/Tsen54/Rpp30/Thumpd1/Rpp38/Dus4l/Iars2/Ctu2/Yars2/Dus1l/Polr2f/Tars2/Mettl2/Nars2/Trmt6/Elac2/Exosc10/Exosc9,39
GO:0032609,type II interferon production,23/1551,80/10587,0.2875,1.9624516441005802,3.5798784310117333,8.400459962223228e-4,0.018383532176715133,0.016055486617218458,Cd14/Ifnb1/Tnf/Il23a/Hspd1/Il12b/Cd274/Tnfsf9/Isg15/C1qbp/App/Pde4b/Il27ra/Il1b/Ripk3/Il10/Pycard/Axl/Clec7a/Tlr7/Scgb1a1/Uba5/Arid5a,23
GO:0032649,regulation of type II interferon production,23/1551,80/10587,0.2875,1.9624516441005802,3.5798784310117333,8.400459962223228e-4,0.018383532176715133,0.016055486617218458,Cd14/Ifnb1/Tnf/Il23a/Hspd1/Il12b/Cd274/Tnfsf9/Isg15/C1qbp/App/Pde4b/Il27ra/Il1b/Ripk3/Il10/Pycard/Axl/Clec7a/Tlr7/Scgb1a1/Uba5/Arid5a,23
GO:0090022,regulation of neutrophil chemotaxis,11/1551,27/10587,0.4074074074074074,2.7809298660362485,3.838667295614791,8.700776084260389e-4,0.018975978317101228,0.016572906827162646,Il23a/Cd74/C5ar1/C1qbp/Dnm1l/Il1b/Edn1/C3ar1/Tnfaip6/Bst1/Sell,11
GO:0050729,positive regulation of inflammatory response,32/1551,125/10587,0.256,1.7474352030947775,3.4826106990105705,8.77902560721418e-4,0.019008693503209575,0.016601479042104437,Lpl/Ccl3/Lgals1/Ctsc/Tnf/S100a9/Osm/Ccl5/Tlr2/Ccl7/S100a8/Il6/Adam8/Ptger4/App/Zbp1/Casp4/Ptgs2/Fabp4/Il1b/Ifi35/Nlrp3/Mefv/Adora2b/Gbp2/Pycard/Nupr1/Kcnn4/Tlr7/Ttc1/Mmp8/Casp1,32
GO:0006099,tricarboxylic acid cycle,12/1551,31/10587,0.3870967741935484,2.6422911337118613,3.7937179287347145,8.797829703874668e-4,0.019008693503209575,0.016601479042104437,Dlat/Mdh2/Dld/Fh1/Idh3a/Sdhb/Aco2/Suclg1/Ndufs4/Cs/Aco1/Idh1,12
GO:0010743,regulation of macrophage derived foam cell differentiation,8/1551,16/10587,0.5,3.4129593810444874,4.001618652360915,8.923294985131134e-4,0.019008693503209575,0.016601479042104437,Lpl/Msr1/Tnf/Cd36/Abcg1/Csf1/Il1b/Prkch,8
GO:0010955,negative regulation of protein processing,8/1551,16/10587,0.5,3.4129593810444874,4.001618652360915,8.923294985131134e-4,0.019008693503209575,0.016601479042104437,Mdm2/Chac1/Il1r2/Ctsz/Ctla2a/Thbs1/Plau/Serpine2,8
GO:0015732,prostaglandin transport,8/1551,16/10587,0.5,3.4129593810444874,4.001618652360915,8.923294985131134e-4,0.019008693503209575,0.016601479042104437,Il1a/Mif/P2ry2/Acsl4/Ptgs2/Il1b/Edn1/Pla2g4a,8
GO:1903318,negative regulation of protein maturation,8/1551,16/10587,0.5,3.4129593810444874,4.001618652360915,8.923294985131134e-4,0.019008693503209575,0.016601479042104437,Mdm2/Chac1/Il1r2/Ctsz/Ctla2a/Thbs1/Plau/Serpine2,8
GO:2000193,positive regulation of fatty acid transport,8/1551,16/10587,0.5,3.4129593810444874,4.001618652360915,8.923294985131134e-4,0.019008693503209575,0.016601479042104437,Il1a/Mif/P2ry2/Fabp3/Il1b/Edn1/Pla2g4a/Acsl5,8
GO:0051205,protein insertion into membrane,16/1551,48/10587,0.3333333333333333,2.2753062540296582,3.668758615710376,9.008779547020223e-4,0.019052301163224494,0.016639564334693883,Tomm40/Nomo1/Rtp4/Tmem126a/Emc4/Get4/Bax/Sec61a1/Ncln/Timm13/Emc7/Emc6/Samm50/Mtch2/Cox18/Tram1,16
GO:0009137,purine nucleoside diphosphate catabolic process,26/1551,95/10587,0.2736842105263158,1.868146187519088,3.52135051340263,9.032906353119536e-4,0.019052301163224494,0.016639564334693883,Pkm/Slc2a6/Gapdh/Galk1/Myc/App/Hif1a/Ucp2/Tpi1/Igf1/Pfkl/Aldoa/Ran/Pfkp/Gpi1/Adpgk/Gale/Eif6/Pgk1/Mtch2/Nupr1/Mlx/Enpp1/Eno2/Trex1/Pgam1,26
GO:0009181,purine ribonucleoside diphosphate catabolic process,26/1551,95/10587,0.2736842105263158,1.868146187519088,3.52135051340263,9.032906353119536e-4,0.019052301163224494,0.016639564334693883,Pkm/Slc2a6/Gapdh/Galk1/Myc/App/Hif1a/Ucp2/Tpi1/Igf1/Pfkl/Aldoa/Ran/Pfkp/Gpi1/Adpgk/Gale/Eif6/Pgk1/Mtch2/Nupr1/Mlx/Enpp1/Eno2/Trex1/Pgam1,26
GO:0006879,intracellular iron ion homeostasis,18/1551,57/10587,0.3157894736842105,2.155553293291255,3.624073144858945,9.110750910933462e-4,0.019153486833083724,0.01672793609876308,Bola2/Slc39a14/Lcn2/Atp6v1a/Slc11a2/Myc/Hif1a/Atp6v0d1/Cisd1/Glrx3/Mecr/Fth1/Hmox1/Ftl1/Frrs1/Atp6v1g1/Aco1/Ccdc115,18
GO:0042180,ketone metabolic process,36/1551,146/10587,0.2465753424657534,1.6831032564055004,3.4433048023101236,9.155805332102932e-4,0.019185301891975166,0.016755722176397522,Fabp5/Dab2/Cd74/Angptl4/Nme2/Nme1/Trib3/Anxa1/Tpi1/Acadl/Fabp3/Acsl4/Plaa/Pdss1/Aifm2/Ptgs2/Aldoa/Il1b/Edn1/Pla2g4a/Apoc2/Acsl5/Eif6/Tysnd1/Coq4/Cpt1a/Pgk1/Coq7/Dgkq/Slc45a3/Coq3/Nr1h3/Coq9/Trex1/Coq5/Afp,36
GO:0046209,nitric oxide metabolic process,21/1551,71/10587,0.29577464788732394,2.0189337183643445,3.5688932044477597,9.295609936727804e-4,0.019414804858077745,0.016956161448102837,Tnf/Cd36/Gla/Tlr2/P2rx4/Tspo/Il6/Tmem106a/Sod2/App/Por/Igf1/Hsp90aa1/Ptgs2/Slc7a6/Il1b/Il10/Spr/Ptk2b/Clec7a/Hsp90ab1,21
GO:0034976,response to endoplasmic reticulum stress,53/1551,238/10587,0.22268907563025211,1.5200575394567886,3.361819674861184,9.512683802199678e-4,0.019803678097306602,0.017295788731272143,Pdia6/Chac1/Atad3a/Calr/Hspa5/Pdia3/Eif2s1/Manf/Psmc6/Pmp22/Usp14/Pdia4/Sdf2l1/Trib3/P4hb/Bcl2l1/App/Sesn2/Cops5/Erp44/Hsp90b1/Get4/Bax/Dnm1l/Hyou1/Sec61b/Gorasp2/Ufm1/Vcp/Eif4g1/Pmaip1/Ubxn4/Sel1l/Thbs1/Herpud1/Atf3/Nfe2l2/Ptpn2/Ube2k/Rnf121/Nupr1/Xbp1/H13/Nr1h3/Tmx1/Tnfrsf10b/Uba5/Atf6/Eif2b5/Creb3/Stub1/Creb3l1/Calr3,53
GO:0072332,intrinsic apoptotic signaling pathway by p53 class mediator,22/1551,76/10587,0.2894736842105263,1.9759238521836506,3.5374022137048966,9.767809985487808e-4,0.020268995995775994,0.01770217990897467,Ifi204/Mybbp1a/Mdm2/Cd74/Aen/Cdkn1a/Mif/Rps27l/Phlda3/Eif5a/Myc/Bax/Cd44/Pmaip1/Rrn3/Pycard/Rrp8/Nupr1/Rpl26/Eda2r/Hint1/Shisa5,22
GO:0035458,cellular response to interferon-beta,15/1551,44/10587,0.3409090909090909,2.3270177598030592,3.654304248002443,9.94306408090353e-4,0.020499976490917508,0.01790390959905459,Ifi204/Ifnb1/Ifitm2/Ifi205/Calm1/Cdc34/Ifit1/Oas1a/Ifit3/Pnpt1/Gbp2/Ube2k/Trex1/Stat1/Ddx41,15
GO:0098586,cellular response to virus,15/1551,44/10587,0.3409090909090909,2.3270177598030592,3.654304248002443,9.94306408090353e-4,0.020499976490917508,0.01790390959905459,Ifnb1/Mmp12/Calr/Ccl5/Il6/Cxcl10/Eif5a/Ikbke/Hif1a/Bax/Hsp90aa1/Nlrp3/Ifih1/Tlr7/Mapk11,15
GO:0098754,detoxification,23/1551,81/10587,0.2839506172839506,1.9382238460252645,3.5116725324406945,0.0010135539845263415,0.020829833810201606,0.018191994594062542,Cd36/S100a9/Gch1/Hp/S100a8/Mt2/Sod2/Mt1/Gsto1/Prdx1/Sesn2/Txnrd1/Srxn1/Abcb1b/Aifm2/Ptgs2/Gsr/Txndc17/Prdx6/Nfe2l2/Esd/Txn1/Pim1,23
GO:0006195,purine nucleotide catabolic process,31/1551,121/10587,0.256198347107438,1.7487891043368446,3.4319864846494537,0.0010343704735403664,0.02118972356658412,0.018506308791776522,Pkm/Xdh/Slc2a6/Gapdh/Galk1/Myc/App/Hif1a/Nt5c/Ucp2/Tpi1/Pde4b/Igf1/Pfkl/Aldoa/Ran/Pfkp/Gpi1/Adpgk/Gale/Eif6/Pgk1/Mtch2/Nupr1/Mlx/Enpp1/Eno2/Trex1/Pgam1/Itpa/Hint1,31
GO:0006228,UTP biosynthetic process,5/1551,7/10587,0.7142857142857143,4.875656258634982,4.24947393960203,0.0010876608616789457,0.021663323973376832,0.018919933601202473,Nme2/Nme1/Nme6/Cad/Nme4,5
GO:0042730,fibrinolysis,5/1551,7/10587,0.7142857142857143,4.875656258634982,4.24947393960203,0.0010876608616789457,0.021663323973376832,0.018919933601202473,Plaur/Anxa2/Thbs1/Pros1/Plau,5
GO:1904872,regulation of telomerase RNA localization to Cajal body,5/1551,7/10587,0.7142857142857143,4.875656258634982,4.24947393960203,0.0010876608616789457,0.021663323973376832,0.018919933601202473,Tcp1/Dkc1/Cct4/Cct2/Exosc10,5
GO:0001732,formation of cytoplasmic translation initiation complex,7/1551,13/10587,0.5384615384615384,3.6754947180479096,3.9988936441959986,0.0010878961820691422,0.021663323973376832,0.018919933601202473,Eif3i/Eif3c/Eif3l/Eif3d/Eif3g/Eif5/Eif3m,7
GO:0006188,IMP biosynthetic process,7/1551,13/10587,0.5384615384615384,3.6754947180479096,3.9988936441959986,0.0010878961820691422,0.021663323973376832,0.018919933601202473,Aprt/Gart/Atic/Pfas/Adsl/Ampd2/Ppat,7
GO:0006465,signal peptide processing,7/1551,13/10587,0.5384615384615384,3.6754947180479096,3.9988936441959986,0.0010878961820691422,0.021663323973376832,0.018919933601202473,Spcs2/Parl/Spcs3/Cln5/Spcs1/H13/Immp1l,7
GO:0034114,regulation of heterotypic cell-cell adhesion,7/1551,13/10587,0.5384615384615384,3.6754947180479096,3.9988936441959986,0.0010878961820691422,0.021663323973376832,0.018919933601202473,Tnf/Gcnt2/Il1rn/Tnfaip3/Cd44/Il1b/Il10,7
GO:0035743,"CD4-positive, alpha-beta T cell cytokine production",7/1551,13/10587,0.5384615384615384,3.6754947180479096,3.9988936441959986,0.0010878961820691422,0.021663323973376832,0.018919933601202473,Ifnb1/Rsad2/Arg1/Il6/Il1b/Nlrp3/Arid5a,7
GO:2000343,positive regulation of chemokine (C-X-C motif) ligand 2 production,7/1551,13/10587,0.5384615384615384,3.6754947180479096,3.9988936441959986,0.0010878961820691422,0.021663323973376832,0.018919933601202473,Lpl/Tnf/Cd74/Ccl5/Mif/Postn/Mcoln2,7
GO:0007339,binding of sperm to zona pellucida,9/1551,20/10587,0.45,3.071663442940039,3.8418648154757555,0.0011036998999332287,0.0218423572789255,0.019076294566747167,Cct3/Cct6a/Cct8/Cct5/Tcp1/Cct4/Cct2/Aldoa/Cct7,9
GO:0016078,tRNA decay,9/1551,20/10587,0.45,3.071663442940039,3.8418648154757555,0.0011036998999332287,0.0218423572789255,0.019076294566747167,Slfn2/Nsun2/Exosc3/Mettl1/Wdr4/Rnh1/Trnt1/Exosc10/Exosc9,9
GO:0072523,purine-containing compound catabolic process,34/1551,137/10587,0.24817518248175183,1.694023634387045,3.38735045626188,0.0011111659398204226,0.02192244924962631,0.01914624388613651,Pkm/Nme1/Xdh/Slc2a6/Gapdh/Galk1/Acot7/Myc/App/Hif1a/Nt5c/Ucp2/Tpi1/Pde4b/Igf1/Pfkl/Aldoa/Ran/Pfkp/Gpi1/Adpgk/Gale/Eif6/Pgk1/Mtch2/Nupr1/Acot2/Mlx/Enpp1/Eno2/Trex1/Pgam1/Itpa/Hint1,34
GO:0009611,response to wounding,75/1551,365/10587,0.2054794520547945,1.402586047004584,3.2428058318741257,0.001177865592910919,0.02316709871700863,0.020233273988653825,Ccl2/Plek/Pdia6/Rap2b/Tnf/Cd36/S100a9/Gla/Anxa5/Plaur/Angptl4/Mmp12/Fn1/Il1a/P2rx4/Tspo/Sdc4/Pdia3/Cdkn1a/Lrg1/Rhoc/Anxa2/Cd9/Pdia4/Il6/Itga5/Sod2/Ptger4/Arhgap24/Emilin2/Anxa1/Tnfaip3/Hif1a/Tnfrsf12a/Myof/F3/Slc7a11/Bax/C1galt1c1/Cd44/Pdgfa/Cers2/Ptk7/Tfpi/Igf1/Baiap2/Flna/Pla2g4a/Timp1/Il10/Thbs1/Nfe2l2/Map2k2/Pros1/Plau/Ndufs4/Fgl2/Hmox1/Axl/Clec7a/Serpine2/Pdpn/F10/Xbp1/Enpp1/Plec/Tmx1/Mir22hg/BC004004/Hmga1/Bloc1s4/Ndel1/Acvrl1/Casp1/Prrg4,75
GO:0032755,positive regulation of interleukin-6 production,22/1551,77/10587,0.2857142857142857,1.9502625034539927,3.467139612522606,0.0011818297078022703,0.02317398191568244,0.02023928551587986,Lpl/Tnf/Hspd1/Cd74/Ncl/Cd36/Tlr2/Il1a/Il6/Tnfsf9/Tmem106a/App/Tlr1/Il1b/Adora2b/Cyba/Pycard/Ifih1/Clec7a/Tlr7/Xbp1/Arid5a,22
GO:0002440,production of molecular mediator of immune response,39/1551,164/10587,0.23780487804878048,1.6232367787894515,3.332440178287274,0.0012056290790036965,0.023423344221955796,0.020457069189481047,Ifnb1/Tnf/Hspd1/Cd74/Cd36/Tlr2/Rsad2/Bst2/Mif/Arg1/Il6/Exosc3/Phb2/Il2rg/Tnfaip3/Ddx21/Ddx1/Il27ra/Litaf/Casp4/Il1b/Nlrp3/Stat6/Il10/Gpi1/Rabgef1/Pycard/Ptprc/Hmox1/Axl/Clec7a/Il4ra/Tlr7/Xbp1/Batf/Trex1/Ctnnbl1/Arid5a/Casp1,39
GO:0006122,"mitochondrial electron transport, ubiquinol to cytochrome c",6/1551,10/10587,0.6,4.095551257253385,4.057331381530561,0.0012091589110211117,0.023423344221955796,0.020457069189481047,Cyc1/Uqcrq/Uqcrb/Uqcrc2/Uqcr10/Uqcrc1,6
GO:0009209,pyrimidine ribonucleoside triphosphate biosynthetic process,6/1551,10/10587,0.6,4.095551257253385,4.057331381530561,0.0012091589110211117,0.023423344221955796,0.020457069189481047,Nme2/Nme1/Uck2/Nme6/Cad/Nme4,6
GO:0046036,CTP metabolic process,6/1551,10/10587,0.6,4.095551257253385,4.057331381530561,0.0012091589110211117,0.023423344221955796,0.020457069189481047,Nme2/Nme1/Uck2/Nme6/Nme4/Entpd7,6
GO:0010758,regulation of macrophage chemotaxis,10/1551,24/10587,0.4166666666666667,2.844132817537073,3.747036383016978,0.0012137496310134768,0.023441453717043415,0.020472885342395997,Ccl2/C5ar1/Trem1/Ccl5/Mif/Csf1/Slamf8/C3ar1/Thbs1/Ptk2b,10
GO:0002548,monocyte chemotaxis,12/1551,32/10587,0.375,2.5597195357833655,3.660800943910426,0.001222216397442267,0.023463627366466518,0.020492250975079927,Ccl2/Ccl12/Ccl3/Ccl5/Lgals3/Cxcl10/Anxa1/App/Slamf8/Fpr2/Flt1/Creb3,12
GO:0045923,positive regulation of fatty acid metabolic process,12/1551,32/10587,0.375,2.5597195357833655,3.660800943910426,0.001222216397442267,0.023463627366466518,0.020492250975079927,Cd74/Anxa1/Plaa/Ptgs2/Il1b/Edn1/Pla2g4a/Apoc2/Acsl5/Cpt1a/Slc45a3/Nr1h3,12
GO:1903034,regulation of response to wounding,29/1551,112/10587,0.25892857142857145,1.767425393755181,3.3826097304638916,0.0012376806072439427,0.023689576279546747,0.020689586270346505,Ccl2/Tnf/Cd36/S100a9/Anxa5/Plaur/Anxa2/Cd9/Ptger4/Emilin2/Anxa1/Hif1a/Tnfrsf12a/F3/Pdgfa/Cers2/Tfpi/Flna/Il10/Thbs1/Nfe2l2/Map2k2/Pros1/Plau/Clec7a/Serpine2/Xbp1/Tmx1/Ndel1,29
GO:0010573,vascular endothelial growth factor production,11/1551,28/10587,0.39285714285714285,2.68161094224924,3.691279051275867,0.001245377901520578,0.023765961620684364,0.0207562983586763,Ccl2/Tnf/C5ar1/Il1a/Il6/Hif1a/Ptgs2/Il1b/C3ar1/Adora2b/Flt1,11
GO:0002456,T cell mediated immunity,25/1551,92/10587,0.2717391304347826,1.8548692288285258,3.411819992027339,0.0012559073749953901,0.023895780677953834,0.020869677447994613,Ifnb1/Ctsc/Il23a/Hspd1/Il12b/Slfn2/Fcgr4/Rsad2/Arg1/Cd274/Il6/Jag1/H2-M2/Usp5/Hspa8/Il1b/Nlrp3/Ripk3/Ywhag/Stx11/Ptprc/Rftn1/Trex1/Pvr/Arid5a,25
GO:0002702,positive regulation of production of molecular mediator of immune response,26/1551,97/10587,0.26804123711340205,1.8296277094259108,3.400674811442787,0.0012617167179447184,0.023935288743969035,0.020904182309143267,Tnf/Cd74/Cd36/Tlr2/Rsad2/Mif/Il6/Exosc3/Phb2/Il2rg/Ddx21/Ddx1/Casp4/Il1b/Nlrp3/Stat6/Il10/Gpi1/Pycard/Ptprc/Clec7a/Il4ra/Tlr7/Xbp1/Arid5a/Casp1,26
GO:0010038,response to metal ion,53/1551,241/10587,0.21991701244813278,1.5011356613722644,3.2603282389260397,0.0012839834798315886,0.02428584682206533,0.021210346569489367,Id2/Cd14/Mdm2/Anxa5/Gatm/Got1/Calr/Fn1/Il1a/P2rx4/Tspo/Eif2s1/Xdh/Clic4/Lcn2/Mt2/Sod2/Mt1/Slc11a2/Cybb/App/Hif1a/Alas1/Calm1/Hsp90b1/Apobec1/Ucp2/Gsn/Hspa8/Fabp4/Cpne1/Edn1/Pla2g4a/Gpi1/Iqgap1/Slc25a13/Thbs1/Adam9/Crip1/Nfe2l2/Hmox1/Anxa7/Slc25a24/Slc30a5/Enpp1/Lonp1/Ppp5c/Pdcd6/Mnat1/Aco1/Sec31a/Hnrnpa1/Alad,53
GO:1905517,macrophage migration,17/1551,54/10587,0.3148148148148148,2.1489003510280105,3.5066056849900824,0.0013020921216185253,0.024555925540641132,0.02144622317959924,Ccl2/Ccl3/Coro1c/C5ar1/Trem1/Ccl5/Lgals3/P2rx4/Mif/Csf1/Cd9/Slamf8/Mcoln2/C3ar1/Thbs1/Ptk2b/Enpp1,17
GO:0032206,positive regulation of telomere maintenance,21/1551,73/10587,0.2876712328767123,1.9636204658064174,3.4226870486474836,0.0013768541308722534,0.025814002009218972,0.022544979920715264,Cct3/Gch1/Cct6a/Cct8/Gnl3/Cct5/Tcp1/Myc/Dkc1/Uchl5/Cct4/Cct2/Hnrnpa2b1/Cct7/Ruvbl2/Slx4/Wrap53/Nvl/Ptges3/Hnrnpa1/Nabp2,21
GO:2001057,reactive nitrogen species metabolic process,21/1551,73/10587,0.2876712328767123,1.9636204658064174,3.4226870486474836,0.0013768541308722534,0.025814002009218972,0.022544979920715264,Tnf/Cd36/Gla/Tlr2/P2rx4/Tspo/Il6/Tmem106a/Sod2/App/Por/Igf1/Hsp90aa1/Ptgs2/Slc7a6/Il1b/Il10/Spr/Ptk2b/Clec7a/Hsp90ab1,21
GO:0002269,leukocyte activation involved in inflammatory response,14/1551,41/10587,0.34146341463414637,2.3308015285181867,3.537081514002285,0.0014276994860948234,0.026611654374534905,0.023241619541078524,Ctsc/Tnf/C5ar1/Tlr2/Hspa4/App/Tlr1/Cst7/Fpr2/Kcnn4/Enpp1/Mmp8/Nampt/Casp1,14
GO:0045071,negative regulation of viral genome replication,14/1551,41/10587,0.34146341463414637,2.3308015285181867,3.537081514002285,0.0014276994860948234,0.026611654374534905,0.023241619541078524,Ifnb1/Tnf/Ifitm3/Ccl5/Rsad2/Bst2/Ifitm2/Isg15/Ifitm1/Oasl1/Banf1/Oasl2/Oas1a/Ifih1,14
GO:1905952,regulation of lipid localization,29/1551,113/10587,0.25663716814159293,1.751784461067082,3.3285877798394217,0.0014369296401593758,0.026706066239715703,0.023324075318529,Plin2/Lpl/Msr1/Dab2/Cd36/Il1a/Tspo/Abcg1/Mif/Spp1/Anxa2/P2ry2/Ehd1/Ikbke/Hilpda/Fabp3/Acsl4/Abca1/Il1b/Edn1/Pla2g4a/Surf4/Apoc2/Thbs1/Acsl5/Ptpn2/Nr1h3/Mfn2/Sar1b,29
GO:0002697,regulation of immune effector process,62/1551,293/10587,0.21160409556313994,1.4443923660393054,3.1958916766368883,0.001454344906331255,0.02695161716588441,0.023538530275881587,Ccl2/Lgals1/Ifnb1/Tnf/Il23a/Hspd1/Il12b/Cd74/Cd36/S100a9/Tlr2/Rsad2/Lgals3/Bst2/Cadm1/Mif/Arg1/Cd274/Il6/Gpr65/Exosc3/C1qbp/H2-M2/Phb2/Anxa1/Il2rg/Tnfaip3/Usp5/Cd5l/Slamf8/Ddx21/Ddx1/Masp1/Hspa8/Il27ra/Litaf/Casp4/Il1b/Nlrp3/Ripk3/Stat6/Ywhag/Il10/Gpi1/Adora2b/Cxcl1/Rabgef1/Pycard/Ptprc/Fgl2/Hmox1/Axl/Clec7a/Sell/Il4ra/Tlr7/Xbp1/Dhx58/Trex1/Pvr/Arid5a/Casp1,62
GO:0001961,positive regulation of cytokine-mediated signaling pathway,16/1551,50/10587,0.32,2.184294003868472,3.477521111330945,0.0014757841344595222,0.02727010913589181,0.02381668920165223,Cd74/Mmp12/Csf1/Cd300lf/Irf7/Ikbke/Zbp1/Hif1a/Casp4/Cpne1/Edn1/Ube2k/Axl/Mmp8/Casp1/Rbm47,16
GO:0072526,pyridine-containing compound catabolic process,26/1551,98/10587,0.2653061224489796,1.8109580389215647,3.3413972513215984,0.0014829482713500793,0.027323748034185944,0.023863535401035762,Pkm/Slc2a6/Gapdh/Galk1/Myc/App/Hif1a/Ucp2/Tpi1/Igf1/Pfkl/Aldoa/Ran/Pfkp/Gpi1/Adpgk/Gale/Eif6/Pgk1/Mtch2/Nupr1/Mlx/Enpp1/Eno2/Trex1/Pgam1,26
GO:0050865,regulation of cell activation,91/1551,462/10587,0.19696969696969696,1.3444991501084342,3.136861610494216,0.0015163360515193659,0.027858873244533452,0.024330893663347994,Ccl2/Plek/Id2/Lgals1/Ifnb1/Ctsc/Tnf/Il23a/Hspd1/Il12b/Cd74/Fn1/Ccl5/Lgals3/Il1a/Clec4d/Sdc4/Cdkn1a/Mif/Hspa4/Cd300lf/Cd9/Arg1/Cd274/Il6/Tnfsf9/Gpr65/Milr1/Exosc3/Adam8/Dusp3/Emilin2/Anxa1/Il2rg/Tnfaip3/Usp5/Ap3d1/Cd83/Vcam1/Slamf8/Cd44/Dhps/Pdgfa/Hspb1/Il27ra/Igf1/Hsp90aa1/Ctla2a/Flna/Il1b/Pla2g4a/Arg2/Nlrp3/Ripk3/Hsph1/Stat6/Ywhag/Cst7/Il10/Thbs1/Tarm1/Rabgef1/Pycard/Ptpn2/Ptprc/Fgl2/Axl/Dnaja3/Bst1/Clec7a/Serpine2/Slc7a1/Pdpn/Cd300lb/Adrm1/Kcnn4/Il4ra/Xbp1/Scgb1a1/H2-Eb1/Slamf7/Nr1h3/Tmx1/Trex1/H2-Aa/Znhit1/Adk/Mmp8/H2-Ab1/Slc4a2/Tnfsf14,91
GO:0048246,macrophage chemotaxis,13/1551,37/10587,0.35135135135135137,2.3982957812745047,3.529859441549517,0.0015567221777579889,0.02843789915608041,0.024836593149415206,Ccl2/Ccl3/Coro1c/C5ar1/Trem1/Ccl5/Lgals3/Mif/Csf1/Slamf8/C3ar1/Thbs1/Ptk2b,13
GO:0072599,establishment of protein localization to endoplasmic reticulum,13/1551,37/10587,0.35135135135135137,2.3982957812745047,3.529859441549517,0.0015567221777579889,0.02843789915608041,0.024836593149415206,Hspa5/Spcs2/Get4/Sec61a1/Sec61b/Spcs3/Herpud1/Srp72/Spcs1/Ssr3/Srp19/Tram1/Sec61g,13
GO:0032731,positive regulation of interleukin-1 beta production,15/1551,46/10587,0.32608695652173914,2.225843074594231,3.4518873918549056,0.0016622314970038616,0.03027905783746807,0.026444591997788706,Lpl/Ccl3/Tnf/Cd36/Tlr2/Il6/Tmem106a/App/Hspb1/Casp4/Nlrp3/Mefv/Pycard/Clec7a/Casp1,15
GO:0002181,cytoplasmic translation,42/1551,183/10587,0.22950819672131148,1.5666043060532073,3.2032362930954683,0.0016780347574786218,0.030305728902328605,0.026467885504217123,Pkm/Eif4a1/Eif2s2/Smyd5/Eif3i/Eif3c/Rps27a/Eif3l/Rpl34/Eif3d/Rpl38/Eif3g/Rps23/Eif4ebp1/Sh3bgrl/Abce1/Rnh1/Eif2b3/Denr/Rpl35/Rraga/Ywhag/Etf1/Rps2/Rwdd1/Rpl19/Paip1/Ncbp1/Rpl41/Rpl37a/Rpl26/Eif2b5/Cnbp/Eif5/Rpl36a/Rpl14/Dhx29/Rheb/Eif2b1/Rpl30/Eif3m/Mcts1,42
GO:0030150,protein import into mitochondrial matrix,9/1551,21/10587,0.42857142857142855,2.925393755180989,3.6589597802530056,0.0016826012927680886,0.030305728902328605,0.026467885504217123,Tomm40/Hspa4/Timm17a/Tomm20/Hsp90aa1/Grpel1/Dnajc15/Samm50/Timm50,9
GO:0071624,positive regulation of granulocyte chemotaxis,9/1551,21/10587,0.42857142857142855,2.925393755180989,3.6589597802530056,0.0016826012927680886,0.030305728902328605,0.026467885504217123,Il23a/Cd74/C5ar1/C1qbp/Dnm1l/Il1b/Edn1/C3ar1/Sell,9
GO:0090023,positive regulation of neutrophil chemotaxis,9/1551,21/10587,0.42857142857142855,2.925393755180989,3.6589597802530056,0.0016826012927680886,0.030305728902328605,0.026467885504217123,Il23a/Cd74/C5ar1/C1qbp/Dnm1l/Il1b/Edn1/C3ar1/Sell,9
GO:2001234,negative regulation of apoptotic signaling pathway,44/1551,194/10587,0.2268041237113402,1.5481465233603862,3.192352188876739,0.0016941740227295083,0.030358572261412694,0.026514036909530737,Dab2/Tnf/Mdm2/Cd74/Plaur/Lgals3/Mif/Lmna/Sod2/Slc35f6/Bcl2l1/Tnfaip3/Hif1a/Ybx3/Aatf/Parl/Bax/Cd44/Trap1/Hyou1/Hspb1/Sgms1/Igf1/Ptgs2/Il1b/Rrn3/Psen2/Slc25a4/Hsph1/Il10/Herpud1/Nfe2l2/Meis3/Acaa2/Hgf/Tmbim1/Hmox1/Xbp1/Creb3/Itprip/Creb3l1/Mfn2/Nr4a2/Cdk11b,44
GO:0032612,interleukin-1 production,22/1551,79/10587,0.27848101265822783,1.9008887691893348,3.3297254002985395,0.001704473801326976,0.030358572261412694,0.026514036909530737,Lpl/Ccl3/Tnf/Cd36/Tlr2/Il1r2/Il6/Tmem106a/Ptger4/Anxa1/Tnfaip3/App/Hspb1/Errfi1/Igf1/Casp4/Arg2/Nlrp3/Mefv/Pycard/Clec7a/Casp1,22
GO:0032652,regulation of interleukin-1 production,22/1551,79/10587,0.27848101265822783,1.9008887691893348,3.3297254002985395,0.001704473801326976,0.030358572261412694,0.026514036909530737,Lpl/Ccl3/Tnf/Cd36/Tlr2/Il1r2/Il6/Tmem106a/Ptger4/Anxa1/Tnfaip3/App/Hspb1/Errfi1/Igf1/Casp4/Arg2/Nlrp3/Mefv/Pycard/Clec7a/Casp1,22
GO:0097237,cellular response to toxic substance,22/1551,79/10587,0.27848101265822783,1.9008887691893348,3.3297254002985395,0.001704473801326976,0.030358572261412694,0.026514036909530737,Cd36/S100a9/Gch1/Hp/S100a8/Sod2/Gsto1/Prdx1/Sesn2/Txnrd1/Srxn1/Aifm2/Ptgs2/Abtb2/Edn1/Gsr/Txndc17/Prdx6/Nfe2l2/Esd/Txn1/Pim1,22
GO:0001906,cell killing,33/1551,135/10587,0.24444444444444444,1.6685579196217495,3.2388434295176807,0.00171128944891616,0.030395534477701987,0.026546318321137113,Ccl2/Cxcl14/Ctsc/Il23a/Il12b/Trem1/Fcgr4/Lgals3/Cadm1/Arg1/Cxcl10/Gapdh/H2-M2/Prdx1/Cd5l/Cfb/Lyz2/Masp1/Hspa8/Ripk3/Ccl8/Cxcl1/Gbp2/Stx11/Ptprc/Fgl2/Sell/Hsp90ab1/Trem3/Pvr/Rpl30/Pim1/Ccl22,33
GO:0015718,monocarboxylic acid transport,24/1551,89/10587,0.2696629213483146,1.8406971942711843,3.299628527607464,0.0017444108713853936,0.030835661019767403,0.026930708314207342,Plin2/Fabp5/Tnf/Cd36/Il1a/Mif/P2ry2/Myc/Anxa1/Slc16a1/Slc2a1/Ucp2/Fabp3/Got2/Slc25a20/Acsl4/Ptgs2/Fabp4/Il1b/Edn1/Pla2g4a/Thbs1/Acsl5/Abcd4,24
GO:0048661,positive regulation of smooth muscle cell proliferation,25/1551,94/10587,0.26595744680851063,1.8154039260874935,3.2898085213067736,0.0017456869853673686,0.030835661019767403,0.026930708314207342,Id2/Adamts1/Tnf/Mdm2/Ccl5/Il6/Myc/Hif1a/Igf1/Ptgs2/Tgm2/Edn1/C3ar1/Thbs1/Flt1/Cyba/Hmox1/Kcnn4/Xbp1/Rgcc/Nampt/Mnat1/Stat1/Mfn2/Poldip2,25
GO:0001516,prostaglandin biosynthetic process,10/1551,25/10587,0.4,2.73036750483559,3.5885500362622693,0.001760163799065562,0.030836530818602142,0.026931467963844664,Fabp5/Cd74/Mif/Anxa1/Plaa/Ptgs2/Il1b/Edn1/Pla2g4a/Ptges3,10
GO:0046457,prostanoid biosynthetic process,10/1551,25/10587,0.4,2.73036750483559,3.5885500362622693,0.001760163799065562,0.030836530818602142,0.026931467963844664,Fabp5/Cd74/Mif/Anxa1/Plaa/Ptgs2/Il1b/Edn1/Pla2g4a/Ptges3,10
GO:2000191,regulation of fatty acid transport,10/1551,25/10587,0.4,2.73036750483559,3.5885500362622693,0.001760163799065562,0.030836530818602142,0.026931467963844664,Il1a/Mif/P2ry2/Fabp3/Acsl4/Il1b/Edn1/Pla2g4a/Thbs1/Acsl5,10
GO:0034655,nucleobase-containing compound catabolic process,87/1551,441/10587,0.19727891156462585,1.3466098238134714,3.0803244702950576,0.0018178488389368852,0.03176034538218885,0.027738292910208604,Pkm/Tnf/Slfn2/Npm1/Nsun2/Nme1/Xdh/Vim/Slc2a6/Il6/Exosc3/C1qbp/Gapdh/Slirp/Mettl1/Galk1/Tbrg4/Acot7/Myc/Mrto4/App/Ikbke/Hif1a/Rexo2/Nt5c/Apobec1/Ucp2/Wdr4/Dkc1/Tpi1/Bax/Fus/Pde4b/Mettl16/Smg9/Rnh1/Snd1/Vcp/Nudt5/Igf1/Pfkl/Aldoa/Ran/Ssb/Trnt1/Ddx49/Fastk/Pfkp/Etf1/Gpi1/Caprin1/Pnpt1/Ints12/Adpgk/Exosc1/Dis3/Gale/Eif6/Paip1/Fastkd2/Smg5/Pgk1/Ncbp1/Mtch2/Rbm8a/Nupr1/Acot2/Mlx/Zpr1/Enpp1/Scgb1a1/Rbm7/Eno2/Trex1/Pgam1/Hddc2/Itpa/Exosc10/Hint1/Blvra/Magohb/Nt5c3/Entpd7/Arid5a/Exosc9/Exosc4/Rbm47,87
GO:0070527,platelet aggregation,14/1551,42/10587,0.3333333333333333,2.2753062540296582,3.4308329720694877,0.0018573044710929057,0.032273811026145564,0.028186734520651142,Plek/Pdia6/Rap2b/Gla/Pdia3/Cd9/Pdia4/Il6/Emilin2/Slc7a11/Serpine2/Pdpn/Tmx1/Bloc1s4,14
GO:1903317,regulation of protein maturation,14/1551,42/10587,0.3333333333333333,2.2753062540296582,3.4308329720694877,0.0018573044710929057,0.032273811026145564,0.028186734520651142,Mdm2/Plaur/Chac1/Timm17a/Il1r2/Plgrkt/Anxa2/Ctsz/Gsn/Cdk20/Ctla2a/Thbs1/Plau/Serpine2,14
GO:0014911,positive regulation of smooth muscle cell migration,16/1551,51/10587,0.3137254901960784,2.1414647096749726,3.3852709057979995,0.0018629695273032559,0.032284758402887775,0.028196295548373603,Adamts1/Mdm2/Ccl5/Tlr2/Postn/P2ry2/Ptger4/Myc/F3/Igf1/Arpc2/S100a11/Iqgap1/Myo5a/Plau/Xbp1,16
GO:0030003,intracellular monoatomic cation homeostasis,70/1551,342/10587,0.2046783625730994,1.3971178752813689,3.0928598475799127,0.0018791148124658046,0.032476776758842966,0.02836399716929517,Ccl2/Bola2/Ccl3/Ccl5/Slc39a7/Slc39a14/Il1a/Atp6v1b2/Spp1/Sgk1/Clic4/P2ry2/Lcn2/Cxcl10/Mt2/Atp6v1a/Rab20/Mt1/Immt/Slc11a2/Myc/Gsto1/Ppt1/Vps33a/App/Hif1a/Atp6ap2/Calm1/Slc7a11/Slamf8/Bax/Atp6v0d1/Slc8b1/Htr2b/Tgm2/Flna/Edn1/Afg3l2/Psen2/Stoml2/Cln5/Tpcn2/Cisd1/Ccl8/Herpud1/Myo5a/Cyba/Tmem38b/Glrx3/Mecr/Trpc4/Spns1/Fth1/Ptk2b/Atp6v0a1/Ptprc/Hmox1/Anxa7/Ftl1/Slc30a5/Frrs1/Minpp1/Aplp2/Atp6v1g1/Aco1/Atp13a1/Slc4a2/Letm1/Mfn2/Ccdc115,70
GO:2001044,regulation of integrin-mediated signaling pathway,7/1551,14/10587,0.5,3.4129593810444874,3.7428174495067963,0.0019019426525772821,0.03278294701162778,0.02863139476998059,Dab2/Cd63/Flna/Timp1/Plau/Itgb1bp1/Lamc1,7
GO:0006809,nitric oxide biosynthetic process,20/1551,70/10587,0.2857142857142857,1.9502625034539927,3.3046875809972875,0.0019404346428324574,0.03326755863594042,0.029054636363266745,Tnf/Cd36/Gla/Tlr2/P2rx4/Tspo/Il6/Sod2/App/Por/Igf1/Hsp90aa1/Ptgs2/Slc7a6/Il1b/Il10/Spr/Ptk2b/Clec7a/Hsp90ab1,20
GO:0071806,protein transmembrane transport,20/1551,70/10587,0.2857142857142857,1.9502625034539927,3.3046875809972875,0.0019404346428324574,0.03326755863594042,0.029054636363266745,Tomm40/Hspd1/Fcgr4/Hspa5/Hspa4/Timm17a/Chchd4/Hspa8/Sec61a1/Sec61b/Tomm20/Hsp90aa1/Abca1/Grpel1/Edn1/Dnajc15/Samm50/Timm50/Tram1/Sec61g,20
GO:0000454,snoRNA guided rRNA pseudouridine synthesis,4/1551,5/10587,0.8,5.46073500967118,4.133246254729831,0.002027120085055585,0.03438596292427622,0.03003140866749015,Nhp2/Dkc1/Gar1/Nop10,4
GO:0002676,regulation of chronic inflammatory response,4/1551,5/10587,0.8,5.46073500967118,4.133246254729831,0.002027120085055585,0.03438596292427622,0.03003140866749015,Tnf/Tnfaip3/Il10/Adora2b,4
GO:0010757,negative regulation of plasminogen activation,4/1551,5/10587,0.8,5.46073500967118,4.133246254729831,0.002027120085055585,0.03438596292427622,0.03003140866749015,Ctsz/Thbs1/Plau/Serpine2,4
GO:0035425,autocrine signaling,4/1551,5/10587,0.8,5.46073500967118,4.133246254729831,0.002027120085055585,0.03438596292427622,0.03003140866749015,S100a9/S100a8/Hilpda/Cd68,4
GO:0071897,DNA biosynthetic process,32/1551,132/10587,0.24242424242424243,1.6547681847488425,3.1361458257373505,0.0022981313371596528,0.0388802589284108,0.0339565580160793,Tnf/Cct3/Gch1/Cct6a/Cct8/Cdkn1a/Nhp2/Cct5/Tcp1/Dkc1/Gar1/Gnl3l/Vcp/Hsp90aa1/Dnajc2/Cct4/Cct2/Nat10/Nop10/C3ar1/Cct7/Hgf/Pinx1/Ptk2b/Wrap53/Hsp90ab1/Chtf8/Trex1/Exosc10/Ptges3/Hnrnpa1/Poldip2,32
GO:0001660,fever generation,6/1551,11/10587,0.5454545454545454,3.723228415684895,3.7437205573358456,0.0023312329201756153,0.039028369410355215,0.034085912148781844,Tnf/Ccl5/Il1a/Il1rn/Ptgs2/Il1b,6
GO:0032308,positive regulation of prostaglandin secretion,6/1551,11/10587,0.5454545454545454,3.723228415684895,3.7437205573358456,0.0023312329201756153,0.039028369410355215,0.034085912148781844,Il1a/Mif/P2ry2/Il1b/Edn1/Pla2g4a,6
GO:0035771,interleukin-4-mediated signaling pathway,6/1551,11/10587,0.5454545454545454,3.723228415684895,3.7437205573358456,0.0023312329201756153,0.039028369410355215,0.034085912148781844,Cd300lf/Il2rg/Stat6/Ptpn2/Ptprc/Il4ra,6
GO:0046166,glyceraldehyde-3-phosphate biosynthetic process,6/1551,11/10587,0.5454545454545454,3.723228415684895,3.7437205573358456,0.0023312329201756153,0.039028369410355215,0.034085912148781844,Gapdh/Mdh2/Tpi1/Pgk1/Tkt/Pgam1,6
GO:0010565,regulation of ketone metabolic process,26/1551,101/10587,0.25742574257425743,1.7571672060823105,3.1676069607005366,0.002357608241111033,0.039367145942718604,0.03438178684953589,Fabp5/Dab2/Cd74/Angptl4/Nme2/Nme1/Trib3/Anxa1/Acadl/Fabp3/Acsl4/Plaa/Ptgs2/Il1b/Edn1/Pla2g4a/Apoc2/Acsl5/Eif6/Tysnd1/Cpt1a/Pgk1/Dgkq/Slc45a3/Nr1h3/Trex1,26
GO:0032613,interleukin-10 production,14/1551,43/10587,0.32558139534883723,2.2223921550987362,3.3275593930083884,0.0023888034053949486,0.039681366412933704,0.03465621520780236,Il23a/Hspd1/Il12b/Tlr2/Cd274/Il6/Isg15/Ptger4/Cd83/Thbs1/Pycard/Hgf/Clec7a/Rbm47,14
GO:0032653,regulation of interleukin-10 production,14/1551,43/10587,0.32558139534883723,2.2223921550987362,3.3275593930083884,0.0023888034053949486,0.039681366412933704,0.03465621520780236,Il23a/Hspd1/Il12b/Tlr2/Cd274/Il6/Isg15/Ptger4/Cd83/Thbs1/Pycard/Hgf/Clec7a/Rbm47,14
GO:0046394,carboxylic acid biosynthetic process,47/1551,214/10587,0.21962616822429906,1.4991503823279524,3.056116027068849,0.0024110550809554243,0.0399475069227033,0.0348886523342387,Lpl/Fabp5/Cd74/Psat1/Gatm/Angptl4/Got1/Nme2/Ldha/Mif/Nme1/Hsd17b12/Trib3/Asns/Shmt2/Acot7/Gsto1/Anxa1/Mtrr/Elovl1/Mtap/Bcat2/Acadl/Mthfd1/Got2/Degs1/Mthfd2/Errfi1/Sardh/Acsl4/Plaa/Ptgs2/Il1b/Edn1/Pla2g4a/Apoc2/Aldh18a1/Scd2/Myo5a/Eif6/Mecr/Ndufab1/Cad/Slc45a3/Nans/Nr1h3/Ptges3,47
GO:0032102,negative regulation of response to external stimulus,56/1551,265/10587,0.21132075471698114,1.4424583044414436,3.022018321132171,0.002482627169515383,0.040753629430536405,0.035592689458983764,Ccl2/Ifnb1/Tnf/Il12b/Anxa5/Plaur/Mmp12/Mif/Anxa2/Cd9/Arg1/Isg15/Socs3/C1qbp/Ptger4/Dusp3/Usp18/Tnfaip3/Lyar/Ttll12/Slamf8/Banf1/Cd44/Pdgfa/Cers2/Vps35/Tfpi/Igf1/Ctla2a/Oas1a/Arg2/Nlrp3/Mefv/Prmt2/Cst7/Il10/Fpr2/Thbs1/Tnfaip6/Rabgef1/Psmb4/Pros1/Hgf/Ptpn2/Plau/Fgl2/Dnaja3/Serpine2/Nr1h3/Dhx58/Tmx1/Trex1/Pvr/Plxna3/Pim1/Trib1,56
GO:0010574,regulation of vascular endothelial growth factor production,10/1551,26/10587,0.38461538461538464,2.625353370034221,3.4376818512128238,0.0024893702422696474,0.040753629430536405,0.035592689458983764,Ccl2/C5ar1/Il1a/Il6/Hif1a/Ptgs2/Il1b/C3ar1/Adora2b/Flt1,10
GO:0016188,synaptic vesicle maturation,10/1551,26/10587,0.38461538461538464,2.625353370034221,3.4376818512128238,0.0024893702422696474,0.040753629430536405,0.035592689458983764,Atp6v1b2/Atp6v1a/Atp6v1e1/Atp6ap2/Atp6v0d1/Atp6v1c1/Atp6v1h/Atp6v1d/Atp6v0a1/Atp6v1g1,10
GO:0110075,regulation of ferroptosis,10/1551,26/10587,0.38461538461538464,2.625353370034221,3.4376818512128238,0.0024893702422696474,0.040753629430536405,0.035592689458983764,Psat1/Slc39a7/Slc7a11/Hspa8/Sqstm1/Acsl4/Aifm2/Nfe2l2/Fth1/Hmox1,10
GO:2001242,regulation of intrinsic apoptotic signaling pathway,36/1551,154/10587,0.23376623376623376,1.5956693210078121,3.0849257980129137,0.002494448282726552,0.040753629430536405,0.035592689458983764,Mdm2/Cd74/S100a9/Plaur/Mif/S100a8/Eif5a/Sod2/P4hb/Myc/Bcl2l1/App/Hif1a/Ybx3/Parl/Bax/Cd44/Trap1/Hyou1/Hspb1/Ptgs2/Pmaip1/Rrn3/Ripk3/Hsph1/Il10/Herpud1/Nfe2l2/Pycard/Ptpn2/Mtch2/Nupr1/Rpl26/Xbp1/Creb3/Creb3l1,36
GO:0001836,release of cytochrome c from mitochondria,17/1551,57/10587,0.2982456140350877,2.035800332552852,3.2485011210076773,0.002504199936935643,0.040753629430536405,0.035592689458983764,Plaur/Bcl2a1b/Lmna/Bcl2a1d/Bcl2a1a/Sod2/Bcl2l1/Parl/Bax/Fam162a/Bcl2a1c/Igf1/Pmaip1/Pycard/Hgf/Timm50/Mfn2,17
GO:0014823,response to activity,17/1551,57/10587,0.2982456140350877,2.035800332552852,3.2485011210076773,0.002504199936935643,0.040753629430536405,0.035592689458983764,Ccl2/Fn1/Postn/Anxa2/Il6/Itga5/Sod2/Hif1a/Adsl/Hspa8/Tomm20/Edn1/Il10/Cyba/Slc25a25/Uqcrc1/Alad,17
GO:0055080,monoatomic cation homeostasis,76/1551,381/10587,0.1994750656167979,1.3616005929626303,2.9781568877266422,0.002543031267635036,0.04087791194339189,0.035701233138333524,Ccl2/Bola2/Ccl3/Ccl5/Slc39a7/Slc39a14/Il1a/Atp6v1b2/Spp1/Sgk1/Clic4/P2ry2/Lcn2/Cxcl10/Mt2/Atp6v1a/Sod2/Rab20/Mt1/Immt/Slc11a2/Myc/Gsto1/Ppt1/Vps33a/App/Hif1a/Atp6ap2/Calm1/Slc7a11/Slamf8/Bax/Atp6v0d1/Slc8b1/Htr2b/Tgm2/Flna/Edn1/Afg3l2/Psen2/Stoml2/Cln5/Tpcn2/Cisd1/Ccl8/Herpud1/Myo5a/Cyba/Tmem38b/Glrx3/Mecr/Trpc4/Spns1/Fth1/Ptk2b/Slc12a7/Atp6v0a1/Ptprc/Hmox1/Anxa7/Ftl1/Slc30a5/Enpp1/Frrs1/Minpp1/Znhit1/Aplp2/Atp6v1g1/Aco1/Atp13a1/Slc4a2/Letm1/Cox10/Mfn2/Slc12a4/Ccdc115,76
GO:0000055,ribosomal large subunit export from nucleus,5/1551,8/10587,0.625,4.266199226305609,3.828680171765574,0.0025500880813095375,0.04087791194339189,0.035701233138333524,Npm1/Sdad1/Ran/Nmd3/Xpo1,5
GO:0000447,"endonucleolytic cleavage in ITS1 to separate SSU-rRNA from 5.8S rRNA and LSU-rRNA from tricistronic rRNA transcript (SSU-rRNA, 5.8S rRNA, LSU-rRNA)",5/1551,8/10587,0.625,4.266199226305609,3.828680171765574,0.0025500880813095375,0.04087791194339189,0.035701233138333524,Rrs1/Nop9/Rpp40/Fcf1/Kri1,5
GO:0035745,T-helper 2 cell cytokine production,5/1551,8/10587,0.625,4.266199226305609,3.828680171765574,0.0025500880813095375,0.04087791194339189,0.035701233138333524,Ifnb1/Rsad2/Arg1/Il6/Nlrp3,5
GO:1905323,telomerase holoenzyme complex assembly,5/1551,8/10587,0.625,4.266199226305609,3.828680171765574,0.0025500880813095375,0.04087791194339189,0.035701233138333524,Dkc1/Hsp90aa1/Hsp90ab1/Nvl/Ptges3,5
GO:2000551,regulation of T-helper 2 cell cytokine production,5/1551,8/10587,0.625,4.266199226305609,3.828680171765574,0.0025500880813095375,0.04087791194339189,0.035701233138333524,Ifnb1/Rsad2/Arg1/Il6/Nlrp3,5
GO:0002699,positive regulation of immune effector process,42/1551,187/10587,0.22459893048128343,1.5330940535173099,3.0471350616080017,0.002585510438074296,0.04134237638137752,0.0361068789357009,Ccl2/Tnf/Il23a/Hspd1/Il12b/Cd74/Cd36/Tlr2/Rsad2/Cadm1/Mif/Arg1/Il6/Gpr65/Exosc3/H2-M2/Phb2/Anxa1/Il2rg/Ddx21/Ddx1/Hspa8/Casp4/Il1b/Nlrp3/Stat6/Ywhag/Il10/Gpi1/Adora2b/Cxcl1/Pycard/Ptprc/Clec7a/Sell/Il4ra/Tlr7/Xbp1/Dhx58/Pvr/Arid5a/Casp1,42
GO:0046890,regulation of lipid biosynthetic process,35/1551,149/10587,0.2348993288590604,1.6034037360611686,3.073096623190835,0.002608197454164888,0.041601398199266816,0.03633309886398849,Fabp5/Dab2/Tnf/Cd74/Angptl4/Nme2/Il1a/Tspo/Abcg1/Nme1/Trib3/Anxa1/Por/Acadl/Pdgfa/Fabp3/Htr2b/Igf1/Plaa/Ptgs2/Il1b/Edn1/Pla2g4a/Atg7/Apoc2/Adora2b/Acsl5/Eif6/Dgkq/Slc45a3/Mlx/Nr1h3/Tmx1/Trex1/Idh1,35
GO:0007589,body fluid secretion,18/1551,62/10587,0.2903225806451613,1.9817183502838962,3.21185132658291,0.002637117717981252,0.04195830969651561,0.036644811962022364,Aprt/Nme1/Xdh/Anxa2/P2ry2/Ptger4/Hif1a/Copa/Edn1/Atg7/Cyba/Socs2/Cad/Kcnn4/Xbp1/Enpp1/Nr1h3/Slc22a4,18
GO:0016053,organic acid biosynthetic process,47/1551,215/10587,0.2186046511627907,1.4921775898520084,3.0206022653091487,0.0026585179542631923,0.04212722758202973,0.03679233849958929,Lpl/Fabp5/Cd74/Psat1/Gatm/Angptl4/Got1/Nme2/Ldha/Mif/Nme1/Hsd17b12/Trib3/Asns/Shmt2/Acot7/Gsto1/Anxa1/Mtrr/Elovl1/Mtap/Bcat2/Acadl/Mthfd1/Got2/Degs1/Mthfd2/Errfi1/Sardh/Acsl4/Plaa/Ptgs2/Il1b/Edn1/Pla2g4a/Apoc2/Aldh18a1/Scd2/Myo5a/Eif6/Mecr/Ndufab1/Cad/Slc45a3/Nans/Nr1h3/Ptges3,47
GO:0070098,chemokine-mediated signaling pathway,15/1551,48/10587,0.3125,2.1330996131528046,3.259663280939082,0.002668774902046471,0.04212722758202973,0.03679233849958929,Ccl2/Ccl9/Ccl6/Ccl4/Ccl12/Ccl3/Ccl5/Ccl7/Ccrl2/Cxcl10/Hif1a/Edn1/Ccl8/Ptk2b/Ccl22,15
GO:0001774,microglial cell activation,13/1551,39/10587,0.3333333333333333,2.2753062540296582,3.3055632002639648,0.0026740146016665783,0.04212722758202973,0.03679233849958929,Ctsc/Tnf/C5ar1/Tlr2/Hspa4/App/Tlr1/Cst7/Fpr2/Kcnn4/Mmp8/Nampt/Casp1,13
GO:0090303,positive regulation of wound healing,13/1551,39/10587,0.3333333333333333,2.2753062540296582,3.3055632002639648,0.0026740146016665783,0.04212722758202973,0.03679233849958929,Ccl2/Cd36/S100a9/Ptger4/Emilin2/Anxa1/Hif1a/F3/Thbs1/Nfe2l2/Plau/Clec7a/Xbp1,13
GO:0016052,carbohydrate catabolic process,34/1551,144/10587,0.2361111111111111,1.611675263271008,3.061774891412034,0.0027240929446601747,0.0427589782659204,0.037344085821764544,Pkm/Ldha/Slc2a6/Gapdh/Galk1/Myc/App/Hif1a/Ucp2/Tpi1/Nudt5/Igf1/Neu1/Pfkl/Chil3/Aldoa/Ran/Atg3/Pfkp/Gpi1/Adpgk/Gale/Pgm2/Eif6/Pgk1/Mtch2/Nupr1/Mlx/Enpp1/Eno2/Trex1/Pgam1/Pgm1/Rbks,34
GO:0032611,interleukin-1 beta production,19/1551,67/10587,0.2835820895522388,1.9357083056670226,3.183125402911745,0.0027341205690934755,0.0427589782659204,0.037344085821764544,Lpl/Ccl3/Tnf/Cd36/Tlr2/Il6/Tmem106a/Tnfaip3/App/Hspb1/Errfi1/Igf1/Casp4/Arg2/Nlrp3/Mefv/Pycard/Clec7a/Casp1,19
GO:0032651,regulation of interleukin-1 beta production,19/1551,67/10587,0.2835820895522388,1.9357083056670226,3.183125402911745,0.0027341205690934755,0.0427589782659204,0.037344085821764544,Lpl/Ccl3/Tnf/Cd36/Tlr2/Il6/Tmem106a/Tnfaip3/App/Hspb1/Errfi1/Igf1/Casp4/Arg2/Nlrp3/Mefv/Pycard/Clec7a/Casp1,19
GO:0006873,intracellular monoatomic ion homeostasis,70/1551,347/10587,0.2017291066282421,1.376986493793165,2.958177863181906,0.002758011152646695,0.04302765817705744,0.037578740765989035,Ccl2/Bola2/Ccl3/Ccl5/Slc39a7/Slc39a14/Il1a/Atp6v1b2/Spp1/Sgk1/Clic4/P2ry2/Lcn2/Cxcl10/Mt2/Atp6v1a/Rab20/Mt1/Immt/Slc11a2/Myc/Gsto1/Ppt1/Vps33a/App/Hif1a/Atp6ap2/Calm1/Slc7a11/Slamf8/Bax/Atp6v0d1/Slc8b1/Htr2b/Tgm2/Flna/Edn1/Afg3l2/Psen2/Stoml2/Cln5/Tpcn2/Cisd1/Ccl8/Herpud1/Myo5a/Cyba/Tmem38b/Glrx3/Mecr/Trpc4/Spns1/Fth1/Ptk2b/Atp6v0a1/Ptprc/Hmox1/Anxa7/Ftl1/Slc30a5/Frrs1/Minpp1/Aplp2/Atp6v1g1/Aco1/Atp13a1/Slc4a2/Letm1/Mfn2/Ccdc115,70
GO:1990748,cellular detoxification,20/1551,72/10587,0.2777777777777778,1.8960885450247154,3.1607945508179403,0.002799321037516795,0.043566132263489536,0.03804902381090789,Cd36/S100a9/Gch1/Hp/S100a8/Sod2/Gsto1/Prdx1/Sesn2/Txnrd1/Srxn1/Aifm2/Ptgs2/Gsr/Txndc17/Prdx6/Nfe2l2/Esd/Txn1/Pim1,20
GO:0006633,fatty acid biosynthetic process,29/1551,118/10587,0.2457627118644068,1.6775563059371212,3.0663203687875464,0.002902772709322827,0.045066776300673045,0.03935962995691969,Lpl/Fabp5/Cd74/Angptl4/Nme2/Mif/Nme1/Hsd17b12/Trib3/Acot7/Anxa1/Elovl1/Acadl/Degs1/Acsl4/Plaa/Ptgs2/Il1b/Edn1/Pla2g4a/Apoc2/Scd2/Myo5a/Eif6/Mecr/Ndufab1/Slc45a3/Nr1h3/Ptges3,29
GO:0050918,positive chemotaxis,12/1551,35/10587,0.34285714285714286,2.3403150041447915,3.2904647513385323,0.0029601232943777655,0.04573568810494032,0.03994383240606142,Ccl2/Ccl3/Saa3/Ccl5/Lgals3/Mif/Cxcl10/F3/Alkbh1/Fpr2/Hgf/Creb3,12
GO:0061045,negative regulation of wound healing,12/1551,35/10587,0.34285714285714286,2.3403150041447915,3.2904647513385323,0.0029601232943777655,0.04573568810494032,0.03994383240606142,Tnf/Anxa5/Plaur/Anxa2/Cd9/Pdgfa/Tfpi/Thbs1/Pros1/Plau/Serpine2/Tmx1,12
GO:0043457,regulation of cellular respiration,14/1551,44/10587,0.3181818181818182,2.171883242482856,3.2270991699489553,0.0030395686708037657,0.0468502748009465,0.04091727056851223,Tnf/Chchd4/Shmt2/Myc/Trap1/Vcp/Oas1a/Pnpt1/Cisd1/Dnajc15/Nupr1/Trex1/Mfn2/Uqcc2,14
GO:0002694,regulation of leukocyte activation,83/1551,425/10587,0.1952941176470588,1.3330617817726704,2.9034436616049835,0.0030619136925230553,0.04707042438337753,0.04110954094618125,Ccl2/Id2/Lgals1/Ifnb1/Ctsc/Tnf/Il23a/Hspd1/Il12b/Cd74/Fn1/Ccl5/Lgals3/Il1a/Clec4d/Sdc4/Cdkn1a/Mif/Hspa4/Cd300lf/Arg1/Cd274/Il6/Tnfsf9/Gpr65/Milr1/Exosc3/Adam8/Dusp3/Anxa1/Il2rg/Tnfaip3/Usp5/Ap3d1/Cd83/Vcam1/Slamf8/Cd44/Dhps/Hspb1/Il27ra/Igf1/Hsp90aa1/Ctla2a/Il1b/Pla2g4a/Arg2/Nlrp3/Ripk3/Hsph1/Stat6/Ywhag/Cst7/Il10/Thbs1/Tarm1/Rabgef1/Pycard/Ptpn2/Ptprc/Fgl2/Axl/Dnaja3/Bst1/Clec7a/Slc7a1/Cd300lb/Adrm1/Kcnn4/Il4ra/Xbp1/Scgb1a1/H2-Eb1/Slamf7/Nr1h3/Trex1/H2-Aa/Znhit1/Adk/Mmp8/H2-Ab1/Slc4a2/Tnfsf14,83
GO:0034109,homotypic cell-cell adhesion,17/1551,58/10587,0.29310344827586204,2.000700326819182,3.1659802999241715,0.0030685335920542433,0.04707042438337753,0.04110954094618125,Plek/Lgals1/Pdia6/Rap2b/Gla/Plaur/Ccl5/Pdia3/Cd9/Pdia4/Il6/Emilin2/Slc7a11/Serpine2/Pdpn/Tmx1/Bloc1s4,17
GO:0032303,regulation of icosanoid secretion,7/1551,15/10587,0.4666666666666667,3.1854287556415217,3.509032883789752,0.003118489022470544,0.047722557546733005,0.04167908956046551,Il1a/Mif/P2ry2/Acsl4/Il1b/Edn1/Pla2g4a,7
GO:0002683,negative regulation of immune system process,77/1551,390/10587,0.19743589743589743,1.3476813966175667,2.8984197476340707,0.00316988250099609,0.048393539515206974,0.0422651000132812,Ccl2/Id2/Ccl3/Lgals1/Ifnb1/Tnf/Il12b/Cd74/Hspa9/Cd72/Mmp12/Fn1/Lgals3/Sdc4/Bst2/Mif/Nme1/Cd300lf/Arg1/Cd274/Isg15/Milr1/C1qbp/Ptger4/Dusp3/Usp18/Myc/Anxa1/Tnfaip3/Ppt1/Dgkz/Usp5/Lyar/Ttll12/Slamf8/Banf1/Cd44/Masp1/Hspa8/Sqstm1/Hspb1/Il27ra/Igf1/Mafb/Oas1a/Arg2/Mefv/Stat6/Ywhag/Cst7/Il10/Pik3ap1/Thbs1/Tarm1/Tnfaip6/Rabgef1/Psmb4/Ptpn2/Thoc5/Ptprc/Fgl2/Hmox1/Axl/Dnaja3/Sell/Il4ra/Scgb1a1/Nr1h3/Dhx58/Trex1/H2-Aa/Pvr/Cd68/Slc4a2/Pim1/Pilrb1/Trib1,77
GO:0001960,negative regulation of cytokine-mediated signaling pathway,18/1551,63/10587,0.2857142857142857,1.9502625034539927,3.1340590891611986,0.0031967130467966507,0.04868723053695991,0.04252159872223573,Mmp12/Ccl5/Il1r2/Il1rn/Arg1/Il6/Isg15/Usp18/Ttll12/Cish/Oas1a/Ecm1/Rabgef1/Ptpn2/Ptprc/Dnaja3/Trex1/Anxa4,18
GO:0014812,muscle cell migration,25/1551,98/10587,0.25510204081632654,1.7413058066553508,3.054408570930391,0.003227555222849283,0.049040483623008536,0.0428301167013175,Adamts1/Mdm2/Ccl5/Tlr2/Postn/P2ry2/Ptger4/Myc/Anxa1/F3/Pdgfa/Igf1/Arpc2/S100a11/Iqgap1/Myo5a/Nfe2l2/Naca/Plau/Plxna1/Kcnn4/Xbp1/Enpp1/Itgb1bp1/Trib1,25
GO:0071346,cellular response to type II interferon,24/1551,93/10587,0.25806451612903225,1.761527422474574,3.0559076368084033,0.0032852209243123703,0.049798668006361506,0.043492286468438,Ccl2/Tnf/Il12b/Capg/Ccl5/Tlr2/Vim/Arg1/Gapdh/Rab20/Calm1/Gsn/Edn1/Myo1c/Actr3/Gbp2/Ptpn2/Stx11/Stx8/Dnaja3/Cdc42ep2/Stat1/Pim1/Casp1,24
