gene_symbol,n_groups,predominant_direction,n_up,n_down,mean_log2FC,groups
Fkbp5,12,UP,12,0,0.8321640859125016,Acc3_accumbens_GLP_1;Acc3_brainstem_GLP_1;Acc3_brainstem_GLP_1_MK_801;Acc3_hypothalamus_GLP_1_MK_801;Acc5_nts_IP118_PY115;Acc5_pvn_IP118_PY115;Acc6_mbh_AC3174;Acc6_mbh_COMBO;Acc8_frontalcortex_ST_A_Ex;Acc8_frontalcortex_ST_A_Ex_KD;Acc8_hippocampus_ST_A_Ex;Acc8_hippocampus_ST_A_Ex_KD
Plin4,9,UP,9,0,1.382484292676555,Acc10_hippocampus_Ex4_Pre_TBI;Acc3_accumbens_GLP_1;Acc3_brainstem_GLP_1;Acc3_brainstem_GLP_1_MK_801;Acc3_hypothalamus_GLP_1_MK_801;Acc8_frontalcortex_ST_A_Ex;Acc8_frontalcortex_ST_A_Ex_KD;Acc8_hippocampus_ST_A_Ex;Acc8_hippocampus_ST_A_Ex_KD
Hif3a,9,UP,9,0,0.8990094968985244,Acc3_accumbens_GLP_1;Acc3_brainstem_GLP_1;Acc3_brainstem_GLP_1_MK_801;Acc3_hypothalamus_GLP_1_MK_801;Acc3_hypothalamus_conjugate_2;Acc5_arc_IP118_PY115;Acc5_nts_IP118_PY115;Acc8_hippocampus_ST_A_Ex;Acc8_hippocampus_ST_A_Ex_KD
Rbm3,9,UP,6,3,0.22063723052664702,Acc10_hippocampus_Ex4_Po_t_TBI;Acc10_hippocampus_Ex4_Pre_TBI;Acc10_hippocampus_Exendin4;Acc3_brainstem_GLP_1;Acc3_brainstem_GLP_1_MK_801;Acc3_hypothalamus_GLP_1_MK_801;Acc8_hippocampus_ST_A_Ex;Acc8_hippocampus_ST_A_Ex_KD;Acc8_hypothalamus_LT_A_Ex
Mpp5,9,DOWN,1,8,-0.24174175293387823,Acc10_hippocampus_Ex4_Po_t_TBI;Acc10_hippocampus_Ex4_Pre_TBI;Acc11_hippocampus_Ex4;Acc11_hippocampus_Ex4_mTBI;Acc3_brainstem_GLP_1;Acc3_brainstem_GLP_1_MK_801;Acc3_hypothalamus_GLP_1_MK_801;Acc8_hippocampus_ST_A_Ex;Acc8_hippocampus_ST_A_Ex_KD
Xdh,8,UP,8,0,0.7290676352468002,Acc10_hippocampus_Ex4_Pre_TBI;Acc3_accumbens_GLP_1;Acc3_brainstem_GLP_1;Acc3_brainstem_GLP_1_MK_801;Acc3_hypothalamus_GLP_1;Acc3_hypothalamus_GLP_1_MK_801;Acc8_frontalcortex_ST_A_Ex;Acc8_hippocampus_ST_A_Ex
Cdkn1a,8,UP,5,3,0.5787234060592998,Acc10_hippocampus_Ex4_Po_t_TBI;Acc10_hippocampus_Ex4_Pre_TBI;Acc10_hippocampus_Exendin4;Acc3_accumbens_GLP_1;Acc3_brainstem_GLP_1;Acc5_arc_IP118_PY115;Acc5_nts_IP118_PY115;Acc5_pvn_IP118_PY115
Vstm2a,8,DOWN,1,7,-0.24037867666883211,Acc10_hippocampus_Ex4_Po_t_TBI;Acc10_hippocampus_Ex4_Pre_TBI;Acc11_hippocampus_Ex4_mTBI;Acc3_brainstem_GLP_1;Acc3_brainstem_GLP_1_MK_801;Acc3_hypothalamus_GLP_1_MK_801;Acc8_hippocampus_ST_A_Ex;Acc8_hippocampus_ST_A_Ex_KD
Ednrb,8,DOWN,0,8,-0.4194065269906772,Acc10_hippocampus_Ex4_Po_t_TBI;Acc10_hippocampus_Ex4_Pre_TBI;Acc11_hippocampus_Ex4_mTBI;Acc3_brainstem_GLP_1;Acc3_hypothalamus_GLP_1_MK_801;Acc8_frontalcortex_ST_A_Ex;Acc8_hippocampus_ST_A_Ex;Acc8_hippocampus_ST_A_Ex_KD
Cd53,7,UP,6,1,4.339430567899964,Acc11_hippocampus_Ex4;Acc11_hippocampus_Ex4_mTBI;Acc3_hypothalamus_GLP_1_MK_801;Acc6_mbh_AC3174;Acc6_mbh_AC710222;Acc6_mbh_COMBO;Acc8_hypothalamus_LT_A_Ex
Msantd2,7,UP,4,3,2.15899109320343,Acc3_brainstem_GLP_1;Acc3_brainstem_GLP_1_MK_801;Acc3_hypothalamus_GLP_1_MK_801;Acc3_hypothalamus_conjugate_2;Acc6_mbh_AC3174;Acc6_mbh_AC710222;Acc6_mbh_COMBO
Mertk,7,UP,7,0,1.4320253568647223,Acc3_brainstem_GLP_1;Acc3_brainstem_GLP_1_MK_801;Acc3_hypothalamus_GLP_1_MK_801;Acc5_arc_IP118_PY115;Acc5_nts_IP118_PY115;Acc5_pvn_IP118_PY115;Acc6_mbh_AC710222
Map3k6,7,UP,7,0,0.7261603478665091,Acc3_accumbens_GLP_1;Acc3_brainstem_GLP_1;Acc3_hypothalamus_GLP_1_MK_801;Acc3_hypothalamus_conjugate_2;Acc5_nts_IP118_PY115;Acc5_pvn_IP118_PY115;Acc8_hippocampus_ST_A_Ex
Zbtb16,7,UP,6,1,0.575160418772313,Acc3_accumbens_GLP_1;Acc3_brainstem_GLP_1;Acc3_brainstem_GLP_1_MK_801;Acc3_hypothalamus_GLP_1_MK_801;Acc5_arc_IP118_PY115;Acc5_pvn_IP118_PY115;Acc8_hypothalamus_LT_A_Ex
Dbp,7,UP,6,1,0.446249133362194,Acc10_hippocampus_Ex4_Po_t_TBI;Acc10_hippocampus_Ex4_Pre_TBI;Acc10_hippocampus_Exendin4;Acc3_hypothalamus_GLP_1_MK_801;Acc5_pvn_IP118_PY115;Acc8_frontalcortex_ST_A_Ex_KD;Acc8_hippocampus_ST_A_Ex_KD
Ank3,7,UP,4,3,0.10870759888609946,Acc10_hippocampus_Ex4_Po_t_TBI;Acc10_hippocampus_Ex4_Pre_TBI;Acc11_hippocampus_Ex4_mTBI;Acc3_brainstem_GLP_1;Acc3_brainstem_GLP_1_MK_801;Acc3_hypothalamus_GLP_1_MK_801;Acc3_hypothalamus_conjugate_2
Epm2aip1,7,DOWN,3,4,0.014227236039885707,Acc11_hippocampus_Ex4;Acc11_hippocampus_Ex4_mTBI;Acc3_brainstem_GLP_1;Acc3_brainstem_GLP_1_MK_801;Acc3_hypothalamus_GLP_1_MK_801;Acc8_hippocampus_ST_A_Ex;Acc8_hippocampus_ST_A_Ex_KD
Tjp1,7,DOWN,3,4,0.006414158953627165,Acc11_hippocampus_Ex4;Acc11_hippocampus_Ex4_mTBI;Acc3_brainstem_GLP_1;Acc3_brainstem_GLP_1_MK_801;Acc8_frontalcortex_ST_A_Ex;Acc8_hippocampus_ST_A_Ex;Acc8_hippocampus_ST_A_Ex_KD
Fam126b,7,DOWN,1,6,-0.26106169618338804,Acc10_hippocampus_Ex4_Po_t_TBI;Acc10_hippocampus_Ex4_Pre_TBI;Acc11_hippocampus_Ex4_mTBI;Acc3_brainstem_GLP_1;Acc3_brainstem_GLP_1_MK_801;Acc3_hypothalamus_GLP_1_MK_801;Acc8_hippocampus_ST_A_Ex
Homer1,7,DOWN,1,6,-0.26661801437016086,Acc10_hippocampus_Ex4_Pre_TBI;Acc10_hippocampus_Exendin4;Acc3_brainstem_GLP_1_MK_801;Acc8_frontalcortex_ST_A_Ex;Acc8_frontalcortex_ST_A_Ex_KD;Acc8_hippocampus_ST_A_Ex;Acc8_hippocampus_ST_A_Ex_KD
Papola,7,DOWN,0,7,-0.27570750351867407,Acc10_hippocampus_Ex4_Po_t_TBI;Acc10_hippocampus_Ex4_Pre_TBI;Acc11_hippocampus_Ex4_mTBI;Acc3_hypothalamus_GLP_1_MK_801;Acc8_frontalcortex_ST_A_Ex;Acc8_hippocampus_ST_A_Ex;Acc8_hippocampus_ST_A_Ex_KD
Gramd3,7,DOWN,1,6,-0.27950197714469616,Acc3_brainstem_GLP_1;Acc3_hypothalamus_GLP_1_MK_801;Acc8_frontalcortex_ST_A_Ex;Acc8_frontalcortex_ST_A_Ex_KD;Acc8_hippocampus_ST_A_Ex;Acc8_hippocampus_ST_A_Ex_KD;Acc8_hypothalamus_LT_A_Ex
Stam,7,DOWN,0,7,-0.2904601662458357,Acc10_hippocampus_Ex4_Po_t_TBI;Acc10_hippocampus_Ex4_Pre_TBI;Acc11_hippocampus_Ex4_mTBI;Acc3_brainstem_GLP_1;Acc3_hypothalamus_GLP_1_MK_801;Acc8_hippocampus_ST_A_Ex;Acc8_hippocampus_ST_A_Ex_KD
Nr4a3,7,DOWN,1,6,-0.31427333719612977,Acc10_hippocampus_Ex4_Po_t_TBI;Acc10_hippocampus_Ex4_Pre_TBI;Acc3_hypothalamus_GLP_1_MK_801;Acc5_nts_IP118_PY115;Acc8_frontalcortex_ST_A_Ex;Acc8_hippocampus_ST_A_Ex;Acc8_hippocampus_ST_A_Ex_KD
Tmem47,7,DOWN,1,6,-0.35276876999047396,Acc10_hippocampus_Ex4_Po_t_TBI;Acc10_hippocampus_Ex4_Pre_TBI;Acc3_brainstem_GLP_1_MK_801;Acc3_hypothalamus_GLP_1_MK_801;Acc8_frontalcortex_ST_A_Ex;Acc8_hippocampus_ST_A_Ex;Acc8_hippocampus_ST_A_Ex_KD
Hspa1a,7,DOWN,0,7,-0.5921610393802871,Acc10_hippocampus_Ex4_Po_t_TBI;Acc10_hippocampus_Ex4_Pre_TBI;Acc3_brainstem_GLP_1;Acc3_brainstem_GLP_1_MK_801;Acc3_hypothalamus_GLP_1_MK_801;Acc3_hypothalamus_conjugate_2;Acc8_hypothalamus_LT_A_Ex
Ccdc9b,6,UP,5,1,5.41883090451594,Acc3_hypothalamus_GLP_1_MK_801;Acc6_mbh_AC3174;Acc6_mbh_AC710222;Acc6_mbh_COMBO;Acc8_hippocampus_ST_A_Ex;Acc8_hypothalamus_LT_A_Ex
Slc4a7,6,UP,3,3,3.835920433509731,Acc3_hypothalamus_GLP_1_MK_801;Acc6_mbh_AC3174;Acc6_mbh_AC710222;Acc6_mbh_COMBO;Acc8_hippocampus_ST_A_Ex;Acc8_hippocampus_ST_A_Ex_KD
Zfp52,6,UP,3,3,2.8228837863579987,Acc3_hypothalamus_GLP_1_MK_801;Acc6_mbh_AC710222;Acc6_mbh_COMBO;Acc8_hippocampus_ST_A_Ex;Acc8_hippocampus_ST_A_Ex_KD;Acc8_hypothalamus_LT_A_Ex
Zfp771,6,UP,3,3,2.369315981277101,Acc11_hippocampus_Ex4;Acc6_mbh_AC3174;Acc6_mbh_AC710222;Acc6_mbh_COMBO;Acc8_hippocampus_ST_A_Ex;Acc8_hippocampus_ST_A_Ex_KD
Sgpp1,6,DOWN,2,4,1.2913478839027517,Acc3_brainstem_GLP_1;Acc3_hypothalamus_GLP_1_MK_801;Acc6_mbh_AC3174;Acc6_mbh_COMBO;Acc8_hippocampus_ST_A_Ex;Acc8_hippocampus_ST_A_Ex_KD
Bmpr2,6,DOWN,2,4,1.1258402324758798,Acc3_brainstem_GLP_1;Acc3_brainstem_GLP_1_MK_801;Acc3_hypothalamus_GLP_1_MK_801;Acc6_mbh_COMBO;Acc8_hippocampus_ST_A_Ex;Acc8_hippocampus_ST_A_Ex_KD
Ubqln1,6,UP,3,3,1.0876337411172523,Acc10_hippocampus_Ex4_Po_t_TBI;Acc10_hippocampus_Ex4_Pre_TBI;Acc11_hippocampus_Ex4_mTBI;Acc6_mbh_AC3174;Acc6_mbh_AC710222;Acc6_mbh_COMBO
Cnksr2,6,UP,6,0,0.9116621671888496,Acc11_hippocampus_Ex4;Acc11_hippocampus_Ex4_mTBI;Acc3_brainstem_GLP_1_MK_801;Acc5_pvn_IP118_PY115;Acc6_mbh_AC3174;Acc6_mbh_COMBO
Arl4d,6,UP,6,0,0.8873665220961525,Acc3_accumbens_GLP_1;Acc3_brainstem_GLP_1;Acc5_arc_IP118_PY115;Acc5_pvn_IP118_PY115;Acc8_hippocampus_ST_A_Ex;Acc8_hippocampus_ST_A_Ex_KD
Arrdc2,6,UP,6,0,0.761320643051867,Acc3_accumbens_GLP_1;Acc3_brainstem_GLP_1;Acc3_hypothalamus_GLP_1_MK_801;Acc5_nts_IP118_PY115;Acc8_frontalcortex_ST_A_Ex;Acc8_hippocampus_ST_A_Ex
Rap1b,6,UP,3,3,0.47188637943502715,Acc3_hypothalamus_GLP_1_MK_801;Acc6_mbh_AC3174;Acc6_mbh_COMBO;Acc8_hippocampus_ST_A_Ex;Acc8_hippocampus_ST_A_Ex_KD;Acc8_hypothalamus_LT_A_Ex
Rps27,6,UP,5,1,0.3786904023866659,Acc3_brainstem_GLP_1;Acc3_brainstem_GLP_1_MK_801;Acc3_hypothalamus_GLP_1_MK_801;Acc8_hippocampus_ST_A_Ex;Acc8_hippocampus_ST_A_Ex_KD;Acc8_hypothalamus_LT_A_Ex
Klf15,6,UP,6,0,0.3696180465096692,Acc3_brainstem_GLP_1;Acc5_arc_IP118_PY115;Acc5_nts_IP118_PY115;Acc8_frontalcortex_ST_A_Ex_KD;Acc8_hippocampus_ST_A_Ex;Acc8_hippocampus_ST_A_Ex_KD
Rps9,6,UP,5,1,0.3308949533586159,Acc11_hippocampus_Ex4;Acc11_hippocampus_Ex4_mTBI;Acc3_brainstem_GLP_1;Acc3_brainstem_GLP_1_MK_801;Acc8_hippocampus_ST_A_Ex;Acc8_hippocampus_ST_A_Ex_KD
Hspe1,6,UP,3,3,0.1625700930493162,Acc11_hippocampus_Ex4_mTBI;Acc3_hypothalamus_GLP_1_MK_801;Acc3_hypothalamus_conjugate_2;Acc8_frontalcortex_LT_A_Ex;Acc8_hippocampus_ST_A_Ex;Acc8_hippocampus_ST_A_Ex_KD
Pom121,6,UP,4,2,0.12565974746847675,Acc11_hippocampus_Ex4;Acc11_hippocampus_Ex4_mTBI;Acc3_brainstem_GLP_1_MK_801;Acc3_hypothalamus_GLP_1_MK_801;Acc8_hippocampus_ST_A_Ex;Acc8_hippocampus_ST_A_Ex_KD
Kif1b,6,DOWN,2,4,0.10646437545027192,Acc10_hippocampus_Ex4_Po_t_TBI;Acc10_hippocampus_Ex4_Pre_TBI;Acc10_hippocampus_Exendin4;Acc3_brainstem_GLP_1;Acc3_brainstem_GLP_1_MK_801;Acc6_mbh_AC3174
Aldh6a1,6,UP,3,3,0.06102844081679932,Acc11_hippocampus_Ex4;Acc11_hippocampus_Ex4_mTBI;Acc3_brainstem_GLP_1;Acc8_hippocampus_ST_A_Ex;Acc8_hippocampus_ST_A_Ex_KD;Acc8_hypothalamus_LT_A_Ex
Fosb,6,DOWN,2,4,0.050899112753497226,Acc10_hippocampus_Ex4_Po_t_TBI;Acc10_hippocampus_Ex4_Pre_TBI;Acc10_hippocampus_Exendin4;Acc3_brainstem_GLP_1;Acc5_pvn_IP118_PY115;Acc8_hippocampus_ST_A_Ex
Srp54a,6,DOWN,2,4,0.032925538254476444,Acc10_hippocampus_Ex4_Po_t_TBI;Acc10_hippocampus_Ex4_Pre_TBI;Acc11_hippocampus_Ex4_mTBI;Acc8_hippocampus_ST_A_Ex;Acc8_hippocampus_ST_A_Ex_KD;Acc8_hypothalamus_LT_A_Ex
Kcna1,6,DOWN,2,4,0.009762214648350684,Acc10_hippocampus_Ex4_Po_t_TBI;Acc10_hippocampus_Ex4_Pre_TBI;Acc3_brainstem_GLP_1;Acc3_brainstem_GLP_1_MK_801;Acc3_hypothalamus_conjugate_2;Acc8_hippocampus_ST_A_Ex
Mtmr1,6,UP,3,3,-0.006136419933536271,Acc11_hippocampus_Ex4;Acc11_hippocampus_Ex4_mTBI;Acc3_hypothalamus_GLP_1_MK_801;Acc8_hippocampus_ST_A_Ex;Acc8_hippocampus_ST_A_Ex_KD;Acc8_hypothalamus_LT_A_Ex
Klhl11,6,UP,3,3,-0.018669383833397984,Acc3_brainstem_GLP_1;Acc3_brainstem_GLP_1_MK_801;Acc3_hypothalamus_GLP_1_MK_801;Acc3_hypothalamus_conjugate_2;Acc8_hippocampus_ST_A_Ex;Acc8_hippocampus_ST_A_Ex_KD
Srsf10,6,DOWN,2,4,-0.036216348320290866,Acc3_hypothalamus_GLP_1_MK_801;Acc6_dvc_COMBO;Acc8_frontalcortex_ST_A_Ex;Acc8_hippocampus_ST_A_Ex;Acc8_hippocampus_ST_A_Ex_KD;Acc8_hypothalamus_LT_A_Ex
Eif4g2,6,DOWN,2,4,-0.0617806099733843,Acc10_hippocampus_Ex4_Po_t_TBI;Acc11_hippocampus_Ex4;Acc11_hippocampus_Ex4_mTBI;Acc3_hypothalamus_GLP_1_MK_801;Acc8_hippocampus_ST_A_Ex;Acc8_hippocampus_ST_A_Ex_KD
Bmpr1a,6,DOWN,2,4,-0.07891107384509836,Acc11_hippocampus_Ex4;Acc11_hippocampus_Ex4_mTBI;Acc3_brainstem_GLP_1;Acc3_hypothalamus_GLP_1_MK_801;Acc8_hippocampus_ST_A_Ex;Acc8_hippocampus_ST_A_Ex_KD
Atp2b2,6,DOWN,2,4,-0.10445343691150322,Acc10_hippocampus_Ex4_Po_t_TBI;Acc10_hippocampus_Ex4_Pre_TBI;Acc3_brainstem_GLP_1;Acc3_brainstem_GLP_1_MK_801;Acc3_hypothalamus_GLP_1_MK_801;Acc8_hippocampus_ST_A_Ex
Ivns1abp,6,DOWN,1,5,-0.16389913603324022,Acc10_hippocampus_Ex4_Po_t_TBI;Acc10_hippocampus_Ex4_Pre_TBI;Acc3_hypothalamus_GLP_1_MK_801;Acc5_arc_IP118_PY115;Acc8_hippocampus_ST_A_Ex;Acc8_hippocampus_ST_A_Ex_KD
Gsk3b,6,DOWN,1,5,-0.17432550847486883,Acc10_hippocampus_Ex4_Po_t_TBI;Acc10_hippocampus_Ex4_Pre_TBI;Acc3_brainstem_GLP_1;Acc3_brainstem_GLP_1_MK_801;Acc8_hippocampus_ST_A_Ex;Acc8_hippocampus_ST_A_Ex_KD
Kcnd2,6,DOWN,1,5,-0.19021955437536708,Acc10_hippocampus_Ex4_Po_t_TBI;Acc10_hippocampus_Ex4_Pre_TBI;Acc3_brainstem_GLP_1;Acc3_brainstem_GLP_1_MK_801;Acc8_hippocampus_ST_A_Ex;Acc8_hippocampus_ST_A_Ex_KD
Sobp,6,DOWN,1,5,-0.21191203273501177,Acc10_hippocampus_Ex4_Po_t_TBI;Acc10_hippocampus_Ex4_Pre_TBI;Acc11_hippocampus_Ex4;Acc3_brainstem_GLP_1_MK_801;Acc8_hippocampus_ST_A_Ex;Acc8_hypothalamus_LT_A_Ex
Kbtbd7,6,DOWN,1,5,-0.2273273932253418,Acc11_hippocampus_Ex4_mTBI;Acc3_brainstem_GLP_1;Acc3_brainstem_GLP_1_MK_801;Acc3_hypothalamus_GLP_1_MK_801;Acc8_hippocampus_ST_A_Ex;Acc8_hippocampus_ST_A_Ex_KD
Dusp4,6,DOWN,1,5,-0.25197297611341835,Acc10_hippocampus_Ex4_Po_t_TBI;Acc10_hippocampus_Exendin4;Acc3_brainstem_GLP_1;Acc3_brainstem_GLP_1_MK_801;Acc8_frontalcortex_ST_A_Ex;Acc8_hippocampus_ST_A_Ex
Fos,6,DOWN,1,5,-0.2606512323917716,Acc10_hippocampus_Ex4_Po_t_TBI;Acc10_hippocampus_Ex4_Pre_TBI;Acc10_hippocampus_Exendin4;Acc3_brainstem_GLP_1;Acc5_nts_IP118_PY115;Acc8_hippocampus_ST_A_Ex
Chm,6,DOWN,1,5,-0.2708778081062225,Acc11_hippocampus_Ex4_mTBI;Acc3_brainstem_GLP_1;Acc3_brainstem_GLP_1_MK_801;Acc3_hypothalamus_GLP_1_MK_801;Acc8_hippocampus_ST_A_Ex;Acc8_hippocampus_ST_A_Ex_KD
Mef2a,6,DOWN,0,6,-0.27619739403248095,Acc10_hippocampus_Ex4_Po_t_TBI;Acc10_hippocampus_Ex4_Pre_TBI;Acc11_hippocampus_Ex4_mTBI;Acc3_brainstem_GLP_1;Acc3_hypothalamus_GLP_1_MK_801;Acc8_hippocampus_ST_A_Ex
Sox2,6,DOWN,1,5,-0.2816881826447384,Acc11_hippocampus_Ex4;Acc11_hippocampus_Ex4_mTBI;Acc3_brainstem_GLP_1;Acc3_hypothalamus_GLP_1_MK_801;Acc5_arc_IP118_PY115;Acc5_pvn_IP118_PY115
Edil3,6,DOWN,1,5,-0.28710764975856423,Acc11_hippocampus_Ex4_mTBI;Acc3_brainstem_GLP_1;Acc3_brainstem_GLP_1_MK_801;Acc3_hypothalamus_GLP_1_MK_801;Acc8_hippocampus_ST_A_Ex;Acc8_hippocampus_ST_A_Ex_KD
Spred1,6,DOWN,1,5,-0.2945003044912384,Acc3_brainstem_GLP_1;Acc3_brainstem_GLP_1_MK_801;Acc3_hypothalamus_GLP_1_MK_801;Acc8_frontalcortex_ST_A_Ex;Acc8_hippocampus_ST_A_Ex;Acc8_hippocampus_ST_A_Ex_KD
Atf2,6,DOWN,0,6,-0.30383379660137777,Acc10_hippocampus_Ex4_Po_t_TBI;Acc10_hippocampus_Ex4_Pre_TBI;Acc11_hippocampus_Ex4_mTBI;Acc3_hypothalamus_GLP_1_MK_801;Acc8_hippocampus_ST_A_Ex;Acc8_hippocampus_ST_A_Ex_KD
Cacnb4,6,DOWN,0,6,-0.3223760436019577,Acc10_hippocampus_Ex4_Po_t_TBI;Acc10_hippocampus_Ex4_Pre_TBI;Acc11_hippocampus_Ex4_mTBI;Acc3_brainstem_GLP_1;Acc3_hypothalamus_GLP_1_MK_801;Acc8_hippocampus_ST_A_Ex
Ube3a,6,DOWN,0,6,-0.3264348010205303,Acc10_hippocampus_Ex4_Po_t_TBI;Acc10_hippocampus_Ex4_Pre_TBI;Acc11_hippocampus_Ex4_mTBI;Acc3_brainstem_GLP_1;Acc8_hippocampus_ST_A_Ex;Acc8_hippocampus_ST_A_Ex_KD
Trim59,6,DOWN,1,5,-0.37470443003424436,Acc3_accumbens_GLP_1;Acc3_brainstem_GLP_1;Acc3_hypothalamus_GLP_1_MK_801;Acc8_hippocampus_ST_A_Ex;Acc8_hippocampus_ST_A_Ex_KD;Acc8_hypothalamus_LT_A_Ex
Cav1,6,DOWN,0,6,-0.39912774532831624,Acc3_brainstem_GLP_1_MK_801;Acc3_hypothalamus_GLP_1_MK_801;Acc8_frontalcortex_ST_A_Ex;Acc8_frontalcortex_YA_Ex;Acc8_hippocampus_ST_A_Ex;Acc8_hippocampus_ST_A_Ex_KD
Echdc2,5,UP,5,0,6.957791662312391,Acc6_mbh_AC3174;Acc6_mbh_AC710222;Acc6_mbh_COMBO;Acc8_hippocampus_ST_A_Ex;Acc8_hippocampus_ST_A_Ex_KD
Atp11c,5,UP,3,2,6.318114249621972,Acc3_brainstem_GLP_1;Acc3_hypothalamus_GLP_1_MK_801;Acc6_mbh_AC3174;Acc6_mbh_AC710222;Acc6_mbh_COMBO
Acvr1c,5,UP,3,2,4.227609112788498,Acc3_brainstem_GLP_1;Acc6_mbh_AC3174;Acc6_mbh_AC710222;Acc6_mbh_COMBO;Acc8_hippocampus_ST_A_Ex
Tmem160,5,UP,5,0,1.8584464804758938,Acc6_mbh_AC3174;Acc6_mbh_AC710222;Acc6_mbh_COMBO;Acc8_hippocampus_ST_A_Ex;Acc8_hippocampus_ST_A_Ex_KD
Fance,5,UP,5,0,1.3291741776512873,Acc6_mbh_AC3174;Acc6_mbh_AC710222;Acc6_mbh_COMBO;Acc8_hippocampus_ST_A_Ex;Acc8_hippocampus_ST_A_Ex_KD
Zfyve9,5,UP,3,2,1.087397502196747,Acc3_brainstem_GLP_1;Acc6_mbh_AC3174;Acc6_mbh_AC710222;Acc6_mbh_COMBO;Acc8_hippocampus_ST_A_Ex
Glrx5,5,UP,5,0,1.082822738851617,Acc3_brainstem_GLP_1;Acc6_mbh_AC3174;Acc6_mbh_COMBO;Acc8_hippocampus_ST_A_Ex;Acc8_hippocampus_ST_A_Ex_KD
Hras,5,UP,5,0,0.8743098337772472,Acc3_brainstem_GLP_1;Acc6_mbh_AC3174;Acc6_mbh_COMBO;Acc8_hippocampus_ST_A_Ex;Acc8_hippocampus_ST_A_Ex_KD
Mt2,5,UP,5,0,0.8279362157476047,Acc3_brainstem_GLP_1;Acc3_hypothalamus_GLP_1_MK_801;Acc5_nts_IP118_PY115;Acc8_hippocampus_ST_A_Ex;Acc8_hippocampus_ST_A_Ex_KD
Chka,5,UP,3,2,0.785675477954391,Acc3_brainstem_GLP_1;Acc6_mbh_AC3174;Acc6_mbh_COMBO;Acc8_frontalcortex_ST_A_Ex;Acc8_frontalcortex_ST_A_Ex_KD
Sult1a1,5,UP,5,0,0.6084876025848638,Acc3_accumbens_GLP_1;Acc3_brainstem_GLP_1;Acc3_hypothalamus_GLP_1_MK_801;Acc5_nts_IP118_PY115;Acc8_hippocampus_ST_A_Ex
Tmem65,5,DOWN,2,3,0.591861986366949,Acc3_hypothalamus_GLP_1_MK_801;Acc6_mbh_AC3174;Acc6_mbh_COMBO;Acc8_hippocampus_ST_A_Ex;Acc8_hippocampus_ST_A_Ex_KD
Slmap,5,UP,3,2,0.573920644555446,Acc11_hippocampus_Ex4;Acc3_brainstem_GLP_1;Acc6_mbh_AC3174;Acc6_mbh_COMBO;Acc8_hippocampus_ST_A_Ex
Lnpep,5,UP,3,2,0.5567165307632145,Acc3_brainstem_GLP_1;Acc3_brainstem_GLP_1_MK_801;Acc3_hypothalamus_GLP_1_MK_801;Acc8_hippocampus_ST_A_Ex;Acc8_hippocampus_ST_A_Ex_KD
Mxd4,5,UP,4,1,0.5406631255339737,Acc3_brainstem_GLP_1;Acc5_nts_IP118_PY115;Acc6_mbh_AC3174;Acc6_mbh_COMBO;Acc8_hypothalamus_LT_A_Ex
Bex1,5,UP,5,0,0.5193204048492062,Acc3_brainstem_GLP_1;Acc3_hypothalamus_GLP_1_MK_801;Acc8_frontalcortex_ST_A_Ex;Acc8_hippocampus_ST_A_Ex;Acc8_hippocampus_ST_A_Ex_KD
Tmem256,5,UP,4,1,0.48643468213460056,Acc3_brainstem_GLP_1;Acc3_brainstem_GLP_1_MK_801;Acc8_hippocampus_ST_A_Ex;Acc8_hippocampus_ST_A_Ex_KD;Acc8_hypothalamus_LT_A_Ex
Ndufa5,5,UP,4,1,0.47458190588964017,Acc11_hippocampus_Ex4_mTBI;Acc3_brainstem_GLP_1;Acc3_brainstem_GLP_1_MK_801;Acc8_hippocampus_ST_A_Ex;Acc8_hippocampus_ST_A_Ex_KD
Atp5mpl,5,UP,4,1,0.4566785283428053,Acc3_brainstem_GLP_1;Acc3_brainstem_GLP_1_MK_801;Acc8_hippocampus_ST_A_Ex;Acc8_hippocampus_ST_A_Ex_KD;Acc8_hypothalamus_LT_A_Ex
Ndufb9,5,UP,4,1,0.45054409959322506,Acc11_hippocampus_Ex4;Acc11_hippocampus_Ex4_mTBI;Acc3_brainstem_GLP_1_MK_801;Acc8_hippocampus_ST_A_Ex;Acc8_hippocampus_ST_A_Ex_KD
Polr2k,5,UP,4,1,0.3895330177600022,Acc3_brainstem_GLP_1;Acc3_brainstem_GLP_1_MK_801;Acc3_hypothalamus_GLP_1_MK_801;Acc8_hippocampus_ST_A_Ex;Acc8_hippocampus_ST_A_Ex_KD
Nadk2,5,DOWN,2,3,0.3894611577743605,Acc3_hypothalamus_GLP_1_MK_801;Acc6_dvc_AC3174;Acc6_dvc_COMBO;Acc8_hippocampus_ST_A_Ex;Acc8_hippocampus_ST_A_Ex_KD
Kcna5,5,UP,4,1,0.3608701594312326,Acc3_brainstem_GLP_1;Acc3_hypothalamus_GLP_1_MK_801;Acc5_pvn_IP118_PY115;Acc8_hippocampus_ST_A_Ex;Acc8_hypothalamus_LT_A_Ex
Glul,5,UP,5,0,0.36007420199527995,Acc11_hippocampus_Ex4;Acc11_hippocampus_Ex4_mTBI;Acc3_hypothalamus_GLP_1_MK_801;Acc8_hippocampus_ST_A_Ex;Acc8_hippocampus_ST_A_Ex_KD
Errfi1,5,UP,4,1,0.29791273587110273,Acc3_accumbens_GLP_1;Acc3_brainstem_GLP_1;Acc5_nts_IP118_PY115;Acc5_pvn_IP118_PY115;Acc8_hippocampus_ST_A_Ex
Rnf11,5,DOWN,1,4,0.293305825421883,Acc11_hippocampus_Ex4_mTBI;Acc3_hypothalamus_GLP_1_MK_801;Acc6_mbh_COMBO;Acc8_hippocampus_ST_A_Ex;Acc8_hippocampus_ST_A_Ex_KD
Shc3,5,UP,3,2,0.2593218793468334,Acc3_brainstem_GLP_1;Acc3_brainstem_GLP_1_MK_801;Acc3_hypothalamus_GLP_1_MK_801;Acc3_hypothalamus_conjugate_2;Acc8_frontalcortex_ST_A_Ex
Cox17,5,UP,3,2,0.2396881769996199,Acc3_brainstem_GLP_1;Acc3_brainstem_GLP_1_MK_801;Acc3_hypothalamus_GLP_1_MK_801;Acc8_hippocampus_ST_A_Ex;Acc8_hippocampus_ST_A_Ex_KD
Aff2,5,UP,3,2,0.20596436671922252,Acc3_brainstem_GLP_1;Acc3_brainstem_GLP_1_MK_801;Acc3_hypothalamus_GLP_1_MK_801;Acc3_hypothalamus_conjugate_2;Acc8_hippocampus_ST_A_Ex
Rpl26,5,UP,4,1,0.1872328265952134,Acc3_brainstem_GLP_1;Acc3_brainstem_GLP_1_MK_801;Acc8_hippocampus_ST_A_Ex;Acc8_hippocampus_ST_A_Ex_KD;Acc8_hypothalamus_LT_A_Ex
Wnk2,5,UP,4,1,0.1770309595652132,Acc11_hippocampus_Ex4;Acc11_hippocampus_Ex4_mTBI;Acc3_brainstem_GLP_1_MK_801;Acc3_hypothalamus_GLP_1_MK_801;Acc8_hypothalamus_LT_A_Ex
Ndufb4,5,UP,3,2,0.1753688086189486,Acc11_hippocampus_Ex4_mTBI;Acc3_brainstem_GLP_1_MK_801;Acc3_hypothalamus_GLP_1_MK_801;Acc8_hippocampus_ST_A_Ex;Acc8_hippocampus_ST_A_Ex_KD
Ank2,5,UP,4,1,0.16114596242194,Acc3_brainstem_GLP_1;Acc3_brainstem_GLP_1_MK_801;Acc3_hypothalamus_GLP_1_MK_801;Acc3_hypothalamus_conjugate_2;Acc8_hippocampus_ST_A_Ex_KD
Lrp1,5,UP,4,1,0.15479631362689578,Acc11_hippocampus_Ex4;Acc3_brainstem_GLP_1_MK_801;Acc3_hypothalamus_GLP_1_MK_801;Acc3_hypothalamus_conjugate_2;Acc8_hippocampus_ST_A_Ex
Ptp4a1,5,DOWN,2,3,0.13147816725646652,Acc3_brainstem_GLP_1;Acc6_mbh_COMBO;Acc8_hippocampus_ST_A_Ex;Acc8_hippocampus_ST_A_Ex_KD;Acc8_hypothalamus_LT_A_Ex
Hadhb,5,UP,3,2,0.13066269915446965,Acc11_hippocampus_Ex4;Acc11_hippocampus_Ex4_mTBI;Acc8_hippocampus_ST_A_Ex;Acc8_hippocampus_ST_A_Ex_KD;Acc8_hypothalamus_LT_A_Ex
Cyfip2,5,UP,3,2,0.13020156062876992,Acc11_hippocampus_Ex4;Acc11_hippocampus_Ex4_mTBI;Acc3_brainstem_GLP_1_MK_801;Acc8_hippocampus_ST_A_Ex;Acc8_hippocampus_ST_A_Ex_KD
Ctnnd2,5,UP,3,2,0.1275076149981272,Acc11_hippocampus_Ex4;Acc11_hippocampus_Ex4_mTBI;Acc3_brainstem_GLP_1_MK_801;Acc8_hippocampus_ST_A_Ex;Acc8_hypothalamus_LT_A_Ex
Soga1,5,UP,3,2,0.12425930098431977,Acc3_brainstem_GLP_1_MK_801;Acc3_hypothalamus_GLP_1_MK_801;Acc3_hypothalamus_conjugate_2;Acc8_hippocampus_ST_A_Ex;Acc8_hippocampus_ST_A_Ex_KD
Gnai1,5,DOWN,1,4,0.11905970839258269,Acc3_brainstem_GLP_1;Acc3_hypothalamus_GLP_1_MK_801;Acc6_mbh_COMBO;Acc8_hippocampus_ST_A_Ex;Acc8_hippocampus_ST_A_Ex_KD
Foxk1,5,UP,4,1,0.11612203674041159,Acc11_hippocampus_Ex4_mTBI;Acc3_brainstem_GLP_1_MK_801;Acc3_hypothalamus_conjugate_2;Acc8_hippocampus_ST_A_Ex_KD;Acc8_hypothalamus_LT_A_Ex
Rpl39,5,UP,3,2,0.11557421269630293,Acc3_brainstem_GLP_1;Acc3_brainstem_GLP_1_MK_801;Acc3_hypothalamus_GLP_1_MK_801;Acc8_hippocampus_ST_A_Ex;Acc8_hypothalamus_LT_A_Ex
Kpna3,5,DOWN,2,3,0.07345740371118806,Acc11_hippocampus_Ex4;Acc11_hippocampus_Ex4_mTBI;Acc3_hypothalamus_GLP_1_MK_801;Acc8_hippocampus_ST_A_Ex;Acc8_hippocampus_ST_A_Ex_KD
Snx5,5,UP,3,2,0.0573165512359764,Acc11_hippocampus_Ex4;Acc11_hippocampus_Ex4_mTBI;Acc8_hippocampus_ST_A_Ex;Acc8_hippocampus_ST_A_Ex_KD;Acc8_hypothalamus_LT_A_Ex
Fstl4,5,UP,3,2,0.04792792137126069,Acc3_brainstem_GLP_1_MK_801;Acc3_hypothalamus_GLP_1_MK_801;Acc3_hypothalamus_conjugate_2;Acc8_hippocampus_ST_A_Ex;Acc8_hippocampus_ST_A_Ex_KD
Smox,5,UP,3,2,0.041730818798943706,Acc11_hippocampus_Ex4_mTBI;Acc3_brainstem_GLP_1;Acc3_hypothalamus_GLP_1_MK_801;Acc8_hippocampus_ST_A_Ex;Acc8_hypothalamus_LT_A_Ex
Tfrc,5,UP,3,2,0.0403933580408015,Acc10_hippocampus_Ex4_Po_t_TBI;Acc10_hippocampus_Ex4_Pre_TBI;Acc3_brainstem_GLP_1;Acc3_hypothalamus_GLP_1_MK_801;Acc8_hypothalamus_LT_A_Ex
Ptges3,5,DOWN,2,3,0.03921213138553072,Acc11_hippocampus_Ex4;Acc11_hippocampus_Ex4_mTBI;Acc3_hypothalamus_GLP_1_MK_801;Acc8_frontalcortex_ST_A_Ex;Acc8_frontalcortex_ST_A_Ex_KD
Rpl24,5,UP,3,2,0.03699664269512952,Acc3_brainstem_GLP_1;Acc3_brainstem_GLP_1_MK_801;Acc3_hypothalamus_GLP_1_MK_801;Acc8_hippocampus_ST_A_Ex;Acc8_hippocampus_ST_A_Ex_KD
Chga,5,UP,3,2,0.03338363549408666,Acc11_hippocampus_Ex4_mTBI;Acc3_hypothalamus_GLP_1_MK_801;Acc8_hippocampus_ST_A_Ex;Acc8_hippocampus_ST_A_Ex_KD;Acc8_hypothalamus_LT_A_Ex
P2ry12,5,DOWN,2,3,0.01313227976410023,Acc11_hippocampus_Ex4;Acc11_hippocampus_Ex4_mTBI;Acc3_brainstem_GLP_1;Acc3_hypothalamus_GLP_1_MK_801;Acc8_hippocampus_ST_A_Ex
Nudt4,5,DOWN,2,3,-0.0015658186234898785,Acc11_hippocampus_Ex4;Acc11_hippocampus_Ex4_mTBI;Acc3_hypothalamus_GLP_1_MK_801;Acc8_hippocampus_ST_A_Ex;Acc8_hippocampus_ST_A_Ex_KD
Me1,5,DOWN,2,3,-0.010224782357861107,Acc11_hippocampus_Ex4;Acc11_hippocampus_Ex4_mTBI;Acc3_hypothalamus_GLP_1_MK_801;Acc8_hippocampus_ST_A_Ex;Acc8_hippocampus_ST_A_Ex_KD
Clcn3,5,DOWN,2,3,-0.01082918939757722,Acc11_hippocampus_Ex4;Acc3_brainstem_GLP_1;Acc3_brainstem_GLP_1_MK_801;Acc3_hypothalamus_GLP_1_MK_801;Acc8_hippocampus_ST_A_Ex
Slc22a23,5,DOWN,2,3,-0.013333518508418884,Acc11_hippocampus_Ex4_mTBI;Acc3_brainstem_GLP_1;Acc5_pvn_IP118_PY115;Acc8_hippocampus_ST_A_Ex;Acc8_hippocampus_ST_A_Ex_KD
Slc35e2,5,DOWN,2,3,-0.01578650813975635,Acc11_hippocampus_Ex4;Acc11_hippocampus_Ex4_mTBI;Acc3_hypothalamus_GLP_1_MK_801;Acc8_hippocampus_ST_A_Ex;Acc8_hippocampus_ST_A_Ex_KD
Picalm,5,DOWN,2,3,-0.037044604107485335,Acc11_hippocampus_Ex4;Acc11_hippocampus_Ex4_mTBI;Acc3_hypothalamus_GLP_1_MK_801;Acc8_hippocampus_ST_A_Ex;Acc8_hippocampus_ST_A_Ex_KD
Rnd3,5,DOWN,2,3,-0.039906655470445355,Acc11_hippocampus_Ex4;Acc11_hippocampus_Ex4_mTBI;Acc3_hypothalamus_GLP_1_MK_801;Acc3_hypothalamus_conjugate_2;Acc5_pvn_IP118_PY115
Pdzd8,5,DOWN,2,3,-0.04238702101718469,Acc11_hippocampus_Ex4;Acc3_brainstem_GLP_1;Acc3_brainstem_GLP_1_MK_801;Acc8_hippocampus_ST_A_Ex;Acc8_hippocampus_ST_A_Ex_KD
Fam91a1,5,DOWN,2,3,-0.042893468858329495,Acc11_hippocampus_Ex4;Acc11_hippocampus_Ex4_mTBI;Acc3_brainstem_GLP_1;Acc8_hippocampus_ST_A_Ex;Acc8_hippocampus_ST_A_Ex_KD
Slain1,5,DOWN,2,3,-0.0593963478951534,Acc11_hippocampus_Ex4;Acc11_hippocampus_Ex4_mTBI;Acc3_brainstem_GLP_1;Acc8_hippocampus_ST_A_Ex;Acc8_hippocampus_ST_A_Ex_KD
Zfp800,5,DOWN,2,3,-0.07081701955956801,Acc3_brainstem_GLP_1;Acc3_brainstem_GLP_1_MK_801;Acc8_hippocampus_ST_A_Ex;Acc8_hippocampus_ST_A_Ex_KD;Acc8_hypothalamus_LT_A_Ex
Zmiz1,5,DOWN,2,3,-0.08930605582099806,Acc3_brainstem_GLP_1_MK_801;Acc3_hypothalamus_GLP_1_MK_801;Acc8_hippocampus_ST_A_Ex;Acc8_hippocampus_ST_A_Ex_KD;Acc8_hypothalamus_LT_A_Ex
Phtf2,5,DOWN,2,3,-0.09343028645939962,Acc11_hippocampus_Ex4;Acc3_hypothalamus_GLP_1_MK_801;Acc8_hippocampus_ST_A_Ex;Acc8_hippocampus_ST_A_Ex_KD;Acc8_hypothalamus_LT_A_Ex
Grm3,5,DOWN,2,3,-0.12045002871601593,Acc3_brainstem_GLP_1;Acc3_brainstem_GLP_1_MK_801;Acc3_hypothalamus_GLP_1_MK_801;Acc8_hippocampus_ST_A_Ex;Acc8_hippocampus_ST_A_Ex_KD
Edem1,5,DOWN,1,4,-0.12270091856612786,Acc3_brainstem_GLP_1;Acc3_hypothalamus_GLP_1_MK_801;Acc8_hippocampus_ST_A_Ex;Acc8_hippocampus_ST_A_Ex_KD;Acc8_hypothalamus_LT_A_Ex
Bcr,5,DOWN,2,3,-0.13377428258944382,Acc3_brainstem_GLP_1_MK_801;Acc3_hypothalamus_GLP_1_MK_801;Acc8_hippocampus_ST_A_Ex;Acc8_hippocampus_ST_A_Ex_KD;Acc8_hypothalamus_LT_A_Ex
Ppargc1a,5,DOWN,1,4,-0.13608577303286734,Acc10_hippocampus_Ex4_Pre_TBI;Acc3_brainstem_GLP_1;Acc3_brainstem_GLP_1_MK_801;Acc8_hippocampus_ST_A_Ex;Acc8_hippocampus_ST_A_Ex_KD
Specc1,5,DOWN,1,4,-0.13906454473162538,Acc3_accumbens_GLP_1_MK_801;Acc3_brainstem_GLP_1;Acc3_brainstem_GLP_1_MK_801;Acc8_hippocampus_ST_A_Ex;Acc8_hippocampus_ST_A_Ex_KD
Lypla1,5,DOWN,2,3,-0.1408803614457766,Acc11_hippocampus_Ex4;Acc11_hippocampus_Ex4_mTBI;Acc3_hypothalamus_GLP_1_MK_801;Acc8_hippocampus_ST_A_Ex;Acc8_hippocampus_ST_A_Ex_KD
Map2,5,DOWN,1,4,-0.14840509324508627,Acc10_hippocampus_Ex4_Po_t_TBI;Acc10_hippocampus_Ex4_Pre_TBI;Acc11_hippocampus_Ex4_mTBI;Acc3_brainstem_GLP_1;Acc3_brainstem_GLP_1_MK_801
D16ertd472e,5,DOWN,1,4,-0.15022527640532335,Acc3_brainstem_GLP_1;Acc3_hypothalamus_GLP_1_MK_801;Acc8_hippocampus_ST_A_Ex;Acc8_hippocampus_ST_A_Ex_KD;Acc8_hypothalamus_LT_A_Ex
Jam2,5,DOWN,1,4,-0.16211088904556858,Acc11_hippocampus_Ex4;Acc3_hypothalamus_GLP_1_MK_801;Acc8_frontalcortex_ST_A_Ex;Acc8_hippocampus_ST_A_Ex;Acc8_hippocampus_ST_A_Ex_KD
Irs2,5,DOWN,1,4,-0.16302096372011365,Acc3_brainstem_GLP_1;Acc3_brainstem_GLP_1_MK_801;Acc8_hippocampus_ST_A_Ex;Acc8_hippocampus_ST_A_Ex_KD;Acc8_hypothalamus_LT_A_Ex
Sp4,5,DOWN,1,4,-0.16543943510173925,Acc10_hippocampus_Ex4_Pre_TBI;Acc11_hippocampus_Ex4_mTBI;Acc3_brainstem_GLP_1_MK_801;Acc8_hippocampus_ST_A_Ex;Acc8_hippocampus_ST_A_Ex_KD
Prkaa2,5,DOWN,1,4,-0.16583232350358834,Acc10_hippocampus_Ex4_Pre_TBI;Acc3_brainstem_GLP_1;Acc3_brainstem_GLP_1_MK_801;Acc3_hypothalamus_GLP_1_MK_801;Acc8_hippocampus_ST_A_Ex
Slc30a4,5,DOWN,2,3,-0.16864556987333681,Acc11_hippocampus_Ex4;Acc11_hippocampus_Ex4_mTBI;Acc3_hypothalamus_GLP_1_MK_801;Acc8_hippocampus_ST_A_Ex;Acc8_hippocampus_ST_A_Ex_KD
Cachd1,5,DOWN,1,4,-0.16990291399606783,Acc10_hippocampus_Ex4_Po_t_TBI;Acc10_hippocampus_Ex4_Pre_TBI;Acc3_brainstem_GLP_1;Acc3_brainstem_GLP_1_MK_801;Acc8_hippocampus_ST_A_Ex
Acbd5,5,DOWN,1,4,-0.17286906981357536,Acc10_hippocampus_Ex4_Po_t_TBI;Acc10_hippocampus_Ex4_Pre_TBI;Acc11_hippocampus_Ex4_mTBI;Acc8_hippocampus_ST_A_Ex;Acc8_hypothalamus_LT_A_Ex
Hif1a,5,DOWN,1,4,-0.1755350895193818,Acc3_brainstem_GLP_1;Acc3_brainstem_GLP_1_MK_801;Acc3_hypothalamus_GLP_1_MK_801;Acc8_hippocampus_ST_A_Ex;Acc8_hippocampus_ST_A_Ex_KD
Vcpip1,5,DOWN,1,4,-0.17617651017900987,Acc3_brainstem_GLP_1;Acc3_brainstem_GLP_1_MK_801;Acc3_hypothalamus_GLP_1_MK_801;Acc8_hippocampus_ST_A_Ex;Acc8_hippocampus_ST_A_Ex_KD
Bicd1,5,DOWN,1,4,-0.18203093582154084,Acc10_hippocampus_Ex4_Po_t_TBI;Acc10_hippocampus_Ex4_Pre_TBI;Acc3_brainstem_GLP_1_MK_801;Acc3_hypothalamus_GLP_1_MK_801;Acc8_hippocampus_ST_A_Ex
Hipk3,5,DOWN,1,4,-0.18301078994298692,Acc3_brainstem_GLP_1;Acc3_brainstem_GLP_1_MK_801;Acc3_hypothalamus_GLP_1_MK_801;Acc8_hippocampus_ST_A_Ex;Acc8_hippocampus_ST_A_Ex_KD
Gpam,5,DOWN,1,4,-0.1850996217912917,Acc3_brainstem_GLP_1;Acc3_brainstem_GLP_1_MK_801;Acc8_frontalcortex_ST_A_Ex;Acc8_hippocampus_ST_A_Ex;Acc8_hippocampus_ST_A_Ex_KD
Cpeb3,5,DOWN,1,4,-0.18512995171527347,Acc10_hippocampus_Ex4_Po_t_TBI;Acc10_hippocampus_Ex4_Pre_TBI;Acc3_brainstem_GLP_1;Acc3_brainstem_GLP_1_MK_801;Acc8_hippocampus_ST_A_Ex
Ptch1,5,DOWN,1,4,-0.18719743072317177,Acc3_brainstem_GLP_1;Acc3_brainstem_GLP_1_MK_801;Acc5_pvn_IP118_PY115;Acc8_frontalcortex_YA_Ex;Acc8_hippocampus_ST_A_Ex
C1ql3,5,DOWN,1,4,-0.18821248053264136,Acc10_hippocampus_Ex4_Po_t_TBI;Acc3_brainstem_GLP_1_MK_801;Acc3_hypothalamus_GLP_1_MK_801;Acc8_hippocampus_ST_A_Ex;Acc8_hippocampus_ST_A_Ex_KD
Cnot6,5,DOWN,1,4,-0.18956500189367095,Acc10_hippocampus_Ex4_Pre_TBI;Acc3_hypothalamus_GLP_1_MK_801;Acc8_hippocampus_ST_A_Ex;Acc8_hippocampus_ST_A_Ex_KD;Acc8_hypothalamus_LT_A_Ex
Pcdh7,5,DOWN,1,4,-0.18958907675425687,Acc3_brainstem_GLP_1;Acc3_brainstem_GLP_1_MK_801;Acc3_hypothalamus_GLP_1_MK_801;Acc8_hippocampus_ST_A_Ex;Acc8_hippocampus_ST_A_Ex_KD
Cpd,5,DOWN,1,4,-0.1938308068538058,Acc10_hippocampus_Ex4_Po_t_TBI;Acc3_brainstem_GLP_1;Acc3_brainstem_GLP_1_MK_801;Acc8_hippocampus_ST_A_Ex;Acc8_hippocampus_ST_A_Ex_KD
Osbpl8,5,DOWN,1,4,-0.19397021459393488,Acc3_brainstem_GLP_1;Acc3_brainstem_GLP_1_MK_801;Acc3_hypothalamus_GLP_1_MK_801;Acc8_hippocampus_ST_A_Ex;Acc8_hippocampus_ST_A_Ex_KD
Avl9,5,DOWN,1,4,-0.19626003908636772,Acc3_brainstem_GLP_1;Acc3_brainstem_GLP_1_MK_801;Acc3_hypothalamus_GLP_1_MK_801;Acc8_hippocampus_ST_A_Ex;Acc8_hippocampus_ST_A_Ex_KD
Tram1,5,DOWN,1,4,-0.19691127442267442,Acc11_hippocampus_Ex4_mTBI;Acc3_hypothalamus_GLP_1_MK_801;Acc8_hippocampus_ST_A_Ex;Acc8_hippocampus_ST_A_Ex_KD;Acc8_hypothalamus_LT_A_Ex
Atl2,5,DOWN,1,4,-0.20927679327343957,Acc10_hippocampus_Ex4_Po_t_TBI;Acc10_hippocampus_Ex4_Pre_TBI;Acc11_hippocampus_Ex4;Acc11_hippocampus_Ex4_mTBI;Acc3_hypothalamus_GLP_1_MK_801
Mbnl2,5,DOWN,1,4,-0.2102878565123246,Acc3_brainstem_GLP_1;Acc3_brainstem_GLP_1_MK_801;Acc3_hypothalamus_GLP_1_MK_801;Acc8_hippocampus_ST_A_Ex;Acc8_hippocampus_ST_A_Ex_KD
Abhd17b,5,DOWN,1,4,-0.21132132739868653,Acc3_brainstem_GLP_1;Acc3_hypothalamus_GLP_1_MK_801;Acc5_pvn_IP118_PY115;Acc8_hippocampus_ST_A_Ex;Acc8_hippocampus_ST_A_Ex_KD
Lrrc8b,5,DOWN,1,4,-0.2113349376045936,Acc3_brainstem_GLP_1;Acc3_brainstem_GLP_1_MK_801;Acc3_hypothalamus_GLP_1_MK_801;Acc8_hippocampus_ST_A_Ex;Acc8_hippocampus_ST_A_Ex_KD
Kctd12,5,DOWN,1,4,-0.21144507510632096,Acc3_brainstem_GLP_1;Acc3_hypothalamus_GLP_1_MK_801;Acc5_arc_IP118_PY115;Acc8_hippocampus_ST_A_Ex;Acc8_hippocampus_ST_A_Ex_KD
Swt1,5,DOWN,1,4,-0.21444787359708145,Acc3_hypothalamus_GLP_1_MK_801;Acc8_frontalcortex_ST_A_Ex_KD;Acc8_hippocampus_ST_A_Ex;Acc8_hippocampus_ST_A_Ex_KD;Acc8_hypothalamus_LT_A_Ex
Hnrnpa2b1,5,DOWN,1,4,-0.2148199539097187,Acc10_hippocampus_Ex4_Pre_TBI;Acc11_hippocampus_Ex4_mTBI;Acc3_hypothalamus_GLP_1_MK_801;Acc3_hypothalamus_conjugate_2;Acc8_hippocampus_ST_A_Ex
Lamp2,5,DOWN,1,4,-0.21590721646612815,Acc3_brainstem_GLP_1;Acc3_hypothalamus_GLP_1_MK_801;Acc8_hippocampus_ST_A_Ex;Acc8_hippocampus_ST_A_Ex_KD;Acc8_hypothalamus_LT_A_Ex
Washc4,5,DOWN,1,4,-0.2160474523222724,Acc3_brainstem_GLP_1;Acc3_hypothalamus_GLP_1_MK_801;Acc8_hippocampus_ST_A_Ex;Acc8_hippocampus_ST_A_Ex_KD;Acc8_hypothalamus_LT_A_Ex
Serp1,5,DOWN,1,4,-0.21930911945930257,Acc3_brainstem_GLP_1;Acc3_hypothalamus_GLP_1_MK_801;Acc8_hippocampus_ST_A_Ex;Acc8_hippocampus_ST_A_Ex_KD;Acc8_hypothalamus_LT_A_Ex
Bmpr1b,5,DOWN,1,4,-0.2211489342710032,Acc11_hippocampus_Ex4_mTBI;Acc3_brainstem_GLP_1;Acc3_hypothalamus_GLP_1_MK_801;Acc8_hippocampus_ST_A_Ex;Acc8_hippocampus_ST_A_Ex_KD
Lhfpl3,5,DOWN,1,4,-0.22143473118053056,Acc3_brainstem_GLP_1;Acc3_brainstem_GLP_1_MK_801;Acc3_hypothalamus_GLP_1_MK_801;Acc8_hippocampus_ST_A_Ex;Acc8_hippocampus_ST_A_Ex_KD
Wwp1,5,DOWN,1,4,-0.22471054131034163,Acc3_brainstem_GLP_1;Acc3_brainstem_GLP_1_MK_801;Acc3_hypothalamus_GLP_1_MK_801;Acc8_hippocampus_ST_A_Ex;Acc8_hippocampus_ST_A_Ex_KD
Ptar1,5,DOWN,1,4,-0.22593145878325172,Acc3_brainstem_GLP_1;Acc3_brainstem_GLP_1_MK_801;Acc3_hypothalamus_GLP_1_MK_801;Acc8_hippocampus_ST_A_Ex;Acc8_hippocampus_ST_A_Ex_KD
Raph1,5,DOWN,1,4,-0.2281174726425821,Acc3_brainstem_GLP_1;Acc3_brainstem_GLP_1_MK_801;Acc3_hypothalamus_GLP_1_MK_801;Acc8_hippocampus_ST_A_Ex;Acc8_hippocampus_ST_A_Ex_KD
Far1,5,DOWN,1,4,-0.23019278197723786,Acc10_hippocampus_Ex4_Po_t_TBI;Acc10_hippocampus_Ex4_Pre_TBI;Acc11_hippocampus_Ex4_mTBI;Acc3_hypothalamus_GLP_1_MK_801;Acc8_hypothalamus_LT_A_Ex
Tsc22d2,5,DOWN,1,4,-0.2305472964254652,Acc3_brainstem_GLP_1;Acc3_brainstem_GLP_1_MK_801;Acc3_hypothalamus_GLP_1_MK_801;Acc8_hippocampus_ST_A_Ex;Acc8_hippocampus_ST_A_Ex_KD
Lmbrd2,5,DOWN,1,4,-0.23188728394639835,Acc3_brainstem_GLP_1;Acc3_brainstem_GLP_1_MK_801;Acc3_hypothalamus_GLP_1_MK_801;Acc8_hippocampus_ST_A_Ex;Acc8_hippocampus_ST_A_Ex_KD
Cpeb2,5,DOWN,1,4,-0.23266618520446564,Acc3_brainstem_GLP_1;Acc3_brainstem_GLP_1_MK_801;Acc3_hypothalamus_GLP_1_MK_801;Acc8_hippocampus_ST_A_Ex;Acc8_hippocampus_ST_A_Ex_KD
Arsk,5,DOWN,1,4,-0.24319553194603033,Acc3_hypothalamus_GLP_1_MK_801;Acc8_frontalcortex_ST_A_Ex;Acc8_hippocampus_ST_A_Ex;Acc8_hippocampus_ST_A_Ex_KD;Acc8_hypothalamus_LT_A_Ex
Zmpste24,5,DOWN,0,5,-0.25235498680951113,Acc10_hippocampus_Ex4_Po_t_TBI;Acc10_hippocampus_Ex4_Pre_TBI;Acc11_hippocampus_Ex4_mTBI;Acc8_hippocampus_ST_A_Ex;Acc8_hippocampus_ST_A_Ex_KD
Slx4ip,5,DOWN,0,5,-0.2548675131053916,Acc10_hippocampus_Ex4_Po_t_TBI;Acc10_hippocampus_Ex4_Pre_TBI;Acc10_hippocampus_Exendin4;Acc8_hippocampus_ST_A_Ex;Acc8_hippocampus_ST_A_Ex_KD
Xk,5,DOWN,1,4,-0.25501394815879275,Acc3_brainstem_GLP_1;Acc3_hypothalamus_GLP_1_MK_801;Acc5_pvn_IP118_PY115;Acc8_hippocampus_ST_A_Ex;Acc8_hippocampus_ST_A_Ex_KD
Chrm2,5,DOWN,1,4,-0.25518162369810077,Acc3_brainstem_GLP_1;Acc3_brainstem_GLP_1_MK_801;Acc3_hypothalamus_GLP_1_MK_801;Acc8_hippocampus_ST_A_Ex;Acc8_hippocampus_ST_A_Ex_KD
Tmem229a,5,DOWN,1,4,-0.26010316732771643,Acc3_brainstem_GLP_1;Acc3_brainstem_GLP_1_MK_801;Acc3_hypothalamus_GLP_1_MK_801;Acc8_hippocampus_ST_A_Ex;Acc8_hippocampus_ST_A_Ex_KD
Rabgap1l,5,DOWN,1,4,-0.2606559073236038,Acc3_brainstem_GLP_1;Acc3_brainstem_GLP_1_MK_801;Acc3_hypothalamus_GLP_1_MK_801;Acc8_hippocampus_ST_A_Ex;Acc8_hippocampus_ST_A_Ex_KD
Uty,5,DOWN,1,4,-0.26253522384539746,Acc3_brainstem_GLP_1;Acc3_hypothalamus_GLP_1_MK_801;Acc8_hippocampus_ST_A_Ex;Acc8_hippocampus_ST_A_Ex_KD;Acc8_hypothalamus_LT_A_Ex
Uba6,5,DOWN,1,4,-0.2687924531676426,Acc3_brainstem_GLP_1;Acc3_brainstem_GLP_1_MK_801;Acc3_hypothalamus_GLP_1_MK_801;Acc8_hippocampus_ST_A_Ex;Acc8_hippocampus_ST_A_Ex_KD
Lonrf1,5,DOWN,0,5,-0.2731806516145835,Acc3_brainstem_GLP_1;Acc3_hypothalamus_GLP_1_MK_801;Acc8_frontalcortex_ST_A_Ex;Acc8_hippocampus_ST_A_Ex;Acc8_hippocampus_ST_A_Ex_KD
Zfp654,5,DOWN,1,4,-0.2740319887714427,Acc3_brainstem_GLP_1;Acc3_brainstem_GLP_1_MK_801;Acc3_hypothalamus_GLP_1_MK_801;Acc8_hippocampus_ST_A_Ex;Acc8_hippocampus_ST_A_Ex_KD
Yme1l1,5,DOWN,0,5,-0.27409829297344895,Acc10_hippocampus_Ex4_Po_t_TBI;Acc10_hippocampus_Ex4_Pre_TBI;Acc3_hypothalamus_GLP_1_MK_801;Acc8_hippocampus_ST_A_Ex;Acc8_hippocampus_ST_A_Ex_KD
Zbtb41,5,DOWN,1,4,-0.2753479370089668,Acc3_brainstem_GLP_1;Acc3_brainstem_GLP_1_MK_801;Acc3_hypothalamus_GLP_1_MK_801;Acc8_hippocampus_ST_A_Ex;Acc8_hippocampus_ST_A_Ex_KD
Cadm2,5,DOWN,1,4,-0.2776352216396206,Acc3_brainstem_GLP_1;Acc3_brainstem_GLP_1_MK_801;Acc3_hypothalamus_GLP_1_MK_801;Acc8_hippocampus_ST_A_Ex;Acc8_hippocampus_ST_A_Ex_KD
Pdlim5,5,DOWN,0,5,-0.2822939153663227,Acc10_hippocampus_Ex4_Po_t_TBI;Acc10_hippocampus_Ex4_Pre_TBI;Acc11_hippocampus_Ex4_mTBI;Acc8_hippocampus_ST_A_Ex;Acc8_hippocampus_ST_A_Ex_KD
Wdr37,5,DOWN,0,5,-0.28364971809903267,Acc10_hippocampus_Ex4_Pre_TBI;Acc11_hippocampus_Ex4_mTBI;Acc3_hypothalamus_GLP_1_MK_801;Acc8_hippocampus_ST_A_Ex;Acc8_hippocampus_ST_A_Ex_KD
Mpzl1,5,DOWN,0,5,-0.28455027233874886,Acc3_accumbens_GLP_1;Acc3_brainstem_GLP_1;Acc3_hypothalamus_GLP_1_MK_801;Acc3_hypothalamus_conjugate_2;Acc8_hippocampus_ST_A_Ex_KD
Tmem63b,5,DOWN,0,5,-0.2846899125031327,Acc10_hippocampus_Ex4_Po_t_TBI;Acc10_hippocampus_Ex4_Pre_TBI;Acc11_hippocampus_Ex4;Acc11_hippocampus_Ex4_mTBI;Acc8_hypothalamus_LT_A_Ex
Klhl9,5,DOWN,0,5,-0.28500289936128986,Acc11_hippocampus_Ex4_mTBI;Acc3_brainstem_GLP_1;Acc3_hypothalamus_GLP_1_MK_801;Acc8_hippocampus_ST_A_Ex;Acc8_hippocampus_ST_A_Ex_KD
Hspa5,5,DOWN,0,5,-0.2850520245902049,Acc3_brainstem_GLP_1;Acc3_brainstem_GLP_1_MK_801;Acc3_hypothalamus_conjugate_2;Acc8_hippocampus_ST_A_Ex;Acc8_hippocampus_ST_A_Ex_KD
Bach1,5,DOWN,0,5,-0.29416150029277516,Acc10_hippocampus_Ex4_Po_t_TBI;Acc10_hippocampus_Ex4_Pre_TBI;Acc11_hippocampus_Ex4_mTBI;Acc3_brainstem_GLP_1;Acc8_hippocampus_ST_A_Ex
Mex3c,5,DOWN,0,5,-0.2953383756390772,Acc10_hippocampus_Ex4_Po_t_TBI;Acc3_brainstem_GLP_1;Acc3_hypothalamus_GLP_1_MK_801;Acc8_hippocampus_ST_A_Ex;Acc8_hippocampus_ST_A_Ex_KD
Tle4,5,DOWN,0,5,-0.2965258476519307,Acc10_hippocampus_Ex4_Po_t_TBI;Acc10_hippocampus_Ex4_Pre_TBI;Acc3_brainstem_GLP_1;Acc8_hippocampus_ST_A_Ex;Acc8_hippocampus_ST_A_Ex_KD
Mllt3,5,DOWN,0,5,-0.31104966427162417,Acc10_hippocampus_Ex4_Po_t_TBI;Acc10_hippocampus_Ex4_Pre_TBI;Acc11_hippocampus_Ex4_mTBI;Acc3_hypothalamus_GLP_1_MK_801;Acc8_hippocampus_ST_A_Ex
Aqp4,5,DOWN,0,5,-0.3169237495161019,Acc10_hippocampus_Ex4_Po_t_TBI;Acc3_brainstem_GLP_1;Acc3_hypothalamus_GLP_1_MK_801;Acc8_hippocampus_ST_A_Ex;Acc8_hippocampus_ST_A_Ex_KD
Plekho2,5,DOWN,1,4,-0.3220528202255565,Acc10_hippocampus_Ex4_Po_t_TBI;Acc3_accumbens_GLP_1;Acc3_brainstem_GLP_1;Acc5_nts_IP118_PY115;Acc5_pvn_IP118_PY115
Tlcd4,5,DOWN,1,4,-0.32267942367332014,Acc3_brainstem_GLP_1;Acc3_brainstem_GLP_1_MK_801;Acc3_hypothalamus_GLP_1_MK_801;Acc8_hippocampus_ST_A_Ex;Acc8_hippocampus_ST_A_Ex_KD
Itgb8,5,DOWN,1,4,-0.32445877140431983,Acc3_brainstem_GLP_1;Acc3_brainstem_GLP_1_MK_801;Acc3_hypothalamus_GLP_1_MK_801;Acc8_hippocampus_ST_A_Ex;Acc8_hippocampus_ST_A_Ex_KD
P4ha1,5,DOWN,0,5,-0.32466548097798015,Acc10_hippocampus_Ex4_Po_t_TBI;Acc10_hippocampus_Exendin4;Acc3_hypothalamus_conjugate_2;Acc8_hippocampus_ST_A_Ex;Acc8_hippocampus_ST_A_Ex_KD
Trib2,5,DOWN,0,5,-0.33011189053885326,Acc3_brainstem_GLP_1;Acc3_hypothalamus_GLP_1_MK_801;Acc8_frontalcortex_ST_A_Ex;Acc8_hippocampus_ST_A_Ex;Acc8_hippocampus_ST_A_Ex_KD
Rorb,5,DOWN,0,5,-0.3536343288356122,Acc10_hippocampus_Ex4_Po_t_TBI;Acc3_brainstem_GLP_1;Acc3_hypothalamus_GLP_1_MK_801;Acc8_hippocampus_ST_A_Ex;Acc8_hippocampus_ST_A_Ex_KD
Matr3,5,DOWN,0,5,-0.3579032703955682,Acc10_hippocampus_Ex4_Po_t_TBI;Acc10_hippocampus_Ex4_Pre_TBI;Acc3_hypothalamus_GLP_1_MK_801;Acc8_hippocampus_ST_A_Ex;Acc8_hippocampus_ST_A_Ex_KD
Lrrtm2,5,DOWN,0,5,-0.3665663425336878,Acc3_brainstem_GLP_1;Acc3_hypothalamus_GLP_1_MK_801;Acc5_pvn_IP118_PY115;Acc8_hippocampus_ST_A_Ex;Acc8_hippocampus_ST_A_Ex_KD
Gabra2,5,DOWN,0,5,-0.37025338794176893,Acc3_hypothalamus_GLP_1_MK_801;Acc8_frontalcortex_ST_A_Ex;Acc8_frontalcortex_ST_A_Ex_KD;Acc8_hippocampus_ST_A_Ex;Acc8_hippocampus_ST_A_Ex_KD
Chic1,5,DOWN,0,5,-0.4065938395053328,Acc10_hippocampus_Ex4_Pre_TBI;Acc11_hippocampus_Ex4_mTBI;Acc3_hypothalamus_GLP_1_MK_801;Acc8_hippocampus_ST_A_Ex;Acc8_hippocampus_ST_A_Ex_KD
Prrg1,5,DOWN,1,4,-0.427162325799994,Acc3_brainstem_GLP_1;Acc3_hypothalamus_GLP_1_MK_801;Acc8_hippocampus_ST_A_Ex;Acc8_hippocampus_ST_A_Ex_KD;Acc8_hypothalamus_LT_A_Ex
Ugt8a,5,DOWN,0,5,-0.43888883763580366,Acc3_brainstem_GLP_1;Acc3_hypothalamus_GLP_1_MK_801;Acc8_frontalcortex_ST_A_Ex;Acc8_hippocampus_ST_A_Ex;Acc8_hippocampus_ST_A_Ex_KD
Qk,5,DOWN,0,5,-0.4646585615216658,Acc3_brainstem_GLP_1;Acc3_hypothalamus_GLP_1_MK_801;Acc8_frontalcortex_ST_A_Ex;Acc8_hippocampus_ST_A_Ex;Acc8_hippocampus_ST_A_Ex_KD
Slc5a3,5,DOWN,0,5,-0.4652836990931009,Acc3_brainstem_GLP_1;Acc3_hypothalamus_GLP_1_MK_801;Acc8_frontalcortex_ST_A_Ex;Acc8_hippocampus_ST_A_Ex;Acc8_hippocampus_ST_A_Ex_KD
Inhba,5,DOWN,0,5,-0.46565357363158355,Acc10_hippocampus_Ex4_Po_t_TBI;Acc10_hippocampus_Ex4_Pre_TBI;Acc10_hippocampus_Exendin4;Acc8_frontalcortex_ST_A_Ex_KD;Acc8_hippocampus_ST_A_Ex
Tlr3,5,DOWN,0,5,-0.46911189359104044,Acc3_brainstem_GLP_1;Acc3_hypothalamus_GLP_1_MK_801;Acc8_frontalcortex_ST_A_Ex;Acc8_hippocampus_ST_A_Ex;Acc8_hippocampus_ST_A_Ex_KD
Cd93,5,DOWN,0,5,-0.4753764474273933,Acc3_brainstem_GLP_1_MK_801;Acc3_hypothalamus_GLP_1_MK_801;Acc8_frontalcortex_YA_Ex;Acc8_hippocampus_ST_A_Ex;Acc8_hippocampus_ST_A_Ex_KD
Phf6,5,DOWN,1,4,-0.4870418814211119,Acc3_hypothalamus_GLP_1_MK_801;Acc6_mbh_AC3174;Acc8_hippocampus_ST_A_Ex;Acc8_hippocampus_ST_A_Ex_KD;Acc8_hypothalamus_LT_A_Ex
Map3k9,5,UP,3,2,-0.5118183527579179,Acc3_brainstem_GLP_1;Acc3_brainstem_GLP_1_MK_801;Acc3_hypothalamus_GLP_1_MK_801;Acc3_hypothalamus_conjugate_2;Acc6_mbh_AC3174
Myo1e,4,UP,3,1,8.967952093662872,Acc3_brainstem_GLP_1;Acc6_mbh_AC3174;Acc6_mbh_AC710222;Acc6_mbh_COMBO
Dock5,4,UP,4,0,8.461636652135624,Acc3_brainstem_GLP_1_MK_801;Acc6_mbh_AC3174;Acc6_mbh_AC710222;Acc6_mbh_COMBO
Nwd2,4,UP,3,1,8.440975333889975,Acc4_hypothalamus_Lira;Acc6_mbh_AC3174;Acc6_mbh_AC710222;Acc6_mbh_COMBO
Brwd3,4,UP,3,1,8.122480546002343,Acc3_hypothalamus_GLP_1_MK_801;Acc6_mbh_AC3174;Acc6_mbh_AC710222;Acc6_mbh_COMBO
Tm7sf2,4,UP,3,1,7.621085688227637,Acc3_brainstem_GLP_1_MK_801;Acc6_mbh_AC3174;Acc6_mbh_AC710222;Acc6_mbh_COMBO
Epha10,4,UP,4,0,7.5105298086772345,Acc6_mbh_AC3174;Acc6_mbh_AC710222;Acc6_mbh_COMBO;Acc8_hippocampus_ST_A_Ex_KD
Cgnl1,4,UP,3,1,7.375259987283477,Acc6_mbh_AC3174;Acc6_mbh_AC710222;Acc6_mbh_COMBO;Acc8_frontalcortex_YA_Ex
Fam167a,4,UP,4,0,7.037847197536861,Acc5_pvn_IP118_PY115;Acc6_dvc_AC3174;Acc6_dvc_AC710222;Acc6_dvc_COMBO
Ccdc78,4,UP,4,0,6.80585773447323,Acc6_mbh_AC3174;Acc6_mbh_AC710222;Acc6_mbh_COMBO;Acc8_hippocampus_ST_A_Ex
Gpr179,4,UP,4,0,5.7057247912872295,Acc3_brainstem_GLP_1;Acc6_mbh_AC3174;Acc6_mbh_AC710222;Acc8_hippocampus_ST_A_Ex
Adap2,4,UP,4,0,5.665967471662465,Acc5_pvn_IP118_PY115;Acc6_mbh_AC3174;Acc6_mbh_AC710222;Acc6_mbh_COMBO
Tmem131l,4,UP,3,1,5.632702306968532,Acc6_mbh_AC3174;Acc6_mbh_AC710222;Acc6_mbh_COMBO;Acc8_hippocampus_ST_A_Ex
Pxdn,4,UP,4,0,5.336716555247742,Acc5_arc_IP118_PY115;Acc6_mbh_AC3174;Acc6_mbh_AC710222;Acc6_mbh_COMBO
Eya1,4,UP,3,1,5.143643887591415,Acc6_mbh_AC3174;Acc6_mbh_AC710222;Acc6_mbh_COMBO;Acc8_hippocampus_ST_A_Ex
Kcng1,4,UP,2,2,5.002250295442206,Acc5_arc_IP118_PY115;Acc6_mbh_AC3174;Acc6_mbh_COMBO;Acc8_hippocampus_ST_A_Ex
Zfp385c,4,UP,3,1,4.885976749177439,Acc6_dvc_AC3174;Acc6_dvc_AC710222;Acc6_dvc_COMBO;Acc8_hippocampus_ST_A_Ex_KD
Rexo5,4,UP,3,1,4.672922506173903,Acc3_hypothalamus_GLP_1_MK_801;Acc6_mbh_AC3174;Acc6_mbh_AC710222;Acc6_mbh_COMBO
9130221h12rik,4,UP,2,2,4.1076771613339265,Acc6_mbh_AC3174;Acc6_mbh_COMBO;Acc8_hippocampus_ST_A_Ex;Acc8_hippocampus_ST_A_Ex_KD
Sema6a,4,UP,3,1,3.475829329923015,Acc3_brainstem_GLP_1;Acc6_mbh_AC3174;Acc6_mbh_AC710222;Acc6_mbh_COMBO
Rbl1,4,UP,2,2,2.5835494242362427,Acc6_mbh_AC3174;Acc8_hippocampus_ST_A_Ex;Acc8_hippocampus_ST_A_Ex_KD;Acc8_hypothalamus_LT_A_Ex
Kdr,4,DOWN,1,3,2.579222388751128,Acc3_brainstem_GLP_1;Acc3_brainstem_GLP_1_MK_801;Acc6_mbh_AC710222;Acc8_frontalcortex_YA_Ex
Pan3,4,UP,3,1,2.07233035922252,Acc6_mbh_AC3174;Acc6_mbh_AC710222;Acc6_mbh_COMBO;Acc8_hippocampus_ST_A_Ex
Taf10,4,UP,4,0,1.7381828227614875,Acc6_mbh_AC3174;Acc6_mbh_COMBO;Acc8_hippocampus_ST_A_Ex;Acc8_hippocampus_ST_A_Ex_KD
Hnrnpab,4,UP,4,0,1.6373084563441906,Acc6_mbh_AC3174;Acc6_mbh_COMBO;Acc8_hippocampus_ST_A_Ex;Acc8_hippocampus_ST_A_Ex_KD
Apmap,4,UP,4,0,1.630541890946446,Acc6_mbh_AC3174;Acc6_mbh_AC710222;Acc6_mbh_COMBO;Acc8_hippocampus_ST_A_Ex_KD
Rab24,4,UP,4,0,1.3203934698705773,Acc6_mbh_AC3174;Acc6_mbh_COMBO;Acc8_hippocampus_ST_A_Ex;Acc8_hippocampus_ST_A_Ex_KD
Rfxap,4,UP,4,0,1.1518467514741284,Acc6_mbh_AC3174;Acc6_mbh_COMBO;Acc8_hippocampus_ST_A_Ex;Acc8_hippocampus_ST_A_Ex_KD
Oprm1,4,UP,4,0,1.1434624237337654,Acc3_hypothalamus_GLP_1_MK_801;Acc3_hypothalamus_conjugate_2;Acc8_hippocampus_ST_A_Ex;Acc8_hippocampus_ST_A_Ex_KD
Plxna4,4,UP,3,1,1.1083829627399557,Acc3_brainstem_GLP_1_MK_801;Acc3_hypothalamus_conjugate_2;Acc6_mbh_COMBO;Acc8_hippocampus_ST_A_Ex
Prkaca,4,UP,3,1,0.9564396981855305,Acc11_hippocampus_Ex4_mTBI;Acc6_mbh_COMBO;Acc8_hippocampus_ST_A_Ex;Acc8_hippocampus_ST_A_Ex_KD
Kctd3,4,UP,4,0,0.8437859274018078,Acc11_hippocampus_Ex4;Acc11_hippocampus_Ex4_mTBI;Acc6_mbh_AC3174;Acc6_mbh_COMBO
Rps29,4,UP,4,0,0.8279122704220241,Acc3_brainstem_GLP_1;Acc3_hypothalamus_GLP_1_MK_801;Acc8_hippocampus_ST_A_Ex;Acc8_hippocampus_ST_A_Ex_KD
Glud1,4,UP,2,2,0.7856806674722964,Acc11_hippocampus_Ex4_mTBI;Acc6_mbh_AC3174;Acc6_mbh_COMBO;Acc8_hippocampus_ST_A_Ex
Clec2d,4,UP,4,0,0.7663360860163909,Acc10_hippocampus_Ex4_Pre_TBI;Acc8_hippocampus_ST_A_Ex;Acc8_hippocampus_ST_A_Ex_KD;Acc8_hypothalamus_LT_A_Ex
Nudt3,4,UP,4,0,0.7508684639882085,Acc6_mbh_AC3174;Acc6_mbh_COMBO;Acc8_hippocampus_ST_A_Ex;Acc8_hippocampus_ST_A_Ex_KD
Prkar2b,4,UP,2,2,0.7275056053633606,Acc6_mbh_AC3174;Acc6_mbh_COMBO;Acc8_hippocampus_ST_A_Ex;Acc8_hippocampus_ST_A_Ex_KD
Rpl36a,4,UP,4,0,0.7007042472117779,Acc3_brainstem_GLP_1;Acc3_hypothalamus_GLP_1_MK_801;Acc8_hippocampus_ST_A_Ex;Acc8_hippocampus_ST_A_Ex_KD
Map1lc3a,4,UP,4,0,0.6993584093063528,Acc6_mbh_AC3174;Acc6_mbh_COMBO;Acc8_hippocampus_ST_A_Ex;Acc8_hippocampus_ST_A_Ex_KD
Mt3,4,UP,3,1,0.6782644636334654,Acc3_brainstem_GLP_1;Acc3_brainstem_GLP_1_MK_801;Acc8_hippocampus_ST_A_Ex;Acc8_hippocampus_ST_A_Ex_KD
Pet100,4,UP,4,0,0.6756073452839183,Acc3_brainstem_GLP_1;Acc3_hypothalamus_GLP_1_MK_801;Acc8_hippocampus_ST_A_Ex;Acc8_hippocampus_ST_A_Ex_KD
Anapc13,4,UP,4,0,0.6649630602444567,Acc3_brainstem_GLP_1;Acc3_hypothalamus_GLP_1_MK_801;Acc8_hippocampus_ST_A_Ex;Acc8_hippocampus_ST_A_Ex_KD
Ptma,4,UP,4,0,0.6626774918926519,Acc11_hippocampus_Ex4;Acc11_hippocampus_Ex4_mTBI;Acc8_hippocampus_ST_A_Ex;Acc8_hippocampus_ST_A_Ex_KD
Pnrc1,4,UP,2,2,0.5979877944169825,Acc3_hypothalamus_GLP_1_MK_801;Acc6_mbh_AC3174;Acc6_mbh_COMBO;Acc8_hippocampus_ST_A_Ex
Uqcr11,4,UP,3,1,0.5953404411214878,Acc3_brainstem_GLP_1;Acc3_brainstem_GLP_1_MK_801;Acc8_hippocampus_ST_A_Ex;Acc8_hippocampus_ST_A_Ex_KD
Tceal6,4,UP,4,0,0.587280132314459,Acc3_brainstem_GLP_1;Acc3_hypothalamus_GLP_1_MK_801;Acc8_hippocampus_ST_A_Ex;Acc8_hippocampus_ST_A_Ex_KD
Rpl38,4,UP,3,1,0.5797322876285457,Acc3_brainstem_GLP_1;Acc3_brainstem_GLP_1_MK_801;Acc8_hippocampus_ST_A_Ex;Acc8_hippocampus_ST_A_Ex_KD
Romo1,4,UP,3,1,0.5787574629944361,Acc3_brainstem_GLP_1;Acc3_brainstem_GLP_1_MK_801;Acc8_hippocampus_ST_A_Ex;Acc8_hippocampus_ST_A_Ex_KD
Mrpl52,4,UP,4,0,0.5739440253905024,Acc3_brainstem_GLP_1;Acc3_hypothalamus_GLP_1_MK_801;Acc8_hippocampus_ST_A_Ex;Acc8_hippocampus_ST_A_Ex_KD
Atp5k,4,UP,3,1,0.5655571315309207,Acc3_brainstem_GLP_1;Acc3_brainstem_GLP_1_MK_801;Acc8_hippocampus_ST_A_Ex;Acc8_hippocampus_ST_A_Ex_KD
Rnd2,4,UP,4,0,0.5653069397799648,Acc6_mbh_AC3174;Acc6_mbh_COMBO;Acc8_hippocampus_ST_A_Ex;Acc8_hippocampus_ST_A_Ex_KD
Tceal3,4,UP,4,0,0.5626950159026683,Acc3_brainstem_GLP_1;Acc3_hypothalamus_GLP_1_MK_801;Acc8_hippocampus_ST_A_Ex;Acc8_hippocampus_ST_A_Ex_KD
Cops9,4,UP,3,1,0.5545527606747084,Acc3_brainstem_GLP_1;Acc3_brainstem_GLP_1_MK_801;Acc8_hippocampus_ST_A_Ex;Acc8_hippocampus_ST_A_Ex_KD
Net1,4,UP,4,0,0.5539977532884914,Acc3_brainstem_GLP_1;Acc5_nts_IP118_PY115;Acc5_pvn_IP118_PY115;Acc8_frontalcortex_ST_A_Ex_KD
Ddit4,4,UP,4,0,0.5515981604102876,Acc3_accumbens_GLP_1;Acc3_brainstem_GLP_1;Acc8_hippocampus_ST_A_Ex;Acc8_hippocampus_ST_A_Ex_KD
Nptx2,4,UP,2,2,0.5483559578609287,Acc10_hippocampus_Exendin4;Acc5_nts_IP118_PY115;Acc5_pvn_IP118_PY115;Acc8_hypothalamus_LT_A_Ex
Stmn1,4,UP,4,0,0.5483031007205437,Acc11_hippocampus_Ex4;Acc11_hippocampus_Ex4_mTBI;Acc8_hippocampus_ST_A_Ex;Acc8_hippocampus_ST_A_Ex_KD
Edf1,4,UP,4,0,0.539773771261111,Acc3_brainstem_GLP_1;Acc3_hypothalamus_GLP_1_MK_801;Acc8_hippocampus_ST_A_Ex;Acc8_hippocampus_ST_A_Ex_KD
Ndufa3,4,UP,3,1,0.5377678961892403,Acc3_brainstem_GLP_1;Acc3_brainstem_GLP_1_MK_801;Acc8_hippocampus_ST_A_Ex;Acc8_hippocampus_ST_A_Ex_KD
Cox5b,4,UP,3,1,0.5363795553143917,Acc3_hypothalamus_GLP_1_MK_801;Acc8_hippocampus_ST_A_Ex;Acc8_hippocampus_ST_A_Ex_KD;Acc8_hypothalamus_LT_A_Ex
Mrps21,4,UP,4,0,0.531925197387767,Acc3_brainstem_GLP_1;Acc3_hypothalamus_GLP_1_MK_801;Acc8_hippocampus_ST_A_Ex;Acc8_hippocampus_ST_A_Ex_KD
Rps28,4,UP,3,1,0.5281140134526059,Acc3_brainstem_GLP_1;Acc3_brainstem_GLP_1_MK_801;Acc8_hippocampus_ST_A_Ex;Acc8_hippocampus_ST_A_Ex_KD
Rpl35a,4,UP,3,1,0.5220264374899852,Acc3_brainstem_GLP_1;Acc3_brainstem_GLP_1_MK_801;Acc8_hippocampus_ST_A_Ex;Acc8_hippocampus_ST_A_Ex_KD
Nrros,4,UP,4,0,0.5215856964019265,Acc3_brainstem_GLP_1;Acc3_brainstem_GLP_1_MK_801;Acc3_hypothalamus_GLP_1_MK_801;Acc5_nts_IP118_PY115
Csrnp1,4,UP,4,0,0.5036942196772236,Acc3_brainstem_GLP_1;Acc5_nts_IP118_PY115;Acc8_hippocampus_ST_A_Ex;Acc8_hippocampus_ST_A_Ex_KD
Rpl23,4,UP,4,0,0.5018808084094128,Acc3_brainstem_GLP_1;Acc3_hypothalamus_GLP_1_MK_801;Acc8_hippocampus_ST_A_Ex;Acc8_hippocampus_ST_A_Ex_KD
Slirp,4,UP,3,1,0.4924803767589019,Acc11_hippocampus_Ex4_mTBI;Acc3_brainstem_GLP_1_MK_801;Acc8_hippocampus_ST_A_Ex;Acc8_hippocampus_ST_A_Ex_KD
Gpatch4,4,UP,4,0,0.4878665430738526,Acc3_brainstem_GLP_1;Acc3_hypothalamus_GLP_1_MK_801;Acc8_hippocampus_ST_A_Ex;Acc8_hippocampus_ST_A_Ex_KD
H1f0,4,UP,4,0,0.48624039112936607,Acc11_hippocampus_Ex4;Acc11_hippocampus_Ex4_mTBI;Acc8_hippocampus_ST_A_Ex;Acc8_hippocampus_ST_A_Ex_KD
Mrpl54,4,UP,4,0,0.4827447200256201,Acc3_brainstem_GLP_1;Acc3_hypothalamus_GLP_1_MK_801;Acc8_hippocampus_ST_A_Ex;Acc8_hippocampus_ST_A_Ex_KD
Gpd1,4,UP,4,0,0.4718629907312625,Acc3_hypothalamus_GLP_1_MK_801;Acc5_pvn_IP118_PY115;Acc8_hippocampus_ST_A_Ex;Acc8_hippocampus_ST_A_Ex_KD
Hkdc1,4,UP,4,0,0.4705760430612286,Acc10_hippocampus_Ex4_Pre_TBI;Acc8_frontalcortex_ST_A_Ex_KD;Acc8_hippocampus_ST_A_Ex;Acc8_hippocampus_ST_A_Ex_KD
Rpl36,4,UP,3,1,0.4701159880193159,Acc3_brainstem_GLP_1;Acc3_brainstem_GLP_1_MK_801;Acc8_hippocampus_ST_A_Ex;Acc8_hippocampus_ST_A_Ex_KD
Emx1,4,UP,4,0,0.46861511140110534,Acc8_frontalcortex_ST_A_Ex;Acc8_frontalcortex_YA_Ex;Acc8_hippocampus_ST_A_Ex;Acc8_hippocampus_ST_A_Ex_KD
Mrps18c,4,UP,3,1,0.463568994765113,Acc11_hippocampus_Ex4_mTBI;Acc3_brainstem_GLP_1_MK_801;Acc8_hippocampus_ST_A_Ex;Acc8_hippocampus_ST_A_Ex_KD
Mt1,4,UP,4,0,0.46293501063267684,Acc3_brainstem_GLP_1;Acc3_hypothalamus_GLP_1_MK_801;Acc8_hippocampus_ST_A_Ex;Acc8_hippocampus_ST_A_Ex_KD
Mea1,4,UP,3,1,0.4614655503024988,Acc3_hypothalamus_GLP_1_MK_801;Acc8_hippocampus_ST_A_Ex;Acc8_hippocampus_ST_A_Ex_KD;Acc8_hypothalamus_LT_A_Ex
Rps15,4,UP,4,0,0.4595048966702102,Acc3_brainstem_GLP_1;Acc3_hypothalamus_GLP_1_MK_801;Acc8_hippocampus_ST_A_Ex;Acc8_hippocampus_ST_A_Ex_KD
Nfkbil1,4,UP,4,0,0.4550600112514207,Acc3_brainstem_GLP_1;Acc3_hypothalamus_GLP_1_MK_801;Acc8_hippocampus_ST_A_Ex;Acc8_hippocampus_ST_A_Ex_KD
Spsb1,4,UP,4,0,0.4524437583596369,Acc3_accumbens_GLP_1;Acc3_hypothalamus_GLP_1_MK_801;Acc3_hypothalamus_conjugate_2;Acc5_pvn_IP118_PY115
Grasp,4,UP,4,0,0.4501059879464815,Acc3_brainstem_GLP_1;Acc3_hypothalamus_GLP_1_MK_801;Acc8_hippocampus_ST_A_Ex;Acc8_hippocampus_ST_A_Ex_KD
Cox20,4,UP,4,0,0.4425217259616513,Acc3_brainstem_GLP_1;Acc8_hippocampus_ST_A_Ex;Acc8_hippocampus_ST_A_Ex_KD;Acc8_hypothalamus_LT_A_Ex
Rpl21,4,UP,4,0,0.44159074664039133,Acc3_brainstem_GLP_1;Acc3_hypothalamus_GLP_1_MK_801;Acc8_hippocampus_ST_A_Ex;Acc8_hippocampus_ST_A_Ex_KD
Ndufa2,4,UP,3,1,0.4402258348695449,Acc3_brainstem_GLP_1;Acc3_brainstem_GLP_1_MK_801;Acc8_hippocampus_ST_A_Ex;Acc8_hippocampus_ST_A_Ex_KD
Tsc22d3,4,UP,4,0,0.4396612779915781,Acc3_brainstem_GLP_1;Acc5_arc_IP118_PY115;Acc5_nts_IP118_PY115;Acc5_pvn_IP118_PY115
Myl6,4,UP,3,1,0.43938445195558784,Acc3_brainstem_GLP_1_MK_801;Acc3_hypothalamus_GLP_1_MK_801;Acc8_hippocampus_ST_A_Ex;Acc8_hippocampus_ST_A_Ex_KD
Uqcc2,4,UP,3,1,0.43691505353067794,Acc3_brainstem_GLP_1;Acc3_brainstem_GLP_1_MK_801;Acc8_hippocampus_ST_A_Ex;Acc8_hippocampus_ST_A_Ex_KD
Setx,4,UP,4,0,0.43375107500576826,Acc11_hippocampus_Ex4;Acc11_hippocampus_Ex4_mTBI;Acc3_brainstem_GLP_1_MK_801;Acc5_pvn_IP118_PY115
Rps3,4,UP,4,0,0.43331974253165195,Acc11_hippocampus_Ex4;Acc11_hippocampus_Ex4_mTBI;Acc8_hippocampus_ST_A_Ex;Acc8_hippocampus_ST_A_Ex_KD
Ift20,4,UP,4,0,0.4321901629488253,Acc11_hippocampus_Ex4;Acc11_hippocampus_Ex4_mTBI;Acc8_hippocampus_ST_A_Ex;Acc8_hippocampus_ST_A_Ex_KD
Slc2a1,4,UP,4,0,0.4315996375923225,Acc3_brainstem_GLP_1;Acc3_hypothalamus_GLP_1_MK_801;Acc5_nts_IP118_PY115;Acc5_pvn_IP118_PY115
Bex2,4,UP,4,0,0.4282926555276507,Acc3_brainstem_GLP_1;Acc3_hypothalamus_GLP_1_MK_801;Acc8_hippocampus_ST_A_Ex;Acc8_hippocampus_ST_A_Ex_KD
Uqcrq,4,UP,3,1,0.4229475371498642,Acc3_brainstem_GLP_1;Acc3_brainstem_GLP_1_MK_801;Acc8_hippocampus_ST_A_Ex;Acc8_hippocampus_ST_A_Ex_KD
Rps26,4,UP,4,0,0.42144679070181057,Acc3_brainstem_GLP_1;Acc3_hypothalamus_GLP_1_MK_801;Acc8_hippocampus_ST_A_Ex;Acc8_hippocampus_ST_A_Ex_KD
Dst,4,UP,4,0,0.41820433658972367,Acc11_hippocampus_Ex4;Acc11_hippocampus_Ex4_mTBI;Acc3_brainstem_GLP_1_MK_801;Acc3_hypothalamus_conjugate_2
Atp5e,4,UP,3,1,0.4154362872926428,Acc3_brainstem_GLP_1;Acc3_brainstem_GLP_1_MK_801;Acc8_hippocampus_ST_A_Ex;Acc8_hippocampus_ST_A_Ex_KD
Hnrnpdl,4,UP,4,0,0.4098876973117021,Acc11_hippocampus_Ex4;Acc11_hippocampus_Ex4_mTBI;Acc8_hippocampus_ST_A_Ex;Acc8_hippocampus_ST_A_Ex_KD
Mrps34,4,UP,4,0,0.40593275986911426,Acc3_brainstem_GLP_1;Acc3_hypothalamus_GLP_1_MK_801;Acc8_hippocampus_ST_A_Ex;Acc8_hippocampus_ST_A_Ex_KD
Ndufa13,4,UP,3,1,0.4040178158901766,Acc3_brainstem_GLP_1;Acc3_brainstem_GLP_1_MK_801;Acc8_hippocampus_ST_A_Ex;Acc8_hippocampus_ST_A_Ex_KD
Rpl28,4,UP,4,0,0.3933721650725509,Acc3_brainstem_GLP_1;Acc3_hypothalamus_GLP_1_MK_801;Acc8_hippocampus_ST_A_Ex;Acc8_hippocampus_ST_A_Ex_KD
Pafah1b3,4,UP,4,0,0.3930116509616767,Acc3_brainstem_GLP_1;Acc3_hypothalamus_GLP_1_MK_801;Acc8_hippocampus_ST_A_Ex;Acc8_hippocampus_ST_A_Ex_KD
Rpl36al,4,UP,3,1,0.39085513554098494,Acc3_brainstem_GLP_1;Acc3_brainstem_GLP_1_MK_801;Acc8_hippocampus_ST_A_Ex;Acc8_hippocampus_ST_A_Ex_KD
Ppp1ccb,4,UP,3,1,0.38369666626166055,Acc3_brainstem_GLP_1;Acc8_hippocampus_ST_A_Ex;Acc8_hippocampus_ST_A_Ex_KD;Acc8_hypothalamus_LT_A_Ex
Tbcc,4,UP,4,0,0.3820454217794418,Acc3_brainstem_GLP_1;Acc3_hypothalamus_GLP_1_MK_801;Acc8_hippocampus_ST_A_Ex;Acc8_hippocampus_ST_A_Ex_KD
Ndufs5,4,UP,3,1,0.381327662278524,Acc3_brainstem_GLP_1;Acc3_brainstem_GLP_1_MK_801;Acc8_hippocampus_ST_A_Ex;Acc8_hippocampus_ST_A_Ex_KD
Mpc2,4,UP,4,0,0.37928472451636164,Acc11_hippocampus_Ex4;Acc11_hippocampus_Ex4_mTBI;Acc8_hippocampus_ST_A_Ex;Acc8_hippocampus_ST_A_Ex_KD
Morn2,4,UP,4,0,0.378241982231615,Acc3_brainstem_GLP_1;Acc3_hypothalamus_GLP_1_MK_801;Acc8_hippocampus_ST_A_Ex;Acc8_hippocampus_ST_A_Ex_KD
Ndufaf5,4,UP,4,0,0.3774801016838536,Acc11_hippocampus_Ex4;Acc11_hippocampus_Ex4_mTBI;Acc8_hippocampus_ST_A_Ex;Acc8_hippocampus_ST_A_Ex_KD
Rpl37a,4,UP,3,1,0.3770456240789577,Acc3_brainstem_GLP_1;Acc3_brainstem_GLP_1_MK_801;Acc8_hippocampus_ST_A_Ex;Acc8_hippocampus_ST_A_Ex_KD
Rin2,4,UP,4,0,0.3753561749087434,Acc11_hippocampus_Ex4;Acc11_hippocampus_Ex4_mTBI;Acc3_hypothalamus_GLP_1_MK_801;Acc5_nts_IP118_PY115
Socs5,4,UP,2,2,0.370937123632746,Acc6_mbh_AC3174;Acc6_mbh_COMBO;Acc8_hippocampus_ST_A_Ex;Acc8_hippocampus_ST_A_Ex_KD
Dazap1,4,UP,4,0,0.3685857467082736,Acc11_hippocampus_Ex4_mTBI;Acc3_hypothalamus_GLP_1_MK_801;Acc8_hippocampus_ST_A_Ex;Acc8_hippocampus_ST_A_Ex_KD
Rhou,4,UP,4,0,0.3657175784093952,Acc3_brainstem_GLP_1;Acc5_nts_IP118_PY115;Acc8_frontalcortex_ST_A_Ex_KD;Acc8_hippocampus_ST_A_Ex
Camsap2,4,UP,2,2,0.36535154780637874,Acc3_brainstem_GLP_1;Acc3_brainstem_GLP_1_MK_801;Acc6_mbh_COMBO;Acc8_hippocampus_ST_A_Ex
Snrpe,4,UP,3,1,0.36197823479007474,Acc3_brainstem_GLP_1_MK_801;Acc8_hippocampus_ST_A_Ex;Acc8_hippocampus_ST_A_Ex_KD;Acc8_hypothalamus_LT_A_Ex
Rps16,4,UP,4,0,0.3582060035851859,Acc3_brainstem_GLP_1;Acc3_hypothalamus_GLP_1_MK_801;Acc8_hippocampus_ST_A_Ex;Acc8_hippocampus_ST_A_Ex_KD
Pcbd2,4,UP,3,1,0.3554946862405177,Acc3_brainstem_GLP_1_MK_801;Acc3_hypothalamus_GLP_1_MK_801;Acc8_hippocampus_ST_A_Ex;Acc8_hippocampus_ST_A_Ex_KD
Atpif1,4,UP,3,1,0.3523058308867545,Acc3_brainstem_GLP_1_MK_801;Acc3_hypothalamus_GLP_1_MK_801;Acc8_hippocampus_ST_A_Ex;Acc8_hippocampus_ST_A_Ex_KD
Srsf5,4,UP,3,1,0.34829686743680577,Acc11_hippocampus_Ex4_mTBI;Acc8_frontalcortex_ST_A_Ex;Acc8_hippocampus_ST_A_Ex;Acc8_hippocampus_ST_A_Ex_KD
Rrp1,4,UP,4,0,0.3480364616649086,Acc11_hippocampus_Ex4_mTBI;Acc3_hypothalamus_GLP_1_MK_801;Acc8_hippocampus_ST_A_Ex;Acc8_hippocampus_ST_A_Ex_KD
Rps19,4,UP,3,1,0.3468480672360966,Acc3_brainstem_GLP_1;Acc3_brainstem_GLP_1_MK_801;Acc8_hippocampus_ST_A_Ex;Acc8_hippocampus_ST_A_Ex_KD
Klf13,4,UP,4,0,0.3464443787730777,Acc3_brainstem_GLP_1_MK_801;Acc3_hypothalamus_GLP_1_MK_801;Acc5_arc_IP118_PY115;Acc5_pvn_IP118_PY115
Eef1b2,4,UP,4,0,0.34585113083853825,Acc11_hippocampus_Ex4;Acc11_hippocampus_Ex4_mTBI;Acc8_hippocampus_ST_A_Ex;Acc8_hippocampus_ST_A_Ex_KD
Fau,4,UP,3,1,0.34420503512550654,Acc3_brainstem_GLP_1;Acc3_brainstem_GLP_1_MK_801;Acc8_hippocampus_ST_A_Ex;Acc8_hippocampus_ST_A_Ex_KD
Emg1,4,UP,4,0,0.33906100941753325,Acc11_hippocampus_Ex4;Acc11_hippocampus_Ex4_mTBI;Acc8_hippocampus_ST_A_Ex;Acc8_hippocampus_ST_A_Ex_KD
Smdt1,4,UP,3,1,0.33395389866962055,Acc3_brainstem_GLP_1;Acc3_brainstem_GLP_1_MK_801;Acc8_hippocampus_ST_A_Ex;Acc8_hippocampus_ST_A_Ex_KD
Chmp2a,4,UP,4,0,0.33337660905355476,Acc11_hippocampus_Ex4;Acc11_hippocampus_Ex4_mTBI;Acc8_hippocampus_ST_A_Ex;Acc8_hippocampus_ST_A_Ex_KD
Polr1c,4,UP,4,0,0.32708215314043243,Acc11_hippocampus_Ex4;Acc11_hippocampus_Ex4_mTBI;Acc8_hippocampus_ST_A_Ex;Acc8_hippocampus_ST_A_Ex_KD
Cox14,4,UP,3,1,0.3218701429289195,Acc3_brainstem_GLP_1;Acc3_brainstem_GLP_1_MK_801;Acc8_hippocampus_ST_A_Ex;Acc8_hippocampus_ST_A_Ex_KD
Sec61b,4,UP,2,2,0.3140404176832817,Acc3_brainstem_GLP_1_MK_801;Acc3_hypothalamus_GLP_1_MK_801;Acc8_hippocampus_ST_A_Ex;Acc8_hippocampus_ST_A_Ex_KD
Pik3ip1,4,UP,4,0,0.3135670208349308,Acc8_frontalcortex_ST_A_Ex;Acc8_frontalcortex_ST_A_Ex_KD;Acc8_hippocampus_ST_A_Ex;Acc8_hippocampus_ST_A_Ex_KD
Hcfc1,4,UP,4,0,0.3107238386900491,Acc11_hippocampus_Ex4;Acc11_hippocampus_Ex4_mTBI;Acc3_brainstem_GLP_1_MK_801;Acc3_hypothalamus_conjugate_2
Sun2,4,UP,4,0,0.3100594817021793,Acc3_hypothalamus_GLP_1_MK_801;Acc8_frontalcortex_ST_A_Ex;Acc8_frontalcortex_ST_A_Ex_KD;Acc8_hippocampus_ST_A_Ex
Tomm22,4,UP,4,0,0.30936154516731346,Acc11_hippocampus_Ex4;Acc11_hippocampus_Ex4_mTBI;Acc8_hippocampus_ST_A_Ex;Acc8_hippocampus_ST_A_Ex_KD
Tchp,4,UP,4,0,0.3083772786574976,Acc3_brainstem_GLP_1;Acc3_hypothalamus_GLP_1_MK_801;Acc8_hippocampus_ST_A_Ex;Acc8_hippocampus_ST_A_Ex_KD
Rps24,4,UP,4,0,0.3040732634427401,Acc3_brainstem_GLP_1;Acc3_hypothalamus_GLP_1_MK_801;Acc8_hippocampus_ST_A_Ex;Acc8_hippocampus_ST_A_Ex_KD
Hipk2,4,UP,3,1,0.30119928315497413,Acc3_brainstem_GLP_1_MK_801;Acc3_hypothalamus_GLP_1_MK_801;Acc3_hypothalamus_conjugate_2;Acc8_hippocampus_ST_A_Ex
Zscan2,4,UP,4,0,0.29997337531766516,Acc3_brainstem_GLP_1;Acc3_hypothalamus_GLP_1_MK_801;Acc8_hippocampus_ST_A_Ex;Acc8_hippocampus_ST_A_Ex_KD
Znhit1,4,UP,4,0,0.29490678392713043,Acc3_brainstem_GLP_1;Acc3_hypothalamus_GLP_1_MK_801;Acc8_hippocampus_ST_A_Ex;Acc8_hippocampus_ST_A_Ex_KD
Rpl27a,4,UP,4,0,0.29485101161320487,Acc3_brainstem_GLP_1;Acc3_hypothalamus_GLP_1_MK_801;Acc8_hippocampus_ST_A_Ex;Acc8_hippocampus_ST_A_Ex_KD
Nat14,4,UP,4,0,0.2945512756139215,Acc3_brainstem_GLP_1;Acc3_hypothalamus_GLP_1_MK_801;Acc8_hippocampus_ST_A_Ex;Acc8_hippocampus_ST_A_Ex_KD
Sugp1,4,UP,4,0,0.29123825626317607,Acc3_hypothalamus_GLP_1_MK_801;Acc8_frontalcortex_ST_A_Ex;Acc8_hippocampus_ST_A_Ex;Acc8_hippocampus_ST_A_Ex_KD
Syt12,4,UP,4,0,0.28823990421246154,Acc3_hypothalamus_GLP_1_MK_801;Acc5_pvn_IP118_PY115;Acc8_hippocampus_ST_A_Ex;Acc8_hippocampus_ST_A_Ex_KD
Coq7,4,UP,3,1,0.28696662845593424,Acc3_brainstem_GLP_1;Acc3_brainstem_GLP_1_MK_801;Acc8_hippocampus_ST_A_Ex;Acc8_hippocampus_ST_A_Ex_KD
Kras,4,DOWN,1,3,0.2860562099281055,Acc3_hypothalamus_GLP_1_MK_801;Acc6_mbh_COMBO;Acc8_hippocampus_ST_A_Ex;Acc8_hippocampus_ST_A_Ex_KD
Rps6,4,UP,4,0,0.285620836773637,Acc3_hypothalamus_GLP_1_MK_801;Acc8_hippocampus_ST_A_Ex;Acc8_hippocampus_ST_A_Ex_KD;Acc8_hypothalamus_LT_A_Ex
Rpl17,4,UP,4,0,0.284807928353184,Acc3_brainstem_GLP_1;Acc3_hypothalamus_GLP_1_MK_801;Acc8_hippocampus_ST_A_Ex;Acc8_hippocampus_ST_A_Ex_KD
Cfap20,4,UP,4,0,0.2827121592262342,Acc11_hippocampus_Ex4;Acc11_hippocampus_Ex4_mTBI;Acc8_hippocampus_ST_A_Ex;Acc8_hippocampus_ST_A_Ex_KD
Chchd6,4,UP,4,0,0.2822491377295202,Acc3_brainstem_GLP_1;Acc8_frontalcortex_YA_Ex;Acc8_hippocampus_ST_A_Ex;Acc8_hippocampus_ST_A_Ex_KD
Rab13,4,UP,3,1,0.28105930799259926,Acc3_brainstem_GLP_1;Acc3_brainstem_GLP_1_MK_801;Acc8_hippocampus_ST_A_Ex;Acc8_hippocampus_ST_A_Ex_KD
Prodh,4,UP,4,0,0.2761311395979575,Acc3_brainstem_GLP_1;Acc3_hypothalamus_GLP_1_MK_801;Acc8_hippocampus_ST_A_Ex;Acc8_hippocampus_ST_A_Ex_KD
Sumf2,4,UP,4,0,0.2735110825554527,Acc3_brainstem_GLP_1;Acc3_hypothalamus_GLP_1_MK_801;Acc8_hippocampus_ST_A_Ex;Acc8_hippocampus_ST_A_Ex_KD
Zcchc3,4,UP,4,0,0.2710204301315086,Acc11_hippocampus_Ex4;Acc11_hippocampus_Ex4_mTBI;Acc8_hippocampus_ST_A_Ex;Acc8_hippocampus_ST_A_Ex_KD
Prpf31,4,UP,4,0,0.2705449053979023,Acc3_hypothalamus_GLP_1_MK_801;Acc8_frontalcortex_ST_A_Ex;Acc8_hippocampus_ST_A_Ex;Acc8_hippocampus_ST_A_Ex_KD
A330074k22rik,4,UP,3,1,0.2658895771362476,Acc3_brainstem_GLP_1;Acc3_brainstem_GLP_1_MK_801;Acc3_hypothalamus_GLP_1_MK_801;Acc3_hypothalamus_conjugate_2
Uqcrh,4,UP,4,0,0.26579346607422216,Acc3_brainstem_GLP_1;Acc3_hypothalamus_GLP_1_MK_801;Acc8_hippocampus_ST_A_Ex;Acc8_hippocampus_ST_A_Ex_KD
R3hdm4,4,UP,4,0,0.2639863416171867,Acc11_hippocampus_Ex4;Acc11_hippocampus_Ex4_mTBI;Acc8_hippocampus_ST_A_Ex;Acc8_hippocampus_ST_A_Ex_KD
Hint2,4,UP,3,1,0.2619602672604986,Acc3_brainstem_GLP_1;Acc3_brainstem_GLP_1_MK_801;Acc8_hippocampus_ST_A_Ex;Acc8_hippocampus_ST_A_Ex_KD
Gclm,4,DOWN,1,3,0.26168886041806527,Acc3_hypothalamus_GLP_1_MK_801;Acc6_mbh_COMBO;Acc8_hippocampus_ST_A_Ex;Acc8_hippocampus_ST_A_Ex_KD
Atp8a2,4,UP,3,1,0.2575363608099581,Acc3_brainstem_GLP_1;Acc3_brainstem_GLP_1_MK_801;Acc3_hypothalamus_conjugate_2;Acc8_hippocampus_ST_A_Ex_KD
Scnm1,4,UP,4,0,0.2554302401070776,Acc3_brainstem_GLP_1;Acc3_hypothalamus_GLP_1_MK_801;Acc8_hippocampus_ST_A_Ex;Acc8_hippocampus_ST_A_Ex_KD
Grcc10,4,UP,3,1,0.2478300681373149,Acc3_brainstem_GLP_1;Acc3_brainstem_GLP_1_MK_801;Acc8_hippocampus_ST_A_Ex;Acc8_hippocampus_ST_A_Ex_KD
Usp2,4,UP,3,1,0.24509060206996708,Acc3_hypothalamus_GLP_1_MK_801;Acc5_nts_IP118_PY115;Acc8_frontalcortex_ST_A_Ex_KD;Acc8_hypothalamus_LT_A_Ex
Arnt2,4,UP,3,1,0.24491692239133248,Acc11_hippocampus_Ex4;Acc11_hippocampus_Ex4_mTBI;Acc3_brainstem_GLP_1;Acc3_brainstem_GLP_1_MK_801
Cracdl,4,UP,3,1,0.2416160482470661,Acc5_pvn_IP118_PY115;Acc8_frontalcortex_ST_A_Ex_KD;Acc8_hippocampus_ST_A_Ex_KD;Acc8_hypothalamus_LT_A_Ex
Mindy2,4,DOWN,1,3,0.24108884530486568,Acc3_hypothalamus_GLP_1_MK_801;Acc6_mbh_COMBO;Acc8_hippocampus_ST_A_Ex;Acc8_hippocampus_ST_A_Ex_KD
Rpl34,4,UP,3,1,0.23904563752141308,Acc3_brainstem_GLP_1;Acc3_brainstem_GLP_1_MK_801;Acc8_hippocampus_ST_A_Ex;Acc8_hippocampus_ST_A_Ex_KD
Stub1,4,UP,4,0,0.23457282503078955,Acc3_brainstem_GLP_1;Acc3_hypothalamus_GLP_1_MK_801;Acc8_hippocampus_ST_A_Ex;Acc8_hippocampus_ST_A_Ex_KD
Akap1,4,UP,4,0,0.23386465779190557,Acc11_hippocampus_Ex4;Acc11_hippocampus_Ex4_mTBI;Acc8_frontalcortex_ST_A_Ex;Acc8_frontalcortex_ST_A_Ex_KD
Kcnj6,4,UP,3,1,0.2322889853815884,Acc3_brainstem_GLP_1;Acc3_brainstem_GLP_1_MK_801;Acc3_hypothalamus_GLP_1_MK_801;Acc3_hypothalamus_conjugate_2
Mrpl13,4,UP,3,1,0.2249732780840073,Acc11_hippocampus_Ex4;Acc11_hippocampus_Ex4_mTBI;Acc3_brainstem_GLP_1_MK_801;Acc8_hippocampus_ST_A_Ex
Rpl14,4,UP,3,1,0.22484802257277364,Acc3_brainstem_GLP_1;Acc3_brainstem_GLP_1_MK_801;Acc8_hippocampus_ST_A_Ex;Acc8_hippocampus_ST_A_Ex_KD
Trip12,4,UP,3,1,0.2226260203527849,Acc11_hippocampus_Ex4;Acc11_hippocampus_Ex4_mTBI;Acc3_brainstem_GLP_1_MK_801;Acc8_hippocampus_ST_A_Ex
Grk2,4,UP,2,2,0.2218388901318557,Acc6_mbh_AC3174;Acc6_mbh_COMBO;Acc8_hippocampus_ST_A_Ex;Acc8_hypothalamus_LT_A_Ex
Arid2,4,UP,3,1,0.22062462630241275,Acc11_hippocampus_Ex4;Acc11_hippocampus_Ex4_mTBI;Acc3_brainstem_GLP_1_MK_801;Acc8_hippocampus_ST_A_Ex
Zxda,4,UP,3,1,0.21715133021352603,Acc11_hippocampus_Ex4;Acc11_hippocampus_Ex4_mTBI;Acc3_brainstem_GLP_1;Acc3_brainstem_GLP_1_MK_801
Rpl13a,4,UP,3,1,0.20979326259164027,Acc3_brainstem_GLP_1;Acc3_brainstem_GLP_1_MK_801;Acc8_hippocampus_ST_A_Ex;Acc8_hippocampus_ST_A_Ex_KD
Zbtb22,4,UP,3,1,0.2094106485454748,Acc3_hypothalamus_GLP_1_MK_801;Acc8_hippocampus_ST_A_Ex;Acc8_hippocampus_ST_A_Ex_KD;Acc8_hypothalamus_LT_A_Ex
Nhp2,4,UP,2,2,0.20670892434207458,Acc11_hippocampus_Ex4;Acc3_brainstem_GLP_1_MK_801;Acc8_hippocampus_ST_A_Ex;Acc8_hippocampus_ST_A_Ex_KD
Adcy9,4,UP,3,1,0.2013398322594298,Acc3_brainstem_GLP_1;Acc3_brainstem_GLP_1_MK_801;Acc3_hypothalamus_GLP_1_MK_801;Acc3_hypothalamus_conjugate_2
Ino80b,4,UP,3,1,0.19574515924284447,Acc3_brainstem_GLP_1_MK_801;Acc3_hypothalamus_GLP_1_MK_801;Acc8_hippocampus_ST_A_Ex;Acc8_hippocampus_ST_A_Ex_KD
Map1a,4,UP,3,1,0.1934065998351786,Acc3_brainstem_GLP_1;Acc3_brainstem_GLP_1_MK_801;Acc3_hypothalamus_GLP_1_MK_801;Acc3_hypothalamus_conjugate_2
Hivep3,4,UP,3,1,0.19295191003090223,Acc3_brainstem_GLP_1_MK_801;Acc3_hypothalamus_GLP_1_MK_801;Acc3_hypothalamus_conjugate_2;Acc5_pvn_IP118_PY115
Il1r1,4,UP,2,2,0.18997348621030594,Acc3_brainstem_GLP_1;Acc5_nts_IP118_PY115;Acc8_hippocampus_ST_A_Ex;Acc8_hippocampus_ST_A_Ex_KD
Snrnp35,4,UP,3,1,0.1857000902919044,Acc3_brainstem_GLP_1;Acc8_hippocampus_ST_A_Ex;Acc8_hippocampus_ST_A_Ex_KD;Acc8_hypothalamus_LT_A_Ex
Hddc2,4,UP,3,1,0.1821861362361677,Acc11_hippocampus_Ex4_mTBI;Acc3_brainstem_GLP_1_MK_801;Acc8_hippocampus_ST_A_Ex;Acc8_hippocampus_ST_A_Ex_KD
Kif5a,4,UP,3,1,0.1811282332466489,Acc3_brainstem_GLP_1_MK_801;Acc3_hypothalamus_GLP_1_MK_801;Acc3_hypothalamus_conjugate_2;Acc8_hypothalamus_LT_A_Ex
Arfgap1,4,UP,3,1,0.17900918966158713,Acc11_hippocampus_Ex4_mTBI;Acc8_frontalcortex_ST_A_Ex_KD;Acc8_hippocampus_ST_A_Ex;Acc8_hippocampus_ST_A_Ex_KD
Mast4,4,UP,3,1,0.17830013619200963,Acc3_brainstem_GLP_1;Acc3_brainstem_GLP_1_MK_801;Acc3_hypothalamus_GLP_1_MK_801;Acc3_hypothalamus_conjugate_2
Nr1d1,4,UP,3,1,0.17742668491786454,Acc10_hippocampus_Ex4_Po_t_TBI;Acc10_hippocampus_Ex4_Pre_TBI;Acc5_pvn_IP118_PY115;Acc8_frontalcortex_ST_A_Ex_KD
Ppip5k2,4,UP,3,1,0.17576188125201792,Acc11_hippocampus_Ex4;Acc11_hippocampus_Ex4_mTBI;Acc3_brainstem_GLP_1;Acc3_brainstem_GLP_1_MK_801
Sorl1,4,UP,3,1,0.17537123297629537,Acc11_hippocampus_Ex4_mTBI;Acc3_brainstem_GLP_1_MK_801;Acc3_hypothalamus_conjugate_2;Acc8_hippocampus_ST_A_Ex
Pdlim7,4,UP,3,1,0.1741931902499753,Acc10_hippocampus_Exendin4;Acc3_brainstem_GLP_1;Acc8_hippocampus_ST_A_Ex;Acc8_hippocampus_ST_A_Ex_KD
Wdr6,4,UP,3,1,0.1731421489501052,Acc8_frontalcortex_ST_A_Ex_KD;Acc8_hippocampus_ST_A_Ex;Acc8_hippocampus_ST_A_Ex_KD;Acc8_hypothalamus_LT_A_Ex
Prrc2b,4,UP,3,1,0.17225727850453262,Acc3_brainstem_GLP_1_MK_801;Acc3_hypothalamus_GLP_1_MK_801;Acc3_hypothalamus_conjugate_2;Acc8_hippocampus_ST_A_Ex
Gtf2f1,4,UP,3,1,0.1717466931501313,Acc3_hypothalamus_GLP_1_MK_801;Acc8_hippocampus_ST_A_Ex;Acc8_hippocampus_ST_A_Ex_KD;Acc8_hypothalamus_LT_A_Ex
Heatr5b,4,UP,3,1,0.17130565140753415,Acc3_brainstem_GLP_1;Acc3_brainstem_GLP_1_MK_801;Acc3_hypothalamus_GLP_1_MK_801;Acc3_hypothalamus_conjugate_2
Soga3,4,UP,3,1,0.16853257924558096,Acc3_brainstem_GLP_1;Acc3_brainstem_GLP_1_MK_801;Acc3_hypothalamus_GLP_1_MK_801;Acc3_hypothalamus_conjugate_2
Rps27a,4,UP,3,1,0.1675068760597326,Acc3_brainstem_GLP_1;Acc3_brainstem_GLP_1_MK_801;Acc8_hippocampus_ST_A_Ex;Acc8_hippocampus_ST_A_Ex_KD
Atp5h,4,UP,2,2,0.15909649480552815,Acc3_brainstem_GLP_1_MK_801;Acc8_frontalcortex_LT_A_Ex;Acc8_hippocampus_ST_A_Ex;Acc8_hippocampus_ST_A_Ex_KD
Commd1,4,UP,3,1,0.15800709357698617,Acc11_hippocampus_Ex4;Acc3_brainstem_GLP_1_MK_801;Acc8_hippocampus_ST_A_Ex;Acc8_hippocampus_ST_A_Ex_KD
Hr,4,UP,3,1,0.15794002559179332,Acc3_brainstem_GLP_1;Acc3_brainstem_GLP_1_MK_801;Acc3_hypothalamus_GLP_1_MK_801;Acc8_hypothalamus_LT_A_Ex
Prr5,4,UP,3,1,0.1533385031217653,Acc3_brainstem_GLP_1;Acc3_hypothalamus_GLP_1_MK_801;Acc5_nts_IP118_PY115;Acc8_hypothalamus_LT_A_Ex
Atp2b3,4,UP,3,1,0.15113515322401294,Acc3_brainstem_GLP_1;Acc3_brainstem_GLP_1_MK_801;Acc3_hypothalamus_GLP_1_MK_801;Acc3_hypothalamus_conjugate_2
Celsr2,4,UP,3,1,0.14817124621654937,Acc3_brainstem_GLP_1;Acc3_brainstem_GLP_1_MK_801;Acc3_hypothalamus_GLP_1_MK_801;Acc3_hypothalamus_conjugate_2
Use1,4,UP,3,1,0.14710925211475084,Acc3_brainstem_GLP_1;Acc3_brainstem_GLP_1_MK_801;Acc8_hippocampus_ST_A_Ex;Acc8_hippocampus_ST_A_Ex_KD
Pop5,4,UP,3,1,0.14401918241677142,Acc3_brainstem_GLP_1;Acc3_brainstem_GLP_1_MK_801;Acc8_hippocampus_ST_A_Ex;Acc8_hippocampus_ST_A_Ex_KD
Zswim9,4,UP,3,1,0.13887509091637235,Acc3_hypothalamus_GLP_1_MK_801;Acc8_hippocampus_ST_A_Ex;Acc8_hippocampus_ST_A_Ex_KD;Acc8_hypothalamus_LT_A_Ex
Itsn1,4,UP,3,1,0.13482256777154183,Acc11_hippocampus_Ex4_mTBI;Acc3_brainstem_GLP_1_MK_801;Acc3_hypothalamus_conjugate_2;Acc8_hippocampus_ST_A_Ex
2410006h16rik,4,UP,3,1,0.13383510140338709,Acc3_brainstem_GLP_1;Acc6_mbh_COMBO;Acc8_hippocampus_ST_A_Ex;Acc8_hippocampus_ST_A_Ex_KD
Hprt,4,UP,2,2,0.1331414285301536,Acc11_hippocampus_Ex4;Acc11_hippocampus_Ex4_mTBI;Acc3_brainstem_GLP_1_MK_801;Acc3_hypothalamus_GLP_1_MK_801
Frat1,4,UP,3,1,0.13293108000961024,Acc10_hippocampus_Ex4_Po_t_TBI;Acc3_hypothalamus_GLP_1_MK_801;Acc8_frontalcortex_YA_Ex;Acc8_hypothalamus_LT_A_Ex
Iqsec1,4,UP,3,1,0.12970294364411944,Acc3_brainstem_GLP_1_MK_801;Acc3_hypothalamus_GLP_1_MK_801;Acc3_hypothalamus_conjugate_2;Acc8_hippocampus_ST_A_Ex
Ubald1,4,UP,3,1,0.12291291451319458,Acc3_hypothalamus_GLP_1_MK_801;Acc8_hippocampus_ST_A_Ex;Acc8_hippocampus_ST_A_Ex_KD;Acc8_hypothalamus_LT_A_Ex
Otud6b,4,UP,2,2,0.12206449151478806,Acc11_hippocampus_Ex4;Acc11_hippocampus_Ex4_mTBI;Acc8_hippocampus_ST_A_Ex;Acc8_hippocampus_ST_A_Ex_KD
Sytl2,4,UP,3,1,0.12199526207818034,Acc10_hippocampus_Ex4_Po_t_TBI;Acc10_hippocampus_Ex4_Pre_TBI;Acc3_brainstem_GLP_1;Acc8_hypothalamus_LT_A_Ex
Rps14,4,UP,3,1,0.11994911088581511,Acc3_brainstem_GLP_1;Acc3_brainstem_GLP_1_MK_801;Acc8_hippocampus_ST_A_Ex;Acc8_hippocampus_ST_A_Ex_KD
Lonrf3,4,UP,2,2,0.114026563160696,Acc3_brainstem_GLP_1_MK_801;Acc5_pvn_IP118_PY115;Acc8_hippocampus_ST_A_Ex;Acc8_hippocampus_ST_A_Ex_KD
Gdap1l1,4,UP,3,1,0.1058824333218241,Acc3_hypothalamus_GLP_1_MK_801;Acc8_hippocampus_ST_A_Ex;Acc8_hippocampus_ST_A_Ex_KD;Acc8_hypothalamus_LT_A_Ex
Slc9a7,4,UP,2,2,0.10527159541115955,Acc3_brainstem_GLP_1;Acc3_brainstem_GLP_1_MK_801;Acc3_hypothalamus_conjugate_2;Acc8_hippocampus_ST_A_Ex
Pcdhac2,4,UP,3,1,0.10276520671536665,Acc3_brainstem_GLP_1;Acc3_brainstem_GLP_1_MK_801;Acc3_hypothalamus_GLP_1_MK_801;Acc3_hypothalamus_conjugate_2
Kat6a,4,UP,3,1,0.09945225864854655,Acc3_brainstem_GLP_1;Acc3_brainstem_GLP_1_MK_801;Acc3_hypothalamus_GLP_1_MK_801;Acc3_hypothalamus_conjugate_2
Rbfox3,4,UP,3,1,0.09239090674318627,Acc3_hypothalamus_GLP_1_MK_801;Acc8_hippocampus_ST_A_Ex;Acc8_hippocampus_ST_A_Ex_KD;Acc8_hypothalamus_LT_A_Ex
Kdm1b,4,UP,2,2,0.08711467552886473,Acc3_brainstem_GLP_1;Acc5_pvn_IP118_PY115;Acc8_hippocampus_ST_A_Ex_KD;Acc8_hypothalamus_LT_A_Ex
Tspan17,4,UP,2,2,0.08467856296627942,Acc11_hippocampus_Ex4;Acc11_hippocampus_Ex4_mTBI;Acc8_hippocampus_ST_A_Ex;Acc8_hippocampus_ST_A_Ex_KD
Klf12,4,UP,2,2,0.08289735337133536,Acc3_brainstem_GLP_1;Acc3_brainstem_GLP_1_MK_801;Acc3_hypothalamus_conjugate_2;Acc8_hippocampus_ST_A_Ex
Ube2n,4,UP,2,2,0.0774106530300966,Acc11_hippocampus_Ex4;Acc11_hippocampus_Ex4_mTBI;Acc3_hypothalamus_GLP_1_MK_801;Acc8_hippocampus_ST_A_Ex
Zfp469,4,UP,3,1,0.07640414701646189,Acc3_brainstem_GLP_1;Acc3_brainstem_GLP_1_MK_801;Acc3_hypothalamus_GLP_1_MK_801;Acc8_hypothalamus_LT_A_Ex
Abhd17c,4,UP,2,2,0.0745680943783089,Acc11_hippocampus_Ex4;Acc11_hippocampus_Ex4_mTBI;Acc8_hippocampus_ST_A_Ex;Acc8_hippocampus_ST_A_Ex_KD
Sst,4,UP,3,1,0.0701927682027341,Acc3_brainstem_GLP_1;Acc3_hypothalamus_GLP_1_MK_801;Acc6_mbh_COMBO;Acc8_frontalcortex_YA_Ex
6430548m08rik,4,DOWN,1,3,0.06501440375992622,Acc10_hippocampus_Ex4_Po_t_TBI;Acc10_hippocampus_Ex4_Pre_TBI;Acc11_hippocampus_Ex4_mTBI;Acc6_mbh_COMBO
Pcdhgb2,4,UP,2,2,0.0636622849733623,Acc3_brainstem_GLP_1;Acc3_brainstem_GLP_1_MK_801;Acc3_hypothalamus_GLP_1_MK_801;Acc8_hypothalamus_LT_A_Ex
Cnot4,4,UP,2,2,0.06221886764999998,Acc10_hippocampus_Ex4_Po_t_TBI;Acc10_hippocampus_Ex4_Pre_TBI;Acc11_hippocampus_Ex4;Acc11_hippocampus_Ex4_mTBI
Atp5l,4,UP,2,2,0.05282935083229803,Acc3_brainstem_GLP_1_MK_801;Acc3_hypothalamus_GLP_1_MK_801;Acc8_hippocampus_ST_A_Ex;Acc8_hippocampus_ST_A_Ex_KD
Clk1,4,UP,2,2,0.04942653897886254,Acc3_brainstem_GLP_1;Acc3_hypothalamus_GLP_1_MK_801;Acc3_hypothalamus_conjugate_2;Acc8_hypothalamus_LT_A_Ex
Zhx1,4,UP,2,2,0.04830808205008004,Acc11_hippocampus_Ex4;Acc11_hippocampus_Ex4_mTBI;Acc8_hippocampus_ST_A_Ex;Acc8_hippocampus_ST_A_Ex_KD
Snap91,4,UP,2,2,0.04176249583541802,Acc11_hippocampus_Ex4_mTBI;Acc3_brainstem_GLP_1_MK_801;Acc8_hippocampus_ST_A_Ex;Acc8_hippocampus_ST_A_Ex_KD
Setd7,4,UP,2,2,0.04018290962099033,Acc3_brainstem_GLP_1;Acc3_brainstem_GLP_1_MK_801;Acc5_pvn_IP118_PY115;Acc8_hippocampus_ST_A_Ex
Rapgef2,4,UP,2,2,0.03984526986654219,Acc3_brainstem_GLP_1;Acc3_brainstem_GLP_1_MK_801;Acc5_pvn_IP118_PY115;Acc8_hippocampus_ST_A_Ex
Notch1,4,UP,2,2,0.03467659402133011,Acc3_hypothalamus_GLP_1_MK_801;Acc3_hypothalamus_conjugate_2;Acc8_hippocampus_ST_A_Ex;Acc8_hippocampus_ST_A_Ex_KD
Lias,4,UP,3,1,0.03160650340163845,Acc11_hippocampus_Ex4_mTBI;Acc6_mbh_COMBO;Acc8_hippocampus_ST_A_Ex;Acc8_hippocampus_ST_A_Ex_KD
Hivep1,4,UP,2,2,0.031511357751281666,Acc3_brainstem_GLP_1;Acc3_brainstem_GLP_1_MK_801;Acc3_hypothalamus_conjugate_2;Acc8_hippocampus_ST_A_Ex
Strn3,4,UP,2,2,0.030144311194470613,Acc11_hippocampus_Ex4_mTBI;Acc8_hippocampus_ST_A_Ex;Acc8_hippocampus_ST_A_Ex_KD;Acc8_hypothalamus_LT_A_Ex
Mta3,4,UP,2,2,0.019982167114989464,Acc3_brainstem_GLP_1;Acc3_brainstem_GLP_1_MK_801;Acc3_hypothalamus_GLP_1_MK_801;Acc8_hypothalamus_LT_A_Ex
Insig2,4,UP,2,2,0.018608025679116943,Acc11_hippocampus_Ex4;Acc11_hippocampus_Ex4_mTBI;Acc3_hypothalamus_GLP_1_MK_801;Acc8_hippocampus_ST_A_Ex
Mtus1,4,UP,2,2,0.01471887259186766,Acc11_hippocampus_Ex4;Acc8_hippocampus_ST_A_Ex;Acc8_hippocampus_ST_A_Ex_KD;Acc8_hypothalamus_LT_A_Ex
Atg2b,4,UP,2,2,0.007747017611276358,Acc11_hippocampus_Ex4_mTBI;Acc3_brainstem_GLP_1;Acc3_brainstem_GLP_1_MK_801;Acc8_hippocampus_ST_A_Ex
Il1rap,4,UP,2,2,0.00503699264249835,Acc10_hippocampus_Ex4_Po_t_TBI;Acc3_brainstem_GLP_1;Acc3_brainstem_GLP_1_MK_801;Acc5_arc_IP118_PY115
Irs1,4,UP,2,2,0.004665406706064551,Acc3_brainstem_GLP_1;Acc3_brainstem_GLP_1_MK_801;Acc3_hypothalamus_conjugate_2;Acc8_hippocampus_ST_A_Ex
Stt3b,4,UP,2,2,0.0005307687566804276,Acc5_arc_IP118_PY115;Acc5_pvn_IP118_PY115;Acc8_hippocampus_ST_A_Ex;Acc8_hippocampus_ST_A_Ex_KD
Ube2e3,4,DOWN,1,3,-0.005794710224528037,Acc11_hippocampus_Ex4_mTBI;Acc3_hypothalamus_GLP_1_MK_801;Acc6_mbh_COMBO;Acc8_hippocampus_ST_A_Ex
Dnajb9,4,UP,2,2,-0.00760117591365117,Acc11_hippocampus_Ex4;Acc3_hypothalamus_GLP_1_MK_801;Acc8_hippocampus_ST_A_Ex;Acc8_hypothalamus_LT_A_Ex
Adcy5,4,UP,2,2,-0.007676780729931401,Acc3_brainstem_GLP_1_MK_801;Acc3_hypothalamus_GLP_1_MK_801;Acc8_hippocampus_ST_A_Ex;Acc8_hypothalamus_LT_A_Ex
Garem1,4,UP,2,2,-0.009401465131016917,Acc3_brainstem_GLP_1;Acc3_brainstem_GLP_1_MK_801;Acc3_hypothalamus_GLP_1_MK_801;Acc8_hippocampus_ST_A_Ex
Bet1,4,UP,2,2,-0.01213048038902511,Acc11_hippocampus_Ex4;Acc3_hypothalamus_GLP_1_MK_801;Acc8_hippocampus_ST_A_Ex_KD;Acc8_hypothalamus_LT_A_Ex
Mcmbp,4,UP,2,2,-0.02385474549638096,Acc10_hippocampus_Ex4_Po_t_TBI;Acc10_hippocampus_Ex4_Pre_TBI;Acc8_hippocampus_ST_A_Ex;Acc8_hippocampus_ST_A_Ex_KD
Snx12,4,UP,2,2,-0.028771203363271672,Acc11_hippocampus_Ex4_mTBI;Acc6_mbh_AC710222;Acc8_hippocampus_ST_A_Ex;Acc8_hippocampus_ST_A_Ex_KD
Trp53inp1,4,UP,2,2,-0.030016140500514363,Acc3_accumbens_GLP_1;Acc3_brainstem_GLP_1;Acc3_hypothalamus_GLP_1_MK_801;Acc8_hippocampus_ST_A_Ex_KD
Sema6c,4,UP,2,2,-0.0316193668223608,Acc3_brainstem_GLP_1;Acc3_hypothalamus_GLP_1_MK_801;Acc8_hippocampus_ST_A_Ex;Acc8_hippocampus_ST_A_Ex_KD
Flrt1,4,UP,2,2,-0.03575766116477394,Acc10_hippocampus_Ex4_Po_t_TBI;Acc10_hippocampus_Ex4_Pre_TBI;Acc3_brainstem_GLP_1_MK_801;Acc3_hypothalamus_conjugate_2
Nufip2,4,UP,2,2,-0.0368697803708664,Acc3_brainstem_GLP_1;Acc3_brainstem_GLP_1_MK_801;Acc8_hippocampus_ST_A_Ex;Acc8_hypothalamus_LT_A_Ex
Tubb2b,4,UP,2,2,-0.037076650682274274,Acc11_hippocampus_Ex4_mTBI;Acc5_arc_IP118_PY115;Acc8_hippocampus_ST_A_Ex;Acc8_hippocampus_ST_A_Ex_KD
Cfl2,4,UP,2,2,-0.040536271610253055,Acc11_hippocampus_Ex4;Acc11_hippocampus_Ex4_mTBI;Acc3_hypothalamus_GLP_1_MK_801;Acc8_hypothalamus_LT_A_Ex
Tug1,4,UP,2,2,-0.04622490176447791,Acc11_hippocampus_Ex4;Acc11_hippocampus_Ex4_mTBI;Acc8_hippocampus_ST_A_Ex;Acc8_hippocampus_ST_A_Ex_KD
Ncor2,4,UP,2,2,-0.05115234538573048,Acc3_brainstem_GLP_1_MK_801;Acc3_hypothalamus_GLP_1_MK_801;Acc8_hippocampus_ST_A_Ex;Acc8_hypothalamus_LT_A_Ex
Ankrd34a,4,UP,2,2,-0.062403372787186905,Acc3_hypothalamus_GLP_1_MK_801;Acc5_arc_IP118_PY115;Acc8_hippocampus_ST_A_Ex_KD;Acc8_hypothalamus_LT_A_Ex
Kif26b,4,UP,2,2,-0.07610144203863092,Acc3_brainstem_GLP_1_MK_801;Acc3_hypothalamus_conjugate_2;Acc8_hippocampus_ST_A_Ex;Acc8_hippocampus_ST_A_Ex_KD
Fam222b,4,DOWN,1,3,-0.08714412706628322,Acc11_hippocampus_Ex4_mTBI;Acc5_pvn_IP118_PY115;Acc8_hippocampus_ST_A_Ex;Acc8_hypothalamus_LT_A_Ex
Inka2,4,UP,2,2,-0.08777514168075655,Acc3_brainstem_GLP_1;Acc5_pvn_IP118_PY115;Acc8_hippocampus_ST_A_Ex;Acc8_hippocampus_ST_A_Ex_KD
Dek,4,DOWN,1,3,-0.10265476411304075,Acc10_hippocampus_Ex4_Po_t_TBI;Acc10_hippocampus_Ex4_Pre_TBI;Acc8_hippocampus_ST_A_Ex;Acc8_hypothalamus_LT_A_Ex
Rbm14,4,DOWN,1,3,-0.1035071372235234,Acc5_pvn_IP118_PY115;Acc8_hippocampus_ST_A_Ex;Acc8_hippocampus_ST_A_Ex_KD;Acc8_hypothalamus_LT_A_Ex
Ep300,4,DOWN,1,3,-0.10693782702112561,Acc10_hippocampus_Ex4_Po_t_TBI;Acc10_hippocampus_Ex4_Pre_TBI;Acc3_brainstem_GLP_1_MK_801;Acc8_hippocampus_ST_A_Ex
Vamp3,4,DOWN,1,3,-0.10950652722537624,Acc3_hypothalamus_GLP_1_MK_801;Acc8_hippocampus_ST_A_Ex;Acc8_hippocampus_ST_A_Ex_KD;Acc8_hypothalamus_LT_A_Ex
Fam168a,4,DOWN,1,3,-0.11035271475299124,Acc10_hippocampus_Ex4_Po_t_TBI;Acc10_hippocampus_Ex4_Pre_TBI;Acc3_brainstem_GLP_1;Acc3_brainstem_GLP_1_MK_801
Hspa4l,4,DOWN,1,3,-0.1106675488804883,Acc3_brainstem_GLP_1;Acc3_brainstem_GLP_1_MK_801;Acc3_hypothalamus_GLP_1_MK_801;Acc8_hippocampus_ST_A_Ex
2610301b20rik,4,DOWN,1,3,-0.11358698527193847,Acc3_hypothalamus_GLP_1_MK_801;Acc8_hippocampus_ST_A_Ex;Acc8_hippocampus_ST_A_Ex_KD;Acc8_hypothalamus_LT_A_Ex
Luzp1,4,DOWN,1,3,-0.1142478326601523,Acc10_hippocampus_Ex4_Pre_TBI;Acc3_brainstem_GLP_1;Acc3_brainstem_GLP_1_MK_801;Acc8_hippocampus_ST_A_Ex
2610008e11rik,4,DOWN,1,3,-0.11812043046744108,Acc3_hypothalamus_GLP_1_MK_801;Acc8_hippocampus_ST_A_Ex;Acc8_hippocampus_ST_A_Ex_KD;Acc8_hypothalamus_LT_A_Ex
Ube2q2,4,DOWN,1,3,-0.11820451771987378,Acc10_hippocampus_Ex4_Po_t_TBI;Acc11_hippocampus_Ex4_mTBI;Acc3_hypothalamus_GLP_1_MK_801;Acc8_hippocampus_ST_A_Ex
1810013l24rik,4,DOWN,1,3,-0.12175590668049753,Acc3_hypothalamus_GLP_1_MK_801;Acc8_hippocampus_ST_A_Ex;Acc8_hippocampus_ST_A_Ex_KD;Acc8_hypothalamus_LT_A_Ex
Nras,4,DOWN,1,3,-0.12461037965183702,Acc3_hypothalamus_GLP_1_MK_801;Acc8_hippocampus_ST_A_Ex;Acc8_hippocampus_ST_A_Ex_KD;Acc8_hypothalamus_LT_A_Ex
Rbm18,4,DOWN,1,3,-0.12527852530248068,Acc3_hypothalamus_GLP_1_MK_801;Acc8_hippocampus_ST_A_Ex;Acc8_hippocampus_ST_A_Ex_KD;Acc8_hypothalamus_LT_A_Ex
Togaram1,4,DOWN,1,3,-0.12622617740191455,Acc3_brainstem_GLP_1;Acc3_brainstem_GLP_1_MK_801;Acc8_hippocampus_ST_A_Ex;Acc8_hippocampus_ST_A_Ex_KD
Asah1,4,DOWN,1,3,-0.12681948167019935,Acc3_hypothalamus_GLP_1_MK_801;Acc8_hippocampus_ST_A_Ex;Acc8_hippocampus_ST_A_Ex_KD;Acc8_hypothalamus_LT_A_Ex
Sos1,4,DOWN,1,3,-0.12725216982707532,Acc3_brainstem_GLP_1;Acc3_brainstem_GLP_1_MK_801;Acc8_hippocampus_ST_A_Ex;Acc8_hippocampus_ST_A_Ex_KD
Ncan,4,DOWN,1,3,-0.12775631049845654,Acc3_brainstem_GLP_1;Acc3_brainstem_GLP_1_MK_801;Acc8_hippocampus_ST_A_Ex;Acc8_hypothalamus_LT_A_Ex
Megf9,4,DOWN,1,3,-0.1304618051516689,Acc10_hippocampus_Ex4_Po_t_TBI;Acc10_hippocampus_Ex4_Pre_TBI;Acc3_brainstem_GLP_1;Acc3_brainstem_GLP_1_MK_801
Plxdc2,4,DOWN,1,3,-0.1308474641408969,Acc3_brainstem_GLP_1;Acc3_brainstem_GLP_1_MK_801;Acc8_hippocampus_ST_A_Ex;Acc8_hippocampus_ST_A_Ex_KD
Pnrc2,4,DOWN,1,3,-0.13210258398159624,Acc3_hypothalamus_GLP_1_MK_801;Acc8_hippocampus_ST_A_Ex;Acc8_hippocampus_ST_A_Ex_KD;Acc8_hypothalamus_LT_A_Ex
Dok6,4,DOWN,1,3,-0.13222050441046182,Acc3_brainstem_GLP_1_MK_801;Acc3_hypothalamus_GLP_1_MK_801;Acc8_hippocampus_ST_A_Ex;Acc8_hippocampus_ST_A_Ex_KD
Rasa2,4,DOWN,1,3,-0.1339879681737983,Acc3_hypothalamus_GLP_1_MK_801;Acc8_frontalcortex_ST_A_Ex;Acc8_hippocampus_ST_A_Ex;Acc8_hypothalamus_LT_A_Ex
Fam13b,4,DOWN,1,3,-0.13421669620685645,Acc3_brainstem_GLP_1;Acc3_brainstem_GLP_1_MK_801;Acc8_frontalcortex_ST_A_Ex_KD;Acc8_hippocampus_ST_A_Ex
Hps3,4,DOWN,1,3,-0.1348272815114261,Acc3_hypothalamus_GLP_1_MK_801;Acc8_hippocampus_ST_A_Ex;Acc8_hippocampus_ST_A_Ex_KD;Acc8_hypothalamus_LT_A_Ex
Pde7a,4,DOWN,1,3,-0.13492318076496376,Acc3_hypothalamus_GLP_1_MK_801;Acc8_hippocampus_ST_A_Ex;Acc8_hippocampus_ST_A_Ex_KD;Acc8_hypothalamus_LT_A_Ex
Thap2,4,DOWN,1,3,-0.13560976834034702,Acc3_hypothalamus_GLP_1_MK_801;Acc8_hippocampus_ST_A_Ex;Acc8_hippocampus_ST_A_Ex_KD;Acc8_hypothalamus_LT_A_Ex
Trhde,4,DOWN,1,3,-0.13571485357414625,Acc3_brainstem_GLP_1;Acc3_brainstem_GLP_1_MK_801;Acc8_hippocampus_ST_A_Ex;Acc8_hippocampus_ST_A_Ex_KD
Npat,4,DOWN,1,3,-0.13632740685729872,Acc3_brainstem_GLP_1;Acc3_brainstem_GLP_1_MK_801;Acc8_hippocampus_ST_A_Ex;Acc8_hippocampus_ST_A_Ex_KD
Dnm3,4,DOWN,1,3,-0.1365244802763942,Acc3_brainstem_GLP_1;Acc3_brainstem_GLP_1_MK_801;Acc8_hippocampus_ST_A_Ex;Acc8_hippocampus_ST_A_Ex_KD
Map1b,4,UP,2,2,-0.13709379831841387,Acc10_hippocampus_Ex4_Po_t_TBI;Acc11_hippocampus_Ex4_mTBI;Acc3_brainstem_GLP_1_MK_801;Acc3_hypothalamus_conjugate_2
Rhobtb3,4,DOWN,1,3,-0.13743082573003673,Acc3_brainstem_GLP_1;Acc8_hippocampus_ST_A_Ex;Acc8_hippocampus_ST_A_Ex_KD;Acc8_hypothalamus_LT_A_Ex
Cpeb4,4,DOWN,1,3,-0.13920977652705097,Acc11_hippocampus_Ex4_mTBI;Acc3_brainstem_GLP_1;Acc3_brainstem_GLP_1_MK_801;Acc3_hypothalamus_GLP_1_MK_801
Rb1cc1,4,DOWN,1,3,-0.14173451021664094,Acc3_brainstem_GLP_1;Acc3_brainstem_GLP_1_MK_801;Acc8_hippocampus_ST_A_Ex;Acc8_hippocampus_ST_A_Ex_KD
Herpud2,4,DOWN,1,3,-0.14301895321930178,Acc3_brainstem_GLP_1;Acc8_hippocampus_ST_A_Ex;Acc8_hippocampus_ST_A_Ex_KD;Acc8_hypothalamus_LT_A_Ex
Ttll7,4,DOWN,1,3,-0.14317705977967865,Acc3_brainstem_GLP_1;Acc3_brainstem_GLP_1_MK_801;Acc8_hippocampus_ST_A_Ex;Acc8_hippocampus_ST_A_Ex_KD
Cnep1r1,4,DOWN,1,3,-0.14377234097355832,Acc3_hypothalamus_GLP_1_MK_801;Acc8_hippocampus_ST_A_Ex;Acc8_hippocampus_ST_A_Ex_KD;Acc8_hypothalamus_LT_A_Ex
Abca5,4,DOWN,1,3,-0.14386287678061505,Acc3_brainstem_GLP_1;Acc3_brainstem_GLP_1_MK_801;Acc8_hippocampus_ST_A_Ex;Acc8_hippocampus_ST_A_Ex_KD
Sik2,4,DOWN,1,3,-0.1440923181681968,Acc3_brainstem_GLP_1;Acc3_brainstem_GLP_1_MK_801;Acc8_frontalcortex_ST_A_Ex;Acc8_hippocampus_ST_A_Ex
Morc3,4,DOWN,1,3,-0.14483167251687987,Acc3_hypothalamus_GLP_1_MK_801;Acc8_hippocampus_ST_A_Ex;Acc8_hippocampus_ST_A_Ex_KD;Acc8_hypothalamus_LT_A_Ex
Scn1a,4,DOWN,1,3,-0.1450132442370913,Acc10_hippocampus_Ex4_Po_t_TBI;Acc10_hippocampus_Ex4_Pre_TBI;Acc3_brainstem_GLP_1;Acc3_brainstem_GLP_1_MK_801
Gpcpd1,4,DOWN,1,3,-0.14521051976949478,Acc10_hippocampus_Ex4_Po_t_TBI;Acc10_hippocampus_Ex4_Pre_TBI;Acc3_hypothalamus_GLP_1_MK_801;Acc8_hypothalamus_LT_A_Ex
Frmd4b,4,DOWN,1,3,-0.14539281351551372,Acc11_hippocampus_Ex4;Acc3_brainstem_GLP_1;Acc8_frontalcortex_YA_Ex;Acc8_hippocampus_ST_A_Ex
Pdpk1,4,DOWN,1,3,-0.14685962722992116,Acc3_brainstem_GLP_1;Acc3_brainstem_GLP_1_MK_801;Acc3_hypothalamus_GLP_1_MK_801;Acc8_hippocampus_ST_A_Ex
Arhgef26,4,DOWN,1,3,-0.1482275209586526,Acc3_brainstem_GLP_1;Acc3_brainstem_GLP_1_MK_801;Acc3_hypothalamus_GLP_1_MK_801;Acc8_hippocampus_ST_A_Ex
Uhmk1,4,DOWN,1,3,-0.14953747477826956,Acc3_brainstem_GLP_1;Acc3_brainstem_GLP_1_MK_801;Acc3_hypothalamus_GLP_1_MK_801;Acc8_hippocampus_ST_A_Ex
Marchf6,4,DOWN,1,3,-0.14978085074843778,Acc3_brainstem_GLP_1;Acc3_brainstem_GLP_1_MK_801;Acc3_hypothalamus_GLP_1_MK_801;Acc8_hippocampus_ST_A_Ex
Cand1,4,DOWN,1,3,-0.15041761963827324,Acc3_brainstem_GLP_1;Acc3_brainstem_GLP_1_MK_801;Acc8_hippocampus_ST_A_Ex;Acc8_hippocampus_ST_A_Ex_KD
Lrrc8c,4,DOWN,1,3,-0.15045199704363305,Acc3_brainstem_GLP_1_MK_801;Acc3_hypothalamus_GLP_1_MK_801;Acc8_hippocampus_ST_A_Ex;Acc8_hippocampus_ST_A_Ex_KD
Gnptab,4,DOWN,1,3,-0.150544788367785,Acc3_brainstem_GLP_1;Acc3_brainstem_GLP_1_MK_801;Acc8_hippocampus_ST_A_Ex;Acc8_hippocampus_ST_A_Ex_KD
Amot,4,DOWN,1,3,-0.1513228628241275,Acc3_brainstem_GLP_1;Acc3_brainstem_GLP_1_MK_801;Acc8_hippocampus_ST_A_Ex;Acc8_hippocampus_ST_A_Ex_KD
Rims1,4,DOWN,1,3,-0.15197802128193671,Acc10_hippocampus_Ex4_Po_t_TBI;Acc10_hippocampus_Ex4_Pre_TBI;Acc3_brainstem_GLP_1_MK_801;Acc8_hippocampus_ST_A_Ex
Snx13,4,DOWN,1,3,-0.1524961361380738,Acc3_brainstem_GLP_1;Acc3_brainstem_GLP_1_MK_801;Acc8_hippocampus_ST_A_Ex;Acc8_hippocampus_ST_A_Ex_KD
Tab3,4,DOWN,1,3,-0.15254657815540767,Acc3_brainstem_GLP_1;Acc3_brainstem_GLP_1_MK_801;Acc8_hippocampus_ST_A_Ex;Acc8_hippocampus_ST_A_Ex_KD
Gm46430,4,DOWN,1,3,-0.1532167494451192,Acc3_hypothalamus_GLP_1_MK_801;Acc8_hippocampus_ST_A_Ex;Acc8_hippocampus_ST_A_Ex_KD;Acc8_hypothalamus_LT_A_Ex
Smarcad1,4,DOWN,1,3,-0.15356525361333917,Acc3_hypothalamus_GLP_1_MK_801;Acc8_hippocampus_ST_A_Ex;Acc8_hippocampus_ST_A_Ex_KD;Acc8_hypothalamus_LT_A_Ex
Zfp748,4,DOWN,1,3,-0.15428158476917006,Acc3_brainstem_GLP_1;Acc3_brainstem_GLP_1_MK_801;Acc3_hypothalamus_GLP_1_MK_801;Acc8_hippocampus_ST_A_Ex
Selenot,4,DOWN,1,3,-0.15582077513554174,Acc3_hypothalamus_GLP_1_MK_801;Acc8_hippocampus_ST_A_Ex;Acc8_hippocampus_ST_A_Ex_KD;Acc8_hypothalamus_LT_A_Ex
Rock1,4,DOWN,1,3,-0.15648106238724926,Acc3_hypothalamus_GLP_1_MK_801;Acc8_hippocampus_ST_A_Ex;Acc8_hippocampus_ST_A_Ex_KD;Acc8_hypothalamus_LT_A_Ex
Glcci1,4,DOWN,1,3,-0.15674183420154975,Acc3_brainstem_GLP_1;Acc3_brainstem_GLP_1_MK_801;Acc8_hippocampus_ST_A_Ex;Acc8_hippocampus_ST_A_Ex_KD
Fmr1,4,DOWN,1,3,-0.15698860885959437,Acc3_brainstem_GLP_1;Acc3_hypothalamus_GLP_1_MK_801;Acc8_hippocampus_ST_A_Ex;Acc8_hypothalamus_LT_A_Ex
Pgm2l1,4,DOWN,1,3,-0.15717627687853192,Acc10_hippocampus_Ex4_Po_t_TBI;Acc10_hippocampus_Ex4_Pre_TBI;Acc3_brainstem_GLP_1_MK_801;Acc3_hypothalamus_GLP_1_MK_801
Hint3,4,DOWN,1,3,-0.15814061175117025,Acc3_brainstem_GLP_1;Acc3_brainstem_GLP_1_MK_801;Acc8_hippocampus_ST_A_Ex;Acc8_hippocampus_ST_A_Ex_KD
Ncam2,4,DOWN,1,3,-0.1601098245522856,Acc10_hippocampus_Ex4_Pre_TBI;Acc3_brainstem_GLP_1;Acc3_brainstem_GLP_1_MK_801;Acc8_hippocampus_ST_A_Ex
Megf10,4,DOWN,1,3,-0.16069079274505607,Acc3_brainstem_GLP_1;Acc5_pvn_IP118_PY115;Acc8_hippocampus_ST_A_Ex;Acc8_hippocampus_ST_A_Ex_KD
Vps54,4,DOWN,1,3,-0.16109244366639036,Acc3_hypothalamus_GLP_1_MK_801;Acc8_hippocampus_ST_A_Ex;Acc8_hippocampus_ST_A_Ex_KD;Acc8_hypothalamus_LT_A_Ex
Foxn2,4,DOWN,1,3,-0.16129135838035488,Acc3_brainstem_GLP_1;Acc3_hypothalamus_GLP_1_MK_801;Acc8_hippocampus_ST_A_Ex;Acc8_hypothalamus_LT_A_Ex
Mfap3l,4,DOWN,1,3,-0.16189872812798747,Acc3_brainstem_GLP_1;Acc3_brainstem_GLP_1_MK_801;Acc8_hippocampus_ST_A_Ex;Acc8_hippocampus_ST_A_Ex_KD
Abhd10,4,DOWN,1,3,-0.16210519821249236,Acc3_hypothalamus_GLP_1_MK_801;Acc8_hippocampus_ST_A_Ex;Acc8_hippocampus_ST_A_Ex_KD;Acc8_hypothalamus_LT_A_Ex
Esco1,4,DOWN,1,3,-0.16313209293363717,Acc3_hypothalamus_GLP_1_MK_801;Acc8_hippocampus_ST_A_Ex;Acc8_hippocampus_ST_A_Ex_KD;Acc8_hypothalamus_LT_A_Ex
Hccs,4,DOWN,1,3,-0.16334954339841784,Acc3_hypothalamus_GLP_1_MK_801;Acc8_hippocampus_ST_A_Ex;Acc8_hippocampus_ST_A_Ex_KD;Acc8_hypothalamus_LT_A_Ex
Rock2,4,DOWN,1,3,-0.16340415743057093,Acc10_hippocampus_Ex4_Po_t_TBI;Acc10_hippocampus_Ex4_Pre_TBI;Acc3_brainstem_GLP_1_MK_801;Acc8_hippocampus_ST_A_Ex
Rnf13,4,DOWN,1,3,-0.16403257675762933,Acc3_brainstem_GLP_1;Acc3_hypothalamus_GLP_1_MK_801;Acc8_hippocampus_ST_A_Ex_KD;Acc8_hypothalamus_LT_A_Ex
Tank,4,DOWN,1,3,-0.16523735388953864,Acc11_hippocampus_Ex4_mTBI;Acc3_hypothalamus_GLP_1_MK_801;Acc8_hippocampus_ST_A_Ex;Acc8_hippocampus_ST_A_Ex_KD
Mib1,4,DOWN,1,3,-0.16557813757236983,Acc3_brainstem_GLP_1;Acc3_brainstem_GLP_1_MK_801;Acc3_hypothalamus_GLP_1_MK_801;Acc8_hippocampus_ST_A_Ex
Rc3h1,4,DOWN,1,3,-0.1681277140352179,Acc3_brainstem_GLP_1;Acc3_brainstem_GLP_1_MK_801;Acc3_hypothalamus_GLP_1_MK_801;Acc8_hippocampus_ST_A_Ex
Cdh12,4,DOWN,1,3,-0.16855865497197275,Acc3_brainstem_GLP_1;Acc3_brainstem_GLP_1_MK_801;Acc8_hippocampus_ST_A_Ex;Acc8_hippocampus_ST_A_Ex_KD
Krit1,4,DOWN,1,3,-0.17055006155991392,Acc3_hypothalamus_GLP_1_MK_801;Acc8_hippocampus_ST_A_Ex;Acc8_hippocampus_ST_A_Ex_KD;Acc8_hypothalamus_LT_A_Ex
Zfp280d,4,DOWN,1,3,-0.17205539002022655,Acc3_hypothalamus_GLP_1_MK_801;Acc8_hippocampus_ST_A_Ex;Acc8_hippocampus_ST_A_Ex_KD;Acc8_hypothalamus_LT_A_Ex
Prrx1,4,DOWN,1,3,-0.173289391362484,Acc3_brainstem_GLP_1;Acc3_hypothalamus_GLP_1_MK_801;Acc8_hippocampus_ST_A_Ex;Acc8_hypothalamus_LT_A_Ex
Creg2,4,DOWN,1,3,-0.17371335267110985,Acc10_hippocampus_Ex4_Pre_TBI;Acc3_brainstem_GLP_1_MK_801;Acc8_hippocampus_ST_A_Ex;Acc8_hippocampus_ST_A_Ex_KD
Mier3,4,DOWN,1,3,-0.1741157891418771,Acc3_hypothalamus_GLP_1_MK_801;Acc8_hippocampus_ST_A_Ex;Acc8_hippocampus_ST_A_Ex_KD;Acc8_hypothalamus_LT_A_Ex
Rps6ka5,4,DOWN,1,3,-0.17535109502937712,Acc3_brainstem_GLP_1;Acc3_brainstem_GLP_1_MK_801;Acc8_hippocampus_ST_A_Ex;Acc8_hippocampus_ST_A_Ex_KD
Larp4,4,DOWN,1,3,-0.17558250033885808,Acc3_brainstem_GLP_1;Acc3_brainstem_GLP_1_MK_801;Acc3_hypothalamus_GLP_1_MK_801;Acc8_hippocampus_ST_A_Ex
Fgd4,4,DOWN,1,3,-0.1756769002386045,Acc3_brainstem_GLP_1_MK_801;Acc3_hypothalamus_GLP_1_MK_801;Acc8_hippocampus_ST_A_Ex;Acc8_hippocampus_ST_A_Ex_KD
Gspt1,4,DOWN,1,3,-0.1769672565883435,Acc3_brainstem_GLP_1;Acc3_brainstem_GLP_1_MK_801;Acc8_hippocampus_ST_A_Ex;Acc8_hippocampus_ST_A_Ex_KD
Lin54,4,DOWN,1,3,-0.17826238468185157,Acc3_brainstem_GLP_1;Acc3_brainstem_GLP_1_MK_801;Acc3_hypothalamus_GLP_1_MK_801;Acc8_hippocampus_ST_A_Ex
Ltn1,4,DOWN,1,3,-0.17927021471250668,Acc3_brainstem_GLP_1_MK_801;Acc3_hypothalamus_GLP_1_MK_801;Acc8_hippocampus_ST_A_Ex;Acc8_hippocampus_ST_A_Ex_KD
Sirt1,4,DOWN,1,3,-0.18114361453721312,Acc3_hypothalamus_GLP_1_MK_801;Acc8_hippocampus_ST_A_Ex;Acc8_hippocampus_ST_A_Ex_KD;Acc8_hypothalamus_LT_A_Ex
Zc3h13,4,DOWN,1,3,-0.18206346133739412,Acc10_hippocampus_Ex4_Po_t_TBI;Acc11_hippocampus_Ex4;Acc11_hippocampus_Ex4_mTBI;Acc3_hypothalamus_GLP_1_MK_801
Slc39a10,4,DOWN,1,3,-0.18234647677927823,Acc3_brainstem_GLP_1_MK_801;Acc3_hypothalamus_GLP_1_MK_801;Acc8_hippocampus_ST_A_Ex;Acc8_hippocampus_ST_A_Ex_KD
Ahdc1,4,DOWN,1,3,-0.18371883510919024,Acc10_hippocampus_Ex4_Po_t_TBI;Acc10_hippocampus_Ex4_Pre_TBI;Acc3_brainstem_GLP_1_MK_801;Acc8_hippocampus_ST_A_Ex
Ulk2,4,DOWN,1,3,-0.18637589252442816,Acc3_brainstem_GLP_1_MK_801;Acc3_hypothalamus_GLP_1_MK_801;Acc8_hippocampus_ST_A_Ex;Acc8_hippocampus_ST_A_Ex_KD
Ptpn4,4,DOWN,1,3,-0.18938310260353802,Acc3_brainstem_GLP_1;Acc3_brainstem_GLP_1_MK_801;Acc8_hippocampus_ST_A_Ex;Acc8_hippocampus_ST_A_Ex_KD
Etaa1,4,DOWN,1,3,-0.19087220520628156,Acc3_hypothalamus_GLP_1_MK_801;Acc8_hippocampus_ST_A_Ex;Acc8_hippocampus_ST_A_Ex_KD;Acc8_hypothalamus_LT_A_Ex
Shank1,4,UP,2,2,-0.1920307365015998,Acc3_brainstem_GLP_1_MK_801;Acc3_hypothalamus_GLP_1_MK_801;Acc6_mbh_COMBO;Acc8_hypothalamus_LT_A_Ex
Nab1,4,DOWN,1,3,-0.19233877788586168,Acc11_hippocampus_Ex4_mTBI;Acc3_hypothalamus_GLP_1_MK_801;Acc8_hippocampus_ST_A_Ex;Acc8_hippocampus_ST_A_Ex_KD
Tnpo1,4,DOWN,1,3,-0.19250316257735461,Acc3_brainstem_GLP_1;Acc3_brainstem_GLP_1_MK_801;Acc3_hypothalamus_GLP_1_MK_801;Acc8_hippocampus_ST_A_Ex
Zfp943,4,DOWN,1,3,-0.19251849119813524,Acc3_hypothalamus_GLP_1_MK_801;Acc8_hippocampus_ST_A_Ex;Acc8_hippocampus_ST_A_Ex_KD;Acc8_hypothalamus_LT_A_Ex
Csgalnact2,4,DOWN,1,3,-0.19340560732829404,Acc3_hypothalamus_GLP_1_MK_801;Acc8_hippocampus_ST_A_Ex;Acc8_hippocampus_ST_A_Ex_KD;Acc8_hypothalamus_LT_A_Ex
Zfp873,4,DOWN,1,3,-0.1934280812017275,Acc3_hypothalamus_GLP_1_MK_801;Acc8_hippocampus_ST_A_Ex;Acc8_hippocampus_ST_A_Ex_KD;Acc8_hypothalamus_LT_A_Ex
Zbtb6,4,DOWN,1,3,-0.1935838361741206,Acc3_hypothalamus_GLP_1_MK_801;Acc8_hippocampus_ST_A_Ex;Acc8_hippocampus_ST_A_Ex_KD;Acc8_hypothalamus_LT_A_Ex
Itch,4,DOWN,1,3,-0.19362310138777533,Acc3_brainstem_GLP_1;Acc3_brainstem_GLP_1_MK_801;Acc8_hippocampus_ST_A_Ex;Acc8_hippocampus_ST_A_Ex_KD
Pcdh9,4,DOWN,1,3,-0.19440543343454622,Acc10_hippocampus_Ex4_Po_t_TBI;Acc10_hippocampus_Ex4_Pre_TBI;Acc3_brainstem_GLP_1;Acc3_brainstem_GLP_1_MK_801
Ston2,4,DOWN,1,3,-0.19451654534094615,Acc3_brainstem_GLP_1;Acc3_brainstem_GLP_1_MK_801;Acc8_hippocampus_ST_A_Ex;Acc8_hippocampus_ST_A_Ex_KD
Gca,4,DOWN,1,3,-0.1962508885074658,Acc3_hypothalamus_GLP_1_MK_801;Acc8_hippocampus_ST_A_Ex;Acc8_hippocampus_ST_A_Ex_KD;Acc8_hypothalamus_LT_A_Ex
Nkrf,4,DOWN,1,3,-0.19637408134093287,Acc3_brainstem_GLP_1;Acc3_brainstem_GLP_1_MK_801;Acc8_hippocampus_ST_A_Ex;Acc8_hippocampus_ST_A_Ex_KD
Abca1,4,DOWN,1,3,-0.19836639845983994,Acc3_brainstem_GLP_1_MK_801;Acc8_frontalcortex_ST_A_Ex;Acc8_hippocampus_ST_A_Ex;Acc8_hippocampus_ST_A_Ex_KD
Pcdh19,4,DOWN,1,3,-0.1996573848830367,Acc3_brainstem_GLP_1_MK_801;Acc3_hypothalamus_GLP_1_MK_801;Acc8_hippocampus_ST_A_Ex;Acc8_hippocampus_ST_A_Ex_KD
Rab27b,4,DOWN,1,3,-0.20196866685973797,Acc3_brainstem_GLP_1_MK_801;Acc3_hypothalamus_GLP_1_MK_801;Acc8_hippocampus_ST_A_Ex;Acc8_hippocampus_ST_A_Ex_KD
Spopl,4,DOWN,1,3,-0.2023250937170663,Acc3_brainstem_GLP_1_MK_801;Acc3_hypothalamus_GLP_1_MK_801;Acc8_hippocampus_ST_A_Ex;Acc8_hippocampus_ST_A_Ex_KD
Sash1,4,DOWN,1,3,-0.20294929396686434,Acc3_brainstem_GLP_1;Acc3_brainstem_GLP_1_MK_801;Acc8_hippocampus_ST_A_Ex;Acc8_hippocampus_ST_A_Ex_KD
Frmpd1,4,DOWN,1,3,-0.20462588702510798,Acc3_hypothalamus_GLP_1_MK_801;Acc8_hippocampus_ST_A_Ex;Acc8_hippocampus_ST_A_Ex_KD;Acc8_hypothalamus_LT_A_Ex
Inpp4b,4,DOWN,1,3,-0.20520053985587672,Acc3_brainstem_GLP_1_MK_801;Acc3_hypothalamus_GLP_1_MK_801;Acc8_hippocampus_ST_A_Ex;Acc8_hippocampus_ST_A_Ex_KD
Marf1,4,DOWN,1,3,-0.2061970103574698,Acc10_hippocampus_Ex4_Pre_TBI;Acc3_brainstem_GLP_1_MK_801;Acc8_hippocampus_ST_A_Ex;Acc8_hippocampus_ST_A_Ex_KD
Ythdf3,4,DOWN,1,3,-0.20694337941628588,Acc11_hippocampus_Ex4;Acc3_hypothalamus_GLP_1_MK_801;Acc8_hippocampus_ST_A_Ex;Acc8_hippocampus_ST_A_Ex_KD
Agps,4,DOWN,1,3,-0.20853244235202018,Acc11_hippocampus_Ex4_mTBI;Acc3_hypothalamus_GLP_1_MK_801;Acc8_hippocampus_ST_A_Ex;Acc8_hippocampus_ST_A_Ex_KD
Ubqln2,4,DOWN,1,3,-0.20903947660514888,Acc3_brainstem_GLP_1;Acc3_brainstem_GLP_1_MK_801;Acc8_hippocampus_ST_A_Ex;Acc8_hippocampus_ST_A_Ex_KD
Adgrl4,4,DOWN,1,3,-0.2103305709088064,Acc3_hypothalamus_GLP_1_MK_801;Acc8_hippocampus_ST_A_Ex;Acc8_hippocampus_ST_A_Ex_KD;Acc8_hypothalamus_LT_A_Ex
Senp8,4,DOWN,1,3,-0.21045407875456967,Acc3_hypothalamus_GLP_1_MK_801;Acc8_hippocampus_ST_A_Ex;Acc8_hippocampus_ST_A_Ex_KD;Acc8_hypothalamus_LT_A_Ex
Ube2g1,4,DOWN,1,3,-0.2109484051072845,Acc3_hypothalamus_GLP_1_MK_801;Acc8_hippocampus_ST_A_Ex;Acc8_hippocampus_ST_A_Ex_KD;Acc8_hypothalamus_LT_A_Ex
Zfp326,4,DOWN,1,3,-0.21121752873913457,Acc10_hippocampus_Ex4_Po_t_TBI;Acc10_hippocampus_Ex4_Pre_TBI;Acc3_hypothalamus_GLP_1_MK_801;Acc8_hypothalamus_LT_A_Ex
Slitrk4,4,DOWN,1,3,-0.21840898262711333,Acc3_brainstem_GLP_1;Acc3_brainstem_GLP_1_MK_801;Acc3_hypothalamus_GLP_1_MK_801;Acc8_hippocampus_ST_A_Ex
Tnks2,4,DOWN,1,3,-0.22143843655061146,Acc3_brainstem_GLP_1;Acc3_brainstem_GLP_1_MK_801;Acc8_hippocampus_ST_A_Ex;Acc8_hippocampus_ST_A_Ex_KD
Manea,4,DOWN,1,3,-0.22308025400751164,Acc3_brainstem_GLP_1;Acc3_brainstem_GLP_1_MK_801;Acc8_hippocampus_ST_A_Ex;Acc8_hippocampus_ST_A_Ex_KD
Tent2,4,DOWN,1,3,-0.22638973730420764,Acc3_hypothalamus_GLP_1_MK_801;Acc8_hippocampus_ST_A_Ex;Acc8_hippocampus_ST_A_Ex_KD;Acc8_hypothalamus_LT_A_Ex
Ackr1,4,DOWN,0,4,-0.22779761176830224,Acc3_brainstem_GLP_1_MK_801;Acc3_hypothalamus_GLP_1_MK_801;Acc3_hypothalamus_conjugate_2;Acc8_hippocampus_ST_A_Ex
Gm20300,4,DOWN,1,3,-0.22938298542405866,Acc3_hypothalamus_GLP_1_MK_801;Acc8_hippocampus_ST_A_Ex;Acc8_hippocampus_ST_A_Ex_KD;Acc8_hypothalamus_LT_A_Ex
Med14,4,DOWN,1,3,-0.2304677721565396,Acc3_brainstem_GLP_1;Acc3_brainstem_GLP_1_MK_801;Acc8_hippocampus_ST_A_Ex;Acc8_hippocampus_ST_A_Ex_KD
Ahsa2,4,DOWN,0,4,-0.2304825824111738,Acc3_hypothalamus_GLP_1_MK_801;Acc3_hypothalamus_conjugate_2;Acc8_hippocampus_ST_A_Ex;Acc8_hippocampus_ST_A_Ex_KD
Gpm6a,4,DOWN,1,3,-0.2306953458194732,Acc11_hippocampus_Ex4;Acc11_hippocampus_Ex4_mTBI;Acc3_hypothalamus_GLP_1_MK_801;Acc8_hippocampus_ST_A_Ex
Zfp983,4,DOWN,1,3,-0.23204356235926094,Acc3_hypothalamus_GLP_1_MK_801;Acc8_hippocampus_ST_A_Ex;Acc8_hippocampus_ST_A_Ex_KD;Acc8_hypothalamus_LT_A_Ex
Klhl28,4,DOWN,1,3,-0.23216351101989557,Acc3_hypothalamus_GLP_1_MK_801;Acc8_hippocampus_ST_A_Ex;Acc8_hippocampus_ST_A_Ex_KD;Acc8_hypothalamus_LT_A_Ex
Ndufaf4,4,DOWN,1,3,-0.2331119713780913,Acc3_hypothalamus_GLP_1_MK_801;Acc8_hippocampus_ST_A_Ex;Acc8_hippocampus_ST_A_Ex_KD;Acc8_hypothalamus_LT_A_Ex
Ing3,4,DOWN,0,4,-0.23368757120506656,Acc10_hippocampus_Ex4_Po_t_TBI;Acc11_hippocampus_Ex4_mTBI;Acc8_hippocampus_ST_A_Ex;Acc8_hippocampus_ST_A_Ex_KD
Orc4,4,DOWN,1,3,-0.23376175575074964,Acc3_hypothalamus_GLP_1_MK_801;Acc8_hippocampus_ST_A_Ex;Acc8_hippocampus_ST_A_Ex_KD;Acc8_hypothalamus_LT_A_Ex
Zscan30,4,DOWN,1,3,-0.2349770374233951,Acc3_hypothalamus_GLP_1_MK_801;Acc8_hippocampus_ST_A_Ex;Acc8_hippocampus_ST_A_Ex_KD;Acc8_hypothalamus_LT_A_Ex
Mybl1,4,DOWN,1,3,-0.23894192357149446,Acc3_brainstem_GLP_1;Acc3_hypothalamus_GLP_1_MK_801;Acc8_hippocampus_ST_A_Ex;Acc8_hypothalamus_LT_A_Ex
Gpr34,4,DOWN,1,3,-0.2415542917743181,Acc3_brainstem_GLP_1;Acc3_hypothalamus_GLP_1_MK_801;Acc8_hippocampus_ST_A_Ex;Acc8_hypothalamus_LT_A_Ex
Abi1,4,DOWN,0,4,-0.2423717619426615,Acc10_hippocampus_Ex4_Po_t_TBI;Acc10_hippocampus_Ex4_Pre_TBI;Acc11_hippocampus_Ex4_mTBI;Acc3_hypothalamus_GLP_1_MK_801
Eps15,4,DOWN,0,4,-0.24300789947258838,Acc3_brainstem_GLP_1;Acc3_hypothalamus_GLP_1_MK_801;Acc8_hippocampus_ST_A_Ex;Acc8_hippocampus_ST_A_Ex_KD
2010315b03rik,4,DOWN,1,3,-0.2440190942696373,Acc3_hypothalamus_GLP_1_MK_801;Acc8_hippocampus_ST_A_Ex;Acc8_hippocampus_ST_A_Ex_KD;Acc8_hypothalamus_LT_A_Ex
Crbn,4,DOWN,0,4,-0.24625929249640116,Acc3_brainstem_GLP_1;Acc3_hypothalamus_GLP_1_MK_801;Acc8_hippocampus_ST_A_Ex;Acc8_hippocampus_ST_A_Ex_KD
Rab10,4,DOWN,0,4,-0.24830952548310115,Acc3_brainstem_GLP_1;Acc3_hypothalamus_GLP_1_MK_801;Acc8_hippocampus_ST_A_Ex;Acc8_hippocampus_ST_A_Ex_KD
Zbtb7a,4,DOWN,1,3,-0.2483864690496949,Acc10_hippocampus_Ex4_Po_t_TBI;Acc10_hippocampus_Ex4_Pre_TBI;Acc3_hypothalamus_GLP_1_MK_801;Acc8_hypothalamus_LT_A_Ex
Kdm6a,4,DOWN,0,4,-0.24871675333964188,Acc10_hippocampus_Ex4_Po_t_TBI;Acc3_brainstem_GLP_1;Acc3_hypothalamus_GLP_1_MK_801;Acc8_hippocampus_ST_A_Ex_KD
Bc024063,4,DOWN,1,3,-0.24898694328207954,Acc3_hypothalamus_GLP_1_MK_801;Acc8_hippocampus_ST_A_Ex;Acc8_hippocampus_ST_A_Ex_KD;Acc8_hypothalamus_LT_A_Ex
Nudt5,4,DOWN,0,4,-0.24964087216012212,Acc3_hypothalamus_GLP_1_MK_801;Acc8_frontalcortex_LT_A_Ex;Acc8_hippocampus_ST_A_Ex;Acc8_hippocampus_ST_A_Ex_KD
Dpy19l1,4,DOWN,0,4,-0.24979107116638455,Acc3_brainstem_GLP_1;Acc3_hypothalamus_GLP_1_MK_801;Acc8_hippocampus_ST_A_Ex;Acc8_hippocampus_ST_A_Ex_KD
Ptpn12,4,DOWN,0,4,-0.25048901466965967,Acc10_hippocampus_Ex4_Po_t_TBI;Acc10_hippocampus_Ex4_Pre_TBI;Acc8_hippocampus_ST_A_Ex;Acc8_hippocampus_ST_A_Ex_KD
Lrif1,4,DOWN,1,3,-0.2513607754911222,Acc3_hypothalamus_GLP_1_MK_801;Acc8_hippocampus_ST_A_Ex;Acc8_hippocampus_ST_A_Ex_KD;Acc8_hypothalamus_LT_A_Ex
Negr1,4,DOWN,0,4,-0.2514959481647039,Acc10_hippocampus_Ex4_Po_t_TBI;Acc10_hippocampus_Ex4_Pre_TBI;Acc8_hippocampus_ST_A_Ex;Acc8_hippocampus_ST_A_Ex_KD
Olfm3,4,DOWN,1,3,-0.2536187798903827,Acc11_hippocampus_Ex4;Acc3_brainstem_GLP_1;Acc3_hypothalamus_GLP_1_MK_801;Acc8_hippocampus_ST_A_Ex
Rnf138,4,DOWN,1,3,-0.2542745923502336,Acc3_hypothalamus_GLP_1_MK_801;Acc8_hippocampus_ST_A_Ex;Acc8_hippocampus_ST_A_Ex_KD;Acc8_hypothalamus_LT_A_Ex
Pcdha10,4,DOWN,0,4,-0.25472041107235943,Acc10_hippocampus_Ex4_Pre_TBI;Acc11_hippocampus_Ex4_mTBI;Acc8_hippocampus_ST_A_Ex;Acc8_hippocampus_ST_A_Ex_KD
Slc7a11,4,DOWN,1,3,-0.2554326932764169,Acc3_hypothalamus_GLP_1_MK_801;Acc8_frontalcortex_ST_A_Ex;Acc8_frontalcortex_YA_Ex;Acc8_hypothalamus_LT_A_Ex
Slc7a14,4,DOWN,0,4,-0.25623243796244516,Acc10_hippocampus_Ex4_Po_t_TBI;Acc10_hippocampus_Ex4_Pre_TBI;Acc10_hippocampus_Exendin4;Acc8_hippocampus_ST_A_Ex
Fam199x,4,DOWN,1,3,-0.2578853362528232,Acc3_brainstem_GLP_1;Acc3_brainstem_GLP_1_MK_801;Acc3_hypothalamus_GLP_1_MK_801;Acc8_hippocampus_ST_A_Ex
Calcrl,4,DOWN,1,3,-0.25829465482452374,Acc3_hypothalamus_GLP_1_MK_801;Acc8_hippocampus_ST_A_Ex;Acc8_hippocampus_ST_A_Ex_KD;Acc8_hypothalamus_LT_A_Ex
Zdhhc13,4,DOWN,0,4,-0.25968461715360985,Acc10_hippocampus_Ex4_Po_t_TBI;Acc11_hippocampus_Ex4_mTBI;Acc8_hippocampus_ST_A_Ex;Acc8_hippocampus_ST_A_Ex_KD
Bmi1,4,DOWN,1,3,-0.2610488498848921,Acc3_hypothalamus_GLP_1_MK_801;Acc8_hippocampus_ST_A_Ex;Acc8_hippocampus_ST_A_Ex_KD;Acc8_hypothalamus_LT_A_Ex
Lpcat2,4,DOWN,0,4,-0.26113527923669144,Acc10_hippocampus_Ex4_Po_t_TBI;Acc3_brainstem_GLP_1;Acc8_hippocampus_ST_A_Ex;Acc8_hippocampus_ST_A_Ex_KD
Gna13,4,DOWN,0,4,-0.2619666198234379,Acc10_hippocampus_Ex4_Po_t_TBI;Acc11_hippocampus_Ex4_mTBI;Acc3_hypothalamus_GLP_1_MK_801;Acc8_hippocampus_ST_A_Ex
Zfp207,4,DOWN,0,4,-0.26209411671317767,Acc3_hypothalamus_GLP_1_MK_801;Acc8_frontalcortex_ST_A_Ex;Acc8_frontalcortex_ST_A_Ex_KD;Acc8_hippocampus_ST_A_Ex_KD
Pik3r3,4,DOWN,0,4,-0.26241279291365294,Acc3_brainstem_GLP_1;Acc3_hypothalamus_GLP_1_MK_801;Acc8_hippocampus_ST_A_Ex;Acc8_hippocampus_ST_A_Ex_KD
R3hdm1,4,DOWN,0,4,-0.2630766004639601,Acc10_hippocampus_Ex4_Po_t_TBI;Acc8_frontalcortex_ST_A_Ex_KD;Acc8_hippocampus_ST_A_Ex;Acc8_hippocampus_ST_A_Ex_KD
Spin1,4,DOWN,0,4,-0.2635532462648794,Acc10_hippocampus_Ex4_Pre_TBI;Acc11_hippocampus_Ex4_mTBI;Acc3_hypothalamus_GLP_1_MK_801;Acc8_hippocampus_ST_A_Ex
Fgf12,4,DOWN,0,4,-0.26365199982165916,Acc10_hippocampus_Ex4_Pre_TBI;Acc3_brainstem_GLP_1;Acc3_hypothalamus_GLP_1_MK_801;Acc8_hippocampus_ST_A_Ex
Fcho2,4,DOWN,1,3,-0.26395306097091686,Acc3_hypothalamus_GLP_1_MK_801;Acc8_hippocampus_ST_A_Ex;Acc8_hippocampus_ST_A_Ex_KD;Acc8_hypothalamus_LT_A_Ex
Dnajb4,4,DOWN,0,4,-0.2648733086447469,Acc10_hippocampus_Ex4_Pre_TBI;Acc11_hippocampus_Ex4_mTBI;Acc3_hypothalamus_GLP_1_MK_801;Acc8_hippocampus_ST_A_Ex
Tmem41b,4,DOWN,0,4,-0.26549318949766126,Acc3_brainstem_GLP_1;Acc3_hypothalamus_GLP_1_MK_801;Acc8_hippocampus_ST_A_Ex;Acc8_hippocampus_ST_A_Ex_KD
Asb3,4,DOWN,0,4,-0.2676200370957822,Acc10_hippocampus_Ex4_Po_t_TBI;Acc3_hypothalamus_GLP_1_MK_801;Acc8_hippocampus_ST_A_Ex;Acc8_hippocampus_ST_A_Ex_KD
Hsd17b7,4,DOWN,0,4,-0.2704991436865203,Acc3_brainstem_GLP_1;Acc3_hypothalamus_GLP_1_MK_801;Acc8_hippocampus_ST_A_Ex;Acc8_hippocampus_ST_A_Ex_KD
Arhgap5,4,DOWN,1,3,-0.2717580877382289,Acc3_brainstem_GLP_1;Acc3_brainstem_GLP_1_MK_801;Acc8_hippocampus_ST_A_Ex;Acc8_hippocampus_ST_A_Ex_KD
Usp45,4,DOWN,0,4,-0.2723268018456452,Acc11_hippocampus_Ex4_mTBI;Acc3_hypothalamus_GLP_1_MK_801;Acc8_hippocampus_ST_A_Ex;Acc8_hippocampus_ST_A_Ex_KD
Rpl37rt,4,DOWN,1,3,-0.27437763077249,Acc3_brainstem_GLP_1;Acc3_brainstem_GLP_1_MK_801;Acc8_hippocampus_ST_A_Ex;Acc8_hippocampus_ST_A_Ex_KD
Akirin1,4,DOWN,0,4,-0.27478364506466313,Acc3_hypothalamus_GLP_1_MK_801;Acc3_hypothalamus_conjugate_2;Acc8_hippocampus_ST_A_Ex;Acc8_hippocampus_ST_A_Ex_KD
Efcab14,4,DOWN,0,4,-0.2757599209785307,Acc3_brainstem_GLP_1;Acc3_hypothalamus_GLP_1_MK_801;Acc8_hippocampus_ST_A_Ex;Acc8_hippocampus_ST_A_Ex_KD
Rnf141,4,DOWN,0,4,-0.2789498089886997,Acc11_hippocampus_Ex4_mTBI;Acc3_brainstem_GLP_1;Acc3_hypothalamus_GLP_1_MK_801;Acc8_hippocampus_ST_A_Ex
Skil,4,DOWN,0,4,-0.2821005277501789,Acc3_brainstem_GLP_1;Acc3_hypothalamus_GLP_1_MK_801;Acc8_hippocampus_ST_A_Ex;Acc8_hippocampus_ST_A_Ex_KD
Nus1,4,DOWN,0,4,-0.2828455687676096,Acc10_hippocampus_Ex4_Pre_TBI;Acc11_hippocampus_Ex4_mTBI;Acc3_hypothalamus_GLP_1_MK_801;Acc8_hippocampus_ST_A_Ex
Pkd2l2,4,DOWN,0,4,-0.28296563636857963,Acc3_hypothalamus_GLP_1_MK_801;Acc8_frontalcortex_ST_A_Ex_KD;Acc8_hippocampus_ST_A_Ex;Acc8_hippocampus_ST_A_Ex_KD
Ccdc85a,4,DOWN,0,4,-0.28372588345999505,Acc10_hippocampus_Ex4_Po_t_TBI;Acc10_hippocampus_Ex4_Pre_TBI;Acc3_hypothalamus_GLP_1_MK_801;Acc8_hippocampus_ST_A_Ex
Cggbp1,4,DOWN,1,3,-0.28381790245628674,Acc11_hippocampus_Ex4;Acc3_hypothalamus_GLP_1_MK_801;Acc8_hippocampus_ST_A_Ex;Acc8_hippocampus_ST_A_Ex_KD
Senp7,4,DOWN,0,4,-0.28555057785719834,Acc10_hippocampus_Ex4_Po_t_TBI;Acc10_hippocampus_Ex4_Pre_TBI;Acc11_hippocampus_Ex4_mTBI;Acc8_hippocampus_ST_A_Ex
Dtna,4,DOWN,0,4,-0.28777488966668097,Acc10_hippocampus_Ex4_Po_t_TBI;Acc10_hippocampus_Ex4_Pre_TBI;Acc10_hippocampus_Exendin4;Acc8_hippocampus_ST_A_Ex
Gpr137c,4,DOWN,0,4,-0.2880513014367605,Acc3_brainstem_GLP_1;Acc3_hypothalamus_GLP_1_MK_801;Acc8_hippocampus_ST_A_Ex;Acc8_hippocampus_ST_A_Ex_KD
Mtmr10,4,DOWN,0,4,-0.2915058993447216,Acc3_brainstem_GLP_1;Acc3_hypothalamus_GLP_1_MK_801;Acc8_hippocampus_ST_A_Ex;Acc8_hippocampus_ST_A_Ex_KD
B230219d22rik,4,DOWN,0,4,-0.2949770108039522,Acc3_brainstem_GLP_1;Acc3_hypothalamus_GLP_1_MK_801;Acc8_hippocampus_ST_A_Ex;Acc8_hippocampus_ST_A_Ex_KD
Sp3,4,DOWN,0,4,-0.2956468354134354,Acc3_brainstem_GLP_1;Acc3_hypothalamus_GLP_1_MK_801;Acc8_hippocampus_ST_A_Ex;Acc8_hippocampus_ST_A_Ex_KD
Cbfb,4,DOWN,0,4,-0.30181316133872166,Acc11_hippocampus_Ex4_mTBI;Acc3_hypothalamus_GLP_1_MK_801;Acc8_hippocampus_ST_A_Ex;Acc8_hippocampus_ST_A_Ex_KD
Zdbf2,4,DOWN,1,3,-0.3030636176003294,Acc3_brainstem_GLP_1_MK_801;Acc3_hypothalamus_GLP_1_MK_801;Acc8_frontalcortex_ST_A_Ex_KD;Acc8_hippocampus_ST_A_Ex
Slc9a6,4,DOWN,0,4,-0.30551297917222076,Acc10_hippocampus_Ex4_Pre_TBI;Acc11_hippocampus_Ex4_mTBI;Acc3_hypothalamus_GLP_1_MK_801;Acc8_hippocampus_ST_A_Ex
Gria3,4,DOWN,0,4,-0.30603760871084396,Acc10_hippocampus_Ex4_Po_t_TBI;Acc10_hippocampus_Ex4_Pre_TBI;Acc11_hippocampus_Ex4_mTBI;Acc8_hippocampus_ST_A_Ex
Zmym2,4,DOWN,0,4,-0.3064576154516352,Acc3_brainstem_GLP_1;Acc3_hypothalamus_GLP_1_MK_801;Acc8_hippocampus_ST_A_Ex;Acc8_hippocampus_ST_A_Ex_KD
Chpt1,4,DOWN,0,4,-0.3090738085940596,Acc10_hippocampus_Ex4_Po_t_TBI;Acc10_hippocampus_Ex4_Pre_TBI;Acc3_hypothalamus_GLP_1_MK_801;Acc8_hippocampus_ST_A_Ex
Gm10033,4,DOWN,1,3,-0.3103560361066604,Acc3_hypothalamus_GLP_1_MK_801;Acc8_hippocampus_ST_A_Ex;Acc8_hippocampus_ST_A_Ex_KD;Acc8_hypothalamus_LT_A_Ex
Mfsd14b,4,DOWN,0,4,-0.31190920679877066,Acc3_brainstem_GLP_1;Acc3_hypothalamus_GLP_1_MK_801;Acc8_hippocampus_ST_A_Ex;Acc8_hippocampus_ST_A_Ex_KD
Igip,4,DOWN,1,3,-0.3120805638145958,Acc3_hypothalamus_GLP_1_MK_801;Acc8_hippocampus_ST_A_Ex;Acc8_hippocampus_ST_A_Ex_KD;Acc8_hypothalamus_LT_A_Ex
Nr3c1,4,DOWN,0,4,-0.3137229359224004,Acc3_brainstem_GLP_1;Acc3_hypothalamus_GLP_1_MK_801;Acc8_hippocampus_ST_A_Ex;Acc8_hippocampus_ST_A_Ex_KD
Gpm6b,4,DOWN,0,4,-0.31448019528253846,Acc3_brainstem_GLP_1;Acc3_hypothalamus_GLP_1_MK_801;Acc8_hippocampus_ST_A_Ex;Acc8_hippocampus_ST_A_Ex_KD
Mbtps2,4,DOWN,0,4,-0.3166882075761466,Acc3_brainstem_GLP_1;Acc3_hypothalamus_GLP_1_MK_801;Acc8_hippocampus_ST_A_Ex;Acc8_hippocampus_ST_A_Ex_KD
Ctdspl2,4,DOWN,0,4,-0.3169213514187016,Acc3_brainstem_GLP_1;Acc3_hypothalamus_GLP_1_MK_801;Acc8_hippocampus_ST_A_Ex;Acc8_hippocampus_ST_A_Ex_KD
Bdnf,4,DOWN,0,4,-0.31714726412296884,Acc10_hippocampus_Ex4_Po_t_TBI;Acc10_hippocampus_Exendin4;Acc3_hypothalamus_GLP_1_MK_801;Acc8_frontalcortex_ST_A_Ex
Fut9,4,DOWN,1,3,-0.31754034874191,Acc3_brainstem_GLP_1;Acc3_brainstem_GLP_1_MK_801;Acc3_hypothalamus_GLP_1_MK_801;Acc8_hippocampus_ST_A_Ex
Ccnd2,4,DOWN,0,4,-0.3183696038606974,Acc10_hippocampus_Ex4_Po_t_TBI;Acc10_hippocampus_Ex4_Pre_TBI;Acc8_frontalcortex_ST_A_Ex;Acc8_hippocampus_ST_A_Ex
Fpgt,4,DOWN,0,4,-0.3207209220846188,Acc3_brainstem_GLP_1;Acc3_hypothalamus_GLP_1_MK_801;Acc8_hippocampus_ST_A_Ex;Acc8_hippocampus_ST_A_Ex_KD
Erbin,4,DOWN,0,4,-0.3210460854662084,Acc3_brainstem_GLP_1;Acc3_hypothalamus_GLP_1_MK_801;Acc8_hippocampus_ST_A_Ex;Acc8_hippocampus_ST_A_Ex_KD
Rhoq,4,DOWN,0,4,-0.32398242392488136,Acc3_brainstem_GLP_1;Acc3_hypothalamus_GLP_1_MK_801;Acc8_hippocampus_ST_A_Ex;Acc8_hippocampus_ST_A_Ex_KD
Tmem170b,4,DOWN,0,4,-0.3248289303139983,Acc3_brainstem_GLP_1;Acc3_hypothalamus_GLP_1_MK_801;Acc8_hippocampus_ST_A_Ex;Acc8_hippocampus_ST_A_Ex_KD
Slc33a1,4,DOWN,0,4,-0.32598533584463135,Acc3_brainstem_GLP_1;Acc3_hypothalamus_GLP_1_MK_801;Acc8_hippocampus_ST_A_Ex;Acc8_hippocampus_ST_A_Ex_KD
Golph3,4,DOWN,0,4,-0.32637113961169045,Acc3_brainstem_GLP_1;Acc3_hypothalamus_GLP_1_MK_801;Acc8_hippocampus_ST_A_Ex;Acc8_hippocampus_ST_A_Ex_KD
Nfatc3,4,DOWN,0,4,-0.32661570958003433,Acc10_hippocampus_Ex4_Po_t_TBI;Acc11_hippocampus_Ex4_mTBI;Acc8_hippocampus_ST_A_Ex;Acc8_hippocampus_ST_A_Ex_KD
Ptchd1,4,DOWN,1,3,-0.32799490891148453,Acc3_brainstem_GLP_1;Acc3_brainstem_GLP_1_MK_801;Acc8_hippocampus_ST_A_Ex;Acc8_hippocampus_ST_A_Ex_KD
Spock3,4,DOWN,0,4,-0.32951326310321905,Acc3_brainstem_GLP_1;Acc3_hypothalamus_GLP_1_MK_801;Acc8_hippocampus_ST_A_Ex;Acc8_hippocampus_ST_A_Ex_KD
Pank3,4,DOWN,0,4,-0.3329032924171786,Acc3_brainstem_GLP_1;Acc3_hypothalamus_GLP_1_MK_801;Acc8_hippocampus_ST_A_Ex;Acc8_hippocampus_ST_A_Ex_KD
Alg11,4,DOWN,0,4,-0.3355015842536845,Acc11_hippocampus_Ex4_mTBI;Acc3_brainstem_GLP_1;Acc8_hippocampus_ST_A_Ex;Acc8_hippocampus_ST_A_Ex_KD
Dennd1b,4,DOWN,0,4,-0.33571106882184765,Acc3_brainstem_GLP_1;Acc3_hypothalamus_GLP_1_MK_801;Acc8_hippocampus_ST_A_Ex;Acc8_hippocampus_ST_A_Ex_KD
Sox2ot,4,DOWN,0,4,-0.33778721856973515,Acc3_accumbens_GLP_1;Acc3_brainstem_GLP_1;Acc3_hypothalamus_GLP_1_MK_801;Acc8_frontalcortex_ST_A_Ex_KD
Agmo,4,DOWN,0,4,-0.33863838710618155,Acc3_brainstem_GLP_1;Acc3_hypothalamus_GLP_1_MK_801;Acc8_hippocampus_ST_A_Ex;Acc8_hippocampus_ST_A_Ex_KD
Dr1,4,DOWN,0,4,-0.33887328836974673,Acc3_brainstem_GLP_1;Acc3_hypothalamus_GLP_1_MK_801;Acc8_hippocampus_ST_A_Ex;Acc8_hippocampus_ST_A_Ex_KD
Chuk,4,DOWN,0,4,-0.3395622059967075,Acc3_hypothalamus_GLP_1_MK_801;Acc8_frontalcortex_ST_A_Ex_KD;Acc8_hippocampus_ST_A_Ex;Acc8_hippocampus_ST_A_Ex_KD
Mbnl1,4,DOWN,0,4,-0.3416777127936741,Acc3_brainstem_GLP_1;Acc3_hypothalamus_GLP_1_MK_801;Acc8_hippocampus_ST_A_Ex;Acc8_hippocampus_ST_A_Ex_KD
Cep85l,4,DOWN,0,4,-0.34330894625232156,Acc3_brainstem_GLP_1;Acc3_hypothalamus_GLP_1_MK_801;Acc8_hippocampus_ST_A_Ex;Acc8_hippocampus_ST_A_Ex_KD
Lipo3,4,DOWN,1,3,-0.34335105807712574,Acc3_hypothalamus_GLP_1_MK_801;Acc8_hippocampus_ST_A_Ex;Acc8_hippocampus_ST_A_Ex_KD;Acc8_hypothalamus_LT_A_Ex
B3galt2,4,DOWN,0,4,-0.34373927940157933,Acc3_brainstem_GLP_1;Acc3_hypothalamus_GLP_1_MK_801;Acc8_hippocampus_ST_A_Ex;Acc8_hippocampus_ST_A_Ex_KD
Glrb,4,DOWN,0,4,-0.3453243728216492,Acc3_brainstem_GLP_1;Acc3_hypothalamus_GLP_1_MK_801;Acc8_hippocampus_ST_A_Ex;Acc8_hippocampus_ST_A_Ex_KD
Sema6d,4,DOWN,0,4,-0.34756835979120115,Acc3_brainstem_GLP_1;Acc8_frontalcortex_ST_A_Ex;Acc8_hippocampus_ST_A_Ex;Acc8_hippocampus_ST_A_Ex_KD
Ugp2,4,DOWN,0,4,-0.347845264302185,Acc3_hypothalamus_GLP_1_MK_801;Acc8_frontalcortex_ST_A_Ex_KD;Acc8_hippocampus_ST_A_Ex;Acc8_hippocampus_ST_A_Ex_KD
Wwtr1,4,DOWN,0,4,-0.35039415515409067,Acc3_hypothalamus_GLP_1_MK_801;Acc8_frontalcortex_ST_A_Ex;Acc8_hippocampus_ST_A_Ex;Acc8_hippocampus_ST_A_Ex_KD
Zbtb33,4,DOWN,0,4,-0.35041205685483423,Acc3_brainstem_GLP_1;Acc3_hypothalamus_GLP_1_MK_801;Acc8_hippocampus_ST_A_Ex;Acc8_hippocampus_ST_A_Ex_KD
Ppp1cb,4,DOWN,0,4,-0.35046243889106,Acc10_hippocampus_Ex4_Po_t_TBI;Acc10_hippocampus_Ex4_Pre_TBI;Acc3_hypothalamus_GLP_1_MK_801;Acc8_hippocampus_ST_A_Ex
Sipa1l3,4,UP,2,2,-0.3541040247665047,Acc3_brainstem_GLP_1_MK_801;Acc3_hypothalamus_GLP_1_MK_801;Acc6_mbh_AC3174;Acc8_hypothalamus_LT_A_Ex
Pum2,4,DOWN,0,4,-0.35700704945100126,Acc10_hippocampus_Ex4_Po_t_TBI;Acc3_hypothalamus_GLP_1_MK_801;Acc8_hippocampus_ST_A_Ex;Acc8_hippocampus_ST_A_Ex_KD
Bmp2k,4,DOWN,0,4,-0.3576152639956049,Acc3_brainstem_GLP_1;Acc3_hypothalamus_GLP_1_MK_801;Acc8_hippocampus_ST_A_Ex;Acc8_hippocampus_ST_A_Ex_KD
Csde1,4,DOWN,0,4,-0.35928632911802255,Acc10_hippocampus_Ex4_Po_t_TBI;Acc10_hippocampus_Ex4_Pre_TBI;Acc11_hippocampus_Ex4_mTBI;Acc8_hippocampus_ST_A_Ex
Tmem30a,4,DOWN,0,4,-0.3655559727231406,Acc3_brainstem_GLP_1;Acc3_hypothalamus_GLP_1_MK_801;Acc8_hippocampus_ST_A_Ex;Acc8_hippocampus_ST_A_Ex_KD
Slc16a1,4,DOWN,0,4,-0.3685314607302296,Acc3_brainstem_GLP_1;Acc3_hypothalamus_GLP_1_MK_801;Acc8_hippocampus_ST_A_Ex;Acc8_hippocampus_ST_A_Ex_KD
Btaf1,4,DOWN,0,4,-0.36940259632562467,Acc8_frontalcortex_ST_A_Ex;Acc8_frontalcortex_ST_A_Ex_KD;Acc8_hippocampus_ST_A_Ex;Acc8_hippocampus_ST_A_Ex_KD
Abcb7,4,DOWN,0,4,-0.370644139313236,Acc3_brainstem_GLP_1;Acc3_hypothalamus_GLP_1_MK_801;Acc8_hippocampus_ST_A_Ex;Acc8_hippocampus_ST_A_Ex_KD
Tmem106b,4,DOWN,0,4,-0.37148074248386226,Acc3_brainstem_GLP_1;Acc3_hypothalamus_GLP_1_MK_801;Acc8_hippocampus_ST_A_Ex;Acc8_hippocampus_ST_A_Ex_KD
Mob4,4,DOWN,0,4,-0.37434993197466765,Acc11_hippocampus_Ex4_mTBI;Acc3_hypothalamus_GLP_1_MK_801;Acc8_hippocampus_ST_A_Ex;Acc8_hippocampus_ST_A_Ex_KD
Crem,4,DOWN,0,4,-0.37704129979812506,Acc10_hippocampus_Ex4_Pre_TBI;Acc10_hippocampus_Exendin4;Acc3_hypothalamus_GLP_1_MK_801;Acc8_frontalcortex_ST_A_Ex_KD
Tnfaip8l3,4,DOWN,0,4,-0.3778717562,Acc10_hippocampus_Ex4_Po_t_TBI;Acc10_hippocampus_Ex4_Pre_TBI;Acc11_hippocampus_Ex4;Acc11_hippocampus_Ex4_mTBI
Nfil3,4,DOWN,0,4,-0.3790279650971892,Acc10_hippocampus_Ex4_Po_t_TBI;Acc10_hippocampus_Ex4_Pre_TBI;Acc10_hippocampus_Exendin4;Acc8_hippocampus_ST_A_Ex_KD
Eif5a2,4,DOWN,0,4,-0.3816083954044151,Acc3_brainstem_GLP_1;Acc3_hypothalamus_GLP_1_MK_801;Acc8_hippocampus_ST_A_Ex;Acc8_hippocampus_ST_A_Ex_KD
Gpr22,4,DOWN,0,4,-0.3826021609880627,Acc3_brainstem_GLP_1;Acc3_hypothalamus_GLP_1_MK_801;Acc5_pvn_IP118_PY115;Acc8_hippocampus_ST_A_Ex
Lgr4,4,DOWN,0,4,-0.38275855137797843,Acc3_brainstem_GLP_1;Acc3_hypothalamus_GLP_1_MK_801;Acc8_hippocampus_ST_A_Ex;Acc8_hippocampus_ST_A_Ex_KD
Rb1,4,DOWN,0,4,-0.38526554429607196,Acc3_hypothalamus_GLP_1_MK_801;Acc8_frontalcortex_ST_A_Ex;Acc8_hippocampus_ST_A_Ex;Acc8_hippocampus_ST_A_Ex_KD
Rfx4,4,DOWN,0,4,-0.38898346979923953,Acc8_frontalcortex_ST_A_Ex;Acc8_frontalcortex_ST_A_Ex_KD;Acc8_hippocampus_ST_A_Ex;Acc8_hippocampus_ST_A_Ex_KD
Pls1,4,DOWN,0,4,-0.3906354039224382,Acc3_brainstem_GLP_1;Acc3_hypothalamus_GLP_1_MK_801;Acc8_hippocampus_ST_A_Ex;Acc8_hippocampus_ST_A_Ex_KD
Lims1,4,DOWN,0,4,-0.39087921431359857,Acc3_hypothalamus_GLP_1_MK_801;Acc8_frontalcortex_ST_A_Ex;Acc8_hippocampus_ST_A_Ex;Acc8_hippocampus_ST_A_Ex_KD
Ncapg2,4,DOWN,0,4,-0.3920793299135687,Acc3_brainstem_GLP_1;Acc3_hypothalamus_GLP_1_MK_801;Acc8_hippocampus_ST_A_Ex;Acc8_hippocampus_ST_A_Ex_KD
Pip4p2,4,DOWN,0,4,-0.3924481184800577,Acc3_brainstem_GLP_1;Acc3_hypothalamus_GLP_1_MK_801;Acc8_hippocampus_ST_A_Ex;Acc8_hippocampus_ST_A_Ex_KD
Bmt2,4,DOWN,0,4,-0.40027585477968786,Acc3_brainstem_GLP_1;Acc3_hypothalamus_GLP_1_MK_801;Acc8_hippocampus_ST_A_Ex;Acc8_hippocampus_ST_A_Ex_KD
Tmem263,4,DOWN,0,4,-0.4040799418144971,Acc3_brainstem_GLP_1;Acc3_hypothalamus_GLP_1_MK_801;Acc8_hippocampus_ST_A_Ex;Acc8_hippocampus_ST_A_Ex_KD
Hhip,4,DOWN,0,4,-0.40800680462285543,Acc3_brainstem_GLP_1;Acc3_hypothalamus_GLP_1_MK_801;Acc8_hippocampus_ST_A_Ex;Acc8_hippocampus_ST_A_Ex_KD
Plekhm3,4,DOWN,1,3,-0.4162166571582189,Acc3_brainstem_GLP_1;Acc3_brainstem_GLP_1_MK_801;Acc6_mbh_AC710222;Acc8_hippocampus_ST_A_Ex
Egr2,4,DOWN,0,4,-0.4164034682680435,Acc10_hippocampus_Ex4_Po_t_TBI;Acc10_hippocampus_Exendin4;Acc8_hippocampus_ST_A_Ex;Acc8_hippocampus_ST_A_Ex_KD
Ids,4,DOWN,0,4,-0.41722137268551307,Acc11_hippocampus_Ex4_mTBI;Acc3_hypothalamus_GLP_1_MK_801;Acc8_hippocampus_ST_A_Ex;Acc8_hippocampus_ST_A_Ex_KD
Bclaf3,4,DOWN,0,4,-0.42436412031360277,Acc3_brainstem_GLP_1;Acc3_hypothalamus_GLP_1_MK_801;Acc8_hippocampus_ST_A_Ex;Acc8_hippocampus_ST_A_Ex_KD
Trnt1,4,DOWN,0,4,-0.42542007709039176,Acc3_hypothalamus_GLP_1_MK_801;Acc6_mbh_AC710222;Acc8_hippocampus_ST_A_Ex;Acc8_hippocampus_ST_A_Ex_KD
Lcorl,4,DOWN,0,4,-0.42826964457596434,Acc3_brainstem_GLP_1;Acc3_hypothalamus_GLP_1_MK_801;Acc8_hippocampus_ST_A_Ex;Acc8_hippocampus_ST_A_Ex_KD
Ro60,4,DOWN,0,4,-0.4288160821599822,Acc3_brainstem_GLP_1;Acc3_hypothalamus_GLP_1_MK_801;Acc8_hippocampus_ST_A_Ex;Acc8_hippocampus_ST_A_Ex_KD
Lrrc58,4,DOWN,0,4,-0.42945220844307147,Acc3_brainstem_GLP_1;Acc3_hypothalamus_GLP_1_MK_801;Acc8_hippocampus_ST_A_Ex;Acc8_hippocampus_ST_A_Ex_KD
1700066m21rik,4,DOWN,0,4,-0.4370030955341434,Acc3_brainstem_GLP_1;Acc3_hypothalamus_GLP_1_MK_801;Acc8_hippocampus_ST_A_Ex;Acc8_hippocampus_ST_A_Ex_KD
Tmed7,4,DOWN,0,4,-0.4380203706516045,Acc3_brainstem_GLP_1;Acc3_hypothalamus_GLP_1_MK_801;Acc8_hippocampus_ST_A_Ex;Acc8_hippocampus_ST_A_Ex_KD
Neto2,4,DOWN,0,4,-0.4798706862788407,Acc3_hypothalamus_GLP_1_MK_801;Acc8_frontalcortex_ST_A_Ex_KD;Acc8_hippocampus_ST_A_Ex;Acc8_hippocampus_ST_A_Ex_KD
Klhl15,4,DOWN,0,4,-0.5072400533712628,Acc3_brainstem_GLP_1;Acc3_hypothalamus_GLP_1_MK_801;Acc8_hippocampus_ST_A_Ex;Acc8_hippocampus_ST_A_Ex_KD
Gm12657,4,UP,2,2,-0.6178675077057606,Acc11_hippocampus_Ex4;Acc11_hippocampus_Ex4_mTBI;Acc8_hippocampus_ST_A_Ex;Acc8_hippocampus_ST_A_Ex_KD
Zmym1,4,DOWN,0,4,-0.7135871243875512,Acc3_hypothalamus_GLP_1_MK_801;Acc8_frontalcortex_ST_A_Ex;Acc8_hippocampus_ST_A_Ex;Acc8_hippocampus_ST_A_Ex_KD
Mkks,4,DOWN,0,4,-0.7406673910368136,Acc10_hippocampus_Ex4_Po_t_TBI;Acc10_hippocampus_Ex4_Pre_TBI;Acc3_hypothalamus_GLP_1_MK_801;Acc3_hypothalamus_conjugate_2
Gjc3,4,DOWN,0,4,-0.7827153871991657,Acc3_brainstem_GLP_1;Acc3_hypothalamus_GLP_1_MK_801;Acc6_mbh_AC3174;Acc8_hippocampus_ST_A_Ex_KD
Loc108168933,4,DOWN,0,4,-0.8421758311712895,Acc8_frontalcortex_ST_A_Ex;Acc8_frontalcortex_ST_A_Ex_KD;Acc8_hippocampus_ST_A_Ex;Acc8_hippocampus_ST_A_Ex_KD
Fam20a,4,UP,2,2,-0.9039248723301813,Acc3_hypothalamus_GLP_1_MK_801;Acc5_nts_IP118_PY115;Acc6_mbh_AC3174;Acc8_hypothalamus_LT_A_Ex
Elmod3,4,DOWN,1,3,-1.2681659097128353,Acc3_hypothalamus_GLP_1_MK_801;Acc6_mbh_AC3174;Acc6_mbh_AC710222;Acc6_mbh_COMBO
Hspa1b,4,DOWN,0,4,-1.2932181819469686,Acc3_brainstem_GLP_1;Acc3_brainstem_GLP_1_MK_801;Acc3_hypothalamus_GLP_1_MK_801;Acc3_hypothalamus_conjugate_2
Kdelr2,4,DOWN,1,3,-1.3015234698876206,Acc11_hippocampus_Ex4_mTBI;Acc6_mbh_AC710222;Acc6_mbh_COMBO;Acc8_hypothalamus_LT_A_Ex
Gm5141,4,DOWN,0,4,-1.4151153403382575,Acc3_hypothalamus_GLP_1_MK_801;Acc6_mbh_AC3174;Acc8_hippocampus_ST_A_Ex;Acc8_hippocampus_ST_A_Ex_KD
Jsrp1,4,UP,3,1,-1.7656803847065927,Acc6_dvc_AC3174;Acc8_frontalcortex_ST_A_Ex_KD;Acc8_hippocampus_ST_A_Ex;Acc8_hippocampus_ST_A_Ex_KD
Kcnh5,4,UP,2,2,-2.198754346724201,Acc3_brainstem_GLP_1;Acc3_brainstem_GLP_1_MK_801;Acc6_mbh_AC3174;Acc8_hippocampus_ST_A_Ex_KD
Ripk4,3,UP,2,1,13.429159457699194,Acc6_dvc_AC710222;Acc6_dvc_COMBO;Acc8_hypothalamus_LT_A_Ex
Zfp41,3,UP,3,0,12.410943896393036,Acc6_mbh_AC3174;Acc6_mbh_AC710222;Acc6_mbh_COMBO
Szt2,3,UP,3,0,11.663139631771875,Acc6_mbh_AC3174;Acc6_mbh_AC710222;Acc6_mbh_COMBO
Cacna1d,3,UP,3,0,11.291666481571285,Acc6_mbh_AC3174;Acc6_mbh_AC710222;Acc6_mbh_COMBO
Pawr,3,UP,3,0,10.876390514029806,Acc6_mbh_AC3174;Acc6_mbh_AC710222;Acc6_mbh_COMBO
Cdc45,3,UP,3,0,10.816238877484446,Acc6_mbh_AC3174;Acc6_mbh_AC710222;Acc6_mbh_COMBO
Ptgr1,3,UP,3,0,10.450660905474843,Acc6_mbh_AC3174;Acc6_mbh_AC710222;Acc6_mbh_COMBO
Mgmt,3,UP,3,0,10.33692298530587,Acc6_mbh_AC3174;Acc6_mbh_AC710222;Acc6_mbh_COMBO
Ccn1,3,UP,3,0,10.111139239255186,Acc6_dvc_AC3174;Acc6_dvc_AC710222;Acc6_dvc_COMBO
Gm5532,3,UP,3,0,9.976591389178475,Acc6_mbh_AC3174;Acc6_mbh_AC710222;Acc6_mbh_COMBO
Bc065397,3,UP,3,0,9.921538348310172,Acc6_mbh_AC3174;Acc6_mbh_AC710222;Acc6_mbh_COMBO
Igfbp2,3,UP,3,0,9.920649458766581,Acc6_mbh_AC3174;Acc6_mbh_AC710222;Acc6_mbh_COMBO
Gm14168,3,UP,3,0,9.771276416934027,Acc6_mbh_AC3174;Acc6_mbh_AC710222;Acc6_mbh_COMBO
Slc9b2,3,UP,3,0,9.471728850079712,Acc6_mbh_AC3174;Acc6_mbh_AC710222;Acc6_mbh_COMBO
Nupr2,3,UP,3,0,8.533561740255944,Acc6_mbh_AC3174;Acc6_mbh_AC710222;Acc6_mbh_COMBO
Calcr,3,UP,3,0,8.393146088816707,Acc6_mbh_AC3174;Acc6_mbh_AC710222;Acc6_mbh_COMBO
H2bc21,3,UP,3,0,7.883084420720194,Acc6_mbh_AC3174;Acc6_mbh_AC710222;Acc6_mbh_COMBO
F12,3,UP,3,0,7.4950439233648956,Acc6_mbh_AC3174;Acc6_mbh_COMBO;Acc8_hippocampus_ST_A_Ex
Slc10a7,3,UP,3,0,7.408067614973564,Acc5_pvn_IP118_PY115;Acc6_mbh_AC3174;Acc6_mbh_COMBO
C2cd4d,3,UP,3,0,7.197142854449617,Acc6_mbh_AC3174;Acc6_mbh_AC710222;Acc6_mbh_COMBO
Flna,3,UP,3,0,6.665944374236166,Acc6_mbh_AC3174;Acc6_mbh_AC710222;Acc6_mbh_COMBO
Lipt2,3,UP,3,0,6.466207965606629,Acc6_mbh_AC3174;Acc6_mbh_AC710222;Acc6_mbh_COMBO
Plekhh2,3,UP,2,1,6.232323288775153,Acc6_mbh_AC710222;Acc6_mbh_COMBO;Acc8_frontalcortex_ST_A_Ex
Hspa12b,3,UP,3,0,6.07317398235558,Acc6_mbh_AC3174;Acc6_mbh_AC710222;Acc6_mbh_COMBO
Adra2c,3,UP,2,1,5.6459037421378016,Acc6_mbh_AC3174;Acc6_mbh_COMBO;Acc8_hippocampus_ST_A_Ex
Fam241a,3,UP,2,1,5.124337035150349,Acc3_hypothalamus_GLP_1_MK_801;Acc6_mbh_AC710222;Acc6_mbh_COMBO
Xkr8,3,UP,3,0,4.950246542965353,Acc6_dvc_AC3174;Acc6_dvc_AC710222;Acc6_dvc_COMBO
Mreg,3,UP,3,0,4.758004623283353,Acc6_mbh_AC3174;Acc6_mbh_AC710222;Acc6_mbh_COMBO
Fnip2,3,UP,2,1,4.443245754245111,Acc6_mbh_AC3174;Acc6_mbh_COMBO;Acc8_hippocampus_ST_A_Ex
Cdan1,3,UP,3,0,3.912796214940217,Acc6_mbh_AC3174;Acc6_mbh_AC710222;Acc6_mbh_COMBO
Enpp6,3,DOWN,1,2,3.4869143446724906,Acc3_brainstem_GLP_1;Acc3_hypothalamus_GLP_1_MK_801;Acc6_mbh_AC3174
Rnf19b,3,UP,3,0,3.0475875173473903,Acc6_mbh_AC3174;Acc6_mbh_AC710222;Acc6_mbh_COMBO
Tmem266,3,UP,2,1,2.850874522305983,Acc6_dvc_AC710222;Acc6_dvc_COMBO;Acc8_hypothalamus_LT_A_Ex
Fbxo32,3,UP,2,1,2.6873520190717968,Acc3_brainstem_GLP_1;Acc6_mbh_AC3174;Acc6_mbh_COMBO
Cep57l1,3,UP,2,1,2.6542383602492037,Acc3_hypothalamus_GLP_1_MK_801;Acc6_mbh_AC3174;Acc6_mbh_COMBO
Nkx2-1,3,UP,3,0,2.632360346107544,Acc6_mbh_AC3174;Acc6_mbh_AC710222;Acc6_mbh_COMBO
Tlnrd1,3,UP,3,0,2.360938600781013,Acc5_pvn_IP118_PY115;Acc6_mbh_AC3174;Acc6_mbh_COMBO
Rbm26,3,UP,3,0,2.2499336521079707,Acc6_mbh_AC3174;Acc6_mbh_AC710222;Acc6_mbh_COMBO
Habp4,3,UP,3,0,2.109726741520138,Acc11_hippocampus_Ex4_mTBI;Acc6_mbh_AC3174;Acc6_mbh_COMBO
Uri1,3,UP,3,0,1.9879745333031593,Acc6_mbh_AC3174;Acc6_mbh_AC710222;Acc6_mbh_COMBO
Bag1,3,UP,3,0,1.8830822244653593,Acc3_brainstem_GLP_1;Acc6_mbh_AC3174;Acc6_mbh_COMBO
Bc1,3,UP,3,0,1.769158591040294,Acc3_brainstem_GLP_1;Acc8_hippocampus_ST_A_Ex;Acc8_hippocampus_ST_A_Ex_KD
Gm13889,3,UP,3,0,1.7065786916624617,Acc5_nts_IP118_PY115;Acc6_mbh_AC3174;Acc6_mbh_COMBO
Baz1b,3,UP,3,0,1.584431199159097,Acc6_mbh_AC3174;Acc6_mbh_AC710222;Acc6_mbh_COMBO
Dtx1,3,UP,2,1,1.5165089899145352,Acc6_mbh_AC3174;Acc6_mbh_COMBO;Acc8_hypothalamus_LT_A_Ex
Nes,3,DOWN,1,2,1.499506543544575,Acc3_brainstem_GLP_1;Acc3_brainstem_GLP_1_MK_801;Acc6_mbh_AC3174
Nanos1,3,UP,2,1,1.4852740383206247,Acc6_mbh_AC3174;Acc6_mbh_COMBO;Acc8_hippocampus_ST_A_Ex
Neurl1a,3,UP,2,1,1.3495447159561225,Acc6_mbh_AC710222;Acc6_mbh_COMBO;Acc8_hypothalamus_LT_A_Ex
Dcaf10,3,UP,2,1,1.2370467733843948,Acc3_hypothalamus_GLP_1_MK_801;Acc6_mbh_AC3174;Acc6_mbh_COMBO
Cdk17,3,UP,2,1,1.1830624433947987,Acc6_mbh_AC3174;Acc6_mbh_COMBO;Acc8_hippocampus_ST_A_Ex
Rrs1,3,UP,3,0,1.1252595428330727,Acc6_mbh_COMBO;Acc8_hippocampus_ST_A_Ex;Acc8_hippocampus_ST_A_Ex_KD
Mapk1,3,UP,2,1,1.1180066982974668,Acc6_mbh_AC3174;Acc6_mbh_COMBO;Acc8_hippocampus_ST_A_Ex
Ada,3,UP,3,0,1.0568976308833777,Acc3_accumbens_GLP_1;Acc3_hypothalamus_GLP_1_MK_801;Acc8_hippocampus_ST_A_Ex
Ndufb1,3,UP,3,0,1.0452325198891919,Acc8_hippocampus_ST_A_Ex;Acc8_hippocampus_ST_A_Ex_KD;Acc8_hypothalamus_LT_A_Ex
Wsb2,3,UP,2,1,1.020851649194823,Acc6_mbh_AC3174;Acc6_mbh_COMBO;Acc8_hippocampus_ST_A_Ex
Nrap,3,UP,3,0,1.0201611379936428,Acc8_frontalcortex_ST_A_Ex;Acc8_frontalcortex_ST_A_Ex_KD;Acc8_hippocampus_ST_A_Ex
Tomm7,3,UP,3,0,0.9964635944946462,Acc3_brainstem_GLP_1;Acc8_hippocampus_ST_A_Ex;Acc8_hippocampus_ST_A_Ex_KD
Snrpf,3,UP,3,0,0.9820256003805881,Acc3_hypothalamus_GLP_1_MK_801;Acc8_hippocampus_ST_A_Ex;Acc8_hippocampus_ST_A_Ex_KD
Ptgs2,3,UP,2,1,0.9744049674284163,Acc5_nts_IP118_PY115;Acc8_frontalcortex_ST_A_Ex;Acc8_hypothalamus_LT_A_Ex
Cyrib,3,UP,2,1,0.9662635266266645,Acc6_mbh_AC3174;Acc6_mbh_COMBO;Acc8_hippocampus_ST_A_Ex
Tceal5,3,UP,3,0,0.9230306883333146,Acc3_brainstem_GLP_1;Acc8_hippocampus_ST_A_Ex;Acc8_hippocampus_ST_A_Ex_KD
Rps21,3,UP,3,0,0.9223946298467748,Acc3_brainstem_GLP_1;Acc8_hippocampus_ST_A_Ex;Acc8_hippocampus_ST_A_Ex_KD
Wnt9a,3,UP,3,0,0.889173271416133,Acc8_frontalcortex_ST_A_Ex_KD;Acc8_hippocampus_ST_A_Ex;Acc8_hippocampus_ST_A_Ex_KD
Ppm1b,3,UP,2,1,0.8853418102943077,Acc11_hippocampus_Ex4_mTBI;Acc6_mbh_AC3174;Acc6_mbh_COMBO
3110070m22rik,3,UP,3,0,0.8657080836361734,Acc8_frontalcortex_ST_A_Ex;Acc8_frontalcortex_ST_A_Ex_KD;Acc8_hippocampus_ST_A_Ex_KD
Lsm7,3,UP,3,0,0.8595755910967456,Acc3_brainstem_GLP_1;Acc8_hippocampus_ST_A_Ex;Acc8_hippocampus_ST_A_Ex_KD
Lysmd2,3,UP,3,0,0.8438224864187177,Acc6_mbh_AC3174;Acc6_mbh_AC710222;Acc6_mbh_COMBO
Gng13,3,UP,2,1,0.8410319738485231,Acc3_brainstem_GLP_1_MK_801;Acc8_hippocampus_ST_A_Ex;Acc8_hippocampus_ST_A_Ex_KD
Ndufs6,3,UP,3,0,0.8394403597687982,Acc3_brainstem_GLP_1;Acc8_hippocampus_ST_A_Ex;Acc8_hippocampus_ST_A_Ex_KD
Slc25a28,3,UP,3,0,0.8305848725080917,Acc6_mbh_COMBO;Acc8_hippocampus_ST_A_Ex;Acc8_hippocampus_ST_A_Ex_KD
Casq1,3,UP,3,0,0.7665293744577819,Acc3_hypothalamus_GLP_1_MK_801;Acc8_hippocampus_ST_A_Ex;Acc8_hippocampus_ST_A_Ex_KD
Pim3,3,UP,3,0,0.747108015078044,Acc5_pvn_IP118_PY115;Acc6_mbh_COMBO;Acc8_hippocampus_ST_A_Ex
Fosl2,3,UP,2,1,0.7370593710031859,Acc3_hypothalamus_conjugate_2;Acc5_arc_IP118_PY115;Acc5_nts_IP118_PY115
Mef2d,3,UP,2,1,0.7119408279474534,Acc6_mbh_AC3174;Acc6_mbh_COMBO;Acc8_hippocampus_ST_A_Ex
Au041133,3,DOWN,1,2,0.7101557665151285,Acc6_dvc_COMBO;Acc8_hippocampus_ST_A_Ex;Acc8_hippocampus_ST_A_Ex_KD
Pin4,3,UP,3,0,0.7022870433410141,Acc3_brainstem_GLP_1;Acc8_hippocampus_ST_A_Ex;Acc8_hippocampus_ST_A_Ex_KD
Rpl37,3,UP,3,0,0.6981924460635476,Acc3_brainstem_GLP_1;Acc8_hippocampus_ST_A_Ex;Acc8_hippocampus_ST_A_Ex_KD
Cebpd,3,UP,3,0,0.6920637034664955,Acc3_accumbens_GLP_1;Acc3_brainstem_GLP_1;Acc5_nts_IP118_PY115
Mtch1,3,UP,3,0,0.6762164223852016,Acc6_mbh_COMBO;Acc8_hippocampus_ST_A_Ex;Acc8_hippocampus_ST_A_Ex_KD
Tmsb10,3,UP,3,0,0.6743259897740698,Acc3_brainstem_GLP_1;Acc8_hippocampus_ST_A_Ex;Acc8_hippocampus_ST_A_Ex_KD
Cirbp,3,UP,3,0,0.6717802780296953,Acc10_hippocampus_Ex4_Pre_TBI;Acc8_hippocampus_ST_A_Ex;Acc8_hippocampus_ST_A_Ex_KD
Snhg8,3,UP,2,1,0.659691477462396,Acc3_brainstem_GLP_1_MK_801;Acc8_hippocampus_ST_A_Ex;Acc8_hippocampus_ST_A_Ex_KD
Mrpl20,3,UP,3,0,0.652795139026733,Acc11_hippocampus_Ex4_mTBI;Acc8_hippocampus_ST_A_Ex;Acc8_hippocampus_ST_A_Ex_KD
Gm19439,3,UP,3,0,0.6517856083482721,Acc3_brainstem_GLP_1;Acc8_hippocampus_ST_A_Ex;Acc8_hippocampus_ST_A_Ex_KD
Naa38,3,UP,2,1,0.6464284182517348,Acc3_brainstem_GLP_1_MK_801;Acc8_hippocampus_ST_A_Ex;Acc8_hippocampus_ST_A_Ex_KD
Rnaseh2c,3,UP,3,0,0.6428527767486861,Acc3_brainstem_GLP_1;Acc8_hippocampus_ST_A_Ex;Acc8_hippocampus_ST_A_Ex_KD
Galnt15,3,UP,3,0,0.64212425114829,Acc3_accumbens_GLP_1;Acc3_hypothalamus_GLP_1_MK_801;Acc5_pvn_IP118_PY115
Ndufaf8,3,UP,3,0,0.6383402773957122,Acc3_brainstem_GLP_1;Acc8_hippocampus_ST_A_Ex;Acc8_hippocampus_ST_A_Ex_KD
Lsm4,3,UP,3,0,0.6316767008450378,Acc3_brainstem_GLP_1;Acc8_hippocampus_ST_A_Ex;Acc8_hippocampus_ST_A_Ex_KD
Kif3b,3,UP,2,1,0.6286985175370509,Acc10_hippocampus_Ex4_Po_t_TBI;Acc6_mbh_AC3174;Acc6_mbh_COMBO
Tmem258,3,UP,2,1,0.6267263870812885,Acc3_brainstem_GLP_1_MK_801;Acc8_hippocampus_ST_A_Ex;Acc8_hippocampus_ST_A_Ex_KD
Kcna3,3,UP,3,0,0.6228888083984128,Acc3_brainstem_GLP_1_MK_801;Acc3_hypothalamus_GLP_1_MK_801;Acc3_hypothalamus_conjugate_2
Gas5,3,UP,3,0,0.6212226132561112,Acc8_frontalcortex_LT_A_Ex;Acc8_hippocampus_ST_A_Ex;Acc8_hippocampus_ST_A_Ex_KD
Pfdn6,3,UP,2,1,0.6196807802002091,Acc3_brainstem_GLP_1_MK_801;Acc8_hippocampus_ST_A_Ex;Acc8_hippocampus_ST_A_Ex_KD
Pdap1,3,UP,3,0,0.6187424691603085,Acc3_hypothalamus_GLP_1_MK_801;Acc8_hippocampus_ST_A_Ex;Acc8_hippocampus_ST_A_Ex_KD
Rpl41,3,UP,3,0,0.6162462602570052,Acc3_brainstem_GLP_1;Acc8_hippocampus_ST_A_Ex;Acc8_hippocampus_ST_A_Ex_KD
Lamtor4,3,UP,3,0,0.6146046907110415,Acc3_brainstem_GLP_1;Acc8_hippocampus_ST_A_Ex;Acc8_hippocampus_ST_A_Ex_KD
Emc9,3,UP,3,0,0.6076221156353458,Acc3_brainstem_GLP_1;Acc8_hippocampus_ST_A_Ex;Acc8_hippocampus_ST_A_Ex_KD
Dbi,3,UP,2,1,0.6066511242712919,Acc3_brainstem_GLP_1_MK_801;Acc8_hippocampus_ST_A_Ex;Acc8_hippocampus_ST_A_Ex_KD
Flywch2,3,UP,3,0,0.5932045549062606,Acc3_brainstem_GLP_1;Acc8_hippocampus_ST_A_Ex;Acc8_hippocampus_ST_A_Ex_KD
Drap1,3,UP,3,0,0.5896733634256438,Acc3_hypothalamus_GLP_1_MK_801;Acc8_hippocampus_ST_A_Ex;Acc8_hippocampus_ST_A_Ex_KD
Lor,3,UP,3,0,0.5857085857929466,Acc3_brainstem_GLP_1;Acc8_hippocampus_ST_A_Ex;Acc8_hippocampus_ST_A_Ex_KD
Atp5j2,3,UP,3,0,0.5806042756366144,Acc3_brainstem_GLP_1;Acc8_hippocampus_ST_A_Ex;Acc8_hippocampus_ST_A_Ex_KD
Pdlim2,3,UP,3,0,0.5804401078944134,Acc10_hippocampus_Ex4_Pre_TBI;Acc8_hippocampus_ST_A_Ex;Acc8_hippocampus_ST_A_Ex_KD
Nt5c,3,UP,3,0,0.5780553761680318,Acc3_brainstem_GLP_1;Acc8_hippocampus_ST_A_Ex;Acc8_hippocampus_ST_A_Ex_KD
Tma7,3,UP,3,0,0.5740989957024742,Acc11_hippocampus_Ex4_mTBI;Acc8_hippocampus_ST_A_Ex;Acc8_hippocampus_ST_A_Ex_KD
Gadd45g,3,UP,3,0,0.572181953637053,Acc3_brainstem_GLP_1;Acc8_hippocampus_ST_A_Ex;Acc8_hippocampus_ST_A_Ex_KD
Ralgapa1,3,UP,2,1,0.5669202639993306,Acc3_brainstem_GLP_1_MK_801;Acc6_mbh_AC3174;Acc8_hippocampus_ST_A_Ex
Snhg12,3,UP,3,0,0.5667821695773737,Acc3_brainstem_GLP_1;Acc8_hippocampus_ST_A_Ex;Acc8_hippocampus_ST_A_Ex_KD
D8ertd738e,3,UP,3,0,0.5637533584145805,Acc3_brainstem_GLP_1;Acc8_hippocampus_ST_A_Ex;Acc8_hippocampus_ST_A_Ex_KD
Nudt8,3,UP,3,0,0.5631206509247346,Acc3_brainstem_GLP_1;Acc8_hippocampus_ST_A_Ex;Acc8_hippocampus_ST_A_Ex_KD
Ccdc12,3,UP,3,0,0.5614824233406015,Acc3_brainstem_GLP_1;Acc8_hippocampus_ST_A_Ex;Acc8_hippocampus_ST_A_Ex_KD
Pla2g3,3,UP,3,0,0.5583400953607097,Acc3_accumbens_GLP_1;Acc3_brainstem_GLP_1;Acc3_hypothalamus_GLP_1_MK_801
Rpl23a,3,UP,3,0,0.5567451125553893,Acc3_hypothalamus_GLP_1_MK_801;Acc8_hippocampus_ST_A_Ex;Acc8_hippocampus_ST_A_Ex_KD
Timm13,3,UP,3,0,0.5547872377024411,Acc3_brainstem_GLP_1;Acc8_hippocampus_ST_A_Ex;Acc8_hippocampus_ST_A_Ex_KD
Uqcc3,3,UP,3,0,0.5545698319724672,Acc3_brainstem_GLP_1;Acc8_hippocampus_ST_A_Ex;Acc8_hippocampus_ST_A_Ex_KD
Thap3,3,UP,3,0,0.5511410786589699,Acc3_brainstem_GLP_1;Acc8_hippocampus_ST_A_Ex;Acc8_hippocampus_ST_A_Ex_KD
Rps23,3,UP,3,0,0.5510996049479857,Acc3_brainstem_GLP_1;Acc8_hippocampus_ST_A_Ex;Acc8_hippocampus_ST_A_Ex_KD
Rplp2,3,UP,3,0,0.5485037059124888,Acc3_hypothalamus_GLP_1_MK_801;Acc8_hippocampus_ST_A_Ex;Acc8_hippocampus_ST_A_Ex_KD
Spa17,3,UP,3,0,0.5448481618812638,Acc3_hypothalamus_GLP_1_MK_801;Acc8_hippocampus_ST_A_Ex;Acc8_hippocampus_ST_A_Ex_KD
Lamtor2,3,UP,2,1,0.5429593746176241,Acc3_brainstem_GLP_1_MK_801;Acc8_hippocampus_ST_A_Ex;Acc8_hippocampus_ST_A_Ex_KD
Huwe1,3,UP,3,0,0.5405882174265151,Acc11_hippocampus_Ex4;Acc11_hippocampus_Ex4_mTBI;Acc3_brainstem_GLP_1_MK_801
Fam107b,3,UP,2,1,0.5396169264924681,Acc5_arc_IP118_PY115;Acc5_pvn_IP118_PY115;Acc8_hippocampus_ST_A_Ex
Lsm8,3,UP,3,0,0.5335688964988989,Acc8_hippocampus_ST_A_Ex;Acc8_hippocampus_ST_A_Ex_KD;Acc8_hypothalamus_LT_A_Ex
Rpl30,3,UP,3,0,0.5326932500412661,Acc3_brainstem_GLP_1;Acc8_hippocampus_ST_A_Ex;Acc8_hippocampus_ST_A_Ex_KD
Rpl11,3,UP,3,0,0.5311544458717852,Acc3_hypothalamus_GLP_1_MK_801;Acc8_hippocampus_ST_A_Ex;Acc8_hippocampus_ST_A_Ex_KD
Trir,3,UP,3,0,0.5296353451351925,Acc3_hypothalamus_GLP_1_MK_801;Acc8_hippocampus_ST_A_Ex;Acc8_hippocampus_ST_A_Ex_KD
Cep131,3,UP,3,0,0.5292689772754788,Acc8_frontalcortex_ST_A_Ex;Acc8_hippocampus_ST_A_Ex;Acc8_hippocampus_ST_A_Ex_KD
Tmem240,3,UP,3,0,0.5284111003903146,Acc3_brainstem_GLP_1;Acc8_hippocampus_ST_A_Ex;Acc8_hippocampus_ST_A_Ex_KD
Fkbp2,3,UP,3,0,0.5283965754533441,Acc3_brainstem_GLP_1;Acc8_hippocampus_ST_A_Ex;Acc8_hippocampus_ST_A_Ex_KD
Srxn1,3,UP,3,0,0.5282608569959961,Acc11_hippocampus_Ex4;Acc5_nts_IP118_PY115;Acc5_pvn_IP118_PY115
Polr2l,3,UP,3,0,0.5271412042623297,Acc3_brainstem_GLP_1;Acc8_hippocampus_ST_A_Ex;Acc8_hippocampus_ST_A_Ex_KD
Tppp3,3,UP,3,0,0.5266624402634613,Acc3_hypothalamus_GLP_1_MK_801;Acc8_hippocampus_ST_A_Ex;Acc8_hippocampus_ST_A_Ex_KD
Epha6,3,UP,3,0,0.5257434051657196,Acc3_brainstem_GLP_1_MK_801;Acc3_hypothalamus_GLP_1_MK_801;Acc3_hypothalamus_conjugate_2
5930430l01rik,3,UP,3,0,0.521969982820209,Acc3_hypothalamus_GLP_1_MK_801;Acc8_hippocampus_ST_A_Ex;Acc8_hippocampus_ST_A_Ex_KD
Sec61g,3,UP,3,0,0.5198589199396269,Acc3_brainstem_GLP_1;Acc8_hippocampus_ST_A_Ex;Acc8_hippocampus_ST_A_Ex_KD
Myh7b,3,UP,3,0,0.5180069246257694,Acc3_hypothalamus_GLP_1_MK_801;Acc8_hippocampus_ST_A_Ex;Acc8_hippocampus_ST_A_Ex_KD
Myo5b,3,UP,3,0,0.5178419398394515,Acc11_hippocampus_Ex4;Acc11_hippocampus_Ex4_mTBI;Acc3_hypothalamus_GLP_1_MK_801
Asphd1,3,UP,3,0,0.511075417764136,Acc3_brainstem_GLP_1;Acc8_hippocampus_ST_A_Ex;Acc8_hippocampus_ST_A_Ex_KD
Pdcd5,3,UP,3,0,0.5110550567760118,Acc11_hippocampus_Ex4_mTBI;Acc8_hippocampus_ST_A_Ex;Acc8_hippocampus_ST_A_Ex_KD
Llph,3,UP,3,0,0.5107377238051677,Acc11_hippocampus_Ex4_mTBI;Acc8_hippocampus_ST_A_Ex;Acc8_hippocampus_ST_A_Ex_KD
Bex3,3,UP,3,0,0.5078566405857678,Acc3_hypothalamus_GLP_1_MK_801;Acc8_hippocampus_ST_A_Ex;Acc8_hippocampus_ST_A_Ex_KD
Smim3,3,UP,3,0,0.507347934150656,Acc3_accumbens_GLP_1;Acc3_brainstem_GLP_1;Acc5_nts_IP118_PY115
Ndufa8,3,UP,3,0,0.502309117115877,Acc3_brainstem_GLP_1;Acc8_hippocampus_ST_A_Ex;Acc8_hippocampus_ST_A_Ex_KD
Tomm6,3,UP,3,0,0.5015799574007335,Acc3_brainstem_GLP_1;Acc8_hippocampus_ST_A_Ex;Acc8_hippocampus_ST_A_Ex_KD
Ddrgk1,3,UP,3,0,0.4981577420835306,Acc3_hypothalamus_GLP_1_MK_801;Acc8_hippocampus_ST_A_Ex;Acc8_hippocampus_ST_A_Ex_KD
Ndufa12,3,UP,3,0,0.49606460848225115,Acc3_brainstem_GLP_1;Acc8_hippocampus_ST_A_Ex;Acc8_hippocampus_ST_A_Ex_KD
Fis1,3,UP,3,0,0.49159693392727744,Acc3_brainstem_GLP_1;Acc8_hippocampus_ST_A_Ex;Acc8_hippocampus_ST_A_Ex_KD
Btbd1,3,DOWN,1,2,0.49146897835644876,Acc6_mbh_COMBO;Acc8_hippocampus_ST_A_Ex;Acc8_hippocampus_ST_A_Ex_KD
Gm32970,3,UP,3,0,0.49120672069408516,Acc8_frontalcortex_ST_A_Ex;Acc8_frontalcortex_ST_A_Ex_KD;Acc8_hippocampus_ST_A_Ex_KD
Ankrd17,3,UP,3,0,0.48795394458937863,Acc11_hippocampus_Ex4;Acc11_hippocampus_Ex4_mTBI;Acc3_brainstem_GLP_1_MK_801
Selenow,3,UP,3,0,0.4878614874093863,Acc3_brainstem_GLP_1;Acc8_hippocampus_ST_A_Ex;Acc8_hippocampus_ST_A_Ex_KD
Zfand5,3,DOWN,1,2,0.4840146756056529,Acc3_hypothalamus_GLP_1_MK_801;Acc6_mbh_COMBO;Acc8_hippocampus_ST_A_Ex
Rpl35,3,UP,3,0,0.4833815291962618,Acc3_brainstem_GLP_1;Acc8_hippocampus_ST_A_Ex;Acc8_hippocampus_ST_A_Ex_KD
Syn3,3,UP,3,0,0.4830211526284513,Acc3_brainstem_GLP_1_MK_801;Acc3_hypothalamus_GLP_1_MK_801;Acc3_hypothalamus_conjugate_2
5031425e22rik,3,UP,3,0,0.47899837031678366,Acc3_brainstem_GLP_1;Acc8_hippocampus_ST_A_Ex;Acc8_hippocampus_ST_A_Ex_KD
Trim3,3,UP,3,0,0.4789506083104211,Acc6_mbh_COMBO;Acc8_hippocampus_ST_A_Ex;Acc8_hippocampus_ST_A_Ex_KD
Ccdc124,3,UP,3,0,0.47845075946332055,Acc3_brainstem_GLP_1;Acc8_hippocampus_ST_A_Ex;Acc8_hippocampus_ST_A_Ex_KD
Ciart,3,UP,3,0,0.4764768602055996,Acc10_hippocampus_Ex4_Po_t_TBI;Acc10_hippocampus_Ex4_Pre_TBI;Acc8_hippocampus_ST_A_Ex_KD
Hcls1,3,UP,3,0,0.4713959815649121,Acc3_hypothalamus_GLP_1_MK_801;Acc8_hippocampus_ST_A_Ex;Acc8_hippocampus_ST_A_Ex_KD
Mrpl2,3,UP,3,0,0.47055451258829706,Acc3_hypothalamus_GLP_1_MK_801;Acc8_hippocampus_ST_A_Ex;Acc8_hippocampus_ST_A_Ex_KD
1700086o06rik,3,UP,3,0,0.469468797972459,Acc8_frontalcortex_ST_A_Ex;Acc8_hippocampus_ST_A_Ex;Acc8_hippocampus_ST_A_Ex_KD
Cox7c,3,UP,2,1,0.46848863290226084,Acc3_brainstem_GLP_1_MK_801;Acc8_hippocampus_ST_A_Ex;Acc8_hippocampus_ST_A_Ex_KD
Slc12a5,3,UP,3,0,0.46672734315516795,Acc11_hippocampus_Ex4;Acc11_hippocampus_Ex4_mTBI;Acc3_brainstem_GLP_1_MK_801
Rpp21,3,UP,3,0,0.4666427493542533,Acc3_brainstem_GLP_1;Acc8_hippocampus_ST_A_Ex;Acc8_hippocampus_ST_A_Ex_KD
Ndufa6,3,UP,3,0,0.4647226223470977,Acc3_brainstem_GLP_1;Acc8_hippocampus_ST_A_Ex;Acc8_hippocampus_ST_A_Ex_KD
Tmem191c,3,UP,3,0,0.4607565554664153,Acc3_brainstem_GLP_1;Acc8_hippocampus_ST_A_Ex;Acc8_hippocampus_ST_A_Ex_KD
Dgki,3,UP,3,0,0.45707630239891445,Acc3_brainstem_GLP_1_MK_801;Acc3_hypothalamus_GLP_1_MK_801;Acc3_hypothalamus_conjugate_2
Tsr3,3,UP,3,0,0.45508412909078705,Acc3_brainstem_GLP_1;Acc8_hippocampus_ST_A_Ex;Acc8_hippocampus_ST_A_Ex_KD
Rpl7a,3,UP,3,0,0.45055423949592716,Acc11_hippocampus_Ex4;Acc8_hippocampus_ST_A_Ex;Acc8_hippocampus_ST_A_Ex_KD
Chgb,3,UP,3,0,0.4475281357805166,Acc3_hypothalamus_GLP_1_MK_801;Acc8_hippocampus_ST_A_Ex;Acc8_hippocampus_ST_A_Ex_KD
Sdsl,3,UP,3,0,0.4461187195622685,Acc3_brainstem_GLP_1;Acc8_hippocampus_ST_A_Ex;Acc8_hippocampus_ST_A_Ex_KD
Rpp25l,3,UP,3,0,0.44561109378097036,Acc3_brainstem_GLP_1;Acc8_hippocampus_ST_A_Ex;Acc8_hippocampus_ST_A_Ex_KD
Btg2,3,UP,3,0,0.4416232772995648,Acc3_brainstem_GLP_1;Acc5_nts_IP118_PY115;Acc8_hippocampus_ST_A_Ex_KD
Pam16,3,UP,3,0,0.44144133490495174,Acc3_brainstem_GLP_1;Acc8_hippocampus_ST_A_Ex;Acc8_hippocampus_ST_A_Ex_KD
Ndufb7,3,UP,3,0,0.43976696377323066,Acc3_brainstem_GLP_1;Acc8_hippocampus_ST_A_Ex;Acc8_hippocampus_ST_A_Ex_KD
Cfap298,3,UP,3,0,0.43917318951613876,Acc3_hypothalamus_GLP_1_MK_801;Acc8_hippocampus_ST_A_Ex;Acc8_hippocampus_ST_A_Ex_KD
Tenm3,3,UP,3,0,0.43763811137778214,Acc3_brainstem_GLP_1_MK_801;Acc3_hypothalamus_GLP_1_MK_801;Acc3_hypothalamus_conjugate_2
Upf3a,3,UP,3,0,0.4367096586837649,Acc3_hypothalamus_GLP_1_MK_801;Acc8_hippocampus_ST_A_Ex;Acc8_hippocampus_ST_A_Ex_KD
Nenf,3,UP,3,0,0.4358096918874776,Acc3_brainstem_GLP_1;Acc8_hippocampus_ST_A_Ex;Acc8_hippocampus_ST_A_Ex_KD
2610306m01rik,3,UP,3,0,0.4355852090475194,Acc3_hypothalamus_GLP_1_MK_801;Acc8_hippocampus_ST_A_Ex;Acc8_hippocampus_ST_A_Ex_KD
Polr2f,3,UP,3,0,0.4320868424478035,Acc3_brainstem_GLP_1;Acc8_hippocampus_ST_A_Ex;Acc8_hippocampus_ST_A_Ex_KD
Cenpx,3,UP,3,0,0.4315440146173544,Acc3_brainstem_GLP_1;Acc8_hippocampus_ST_A_Ex;Acc8_hippocampus_ST_A_Ex_KD
Rpl8,3,UP,3,0,0.431366934920047,Acc3_brainstem_GLP_1;Acc8_hippocampus_ST_A_Ex;Acc8_hippocampus_ST_A_Ex_KD
Cpsf4,3,UP,3,0,0.430968487078091,Acc3_brainstem_GLP_1;Acc8_hippocampus_ST_A_Ex;Acc8_hippocampus_ST_A_Ex_KD
Atp10a,3,UP,3,0,0.429983195141119,Acc3_brainstem_GLP_1;Acc3_hypothalamus_GLP_1_MK_801;Acc5_pvn_IP118_PY115
Mrps12,3,UP,3,0,0.42797508380034116,Acc3_brainstem_GLP_1;Acc8_hippocampus_ST_A_Ex;Acc8_hippocampus_ST_A_Ex_KD
Lrrn2,3,UP,3,0,0.4251886622721149,Acc11_hippocampus_Ex4;Acc11_hippocampus_Ex4_mTBI;Acc3_hypothalamus_GLP_1_MK_801
Rex1bd,3,UP,3,0,0.42492794139573525,Acc3_brainstem_GLP_1;Acc8_hippocampus_ST_A_Ex;Acc8_hippocampus_ST_A_Ex_KD
Pfdn2,3,UP,3,0,0.42297443623343584,Acc3_brainstem_GLP_1;Acc8_hippocampus_ST_A_Ex;Acc8_hippocampus_ST_A_Ex_KD
Hes6,3,UP,3,0,0.4216338808492038,Acc3_brainstem_GLP_1;Acc8_hippocampus_ST_A_Ex;Acc8_hippocampus_ST_A_Ex_KD
Selenom,3,UP,3,0,0.4212546462247726,Acc3_brainstem_GLP_1;Acc8_hippocampus_ST_A_Ex;Acc8_hippocampus_ST_A_Ex_KD
Pmvk,3,UP,3,0,0.4203907587072802,Acc3_brainstem_GLP_1;Acc8_hippocampus_ST_A_Ex;Acc8_hippocampus_ST_A_Ex_KD
Bloc1s1,3,UP,2,1,0.4195437837422529,Acc3_brainstem_GLP_1_MK_801;Acc8_hippocampus_ST_A_Ex;Acc8_hippocampus_ST_A_Ex_KD
Eif3g,3,UP,3,0,0.41920066183708765,Acc3_hypothalamus_GLP_1_MK_801;Acc8_hippocampus_ST_A_Ex;Acc8_hippocampus_ST_A_Ex_KD
Cdpf1,3,UP,3,0,0.4173738180007913,Acc3_brainstem_GLP_1;Acc8_hippocampus_ST_A_Ex;Acc8_hippocampus_ST_A_Ex_KD
Cox6c,3,UP,3,0,0.4170592241674375,Acc3_brainstem_GLP_1;Acc8_hippocampus_ST_A_Ex;Acc8_hippocampus_ST_A_Ex_KD
Alkbh7,3,UP,3,0,0.4158978753286388,Acc3_brainstem_GLP_1;Acc8_hippocampus_ST_A_Ex;Acc8_hippocampus_ST_A_Ex_KD
Tmem219,3,UP,3,0,0.41403705856317297,Acc3_brainstem_GLP_1;Acc8_hippocampus_ST_A_Ex;Acc8_hippocampus_ST_A_Ex_KD
Coprs,3,UP,2,1,0.41000550296077715,Acc3_brainstem_GLP_1_MK_801;Acc8_hippocampus_ST_A_Ex;Acc8_hippocampus_ST_A_Ex_KD
Nrgn,3,UP,3,0,0.40917334199919875,Acc3_hypothalamus_GLP_1_MK_801;Acc8_hippocampus_ST_A_Ex;Acc8_hippocampus_ST_A_Ex_KD
Mcee,3,UP,3,0,0.408388456256169,Acc3_hypothalamus_GLP_1_MK_801;Acc8_hippocampus_ST_A_Ex;Acc8_hippocampus_ST_A_Ex_KD
Hpca,3,UP,3,0,0.4072173271257493,Acc3_hypothalamus_GLP_1_MK_801;Acc8_hippocampus_ST_A_Ex;Acc8_hippocampus_ST_A_Ex_KD
Safb2,3,UP,3,0,0.4057511803802085,Acc3_brainstem_GLP_1;Acc8_hippocampus_ST_A_Ex;Acc8_hippocampus_ST_A_Ex_KD
Matk,3,UP,3,0,0.4053505017444452,Acc3_brainstem_GLP_1;Acc8_hippocampus_ST_A_Ex;Acc8_hippocampus_ST_A_Ex_KD
Lin7b,3,UP,3,0,0.4039951773410803,Acc3_brainstem_GLP_1;Acc8_hippocampus_ST_A_Ex;Acc8_hippocampus_ST_A_Ex_KD
Pgf,3,UP,3,0,0.4029079449743656,Acc3_brainstem_GLP_1;Acc5_pvn_IP118_PY115;Acc8_hippocampus_ST_A_Ex
Zmat2,3,UP,3,0,0.4019228425581259,Acc3_hypothalamus_GLP_1_MK_801;Acc8_hippocampus_ST_A_Ex;Acc8_hippocampus_ST_A_Ex_KD
Ppp1r11,3,UP,3,0,0.40139862790784786,Acc3_hypothalamus_GLP_1_MK_801;Acc8_hippocampus_ST_A_Ex;Acc8_hippocampus_ST_A_Ex_KD
Cstb,3,UP,2,1,0.4009693660119343,Acc3_brainstem_GLP_1_MK_801;Acc8_hippocampus_ST_A_Ex;Acc8_hippocampus_ST_A_Ex_KD
Ylpm1,3,UP,3,0,0.4005854526445201,Acc11_hippocampus_Ex4;Acc11_hippocampus_Ex4_mTBI;Acc3_brainstem_GLP_1_MK_801
Emilin2,3,UP,3,0,0.4002144827078867,Acc3_brainstem_GLP_1_MK_801;Acc3_hypothalamus_GLP_1_MK_801;Acc8_hippocampus_ST_A_Ex
Polr3d,3,UP,3,0,0.3997731550562695,Acc3_hypothalamus_GLP_1_MK_801;Acc8_hippocampus_ST_A_Ex;Acc8_hippocampus_ST_A_Ex_KD
Nme2,3,UP,2,1,0.39939338723508827,Acc3_brainstem_GLP_1_MK_801;Acc8_hippocampus_ST_A_Ex;Acc8_hippocampus_ST_A_Ex_KD
Gtf2h5,3,UP,3,0,0.39773058124982485,Acc8_frontalcortex_ST_A_Ex;Acc8_hippocampus_ST_A_Ex;Acc8_hippocampus_ST_A_Ex_KD
Gar1,3,UP,2,1,0.39673213242954425,Acc8_hippocampus_ST_A_Ex;Acc8_hippocampus_ST_A_Ex_KD;Acc8_hypothalamus_LT_A_Ex
Ai413582,3,UP,3,0,0.39633668912002523,Acc8_frontalcortex_YA_Ex;Acc8_hippocampus_ST_A_Ex;Acc8_hippocampus_ST_A_Ex_KD
Rp9,3,UP,3,0,0.39610626999447063,Acc3_brainstem_GLP_1;Acc8_hippocampus_ST_A_Ex;Acc8_hippocampus_ST_A_Ex_KD
Ccno,3,UP,3,0,0.39601584092871184,Acc10_hippocampus_Ex4_Pre_TBI;Acc8_hippocampus_ST_A_Ex;Acc8_hippocampus_ST_A_Ex_KD
Ndufs4,3,UP,3,0,0.39583224232591413,Acc11_hippocampus_Ex4_mTBI;Acc8_hippocampus_ST_A_Ex;Acc8_hippocampus_ST_A_Ex_KD
Pigyl,3,UP,3,0,0.3952330666085801,Acc3_brainstem_GLP_1;Acc8_hippocampus_ST_A_Ex;Acc8_hippocampus_ST_A_Ex_KD
Dgcr6,3,UP,3,0,0.3942611542177721,Acc3_brainstem_GLP_1;Acc8_hippocampus_ST_A_Ex;Acc8_hippocampus_ST_A_Ex_KD
Arhgef37,3,UP,3,0,0.39398430311516525,Acc3_hypothalamus_GLP_1_MK_801;Acc8_hippocampus_ST_A_Ex;Acc8_hippocampus_ST_A_Ex_KD
Erich3,3,UP,3,0,0.39359825135541415,Acc3_hypothalamus_GLP_1_MK_801;Acc8_hippocampus_ST_A_Ex;Acc8_hippocampus_ST_A_Ex_KD
Prkrip1,3,UP,3,0,0.3930363357112046,Acc3_brainstem_GLP_1;Acc8_hippocampus_ST_A_Ex;Acc8_hippocampus_ST_A_Ex_KD
Resp18,3,UP,3,0,0.3922549132291376,Acc3_brainstem_GLP_1;Acc8_hippocampus_ST_A_Ex;Acc8_hippocampus_ST_A_Ex_KD
Nudc,3,UP,3,0,0.39172838307209973,Acc3_hypothalamus_GLP_1_MK_801;Acc8_hippocampus_ST_A_Ex;Acc8_hippocampus_ST_A_Ex_KD
Hdgfl2,3,UP,3,0,0.39052587668445343,Acc3_hypothalamus_GLP_1_MK_801;Acc8_hippocampus_ST_A_Ex;Acc8_hippocampus_ST_A_Ex_KD
Ctnna3,3,UP,2,1,0.38764263006839456,Acc3_brainstem_GLP_1;Acc3_hypothalamus_conjugate_2;Acc8_hippocampus_ST_A_Ex
Prxl2b,3,UP,3,0,0.3864232794959257,Acc3_brainstem_GLP_1;Acc8_hippocampus_ST_A_Ex;Acc8_hippocampus_ST_A_Ex_KD
Ccdc107,3,UP,3,0,0.385035647912465,Acc3_brainstem_GLP_1;Acc8_hippocampus_ST_A_Ex;Acc8_hippocampus_ST_A_Ex_KD
Zfas1,3,UP,2,1,0.38464295948342664,Acc3_brainstem_GLP_1_MK_801;Acc8_hippocampus_ST_A_Ex;Acc8_hippocampus_ST_A_Ex_KD
Pde6d,3,UP,3,0,0.38375872184799503,Acc11_hippocampus_Ex4;Acc11_hippocampus_Ex4_mTBI;Acc8_hippocampus_ST_A_Ex
Polr1a,3,DOWN,1,2,0.38370016261833045,Acc10_hippocampus_Ex4_Po_t_TBI;Acc10_hippocampus_Ex4_Pre_TBI;Acc6_mbh_AC3174
Trnau1ap,3,UP,3,0,0.3801566371487762,Acc3_brainstem_GLP_1;Acc8_hippocampus_ST_A_Ex;Acc8_hippocampus_ST_A_Ex_KD
Fbl,3,UP,3,0,0.3798250701963708,Acc3_brainstem_GLP_1;Acc8_hippocampus_ST_A_Ex;Acc8_hippocampus_ST_A_Ex_KD
Taf15,3,UP,2,1,0.37940317552931346,Acc8_hippocampus_ST_A_Ex;Acc8_hippocampus_ST_A_Ex_KD;Acc8_hypothalamus_LT_A_Ex
Ubxn1,3,UP,3,0,0.37930162056848665,Acc3_hypothalamus_GLP_1_MK_801;Acc8_hippocampus_ST_A_Ex;Acc8_hippocampus_ST_A_Ex_KD
Pnma3,3,UP,3,0,0.3788806500553699,Acc8_frontalcortex_ST_A_Ex_KD;Acc8_hippocampus_ST_A_Ex;Acc8_hippocampus_ST_A_Ex_KD
Nme1,3,UP,3,0,0.3778484839933854,Acc3_brainstem_GLP_1;Acc8_hippocampus_ST_A_Ex;Acc8_hippocampus_ST_A_Ex_KD
Rpl31,3,UP,3,0,0.3775700543935674,Acc3_brainstem_GLP_1;Acc8_hippocampus_ST_A_Ex;Acc8_hippocampus_ST_A_Ex_KD
Gm1673,3,UP,3,0,0.3767925163196264,Acc3_brainstem_GLP_1;Acc8_frontalcortex_YA_Ex;Acc8_hippocampus_ST_A_Ex
Grpel1,3,UP,3,0,0.37665611936251947,Acc8_frontalcortex_ST_A_Ex;Acc8_hippocampus_ST_A_Ex;Acc8_hippocampus_ST_A_Ex_KD
Mrps15,3,UP,3,0,0.376426918732085,Acc3_hypothalamus_GLP_1_MK_801;Acc8_hippocampus_ST_A_Ex;Acc8_hippocampus_ST_A_Ex_KD
Bc005624,3,UP,3,0,0.37623225643679187,Acc3_hypothalamus_GLP_1_MK_801;Acc8_hippocampus_ST_A_Ex;Acc8_hippocampus_ST_A_Ex_KD
Loc115490443,3,UP,2,1,0.37517298125009785,Acc8_frontalcortex_ST_A_Ex_KD;Acc8_hippocampus_ST_A_Ex;Acc8_hippocampus_ST_A_Ex_KD
Egr4,3,DOWN,1,2,0.3746379637435593,Acc5_nts_IP118_PY115;Acc8_hippocampus_ST_A_Ex;Acc8_hypothalamus_LT_A_Ex
Tnip2,3,UP,3,0,0.3744527647583571,Acc3_brainstem_GLP_1;Acc8_hippocampus_ST_A_Ex;Acc8_hippocampus_ST_A_Ex_KD
Uba52,3,UP,3,0,0.37430629578455427,Acc3_brainstem_GLP_1;Acc8_hippocampus_ST_A_Ex;Acc8_hippocampus_ST_A_Ex_KD
Tmem141,3,UP,3,0,0.3725055997788773,Acc3_brainstem_GLP_1;Acc8_hippocampus_ST_A_Ex;Acc8_hippocampus_ST_A_Ex_KD
Pold4,3,UP,3,0,0.3697860878196666,Acc3_brainstem_GLP_1;Acc8_hippocampus_ST_A_Ex;Acc8_hippocampus_ST_A_Ex_KD
Paxx,3,UP,3,0,0.3688032992585819,Acc3_brainstem_GLP_1;Acc8_hippocampus_ST_A_Ex;Acc8_hippocampus_ST_A_Ex_KD
Rpl32,3,UP,3,0,0.3682769305712084,Acc3_brainstem_GLP_1;Acc8_hippocampus_ST_A_Ex;Acc8_hippocampus_ST_A_Ex_KD
Tmem11,3,UP,3,0,0.36784911912612056,Acc3_hypothalamus_GLP_1_MK_801;Acc8_hippocampus_ST_A_Ex;Acc8_hippocampus_ST_A_Ex_KD
Ndufaf3,3,UP,3,0,0.3647776496464316,Acc3_brainstem_GLP_1;Acc8_hippocampus_ST_A_Ex;Acc8_hippocampus_ST_A_Ex_KD
Snrpd2,3,UP,2,1,0.3646895283628009,Acc3_brainstem_GLP_1_MK_801;Acc8_hippocampus_ST_A_Ex;Acc8_hippocampus_ST_A_Ex_KD
Cenpv,3,UP,3,0,0.36420515230531486,Acc3_brainstem_GLP_1;Acc8_hippocampus_ST_A_Ex;Acc8_hippocampus_ST_A_Ex_KD
S100a1,3,UP,3,0,0.3620831233752293,Acc3_hypothalamus_GLP_1_MK_801;Acc8_hippocampus_ST_A_Ex;Acc8_hippocampus_ST_A_Ex_KD
Cox7b,3,UP,2,1,0.3610901939695686,Acc3_brainstem_GLP_1_MK_801;Acc8_hippocampus_ST_A_Ex;Acc8_hippocampus_ST_A_Ex_KD
Pcdhga7,3,UP,3,0,0.3608539492841998,Acc3_brainstem_GLP_1_MK_801;Acc3_hypothalamus_GLP_1_MK_801;Acc3_hypothalamus_conjugate_2
Pfdn5,3,UP,3,0,0.360170423664574,Acc3_brainstem_GLP_1;Acc8_hippocampus_ST_A_Ex;Acc8_hippocampus_ST_A_Ex_KD
Ring1,3,UP,3,0,0.3594743911650971,Acc3_brainstem_GLP_1;Acc8_hippocampus_ST_A_Ex;Acc8_hippocampus_ST_A_Ex_KD
Leng9,3,UP,3,0,0.35924327703487857,Acc3_brainstem_GLP_1;Acc8_hippocampus_ST_A_Ex;Acc8_hippocampus_ST_A_Ex_KD
Pnpla2,3,UP,3,0,0.35882801613814547,Acc3_brainstem_GLP_1;Acc3_hypothalamus_GLP_1_MK_801;Acc8_frontalcortex_YA_Ex
Polr2e,3,UP,3,0,0.35683409551943485,Acc3_hypothalamus_GLP_1_MK_801;Acc8_hippocampus_ST_A_Ex;Acc8_hippocampus_ST_A_Ex_KD
Bax,3,UP,3,0,0.3565963120038755,Acc3_brainstem_GLP_1;Acc8_hippocampus_ST_A_Ex;Acc8_hippocampus_ST_A_Ex_KD
Trmt112,3,UP,3,0,0.3564187159073397,Acc3_brainstem_GLP_1;Acc8_hippocampus_ST_A_Ex;Acc8_hippocampus_ST_A_Ex_KD
Nsfl1c,3,UP,3,0,0.35602749746288936,Acc3_hypothalamus_GLP_1_MK_801;Acc8_hippocampus_ST_A_Ex;Acc8_hippocampus_ST_A_Ex_KD
Uqcr10,3,UP,2,1,0.35480321609620774,Acc3_brainstem_GLP_1_MK_801;Acc8_hippocampus_ST_A_Ex;Acc8_hippocampus_ST_A_Ex_KD
Rps19bp1,3,UP,3,0,0.35394637760411435,Acc3_brainstem_GLP_1;Acc8_hippocampus_ST_A_Ex;Acc8_hippocampus_ST_A_Ex_KD
Ankrd24,3,UP,3,0,0.3497550083560487,Acc3_brainstem_GLP_1;Acc8_hippocampus_ST_A_Ex;Acc8_hippocampus_ST_A_Ex_KD
Angptl6,3,UP,3,0,0.3493000861143454,Acc3_brainstem_GLP_1;Acc8_hippocampus_ST_A_Ex;Acc8_hippocampus_ST_A_Ex_KD
Lrrc45,3,UP,3,0,0.34928416256309297,Acc3_brainstem_GLP_1;Acc8_hippocampus_ST_A_Ex;Acc8_hippocampus_ST_A_Ex_KD
Vapa,3,UP,2,1,0.3482386211847451,Acc11_hippocampus_Ex4;Acc11_hippocampus_Ex4_mTBI;Acc3_hypothalamus_GLP_1_MK_801
Zfp513,3,UP,3,0,0.34800264850890467,Acc3_hypothalamus_GLP_1_MK_801;Acc8_hippocampus_ST_A_Ex;Acc8_hippocampus_ST_A_Ex_KD
Dusp26,3,UP,3,0,0.347943501372675,Acc6_dvc_COMBO;Acc8_hippocampus_ST_A_Ex;Acc8_hippocampus_ST_A_Ex_KD
Os9,3,UP,3,0,0.3476371243753422,Acc3_hypothalamus_GLP_1_MK_801;Acc8_hippocampus_ST_A_Ex;Acc8_hippocampus_ST_A_Ex_KD
Snrnp25,3,UP,3,0,0.34758029767324966,Acc3_brainstem_GLP_1;Acc8_hippocampus_ST_A_Ex;Acc8_hippocampus_ST_A_Ex_KD
Psmg3,3,UP,3,0,0.3471576352618895,Acc3_brainstem_GLP_1;Acc8_hippocampus_ST_A_Ex;Acc8_hippocampus_ST_A_Ex_KD
Mrpl14,3,UP,2,1,0.34665871931161973,Acc3_brainstem_GLP_1_MK_801;Acc8_hippocampus_ST_A_Ex;Acc8_hippocampus_ST_A_Ex_KD
Tmem203,3,UP,3,0,0.34639054285806875,Acc11_hippocampus_Ex4;Acc11_hippocampus_Ex4_mTBI;Acc8_hippocampus_ST_A_Ex
Snrpd1,3,UP,3,0,0.3461242690277051,Acc3_brainstem_GLP_1;Acc8_hippocampus_ST_A_Ex;Acc8_hippocampus_ST_A_Ex_KD
Mchr1,3,UP,3,0,0.34561345841922736,Acc3_brainstem_GLP_1;Acc8_hippocampus_ST_A_Ex;Acc8_hippocampus_ST_A_Ex_KD
Tbca,3,UP,2,1,0.34555582538559126,Acc3_brainstem_GLP_1_MK_801;Acc8_hippocampus_ST_A_Ex;Acc8_hippocampus_ST_A_Ex_KD
H2aj,3,UP,2,1,0.3452862356980235,Acc3_brainstem_GLP_1_MK_801;Acc8_hippocampus_ST_A_Ex;Acc8_hippocampus_ST_A_Ex_KD
Psmb10,3,UP,3,0,0.34379835380160667,Acc3_brainstem_GLP_1;Acc8_hippocampus_ST_A_Ex;Acc8_hippocampus_ST_A_Ex_KD
Ndufb10,3,UP,3,0,0.3432106721996118,Acc3_brainstem_GLP_1;Acc8_hippocampus_ST_A_Ex;Acc8_hippocampus_ST_A_Ex_KD
Oard1,3,UP,3,0,0.343049448521724,Acc8_frontalcortex_ST_A_Ex;Acc8_hippocampus_ST_A_Ex;Acc8_hippocampus_ST_A_Ex_KD
Bc029722,3,UP,3,0,0.34281006593345326,Acc3_hypothalamus_GLP_1_MK_801;Acc8_hippocampus_ST_A_Ex;Acc8_hippocampus_ST_A_Ex_KD
Proca1,3,UP,3,0,0.3425204838002423,Acc3_brainstem_GLP_1;Acc3_hypothalamus_GLP_1_MK_801;Acc8_hippocampus_ST_A_Ex_KD
Rbmxl1,3,UP,3,0,0.3414675788887678,Acc5_pvn_IP118_PY115;Acc8_hippocampus_ST_A_Ex;Acc8_hippocampus_ST_A_Ex_KD
Enkd1,3,UP,3,0,0.34131678015489003,Acc3_brainstem_GLP_1;Acc8_hippocampus_ST_A_Ex;Acc8_hippocampus_ST_A_Ex_KD
Ak1,3,UP,3,0,0.34053515550413355,Acc11_hippocampus_Ex4_mTBI;Acc8_hippocampus_ST_A_Ex;Acc8_hippocampus_ST_A_Ex_KD
Spag9,3,UP,3,0,0.3400058551740768,Acc11_hippocampus_Ex4;Acc11_hippocampus_Ex4_mTBI;Acc3_brainstem_GLP_1_MK_801
Anp32a,3,UP,3,0,0.3395295726147564,Acc11_hippocampus_Ex4;Acc11_hippocampus_Ex4_mTBI;Acc8_hippocampus_ST_A_Ex_KD
Cox6a1,3,UP,2,1,0.33800058185460546,Acc3_brainstem_GLP_1_MK_801;Acc8_hippocampus_ST_A_Ex;Acc8_hippocampus_ST_A_Ex_KD
Smim11,3,UP,2,1,0.33794842450849066,Acc3_brainstem_GLP_1_MK_801;Acc8_hippocampus_ST_A_Ex;Acc8_hippocampus_ST_A_Ex_KD
Gucy1a2,3,UP,2,1,0.337574939510709,Acc3_brainstem_GLP_1;Acc3_brainstem_GLP_1_MK_801;Acc3_hypothalamus_conjugate_2
Aldh2,3,UP,3,0,0.3374935613969577,Acc3_hypothalamus_GLP_1_MK_801;Acc8_hippocampus_ST_A_Ex;Acc8_hippocampus_ST_A_Ex_KD
9330133o14rik,3,UP,3,0,0.33714713632411303,Acc8_frontalcortex_ST_A_Ex;Acc8_hippocampus_ST_A_Ex;Acc8_hippocampus_ST_A_Ex_KD
Amdhd2,3,UP,3,0,0.3355760567428027,Acc10_hippocampus_Ex4_Po_t_TBI;Acc8_hippocampus_ST_A_Ex;Acc8_hippocampus_ST_A_Ex_KD
Dclre1b,3,UP,3,0,0.3336607157159568,Acc10_hippocampus_Ex4_Pre_TBI;Acc3_brainstem_GLP_1;Acc3_brainstem_GLP_1_MK_801
Mad1l1,3,UP,3,0,0.33247750611565746,Acc3_hypothalamus_GLP_1_MK_801;Acc8_hippocampus_ST_A_Ex;Acc8_hippocampus_ST_A_Ex_KD
Sdhaf1,3,UP,3,0,0.33227728391000144,Acc3_brainstem_GLP_1;Acc8_hippocampus_ST_A_Ex;Acc8_hippocampus_ST_A_Ex_KD
Nudt16l1,3,UP,3,0,0.3318173082098594,Acc3_brainstem_GLP_1;Acc8_hippocampus_ST_A_Ex;Acc8_hippocampus_ST_A_Ex_KD
Setd6,3,UP,3,0,0.3310166444809915,Acc3_brainstem_GLP_1;Acc8_hippocampus_ST_A_Ex;Acc8_hippocampus_ST_A_Ex_KD
Snrpg,3,UP,2,1,0.3296687671257059,Acc3_brainstem_GLP_1_MK_801;Acc8_hippocampus_ST_A_Ex;Acc8_hippocampus_ST_A_Ex_KD
Csrp1,3,UP,3,0,0.32943860103021366,Acc3_hypothalamus_GLP_1_MK_801;Acc8_hippocampus_ST_A_Ex;Acc8_hippocampus_ST_A_Ex_KD
Timm8b,3,UP,2,1,0.32809422043440595,Acc3_brainstem_GLP_1_MK_801;Acc8_hippocampus_ST_A_Ex;Acc8_hippocampus_ST_A_Ex_KD
Ddx3x,3,UP,2,1,0.32750931722725196,Acc11_hippocampus_Ex4;Acc11_hippocampus_Ex4_mTBI;Acc3_brainstem_GLP_1
Nelfe,3,UP,3,0,0.3265379956464026,Acc3_hypothalamus_GLP_1_MK_801;Acc8_hippocampus_ST_A_Ex;Acc8_hippocampus_ST_A_Ex_KD
Cdh8,3,UP,3,0,0.3256365016183387,Acc11_hippocampus_Ex4;Acc11_hippocampus_Ex4_mTBI;Acc3_hypothalamus_conjugate_2
R3hdm2,3,UP,2,1,0.32520188691632573,Acc11_hippocampus_Ex4;Acc11_hippocampus_Ex4_mTBI;Acc8_hippocampus_ST_A_Ex
Nabp2,3,UP,3,0,0.32478902602953114,Acc3_hypothalamus_GLP_1_MK_801;Acc8_hippocampus_ST_A_Ex;Acc8_hippocampus_ST_A_Ex_KD
Cox7a2,3,UP,3,0,0.3223429579634873,Acc3_brainstem_GLP_1;Acc8_hippocampus_ST_A_Ex;Acc8_hippocampus_ST_A_Ex_KD
Hirip3,3,UP,2,1,0.32227196064932434,Acc8_hippocampus_ST_A_Ex;Acc8_hippocampus_ST_A_Ex_KD;Acc8_hypothalamus_LT_A_Ex
Tnik,3,UP,3,0,0.3222521413659017,Acc3_brainstem_GLP_1_MK_801;Acc8_hippocampus_ST_A_Ex;Acc8_hippocampus_ST_A_Ex_KD
Mrpl53,3,UP,3,0,0.32206845770778925,Acc3_brainstem_GLP_1;Acc8_hippocampus_ST_A_Ex;Acc8_hippocampus_ST_A_Ex_KD
Sorbs1,3,UP,3,0,0.3213707211938591,Acc3_brainstem_GLP_1_MK_801;Acc3_hypothalamus_GLP_1_MK_801;Acc3_hypothalamus_conjugate_2
2810029c07rik,3,UP,3,0,0.3208884360421426,Acc3_brainstem_GLP_1;Acc3_hypothalamus_GLP_1_MK_801;Acc8_hippocampus_ST_A_Ex
Ccdc85b,3,UP,3,0,0.3201777586022128,Acc3_brainstem_GLP_1;Acc8_hippocampus_ST_A_Ex;Acc8_hippocampus_ST_A_Ex_KD
Grin2b,3,UP,3,0,0.32005171117562775,Acc3_brainstem_GLP_1_MK_801;Acc3_hypothalamus_conjugate_2;Acc8_hippocampus_ST_A_Ex_KD
Zc3h7a,3,UP,3,0,0.3192708707427719,Acc11_hippocampus_Ex4;Acc11_hippocampus_Ex4_mTBI;Acc8_hypothalamus_LT_A_Ex
Ppie,3,UP,3,0,0.3171707114246953,Acc3_brainstem_GLP_1;Acc8_hippocampus_ST_A_Ex;Acc8_hippocampus_ST_A_Ex_KD
Tmem208,3,UP,3,0,0.3156704012261897,Acc3_brainstem_GLP_1;Acc8_hippocampus_ST_A_Ex;Acc8_hippocampus_ST_A_Ex_KD
Rpl13,3,UP,3,0,0.3156045906203208,Acc3_brainstem_GLP_1;Acc8_hippocampus_ST_A_Ex;Acc8_hippocampus_ST_A_Ex_KD
Smim4,3,UP,2,1,0.3155287820806339,Acc3_brainstem_GLP_1_MK_801;Acc8_hippocampus_ST_A_Ex;Acc8_hippocampus_ST_A_Ex_KD
Timm23,3,UP,3,0,0.3152502287202415,Acc3_hypothalamus_GLP_1_MK_801;Acc8_hippocampus_ST_A_Ex;Acc8_hippocampus_ST_A_Ex_KD
Lamb3,3,UP,2,1,0.31440046061034604,Acc8_hippocampus_ST_A_Ex;Acc8_hippocampus_ST_A_Ex_KD;Acc8_hypothalamus_LT_A_Ex
Mpnd,3,UP,3,0,0.3133286304504252,Acc3_brainstem_GLP_1;Acc8_hippocampus_ST_A_Ex;Acc8_hippocampus_ST_A_Ex_KD
Cmtm3,3,UP,3,0,0.312936638544939,Acc3_brainstem_GLP_1;Acc3_hypothalamus_GLP_1_MK_801;Acc8_hippocampus_ST_A_Ex
Rtkn,3,UP,3,0,0.3116992237793199,Acc3_hypothalamus_GLP_1_MK_801;Acc8_frontalcortex_ST_A_Ex;Acc8_hippocampus_ST_A_Ex
Coa3,3,UP,3,0,0.31147245217363223,Acc3_brainstem_GLP_1;Acc8_hippocampus_ST_A_Ex;Acc8_hippocampus_ST_A_Ex_KD
Polr2j,3,UP,2,1,0.31119475071831765,Acc3_brainstem_GLP_1_MK_801;Acc8_hippocampus_ST_A_Ex;Acc8_hippocampus_ST_A_Ex_KD
2810025m15rik,3,UP,3,0,0.3106204403279899,Acc3_brainstem_GLP_1;Acc8_hippocampus_ST_A_Ex;Acc8_hippocampus_ST_A_Ex_KD
Enho,3,UP,3,0,0.31016700308689843,Acc3_brainstem_GLP_1;Acc8_hippocampus_ST_A_Ex;Acc8_hippocampus_ST_A_Ex_KD
Ftsj3,3,UP,3,0,0.30985413546764135,Acc11_hippocampus_Ex4;Acc11_hippocampus_Ex4_mTBI;Acc8_frontalcortex_LT_A_Ex
Mrpl11,3,UP,3,0,0.3088031087900584,Acc3_brainstem_GLP_1;Acc8_hippocampus_ST_A_Ex;Acc8_hippocampus_ST_A_Ex_KD
Rps10,3,UP,3,0,0.30780367833813743,Acc3_brainstem_GLP_1;Acc8_hippocampus_ST_A_Ex;Acc8_hippocampus_ST_A_Ex_KD
Sec14l2,3,UP,3,0,0.30688289352291115,Acc11_hippocampus_Ex4_mTBI;Acc8_hippocampus_ST_A_Ex;Acc8_hippocampus_ST_A_Ex_KD
Agfg2,3,UP,3,0,0.3058012954650319,Acc5_arc_IP118_PY115;Acc8_hippocampus_ST_A_Ex;Acc8_hippocampus_ST_A_Ex_KD
Cck,3,UP,3,0,0.3057318668624032,Acc8_frontalcortex_YA_Ex;Acc8_hippocampus_ST_A_Ex;Acc8_hippocampus_ST_A_Ex_KD
Pced1a,3,UP,3,0,0.30562934422567073,Acc3_hypothalamus_GLP_1_MK_801;Acc8_hippocampus_ST_A_Ex;Acc8_hippocampus_ST_A_Ex_KD
Timm10b,3,UP,3,0,0.30546147479894875,Acc3_brainstem_GLP_1;Acc8_hippocampus_ST_A_Ex;Acc8_hippocampus_ST_A_Ex_KD
Elob,3,UP,3,0,0.3051032893369483,Acc3_brainstem_GLP_1;Acc8_hippocampus_ST_A_Ex;Acc8_hippocampus_ST_A_Ex_KD
Tspyl2,3,UP,3,0,0.30504290030690323,Acc3_hypothalamus_GLP_1_MK_801;Acc8_hippocampus_ST_A_Ex;Acc8_hippocampus_ST_A_Ex_KD
D330050i16rik,3,UP,2,1,0.30502022021326664,Acc8_hippocampus_ST_A_Ex;Acc8_hippocampus_ST_A_Ex_KD;Acc8_hypothalamus_LT_A_Ex
Znhit2,3,UP,3,0,0.30497629361700235,Acc3_brainstem_GLP_1;Acc3_hypothalamus_GLP_1_MK_801;Acc8_hippocampus_ST_A_Ex
Znrd2,3,UP,3,0,0.30450251208017204,Acc3_brainstem_GLP_1;Acc8_hippocampus_ST_A_Ex;Acc8_hippocampus_ST_A_Ex_KD
Rps18,3,UP,2,1,0.30352881976762885,Acc3_brainstem_GLP_1_MK_801;Acc8_hippocampus_ST_A_Ex;Acc8_hippocampus_ST_A_Ex_KD
Kcnj4,3,UP,3,0,0.3034910772785095,Acc8_frontalcortex_ST_A_Ex;Acc8_hippocampus_ST_A_Ex;Acc8_hippocampus_ST_A_Ex_KD
Gm48551,3,UP,3,0,0.298384204743933,Acc3_brainstem_GLP_1;Acc8_hippocampus_ST_A_Ex;Acc8_hippocampus_ST_A_Ex_KD
Mrpl47,3,UP,3,0,0.298070362206845,Acc11_hippocampus_Ex4;Acc8_hippocampus_ST_A_Ex;Acc8_hippocampus_ST_A_Ex_KD
Mafk,3,UP,3,0,0.29751110267780606,Acc3_brainstem_GLP_1;Acc8_hippocampus_ST_A_Ex;Acc8_hippocampus_ST_A_Ex_KD
Rpl19,3,UP,3,0,0.29748320933816846,Acc3_brainstem_GLP_1;Acc8_hippocampus_ST_A_Ex;Acc8_hippocampus_ST_A_Ex_KD
Fam162a,3,UP,3,0,0.2969914239388478,Acc3_brainstem_GLP_1;Acc8_hippocampus_ST_A_Ex;Acc8_hippocampus_ST_A_Ex_KD
Apex1,3,UP,3,0,0.2967536338842219,Acc11_hippocampus_Ex4;Acc3_hypothalamus_GLP_1_MK_801;Acc8_hippocampus_ST_A_Ex
Ndufb5,3,UP,3,0,0.2962564459355463,Acc11_hippocampus_Ex4_mTBI;Acc3_brainstem_GLP_1;Acc8_hippocampus_ST_A_Ex
Arl6ip4,3,UP,2,1,0.29600768323878407,Acc11_hippocampus_Ex4;Acc8_hippocampus_ST_A_Ex;Acc8_hippocampus_ST_A_Ex_KD
Sptb,3,UP,3,0,0.2959059089454499,Acc3_brainstem_GLP_1_MK_801;Acc3_hypothalamus_GLP_1_MK_801;Acc3_hypothalamus_conjugate_2
Mrps10,3,UP,3,0,0.2951170926291872,Acc11_hippocampus_Ex4;Acc8_hippocampus_ST_A_Ex;Acc8_hippocampus_ST_A_Ex_KD
Ndufv3,3,UP,2,1,0.2934175554294771,Acc3_brainstem_GLP_1_MK_801;Acc8_hippocampus_ST_A_Ex;Acc8_hippocampus_ST_A_Ex_KD
Dock3,3,UP,3,0,0.29288901149892294,Acc3_brainstem_GLP_1_MK_801;Acc3_hypothalamus_GLP_1_MK_801;Acc3_hypothalamus_conjugate_2
Mxi1,3,UP,2,1,0.29256702425834696,Acc11_hippocampus_Ex4;Acc11_hippocampus_Ex4_mTBI;Acc8_hippocampus_ST_A_Ex
Tpst2,3,UP,3,0,0.29207084778791076,Acc3_accumbens_GLP_1;Acc8_hippocampus_ST_A_Ex;Acc8_hippocampus_ST_A_Ex_KD
Zfp707,3,UP,3,0,0.29097471465624175,Acc3_hypothalamus_GLP_1_MK_801;Acc8_hippocampus_ST_A_Ex;Acc8_hippocampus_ST_A_Ex_KD
Gsta4,3,UP,3,0,0.2900831288479866,Acc3_hypothalamus_GLP_1_MK_801;Acc8_hippocampus_ST_A_Ex;Acc8_hippocampus_ST_A_Ex_KD
Gale,3,UP,2,1,0.2890984667503282,Acc3_brainstem_GLP_1_MK_801;Acc8_hippocampus_ST_A_Ex;Acc8_hippocampus_ST_A_Ex_KD
Ercc1,3,UP,3,0,0.28785402522127107,Acc3_brainstem_GLP_1;Acc8_hippocampus_ST_A_Ex;Acc8_hippocampus_ST_A_Ex_KD
Tarbp2,3,UP,3,0,0.2866057306895256,Acc3_brainstem_GLP_1;Acc8_hippocampus_ST_A_Ex;Acc8_hippocampus_ST_A_Ex_KD
Hmgn2,3,UP,3,0,0.28624798617109953,Acc8_hippocampus_ST_A_Ex;Acc8_hippocampus_ST_A_Ex_KD;Acc8_hypothalamus_LT_A_Ex
Cox6b1,3,UP,2,1,0.2861525997014395,Acc3_brainstem_GLP_1_MK_801;Acc8_hippocampus_ST_A_Ex;Acc8_hippocampus_ST_A_Ex_KD
Gmpr,3,UP,3,0,0.2855553936660124,Acc3_hypothalamus_GLP_1_MK_801;Acc8_hippocampus_ST_A_Ex;Acc8_hippocampus_ST_A_Ex_KD
Sbsn,3,UP,3,0,0.28552606326365515,Acc3_brainstem_GLP_1;Acc8_hippocampus_ST_A_Ex;Acc8_hippocampus_ST_A_Ex_KD
Fuom,3,UP,3,0,0.2834283990155381,Acc3_brainstem_GLP_1;Acc8_hippocampus_ST_A_Ex;Acc8_hippocampus_ST_A_Ex_KD
Tsfm,3,UP,3,0,0.28307240071891,Acc3_brainstem_GLP_1;Acc8_hippocampus_ST_A_Ex;Acc8_hippocampus_ST_A_Ex_KD
2210016l21rik,3,UP,3,0,0.28116164769122703,Acc3_hypothalamus_GLP_1_MK_801;Acc8_hippocampus_ST_A_Ex;Acc8_hippocampus_ST_A_Ex_KD
Cfdp1,3,UP,3,0,0.28098235820661127,Acc3_hypothalamus_GLP_1_MK_801;Acc8_hippocampus_ST_A_Ex;Acc8_hippocampus_ST_A_Ex_KD
Bola3,3,UP,3,0,0.2805653992327486,Acc3_hypothalamus_GLP_1_MK_801;Acc8_hippocampus_ST_A_Ex;Acc8_hippocampus_ST_A_Ex_KD
Znhit6,3,UP,3,0,0.27872315922618623,Acc5_pvn_IP118_PY115;Acc8_hippocampus_ST_A_Ex;Acc8_hippocampus_ST_A_Ex_KD
Rpl18a,3,UP,3,0,0.27861687779625727,Acc3_hypothalamus_GLP_1_MK_801;Acc8_hippocampus_ST_A_Ex;Acc8_hippocampus_ST_A_Ex_KD
Nkain4,3,UP,3,0,0.2785497862356729,Acc3_brainstem_GLP_1;Acc8_hippocampus_ST_A_Ex;Acc8_hippocampus_ST_A_Ex_KD
Apbb3,3,UP,3,0,0.27832612114686833,Acc8_frontalcortex_ST_A_Ex_KD;Acc8_hippocampus_ST_A_Ex;Acc8_hippocampus_ST_A_Ex_KD
Mat2a,3,UP,2,1,0.27827051905000005,Acc10_hippocampus_Ex4_Po_t_TBI;Acc11_hippocampus_Ex4;Acc11_hippocampus_Ex4_mTBI
Snf8,3,UP,3,0,0.2781701574529592,Acc3_brainstem_GLP_1;Acc8_hippocampus_ST_A_Ex;Acc8_hippocampus_ST_A_Ex_KD
Cox4i1,3,UP,2,1,0.2775939141303934,Acc3_brainstem_GLP_1_MK_801;Acc8_hippocampus_ST_A_Ex;Acc8_hippocampus_ST_A_Ex_KD
Gpank1,3,UP,3,0,0.27643620685029374,Acc3_brainstem_GLP_1;Acc8_hippocampus_ST_A_Ex;Acc8_hippocampus_ST_A_Ex_KD
Jmjd8,3,UP,3,0,0.2762350115379447,Acc3_hypothalamus_GLP_1_MK_801;Acc8_hippocampus_ST_A_Ex;Acc8_hippocampus_ST_A_Ex_KD
Thra,3,UP,3,0,0.2756615017880875,Acc3_hypothalamus_GLP_1_MK_801;Acc8_hippocampus_ST_A_Ex;Acc8_hippocampus_ST_A_Ex_KD
Ankrd35,3,UP,2,1,0.2753961366367393,Acc8_hippocampus_ST_A_Ex;Acc8_hippocampus_ST_A_Ex_KD;Acc8_hypothalamus_LT_A_Ex
Ppp2r2c,3,UP,2,1,0.2752792560990876,Acc11_hippocampus_Ex4;Acc11_hippocampus_Ex4_mTBI;Acc8_hypothalamus_LT_A_Ex
Prrt2,3,UP,3,0,0.274852715782229,Acc3_hypothalamus_GLP_1_MK_801;Acc8_hippocampus_ST_A_Ex;Acc8_hippocampus_ST_A_Ex_KD
Hmox2,3,UP,3,0,0.2746793626663254,Acc3_hypothalamus_GLP_1_MK_801;Acc8_hippocampus_ST_A_Ex;Acc8_hippocampus_ST_A_Ex_KD
Cemip2,3,UP,3,0,0.27454711705750035,Acc3_brainstem_GLP_1_MK_801;Acc8_hippocampus_ST_A_Ex;Acc8_hippocampus_ST_A_Ex_KD
Elmsan1,3,UP,3,0,0.2745127204946479,Acc3_accumbens_GLP_1;Acc3_brainstem_GLP_1_MK_801;Acc3_hypothalamus_GLP_1_MK_801
Hint1,3,UP,2,1,0.27305623986528965,Acc3_brainstem_GLP_1_MK_801;Acc8_hippocampus_ST_A_Ex;Acc8_hippocampus_ST_A_Ex_KD
Ntpcr,3,UP,3,0,0.27067154819394407,Acc8_frontalcortex_ST_A_Ex;Acc8_hippocampus_ST_A_Ex;Acc8_hippocampus_ST_A_Ex_KD
Psmc5,3,UP,3,0,0.270420601424532,Acc3_brainstem_GLP_1;Acc8_hippocampus_ST_A_Ex;Acc8_hippocampus_ST_A_Ex_KD
Bcl2l1,3,UP,3,0,0.2702204723339087,Acc3_brainstem_GLP_1;Acc3_hypothalamus_GLP_1_MK_801;Acc5_pvn_IP118_PY115
2310011j03rik,3,UP,3,0,0.2699933862371501,Acc11_hippocampus_Ex4_mTBI;Acc8_hippocampus_ST_A_Ex;Acc8_hippocampus_ST_A_Ex_KD
Rps17,3,UP,2,1,0.2698115776703801,Acc3_brainstem_GLP_1_MK_801;Acc8_hippocampus_ST_A_Ex;Acc8_hippocampus_ST_A_Ex_KD
Etfb,3,UP,2,1,0.2697844899204617,Acc3_brainstem_GLP_1_MK_801;Acc8_hippocampus_ST_A_Ex;Acc8_hippocampus_ST_A_Ex_KD
Kpnb1,3,UP,2,1,0.2680651530482063,Acc11_hippocampus_Ex4;Acc11_hippocampus_Ex4_mTBI;Acc8_hippocampus_ST_A_Ex
Cnpy3,3,UP,3,0,0.26784628784032355,Acc3_hypothalamus_GLP_1_MK_801;Acc8_hippocampus_ST_A_Ex;Acc8_hippocampus_ST_A_Ex_KD
Adam9,3,UP,2,1,0.26774179140178694,Acc11_hippocampus_Ex4;Acc11_hippocampus_Ex4_mTBI;Acc3_brainstem_GLP_1
Paf1,3,UP,3,0,0.26772970625463577,Acc3_hypothalamus_GLP_1_MK_801;Acc8_hippocampus_ST_A_Ex;Acc8_hippocampus_ST_A_Ex_KD
Ociad2,3,UP,3,0,0.267570547358239,Acc5_pvn_IP118_PY115;Acc8_hippocampus_ST_A_Ex;Acc8_hippocampus_ST_A_Ex_KD
Vti1b,3,UP,3,0,0.2663866125527395,Acc3_hypothalamus_GLP_1_MK_801;Acc8_hippocampus_ST_A_Ex;Acc8_hippocampus_ST_A_Ex_KD
Dixdc1,3,UP,2,1,0.2660621480870741,Acc11_hippocampus_Ex4;Acc11_hippocampus_Ex4_mTBI;Acc8_hippocampus_ST_A_Ex
Nol3,3,UP,3,0,0.26487836372004775,Acc3_hypothalamus_GLP_1_MK_801;Acc8_hippocampus_ST_A_Ex;Acc8_hippocampus_ST_A_Ex_KD
Celf2,3,UP,2,1,0.2648777114576525,Acc11_hippocampus_Ex4;Acc11_hippocampus_Ex4_mTBI;Acc8_hippocampus_ST_A_Ex
Rps11,3,UP,3,0,0.26436553350613634,Acc3_brainstem_GLP_1;Acc8_hippocampus_ST_A_Ex;Acc8_hippocampus_ST_A_Ex_KD
Gm10221,3,UP,2,1,0.2639701683922336,Acc3_brainstem_GLP_1;Acc3_brainstem_GLP_1_MK_801;Acc3_hypothalamus_GLP_1_MK_801
Caly,3,UP,3,0,0.2637574818706181,Acc3_brainstem_GLP_1;Acc3_hypothalamus_GLP_1_MK_801;Acc8_hippocampus_ST_A_Ex_KD
Smarcal1,3,UP,3,0,0.26331656859140845,Acc3_brainstem_GLP_1_MK_801;Acc3_hypothalamus_GLP_1_MK_801;Acc3_hypothalamus_conjugate_2
Rpl27,3,UP,2,1,0.2610503213608994,Acc3_brainstem_GLP_1_MK_801;Acc8_hippocampus_ST_A_Ex;Acc8_hippocampus_ST_A_Ex_KD
Bola1,3,UP,2,1,0.2598167130341993,Acc3_brainstem_GLP_1_MK_801;Acc8_hippocampus_ST_A_Ex;Acc8_hippocampus_ST_A_Ex_KD
Rplp1,3,UP,3,0,0.25816375054112944,Acc3_brainstem_GLP_1;Acc3_hypothalamus_GLP_1_MK_801;Acc8_hippocampus_ST_A_Ex
Cyb5d1,3,UP,3,0,0.2574334759201009,Acc3_brainstem_GLP_1_MK_801;Acc3_hypothalamus_GLP_1_MK_801;Acc3_hypothalamus_conjugate_2
Tekt4,3,UP,2,1,0.2556160396629551,Acc3_hypothalamus_GLP_1_MK_801;Acc5_pvn_IP118_PY115;Acc8_hypothalamus_LT_A_Ex
Kptn,3,UP,3,0,0.2553824484467726,Acc3_brainstem_GLP_1;Acc8_hippocampus_ST_A_Ex;Acc8_hippocampus_ST_A_Ex_KD
Bad,3,UP,2,1,0.25503106451378604,Acc3_brainstem_GLP_1_MK_801;Acc8_hippocampus_ST_A_Ex;Acc8_hippocampus_ST_A_Ex_KD
Snn,3,UP,3,0,0.25500141338557275,Acc8_frontalcortex_ST_A_Ex;Acc8_hippocampus_ST_A_Ex;Acc8_hippocampus_ST_A_Ex_KD
Tssc4,3,UP,2,1,0.25364053076508974,Acc3_brainstem_GLP_1_MK_801;Acc8_hippocampus_ST_A_Ex;Acc8_hippocampus_ST_A_Ex_KD
Spcs1,3,UP,2,1,0.25251166768068867,Acc3_brainstem_GLP_1_MK_801;Acc8_hippocampus_ST_A_Ex;Acc8_hippocampus_ST_A_Ex_KD
B9d1,3,UP,2,1,0.25125827328737665,Acc3_brainstem_GLP_1_MK_801;Acc8_hippocampus_ST_A_Ex;Acc8_hippocampus_ST_A_Ex_KD
Uxs1,3,UP,3,0,0.24476481685556997,Acc8_hippocampus_ST_A_Ex;Acc8_hippocampus_ST_A_Ex_KD;Acc8_hypothalamus_LT_A_Ex
Avpi1,3,UP,2,1,0.24421759814291663,Acc3_brainstem_GLP_1_MK_801;Acc8_hippocampus_ST_A_Ex;Acc8_hippocampus_ST_A_Ex_KD
Rsrp1,3,UP,3,0,0.24319460619189706,Acc3_accumbens_GLP_1;Acc3_accumbens_GLP_1_MK_801;Acc3_brainstem_GLP_1
Snrnp200,3,UP,3,0,0.24182845514659115,Acc11_hippocampus_Ex4_mTBI;Acc3_brainstem_GLP_1_MK_801;Acc3_hypothalamus_GLP_1_MK_801
Pcmtd2,3,UP,2,1,0.24047609166673323,Acc11_hippocampus_Ex4;Acc11_hippocampus_Ex4_mTBI;Acc3_hypothalamus_GLP_1_MK_801
Prpf8,3,UP,3,0,0.24007833376960075,Acc3_brainstem_GLP_1_MK_801;Acc3_hypothalamus_GLP_1_MK_801;Acc3_hypothalamus_conjugate_2
Pqbp1,3,UP,3,0,0.239947313971815,Acc3_hypothalamus_GLP_1_MK_801;Acc8_hippocampus_ST_A_Ex;Acc8_hippocampus_ST_A_Ex_KD
Slc38a2,3,UP,2,1,0.23994579284984718,Acc11_hippocampus_Ex4;Acc11_hippocampus_Ex4_mTBI;Acc8_hippocampus_ST_A_Ex
Pfn1,3,UP,3,0,0.23655042857193473,Acc3_hypothalamus_GLP_1_MK_801;Acc8_hippocampus_ST_A_Ex;Acc8_hippocampus_ST_A_Ex_KD
Atp5j,3,UP,2,1,0.23637769012260787,Acc3_brainstem_GLP_1_MK_801;Acc8_hippocampus_ST_A_Ex;Acc8_hippocampus_ST_A_Ex_KD
Usf2,3,UP,3,0,0.2363750602534321,Acc11_hippocampus_Ex4_mTBI;Acc3_hypothalamus_GLP_1_MK_801;Acc8_hippocampus_ST_A_Ex
Fkbpl,3,UP,2,1,0.2352122844294187,Acc3_brainstem_GLP_1_MK_801;Acc8_hippocampus_ST_A_Ex;Acc8_hippocampus_ST_A_Ex_KD
Ppia,3,UP,2,1,0.23466665427794783,Acc3_brainstem_GLP_1_MK_801;Acc8_hippocampus_ST_A_Ex;Acc8_hippocampus_ST_A_Ex_KD
Kri1,3,UP,3,0,0.23385398499791257,Acc3_hypothalamus_GLP_1_MK_801;Acc8_hippocampus_ST_A_Ex;Acc8_hippocampus_ST_A_Ex_KD
Smc3,3,UP,2,1,0.23257113460822443,Acc11_hippocampus_Ex4;Acc11_hippocampus_Ex4_mTBI;Acc8_hippocampus_ST_A_Ex
Bptf,3,UP,3,0,0.2315867815176158,Acc3_brainstem_GLP_1_MK_801;Acc3_hypothalamus_GLP_1_MK_801;Acc3_hypothalamus_conjugate_2
Dpysl4,3,UP,3,0,0.2297532700716457,Acc3_brainstem_GLP_1;Acc8_hippocampus_ST_A_Ex;Acc8_hippocampus_ST_A_Ex_KD
Tppp,3,UP,2,1,0.22972458352257888,Acc11_hippocampus_Ex4;Acc11_hippocampus_Ex4_mTBI;Acc3_brainstem_GLP_1
Syna,3,UP,2,1,0.22916199812563734,Acc8_frontalcortex_ST_A_Ex;Acc8_frontalcortex_ST_A_Ex_KD;Acc8_hypothalamus_LT_A_Ex
Mvb12a,3,UP,2,1,0.22745454333583082,Acc3_brainstem_GLP_1_MK_801;Acc8_hippocampus_ST_A_Ex;Acc8_hippocampus_ST_A_Ex_KD
Rpl29,3,UP,2,1,0.22720089502764798,Acc3_brainstem_GLP_1_MK_801;Acc8_hippocampus_ST_A_Ex;Acc8_hippocampus_ST_A_Ex_KD
Zfp235,3,UP,3,0,0.22652048440419956,Acc11_hippocampus_Ex4_mTBI;Acc8_hippocampus_ST_A_Ex;Acc8_hippocampus_ST_A_Ex_KD
Tsn,3,UP,2,1,0.2253451186018757,Acc11_hippocampus_Ex4;Acc11_hippocampus_Ex4_mTBI;Acc3_hypothalamus_GLP_1_MK_801
Rps25,3,UP,2,1,0.22387163129936813,Acc3_brainstem_GLP_1_MK_801;Acc8_hippocampus_ST_A_Ex;Acc8_hippocampus_ST_A_Ex_KD
Cbx8,3,UP,2,1,0.22361914932778496,Acc8_frontalcortex_ST_A_Ex;Acc8_hippocampus_ST_A_Ex;Acc8_hypothalamus_LT_A_Ex
Mcc,3,UP,2,1,0.22030500036338707,Acc8_frontalcortex_ST_A_Ex;Acc8_hippocampus_ST_A_Ex;Acc8_hippocampus_ST_A_Ex_KD
Zscan25,3,UP,2,1,0.2196637283123827,Acc3_brainstem_GLP_1;Acc8_hippocampus_ST_A_Ex;Acc8_hippocampus_ST_A_Ex_KD
Isoc2a,3,UP,2,1,0.2190846706668146,Acc3_brainstem_GLP_1_MK_801;Acc8_hippocampus_ST_A_Ex;Acc8_hippocampus_ST_A_Ex_KD
Sun1,3,UP,3,0,0.21907952029286623,Acc8_frontalcortex_ST_A_Ex;Acc8_frontalcortex_ST_A_Ex_KD;Acc8_hippocampus_ST_A_Ex_KD
Psmg4,3,UP,2,1,0.2184161479026372,Acc3_brainstem_GLP_1_MK_801;Acc8_hippocampus_ST_A_Ex;Acc8_hippocampus_ST_A_Ex_KD
Fam216a,3,UP,3,0,0.21826984876141042,Acc3_hypothalamus_GLP_1_MK_801;Acc8_hippocampus_ST_A_Ex;Acc8_hippocampus_ST_A_Ex_KD
Pusl1,3,UP,3,0,0.2179752446646959,Acc3_hypothalamus_GLP_1_MK_801;Acc8_hippocampus_ST_A_Ex;Acc8_hippocampus_ST_A_Ex_KD
Rgma,3,UP,2,1,0.21206386345429937,Acc11_hippocampus_Ex4;Acc11_hippocampus_Ex4_mTBI;Acc8_hippocampus_ST_A_Ex
Snhg4,3,UP,2,1,0.2078713616911684,Acc3_hypothalamus_GLP_1_MK_801;Acc8_hippocampus_ST_A_Ex;Acc8_hippocampus_ST_A_Ex_KD
Ube2j1,3,UP,2,1,0.20049483007495986,Acc11_hippocampus_Ex4;Acc11_hippocampus_Ex4_mTBI;Acc3_hypothalamus_GLP_1_MK_801
Gtf2a2,3,UP,2,1,0.1996609425918142,Acc3_hypothalamus_GLP_1_MK_801;Acc8_hippocampus_ST_A_Ex;Acc8_hippocampus_ST_A_Ex_KD
Atp6v1f,3,UP,2,1,0.19944836098178717,Acc3_brainstem_GLP_1_MK_801;Acc8_hippocampus_ST_A_Ex;Acc8_hippocampus_ST_A_Ex_KD
Chchd2,3,UP,2,1,0.1983435724942055,Acc3_brainstem_GLP_1_MK_801;Acc8_hippocampus_ST_A_Ex;Acc8_hippocampus_ST_A_Ex_KD
Mrps11,3,UP,2,1,0.19383853932019535,Acc8_hippocampus_ST_A_Ex;Acc8_hippocampus_ST_A_Ex_KD;Acc8_hypothalamus_LT_A_Ex
Aurkaip1,3,UP,2,1,0.19367497408084325,Acc3_brainstem_GLP_1_MK_801;Acc8_hippocampus_ST_A_Ex;Acc8_hippocampus_ST_A_Ex_KD
Ppp1r3g,3,UP,2,1,0.19112489471336966,Acc3_brainstem_GLP_1;Acc3_hypothalamus_GLP_1_MK_801;Acc8_frontalcortex_LT_A_Ex
Ndufa4,3,UP,2,1,0.18969066197478882,Acc3_brainstem_GLP_1_MK_801;Acc8_hippocampus_ST_A_Ex;Acc8_hippocampus_ST_A_Ex_KD
Ankrd10,3,UP,2,1,0.18890864955453623,Acc11_hippocampus_Ex4;Acc11_hippocampus_Ex4_mTBI;Acc3_hypothalamus_GLP_1_MK_801
Kcnk9,3,UP,2,1,0.18680239389573208,Acc3_brainstem_GLP_1;Acc8_hippocampus_ST_A_Ex;Acc8_hippocampus_ST_A_Ex_KD
Zmat5,3,UP,2,1,0.18311845715006067,Acc3_brainstem_GLP_1_MK_801;Acc8_hippocampus_ST_A_Ex;Acc8_hippocampus_ST_A_Ex_KD
Ppp6r3,3,UP,2,1,0.18231304139402246,Acc11_hippocampus_Ex4;Acc11_hippocampus_Ex4_mTBI;Acc8_hippocampus_ST_A_Ex
Lage3,3,UP,2,1,0.1777021982018693,Acc3_brainstem_GLP_1_MK_801;Acc8_hippocampus_ST_A_Ex;Acc8_hippocampus_ST_A_Ex_KD
Dhx15,3,UP,2,1,0.1775852703360313,Acc11_hippocampus_Ex4;Acc11_hippocampus_Ex4_mTBI;Acc8_hippocampus_ST_A_Ex_KD
Lsm5,3,UP,2,1,0.17660305220973616,Acc3_hypothalamus_GLP_1_MK_801;Acc8_hippocampus_ST_A_Ex;Acc8_hippocampus_ST_A_Ex_KD
Gpr3,3,DOWN,1,2,0.176281989772576,Acc3_brainstem_GLP_1_MK_801;Acc3_hypothalamus_GLP_1_MK_801;Acc5_nts_IP118_PY115
Dgkg,3,UP,2,1,0.17497645188138114,Acc3_brainstem_GLP_1;Acc3_brainstem_GLP_1_MK_801;Acc3_hypothalamus_GLP_1_MK_801
Ndufc1,3,UP,2,1,0.17483682560796657,Acc3_brainstem_GLP_1;Acc3_brainstem_GLP_1_MK_801;Acc8_hippocampus_ST_A_Ex
Faxc,3,UP,2,1,0.17400192912354528,Acc3_brainstem_GLP_1;Acc3_brainstem_GLP_1_MK_801;Acc3_hypothalamus_conjugate_2
Wipf3,3,UP,2,1,0.17283189599351087,Acc3_hypothalamus_GLP_1_MK_801;Acc8_hippocampus_ST_A_Ex_KD;Acc8_hypothalamus_LT_A_Ex
Oprd1,3,UP,2,1,0.17264624796088923,Acc3_brainstem_GLP_1;Acc3_brainstem_GLP_1_MK_801;Acc3_hypothalamus_GLP_1_MK_801
Alkbh3,3,UP,2,1,0.17212428909430555,Acc3_brainstem_GLP_1_MK_801;Acc8_hippocampus_ST_A_Ex;Acc8_hippocampus_ST_A_Ex_KD
Ubtd2,3,UP,2,1,0.1711340238140526,Acc11_hippocampus_Ex4;Acc11_hippocampus_Ex4_mTBI;Acc8_hippocampus_ST_A_Ex
Scaf8,3,UP,2,1,0.17099057013565544,Acc11_hippocampus_Ex4;Acc11_hippocampus_Ex4_mTBI;Acc3_brainstem_GLP_1
Dynll1,3,UP,2,1,0.17092114858061516,Acc3_brainstem_GLP_1_MK_801;Acc8_hippocampus_ST_A_Ex;Acc8_hippocampus_ST_A_Ex_KD
1110025m09rik,3,UP,2,1,0.16834669433497904,Acc8_hippocampus_ST_A_Ex;Acc8_hippocampus_ST_A_Ex_KD;Acc8_hypothalamus_LT_A_Ex
Lifr,3,UP,2,1,0.1658889690613668,Acc3_brainstem_GLP_1_MK_801;Acc5_pvn_IP118_PY115;Acc8_hippocampus_ST_A_Ex
Pomp,3,UP,2,1,0.16422661562531018,Acc3_brainstem_GLP_1_MK_801;Acc8_hippocampus_ST_A_Ex;Acc8_hippocampus_ST_A_Ex_KD
Pdzd2,3,UP,2,1,0.16169933067602052,Acc3_brainstem_GLP_1;Acc8_hippocampus_ST_A_Ex;Acc8_hippocampus_ST_A_Ex_KD
Pradc1,3,UP,2,1,0.1607970399017948,Acc3_brainstem_GLP_1_MK_801;Acc8_hippocampus_ST_A_Ex;Acc8_hippocampus_ST_A_Ex_KD
Ndufc2,3,UP,2,1,0.15851944376751484,Acc3_hypothalamus_GLP_1_MK_801;Acc8_hippocampus_ST_A_Ex;Acc8_hippocampus_ST_A_Ex_KD
Rgcc,3,UP,2,1,0.15792717443295426,Acc3_brainstem_GLP_1;Acc5_nts_IP118_PY115;Acc8_frontalcortex_LT_A_Ex
Rbm8a,3,UP,2,1,0.15667119452814746,Acc10_hippocampus_Ex4_Po_t_TBI;Acc8_hippocampus_ST_A_Ex;Acc8_hippocampus_ST_A_Ex_KD
Zfand6,3,UP,2,1,0.1563133488367738,Acc11_hippocampus_Ex4;Acc11_hippocampus_Ex4_mTBI;Acc3_hypothalamus_GLP_1_MK_801
Bsn,3,UP,2,1,0.15626688472519334,Acc3_brainstem_GLP_1_MK_801;Acc3_hypothalamus_conjugate_2;Acc8_hippocampus_ST_A_Ex
Septin2,3,UP,2,1,0.15585698910104873,Acc3_brainstem_GLP_1_MK_801;Acc8_hippocampus_ST_A_Ex_KD;Acc8_hypothalamus_LT_A_Ex
Pcdhgb1,3,UP,2,1,0.15453892446537895,Acc3_brainstem_GLP_1_MK_801;Acc3_hypothalamus_GLP_1_MK_801;Acc8_hypothalamus_LT_A_Ex
Irgm1,3,UP,2,1,0.15405519940254866,Acc10_hippocampus_Ex4_Pre_TBI;Acc8_hippocampus_ST_A_Ex;Acc8_hypothalamus_LT_A_Ex
Pcdhga2,3,UP,2,1,0.15219142011652745,Acc3_brainstem_GLP_1;Acc3_brainstem_GLP_1_MK_801;Acc3_hypothalamus_GLP_1_MK_801
Ptprn2,3,UP,2,1,0.14975575391274062,Acc3_brainstem_GLP_1_MK_801;Acc3_hypothalamus_conjugate_2;Acc8_hypothalamus_LT_A_Ex
Gm26782,3,UP,2,1,0.14497943108349112,Acc3_brainstem_GLP_1;Acc3_brainstem_GLP_1_MK_801;Acc3_hypothalamus_conjugate_2
Zcrb1,3,UP,2,1,0.1433394107336324,Acc3_brainstem_GLP_1_MK_801;Acc8_hippocampus_ST_A_Ex;Acc8_hippocampus_ST_A_Ex_KD
Dusp6,3,UP,2,1,0.1417560603867886,Acc11_hippocampus_Ex4;Acc11_hippocampus_Ex4_mTBI;Acc8_hippocampus_ST_A_Ex
Pde4d,3,UP,2,1,0.14130873196103158,Acc3_brainstem_GLP_1;Acc3_brainstem_GLP_1_MK_801;Acc3_hypothalamus_conjugate_2
Sirt6,3,UP,2,1,0.1401860019772909,Acc11_hippocampus_Ex4_mTBI;Acc8_hippocampus_ST_A_Ex;Acc8_hippocampus_ST_A_Ex_KD
Gng5,3,UP,2,1,0.13839517397143372,Acc11_hippocampus_Ex4;Acc11_hippocampus_Ex4_mTBI;Acc3_brainstem_GLP_1_MK_801
Slit1,3,UP,2,1,0.13755524883512735,Acc3_brainstem_GLP_1_MK_801;Acc3_hypothalamus_GLP_1_MK_801;Acc8_hypothalamus_LT_A_Ex
Dnajb5,3,UP,2,1,0.1366673423294516,Acc3_brainstem_GLP_1;Acc5_nts_IP118_PY115;Acc8_hypothalamus_LT_A_Ex
Zfp382,3,UP,2,1,0.13603978207401432,Acc3_brainstem_GLP_1;Acc3_brainstem_GLP_1_MK_801;Acc8_hippocampus_ST_A_Ex_KD
Adgrl3,3,UP,2,1,0.13579920346390223,Acc3_brainstem_GLP_1_MK_801;Acc3_hypothalamus_conjugate_2;Acc8_hippocampus_ST_A_Ex
Phactr3,3,UP,2,1,0.13350207917769313,Acc3_hypothalamus_GLP_1_MK_801;Acc5_arc_IP118_PY115;Acc8_hypothalamus_LT_A_Ex
Mrnip,3,UP,2,1,0.1331593561275091,Acc5_pvn_IP118_PY115;Acc8_hippocampus_ST_A_Ex;Acc8_hippocampus_ST_A_Ex_KD
Znrd1,3,UP,2,1,0.13207138471293517,Acc11_hippocampus_Ex4_mTBI;Acc3_brainstem_GLP_1_MK_801;Acc8_hippocampus_ST_A_Ex
Slc4a8,3,UP,2,1,0.13156558052413386,Acc3_brainstem_GLP_1;Acc3_brainstem_GLP_1_MK_801;Acc3_hypothalamus_conjugate_2
Zfp322a,3,UP,2,1,0.13130996060775507,Acc11_hippocampus_Ex4;Acc11_hippocampus_Ex4_mTBI;Acc3_hypothalamus_GLP_1_MK_801
Nrxn1,3,UP,2,1,0.13130874337981932,Acc11_hippocampus_Ex4_mTBI;Acc3_brainstem_GLP_1_MK_801;Acc8_hippocampus_ST_A_Ex
Tob2,3,UP,2,1,0.131122574720043,Acc10_hippocampus_Ex4_Pre_TBI;Acc3_accumbens_GLP_1;Acc3_brainstem_GLP_1
Vps25,3,UP,2,1,0.1303915979578711,Acc3_brainstem_GLP_1_MK_801;Acc8_hippocampus_ST_A_Ex;Acc8_hippocampus_ST_A_Ex_KD
Pcdhga4,3,UP,2,1,0.1289091097678711,Acc3_brainstem_GLP_1_MK_801;Acc3_hypothalamus_GLP_1_MK_801;Acc8_hypothalamus_LT_A_Ex
Snrpa1,3,UP,2,1,0.12879345122461996,Acc3_brainstem_GLP_1_MK_801;Acc8_hippocampus_ST_A_Ex;Acc8_hippocampus_ST_A_Ex_KD
Gm21984,3,UP,2,1,0.1286650018624215,Acc3_brainstem_GLP_1;Acc3_brainstem_GLP_1_MK_801;Acc3_hypothalamus_GLP_1_MK_801
Impa1,3,UP,2,1,0.12819949129170385,Acc11_hippocampus_Ex4;Acc11_hippocampus_Ex4_mTBI;Acc3_hypothalamus_GLP_1_MK_801
Mir9-3hg,3,UP,2,1,0.1267062611269269,Acc3_brainstem_GLP_1_MK_801;Acc8_hippocampus_ST_A_Ex;Acc8_hippocampus_ST_A_Ex_KD
Arrdc3,3,UP,2,1,0.12656076120392015,Acc3_brainstem_GLP_1_MK_801;Acc3_hypothalamus_GLP_1_MK_801;Acc5_arc_IP118_PY115
Fbxw7,3,UP,2,1,0.1255773278159749,Acc10_hippocampus_Ex4_Pre_TBI;Acc8_hippocampus_ST_A_Ex;Acc8_hippocampus_ST_A_Ex_KD
Hnrnph2,3,UP,2,1,0.1254649733802882,Acc10_hippocampus_Ex4_Po_t_TBI;Acc8_hippocampus_ST_A_Ex;Acc8_hippocampus_ST_A_Ex_KD
Rtl8c,3,UP,2,1,0.12350113639228016,Acc8_hippocampus_ST_A_Ex;Acc8_hippocampus_ST_A_Ex_KD;Acc8_hypothalamus_LT_A_Ex
Zc3h12c,3,UP,2,1,0.12326730062413077,Acc3_brainstem_GLP_1_MK_801;Acc5_pvn_IP118_PY115;Acc8_hippocampus_ST_A_Ex
Aldoc,3,UP,2,1,0.12301848251314311,Acc8_hippocampus_ST_A_Ex;Acc8_hippocampus_ST_A_Ex_KD;Acc8_hypothalamus_LT_A_Ex
Rsad2,3,UP,2,1,0.12259313846391418,Acc10_hippocampus_Ex4_Pre_TBI;Acc8_hippocampus_ST_A_Ex_KD;Acc8_hypothalamus_LT_A_Ex
Neto1,3,UP,2,1,0.12140800375103866,Acc3_brainstem_GLP_1;Acc3_brainstem_GLP_1_MK_801;Acc5_pvn_IP118_PY115
Mccc1,3,UP,2,1,0.12087241873376675,Acc11_hippocampus_Ex4;Acc11_hippocampus_Ex4_mTBI;Acc3_brainstem_GLP_1
Rab5c,3,UP,2,1,0.12086649275354171,Acc8_hippocampus_ST_A_Ex;Acc8_hippocampus_ST_A_Ex_KD;Acc8_hypothalamus_LT_A_Ex
P4ha2,3,UP,2,1,0.1207023342448067,Acc10_hippocampus_Ex4_Pre_TBI;Acc8_hippocampus_ST_A_Ex;Acc8_hippocampus_ST_A_Ex_KD
Cstf3,3,UP,2,1,0.11982829540755287,Acc11_hippocampus_Ex4;Acc11_hippocampus_Ex4_mTBI;Acc3_hypothalamus_GLP_1_MK_801
Dctn3,3,UP,2,1,0.11951841492938975,Acc11_hippocampus_Ex4_mTBI;Acc8_hippocampus_ST_A_Ex;Acc8_hippocampus_ST_A_Ex_KD
Pdpr,3,UP,2,1,0.11779489159559746,Acc3_brainstem_GLP_1;Acc3_brainstem_GLP_1_MK_801;Acc3_hypothalamus_conjugate_2
Sema7a,3,UP,2,1,0.11667780761053832,Acc3_brainstem_GLP_1;Acc8_hippocampus_ST_A_Ex;Acc8_hippocampus_ST_A_Ex_KD
Ucp3,3,UP,2,1,0.11665971467807669,Acc3_brainstem_GLP_1;Acc3_hypothalamus_GLP_1_MK_801;Acc8_hypothalamus_LT_A_Ex
Ubb-ps,3,UP,2,1,0.11570066037704661,Acc3_brainstem_GLP_1_MK_801;Acc8_hippocampus_ST_A_Ex;Acc8_hippocampus_ST_A_Ex_KD
Tmem178b,3,UP,2,1,0.11502709546178724,Acc3_brainstem_GLP_1;Acc3_brainstem_GLP_1_MK_801;Acc3_hypothalamus_conjugate_2
Rasal2,3,UP,2,1,0.11340956157231147,Acc3_brainstem_GLP_1;Acc3_brainstem_GLP_1_MK_801;Acc8_hippocampus_ST_A_Ex_KD
Keap1,3,UP,2,1,0.11305699716447687,Acc8_hippocampus_ST_A_Ex;Acc8_hippocampus_ST_A_Ex_KD;Acc8_hypothalamus_LT_A_Ex
Rad1,3,UP,2,1,0.11288476364470561,Acc3_brainstem_GLP_1;Acc3_hypothalamus_GLP_1_MK_801;Acc8_hypothalamus_LT_A_Ex
Pcdhgb4,3,UP,2,1,0.11140369786355547,Acc3_brainstem_GLP_1_MK_801;Acc3_hypothalamus_GLP_1_MK_801;Acc8_hypothalamus_LT_A_Ex
Las1l,3,UP,2,1,0.11089508862239406,Acc10_hippocampus_Ex4_Pre_TBI;Acc8_hippocampus_ST_A_Ex;Acc8_hippocampus_ST_A_Ex_KD
Apba1,3,UP,2,1,0.110686139130527,Acc3_brainstem_GLP_1;Acc3_brainstem_GLP_1_MK_801;Acc3_hypothalamus_conjugate_2
Cnnm2,3,UP,2,1,0.11031539529615908,Acc3_brainstem_GLP_1_MK_801;Acc3_hypothalamus_conjugate_2;Acc8_hypothalamus_LT_A_Ex
Chrac1,3,UP,2,1,0.10924305380872473,Acc3_brainstem_GLP_1_MK_801;Acc8_hippocampus_ST_A_Ex;Acc8_hippocampus_ST_A_Ex_KD
Rab33a,3,UP,2,1,0.1090188567610067,Acc3_brainstem_GLP_1_MK_801;Acc8_hippocampus_ST_A_Ex;Acc8_hippocampus_ST_A_Ex_KD
Trim33,3,UP,2,1,0.10559505704980703,Acc11_hippocampus_Ex4;Acc11_hippocampus_Ex4_mTBI;Acc8_hippocampus_ST_A_Ex
Fry,3,UP,2,1,0.10349487438211118,Acc3_brainstem_GLP_1_MK_801;Acc3_hypothalamus_conjugate_2;Acc8_hippocampus_ST_A_Ex
Slc7a5,3,UP,2,1,0.10345422860259383,Acc3_hypothalamus_GLP_1_MK_801;Acc8_frontalcortex_ST_A_Ex_KD;Acc8_hippocampus_ST_A_Ex
Zfp13,3,UP,2,1,0.10331322003131183,Acc3_hypothalamus_GLP_1_MK_801;Acc8_hippocampus_ST_A_Ex_KD;Acc8_hypothalamus_LT_A_Ex
Dok4,3,UP,2,1,0.1029984535884208,Acc3_hypothalamus_conjugate_2;Acc8_hippocampus_ST_A_Ex;Acc8_hippocampus_ST_A_Ex_KD
Ksr2,3,UP,2,1,0.1007393202611588,Acc3_brainstem_GLP_1;Acc3_brainstem_GLP_1_MK_801;Acc3_hypothalamus_GLP_1_MK_801
Mrpl38,3,UP,2,1,0.10058780729230248,Acc8_hippocampus_ST_A_Ex;Acc8_hippocampus_ST_A_Ex_KD;Acc8_hypothalamus_LT_A_Ex
Tbc1d5,3,UP,2,1,0.10034967643797858,Acc3_brainstem_GLP_1_MK_801;Acc3_hypothalamus_conjugate_2;Acc8_hippocampus_ST_A_Ex
Lingo4,3,UP,2,1,0.09866980628144999,Acc3_brainstem_GLP_1_MK_801;Acc3_hypothalamus_GLP_1_MK_801;Acc8_hypothalamus_LT_A_Ex
Rsl24d1,3,UP,2,1,0.09549343029597784,Acc3_hypothalamus_GLP_1_MK_801;Acc8_hippocampus_ST_A_Ex_KD;Acc8_hypothalamus_LT_A_Ex
Iffo2,3,UP,2,1,0.09494630016161783,Acc3_accumbens_GLP_1;Acc8_hippocampus_ST_A_Ex_KD;Acc8_hypothalamus_LT_A_Ex
2610001j05rik,3,UP,2,1,0.09448368366534558,Acc3_hypothalamus_GLP_1_MK_801;Acc8_hippocampus_ST_A_Ex;Acc8_hypothalamus_LT_A_Ex
Sipa1l1,3,UP,2,1,0.09444577900685204,Acc3_brainstem_GLP_1_MK_801;Acc3_hypothalamus_GLP_1_MK_801;Acc8_hippocampus_ST_A_Ex
Pcdhga12,3,UP,2,1,0.0935484809617303,Acc3_brainstem_GLP_1_MK_801;Acc3_hypothalamus_GLP_1_MK_801;Acc8_hypothalamus_LT_A_Ex
Ndufs3,3,UP,2,1,0.09354310915585351,Acc3_brainstem_GLP_1_MK_801;Acc8_hippocampus_ST_A_Ex;Acc8_hippocampus_ST_A_Ex_KD
Myh10,3,UP,2,1,0.09209131371385922,Acc3_brainstem_GLP_1_MK_801;Acc8_hippocampus_ST_A_Ex_KD;Acc8_hypothalamus_LT_A_Ex
Ubap2,3,UP,2,1,0.09200835658269128,Acc3_hypothalamus_GLP_1_MK_801;Acc3_hypothalamus_conjugate_2;Acc8_hippocampus_ST_A_Ex
Lyrm2,3,UP,2,1,0.0918745245423962,Acc10_hippocampus_Ex4_Po_t_TBI;Acc8_hippocampus_ST_A_Ex;Acc8_hippocampus_ST_A_Ex_KD
Wdr45b,3,UP,2,1,0.09038410074999999,Acc10_hippocampus_Ex4_Pre_TBI;Acc11_hippocampus_Ex4;Acc11_hippocampus_Ex4_mTBI
Hs6st3,3,UP,2,1,0.09011735993321597,Acc3_brainstem_GLP_1;Acc3_hypothalamus_GLP_1_MK_801;Acc3_hypothalamus_conjugate_2
Gripap1,3,UP,2,1,0.08956653889757606,Acc8_hippocampus_ST_A_Ex;Acc8_hippocampus_ST_A_Ex_KD;Acc8_hypothalamus_LT_A_Ex
Nefm,3,UP,2,1,0.08908736301499008,Acc8_hippocampus_ST_A_Ex;Acc8_hippocampus_ST_A_Ex_KD;Acc8_hypothalamus_LT_A_Ex
R3hcc1,3,UP,2,1,0.08721709622084574,Acc8_hippocampus_ST_A_Ex;Acc8_hippocampus_ST_A_Ex_KD;Acc8_hypothalamus_LT_A_Ex
Camkv,3,UP,2,1,0.0836687230668725,Acc8_hippocampus_ST_A_Ex;Acc8_hippocampus_ST_A_Ex_KD;Acc8_hypothalamus_LT_A_Ex
Cygb,3,UP,2,1,0.08220814567783494,Acc11_hippocampus_Ex4_mTBI;Acc3_hypothalamus_GLP_1_MK_801;Acc8_hippocampus_ST_A_Ex
Mtor,3,UP,2,1,0.08102339802251039,Acc11_hippocampus_Ex4_mTBI;Acc3_brainstem_GLP_1;Acc3_brainstem_GLP_1_MK_801
Selenok,3,UP,2,1,0.08030506538234937,Acc3_hypothalamus_GLP_1_MK_801;Acc8_hippocampus_ST_A_Ex;Acc8_hippocampus_ST_A_Ex_KD
Nup160,3,UP,2,1,0.07855767439114236,Acc11_hippocampus_Ex4_mTBI;Acc3_brainstem_GLP_1_MK_801;Acc8_hippocampus_ST_A_Ex
Tle5,3,UP,2,1,0.07829681872915423,Acc8_hippocampus_ST_A_Ex;Acc8_hippocampus_ST_A_Ex_KD;Acc8_hypothalamus_LT_A_Ex
Cacna1i,3,UP,2,1,0.0759622424775917,Acc3_brainstem_GLP_1_MK_801;Acc3_hypothalamus_GLP_1_MK_801;Acc8_hypothalamus_LT_A_Ex
Ank1,3,UP,2,1,0.07550513486010836,Acc3_brainstem_GLP_1;Acc3_brainstem_GLP_1_MK_801;Acc3_hypothalamus_GLP_1_MK_801
Ppp1r9b,3,UP,2,1,0.07162646838317697,Acc3_hypothalamus_GLP_1_MK_801;Acc8_hippocampus_ST_A_Ex_KD;Acc8_hypothalamus_LT_A_Ex
Slc25a17,3,UP,2,1,0.0707528345593743,Acc3_hypothalamus_GLP_1_MK_801;Acc8_hippocampus_ST_A_Ex_KD;Acc8_hypothalamus_LT_A_Ex
Gm20346,3,UP,2,1,0.0697965748326463,Acc8_hippocampus_ST_A_Ex;Acc8_hippocampus_ST_A_Ex_KD;Acc8_hypothalamus_LT_A_Ex
Rasgrf1,3,UP,2,1,0.06778325151320147,Acc3_brainstem_GLP_1_MK_801;Acc3_hypothalamus_GLP_1_MK_801;Acc8_hippocampus_ST_A_Ex
Gse1,3,UP,2,1,0.06631139692613153,Acc3_brainstem_GLP_1_MK_801;Acc3_hypothalamus_GLP_1_MK_801;Acc8_hippocampus_ST_A_Ex
Luc7l2,3,UP,2,1,0.06546347158988819,Acc11_hippocampus_Ex4;Acc11_hippocampus_Ex4_mTBI;Acc3_hypothalamus_GLP_1_MK_801
Robo1,3,UP,2,1,0.06484090695686262,Acc3_brainstem_GLP_1;Acc3_brainstem_GLP_1_MK_801;Acc3_hypothalamus_conjugate_2
Med21,3,UP,2,1,0.06455986067648721,Acc3_hypothalamus_GLP_1_MK_801;Acc8_hippocampus_ST_A_Ex;Acc8_hypothalamus_LT_A_Ex
Evl,3,UP,2,1,0.06275940719455354,Acc11_hippocampus_Ex4_mTBI;Acc8_hippocampus_ST_A_Ex_KD;Acc8_hypothalamus_LT_A_Ex
Polr2a,3,UP,2,1,0.05869354200756277,Acc3_brainstem_GLP_1_MK_801;Acc3_hypothalamus_GLP_1_MK_801;Acc8_hippocampus_ST_A_Ex
Pcdhga3,3,UP,2,1,0.057024688726671595,Acc3_brainstem_GLP_1;Acc3_hypothalamus_GLP_1_MK_801;Acc3_hypothalamus_conjugate_2
Smim26,3,UP,2,1,0.054867224490087435,Acc3_brainstem_GLP_1;Acc3_hypothalamus_GLP_1_MK_801;Acc8_hippocampus_ST_A_Ex
Fkbp8,3,UP,2,1,0.054222702387178044,Acc6_mbh_AC3174;Acc8_hippocampus_ST_A_Ex;Acc8_hippocampus_ST_A_Ex_KD
Ky,3,UP,2,1,0.0541089598893949,Acc3_brainstem_GLP_1;Acc3_brainstem_GLP_1_MK_801;Acc8_hypothalamus_LT_A_Ex
Gipc1,3,UP,2,1,0.05345214438627869,Acc8_hippocampus_ST_A_Ex;Acc8_hippocampus_ST_A_Ex_KD;Acc8_hypothalamus_LT_A_Ex
Ptgfrn,3,UP,2,1,0.05140900960614403,Acc3_brainstem_GLP_1_MK_801;Acc3_hypothalamus_GLP_1_MK_801;Acc8_hypothalamus_LT_A_Ex
Rictor,3,UP,2,1,0.05106889151562244,Acc11_hippocampus_Ex4_mTBI;Acc3_brainstem_GLP_1_MK_801;Acc8_hippocampus_ST_A_Ex
Tiparp,3,UP,2,1,0.05006229005788667,Acc3_brainstem_GLP_1;Acc3_brainstem_GLP_1_MK_801;Acc3_hypothalamus_GLP_1_MK_801
Rell2,3,UP,2,1,0.0485887737096826,Acc3_hypothalamus_GLP_1_MK_801;Acc8_hippocampus_ST_A_Ex_KD;Acc8_hypothalamus_LT_A_Ex
Bcl6,3,DOWN,1,2,0.043698033527258096,Acc5_pvn_IP118_PY115;Acc8_hippocampus_ST_A_Ex;Acc8_hypothalamus_LT_A_Ex
Klhdc7a,3,UP,2,1,0.03967157155372395,Acc3_brainstem_GLP_1_MK_801;Acc3_hypothalamus_GLP_1_MK_801;Acc8_hypothalamus_LT_A_Ex
Ubxn8,3,UP,2,1,0.0360514856078607,Acc3_hypothalamus_GLP_1_MK_801;Acc8_hippocampus_ST_A_Ex;Acc8_hippocampus_ST_A_Ex_KD
Klhl36,3,UP,2,1,0.032294806320119517,Acc8_hippocampus_ST_A_Ex;Acc8_hippocampus_ST_A_Ex_KD;Acc8_hypothalamus_LT_A_Ex
Cdc34,3,UP,2,1,0.031715928605279546,Acc8_hippocampus_ST_A_Ex;Acc8_hippocampus_ST_A_Ex_KD;Acc8_hypothalamus_LT_A_Ex
Cyb5r3,3,UP,2,1,0.02971375077495277,Acc11_hippocampus_Ex4_mTBI;Acc3_hypothalamus_GLP_1_MK_801;Acc8_hippocampus_ST_A_Ex_KD
Pnpla3,3,UP,2,1,0.02644321134633067,Acc5_pvn_IP118_PY115;Acc8_hippocampus_ST_A_Ex;Acc8_hippocampus_ST_A_Ex_KD
Dlg4,3,UP,2,1,0.025728789755930598,Acc3_hypothalamus_GLP_1_MK_801;Acc8_hippocampus_ST_A_Ex_KD;Acc8_hypothalamus_LT_A_Ex
Wee1,3,DOWN,1,2,0.025655296912438952,Acc5_arc_IP118_PY115;Acc8_hippocampus_ST_A_Ex;Acc8_hippocampus_ST_A_Ex_KD
Fbf1,3,UP,2,1,0.02509622588408499,Acc3_hypothalamus_GLP_1_MK_801;Acc8_hippocampus_ST_A_Ex_KD;Acc8_hypothalamus_LT_A_Ex
Pfkm,3,UP,2,1,0.024151112149045435,Acc11_hippocampus_Ex4_mTBI;Acc8_hippocampus_ST_A_Ex;Acc8_hippocampus_ST_A_Ex_KD
Acbd6,3,UP,2,1,0.023079413856551323,Acc8_hippocampus_ST_A_Ex;Acc8_hippocampus_ST_A_Ex_KD;Acc8_hypothalamus_LT_A_Ex
Nrxn2,3,UP,2,1,0.0158723724574939,Acc3_hypothalamus_GLP_1_MK_801;Acc8_hippocampus_ST_A_Ex_KD;Acc8_hypothalamus_LT_A_Ex
Pagr1a,3,UP,2,1,0.012365333626076891,Acc3_brainstem_GLP_1_MK_801;Acc8_hippocampus_ST_A_Ex;Acc8_hippocampus_ST_A_Ex_KD
Nyap1,3,UP,2,1,0.011952365704424225,Acc8_hippocampus_ST_A_Ex;Acc8_hippocampus_ST_A_Ex_KD;Acc8_hypothalamus_LT_A_Ex
Cep170b,3,UP,2,1,0.011673861735869004,Acc3_brainstem_GLP_1_MK_801;Acc3_hypothalamus_GLP_1_MK_801;Acc8_hypothalamus_LT_A_Ex
Prrc2a,3,UP,2,1,0.007136221068329858,Acc3_brainstem_GLP_1_MK_801;Acc3_hypothalamus_GLP_1_MK_801;Acc8_hypothalamus_LT_A_Ex
Ttbk1,3,UP,2,1,0.00448827138693116,Acc3_brainstem_GLP_1_MK_801;Acc3_hypothalamus_GLP_1_MK_801;Acc8_hypothalamus_LT_A_Ex
Mmp16,3,DOWN,1,2,0.0027907357736214242,Acc10_hippocampus_Ex4_Pre_TBI;Acc3_brainstem_GLP_1;Acc3_brainstem_GLP_1_MK_801
Ssbp4,3,UP,2,1,0.0014857686242690793,Acc3_hypothalamus_GLP_1_MK_801;Acc8_hippocampus_ST_A_Ex;Acc8_hypothalamus_LT_A_Ex
Wnk3,3,DOWN,1,2,-0.005651257592203807,Acc3_brainstem_GLP_1;Acc3_brainstem_GLP_1_MK_801;Acc8_hippocampus_ST_A_Ex
Tomm70a,3,DOWN,1,2,-0.005975499631532544,Acc11_hippocampus_Ex4;Acc3_hypothalamus_GLP_1_MK_801;Acc8_hippocampus_ST_A_Ex
Mrps5,3,UP,2,1,-0.0069745439860432286,Acc8_hippocampus_ST_A_Ex;Acc8_hippocampus_ST_A_Ex_KD;Acc8_hypothalamus_LT_A_Ex
Ptp4a2,3,DOWN,1,2,-0.010860524354370201,Acc11_hippocampus_Ex4;Acc11_hippocampus_Ex4_mTBI;Acc3_hypothalamus_GLP_1_MK_801
Slc25a5,3,UP,2,1,-0.011444990373906283,Acc6_mbh_COMBO;Acc8_hippocampus_ST_A_Ex;Acc8_hippocampus_ST_A_Ex_KD
Lpar4,3,DOWN,1,2,-0.013062397906257739,Acc8_hippocampus_ST_A_Ex;Acc8_hippocampus_ST_A_Ex_KD;Acc8_hypothalamus_LT_A_Ex
Chac1,3,UP,2,1,-0.01363173753366335,Acc3_brainstem_GLP_1;Acc8_frontalcortex_YA_Ex;Acc8_hypothalamus_LT_A_Ex
Cyp51,3,DOWN,1,2,-0.017380211577572264,Acc3_hypothalamus_GLP_1_MK_801;Acc3_hypothalamus_conjugate_2;Acc5_pvn_IP118_PY115
Trpc5,3,DOWN,1,2,-0.021325267569629824,Acc3_brainstem_GLP_1;Acc3_brainstem_GLP_1_MK_801;Acc8_hippocampus_ST_A_Ex
Akap6,3,DOWN,1,2,-0.025819255365328198,Acc3_brainstem_GLP_1;Acc3_brainstem_GLP_1_MK_801;Acc8_hippocampus_ST_A_Ex
C330018d20rik,3,DOWN,1,2,-0.027495444614008047,Acc8_hippocampus_ST_A_Ex;Acc8_hippocampus_ST_A_Ex_KD;Acc8_hypothalamus_LT_A_Ex
Arid5b,3,DOWN,1,2,-0.027821582106873643,Acc3_brainstem_GLP_1_MK_801;Acc8_hippocampus_ST_A_Ex;Acc8_hippocampus_ST_A_Ex_KD
Gpd2,3,DOWN,1,2,-0.028577496276849523,Acc11_hippocampus_Ex4_mTBI;Acc8_hippocampus_ST_A_Ex;Acc8_hippocampus_ST_A_Ex_KD
Zfp2,3,DOWN,1,2,-0.029088955447108673,Acc3_hypothalamus_GLP_1_MK_801;Acc8_hippocampus_ST_A_Ex;Acc8_hypothalamus_LT_A_Ex
Ash1l,3,DOWN,1,2,-0.029464050529124135,Acc10_hippocampus_Ex4_Po_t_TBI;Acc3_brainstem_GLP_1;Acc3_brainstem_GLP_1_MK_801
Churc1,3,DOWN,1,2,-0.031244298930697394,Acc3_brainstem_GLP_1_MK_801;Acc3_hypothalamus_GLP_1_MK_801;Acc8_hippocampus_ST_A_Ex
Magi3,3,DOWN,1,2,-0.03212990213698488,Acc10_hippocampus_Ex4_Po_t_TBI;Acc10_hippocampus_Ex4_Pre_TBI;Acc3_brainstem_GLP_1_MK_801
Loc432842,3,UP,2,1,-0.03998085713256081,Acc8_hippocampus_ST_A_Ex;Acc8_hippocampus_ST_A_Ex_KD;Acc8_hypothalamus_LT_A_Ex
Slc4a4,3,DOWN,1,2,-0.040005149701217,Acc3_brainstem_GLP_1;Acc3_brainstem_GLP_1_MK_801;Acc8_hippocampus_ST_A_Ex
Dennd4a,3,DOWN,1,2,-0.0401781474971444,Acc3_brainstem_GLP_1;Acc3_brainstem_GLP_1_MK_801;Acc8_hippocampus_ST_A_Ex
Dok3,3,DOWN,1,2,-0.0410939032608019,Acc10_hippocampus_Ex4_Pre_TBI;Acc10_hippocampus_Exendin4;Acc3_brainstem_GLP_1
Sgip1,3,DOWN,1,2,-0.04118418081478007,Acc3_brainstem_GLP_1;Acc3_brainstem_GLP_1_MK_801;Acc8_hippocampus_ST_A_Ex
Fgfr1op2,3,DOWN,1,2,-0.04323017723327318,Acc11_hippocampus_Ex4;Acc8_hippocampus_ST_A_Ex;Acc8_hippocampus_ST_A_Ex_KD
Noct,3,DOWN,1,2,-0.044581513371076936,Acc5_arc_IP118_PY115;Acc8_hippocampus_ST_A_Ex;Acc8_hippocampus_ST_A_Ex_KD
Tpm4,3,DOWN,1,2,-0.047637247007602766,Acc3_hypothalamus_GLP_1_MK_801;Acc3_hypothalamus_conjugate_2;Acc5_nts_IP118_PY115
Ptprt,3,DOWN,1,2,-0.049013316245390064,Acc10_hippocampus_Ex4_Po_t_TBI;Acc10_hippocampus_Ex4_Pre_TBI;Acc3_brainstem_GLP_1_MK_801
Aff4,3,DOWN,1,2,-0.05063811571098139,Acc3_brainstem_GLP_1;Acc3_brainstem_GLP_1_MK_801;Acc8_hippocampus_ST_A_Ex
Pcdh10,3,DOWN,1,2,-0.05073503669669822,Acc3_brainstem_GLP_1;Acc3_brainstem_GLP_1_MK_801;Acc8_hippocampus_ST_A_Ex
Sacs,3,DOWN,1,2,-0.05149090396273856,Acc3_brainstem_GLP_1;Acc3_brainstem_GLP_1_MK_801;Acc3_hypothalamus_GLP_1_MK_801
Dpp8,3,DOWN,1,2,-0.052626239726456914,Acc3_brainstem_GLP_1;Acc3_brainstem_GLP_1_MK_801;Acc8_hippocampus_ST_A_Ex
Arhgap20,3,DOWN,1,2,-0.0527915430997928,Acc3_brainstem_GLP_1;Acc3_brainstem_GLP_1_MK_801;Acc8_hippocampus_ST_A_Ex
Dmxl1,3,DOWN,1,2,-0.05288612169407767,Acc3_brainstem_GLP_1;Acc3_brainstem_GLP_1_MK_801;Acc8_hippocampus_ST_A_Ex
Synj1,3,DOWN,1,2,-0.05307247121880557,Acc3_brainstem_GLP_1;Acc3_brainstem_GLP_1_MK_801;Acc8_hippocampus_ST_A_Ex
Trak2,3,DOWN,1,2,-0.05319711948926261,Acc11_hippocampus_Ex4_mTBI;Acc8_hippocampus_ST_A_Ex;Acc8_hippocampus_ST_A_Ex_KD
Sntg1,3,DOWN,1,2,-0.054968480382065164,Acc3_brainstem_GLP_1;Acc3_brainstem_GLP_1_MK_801;Acc8_hippocampus_ST_A_Ex
Ptprz1,3,DOWN,1,2,-0.055748519983649526,Acc3_brainstem_GLP_1;Acc3_brainstem_GLP_1_MK_801;Acc8_hippocampus_ST_A_Ex
Akap11,3,DOWN,1,2,-0.055857640178681334,Acc3_brainstem_GLP_1;Acc3_brainstem_GLP_1_MK_801;Acc8_hippocampus_ST_A_Ex
Dnajc6,3,DOWN,1,2,-0.0576136836206598,Acc3_brainstem_GLP_1;Acc3_brainstem_GLP_1_MK_801;Acc8_hippocampus_ST_A_Ex
Fam120c,3,DOWN,1,2,-0.0583683638240311,Acc3_brainstem_GLP_1;Acc3_brainstem_GLP_1_MK_801;Acc8_hippocampus_ST_A_Ex
Atxn1,3,DOWN,1,2,-0.05859997341213813,Acc10_hippocampus_Ex4_Po_t_TBI;Acc10_hippocampus_Ex4_Pre_TBI;Acc3_brainstem_GLP_1_MK_801
Gnpnat1,3,DOWN,1,2,-0.05863615531222475,Acc8_hippocampus_ST_A_Ex;Acc8_hippocampus_ST_A_Ex_KD;Acc8_hypothalamus_LT_A_Ex
Arid1b,3,DOWN,1,2,-0.05959203351392833,Acc3_brainstem_GLP_1;Acc3_brainstem_GLP_1_MK_801;Acc8_hypothalamus_LT_A_Ex
Trim23,3,DOWN,1,2,-0.060578393561096046,Acc11_hippocampus_Ex4;Acc3_brainstem_GLP_1;Acc8_hippocampus_ST_A_Ex
Loc115490200,3,DOWN,1,2,-0.061051220471630585,Acc8_hippocampus_ST_A_Ex;Acc8_hippocampus_ST_A_Ex_KD;Acc8_hypothalamus_LT_A_Ex
Zfp182,3,DOWN,1,2,-0.06141406912901957,Acc3_hypothalamus_GLP_1_MK_801;Acc8_hippocampus_ST_A_Ex;Acc8_hypothalamus_LT_A_Ex
Asap1,3,DOWN,1,2,-0.06201774094425943,Acc3_brainstem_GLP_1;Acc3_brainstem_GLP_1_MK_801;Acc8_hippocampus_ST_A_Ex
Mtmr9,3,DOWN,1,2,-0.062329379944323395,Acc3_brainstem_GLP_1;Acc3_brainstem_GLP_1_MK_801;Acc8_hippocampus_ST_A_Ex
Arhgap32,3,DOWN,1,2,-0.06245598907662297,Acc3_brainstem_GLP_1;Acc3_brainstem_GLP_1_MK_801;Acc8_hippocampus_ST_A_Ex
Zyg11b,3,DOWN,1,2,-0.06264717215269647,Acc3_brainstem_GLP_1;Acc3_brainstem_GLP_1_MK_801;Acc8_hippocampus_ST_A_Ex
Magi2,3,DOWN,1,2,-0.06297162785888218,Acc10_hippocampus_Ex4_Pre_TBI;Acc3_brainstem_GLP_1_MK_801;Acc8_hippocampus_ST_A_Ex
Zfp952,3,DOWN,1,2,-0.06376873502926057,Acc8_hippocampus_ST_A_Ex;Acc8_hippocampus_ST_A_Ex_KD;Acc8_hypothalamus_LT_A_Ex
Smad9,3,DOWN,1,2,-0.06404986340276968,Acc3_brainstem_GLP_1;Acc3_brainstem_GLP_1_MK_801;Acc8_hippocampus_ST_A_Ex
Ranbp2,3,DOWN,1,2,-0.0641687988491662,Acc3_brainstem_GLP_1;Acc3_brainstem_GLP_1_MK_801;Acc8_hippocampus_ST_A_Ex
Smc1a,3,DOWN,1,2,-0.06469774055364864,Acc10_hippocampus_Ex4_Po_t_TBI;Acc11_hippocampus_Ex4_mTBI;Acc3_hypothalamus_GLP_1_MK_801
Kif3a,3,DOWN,1,2,-0.0647711392051994,Acc10_hippocampus_Ex4_Pre_TBI;Acc11_hippocampus_Ex4_mTBI;Acc3_hypothalamus_GLP_1_MK_801
Ankrd28,3,DOWN,1,2,-0.06486420738700299,Acc3_brainstem_GLP_1;Acc3_hypothalamus_GLP_1_MK_801;Acc8_hypothalamus_LT_A_Ex
Zfp811,3,DOWN,1,2,-0.06593905074220784,Acc3_brainstem_GLP_1;Acc8_hippocampus_ST_A_Ex;Acc8_hippocampus_ST_A_Ex_KD
Cep170,3,DOWN,1,2,-0.06597010709594835,Acc3_brainstem_GLP_1;Acc3_brainstem_GLP_1_MK_801;Acc8_hippocampus_ST_A_Ex
Pigg,3,DOWN,1,2,-0.066145516380126,Acc3_brainstem_GLP_1;Acc3_brainstem_GLP_1_MK_801;Acc8_hippocampus_ST_A_Ex_KD
Ctso,3,DOWN,1,2,-0.06636939078845797,Acc8_hippocampus_ST_A_Ex;Acc8_hippocampus_ST_A_Ex_KD;Acc8_hypothalamus_LT_A_Ex
Cdk14,3,DOWN,1,2,-0.06697237263271964,Acc3_brainstem_GLP_1;Acc3_brainstem_GLP_1_MK_801;Acc8_hippocampus_ST_A_Ex
Zfp961,3,DOWN,1,2,-0.06729246546016276,Acc8_hippocampus_ST_A_Ex;Acc8_hippocampus_ST_A_Ex_KD;Acc8_hypothalamus_LT_A_Ex
Smarca2,3,DOWN,1,2,-0.06745747943098261,Acc10_hippocampus_Ex4_Po_t_TBI;Acc10_hippocampus_Ex4_Pre_TBI;Acc3_hypothalamus_GLP_1_MK_801
Dip2b,3,DOWN,1,2,-0.06752798151436913,Acc3_brainstem_GLP_1;Acc3_brainstem_GLP_1_MK_801;Acc8_hippocampus_ST_A_Ex
Dsel,3,DOWN,1,2,-0.0675417567017783,Acc3_brainstem_GLP_1_MK_801;Acc8_hippocampus_ST_A_Ex;Acc8_hippocampus_ST_A_Ex_KD
Ppm1l,3,DOWN,1,2,-0.0677498418590415,Acc10_hippocampus_Ex4_Po_t_TBI;Acc10_hippocampus_Ex4_Pre_TBI;Acc3_brainstem_GLP_1_MK_801
Stox2,3,DOWN,1,2,-0.06980885072964531,Acc3_brainstem_GLP_1;Acc3_brainstem_GLP_1_MK_801;Acc8_hippocampus_ST_A_Ex
Arhgap35,3,DOWN,1,2,-0.07233352970997536,Acc3_brainstem_GLP_1;Acc3_brainstem_GLP_1_MK_801;Acc8_hippocampus_ST_A_Ex
Gga3,3,DOWN,1,2,-0.07273348602321507,Acc11_hippocampus_Ex4_mTBI;Acc8_hippocampus_ST_A_Ex;Acc8_hippocampus_ST_A_Ex_KD
Rpgrip1l,3,DOWN,1,2,-0.07350354768758287,Acc3_brainstem_GLP_1_MK_801;Acc8_hippocampus_ST_A_Ex;Acc8_hippocampus_ST_A_Ex_KD
Wdr77,3,DOWN,1,2,-0.07359509273529653,Acc3_hypothalamus_GLP_1_MK_801;Acc8_hippocampus_ST_A_Ex;Acc8_hypothalamus_LT_A_Ex
Arhgef6,3,DOWN,1,2,-0.0737483762808197,Acc8_hippocampus_ST_A_Ex;Acc8_hippocampus_ST_A_Ex_KD;Acc8_hypothalamus_LT_A_Ex
Fasn,3,DOWN,1,2,-0.07484416462710025,Acc3_brainstem_GLP_1;Acc3_brainstem_GLP_1_MK_801;Acc8_hippocampus_ST_A_Ex
Ap4s1,3,DOWN,1,2,-0.07530294460762717,Acc3_hypothalamus_GLP_1_MK_801;Acc3_hypothalamus_conjugate_2;Acc8_hippocampus_ST_A_Ex
Sel1l,3,DOWN,1,2,-0.07624051520175343,Acc3_brainstem_GLP_1;Acc3_brainstem_GLP_1_MK_801;Acc8_hippocampus_ST_A_Ex
Lrrc1,3,DOWN,1,2,-0.0763618970508556,Acc5_arc_IP118_PY115;Acc8_hippocampus_ST_A_Ex;Acc8_hippocampus_ST_A_Ex_KD
Klf2,3,DOWN,1,2,-0.07637292117073281,Acc10_hippocampus_Ex4_Po_t_TBI;Acc10_hippocampus_Exendin4;Acc5_pvn_IP118_PY115
Ttbk2,3,DOWN,1,2,-0.07703209736262573,Acc3_brainstem_GLP_1;Acc3_brainstem_GLP_1_MK_801;Acc3_hypothalamus_GLP_1_MK_801
Grin2a,3,DOWN,1,2,-0.07778903522092552,Acc3_brainstem_GLP_1;Acc3_brainstem_GLP_1_MK_801;Acc8_hippocampus_ST_A_Ex
Pcm1,3,DOWN,1,2,-0.078678151645883,Acc3_brainstem_GLP_1;Acc3_brainstem_GLP_1_MK_801;Acc8_hippocampus_ST_A_Ex
Mynn,3,DOWN,1,2,-0.07877076447609653,Acc8_hippocampus_ST_A_Ex;Acc8_hippocampus_ST_A_Ex_KD;Acc8_hypothalamus_LT_A_Ex
Bzw1,3,DOWN,1,2,-0.07890626300372121,Acc3_hypothalamus_GLP_1_MK_801;Acc8_hippocampus_ST_A_Ex;Acc8_hypothalamus_LT_A_Ex
Ccp110,3,DOWN,1,2,-0.0795795470699116,Acc3_brainstem_GLP_1;Acc3_hypothalamus_GLP_1_MK_801;Acc8_hypothalamus_LT_A_Ex
Edem3,3,DOWN,1,2,-0.07985791015198952,Acc3_brainstem_GLP_1;Acc3_brainstem_GLP_1_MK_801;Acc8_hippocampus_ST_A_Ex
Camk1d,3,DOWN,1,2,-0.07993191762149586,Acc10_hippocampus_Ex4_Pre_TBI;Acc3_brainstem_GLP_1;Acc3_brainstem_GLP_1_MK_801
Pbrm1,3,DOWN,1,2,-0.0801228918820939,Acc3_brainstem_GLP_1_MK_801;Acc8_hippocampus_ST_A_Ex;Acc8_hippocampus_ST_A_Ex_KD
Ccdc92,3,DOWN,1,2,-0.08021327671333288,Acc3_hypothalamus_GLP_1_MK_801;Acc8_hippocampus_ST_A_Ex;Acc8_hypothalamus_LT_A_Ex
Rnf157,3,DOWN,1,2,-0.08027660147623807,Acc3_hypothalamus_GLP_1_MK_801;Acc8_hippocampus_ST_A_Ex;Acc8_hypothalamus_LT_A_Ex
Ppp2r5e,3,DOWN,1,2,-0.08060989954240592,Acc3_brainstem_GLP_1;Acc3_brainstem_GLP_1_MK_801;Acc8_hippocampus_ST_A_Ex
Zfp882,3,DOWN,1,2,-0.0814773055054191,Acc8_hippocampus_ST_A_Ex;Acc8_hippocampus_ST_A_Ex_KD;Acc8_hypothalamus_LT_A_Ex
Gm6712,3,DOWN,1,2,-0.0818099773618744,Acc8_hippocampus_ST_A_Ex;Acc8_hippocampus_ST_A_Ex_KD;Acc8_hypothalamus_LT_A_Ex
Jmy,3,DOWN,1,2,-0.0819551212648023,Acc3_brainstem_GLP_1;Acc3_brainstem_GLP_1_MK_801;Acc8_hippocampus_ST_A_Ex
Pibf1,3,DOWN,1,2,-0.0825282578836779,Acc8_hippocampus_ST_A_Ex;Acc8_hippocampus_ST_A_Ex_KD;Acc8_hypothalamus_LT_A_Ex
Atp2a2,3,DOWN,1,2,-0.08255151692589165,Acc3_brainstem_GLP_1;Acc3_brainstem_GLP_1_MK_801;Acc8_hippocampus_ST_A_Ex
Arfgef1,3,DOWN,1,2,-0.0831660644824649,Acc3_brainstem_GLP_1;Acc3_brainstem_GLP_1_MK_801;Acc8_hippocampus_ST_A_Ex
Appbp2,3,DOWN,1,2,-0.08371087649996245,Acc3_brainstem_GLP_1;Acc3_brainstem_GLP_1_MK_801;Acc3_hypothalamus_GLP_1_MK_801
Dop1b,3,DOWN,1,2,-0.0840190096569791,Acc3_brainstem_GLP_1_MK_801;Acc8_hippocampus_ST_A_Ex;Acc8_hippocampus_ST_A_Ex_KD
Zfp597,3,DOWN,1,2,-0.08603740236608896,Acc3_brainstem_GLP_1;Acc3_brainstem_GLP_1_MK_801;Acc8_hippocampus_ST_A_Ex
Lmtk2,3,DOWN,1,2,-0.08689161976724451,Acc3_brainstem_GLP_1;Acc3_brainstem_GLP_1_MK_801;Acc8_hippocampus_ST_A_Ex
Frmpd4,3,DOWN,1,2,-0.08689498931086419,Acc3_brainstem_GLP_1;Acc3_brainstem_GLP_1_MK_801;Acc8_hippocampus_ST_A_Ex
Rnpep,3,DOWN,1,2,-0.08805785254462757,Acc3_brainstem_GLP_1;Acc8_hippocampus_ST_A_Ex;Acc8_hippocampus_ST_A_Ex_KD
Wdr7,3,DOWN,1,2,-0.08876264208972716,Acc3_brainstem_GLP_1;Acc3_brainstem_GLP_1_MK_801;Acc8_hippocampus_ST_A_Ex
Tbc1d12,3,DOWN,1,2,-0.0890690717893331,Acc3_brainstem_GLP_1_MK_801;Acc8_hippocampus_ST_A_Ex;Acc8_hippocampus_ST_A_Ex_KD
Amd1,3,DOWN,1,2,-0.08957804141442809,Acc8_hippocampus_ST_A_Ex;Acc8_hippocampus_ST_A_Ex_KD;Acc8_hypothalamus_LT_A_Ex
Cep97,3,DOWN,1,2,-0.08974052387552851,Acc3_brainstem_GLP_1;Acc3_hypothalamus_GLP_1_MK_801;Acc8_hypothalamus_LT_A_Ex
Ncoa2,3,DOWN,1,2,-0.09052395540468387,Acc3_brainstem_GLP_1;Acc3_brainstem_GLP_1_MK_801;Acc8_hippocampus_ST_A_Ex
Jazf1,3,DOWN,1,2,-0.0905674396302773,Acc3_brainstem_GLP_1_MK_801;Acc8_hippocampus_ST_A_Ex;Acc8_hippocampus_ST_A_Ex_KD
Ube4a,3,DOWN,1,2,-0.09099864317295962,Acc3_brainstem_GLP_1;Acc3_brainstem_GLP_1_MK_801;Acc8_hippocampus_ST_A_Ex
Zfp930,3,DOWN,1,2,-0.09143433551794343,Acc3_hypothalamus_GLP_1_MK_801;Acc8_hippocampus_ST_A_Ex;Acc8_hypothalamus_LT_A_Ex
Zfp944,3,DOWN,1,2,-0.09157095321226365,Acc8_hippocampus_ST_A_Ex;Acc8_hippocampus_ST_A_Ex_KD;Acc8_hypothalamus_LT_A_Ex
Prepl,3,DOWN,1,2,-0.09165338878509062,Acc3_brainstem_GLP_1;Acc3_brainstem_GLP_1_MK_801;Acc8_hippocampus_ST_A_Ex
Abtb2,3,DOWN,1,2,-0.0919832826328693,Acc5_pvn_IP118_PY115;Acc8_hippocampus_ST_A_Ex;Acc8_hippocampus_ST_A_Ex_KD
Opa1,3,DOWN,1,2,-0.0925800735652379,Acc3_brainstem_GLP_1;Acc3_brainstem_GLP_1_MK_801;Acc8_hippocampus_ST_A_Ex
Gpr158,3,DOWN,1,2,-0.09296167248164235,Acc3_brainstem_GLP_1;Acc3_brainstem_GLP_1_MK_801;Acc8_hippocampus_ST_A_Ex
Rps27l,3,DOWN,1,2,-0.09300469137150354,Acc3_brainstem_GLP_1_MK_801;Acc3_hypothalamus_GLP_1_MK_801;Acc8_hippocampus_ST_A_Ex
Ppp2r3a,3,DOWN,1,2,-0.09405052099043106,Acc3_brainstem_GLP_1_MK_801;Acc8_hippocampus_ST_A_Ex;Acc8_hippocampus_ST_A_Ex_KD
Gfpt1,3,DOWN,1,2,-0.09452280207679443,Acc3_brainstem_GLP_1;Acc3_brainstem_GLP_1_MK_801;Acc8_hippocampus_ST_A_Ex
Ednra,3,DOWN,1,2,-0.0946186123698215,Acc8_hippocampus_ST_A_Ex;Acc8_hippocampus_ST_A_Ex_KD;Acc8_hypothalamus_LT_A_Ex
Mrm3,3,UP,2,1,-0.09472573615076839,Acc6_mbh_AC710222;Acc8_hippocampus_ST_A_Ex;Acc8_hippocampus_ST_A_Ex_KD
Ccnc,3,DOWN,1,2,-0.09529333094900233,Acc3_hypothalamus_GLP_1_MK_801;Acc8_hippocampus_ST_A_Ex_KD;Acc8_hypothalamus_LT_A_Ex
Rheb,3,DOWN,1,2,-0.09551728276350134,Acc3_hypothalamus_GLP_1_MK_801;Acc8_frontalcortex_LT_A_Ex;Acc8_hypothalamus_LT_A_Ex
Nf1,3,DOWN,1,2,-0.09563706203857174,Acc3_brainstem_GLP_1;Acc3_brainstem_GLP_1_MK_801;Acc8_hippocampus_ST_A_Ex
Pcdhga11,3,DOWN,1,2,-0.09565558815614093,Acc3_brainstem_GLP_1;Acc3_brainstem_GLP_1_MK_801;Acc8_hypothalamus_LT_A_Ex
Camta1,3,DOWN,1,2,-0.0956579086083471,Acc3_brainstem_GLP_1_MK_801;Acc8_hippocampus_ST_A_Ex;Acc8_hippocampus_ST_A_Ex_KD
Ccng2,3,DOWN,1,2,-0.0957639859375512,Acc3_hypothalamus_GLP_1_MK_801;Acc8_hippocampus_ST_A_Ex;Acc8_hypothalamus_LT_A_Ex
Hecw1,3,DOWN,1,2,-0.0967571072826061,Acc3_brainstem_GLP_1;Acc3_brainstem_GLP_1_MK_801;Acc8_hippocampus_ST_A_Ex
Brd4,3,DOWN,1,2,-0.09685707671620451,Acc3_hypothalamus_GLP_1_MK_801;Acc8_hippocampus_ST_A_Ex;Acc8_hippocampus_ST_A_Ex_KD
Pds5b,3,DOWN,1,2,-0.09695543086047907,Acc3_brainstem_GLP_1;Acc3_brainstem_GLP_1_MK_801;Acc8_hippocampus_ST_A_Ex
Tprkb,3,DOWN,1,2,-0.09726689928897407,Acc8_hippocampus_ST_A_Ex;Acc8_hippocampus_ST_A_Ex_KD;Acc8_hypothalamus_LT_A_Ex
Gm13707,3,DOWN,1,2,-0.09738790020440863,Acc8_hippocampus_ST_A_Ex;Acc8_hippocampus_ST_A_Ex_KD;Acc8_hypothalamus_LT_A_Ex
Htr1a,3,DOWN,1,2,-0.098103861563572,Acc8_frontalcortex_ST_A_Ex;Acc8_hippocampus_ST_A_Ex;Acc8_hippocampus_ST_A_Ex_KD
Nrip1,3,DOWN,1,2,-0.09836416096947957,Acc3_brainstem_GLP_1;Acc3_brainstem_GLP_1_MK_801;Acc8_hippocampus_ST_A_Ex
Zfp874b,3,DOWN,1,2,-0.09860604710104857,Acc3_hypothalamus_GLP_1_MK_801;Acc8_hippocampus_ST_A_Ex;Acc8_hypothalamus_LT_A_Ex
Ago2,3,DOWN,1,2,-0.09935174422780546,Acc10_hippocampus_Ex4_Po_t_TBI;Acc10_hippocampus_Ex4_Pre_TBI;Acc3_brainstem_GLP_1_MK_801
Ttc39b,3,DOWN,1,2,-0.09966271420640621,Acc3_brainstem_GLP_1;Acc3_brainstem_GLP_1_MK_801;Acc3_hypothalamus_GLP_1_MK_801
Clec16a,3,DOWN,1,2,-0.0997853096010098,Acc3_brainstem_GLP_1_MK_801;Acc8_hippocampus_ST_A_Ex;Acc8_hippocampus_ST_A_Ex_KD
Rmnd5a,3,DOWN,1,2,-0.1005067560115032,Acc11_hippocampus_Ex4;Acc3_hypothalamus_GLP_1_MK_801;Acc8_hippocampus_ST_A_Ex
Dock1,3,DOWN,1,2,-0.10079836508305352,Acc3_brainstem_GLP_1;Acc3_hypothalamus_conjugate_2;Acc8_hippocampus_ST_A_Ex_KD
Pde4b,3,DOWN,1,2,-0.10226834757960557,Acc11_hippocampus_Ex4;Acc8_hippocampus_ST_A_Ex;Acc8_hippocampus_ST_A_Ex_KD
Chp1,3,DOWN,1,2,-0.102743195366667,Acc10_hippocampus_Ex4_Pre_TBI;Acc11_hippocampus_Ex4;Acc11_hippocampus_Ex4_mTBI
Rif1,3,DOWN,1,2,-0.10300808906556207,Acc3_brainstem_GLP_1_MK_801;Acc8_hippocampus_ST_A_Ex;Acc8_hippocampus_ST_A_Ex_KD
Ipo7,3,DOWN,1,2,-0.10385380277820404,Acc3_brainstem_GLP_1;Acc3_brainstem_GLP_1_MK_801;Acc8_hippocampus_ST_A_Ex
Ube2w,3,DOWN,1,2,-0.10481966474752813,Acc3_hypothalamus_GLP_1_MK_801;Acc8_hippocampus_ST_A_Ex;Acc8_hypothalamus_LT_A_Ex
Cdk13,3,DOWN,1,2,-0.10504197943733416,Acc10_hippocampus_Ex4_Po_t_TBI;Acc3_brainstem_GLP_1_MK_801;Acc8_hippocampus_ST_A_Ex
Map3k13,3,DOWN,1,2,-0.10682920722647384,Acc3_brainstem_GLP_1_MK_801;Acc8_hippocampus_ST_A_Ex;Acc8_hippocampus_ST_A_Ex_KD
Tbl1x,3,DOWN,1,2,-0.10722260771769752,Acc10_hippocampus_Ex4_Pre_TBI;Acc5_pvn_IP118_PY115;Acc8_hippocampus_ST_A_Ex
Casd1,3,DOWN,1,2,-0.10869958792559005,Acc3_brainstem_GLP_1_MK_801;Acc8_hippocampus_ST_A_Ex;Acc8_hippocampus_ST_A_Ex_KD
Rab30,3,DOWN,1,2,-0.10883770079966572,Acc3_brainstem_GLP_1;Acc3_brainstem_GLP_1_MK_801;Acc8_hippocampus_ST_A_Ex
Slit3,3,DOWN,1,2,-0.10896164470095837,Acc3_hypothalamus_GLP_1_MK_801;Acc8_hippocampus_ST_A_Ex;Acc8_hypothalamus_LT_A_Ex
Atp1a3,3,DOWN,1,2,-0.10938933233930948,Acc3_hypothalamus_GLP_1_MK_801;Acc8_hippocampus_ST_A_Ex;Acc8_hypothalamus_LT_A_Ex
Hsf2,3,DOWN,1,2,-0.1101007256642136,Acc3_hypothalamus_GLP_1_MK_801;Acc8_hippocampus_ST_A_Ex;Acc8_hypothalamus_LT_A_Ex
Zfp703,3,DOWN,1,2,-0.11022826335421887,Acc5_pvn_IP118_PY115;Acc8_frontalcortex_ST_A_Ex_KD;Acc8_hippocampus_ST_A_Ex
Sh3bgrl,3,DOWN,1,2,-0.1102663565468172,Acc8_hippocampus_ST_A_Ex;Acc8_hippocampus_ST_A_Ex_KD;Acc8_hypothalamus_LT_A_Ex
Frs2,3,DOWN,1,2,-0.11035325345338746,Acc3_brainstem_GLP_1_MK_801;Acc8_hippocampus_ST_A_Ex;Acc8_hippocampus_ST_A_Ex_KD
A830018l16rik,3,DOWN,1,2,-0.11283165957834584,Acc3_brainstem_GLP_1_MK_801;Acc3_hypothalamus_GLP_1_MK_801;Acc8_hippocampus_ST_A_Ex
Rnf2,3,DOWN,1,2,-0.11292362650264226,Acc11_hippocampus_Ex4;Acc3_hypothalamus_GLP_1_MK_801;Acc8_hippocampus_ST_A_Ex
Fyco1,3,DOWN,1,2,-0.1130182725068794,Acc3_brainstem_GLP_1_MK_801;Acc8_frontalcortex_ST_A_Ex;Acc8_frontalcortex_ST_A_Ex_KD
Zfp994,3,DOWN,1,2,-0.11314370913502779,Acc8_hippocampus_ST_A_Ex;Acc8_hippocampus_ST_A_Ex_KD;Acc8_hypothalamus_LT_A_Ex
Sik3,3,DOWN,1,2,-0.1132051130841422,Acc3_brainstem_GLP_1_MK_801;Acc8_hippocampus_ST_A_Ex;Acc8_hypothalamus_LT_A_Ex
Fastkd5,3,DOWN,1,2,-0.1133973619134716,Acc8_hippocampus_ST_A_Ex;Acc8_hippocampus_ST_A_Ex_KD;Acc8_hypothalamus_LT_A_Ex
Tpp2,3,DOWN,1,2,-0.11427208105929253,Acc3_brainstem_GLP_1;Acc3_brainstem_GLP_1_MK_801;Acc8_hippocampus_ST_A_Ex
Insig1,3,DOWN,1,2,-0.11449596733448623,Acc11_hippocampus_Ex4;Acc11_hippocampus_Ex4_mTBI;Acc3_hypothalamus_GLP_1_MK_801
Kcnc1,3,DOWN,1,2,-0.11454340906462673,Acc3_brainstem_GLP_1;Acc3_brainstem_GLP_1_MK_801;Acc8_hypothalamus_LT_A_Ex
Tlr4,3,DOWN,1,2,-0.11533953033095747,Acc8_hippocampus_ST_A_Ex;Acc8_hippocampus_ST_A_Ex_KD;Acc8_hypothalamus_LT_A_Ex
Rrm2b,3,DOWN,1,2,-0.11603565933136728,Acc3_brainstem_GLP_1;Acc3_brainstem_GLP_1_MK_801;Acc3_hypothalamus_GLP_1_MK_801
Dpy19l3,3,DOWN,1,2,-0.11609268022750303,Acc3_brainstem_GLP_1_MK_801;Acc8_hippocampus_ST_A_Ex;Acc8_hippocampus_ST_A_Ex_KD
Sypl,3,DOWN,1,2,-0.11697608792553349,Acc3_brainstem_GLP_1;Acc3_hypothalamus_GLP_1_MK_801;Acc8_hypothalamus_LT_A_Ex
Ankib1,3,DOWN,1,2,-0.1174350621409952,Acc3_brainstem_GLP_1;Acc3_brainstem_GLP_1_MK_801;Acc8_hippocampus_ST_A_Ex
Taok1,3,DOWN,1,2,-0.11754322459287196,Acc3_brainstem_GLP_1;Acc3_brainstem_GLP_1_MK_801;Acc3_hypothalamus_GLP_1_MK_801
Phlpp1,3,DOWN,1,2,-0.11800546563553303,Acc3_brainstem_GLP_1;Acc3_brainstem_GLP_1_MK_801;Acc8_hippocampus_ST_A_Ex
Tlr7,3,DOWN,1,2,-0.1184883234088253,Acc3_accumbens_GLP_1;Acc8_hippocampus_ST_A_Ex;Acc8_hippocampus_ST_A_Ex_KD
Rbm27,3,DOWN,1,2,-0.11891362707745945,Acc3_brainstem_GLP_1_MK_801;Acc8_hippocampus_ST_A_Ex;Acc8_hippocampus_ST_A_Ex_KD
Tmf1,3,DOWN,1,2,-0.119047010843172,Acc3_brainstem_GLP_1;Acc3_brainstem_GLP_1_MK_801;Acc8_hippocampus_ST_A_Ex
Gabbr2,3,DOWN,1,2,-0.1194022239197496,Acc3_brainstem_GLP_1_MK_801;Acc8_hippocampus_ST_A_Ex;Acc8_hypothalamus_LT_A_Ex
Dnase1l2,3,DOWN,1,2,-0.1199348783956718,Acc3_brainstem_GLP_1;Acc3_hypothalamus_GLP_1_MK_801;Acc3_hypothalamus_conjugate_2
Jrkl,3,DOWN,1,2,-0.12009848001370022,Acc8_hippocampus_ST_A_Ex;Acc8_hippocampus_ST_A_Ex_KD;Acc8_hypothalamus_LT_A_Ex
Elavl2,3,DOWN,1,2,-0.1202847419268593,Acc3_brainstem_GLP_1;Acc3_brainstem_GLP_1_MK_801;Acc3_hypothalamus_GLP_1_MK_801
Aspa,3,DOWN,1,2,-0.12034336468733524,Acc3_brainstem_GLP_1;Acc3_hypothalamus_GLP_1_MK_801;Acc8_hypothalamus_LT_A_Ex
Gnal,3,DOWN,1,2,-0.1204065674282046,Acc3_brainstem_GLP_1_MK_801;Acc8_hippocampus_ST_A_Ex;Acc8_hippocampus_ST_A_Ex_KD
Nek7,3,DOWN,1,2,-0.1213892539443104,Acc5_pvn_IP118_PY115;Acc8_hippocampus_ST_A_Ex;Acc8_hippocampus_ST_A_Ex_KD
Usp32,3,DOWN,1,2,-0.12239104823728923,Acc3_brainstem_GLP_1;Acc3_brainstem_GLP_1_MK_801;Acc8_hippocampus_ST_A_Ex
Reps2,3,DOWN,1,2,-0.12251499801427973,Acc3_brainstem_GLP_1_MK_801;Acc3_hypothalamus_GLP_1_MK_801;Acc8_hippocampus_ST_A_Ex
Rtl4,3,DOWN,1,2,-0.12268832268485423,Acc8_hippocampus_ST_A_Ex;Acc8_hippocampus_ST_A_Ex_KD;Acc8_hypothalamus_LT_A_Ex
Usp53,3,DOWN,1,2,-0.12279333218860566,Acc3_brainstem_GLP_1_MK_801;Acc8_hippocampus_ST_A_Ex;Acc8_hippocampus_ST_A_Ex_KD
Rpp38,3,DOWN,1,2,-0.12320743866932836,Acc8_hippocampus_ST_A_Ex;Acc8_hippocampus_ST_A_Ex_KD;Acc8_hypothalamus_LT_A_Ex
Ndst4,3,DOWN,1,2,-0.1245092078927967,Acc3_brainstem_GLP_1;Acc3_brainstem_GLP_1_MK_801;Acc8_hippocampus_ST_A_Ex
Cntn1,3,DOWN,1,2,-0.12485438154524166,Acc3_brainstem_GLP_1;Acc3_brainstem_GLP_1_MK_801;Acc8_hippocampus_ST_A_Ex
Lrfn3,3,DOWN,1,2,-0.12505351695061803,Acc3_hypothalamus_GLP_1_MK_801;Acc8_hippocampus_ST_A_Ex;Acc8_hypothalamus_LT_A_Ex
Gabrb2,3,DOWN,1,2,-0.1254436339521995,Acc3_brainstem_GLP_1;Acc3_brainstem_GLP_1_MK_801;Acc8_hippocampus_ST_A_Ex
Atp8a1,3,DOWN,1,2,-0.1256337650735366,Acc10_hippocampus_Ex4_Po_t_TBI;Acc3_brainstem_GLP_1_MK_801;Acc8_hippocampus_ST_A_Ex
Camta2,3,DOWN,1,2,-0.12599526559506583,Acc3_hypothalamus_GLP_1_MK_801;Acc8_hippocampus_ST_A_Ex;Acc8_hypothalamus_LT_A_Ex
Cdyl2,3,DOWN,1,2,-0.12790214265094182,Acc3_brainstem_GLP_1;Acc3_hypothalamus_GLP_1_MK_801;Acc8_hippocampus_ST_A_Ex
Gdf1,3,DOWN,1,2,-0.12875169953465784,Acc3_brainstem_GLP_1;Acc3_brainstem_GLP_1_MK_801;Acc8_hippocampus_ST_A_Ex
Ermn,3,DOWN,1,2,-0.12906367368218905,Acc3_brainstem_GLP_1;Acc8_hippocampus_ST_A_Ex_KD;Acc8_hypothalamus_LT_A_Ex
Ubash3b,3,DOWN,1,2,-0.12922372338126728,Acc3_brainstem_GLP_1_MK_801;Acc8_hippocampus_ST_A_Ex;Acc8_hippocampus_ST_A_Ex_KD
Dpy19l4,3,DOWN,1,2,-0.1296961013945255,Acc3_brainstem_GLP_1_MK_801;Acc3_hypothalamus_GLP_1_MK_801;Acc8_hippocampus_ST_A_Ex
Zfp97,3,DOWN,1,2,-0.129793714220745,Acc8_hippocampus_ST_A_Ex;Acc8_hippocampus_ST_A_Ex_KD;Acc8_hypothalamus_LT_A_Ex
Zfp758,3,DOWN,1,2,-0.13248391878342683,Acc8_hippocampus_ST_A_Ex;Acc8_hippocampus_ST_A_Ex_KD;Acc8_hypothalamus_LT_A_Ex
Ppp4r3a,3,DOWN,1,2,-0.13314832967875137,Acc3_hypothalamus_GLP_1_MK_801;Acc8_hippocampus_ST_A_Ex;Acc8_hypothalamus_LT_A_Ex
Slc25a40,3,DOWN,1,2,-0.1332064907968649,Acc3_hypothalamus_GLP_1_MK_801;Acc8_hippocampus_ST_A_Ex_KD;Acc8_hypothalamus_LT_A_Ex
Cltc,3,DOWN,1,2,-0.13355185033063718,Acc3_brainstem_GLP_1;Acc3_brainstem_GLP_1_MK_801;Acc8_hippocampus_ST_A_Ex
Pigt,3,DOWN,1,2,-0.13631018509541612,Acc3_hypothalamus_GLP_1_MK_801;Acc8_hippocampus_ST_A_Ex;Acc8_hippocampus_ST_A_Ex_KD
Lemd3,3,DOWN,1,2,-0.13645172476092954,Acc3_brainstem_GLP_1;Acc3_brainstem_GLP_1_MK_801;Acc3_hypothalamus_GLP_1_MK_801
Pnn,3,UP,2,1,-0.13670734096846782,Acc6_dvc_COMBO;Acc8_hippocampus_ST_A_Ex;Acc8_hippocampus_ST_A_Ex_KD
Auts2,3,DOWN,1,2,-0.1378599905090289,Acc11_hippocampus_Ex4_mTBI;Acc8_hippocampus_ST_A_Ex;Acc8_hippocampus_ST_A_Ex_KD
Zfp420,3,DOWN,1,2,-0.13853739145649793,Acc3_hypothalamus_GLP_1_MK_801;Acc3_hypothalamus_conjugate_2;Acc8_hypothalamus_LT_A_Ex
Cul5,3,DOWN,1,2,-0.13929016402892624,Acc11_hippocampus_Ex4_mTBI;Acc8_hippocampus_ST_A_Ex;Acc8_hippocampus_ST_A_Ex_KD
Itgav,3,DOWN,1,2,-0.14068728277193338,Acc3_brainstem_GLP_1;Acc3_brainstem_GLP_1_MK_801;Acc8_hippocampus_ST_A_Ex
Adcyap1r1,3,DOWN,1,2,-0.14124817616560048,Acc3_brainstem_GLP_1_MK_801;Acc8_hippocampus_ST_A_Ex;Acc8_hippocampus_ST_A_Ex_KD
Hectd2os,3,DOWN,1,2,-0.14131135935254324,Acc8_hippocampus_ST_A_Ex;Acc8_hippocampus_ST_A_Ex_KD;Acc8_hypothalamus_LT_A_Ex
Unc5b,3,DOWN,1,2,-0.14289409054615954,Acc3_brainstem_GLP_1;Acc3_brainstem_GLP_1_MK_801;Acc8_hippocampus_ST_A_Ex_KD
Golga7,3,DOWN,1,2,-0.14333084453258296,Acc11_hippocampus_Ex4_mTBI;Acc3_hypothalamus_GLP_1_MK_801;Acc8_hypothalamus_LT_A_Ex
Cnot7,3,DOWN,1,2,-0.14343689557869538,Acc3_hypothalamus_GLP_1_MK_801;Acc8_hippocampus_ST_A_Ex;Acc8_hypothalamus_LT_A_Ex
Coa7,3,DOWN,1,2,-0.14344465905098921,Acc10_hippocampus_Ex4_Po_t_TBI;Acc10_hippocampus_Ex4_Pre_TBI;Acc8_hippocampus_ST_A_Ex_KD
Adgre1,3,DOWN,1,2,-0.14422529378610444,Acc11_hippocampus_Ex4_mTBI;Acc8_hippocampus_ST_A_Ex;Acc8_hippocampus_ST_A_Ex_KD
Prex2,3,DOWN,1,2,-0.14517534940439372,Acc3_brainstem_GLP_1_MK_801;Acc8_frontalcortex_ST_A_Ex;Acc8_hippocampus_ST_A_Ex
Snap23,3,DOWN,1,2,-0.14682108140702543,Acc3_hypothalamus_GLP_1_MK_801;Acc8_hippocampus_ST_A_Ex;Acc8_hypothalamus_LT_A_Ex
Pdk4,3,DOWN,1,2,-0.14918884350146053,Acc3_brainstem_GLP_1;Acc8_hippocampus_ST_A_Ex;Acc8_hippocampus_ST_A_Ex_KD
Snx14,3,DOWN,1,2,-0.15026811946598784,Acc8_hippocampus_ST_A_Ex;Acc8_hippocampus_ST_A_Ex_KD;Acc8_hypothalamus_LT_A_Ex
6530402f18rik,3,DOWN,1,2,-0.15336591891207807,Acc3_brainstem_GLP_1;Acc3_brainstem_GLP_1_MK_801;Acc8_hippocampus_ST_A_Ex
Gkap1,3,DOWN,1,2,-0.1534901256,Acc10_hippocampus_Ex4_Po_t_TBI;Acc10_hippocampus_Ex4_Pre_TBI;Acc11_hippocampus_Ex4
Smg1,3,DOWN,1,2,-0.1536925437592085,Acc11_hippocampus_Ex4_mTBI;Acc3_hypothalamus_GLP_1_MK_801;Acc8_frontalcortex_ST_A_Ex
Mme,3,DOWN,1,2,-0.15761554598047156,Acc3_brainstem_GLP_1_MK_801;Acc8_hippocampus_ST_A_Ex;Acc8_hippocampus_ST_A_Ex_KD
Impad1,3,DOWN,1,2,-0.15809989054268755,Acc3_brainstem_GLP_1;Acc3_brainstem_GLP_1_MK_801;Acc3_hypothalamus_GLP_1_MK_801
Ddx6,3,DOWN,1,2,-0.16138231897060532,Acc10_hippocampus_Ex4_Po_t_TBI;Acc10_hippocampus_Ex4_Pre_TBI;Acc8_hippocampus_ST_A_Ex_KD
Gm38553,3,DOWN,1,2,-0.1636659982752707,Acc8_hippocampus_ST_A_Ex;Acc8_hippocampus_ST_A_Ex_KD;Acc8_hypothalamus_LT_A_Ex
Fzd3,3,DOWN,1,2,-0.16396340021764372,Acc3_brainstem_GLP_1_MK_801;Acc3_hypothalamus_GLP_1_MK_801;Acc8_hippocampus_ST_A_Ex
Trim36,3,DOWN,1,2,-0.16509889802069047,Acc3_brainstem_GLP_1;Acc3_hypothalamus_GLP_1_MK_801;Acc8_hypothalamus_LT_A_Ex
Nedd1,3,DOWN,1,2,-0.16563388331392007,Acc3_hypothalamus_GLP_1_MK_801;Acc8_hippocampus_ST_A_Ex_KD;Acc8_hypothalamus_LT_A_Ex
Ascc3,3,DOWN,1,2,-0.16600792569276782,Acc3_brainstem_GLP_1_MK_801;Acc8_hippocampus_ST_A_Ex;Acc8_hippocampus_ST_A_Ex_KD
Dock8,3,DOWN,1,2,-0.1680457403493033,Acc3_brainstem_GLP_1_MK_801;Acc8_hippocampus_ST_A_Ex;Acc8_hippocampus_ST_A_Ex_KD
Mdga1,3,DOWN,1,2,-0.1695735878555528,Acc3_hypothalamus_GLP_1_MK_801;Acc8_hippocampus_ST_A_Ex;Acc8_hypothalamus_LT_A_Ex
St3gal1,3,DOWN,1,2,-0.1721764259950651,Acc5_pvn_IP118_PY115;Acc8_hippocampus_ST_A_Ex;Acc8_hippocampus_ST_A_Ex_KD
Parp14,3,DOWN,1,2,-0.17331621177954337,Acc10_hippocampus_Ex4_Pre_TBI;Acc8_hippocampus_ST_A_Ex;Acc8_hippocampus_ST_A_Ex_KD
Bicra,3,DOWN,1,2,-0.17661080488643613,Acc3_hypothalamus_GLP_1_MK_801;Acc8_hippocampus_ST_A_Ex;Acc8_hypothalamus_LT_A_Ex
Slc16a7,3,DOWN,1,2,-0.17791550219818275,Acc3_brainstem_GLP_1;Acc3_brainstem_GLP_1_MK_801;Acc3_hypothalamus_GLP_1_MK_801
G2e3,3,DOWN,1,2,-0.17911754995084359,Acc3_hypothalamus_GLP_1_MK_801;Acc8_hippocampus_ST_A_Ex;Acc8_hypothalamus_LT_A_Ex
Rps6ka6,3,DOWN,1,2,-0.18004865591579525,Acc3_brainstem_GLP_1_MK_801;Acc3_hypothalamus_GLP_1_MK_801;Acc8_hippocampus_ST_A_Ex
Gm36995,3,DOWN,1,2,-0.18032913321438915,Acc3_brainstem_GLP_1;Acc3_brainstem_GLP_1_MK_801;Acc3_hypothalamus_conjugate_2
Mid2,3,DOWN,1,2,-0.18102451767827618,Acc3_brainstem_GLP_1_MK_801;Acc8_hippocampus_ST_A_Ex;Acc8_hippocampus_ST_A_Ex_KD
Phf20l1,3,DOWN,1,2,-0.18225876161552926,Acc3_hypothalamus_GLP_1_MK_801;Acc8_hippocampus_ST_A_Ex;Acc8_hypothalamus_LT_A_Ex
Eef2,3,DOWN,1,2,-0.18295149933851937,Acc11_hippocampus_Ex4_mTBI;Acc3_hypothalamus_GLP_1_MK_801;Acc8_hypothalamus_LT_A_Ex
Srsf7,3,DOWN,1,2,-0.18459911116236172,Acc3_hypothalamus_GLP_1_MK_801;Acc8_frontalcortex_ST_A_Ex_KD;Acc8_hypothalamus_LT_A_Ex
Diaph2,3,DOWN,1,2,-0.1896116567065772,Acc3_brainstem_GLP_1_MK_801;Acc8_hippocampus_ST_A_Ex;Acc8_hippocampus_ST_A_Ex_KD
Xpr1,3,DOWN,1,2,-0.19111467280706917,Acc3_brainstem_GLP_1_MK_801;Acc8_hippocampus_ST_A_Ex;Acc8_hippocampus_ST_A_Ex_KD
Pcdhgc4,3,DOWN,1,2,-0.19298008474385794,Acc3_brainstem_GLP_1;Acc3_brainstem_GLP_1_MK_801;Acc8_hypothalamus_LT_A_Ex
Zfhx3,3,DOWN,1,2,-0.19496680188482052,Acc3_brainstem_GLP_1_MK_801;Acc8_hippocampus_ST_A_Ex;Acc8_hippocampus_ST_A_Ex_KD
Tril,3,DOWN,1,2,-0.19560920466551202,Acc3_brainstem_GLP_1_MK_801;Acc8_hippocampus_ST_A_Ex;Acc8_hippocampus_ST_A_Ex_KD
Ranbp6,3,DOWN,1,2,-0.19740644233154417,Acc3_brainstem_GLP_1_MK_801;Acc8_hippocampus_ST_A_Ex;Acc8_hippocampus_ST_A_Ex_KD
Glrx,3,UP,2,1,-0.20039043737563703,Acc6_mbh_AC3174;Acc8_hippocampus_ST_A_Ex;Acc8_hippocampus_ST_A_Ex_KD
Tmtc3,3,DOWN,1,2,-0.20252018020759674,Acc3_brainstem_GLP_1_MK_801;Acc3_hypothalamus_GLP_1_MK_801;Acc8_hippocampus_ST_A_Ex
Ccng1,3,DOWN,1,2,-0.20707232595481442,Acc8_hippocampus_ST_A_Ex;Acc8_hippocampus_ST_A_Ex_KD;Acc8_hypothalamus_LT_A_Ex
Gbp9,3,DOWN,1,2,-0.20915250143486827,Acc8_hippocampus_ST_A_Ex;Acc8_hippocampus_ST_A_Ex_KD;Acc8_hypothalamus_LT_A_Ex
Kitl,3,DOWN,1,2,-0.21221031092089734,Acc8_hippocampus_ST_A_Ex;Acc8_hippocampus_ST_A_Ex_KD;Acc8_hypothalamus_LT_A_Ex
Mfsd14a,3,DOWN,0,3,-0.21292645344458225,Acc3_brainstem_GLP_1;Acc3_hypothalamus_GLP_1_MK_801;Acc8_hippocampus_ST_A_Ex_KD
Zfp934,3,DOWN,1,2,-0.21570051079818045,Acc8_hippocampus_ST_A_Ex;Acc8_hippocampus_ST_A_Ex_KD;Acc8_hypothalamus_LT_A_Ex
Tbck,3,DOWN,1,2,-0.2177896097376589,Acc3_brainstem_GLP_1_MK_801;Acc8_hippocampus_ST_A_Ex;Acc8_hippocampus_ST_A_Ex_KD
Tmc4,3,DOWN,1,2,-0.22027335417103266,Acc3_brainstem_GLP_1;Acc3_hypothalamus_conjugate_2;Acc8_frontalcortex_ST_A_Ex
Zc3h11a,3,DOWN,1,2,-0.22075819438195524,Acc3_brainstem_GLP_1;Acc3_brainstem_GLP_1_MK_801;Acc3_hypothalamus_GLP_1_MK_801
Fmnl2,3,DOWN,0,3,-0.22301748230544596,Acc3_brainstem_GLP_1;Acc8_hippocampus_ST_A_Ex;Acc8_hippocampus_ST_A_Ex_KD
Atp6v1a,3,DOWN,0,3,-0.22399185322981865,Acc10_hippocampus_Ex4_Po_t_TBI;Acc3_brainstem_GLP_1;Acc3_hypothalamus_GLP_1_MK_801
Mff,3,DOWN,0,3,-0.22446283727441027,Acc3_hypothalamus_GLP_1_MK_801;Acc8_hippocampus_ST_A_Ex;Acc8_hippocampus_ST_A_Ex_KD
Gatad2b,3,DOWN,0,3,-0.22476192110374296,Acc10_hippocampus_Ex4_Po_t_TBI;Acc10_hippocampus_Ex4_Pre_TBI;Acc3_brainstem_GLP_1
Ddhd1,3,DOWN,0,3,-0.22551997096371876,Acc8_frontalcortex_ST_A_Ex;Acc8_hippocampus_ST_A_Ex;Acc8_hippocampus_ST_A_Ex_KD
Hnrnph1,3,DOWN,0,3,-0.2261286813154414,Acc10_hippocampus_Ex4_Po_t_TBI;Acc10_hippocampus_Ex4_Pre_TBI;Acc3_hypothalamus_GLP_1_MK_801
Pnkd,3,DOWN,1,2,-0.22675770250638097,Acc3_hypothalamus_GLP_1_MK_801;Acc6_mbh_AC710222;Acc8_hypothalamus_LT_A_Ex
Gpr27,3,DOWN,0,3,-0.22760310829949879,Acc10_hippocampus_Ex4_Pre_TBI;Acc11_hippocampus_Ex4_mTBI;Acc3_hypothalamus_conjugate_2
Il6st,3,DOWN,0,3,-0.2278391411894988,Acc3_brainstem_GLP_1;Acc8_hippocampus_ST_A_Ex;Acc8_hippocampus_ST_A_Ex_KD
Atf7,3,DOWN,0,3,-0.22921510927108502,Acc3_brainstem_GLP_1;Acc3_hypothalamus_GLP_1_MK_801;Acc8_hippocampus_ST_A_Ex
Dnajc3,3,DOWN,0,3,-0.2297553448314471,Acc10_hippocampus_Ex4_Pre_TBI;Acc3_brainstem_GLP_1;Acc8_hippocampus_ST_A_Ex
Tm9sf2,3,DOWN,0,3,-0.2300687711996778,Acc3_brainstem_GLP_1;Acc8_hippocampus_ST_A_Ex;Acc8_hippocampus_ST_A_Ex_KD
Fxr1,3,DOWN,0,3,-0.23089505321104353,Acc3_hypothalamus_GLP_1_MK_801;Acc3_hypothalamus_conjugate_2;Acc8_hippocampus_ST_A_Ex
Trim9,3,DOWN,0,3,-0.23111241081057113,Acc10_hippocampus_Ex4_Po_t_TBI;Acc8_frontalcortex_ST_A_Ex;Acc8_hippocampus_ST_A_Ex
Dstn,3,DOWN,0,3,-0.23165269175003592,Acc3_hypothalamus_GLP_1_MK_801;Acc8_hippocampus_ST_A_Ex;Acc8_hippocampus_ST_A_Ex_KD
Spry3,3,DOWN,1,2,-0.2328789974837704,Acc3_brainstem_GLP_1_MK_801;Acc8_hippocampus_ST_A_Ex;Acc8_hippocampus_ST_A_Ex_KD
Polr3f,3,DOWN,0,3,-0.23367017267639834,Acc3_hypothalamus_GLP_1_MK_801;Acc8_hippocampus_ST_A_Ex;Acc8_hippocampus_ST_A_Ex_KD
Ogt,3,DOWN,0,3,-0.23412879908011827,Acc3_hypothalamus_GLP_1_MK_801;Acc8_hippocampus_ST_A_Ex;Acc8_hippocampus_ST_A_Ex_KD
Rgs4,3,DOWN,0,3,-0.23420148578333336,Acc10_hippocampus_Ex4_Po_t_TBI;Acc10_hippocampus_Ex4_Pre_TBI;Acc10_hippocampus_Exendin4
Ube2b,3,DOWN,0,3,-0.23440162257387107,Acc3_hypothalamus_GLP_1_MK_801;Acc8_hippocampus_ST_A_Ex;Acc8_hippocampus_ST_A_Ex_KD
Ssr3,3,DOWN,0,3,-0.23583805384722112,Acc3_hypothalamus_GLP_1_MK_801;Acc8_hippocampus_ST_A_Ex;Acc8_hippocampus_ST_A_Ex_KD
Leprotl1,3,DOWN,0,3,-0.23671660242550097,Acc3_hypothalamus_GLP_1_MK_801;Acc8_hippocampus_ST_A_Ex;Acc8_hippocampus_ST_A_Ex_KD
Ostm1,3,DOWN,0,3,-0.238478065352604,Acc3_hypothalamus_GLP_1_MK_801;Acc8_hippocampus_ST_A_Ex;Acc8_hippocampus_ST_A_Ex_KD
Ythdf2,3,DOWN,0,3,-0.23867011774220415,Acc10_hippocampus_Ex4_Po_t_TBI;Acc11_hippocampus_Ex4_mTBI;Acc8_hippocampus_ST_A_Ex
Pja2,3,DOWN,0,3,-0.2398102643700044,Acc10_hippocampus_Ex4_Pre_TBI;Acc3_brainstem_GLP_1;Acc8_hippocampus_ST_A_Ex
Zbtb18,3,DOWN,1,2,-0.23992423087354406,Acc11_hippocampus_Ex4;Acc11_hippocampus_Ex4_mTBI;Acc3_hypothalamus_GLP_1_MK_801
Vps41,3,DOWN,0,3,-0.24008092900813582,Acc10_hippocampus_Ex4_Pre_TBI;Acc8_hippocampus_ST_A_Ex;Acc8_hippocampus_ST_A_Ex_KD
Tnfrsf25,3,DOWN,0,3,-0.24014667061666664,Acc10_hippocampus_Ex4_Po_t_TBI;Acc10_hippocampus_Ex4_Pre_TBI;Acc10_hippocampus_Exendin4
Shprh,3,DOWN,0,3,-0.24043012385766382,Acc3_brainstem_GLP_1;Acc3_hypothalamus_GLP_1_MK_801;Acc8_hippocampus_ST_A_Ex
Slc44a2,3,DOWN,0,3,-0.24153702902490917,Acc11_hippocampus_Ex4_mTBI;Acc8_hippocampus_ST_A_Ex;Acc8_hippocampus_ST_A_Ex_KD
Map7d2,3,DOWN,0,3,-0.2424653025,Acc10_hippocampus_Ex4_Po_t_TBI;Acc10_hippocampus_Ex4_Pre_TBI;Acc11_hippocampus_Ex4_mTBI
Parp8,3,DOWN,0,3,-0.24403803345797168,Acc8_frontalcortex_ST_A_Ex;Acc8_hippocampus_ST_A_Ex;Acc8_hippocampus_ST_A_Ex_KD
Phtf1os,3,DOWN,1,2,-0.2448950300023863,Acc8_hippocampus_ST_A_Ex;Acc8_hippocampus_ST_A_Ex_KD;Acc8_hypothalamus_LT_A_Ex
Adal,3,DOWN,0,3,-0.2457266831166709,Acc3_hypothalamus_GLP_1_MK_801;Acc8_hippocampus_ST_A_Ex;Acc8_hippocampus_ST_A_Ex_KD
Crk,3,DOWN,0,3,-0.24628917387519708,Acc3_brainstem_GLP_1;Acc3_hypothalamus_GLP_1_MK_801;Acc8_hippocampus_ST_A_Ex
Zfp931,3,DOWN,1,2,-0.24703292444863498,Acc3_hypothalamus_GLP_1_MK_801;Acc8_hippocampus_ST_A_Ex_KD;Acc8_hypothalamus_LT_A_Ex
Rufy2,3,DOWN,0,3,-0.24723212808279463,Acc10_hippocampus_Ex4_Po_t_TBI;Acc10_hippocampus_Ex4_Pre_TBI;Acc3_hypothalamus_GLP_1_MK_801
Man1a2,3,DOWN,0,3,-0.24786328687052575,Acc3_brainstem_GLP_1;Acc8_hippocampus_ST_A_Ex;Acc8_hippocampus_ST_A_Ex_KD
Vwa5a,3,DOWN,0,3,-0.248305501750707,Acc3_brainstem_GLP_1;Acc8_hippocampus_ST_A_Ex;Acc8_hippocampus_ST_A_Ex_KD
Pnpla8,3,DOWN,0,3,-0.24848127193928182,Acc10_hippocampus_Ex4_Po_t_TBI;Acc10_hippocampus_Ex4_Pre_TBI;Acc8_hippocampus_ST_A_Ex
Wnk1,3,DOWN,0,3,-0.24898246554570433,Acc10_hippocampus_Ex4_Po_t_TBI;Acc10_hippocampus_Ex4_Pre_TBI;Acc3_brainstem_GLP_1
Tnfrsf19,3,DOWN,0,3,-0.24904773185815213,Acc3_brainstem_GLP_1;Acc8_hippocampus_ST_A_Ex;Acc8_hippocampus_ST_A_Ex_KD
Atp6v0a2,3,DOWN,0,3,-0.24923026118453429,Acc10_hippocampus_Ex4_Po_t_TBI;Acc8_hippocampus_ST_A_Ex;Acc8_hippocampus_ST_A_Ex_KD
Bag3,3,DOWN,0,3,-0.2500240541117404,Acc10_hippocampus_Ex4_Po_t_TBI;Acc10_hippocampus_Ex4_Pre_TBI;Acc8_hippocampus_ST_A_Ex
Zfp68,3,DOWN,0,3,-0.25018523900948136,Acc3_hypothalamus_GLP_1_MK_801;Acc8_hippocampus_ST_A_Ex;Acc8_hippocampus_ST_A_Ex_KD
Zfp426,3,DOWN,0,3,-0.2506414779221296,Acc8_frontalcortex_ST_A_Ex_KD;Acc8_hippocampus_ST_A_Ex;Acc8_hippocampus_ST_A_Ex_KD
Drd2,3,DOWN,1,2,-0.2507903656123905,Acc3_hypothalamus_GLP_1_MK_801;Acc8_hippocampus_ST_A_Ex;Acc8_hippocampus_ST_A_Ex_KD
Cnih1,3,DOWN,0,3,-0.2514191058946436,Acc3_hypothalamus_GLP_1_MK_801;Acc8_hippocampus_ST_A_Ex;Acc8_hippocampus_ST_A_Ex_KD
Klhl24,3,DOWN,0,3,-0.2520312553694051,Acc10_hippocampus_Ex4_Pre_TBI;Acc3_hypothalamus_GLP_1_MK_801;Acc8_hippocampus_ST_A_Ex
Ifi203,3,DOWN,1,2,-0.2520366656526862,Acc8_hippocampus_ST_A_Ex;Acc8_hippocampus_ST_A_Ex_KD;Acc8_hypothalamus_LT_A_Ex
Zfp266,3,DOWN,0,3,-0.2528871906912349,Acc3_brainstem_GLP_1;Acc3_hypothalamus_GLP_1_MK_801;Acc8_hippocampus_ST_A_Ex
Kif2a,3,DOWN,0,3,-0.2543438963601659,Acc3_brainstem_GLP_1;Acc8_hippocampus_ST_A_Ex;Acc8_hippocampus_ST_A_Ex_KD
Zscan26,3,DOWN,0,3,-0.2582783210260547,Acc3_hypothalamus_GLP_1_MK_801;Acc8_hippocampus_ST_A_Ex;Acc8_hippocampus_ST_A_Ex_KD
Msl2,3,DOWN,0,3,-0.25855117226465657,Acc3_brainstem_GLP_1;Acc8_hippocampus_ST_A_Ex;Acc8_hippocampus_ST_A_Ex_KD
Smurf2,3,DOWN,0,3,-0.25967891350343403,Acc3_brainstem_GLP_1;Acc8_hippocampus_ST_A_Ex;Acc8_hippocampus_ST_A_Ex_KD
Vps35,3,DOWN,0,3,-0.2601100030202115,Acc3_hypothalamus_GLP_1_MK_801;Acc8_hippocampus_ST_A_Ex;Acc8_hippocampus_ST_A_Ex_KD
Tapt1,3,DOWN,0,3,-0.2601106163792034,Acc3_hypothalamus_GLP_1_MK_801;Acc8_hippocampus_ST_A_Ex;Acc8_hippocampus_ST_A_Ex_KD
Zfp248,3,DOWN,0,3,-0.2605756990149281,Acc3_hypothalamus_GLP_1_MK_801;Acc8_hippocampus_ST_A_Ex;Acc8_hippocampus_ST_A_Ex_KD
Asf1a,3,DOWN,0,3,-0.2606066924591525,Acc10_hippocampus_Ex4_Po_t_TBI;Acc10_hippocampus_Ex4_Pre_TBI;Acc3_brainstem_GLP_1
Phf10,3,DOWN,0,3,-0.2608871914055746,Acc3_hypothalamus_GLP_1_MK_801;Acc8_hippocampus_ST_A_Ex;Acc8_hippocampus_ST_A_Ex_KD
Ddx3y,3,DOWN,0,3,-0.2616016886714887,Acc3_brainstem_GLP_1;Acc3_hypothalamus_GLP_1_MK_801;Acc8_hippocampus_ST_A_Ex
Sfpq,3,DOWN,0,3,-0.26277319281860806,Acc3_hypothalamus_GLP_1_MK_801;Acc3_hypothalamus_conjugate_2;Acc8_frontalcortex_ST_A_Ex_KD
Tmem184c,3,DOWN,0,3,-0.2632633778544429,Acc3_brainstem_GLP_1;Acc8_hippocampus_ST_A_Ex;Acc8_hippocampus_ST_A_Ex_KD
Cnr1,3,DOWN,0,3,-0.2635761639691314,Acc10_hippocampus_Ex4_Pre_TBI;Acc11_hippocampus_Ex4_mTBI;Acc8_hippocampus_ST_A_Ex
Dnm1l,3,DOWN,0,3,-0.2646399830528139,Acc3_hypothalamus_GLP_1_MK_801;Acc8_hippocampus_ST_A_Ex;Acc8_hippocampus_ST_A_Ex_KD
Svip,3,DOWN,0,3,-0.2647104038666001,Acc3_hypothalamus_GLP_1_MK_801;Acc8_hippocampus_ST_A_Ex;Acc8_hippocampus_ST_A_Ex_KD
Ranbp9,3,DOWN,0,3,-0.2649304149412391,Acc3_hypothalamus_GLP_1_MK_801;Acc8_hippocampus_ST_A_Ex;Acc8_hippocampus_ST_A_Ex_KD
Usp31,3,DOWN,0,3,-0.26592382496402023,Acc3_brainstem_GLP_1;Acc3_hypothalamus_GLP_1_MK_801;Acc8_hippocampus_ST_A_Ex
Abcd2,3,DOWN,0,3,-0.266561400464197,Acc3_brainstem_GLP_1;Acc8_hippocampus_ST_A_Ex;Acc8_hippocampus_ST_A_Ex_KD
2610002m06rik,3,DOWN,0,3,-0.2674462931566282,Acc3_hypothalamus_GLP_1_MK_801;Acc8_hippocampus_ST_A_Ex;Acc8_hippocampus_ST_A_Ex_KD
Etnk1,3,DOWN,0,3,-0.2675391503637096,Acc3_hypothalamus_GLP_1_MK_801;Acc8_hippocampus_ST_A_Ex;Acc8_hippocampus_ST_A_Ex_KD
Retreg1,3,DOWN,0,3,-0.26766288901322444,Acc3_hypothalamus_GLP_1_MK_801;Acc8_hippocampus_ST_A_Ex;Acc8_hippocampus_ST_A_Ex_KD
Eif5,3,DOWN,0,3,-0.2680343330014798,Acc10_hippocampus_Ex4_Po_t_TBI;Acc3_hypothalamus_GLP_1_MK_801;Acc8_hippocampus_ST_A_Ex
Gabrb3,3,DOWN,0,3,-0.26819178035045216,Acc3_brainstem_GLP_1;Acc8_hippocampus_ST_A_Ex;Acc8_hippocampus_ST_A_Ex_KD
Armc1,3,DOWN,0,3,-0.2697396813171655,Acc3_hypothalamus_GLP_1_MK_801;Acc8_hippocampus_ST_A_Ex;Acc8_hippocampus_ST_A_Ex_KD
Hdgfl3,3,DOWN,0,3,-0.2701059136621299,Acc3_hypothalamus_GLP_1_MK_801;Acc8_hippocampus_ST_A_Ex;Acc8_hippocampus_ST_A_Ex_KD
Prps2,3,DOWN,0,3,-0.2711038729175858,Acc3_brainstem_GLP_1;Acc3_hypothalamus_GLP_1_MK_801;Acc8_hippocampus_ST_A_Ex
A230070e04rik,3,DOWN,0,3,-0.27218332180078114,Acc8_hippocampus_ST_A_Ex;Acc8_hippocampus_ST_A_Ex_KD;Acc8_hypothalamus_LT_A_Ex
Jak2,3,DOWN,0,3,-0.2728834145985996,Acc8_frontalcortex_ST_A_Ex;Acc8_hippocampus_ST_A_Ex;Acc8_hippocampus_ST_A_Ex_KD
Idi1,3,DOWN,1,2,-0.27354793876465394,Acc3_hypothalamus_GLP_1_MK_801;Acc8_hippocampus_ST_A_Ex_KD;Acc8_hypothalamus_LT_A_Ex
Btbd7,3,DOWN,0,3,-0.273737269482017,Acc3_hypothalamus_GLP_1_MK_801;Acc8_hippocampus_ST_A_Ex;Acc8_hippocampus_ST_A_Ex_KD
Heatr5a,3,DOWN,0,3,-0.2752571948333384,Acc3_brainstem_GLP_1;Acc8_hippocampus_ST_A_Ex;Acc8_hippocampus_ST_A_Ex_KD
Fundc2,3,DOWN,0,3,-0.27575577815008395,Acc3_hypothalamus_GLP_1_MK_801;Acc8_hippocampus_ST_A_Ex;Acc8_hippocampus_ST_A_Ex_KD
Pex13,3,DOWN,0,3,-0.27576382517820813,Acc3_hypothalamus_GLP_1_MK_801;Acc8_hippocampus_ST_A_Ex;Acc8_hippocampus_ST_A_Ex_KD
Ap3m1,3,DOWN,0,3,-0.2759508489138396,Acc3_hypothalamus_GLP_1_MK_801;Acc8_hippocampus_ST_A_Ex;Acc8_hippocampus_ST_A_Ex_KD
Derl2,3,DOWN,0,3,-0.2767686197058073,Acc3_hypothalamus_GLP_1_MK_801;Acc8_hippocampus_ST_A_Ex;Acc8_hippocampus_ST_A_Ex_KD
Zfr,3,DOWN,0,3,-0.2769696294699886,Acc3_brainstem_GLP_1;Acc8_hippocampus_ST_A_Ex;Acc8_hippocampus_ST_A_Ex_KD
Mef2c,3,DOWN,0,3,-0.2769728780793887,Acc10_hippocampus_Ex4_Po_t_TBI;Acc3_brainstem_GLP_1;Acc8_hippocampus_ST_A_Ex
Vamp7,3,DOWN,0,3,-0.27736744771471056,Acc3_brainstem_GLP_1;Acc8_hippocampus_ST_A_Ex;Acc8_hippocampus_ST_A_Ex_KD
Fem1c,3,DOWN,0,3,-0.2788579235262068,Acc3_brainstem_GLP_1;Acc3_hypothalamus_GLP_1_MK_801;Acc8_hippocampus_ST_A_Ex
Zfp706,3,DOWN,0,3,-0.27906905651754416,Acc3_hypothalamus_GLP_1_MK_801;Acc8_hippocampus_ST_A_Ex;Acc8_hippocampus_ST_A_Ex_KD
Snx6,3,DOWN,0,3,-0.27949043370359955,Acc3_hypothalamus_GLP_1_MK_801;Acc8_hippocampus_ST_A_Ex;Acc8_hippocampus_ST_A_Ex_KD
Gm9567,3,DOWN,1,2,-0.2795588258063537,Acc8_frontalcortex_ST_A_Ex;Acc8_frontalcortex_ST_A_Ex_KD;Acc8_hippocampus_ST_A_Ex_KD
Foxo1,3,DOWN,1,2,-0.27958960155643237,Acc3_brainstem_GLP_1_MK_801;Acc8_hippocampus_ST_A_Ex;Acc8_hippocampus_ST_A_Ex_KD
Ephx2,3,DOWN,0,3,-0.27965689008597344,Acc8_frontalcortex_ST_A_Ex_KD;Acc8_hippocampus_ST_A_Ex;Acc8_hippocampus_ST_A_Ex_KD
Zfp148,3,DOWN,0,3,-0.2797022983009474,Acc3_brainstem_GLP_1;Acc3_hypothalamus_GLP_1_MK_801;Acc8_hippocampus_ST_A_Ex
Sacm1l,3,DOWN,0,3,-0.2798683735230686,Acc3_brainstem_GLP_1;Acc8_hippocampus_ST_A_Ex;Acc8_hippocampus_ST_A_Ex_KD
Npy1r,3,DOWN,0,3,-0.27998590930898193,Acc3_hypothalamus_GLP_1_MK_801;Acc3_hypothalamus_conjugate_2;Acc8_hippocampus_ST_A_Ex
Slc19a3,3,DOWN,1,2,-0.2813680659522386,Acc3_brainstem_GLP_1;Acc8_hippocampus_ST_A_Ex;Acc8_hippocampus_ST_A_Ex_KD
Spcs3,3,DOWN,0,3,-0.28177760213490244,Acc3_hypothalamus_GLP_1_MK_801;Acc8_hippocampus_ST_A_Ex;Acc8_hippocampus_ST_A_Ex_KD
Hspd1,3,DOWN,0,3,-0.2818580722000003,Acc10_hippocampus_Ex4_Po_t_TBI;Acc10_hippocampus_Ex4_Pre_TBI;Acc11_hippocampus_Ex4_mTBI
Itfg1,3,DOWN,0,3,-0.2819995958756258,Acc3_hypothalamus_GLP_1_MK_801;Acc8_hippocampus_ST_A_Ex;Acc8_hippocampus_ST_A_Ex_KD
Nxt2,3,DOWN,0,3,-0.28362519204130643,Acc3_hypothalamus_GLP_1_MK_801;Acc8_hippocampus_ST_A_Ex;Acc8_hippocampus_ST_A_Ex_KD
Mfsd8,3,DOWN,0,3,-0.2842821767884773,Acc3_hypothalamus_GLP_1_MK_801;Acc8_hippocampus_ST_A_Ex;Acc8_hippocampus_ST_A_Ex_KD
Fbxo11,3,DOWN,0,3,-0.2843382976012921,Acc3_brainstem_GLP_1;Acc8_hippocampus_ST_A_Ex;Acc8_hippocampus_ST_A_Ex_KD
Rfx7,3,DOWN,0,3,-0.28506728169710877,Acc3_hypothalamus_GLP_1_MK_801;Acc8_hippocampus_ST_A_Ex;Acc8_hippocampus_ST_A_Ex_KD
Khdrbs1,3,DOWN,0,3,-0.28664563895,Acc10_hippocampus_Ex4_Po_t_TBI;Acc10_hippocampus_Ex4_Pre_TBI;Acc11_hippocampus_Ex4_mTBI
Slc25a36,3,DOWN,0,3,-0.2879212041782508,Acc3_hypothalamus_GLP_1_MK_801;Acc8_hippocampus_ST_A_Ex;Acc8_hippocampus_ST_A_Ex_KD
Prkx,3,DOWN,0,3,-0.28868942895198424,Acc3_hypothalamus_GLP_1_MK_801;Acc8_hippocampus_ST_A_Ex;Acc8_hippocampus_ST_A_Ex_KD
Prdm2,3,DOWN,0,3,-0.28909941979383585,Acc8_frontalcortex_ST_A_Ex;Acc8_hippocampus_ST_A_Ex;Acc8_hippocampus_ST_A_Ex_KD
Enpp4,3,DOWN,0,3,-0.28941706793692407,Acc3_brainstem_GLP_1;Acc8_hippocampus_ST_A_Ex;Acc8_hippocampus_ST_A_Ex_KD
Taf9b,3,DOWN,0,3,-0.2899147034685678,Acc3_hypothalamus_GLP_1_MK_801;Acc8_hippocampus_ST_A_Ex;Acc8_hippocampus_ST_A_Ex_KD
Dusp11,3,DOWN,0,3,-0.2899223805854796,Acc3_hypothalamus_GLP_1_MK_801;Acc8_frontalcortex_ST_A_Ex;Acc8_hippocampus_ST_A_Ex
Rgs5,3,DOWN,0,3,-0.2903248384734475,Acc3_brainstem_GLP_1_MK_801;Acc3_hypothalamus_GLP_1_MK_801;Acc8_hippocampus_ST_A_Ex
Osgin2,3,DOWN,0,3,-0.29067981678312416,Acc3_hypothalamus_GLP_1_MK_801;Acc8_hippocampus_ST_A_Ex;Acc8_hippocampus_ST_A_Ex_KD
Zfp770,3,DOWN,0,3,-0.290787527460351,Acc3_brainstem_GLP_1;Acc3_hypothalamus_GLP_1_MK_801;Acc8_hippocampus_ST_A_Ex
Nmt2,3,DOWN,0,3,-0.2908085664962404,Acc3_hypothalamus_GLP_1_MK_801;Acc8_hippocampus_ST_A_Ex;Acc8_hippocampus_ST_A_Ex_KD
Atp13a3,3,DOWN,0,3,-0.2908274015096401,Acc3_brainstem_GLP_1;Acc8_hippocampus_ST_A_Ex;Acc8_hippocampus_ST_A_Ex_KD
Spast,3,DOWN,0,3,-0.290896687776839,Acc3_hypothalamus_GLP_1_MK_801;Acc8_hippocampus_ST_A_Ex;Acc8_hippocampus_ST_A_Ex_KD
Grk5,3,DOWN,0,3,-0.29097555947349235,Acc3_brainstem_GLP_1;Acc8_hippocampus_ST_A_Ex;Acc8_hippocampus_ST_A_Ex_KD
Clvs1,3,DOWN,0,3,-0.2911574808807641,Acc10_hippocampus_Ex4_Po_t_TBI;Acc10_hippocampus_Ex4_Pre_TBI;Acc8_hippocampus_ST_A_Ex
Lix1,3,DOWN,0,3,-0.2914040623370308,Acc10_hippocampus_Ex4_Pre_TBI;Acc11_hippocampus_Ex4_mTBI;Acc8_frontalcortex_ST_A_Ex
Itga6,3,DOWN,0,3,-0.29140714140507373,Acc3_hypothalamus_GLP_1_MK_801;Acc8_hippocampus_ST_A_Ex;Acc8_hippocampus_ST_A_Ex_KD
Trim34a,3,DOWN,1,2,-0.29177770252638163,Acc8_hippocampus_ST_A_Ex;Acc8_hippocampus_ST_A_Ex_KD;Acc8_hypothalamus_LT_A_Ex
Ankrd49,3,DOWN,0,3,-0.2938396555130029,Acc3_hypothalamus_GLP_1_MK_801;Acc8_hippocampus_ST_A_Ex;Acc8_hippocampus_ST_A_Ex_KD
Sppl3,3,DOWN,0,3,-0.2944112107890583,Acc3_hypothalamus_GLP_1_MK_801;Acc8_hippocampus_ST_A_Ex;Acc8_hippocampus_ST_A_Ex_KD
Samd8,3,DOWN,0,3,-0.29703523045409913,Acc3_brainstem_GLP_1;Acc3_hypothalamus_GLP_1_MK_801;Acc8_hippocampus_ST_A_Ex
Zdhhc20,3,DOWN,0,3,-0.29732165114513337,Acc3_hypothalamus_GLP_1_MK_801;Acc8_hippocampus_ST_A_Ex;Acc8_hippocampus_ST_A_Ex_KD
Fam8a1,3,DOWN,0,3,-0.2978054382356971,Acc3_hypothalamus_GLP_1_MK_801;Acc8_hippocampus_ST_A_Ex;Acc8_hippocampus_ST_A_Ex_KD
Cldn12,3,DOWN,0,3,-0.2980649108577164,Acc3_hypothalamus_GLP_1_MK_801;Acc8_hippocampus_ST_A_Ex;Acc8_hippocampus_ST_A_Ex_KD
Pitpnc1,3,DOWN,0,3,-0.29825372981351583,Acc8_frontalcortex_ST_A_Ex_KD;Acc8_hippocampus_ST_A_Ex;Acc8_hippocampus_ST_A_Ex_KD
Nipa2,3,DOWN,0,3,-0.29844758028660495,Acc3_brainstem_GLP_1;Acc3_hypothalamus_GLP_1_MK_801;Acc8_hippocampus_ST_A_Ex
Capza1,3,DOWN,0,3,-0.2990761765964694,Acc8_frontalcortex_ST_A_Ex;Acc8_hippocampus_ST_A_Ex;Acc8_hippocampus_ST_A_Ex_KD
Crls1,3,DOWN,0,3,-0.2993080604630449,Acc10_hippocampus_Ex4_Po_t_TBI;Acc11_hippocampus_Ex4_mTBI;Acc3_hypothalamus_GLP_1_MK_801
Adam10,3,DOWN,0,3,-0.299471686041034,Acc3_brainstem_GLP_1;Acc3_hypothalamus_GLP_1_MK_801;Acc8_hippocampus_ST_A_Ex
Ece1,3,DOWN,0,3,-0.299563248128846,Acc10_hippocampus_Ex4_Po_t_TBI;Acc10_hippocampus_Ex4_Pre_TBI;Acc8_hypothalamus_LT_A_Ex
Fndc3b,3,DOWN,0,3,-0.29998479080969653,Acc3_hypothalamus_GLP_1_MK_801;Acc8_hippocampus_ST_A_Ex;Acc8_hippocampus_ST_A_Ex_KD
Vps37a,3,DOWN,0,3,-0.3001620880781633,Acc3_hypothalamus_GLP_1_MK_801;Acc8_hippocampus_ST_A_Ex;Acc8_hippocampus_ST_A_Ex_KD
Etv6,3,DOWN,0,3,-0.3018092581940665,Acc8_frontalcortex_YA_Ex;Acc8_hippocampus_ST_A_Ex;Acc8_hippocampus_ST_A_Ex_KD
Mettl4,3,DOWN,0,3,-0.3018382041491168,Acc3_hypothalamus_GLP_1_MK_801;Acc8_hippocampus_ST_A_Ex;Acc8_hippocampus_ST_A_Ex_KD
Hspa13,3,DOWN,0,3,-0.3032324150087077,Acc3_brainstem_GLP_1;Acc3_hypothalamus_GLP_1_MK_801;Acc8_hippocampus_ST_A_Ex
Elavl4,3,DOWN,0,3,-0.3033967803339555,Acc3_hypothalamus_GLP_1_MK_801;Acc8_hippocampus_ST_A_Ex;Acc8_hippocampus_ST_A_Ex_KD
Aph1b,3,DOWN,0,3,-0.30442257947904117,Acc3_hypothalamus_GLP_1_MK_801;Acc8_hippocampus_ST_A_Ex;Acc8_hippocampus_ST_A_Ex_KD
Dnajb1,3,DOWN,0,3,-0.3048768625123455,Acc10_hippocampus_Ex4_Pre_TBI;Acc3_hypothalamus_GLP_1_MK_801;Acc3_hypothalamus_conjugate_2
Prag1,3,DOWN,0,3,-0.30498209791254133,Acc3_brainstem_GLP_1;Acc8_hippocampus_ST_A_Ex;Acc8_hippocampus_ST_A_Ex_KD
Ackr3,3,DOWN,0,3,-0.3053295343683419,Acc3_hypothalamus_GLP_1_MK_801;Acc8_hippocampus_ST_A_Ex;Acc8_hippocampus_ST_A_Ex_KD
Atp6ap2,3,DOWN,0,3,-0.3054488306187761,Acc11_hippocampus_Ex4_mTBI;Acc3_hypothalamus_GLP_1_MK_801;Acc8_hippocampus_ST_A_Ex_KD
Plekha3,3,DOWN,0,3,-0.3059584880754084,Acc3_hypothalamus_GLP_1_MK_801;Acc8_hippocampus_ST_A_Ex;Acc8_hippocampus_ST_A_Ex_KD
Thap1,3,DOWN,0,3,-0.3060192700244586,Acc3_hypothalamus_GLP_1_MK_801;Acc8_hippocampus_ST_A_Ex;Acc8_hippocampus_ST_A_Ex_KD
Zdhhc21,3,DOWN,0,3,-0.3066218593505687,Acc10_hippocampus_Ex4_Po_t_TBI;Acc10_hippocampus_Ex4_Pre_TBI;Acc3_hypothalamus_GLP_1_MK_801
Zfp91,3,DOWN,0,3,-0.30697023299920295,Acc10_hippocampus_Ex4_Po_t_TBI;Acc10_hippocampus_Ex4_Pre_TBI;Acc3_hypothalamus_GLP_1_MK_801
Spred2,3,DOWN,0,3,-0.3069817193771556,Acc10_hippocampus_Ex4_Pre_TBI;Acc8_frontalcortex_ST_A_Ex;Acc8_hippocampus_ST_A_Ex
Ypel2,3,DOWN,0,3,-0.3069857806405198,Acc3_brainstem_GLP_1;Acc3_hypothalamus_GLP_1_MK_801;Acc5_pvn_IP118_PY115
Ccdc88a,3,DOWN,0,3,-0.30730071397109876,Acc3_hypothalamus_GLP_1_MK_801;Acc8_hippocampus_ST_A_Ex;Acc8_hippocampus_ST_A_Ex_KD
Aasdhppt,3,DOWN,0,3,-0.30769470322954245,Acc3_hypothalamus_GLP_1_MK_801;Acc8_hippocampus_ST_A_Ex;Acc8_hippocampus_ST_A_Ex_KD
Micu3,3,DOWN,0,3,-0.30812636009304534,Acc3_hypothalamus_GLP_1_MK_801;Acc8_hippocampus_ST_A_Ex;Acc8_hippocampus_ST_A_Ex_KD
Clock,3,DOWN,0,3,-0.30926997406201867,Acc3_hypothalamus_GLP_1_MK_801;Acc8_hippocampus_ST_A_Ex;Acc8_hippocampus_ST_A_Ex_KD
Plppr5,3,DOWN,0,3,-0.3095172052876401,Acc3_brainstem_GLP_1;Acc3_hypothalamus_GLP_1_MK_801;Acc8_hippocampus_ST_A_Ex
Fyttd1,3,DOWN,0,3,-0.3099641197097094,Acc3_hypothalamus_GLP_1_MK_801;Acc8_hippocampus_ST_A_Ex;Acc8_hippocampus_ST_A_Ex_KD
0610010f05rik,3,DOWN,0,3,-0.31047820149031735,Acc3_hypothalamus_GLP_1_MK_801;Acc8_hippocampus_ST_A_Ex;Acc8_hippocampus_ST_A_Ex_KD
Slfn8,3,DOWN,1,2,-0.31058759649085516,Acc8_hippocampus_ST_A_Ex;Acc8_hippocampus_ST_A_Ex_KD;Acc8_hypothalamus_LT_A_Ex
Cxxc5,3,DOWN,0,3,-0.3107306702916465,Acc5_pvn_IP118_PY115;Acc8_hippocampus_ST_A_Ex;Acc8_hippocampus_ST_A_Ex_KD
S1pr1,3,DOWN,0,3,-0.3108567396167711,Acc8_frontalcortex_ST_A_Ex;Acc8_hippocampus_ST_A_Ex;Acc8_hippocampus_ST_A_Ex_KD
Kat2b,3,DOWN,0,3,-0.3109585078870993,Acc3_brainstem_GLP_1;Acc8_hippocampus_ST_A_Ex;Acc8_hippocampus_ST_A_Ex_KD
Fut8,3,DOWN,0,3,-0.3112209403872031,Acc10_hippocampus_Ex4_Po_t_TBI;Acc8_hippocampus_ST_A_Ex;Acc8_hippocampus_ST_A_Ex_KD
Stag2,3,DOWN,0,3,-0.3112407694441533,Acc3_brainstem_GLP_1;Acc8_hippocampus_ST_A_Ex;Acc8_hippocampus_ST_A_Ex_KD
Nebl,3,DOWN,0,3,-0.3112544548435092,Acc3_hypothalamus_GLP_1_MK_801;Acc8_hippocampus_ST_A_Ex;Acc8_hippocampus_ST_A_Ex_KD
Zfyve16,3,DOWN,0,3,-0.311742668643157,Acc3_hypothalamus_GLP_1_MK_801;Acc8_hippocampus_ST_A_Ex;Acc8_hippocampus_ST_A_Ex_KD
Eri1,3,DOWN,0,3,-0.31174675792563544,Acc3_hypothalamus_GLP_1_MK_801;Acc8_hippocampus_ST_A_Ex;Acc8_hippocampus_ST_A_Ex_KD
Slco1c1,3,DOWN,0,3,-0.3117757396056939,Acc3_brainstem_GLP_1_MK_801;Acc3_hypothalamus_GLP_1_MK_801;Acc8_frontalcortex_ST_A_Ex
Rps6ka3,3,DOWN,0,3,-0.31251731828773915,Acc3_hypothalamus_GLP_1_MK_801;Acc8_hippocampus_ST_A_Ex;Acc8_hippocampus_ST_A_Ex_KD
Slitrk2,3,DOWN,0,3,-0.31365629791812905,Acc3_brainstem_GLP_1;Acc3_hypothalamus_GLP_1_MK_801;Acc8_hippocampus_ST_A_Ex
Zfp780b,3,DOWN,0,3,-0.3137599134788323,Acc3_hypothalamus_GLP_1_MK_801;Acc8_hippocampus_ST_A_Ex;Acc8_hippocampus_ST_A_Ex_KD
Gmps,3,DOWN,0,3,-0.31384262028387006,Acc3_hypothalamus_GLP_1_MK_801;Acc8_hippocampus_ST_A_Ex;Acc8_hippocampus_ST_A_Ex_KD
Pde3b,3,DOWN,0,3,-0.3141151876672837,Acc3_hypothalamus_GLP_1_MK_801;Acc8_hippocampus_ST_A_Ex;Acc8_hippocampus_ST_A_Ex_KD
Dennd6a,3,DOWN,0,3,-0.31515638490327263,Acc3_hypothalamus_GLP_1_MK_801;Acc8_hippocampus_ST_A_Ex;Acc8_hippocampus_ST_A_Ex_KD
Klhl4,3,DOWN,0,3,-0.31522095956726576,Acc3_brainstem_GLP_1;Acc8_hippocampus_ST_A_Ex;Acc8_hippocampus_ST_A_Ex_KD
Klf3,3,DOWN,0,3,-0.3156709775329005,Acc3_brainstem_GLP_1;Acc3_hypothalamus_GLP_1_MK_801;Acc8_hippocampus_ST_A_Ex
Carf,3,DOWN,0,3,-0.31632995815964754,Acc3_hypothalamus_GLP_1_MK_801;Acc8_hippocampus_ST_A_Ex;Acc8_hippocampus_ST_A_Ex_KD
Papolg,3,DOWN,0,3,-0.31634133922617663,Acc3_hypothalamus_GLP_1_MK_801;Acc8_hippocampus_ST_A_Ex;Acc8_hippocampus_ST_A_Ex_KD
Mtpn,3,DOWN,0,3,-0.3167667868747143,Acc3_hypothalamus_GLP_1_MK_801;Acc8_hippocampus_ST_A_Ex;Acc8_hippocampus_ST_A_Ex_KD
Tmem168,3,DOWN,0,3,-0.31691521374540405,Acc3_brainstem_GLP_1;Acc8_hippocampus_ST_A_Ex;Acc8_hippocampus_ST_A_Ex_KD
Ap5m1,3,DOWN,0,3,-0.3178523282627311,Acc3_hypothalamus_GLP_1_MK_801;Acc8_hippocampus_ST_A_Ex;Acc8_hippocampus_ST_A_Ex_KD
Gpbp1,3,DOWN,0,3,-0.3185773945160965,Acc3_hypothalamus_GLP_1_MK_801;Acc8_hippocampus_ST_A_Ex;Acc8_hippocampus_ST_A_Ex_KD
Ralgps2,3,DOWN,0,3,-0.3187634844924634,Acc3_hypothalamus_GLP_1_MK_801;Acc8_hippocampus_ST_A_Ex;Acc8_hippocampus_ST_A_Ex_KD
Zfp948,3,DOWN,0,3,-0.31917661613118953,Acc3_hypothalamus_GLP_1_MK_801;Acc8_hippocampus_ST_A_Ex;Acc8_hippocampus_ST_A_Ex_KD
Ppp4r3b,3,DOWN,0,3,-0.3193316074561321,Acc3_brainstem_GLP_1;Acc3_hypothalamus_GLP_1_MK_801;Acc8_hippocampus_ST_A_Ex
Usp25,3,DOWN,0,3,-0.31971497692527534,Acc3_brainstem_GLP_1;Acc8_hippocampus_ST_A_Ex;Acc8_hippocampus_ST_A_Ex_KD
Ai593442,3,DOWN,0,3,-0.3198004027998173,Acc3_brainstem_GLP_1;Acc3_hypothalamus_GLP_1_MK_801;Acc8_hippocampus_ST_A_Ex
Zfp60,3,DOWN,0,3,-0.31994627422853306,Acc3_hypothalamus_GLP_1_MK_801;Acc8_hippocampus_ST_A_Ex;Acc8_hippocampus_ST_A_Ex_KD
Tasor,3,DOWN,0,3,-0.3202002160611763,Acc3_hypothalamus_GLP_1_MK_801;Acc8_hippocampus_ST_A_Ex;Acc8_hippocampus_ST_A_Ex_KD
Lin7c,3,DOWN,0,3,-0.3204348528050564,Acc3_hypothalamus_GLP_1_MK_801;Acc8_hippocampus_ST_A_Ex;Acc8_hippocampus_ST_A_Ex_KD
Zik1,3,DOWN,0,3,-0.3212368224428999,Acc3_hypothalamus_GLP_1_MK_801;Acc8_hippocampus_ST_A_Ex;Acc8_hippocampus_ST_A_Ex_KD
Tgfa,3,DOWN,0,3,-0.32189916194778656,Acc3_brainstem_GLP_1;Acc8_hippocampus_ST_A_Ex;Acc8_hippocampus_ST_A_Ex_KD
Marchf7,3,DOWN,0,3,-0.32208289973772675,Acc3_hypothalamus_GLP_1_MK_801;Acc8_hippocampus_ST_A_Ex;Acc8_hippocampus_ST_A_Ex_KD
Purg,3,DOWN,0,3,-0.3223500406472046,Acc10_hippocampus_Ex4_Pre_TBI;Acc10_hippocampus_Exendin4;Acc3_hypothalamus_GLP_1_MK_801
Tuba1b,3,DOWN,0,3,-0.32296286710399613,Acc3_hypothalamus_GLP_1_MK_801;Acc8_hippocampus_ST_A_Ex;Acc8_hippocampus_ST_A_Ex_KD
Cse1l,3,DOWN,0,3,-0.32350279014863,Acc3_hypothalamus_GLP_1_MK_801;Acc8_hippocampus_ST_A_Ex;Acc8_hippocampus_ST_A_Ex_KD
Pcdhgc3,3,DOWN,0,3,-0.3242187077099995,Acc3_brainstem_GLP_1;Acc8_hippocampus_ST_A_Ex;Acc8_hypothalamus_LT_A_Ex
Tmpo,3,DOWN,0,3,-0.32465450080785724,Acc3_hypothalamus_GLP_1_MK_801;Acc8_hippocampus_ST_A_Ex;Acc8_hippocampus_ST_A_Ex_KD
Zfp933,3,DOWN,0,3,-0.3246591790117228,Acc3_hypothalamus_GLP_1_MK_801;Acc8_hippocampus_ST_A_Ex;Acc8_hippocampus_ST_A_Ex_KD
Nkap,3,DOWN,0,3,-0.3250398261528909,Acc3_hypothalamus_GLP_1_MK_801;Acc8_hippocampus_ST_A_Ex;Acc8_hippocampus_ST_A_Ex_KD
Ireb2,3,DOWN,0,3,-0.3252533393238763,Acc3_hypothalamus_GLP_1_MK_801;Acc8_hippocampus_ST_A_Ex;Acc8_hippocampus_ST_A_Ex_KD
Txlng,3,DOWN,0,3,-0.3253999602448275,Acc3_hypothalamus_GLP_1_MK_801;Acc8_hippocampus_ST_A_Ex;Acc8_hippocampus_ST_A_Ex_KD
Mosmo,3,DOWN,0,3,-0.3255082208997497,Acc3_brainstem_GLP_1;Acc3_hypothalamus_GLP_1_MK_801;Acc8_hippocampus_ST_A_Ex
Gabpa,3,DOWN,0,3,-0.32584568782818585,Acc3_hypothalamus_GLP_1_MK_801;Acc8_hippocampus_ST_A_Ex;Acc8_hippocampus_ST_A_Ex_KD
Nr2f2,3,DOWN,0,3,-0.32650211443211047,Acc11_hippocampus_Ex4_mTBI;Acc3_hypothalamus_GLP_1_MK_801;Acc3_hypothalamus_conjugate_2
Arl6ip6,3,DOWN,0,3,-0.3275227880605112,Acc3_hypothalamus_GLP_1_MK_801;Acc8_hippocampus_ST_A_Ex;Acc8_hippocampus_ST_A_Ex_KD
Gm33989,3,DOWN,0,3,-0.32764279736963664,Acc8_frontalcortex_ST_A_Ex_KD;Acc8_hippocampus_ST_A_Ex;Acc8_hippocampus_ST_A_Ex_KD
Dcaf12l1,3,DOWN,0,3,-0.3277637573509509,Acc3_hypothalamus_GLP_1_MK_801;Acc8_hippocampus_ST_A_Ex;Acc8_hippocampus_ST_A_Ex_KD
Gm15421,3,DOWN,1,2,-0.3288671119559133,Acc8_hippocampus_ST_A_Ex;Acc8_hippocampus_ST_A_Ex_KD;Acc8_hippocampus_YA_Ex
8030462n17rik,3,DOWN,0,3,-0.329119377862974,Acc3_hypothalamus_GLP_1_MK_801;Acc8_hippocampus_ST_A_Ex;Acc8_hippocampus_ST_A_Ex_KD
Kpna1,3,DOWN,0,3,-0.330958330764253,Acc3_hypothalamus_GLP_1_MK_801;Acc8_hippocampus_ST_A_Ex;Acc8_hippocampus_ST_A_Ex_KD
Creld2,3,DOWN,0,3,-0.33159574972879047,Acc10_hippocampus_Ex4_Pre_TBI;Acc10_hippocampus_Exendin4;Acc3_brainstem_GLP_1_MK_801
Prom1,3,DOWN,0,3,-0.3319297660654608,Acc8_frontalcortex_YA_Ex;Acc8_hippocampus_ST_A_Ex;Acc8_hippocampus_ST_A_Ex_KD
Fgf13,3,DOWN,0,3,-0.33249950219809365,Acc11_hippocampus_Ex4_mTBI;Acc3_hypothalamus_GLP_1_MK_801;Acc8_hippocampus_ST_A_Ex
Mier1,3,DOWN,0,3,-0.3326516821521193,Acc3_hypothalamus_GLP_1_MK_801;Acc8_hippocampus_ST_A_Ex;Acc8_hippocampus_ST_A_Ex_KD
Ftx,3,DOWN,0,3,-0.33299884539863833,Acc3_hypothalamus_GLP_1_MK_801;Acc8_hippocampus_ST_A_Ex;Acc8_hippocampus_ST_A_Ex_KD
Heca,3,DOWN,0,3,-0.33343674640481846,Acc3_hypothalamus_GLP_1_MK_801;Acc8_hippocampus_ST_A_Ex;Acc8_hippocampus_ST_A_Ex_KD
Naa15,3,DOWN,0,3,-0.33404293772722143,Acc3_hypothalamus_GLP_1_MK_801;Acc8_hippocampus_ST_A_Ex;Acc8_hippocampus_ST_A_Ex_KD
Rngtt,3,DOWN,0,3,-0.33404327193200684,Acc3_hypothalamus_GLP_1_MK_801;Acc8_hippocampus_ST_A_Ex;Acc8_hippocampus_ST_A_Ex_KD
Luzp2,3,DOWN,0,3,-0.3355245182186016,Acc3_brainstem_GLP_1;Acc8_hippocampus_ST_A_Ex;Acc8_hippocampus_ST_A_Ex_KD
Ankrd13c,3,DOWN,0,3,-0.33591272840709907,Acc3_hypothalamus_GLP_1_MK_801;Acc8_hippocampus_ST_A_Ex;Acc8_hippocampus_ST_A_Ex_KD
Ankrd45,3,DOWN,0,3,-0.33620604055866515,Acc3_hypothalamus_GLP_1_MK_801;Acc8_hippocampus_ST_A_Ex;Acc8_hippocampus_ST_A_Ex_KD
Cobll1,3,DOWN,0,3,-0.33722428587303627,Acc3_brainstem_GLP_1;Acc8_frontalcortex_YA_Ex;Acc8_hippocampus_ST_A_Ex
Msmo1,3,DOWN,0,3,-0.33851620772283014,Acc3_hypothalamus_GLP_1_MK_801;Acc3_hypothalamus_conjugate_2;Acc8_hippocampus_ST_A_Ex_KD
9330159f19rik,3,DOWN,0,3,-0.33858545792765166,Acc3_hypothalamus_GLP_1_MK_801;Acc8_hippocampus_ST_A_Ex;Acc8_hippocampus_ST_A_Ex_KD
Gabrg2,3,DOWN,0,3,-0.3386142115070497,Acc3_brainstem_GLP_1;Acc3_hypothalamus_GLP_1_MK_801;Acc8_hippocampus_ST_A_Ex
Ifit1,3,DOWN,1,2,-0.3387970813873418,Acc8_hippocampus_ST_A_Ex;Acc8_hippocampus_ST_A_Ex_KD;Acc8_hypothalamus_LT_A_Ex
Sos2,3,DOWN,0,3,-0.3392860362139727,Acc3_brainstem_GLP_1;Acc8_hippocampus_ST_A_Ex;Acc8_hippocampus_ST_A_Ex_KD
Pde1a,3,DOWN,0,3,-0.3399278998333333,Acc10_hippocampus_Ex4_Po_t_TBI;Acc10_hippocampus_Ex4_Pre_TBI;Acc11_hippocampus_Ex4_mTBI
Galnt13,3,DOWN,0,3,-0.34059749645294196,Acc3_brainstem_GLP_1;Acc8_hippocampus_ST_A_Ex;Acc8_hippocampus_ST_A_Ex_KD
Trpc1,3,DOWN,0,3,-0.3415574626767019,Acc3_hypothalamus_GLP_1_MK_801;Acc8_hippocampus_ST_A_Ex;Acc8_hippocampus_ST_A_Ex_KD
Nudt12,3,DOWN,0,3,-0.3427409959834966,Acc3_hypothalamus_GLP_1_MK_801;Acc8_hippocampus_ST_A_Ex;Acc8_hippocampus_ST_A_Ex_KD
Cbll1,3,DOWN,0,3,-0.3439574784985194,Acc3_hypothalamus_GLP_1_MK_801;Acc8_hippocampus_ST_A_Ex;Acc8_hippocampus_ST_A_Ex_KD
Tbc1d20,3,DOWN,0,3,-0.3443506147666667,Acc10_hippocampus_Ex4_Po_t_TBI;Acc11_hippocampus_Ex4;Acc11_hippocampus_Ex4_mTBI
Gm7694,3,DOWN,0,3,-0.345756613877557,Acc3_brainstem_GLP_1_MK_801;Acc8_hippocampus_ST_A_Ex;Acc8_hippocampus_ST_A_Ex_KD
Nudt11,3,DOWN,0,3,-0.3462736529928152,Acc3_hypothalamus_GLP_1_MK_801;Acc8_hippocampus_ST_A_Ex;Acc8_hippocampus_ST_A_Ex_KD
Insc,3,DOWN,0,3,-0.3463196086424653,Acc3_brainstem_GLP_1;Acc3_brainstem_GLP_1_MK_801;Acc3_hypothalamus_GLP_1_MK_801
Pcdhb18,3,DOWN,0,3,-0.3469166013530575,Acc3_brainstem_GLP_1;Acc3_hypothalamus_GLP_1_MK_801;Acc8_hippocampus_ST_A_Ex
Pcdh8,3,DOWN,0,3,-0.34754081550112076,Acc10_hippocampus_Ex4_Pre_TBI;Acc8_hippocampus_ST_A_Ex;Acc8_hippocampus_ST_A_Ex_KD
Sh3pxd2b,3,DOWN,0,3,-0.3476970545623603,Acc5_pvn_IP118_PY115;Acc8_frontalcortex_ST_A_Ex;Acc8_hippocampus_ST_A_Ex
Pdp1,3,DOWN,0,3,-0.3489508374957593,Acc8_frontalcortex_ST_A_Ex;Acc8_hippocampus_ST_A_Ex;Acc8_hippocampus_ST_A_Ex_KD
Rab8b,3,DOWN,0,3,-0.34980646910918983,Acc3_brainstem_GLP_1;Acc8_hippocampus_ST_A_Ex;Acc8_hippocampus_ST_A_Ex_KD
Dipk2a,3,DOWN,0,3,-0.35102108183458425,Acc3_brainstem_GLP_1;Acc3_hypothalamus_GLP_1_MK_801;Acc5_pvn_IP118_PY115
A230056p14rik,3,DOWN,0,3,-0.35110450039146923,Acc3_hypothalamus_GLP_1_MK_801;Acc8_hippocampus_ST_A_Ex;Acc8_hippocampus_ST_A_Ex_KD
St18,3,DOWN,0,3,-0.3511463315563927,Acc3_brainstem_GLP_1;Acc8_frontalcortex_ST_A_Ex;Acc8_hippocampus_ST_A_Ex
Acvr2a,3,DOWN,0,3,-0.35185941691585815,Acc3_hypothalamus_GLP_1_MK_801;Acc8_hippocampus_ST_A_Ex;Acc8_hippocampus_ST_A_Ex_KD
Arih1,3,DOWN,0,3,-0.3523546214222956,Acc3_hypothalamus_GLP_1_MK_801;Acc8_hippocampus_ST_A_Ex;Acc8_hippocampus_ST_A_Ex_KD
Xiap,3,DOWN,0,3,-0.35396970921280735,Acc3_hypothalamus_GLP_1_MK_801;Acc8_hippocampus_ST_A_Ex;Acc8_hippocampus_ST_A_Ex_KD
Tgfb1i1,3,DOWN,0,3,-0.35477539170356054,Acc8_frontalcortex_ST_A_Ex;Acc8_hippocampus_ST_A_Ex;Acc8_hippocampus_ST_A_Ex_KD
Loc118568500,3,DOWN,0,3,-0.3550838602478023,Acc8_frontalcortex_ST_A_Ex_KD;Acc8_hippocampus_ST_A_Ex;Acc8_hippocampus_ST_A_Ex_KD
Tmem74,3,DOWN,0,3,-0.35576232648315004,Acc3_brainstem_GLP_1;Acc8_hippocampus_ST_A_Ex;Acc8_hippocampus_ST_A_Ex_KD
Cept1,3,DOWN,0,3,-0.3562996052568603,Acc3_hypothalamus_GLP_1_MK_801;Acc8_hippocampus_ST_A_Ex;Acc8_hippocampus_ST_A_Ex_KD
Pabpc1,3,DOWN,0,3,-0.3577997340106959,Acc11_hippocampus_Ex4_mTBI;Acc8_hippocampus_ST_A_Ex;Acc8_hippocampus_ST_A_Ex_KD
Smim15,3,DOWN,0,3,-0.3580933367142012,Acc3_hypothalamus_GLP_1_MK_801;Acc8_hippocampus_ST_A_Ex;Acc8_hippocampus_ST_A_Ex_KD
Nudt10,3,DOWN,0,3,-0.35893435627609094,Acc3_hypothalamus_GLP_1_MK_801;Acc8_hippocampus_ST_A_Ex;Acc8_hippocampus_ST_A_Ex_KD
Lrrtm4,3,DOWN,0,3,-0.36010245104445193,Acc3_hypothalamus_GLP_1_MK_801;Acc8_hippocampus_ST_A_Ex;Acc8_hippocampus_ST_A_Ex_KD
Fam122b,3,DOWN,0,3,-0.3603737866868529,Acc3_brainstem_GLP_1;Acc3_hypothalamus_GLP_1_MK_801;Acc8_hippocampus_ST_A_Ex
Twsg1,3,DOWN,0,3,-0.36095799481612917,Acc3_hypothalamus_GLP_1_MK_801;Acc8_hippocampus_ST_A_Ex;Acc8_hippocampus_ST_A_Ex_KD
Exoc5,3,DOWN,0,3,-0.36119485579045024,Acc3_hypothalamus_GLP_1_MK_801;Acc8_hippocampus_ST_A_Ex;Acc8_hippocampus_ST_A_Ex_KD
Zc2hc1a,3,DOWN,0,3,-0.36121295391219377,Acc3_hypothalamus_GLP_1_MK_801;Acc8_hippocampus_ST_A_Ex;Acc8_hippocampus_ST_A_Ex_KD
Mob1a,3,DOWN,0,3,-0.3617079920408828,Acc3_hypothalamus_GLP_1_MK_801;Acc8_hippocampus_ST_A_Ex;Acc8_hippocampus_ST_A_Ex_KD
Tbl1xr1,3,DOWN,0,3,-0.3626678395003859,Acc3_hypothalamus_GLP_1_MK_801;Acc8_hippocampus_ST_A_Ex;Acc8_hippocampus_ST_A_Ex_KD
Arl5a,3,DOWN,0,3,-0.36461956325989314,Acc3_hypothalamus_GLP_1_MK_801;Acc8_hippocampus_ST_A_Ex;Acc8_hippocampus_ST_A_Ex_KD
Suz12,3,DOWN,0,3,-0.364814570893163,Acc3_hypothalamus_GLP_1_MK_801;Acc8_hippocampus_ST_A_Ex;Acc8_hippocampus_ST_A_Ex_KD
Ccdc126,3,DOWN,0,3,-0.36495701800327857,Acc3_hypothalamus_GLP_1_MK_801;Acc8_hippocampus_ST_A_Ex;Acc8_hippocampus_ST_A_Ex_KD
Rnf139,3,DOWN,0,3,-0.3654118814520775,Acc3_hypothalamus_GLP_1_MK_801;Acc8_hippocampus_ST_A_Ex;Acc8_hippocampus_ST_A_Ex_KD
Dimt1,3,DOWN,0,3,-0.3654147953812415,Acc3_hypothalamus_GLP_1_MK_801;Acc8_hippocampus_ST_A_Ex;Acc8_hippocampus_ST_A_Ex_KD
Stat1,3,DOWN,0,3,-0.36600403858274994,Acc3_hypothalamus_GLP_1_MK_801;Acc8_hippocampus_ST_A_Ex;Acc8_hippocampus_ST_A_Ex_KD
Serpinh1,3,DOWN,0,3,-0.3661136907717866,Acc3_brainstem_GLP_1_MK_801;Acc3_hypothalamus_GLP_1_MK_801;Acc3_hypothalamus_conjugate_2
Sox9,3,DOWN,0,3,-0.36664690744069905,Acc3_brainstem_GLP_1;Acc5_nts_IP118_PY115;Acc5_pvn_IP118_PY115
Syt4,3,DOWN,0,3,-0.36828629956835596,Acc3_hypothalamus_GLP_1_MK_801;Acc8_hippocampus_ST_A_Ex;Acc8_hippocampus_ST_A_Ex_KD
Cops2,3,DOWN,0,3,-0.3683240444077837,Acc3_hypothalamus_GLP_1_MK_801;Acc8_hippocampus_ST_A_Ex;Acc8_hippocampus_ST_A_Ex_KD
Zfp36l2,3,DOWN,0,3,-0.3687926425952104,Acc3_accumbens_GLP_1;Acc3_brainstem_GLP_1;Acc8_hippocampus_ST_A_Ex
Cnot6l,3,DOWN,0,3,-0.36935193200608635,Acc3_hypothalamus_GLP_1_MK_801;Acc8_hippocampus_ST_A_Ex;Acc8_hippocampus_ST_A_Ex_KD
Tgfbr1,3,DOWN,0,3,-0.3696067956918627,Acc3_brainstem_GLP_1;Acc8_hippocampus_ST_A_Ex;Acc8_hippocampus_ST_A_Ex_KD
Tmem64,3,DOWN,0,3,-0.37010300466894525,Acc3_hypothalamus_GLP_1_MK_801;Acc8_hippocampus_ST_A_Ex;Acc8_hippocampus_ST_A_Ex_KD
Klf10,3,DOWN,0,3,-0.371053712791159,Acc3_brainstem_GLP_1;Acc3_brainstem_GLP_1_MK_801;Acc8_hippocampus_ST_A_Ex
Ankrd6,3,DOWN,0,3,-0.3720436489768661,Acc8_frontalcortex_ST_A_Ex;Acc8_hippocampus_ST_A_Ex;Acc8_hippocampus_ST_A_Ex_KD
Zfp120,3,DOWN,0,3,-0.3724801433266212,Acc3_hypothalamus_GLP_1_MK_801;Acc8_hippocampus_ST_A_Ex;Acc8_hippocampus_ST_A_Ex_KD
Mir100hg,3,DOWN,0,3,-0.37341136506608025,Acc3_hypothalamus_GLP_1_MK_801;Acc8_hippocampus_ST_A_Ex;Acc8_hippocampus_ST_A_Ex_KD
Pak5,3,DOWN,0,3,-0.37383120601761316,Acc5_pvn_IP118_PY115;Acc8_hippocampus_ST_A_Ex;Acc8_hippocampus_ST_A_Ex_KD
Acsl4,3,DOWN,0,3,-0.37488638777578087,Acc3_hypothalamus_GLP_1_MK_801;Acc8_hippocampus_ST_A_Ex;Acc8_hippocampus_ST_A_Ex_KD
Ppp6c,3,DOWN,0,3,-0.3751489727696171,Acc3_hypothalamus_GLP_1_MK_801;Acc8_hippocampus_ST_A_Ex;Acc8_hippocampus_ST_A_Ex_KD
Slc25a46,3,DOWN,0,3,-0.37624445534021195,Acc3_hypothalamus_GLP_1_MK_801;Acc8_hippocampus_ST_A_Ex;Acc8_hippocampus_ST_A_Ex_KD
Uprt,3,DOWN,0,3,-0.3769716035525383,Acc3_brainstem_GLP_1;Acc8_hippocampus_ST_A_Ex;Acc8_hippocampus_ST_A_Ex_KD
Acsl3,3,DOWN,0,3,-0.3771064062166667,Acc10_hippocampus_Ex4_Po_t_TBI;Acc10_hippocampus_Ex4_Pre_TBI;Acc11_hippocampus_Ex4_mTBI
Chordc1,3,DOWN,0,3,-0.3775952780392668,Acc3_hypothalamus_GLP_1_MK_801;Acc8_hippocampus_ST_A_Ex;Acc8_hippocampus_ST_A_Ex_KD
Srsf3,3,DOWN,0,3,-0.377738403437093,Acc3_hypothalamus_GLP_1_MK_801;Acc8_hippocampus_ST_A_Ex;Acc8_hippocampus_ST_A_Ex_KD
Stxbp6,3,DOWN,0,3,-0.3786797857627708,Acc3_brainstem_GLP_1;Acc8_hippocampus_ST_A_Ex;Acc8_hippocampus_ST_A_Ex_KD
Arl5b,3,DOWN,0,3,-0.378928579831696,Acc3_hypothalamus_GLP_1_MK_801;Acc8_frontalcortex_ST_A_Ex;Acc8_hippocampus_ST_A_Ex
Tmem33,3,DOWN,0,3,-0.37904877482559035,Acc3_hypothalamus_GLP_1_MK_801;Acc8_hippocampus_ST_A_Ex;Acc8_hippocampus_ST_A_Ex_KD
Hapln1,3,DOWN,0,3,-0.37909781054071606,Acc3_brainstem_GLP_1;Acc8_frontalcortex_ST_A_Ex;Acc8_hippocampus_ST_A_Ex
Kcnt2,3,DOWN,0,3,-0.38095537350601694,Acc3_hypothalamus_GLP_1_MK_801;Acc8_hippocampus_ST_A_Ex;Acc8_hippocampus_ST_A_Ex_KD
Ube2d3,3,DOWN,0,3,-0.38237050318809507,Acc3_hypothalamus_GLP_1_MK_801;Acc8_hippocampus_ST_A_Ex;Acc8_hippocampus_ST_A_Ex_KD
Smim13,3,DOWN,0,3,-0.3825782519750767,Acc3_hypothalamus_GLP_1_MK_801;Acc8_hippocampus_ST_A_Ex;Acc8_hippocampus_ST_A_Ex_KD
Ints8,3,DOWN,0,3,-0.3831480015592879,Acc3_hypothalamus_GLP_1_MK_801;Acc8_hippocampus_ST_A_Ex;Acc8_hippocampus_ST_A_Ex_KD
Doc2b,3,DOWN,0,3,-0.383604152065486,Acc8_hippocampus_ST_A_Ex;Acc8_hippocampus_ST_A_Ex_KD;Acc8_hypothalamus_LT_A_Ex
Zfp958,3,DOWN,0,3,-0.3874614762755498,Acc3_hypothalamus_GLP_1_MK_801;Acc8_hippocampus_ST_A_Ex;Acc8_hippocampus_ST_A_Ex_KD
Mmgt1,3,DOWN,0,3,-0.3902397673681188,Acc3_hypothalamus_GLP_1_MK_801;Acc8_hippocampus_ST_A_Ex;Acc8_hippocampus_ST_A_Ex_KD
Arhgap29,3,DOWN,0,3,-0.39062270790147374,Acc3_brainstem_GLP_1_MK_801;Acc3_hypothalamus_GLP_1_MK_801;Acc8_hippocampus_ST_A_Ex_KD
Pwwp3b,3,DOWN,0,3,-0.39299855298210246,Acc3_hypothalamus_GLP_1_MK_801;Acc8_hippocampus_ST_A_Ex;Acc8_hippocampus_ST_A_Ex_KD
Rc3h2,3,DOWN,0,3,-0.39362473764127254,Acc3_hypothalamus_GLP_1_MK_801;Acc8_hippocampus_ST_A_Ex;Acc8_hippocampus_ST_A_Ex_KD
Purb,3,DOWN,0,3,-0.3948358520511359,Acc3_hypothalamus_GLP_1_MK_801;Acc8_hippocampus_ST_A_Ex;Acc8_hippocampus_ST_A_Ex_KD
Kpna4,3,DOWN,0,3,-0.3971434653661336,Acc3_hypothalamus_GLP_1_MK_801;Acc8_hippocampus_ST_A_Ex;Acc8_hippocampus_ST_A_Ex_KD
Zfp850,3,DOWN,0,3,-0.3975645822838716,Acc3_hypothalamus_GLP_1_MK_801;Acc8_hippocampus_ST_A_Ex;Acc8_hippocampus_ST_A_Ex_KD
Sppl2a,3,DOWN,0,3,-0.39807885859772524,Acc3_hypothalamus_GLP_1_MK_801;Acc8_hippocampus_ST_A_Ex;Acc8_hippocampus_ST_A_Ex_KD
Socs4,3,DOWN,0,3,-0.39838014996853244,Acc3_hypothalamus_GLP_1_MK_801;Acc8_hippocampus_ST_A_Ex;Acc8_hippocampus_ST_A_Ex_KD
Cfap300,3,DOWN,0,3,-0.40078595034230197,Acc3_hypothalamus_GLP_1_MK_801;Acc8_hippocampus_ST_A_Ex;Acc8_hippocampus_ST_A_Ex_KD
Grm1,3,DOWN,0,3,-0.40112287298323035,Acc3_brainstem_GLP_1;Acc8_hippocampus_ST_A_Ex;Acc8_hippocampus_ST_A_Ex_KD
Mzt1,3,DOWN,0,3,-0.40420929282755763,Acc3_hypothalamus_GLP_1_MK_801;Acc8_hippocampus_ST_A_Ex;Acc8_hippocampus_ST_A_Ex_KD
Desi2,3,DOWN,0,3,-0.40711910207009866,Acc3_hypothalamus_GLP_1_MK_801;Acc8_hippocampus_ST_A_Ex;Acc8_hippocampus_ST_A_Ex_KD
Pkia,3,DOWN,0,3,-0.40717653653030367,Acc3_hypothalamus_GLP_1_MK_801;Acc8_hippocampus_ST_A_Ex;Acc8_hippocampus_ST_A_Ex_KD
Gsdme,3,DOWN,0,3,-0.40761944627298163,Acc3_hypothalamus_GLP_1_MK_801;Acc8_hippocampus_ST_A_Ex;Acc8_hippocampus_ST_A_Ex_KD
Stk17b,3,DOWN,0,3,-0.408374553869642,Acc3_hypothalamus_GLP_1_MK_801;Acc8_hippocampus_ST_A_Ex;Acc8_hippocampus_ST_A_Ex_KD
Camk2d,3,DOWN,0,3,-0.4130746643171605,Acc3_hypothalamus_GLP_1_MK_801;Acc8_hippocampus_ST_A_Ex;Acc8_hippocampus_ST_A_Ex_KD
Sox11,3,DOWN,0,3,-0.41355267411376523,Acc3_hypothalamus_GLP_1_MK_801;Acc8_hippocampus_ST_A_Ex;Acc8_hippocampus_ST_A_Ex_KD
Zfp729b,3,DOWN,0,3,-0.4146869052060829,Acc3_brainstem_GLP_1;Acc3_hypothalamus_GLP_1_MK_801;Acc8_hippocampus_ST_A_Ex
Zfp518a,3,DOWN,0,3,-0.41675087242623077,Acc3_hypothalamus_GLP_1_MK_801;Acc8_hippocampus_ST_A_Ex;Acc8_hippocampus_ST_A_Ex_KD
Nfia,3,DOWN,0,3,-0.4167910434682948,Acc3_hypothalamus_GLP_1_MK_801;Acc8_hippocampus_ST_A_Ex;Acc8_hippocampus_ST_A_Ex_KD
Ccni,3,DOWN,0,3,-0.41871563840029724,Acc3_hypothalamus_GLP_1_MK_801;Acc8_hippocampus_ST_A_Ex;Acc8_hippocampus_ST_A_Ex_KD
Zbtb44,3,DOWN,0,3,-0.41995889956681137,Acc3_hypothalamus_GLP_1_MK_801;Acc8_hippocampus_ST_A_Ex;Acc8_hippocampus_ST_A_Ex_KD
Magt1,3,DOWN,0,3,-0.4214589122421333,Acc3_hypothalamus_GLP_1_MK_801;Acc8_hippocampus_ST_A_Ex;Acc8_hippocampus_ST_A_Ex_KD
Zdhhc2,3,DOWN,0,3,-0.4215585324016918,Acc3_hypothalamus_GLP_1_MK_801;Acc8_hippocampus_ST_A_Ex;Acc8_hippocampus_ST_A_Ex_KD
Itgbl1,3,DOWN,0,3,-0.42263222589743443,Acc3_hypothalamus_GLP_1_MK_801;Acc8_hippocampus_ST_A_Ex;Acc8_hippocampus_ST_A_Ex_KD
Wdr44,3,DOWN,0,3,-0.4239117432641619,Acc3_brainstem_GLP_1;Acc8_hippocampus_ST_A_Ex;Acc8_hippocampus_ST_A_Ex_KD
Ighm,3,DOWN,1,2,-0.42530376781398543,Acc3_brainstem_GLP_1;Acc8_hippocampus_ST_A_Ex;Acc8_hippocampus_ST_A_Ex_KD
Fsd1l,3,DOWN,0,3,-0.4278911112813,Acc3_hypothalamus_GLP_1_MK_801;Acc8_hippocampus_ST_A_Ex;Acc8_hippocampus_ST_A_Ex_KD
Rp2,3,DOWN,0,3,-0.4319824392225015,Acc3_hypothalamus_GLP_1_MK_801;Acc8_hippocampus_ST_A_Ex;Acc8_hippocampus_ST_A_Ex_KD
Sox21,3,DOWN,0,3,-0.4324020000157762,Acc3_brainstem_GLP_1;Acc8_frontalcortex_ST_A_Ex;Acc8_hippocampus_ST_A_Ex
Pten,3,DOWN,0,3,-0.4349346554232862,Acc3_hypothalamus_GLP_1_MK_801;Acc8_hippocampus_ST_A_Ex;Acc8_hippocampus_ST_A_Ex_KD
Rap2c,3,DOWN,0,3,-0.4364549487120679,Acc3_hypothalamus_GLP_1_MK_801;Acc8_hippocampus_ST_A_Ex;Acc8_hippocampus_ST_A_Ex_KD
Gabrg1,3,DOWN,0,3,-0.43875537227846045,Acc3_hypothalamus_GLP_1_MK_801;Acc8_hippocampus_ST_A_Ex;Acc8_hippocampus_ST_A_Ex_KD
Katnbl1,3,DOWN,0,3,-0.44177991191398364,Acc3_hypothalamus_GLP_1_MK_801;Acc8_hippocampus_ST_A_Ex;Acc8_hippocampus_ST_A_Ex_KD
Npy5r,3,DOWN,0,3,-0.44382118465097475,Acc3_hypothalamus_GLP_1_MK_801;Acc8_hippocampus_ST_A_Ex;Acc8_hippocampus_ST_A_Ex_KD
Slc35a3,3,DOWN,0,3,-0.4457580738211911,Acc3_hypothalamus_GLP_1_MK_801;Acc8_hippocampus_ST_A_Ex;Acc8_hippocampus_ST_A_Ex_KD
Ptbp3,3,DOWN,0,3,-0.44606156891670423,Acc3_hypothalamus_GLP_1_MK_801;Acc8_hippocampus_ST_A_Ex;Acc8_hippocampus_ST_A_Ex_KD
Gmfb,3,DOWN,0,3,-0.4465261421476032,Acc3_hypothalamus_GLP_1_MK_801;Acc8_hippocampus_ST_A_Ex;Acc8_hippocampus_ST_A_Ex_KD
Xpo1,3,DOWN,0,3,-0.4489230063773874,Acc3_hypothalamus_GLP_1_MK_801;Acc8_hippocampus_ST_A_Ex;Acc8_hippocampus_ST_A_Ex_KD
Nr2e1,3,DOWN,0,3,-0.45013285659765584,Acc8_frontalcortex_ST_A_Ex;Acc8_frontalcortex_ST_A_Ex_KD;Acc8_hippocampus_ST_A_Ex
Aw549877,3,DOWN,0,3,-0.45569775593047784,Acc3_hypothalamus_GLP_1_MK_801;Acc8_hippocampus_ST_A_Ex;Acc8_hippocampus_ST_A_Ex_KD
Cpne3,3,DOWN,0,3,-0.4653556925256926,Acc3_hypothalamus_GLP_1_MK_801;Acc8_hippocampus_ST_A_Ex;Acc8_hippocampus_ST_A_Ex_KD
Rflnb,3,DOWN,0,3,-0.46581319015001005,Acc3_brainstem_GLP_1_MK_801;Acc8_hippocampus_ST_A_Ex;Acc8_hippocampus_ST_A_Ex_KD
Trpc6,3,DOWN,0,3,-0.4710266868538538,Acc8_frontalcortex_ST_A_Ex;Acc8_hippocampus_ST_A_Ex;Acc8_hippocampus_ST_A_Ex_KD
Gm10509,3,DOWN,0,3,-0.47195904404489375,Acc3_hypothalamus_GLP_1_MK_801;Acc8_hippocampus_ST_A_Ex;Acc8_hippocampus_ST_A_Ex_KD
Lrch2,3,DOWN,0,3,-0.4773252777464611,Acc3_hypothalamus_GLP_1_MK_801;Acc8_hippocampus_ST_A_Ex;Acc8_hippocampus_ST_A_Ex_KD
Cd164,3,DOWN,0,3,-0.48265172536110373,Acc3_hypothalamus_GLP_1_MK_801;Acc8_hippocampus_ST_A_Ex;Acc8_hippocampus_ST_A_Ex_KD
Cav2,3,DOWN,0,3,-0.4875022468409685,Acc3_hypothalamus_GLP_1_MK_801;Acc8_hippocampus_ST_A_Ex;Acc8_hippocampus_ST_A_Ex_KD
Tmx3,3,DOWN,0,3,-0.4876637892741793,Acc3_hypothalamus_GLP_1_MK_801;Acc8_hippocampus_ST_A_Ex;Acc8_hippocampus_ST_A_Ex_KD
Gab1,3,DOWN,0,3,-0.4917396221858954,Acc3_brainstem_GLP_1;Acc8_hippocampus_ST_A_Ex;Acc8_hippocampus_ST_A_Ex_KD
Pter,3,DOWN,0,3,-0.4967463926129892,Acc3_hypothalamus_GLP_1_MK_801;Acc8_hippocampus_ST_A_Ex;Acc8_hippocampus_ST_A_Ex_KD
Vma21,3,DOWN,0,3,-0.5005955369785839,Acc3_hypothalamus_GLP_1_MK_801;Acc8_hippocampus_ST_A_Ex;Acc8_hippocampus_ST_A_Ex_KD
Kctd12b,3,DOWN,0,3,-0.5013859814799261,Acc3_hypothalamus_GLP_1_MK_801;Acc8_hippocampus_ST_A_Ex;Acc8_hippocampus_ST_A_Ex_KD
Fli1,3,DOWN,0,3,-0.5027909981378961,Acc3_brainstem_GLP_1;Acc8_hippocampus_ST_A_Ex;Acc8_hippocampus_ST_A_Ex_KD
Gm9833,3,DOWN,0,3,-0.5128234508239462,Acc8_hippocampus_ST_A_Ex;Acc8_hippocampus_ST_A_Ex_KD;Acc8_hypothalamus_LT_A_Ex
6720489n17rik,3,DOWN,0,3,-0.5155268303114183,Acc3_hypothalamus_GLP_1_MK_801;Acc8_hippocampus_ST_A_Ex;Acc8_hippocampus_ST_A_Ex_KD
Mob3b,3,DOWN,0,3,-0.5223353364604342,Acc3_brainstem_GLP_1;Acc8_hippocampus_ST_A_Ex;Acc8_hippocampus_ST_A_Ex_KD
Zfp976,3,DOWN,0,3,-0.5243272873598416,Acc3_hypothalamus_GLP_1_MK_801;Acc8_hippocampus_ST_A_Ex;Acc8_hippocampus_ST_A_Ex_KD
Tmed5,3,DOWN,0,3,-0.5337559321800464,Acc3_hypothalamus_GLP_1_MK_801;Acc8_hippocampus_ST_A_Ex;Acc8_hippocampus_ST_A_Ex_KD
Glra3,3,DOWN,0,3,-0.549113375949415,Acc3_hypothalamus_GLP_1_MK_801;Acc8_hippocampus_ST_A_Ex;Acc8_hippocampus_ST_A_Ex_KD
Zkscan6,3,UP,2,1,-0.567229622275646,Acc6_mbh_AC3174;Acc8_hippocampus_ST_A_Ex;Acc8_hippocampus_ST_A_Ex_KD
C030023e24rik,3,DOWN,0,3,-0.6265509241279503,Acc8_frontalcortex_ST_A_Ex_KD;Acc8_hippocampus_ST_A_Ex;Acc8_hippocampus_ST_A_Ex_KD
St8sia4,3,DOWN,0,3,-0.6351558131486671,Acc3_hypothalamus_GLP_1_MK_801;Acc8_hippocampus_ST_A_Ex;Acc8_hippocampus_ST_A_Ex_KD
4732491k20rik,3,UP,2,1,-0.6570609158618992,Acc6_mbh_AC3174;Acc8_hippocampus_ST_A_Ex;Acc8_hippocampus_ST_A_Ex_KD
Calr,3,DOWN,0,3,-0.6953027228370772,Acc11_hippocampus_Ex4_mTBI;Acc6_mbh_AC3174;Acc8_hypothalamus_LT_A_Ex
Zxdb,3,DOWN,0,3,-0.8274302418190276,Acc3_hypothalamus_GLP_1_MK_801;Acc8_hippocampus_ST_A_Ex;Acc8_hippocampus_ST_A_Ex_KD
Cmtm4,3,DOWN,0,3,-0.905111955042882,Acc6_mbh_AC3174;Acc8_hippocampus_ST_A_Ex;Acc8_hippocampus_ST_A_Ex_KD
Spata9,3,DOWN,0,3,-0.9429370825796637,Acc3_hypothalamus_GLP_1_MK_801;Acc8_hippocampus_ST_A_Ex;Acc8_hippocampus_ST_A_Ex_KD
N4bp2l2,3,DOWN,0,3,-0.9570611589029417,Acc6_mbh_AC3174;Acc6_mbh_COMBO;Acc8_frontalcortex_ST_A_Ex_KD
Fmo5,3,DOWN,1,2,-0.9723575272648243,Acc6_dvc_COMBO;Acc8_hippocampus_ST_A_Ex_KD;Acc8_hypothalamus_LT_A_Ex
Gm6158,3,DOWN,1,2,-1.0756639011402065,Acc3_brainstem_GLP_1;Acc8_hippocampus_ST_A_Ex;Acc8_hippocampus_ST_A_Ex_KD
Rtkn2,3,UP,2,1,-2.2390729582671507,Acc3_brainstem_GLP_1;Acc3_brainstem_GLP_1_MK_801;Acc6_mbh_AC710222
Ephb2,3,DOWN,1,2,-2.264494217838322,Acc3_brainstem_GLP_1_MK_801;Acc6_mbh_AC710222;Acc8_hippocampus_ST_A_Ex
Xxylt1,3,DOWN,0,3,-2.5207536933246937,Acc6_mbh_AC3174;Acc8_hippocampus_ST_A_Ex;Acc8_hippocampus_ST_A_Ex_KD
Notch2,3,DOWN,0,3,-2.7151431197714686,Acc6_mbh_COMBO;Acc8_hippocampus_ST_A_Ex;Acc8_hippocampus_ST_A_Ex_KD
Samd9l,3,DOWN,1,2,-3.07612358071041,Acc6_mbh_AC3174;Acc8_hippocampus_ST_A_Ex_KD;Acc8_hypothalamus_LT_A_Ex
Islr2,3,DOWN,1,2,-3.0995057102277688,Acc5_nts_IP118_PY115;Acc6_mbh_AC710222;Acc8_hypothalamus_LT_A_Ex
Rab37,3,UP,2,1,-3.4204390105138227,Acc6_mbh_AC3174;Acc8_hippocampus_ST_A_Ex;Acc8_hippocampus_ST_A_Ex_KD
Slc5a11,3,DOWN,1,2,-28.530123964013793,Acc6_dvc_AC3174;Acc6_dvc_COMBO;Acc8_hippocampus_ST_A_Ex
Ppp1r17,2,UP,2,0,11.200549192908607,Acc6_dvc_AC3174;Acc6_dvc_COMBO
Srpk3,2,UP,2,0,11.054129135403402,Acc6_mbh_AC710222;Acc6_mbh_COMBO
Slc26a6,2,UP,2,0,10.67623119604275,Acc6_mbh_AC3174;Acc6_mbh_COMBO
Ctf1,2,UP,2,0,10.530920676811945,Acc6_mbh_AC3174;Acc6_mbh_COMBO
Pde3a,2,UP,2,0,10.27189104156934,Acc6_mbh_AC3174;Acc6_mbh_COMBO
Vsir,2,UP,2,0,10.23403402781123,Acc6_mbh_AC3174;Acc6_mbh_AC710222
Ankrd23,2,UP,2,0,10.208040961690168,Acc6_mbh_AC710222;Acc6_mbh_COMBO
Gm12144,2,UP,2,0,9.992370468830805,Acc6_mbh_AC3174;Acc6_mbh_COMBO
F11r,2,UP,2,0,9.888863559913142,Acc6_mbh_AC710222;Acc6_mbh_COMBO
Slc35d3,2,UP,2,0,9.871345149524483,Acc6_mbh_AC710222;Acc6_mbh_COMBO
Fmnl3,2,UP,2,0,9.294806237303957,Acc6_mbh_AC710222;Acc6_mbh_COMBO
Slc10a4-ps,2,UP,2,0,6.78320184433287,Acc6_dvc_AC3174;Acc6_dvc_AC710222
Il12rb2,2,UP,2,0,6.691918275430423,Acc6_mbh_AC3174;Acc6_mbh_COMBO
Irx5,2,UP,2,0,6.563166796753817,Acc6_mbh_AC3174;Acc6_mbh_COMBO
Pipox,2,UP,2,0,6.551441890140179,Acc3_brainstem_GLP_1;Acc6_mbh_AC3174
Lgi2,2,UP,2,0,6.013491260940841,Acc6_mbh_AC3174;Acc6_mbh_AC710222
Tbx19,2,UP,2,0,5.854567450464427,Acc6_mbh_AC710222;Acc6_mbh_COMBO
Entpd3,2,UP,1,1,5.8405372582720245,Acc6_mbh_AC3174;Acc8_hypothalamus_LT_A_Ex
Plcb2,2,UP,2,0,5.774698816491581,Acc3_hypothalamus_GLP_1_MK_801;Acc6_mbh_COMBO
Slc22a15,2,UP,2,0,5.606325886965858,Acc6_mbh_AC710222;Acc6_mbh_COMBO
Lrrk1,2,UP,2,0,5.553885587698861,Acc6_dvc_AC3174;Acc8_frontalcortex_ST_A_Ex_KD
Tnxb,2,UP,2,0,5.539179782560563,Acc6_mbh_AC3174;Acc8_hippocampus_ST_A_Ex
Creb3l1,2,UP,2,0,5.446852282270479,Acc6_mbh_AC3174;Acc6_mbh_COMBO
Insm2,2,UP,2,0,4.950457217922953,Acc6_mbh_COMBO;Acc8_hippocampus_ST_A_Ex_KD
Mrs2,2,UP,2,0,4.914029869383236,Acc6_mbh_AC3174;Acc6_mbh_COMBO
Vstm4,2,UP,1,1,4.770356013143237,Acc6_mbh_AC3174;Acc8_hippocampus_ST_A_Ex_KD
Uncx,2,UP,2,0,4.5454935969389325,Acc6_mbh_AC3174;Acc6_mbh_COMBO
Fer1l5,2,UP,1,1,4.436760020218759,Acc6_mbh_AC3174;Acc8_hypothalamus_LT_A_Ex
Jund,2,UP,2,0,3.928290698391218,Acc6_mbh_AC3174;Acc6_mbh_COMBO
Fam43b,2,UP,2,0,3.6986458209640842,Acc6_mbh_AC3174;Acc6_mbh_COMBO
Uaca,2,UP,1,1,3.682247056617264,Acc3_brainstem_GLP_1_MK_801;Acc6_mbh_AC3174
Tcirg1,2,UP,1,1,3.6208925824189535,Acc6_mbh_COMBO;Acc8_hippocampus_ST_A_Ex_KD
Anxa4,2,UP,2,0,3.5595402216389007,Acc6_mbh_AC3174;Acc6_mbh_COMBO
Bod1,2,UP,2,0,3.2815744305061783,Acc6_mbh_AC3174;Acc6_mbh_COMBO
Ap1ar,2,UP,2,0,3.108519224113414,Acc6_mbh_AC3174;Acc6_mbh_COMBO
Nsmce4a,2,UP,2,0,3.0593483060661826,Acc6_mbh_AC3174;Acc6_mbh_COMBO
Ero1b,2,UP,1,1,2.8889147904618846,Acc6_mbh_AC710222;Acc8_hippocampus_ST_A_Ex
Plcg1,2,UP,2,0,2.808043944153966,Acc6_mbh_AC3174;Acc6_mbh_COMBO
Ptov1,2,UP,2,0,2.7967685847493313,Acc6_mbh_AC3174;Acc6_mbh_COMBO
Odc1,2,UP,2,0,2.739734226021773,Acc6_mbh_AC3174;Acc6_mbh_COMBO
Cdk16,2,UP,2,0,2.684821147972282,Acc6_mbh_AC3174;Acc6_mbh_COMBO
Scarf2,2,UP,2,0,2.649903145582975,Acc6_mbh_COMBO;Acc8_frontalcortex_ST_A_Ex_KD
Bean1,2,UP,2,0,2.6269561102276526,Acc6_mbh_AC3174;Acc6_mbh_COMBO
Dbf4,2,UP,1,1,2.4821565955138563,Acc3_hypothalamus_GLP_1_MK_801;Acc6_mbh_AC710222
Efhd2,2,UP,2,0,2.4775855058637695,Acc6_mbh_AC3174;Acc6_mbh_COMBO
Gm39642,2,UP,2,0,2.443118419158399,Acc8_hippocampus_ST_A_Ex;Acc8_hippocampus_ST_A_Ex_KD
Gm33763,2,UP,2,0,2.347112975960891,Acc8_hippocampus_ST_A_Ex;Acc8_hippocampus_ST_A_Ex_KD
Gm52502,2,UP,2,0,2.315620181124813,Acc8_hippocampus_ST_A_Ex;Acc8_hippocampus_ST_A_Ex_KD
Brap,2,UP,2,0,2.2932012429183297,Acc6_mbh_AC3174;Acc6_mbh_COMBO
Tirap,2,UP,1,1,2.2856633187018254,Acc3_brainstem_GLP_1;Acc6_mbh_COMBO
Fyn,2,UP,2,0,2.260464333866312,Acc6_mbh_AC3174;Acc6_mbh_COMBO
Rpph1,2,UP,2,0,2.0995842272695553,Acc3_brainstem_GLP_1;Acc8_hippocampus_ST_A_Ex
Wnt4,2,UP,2,0,2.086698213077051,Acc6_mbh_AC3174;Acc8_frontalcortex_ST_A_Ex_KD
Gm3604,2,UP,2,0,2.057106171147813,Acc6_mbh_AC3174;Acc8_hypothalamus_LT_A_Ex
Rn7sk,2,UP,2,0,1.9406129619723025,Acc8_hippocampus_ST_A_Ex;Acc8_hippocampus_ST_A_Ex_KD
Tprg1l,2,UP,2,0,1.9193584729793054,Acc6_mbh_AC3174;Acc6_mbh_COMBO
Gm39450,2,UP,2,0,1.8535514106238014,Acc8_hippocampus_ST_A_Ex;Acc8_hippocampus_ST_A_Ex_KD
Gm46060,2,UP,2,0,1.813722335963015,Acc8_hippocampus_ST_A_Ex;Acc8_hippocampus_ST_A_Ex_KD
Sh3gl3,2,UP,2,0,1.8103858338591534,Acc6_mbh_AC3174;Acc6_mbh_COMBO
Gm12227,2,UP,2,0,1.788463337674064,Acc8_hippocampus_ST_A_Ex;Acc8_hippocampus_ST_A_Ex_KD
Gm45998,2,UP,2,0,1.7751913548352798,Acc8_hippocampus_ST_A_Ex;Acc8_hippocampus_ST_A_Ex_KD
9030607l20rik,2,UP,2,0,1.753398999615933,Acc8_hippocampus_ST_A_Ex;Acc8_hippocampus_ST_A_Ex_KD
Cmas,2,UP,2,0,1.729884312168466,Acc6_mbh_AC3174;Acc6_mbh_COMBO
Gm39443,2,UP,2,0,1.7220279144725201,Acc8_hippocampus_ST_A_Ex;Acc8_hippocampus_ST_A_Ex_KD
Hace1,2,UP,2,0,1.7208327183597534,Acc6_mbh_AC3174;Acc6_mbh_COMBO
Klhdc2,2,UP,2,0,1.6924824159105776,Acc6_mbh_AC3174;Acc6_mbh_COMBO
Gm32896,2,UP,2,0,1.6839863293326185,Acc8_hippocampus_ST_A_Ex;Acc8_hippocampus_ST_A_Ex_KD
Loc115488769,2,UP,2,0,1.6596298245467023,Acc8_hippocampus_ST_A_Ex;Acc8_hippocampus_ST_A_Ex_KD
Gm34755,2,UP,2,0,1.6559974596023368,Acc8_hippocampus_ST_A_Ex;Acc8_hippocampus_ST_A_Ex_KD
Gm31725,2,UP,2,0,1.6353865823449933,Acc8_hippocampus_ST_A_Ex;Acc8_hippocampus_ST_A_Ex_KD
Gm38900,2,UP,2,0,1.6333871202254373,Acc8_hippocampus_ST_A_Ex;Acc8_hippocampus_ST_A_Ex_KD
Gm33851,2,UP,2,0,1.6210372882438318,Acc8_hippocampus_ST_A_Ex;Acc8_hippocampus_ST_A_Ex_KD
Dusp9,2,UP,2,0,1.6115727397823645,Acc8_hippocampus_ST_A_Ex;Acc8_hippocampus_ST_A_Ex_KD
Loc118567333,2,UP,2,0,1.6113348172540092,Acc8_hippocampus_ST_A_Ex;Acc8_hippocampus_ST_A_Ex_KD
Cox7a1,2,UP,2,0,1.5434186603375908,Acc8_hippocampus_ST_A_Ex;Acc8_hippocampus_ST_A_Ex_KD
A730063m14rik,2,UP,2,0,1.534077730806247,Acc8_hippocampus_ST_A_Ex;Acc8_hippocampus_ST_A_Ex_KD
Gm46287,2,UP,2,0,1.5269261208388436,Acc8_hippocampus_ST_A_Ex;Acc8_hippocampus_ST_A_Ex_KD
Gm36198,2,UP,2,0,1.5263835542872597,Acc8_hippocampus_ST_A_Ex;Acc8_hippocampus_ST_A_Ex_KD
Gm14377,2,UP,2,0,1.5067310168471426,Acc8_hippocampus_ST_A_Ex;Acc8_hippocampus_ST_A_Ex_KD
Cnbd2,2,UP,2,0,1.499530590373368,Acc3_hypothalamus_GLP_1_MK_801;Acc6_mbh_AC3174
Pet117,2,UP,2,0,1.4457288654829312,Acc8_hippocampus_ST_A_Ex;Acc8_hippocampus_ST_A_Ex_KD
Pisd-ps1,2,UP,2,0,1.423255730217936,Acc6_mbh_AC3174;Acc6_mbh_COMBO
C030034l19rik,2,UP,2,0,1.4092583673329497,Acc8_hippocampus_ST_A_Ex;Acc8_hippocampus_ST_A_Ex_KD
Gm31291,2,UP,2,0,1.406685689122006,Acc8_hippocampus_ST_A_Ex;Acc8_hippocampus_ST_A_Ex_KD
Gm5914,2,UP,2,0,1.3806651912180883,Acc8_hippocampus_ST_A_Ex;Acc8_hippocampus_ST_A_Ex_KD
4931408d14rik,2,UP,2,0,1.373501192667053,Acc8_hippocampus_ST_A_Ex;Acc8_hippocampus_ST_A_Ex_KD
Map7d1,2,UP,2,0,1.3706376943234857,Acc3_hypothalamus_GLP_1_MK_801;Acc6_mbh_COMBO
Zbed6,2,UP,2,0,1.3528095637651913,Acc8_hippocampus_ST_A_Ex;Acc8_hippocampus_ST_A_Ex_KD
A230051n06rik,2,UP,2,0,1.3319247696937557,Acc8_hippocampus_ST_A_Ex;Acc8_hippocampus_ST_A_Ex_KD
Gm31623,2,UP,2,0,1.3318758640106858,Acc8_hippocampus_ST_A_Ex;Acc8_hippocampus_ST_A_Ex_KD
Loc118567533,2,UP,2,0,1.320538434774917,Acc8_hippocampus_ST_A_Ex;Acc8_hippocampus_ST_A_Ex_KD
Gm52430,2,UP,2,0,1.319737101017909,Acc8_hippocampus_ST_A_Ex;Acc8_hippocampus_ST_A_Ex_KD
Gm20594,2,UP,2,0,1.319542496605429,Acc8_hippocampus_ST_A_Ex_KD;Acc8_hippocampus_YA_Ex
Gm32960,2,UP,2,0,1.3020766505880759,Acc8_hippocampus_ST_A_Ex;Acc8_hippocampus_ST_A_Ex_KD
4933426b08rik,2,UP,2,0,1.2979194691362794,Acc8_hippocampus_ST_A_Ex;Acc8_hippocampus_ST_A_Ex_KD
Klk13,2,UP,2,0,1.2876842392448768,Acc8_hippocampus_ST_A_Ex;Acc8_hippocampus_ST_A_Ex_KD
Hs3st2,2,UP,2,0,1.2730620319304284,Acc3_hypothalamus_GLP_1_MK_801;Acc5_pvn_IP118_PY115
Gm13404,2,UP,2,0,1.2664842253879232,Acc8_hippocampus_ST_A_Ex;Acc8_hippocampus_ST_A_Ex_KD
Gm33449,2,UP,2,0,1.26154775255173,Acc8_hippocampus_ST_A_Ex;Acc8_hippocampus_ST_A_Ex_KD
Lrp8os2,2,UP,2,0,1.2608783888003803,Acc3_hypothalamus_GLP_1_MK_801;Acc8_hippocampus_ST_A_Ex
Gm42378,2,UP,2,0,1.2545895821278088,Acc8_hippocampus_ST_A_Ex;Acc8_hippocampus_ST_A_Ex_KD
Loc115488765,2,UP,2,0,1.244472052313163,Acc8_hippocampus_ST_A_Ex;Acc8_hippocampus_ST_A_Ex_KD
Brwd1,2,UP,2,0,1.2304322081329067,Acc6_mbh_AC3174;Acc6_mbh_COMBO
Loc118567400,2,UP,2,0,1.2190542476996882,Acc8_hippocampus_ST_A_Ex;Acc8_hippocampus_ST_A_Ex_KD
A330015k06rik,2,UP,2,0,1.2058157585542748,Acc8_hippocampus_ST_A_Ex;Acc8_hippocampus_ST_A_Ex_KD
Loc118568383,2,UP,2,0,1.180879612242757,Acc8_hippocampus_ST_A_Ex;Acc8_hippocampus_ST_A_Ex_KD
Gm34375,2,UP,2,0,1.1641792399836026,Acc8_hippocampus_ST_A_Ex;Acc8_hippocampus_ST_A_Ex_KD
Gm35365,2,UP,2,0,1.1584028563220887,Acc8_hippocampus_ST_A_Ex;Acc8_hippocampus_ST_A_Ex_KD
Gm32768,2,UP,2,0,1.1497731915814415,Acc8_hippocampus_ST_A_Ex;Acc8_hippocampus_ST_A_Ex_KD
Atp2c2,2,UP,2,0,1.1267221700715455,Acc8_hippocampus_ST_A_Ex;Acc8_hippocampus_ST_A_Ex_KD
Fcor,2,UP,2,0,1.1150617727065333,Acc8_hippocampus_ST_A_Ex;Acc8_hippocampus_ST_A_Ex_KD
Smim27,2,UP,2,0,1.0935571478145003,Acc8_hippocampus_ST_A_Ex;Acc8_hippocampus_ST_A_Ex_KD
Gm4532,2,UP,2,0,1.0912749696665744,Acc8_hippocampus_ST_A_Ex;Acc8_hippocampus_ST_A_Ex_KD
Snhg10,2,UP,2,0,1.089830499471719,Acc8_hippocampus_ST_A_Ex;Acc8_hippocampus_ST_A_Ex_KD
Smc2os,2,UP,2,0,1.0859509109726404,Acc8_hippocampus_ST_A_Ex;Acc8_hippocampus_ST_A_Ex_KD
Gm8350,2,UP,2,0,1.0824811457137902,Acc8_hippocampus_ST_A_Ex;Acc8_hippocampus_ST_A_Ex_KD
Snhg6,2,UP,2,0,1.0812184673541094,Acc8_hippocampus_ST_A_Ex;Acc8_hippocampus_ST_A_Ex_KD
Cdr2l,2,UP,1,1,1.0798072525001432,Acc6_mbh_COMBO;Acc8_hypothalamus_LT_A_Ex
Loc118567394,2,UP,2,0,1.075249757590384,Acc8_hippocampus_ST_A_Ex;Acc8_hippocampus_ST_A_Ex_KD
5730408k05rik,2,UP,2,0,1.0740204794608457,Acc8_hippocampus_ST_A_Ex;Acc8_hippocampus_ST_A_Ex_KD
Gm40233,2,UP,2,0,1.0686783096972658,Acc8_hippocampus_ST_A_Ex;Acc8_hippocampus_ST_A_Ex_KD
Gm19835,2,UP,2,0,1.0640766727926163,Acc8_hippocampus_ST_A_Ex;Acc8_hippocampus_ST_A_Ex_KD
1110038b12rik,2,UP,2,0,1.044195406728905,Acc8_hippocampus_ST_A_Ex;Acc8_hippocampus_ST_A_Ex_KD
Snhg15,2,UP,2,0,1.0367840222363105,Acc8_hippocampus_ST_A_Ex;Acc8_hippocampus_ST_A_Ex_KD
Ccl21b,2,UP,2,0,1.0361320479917597,Acc8_hippocampus_ST_A_Ex;Acc8_hippocampus_ST_A_Ex_KD
Cox8a,2,UP,2,0,1.0319436809396318,Acc8_hippocampus_ST_A_Ex;Acc8_hippocampus_ST_A_Ex_KD
Cox6a2,2,UP,2,0,1.0301707330268002,Acc8_hippocampus_ST_A_Ex;Acc8_hippocampus_ST_A_Ex_KD
Rnaset2b,2,UP,2,0,1.0255330673057148,Acc8_hippocampus_ST_A_Ex;Acc8_hippocampus_ST_A_Ex_KD
Gm46265,2,UP,2,0,1.0246266001465862,Acc8_hippocampus_ST_A_Ex;Acc8_hippocampus_ST_A_Ex_KD
2210416o15rik,2,UP,2,0,1.0225369383121206,Acc8_hippocampus_ST_A_Ex;Acc8_hippocampus_ST_A_Ex_KD
9330020h09rik,2,UP,2,0,1.0219227449303554,Acc8_hippocampus_ST_A_Ex;Acc8_hippocampus_ST_A_Ex_KD
Ndufa1,2,UP,2,0,1.020257193371485,Acc8_hippocampus_ST_A_Ex;Acc8_hippocampus_ST_A_Ex_KD
Gm34057,2,UP,2,0,1.0108438617685103,Acc8_hippocampus_ST_A_Ex;Acc8_hippocampus_ST_A_Ex_KD
Fgf23,2,UP,2,0,1.0080112995541533,Acc8_hippocampus_ST_A_Ex;Acc8_hippocampus_ST_A_Ex_KD
Irak3,2,UP,2,0,0.9966535276868311,Acc3_hypothalamus_GLP_1_MK_801;Acc5_pvn_IP118_PY115
Rnaset2a,2,UP,2,0,0.9962111973767189,Acc8_hippocampus_ST_A_Ex;Acc8_hippocampus_ST_A_Ex_KD
Ankrd61,2,UP,2,0,0.9860221344182006,Acc8_hippocampus_ST_A_Ex;Acc8_hippocampus_ST_A_Ex_KD
Gm41350,2,UP,2,0,0.9779227362141822,Acc8_hippocampus_ST_A_Ex;Acc8_hippocampus_ST_A_Ex_KD
Ndufb3,2,UP,2,0,0.9733105103416986,Acc8_hippocampus_ST_A_Ex;Acc8_hippocampus_ST_A_Ex_KD
Gcnt7,2,UP,2,0,0.9726686102258498,Acc8_hippocampus_ST_A_Ex;Acc8_hippocampus_ST_A_Ex_KD
Ptgis,2,UP,2,0,0.9698583031573089,Acc8_frontalcortex_ST_A_Ex;Acc8_frontalcortex_ST_A_Ex_KD
Gm30583,2,UP,2,0,0.9673733305594376,Acc8_hippocampus_ST_A_Ex;Acc8_hippocampus_ST_A_Ex_KD
Gsk3a,2,UP,1,1,0.9609686340286725,Acc6_mbh_COMBO;Acc8_hypothalamus_LT_A_Ex
Dpm3,2,UP,2,0,0.9578567383486882,Acc8_hippocampus_ST_A_Ex;Acc8_hippocampus_ST_A_Ex_KD
Gm42456,2,UP,2,0,0.9570572734800495,Acc8_hippocampus_ST_A_Ex;Acc8_hippocampus_ST_A_Ex_KD
S100a4,2,UP,2,0,0.9566754533228192,Acc8_hippocampus_ST_A_Ex;Acc8_hippocampus_ST_A_Ex_KD
Gm39326,2,UP,2,0,0.955348814556218,Acc8_hippocampus_ST_A_Ex;Acc8_hippocampus_ST_A_Ex_KD
Gm32059,2,UP,2,0,0.9504580932566109,Acc8_hippocampus_ST_A_Ex;Acc8_hippocampus_ST_A_Ex_KD
Sem1,2,UP,2,0,0.9498448144661378,Acc8_hippocampus_ST_A_Ex;Acc8_hippocampus_ST_A_Ex_KD
Cartpt,2,UP,2,0,0.9450515947183997,Acc8_hippocampus_ST_A_Ex;Acc8_hippocampus_ST_A_Ex_KD
Uqcrb,2,UP,2,0,0.9422891027296147,Acc8_hippocampus_ST_A_Ex;Acc8_hippocampus_ST_A_Ex_KD
Gm16206,2,UP,2,0,0.9418029728559031,Acc8_hippocampus_ST_A_Ex;Acc8_hippocampus_ST_A_Ex_KD
Gm15743,2,UP,2,0,0.9406630103770152,Acc8_hippocampus_ST_A_Ex;Acc8_hippocampus_ST_A_Ex_KD
A330040f15rik,2,UP,2,0,0.9383627089833924,Acc8_hippocampus_ST_A_Ex;Acc8_hippocampus_ST_A_Ex_KD
Micos13,2,UP,2,0,0.9333289943478043,Acc8_hippocampus_ST_A_Ex;Acc8_hippocampus_ST_A_Ex_KD
Syndig1l,2,UP,1,1,0.9271894074594416,Acc6_mbh_COMBO;Acc8_hypothalamus_LT_A_Ex
Gm10382,2,UP,2,0,0.9184993878548371,Acc8_hippocampus_ST_A_Ex;Acc8_hippocampus_ST_A_Ex_KD
Gm40167,2,UP,2,0,0.9168151180416507,Acc8_hippocampus_ST_A_Ex;Acc8_hippocampus_ST_A_Ex_KD
Loc115490354,2,UP,2,0,0.9084434028596522,Acc8_hippocampus_ST_A_Ex;Acc8_hippocampus_ST_A_Ex_KD
Hypk,2,UP,2,0,0.9035968820909732,Acc8_hippocampus_ST_A_Ex;Acc8_hippocampus_ST_A_Ex_KD
5430416n02rik,2,UP,2,0,0.9025227421301382,Acc8_hippocampus_ST_A_Ex;Acc8_hippocampus_ST_A_Ex_KD
Bola2,2,UP,2,0,0.8939615059487496,Acc8_hippocampus_ST_A_Ex;Acc8_hippocampus_ST_A_Ex_KD
Trim72,2,UP,2,0,0.8927411696917913,Acc8_hippocampus_ST_A_Ex;Acc8_hippocampus_ST_A_Ex_KD
Snhg3,2,UP,2,0,0.8880758195893459,Acc8_hippocampus_ST_A_Ex;Acc8_hippocampus_ST_A_Ex_KD
Gm36331,2,UP,2,0,0.877679805335531,Acc8_hippocampus_ST_A_Ex;Acc8_hippocampus_ST_A_Ex_KD
A830052d11rik,2,UP,2,0,0.8724875261775965,Acc8_hippocampus_ST_A_Ex;Acc8_hippocampus_ST_A_Ex_KD
1500002f19rik,2,UP,2,0,0.8719796947916278,Acc8_hippocampus_ST_A_Ex;Acc8_hippocampus_ST_A_Ex_KD
4933440n22rik,2,UP,2,0,0.8660302358897685,Acc8_hippocampus_ST_A_Ex;Acc8_hippocampus_ST_A_Ex_KD
Loc118568526,2,UP,2,0,0.8639481181789859,Acc8_hippocampus_ST_A_Ex;Acc8_hippocampus_ST_A_Ex_KD
Fus,2,UP,2,0,0.8624742285256264,Acc8_hippocampus_ST_A_Ex;Acc8_hippocampus_ST_A_Ex_KD
Zzz3,2,UP,1,1,0.8618202264935457,Acc6_mbh_AC3174;Acc8_hippocampus_ST_A_Ex
Gm52132,2,UP,2,0,0.8611014007378944,Acc8_hippocampus_ST_A_Ex;Acc8_hippocampus_ST_A_Ex_KD
Pabpn1,2,UP,2,0,0.8593008546547318,Acc8_hippocampus_ST_A_Ex;Acc8_hippocampus_ST_A_Ex_KD
Gm52009,2,UP,2,0,0.8575461432743955,Acc8_hippocampus_ST_A_Ex;Acc8_hippocampus_ST_A_Ex_KD
Cracr2b,2,UP,2,0,0.8513652679325143,Acc8_hippocampus_ST_A_Ex;Acc8_hippocampus_ST_A_Ex_KD
Macroh2a1,2,UP,2,0,0.8485175643835419,Acc6_mbh_AC3174;Acc6_mbh_COMBO
Gm51782,2,UP,2,0,0.8465986517465628,Acc8_hippocampus_ST_A_Ex;Acc8_hippocampus_ST_A_Ex_KD
2810049e08rik,2,UP,2,0,0.8414226501294318,Acc8_hippocampus_ST_A_Ex;Acc8_hippocampus_ST_A_Ex_KD
Gan,2,UP,2,0,0.8400645589434586,Acc8_hippocampus_ST_A_Ex;Acc8_hippocampus_ST_A_Ex_KD
2310039h08rik,2,UP,2,0,0.8383272054034354,Acc8_hippocampus_ST_A_Ex;Acc8_hippocampus_ST_A_Ex_KD
Gm36127,2,UP,2,0,0.8380156772154026,Acc8_hippocampus_ST_A_Ex;Acc8_hippocampus_ST_A_Ex_KD
Fgf22,2,UP,2,0,0.8370487492662932,Acc8_frontalcortex_ST_A_Ex;Acc8_hippocampus_ST_A_Ex
Gm31796,2,UP,2,0,0.8352383049481753,Acc8_hippocampus_ST_A_Ex;Acc8_hippocampus_ST_A_Ex_KD
E130102h24rik,2,UP,2,0,0.8333446400206812,Acc8_hippocampus_ST_A_Ex;Acc8_hippocampus_ST_A_Ex_KD
Spata24,2,UP,2,0,0.8314182299873956,Acc8_hippocampus_ST_A_Ex;Acc8_hippocampus_ST_A_Ex_KD
Ccs,2,UP,2,0,0.8306450564576902,Acc8_hippocampus_ST_A_Ex;Acc8_hippocampus_ST_A_Ex_KD
4933407l21rik,2,UP,2,0,0.8239696009612385,Acc8_frontalcortex_ST_A_Ex;Acc8_hippocampus_ST_A_Ex
Snapc5,2,UP,2,0,0.8212121059414063,Acc8_hippocampus_ST_A_Ex;Acc8_hippocampus_ST_A_Ex_KD
Mllt1,2,UP,1,1,0.8153592561727075,Acc6_mbh_AC3174;Acc8_hypothalamus_LT_A_Ex
Prkcb,2,UP,1,1,0.8143052022063538,Acc6_mbh_COMBO;Acc8_hippocampus_ST_A_Ex
Lrg1,2,UP,2,0,0.8039221580428471,Acc10_hippocampus_Ex4_Pre_TBI;Acc8_hypothalamus_YA_Ex
Gm32810,2,UP,2,0,0.8031628026836792,Acc8_hippocampus_ST_A_Ex;Acc8_hippocampus_ST_A_Ex_KD
Icam4,2,UP,2,0,0.8029060121948876,Acc8_hippocampus_ST_A_Ex;Acc8_hippocampus_ST_A_Ex_KD
Gm26679,2,UP,2,0,0.8021942797740257,Acc8_hippocampus_ST_A_Ex;Acc8_hippocampus_ST_A_Ex_KD
Loc118567402,2,UP,2,0,0.8019968047950304,Acc8_hippocampus_ST_A_Ex;Acc8_hippocampus_ST_A_Ex_KD
Ppp1r14a,2,UP,2,0,0.8011034673977998,Acc8_hippocampus_ST_A_Ex;Acc8_hippocampus_ST_A_Ex_KD
Loc114841036,2,UP,2,0,0.8007050301220199,Acc8_hippocampus_ST_A_Ex;Acc8_hippocampus_ST_A_Ex_KD
B630019k06rik,2,UP,1,1,0.7975259116409357,Acc6_mbh_COMBO;Acc8_hippocampus_ST_A_Ex
S100a13,2,UP,2,0,0.797256812779426,Acc8_hippocampus_ST_A_Ex;Acc8_hippocampus_ST_A_Ex_KD
Gm32994,2,UP,2,0,0.7967751552006475,Acc8_hippocampus_ST_A_Ex;Acc8_hippocampus_ST_A_Ex_KD
Gm31159,2,UP,2,0,0.7966719904657145,Acc8_hippocampus_ST_A_Ex;Acc8_hippocampus_ST_A_Ex_KD
Gm5901,2,UP,2,0,0.7962798507463127,Acc8_hippocampus_ST_A_Ex;Acc8_hippocampus_ST_A_Ex_KD
Glra1,2,UP,2,0,0.7928316359384857,Acc3_hypothalamus_GLP_1_MK_801;Acc3_hypothalamus_conjugate_2
Gm2464,2,UP,2,0,0.7922808047205782,Acc8_hippocampus_ST_A_Ex;Acc8_hippocampus_ST_A_Ex_KD
Med9os,2,UP,2,0,0.790964460910923,Acc3_hypothalamus_GLP_1_MK_801;Acc8_hippocampus_ST_A_Ex
Bex4,2,UP,2,0,0.7817581948076624,Acc8_hippocampus_ST_A_Ex;Acc8_hippocampus_ST_A_Ex_KD
Ost4,2,UP,2,0,0.7813373712974226,Acc8_hippocampus_ST_A_Ex;Acc8_hippocampus_ST_A_Ex_KD
Nfkbia,2,UP,2,0,0.7811430590132886,Acc3_accumbens_GLP_1;Acc3_brainstem_GLP_1
Gm36118,2,UP,2,0,0.7761455243003015,Acc8_hippocampus_ST_A_Ex;Acc8_hippocampus_ST_A_Ex_KD
Gm34267,2,UP,2,0,0.7737019676051013,Acc8_hippocampus_ST_A_Ex;Acc8_hippocampus_ST_A_Ex_KD
Loc115489019,2,UP,2,0,0.7723398502951118,Acc8_hippocampus_ST_A_Ex;Acc8_hippocampus_ST_A_Ex_KD
Polq,2,UP,2,0,0.7720014354195301,Acc8_hippocampus_ST_A_Ex;Acc8_hippocampus_ST_A_Ex_KD
Erf,2,UP,2,0,0.7683416701952526,Acc8_hippocampus_ST_A_Ex;Acc8_hippocampus_ST_A_Ex_KD
Gm15417,2,UP,2,0,0.7662432632480146,Acc8_hippocampus_ST_A_Ex;Acc8_hippocampus_ST_A_Ex_KD
Higd1b,2,UP,2,0,0.7607171042097727,Acc8_hippocampus_ST_A_Ex;Acc8_hippocampus_ST_A_Ex_KD
Gm51556,2,UP,2,0,0.759580249861576,Acc8_hippocampus_ST_A_Ex;Acc8_hippocampus_ST_A_Ex_KD
Gm41349,2,UP,2,0,0.7591458968572418,Acc8_hippocampus_ST_A_Ex;Acc8_hippocampus_ST_A_Ex_KD
2900093k20rik,2,UP,2,0,0.7534103001408312,Acc8_hippocampus_ST_A_Ex;Acc8_hippocampus_ST_A_Ex_KD
Rab26os,2,UP,2,0,0.7491180435407262,Acc3_brainstem_GLP_1;Acc8_hippocampus_ST_A_Ex
Epb41l4aos,2,UP,2,0,0.7484644588054945,Acc8_hippocampus_ST_A_Ex;Acc8_hippocampus_ST_A_Ex_KD
Rps27rt,2,UP,2,0,0.7449588696967738,Acc3_brainstem_GLP_1;Acc8_hippocampus_ST_A_Ex
En2,2,UP,2,0,0.7438269416871799,Acc8_hippocampus_ST_A_Ex;Acc8_hippocampus_ST_A_Ex_KD
Gm10010,2,UP,2,0,0.7404894000967182,Acc3_hypothalamus_GLP_1_MK_801;Acc3_hypothalamus_conjugate_2
Stard7,2,UP,1,1,0.7402524679757629,Acc10_hippocampus_Ex4_Po_t_TBI;Acc6_mbh_COMBO
Gm33581,2,UP,2,0,0.7392984266659652,Acc8_hippocampus_ST_A_Ex;Acc8_hippocampus_ST_A_Ex_KD
Ndrg4,2,UP,2,0,0.7390407491250005,Acc11_hippocampus_Ex4;Acc11_hippocampus_Ex4_mTBI
Gm31024,2,UP,2,0,0.7365004703675588,Acc8_hippocampus_ST_A_Ex;Acc8_hippocampus_ST_A_Ex_KD
D330023k18rik,2,UP,2,0,0.7355680732469332,Acc8_hippocampus_ST_A_Ex;Acc8_hippocampus_ST_A_Ex_KD
Gm36166,2,UP,2,0,0.7349819367965671,Acc8_hippocampus_ST_A_Ex;Acc8_hippocampus_ST_A_Ex_KD
Ssh2,2,UP,2,0,0.7329360826352694,Acc5_pvn_IP118_PY115;Acc6_mbh_AC710222
Gm32574,2,UP,2,0,0.731906300600567,Acc8_hippocampus_ST_A_Ex;Acc8_hippocampus_ST_A_Ex_KD
Atp5a1,2,UP,2,0,0.7318680354,Acc11_hippocampus_Ex4;Acc11_hippocampus_Ex4_mTBI
Apoe,2,UP,2,0,0.7315283544454516,Acc8_hippocampus_ST_A_Ex;Acc8_hippocampus_ST_A_Ex_KD
Gm40476,2,UP,2,0,0.731375541553313,Acc8_hippocampus_ST_A_Ex;Acc8_hippocampus_ST_A_Ex_KD
Snrpd3,2,UP,2,0,0.730781408302348,Acc8_hippocampus_ST_A_Ex;Acc8_hippocampus_ST_A_Ex_KD
Gm40309,2,UP,2,0,0.7269891754297111,Acc8_hippocampus_ST_A_Ex;Acc8_hippocampus_ST_A_Ex_KD
Gm35685,2,UP,2,0,0.7263657952455378,Acc8_hippocampus_ST_A_Ex;Acc8_hippocampus_ST_A_Ex_KD
Tfpt,2,UP,2,0,0.7247832483928774,Acc8_hippocampus_ST_A_Ex;Acc8_hippocampus_ST_A_Ex_KD
Gm52134,2,UP,2,0,0.7178742238314234,Acc8_hippocampus_ST_A_Ex;Acc8_hippocampus_ST_A_Ex_KD
Ndufb6,2,UP,2,0,0.7177865439487343,Acc8_hippocampus_ST_A_Ex;Acc8_hippocampus_ST_A_Ex_KD
Krt9,2,UP,2,0,0.7149106565706747,Acc8_hippocampus_ST_A_Ex;Acc8_hippocampus_ST_A_Ex_KD
Snhg20,2,UP,2,0,0.713213810649827,Acc3_brainstem_GLP_1;Acc8_hippocampus_ST_A_Ex
Fabp3,2,UP,2,0,0.7123256204245647,Acc8_hippocampus_ST_A_Ex;Acc8_hippocampus_ST_A_Ex_KD
Sgk1,2,UP,2,0,0.7119864606149694,Acc3_accumbens_GLP_1;Acc3_brainstem_GLP_1
Dmp1,2,UP,2,0,0.71006476528885,Acc8_hippocampus_ST_A_Ex;Acc8_hippocampus_ST_A_Ex_KD
Swi5,2,UP,2,0,0.7070342067646508,Acc8_hippocampus_ST_A_Ex;Acc8_hippocampus_ST_A_Ex_KD
Ndufb2,2,UP,2,0,0.7046787720878096,Acc8_hippocampus_ST_A_Ex;Acc8_hippocampus_ST_A_Ex_KD
Mien1,2,UP,2,0,0.7042420492982493,Acc8_hippocampus_ST_A_Ex;Acc8_hippocampus_ST_A_Ex_KD
Rac3,2,UP,2,0,0.7030465838497401,Acc6_mbh_AC3174;Acc8_hippocampus_ST_A_Ex
Angptl4,2,UP,2,0,0.6981907969231284,Acc3_brainstem_GLP_1;Acc3_hypothalamus_GLP_1_MK_801
Vps26b,2,UP,2,0,0.696117836025,Acc11_hippocampus_Ex4;Acc11_hippocampus_Ex4_mTBI
1700037c18rik,2,UP,2,0,0.6928985529346888,Acc8_hippocampus_ST_A_Ex;Acc8_hippocampus_ST_A_Ex_KD
Slc23a2,2,UP,2,0,0.6911897622750001,Acc11_hippocampus_Ex4;Acc11_hippocampus_Ex4_mTBI
Mrpl41,2,UP,2,0,0.6908397306829936,Acc8_hippocampus_ST_A_Ex;Acc8_hippocampus_ST_A_Ex_KD
Uxt,2,UP,2,0,0.6855223225101303,Acc8_hippocampus_ST_A_Ex;Acc8_hippocampus_ST_A_Ex_KD
Car13,2,UP,1,1,0.6853243778132314,Acc3_brainstem_GLP_1;Acc8_hypothalamus_LT_A_Ex
Fam186b,2,UP,2,0,0.6830549637027277,Acc8_hippocampus_ST_A_Ex;Acc8_hippocampus_ST_A_Ex_KD
Timm10,2,UP,2,0,0.6822700325743303,Acc8_hippocampus_ST_A_Ex;Acc8_hippocampus_ST_A_Ex_KD
Loc118567733,2,UP,2,0,0.6772334786353675,Acc8_hippocampus_ST_A_Ex;Acc8_hippocampus_ST_A_Ex_KD
1810009a15rik,2,UP,2,0,0.672383757763654,Acc8_hippocampus_ST_A_Ex;Acc8_hippocampus_ST_A_Ex_KD
Nppc,2,UP,2,0,0.6719288725328179,Acc8_hippocampus_ST_A_Ex;Acc8_hippocampus_ST_A_Ex_KD
S100a6,2,UP,2,0,0.6707692156179954,Acc8_hippocampus_ST_A_Ex;Acc8_hippocampus_ST_A_Ex_KD
Gm46358,2,UP,2,0,0.6668453658881905,Acc8_hippocampus_ST_A_Ex;Acc8_hippocampus_ST_A_Ex_KD
Mrps28,2,UP,2,0,0.6666940707842617,Acc8_hippocampus_ST_A_Ex;Acc8_hippocampus_ST_A_Ex_KD
Gm51535,2,UP,2,0,0.6660987247923951,Acc8_hippocampus_ST_A_Ex;Acc8_hippocampus_ST_A_Ex_KD
Fam183b,2,UP,2,0,0.6659702488440926,Acc8_hippocampus_ST_A_Ex;Acc8_hippocampus_ST_A_Ex_KD
Fosl1,2,UP,2,0,0.6657723636189593,Acc8_hippocampus_ST_A_Ex;Acc8_hippocampus_ST_A_Ex_KD
Ppp3ca,2,UP,2,0,0.6650778428813539,Acc11_hippocampus_Ex4;Acc6_mbh_COMBO
Atp5md,2,UP,2,0,0.664996053393315,Acc8_hippocampus_ST_A_Ex;Acc8_hippocampus_ST_A_Ex_KD
Hmgb3,2,UP,2,0,0.6635592563656141,Acc8_hippocampus_ST_A_Ex;Acc8_hippocampus_ST_A_Ex_KD
9430041j12rik,2,UP,2,0,0.6622073683733496,Acc8_hippocampus_ST_A_Ex;Acc8_hippocampus_ST_A_Ex_KD
Gm42274,2,UP,2,0,0.6585219725599952,Acc8_hippocampus_ST_A_Ex;Acc8_hippocampus_ST_A_Ex_KD
Cidea,2,UP,2,0,0.6584334092470641,Acc8_hippocampus_ST_A_Ex;Acc8_hippocampus_ST_A_Ex_KD
Cfl1,2,UP,2,0,0.6569250487847478,Acc8_hippocampus_ST_A_Ex;Acc8_hippocampus_ST_A_Ex_KD
Camk2n2,2,UP,1,1,0.6568306369111737,Acc6_mbh_COMBO;Acc8_hypothalamus_LT_A_Ex
Serp2,2,UP,2,0,0.6557778756203194,Acc8_hippocampus_ST_A_Ex;Acc8_hippocampus_ST_A_Ex_KD
Grb2,2,UP,2,0,0.6543567803519524,Acc6_mbh_COMBO;Acc8_hippocampus_ST_A_Ex_KD
Ralgds,2,UP,1,1,0.6531228835260114,Acc6_mbh_COMBO;Acc8_hypothalamus_LT_A_Ex
Mrps26,2,UP,2,0,0.6524020559319912,Acc8_hippocampus_ST_A_Ex;Acc8_hippocampus_ST_A_Ex_KD
Loc108167553,2,UP,2,0,0.6519942413012154,Acc8_hippocampus_ST_A_Ex;Acc8_hippocampus_ST_A_Ex_KD
Phpt1,2,UP,2,0,0.650055009775569,Acc8_hippocampus_ST_A_Ex;Acc8_hippocampus_ST_A_Ex_KD
Ptpra,2,UP,2,0,0.6482932987000001,Acc11_hippocampus_Ex4;Acc11_hippocampus_Ex4_mTBI
Klhdc4,2,UP,2,0,0.6456628946984941,Acc8_hippocampus_ST_A_Ex;Acc8_hippocampus_ST_A_Ex_KD
Morf4l1b,2,UP,2,0,0.643149585810567,Acc8_hippocampus_ST_A_Ex;Acc8_hippocampus_ST_A_Ex_KD
Gck,2,UP,2,0,0.6422760635868274,Acc8_hippocampus_ST_A_Ex;Acc8_hippocampus_ST_A_Ex_KD
Zfp652os,2,UP,2,0,0.6388427299694295,Acc8_hippocampus_ST_A_Ex;Acc8_hippocampus_ST_A_Ex_KD
Arfgef3,2,UP,2,0,0.638109863589499,Acc3_brainstem_GLP_1_MK_801;Acc8_hippocampus_ST_A_Ex_KD
Atmin,2,UP,1,1,0.6377131003006937,Acc6_mbh_COMBO;Acc8_hippocampus_ST_A_Ex
Gm38733,2,UP,2,0,0.6373753330543073,Acc8_hippocampus_ST_A_Ex;Acc8_hippocampus_ST_A_Ex_KD
Ccl17,2,UP,2,0,0.6370518546367845,Acc10_hippocampus_Ex4_Po_t_TBI;Acc8_hippocampus_ST_A_Ex_KD
Gm9885,2,UP,2,0,0.6350772678086025,Acc8_hippocampus_ST_A_Ex;Acc8_hippocampus_ST_A_Ex_KD
Gm10840,2,UP,2,0,0.634242621785377,Acc8_hippocampus_ST_A_Ex;Acc8_hippocampus_ST_A_Ex_KD
Gm41810,2,UP,2,0,0.6336057341994537,Acc8_hippocampus_ST_A_Ex;Acc8_hippocampus_ST_A_Ex_KD
Nfkb2,2,UP,2,0,0.6330114204093285,Acc8_hippocampus_ST_A_Ex;Acc8_hippocampus_ST_A_Ex_KD
Gm46091,2,UP,2,0,0.6326873572302086,Acc8_hippocampus_ST_A_Ex;Acc8_hippocampus_ST_A_Ex_KD
Gamt,2,UP,2,0,0.6310938629780138,Acc8_hippocampus_ST_A_Ex;Acc8_hippocampus_ST_A_Ex_KD
Hebp1,2,UP,2,0,0.6281551515482909,Acc8_hippocampus_ST_A_Ex;Acc8_hippocampus_ST_A_Ex_KD
Fmo2,2,UP,2,0,0.6264491742204048,Acc3_brainstem_GLP_1;Acc3_hypothalamus_GLP_1_MK_801
Nr2c2ap,2,UP,2,0,0.6263374837998481,Acc8_hippocampus_ST_A_Ex;Acc8_hippocampus_ST_A_Ex_KD
4930413g21rik,2,UP,2,0,0.6258999263641885,Acc8_hippocampus_ST_A_Ex;Acc8_hippocampus_ST_A_Ex_KD
Zcwpw2,2,UP,2,0,0.6249211512591369,Acc8_hippocampus_ST_A_Ex;Acc8_hippocampus_ST_A_Ex_KD
Mthfsl,2,UP,2,0,0.6232369557003066,Acc8_hippocampus_ST_A_Ex;Acc8_hippocampus_ST_A_Ex_KD
Hscb,2,UP,2,0,0.6230805102579092,Acc8_hippocampus_ST_A_Ex;Acc8_hippocampus_ST_A_Ex_KD
Palm3,2,UP,2,0,0.6225942084341788,Acc8_frontalcortex_ST_A_Ex;Acc8_hippocampus_ST_A_Ex
Gm3704,2,UP,2,0,0.6223019383773178,Acc8_hippocampus_ST_A_Ex;Acc8_hippocampus_ST_A_Ex_KD
Prdx5,2,UP,2,0,0.6214277121236822,Acc8_hippocampus_ST_A_Ex;Acc8_hippocampus_ST_A_Ex_KD
Hnrnpa1,2,UP,2,0,0.6211539063782078,Acc8_hippocampus_ST_A_Ex;Acc8_hippocampus_ST_A_Ex_KD
Prickle4,2,UP,2,0,0.6186849711863717,Acc8_hippocampus_ST_A_Ex;Acc8_hippocampus_ST_A_Ex_KD
Rprml,2,UP,2,0,0.6182950852923423,Acc8_hippocampus_ST_A_Ex;Acc8_hippocampus_ST_A_Ex_KD
A730098a19rik,2,UP,2,0,0.6147320492260293,Acc8_hippocampus_ST_A_Ex;Acc8_hippocampus_ST_A_Ex_KD
Gm32528,2,UP,2,0,0.6143002896398494,Acc8_hippocampus_ST_A_Ex;Acc8_hippocampus_ST_A_Ex_KD
1700008o03rik,2,UP,2,0,0.6131178227399369,Acc3_brainstem_GLP_1;Acc8_hippocampus_ST_A_Ex
Ywhae,2,UP,2,0,0.6124889227,Acc11_hippocampus_Ex4;Acc11_hippocampus_Ex4_mTBI
Gm8149,2,UP,2,0,0.6121010362094168,Acc8_hippocampus_ST_A_Ex;Acc8_hippocampus_ST_A_Ex_KD
Loc118567920,2,UP,2,0,0.6097048196657195,Acc8_hippocampus_ST_A_Ex;Acc8_hippocampus_ST_A_Ex_KD
Asb11,2,UP,2,0,0.6077506868472049,Acc8_hippocampus_ST_A_Ex;Acc8_hippocampus_ST_A_Ex_KD
Nme3,2,UP,2,0,0.6075313163686773,Acc8_hippocampus_ST_A_Ex;Acc8_hippocampus_ST_A_Ex_KD
Vhl,2,UP,2,0,0.6066620198,Acc11_hippocampus_Ex4;Acc11_hippocampus_Ex4_mTBI
Snhg16,2,UP,2,0,0.606406683711513,Acc8_hippocampus_ST_A_Ex;Acc8_hippocampus_ST_A_Ex_KD
Nthl1,2,UP,2,0,0.6047976956758105,Acc8_hippocampus_ST_A_Ex;Acc8_hippocampus_ST_A_Ex_KD
Loc118568482,2,UP,2,0,0.6041894308898657,Acc8_hippocampus_ST_A_Ex;Acc8_hippocampus_ST_A_Ex_KD
Smim12,2,UP,2,0,0.6041683101616404,Acc8_hippocampus_ST_A_Ex;Acc8_hippocampus_ST_A_Ex_KD
Gm40713,2,UP,2,0,0.6017048891967471,Acc8_hippocampus_ST_A_Ex;Acc8_hippocampus_ST_A_Ex_KD
Gm16364,2,UP,2,0,0.6016377515455711,Acc8_hippocampus_ST_A_Ex;Acc8_hippocampus_ST_A_Ex_KD
9430038i01rik,2,UP,2,0,0.601548458557901,Acc8_hippocampus_ST_A_Ex;Acc8_hippocampus_ST_A_Ex_KD
Stxbp5l,2,UP,2,0,0.5999371284024745,Acc3_brainstem_GLP_1_MK_801;Acc3_hypothalamus_conjugate_2
Ai115009,2,UP,2,0,0.5993430667646346,Acc8_hippocampus_ST_A_Ex;Acc8_hippocampus_ST_A_Ex_KD
Loc102634078,2,UP,2,0,0.5976427001223291,Acc8_hippocampus_ST_A_Ex;Acc8_hippocampus_ST_A_Ex_KD
Gm32261,2,UP,2,0,0.5976383313542635,Acc8_hippocampus_ST_A_Ex;Acc8_hippocampus_ST_A_Ex_KD
3110040n11rik,2,UP,2,0,0.5954921500178428,Acc8_hippocampus_ST_A_Ex;Acc8_hippocampus_ST_A_Ex_KD
Catsperg1,2,UP,2,0,0.5936774970087181,Acc8_hippocampus_ST_A_Ex;Acc8_hippocampus_ST_A_Ex_KD
Apobr,2,UP,2,0,0.5931746190534299,Acc8_hippocampus_ST_A_Ex;Acc8_hippocampus_ST_A_Ex_KD
H2-t23,2,UP,2,0,0.5931232780663235,Acc10_hippocampus_Ex4_Pre_TBI;Acc3_accumbens_GLP_1
Gm50270,2,UP,2,0,0.592700730470809,Acc8_hippocampus_ST_A_Ex;Acc8_hippocampus_ST_A_Ex_KD
Trim8,2,UP,1,1,0.591802502885215,Acc5_pvn_IP118_PY115;Acc6_mbh_COMBO
Cldn22,2,UP,2,0,0.5911509036274122,Acc8_hippocampus_ST_A_Ex;Acc8_hippocampus_ST_A_Ex_KD
Loc118567527,2,UP,2,0,0.5898114324729087,Acc8_hippocampus_ST_A_Ex;Acc8_hippocampus_ST_A_Ex_KD
Gm9925,2,UP,2,0,0.5898066353905224,Acc8_hippocampus_ST_A_Ex;Acc8_hippocampus_ST_A_Ex_KD
Serf1,2,UP,2,0,0.5885077170669061,Acc8_hippocampus_ST_A_Ex;Acc8_hippocampus_ST_A_Ex_KD
Paqr5,2,UP,2,0,0.5872373430516644,Acc3_brainstem_GLP_1;Acc5_pvn_IP118_PY115
Npm3,2,UP,2,0,0.5869019044087622,Acc8_hippocampus_ST_A_Ex;Acc8_hippocampus_ST_A_Ex_KD
Duxbl1,2,UP,2,0,0.5868077910956888,Acc8_hippocampus_ST_A_Ex;Acc8_hippocampus_ST_A_Ex_KD
Eif4ebp1,2,UP,2,0,0.5853954954541503,Acc3_hypothalamus_GLP_1_MK_801;Acc8_hippocampus_ST_A_Ex
Paip2,2,UP,2,0,0.5851969987250001,Acc11_hippocampus_Ex4;Acc11_hippocampus_Ex4_mTBI
Rskr,2,UP,2,0,0.5841592247580467,Acc8_hippocampus_ST_A_Ex;Acc8_hippocampus_ST_A_Ex_KD
Miat,2,UP,2,0,0.5829503394245565,Acc8_hippocampus_ST_A_Ex;Acc8_hippocampus_ST_A_Ex_KD
Pigbos1,2,UP,2,0,0.5818226953856175,Acc8_hippocampus_ST_A_Ex;Acc8_hippocampus_ST_A_Ex_KD
Tyrobp,2,UP,2,0,0.5813568977447935,Acc8_hippocampus_ST_A_Ex;Acc8_hippocampus_ST_A_Ex_KD
Casc4,2,UP,2,0,0.5802808233000001,Acc11_hippocampus_Ex4;Acc11_hippocampus_Ex4_mTBI
Pfdn1,2,UP,2,0,0.5802121665973581,Acc8_hippocampus_ST_A_Ex;Acc8_hippocampus_ST_A_Ex_KD
Cby1,2,UP,2,0,0.5798177641138584,Acc8_hippocampus_ST_A_Ex;Acc8_hippocampus_ST_A_Ex_KD
Dynll2,2,UP,2,0,0.5787799819697637,Acc8_hippocampus_ST_A_Ex;Acc8_hippocampus_ST_A_Ex_KD
Tmed9,2,UP,2,0,0.5786881539249968,Acc8_hippocampus_ST_A_Ex;Acc8_hippocampus_ST_A_Ex_KD
Htra2,2,UP,2,0,0.5770813461661771,Acc8_hippocampus_ST_A_Ex;Acc8_hippocampus_ST_A_Ex_KD
Mrpl22,2,UP,2,0,0.5756756141643871,Acc8_hippocampus_ST_A_Ex;Acc8_hippocampus_ST_A_Ex_KD
Cdkl5,2,UP,2,0,0.5755573503164362,Acc3_brainstem_GLP_1_MK_801;Acc8_hippocampus_ST_A_Ex_KD
Snrnp70,2,UP,2,0,0.5754697328378096,Acc8_hippocampus_ST_A_Ex;Acc8_hippocampus_ST_A_Ex_KD
Ndufb8,2,UP,2,0,0.5745869211499921,Acc8_hippocampus_ST_A_Ex;Acc8_hippocampus_ST_A_Ex_KD
Mgst3,2,UP,2,0,0.5726040081766683,Acc8_hippocampus_ST_A_Ex;Acc8_hippocampus_ST_A_Ex_KD
Ubl5,2,UP,2,0,0.5714119893566789,Acc8_hippocampus_ST_A_Ex;Acc8_hippocampus_ST_A_Ex_KD
Pvalb,2,UP,2,0,0.5702807911917811,Acc8_hippocampus_ST_A_Ex;Acc8_hippocampus_ST_A_Ex_KD
Mrpl33,2,UP,2,0,0.5701152661865544,Acc8_hippocampus_ST_A_Ex;Acc8_hippocampus_ST_A_Ex_KD
Ybx2,2,UP,2,0,0.5685898602229998,Acc8_hippocampus_ST_A_Ex;Acc8_hippocampus_ST_A_Ex_KD
Dnajc17,2,UP,2,0,0.5682395047529716,Acc8_hippocampus_ST_A_Ex;Acc8_hippocampus_ST_A_Ex_KD
Pin1,2,UP,2,0,0.5671553675223087,Acc8_hippocampus_ST_A_Ex;Acc8_hippocampus_ST_A_Ex_KD
Ndufaf2,2,UP,2,0,0.5663095167148529,Acc8_hippocampus_ST_A_Ex;Acc8_hippocampus_ST_A_Ex_KD
Ppl,2,UP,2,0,0.5626637001057884,Acc3_accumbens_GLP_1;Acc8_hippocampus_ST_A_Ex_KD
Acyp1,2,UP,2,0,0.5613677060163662,Acc8_hippocampus_ST_A_Ex;Acc8_hippocampus_ST_A_Ex_KD
Gm36798,2,UP,2,0,0.5612759435239195,Acc8_hippocampus_ST_A_Ex;Acc8_hippocampus_ST_A_Ex_KD
Npy,2,UP,2,0,0.5604396596979572,Acc3_hypothalamus_GLP_1_MK_801;Acc8_hippocampus_ST_A_Ex
Mrpl27,2,UP,2,0,0.5603370200931916,Acc8_hippocampus_ST_A_Ex;Acc8_hippocampus_ST_A_Ex_KD
Ccdc58,2,UP,2,0,0.5598785031789653,Acc8_hippocampus_ST_A_Ex;Acc8_hippocampus_ST_A_Ex_KD
Klhl40,2,UP,2,0,0.5596707407597105,Acc8_frontalcortex_ST_A_Ex_KD;Acc8_hippocampus_ST_A_Ex_KD
Tha1,2,UP,2,0,0.5592817006588687,Acc8_hippocampus_ST_A_Ex;Acc8_hippocampus_ST_A_Ex_KD
Irgm2,2,UP,2,0,0.5589593132597204,Acc10_hippocampus_Ex4_Pre_TBI;Acc8_hypothalamus_LT_A_Ex
Ism1,2,UP,2,0,0.5566456018849085,Acc3_hypothalamus_GLP_1_MK_801;Acc5_pvn_IP118_PY115
Arl3,2,UP,2,0,0.5563755513908111,Acc8_hippocampus_ST_A_Ex;Acc8_hippocampus_ST_A_Ex_KD
Sncg,2,UP,2,0,0.5559341318018842,Acc3_hypothalamus_GLP_1_MK_801;Acc8_hippocampus_ST_A_Ex
Zeb2os,2,UP,2,0,0.555728666840743,Acc8_hippocampus_ST_A_Ex;Acc8_hippocampus_ST_A_Ex_KD
Spink8,2,UP,2,0,0.5542143808388862,Acc8_hippocampus_ST_A_Ex;Acc8_hippocampus_ST_A_Ex_KD
Gm42339,2,UP,1,1,0.553907626516866,Acc8_frontalcortex_ST_A_Ex;Acc8_hippocampus_ST_A_Ex
Ist1,2,UP,2,0,0.5528897622,Acc11_hippocampus_Ex4;Acc11_hippocampus_Ex4_mTBI
Frat2,2,UP,2,0,0.5519393361522604,Acc8_hippocampus_ST_A_Ex;Acc8_hippocampus_ST_A_Ex_KD
Col16a1,2,UP,2,0,0.5516892310635432,Acc8_hippocampus_ST_A_Ex;Acc8_hippocampus_ST_A_Ex_KD
Psmb5,2,UP,2,0,0.5512205321701658,Acc8_hippocampus_ST_A_Ex;Acc8_hippocampus_ST_A_Ex_KD
Cyp4v3,2,UP,2,0,0.5504579924603005,Acc5_arc_IP118_PY115;Acc8_hypothalamus_LT_A_Ex
C1qa,2,UP,2,0,0.5492690565974458,Acc3_hypothalamus_GLP_1_MK_801;Acc8_hippocampus_ST_A_Ex
9430078g10rik,2,UP,2,0,0.5490156221235034,Acc8_hippocampus_ST_A_Ex;Acc8_hippocampus_ST_A_Ex_KD
Fbxo2,2,UP,2,0,0.5441363211949172,Acc8_hippocampus_ST_A_Ex;Acc8_hippocampus_ST_A_Ex_KD
Acadsb,2,UP,2,0,0.540534746575,Acc11_hippocampus_Ex4;Acc11_hippocampus_Ex4_mTBI
Fam241b,2,UP,2,0,0.5402053714268544,Acc8_hippocampus_ST_A_Ex;Acc8_hippocampus_ST_A_Ex_KD
Gm33937,2,UP,2,0,0.5390019830874706,Acc8_hippocampus_ST_A_Ex;Acc8_hippocampus_ST_A_Ex_KD
Khk,2,UP,2,0,0.5379439803743911,Acc8_hippocampus_ST_A_Ex;Acc8_hippocampus_ST_A_Ex_KD
Asic4,2,UP,2,0,0.5377420668047785,Acc8_hippocampus_ST_A_Ex;Acc8_hippocampus_ST_A_Ex_KD
1110065p20rik,2,UP,2,0,0.536598241463478,Acc8_hippocampus_ST_A_Ex;Acc8_hippocampus_ST_A_Ex_KD
Idh2,2,UP,2,0,0.5364207617500001,Acc11_hippocampus_Ex4;Acc11_hippocampus_Ex4_mTBI
Arhgef3,2,UP,2,0,0.5343143679852562,Acc5_arc_IP118_PY115;Acc5_pvn_IP118_PY115
Plekhj1,2,UP,2,0,0.5333782547737507,Acc8_hippocampus_ST_A_Ex;Acc8_hippocampus_ST_A_Ex_KD
F3,2,UP,2,0,0.5332732718833596,Acc5_arc_IP118_PY115;Acc5_nts_IP118_PY115
Rhov,2,UP,2,0,0.5322958750117271,Acc8_hippocampus_ST_A_Ex;Acc8_hippocampus_ST_A_Ex_KD
Fxyd1,2,UP,2,0,0.5300359875128102,Acc3_hypothalamus_GLP_1_MK_801;Acc8_hippocampus_ST_A_Ex
Slc25a4,2,UP,2,0,0.5291885217122023,Acc8_hippocampus_ST_A_Ex;Acc8_hippocampus_ST_A_Ex_KD
Col11a2,2,UP,2,0,0.5289472078734461,Acc8_hippocampus_ST_A_Ex;Acc8_hippocampus_ST_A_Ex_KD
Pmpcb,2,UP,2,0,0.528565126875,Acc11_hippocampus_Ex4;Acc11_hippocampus_Ex4_mTBI
Nagk,2,UP,2,0,0.5285325250071454,Acc8_hippocampus_ST_A_Ex;Acc8_hippocampus_ST_A_Ex_KD
Loc108167518,2,UP,2,0,0.5276798555071431,Acc8_hippocampus_ST_A_Ex;Acc8_hippocampus_ST_A_Ex_KD
Hopx,2,UP,2,0,0.5273743307642458,Acc8_hippocampus_ST_A_Ex;Acc8_hippocampus_ST_A_Ex_KD
Acer2,2,UP,2,0,0.5265791181076983,Acc3_brainstem_GLP_1;Acc5_pvn_IP118_PY115
Pram1,2,UP,2,0,0.5258573579621885,Acc8_hippocampus_ST_A_Ex;Acc8_hippocampus_ST_A_Ex_KD
Nudt9,2,UP,2,0,0.5254060542220984,Acc8_hippocampus_ST_A_Ex;Acc8_hippocampus_ST_A_Ex_KD
Sod1,2,UP,2,0,0.5253534031404078,Acc8_hippocampus_ST_A_Ex;Acc8_hippocampus_ST_A_Ex_KD
Mrps36,2,UP,2,0,0.5253208961825749,Acc8_hippocampus_ST_A_Ex;Acc8_hippocampus_ST_A_Ex_KD
Pus1,2,UP,2,0,0.5247485512877248,Acc8_hippocampus_ST_A_Ex;Acc8_hippocampus_ST_A_Ex_KD
Tctex1d2,2,UP,2,0,0.5237863729135113,Acc8_hippocampus_ST_A_Ex;Acc8_hippocampus_ST_A_Ex_KD
Emc7,2,UP,2,0,0.5237600365499999,Acc11_hippocampus_Ex4;Acc11_hippocampus_Ex4_mTBI
Gimap6,2,UP,2,0,0.5225014859222261,Acc3_brainstem_GLP_1;Acc5_pvn_IP118_PY115
2900089d17rik,2,UP,2,0,0.5219649501078587,Acc8_hippocampus_ST_A_Ex;Acc8_hippocampus_ST_A_Ex_KD
A930005h10rik,2,UP,2,0,0.5214858418141305,Acc8_hippocampus_ST_A_Ex;Acc8_hippocampus_ST_A_Ex_KD
Gm13446,2,UP,2,0,0.5213650324133423,Acc8_hippocampus_ST_A_Ex;Acc8_hippocampus_ST_A_Ex_KD
Mfsd2a,2,UP,2,0,0.5213546555047485,Acc5_nts_IP118_PY115;Acc8_hippocampus_ST_A_Ex_KD
Fdx2,2,UP,2,0,0.5191498319953847,Acc8_hippocampus_ST_A_Ex;Acc8_hippocampus_ST_A_Ex_KD
Srp14,2,UP,2,0,0.5183180589669162,Acc8_hippocampus_ST_A_Ex;Acc8_hippocampus_ST_A_Ex_KD
Pcp4,2,UP,2,0,0.5166895311422086,Acc8_hippocampus_ST_A_Ex;Acc8_hippocampus_ST_A_Ex_KD
Plekhf1,2,UP,2,0,0.515928452131349,Acc3_brainstem_GLP_1;Acc3_hypothalamus_GLP_1_MK_801
Bbc3,2,UP,2,0,0.5137835268661536,Acc8_hippocampus_ST_A_Ex;Acc8_hippocampus_ST_A_Ex_KD
Nectin4,2,UP,2,0,0.5137288212595253,Acc8_hippocampus_ST_A_Ex;Acc8_hippocampus_ST_A_Ex_KD
Igfbp3,2,UP,2,0,0.5128574927710746,Acc3_brainstem_GLP_1;Acc5_pvn_IP118_PY115
Gm15609,2,UP,2,0,0.5114774588569918,Acc8_hippocampus_ST_A_Ex;Acc8_hippocampus_ST_A_Ex_KD
Mrps33,2,UP,2,0,0.5102063624073323,Acc8_hippocampus_ST_A_Ex;Acc8_hippocampus_ST_A_Ex_KD
Banf1,2,UP,2,0,0.5091768534801422,Acc8_hippocampus_ST_A_Ex;Acc8_hippocampus_ST_A_Ex_KD
Galk1,2,UP,2,0,0.5086093251994432,Acc8_hippocampus_ST_A_Ex;Acc8_hippocampus_ST_A_Ex_KD
Emid1,2,UP,2,0,0.5078173963258817,Acc8_hippocampus_ST_A_Ex;Acc8_hippocampus_ST_A_Ex_KD
Macrod1,2,UP,2,0,0.507552044805721,Acc8_hippocampus_ST_A_Ex;Acc8_hippocampus_ST_A_Ex_KD
4833439f03rik,2,UP,2,0,0.5069688265106645,Acc8_hippocampus_ST_A_Ex;Acc8_hippocampus_ST_A_Ex_KD
Adra1a,2,UP,2,0,0.5066751114730255,Acc3_brainstem_GLP_1_MK_801;Acc3_hypothalamus_conjugate_2
Stk19,2,UP,2,0,0.5065043165497934,Acc8_hippocampus_ST_A_Ex;Acc8_hippocampus_ST_A_Ex_KD
Park7,2,UP,2,0,0.5055549741950873,Acc8_hippocampus_ST_A_Ex;Acc8_hippocampus_ST_A_Ex_KD
Aldh1b1,2,UP,2,0,0.5038386983291644,Acc8_hippocampus_ST_A_Ex;Acc8_hippocampus_ST_A_Ex_KD
Crispld1,2,UP,2,0,0.5031286367694656,Acc5_pvn_IP118_PY115;Acc8_hypothalamus_LT_A_Ex
Lefty1,2,UP,2,0,0.5028889992137064,Acc8_hippocampus_ST_A_Ex;Acc8_hippocampus_ST_A_Ex_KD
Cd68,2,UP,2,0,0.50101479354983,Acc3_brainstem_GLP_1_MK_801;Acc3_hypothalamus_GLP_1_MK_801
Gm39673,2,UP,2,0,0.5007678397675184,Acc8_hippocampus_ST_A_Ex;Acc8_hippocampus_ST_A_Ex_KD
Rnaseh1,2,UP,2,0,0.5001473077329395,Acc8_hippocampus_ST_A_Ex;Acc8_hippocampus_ST_A_Ex_KD
Hnrnph3,2,UP,2,0,0.49975438494784963,Acc8_hippocampus_ST_A_Ex;Acc8_hippocampus_ST_A_Ex_KD
Nt5c1a,2,UP,2,0,0.49923645863725763,Acc3_hypothalamus_GLP_1_MK_801;Acc3_hypothalamus_conjugate_2
Fam71e1,2,UP,2,0,0.4990820886558343,Acc8_hippocampus_ST_A_Ex;Acc8_hippocampus_ST_A_Ex_KD
Zfp688,2,UP,2,0,0.49864127426599225,Acc8_hippocampus_ST_A_Ex;Acc8_hippocampus_ST_A_Ex_KD
Tomm5,2,UP,2,0,0.4983155043305541,Acc8_hippocampus_ST_A_Ex;Acc8_hippocampus_ST_A_Ex_KD
Sumo2,2,UP,2,0,0.4978504268487799,Acc8_hippocampus_ST_A_Ex;Acc8_hippocampus_ST_A_Ex_KD
4833420g17rik,2,UP,2,0,0.49659502125,Acc11_hippocampus_Ex4;Acc11_hippocampus_Ex4_mTBI
Krt2,2,UP,2,0,0.49483481727267276,Acc8_hippocampus_ST_A_Ex;Acc8_hippocampus_ST_A_Ex_KD
Sat2,2,UP,2,0,0.49480677539310125,Acc8_hippocampus_ST_A_Ex;Acc8_hippocampus_ST_A_Ex_KD
E530011l22rik,2,UP,2,0,0.49368552783816405,Acc8_frontalcortex_ST_A_Ex_KD;Acc8_hippocampus_ST_A_Ex
Stmn4,2,UP,2,0,0.4922807157333789,Acc8_hippocampus_ST_A_Ex;Acc8_hippocampus_ST_A_Ex_KD
Vps37d,2,UP,2,0,0.49194502505462934,Acc8_hippocampus_ST_A_Ex;Acc8_hippocampus_ST_A_Ex_KD
Erich5,2,UP,2,0,0.49191095510000005,Acc11_hippocampus_Ex4;Acc11_hippocampus_Ex4_mTBI
Ss18l2,2,UP,2,0,0.4913621177669753,Acc8_hippocampus_ST_A_Ex;Acc8_hippocampus_ST_A_Ex_KD
Oxld1,2,UP,2,0,0.491222085550697,Acc8_hippocampus_ST_A_Ex;Acc8_hippocampus_ST_A_Ex_KD
Cycs,2,UP,2,0,0.4908244018957454,Acc8_hippocampus_ST_A_Ex;Acc8_hippocampus_ST_A_Ex_KD
Rhbdl2,2,UP,2,0,0.4907997135,Acc11_hippocampus_Ex4;Acc11_hippocampus_Ex4_mTBI
Nostrin,2,UP,2,0,0.49076747274356636,Acc3_brainstem_GLP_1;Acc5_nts_IP118_PY115
Ccdc8,2,UP,2,0,0.4894525159807691,Acc8_hippocampus_ST_A_Ex;Acc8_hippocampus_ST_A_Ex_KD
Dctpp1,2,UP,2,0,0.48924847518066894,Acc8_hippocampus_ST_A_Ex;Acc8_hippocampus_ST_A_Ex_KD
Kcng2,2,UP,2,0,0.48916016623226904,Acc3_hypothalamus_GLP_1_MK_801;Acc5_pvn_IP118_PY115
Klc3,2,UP,2,0,0.48846436815695216,Acc8_hippocampus_ST_A_Ex;Acc8_hippocampus_ST_A_Ex_KD
Zfp61,2,UP,2,0,0.48804315670898724,Acc8_hippocampus_ST_A_Ex;Acc8_hippocampus_ST_A_Ex_KD
Vps29,2,UP,2,0,0.4863991932,Acc11_hippocampus_Ex4;Acc11_hippocampus_Ex4_mTBI
Dtd1,2,UP,2,0,0.48502893068975783,Acc8_hippocampus_ST_A_Ex;Acc8_hippocampus_ST_A_Ex_KD
1700008j07rik,2,UP,2,0,0.4849111033086496,Acc8_hippocampus_ST_A_Ex;Acc8_hippocampus_ST_A_Ex_KD
Gbp5,2,UP,2,0,0.4841147207893827,Acc10_hippocampus_Ex4_Pre_TBI;Acc8_hypothalamus_LT_A_Ex
Zfp46,2,UP,2,0,0.48384516944228717,Acc8_hippocampus_ST_A_Ex;Acc8_hippocampus_ST_A_Ex_KD
1190007i07rik,2,UP,2,0,0.48332819142575456,Acc8_hippocampus_ST_A_Ex;Acc8_hippocampus_ST_A_Ex_KD
Ppp1r15a,2,UP,2,0,0.4823180140066998,Acc8_hippocampus_ST_A_Ex;Acc8_hippocampus_ST_A_Ex_KD
Rapgef3os2,2,UP,2,0,0.4819928773120059,Acc8_hippocampus_ST_A_Ex;Acc8_hippocampus_ST_A_Ex_KD
6430571l13rik,2,UP,2,0,0.4813414632666425,Acc8_hippocampus_ST_A_Ex;Acc8_hippocampus_ST_A_Ex_KD
Pam,2,UP,2,0,0.48131357807499997,Acc11_hippocampus_Ex4;Acc11_hippocampus_Ex4_mTBI
Nudt1,2,UP,2,0,0.48123257797154817,Acc3_hypothalamus_GLP_1_MK_801;Acc8_hippocampus_ST_A_Ex
Tmem42,2,UP,2,0,0.4810107155884489,Acc8_hippocampus_ST_A_Ex;Acc8_hippocampus_ST_A_Ex_KD
Cuedc2,2,UP,2,0,0.4804630188337402,Acc8_hippocampus_ST_A_Ex;Acc8_hippocampus_ST_A_Ex_KD
Nsmce3,2,UP,2,0,0.4802226803754125,Acc8_hippocampus_ST_A_Ex;Acc8_hippocampus_ST_A_Ex_KD
Tax1bp3,2,UP,2,0,0.47971342588484944,Acc8_hippocampus_ST_A_Ex;Acc8_hippocampus_ST_A_Ex_KD
Col7a1,2,UP,2,0,0.4797127628978505,Acc8_hippocampus_ST_A_Ex;Acc8_hippocampus_ST_A_Ex_KD
Adi1,2,UP,2,0,0.47895242962499995,Acc11_hippocampus_Ex4;Acc11_hippocampus_Ex4_mTBI
Gm15411,2,UP,2,0,0.4785447428813069,Acc8_hippocampus_ST_A_Ex;Acc8_hippocampus_ST_A_Ex_KD
D17h6s53e,2,UP,2,0,0.4768909624380475,Acc8_hippocampus_ST_A_Ex;Acc8_hippocampus_ST_A_Ex_KD
Ddc,2,UP,2,0,0.4768281688140128,Acc8_hippocampus_ST_A_Ex;Acc8_hippocampus_ST_A_Ex_KD
Ccdc9,2,UP,2,0,0.47635776529873197,Acc8_hippocampus_ST_A_Ex;Acc8_hippocampus_ST_A_Ex_KD
Gm2137,2,UP,2,0,0.4755056766242286,Acc8_hippocampus_ST_A_Ex;Acc8_hippocampus_ST_A_Ex_KD
Sdc4,2,UP,2,0,0.47500972471770153,Acc8_hippocampus_ST_A_Ex;Acc8_hippocampus_ST_A_Ex_KD
Cryzl1,2,UP,2,0,0.474746554925,Acc11_hippocampus_Ex4;Acc11_hippocampus_Ex4_mTBI
Polr1d,2,UP,2,0,0.4740614330363283,Acc8_hippocampus_ST_A_Ex;Acc8_hippocampus_ST_A_Ex_KD
Pmf1,2,UP,2,0,0.4732617894679016,Acc3_brainstem_GLP_1;Acc8_hippocampus_ST_A_Ex
Gm30238,2,UP,2,0,0.47272298945710245,Acc3_hypothalamus_GLP_1_MK_801;Acc8_hippocampus_ST_A_Ex
Psme2,2,UP,2,0,0.47226040787364487,Acc8_hippocampus_ST_A_Ex;Acc8_hippocampus_ST_A_Ex_KD
Snx3,2,UP,2,0,0.47217120255,Acc11_hippocampus_Ex4;Acc11_hippocampus_Ex4_mTBI
Meg3,2,UP,2,0,0.47114874661089,Acc8_hippocampus_ST_A_Ex;Acc8_hippocampus_ST_A_Ex_KD
Selk,2,UP,2,0,0.4708000893999995,Acc11_hippocampus_Ex4;Acc11_hippocampus_Ex4_mTBI
Dnttip1,2,UP,2,0,0.4702681162147164,Acc8_hippocampus_ST_A_Ex;Acc8_hippocampus_ST_A_Ex_KD
Tagln3,2,UP,2,0,0.47005552220179214,Acc8_hippocampus_ST_A_Ex;Acc8_hippocampus_ST_A_Ex_KD
Trp53rkb,2,UP,2,0,0.46920913753941035,Acc8_hippocampus_ST_A_Ex;Acc8_hippocampus_ST_A_Ex_KD
Ypel3,2,UP,2,0,0.46881179038666165,Acc8_hippocampus_ST_A_Ex;Acc8_hippocampus_ST_A_Ex_KD
Txn1,2,UP,2,0,0.4686471468851906,Acc8_hippocampus_ST_A_Ex;Acc8_hippocampus_ST_A_Ex_KD
Mlph,2,UP,2,0,0.4684599372702792,Acc3_brainstem_GLP_1;Acc3_hypothalamus_GLP_1_MK_801
Gm51579,2,UP,2,0,0.46836568414324403,Acc8_hippocampus_ST_A_Ex;Acc8_hippocampus_ST_A_Ex_KD
Mtres1,2,UP,2,0,0.46835605940475156,Acc8_hippocampus_ST_A_Ex;Acc8_hippocampus_ST_A_Ex_KD
Serf2,2,UP,2,0,0.4682070385103509,Acc8_hippocampus_ST_A_Ex;Acc8_hippocampus_ST_A_Ex_KD
Rprm,2,UP,2,0,0.4675128328802276,Acc8_hippocampus_ST_A_Ex;Acc8_hippocampus_ST_A_Ex_KD
Pecr,2,UP,2,0,0.46670867908634545,Acc8_hippocampus_ST_A_Ex;Acc8_hippocampus_ST_A_Ex_KD
Particl,2,UP,2,0,0.4641742440924247,Acc8_hippocampus_ST_A_Ex;Acc8_hippocampus_ST_A_Ex_KD
Tmem86a,2,UP,2,0,0.463107691041882,Acc8_frontalcortex_ST_A_Ex;Acc8_frontalcortex_ST_A_Ex_KD
Srsf9,2,UP,2,0,0.4628935945823466,Acc8_hippocampus_ST_A_Ex;Acc8_hippocampus_ST_A_Ex_KD
Fabp5,2,UP,2,0,0.4616808010550865,Acc8_hippocampus_ST_A_Ex;Acc8_hippocampus_ST_A_Ex_KD
Naa10,2,UP,2,0,0.4616468957766189,Acc8_hippocampus_ST_A_Ex;Acc8_hippocampus_ST_A_Ex_KD
Gbp3,2,UP,2,0,0.46143560567499997,Acc10_hippocampus_Ex4_Pre_TBI;Acc11_hippocampus_Ex4_mTBI
2810001g20rik,2,UP,2,0,0.46095060078120453,Acc8_hippocampus_ST_A_Ex;Acc8_hippocampus_ST_A_Ex_KD
Gabarapl1,2,UP,2,0,0.46024895509714814,Acc8_hippocampus_ST_A_Ex;Acc8_hippocampus_ST_A_Ex_KD
Aamdc,2,UP,2,0,0.4596002751313718,Acc8_hippocampus_ST_A_Ex;Acc8_hippocampus_ST_A_Ex_KD
Egfl7,2,UP,2,0,0.45930815552885595,Acc8_hippocampus_ST_A_Ex;Acc8_hippocampus_ST_A_Ex_KD
Mrpl34,2,UP,2,0,0.4590919906879525,Acc8_hippocampus_ST_A_Ex;Acc8_hippocampus_ST_A_Ex_KD
Castor1,2,UP,2,0,0.45801488087747405,Acc3_brainstem_GLP_1;Acc5_nts_IP118_PY115
Akap7,2,UP,2,0,0.45653106276032784,Acc5_pvn_IP118_PY115;Acc8_hypothalamus_LT_A_Ex
Pacsin3,2,UP,2,0,0.4554298738365338,Acc8_hippocampus_ST_A_Ex;Acc8_hippocampus_ST_A_Ex_KD
B9d2,2,UP,2,0,0.4551895874572054,Acc8_hippocampus_ST_A_Ex;Acc8_hippocampus_ST_A_Ex_KD
Crym,2,UP,2,0,0.45471835745993344,Acc8_hippocampus_ST_A_Ex;Acc8_hippocampus_ST_A_Ex_KD
Gm46272,2,UP,2,0,0.4545341424497555,Acc8_hippocampus_ST_A_Ex;Acc8_hippocampus_ST_A_Ex_KD
Txnrd2,2,UP,2,0,0.4544549254146152,Acc8_hippocampus_ST_A_Ex;Acc8_hippocampus_ST_A_Ex_KD
Psma7,2,UP,2,0,0.45440170533324226,Acc8_hippocampus_ST_A_Ex;Acc8_hippocampus_ST_A_Ex_KD
Ccdc142,2,UP,2,0,0.45380531768696,Acc8_hippocampus_ST_A_Ex;Acc8_hippocampus_ST_A_Ex_KD
Ftl1,2,UP,2,0,0.45274117291972743,Acc8_hippocampus_ST_A_Ex;Acc8_hippocampus_ST_A_Ex_KD
Ptpn1,2,UP,2,0,0.45230811842499996,Acc11_hippocampus_Ex4;Acc11_hippocampus_Ex4_mTBI
Syp,2,UP,2,0,0.4520012416277548,Acc8_hippocampus_ST_A_Ex;Acc8_hippocampus_ST_A_Ex_KD
Taf13,2,UP,2,0,0.45176385765,Acc11_hippocampus_Ex4;Acc11_hippocampus_Ex4_mTBI
Erp29,2,UP,2,0,0.451431757307007,Acc8_hippocampus_ST_A_Ex;Acc8_hippocampus_ST_A_Ex_KD
Tma16,2,UP,2,0,0.4504784595982973,Acc3_accumbens_GLP_1;Acc3_brainstem_GLP_1
Fkbp1b,2,UP,2,0,0.45036496115794283,Acc8_hippocampus_ST_A_Ex;Acc8_hippocampus_ST_A_Ex_KD
Ppp1r1a,2,UP,2,0,0.4500110648467895,Acc8_hippocampus_ST_A_Ex;Acc8_hippocampus_ST_A_Ex_KD
Ogfod2,2,UP,2,0,0.4490227126082518,Acc8_hippocampus_ST_A_Ex;Acc8_hippocampus_ST_A_Ex_KD
Dnajc9,2,UP,2,0,0.44889639862154407,Acc8_hippocampus_ST_A_Ex;Acc8_hippocampus_ST_A_Ex_KD
Ccdc51,2,UP,2,0,0.44708372229303284,Acc8_hippocampus_ST_A_Ex;Acc8_hippocampus_ST_A_Ex_KD
Sirt5,2,UP,2,0,0.44636211370523615,Acc8_hippocampus_ST_A_Ex;Acc8_hippocampus_ST_A_Ex_KD
Ruvbl1,2,UP,2,0,0.44524402678587105,Acc8_hippocampus_ST_A_Ex;Acc8_hippocampus_ST_A_Ex_KD
Gm52172,2,UP,2,0,0.4451660814487581,Acc8_hippocampus_ST_A_Ex;Acc8_hippocampus_ST_A_Ex_KD
Manbal,2,UP,2,0,0.4442059631247301,Acc8_hippocampus_ST_A_Ex;Acc8_hippocampus_ST_A_Ex_KD
Ccdc28b,2,UP,2,0,0.4440792263732837,Acc8_hippocampus_ST_A_Ex;Acc8_hippocampus_ST_A_Ex_KD
Oaz2,2,UP,2,0,0.44406180989808786,Acc8_hippocampus_ST_A_Ex;Acc8_hippocampus_ST_A_Ex_KD
Rer1,2,UP,2,0,0.443902592325,Acc11_hippocampus_Ex4;Acc11_hippocampus_Ex4_mTBI
Mrps7,2,UP,2,0,0.4437087038887333,Acc8_hippocampus_ST_A_Ex;Acc8_hippocampus_ST_A_Ex_KD
Sgk3,2,UP,2,0,0.4426011182086182,Acc3_brainstem_GLP_1;Acc3_brainstem_GLP_1_MK_801
Ssr4,2,UP,2,0,0.4422397690163069,Acc8_hippocampus_ST_A_Ex;Acc8_hippocampus_ST_A_Ex_KD
Pebp1,2,UP,2,0,0.4421406243218208,Acc8_hippocampus_ST_A_Ex;Acc8_hippocampus_ST_A_Ex_KD
Eno3,2,UP,2,0,0.4417050870526873,Acc8_hippocampus_ST_A_Ex;Acc8_hippocampus_ST_A_Ex_KD
D130020l05rik,2,UP,2,0,0.4416239689268886,Acc8_hippocampus_ST_A_Ex;Acc8_hippocampus_ST_A_Ex_KD
Arhgdig,2,UP,2,0,0.44139398701378546,Acc8_hippocampus_ST_A_Ex;Acc8_hippocampus_ST_A_Ex_KD
Pym1,2,UP,2,0,0.44123201277109636,Acc8_hippocampus_ST_A_Ex;Acc8_hippocampus_ST_A_Ex_KD
Mcrip2,2,UP,2,0,0.4411389767850818,Acc8_hippocampus_ST_A_Ex;Acc8_hippocampus_ST_A_Ex_KD
Sart1,2,UP,2,0,0.44099947845884285,Acc8_hippocampus_ST_A_Ex;Acc8_hippocampus_ST_A_Ex_KD
Brms1,2,UP,2,0,0.4406612119226049,Acc8_hippocampus_ST_A_Ex;Acc8_hippocampus_ST_A_Ex_KD
Nudt14,2,UP,2,0,0.4403053131528847,Acc8_hippocampus_ST_A_Ex;Acc8_hippocampus_ST_A_Ex_KD
Lyar,2,UP,2,0,0.4392838549977204,Acc8_hippocampus_ST_A_Ex;Acc8_hippocampus_ST_A_Ex_KD
Mrpl40,2,UP,2,0,0.43909954533973317,Acc8_hippocampus_ST_A_Ex;Acc8_hippocampus_ST_A_Ex_KD
Bcl2l2,2,UP,2,0,0.4389395163571676,Acc8_hippocampus_ST_A_Ex;Acc8_hippocampus_ST_A_Ex_KD
Blvrb,2,UP,2,0,0.4388589079508036,Acc8_hippocampus_ST_A_Ex;Acc8_hippocampus_ST_A_Ex_KD
Sptbn5,2,UP,2,0,0.4386653027772781,Acc3_brainstem_GLP_1_MK_801;Acc8_hippocampus_ST_A_Ex
Bcas2,2,UP,2,0,0.4383523602,Acc11_hippocampus_Ex4;Acc11_hippocampus_Ex4_mTBI
Cltb,2,UP,2,0,0.4380993849235726,Acc8_hippocampus_ST_A_Ex;Acc8_hippocampus_ST_A_Ex_KD
Acy1,2,UP,2,0,0.4380812814610851,Acc8_hippocampus_ST_A_Ex;Acc8_hippocampus_ST_A_Ex_KD
Apcdd1,2,UP,2,0,0.4375264400439911,Acc8_frontalcortex_LT_A_Ex;Acc8_frontalcortex_ST_A_Ex_KD
Eps8l3,2,UP,2,0,0.43737996731550577,Acc8_hippocampus_ST_A_Ex;Acc8_hippocampus_ST_A_Ex_KD
Atp6v1g1,2,UP,2,0,0.43592530680133945,Acc8_hippocampus_ST_A_Ex;Acc8_hippocampus_ST_A_Ex_KD
Aifm1,2,UP,2,0,0.435419429625,Acc11_hippocampus_Ex4;Acc11_hippocampus_Ex4_mTBI
Pole3,2,UP,2,0,0.43461033621143375,Acc8_hippocampus_ST_A_Ex;Acc8_hippocampus_ST_A_Ex_KD
Cnpy2,2,UP,2,0,0.4340003988247515,Acc8_hippocampus_ST_A_Ex;Acc8_hippocampus_ST_A_Ex_KD
Safb,2,UP,2,0,0.4339890057746746,Acc8_hippocampus_ST_A_Ex;Acc8_hippocampus_ST_A_Ex_KD
Ccdc87,2,UP,2,0,0.43371399762015034,Acc3_hypothalamus_GLP_1_MK_801;Acc8_hippocampus_ST_A_Ex
Traf3ip1,2,UP,2,0,0.4330182543401177,Acc8_hippocampus_ST_A_Ex;Acc8_hippocampus_ST_A_Ex_KD
Malat1,2,UP,2,0,0.43259202013514175,Acc8_hippocampus_ST_A_Ex;Acc8_hippocampus_ST_A_Ex_KD
Mageh1,2,UP,2,0,0.43245645756779727,Acc8_hippocampus_ST_A_Ex;Acc8_hippocampus_ST_A_Ex_KD
Haghl,2,UP,2,0,0.4324287984224625,Acc8_hippocampus_ST_A_Ex;Acc8_hippocampus_ST_A_Ex_KD
Faim,2,UP,2,0,0.4318848882769537,Acc8_hippocampus_ST_A_Ex;Acc8_hippocampus_ST_A_Ex_KD
Hsd17b10,2,UP,2,0,0.43173790153753067,Acc8_hippocampus_ST_A_Ex;Acc8_hippocampus_ST_A_Ex_KD
Ncf1,2,UP,2,0,0.4315661868003572,Acc3_hypothalamus_GLP_1_MK_801;Acc5_nts_IP118_PY115
Gatd3a,2,UP,2,0,0.4312190007570348,Acc8_hippocampus_ST_A_Ex;Acc8_hippocampus_ST_A_Ex_KD
Slc25a34,2,UP,2,0,0.43097637228217256,Acc3_brainstem_GLP_1_MK_801;Acc3_hypothalamus_GLP_1_MK_801
Trappc3,2,UP,2,0,0.43056933400446534,Acc8_hippocampus_ST_A_Ex;Acc8_hippocampus_ST_A_Ex_KD
Cox16,2,UP,2,0,0.4303468319081666,Acc8_hippocampus_ST_A_Ex;Acc8_hypothalamus_LT_A_Ex
Bc051226,2,UP,2,0,0.4298540525378265,Acc3_hypothalamus_GLP_1_MK_801;Acc8_hippocampus_ST_A_Ex_KD
Fam107a,2,UP,2,0,0.42963802698258713,Acc3_hypothalamus_GLP_1_MK_801;Acc5_arc_IP118_PY115
Cgref1,2,UP,2,0,0.4294666286445913,Acc8_hippocampus_ST_A_Ex;Acc8_hippocampus_ST_A_Ex_KD
Fras1,2,UP,2,0,0.4290991418336195,Acc8_hippocampus_ST_A_Ex;Acc8_hippocampus_ST_A_Ex_KD
Loc118567469,2,UP,2,0,0.42864981267499247,Acc8_hippocampus_ST_A_Ex;Acc8_hippocampus_ST_A_Ex_KD
Jdp2,2,UP,2,0,0.42827245391437185,Acc8_hippocampus_ST_A_Ex;Acc8_hippocampus_ST_A_Ex_KD
C1qc,2,UP,2,0,0.42758193483197104,Acc3_hypothalamus_GLP_1_MK_801;Acc8_hippocampus_ST_A_Ex
Pick1,2,UP,2,0,0.42741783187249216,Acc8_hippocampus_ST_A_Ex;Acc8_hippocampus_ST_A_Ex_KD
Snrnp27,2,UP,2,0,0.4266523079976078,Acc8_hippocampus_ST_A_Ex;Acc8_hippocampus_ST_A_Ex_KD
Gnl1,2,UP,2,0,0.4266371377538971,Acc6_mbh_COMBO;Acc8_hippocampus_ST_A_Ex_KD
Coa6,2,UP,2,0,0.42651473049335115,Acc8_hippocampus_ST_A_Ex;Acc8_hippocampus_ST_A_Ex_KD
E130317f20rik,2,UP,2,0,0.4264077556128284,Acc8_hippocampus_ST_A_Ex;Acc8_hippocampus_ST_A_Ex_KD
Pcdhb19,2,UP,2,0,0.42618954571306034,Acc3_brainstem_GLP_1_MK_801;Acc8_hippocampus_ST_A_Ex_KD
Stoml2,2,UP,2,0,0.4253993157010947,Acc8_hippocampus_ST_A_Ex;Acc8_hippocampus_ST_A_Ex_KD
Gopc,2,UP,2,0,0.424946841825,Acc11_hippocampus_Ex4;Acc11_hippocampus_Ex4_mTBI
Cops6,2,UP,2,0,0.4243587920148686,Acc8_hippocampus_ST_A_Ex;Acc8_hippocampus_ST_A_Ex_KD
Plvap,2,UP,2,0,0.42359630361157163,Acc3_hypothalamus_GLP_1_MK_801;Acc8_hippocampus_ST_A_Ex
Pcdhga5,2,UP,2,0,0.4233931508583506,Acc3_brainstem_GLP_1_MK_801;Acc3_hypothalamus_GLP_1_MK_801
B3gat3,2,UP,2,0,0.42245170225980044,Acc8_hippocampus_ST_A_Ex;Acc8_hippocampus_ST_A_Ex_KD
Mrpl51,2,UP,2,0,0.422189631248443,Acc8_hippocampus_ST_A_Ex;Acc8_hippocampus_ST_A_Ex_KD
Ubald2,2,UP,2,0,0.42184830496134196,Acc8_hippocampus_ST_A_Ex;Acc8_hippocampus_ST_A_Ex_KD
Cend1,2,UP,2,0,0.42183048293874736,Acc8_hippocampus_ST_A_Ex;Acc8_hippocampus_ST_A_Ex_KD
Efcab15,2,UP,2,0,0.42173510432071537,Acc3_brainstem_GLP_1;Acc3_hypothalamus_GLP_1_MK_801
Atp5g3,2,UP,2,0,0.42135221136676004,Acc8_hippocampus_ST_A_Ex;Acc8_hippocampus_ST_A_Ex_KD
Clcn2,2,UP,2,0,0.42069978903759786,Acc8_hippocampus_ST_A_Ex;Acc8_hippocampus_ST_A_Ex_KD
Gm13375,2,UP,2,0,0.4202883610747914,Acc8_hippocampus_ST_A_Ex;Acc8_hippocampus_ST_A_Ex_KD
Bend5,2,UP,2,0,0.4202861102246964,Acc8_hippocampus_ST_A_Ex;Acc8_hippocampus_ST_A_Ex_KD
Abracl,2,UP,2,0,0.4198928579410502,Acc8_hippocampus_ST_A_Ex;Acc8_hippocampus_ST_A_Ex_KD
Chaf1a,2,UP,2,0,0.41956136131554544,Acc3_hypothalamus_GLP_1_MK_801;Acc8_hippocampus_ST_A_Ex
Dlgap2,2,UP,2,0,0.4191752528969436,Acc11_hippocampus_Ex4_mTBI;Acc3_brainstem_GLP_1_MK_801
Loc118568020,2,UP,2,0,0.41819746679201564,Acc8_hippocampus_ST_A_Ex;Acc8_hippocampus_ST_A_Ex_KD
Cbr1,2,UP,2,0,0.41797744354074506,Acc8_hippocampus_ST_A_Ex;Acc8_hippocampus_ST_A_Ex_KD
Cenpq,2,UP,2,0,0.417335394125,Acc11_hippocampus_Ex4;Acc11_hippocampus_Ex4_mTBI
U2af1l4,2,UP,2,0,0.41543512758475887,Acc3_hypothalamus_GLP_1_MK_801;Acc8_hippocampus_ST_A_Ex
Tfap4,2,UP,2,0,0.41523412010388205,Acc8_hippocampus_ST_A_Ex;Acc8_hippocampus_ST_A_Ex_KD
Adssl1,2,UP,2,0,0.4151149800742323,Acc8_hippocampus_ST_A_Ex;Acc8_hippocampus_ST_A_Ex_KD
Clcn4,2,UP,2,0,0.414599425425,Acc11_hippocampus_Ex4;Acc11_hippocampus_Ex4_mTBI
Notch4,2,UP,2,0,0.4133554238535819,Acc3_brainstem_GLP_1;Acc3_hypothalamus_GLP_1_MK_801
3110082i17rik,2,UP,2,0,0.41316186260821663,Acc8_hippocampus_ST_A_Ex;Acc8_hippocampus_ST_A_Ex_KD
Mrpl21,2,UP,2,0,0.41282728528542806,Acc8_hippocampus_ST_A_Ex;Acc8_hippocampus_ST_A_Ex_KD
Tmem80,2,UP,2,0,0.412381228091494,Acc8_hippocampus_ST_A_Ex;Acc8_hippocampus_ST_A_Ex_KD
Sltm,2,UP,2,0,0.411649708475,Acc11_hippocampus_Ex4;Acc11_hippocampus_Ex4_mTBI
Cdc16,2,UP,2,0,0.41164473557500003,Acc11_hippocampus_Ex4;Acc11_hippocampus_Ex4_mTBI
Dctn6,2,UP,2,0,0.41110507864269336,Acc8_hippocampus_ST_A_Ex;Acc8_hippocampus_ST_A_Ex_KD
Flot1,2,UP,2,0,0.41092103725358786,Acc8_hippocampus_ST_A_Ex;Acc8_hippocampus_ST_A_Ex_KD
Tmem14c,2,UP,2,0,0.41073480970851306,Acc8_hippocampus_ST_A_Ex;Acc8_hippocampus_ST_A_Ex_KD
Tmem242,2,UP,2,0,0.4105955567090429,Acc8_hippocampus_ST_A_Ex;Acc8_hippocampus_ST_A_Ex_KD
Naxe,2,UP,2,0,0.41053917222004344,Acc8_hippocampus_ST_A_Ex;Acc8_hippocampus_ST_A_Ex_KD
Myl12b,2,UP,2,0,0.4100012300068966,Acc8_hippocampus_ST_A_Ex;Acc8_hippocampus_ST_A_Ex_KD
Rbmx2,2,UP,2,0,0.4099017536536387,Acc8_hippocampus_ST_A_Ex;Acc8_hippocampus_ST_A_Ex_KD
Mdp1,2,UP,2,0,0.40989053156185384,Acc8_hippocampus_ST_A_Ex;Acc8_hippocampus_ST_A_Ex_KD
Pstk,2,UP,2,0,0.40939622815523175,Acc8_hippocampus_ST_A_Ex;Acc8_hippocampus_ST_A_Ex_KD
Ap1s1,2,UP,2,0,0.4090243561963057,Acc8_hippocampus_ST_A_Ex;Acc8_hippocampus_ST_A_Ex_KD
Ica1,2,UP,2,0,0.4080670005985054,Acc8_hippocampus_ST_A_Ex;Acc8_hippocampus_ST_A_Ex_KD
Trmt6,2,UP,2,0,0.407884017775,Acc11_hippocampus_Ex4;Acc11_hippocampus_Ex4_mTBI
Gm10524,2,UP,2,0,0.4074829054660873,Acc3_hypothalamus_GLP_1_MK_801;Acc3_hypothalamus_conjugate_2
Cuedc1,2,UP,2,0,0.40666228197236376,Acc8_hippocampus_ST_A_Ex;Acc8_hippocampus_ST_A_Ex_KD
Mecr,2,UP,2,0,0.4064893721053576,Acc8_hippocampus_ST_A_Ex;Acc8_hippocampus_ST_A_Ex_KD
Ebpl,2,UP,2,0,0.4062301279592785,Acc8_hippocampus_ST_A_Ex;Acc8_hippocampus_ST_A_Ex_KD
0610012g03rik,2,UP,2,0,0.40602980269613553,Acc8_hippocampus_ST_A_Ex;Acc8_hippocampus_ST_A_Ex_KD
Gm38973,2,UP,2,0,0.40594286149951625,Acc8_hippocampus_ST_A_Ex;Acc8_hippocampus_ST_A_Ex_KD
Sirt3,2,UP,2,0,0.40593279039016444,Acc8_hippocampus_ST_A_Ex;Acc8_hippocampus_ST_A_Ex_KD
Mettl26,2,UP,2,0,0.4055124592951331,Acc8_hippocampus_ST_A_Ex;Acc8_hippocampus_ST_A_Ex_KD
Gpatch3,2,UP,2,0,0.40500093582078456,Acc8_hippocampus_ST_A_Ex;Acc8_hippocampus_ST_A_Ex_KD
Glt1d1,2,UP,2,0,0.40491573204816994,Acc8_hippocampus_ST_A_Ex;Acc8_hippocampus_ST_A_Ex_KD
Ak2,2,UP,2,0,0.40363068103144606,Acc8_hippocampus_ST_A_Ex;Acc8_hippocampus_ST_A_Ex_KD
Mrpl23,2,UP,2,0,0.4026322721251472,Acc8_hippocampus_ST_A_Ex;Acc8_hippocampus_ST_A_Ex_KD
Scg5,2,UP,2,0,0.40252122303765425,Acc8_hippocampus_ST_A_Ex;Acc8_hippocampus_ST_A_Ex_KD
Ubac1,2,UP,2,0,0.40179239555,Acc11_hippocampus_Ex4;Acc11_hippocampus_Ex4_mTBI
Snrpb,2,UP,2,0,0.4017114730022102,Acc8_hippocampus_ST_A_Ex;Acc8_hippocampus_ST_A_Ex_KD
Marcksl1,2,UP,2,0,0.4016057480995693,Acc8_hippocampus_ST_A_Ex;Acc8_hippocampus_ST_A_Ex_KD
Ndufa7,2,UP,2,0,0.401487108945277,Acc8_hippocampus_ST_A_Ex;Acc8_hippocampus_ST_A_Ex_KD
Lurap1,2,UP,2,0,0.40038070562111416,Acc8_hippocampus_ST_A_Ex;Acc8_hippocampus_ST_A_Ex_KD
2810004n23rik,2,UP,2,0,0.4001499237389555,Acc8_hippocampus_ST_A_Ex;Acc8_hippocampus_ST_A_Ex_KD
Fam228b,2,UP,2,0,0.3997898641990634,Acc8_hippocampus_ST_A_Ex;Acc8_hippocampus_ST_A_Ex_KD
Wbp4,2,UP,2,0,0.39957452455,Acc11_hippocampus_Ex4;Acc11_hippocampus_Ex4_mTBI
1110038f14rik,2,UP,2,0,0.3990360058455617,Acc8_hippocampus_ST_A_Ex;Acc8_hippocampus_ST_A_Ex_KD
Spaca6,2,UP,2,0,0.39831809230361603,Acc8_hippocampus_ST_A_Ex;Acc8_hippocampus_ST_A_Ex_KD
Gnl2,2,UP,2,0,0.39688768537499997,Acc11_hippocampus_Ex4;Acc11_hippocampus_Ex4_mTBI
Rccd1,2,UP,2,0,0.39685508429810556,Acc8_hippocampus_ST_A_Ex;Acc8_hippocampus_ST_A_Ex_KD
Psmb7,2,UP,2,0,0.396363796732167,Acc8_hippocampus_ST_A_Ex;Acc8_hippocampus_ST_A_Ex_KD
Eid2,2,UP,2,0,0.396196971942335,Acc8_hippocampus_ST_A_Ex;Acc8_hippocampus_ST_A_Ex_KD
Mettl7a1,2,UP,2,0,0.39609158011190415,Acc8_hippocampus_ST_A_Ex;Acc8_hippocampus_ST_A_Ex_KD
Brk1,2,UP,2,0,0.3957063260024991,Acc8_hippocampus_ST_A_Ex;Acc8_hippocampus_ST_A_Ex_KD
Rps13,2,UP,2,0,0.3956063119676059,Acc8_hippocampus_ST_A_Ex;Acc8_hippocampus_ST_A_Ex_KD
Med10,2,UP,2,0,0.39558649401424817,Acc8_hippocampus_ST_A_Ex;Acc8_hippocampus_ST_A_Ex_KD
Cyth2,2,UP,2,0,0.3941788454494566,Acc8_hippocampus_ST_A_Ex;Acc8_hippocampus_ST_A_Ex_KD
Ucp2,2,UP,2,0,0.39389621022151655,Acc3_brainstem_GLP_1;Acc3_hypothalamus_GLP_1_MK_801
Mrpl55,2,UP,2,0,0.3937496511380154,Acc8_hippocampus_ST_A_Ex;Acc8_hippocampus_ST_A_Ex_KD
Npc2,2,UP,2,0,0.39338437045,Acc11_hippocampus_Ex4;Acc11_hippocampus_Ex4_mTBI
Aip,2,UP,2,0,0.3930356755743619,Acc8_hippocampus_ST_A_Ex;Acc8_hippocampus_ST_A_Ex_KD
Wdr83,2,UP,2,0,0.3922729057225793,Acc8_hippocampus_ST_A_Ex;Acc8_hippocampus_ST_A_Ex_KD
Ppargc1b,2,UP,2,0,0.3920952782861591,Acc3_brainstem_GLP_1_MK_801;Acc3_hypothalamus_GLP_1_MK_801
Isoc2b,2,UP,2,0,0.39173643539363723,Acc8_hippocampus_ST_A_Ex;Acc8_hippocampus_ST_A_Ex_KD
Cspp1,2,UP,2,0,0.39149801102500004,Acc11_hippocampus_Ex4;Acc11_hippocampus_Ex4_mTBI
Zfp108,2,UP,2,0,0.39034036660124694,Acc8_hippocampus_ST_A_Ex;Acc8_hippocampus_ST_A_Ex_KD
Jakmip1,2,UP,2,0,0.3897242822874716,Acc8_hippocampus_ST_A_Ex;Acc8_hippocampus_ST_A_Ex_KD
Arcn1,2,UP,2,0,0.38969153765,Acc11_hippocampus_Ex4;Acc11_hippocampus_Ex4_mTBI
Ankrd42,2,UP,2,0,0.38910816151106525,Acc8_hippocampus_ST_A_Ex;Acc8_hippocampus_ST_A_Ex_KD
Psmb6,2,UP,2,0,0.3889028595811244,Acc8_hippocampus_ST_A_Ex;Acc8_hippocampus_ST_A_Ex_KD
Nop16,2,UP,2,0,0.38886002655645036,Acc8_hippocampus_ST_A_Ex;Acc8_hippocampus_ST_A_Ex_KD
Tnfsfm13,2,UP,2,0,0.38859240183499366,Acc3_brainstem_GLP_1;Acc8_hippocampus_ST_A_Ex
Atp5o,2,UP,2,0,0.38830215126681333,Acc8_hippocampus_ST_A_Ex;Acc8_hippocampus_ST_A_Ex_KD
Gss,2,UP,2,0,0.3877735824763373,Acc8_hippocampus_ST_A_Ex;Acc8_hippocampus_ST_A_Ex_KD
Ankrd16,2,UP,2,0,0.3873038063538447,Acc8_hippocampus_ST_A_Ex;Acc8_hippocampus_ST_A_Ex_KD
Ramp1,2,UP,2,0,0.3872028675924133,Acc8_hippocampus_ST_A_Ex;Acc8_hippocampus_ST_A_Ex_KD
Col26a1,2,UP,2,0,0.38607382920417743,Acc3_brainstem_GLP_1;Acc8_hippocampus_ST_A_Ex
Ndufb11,2,UP,2,0,0.3844322070284244,Acc8_hippocampus_ST_A_Ex;Acc8_hippocampus_ST_A_Ex_KD
Dhrs4,2,UP,2,0,0.38395948689575793,Acc8_hippocampus_ST_A_Ex;Acc8_hippocampus_ST_A_Ex_KD
Ppp1r14b,2,UP,2,0,0.38343670256716944,Acc3_brainstem_GLP_1;Acc8_hippocampus_ST_A_Ex
Apol8,2,UP,2,0,0.3833986733185717,Acc8_hippocampus_ST_A_Ex;Acc8_hippocampus_ST_A_Ex_KD
Sap18,2,UP,2,0,0.3832553068718689,Acc8_hippocampus_ST_A_Ex;Acc8_hippocampus_ST_A_Ex_KD
Rpl18,2,UP,2,0,0.3831999576552937,Acc8_hippocampus_ST_A_Ex;Acc8_hippocampus_ST_A_Ex_KD
Tmem101,2,UP,2,0,0.3831349918700921,Acc8_hippocampus_ST_A_Ex;Acc8_hippocampus_ST_A_Ex_KD
Dtd2,2,UP,2,0,0.38189411639208326,Acc8_hippocampus_ST_A_Ex;Acc8_hippocampus_ST_A_Ex_KD
Cox5a,2,UP,2,0,0.3814654926203138,Acc8_hippocampus_ST_A_Ex;Acc8_hippocampus_ST_A_Ex_KD
Psmb2,2,UP,2,0,0.3811593547131715,Acc8_hippocampus_ST_A_Ex;Acc8_hippocampus_ST_A_Ex_KD
Metrnl,2,UP,2,0,0.3810548168358554,Acc8_hippocampus_ST_A_Ex;Acc8_hippocampus_ST_A_Ex_KD
Pkig,2,UP,2,0,0.38074568722499946,Acc11_hippocampus_Ex4;Acc11_hippocampus_Ex4_mTBI
Cutc,2,UP,2,0,0.3801844919352943,Acc8_hippocampus_ST_A_Ex;Acc8_hippocampus_ST_A_Ex_KD
Dnajc15,2,UP,2,0,0.3797915718701099,Acc8_hippocampus_ST_A_Ex;Acc8_hippocampus_ST_A_Ex_KD
Eif3k,2,UP,2,0,0.37960037105,Acc11_hippocampus_Ex4;Acc11_hippocampus_Ex4_mTBI
Gm40332,2,UP,2,0,0.37913116686331927,Acc8_hippocampus_ST_A_Ex;Acc8_hippocampus_ST_A_Ex_KD
Ccdc74a,2,UP,2,0,0.3790228892751626,Acc8_hippocampus_ST_A_Ex;Acc8_hippocampus_ST_A_Ex_KD
Klk8,2,UP,2,0,0.3787468140202809,Acc8_hippocampus_ST_A_Ex;Acc8_hippocampus_ST_A_Ex_KD
Nudt2,2,UP,2,0,0.3784185087748727,Acc8_hippocampus_ST_A_Ex;Acc8_hippocampus_ST_A_Ex_KD
Surf1,2,UP,2,0,0.3770713023679447,Acc8_hippocampus_ST_A_Ex;Acc8_hippocampus_ST_A_Ex_KD
Lgals9,2,UP,2,0,0.3770320526896621,Acc10_hippocampus_Ex4_Pre_TBI;Acc3_hypothalamus_GLP_1_MK_801
Ntmt1,2,UP,2,0,0.3768327612442389,Acc8_hippocampus_ST_A_Ex;Acc8_hippocampus_ST_A_Ex_KD
Myrip,2,UP,2,0,0.37672367217829617,Acc5_arc_IP118_PY115;Acc5_pvn_IP118_PY115
Bri3,2,UP,2,0,0.3766703391545067,Acc8_hippocampus_ST_A_Ex;Acc8_hippocampus_ST_A_Ex_KD
Hexim2,2,UP,2,0,0.3757415729980357,Acc8_hippocampus_ST_A_Ex;Acc8_hippocampus_ST_A_Ex_KD
Rps2,2,UP,2,0,0.37559543879772883,Acc8_hippocampus_ST_A_Ex;Acc8_hippocampus_ST_A_Ex_KD
Eif6,2,UP,2,0,0.37522681589763707,Acc8_hippocampus_ST_A_Ex;Acc8_hippocampus_ST_A_Ex_KD
Ncbp2,2,UP,2,0,0.374884469575,Acc11_hippocampus_Ex4;Acc11_hippocampus_Ex4_mTBI
Rpp25,2,UP,2,0,0.37458410261634156,Acc3_hypothalamus_GLP_1_MK_801;Acc8_hippocampus_ST_A_Ex
Smim8,2,UP,2,0,0.3744454669896616,Acc8_hippocampus_ST_A_Ex;Acc8_hippocampus_ST_A_Ex_KD
Hax1,2,UP,2,0,0.3739983404484267,Acc8_hippocampus_ST_A_Ex;Acc8_hippocampus_ST_A_Ex_KD
Tmem74b,2,UP,2,0,0.3739151072530878,Acc8_hippocampus_ST_A_Ex;Acc8_hippocampus_ST_A_Ex_KD
Timm17a,2,UP,2,0,0.3735413018429804,Acc8_hippocampus_ST_A_Ex;Acc8_hippocampus_ST_A_Ex_KD
Psenen,2,UP,2,0,0.37317091784267153,Acc8_hippocampus_ST_A_Ex;Acc8_hippocampus_ST_A_Ex_KD
Atp5g2,2,UP,2,0,0.3719600587949964,Acc8_hippocampus_ST_A_Ex;Acc8_hippocampus_ST_A_Ex_KD
Zfp94,2,UP,2,0,0.37124382557236624,Acc8_hippocampus_ST_A_Ex;Acc8_hippocampus_ST_A_Ex_KD
Guk1,2,UP,2,0,0.37104176279182377,Acc8_hippocampus_ST_A_Ex;Acc8_hippocampus_ST_A_Ex_KD
Arhgef28,2,UP,2,0,0.3709076880430829,Acc3_hypothalamus_GLP_1_MK_801;Acc5_pvn_IP118_PY115
Rap1gds1,2,UP,1,1,0.37058863921517476,Acc6_mbh_COMBO;Acc8_hippocampus_ST_A_Ex
Sdf2,2,UP,2,0,0.3701853975603753,Acc8_hippocampus_ST_A_Ex;Acc8_hippocampus_ST_A_Ex_KD
Zfp346,2,UP,2,0,0.369974896125,Acc11_hippocampus_Ex4;Acc11_hippocampus_Ex4_mTBI
Cul1,2,UP,2,0,0.36986292155,Acc11_hippocampus_Ex4;Acc11_hippocampus_Ex4_mTBI
Tenm2,2,UP,2,0,0.36961106805252414,Acc3_brainstem_GLP_1_MK_801;Acc3_hypothalamus_GLP_1_MK_801
Cldn10,2,UP,2,0,0.36943179801879267,Acc8_hippocampus_ST_A_Ex;Acc8_hippocampus_ST_A_Ex_KD
A830036e02rik,2,UP,2,0,0.36917365719551243,Acc8_hippocampus_ST_A_Ex;Acc8_hippocampus_ST_A_Ex_KD
Snrpc,2,UP,2,0,0.3686933864470383,Acc8_hippocampus_ST_A_Ex;Acc8_hippocampus_ST_A_Ex_KD
Zkscan14,2,UP,2,0,0.3685135381313493,Acc8_hippocampus_ST_A_Ex;Acc8_hippocampus_ST_A_Ex_KD
1110008p14rik,2,UP,2,0,0.36838835210832255,Acc8_frontalcortex_YA_Ex;Acc8_hippocampus_ST_A_Ex
Usf1,2,UP,2,0,0.36836185675273114,Acc8_hippocampus_ST_A_Ex;Acc8_hippocampus_ST_A_Ex_KD
Wdr55,2,UP,2,0,0.36611869911279976,Acc8_hippocampus_ST_A_Ex;Acc8_hippocampus_ST_A_Ex_KD
B230217o12rik,2,UP,2,0,0.36570744352534945,Acc8_hippocampus_ST_A_Ex;Acc8_hippocampus_ST_A_Ex_KD
Asl,2,UP,2,0,0.36534493323219075,Acc8_hippocampus_ST_A_Ex;Acc8_hippocampus_ST_A_Ex_KD
Tpgs1,2,UP,2,0,0.3644616075198983,Acc8_hippocampus_ST_A_Ex;Acc8_hippocampus_ST_A_Ex_KD
Gbp7,2,UP,2,0,0.36443210764521206,Acc10_hippocampus_Ex4_Pre_TBI;Acc8_hypothalamus_LT_A_Ex
Gm32404,2,UP,2,0,0.36355423002762344,Acc8_hippocampus_ST_A_Ex;Acc8_hippocampus_ST_A_Ex_KD
2610005l07rik,2,UP,2,0,0.3632636216737223,Acc8_hippocampus_ST_A_Ex;Acc8_hippocampus_ST_A_Ex_KD
1500009c09rik,2,UP,2,0,0.36322819992929245,Acc8_hippocampus_ST_A_Ex;Acc8_hippocampus_ST_A_Ex_KD
Pkm,2,UP,2,0,0.3630350672490721,Acc8_hippocampus_ST_A_Ex;Acc8_hippocampus_ST_A_Ex_KD
Kti12,2,UP,2,0,0.36286531725,Acc11_hippocampus_Ex4;Acc11_hippocampus_Ex4_mTBI
Cdk5rap3,2,UP,2,0,0.3623870167501103,Acc8_hippocampus_ST_A_Ex;Acc8_hippocampus_ST_A_Ex_KD
Ppox,2,UP,2,0,0.362102559191806,Acc8_hippocampus_ST_A_Ex;Acc8_hippocampus_ST_A_Ex_KD
Aktip,2,UP,2,0,0.3620907672,Acc11_hippocampus_Ex4;Acc11_hippocampus_Ex4_mTBI
Gm11419,2,UP,2,0,0.3610333100619274,Acc8_hippocampus_ST_A_Ex;Acc8_hippocampus_ST_A_Ex_KD
Auh,2,UP,2,0,0.3605212064544052,Acc8_hippocampus_ST_A_Ex;Acc8_hippocampus_ST_A_Ex_KD
Rgs9,2,UP,2,0,0.36039258606468005,Acc3_hypothalamus_GLP_1_MK_801;Acc8_hippocampus_ST_A_Ex_KD
Higd1a,2,UP,2,0,0.3598686107782897,Acc8_hippocampus_ST_A_Ex;Acc8_hippocampus_ST_A_Ex_KD
Timm17b,2,UP,2,0,0.3595243068174945,Acc8_hippocampus_ST_A_Ex;Acc8_hippocampus_ST_A_Ex_KD
Nsg1,2,UP,2,0,0.35941824003435563,Acc8_hippocampus_ST_A_Ex;Acc8_hippocampus_ST_A_Ex_KD
Mrps16,2,UP,2,0,0.35874139464345656,Acc8_hippocampus_ST_A_Ex;Acc8_hippocampus_ST_A_Ex_KD
Atg101,2,UP,2,0,0.3585854136081267,Acc8_hippocampus_ST_A_Ex;Acc8_hippocampus_ST_A_Ex_KD
Ly6c1,2,UP,2,0,0.3581784871782659,Acc3_brainstem_GLP_1;Acc5_nts_IP118_PY115
Bcap31,2,UP,2,0,0.358067305775,Acc11_hippocampus_Ex4;Acc11_hippocampus_Ex4_mTBI
Nono,2,UP,2,0,0.35806277517499996,Acc11_hippocampus_Ex4;Acc11_hippocampus_Ex4_mTBI
Mrpl46,2,UP,2,0,0.35751365476040053,Acc8_hippocampus_ST_A_Ex;Acc8_hippocampus_ST_A_Ex_KD
Rbis,2,UP,2,0,0.35726157472904885,Acc8_hippocampus_ST_A_Ex;Acc8_hippocampus_ST_A_Ex_KD
Nsun5,2,UP,2,0,0.3572144357563928,Acc8_hippocampus_ST_A_Ex;Acc8_hippocampus_ST_A_Ex_KD
Krtcap2,2,UP,2,0,0.35699401175186357,Acc8_hippocampus_ST_A_Ex;Acc8_hippocampus_ST_A_Ex_KD
Gpr61,2,UP,2,0,0.3568537769194134,Acc8_hippocampus_ST_A_Ex;Acc8_hippocampus_ST_A_Ex_KD
Ntrk2,2,UP,2,0,0.3568160581972589,Acc11_hippocampus_Ex4_mTBI;Acc3_brainstem_GLP_1_MK_801
Esrra,2,UP,2,0,0.3567768602414755,Acc8_hippocampus_ST_A_Ex;Acc8_hippocampus_ST_A_Ex_KD
Ten1,2,UP,2,0,0.35621706851796425,Acc8_hippocampus_ST_A_Ex;Acc8_hippocampus_ST_A_Ex_KD
Fndc4,2,UP,2,0,0.35593906107614054,Acc8_hippocampus_ST_A_Ex;Acc8_hippocampus_ST_A_Ex_KD
Fhl2,2,UP,2,0,0.35485854158464963,Acc8_hippocampus_ST_A_Ex;Acc8_hippocampus_ST_A_Ex_KD
Eml2,2,UP,2,0,0.35473312112555905,Acc8_hippocampus_ST_A_Ex;Acc8_hippocampus_ST_A_Ex_KD
Dnlz,2,UP,2,0,0.3546442960727889,Acc8_hippocampus_ST_A_Ex;Acc8_hippocampus_ST_A_Ex_KD
Map2k6,2,UP,2,0,0.35443163802625477,Acc3_hypothalamus_GLP_1_MK_801;Acc3_hypothalamus_conjugate_2
Frg1,2,UP,2,0,0.35380137189420713,Acc8_hippocampus_ST_A_Ex;Acc8_hippocampus_ST_A_Ex_KD
Pmm1,2,UP,2,0,0.35341827737926085,Acc8_hippocampus_ST_A_Ex;Acc8_hippocampus_ST_A_Ex_KD
Sec11a,2,UP,2,0,0.35308940376860615,Acc8_hippocampus_ST_A_Ex;Acc8_hippocampus_ST_A_Ex_KD
Lmna,2,UP,2,0,0.3528167878449434,Acc8_hippocampus_ST_A_Ex;Acc8_hippocampus_ST_A_Ex_KD
Uap1l1,2,UP,2,0,0.3523400082201492,Acc8_hippocampus_ST_A_Ex;Acc8_hippocampus_ST_A_Ex_KD
Rpl10a,2,UP,2,0,0.3517562280732933,Acc8_hippocampus_ST_A_Ex;Acc8_hippocampus_ST_A_Ex_KD
Mrpl12,2,UP,2,0,0.35172609597692095,Acc8_hippocampus_ST_A_Ex;Acc8_hippocampus_ST_A_Ex_KD
Alyref,2,UP,2,0,0.3516293867978244,Acc8_hippocampus_ST_A_Ex;Acc8_hippocampus_ST_A_Ex_KD
Nol7,2,UP,2,0,0.3507684761820004,Acc8_hippocampus_ST_A_Ex;Acc8_hippocampus_ST_A_Ex_KD
Dedd,2,UP,2,0,0.35025185775,Acc11_hippocampus_Ex4;Acc11_hippocampus_Ex4_mTBI
S100b,2,UP,2,0,0.3502407903987311,Acc11_hippocampus_Ex4_mTBI;Acc8_hippocampus_ST_A_Ex
Gadd45gip1,2,UP,2,0,0.3497612134260518,Acc8_hippocampus_ST_A_Ex;Acc8_hippocampus_ST_A_Ex_KD
Ptgr2,2,UP,2,0,0.34948941716499976,Acc3_hypothalamus_GLP_1_MK_801;Acc3_hypothalamus_conjugate_2
Emc4,2,UP,2,0,0.34889379633911655,Acc8_hippocampus_ST_A_Ex;Acc8_hippocampus_ST_A_Ex_KD
Mthfd1l,2,UP,2,0,0.3487705019129951,Acc8_frontalcortex_ST_A_Ex_KD;Acc8_hippocampus_ST_A_Ex_KD
Ddx21,2,UP,2,0,0.34871175685,Acc11_hippocampus_Ex4;Acc11_hippocampus_Ex4_mTBI
Sdk2,2,UP,2,0,0.34851768117592075,Acc3_brainstem_GLP_1_MK_801;Acc3_hypothalamus_conjugate_2
Tmem234,2,UP,2,0,0.3483941587597949,Acc8_hippocampus_ST_A_Ex;Acc8_hippocampus_ST_A_Ex_KD
Triap1,2,UP,2,0,0.34695649245628046,Acc8_hippocampus_ST_A_Ex;Acc8_hippocampus_ST_A_Ex_KD
Scn1b,2,UP,2,0,0.34684293450355114,Acc8_hippocampus_ST_A_Ex;Acc8_hippocampus_ST_A_Ex_KD
Exosc4,2,UP,2,0,0.3467026568830882,Acc8_hippocampus_ST_A_Ex;Acc8_hippocampus_ST_A_Ex_KD
Timm44,2,UP,2,0,0.34670202532271766,Acc8_hippocampus_ST_A_Ex;Acc8_hippocampus_ST_A_Ex_KD
Antkmt,2,UP,2,0,0.34663822368166985,Acc8_hippocampus_ST_A_Ex;Acc8_hippocampus_ST_A_Ex_KD
Ddt,2,UP,2,0,0.34661304545000005,Acc11_hippocampus_Ex4;Acc11_hippocampus_Ex4_mTBI
Rab4b,2,UP,2,0,0.3459064503799182,Acc8_hippocampus_ST_A_Ex;Acc8_hippocampus_ST_A_Ex_KD
Dnajc16,2,UP,2,0,0.345694759575,Acc11_hippocampus_Ex4;Acc11_hippocampus_Ex4_mTBI
Sap30l,2,UP,2,0,0.34558889081020083,Acc8_hippocampus_ST_A_Ex;Acc8_hippocampus_ST_A_Ex_KD
Bcl7c,2,UP,2,0,0.34475923261886804,Acc8_hippocampus_ST_A_Ex;Acc8_hippocampus_ST_A_Ex_KD
Trappc2l,2,UP,2,0,0.34473010822904593,Acc8_hippocampus_ST_A_Ex;Acc8_hippocampus_ST_A_Ex_KD
Snca,2,UP,2,0,0.34400763344260415,Acc8_hippocampus_ST_A_Ex;Acc8_hippocampus_ST_A_Ex_KD
Polr2i,2,UP,2,0,0.3432733187075598,Acc3_brainstem_GLP_1;Acc8_hippocampus_ST_A_Ex
Psma4,2,UP,2,0,0.34311670363134095,Acc8_hippocampus_ST_A_Ex;Acc8_hippocampus_ST_A_Ex_KD
Kcnn2,2,UP,2,0,0.34290314423240076,Acc5_pvn_IP118_PY115;Acc8_hippocampus_ST_A_Ex_KD
Nsa2,2,UP,2,0,0.342890040771907,Acc8_hippocampus_ST_A_Ex;Acc8_hippocampus_ST_A_Ex_KD
Gps2,2,UP,2,0,0.3426839684526247,Acc8_hippocampus_ST_A_Ex;Acc8_hippocampus_ST_A_Ex_KD
Ptprs,2,UP,2,0,0.34243172015,Acc11_hippocampus_Ex4;Acc11_hippocampus_Ex4_mTBI
Cd3eap,2,UP,2,0,0.34224714599627004,Acc3_hypothalamus_GLP_1_MK_801;Acc8_hippocampus_ST_A_Ex
Arl2,2,UP,2,0,0.3422390157010621,Acc8_hippocampus_ST_A_Ex;Acc8_hippocampus_ST_A_Ex_KD
Ezr,2,UP,2,0,0.342212825661036,Acc3_hypothalamus_GLP_1_MK_801;Acc5_pvn_IP118_PY115
Chchd1,2,UP,2,0,0.34180215950648807,Acc8_hippocampus_ST_A_Ex;Acc8_hippocampus_ST_A_Ex_KD
Fam214b,2,UP,2,0,0.34152249111955046,Acc8_hippocampus_ST_A_Ex;Acc8_hippocampus_ST_A_Ex_KD
Fn3k,2,UP,2,0,0.3410199125917795,Acc8_hippocampus_ST_A_Ex;Acc8_hippocampus_ST_A_Ex_KD
Tmem218,2,UP,2,0,0.34094948635089306,Acc8_hippocampus_ST_A_Ex;Acc8_hippocampus_ST_A_Ex_KD
Chchd4,2,UP,2,0,0.33997119416880456,Acc8_hippocampus_ST_A_Ex;Acc8_hippocampus_ST_A_Ex_KD
Wdr46,2,UP,2,0,0.33989700330765793,Acc8_hippocampus_ST_A_Ex;Acc8_hippocampus_ST_A_Ex_KD
Eml3,2,UP,2,0,0.3397215097614106,Acc8_hippocampus_ST_A_Ex;Acc8_hippocampus_ST_A_Ex_KD
Emd,2,UP,2,0,0.3394524314895066,Acc8_hippocampus_ST_A_Ex;Acc8_hippocampus_ST_A_Ex_KD
Mex3b,2,UP,2,0,0.3381060735811364,Acc3_brainstem_GLP_1_MK_801;Acc8_frontalcortex_ST_A_Ex_KD
Dnajc14,2,UP,2,0,0.3374761448910182,Acc8_hippocampus_ST_A_Ex;Acc8_hippocampus_ST_A_Ex_KD
Sdr39u1,2,UP,2,0,0.33668927567899165,Acc8_hippocampus_ST_A_Ex;Acc8_hippocampus_ST_A_Ex_KD
Gm10654,2,UP,2,0,0.3366538909379531,Acc3_brainstem_GLP_1;Acc8_hippocampus_ST_A_Ex
Nab2,2,UP,2,0,0.3359848894593672,Acc8_hippocampus_ST_A_Ex;Acc8_hippocampus_ST_A_Ex_KD
Mettl22,2,UP,2,0,0.33579653479940835,Acc8_hippocampus_ST_A_Ex;Acc8_hippocampus_ST_A_Ex_KD
Dmac1,2,UP,2,0,0.3355897241801782,Acc8_hippocampus_ST_A_Ex;Acc8_hippocampus_ST_A_Ex_KD
Cdh6,2,UP,1,1,0.33510152570521223,Acc3_hypothalamus_GLP_1_MK_801;Acc5_pvn_IP118_PY115
Dnajc19,2,UP,2,0,0.3344625153497949,Acc8_hippocampus_ST_A_Ex;Acc8_hippocampus_ST_A_Ex_KD
Smad1,2,UP,2,0,0.3343850430579526,Acc11_hippocampus_Ex4;Acc5_pvn_IP118_PY115
Aamp,2,UP,2,0,0.3341579787717194,Acc8_hippocampus_ST_A_Ex;Acc8_hippocampus_ST_A_Ex_KD
Cbl,2,UP,2,0,0.3337476569859119,Acc3_brainstem_GLP_1_MK_801;Acc5_pvn_IP118_PY115
Ptp4a3,2,UP,2,0,0.33370196993145895,Acc8_hippocampus_ST_A_Ex;Acc8_hippocampus_ST_A_Ex_KD
Nsg2,2,UP,2,0,0.33263018239051767,Acc8_hippocampus_ST_A_Ex;Acc8_hippocampus_ST_A_Ex_KD
Borcs6,2,UP,2,0,0.3322884227412828,Acc8_hippocampus_ST_A_Ex;Acc8_hippocampus_ST_A_Ex_KD
Srcap,2,UP,2,0,0.33203954628379545,Acc3_brainstem_GLP_1_MK_801;Acc3_hypothalamus_GLP_1_MK_801
Rabac1,2,UP,2,0,0.3313446845052469,Acc8_hippocampus_ST_A_Ex;Acc8_hippocampus_ST_A_Ex_KD
Nop56,2,UP,2,0,0.3313207492507355,Acc8_hippocampus_ST_A_Ex;Acc8_hippocampus_ST_A_Ex_KD
Trim41,2,UP,2,0,0.33108420726496257,Acc8_hippocampus_ST_A_Ex;Acc8_hippocampus_ST_A_Ex_KD
Megf6,2,UP,2,0,0.33079535874152305,Acc3_brainstem_GLP_1;Acc3_brainstem_GLP_1_MK_801
Tnfrsf12a,2,UP,1,1,0.33070758580811505,Acc10_hippocampus_Exendin4;Acc5_nts_IP118_PY115
Rnf5,2,UP,2,0,0.3305348443169983,Acc8_hippocampus_ST_A_Ex;Acc8_hippocampus_ST_A_Ex_KD
Tex2,2,UP,2,0,0.3304230165,Acc11_hippocampus_Ex4;Acc11_hippocampus_Ex4_mTBI
Chmp6,2,UP,2,0,0.3300554413158828,Acc8_hippocampus_ST_A_Ex;Acc8_hippocampus_ST_A_Ex_KD
Cadm4,2,UP,2,0,0.3296153652268215,Acc8_hippocampus_ST_A_Ex;Acc8_hippocampus_ST_A_Ex_KD
B3gntl1,2,UP,2,0,0.3288863163999802,Acc8_hippocampus_ST_A_Ex;Acc8_hippocampus_ST_A_Ex_KD
Mvk,2,UP,2,0,0.3283737211311646,Acc8_hippocampus_ST_A_Ex;Acc8_hippocampus_ST_A_Ex_KD
Carmil1,2,UP,2,0,0.3280660440210943,Acc3_hypothalamus_GLP_1_MK_801;Acc5_pvn_IP118_PY115
Tmem251,2,UP,2,0,0.328050582875,Acc11_hippocampus_Ex4;Acc11_hippocampus_Ex4_mTBI
Pcdhgb6,2,UP,2,0,0.3280277663977092,Acc3_hypothalamus_GLP_1_MK_801;Acc3_hypothalamus_conjugate_2
Aff1,2,UP,2,0,0.32772203419527046,Acc3_brainstem_GLP_1_MK_801;Acc3_hypothalamus_GLP_1_MK_801
Sf3a3,2,UP,2,0,0.3276587617047273,Acc8_hippocampus_ST_A_Ex;Acc8_hippocampus_ST_A_Ex_KD
Neat1,2,UP,1,1,0.32743911371689405,Acc3_brainstem_GLP_1_MK_801;Acc8_hippocampus_ST_A_Ex
Ndufab1,2,UP,2,0,0.3272977900398708,Acc8_hippocampus_ST_A_Ex;Acc8_hippocampus_ST_A_Ex_KD
Slc9a5,2,UP,2,0,0.32656227298912305,Acc8_hippocampus_ST_A_Ex;Acc8_hippocampus_ST_A_Ex_KD
Zfp428,2,UP,2,0,0.3262573556804399,Acc8_hippocampus_ST_A_Ex;Acc8_hippocampus_ST_A_Ex_KD
Fuz,2,UP,2,0,0.32602288584923267,Acc3_brainstem_GLP_1;Acc8_hippocampus_ST_A_Ex
Cdc37,2,UP,2,0,0.325634966530002,Acc8_hippocampus_ST_A_Ex;Acc8_hippocampus_ST_A_Ex_KD
Fam151b,2,UP,2,0,0.3255847575304436,Acc8_hippocampus_ST_A_Ex;Acc8_hippocampus_ST_A_Ex_KD
Clpp,2,UP,2,0,0.3253979754893199,Acc8_hippocampus_ST_A_Ex;Acc8_hippocampus_ST_A_Ex_KD
Ppan,2,UP,2,0,0.32502863735273535,Acc8_hippocampus_ST_A_Ex;Acc8_hippocampus_ST_A_Ex_KD
Pitpnm2,2,UP,2,0,0.3248958412814978,Acc3_hypothalamus_GLP_1_MK_801;Acc5_pvn_IP118_PY115
Atp23,2,UP,2,0,0.3247278611557511,Acc8_hippocampus_ST_A_Ex;Acc8_hippocampus_ST_A_Ex_KD
Ogg1,2,UP,2,0,0.3245063759143515,Acc8_hippocampus_ST_A_Ex;Acc8_hippocampus_ST_A_Ex_KD
Riox2,2,UP,2,0,0.32320325213181544,Acc8_hippocampus_ST_A_Ex;Acc8_hippocampus_ST_A_Ex_KD
Smu1,2,UP,2,0,0.323149253525,Acc11_hippocampus_Ex4;Acc11_hippocampus_Ex4_mTBI
Inpp5d,2,UP,2,0,0.32300250539610353,Acc3_brainstem_GLP_1_MK_801;Acc3_hypothalamus_GLP_1_MK_801
Loc118568581,2,UP,2,0,0.32276660521713474,Acc8_hippocampus_ST_A_Ex;Acc8_hippocampus_ST_A_Ex_KD
Fubp3,2,UP,2,0,0.3215819004981145,Acc8_hippocampus_ST_A_Ex;Acc8_hippocampus_ST_A_Ex_KD
Tspoap1,2,UP,2,0,0.3214774070365616,Acc8_hippocampus_ST_A_Ex;Acc8_hippocampus_ST_A_Ex_KD
Ing4,2,UP,2,0,0.32141461585,Acc11_hippocampus_Ex4;Acc11_hippocampus_Ex4_mTBI
Atp5d,2,UP,2,0,0.3209512332684309,Acc8_hippocampus_ST_A_Ex;Acc8_hippocampus_ST_A_Ex_KD
Ccdc115,2,UP,2,0,0.32063157419877336,Acc8_hippocampus_ST_A_Ex;Acc8_hippocampus_ST_A_Ex_KD
Tbc1d8,2,UP,2,0,0.320436850275,Acc11_hippocampus_Ex4;Acc11_hippocampus_Ex4_mTBI
Tceal9,2,UP,2,0,0.32036191243159157,Acc8_hippocampus_ST_A_Ex;Acc8_hippocampus_ST_A_Ex_KD
Stmn3,2,UP,2,0,0.3200132445181691,Acc8_hippocampus_ST_A_Ex;Acc8_hippocampus_ST_A_Ex_KD
Rps6kb2,2,UP,2,0,0.3197774797973677,Acc3_brainstem_GLP_1;Acc8_hippocampus_ST_A_Ex
Spen,2,UP,2,0,0.31968414824144187,Acc3_brainstem_GLP_1_MK_801;Acc3_hypothalamus_GLP_1_MK_801
Farsa,2,UP,2,0,0.31968337374244354,Acc8_hippocampus_ST_A_Ex;Acc8_hippocampus_ST_A_Ex_KD
Dnajc4,2,UP,2,0,0.31962489659749593,Acc8_hippocampus_ST_A_Ex;Acc8_hippocampus_ST_A_Ex_KD
Atp6v0b,2,UP,2,0,0.31960146915260923,Acc8_hippocampus_ST_A_Ex;Acc8_hippocampus_ST_A_Ex_KD
Fam131a,2,UP,2,0,0.31922324324515017,Acc8_hippocampus_ST_A_Ex;Acc8_hippocampus_ST_A_Ex_KD
Ramp2,2,UP,2,0,0.31910655111617103,Acc3_brainstem_GLP_1;Acc3_hypothalamus_GLP_1_MK_801
Trafd1,2,UP,2,0,0.3181550403684541,Acc8_hippocampus_ST_A_Ex;Acc8_hippocampus_ST_A_Ex_KD
Dmap1,2,UP,2,0,0.3175432776128596,Acc8_hippocampus_ST_A_Ex;Acc8_hippocampus_ST_A_Ex_KD
Eef1akmt2,2,UP,2,0,0.3174276367718428,Acc8_hippocampus_ST_A_Ex;Acc8_hippocampus_ST_A_Ex_KD
Sarnp,2,UP,2,0,0.31691055689344005,Acc8_hippocampus_ST_A_Ex;Acc8_hippocampus_ST_A_Ex_KD
Polr2g,2,UP,2,0,0.316714500050001,Acc11_hippocampus_Ex4;Acc11_hippocampus_Ex4_mTBI
Tmem50a,2,UP,2,0,0.3165472848828282,Acc8_hippocampus_ST_A_Ex;Acc8_hippocampus_ST_A_Ex_KD
Nfu1,2,UP,2,0,0.3160724746776499,Acc8_hippocampus_ST_A_Ex;Acc8_hippocampus_ST_A_Ex_KD
Mccc2,2,UP,2,0,0.31596941518475335,Acc8_hippocampus_ST_A_Ex;Acc8_hippocampus_ST_A_Ex_KD
Limd2,2,UP,2,0,0.3155749497984587,Acc8_hippocampus_ST_A_Ex;Acc8_hippocampus_ST_A_Ex_KD
Chchd10,2,UP,2,0,0.31551389922805545,Acc3_hypothalamus_GLP_1_MK_801;Acc8_hippocampus_ST_A_Ex_KD
Nrcam,2,UP,2,0,0.31545524140864195,Acc3_brainstem_GLP_1_MK_801;Acc3_hypothalamus_conjugate_2
Plpp1,2,UP,2,0,0.31501541624173285,Acc8_frontalcortex_ST_A_Ex;Acc8_hippocampus_ST_A_Ex
Fam3a,2,UP,2,0,0.3139756163650014,Acc8_hippocampus_ST_A_Ex;Acc8_hippocampus_ST_A_Ex_KD
Ly6h,2,UP,2,0,0.31361872452804684,Acc8_hippocampus_ST_A_Ex;Acc8_hippocampus_ST_A_Ex_KD
Cenpb,2,UP,2,0,0.31336413553414266,Acc8_hippocampus_ST_A_Ex;Acc8_hippocampus_ST_A_Ex_KD
Lrrfip1,2,UP,2,0,0.3130211763243434,Acc8_hippocampus_ST_A_Ex;Acc8_hippocampus_ST_A_Ex_KD
Selenos,2,UP,2,0,0.3127496785046189,Acc8_hippocampus_ST_A_Ex;Acc8_hippocampus_ST_A_Ex_KD
Mycl,2,UP,2,0,0.31266733095101895,Acc3_hypothalamus_GLP_1_MK_801;Acc8_frontalcortex_ST_A_Ex_KD
Hars,2,UP,2,0,0.31260315664029914,Acc8_hippocampus_ST_A_Ex;Acc8_hippocampus_ST_A_Ex_KD
Rtca,2,UP,2,0,0.3123125432316975,Acc8_hippocampus_ST_A_Ex;Acc8_hippocampus_ST_A_Ex_KD
Basp1,2,UP,2,0,0.3122520556914515,Acc8_hippocampus_ST_A_Ex;Acc8_hippocampus_ST_A_Ex_KD
Mrfap1,2,UP,2,0,0.3121133485308806,Acc8_hippocampus_ST_A_Ex;Acc8_hippocampus_ST_A_Ex_KD
Rpl15,2,UP,2,0,0.31193944201863366,Acc8_hippocampus_ST_A_Ex;Acc8_hippocampus_ST_A_Ex_KD
Idh3b,2,UP,2,0,0.3118535368212567,Acc8_hippocampus_ST_A_Ex;Acc8_hippocampus_ST_A_Ex_KD
Nfkbib,2,UP,2,0,0.3113669005837528,Acc3_hypothalamus_GLP_1_MK_801;Acc8_hippocampus_ST_A_Ex
Arc,2,UP,1,1,0.3113092827825481,Acc3_brainstem_GLP_1;Acc5_pvn_IP118_PY115
Stab1,2,UP,2,0,0.3109735408042261,Acc3_brainstem_GLP_1;Acc3_hypothalamus_GLP_1_MK_801
Eef2k,2,UP,2,0,0.31074009085936105,Acc8_hippocampus_ST_A_Ex;Acc8_hippocampus_ST_A_Ex_KD
Eif1ad,2,UP,2,0,0.310724957714435,Acc8_hippocampus_ST_A_Ex;Acc8_hippocampus_ST_A_Ex_KD
Fn3krp,2,UP,2,0,0.3098444752469167,Acc8_hippocampus_ST_A_Ex;Acc8_hippocampus_ST_A_Ex_KD
Hcfc1r1,2,UP,2,0,0.3095456063428935,Acc8_hippocampus_ST_A_Ex;Acc8_hippocampus_ST_A_Ex_KD
Sulf2,2,UP,2,0,0.30938737698551144,Acc3_brainstem_GLP_1_MK_801;Acc3_hypothalamus_GLP_1_MK_801
Chpf2,2,UP,2,0,0.30922007860725764,Acc8_hippocampus_ST_A_Ex;Acc8_hippocampus_ST_A_Ex_KD
Taf11,2,UP,2,0,0.309098722318054,Acc8_hippocampus_ST_A_Ex;Acc8_hippocampus_ST_A_Ex_KD
5730409e04rik,2,UP,2,0,0.3088273509408806,Acc8_hippocampus_ST_A_Ex;Acc8_hippocampus_ST_A_Ex_KD
Arpc4,2,UP,2,0,0.308188889524542,Acc8_hippocampus_ST_A_Ex;Acc8_hippocampus_ST_A_Ex_KD
Mapre3,2,UP,2,0,0.30810278727499996,Acc11_hippocampus_Ex4;Acc11_hippocampus_Ex4_mTBI
Top1mt,2,UP,2,0,0.30806121264572794,Acc8_hippocampus_ST_A_Ex;Acc8_hippocampus_ST_A_Ex_KD
Urm1,2,UP,2,0,0.30798972721723694,Acc8_hippocampus_ST_A_Ex;Acc8_hippocampus_ST_A_Ex_KD
Pak1,2,UP,2,0,0.307126404775,Acc11_hippocampus_Ex4;Acc11_hippocampus_Ex4_mTBI
Fam50a,2,UP,2,0,0.3067982122927222,Acc8_hippocampus_ST_A_Ex;Acc8_hippocampus_ST_A_Ex_KD
Wdr74,2,UP,2,0,0.3067717996519574,Acc8_hippocampus_ST_A_Ex;Acc8_hippocampus_ST_A_Ex_KD
Grhpr,2,UP,2,0,0.30586070507318425,Acc8_hippocampus_ST_A_Ex;Acc8_hippocampus_ST_A_Ex_KD
Trank1,2,UP,2,0,0.3054432669064965,Acc8_hippocampus_ST_A_Ex;Acc8_hippocampus_ST_A_Ex_KD
Dpf3,2,UP,2,0,0.3052649070208867,Acc3_brainstem_GLP_1_MK_801;Acc3_hypothalamus_GLP_1_MK_801
Herc2,2,UP,2,0,0.3050759562357589,Acc3_brainstem_GLP_1_MK_801;Acc8_hippocampus_ST_A_Ex_KD
Abhd16a,2,UP,2,0,0.30507162287626083,Acc8_hippocampus_ST_A_Ex;Acc8_hippocampus_ST_A_Ex_KD
Arhgef25,2,UP,2,0,0.3050262335517838,Acc8_hippocampus_ST_A_Ex;Acc8_hippocampus_ST_A_Ex_KD
Leng8,2,UP,2,0,0.30472325691800317,Acc8_hippocampus_ST_A_Ex;Acc8_hippocampus_ST_A_Ex_KD
Ltk,2,UP,2,0,0.3046444570185419,Acc3_brainstem_GLP_1;Acc8_hippocampus_ST_A_Ex
Arl16,2,UP,2,0,0.3044925774496301,Acc8_hippocampus_ST_A_Ex;Acc8_hippocampus_ST_A_Ex_KD
Cndp2,2,UP,2,0,0.30376740320469564,Acc8_hippocampus_ST_A_Ex;Acc8_hippocampus_ST_A_Ex_KD
Eif1b,2,UP,2,0,0.3035153885533488,Acc8_hippocampus_ST_A_Ex;Acc8_hippocampus_ST_A_Ex_KD
Miip,2,UP,2,0,0.3033224614772994,Acc3_brainstem_GLP_1;Acc8_hippocampus_ST_A_Ex
Ranbp1,2,UP,2,0,0.30331400653642515,Acc8_hippocampus_ST_A_Ex;Acc8_hippocampus_ST_A_Ex_KD
Prrc2c,2,UP,2,0,0.30318583859249654,Acc3_brainstem_GLP_1_MK_801;Acc3_hypothalamus_GLP_1_MK_801
Hagh,2,UP,2,0,0.3029520376943384,Acc8_hippocampus_ST_A_Ex;Acc8_hippocampus_ST_A_Ex_KD
Armcx6,2,UP,2,0,0.3023979567113593,Acc3_hypothalamus_GLP_1_MK_801;Acc8_hippocampus_ST_A_Ex
Gas8,2,UP,2,0,0.30238815459681523,Acc8_hippocampus_ST_A_Ex;Acc8_hippocampus_ST_A_Ex_KD
Kcnj9,2,UP,2,0,0.3021394474283522,Acc8_hippocampus_ST_A_Ex;Acc8_hippocampus_ST_A_Ex_KD
Atp2b4,2,UP,2,0,0.3010788638290164,Acc3_brainstem_GLP_1_MK_801;Acc3_hypothalamus_GLP_1_MK_801
A330009n23rik,2,UP,2,0,0.30077837043779915,Acc8_hippocampus_ST_A_Ex;Acc8_hippocampus_ST_A_Ex_KD
Sncb,2,UP,2,0,0.3003061494203936,Acc8_hippocampus_ST_A_Ex;Acc8_hippocampus_ST_A_Ex_KD
Ubxn11,2,UP,2,0,0.3000063839679258,Acc3_hypothalamus_GLP_1_MK_801;Acc8_hippocampus_ST_A_Ex
Gstm4,2,UP,2,0,0.29897697696638836,Acc8_hippocampus_ST_A_Ex;Acc8_hippocampus_ST_A_Ex_KD
Usp4,2,UP,2,0,0.29896061127499995,Acc11_hippocampus_Ex4;Acc11_hippocampus_Ex4_mTBI
Ogfr,2,UP,2,0,0.29888028328863425,Acc8_hippocampus_ST_A_Ex;Acc8_hippocampus_ST_A_Ex_KD
Nat9,2,UP,2,0,0.29871072326243864,Acc3_brainstem_GLP_1;Acc8_frontalcortex_ST_A_Ex
Aen,2,UP,2,0,0.2986127137417648,Acc8_hippocampus_ST_A_Ex;Acc8_hippocampus_ST_A_Ex_KD
Rgs6,2,UP,2,0,0.29843320149771185,Acc3_brainstem_GLP_1_MK_801;Acc3_hypothalamus_conjugate_2
Snx32,2,UP,2,0,0.2982426574542132,Acc8_hippocampus_ST_A_Ex;Acc8_hippocampus_ST_A_Ex_KD
Coro1b,2,UP,2,0,0.2982288120343828,Acc8_hippocampus_ST_A_Ex;Acc8_hippocampus_ST_A_Ex_KD
Usp10,2,UP,2,0,0.2981633318,Acc11_hippocampus_Ex4;Acc11_hippocampus_Ex4_mTBI
Dscam,2,UP,2,0,0.2979228974329903,Acc3_brainstem_GLP_1_MK_801;Acc3_hypothalamus_GLP_1_MK_801
Ube2s,2,UP,2,0,0.297915315368885,Acc8_hippocampus_ST_A_Ex;Acc8_hippocampus_ST_A_Ex_KD
Nt5c3,2,UP,2,0,0.2964022970788084,Acc3_brainstem_GLP_1;Acc8_hypothalamus_LT_A_Ex
Pcyt2,2,UP,2,0,0.29565549739864444,Acc8_hippocampus_ST_A_Ex;Acc8_hippocampus_ST_A_Ex_KD
Zfp112,2,UP,2,0,0.2952733194708145,Acc8_hippocampus_ST_A_Ex;Acc8_hippocampus_ST_A_Ex_KD
U2af1,2,UP,2,0,0.2946875085731943,Acc8_hippocampus_ST_A_Ex;Acc8_hippocampus_ST_A_Ex_KD
Aaas,2,UP,2,0,0.2946812284453,Acc8_hippocampus_ST_A_Ex;Acc8_hippocampus_ST_A_Ex_KD
Firre,2,UP,2,0,0.294618587049486,Acc8_hippocampus_ST_A_Ex;Acc8_hippocampus_ST_A_Ex_KD
Tedc2,2,UP,2,0,0.2943782224023246,Acc8_hippocampus_ST_A_Ex;Acc8_hippocampus_ST_A_Ex_KD
Actr8,2,UP,2,0,0.29436110950686856,Acc8_hippocampus_ST_A_Ex;Acc8_hippocampus_ST_A_Ex_KD
H2az1,2,UP,2,0,0.29435505368998244,Acc8_hippocampus_ST_A_Ex;Acc8_hippocampus_ST_A_Ex_KD
Aarsd1,2,UP,2,0,0.2941131401898973,Acc8_hippocampus_ST_A_Ex;Acc8_hippocampus_ST_A_Ex_KD
Mrpl30,2,UP,2,0,0.29367665905266366,Acc8_hippocampus_ST_A_Ex;Acc8_hippocampus_ST_A_Ex_KD
Usp54,2,UP,2,0,0.29303158594268086,Acc5_nts_IP118_PY115;Acc5_pvn_IP118_PY115
Nudt18,2,UP,2,0,0.29298462437332135,Acc8_hippocampus_ST_A_Ex;Acc8_hippocampus_ST_A_Ex_KD
Aatf,2,UP,2,0,0.29269459267767056,Acc8_hippocampus_ST_A_Ex;Acc8_hippocampus_ST_A_Ex_KD
Pfkl,2,UP,2,0,0.29245444650660257,Acc8_hippocampus_ST_A_Ex;Acc8_hippocampus_ST_A_Ex_KD
Trappc5,2,UP,2,0,0.2923121968365525,Acc8_hippocampus_ST_A_Ex;Acc8_hippocampus_ST_A_Ex_KD
Prss36,2,UP,2,0,0.2912812408574138,Acc8_hippocampus_ST_A_Ex;Acc8_hippocampus_ST_A_Ex_KD
Cyp4f13,2,UP,2,0,0.2912384000783067,Acc3_hypothalamus_GLP_1_MK_801;Acc3_hypothalamus_conjugate_2
Nxpe3,2,UP,2,0,0.2909134403840191,Acc8_frontalcortex_ST_A_Ex;Acc8_frontalcortex_ST_A_Ex_KD
Thy1,2,UP,2,0,0.2905671065929363,Acc8_hippocampus_ST_A_Ex;Acc8_hippocampus_ST_A_Ex_KD
Cwc27,2,UP,2,0,0.2902723490791618,Acc8_frontalcortex_LT_A_Ex;Acc8_hippocampus_ST_A_Ex_KD
Tmem159,2,UP,2,0,0.2897061999563325,Acc8_hippocampus_ST_A_Ex;Acc8_hippocampus_ST_A_Ex_KD
Ewsr1,2,UP,2,0,0.2891091168389618,Acc8_hippocampus_ST_A_Ex;Acc8_hippocampus_ST_A_Ex_KD
Ttc9b,2,UP,2,0,0.2887073858009457,Acc3_brainstem_GLP_1;Acc8_hippocampus_ST_A_Ex
Rxrb,2,UP,2,0,0.2884879357731609,Acc8_hippocampus_ST_A_Ex;Acc8_hippocampus_ST_A_Ex_KD
Mettl21a,2,UP,2,0,0.28828145689311946,Acc8_hippocampus_ST_A_Ex;Acc8_hippocampus_ST_A_Ex_KD
Sp7,2,UP,1,1,0.2877114823153858,Acc3_brainstem_GLP_1;Acc8_hypothalamus_LT_A_Ex
Ube2m,2,UP,2,0,0.2874430043635518,Acc8_hippocampus_ST_A_Ex;Acc8_hippocampus_ST_A_Ex_KD
Lemd2,2,UP,2,0,0.28730624052584564,Acc8_hippocampus_ST_A_Ex;Acc8_hippocampus_ST_A_Ex_KD
Ciz1,2,UP,2,0,0.286873959125,Acc11_hippocampus_Ex4;Acc11_hippocampus_Ex4_mTBI
Coro1a,2,UP,2,0,0.2867161783564416,Acc8_hippocampus_ST_A_Ex;Acc8_hippocampus_ST_A_Ex_KD
Bud23,2,UP,2,0,0.2866963180164148,Acc8_hippocampus_ST_A_Ex;Acc8_hippocampus_ST_A_Ex_KD
Atraid,2,UP,2,0,0.2866602116378629,Acc8_hippocampus_ST_A_Ex;Acc8_hippocampus_ST_A_Ex_KD
Thrsp,2,UP,2,0,0.28660591476808517,Acc8_hippocampus_ST_A_Ex;Acc8_hippocampus_ST_A_Ex_KD
Pgd,2,UP,2,0,0.28637076170991954,Acc8_hippocampus_ST_A_Ex;Acc8_hippocampus_ST_A_Ex_KD
Frs3,2,UP,2,0,0.28618846890793703,Acc8_hippocampus_ST_A_Ex;Acc8_hippocampus_ST_A_Ex_KD
Plekha4,2,UP,2,0,0.286157505245,Acc10_hippocampus_Ex4_Po_t_TBI;Acc10_hippocampus_Ex4_Pre_TBI
Lzts2,2,UP,2,0,0.2851827850178972,Acc3_brainstem_GLP_1;Acc8_hippocampus_ST_A_Ex
Pdcd2,2,UP,2,0,0.2847989133051979,Acc8_hippocampus_ST_A_Ex;Acc8_hippocampus_ST_A_Ex_KD
Ssna1,2,UP,2,0,0.2847356077483746,Acc8_frontalcortex_YA_Ex;Acc8_hippocampus_ST_A_Ex
Tex261,2,UP,2,0,0.284642160125,Acc11_hippocampus_Ex4;Acc11_hippocampus_Ex4_mTBI
D5ertd579e,2,UP,2,0,0.2841572719749995,Acc11_hippocampus_Ex4;Acc11_hippocampus_Ex4_mTBI
Txndc17,2,UP,2,0,0.2839964441353594,Acc8_hippocampus_ST_A_Ex;Acc8_hippocampus_ST_A_Ex_KD
Hmgb1,2,UP,2,0,0.2832461821772779,Acc8_hippocampus_ST_A_Ex;Acc8_hippocampus_ST_A_Ex_KD
Armcx4,2,UP,2,0,0.28309822636034154,Acc3_brainstem_GLP_1_MK_801;Acc8_hippocampus_ST_A_Ex_KD
Pex11b,2,UP,2,0,0.28144199349636756,Acc8_hippocampus_ST_A_Ex;Acc8_hippocampus_ST_A_Ex_KD
Timmdc1,2,UP,2,0,0.28134186348093704,Acc8_hippocampus_ST_A_Ex;Acc8_hippocampus_ST_A_Ex_KD
Phb2,2,UP,2,0,0.2811222179386393,Acc8_hippocampus_ST_A_Ex;Acc8_hippocampus_ST_A_Ex_KD
E430025e21rik,2,UP,2,0,0.2810052743,Acc11_hippocampus_Ex4;Acc11_hippocampus_Ex4_mTBI
Shisa4,2,UP,2,0,0.28099397020065203,Acc8_hippocampus_ST_A_Ex;Acc8_hippocampus_ST_A_Ex_KD
Spag7,2,UP,2,0,0.2807744367664904,Acc8_hippocampus_ST_A_Ex;Acc8_hippocampus_ST_A_Ex_KD
Mocs1,2,UP,2,0,0.2807481374924846,Acc8_hippocampus_ST_A_Ex;Acc8_hippocampus_ST_A_Ex_KD
Ralb,2,UP,2,0,0.2804147138094599,Acc8_hippocampus_ST_A_Ex;Acc8_hippocampus_ST_A_Ex_KD
Srp19,2,UP,2,0,0.2796316940607426,Acc8_hippocampus_ST_A_Ex;Acc8_hippocampus_ST_A_Ex_KD
Sec11c,2,UP,2,0,0.27925982221047263,Acc8_hippocampus_ST_A_Ex;Acc8_hippocampus_ST_A_Ex_KD
Oser1,2,UP,2,0,0.2789197299,Acc11_hippocampus_Ex4;Acc11_hippocampus_Ex4_mTBI
Smim10l2a,2,UP,2,0,0.27874305112379283,Acc8_hippocampus_ST_A_Ex;Acc8_hippocampus_ST_A_Ex_KD
Fndc10,2,UP,2,0,0.27826736216421416,Acc10_hippocampus_Exendin4;Acc8_frontalcortex_ST_A_Ex
Rpl22,2,UP,2,0,0.2780534841660164,Acc8_hippocampus_ST_A_Ex;Acc8_hippocampus_ST_A_Ex_KD
Klhdc3,2,UP,2,0,0.2780522956201505,Acc8_hippocampus_ST_A_Ex;Acc8_hippocampus_ST_A_Ex_KD
Aldoa,2,UP,2,0,0.277168900456721,Acc8_hippocampus_ST_A_Ex;Acc8_hippocampus_ST_A_Ex_KD
Larp6,2,UP,2,0,0.2766204268367092,Acc8_hippocampus_ST_A_Ex;Acc8_hippocampus_ST_A_Ex_KD
Psmc3ip,2,UP,2,0,0.2764835257836574,Acc8_hippocampus_ST_A_Ex;Acc8_hippocampus_ST_A_Ex_KD
Tfip11,2,UP,2,0,0.27631038636290817,Acc8_frontalcortex_ST_A_Ex_KD;Acc8_hippocampus_ST_A_Ex_KD
Tex264,2,UP,2,0,0.276248116844539,Acc8_hippocampus_ST_A_Ex;Acc8_hippocampus_ST_A_Ex_KD
Sumo3,2,UP,2,0,0.2759208784473315,Acc8_hippocampus_ST_A_Ex;Acc8_hippocampus_ST_A_Ex_KD
2410002f23rik,2,UP,2,0,0.27559585792508856,Acc8_hippocampus_ST_A_Ex;Acc8_hippocampus_ST_A_Ex_KD
Rap2b,2,UP,2,0,0.2754783553286518,Acc8_hippocampus_ST_A_Ex;Acc8_hippocampus_ST_A_Ex_KD
Irf5,2,UP,2,0,0.27538664840871907,Acc8_hippocampus_ST_A_Ex;Acc8_hippocampus_ST_A_Ex_KD
Ttll3,2,UP,2,0,0.27528043662576307,Acc3_brainstem_GLP_1;Acc3_hypothalamus_GLP_1_MK_801
Utp3,2,UP,2,0,0.275145256003937,Acc8_hippocampus_ST_A_Ex;Acc8_hippocampus_ST_A_Ex_KD
Maff,2,UP,1,1,0.27514320010768634,Acc3_hypothalamus_conjugate_2;Acc5_pvn_IP118_PY115
Nr2c2,2,UP,2,0,0.27495486862861307,Acc3_brainstem_GLP_1_MK_801;Acc3_hypothalamus_conjugate_2
Fen1,2,UP,2,0,0.274886573988815,Acc8_hippocampus_ST_A_Ex;Acc8_hippocampus_ST_A_Ex_KD
Gcdh,2,UP,2,0,0.2748498926396167,Acc8_hippocampus_ST_A_Ex;Acc8_hippocampus_ST_A_Ex_KD
Ergic3,2,UP,2,0,0.273906026478861,Acc8_hippocampus_ST_A_Ex;Acc8_hippocampus_ST_A_Ex_KD
Grik3,2,UP,2,0,0.27378845740753055,Acc3_brainstem_GLP_1_MK_801;Acc3_hypothalamus_GLP_1_MK_801
Ccdc159,2,UP,2,0,0.27372601371169075,Acc3_brainstem_GLP_1;Acc8_hippocampus_ST_A_Ex
Tmem186,2,UP,2,0,0.2735503796229303,Acc8_hippocampus_ST_A_Ex;Acc8_hippocampus_ST_A_Ex_KD
Gm26777,2,UP,2,0,0.2730707949271303,Acc8_hippocampus_ST_A_Ex;Acc8_hippocampus_ST_A_Ex_KD
Arid4a,2,UP,2,0,0.2728043816165935,Acc3_hypothalamus_GLP_1_MK_801;Acc8_frontalcortex_LT_A_Ex
Gm9899,2,UP,2,0,0.272598746928652,Acc3_brainstem_GLP_1_MK_801;Acc8_hippocampus_ST_A_Ex_KD
Prdm11,2,UP,2,0,0.2723693628963959,Acc3_brainstem_GLP_1_MK_801;Acc3_hypothalamus_conjugate_2
Otub1,2,UP,2,0,0.2722794138570336,Acc8_hippocampus_ST_A_Ex;Acc8_hippocampus_ST_A_Ex_KD
Chrd,2,UP,2,0,0.27225257311471407,Acc3_brainstem_GLP_1;Acc8_hippocampus_ST_A_Ex
Lhpp,2,UP,2,0,0.2719151684799117,Acc8_hippocampus_ST_A_Ex;Acc8_hippocampus_ST_A_Ex_KD
Gm14169,2,UP,2,0,0.27176688013201433,Acc3_brainstem_GLP_1;Acc8_hippocampus_ST_A_Ex
Mrpl18,2,UP,2,0,0.27140953695872927,Acc8_hippocampus_ST_A_Ex;Acc8_hippocampus_ST_A_Ex_KD
Car11,2,UP,2,0,0.27140253635513517,Acc3_hypothalamus_GLP_1_MK_801;Acc8_hippocampus_ST_A_Ex
Jrk,2,UP,2,0,0.27116262485010684,Acc3_brainstem_GLP_1_MK_801;Acc8_hippocampus_ST_A_Ex_KD
Xrcc1,2,UP,2,0,0.2707521412260673,Acc8_hippocampus_ST_A_Ex;Acc8_hippocampus_ST_A_Ex_KD
Tcof1,2,UP,2,0,0.27063537995,Acc11_hippocampus_Ex4;Acc11_hippocampus_Ex4_mTBI
Denr,2,UP,2,0,0.270045966072073,Acc8_hippocampus_ST_A_Ex;Acc8_hippocampus_ST_A_Ex_KD
Podxl2,2,UP,2,0,0.2697709057417968,Acc8_hippocampus_ST_A_Ex;Acc8_hippocampus_ST_A_Ex_KD
Lrrc61,2,UP,2,0,0.2696199704000172,Acc8_frontalcortex_ST_A_Ex_KD;Acc8_hippocampus_ST_A_Ex
Galk2,2,UP,2,0,0.26938692038329104,Acc8_hippocampus_ST_A_Ex;Acc8_hippocampus_ST_A_Ex_KD
Cpm,2,UP,2,0,0.2691313831393546,Acc3_brainstem_GLP_1_MK_801;Acc3_hypothalamus_GLP_1_MK_801
Dzip1l,2,UP,2,0,0.26902523960754493,Acc8_hippocampus_ST_A_Ex;Acc8_hippocampus_ST_A_Ex_KD
Zfp536,2,UP,2,0,0.2688639429241173,Acc3_brainstem_GLP_1_MK_801;Acc3_hypothalamus_conjugate_2
Loc118567348,2,UP,1,1,0.2687379804713986,Acc8_frontalcortex_ST_A_Ex;Acc8_hippocampus_ST_A_Ex
Cmc1,2,UP,2,0,0.2685472271105978,Acc8_hippocampus_ST_A_Ex_KD;Acc8_hypothalamus_LT_A_Ex
Pwwp3a,2,UP,2,0,0.2685287328645616,Acc8_hippocampus_ST_A_Ex;Acc8_hippocampus_ST_A_Ex_KD
Epm2a,2,UP,2,0,0.2682825684433473,Acc8_hippocampus_ST_A_Ex;Acc8_hippocampus_ST_A_Ex_KD
Hnrnpa0,2,UP,2,0,0.26784465702360366,Acc8_hippocampus_ST_A_Ex;Acc8_hippocampus_ST_A_Ex_KD
Ccl27a,2,UP,2,0,0.2671060942003701,Acc3_brainstem_GLP_1;Acc8_hippocampus_ST_A_Ex
Mgat3,2,UP,2,0,0.26699598575,Acc11_hippocampus_Ex4;Acc11_hippocampus_Ex4_mTBI
Mthfsd,2,UP,2,0,0.2668434773880744,Acc8_hippocampus_ST_A_Ex;Acc8_hippocampus_ST_A_Ex_KD
Cops7b,2,UP,2,0,0.26677201012404195,Acc11_hippocampus_Ex4_mTBI;Acc8_hippocampus_ST_A_Ex
Hadh,2,UP,2,0,0.26652549251262747,Acc8_hippocampus_ST_A_Ex;Acc8_hypothalamus_LT_A_Ex
Sh3bp5,2,UP,2,0,0.2664796918054498,Acc8_hippocampus_ST_A_Ex;Acc8_hippocampus_ST_A_Ex_KD
Tmub1,2,UP,2,0,0.2663817012202183,Acc8_hippocampus_ST_A_Ex;Acc8_hippocampus_ST_A_Ex_KD
Tkfc,2,UP,2,0,0.2660754040211237,Acc8_hippocampus_ST_A_Ex;Acc8_hippocampus_ST_A_Ex_KD
Efna3,2,UP,2,0,0.2658589868384955,Acc8_hippocampus_ST_A_Ex;Acc8_hippocampus_ST_A_Ex_KD
Erh,2,UP,2,0,0.2654999434418702,Acc8_hippocampus_ST_A_Ex;Acc8_hippocampus_ST_A_Ex_KD
Rrp36,2,UP,2,0,0.26524160565155586,Acc8_hippocampus_ST_A_Ex;Acc8_hippocampus_ST_A_Ex_KD
Alg5,2,UP,2,0,0.26444660725853025,Acc8_hippocampus_ST_A_Ex;Acc8_hippocampus_ST_A_Ex_KD
Meis3,2,UP,2,0,0.26439779819420706,Acc8_hippocampus_ST_A_Ex;Acc8_hippocampus_ST_A_Ex_KD
Gm45606,2,UP,2,0,0.264106733703445,Acc3_brainstem_GLP_1_MK_801;Acc3_hypothalamus_GLP_1_MK_801
Helq,2,UP,2,0,0.2640823422747392,Acc8_hippocampus_ST_A_Ex;Acc8_hippocampus_ST_A_Ex_KD
Kif1a,2,UP,2,0,0.2638368605524498,Acc3_brainstem_GLP_1_MK_801;Acc3_hypothalamus_conjugate_2
Golgb1,2,UP,2,0,0.2637585108758972,Acc3_hypothalamus_GLP_1_MK_801;Acc8_hippocampus_ST_A_Ex_KD
Afg3l2,2,UP,2,0,0.2637359316330545,Acc8_hippocampus_ST_A_Ex;Acc8_hippocampus_ST_A_Ex_KD
Cst3,2,UP,2,0,0.26366727670375584,Acc3_hypothalamus_GLP_1_MK_801;Acc8_hippocampus_ST_A_Ex
Adamts10,2,UP,2,0,0.26365136468503775,Acc3_brainstem_GLP_1;Acc8_hippocampus_ST_A_Ex
Bin1,2,UP,2,0,0.2636054939026872,Acc8_hippocampus_ST_A_Ex;Acc8_hippocampus_ST_A_Ex_KD
Cisd3,2,UP,2,0,0.2632415257149227,Acc3_brainstem_GLP_1;Acc8_hippocampus_ST_A_Ex
Atp6v0c,2,UP,2,0,0.26311741491607726,Acc11_hippocampus_Ex4_mTBI;Acc8_hippocampus_ST_A_Ex_KD
Hook2,2,UP,2,0,0.26255658069463506,Acc3_brainstem_GLP_1;Acc8_hippocampus_ST_A_Ex
Ctu2,2,UP,2,0,0.2622171572308019,Acc8_hippocampus_ST_A_Ex;Acc8_hippocampus_ST_A_Ex_KD
C1qbp,2,UP,2,0,0.2620210846213959,Acc8_hippocampus_ST_A_Ex;Acc8_hippocampus_ST_A_Ex_KD
Dnal4,2,UP,2,0,0.26182439715666755,Acc8_hippocampus_ST_A_Ex;Acc8_hippocampus_ST_A_Ex_KD
Necap2,2,UP,2,0,0.26173991983836264,Acc8_hippocampus_ST_A_Ex;Acc8_hippocampus_ST_A_Ex_KD
Morn4,2,UP,2,0,0.26159434668017933,Acc8_hippocampus_ST_A_Ex;Acc8_hippocampus_ST_A_Ex_KD
H3f3b,2,UP,2,0,0.2613942099314994,Acc8_hippocampus_ST_A_Ex;Acc8_hippocampus_ST_A_Ex_KD
Tigar,2,UP,2,0,0.26129790458979996,Acc8_hippocampus_ST_A_Ex;Acc8_hippocampus_ST_A_Ex_KD
Nup88,2,UP,2,0,0.261211670725,Acc11_hippocampus_Ex4;Acc11_hippocampus_Ex4_mTBI
Pink1,2,UP,2,0,0.26120966185721595,Acc8_hippocampus_ST_A_Ex;Acc8_hippocampus_ST_A_Ex_KD
Sh3bgrl3,2,UP,2,0,0.26080806093587333,Acc3_brainstem_GLP_1;Acc8_hippocampus_ST_A_Ex
Cdkn2d,2,UP,2,0,0.26063665316835577,Acc8_hippocampus_ST_A_Ex;Acc8_hippocampus_ST_A_Ex_KD
Vdac1,2,UP,2,0,0.260372715992907,Acc8_hippocampus_ST_A_Ex;Acc8_hippocampus_ST_A_Ex_KD
Yeats4,2,UP,2,0,0.2597635608984261,Acc8_hippocampus_ST_A_Ex;Acc8_hippocampus_ST_A_Ex_KD
Brd3os,2,UP,2,0,0.25931241182145465,Acc8_hippocampus_ST_A_Ex;Acc8_hippocampus_ST_A_Ex_KD
Srrd,2,UP,2,0,0.25907690783214865,Acc8_hippocampus_ST_A_Ex;Acc8_hippocampus_ST_A_Ex_KD
2310057m21rik,2,UP,2,0,0.2583385453270431,Acc8_hippocampus_ST_A_Ex;Acc8_hippocampus_ST_A_Ex_KD
Exph5,2,UP,1,1,0.25802300674795703,Acc3_hypothalamus_conjugate_2;Acc8_hippocampus_ST_A_Ex
Sfi1,2,UP,2,0,0.2580127733582635,Acc3_brainstem_GLP_1;Acc8_hippocampus_ST_A_Ex
Pald1,2,UP,2,0,0.25790383702146613,Acc8_hippocampus_ST_A_Ex;Acc8_hippocampus_ST_A_Ex_KD
Ggct,2,UP,2,0,0.25786571823493015,Acc8_hippocampus_ST_A_Ex;Acc8_hippocampus_ST_A_Ex_KD
H2-ke6,2,UP,2,0,0.25765415182011614,Acc3_brainstem_GLP_1;Acc8_hippocampus_ST_A_Ex
Trit1,2,UP,2,0,0.25763488994834477,Acc8_hippocampus_ST_A_Ex;Acc8_hippocampus_ST_A_Ex_KD
Azin2,2,UP,2,0,0.25753633120302155,Acc8_hippocampus_ST_A_Ex;Acc8_hippocampus_ST_A_Ex_KD
Gm33320,2,UP,2,0,0.25735851218501327,Acc8_hippocampus_ST_A_Ex;Acc8_hippocampus_ST_A_Ex_KD
Rbfa,2,UP,2,0,0.2572138027094803,Acc8_hippocampus_ST_A_Ex;Acc8_hippocampus_ST_A_Ex_KD
Psmd7,2,UP,2,0,0.25705091763420174,Acc8_hippocampus_ST_A_Ex;Acc8_hippocampus_ST_A_Ex_KD
Golga4,2,UP,2,0,0.2565668149761219,Acc8_hippocampus_ST_A_Ex;Acc8_hippocampus_ST_A_Ex_KD
Ccdc59,2,UP,2,0,0.25651902332394055,Acc8_hippocampus_ST_A_Ex;Acc8_hippocampus_ST_A_Ex_KD
Rab8a,2,UP,2,0,0.25613061741207793,Acc8_hippocampus_ST_A_Ex;Acc8_hippocampus_ST_A_Ex_KD
Wdr53,2,UP,2,0,0.2559962371312283,Acc8_hippocampus_ST_A_Ex;Acc8_hippocampus_ST_A_Ex_KD
Cxcl14,2,UP,2,0,0.2559756703189628,Acc8_hippocampus_ST_A_Ex;Acc8_hippocampus_ST_A_Ex_KD
Pbx2,2,UP,2,0,0.2556986871558553,Acc8_hippocampus_ST_A_Ex;Acc8_hippocampus_ST_A_Ex_KD
Tyk2,2,UP,2,0,0.25535639186476855,Acc8_hippocampus_ST_A_Ex;Acc8_hippocampus_ST_A_Ex_KD
Nob1,2,UP,2,0,0.25506834730685557,Acc8_hippocampus_ST_A_Ex;Acc8_hippocampus_ST_A_Ex_KD
Sdha,2,UP,2,0,0.2546911155755791,Acc8_hippocampus_ST_A_Ex;Acc8_hippocampus_ST_A_Ex_KD
Dvl2,2,UP,2,0,0.25392045204315083,Acc8_hippocampus_ST_A_Ex;Acc8_hippocampus_ST_A_Ex_KD
Igsf8,2,UP,2,0,0.2537700175648374,Acc8_hippocampus_ST_A_Ex;Acc8_hippocampus_ST_A_Ex_KD
Mrps31,2,UP,2,0,0.2537526480484026,Acc8_hippocampus_ST_A_Ex;Acc8_hippocampus_ST_A_Ex_KD
Gng3,2,UP,2,0,0.2536661812164202,Acc8_hippocampus_ST_A_Ex;Acc8_hippocampus_ST_A_Ex_KD
Akr1a1,2,UP,2,0,0.2535669535043082,Acc8_hippocampus_ST_A_Ex;Acc8_hippocampus_ST_A_Ex_KD
Klhl21,2,UP,2,0,0.25354622096003954,Acc8_hippocampus_ST_A_Ex;Acc8_hippocampus_ST_A_Ex_KD
Phax,2,UP,2,0,0.25337041688208584,Acc11_hippocampus_Ex4_mTBI;Acc8_hippocampus_ST_A_Ex_KD
Stx4a,2,UP,2,0,0.25313740580936556,Acc3_brainstem_GLP_1;Acc8_hippocampus_ST_A_Ex
Gm44504,2,UP,2,0,0.2528433426619232,Acc8_hippocampus_ST_A_Ex;Acc8_hippocampus_ST_A_Ex_KD
Tmem9,2,UP,2,0,0.25278542853683317,Acc8_hippocampus_ST_A_Ex;Acc8_hippocampus_ST_A_Ex_KD
Sult4a1,2,UP,2,0,0.252770000269928,Acc8_hippocampus_ST_A_Ex;Acc8_hippocampus_ST_A_Ex_KD
Kifc2,2,UP,2,0,0.2509189108728907,Acc8_hippocampus_ST_A_Ex;Acc8_hippocampus_ST_A_Ex_KD
Reep2,2,UP,2,0,0.25079067467421035,Acc8_hippocampus_ST_A_Ex;Acc8_hippocampus_ST_A_Ex_KD
Mrpl28,2,UP,2,0,0.2505662232642353,Acc8_hippocampus_ST_A_Ex;Acc8_hippocampus_ST_A_Ex_KD
Shfl,2,UP,2,0,0.25054652035682107,Acc3_hypothalamus_GLP_1_MK_801;Acc8_hippocampus_ST_A_Ex
Inafm1,2,UP,2,0,0.25046607946087185,Acc3_brainstem_GLP_1;Acc8_hippocampus_ST_A_Ex
Dus2,2,UP,2,0,0.25040728595386413,Acc3_brainstem_GLP_1;Acc8_hippocampus_ST_A_Ex
Nim1k,2,UP,2,0,0.2503240905858734,Acc8_hippocampus_ST_A_Ex;Acc8_hippocampus_ST_A_Ex_KD
Traf7,2,UP,2,0,0.250323201975,Acc11_hippocampus_Ex4;Acc11_hippocampus_Ex4_mTBI
Dctn2,2,UP,2,0,0.25004637408877983,Acc8_hippocampus_ST_A_Ex;Acc8_hippocampus_ST_A_Ex_KD
Morn1,2,UP,2,0,0.24989652652246508,Acc8_hippocampus_ST_A_Ex;Acc8_hippocampus_ST_A_Ex_KD
Tmem143,2,UP,2,0,0.24969372941120133,Acc8_hippocampus_ST_A_Ex;Acc8_hippocampus_ST_A_Ex_KD
Trmu,2,UP,2,0,0.2495502677283668,Acc8_hippocampus_ST_A_Ex;Acc8_hippocampus_ST_A_Ex_KD
Gtpbp3,2,UP,2,0,0.24942526380918015,Acc8_hippocampus_ST_A_Ex;Acc8_hippocampus_ST_A_Ex_KD
Thumpd1,2,UP,2,0,0.2492826804185401,Acc8_hippocampus_ST_A_Ex;Acc8_hippocampus_ST_A_Ex_KD
Ndufs8,2,UP,2,0,0.24871451246791093,Acc8_hippocampus_ST_A_Ex;Acc8_hippocampus_ST_A_Ex_KD
Dhrs7,2,UP,2,0,0.24854102015796337,Acc11_hippocampus_Ex4_mTBI;Acc8_hippocampus_ST_A_Ex
Comtd1,2,UP,2,0,0.2484894998121941,Acc3_brainstem_GLP_1;Acc8_hippocampus_ST_A_Ex
Psma2,2,UP,2,0,0.2484745448090011,Acc8_hippocampus_ST_A_Ex;Acc8_hippocampus_ST_A_Ex_KD
Ddx27,2,UP,2,0,0.24816401205232874,Acc8_hippocampus_ST_A_Ex;Acc8_hippocampus_ST_A_Ex_KD
Rps20,2,UP,2,0,0.2478124738747883,Acc3_brainstem_GLP_1;Acc8_hippocampus_ST_A_Ex
Aqp11,2,UP,2,0,0.2475303391667068,Acc8_hippocampus_ST_A_Ex;Acc8_hippocampus_ST_A_Ex_KD
Calm2,2,UP,2,0,0.24724950104920823,Acc8_hippocampus_ST_A_Ex;Acc8_hippocampus_ST_A_Ex_KD
Plcl2,2,UP,2,0,0.24721931003643782,Acc5_nts_IP118_PY115;Acc5_pvn_IP118_PY115
Tut1,2,UP,2,0,0.2471119968724399,Acc3_hypothalamus_GLP_1_MK_801;Acc8_hippocampus_ST_A_Ex_KD
Cmip,2,UP,2,0,0.24690263718407549,Acc3_brainstem_GLP_1_MK_801;Acc3_hypothalamus_GLP_1_MK_801
Tatdn2,2,UP,2,0,0.2468292140516411,Acc11_hippocampus_Ex4_mTBI;Acc8_hippocampus_ST_A_Ex_KD
Snrnp40,2,UP,2,0,0.2465493053448634,Acc8_hippocampus_ST_A_Ex;Acc8_hippocampus_ST_A_Ex_KD
Bysl,2,UP,2,0,0.2464342406505441,Acc8_hippocampus_ST_A_Ex;Acc8_hippocampus_ST_A_Ex_KD
Calm3,2,UP,2,0,0.2462950686463986,Acc3_hypothalamus_GLP_1_MK_801;Acc8_hippocampus_ST_A_Ex_KD
Cdk11b,2,UP,2,0,0.24589518740689487,Acc3_hypothalamus_GLP_1_MK_801;Acc8_hippocampus_ST_A_Ex_KD
Rars2,2,UP,2,0,0.2458231599412648,Acc8_hippocampus_ST_A_Ex;Acc8_hippocampus_ST_A_Ex_KD
Diras1,2,UP,2,0,0.24581626190730677,Acc8_hippocampus_ST_A_Ex;Acc8_hippocampus_ST_A_Ex_KD
Arpc3,2,UP,2,0,0.2455480294081348,Acc8_hippocampus_ST_A_Ex;Acc8_hippocampus_ST_A_Ex_KD
Slc4a1ap,2,UP,2,0,0.24549285887880515,Acc8_hippocampus_ST_A_Ex;Acc8_hippocampus_ST_A_Ex_KD
B3galt5,2,UP,2,0,0.24547375526136125,Acc3_brainstem_GLP_1_MK_801;Acc3_hypothalamus_GLP_1_MK_801
Zfp263,2,UP,2,0,0.24537426156559283,Acc8_hippocampus_ST_A_Ex;Acc8_hippocampus_ST_A_Ex_KD
Orai3,2,UP,2,0,0.245098627148043,Acc8_hippocampus_ST_A_Ex;Acc8_hippocampus_ST_A_Ex_KD
Evpl,2,UP,2,0,0.245045683954788,Acc3_brainstem_GLP_1;Acc3_brainstem_GLP_1_MK_801
Actl6b,2,UP,2,0,0.24487035391824605,Acc8_hippocampus_ST_A_Ex;Acc8_hippocampus_ST_A_Ex_KD
Cntrob,2,UP,2,0,0.24472374637643995,Acc8_hippocampus_ST_A_Ex;Acc8_hippocampus_ST_A_Ex_KD
Afg3l1,2,UP,2,0,0.24466372401972214,Acc8_hippocampus_ST_A_Ex;Acc8_hippocampus_ST_A_Ex_KD
Tcf20,2,UP,2,0,0.24375626503125986,Acc3_brainstem_GLP_1_MK_801;Acc8_hippocampus_ST_A_Ex_KD
Cd2bp2,2,UP,2,0,0.2436425523185049,Acc8_hippocampus_ST_A_Ex;Acc8_hippocampus_ST_A_Ex_KD
Zbed4,2,UP,2,0,0.24337602995000002,Acc11_hippocampus_Ex4;Acc11_hippocampus_Ex4_mTBI
Cep164,2,UP,2,0,0.2431868677129854,Acc8_hippocampus_ST_A_Ex;Acc8_hippocampus_ST_A_Ex_KD
Rnf220,2,UP,2,0,0.2431074028753841,Acc8_hippocampus_ST_A_Ex;Acc8_hippocampus_ST_A_Ex_KD
Thtpa,2,UP,2,0,0.2430306745998152,Acc8_frontalcortex_ST_A_Ex;Acc8_hippocampus_ST_A_Ex_KD
Trim39,2,UP,2,0,0.2429122413748463,Acc8_hippocampus_ST_A_Ex;Acc8_hippocampus_ST_A_Ex_KD
Gtf3a,2,UP,2,0,0.24284504502757198,Acc8_hippocampus_ST_A_Ex;Acc8_hippocampus_ST_A_Ex_KD
Adh5,2,UP,2,0,0.2428435487087055,Acc8_hippocampus_ST_A_Ex;Acc8_hippocampus_ST_A_Ex_KD
Cwc25,2,UP,2,0,0.242458124775,Acc11_hippocampus_Ex4;Acc11_hippocampus_Ex4_mTBI
Mlec,2,UP,2,0,0.24179985005,Acc11_hippocampus_Ex4;Acc11_hippocampus_Ex4_mTBI
Ccdc30,2,UP,2,0,0.24034008022108933,Acc8_hippocampus_ST_A_Ex;Acc8_hippocampus_ST_A_Ex_KD
Sgf29,2,UP,2,0,0.2397796005718948,Acc10_hippocampus_Ex4_Pre_TBI;Acc3_brainstem_GLP_1
Arhgef10,2,UP,2,0,0.23971731456531015,Acc3_hypothalamus_GLP_1_MK_801;Acc8_hippocampus_ST_A_Ex
Myl6b,2,UP,2,0,0.23968739915722553,Acc3_brainstem_GLP_1;Acc8_hippocampus_ST_A_Ex
Rasgrf2,2,UP,2,0,0.23948979689878158,Acc11_hippocampus_Ex4_mTBI;Acc3_brainstem_GLP_1_MK_801
Ulk3,2,UP,2,0,0.23946124260333665,Acc8_hippocampus_ST_A_Ex;Acc8_hippocampus_ST_A_Ex_KD
Phf12,2,UP,2,0,0.23944623066995696,Acc11_hippocampus_Ex4_mTBI;Acc3_hypothalamus_GLP_1_MK_801
Prr12,2,UP,2,0,0.2394168551944053,Acc3_brainstem_GLP_1_MK_801;Acc3_hypothalamus_GLP_1_MK_801
Bms1,2,UP,2,0,0.2393957525070336,Acc8_hippocampus_ST_A_Ex;Acc8_hippocampus_ST_A_Ex_KD
Ech1,2,UP,2,0,0.2389128180250005,Acc10_hippocampus_Ex4_Po_t_TBI;Acc10_hippocampus_Ex4_Pre_TBI
Apbb1,2,UP,2,0,0.23861211497450815,Acc8_hippocampus_ST_A_Ex;Acc8_hippocampus_ST_A_Ex_KD
Crtac1,2,UP,2,0,0.2382461067138821,Acc3_hypothalamus_GLP_1_MK_801;Acc8_hippocampus_ST_A_Ex
Calcoco1,2,UP,2,0,0.23812426600091005,Acc8_hippocampus_ST_A_Ex;Acc8_hippocampus_ST_A_Ex_KD
Prpf38a,2,UP,2,0,0.238072976025,Acc11_hippocampus_Ex4;Acc11_hippocampus_Ex4_mTBI
Ndufs7,2,UP,2,0,0.23803520673569417,Acc3_brainstem_GLP_1;Acc8_hippocampus_ST_A_Ex
Acin1,2,UP,2,0,0.23774876338568102,Acc8_hippocampus_ST_A_Ex;Acc8_hippocampus_ST_A_Ex_KD
Zfp1,2,UP,2,0,0.23770493503119444,Acc8_hippocampus_ST_A_Ex;Acc8_hippocampus_ST_A_Ex_KD
Rps8,2,UP,2,0,0.23761588192084332,Acc3_brainstem_GLP_1;Acc8_hippocampus_ST_A_Ex
Arpc5l,2,UP,2,0,0.23759441692443461,Acc8_hippocampus_ST_A_Ex;Acc8_hippocampus_ST_A_Ex_KD
Ube2g2,2,UP,2,0,0.23758607222807934,Acc8_hippocampus_ST_A_Ex;Acc8_hippocampus_ST_A_Ex_KD
Dis3l2,2,UP,2,0,0.23757446008631805,Acc3_hypothalamus_GLP_1_MK_801;Acc3_hypothalamus_conjugate_2
Ldlrad4,2,UP,2,0,0.23747771495008496,Acc3_brainstem_GLP_1_MK_801;Acc3_hypothalamus_GLP_1_MK_801
Nipsnap2,2,UP,2,0,0.23746673356030185,Acc8_hippocampus_ST_A_Ex;Acc8_hippocampus_ST_A_Ex_KD
Yrdc,2,UP,2,0,0.23745059042220695,Acc8_hippocampus_ST_A_Ex;Acc8_hippocampus_ST_A_Ex_KD
Bcs1l,2,UP,2,0,0.23735248658269592,Acc3_hypothalamus_GLP_1_MK_801;Acc8_hippocampus_ST_A_Ex
Them6,2,UP,2,0,0.23708528791892475,Acc8_hippocampus_ST_A_Ex;Acc8_hippocampus_ST_A_Ex_KD
Sars2,2,UP,2,0,0.23705734858202276,Acc3_hypothalamus_GLP_1_MK_801;Acc8_hippocampus_ST_A_Ex
Ppp1ca,2,UP,2,0,0.2366991352155438,Acc8_hippocampus_ST_A_Ex;Acc8_hippocampus_ST_A_Ex_KD
Adam11,2,UP,2,0,0.23655407893422845,Acc8_hippocampus_ST_A_Ex;Acc8_hippocampus_ST_A_Ex_KD
Cib2,2,UP,2,0,0.23637856682820124,Acc3_brainstem_GLP_1;Acc8_hippocampus_ST_A_Ex
Cbx1,2,UP,2,0,0.23623046323948085,Acc8_hippocampus_ST_A_Ex;Acc8_hippocampus_ST_A_Ex_KD
Acaca,2,UP,2,0,0.23620625017409455,Acc3_brainstem_GLP_1_MK_801;Acc3_hypothalamus_conjugate_2
Rps12,2,UP,2,0,0.23601844602734606,Acc3_brainstem_GLP_1;Acc8_hippocampus_ST_A_Ex
Slc25a26,2,UP,2,0,0.23592937983010734,Acc8_hippocampus_ST_A_Ex;Acc8_hippocampus_ST_A_Ex_KD
Nipsnap1,2,UP,2,0,0.2358196005527633,Acc8_hippocampus_ST_A_Ex;Acc8_hippocampus_ST_A_Ex_KD
Tubb2a,2,UP,2,0,0.2353908060192346,Acc8_hippocampus_ST_A_Ex;Acc8_hippocampus_ST_A_Ex_KD
Adprh,2,UP,2,0,0.2353900413059096,Acc8_hippocampus_ST_A_Ex;Acc8_hippocampus_ST_A_Ex_KD
Lyrm9,2,UP,2,0,0.23460653507661822,Acc8_hippocampus_ST_A_Ex;Acc8_hippocampus_ST_A_Ex_KD
Cyth1,2,UP,2,0,0.2342258655690778,Acc8_hippocampus_ST_A_Ex;Acc8_hippocampus_ST_A_Ex_KD
Snrpa,2,UP,2,0,0.23362522512611836,Acc3_hypothalamus_GLP_1_MK_801;Acc8_frontalcortex_YA_Ex
Rapgef3,2,UP,2,0,0.2336226442175777,Acc3_brainstem_GLP_1;Acc3_hypothalamus_GLP_1_MK_801
Anapc7,2,UP,2,0,0.23354554091291052,Acc8_hippocampus_ST_A_Ex;Acc8_hippocampus_ST_A_Ex_KD
Axin2,2,UP,2,0,0.23353273334994065,Acc8_hippocampus_ST_A_Ex;Acc8_hippocampus_ST_A_Ex_KD
Ai837181,2,UP,2,0,0.2332578831026357,Acc8_hippocampus_ST_A_Ex;Acc8_hippocampus_ST_A_Ex_KD
Sf3b2,2,UP,2,0,0.23305561601526897,Acc3_hypothalamus_GLP_1_MK_801;Acc8_hippocampus_ST_A_Ex_KD
Ppil1,2,UP,2,0,0.23226346576026902,Acc3_brainstem_GLP_1;Acc8_hippocampus_ST_A_Ex_KD
Pard3,2,UP,2,0,0.23205008668064886,Acc3_brainstem_GLP_1_MK_801;Acc3_hypothalamus_GLP_1_MK_801
Clta,2,UP,2,0,0.2312516264,Acc11_hippocampus_Ex4;Acc11_hippocampus_Ex4_mTBI
Ppp1r16b,2,UP,2,0,0.23074796111131468,Acc3_brainstem_GLP_1_MK_801;Acc3_hypothalamus_GLP_1_MK_801
Ppp1r3e,2,UP,2,0,0.23052762361020424,Acc3_brainstem_GLP_1_MK_801;Acc3_hypothalamus_GLP_1_MK_801
Tab1,2,UP,2,0,0.23006404908838785,Acc8_hippocampus_ST_A_Ex;Acc8_hippocampus_ST_A_Ex_KD
Tmem38a,2,UP,2,0,0.2299302745111752,Acc8_hippocampus_ST_A_Ex;Acc8_hippocampus_ST_A_Ex_KD
Bc004004,2,UP,2,0,0.22935911002538745,Acc8_hippocampus_ST_A_Ex;Acc8_hippocampus_ST_A_Ex_KD
Cdo1,2,UP,2,0,0.22769766465454228,Acc8_hippocampus_ST_A_Ex;Acc8_hippocampus_ST_A_Ex_KD
Arhgef12,2,UP,2,0,0.22711440134831165,Acc3_brainstem_GLP_1_MK_801;Acc3_hypothalamus_conjugate_2
Nol12,2,UP,2,0,0.2270789072949974,Acc3_brainstem_GLP_1;Acc8_hippocampus_ST_A_Ex_KD
Ndufa11,2,UP,2,0,0.2269712343669279,Acc3_brainstem_GLP_1;Acc8_frontalcortex_YA_Ex
Tinf2,2,UP,2,0,0.22688332256509502,Acc8_hippocampus_ST_A_Ex;Acc8_hippocampus_ST_A_Ex_KD
Comt,2,UP,2,0,0.2262944445432158,Acc8_hippocampus_ST_A_Ex;Acc8_hippocampus_ST_A_Ex_KD
Bhlha9,2,UP,1,1,0.22604472543008758,Acc11_hippocampus_Ex4;Acc8_hippocampus_ST_A_Ex
Aprt,2,UP,2,0,0.22582499682060256,Acc3_brainstem_GLP_1;Acc8_frontalcortex_YA_Ex
Sqstm1,2,UP,2,0,0.2255133800146217,Acc8_hippocampus_ST_A_Ex;Acc8_hippocampus_ST_A_Ex_KD
Mylip,2,UP,2,0,0.2253131400706142,Acc8_hippocampus_ST_A_Ex;Acc8_hippocampus_ST_A_Ex_KD
Zbtb8os,2,UP,2,0,0.2252163354374102,Acc11_hippocampus_Ex4_mTBI;Acc8_hippocampus_ST_A_Ex
Hdgf,2,UP,2,0,0.22473997737389612,Acc8_hippocampus_ST_A_Ex;Acc8_hippocampus_ST_A_Ex_KD
Xrcc6,2,UP,2,0,0.22472395354564056,Acc8_hippocampus_ST_A_Ex;Acc8_hippocampus_ST_A_Ex_KD
Fibp,2,UP,2,0,0.22438821745074594,Acc8_hippocampus_ST_A_Ex;Acc8_hippocampus_ST_A_Ex_KD
Sdhd,2,UP,2,0,0.22429156652432908,Acc8_hippocampus_ST_A_Ex;Acc8_hippocampus_ST_A_Ex_KD
Rnf214,2,UP,2,0,0.22404918630528106,Acc3_brainstem_GLP_1_MK_801;Acc3_hypothalamus_GLP_1_MK_801
Dennd6b,2,UP,2,0,0.2240319100898467,Acc8_hippocampus_ST_A_Ex;Acc8_hippocampus_ST_A_Ex_KD
Adrm1,2,UP,2,0,0.22364606610689955,Acc8_hippocampus_ST_A_Ex;Acc8_hippocampus_ST_A_Ex_KD
Tpi1,2,UP,2,0,0.22359263109912642,Acc8_hippocampus_ST_A_Ex;Acc8_hippocampus_ST_A_Ex_KD
Pih1d1,2,UP,2,0,0.22358404024453055,Acc3_brainstem_GLP_1;Acc8_hippocampus_ST_A_Ex
Kdm4c,2,UP,2,0,0.2235636502,Acc11_hippocampus_Ex4;Acc11_hippocampus_Ex4_mTBI
Bnip1,2,UP,2,0,0.2231292758107896,Acc8_hippocampus_ST_A_Ex;Acc8_hippocampus_ST_A_Ex_KD
Polr3gl,2,UP,2,0,0.22253581608983364,Acc8_hippocampus_ST_A_Ex;Acc8_hippocampus_ST_A_Ex_KD
Stx5a,2,UP,2,0,0.22230157333199935,Acc8_hippocampus_ST_A_Ex;Acc8_hippocampus_ST_A_Ex_KD
Osbp2,2,UP,2,0,0.22221278996252086,Acc3_hypothalamus_GLP_1_MK_801;Acc8_hippocampus_ST_A_Ex_KD
Pop4,2,UP,2,0,0.22217635780863615,Acc8_frontalcortex_YA_Ex;Acc8_hippocampus_ST_A_Ex
Coq3,2,UP,2,0,0.22175498820386255,Acc11_hippocampus_Ex4_mTBI;Acc8_hippocampus_ST_A_Ex
Zfp609,2,UP,2,0,0.22123618492201064,Acc3_brainstem_GLP_1_MK_801;Acc3_hypothalamus_GLP_1_MK_801
Ahsa1,2,UP,2,0,0.22123032317189326,Acc8_hippocampus_ST_A_Ex;Acc8_hippocampus_ST_A_Ex_KD
Mxra7,2,UP,2,0,0.2210812838596602,Acc8_hippocampus_ST_A_Ex;Acc8_hippocampus_ST_A_Ex_KD
Mrpl58,2,UP,2,0,0.2209469443933822,Acc8_hippocampus_ST_A_Ex;Acc8_hippocampus_ST_A_Ex_KD
Zfyve19,2,UP,2,0,0.22077233729138435,Acc8_hippocampus_ST_A_Ex;Acc8_hippocampus_ST_A_Ex_KD
Ndufv1,2,UP,2,0,0.22074976396609997,Acc8_hippocampus_ST_A_Ex;Acc8_hippocampus_ST_A_Ex_KD
Pja1,2,UP,2,0,0.22060436981530857,Acc8_hippocampus_ST_A_Ex;Acc8_hippocampus_ST_A_Ex_KD
Ssr2,2,UP,2,0,0.22041790430486885,Acc8_hippocampus_ST_A_Ex;Acc8_hippocampus_ST_A_Ex_KD
Nsrp1,2,UP,2,0,0.2203022963989166,Acc3_brainstem_GLP_1;Acc3_hypothalamus_GLP_1_MK_801
Akap8l,2,UP,2,0,0.2199489635810264,Acc3_brainstem_GLP_1;Acc3_hypothalamus_GLP_1_MK_801
Tmem179,2,UP,2,0,0.21940466015204357,Acc8_hippocampus_ST_A_Ex;Acc8_hippocampus_ST_A_Ex_KD
Dpcd,2,UP,2,0,0.21934896775427115,Acc8_hippocampus_ST_A_Ex;Acc8_hippocampus_ST_A_Ex_KD
Bpgm,2,UP,2,0,0.2188261006008806,Acc8_hippocampus_ST_A_Ex;Acc8_hippocampus_ST_A_Ex_KD
Coro1c,2,UP,2,0,0.21865842513924935,Acc3_hypothalamus_GLP_1_MK_801;Acc8_hippocampus_ST_A_Ex_KD
Dnajb6,2,UP,2,0,0.2180877945750233,Acc8_hippocampus_ST_A_Ex;Acc8_hippocampus_ST_A_Ex_KD
Kif17,2,UP,2,0,0.21757391422938904,Acc3_brainstem_GLP_1;Acc3_hypothalamus_GLP_1_MK_801
Bud13,2,UP,2,0,0.21748477492213608,Acc3_hypothalamus_GLP_1_MK_801;Acc8_hippocampus_ST_A_Ex
Washc1,2,UP,2,0,0.216919109991006,Acc8_hippocampus_ST_A_Ex;Acc8_hippocampus_ST_A_Ex_KD
Lrba,2,UP,2,0,0.21668390587329744,Acc3_brainstem_GLP_1_MK_801;Acc3_hypothalamus_conjugate_2
Chmp4b,2,UP,2,0,0.21652913828091191,Acc8_hippocampus_ST_A_Ex;Acc8_hippocampus_ST_A_Ex_KD
Lipe,2,UP,2,0,0.21595196828205832,Acc3_brainstem_GLP_1;Acc3_hypothalamus_GLP_1_MK_801
Ephb6,2,UP,2,0,0.2155811047091869,Acc8_hippocampus_ST_A_Ex;Acc8_hippocampus_ST_A_Ex_KD
Tomm40l,2,UP,2,0,0.2154099008184358,Acc3_brainstem_GLP_1;Acc8_hippocampus_ST_A_Ex_KD
Ccdc106,2,UP,2,0,0.2152193832106009,Acc3_brainstem_GLP_1;Acc8_hippocampus_ST_A_Ex_KD
Rae1,2,UP,2,0,0.2136396393314312,Acc8_hippocampus_ST_A_Ex;Acc8_hippocampus_ST_A_Ex_KD
Ensa,2,UP,2,0,0.21311008046442553,Acc8_hippocampus_ST_A_Ex;Acc8_hippocampus_ST_A_Ex_KD
Mlf2,2,UP,2,0,0.2131052265553145,Acc8_hippocampus_ST_A_Ex;Acc8_hippocampus_ST_A_Ex_KD
Jmjd4,2,UP,2,0,0.21255225882095263,Acc3_brainstem_GLP_1_MK_801;Acc8_hippocampus_ST_A_Ex_KD
Ik,2,UP,2,0,0.21209997997253255,Acc3_hypothalamus_GLP_1_MK_801;Acc8_hippocampus_ST_A_Ex_KD
Wdr20,2,UP,2,0,0.2120933968596663,Acc8_hippocampus_ST_A_Ex;Acc8_hippocampus_ST_A_Ex_KD
Jade2,2,UP,2,0,0.2117282590190567,Acc3_brainstem_GLP_1_MK_801;Acc3_hypothalamus_GLP_1_MK_801
Nln,2,UP,2,0,0.2112110115633707,Acc11_hippocampus_Ex4_mTBI;Acc8_hypothalamus_LT_A_Ex
Glg1,2,UP,2,0,0.209395412628582,Acc3_brainstem_GLP_1_MK_801;Acc3_hypothalamus_conjugate_2
Gpn2,2,UP,2,0,0.20919890943951314,Acc11_hippocampus_Ex4_mTBI;Acc3_brainstem_GLP_1
Ap5b1,2,UP,2,0,0.2085000395,Acc10_hippocampus_Ex4_Po_t_TBI;Acc10_hippocampus_Ex4_Pre_TBI
Btf3,2,UP,2,0,0.2083848768135797,Acc8_hippocampus_ST_A_Ex;Acc8_hippocampus_ST_A_Ex_KD
Arfrp1,2,UP,2,0,0.2077706465902369,Acc3_brainstem_GLP_1;Acc8_hippocampus_ST_A_Ex
Gm1043,2,UP,2,0,0.20719041628806728,Acc3_hypothalamus_GLP_1_MK_801;Acc3_hypothalamus_conjugate_2
Tmem200a,2,UP,1,1,0.2056859564265387,Acc5_pvn_IP118_PY115;Acc8_hippocampus_ST_A_Ex
Hmgn1,2,UP,2,0,0.2047215098539428,Acc8_hippocampus_ST_A_Ex;Acc8_hippocampus_ST_A_Ex_KD
Megf8,2,UP,2,0,0.2024514468467844,Acc3_brainstem_GLP_1_MK_801;Acc3_hypothalamus_GLP_1_MK_801
Bace2,2,UP,1,1,0.19941221730224268,Acc11_hippocampus_Ex4_mTBI;Acc8_frontalcortex_ST_A_Ex
Atox1,2,UP,1,1,0.19235447801987177,Acc3_brainstem_GLP_1_MK_801;Acc8_hippocampus_ST_A_Ex
B230206h07rik,2,UP,1,1,0.1795456954540154,Acc3_brainstem_GLP_1;Acc8_hippocampus_ST_A_Ex
Loc118568120,2,UP,1,1,0.17442110545402575,Acc8_hippocampus_ST_A_Ex;Acc8_hypothalamus_LT_A_Ex
Jak1,2,UP,1,1,0.1703376146475778,Acc11_hippocampus_Ex4_mTBI;Acc3_brainstem_GLP_1
Bhlhe41,2,UP,1,1,0.16591228781577394,Acc3_brainstem_GLP_1;Acc8_frontalcortex_ST_A_Ex_KD
Loc118568277,2,UP,1,1,0.16197386737279962,Acc8_frontalcortex_ST_A_Ex_KD;Acc8_hippocampus_ST_A_Ex
Ntrk3,2,UP,1,1,0.15175593257499997,Acc11_hippocampus_Ex4;Acc11_hippocampus_Ex4_mTBI
Gm19500,2,UP,1,1,0.14145114180542948,Acc3_brainstem_GLP_1;Acc8_hippocampus_ST_A_Ex
Cdc42ep2,2,UP,1,1,0.14129949007080578,Acc3_brainstem_GLP_1;Acc8_hypothalamus_LT_A_Ex
Unc80,2,UP,1,1,0.14095027966892,Acc3_brainstem_GLP_1;Acc3_brainstem_GLP_1_MK_801
Hmgcs2,2,UP,1,1,0.13935260923642698,Acc10_hippocampus_Ex4_Pre_TBI;Acc3_hypothalamus_GLP_1_MK_801
Filip1,2,UP,1,1,0.133096152862938,Acc3_hypothalamus_GLP_1_MK_801;Acc8_frontalcortex_YA_Ex
Rpain,2,UP,1,1,0.132222492666274,Acc3_brainstem_GLP_1_MK_801;Acc8_hippocampus_ST_A_Ex
4933439c10rik,2,UP,1,1,0.12904342506490796,Acc3_brainstem_GLP_1_MK_801;Acc8_hippocampus_ST_A_Ex
Sv2c,2,UP,1,1,0.12845987131308276,Acc5_pvn_IP118_PY115;Acc8_hippocampus_ST_A_Ex
Ube2l6,2,UP,1,1,0.12601552007248953,Acc8_hippocampus_ST_A_Ex_KD;Acc8_hypothalamus_LT_A_Ex
Adnp,2,UP,1,1,0.12495149921205778,Acc3_brainstem_GLP_1_MK_801;Acc8_hippocampus_ST_A_Ex
Kcnf1,2,UP,1,1,0.12382705118453563,Acc5_pvn_IP118_PY115;Acc8_hypothalamus_LT_A_Ex
Nudt19,2,UP,1,1,0.12152796359173158,Acc10_hippocampus_Ex4_Pre_TBI;Acc8_hippocampus_ST_A_Ex_KD
Mvd,2,UP,1,1,0.12104728918212164,Acc3_brainstem_GLP_1_MK_801;Acc8_hippocampus_ST_A_Ex
Fezf1,2,UP,1,1,0.11888891517466071,Acc5_pvn_IP118_PY115;Acc8_hypothalamus_LT_A_Ex
Nfe2l2,2,UP,1,1,0.11772554757932885,Acc3_brainstem_GLP_1;Acc8_hypothalamus_LT_A_Ex
Wdfy3,2,UP,1,1,0.11596598500506576,Acc3_brainstem_GLP_1;Acc3_brainstem_GLP_1_MK_801
Tcp11l1,2,UP,1,1,0.11354310518704963,Acc3_brainstem_GLP_1;Acc3_brainstem_GLP_1_MK_801
Rtn4r,2,UP,1,1,0.1113877637474625,Acc8_frontalcortex_ST_A_Ex_KD;Acc8_hippocampus_ST_A_Ex
Osmr,2,UP,1,1,0.11106931394510788,Acc8_hippocampus_ST_A_Ex_KD;Acc8_hypothalamus_LT_A_Ex
Tent5a,2,UP,1,1,0.10809260980825453,Acc5_nts_IP118_PY115;Acc8_hippocampus_ST_A_Ex
Tenm1,2,UP,1,1,0.10781921551655632,Acc10_hippocampus_Ex4_Pre_TBI;Acc3_brainstem_GLP_1_MK_801
4933427d14rik,2,UP,1,1,0.10724194776552216,Acc3_brainstem_GLP_1;Acc8_frontalcortex_ST_A_Ex_KD
Pakap,2,UP,1,1,0.1030464148630659,Acc3_brainstem_GLP_1;Acc3_brainstem_GLP_1_MK_801
Bdkrb2,2,UP,1,1,0.09902249334023994,Acc8_hippocampus_ST_A_Ex;Acc8_hypothalamus_LT_A_Ex
Pomc,2,UP,1,1,0.09887596000390575,Acc8_hippocampus_ST_A_Ex;Acc8_hypothalamus_LT_A_Ex
Tsga10,2,UP,1,1,0.09745624146864029,Acc5_arc_IP118_PY115;Acc8_hippocampus_ST_A_Ex_KD
Gm33578,2,UP,1,1,0.09547596099669631,Acc8_hippocampus_ST_A_Ex;Acc8_hypothalamus_LT_A_Ex
Pcdh17,2,UP,1,1,0.09521424143650245,Acc3_brainstem_GLP_1_MK_801;Acc8_hippocampus_ST_A_Ex
Tmie,2,UP,1,1,0.09439962820266407,Acc8_hippocampus_ST_A_Ex;Acc8_hypothalamus_LT_A_Ex
Pcdh11x,2,UP,1,1,0.09379390399024351,Acc3_brainstem_GLP_1_MK_801;Acc3_hypothalamus_GLP_1_MK_801
A230057d06rik,2,UP,1,1,0.0894996001624539,Acc3_hypothalamus_GLP_1_MK_801;Acc8_hypothalamus_LT_A_Ex
Zbtb7c,2,UP,1,1,0.08912491558233793,Acc8_frontalcortex_ST_A_Ex_KD;Acc8_hypothalamus_LT_A_Ex
Qdpr,2,UP,1,1,0.08841885906938621,Acc3_brainstem_GLP_1_MK_801;Acc8_hippocampus_ST_A_Ex
Pcdhga9,2,UP,1,1,0.0883237067694358,Acc3_hypothalamus_GLP_1_MK_801;Acc8_hypothalamus_LT_A_Ex
Gm21955,2,UP,1,1,0.08829342719798383,Acc3_brainstem_GLP_1;Acc3_brainstem_GLP_1_MK_801
Fbxo30,2,UP,1,1,0.08783824646387733,Acc3_brainstem_GLP_1;Acc8_hypothalamus_LT_A_Ex
Ubxn6,2,UP,1,1,0.08722328619349429,Acc3_hypothalamus_GLP_1_MK_801;Acc8_frontalcortex_LT_A_Ex
Tmem243,2,UP,1,1,0.08536737069675296,Acc3_hypothalamus_GLP_1_MK_801;Acc8_hypothalamus_LT_A_Ex
Midn,2,UP,1,1,0.08373462826783165,Acc3_brainstem_GLP_1;Acc5_nts_IP118_PY115
Gm14393,2,UP,1,1,0.07972568291416116,Acc8_frontalcortex_ST_A_Ex_KD;Acc8_hippocampus_ST_A_Ex
Prdx1,2,UP,1,1,0.07819855621350026,Acc3_hypothalamus_GLP_1_MK_801;Acc8_hypothalamus_LT_A_Ex
Sipa1l2,2,UP,1,1,0.07736171709582446,Acc5_pvn_IP118_PY115;Acc8_hippocampus_ST_A_Ex
Phf8,2,UP,1,1,0.07645080814735836,Acc5_pvn_IP118_PY115;Acc8_hippocampus_ST_A_Ex
Myl9,2,UP,1,1,0.074231930553817,Acc3_brainstem_GLP_1_MK_801;Acc8_hippocampus_ST_A_Ex
Cntd1,2,UP,1,1,0.07409533559991721,Acc8_hippocampus_ST_A_Ex_KD;Acc8_hypothalamus_LT_A_Ex
Tmem120b,2,UP,1,1,0.073939984316614,Acc3_brainstem_GLP_1_MK_801;Acc8_hippocampus_ST_A_Ex
Laptm4b,2,UP,1,1,0.0709504675798312,Acc11_hippocampus_Ex4_mTBI;Acc8_hippocampus_ST_A_Ex_KD
4833439l19rik,2,UP,1,1,0.07065661511234264,Acc11_hippocampus_Ex4;Acc8_hippocampus_ST_A_Ex
Fabp7,2,UP,1,1,0.0698965732157528,Acc3_brainstem_GLP_1_MK_801;Acc8_hippocampus_ST_A_Ex
Camk2b,2,UP,1,1,0.06915262406419809,Acc8_hippocampus_ST_A_Ex_KD;Acc8_hypothalamus_LT_A_Ex
Grm5,2,UP,1,1,0.06821570660056292,Acc3_brainstem_GLP_1_MK_801;Acc8_hippocampus_ST_A_Ex
Dscaml1,2,UP,1,1,0.06726921411979665,Acc3_hypothalamus_GLP_1_MK_801;Acc8_hippocampus_ST_A_Ex
Pcdhgc5,2,UP,1,1,0.06677137057972277,Acc3_hypothalamus_GLP_1_MK_801;Acc8_hypothalamus_LT_A_Ex
Itgb3bp,2,UP,1,1,0.06593212508689791,Acc3_hypothalamus_GLP_1_MK_801;Acc8_hypothalamus_LT_A_Ex
Selenof,2,UP,1,1,0.06516987787515996,Acc3_hypothalamus_GLP_1_MK_801;Acc8_hypothalamus_LT_A_Ex
Tmcc3,2,UP,1,1,0.06455718499065384,Acc3_brainstem_GLP_1;Acc5_pvn_IP118_PY115
Psd3,2,UP,1,1,0.06392811006695155,Acc3_brainstem_GLP_1_MK_801;Acc8_hippocampus_ST_A_Ex
Fam166b,2,UP,1,1,0.061904096150885046,Acc8_hippocampus_ST_A_Ex;Acc8_hypothalamus_LT_A_Ex
Sertm1,2,UP,1,1,0.06164444661827184,Acc5_arc_IP118_PY115;Acc8_hippocampus_ST_A_Ex
Myo5a,2,UP,1,1,0.05921025051689735,Acc3_brainstem_GLP_1;Acc3_brainstem_GLP_1_MK_801
Dock4,2,UP,1,1,0.0591203334603765,Acc3_brainstem_GLP_1;Acc3_brainstem_GLP_1_MK_801
Kcnj3,2,UP,1,1,0.058423298907608195,Acc5_pvn_IP118_PY115;Acc8_hippocampus_ST_A_Ex
Gm10076,2,UP,1,1,0.058337332180003545,Acc3_brainstem_GLP_1;Acc3_brainstem_GLP_1_MK_801
Apc,2,UP,1,1,0.056476184978593594,Acc3_brainstem_GLP_1;Acc3_brainstem_GLP_1_MK_801
Zfand1,2,UP,1,1,0.055673674319206265,Acc3_hypothalamus_GLP_1_MK_801;Acc8_hypothalamus_LT_A_Ex
Selenoh,2,UP,1,1,0.05398205211751389,Acc3_brainstem_GLP_1_MK_801;Acc8_hippocampus_ST_A_Ex
Slc1a2,2,UP,1,1,0.05349188809452293,Acc3_brainstem_GLP_1;Acc3_brainstem_GLP_1_MK_801
Fkrp,2,UP,1,1,0.05287428760140306,Acc8_frontalcortex_ST_A_Ex_KD;Acc8_hypothalamus_LT_A_Ex
Bc005537,2,UP,1,1,0.05274096882892865,Acc11_hippocampus_Ex4_mTBI;Acc3_hypothalamus_GLP_1_MK_801
Etv5,2,UP,1,1,0.05273062653019832,Acc3_brainstem_GLP_1;Acc5_pvn_IP118_PY115
Erbb4,2,UP,1,1,0.05263847644130601,Acc3_brainstem_GLP_1;Acc3_brainstem_GLP_1_MK_801
Tyw5,2,UP,1,1,0.05260278997079826,Acc3_hypothalamus_GLP_1_MK_801;Acc8_hypothalamus_LT_A_Ex
Dbt,2,UP,1,1,0.052339463285300244,Acc3_brainstem_GLP_1;Acc8_hypothalamus_LT_A_Ex
Chrna7,2,UP,1,1,0.05231798746737168,Acc3_brainstem_GLP_1;Acc3_brainstem_GLP_1_MK_801
0610009b22rik,2,UP,1,1,0.05198454689478901,Acc11_hippocampus_Ex4_mTBI;Acc3_hypothalamus_GLP_1_MK_801
Kifap3,2,UP,1,1,0.0515717377067616,Acc11_hippocampus_Ex4_mTBI;Acc8_hippocampus_ST_A_Ex
A230020j21rik,2,UP,1,1,0.049585477647529574,Acc8_hippocampus_ST_A_Ex;Acc8_hypothalamus_LT_A_Ex
Cacng3,2,UP,1,1,0.04898400241879665,Acc3_hypothalamus_GLP_1_MK_801;Acc8_hippocampus_ST_A_Ex
Tnr,2,UP,1,1,0.0483141583890495,Acc3_brainstem_GLP_1;Acc3_brainstem_GLP_1_MK_801
Mterf2,2,UP,1,1,0.04827361169628236,Acc8_hippocampus_ST_A_Ex_KD;Acc8_hypothalamus_LT_A_Ex
St6galnac5,2,UP,1,1,0.04756455144768301,Acc3_brainstem_GLP_1_MK_801;Acc8_hippocampus_ST_A_Ex
Stk35os1,2,UP,1,1,0.04742655590723391,Acc8_frontalcortex_ST_A_Ex;Acc8_hypothalamus_LT_A_Ex
Sft2d1,2,UP,1,1,0.046404834864274436,Acc3_hypothalamus_GLP_1_MK_801;Acc8_hippocampus_ST_A_Ex
Eif2ak2,2,UP,1,1,0.04618646033942825,Acc10_hippocampus_Ex4_Pre_TBI;Acc8_hippocampus_ST_A_Ex
Pex5l,2,UP,1,1,0.044988390593111646,Acc11_hippocampus_Ex4;Acc3_brainstem_GLP_1
Ap2s1,2,UP,1,1,0.044751063949581366,Acc3_brainstem_GLP_1_MK_801;Acc8_hippocampus_ST_A_Ex
Lime1,2,UP,1,1,0.0445305850825469,Acc3_brainstem_GLP_1;Acc3_brainstem_GLP_1_MK_801
Lpin1,2,UP,1,1,0.044338591276500305,Acc5_arc_IP118_PY115;Acc8_hippocampus_ST_A_Ex_KD
Ctxn1,2,UP,1,1,0.04323528855231676,Acc11_hippocampus_Ex4;Acc3_hypothalamus_GLP_1_MK_801
Plcxd2,2,UP,1,1,0.04302282554112263,Acc3_brainstem_GLP_1;Acc3_brainstem_GLP_1_MK_801
Fgf2,2,UP,1,1,0.04292166204163331,Acc3_brainstem_GLP_1_MK_801;Acc8_hippocampus_ST_A_Ex
Zcchc7,2,UP,1,1,0.04284029816966145,Acc3_brainstem_GLP_1_MK_801;Acc8_hypothalamus_LT_A_Ex
Fam13c,2,UP,1,1,0.042809273021126415,Acc3_brainstem_GLP_1;Acc5_pvn_IP118_PY115
Dzank1,2,UP,1,1,0.0427014692893089,Acc3_brainstem_GLP_1_MK_801;Acc8_hippocampus_ST_A_Ex
Ddah2,2,UP,1,1,0.0423817112096074,Acc3_brainstem_GLP_1_MK_801;Acc8_hippocampus_ST_A_Ex
Mycbp,2,UP,1,1,0.042154817955615986,Acc3_hypothalamus_GLP_1_MK_801;Acc8_hypothalamus_LT_A_Ex
Supt6,2,UP,1,1,0.04197689799623314,Acc3_hypothalamus_GLP_1_MK_801;Acc8_hypothalamus_LT_A_Ex
Otud7a,2,UP,1,1,0.04099298602019576,Acc3_hypothalamus_GLP_1_MK_801;Acc8_hypothalamus_LT_A_Ex
Rubcn,2,UP,1,1,0.0400221525453784,Acc11_hippocampus_Ex4_mTBI;Acc8_hippocampus_ST_A_Ex
Nhs,2,UP,1,1,0.038387138430076934,Acc3_brainstem_GLP_1;Acc3_brainstem_GLP_1_MK_801
Tmtc2,2,UP,1,1,0.038194489667425446,Acc3_brainstem_GLP_1_MK_801;Acc8_hippocampus_ST_A_Ex
Mrtfa,2,UP,1,1,0.037716927078942586,Acc3_hypothalamus_GLP_1_MK_801;Acc8_hippocampus_ST_A_Ex
Dmxl2,2,UP,1,1,0.037545194539221935,Acc3_brainstem_GLP_1;Acc3_brainstem_GLP_1_MK_801
Amy1,2,UP,1,1,0.0374385584253428,Acc3_brainstem_GLP_1;Acc3_hypothalamus_conjugate_2
Hs3st1,2,UP,1,1,0.037186752014704144,Acc3_brainstem_GLP_1;Acc8_hippocampus_ST_A_Ex
Dcp2,2,UP,1,1,0.037081430964226156,Acc3_brainstem_GLP_1;Acc3_brainstem_GLP_1_MK_801
Htra1,2,UP,1,1,0.03624062695457117,Acc3_hypothalamus_GLP_1_MK_801;Acc8_hippocampus_ST_A_Ex_KD
Nalcn,2,UP,1,1,0.0354521386380854,Acc3_brainstem_GLP_1;Acc3_brainstem_GLP_1_MK_801
Ccdc157,2,UP,1,1,0.03529972960987739,Acc8_frontalcortex_ST_A_Ex_KD;Acc8_hypothalamus_LT_A_Ex
Papss2,2,UP,1,1,0.03462530140931244,Acc3_brainstem_GLP_1_MK_801;Acc8_hippocampus_ST_A_Ex
Nat8f1,2,UP,1,1,0.03445424276687237,Acc3_brainstem_GLP_1_MK_801;Acc8_hippocampus_ST_A_Ex
Fdps,2,UP,1,1,0.03430457767494599,Acc3_brainstem_GLP_1_MK_801;Acc8_hippocampus_ST_A_Ex
Epg5,2,UP,1,1,0.03359009208008834,Acc3_brainstem_GLP_1;Acc3_brainstem_GLP_1_MK_801
Clasp1,2,UP,1,1,0.033370754255073604,Acc3_brainstem_GLP_1_MK_801;Acc8_hippocampus_ST_A_Ex
Arfgef2,2,UP,1,1,0.033248886011421244,Acc3_brainstem_GLP_1;Acc3_brainstem_GLP_1_MK_801
Xylt1,2,UP,1,1,0.032560559376510256,Acc3_brainstem_GLP_1;Acc3_brainstem_GLP_1_MK_801
Snx29,2,UP,1,1,0.032467618386415764,Acc3_brainstem_GLP_1;Acc3_brainstem_GLP_1_MK_801
Sgsm2,2,UP,1,1,0.03229358197083759,Acc11_hippocampus_Ex4_mTBI;Acc8_hypothalamus_LT_A_Ex
Zc3h12b,2,UP,1,1,0.03204044544386504,Acc3_brainstem_GLP_1_MK_801;Acc8_hippocampus_ST_A_Ex
Gm21986,2,UP,1,1,0.031734174703397955,Acc3_brainstem_GLP_1;Acc3_brainstem_GLP_1_MK_801
Sec22a,2,UP,1,1,0.03137333381775197,Acc3_hypothalamus_GLP_1_MK_801;Acc8_hypothalamus_LT_A_Ex
Myt1l,2,UP,1,1,0.031147977517392247,Acc3_brainstem_GLP_1_MK_801;Acc8_hippocampus_ST_A_Ex
Tnks,2,UP,1,1,0.0307986343274933,Acc3_brainstem_GLP_1;Acc3_brainstem_GLP_1_MK_801
Cr1l,2,UP,1,1,0.03065245805074089,Acc3_hypothalamus_GLP_1_MK_801;Acc8_hypothalamus_LT_A_Ex
Plxna1,2,UP,1,1,0.030605723714000804,Acc3_brainstem_GLP_1_MK_801;Acc8_hippocampus_ST_A_Ex
Deptor,2,UP,1,1,0.030458728468383753,Acc3_brainstem_GLP_1;Acc3_brainstem_GLP_1_MK_801
Ccnl1,2,UP,1,1,0.02982808774586676,Acc11_hippocampus_Ex4_mTBI;Acc3_hypothalamus_GLP_1_MK_801
Usp9x,2,UP,1,1,0.029667686990683673,Acc3_brainstem_GLP_1;Acc3_brainstem_GLP_1_MK_801
Ddx20,2,UP,1,1,0.029392013710732814,Acc8_hippocampus_ST_A_Ex_KD;Acc8_hypothalamus_LT_A_Ex
Prickle2,2,UP,1,1,0.028370051626725457,Acc3_brainstem_GLP_1_MK_801;Acc8_hippocampus_ST_A_Ex
Plcl1,2,UP,1,1,0.027374823392050746,Acc3_brainstem_GLP_1;Acc3_brainstem_GLP_1_MK_801
Tmem161b,2,UP,1,1,0.02688324111993791,Acc8_hippocampus_ST_A_Ex;Acc8_hypothalamus_LT_A_Ex
Abl2,2,UP,1,1,0.026281695432995092,Acc3_brainstem_GLP_1;Acc3_brainstem_GLP_1_MK_801
Psmg2,2,UP,1,1,0.02601243771313347,Acc11_hippocampus_Ex4_mTBI;Acc3_hypothalamus_GLP_1_MK_801
Tmem147,2,UP,1,1,0.02583916080162646,Acc3_brainstem_GLP_1_MK_801;Acc8_hippocampus_ST_A_Ex
Cdh7,2,UP,1,1,0.025525171509976644,Acc3_brainstem_GLP_1;Acc3_brainstem_GLP_1_MK_801
Gm29216,2,UP,1,1,0.02533970697123694,Acc3_brainstem_GLP_1;Acc3_brainstem_GLP_1_MK_801
Cdk12,2,UP,1,1,0.0253297949059568,Acc10_hippocampus_Ex4_Po_t_TBI;Acc3_brainstem_GLP_1_MK_801
Mfap1b,2,UP,1,1,0.025022154264068203,Acc3_hypothalamus_GLP_1_MK_801;Acc8_hippocampus_ST_A_Ex_KD
Rbbp7,2,UP,1,1,0.02497324711834986,Acc11_hippocampus_Ex4_mTBI;Acc5_pvn_IP118_PY115
Usp29,2,UP,1,1,0.02468466998765731,Acc3_brainstem_GLP_1_MK_801;Acc8_hippocampus_ST_A_Ex
Timm9,2,UP,1,1,0.02446933633679635,Acc3_hypothalamus_GLP_1_MK_801;Acc8_hippocampus_ST_A_Ex
Robo2,2,UP,1,1,0.0243626662107031,Acc3_brainstem_GLP_1_MK_801;Acc8_hippocampus_ST_A_Ex
Cnot1,2,UP,1,1,0.02427805577730799,Acc3_brainstem_GLP_1;Acc3_brainstem_GLP_1_MK_801
Epha4,2,UP,1,1,0.0241919081995067,Acc3_brainstem_GLP_1_MK_801;Acc8_hippocampus_ST_A_Ex
Hectd1,2,UP,1,1,0.02388755316534104,Acc3_brainstem_GLP_1_MK_801;Acc8_hippocampus_ST_A_Ex
Nlgn1,2,UP,1,1,0.0238171118839407,Acc3_brainstem_GLP_1;Acc3_brainstem_GLP_1_MK_801
Hecw2,2,UP,1,1,0.02373463594347011,Acc3_brainstem_GLP_1;Acc3_brainstem_GLP_1_MK_801
Mtln,2,UP,1,1,0.023249925578287894,Acc3_brainstem_GLP_1_MK_801;Acc8_hippocampus_ST_A_Ex
Dnajc10,2,UP,1,1,0.022945780034548544,Acc8_hippocampus_ST_A_Ex;Acc8_hypothalamus_LT_A_Ex
Pcdhga8,2,UP,1,1,0.022728317006812798,Acc3_brainstem_GLP_1;Acc3_brainstem_GLP_1_MK_801
Neo1,2,UP,1,1,0.022206677211503698,Acc3_brainstem_GLP_1;Acc3_brainstem_GLP_1_MK_801
Disp2,2,UP,1,1,0.021169621197750302,Acc3_brainstem_GLP_1_MK_801;Acc8_hippocampus_ST_A_Ex
Lnpk,2,UP,1,1,0.02109117751732524,Acc3_brainstem_GLP_1_MK_801;Acc8_hippocampus_ST_A_Ex
Cetn3,2,UP,1,1,0.02091702968480899,Acc3_hypothalamus_GLP_1_MK_801;Acc8_hypothalamus_LT_A_Ex
Foxj3,2,UP,1,1,0.020914222322985745,Acc11_hippocampus_Ex4_mTBI;Acc8_hippocampus_ST_A_Ex
Lin52,2,UP,1,1,0.0208519408655293,Acc3_hypothalamus_GLP_1_MK_801;Acc8_hypothalamus_LT_A_Ex
Nbea,2,UP,1,1,0.020519789167799646,Acc3_brainstem_GLP_1;Acc3_brainstem_GLP_1_MK_801
Fads6,2,UP,1,1,0.020178862216808743,Acc3_brainstem_GLP_1;Acc3_hypothalamus_conjugate_2
Gm27252,2,UP,1,1,0.02000615799770694,Acc3_hypothalamus_GLP_1_MK_801;Acc8_hypothalamus_LT_A_Ex
Cers1,2,UP,1,1,0.01999064628011779,Acc3_hypothalamus_GLP_1_MK_801;Acc8_hippocampus_ST_A_Ex
Cdkn2aip,2,UP,1,1,0.019826902985461275,Acc3_hypothalamus_GLP_1_MK_801;Acc8_hypothalamus_LT_A_Ex
Slc9a9,2,UP,1,1,0.01967236910928119,Acc10_hippocampus_Ex4_Po_t_TBI;Acc3_hypothalamus_GLP_1_MK_801
Zfp711,2,UP,1,1,0.0196691162546051,Acc3_hypothalamus_GLP_1_MK_801;Acc5_pvn_IP118_PY115
Hectd4,2,UP,1,1,0.01852518809095302,Acc3_brainstem_GLP_1_MK_801;Acc8_hippocampus_ST_A_Ex
Urb2,2,UP,1,1,0.01846651086942641,Acc3_brainstem_GLP_1_MK_801;Acc8_hippocampus_ST_A_Ex
Madd,2,UP,1,1,0.01833049932544145,Acc11_hippocampus_Ex4_mTBI;Acc8_hypothalamus_LT_A_Ex
Yipf6,2,UP,1,1,0.0179168122577813,Acc8_hippocampus_ST_A_Ex;Acc8_hypothalamus_LT_A_Ex
Zfp36l1,2,UP,1,1,0.0168083948194252,Acc3_brainstem_GLP_1;Acc8_frontalcortex_LT_A_Ex
1110059g10rik,2,UP,1,1,0.01673262308854806,Acc3_hypothalamus_GLP_1_MK_801;Acc8_hypothalamus_LT_A_Ex
Slc15a4,2,UP,1,1,0.015990112288787703,Acc11_hippocampus_Ex4_mTBI;Acc3_hypothalamus_GLP_1_MK_801
Slc24a2,2,UP,1,1,0.0157905708174661,Acc3_brainstem_GLP_1;Acc3_brainstem_GLP_1_MK_801
Fmn2,2,UP,1,1,0.015741372189160385,Acc3_brainstem_GLP_1_MK_801;Acc8_hippocampus_ST_A_Ex
Drosha,2,UP,1,1,0.015122661187842945,Acc3_hypothalamus_GLP_1_MK_801;Acc8_hippocampus_ST_A_Ex
Dzip3,2,UP,1,1,0.015032066280514247,Acc3_brainstem_GLP_1_MK_801;Acc8_hippocampus_ST_A_Ex
Donson,2,UP,1,1,0.0144767769033146,Acc3_hypothalamus_GLP_1_MK_801;Acc8_hypothalamus_LT_A_Ex
Peg3,2,UP,1,1,0.014350833061574142,Acc10_hippocampus_Ex4_Pre_TBI;Acc3_brainstem_GLP_1_MK_801
Nipsnap3b,2,UP,1,1,0.014228074225779097,Acc11_hippocampus_Ex4;Acc3_hypothalamus_GLP_1_MK_801
Smarcc2,2,UP,1,1,0.013899475340811596,Acc3_hypothalamus_GLP_1_MK_801;Acc8_hypothalamus_LT_A_Ex
Lsm3,2,UP,1,1,0.013879651050146949,Acc3_brainstem_GLP_1_MK_801;Acc8_hippocampus_ST_A_Ex
Dip2c,2,UP,1,1,0.013821692101105343,Acc3_brainstem_GLP_1;Acc3_brainstem_GLP_1_MK_801
Kctd18,2,UP,1,1,0.013297497779947196,Acc3_hypothalamus_GLP_1_MK_801;Acc8_hippocampus_ST_A_Ex
Fam122a,2,UP,1,1,0.012952547248196888,Acc3_hypothalamus_GLP_1_MK_801;Acc8_frontalcortex_LT_A_Ex
Kbtbd2,2,UP,1,1,0.012888175872732846,Acc3_hypothalamus_GLP_1_MK_801;Acc8_hypothalamus_LT_A_Ex
Unc50,2,UP,1,1,0.012879548744563707,Acc3_hypothalamus_GLP_1_MK_801;Acc8_hippocampus_ST_A_Ex
Gm2000,2,UP,1,1,0.012848158491689798,Acc3_brainstem_GLP_1;Acc3_brainstem_GLP_1_MK_801
Tmtc1,2,UP,1,1,0.012374356369235853,Acc3_brainstem_GLP_1;Acc3_brainstem_GLP_1_MK_801
Rad17,2,UP,1,1,0.01198875882943809,Acc3_hypothalamus_GLP_1_MK_801;Acc8_hypothalamus_LT_A_Ex
Atrn,2,UP,1,1,0.011790546021660298,Acc3_brainstem_GLP_1;Acc3_brainstem_GLP_1_MK_801
Fmn1,2,UP,1,1,0.011380564876847216,Acc3_brainstem_GLP_1;Acc3_brainstem_GLP_1_MK_801
Strn,2,UP,1,1,0.0111618793247652,Acc3_brainstem_GLP_1_MK_801;Acc8_hippocampus_ST_A_Ex
Ap1g2,2,UP,1,1,0.010345016172981197,Acc3_brainstem_GLP_1;Acc8_hippocampus_ST_A_Ex_KD
Cebpzos,2,UP,1,1,0.010258979738801952,Acc3_brainstem_GLP_1;Acc3_brainstem_GLP_1_MK_801
Zbtb38,2,UP,1,1,0.010147950752396245,Acc3_brainstem_GLP_1_MK_801;Acc8_hippocampus_ST_A_Ex
Dzip1,2,UP,1,1,0.0097606399790105,Acc3_hypothalamus_GLP_1_MK_801;Acc8_frontalcortex_ST_A_Ex
Clcn5,2,UP,1,1,0.009721495251675955,Acc3_brainstem_GLP_1;Acc3_brainstem_GLP_1_MK_801
Large1,2,UP,1,1,0.009313227188217504,Acc3_brainstem_GLP_1_MK_801;Acc8_hippocampus_ST_A_Ex
Mdga2,2,UP,1,1,0.009005963889239244,Acc3_brainstem_GLP_1_MK_801;Acc3_hypothalamus_GLP_1_MK_801
Ankrd34b,2,UP,1,1,0.008796067239380506,Acc3_brainstem_GLP_1;Acc3_brainstem_GLP_1_MK_801
Trim30a,2,UP,1,1,0.008551739554161775,Acc8_hippocampus_ST_A_Ex;Acc8_hypothalamus_LT_A_Ex
Morf4l2,2,UP,1,1,0.008499476718396251,Acc3_hypothalamus_GLP_1_MK_801;Acc8_hippocampus_ST_A_Ex_KD
Sox6,2,UP,1,1,0.008451780017676352,Acc3_brainstem_GLP_1_MK_801;Acc8_hippocampus_ST_A_Ex
Anp32b,2,UP,1,1,0.008344661853222343,Acc3_brainstem_GLP_1_MK_801;Acc8_hippocampus_ST_A_Ex_KD
Nup214,2,UP,1,1,0.008153568723020796,Acc3_brainstem_GLP_1_MK_801;Acc8_hippocampus_ST_A_Ex
Golga2,2,UP,1,1,0.007855359306991952,Acc3_hypothalamus_GLP_1_MK_801;Acc8_hypothalamus_LT_A_Ex
Lrp4,2,UP,1,1,0.007649585490594857,Acc3_hypothalamus_GLP_1_MK_801;Acc8_hippocampus_ST_A_Ex
Stxbp5,2,UP,1,1,0.007616514205734032,Acc3_brainstem_GLP_1_MK_801;Acc8_hippocampus_ST_A_Ex
Dag1,2,UP,1,1,0.0074768475633128495,Acc3_brainstem_GLP_1;Acc3_brainstem_GLP_1_MK_801
Nae1,2,UP,1,1,0.007287339143058763,Acc3_hypothalamus_GLP_1_MK_801;Acc8_hypothalamus_LT_A_Ex
Atrnl1,2,UP,1,1,0.00726033515781796,Acc3_brainstem_GLP_1;Acc3_brainstem_GLP_1_MK_801
Eea1,2,UP,1,1,0.007197352517817154,Acc3_brainstem_GLP_1_MK_801;Acc8_hippocampus_ST_A_Ex
Ccdc57,2,UP,1,1,0.00691777332397335,Acc3_brainstem_GLP_1_MK_801;Acc3_hypothalamus_GLP_1_MK_801
Epha5,2,UP,1,1,0.006379942409383055,Acc3_brainstem_GLP_1_MK_801;Acc8_hippocampus_ST_A_Ex
Oxsr1,2,UP,1,1,0.006333254214523354,Acc10_hippocampus_Ex4_Pre_TBI;Acc8_hypothalamus_LT_A_Ex
Uspl1,2,UP,1,1,0.0062877156665863965,Acc8_hippocampus_ST_A_Ex;Acc8_hypothalamus_LT_A_Ex
Asah2,2,UP,1,1,0.006168380644730742,Acc3_brainstem_GLP_1;Acc3_brainstem_GLP_1_MK_801
Kif3c,2,UP,1,1,0.005961500432729652,Acc3_brainstem_GLP_1;Acc3_brainstem_GLP_1_MK_801
Gm20045,2,UP,1,1,0.005693170031505712,Acc3_hypothalamus_GLP_1_MK_801;Acc8_hippocampus_ST_A_Ex
Pgpep1l,2,UP,1,1,0.005671005079071853,Acc8_hippocampus_ST_A_Ex_KD;Acc8_hypothalamus_LT_A_Ex
Mindy3,2,UP,1,1,0.005632483726328741,Acc3_hypothalamus_GLP_1_MK_801;Acc8_hypothalamus_LT_A_Ex
Muc3a,2,UP,1,1,0.005448425688839603,Acc3_brainstem_GLP_1;Acc8_frontalcortex_ST_A_Ex
Tanc1,2,UP,1,1,0.005351926670998264,Acc3_brainstem_GLP_1;Acc3_brainstem_GLP_1_MK_801
Zfp169,2,UP,1,1,0.005135372366020907,Acc3_brainstem_GLP_1;Acc3_brainstem_GLP_1_MK_801
Psme4,2,UP,1,1,0.004555187592523796,Acc10_hippocampus_Ex4_Pre_TBI;Acc5_arc_IP118_PY115
Resf1,2,UP,1,1,0.004276496338887631,Acc8_hippocampus_ST_A_Ex;Acc8_hypothalamus_LT_A_Ex
Rapgef1,2,UP,1,1,0.004208668372840146,Acc11_hippocampus_Ex4_mTBI;Acc8_hippocampus_ST_A_Ex
D130043k22rik,2,UP,1,1,0.0038433472538639546,Acc3_brainstem_GLP_1;Acc3_brainstem_GLP_1_MK_801
Adar,2,UP,1,1,0.003757413108508051,Acc3_brainstem_GLP_1_MK_801;Acc8_hippocampus_ST_A_Ex
C2cd3,2,UP,1,1,0.0035760932896619496,Acc3_brainstem_GLP_1_MK_801;Acc8_hippocampus_ST_A_Ex
Arhgap23,2,UP,1,1,0.0032791999789198445,Acc3_brainstem_GLP_1;Acc3_hypothalamus_GLP_1_MK_801
Kcnh2,2,UP,1,1,0.0032397763491275877,Acc8_frontalcortex_ST_A_Ex_KD;Acc8_hypothalamus_LT_A_Ex
Yes1,2,UP,1,1,0.003101921740389646,Acc8_hippocampus_ST_A_Ex;Acc8_hypothalamus_LT_A_Ex
Myrf,2,UP,1,1,0.0029749931632750415,Acc3_brainstem_GLP_1;Acc3_brainstem_GLP_1_MK_801
Zbed5,2,UP,1,1,0.0027774894518750037,Acc8_hippocampus_ST_A_Ex;Acc8_hypothalamus_LT_A_Ex
Eif4g3,2,UP,1,1,0.0025168414951474982,Acc3_hypothalamus_GLP_1_MK_801;Acc8_hypothalamus_LT_A_Ex
Sgta,2,UP,1,1,0.0023547487955331015,Acc3_hypothalamus_GLP_1_MK_801;Acc8_hypothalamus_LT_A_Ex
Tmem151b,2,UP,1,1,0.002137517299980435,Acc5_pvn_IP118_PY115;Acc8_hypothalamus_LT_A_Ex
Cherp,2,UP,1,1,0.0020707822366607953,Acc3_hypothalamus_GLP_1_MK_801;Acc8_hippocampus_ST_A_Ex
Slc6a20a,2,UP,1,1,0.0017309154113795966,Acc3_brainstem_GLP_1_MK_801;Acc8_frontalcortex_LT_A_Ex
Fbxo8,2,UP,1,1,0.001380707047120372,Acc3_hypothalamus_GLP_1_MK_801;Acc8_hypothalamus_LT_A_Ex
Wwc2,2,UP,1,1,0.0012319243006816,Acc10_hippocampus_Ex4_Pre_TBI;Acc3_brainstem_GLP_1_MK_801
Ubxn2a,2,UP,1,1,0.0010320488994922383,Acc3_brainstem_GLP_1_MK_801;Acc8_hippocampus_ST_A_Ex
Phyhip,2,UP,1,1,0.0008670269215975135,Acc11_hippocampus_Ex4_mTBI;Acc8_hypothalamus_LT_A_Ex
Tubgcp5,2,UP,1,1,0.0007258933602543038,Acc3_brainstem_GLP_1;Acc3_brainstem_GLP_1_MK_801
Zfp160,2,UP,1,1,0.000677679316220009,Acc3_hypothalamus_GLP_1_MK_801;Acc8_hypothalamus_LT_A_Ex
Tmem132b,2,UP,1,1,0.00046747678516109725,Acc3_brainstem_GLP_1;Acc3_brainstem_GLP_1_MK_801
Gbf1,2,UP,1,1,0.00042752367770775013,Acc3_brainstem_GLP_1_MK_801;Acc8_hippocampus_ST_A_Ex
Cdh13,2,UP,1,1,0.00022181871700789613,Acc3_hypothalamus_GLP_1_MK_801;Acc8_hypothalamus_LT_A_Ex
Cmtm6,2,UP,1,1,0.0001582881541792036,Acc11_hippocampus_Ex4;Acc8_frontalcortex_YA_Ex
Sstr3,2,UP,1,1,-0.00031867058874154863,Acc8_hippocampus_ST_A_Ex_KD;Acc8_hypothalamus_LT_A_Ex
Actn4,2,UP,1,1,-0.00032507796646946696,Acc3_hypothalamus_GLP_1_MK_801;Acc8_hypothalamus_LT_A_Ex
Thrb,2,UP,1,1,-0.0005858515850017953,Acc3_brainstem_GLP_1;Acc3_brainstem_GLP_1_MK_801
Tmcc2,2,UP,1,1,-0.000622230830105458,Acc11_hippocampus_Ex4_mTBI;Acc8_hypothalamus_LT_A_Ex
Fhod3,2,UP,1,1,-0.0006892358849718005,Acc3_brainstem_GLP_1_MK_801;Acc8_hypothalamus_LT_A_Ex
Atf6,2,UP,1,1,-0.0008096620453300479,Acc3_brainstem_GLP_1;Acc3_brainstem_GLP_1_MK_801
Gorasp2,2,UP,1,1,-0.0011280599000005054,Acc11_hippocampus_Ex4;Acc11_hippocampus_Ex4_mTBI
Galnt17,2,UP,1,1,-0.001190235821746849,Acc8_frontalcortex_ST_A_Ex_KD;Acc8_hypothalamus_LT_A_Ex
Tulp4,2,UP,1,1,-0.001225412841505652,Acc3_brainstem_GLP_1;Acc3_brainstem_GLP_1_MK_801
Ubqln4,2,UP,1,1,-0.0012653360453398488,Acc11_hippocampus_Ex4_mTBI;Acc8_hippocampus_ST_A_Ex
Klf16,2,UP,1,1,-0.002182927752705316,Acc5_arc_IP118_PY115;Acc8_hippocampus_ST_A_Ex_KD
Ablim2,2,UP,1,1,-0.0028946109836827105,Acc10_hippocampus_Ex4_Pre_TBI;Acc3_hypothalamus_GLP_1_MK_801
Sec16a,2,UP,1,1,-0.003206451241949293,Acc3_brainstem_GLP_1_MK_801;Acc8_hippocampus_ST_A_Ex
Ly6a,2,UP,1,1,-0.0034636517660398963,Acc3_brainstem_GLP_1;Acc3_brainstem_GLP_1_MK_801
Paqr8,2,UP,1,1,-0.003602609897760553,Acc3_brainstem_GLP_1_MK_801;Acc8_hippocampus_ST_A_Ex
Dipk1b,2,UP,1,1,-0.003946766068157859,Acc3_hypothalamus_GLP_1_MK_801;Acc8_hippocampus_ST_A_Ex
Ankrd52,2,UP,1,1,-0.004047537235436688,Acc3_brainstem_GLP_1;Acc3_brainstem_GLP_1_MK_801
Cadps,2,UP,1,1,-0.004182810592153308,Acc3_brainstem_GLP_1;Acc3_brainstem_GLP_1_MK_801
Apbb2,2,UP,1,1,-0.004766645806716555,Acc3_brainstem_GLP_1_MK_801;Acc8_hippocampus_ST_A_Ex
Cad,2,UP,1,1,-0.005437370963609647,Acc3_brainstem_GLP_1_MK_801;Acc8_hippocampus_ST_A_Ex
Ubr3,2,UP,1,1,-0.0054540501218403314,Acc3_brainstem_GLP_1;Acc3_brainstem_GLP_1_MK_801
Pikfyve,2,UP,1,1,-0.005596967949741502,Acc3_brainstem_GLP_1;Acc3_brainstem_GLP_1_MK_801
Klf6,2,UP,1,1,-0.005644641944689638,Acc11_hippocampus_Ex4_mTBI;Acc3_hypothalamus_GLP_1_MK_801
Myo9a,2,UP,1,1,-0.0057543006460264445,Acc3_brainstem_GLP_1_MK_801;Acc8_hippocampus_ST_A_Ex
Wfs1,2,UP,1,1,-0.005767891072668008,Acc3_hypothalamus_GLP_1_MK_801;Acc8_hippocampus_ST_A_Ex
Tial1,2,UP,1,1,-0.006138391750872246,Acc11_hippocampus_Ex4_mTBI;Acc3_hypothalamus_GLP_1_MK_801
Med7,2,UP,1,1,-0.0063507467424797626,Acc3_hypothalamus_GLP_1_MK_801;Acc8_hypothalamus_LT_A_Ex
Ubl7,2,UP,1,1,-0.0063574405912352056,Acc3_hypothalamus_GLP_1_MK_801;Acc8_frontalcortex_LT_A_Ex
Astn1,2,UP,1,1,-0.006416462922629929,Acc3_brainstem_GLP_1_MK_801;Acc8_hippocampus_ST_A_Ex
Slc7a2,2,UP,1,1,-0.006700019020398948,Acc3_brainstem_GLP_1;Acc3_brainstem_GLP_1_MK_801
Zfp109,2,UP,1,1,-0.006853854627701689,Acc3_brainstem_GLP_1;Acc3_brainstem_GLP_1_MK_801
Sez6l,2,UP,1,1,-0.006897631748821256,Acc3_brainstem_GLP_1_MK_801;Acc8_hypothalamus_LT_A_Ex
4930522l14rik,2,UP,1,1,-0.006942721760932691,Acc3_hypothalamus_GLP_1_MK_801;Acc8_hypothalamus_LT_A_Ex
Dnajc11,2,UP,1,1,-0.006986479233547907,Acc8_hippocampus_ST_A_Ex_KD;Acc8_hypothalamus_LT_A_Ex
Dnm1,2,UP,1,1,-0.007006840140852108,Acc3_hypothalamus_GLP_1_MK_801;Acc8_hippocampus_ST_A_Ex
Cep76,2,UP,1,1,-0.007707628753744256,Acc8_hippocampus_ST_A_Ex;Acc8_hypothalamus_LT_A_Ex
Uhrf1bp1l,2,UP,1,1,-0.007971748685993124,Acc11_hippocampus_Ex4_mTBI;Acc8_hippocampus_ST_A_Ex
Tbc1d23,2,UP,1,1,-0.008205117759373548,Acc3_hypothalamus_GLP_1_MK_801;Acc8_hypothalamus_LT_A_Ex
Ktn1,2,UP,1,1,-0.00876336023148619,Acc11_hippocampus_Ex4;Acc8_hippocampus_ST_A_Ex
Zxdc,2,UP,1,1,-0.008793773682671993,Acc11_hippocampus_Ex4_mTBI;Acc8_hippocampus_ST_A_Ex
Dmtn,2,UP,1,1,-0.008834265339305203,Acc3_hypothalamus_GLP_1_MK_801;Acc8_hypothalamus_LT_A_Ex
Ap2b1,2,UP,1,1,-0.008867222673961256,Acc11_hippocampus_Ex4_mTBI;Acc8_hippocampus_ST_A_Ex
2610044o15rik8,2,UP,1,1,-0.00933984913620825,Acc3_hypothalamus_GLP_1_MK_801;Acc8_hypothalamus_LT_A_Ex
Thsd7a,2,UP,1,1,-0.009762922021697484,Acc3_brainstem_GLP_1;Acc3_brainstem_GLP_1_MK_801
Zfp938,2,UP,1,1,-0.009763867670309345,Acc3_hypothalamus_GLP_1_MK_801;Acc8_hypothalamus_LT_A_Ex
Arap2,2,UP,1,1,-0.009788064477086356,Acc3_brainstem_GLP_1;Acc3_brainstem_GLP_1_MK_801
Gm14827,2,UP,1,1,-0.010170292200234049,Acc3_brainstem_GLP_1;Acc8_frontalcortex_ST_A_Ex_KD
Maneal,2,UP,1,1,-0.01062175549519355,Acc8_frontalcortex_ST_A_Ex;Acc8_hypothalamus_LT_A_Ex
Pde10a,2,UP,1,1,-0.011210090315470905,Acc3_brainstem_GLP_1_MK_801;Acc8_hippocampus_ST_A_Ex
Hnrnpul1,2,UP,1,1,-0.011515390757861316,Acc3_hypothalamus_GLP_1_MK_801;Acc8_hypothalamus_LT_A_Ex
Rbms1,2,UP,1,1,-0.011618411119071137,Acc3_hypothalamus_GLP_1_MK_801;Acc8_hypothalamus_LT_A_Ex
Mrps14,2,UP,1,1,-0.011886511270071148,Acc3_brainstem_GLP_1;Acc3_hypothalamus_GLP_1_MK_801
Jph3,2,UP,1,1,-0.011993949049946606,Acc3_hypothalamus_GLP_1_MK_801;Acc8_hypothalamus_LT_A_Ex
Fat1,2,UP,1,1,-0.012224739344901342,Acc3_brainstem_GLP_1;Acc3_brainstem_GLP_1_MK_801
Rph3a,2,UP,1,1,-0.012610687976984086,Acc3_hypothalamus_GLP_1_MK_801;Acc8_hypothalamus_LT_A_Ex
Bri3bp,2,UP,1,1,-0.013415025554209786,Acc3_brainstem_GLP_1_MK_801;Acc8_hippocampus_ST_A_Ex
Tnip1,2,UP,1,1,-0.014124460255328694,Acc3_hypothalamus_GLP_1_MK_801;Acc8_hypothalamus_LT_A_Ex
Rsph1,2,UP,1,1,-0.014206827117706822,Acc8_hippocampus_ST_A_Ex;Acc8_hypothalamus_LT_A_Ex
Unc79,2,UP,1,1,-0.014604631160800602,Acc3_brainstem_GLP_1_MK_801;Acc8_frontalcortex_ST_A_Ex
Gfod1,2,UP,1,1,-0.014708401124414267,Acc3_brainstem_GLP_1_MK_801;Acc8_hippocampus_ST_A_Ex
Trmt13,2,UP,1,1,-0.014748489356551958,Acc3_hypothalamus_GLP_1_MK_801;Acc8_hippocampus_ST_A_Ex_KD
Rap1a,2,UP,1,1,-0.014798625225238338,Acc3_hypothalamus_GLP_1_MK_801;Acc8_hypothalamus_LT_A_Ex
Entpd7,2,UP,1,1,-0.016051280149726954,Acc3_brainstem_GLP_1;Acc3_brainstem_GLP_1_MK_801
Eef1a2,2,UP,1,1,-0.01644555310987794,Acc3_hypothalamus_GLP_1_MK_801;Acc8_hypothalamus_LT_A_Ex
Fbxo31,2,UP,1,1,-0.016646491243229436,Acc3_hypothalamus_GLP_1_MK_801;Acc8_hypothalamus_LT_A_Ex
Hip1,2,UP,1,1,-0.016804366758095504,Acc11_hippocampus_Ex4_mTBI;Acc3_hypothalamus_GLP_1_MK_801
Lrrc4c,2,UP,1,1,-0.016864466716591406,Acc3_brainstem_GLP_1_MK_801;Acc8_hippocampus_ST_A_Ex
Hk1,2,UP,1,1,-0.01692599942429371,Acc3_hypothalamus_GLP_1_MK_801;Acc8_hypothalamus_LT_A_Ex
Spty2d1,2,UP,1,1,-0.01748527563703625,Acc3_brainstem_GLP_1_MK_801;Acc8_hippocampus_ST_A_Ex
Med13,2,UP,1,1,-0.017525053982074962,Acc3_brainstem_GLP_1;Acc3_brainstem_GLP_1_MK_801
Nucks1,2,UP,1,1,-0.01775032846292371,Acc3_hypothalamus_GLP_1_MK_801;Acc8_hippocampus_ST_A_Ex_KD
Hdac11,2,UP,1,1,-0.01803817337335055,Acc3_hypothalamus_GLP_1_MK_801;Acc8_hypothalamus_LT_A_Ex
Man2b2,2,UP,1,1,-0.018074297577050397,Acc3_hypothalamus_GLP_1_MK_801;Acc8_hypothalamus_LT_A_Ex
Hs6st2,2,UP,1,1,-0.01865694221326425,Acc3_brainstem_GLP_1;Acc3_brainstem_GLP_1_MK_801
Rrp7a,2,UP,1,1,-0.01887302337943335,Acc3_hypothalamus_GLP_1_MK_801;Acc8_hypothalamus_LT_A_Ex
Gsg1l,2,UP,1,1,-0.019170158898351553,Acc3_hypothalamus_GLP_1_MK_801;Acc8_hippocampus_ST_A_Ex
Sec22c,2,UP,1,1,-0.019744633064759057,Acc3_brainstem_GLP_1_MK_801;Acc8_hippocampus_ST_A_Ex
Mro,2,UP,1,1,-0.019864849640583396,Acc8_frontalcortex_ST_A_Ex_KD;Acc8_hippocampus_ST_A_Ex
Esrrg,2,UP,1,1,-0.019992636056827884,Acc3_brainstem_GLP_1;Acc3_brainstem_GLP_1_MK_801
Gm45871,2,UP,1,1,-0.02003920384968577,Acc3_hypothalamus_GLP_1_MK_801;Acc8_hypothalamus_LT_A_Ex
Gys1,2,UP,1,1,-0.020041870926563607,Acc3_hypothalamus_GLP_1_MK_801;Acc8_hippocampus_ST_A_Ex
Pak6,2,UP,1,1,-0.020064440405611547,Acc8_hippocampus_ST_A_Ex_KD;Acc8_hypothalamus_LT_A_Ex
A230072c01rik,2,UP,1,1,-0.02058379522911269,Acc3_hypothalamus_GLP_1_MK_801;Acc8_hypothalamus_LT_A_Ex
Nptxr,2,UP,1,1,-0.021211525573857914,Acc8_frontalcortex_ST_A_Ex_KD;Acc8_hypothalamus_LT_A_Ex
Etl4,2,UP,1,1,-0.021683447592547395,Acc3_brainstem_GLP_1;Acc3_brainstem_GLP_1_MK_801
Mgat4a,2,UP,1,1,-0.02178413190310889,Acc5_pvn_IP118_PY115;Acc8_hippocampus_ST_A_Ex
D630045j12rik,2,UP,1,1,-0.022192971749212698,Acc3_brainstem_GLP_1_MK_801;Acc8_hippocampus_ST_A_Ex
Itpkb,2,UP,1,1,-0.0222342113978172,Acc3_brainstem_GLP_1_MK_801;Acc8_frontalcortex_YA_Ex
A230103l15rik,2,UP,1,1,-0.022651943940676433,Acc3_brainstem_GLP_1;Acc3_hypothalamus_GLP_1_MK_801
Zscan29,2,UP,1,1,-0.023433147071716454,Acc8_hippocampus_ST_A_Ex;Acc8_hypothalamus_LT_A_Ex
Acot11,2,UP,1,1,-0.023907105678469334,Acc3_hypothalamus_GLP_1_MK_801;Acc8_hypothalamus_LT_A_Ex
Brinp3,2,UP,1,1,-0.02420837924984759,Acc3_brainstem_GLP_1_MK_801;Acc8_hippocampus_ST_A_Ex
Znfx1,2,UP,1,1,-0.024535235136028385,Acc3_brainstem_GLP_1_MK_801;Acc8_hippocampus_ST_A_Ex
Gm49654,2,UP,1,1,-0.024900091771362154,Acc3_brainstem_GLP_1;Acc3_brainstem_GLP_1_MK_801
Fcrls,2,UP,1,1,-0.024937707360867645,Acc3_hypothalamus_GLP_1_MK_801;Acc8_hippocampus_ST_A_Ex_KD
Supt5,2,UP,1,1,-0.025268830633684708,Acc3_hypothalamus_GLP_1_MK_801;Acc8_hypothalamus_LT_A_Ex
Atg4c,2,UP,1,1,-0.025374606348586654,Acc3_hypothalamus_GLP_1_MK_801;Acc8_hypothalamus_LT_A_Ex
Tmppe,2,UP,1,1,-0.025533936791343748,Acc3_brainstem_GLP_1;Acc3_brainstem_GLP_1_MK_801
Ddx60,2,UP,1,1,-0.02574796420128911,Acc8_hippocampus_ST_A_Ex_KD;Acc8_hypothalamus_LT_A_Ex
Zmym4,2,UP,1,1,-0.025982988367179743,Acc3_brainstem_GLP_1_MK_801;Acc8_hippocampus_ST_A_Ex
Dlg2,2,UP,1,1,-0.02610583521092205,Acc3_brainstem_GLP_1_MK_801;Acc8_hippocampus_ST_A_Ex
Lrrc8d,2,UP,1,1,-0.026144177217807887,Acc3_brainstem_GLP_1;Acc3_brainstem_GLP_1_MK_801
3830406c13rik,2,UP,1,1,-0.026639310034258595,Acc3_hypothalamus_GLP_1_MK_801;Acc8_hypothalamus_LT_A_Ex
Pum1,2,UP,1,1,-0.026881012568619606,Acc3_brainstem_GLP_1_MK_801;Acc8_hippocampus_ST_A_Ex
Thoc1,2,UP,1,1,-0.027057761992427043,Acc3_hypothalamus_GLP_1_MK_801;Acc8_hypothalamus_LT_A_Ex
Pfn2,2,UP,1,1,-0.027144106835422538,Acc11_hippocampus_Ex4;Acc3_hypothalamus_GLP_1_MK_801
Rabep1,2,UP,1,1,-0.027206787922948852,Acc11_hippocampus_Ex4_mTBI;Acc8_hippocampus_ST_A_Ex
Sirt2,2,UP,1,1,-0.027249952430916213,Acc8_hippocampus_ST_A_Ex;Acc8_hypothalamus_LT_A_Ex
Slitrk1,2,UP,1,1,-0.027347320712148307,Acc3_brainstem_GLP_1;Acc3_brainstem_GLP_1_MK_801
Dennd1a,2,UP,1,1,-0.027383121041673203,Acc3_hypothalamus_GLP_1_MK_801;Acc8_hypothalamus_LT_A_Ex
Agt,2,UP,1,1,-0.027748230769768845,Acc3_brainstem_GLP_1;Acc8_hypothalamus_LT_A_Ex
Dgkb,2,UP,1,1,-0.027814556273922653,Acc3_brainstem_GLP_1_MK_801;Acc8_hippocampus_ST_A_Ex
Zc3h4,2,UP,1,1,-0.0279350465510924,Acc3_hypothalamus_GLP_1_MK_801;Acc8_hypothalamus_LT_A_Ex
E2f5,2,UP,1,1,-0.028932178680501464,Acc3_hypothalamus_GLP_1_MK_801;Acc8_hypothalamus_LT_A_Ex
Serpinb9,2,UP,1,1,-0.029248519595201056,Acc8_hippocampus_ST_A_Ex_KD;Acc8_hypothalamus_LT_A_Ex
Crim1,2,UP,1,1,-0.029446412295646512,Acc3_brainstem_GLP_1;Acc3_brainstem_GLP_1_MK_801
Aff3,2,UP,1,1,-0.029824658104774804,Acc3_brainstem_GLP_1_MK_801;Acc8_hippocampus_ST_A_Ex
Ilkap,2,UP,1,1,-0.02983066229593985,Acc3_brainstem_GLP_1;Acc8_frontalcortex_LT_A_Ex
Brcc3,2,UP,1,1,-0.02985502229938561,Acc11_hippocampus_Ex4_mTBI;Acc3_hypothalamus_GLP_1_MK_801
Acer3,2,UP,1,1,-0.030351977867719898,Acc11_hippocampus_Ex4;Acc3_hypothalamus_GLP_1_MK_801
Hdac4,2,UP,1,1,-0.030804319396674246,Acc3_brainstem_GLP_1_MK_801;Acc8_hippocampus_ST_A_Ex
Zfp729a,2,UP,1,1,-0.031036535852572836,Acc3_brainstem_GLP_1_MK_801;Acc8_hippocampus_ST_A_Ex
Mon2,2,UP,1,1,-0.031073326594838246,Acc3_brainstem_GLP_1_MK_801;Acc8_hippocampus_ST_A_Ex
Nr1d2,2,UP,1,1,-0.03112597079011875,Acc11_hippocampus_Ex4_mTBI;Acc3_hypothalamus_GLP_1_MK_801
Clk4,2,UP,1,1,-0.0315407348317539,Acc11_hippocampus_Ex4;Acc3_hypothalamus_GLP_1_MK_801
Grik4,2,UP,1,1,-0.03172386169042385,Acc3_hypothalamus_GLP_1_MK_801;Acc8_hypothalamus_LT_A_Ex
Ogdh,2,UP,1,1,-0.03184714914854381,Acc3_hypothalamus_GLP_1_MK_801;Acc8_hippocampus_ST_A_Ex
Lrrn1,2,UP,1,1,-0.032031699017197046,Acc3_brainstem_GLP_1;Acc3_brainstem_GLP_1_MK_801
Carm1,2,UP,1,1,-0.032528624400837494,Acc3_hypothalamus_GLP_1_MK_801;Acc8_hypothalamus_LT_A_Ex
Agl,2,UP,1,1,-0.0325293451855727,Acc3_brainstem_GLP_1;Acc3_brainstem_GLP_1_MK_801
Sp2,2,UP,1,1,-0.03258793699831769,Acc3_hypothalamus_GLP_1_MK_801;Acc8_hypothalamus_LT_A_Ex
Lonrf2,2,UP,1,1,-0.0328163905023138,Acc3_brainstem_GLP_1_MK_801;Acc8_hippocampus_ST_A_Ex
Ube2v1,2,UP,1,1,-0.032974832866556544,Acc8_hippocampus_ST_A_Ex_KD;Acc8_hypothalamus_LT_A_Ex
Tubb3,2,UP,1,1,-0.03339694283006364,Acc8_hippocampus_ST_A_Ex;Acc8_hypothalamus_LT_A_Ex
Gm50107,2,UP,1,1,-0.034314317440178405,Acc3_brainstem_GLP_1;Acc3_hypothalamus_GLP_1_MK_801
Smg7,2,UP,1,1,-0.035796770284163754,Acc11_hippocampus_Ex4_mTBI;Acc8_hippocampus_ST_A_Ex
Rab11fip2,2,UP,1,1,-0.03655486773696354,Acc3_brainstem_GLP_1_MK_801;Acc8_hippocampus_ST_A_Ex
Zmiz2,2,UP,1,1,-0.03701557681192541,Acc3_hypothalamus_GLP_1_MK_801;Acc8_hypothalamus_LT_A_Ex
Tshz2,2,UP,1,1,-0.037058795617753215,Acc3_hypothalamus_GLP_1_MK_801;Acc8_hypothalamus_LT_A_Ex
Shank2,2,UP,1,1,-0.037059542593386646,Acc3_hypothalamus_GLP_1_MK_801;Acc8_hippocampus_ST_A_Ex
Slc2a4rg-ps,2,UP,1,1,-0.03709264159493754,Acc3_brainstem_GLP_1;Acc3_brainstem_GLP_1_MK_801
Gm14295,2,UP,1,1,-0.037286638348465045,Acc3_hypothalamus_GLP_1_MK_801;Acc8_hypothalamus_LT_A_Ex
Eif5a,2,UP,1,1,-0.03740717569984181,Acc11_hippocampus_Ex4_mTBI;Acc8_hippocampus_ST_A_Ex_KD
Utrn,2,UP,1,1,-0.03769958823760175,Acc3_brainstem_GLP_1_MK_801;Acc8_frontalcortex_ST_A_Ex_KD
Sez6,2,UP,1,1,-0.0377674167311966,Acc3_hypothalamus_GLP_1_MK_801;Acc8_hypothalamus_LT_A_Ex
Slc6a11,2,UP,1,1,-0.038079103075305404,Acc3_brainstem_GLP_1_MK_801;Acc8_hypothalamus_LT_A_Ex
Grid1,2,UP,1,1,-0.03826253964222981,Acc3_brainstem_GLP_1_MK_801;Acc8_hypothalamus_LT_A_Ex
Extl1,2,UP,1,1,-0.03862929993703616,Acc3_hypothalamus_GLP_1_MK_801;Acc8_hypothalamus_LT_A_Ex
Plcb1,2,UP,1,1,-0.038933229051430845,Acc3_brainstem_GLP_1_MK_801;Acc8_hippocampus_ST_A_Ex
Mfhas1,2,UP,1,1,-0.03987651875038005,Acc3_brainstem_GLP_1_MK_801;Acc8_hippocampus_ST_A_Ex
Nucb1,2,UP,1,1,-0.040075370340842645,Acc3_hypothalamus_GLP_1_MK_801;Acc8_hypothalamus_LT_A_Ex
Panx2,2,UP,1,1,-0.040252289168071054,Acc3_hypothalamus_GLP_1_MK_801;Acc8_hypothalamus_LT_A_Ex
Agap2,2,UP,1,1,-0.04034900442522829,Acc3_hypothalamus_GLP_1_MK_801;Acc8_hypothalamus_LT_A_Ex
Dctn1,2,UP,1,1,-0.04042063125602123,Acc3_hypothalamus_GLP_1_MK_801;Acc8_hypothalamus_LT_A_Ex
Prr14l,2,UP,1,1,-0.04126510277857812,Acc3_brainstem_GLP_1_MK_801;Acc8_hippocampus_ST_A_Ex
Itga10,2,UP,1,1,-0.041364425365468666,Acc3_brainstem_GLP_1;Acc3_hypothalamus_conjugate_2
Prmt5,2,UP,1,1,-0.041659280243624336,Acc11_hippocampus_Ex4_mTBI;Acc3_hypothalamus_GLP_1_MK_801
Klhl42,2,UP,1,1,-0.041683160315767354,Acc3_brainstem_GLP_1_MK_801;Acc8_hippocampus_ST_A_Ex
Ppp4r2,2,UP,1,1,-0.04178241543598196,Acc11_hippocampus_Ex4_mTBI;Acc8_hippocampus_ST_A_Ex
Ddn,2,UP,1,1,-0.041796611253628324,Acc8_hippocampus_ST_A_Ex_KD;Acc8_hypothalamus_LT_A_Ex
Adamtsl1,2,UP,1,1,-0.04223058348246561,Acc3_brainstem_GLP_1;Acc3_hypothalamus_GLP_1_MK_801
Traf3,2,UP,1,1,-0.042310462865596546,Acc3_brainstem_GLP_1_MK_801;Acc8_hippocampus_ST_A_Ex
Bcap29,2,UP,1,1,-0.042753608956268785,Acc3_hypothalamus_GLP_1_MK_801;Acc8_hypothalamus_LT_A_Ex
Stk24,2,UP,1,1,-0.0430264652985491,Acc3_brainstem_GLP_1;Acc3_brainstem_GLP_1_MK_801
Paqr3,2,UP,1,1,-0.0431196599875415,Acc3_brainstem_GLP_1_MK_801;Acc8_hippocampus_ST_A_Ex
Lrrc4b,2,UP,1,1,-0.0442007864743707,Acc3_hypothalamus_GLP_1_MK_801;Acc8_hypothalamus_LT_A_Ex
Exoc8,2,UP,1,1,-0.044430535476483804,Acc3_brainstem_GLP_1_MK_801;Acc8_hippocampus_ST_A_Ex
Pld3,2,UP,1,1,-0.0446362689128368,Acc8_hippocampus_ST_A_Ex_KD;Acc8_hypothalamus_LT_A_Ex
Mrps18a,2,UP,1,1,-0.044662265498231185,Acc8_hippocampus_ST_A_Ex;Acc8_hypothalamus_LT_A_Ex
Hgs,2,UP,1,1,-0.044682456730105055,Acc3_hypothalamus_GLP_1_MK_801;Acc8_hypothalamus_LT_A_Ex
Mrtfb,2,UP,1,1,-0.045166214653364095,Acc3_brainstem_GLP_1_MK_801;Acc8_hippocampus_ST_A_Ex
Pdcd10,2,UP,1,1,-0.04563841981328215,Acc3_hypothalamus_GLP_1_MK_801;Acc8_hypothalamus_LT_A_Ex
Tmem131,2,UP,1,1,-0.04575928118749539,Acc3_brainstem_GLP_1_MK_801;Acc8_hippocampus_ST_A_Ex
Tmem126a,2,UP,1,1,-0.04620597158632314,Acc3_hypothalamus_GLP_1_MK_801;Acc8_hippocampus_ST_A_Ex
Ptprf,2,UP,1,1,-0.04649199073467067,Acc3_brainstem_GLP_1_MK_801;Acc8_hypothalamus_LT_A_Ex
Dhx38,2,UP,1,1,-0.046969771500461194,Acc3_hypothalamus_GLP_1_MK_801;Acc8_hypothalamus_LT_A_Ex
Mgat5,2,UP,1,1,-0.047490713695652664,Acc3_brainstem_GLP_1_MK_801;Acc8_hippocampus_ST_A_Ex
Pde8b,2,UP,1,1,-0.047856210659607185,Acc3_hypothalamus_GLP_1_MK_801;Acc8_hippocampus_ST_A_Ex
Ccnh,2,UP,1,1,-0.047868767693310416,Acc3_hypothalamus_GLP_1_MK_801;Acc8_hypothalamus_LT_A_Ex
Chd5,2,UP,1,1,-0.048520877462427864,Acc3_brainstem_GLP_1_MK_801;Acc8_hypothalamus_LT_A_Ex
Laptm5,2,UP,1,1,-0.050236404548816255,Acc3_hypothalamus_GLP_1_MK_801;Acc8_hippocampus_ST_A_Ex
Eny2,2,UP,1,1,-0.05023874364313119,Acc3_hypothalamus_GLP_1_MK_801;Acc8_hypothalamus_LT_A_Ex
Slc6a17,2,UP,1,1,-0.05038267492261933,Acc3_brainstem_GLP_1_MK_801;Acc8_hypothalamus_LT_A_Ex
Fgfr3,2,UP,1,1,-0.050579436889391635,Acc8_hippocampus_ST_A_Ex_KD;Acc8_hypothalamus_LT_A_Ex
Secisbp2l,2,UP,1,1,-0.051363668718721806,Acc3_brainstem_GLP_1;Acc3_brainstem_GLP_1_MK_801
Sema6b,2,UP,1,1,-0.052581333353529325,Acc8_frontalcortex_ST_A_Ex_KD;Acc8_hypothalamus_LT_A_Ex
Haus3,2,UP,1,1,-0.05304434875683847,Acc3_hypothalamus_GLP_1_MK_801;Acc8_hypothalamus_LT_A_Ex
Incenp,2,UP,1,1,-0.053235748058058335,Acc8_hippocampus_ST_A_Ex;Acc8_hypothalamus_LT_A_Ex
Pcdhb2,2,UP,1,1,-0.053493697193888246,Acc3_brainstem_GLP_1;Acc3_hypothalamus_GLP_1_MK_801
Rbm12b2,2,UP,1,1,-0.054561299059460666,Acc3_hypothalamus_GLP_1_MK_801;Acc8_hypothalamus_LT_A_Ex
Chmp1b,2,UP,1,1,-0.054763456235282754,Acc3_hypothalamus_GLP_1_MK_801;Acc8_hypothalamus_LT_A_Ex
Dalrd3,2,UP,1,1,-0.055190151954072814,Acc3_brainstem_GLP_1;Acc8_hippocampus_ST_A_Ex_KD
Glmn,2,UP,1,1,-0.05658814469252632,Acc3_hypothalamus_GLP_1_MK_801;Acc8_hypothalamus_LT_A_Ex
Tesk1,2,UP,1,1,-0.05851963393056833,Acc3_hypothalamus_GLP_1_MK_801;Acc8_hypothalamus_LT_A_Ex
Lrfn1,2,UP,1,1,-0.0612129053945735,Acc3_hypothalamus_GLP_1_MK_801;Acc8_hypothalamus_LT_A_Ex
Slco1a4,2,UP,1,1,-0.06125860166512995,Acc3_hypothalamus_GLP_1_MK_801;Acc8_hypothalamus_LT_A_Ex
Alg6,2,UP,1,1,-0.06173108406424871,Acc3_hypothalamus_GLP_1_MK_801;Acc8_hypothalamus_LT_A_Ex
Foxo3,2,UP,1,1,-0.06242315897351165,Acc3_brainstem_GLP_1_MK_801;Acc8_hippocampus_ST_A_Ex
Fbxo46,2,UP,1,1,-0.06360238234894369,Acc3_hypothalamus_GLP_1_MK_801;Acc8_hypothalamus_LT_A_Ex
Taf4b,2,UP,1,1,-0.06365125644393493,Acc3_brainstem_GLP_1_MK_801;Acc8_hippocampus_ST_A_Ex
Lancl3,2,UP,1,1,-0.0639170156754999,Acc3_brainstem_GLP_1;Acc5_pvn_IP118_PY115
Zkscan1,2,UP,1,1,-0.06451721551237444,Acc3_brainstem_GLP_1_MK_801;Acc8_hippocampus_ST_A_Ex
Chml,2,UP,1,1,-0.06478247681221924,Acc3_brainstem_GLP_1_MK_801;Acc3_hypothalamus_GLP_1_MK_801
Scube1,2,UP,1,1,-0.06510688723533109,Acc3_brainstem_GLP_1_MK_801;Acc8_hypothalamus_LT_A_Ex
Tmem150c,2,UP,1,1,-0.06588667168597055,Acc8_hippocampus_ST_A_Ex_KD;Acc8_hypothalamus_LT_A_Ex
Zfpm1,2,UP,1,1,-0.06657052406846134,Acc3_hypothalamus_GLP_1_MK_801;Acc8_hippocampus_ST_A_Ex
Gp1bb,2,UP,1,1,-0.06726785495221599,Acc8_frontalcortex_LT_A_Ex;Acc8_hippocampus_ST_A_Ex
Wiz,2,UP,1,1,-0.06731158948596629,Acc3_hypothalamus_GLP_1_MK_801;Acc8_hypothalamus_LT_A_Ex
Coq10b,2,UP,1,1,-0.06756905216655901,Acc3_hypothalamus_GLP_1_MK_801;Acc8_hypothalamus_LT_A_Ex
Rnf152,2,UP,1,1,-0.0685679016080426,Acc3_brainstem_GLP_1_MK_801;Acc3_hypothalamus_GLP_1_MK_801
Sh3yl1,2,UP,1,1,-0.0696205402632328,Acc5_arc_IP118_PY115;Acc8_hippocampus_ST_A_Ex_KD
2300009a05rik,2,UP,1,1,-0.07135752931899708,Acc3_hypothalamus_GLP_1_MK_801;Acc8_hippocampus_ST_A_Ex
Rexo1,2,UP,1,1,-0.0719106966971433,Acc3_hypothalamus_GLP_1_MK_801;Acc8_hypothalamus_LT_A_Ex
4930503l19rik,2,UP,1,1,-0.07246136294022759,Acc3_hypothalamus_GLP_1_MK_801;Acc8_hypothalamus_LT_A_Ex
Sema5a,2,UP,1,1,-0.07310176971777044,Acc3_brainstem_GLP_1_MK_801;Acc8_hippocampus_ST_A_Ex
Rarb,2,UP,1,1,-0.0732138565946546,Acc8_hippocampus_ST_A_Ex_KD;Acc8_hypothalamus_LT_A_Ex
Reep6,2,UP,1,1,-0.07393201005423952,Acc3_hypothalamus_GLP_1_MK_801;Acc8_hypothalamus_LT_A_Ex
Nipa1,2,UP,1,1,-0.07433491591305465,Acc3_brainstem_GLP_1;Acc3_brainstem_GLP_1_MK_801
Dhrs13os,2,UP,1,1,-0.07499609373180718,Acc8_hippocampus_ST_A_Ex_KD;Acc8_hypothalamus_LT_A_Ex
Fbxo41,2,UP,1,1,-0.07587713787733061,Acc3_brainstem_GLP_1_MK_801;Acc8_hypothalamus_LT_A_Ex
Limk1,2,UP,1,1,-0.07667532313171971,Acc3_hypothalamus_GLP_1_MK_801;Acc8_hypothalamus_LT_A_Ex
Nr3c2,2,UP,1,1,-0.07793211585167249,Acc3_brainstem_GLP_1_MK_801;Acc8_hippocampus_ST_A_Ex
Ddx58,2,UP,1,1,-0.07960786333352174,Acc8_hippocampus_ST_A_Ex;Acc8_hypothalamus_LT_A_Ex
Nadsyn1,2,UP,1,1,-0.08009085672230565,Acc3_brainstem_GLP_1;Acc8_hippocampus_ST_A_Ex_KD
Gas2,2,UP,1,1,-0.08088484529862164,Acc3_hypothalamus_GLP_1_MK_801;Acc8_hypothalamus_LT_A_Ex
Apex2,2,UP,1,1,-0.08130429914880122,Acc8_frontalcortex_ST_A_Ex;Acc8_hippocampus_ST_A_Ex
Mnt,2,UP,1,1,-0.08328026215597589,Acc3_brainstem_GLP_1_MK_801;Acc8_hypothalamus_LT_A_Ex
Adgrb2,2,UP,1,1,-0.08459955335883369,Acc3_hypothalamus_GLP_1_MK_801;Acc8_hypothalamus_LT_A_Ex
Rnf217,2,UP,1,1,-0.0856067062765368,Acc3_hypothalamus_GLP_1_MK_801;Acc5_arc_IP118_PY115
Eid1,2,UP,1,1,-0.08569830429239694,Acc11_hippocampus_Ex4_mTBI;Acc3_hypothalamus_GLP_1_MK_801
Gpr162,2,UP,1,1,-0.08595374080729765,Acc8_hippocampus_ST_A_Ex;Acc8_hypothalamus_LT_A_Ex
Slc8a2,2,UP,1,1,-0.08705552025808835,Acc3_hypothalamus_GLP_1_MK_801;Acc8_hypothalamus_LT_A_Ex
Plscr4,2,UP,1,1,-0.0918858862869365,Acc3_hypothalamus_GLP_1_MK_801;Acc8_hypothalamus_LT_A_Ex
Arglu1,2,UP,1,1,-0.09355442635486591,Acc3_hypothalamus_GLP_1_MK_801;Acc8_hippocampus_ST_A_Ex
Sptssa,2,UP,1,1,-0.09381596958922836,Acc11_hippocampus_Ex4_mTBI;Acc3_hypothalamus_GLP_1_MK_801
Fign,2,UP,1,1,-0.09412351586692891,Acc3_brainstem_GLP_1_MK_801;Acc3_hypothalamus_GLP_1_MK_801
Mbtd1,2,UP,1,1,-0.09471493852820945,Acc3_hypothalamus_GLP_1_MK_801;Acc8_hypothalamus_LT_A_Ex
Jph4,2,UP,1,1,-0.09558419257767505,Acc11_hippocampus_Ex4_mTBI;Acc8_hypothalamus_LT_A_Ex
Kcnc3,2,UP,1,1,-0.0978997532290031,Acc3_brainstem_GLP_1_MK_801;Acc8_hypothalamus_LT_A_Ex
Fjx1,2,UP,1,1,-0.0986494836142472,Acc10_hippocampus_Ex4_Po_t_TBI;Acc8_hippocampus_ST_A_Ex
Cic,2,UP,1,1,-0.09945318311379164,Acc3_hypothalamus_GLP_1_MK_801;Acc8_hypothalamus_LT_A_Ex
Map6,2,UP,1,1,-0.09993042073636504,Acc3_hypothalamus_GLP_1_MK_801;Acc8_hypothalamus_LT_A_Ex
Cc2d1a,2,UP,1,1,-0.10049678212042201,Acc3_hypothalamus_GLP_1_MK_801;Acc8_hypothalamus_LT_A_Ex
Rab3a,2,UP,1,1,-0.10125224061504494,Acc6_mbh_COMBO;Acc8_hippocampus_ST_A_Ex_KD
Map3k10,2,UP,1,1,-0.10428580865733625,Acc3_hypothalamus_GLP_1_MK_801;Acc8_hypothalamus_LT_A_Ex
Apba2,2,UP,1,1,-0.1043580553595568,Acc3_hypothalamus_GLP_1_MK_801;Acc8_hypothalamus_LT_A_Ex
Chd3,2,UP,1,1,-0.1079492116257096,Acc3_hypothalamus_GLP_1_MK_801;Acc8_hypothalamus_LT_A_Ex
Ccdc40,2,UP,1,1,-0.10822027792176686,Acc3_hypothalamus_GLP_1_MK_801;Acc8_hypothalamus_LT_A_Ex
Map3k2,2,UP,1,1,-0.10975041646724346,Acc3_brainstem_GLP_1_MK_801;Acc3_hypothalamus_GLP_1_MK_801
Adgrl1,2,UP,1,1,-0.11168112215561914,Acc3_brainstem_GLP_1_MK_801;Acc8_hypothalamus_LT_A_Ex
Scoc,2,UP,1,1,-0.11237311365291414,Acc3_hypothalamus_GLP_1_MK_801;Acc8_hypothalamus_LT_A_Ex
Gm52604,2,UP,1,1,-0.1126842516229683,Acc8_frontalcortex_ST_A_Ex_KD;Acc8_hippocampus_ST_A_Ex
Dram2,2,UP,1,1,-0.1137217414066006,Acc3_hypothalamus_GLP_1_MK_801;Acc8_hypothalamus_LT_A_Ex
Loc108167751,2,UP,1,1,-0.11506643495963459,Acc8_hippocampus_ST_A_Ex;Acc8_hypothalamus_LT_A_Ex
Rai1,2,UP,1,1,-0.11707055363073031,Acc3_brainstem_GLP_1_MK_801;Acc8_hypothalamus_LT_A_Ex
Pacsin1,2,UP,1,1,-0.11849792388151792,Acc8_hippocampus_ST_A_Ex_KD;Acc8_hypothalamus_LT_A_Ex
Tmem196,2,UP,1,1,-0.11932263867749832,Acc3_brainstem_GLP_1_MK_801;Acc3_hypothalamus_GLP_1_MK_801
Ier3ip1,2,UP,1,1,-0.12169810044800713,Acc3_hypothalamus_GLP_1_MK_801;Acc8_hypothalamus_LT_A_Ex
Gli2,2,UP,1,1,-0.12538139754097455,Acc3_brainstem_GLP_1_MK_801;Acc8_hypothalamus_LT_A_Ex
Lrrk2,2,UP,1,1,-0.12687659598165113,Acc3_brainstem_GLP_1_MK_801;Acc8_frontalcortex_ST_A_Ex_KD
Adam8,2,UP,1,1,-0.12735395519813952,Acc3_brainstem_GLP_1;Acc8_hippocampus_ST_A_Ex_KD
4930447c04rik,2,UP,1,1,-0.13477460883161785,Acc3_hypothalamus_GLP_1_MK_801;Acc8_hypothalamus_LT_A_Ex
Ppp1r1b,2,UP,1,1,-0.13868976165960428,Acc8_hippocampus_ST_A_Ex;Acc8_hypothalamus_LT_A_Ex
Maml3,2,UP,1,1,-0.14876227803075884,Acc3_hypothalamus_GLP_1_MK_801;Acc8_frontalcortex_ST_A_Ex_KD
Lfng,2,UP,1,1,-0.15014198329643355,Acc3_brainstem_GLP_1;Acc8_hypothalamus_LT_A_Ex
Zfp367,2,UP,1,1,-0.15981492241060144,Acc11_hippocampus_Ex4_mTBI;Acc3_hypothalamus_GLP_1_MK_801
Whrn,2,UP,1,1,-0.16757231339977496,Acc3_hypothalamus_GLP_1_MK_801;Acc8_hypothalamus_LT_A_Ex
Gm34321,2,UP,1,1,-0.1765497236164697,Acc8_frontalcortex_ST_A_Ex_KD;Acc8_hippocampus_ST_A_Ex
Rbm38,2,UP,1,1,-0.17978132937485575,Acc3_brainstem_GLP_1;Acc8_hypothalamus_LT_A_Ex
I920046f24rik,2,UP,1,1,-0.18830499678167853,Acc8_hippocampus_ST_A_Ex_KD;Acc8_hypothalamus_LT_A_Ex
Impg1,2,DOWN,0,2,-0.20159330009015913,Acc8_hippocampus_ST_A_Ex;Acc8_hippocampus_ST_A_Ex_KD
Stk3,2,DOWN,0,2,-0.2030198367,Acc10_hippocampus_Ex4_Po_t_TBI;Acc10_hippocampus_Ex4_Pre_TBI
Tmem91,2,UP,1,1,-0.20438811431363885,Acc6_mbh_COMBO;Acc8_hippocampus_ST_A_Ex
Xrcc5,2,DOWN,0,2,-0.2046975502243651,Acc8_hippocampus_ST_A_Ex;Acc8_hippocampus_ST_A_Ex_KD
Pik3cb,2,DOWN,0,2,-0.2051788284513174,Acc3_brainstem_GLP_1;Acc8_hippocampus_ST_A_Ex
Tmem214,2,DOWN,0,2,-0.20575680358978066,Acc8_hippocampus_ST_A_Ex;Acc8_hippocampus_ST_A_Ex_KD
Pigs,2,DOWN,0,2,-0.20658037994518091,Acc8_hippocampus_ST_A_Ex;Acc8_hippocampus_ST_A_Ex_KD
Selenon,2,DOWN,0,2,-0.2071069634078431,Acc8_hippocampus_ST_A_Ex;Acc8_hippocampus_ST_A_Ex_KD
Susd4,2,DOWN,0,2,-0.20835110115,Acc10_hippocampus_Ex4_Po_t_TBI;Acc10_hippocampus_Ex4_Pre_TBI
Slc35g2,2,DOWN,0,2,-0.20984844482695642,Acc3_hypothalamus_GLP_1_MK_801;Acc8_hippocampus_ST_A_Ex
Slc36a4,2,DOWN,0,2,-0.2113337979004786,Acc3_brainstem_GLP_1;Acc3_hypothalamus_GLP_1_MK_801
Caskin2,2,DOWN,0,2,-0.21188380793027323,Acc3_accumbens_GLP_1;Acc3_brainstem_GLP_1
Elavl1,2,DOWN,0,2,-0.2119077421356807,Acc3_hypothalamus_GLP_1_MK_801;Acc8_hippocampus_ST_A_Ex
G3bp1,2,DOWN,0,2,-0.21202603920000002,Acc10_hippocampus_Ex4_Po_t_TBI;Acc10_hippocampus_Ex4_Pre_TBI
Asb1,2,DOWN,0,2,-0.21209611128483613,Acc8_hippocampus_ST_A_Ex;Acc8_hippocampus_ST_A_Ex_KD
Phlda1,2,DOWN,0,2,-0.21251532946978505,Acc10_hippocampus_Ex4_Pre_TBI;Acc3_brainstem_GLP_1
Zmynd8,2,DOWN,0,2,-0.21252363955,Acc10_hippocampus_Ex4_Po_t_TBI;Acc10_hippocampus_Ex4_Pre_TBI
Vegfa,2,DOWN,0,2,-0.21289853200700284,Acc3_hypothalamus_GLP_1_MK_801;Acc3_hypothalamus_conjugate_2
Sf3a2,2,UP,1,1,-0.21292668759364405,Acc8_hippocampus_ST_A_Ex_KD;Acc8_hypothalamus_LT_A_Ex
D6wsu163e,2,DOWN,0,2,-0.21313540275941184,Acc8_hippocampus_ST_A_Ex;Acc8_hippocampus_ST_A_Ex_KD
Celf1,2,DOWN,0,2,-0.2134182495,Acc10_hippocampus_Ex4_Po_t_TBI;Acc10_hippocampus_Ex4_Pre_TBI
Tpcn1,2,DOWN,0,2,-0.21428529713769473,Acc8_hippocampus_ST_A_Ex;Acc8_hippocampus_ST_A_Ex_KD
Eif4e3,2,DOWN,0,2,-0.2154264703,Acc10_hippocampus_Ex4_Pre_TBI;Acc11_hippocampus_Ex4
Ank,2,DOWN,0,2,-0.2156474831818188,Acc8_hippocampus_ST_A_Ex;Acc8_hippocampus_ST_A_Ex_KD
Spring1,2,DOWN,0,2,-0.21577666882863078,Acc8_hippocampus_ST_A_Ex;Acc8_hippocampus_ST_A_Ex_KD
Mmachc,2,DOWN,0,2,-0.21600763864943084,Acc8_hippocampus_ST_A_Ex;Acc8_hippocampus_ST_A_Ex_KD
Igsf11,2,DOWN,0,2,-0.21608776094999999,Acc10_hippocampus_Ex4_Po_t_TBI;Acc10_hippocampus_Ex4_Pre_TBI
Rrp1b,2,DOWN,0,2,-0.216658285275,Acc10_hippocampus_Ex4_Po_t_TBI;Acc10_hippocampus_Ex4_Pre_TBI
Smim14,2,DOWN,0,2,-0.21702556227646297,Acc3_hypothalamus_GLP_1_MK_801;Acc8_hippocampus_ST_A_Ex_KD
Irf2,2,DOWN,0,2,-0.21710671534856235,Acc8_frontalcortex_ST_A_Ex;Acc8_hippocampus_ST_A_Ex
Slc30a7,2,DOWN,0,2,-0.21824302869691703,Acc8_hippocampus_ST_A_Ex;Acc8_hippocampus_ST_A_Ex_KD
2310022b05rik,2,DOWN,0,2,-0.21826412158857034,Acc8_hippocampus_ST_A_Ex;Acc8_hippocampus_ST_A_Ex_KD
Foxn3,2,DOWN,0,2,-0.21846916345628944,Acc3_brainstem_GLP_1;Acc8_hippocampus_ST_A_Ex
Prkag2,2,DOWN,0,2,-0.2186784133932665,Acc8_hippocampus_ST_A_Ex;Acc8_hippocampus_ST_A_Ex_KD
Elovl5,2,DOWN,0,2,-0.21971299960275295,Acc3_hypothalamus_GLP_1_MK_801;Acc8_frontalcortex_ST_A_Ex_KD
Crot,2,DOWN,0,2,-0.22075851860017104,Acc3_hypothalamus_GLP_1_MK_801;Acc8_hippocampus_ST_A_Ex
Cacng8,2,UP,1,1,-0.22091314323597191,Acc3_hypothalamus_GLP_1_MK_801;Acc8_hypothalamus_LT_A_Ex
Fam120a,2,DOWN,0,2,-0.22094511989839016,Acc8_hippocampus_ST_A_Ex;Acc8_hippocampus_ST_A_Ex_KD
Rnf128,2,DOWN,0,2,-0.2210058501916185,Acc8_hippocampus_ST_A_Ex;Acc8_hippocampus_ST_A_Ex_KD
Zbtb45,2,DOWN,0,2,-0.22104174827272083,Acc8_hippocampus_ST_A_Ex;Acc8_hippocampus_ST_A_Ex_KD
Akirin2,2,DOWN,0,2,-0.2211890155131982,Acc3_hypothalamus_GLP_1_MK_801;Acc8_hippocampus_ST_A_Ex_KD
Zfp955b,2,DOWN,0,2,-0.2218478332614959,Acc8_hippocampus_ST_A_Ex;Acc8_hippocampus_ST_A_Ex_KD
Ddx52,2,DOWN,0,2,-0.2218543375367666,Acc8_hippocampus_ST_A_Ex;Acc8_hippocampus_ST_A_Ex_KD
Dner,2,DOWN,0,2,-0.22246181087583175,Acc8_hippocampus_ST_A_Ex;Acc8_hippocampus_ST_A_Ex_KD
Rap2a,2,DOWN,0,2,-0.22285036081271675,Acc3_hypothalamus_GLP_1_MK_801;Acc8_hippocampus_ST_A_Ex
Gja1,2,DOWN,0,2,-0.22356655078535864,Acc3_brainstem_GLP_1;Acc3_hypothalamus_GLP_1_MK_801
Zfp719,2,DOWN,0,2,-0.22397905966189713,Acc3_hypothalamus_GLP_1_MK_801;Acc8_hippocampus_ST_A_Ex
Ppp2r3c,2,DOWN,0,2,-0.22406667413522763,Acc8_hippocampus_ST_A_Ex;Acc8_hippocampus_ST_A_Ex_KD
Mrps30,2,DOWN,0,2,-0.2246331233807737,Acc8_hippocampus_ST_A_Ex;Acc8_hippocampus_ST_A_Ex_KD
Usp15,2,DOWN,0,2,-0.22471503945651583,Acc11_hippocampus_Ex4_mTBI;Acc8_hippocampus_ST_A_Ex
Scd1,2,DOWN,0,2,-0.2249102101609582,Acc3_brainstem_GLP_1;Acc3_hypothalamus_GLP_1_MK_801
Slc25a15,2,DOWN,0,2,-0.22506062685341885,Acc3_hypothalamus_GLP_1_MK_801;Acc8_hippocampus_ST_A_Ex_KD
Tbc1d32,2,DOWN,0,2,-0.22507044221885986,Acc8_hippocampus_ST_A_Ex;Acc8_hippocampus_ST_A_Ex_KD
Pcyt1a,2,DOWN,0,2,-0.2251919516556174,Acc3_brainstem_GLP_1;Acc8_hippocampus_ST_A_Ex
Golph3l,2,DOWN,0,2,-0.22565144834746445,Acc8_hippocampus_ST_A_Ex;Acc8_hippocampus_ST_A_Ex_KD
Tepsin,2,DOWN,0,2,-0.22565856590274708,Acc8_hippocampus_ST_A_Ex;Acc8_hippocampus_ST_A_Ex_KD
2510002d24rik,2,UP,1,1,-0.2261215913369809,Acc6_mbh_AC3174;Acc8_hippocampus_ST_A_Ex
Rbm6,2,DOWN,0,2,-0.22694278605,Acc10_hippocampus_Ex4_Po_t_TBI;Acc10_hippocampus_Ex4_Pre_TBI
Pigp,2,DOWN,0,2,-0.22719032926954094,Acc3_brainstem_GLP_1_MK_801;Acc3_hypothalamus_GLP_1_MK_801
Msantd4,2,DOWN,0,2,-0.22725819182434076,Acc3_hypothalamus_GLP_1_MK_801;Acc8_hippocampus_ST_A_Ex
Hsp90aa1,2,DOWN,0,2,-0.2277192258190346,Acc8_hippocampus_ST_A_Ex;Acc8_hippocampus_ST_A_Ex_KD
Zdhhc5,2,DOWN,0,2,-0.2278612105004732,Acc3_brainstem_GLP_1;Acc8_hippocampus_ST_A_Ex
Cnnm3,2,DOWN,0,2,-0.2278662518958886,Acc8_hippocampus_ST_A_Ex;Acc8_hippocampus_ST_A_Ex_KD
Yipf5,2,DOWN,0,2,-0.22811900662820678,Acc3_hypothalamus_GLP_1_MK_801;Acc8_hippocampus_ST_A_Ex
Kdm3a,2,DOWN,0,2,-0.22850782637967498,Acc8_hippocampus_ST_A_Ex;Acc8_hippocampus_ST_A_Ex_KD
Pramel12,2,DOWN,0,2,-0.2288251606998737,Acc8_hippocampus_ST_A_Ex;Acc8_hippocampus_ST_A_Ex_KD
Pdk3,2,DOWN,0,2,-0.2289676311319532,Acc3_brainstem_GLP_1;Acc8_hippocampus_ST_A_Ex
Abcc5,2,DOWN,0,2,-0.22936947792836226,Acc8_frontalcortex_ST_A_Ex;Acc8_frontalcortex_ST_A_Ex_KD
Prpf40a,2,DOWN,0,2,-0.22965671292032475,Acc8_hippocampus_ST_A_Ex;Acc8_hippocampus_ST_A_Ex_KD
Hmg20a,2,DOWN,0,2,-0.22970526897454885,Acc8_hippocampus_ST_A_Ex;Acc8_hippocampus_ST_A_Ex_KD
Gatad1,2,DOWN,0,2,-0.230085795175,Acc11_hippocampus_Ex4;Acc11_hippocampus_Ex4_mTBI
Syvn1,2,DOWN,0,2,-0.2303738984494939,Acc8_hippocampus_ST_A_Ex;Acc8_hippocampus_ST_A_Ex_KD
Lrrc57,2,DOWN,0,2,-0.23037494929713415,Acc3_hypothalamus_GLP_1_MK_801;Acc8_frontalcortex_ST_A_Ex_KD
Pcdha7,2,DOWN,0,2,-0.2308523057429783,Acc8_hippocampus_ST_A_Ex;Acc8_hippocampus_ST_A_Ex_KD
Bhlhb9,2,DOWN,0,2,-0.2315091196584756,Acc8_hippocampus_ST_A_Ex;Acc8_hippocampus_ST_A_Ex_KD
Ccne2,2,UP,1,1,-0.231556154992312,Acc3_hypothalamus_GLP_1_MK_801;Acc8_hypothalamus_LT_A_Ex
Cstf2,2,DOWN,0,2,-0.23174843968767905,Acc8_hippocampus_ST_A_Ex;Acc8_hippocampus_ST_A_Ex_KD
Ago4,2,DOWN,0,2,-0.23214634256452335,Acc3_hypothalamus_GLP_1_MK_801;Acc8_hippocampus_ST_A_Ex
Wipf1,2,DOWN,0,2,-0.23216593072741146,Acc3_brainstem_GLP_1;Acc3_hypothalamus_GLP_1_MK_801
Miga1,2,DOWN,0,2,-0.23255501876049206,Acc3_brainstem_GLP_1;Acc8_hippocampus_ST_A_Ex
Pxk,2,DOWN,0,2,-0.23269322148231836,Acc8_hippocampus_ST_A_Ex;Acc8_hippocampus_ST_A_Ex_KD
Nbdy,2,DOWN,0,2,-0.23287911659882995,Acc3_brainstem_GLP_1_MK_801;Acc3_hypothalamus_GLP_1_MK_801
Ints6,2,DOWN,0,2,-0.23305467064372185,Acc3_brainstem_GLP_1;Acc8_hippocampus_ST_A_Ex
Tax1bp1,2,DOWN,0,2,-0.23310714064210786,Acc8_hippocampus_ST_A_Ex;Acc8_hippocampus_ST_A_Ex_KD
Tent4b,2,DOWN,0,2,-0.23325295755262104,Acc3_hypothalamus_GLP_1_MK_801;Acc8_hippocampus_ST_A_Ex
Wdr36,2,DOWN,0,2,-0.23326492929024578,Acc8_hippocampus_ST_A_Ex;Acc8_hippocampus_ST_A_Ex_KD
Rapgef4,2,DOWN,0,2,-0.23327924191977384,Acc3_brainstem_GLP_1;Acc8_hippocampus_ST_A_Ex
Pafah1b1,2,DOWN,0,2,-0.2334609644446924,Acc3_hypothalamus_GLP_1_MK_801;Acc8_hippocampus_ST_A_Ex
Man2a1,2,DOWN,0,2,-0.23353598077376375,Acc8_hippocampus_ST_A_Ex;Acc8_hippocampus_ST_A_Ex_KD
Ncoa7,2,DOWN,0,2,-0.23366371185748874,Acc3_brainstem_GLP_1;Acc8_hippocampus_ST_A_Ex
Pttg1ip,2,DOWN,0,2,-0.23376234251637426,Acc8_hippocampus_ST_A_Ex;Acc8_hippocampus_ST_A_Ex_KD
Aggf1,2,DOWN,0,2,-0.233834477075,Acc10_hippocampus_Ex4_Po_t_TBI;Acc10_hippocampus_Ex4_Pre_TBI
Zfp868,2,DOWN,0,2,-0.23391348960769387,Acc3_brainstem_GLP_1;Acc3_hypothalamus_GLP_1_MK_801
Pik3r1,2,DOWN,0,2,-0.2345046931077463,Acc11_hippocampus_Ex4_mTBI;Acc3_brainstem_GLP_1
Xpo6,2,DOWN,0,2,-0.2345321507470412,Acc8_hippocampus_ST_A_Ex;Acc8_hippocampus_ST_A_Ex_KD
Sh3bgrl2,2,DOWN,0,2,-0.23467017166748727,Acc8_hippocampus_ST_A_Ex;Acc8_hippocampus_ST_A_Ex_KD
Mapk8ip3,2,DOWN,0,2,-0.2349357172328501,Acc10_hippocampus_Ex4_Pre_TBI;Acc8_hypothalamus_LT_A_Ex
Scyl2,2,DOWN,0,2,-0.2350585842170092,Acc8_hippocampus_ST_A_Ex;Acc8_hippocampus_ST_A_Ex_KD
Col25a1,2,DOWN,0,2,-0.2352177930888956,Acc11_hippocampus_Ex4_mTBI;Acc3_hypothalamus_GLP_1_MK_801
2510009e07rik,2,DOWN,0,2,-0.2354199101675299,Acc3_brainstem_GLP_1;Acc8_hippocampus_ST_A_Ex
Mtmr2,2,DOWN,0,2,-0.235431180575,Acc10_hippocampus_Ex4_Po_t_TBI;Acc11_hippocampus_Ex4_mTBI
Sdf2l1,2,DOWN,0,2,-0.2359620793187145,Acc3_brainstem_GLP_1;Acc3_brainstem_GLP_1_MK_801
Ankrd50,2,DOWN,0,2,-0.2362841566093403,Acc8_hippocampus_ST_A_Ex;Acc8_hippocampus_ST_A_Ex_KD
Fam118a,2,DOWN,0,2,-0.23640996252500002,Acc10_hippocampus_Ex4_Po_t_TBI;Acc10_hippocampus_Ex4_Pre_TBI
Prkacb,2,DOWN,0,2,-0.2365612918463202,Acc8_hippocampus_ST_A_Ex;Acc8_hippocampus_ST_A_Ex_KD
Orc2,2,DOWN,0,2,-0.2368524942806647,Acc3_hypothalamus_GLP_1_MK_801;Acc8_hippocampus_ST_A_Ex
Cdk19,2,DOWN,0,2,-0.23701619952818614,Acc3_hypothalamus_GLP_1_MK_801;Acc8_hippocampus_ST_A_Ex
Ints4,2,DOWN,0,2,-0.237080545011266,Acc8_hippocampus_ST_A_Ex;Acc8_hippocampus_ST_A_Ex_KD
Pcdha2,2,DOWN,0,2,-0.2372318169105841,Acc8_hippocampus_ST_A_Ex;Acc8_hippocampus_ST_A_Ex_KD
Pdik1l,2,DOWN,0,2,-0.23754980087126493,Acc3_brainstem_GLP_1;Acc8_hippocampus_ST_A_Ex
Mrpl1,2,DOWN,0,2,-0.23759167855774666,Acc3_hypothalamus_GLP_1_MK_801;Acc8_hippocampus_ST_A_Ex
Phkb,2,DOWN,0,2,-0.23763665620315372,Acc8_hippocampus_ST_A_Ex;Acc8_hippocampus_ST_A_Ex_KD
Irf2bpl,2,DOWN,0,2,-0.23764166874053685,Acc10_hippocampus_Ex4_Po_t_TBI;Acc3_brainstem_GLP_1
Ltbp4,2,DOWN,0,2,-0.2376608139517534,Acc8_hippocampus_ST_A_Ex;Acc8_hippocampus_ST_A_Ex_KD
Nedd4,2,DOWN,0,2,-0.23810250405746955,Acc8_hippocampus_ST_A_Ex;Acc8_hippocampus_ST_A_Ex_KD
Tm2d3,2,DOWN,0,2,-0.2381448552870146,Acc3_brainstem_GLP_1_MK_801;Acc8_frontalcortex_LT_A_Ex
Wdr75,2,DOWN,0,2,-0.2384696195144598,Acc8_hippocampus_ST_A_Ex;Acc8_hippocampus_ST_A_Ex_KD
Rtn4,2,DOWN,0,2,-0.2384768827139565,Acc3_brainstem_GLP_1;Acc3_hypothalamus_GLP_1_MK_801
Pcdha5,2,DOWN,0,2,-0.23880966416591742,Acc8_hippocampus_ST_A_Ex;Acc8_hippocampus_ST_A_Ex_KD
Scd2,2,DOWN,0,2,-0.2388295327476661,Acc3_brainstem_GLP_1;Acc8_hippocampus_ST_A_Ex
Wdr26,2,DOWN,0,2,-0.23919149131452486,Acc3_hypothalamus_GLP_1_MK_801;Acc8_hippocampus_ST_A_Ex
Ahi1,2,DOWN,0,2,-0.23936374673340505,Acc8_hippocampus_ST_A_Ex;Acc8_hippocampus_ST_A_Ex_KD
Top2b,2,DOWN,0,2,-0.23957609172454986,Acc3_hypothalamus_GLP_1_MK_801;Acc8_hippocampus_ST_A_Ex
Nup155,2,DOWN,0,2,-0.2403998897905583,Acc3_hypothalamus_GLP_1_MK_801;Acc8_hippocampus_ST_A_Ex
Slc45a4,2,DOWN,0,2,-0.24090056782946262,Acc8_hippocampus_ST_A_Ex;Acc8_hypothalamus_LT_A_Ex
Mcur1,2,DOWN,0,2,-0.2414221875838528,Acc8_hippocampus_ST_A_Ex;Acc8_hippocampus_ST_A_Ex_KD
St13,2,DOWN,0,2,-0.2415862293617688,Acc3_brainstem_GLP_1;Acc3_hypothalamus_GLP_1_MK_801
Slc30a9,2,DOWN,0,2,-0.24178374989084295,Acc8_hippocampus_ST_A_Ex;Acc8_hippocampus_ST_A_Ex_KD
Med23,2,DOWN,0,2,-0.241819434658954,Acc8_hippocampus_ST_A_Ex;Acc8_hippocampus_ST_A_Ex_KD
Fam155a,2,DOWN,0,2,-0.24198364119821866,Acc11_hippocampus_Ex4;Acc8_hypothalamus_LT_A_Ex
Chst10,2,DOWN,0,2,-0.24208051753077195,Acc8_hippocampus_ST_A_Ex;Acc8_hippocampus_ST_A_Ex_KD
Prune2,2,DOWN,0,2,-0.242417215241742,Acc8_hippocampus_ST_A_Ex;Acc8_hippocampus_ST_A_Ex_KD
Nkain2,2,DOWN,0,2,-0.24259626701750936,Acc3_brainstem_GLP_1;Acc3_hypothalamus_GLP_1_MK_801
Zfp24,2,DOWN,0,2,-0.2426590964377911,Acc8_hippocampus_ST_A_Ex;Acc8_hippocampus_ST_A_Ex_KD
Dlc1,2,DOWN,0,2,-0.24277300144731906,Acc3_brainstem_GLP_1;Acc8_hippocampus_ST_A_Ex
Ezh1,2,DOWN,0,2,-0.24335999882499998,Acc10_hippocampus_Ex4_Pre_TBI;Acc11_hippocampus_Ex4_mTBI
Spryd7,2,DOWN,0,2,-0.24363551618783158,Acc3_hypothalamus_GLP_1_MK_801;Acc8_hippocampus_ST_A_Ex_KD
Cdk2ap2,2,DOWN,0,2,-0.24373726451682265,Acc10_hippocampus_Exendin4;Acc3_brainstem_GLP_1_MK_801
Dnal1,2,DOWN,0,2,-0.24377149362838513,Acc3_hypothalamus_GLP_1_MK_801;Acc8_hippocampus_ST_A_Ex
Fam189a1,2,DOWN,0,2,-0.24436658491837404,Acc8_hippocampus_ST_A_Ex;Acc8_hypothalamus_LT_A_Ex
B3gat2,2,DOWN,0,2,-0.2444515151302608,Acc8_hippocampus_ST_A_Ex;Acc8_hippocampus_ST_A_Ex_KD
Megf11,2,DOWN,0,2,-0.24475935742674024,Acc8_hippocampus_ST_A_Ex;Acc8_hippocampus_ST_A_Ex_KD
Ripor2,2,DOWN,0,2,-0.24477791111621294,Acc8_hippocampus_ST_A_Ex;Acc8_hippocampus_ST_A_Ex_KD
Lpin2,2,DOWN,0,2,-0.2448948355973631,Acc10_hippocampus_Ex4_Pre_TBI;Acc8_hippocampus_ST_A_Ex
Tmem50b,2,DOWN,0,2,-0.24490180981336607,Acc8_hippocampus_ST_A_Ex;Acc8_hippocampus_ST_A_Ex_KD
D230025d16rik,2,DOWN,0,2,-0.24515342878346086,Acc8_hippocampus_ST_A_Ex;Acc8_hippocampus_ST_A_Ex_KD
Pus10,2,DOWN,0,2,-0.2453750002507741,Acc3_hypothalamus_GLP_1_MK_801;Acc8_hippocampus_ST_A_Ex
U2surp,2,DOWN,0,2,-0.24577735795772895,Acc10_hippocampus_Ex4_Pre_TBI;Acc8_hippocampus_ST_A_Ex
Commd6,2,DOWN,0,2,-0.24587543147003138,Acc3_hypothalamus_GLP_1_MK_801;Acc8_frontalcortex_LT_A_Ex
Spg20,2,DOWN,0,2,-0.2458849327730206,Acc3_brainstem_GLP_1;Acc8_hippocampus_ST_A_Ex
Slc36a1,2,DOWN,0,2,-0.24612122337034706,Acc8_hippocampus_ST_A_Ex;Acc8_hippocampus_ST_A_Ex_KD
Usp8,2,DOWN,0,2,-0.24617701991879182,Acc10_hippocampus_Ex4_Po_t_TBI;Acc3_brainstem_GLP_1
Rbpj,2,DOWN,0,2,-0.24631209399367443,Acc3_hypothalamus_GLP_1_MK_801;Acc8_hippocampus_ST_A_Ex
Dagla,2,DOWN,0,2,-0.24642089553813445,Acc3_brainstem_GLP_1;Acc8_hippocampus_ST_A_Ex
Arpp19,2,DOWN,0,2,-0.24643326399377902,Acc8_hippocampus_ST_A_Ex;Acc8_hippocampus_ST_A_Ex_KD
Pfkfb3,2,DOWN,0,2,-0.24644480602604726,Acc8_hippocampus_ST_A_Ex;Acc8_hippocampus_ST_A_Ex_KD
Cyb5r4,2,DOWN,0,2,-0.2465836689567943,Acc8_hippocampus_ST_A_Ex;Acc8_hippocampus_ST_A_Ex_KD
Dstyk,2,DOWN,0,2,-0.24671059899999997,Acc10_hippocampus_Ex4_Po_t_TBI;Acc10_hippocampus_Ex4_Pre_TBI
Fam63b,2,DOWN,0,2,-0.246769878425,Acc10_hippocampus_Ex4_Po_t_TBI;Acc10_hippocampus_Ex4_Pre_TBI
Grn,2,DOWN,0,2,-0.24678064520210885,Acc8_hippocampus_ST_A_Ex;Acc8_hippocampus_ST_A_Ex_KD
Ubxn2b,2,DOWN,0,2,-0.2469862587273322,Acc8_hippocampus_ST_A_Ex;Acc8_hippocampus_ST_A_Ex_KD
Ttc9c,2,DOWN,0,2,-0.24705344344754276,Acc3_brainstem_GLP_1;Acc3_hypothalamus_GLP_1_MK_801
Ipo11,2,DOWN,0,2,-0.24720464668986836,Acc8_hippocampus_ST_A_Ex;Acc8_hippocampus_ST_A_Ex_KD
Sh3glb1,2,DOWN,0,2,-0.24741934199681637,Acc8_hippocampus_ST_A_Ex;Acc8_hippocampus_ST_A_Ex_KD
Slc18b1,2,DOWN,0,2,-0.24747710685378066,Acc8_hippocampus_ST_A_Ex;Acc8_hippocampus_ST_A_Ex_KD
Tdrd7,2,DOWN,0,2,-0.2475231020523845,Acc8_hippocampus_ST_A_Ex;Acc8_hippocampus_ST_A_Ex_KD
Tubgcp4,2,DOWN,0,2,-0.24756071946348285,Acc8_hippocampus_ST_A_Ex;Acc8_hippocampus_ST_A_Ex_KD
Tigd2,2,DOWN,0,2,-0.24766879006056625,Acc8_hippocampus_ST_A_Ex;Acc8_hippocampus_ST_A_Ex_KD
1500009l16rik,2,DOWN,0,2,-0.2480267100321391,Acc3_hypothalamus_GLP_1_MK_801;Acc3_hypothalamus_conjugate_2
Dctn4,2,DOWN,0,2,-0.2481771746409993,Acc8_hippocampus_ST_A_Ex;Acc8_hippocampus_ST_A_Ex_KD
Haus2,2,DOWN,0,2,-0.24910945998777656,Acc3_brainstem_GLP_1;Acc3_hypothalamus_GLP_1_MK_801
Atad1,2,DOWN,0,2,-0.24911133030166074,Acc8_hippocampus_ST_A_Ex;Acc8_hippocampus_ST_A_Ex_KD
Mpped2,2,DOWN,0,2,-0.25015041667161964,Acc8_hippocampus_ST_A_Ex;Acc8_hippocampus_ST_A_Ex_KD
Hook1,2,DOWN,0,2,-0.25015110414963726,Acc10_hippocampus_Ex4_Pre_TBI;Acc3_hypothalamus_GLP_1_MK_801
Mdm2,2,DOWN,0,2,-0.2504203884903272,Acc8_hippocampus_ST_A_Ex;Acc8_hippocampus_ST_A_Ex_KD
Zfp119b,2,UP,1,1,-0.2512731851372564,Acc3_hypothalamus_GLP_1_MK_801;Acc8_hypothalamus_LT_A_Ex
Usp1,2,DOWN,0,2,-0.2515247469152452,Acc8_hippocampus_ST_A_Ex;Acc8_hippocampus_ST_A_Ex_KD
Rnpepl1,2,DOWN,0,2,-0.25161952114014685,Acc8_hippocampus_ST_A_Ex;Acc8_hippocampus_ST_A_Ex_KD
Trim28,2,DOWN,0,2,-0.25170995311635047,Acc8_hippocampus_ST_A_Ex;Acc8_hippocampus_ST_A_Ex_KD
Pias2,2,DOWN,0,2,-0.25190637765671753,Acc3_hypothalamus_GLP_1_MK_801;Acc8_hippocampus_ST_A_Ex
H13,2,DOWN,0,2,-0.25200108575,Acc10_hippocampus_Ex4_Po_t_TBI;Acc10_hippocampus_Ex4_Pre_TBI
Zeb2,2,DOWN,0,2,-0.25233740383377434,Acc3_brainstem_GLP_1;Acc8_hippocampus_ST_A_Ex
Hbs1l,2,DOWN,0,2,-0.2525452649745429,Acc8_hippocampus_ST_A_Ex;Acc8_hippocampus_ST_A_Ex_KD
Prps1l3,2,DOWN,0,2,-0.2526258136556291,Acc3_hypothalamus_GLP_1_MK_801;Acc8_hippocampus_ST_A_Ex
Cbarp,2,DOWN,0,2,-0.2526263958381676,Acc8_hippocampus_ST_A_Ex;Acc8_hippocampus_ST_A_Ex_KD
4930453n24rik,2,DOWN,0,2,-0.2527331611504595,Acc3_hypothalamus_GLP_1_MK_801;Acc8_hippocampus_ST_A_Ex
Naa35,2,DOWN,0,2,-0.2527582479392244,Acc8_hippocampus_ST_A_Ex;Acc8_hippocampus_ST_A_Ex_KD
Pak2,2,DOWN,0,2,-0.25293044123864594,Acc8_hippocampus_ST_A_Ex;Acc8_hippocampus_ST_A_Ex_KD
Rbm15,2,DOWN,0,2,-0.2529530190520751,Acc10_hippocampus_Exendin4;Acc3_brainstem_GLP_1
Tm6sf1,2,DOWN,0,2,-0.2531385931385184,Acc8_hippocampus_ST_A_Ex;Acc8_hippocampus_ST_A_Ex_KD
Nxph1,2,DOWN,0,2,-0.253463149265735,Acc8_hippocampus_ST_A_Ex;Acc8_hippocampus_ST_A_Ex_KD
Gskip,2,DOWN,0,2,-0.25402155423889483,Acc8_hippocampus_ST_A_Ex;Acc8_hippocampus_ST_A_Ex_KD
Ptcd2,2,DOWN,0,2,-0.2540551676756913,Acc8_hippocampus_ST_A_Ex;Acc8_hippocampus_ST_A_Ex_KD
Dennd4c,2,DOWN,0,2,-0.254247510462677,Acc3_brainstem_GLP_1;Acc8_hippocampus_ST_A_Ex
Cog1,2,DOWN,0,2,-0.25432443434724644,Acc8_hippocampus_ST_A_Ex;Acc8_hypothalamus_LT_A_Ex
Bivm,2,DOWN,0,2,-0.2547003344990372,Acc3_hypothalamus_GLP_1_MK_801;Acc8_hippocampus_ST_A_Ex
Map2k4,2,DOWN,0,2,-0.2549589083500716,Acc8_hippocampus_ST_A_Ex;Acc8_hippocampus_ST_A_Ex_KD
Fhl1,2,DOWN,0,2,-0.25522239143068604,Acc3_hypothalamus_GLP_1_MK_801;Acc8_hippocampus_ST_A_Ex_KD
Abcb10,2,DOWN,0,2,-0.25528245941034533,Acc8_hippocampus_ST_A_Ex;Acc8_hippocampus_ST_A_Ex_KD
Siah2,2,DOWN,0,2,-0.2552970554286959,Acc3_hypothalamus_GLP_1_MK_801;Acc8_hippocampus_ST_A_Ex
Kit,2,DOWN,0,2,-0.25544392446638414,Acc8_hippocampus_ST_A_Ex;Acc8_hippocampus_ST_A_Ex_KD
Stag1,2,DOWN,0,2,-0.25548668092101295,Acc3_hypothalamus_GLP_1_MK_801;Acc8_hippocampus_ST_A_Ex
Alad,2,DOWN,0,2,-0.2557996140586316,Acc8_hippocampus_ST_A_Ex;Acc8_hippocampus_ST_A_Ex_KD
Cdyl,2,DOWN,0,2,-0.256026734302333,Acc3_brainstem_GLP_1;Acc8_hippocampus_ST_A_Ex
Aebp2,2,DOWN,0,2,-0.25629980338293,Acc3_hypothalamus_GLP_1_MK_801;Acc8_hippocampus_ST_A_Ex
Selenop,2,DOWN,0,2,-0.25646271839949153,Acc8_hippocampus_ST_A_Ex;Acc8_hippocampus_ST_A_Ex_KD
Cab39,2,DOWN,0,2,-0.25702824969555627,Acc8_hippocampus_ST_A_Ex;Acc8_hippocampus_ST_A_Ex_KD
Zeb1,2,DOWN,0,2,-0.2572231363336514,Acc8_hippocampus_ST_A_Ex;Acc8_hippocampus_ST_A_Ex_KD
Kank1,2,DOWN,0,2,-0.25728805469838767,Acc8_hippocampus_ST_A_Ex_KD;Acc8_hypothalamus_LT_A_Ex
Orc3,2,DOWN,0,2,-0.25729752984576393,Acc8_hippocampus_ST_A_Ex;Acc8_hippocampus_ST_A_Ex_KD
Synm,2,DOWN,0,2,-0.257417065925,Acc10_hippocampus_Ex4_Po_t_TBI;Acc10_hippocampus_Ex4_Pre_TBI
Shoc2,2,DOWN,0,2,-0.2574225976042511,Acc8_hippocampus_ST_A_Ex;Acc8_hippocampus_ST_A_Ex_KD
Cnnm1,2,DOWN,0,2,-0.25752712853422066,Acc8_hippocampus_ST_A_Ex;Acc8_hypothalamus_LT_A_Ex
Bclaf1,2,DOWN,0,2,-0.2577584939173007,Acc8_hippocampus_ST_A_Ex;Acc8_hippocampus_ST_A_Ex_KD
Prkaa1,2,DOWN,0,2,-0.25793323075057695,Acc8_hippocampus_ST_A_Ex;Acc8_hippocampus_ST_A_Ex_KD
Gnaq,2,DOWN,0,2,-0.25803989252500004,Acc10_hippocampus_Ex4_Pre_TBI;Acc11_hippocampus_Ex4_mTBI
Fam149a,2,DOWN,0,2,-0.2585723364079807,Acc8_hippocampus_ST_A_Ex;Acc8_hippocampus_ST_A_Ex_KD
Psmd5,2,DOWN,0,2,-0.25869559731059444,Acc8_hippocampus_ST_A_Ex;Acc8_hippocampus_ST_A_Ex_KD
Syt17,2,DOWN,0,2,-0.2587722606438384,Acc8_hippocampus_ST_A_Ex;Acc8_hippocampus_ST_A_Ex_KD
Aqr,2,DOWN,0,2,-0.25916105690269264,Acc8_hippocampus_ST_A_Ex;Acc8_hippocampus_ST_A_Ex_KD
Pdcd6ip,2,DOWN,0,2,-0.2597403463529476,Acc8_hippocampus_ST_A_Ex;Acc8_hippocampus_ST_A_Ex_KD
Anks1,2,DOWN,0,2,-0.259912560000901,Acc8_hippocampus_ST_A_Ex;Acc8_hippocampus_ST_A_Ex_KD
Ikbkb,2,DOWN,0,2,-0.26015375911615835,Acc8_hippocampus_ST_A_Ex;Acc8_hippocampus_ST_A_Ex_KD
Ldah,2,DOWN,0,2,-0.2601910566575655,Acc8_hippocampus_ST_A_Ex;Acc8_hippocampus_ST_A_Ex_KD
Ecpas,2,DOWN,0,2,-0.2602507197276151,Acc8_hippocampus_ST_A_Ex;Acc8_hippocampus_ST_A_Ex_KD
Atp5c1,2,DOWN,0,2,-0.260553845224999,Acc11_hippocampus_Ex4;Acc11_hippocampus_Ex4_mTBI
Zbtb11,2,DOWN,0,2,-0.26057929831641413,Acc3_brainstem_GLP_1;Acc8_hippocampus_ST_A_Ex
Mtmr4,2,DOWN,0,2,-0.2610425109686624,Acc3_brainstem_GLP_1;Acc8_hippocampus_ST_A_Ex
Mettl5,2,DOWN,0,2,-0.26116925899259785,Acc3_brainstem_GLP_1_MK_801;Acc3_hypothalamus_GLP_1_MK_801
Fam73a,2,DOWN,0,2,-0.261236834,Acc10_hippocampus_Ex4_Po_t_TBI;Acc10_hippocampus_Ex4_Pre_TBI
Orc5,2,DOWN,0,2,-0.26124579713967666,Acc3_hypothalamus_GLP_1_MK_801;Acc8_hippocampus_ST_A_Ex_KD
Pcdha1,2,DOWN,0,2,-0.2616880166450081,Acc8_hippocampus_ST_A_Ex;Acc8_hippocampus_ST_A_Ex_KD
Ppm1k,2,DOWN,0,2,-0.2617959275132774,Acc3_hypothalamus_GLP_1_MK_801;Acc8_hippocampus_ST_A_Ex
Zfp33b,2,DOWN,0,2,-0.2619544927332382,Acc8_hippocampus_ST_A_Ex;Acc8_hippocampus_ST_A_Ex_KD
Afap1,2,DOWN,0,2,-0.26210323255388984,Acc8_hippocampus_ST_A_Ex;Acc8_hippocampus_ST_A_Ex_KD
Arl8b,2,DOWN,0,2,-0.2625471217166611,Acc8_hippocampus_ST_A_Ex;Acc8_hippocampus_ST_A_Ex_KD
Gucy1a1,2,DOWN,0,2,-0.2626072718838698,Acc8_hippocampus_ST_A_Ex;Acc8_hippocampus_ST_A_Ex_KD
Smad4,2,DOWN,0,2,-0.2626167722324571,Acc3_hypothalamus_GLP_1_MK_801;Acc8_hippocampus_ST_A_Ex
Gm34939,2,UP,1,1,-0.2626909916064538,Acc8_hippocampus_ST_A_Ex;Acc8_hypothalamus_LT_A_Ex
Zscan22,2,DOWN,0,2,-0.26307979013354277,Acc8_hippocampus_ST_A_Ex;Acc8_hippocampus_ST_A_Ex_KD
Crat,2,DOWN,0,2,-0.2635832847981734,Acc8_hippocampus_ST_A_Ex;Acc8_hippocampus_ST_A_Ex_KD
Seh1l,2,DOWN,0,2,-0.2640365526859862,Acc3_hypothalamus_GLP_1_MK_801;Acc8_hippocampus_ST_A_Ex
Dbx2,2,DOWN,0,2,-0.26442858661499713,Acc8_hippocampus_ST_A_Ex;Acc8_hippocampus_ST_A_Ex_KD
St8sia3,2,DOWN,0,2,-0.26445942186596577,Acc8_hippocampus_ST_A_Ex;Acc8_hippocampus_ST_A_Ex_KD
Xrcc2,2,DOWN,0,2,-0.2644913559905216,Acc3_hypothalamus_GLP_1_MK_801;Acc8_hippocampus_ST_A_Ex
Hltf,2,DOWN,0,2,-0.2645337618959553,Acc8_hippocampus_ST_A_Ex;Acc8_hippocampus_ST_A_Ex_KD
Ocln,2,DOWN,0,2,-0.2646081232328119,Acc3_hypothalamus_GLP_1_MK_801;Acc8_hippocampus_ST_A_Ex
Efr3a,2,DOWN,0,2,-0.2646425847497204,Acc8_hippocampus_ST_A_Ex;Acc8_hippocampus_ST_A_Ex_KD
Frmd6,2,DOWN,0,2,-0.2646610260290314,Acc8_hippocampus_ST_A_Ex;Acc8_hippocampus_ST_A_Ex_KD
Scamp1,2,DOWN,0,2,-0.26482092605975494,Acc3_hypothalamus_GLP_1_MK_801;Acc8_hippocampus_ST_A_Ex
Xpo7,2,DOWN,0,2,-0.2654234605707337,Acc8_hippocampus_ST_A_Ex;Acc8_hippocampus_ST_A_Ex_KD
Igdcc4,2,DOWN,0,2,-0.26571221852819776,Acc8_hippocampus_ST_A_Ex;Acc8_hippocampus_ST_A_Ex_KD
Fbxo33,2,DOWN,0,2,-0.26583060919654466,Acc3_hypothalamus_GLP_1_MK_801;Acc8_hippocampus_ST_A_Ex
Osbpl9,2,DOWN,0,2,-0.2659699578868636,Acc8_hippocampus_ST_A_Ex;Acc8_hippocampus_ST_A_Ex_KD
Afap1l1,2,DOWN,0,2,-0.26600716495999244,Acc3_brainstem_GLP_1;Acc3_brainstem_GLP_1_MK_801
Jade3,2,DOWN,0,2,-0.2660528409531515,Acc3_hypothalamus_GLP_1_MK_801;Acc8_hippocampus_ST_A_Ex
Slc25a16,2,DOWN,0,2,-0.2661064786742266,Acc3_brainstem_GLP_1;Acc3_hypothalamus_GLP_1_MK_801
Wac,2,DOWN,0,2,-0.2661440487539496,Acc8_hippocampus_ST_A_Ex;Acc8_hippocampus_ST_A_Ex_KD
Snx30,2,DOWN,0,2,-0.266241282125,Acc10_hippocampus_Ex4_Po_t_TBI;Acc10_hippocampus_Ex4_Pre_TBI
Shisa6,2,DOWN,0,2,-0.26633276433185515,Acc8_hippocampus_ST_A_Ex;Acc8_hippocampus_ST_A_Ex_KD
Atp2c1,2,DOWN,0,2,-0.2663351928933553,Acc11_hippocampus_Ex4_mTBI;Acc3_brainstem_GLP_1
Tuba1a,2,DOWN,0,2,-0.26651681901943775,Acc8_hippocampus_ST_A_Ex;Acc8_hippocampus_ST_A_Ex_KD
Ccnl2,2,DOWN,0,2,-0.26660722947314575,Acc3_hypothalamus_GLP_1_MK_801;Acc3_hypothalamus_conjugate_2
Parvb,2,DOWN,0,2,-0.2667493947302447,Acc8_hippocampus_ST_A_Ex;Acc8_hippocampus_ST_A_Ex_KD
Dip2a,2,DOWN,0,2,-0.2668189826316093,Acc3_brainstem_GLP_1;Acc8_hippocampus_ST_A_Ex_KD
Pknox1,2,DOWN,0,2,-0.2669073729247975,Acc8_hippocampus_ST_A_Ex;Acc8_hippocampus_ST_A_Ex_KD
Slc35a5,2,DOWN,0,2,-0.26695427437284996,Acc3_brainstem_GLP_1;Acc8_hippocampus_ST_A_Ex
Smarca1,2,DOWN,0,2,-0.2672719534494419,Acc8_hippocampus_ST_A_Ex;Acc8_hippocampus_ST_A_Ex_KD
Csdc2,2,DOWN,0,2,-0.2673086169165243,Acc11_hippocampus_Ex4_mTBI;Acc8_hypothalamus_LT_A_Ex
C87436,2,DOWN,0,2,-0.2675246850987781,Acc8_hippocampus_ST_A_Ex;Acc8_hippocampus_ST_A_Ex_KD
Nbn,2,DOWN,0,2,-0.26766452715802375,Acc8_hippocampus_ST_A_Ex;Acc8_hippocampus_ST_A_Ex_KD
Gdi2,2,DOWN,0,2,-0.26777915383366235,Acc8_hippocampus_ST_A_Ex;Acc8_hippocampus_ST_A_Ex_KD
Cblb,2,DOWN,0,2,-0.2678551124314875,Acc3_brainstem_GLP_1;Acc8_hippocampus_ST_A_Ex
Opcml,2,DOWN,0,2,-0.2684625938371594,Acc3_brainstem_GLP_1;Acc8_hippocampus_ST_A_Ex
Ppp4r4,2,DOWN,0,2,-0.26854020061053546,Acc8_hippocampus_ST_A_Ex;Acc8_hippocampus_ST_A_Ex_KD
Dennd5a,2,DOWN,0,2,-0.26863191890900817,Acc8_hippocampus_ST_A_Ex;Acc8_hippocampus_ST_A_Ex_KD
Sec23a,2,DOWN,0,2,-0.26880049949631757,Acc3_brainstem_GLP_1;Acc8_hippocampus_ST_A_Ex
Api5,2,DOWN,0,2,-0.2692646292368439,Acc3_hypothalamus_GLP_1_MK_801;Acc8_hippocampus_ST_A_Ex
Paip1,2,DOWN,0,2,-0.26934956617428896,Acc11_hippocampus_Ex4_mTBI;Acc3_hypothalamus_GLP_1_MK_801
Siae,2,DOWN,0,2,-0.2694933086056648,Acc8_hippocampus_ST_A_Ex;Acc8_hippocampus_ST_A_Ex_KD
Cdc7,2,DOWN,0,2,-0.26952512399947637,Acc3_hypothalamus_GLP_1_MK_801;Acc3_hypothalamus_conjugate_2
Sh2b3,2,DOWN,0,2,-0.27004101692361365,Acc8_hippocampus_ST_A_Ex;Acc8_hippocampus_ST_A_Ex_KD
Pdcl,2,DOWN,0,2,-0.27010362225741547,Acc3_brainstem_GLP_1;Acc3_hypothalamus_GLP_1_MK_801
Otub2,2,DOWN,0,2,-0.2705026149838987,Acc10_hippocampus_Ex4_Pre_TBI;Acc8_hippocampus_ST_A_Ex
Evi2a,2,DOWN,0,2,-0.2709055011788936,Acc3_brainstem_GLP_1;Acc3_hypothalamus_GLP_1_MK_801
Gpc5,2,DOWN,0,2,-0.27092473605699785,Acc3_brainstem_GLP_1;Acc8_hippocampus_ST_A_Ex
Ric8b,2,DOWN,0,2,-0.27109399924570743,Acc10_hippocampus_Ex4_Pre_TBI;Acc8_hippocampus_ST_A_Ex
Ddx25,2,DOWN,0,2,-0.2712147827843834,Acc8_hippocampus_ST_A_Ex;Acc8_hippocampus_ST_A_Ex_KD
Inpp5a,2,DOWN,0,2,-0.2713143247165273,Acc8_hippocampus_ST_A_Ex;Acc8_hippocampus_ST_A_Ex_KD
Kctd21,2,DOWN,0,2,-0.2713514769807551,Acc8_hippocampus_ST_A_Ex;Acc8_hippocampus_ST_A_Ex_KD
Aida,2,DOWN,0,2,-0.27145910339359125,Acc8_hippocampus_ST_A_Ex;Acc8_hippocampus_ST_A_Ex_KD
Tcf12,2,DOWN,0,2,-0.2719046616178863,Acc8_hippocampus_ST_A_Ex;Acc8_hippocampus_ST_A_Ex_KD
Elk3,2,DOWN,0,2,-0.2721834263302564,Acc8_hippocampus_ST_A_Ex;Acc8_hippocampus_ST_A_Ex_KD
Lrch3,2,DOWN,0,2,-0.2722641073192025,Acc8_frontalcortex_ST_A_Ex;Acc8_hippocampus_ST_A_Ex
Usp33,2,DOWN,0,2,-0.27232538510858,Acc8_hippocampus_ST_A_Ex;Acc8_hippocampus_ST_A_Ex_KD
Pik3c2a,2,DOWN,0,2,-0.27242846956307987,Acc3_brainstem_GLP_1;Acc8_hippocampus_ST_A_Ex
Zc3h14,2,DOWN,0,2,-0.2724753358556352,Acc8_hippocampus_ST_A_Ex;Acc8_hippocampus_ST_A_Ex_KD
Dhx36,2,DOWN,0,2,-0.27251427467046874,Acc3_hypothalamus_GLP_1_MK_801;Acc8_hippocampus_ST_A_Ex
Clasp2,2,DOWN,0,2,-0.27302600319898634,Acc8_hippocampus_ST_A_Ex;Acc8_hippocampus_ST_A_Ex_KD
Pabpc1l2b,2,DOWN,0,2,-0.2730642269806731,Acc8_hippocampus_ST_A_Ex;Acc8_hippocampus_ST_A_Ex_KD
Add3,2,DOWN,0,2,-0.273901189425,Acc10_hippocampus_Ex4_Po_t_TBI;Acc10_hippocampus_Ex4_Pre_TBI
Pcdha8,2,DOWN,0,2,-0.2739349240990744,Acc8_hippocampus_ST_A_Ex;Acc8_hippocampus_ST_A_Ex_KD
Ak4,2,DOWN,0,2,-0.2739943792759826,Acc3_hypothalamus_GLP_1_MK_801;Acc3_hypothalamus_conjugate_2
Rab14,2,DOWN,0,2,-0.2742035070538668,Acc3_hypothalamus_GLP_1_MK_801;Acc8_hippocampus_ST_A_Ex
Hps4,2,DOWN,0,2,-0.2746529317898795,Acc8_hippocampus_ST_A_Ex;Acc8_hippocampus_ST_A_Ex_KD
Gnai3,2,DOWN,0,2,-0.27508021919303227,Acc3_hypothalamus_GLP_1_MK_801;Acc8_hippocampus_ST_A_Ex
Fstl5,2,DOWN,0,2,-0.2752965580246038,Acc8_hippocampus_ST_A_Ex;Acc8_hippocampus_ST_A_Ex_KD
Pitpnb,2,DOWN,0,2,-0.27538198310202905,Acc8_hippocampus_ST_A_Ex;Acc8_hippocampus_ST_A_Ex_KD
Rabepk,2,DOWN,0,2,-0.27549897320025585,Acc8_hippocampus_ST_A_Ex;Acc8_hippocampus_ST_A_Ex_KD
Ndufb1-ps,2,DOWN,0,2,-0.2756096739410122,Acc3_brainstem_GLP_1_MK_801;Acc3_hypothalamus_GLP_1_MK_801
Pmepa1,2,DOWN,0,2,-0.27580157934239236,Acc8_hippocampus_ST_A_Ex;Acc8_hippocampus_ST_A_Ex_KD
Zfp946,2,DOWN,0,2,-0.2760716961844035,Acc8_hippocampus_ST_A_Ex;Acc8_hippocampus_ST_A_Ex_KD
Arhgef17,2,DOWN,0,2,-0.276129137770909,Acc8_hippocampus_ST_A_Ex;Acc8_hypothalamus_LT_A_Ex
Lrpprc,2,DOWN,0,2,-0.27621966614595506,Acc8_hippocampus_ST_A_Ex;Acc8_hippocampus_ST_A_Ex_KD
Taf2,2,DOWN,0,2,-0.2763091323469232,Acc8_hippocampus_ST_A_Ex;Acc8_hippocampus_ST_A_Ex_KD
Ldlrad3,2,DOWN,0,2,-0.2764169908295487,Acc3_brainstem_GLP_1;Acc8_hippocampus_ST_A_Ex
Suco,2,DOWN,0,2,-0.2765168115802352,Acc3_hypothalamus_GLP_1_MK_801;Acc8_hippocampus_ST_A_Ex
Lrrn3,2,DOWN,0,2,-0.27680987762404635,Acc3_brainstem_GLP_1;Acc8_hippocampus_ST_A_Ex
Ints3,2,DOWN,0,2,-0.27710455318238314,Acc8_hippocampus_ST_A_Ex;Acc8_hippocampus_ST_A_Ex_KD
Gpr137b-ps,2,DOWN,0,2,-0.27718574240145744,Acc8_hippocampus_ST_A_Ex;Acc8_hippocampus_ST_A_Ex_KD
Fubp1,2,DOWN,0,2,-0.2772563125799268,Acc3_hypothalamus_GLP_1_MK_801;Acc8_frontalcortex_ST_A_Ex_KD
Trim62,2,DOWN,0,2,-0.2773854768628653,Acc5_pvn_IP118_PY115;Acc8_hippocampus_ST_A_Ex
Ppp2r5a,2,DOWN,0,2,-0.2777161311592989,Acc8_hippocampus_ST_A_Ex;Acc8_hippocampus_ST_A_Ex_KD
Zfp970,2,DOWN,0,2,-0.27778469213557117,Acc8_hippocampus_ST_A_Ex;Acc8_hippocampus_ST_A_Ex_KD
Abitram,2,DOWN,0,2,-0.27782515567200233,Acc8_hippocampus_ST_A_Ex;Acc8_hippocampus_ST_A_Ex_KD
Fermt2,2,DOWN,0,2,-0.27787935070020925,Acc8_hippocampus_ST_A_Ex;Acc8_hippocampus_ST_A_Ex_KD
Rbl2,2,DOWN,0,2,-0.2781619636109311,Acc8_hippocampus_ST_A_Ex;Acc8_hippocampus_ST_A_Ex_KD
Ptk2,2,DOWN,0,2,-0.2782360682991286,Acc8_hippocampus_ST_A_Ex;Acc8_hippocampus_ST_A_Ex_KD
Cacul1,2,DOWN,0,2,-0.2783590900882386,Acc3_hypothalamus_GLP_1_MK_801;Acc8_hippocampus_ST_A_Ex
Npas3,2,DOWN,0,2,-0.278508597283194,Acc3_brainstem_GLP_1;Acc8_hippocampus_ST_A_Ex_KD
Hpcal4,2,DOWN,0,2,-0.27878467977766136,Acc8_hippocampus_ST_A_Ex;Acc8_hippocampus_ST_A_Ex_KD
C9orf72,2,DOWN,0,2,-0.27899426965256346,Acc8_hippocampus_ST_A_Ex;Acc8_hippocampus_ST_A_Ex_KD
Lrrc14b,2,DOWN,0,2,-0.27902024036067785,Acc8_hippocampus_ST_A_Ex;Acc8_hippocampus_ST_A_Ex_KD
Trappc13,2,DOWN,0,2,-0.27904183751612655,Acc3_hypothalamus_GLP_1_MK_801;Acc8_hippocampus_ST_A_Ex
Nnt,2,DOWN,0,2,-0.27961026488217067,Acc8_hippocampus_ST_A_Ex;Acc8_hippocampus_ST_A_Ex_KD
Col4a3bp,2,DOWN,0,2,-0.27977044351827274,Acc10_hippocampus_Ex4_Po_t_TBI;Acc3_hypothalamus_GLP_1_MK_801
Klhl7,2,DOWN,0,2,-0.2798652147440994,Acc3_hypothalamus_GLP_1_MK_801;Acc8_hippocampus_ST_A_Ex
Nos1ap,2,DOWN,0,2,-0.2803573924,Acc10_hippocampus_Ex4_Po_t_TBI;Acc10_hippocampus_Ex4_Pre_TBI
Rasgrp3,2,DOWN,0,2,-0.2803645550643278,Acc3_brainstem_GLP_1;Acc3_hypothalamus_GLP_1_MK_801
Hist1h3d,2,DOWN,0,2,-0.28051470695,Acc10_hippocampus_Ex4_Po_t_TBI;Acc10_hippocampus_Ex4_Pre_TBI
Ercc6l2,2,DOWN,0,2,-0.2805284728889096,Acc8_hippocampus_ST_A_Ex;Acc8_hippocampus_ST_A_Ex_KD
Nol9,2,DOWN,0,2,-0.2806498986105057,Acc8_hippocampus_ST_A_Ex;Acc8_hippocampus_ST_A_Ex_KD
Atp1b2,2,DOWN,0,2,-0.2807024206114408,Acc8_hippocampus_ST_A_Ex;Acc8_hypothalamus_LT_A_Ex
Dpp9,2,DOWN,0,2,-0.2809038327863861,Acc8_hippocampus_ST_A_Ex;Acc8_hippocampus_ST_A_Ex_KD
Lypd6,2,DOWN,0,2,-0.28117969608546867,Acc8_hippocampus_ST_A_Ex;Acc8_hippocampus_ST_A_Ex_KD
Dck,2,DOWN,0,2,-0.281336542227198,Acc3_hypothalamus_GLP_1_MK_801;Acc8_hippocampus_ST_A_Ex
Zfp945,2,DOWN,0,2,-0.2816330421749042,Acc8_hippocampus_ST_A_Ex;Acc8_hippocampus_ST_A_Ex_KD
Dhx40,2,DOWN,0,2,-0.28174628347491126,Acc8_hippocampus_ST_A_Ex;Acc8_hippocampus_ST_A_Ex_KD
Eif1ax,2,DOWN,0,2,-0.2819546849962886,Acc3_hypothalamus_GLP_1_MK_801;Acc8_hippocampus_ST_A_Ex
Cx3cr1,2,DOWN,0,2,-0.28218835668673053,Acc3_brainstem_GLP_1;Acc8_frontalcortex_YA_Ex
Proser1,2,DOWN,0,2,-0.2822480069081193,Acc8_hippocampus_ST_A_Ex;Acc8_hippocampus_ST_A_Ex_KD
Usp37,2,DOWN,0,2,-0.28229338847256014,Acc8_hippocampus_ST_A_Ex;Acc8_hippocampus_ST_A_Ex_KD
Fbxl16,2,DOWN,0,2,-0.28233948500237444,Acc8_hippocampus_ST_A_Ex;Acc8_hypothalamus_LT_A_Ex
Igfbp5,2,DOWN,0,2,-0.2825214440402938,Acc8_hippocampus_ST_A_Ex;Acc8_hippocampus_ST_A_Ex_KD
Adam23,2,DOWN,0,2,-0.2825778079897692,Acc3_brainstem_GLP_1;Acc8_hippocampus_ST_A_Ex
Tmem260,2,DOWN,0,2,-0.28261369699367217,Acc8_hippocampus_ST_A_Ex;Acc8_hippocampus_ST_A_Ex_KD
Zc4h2,2,DOWN,0,2,-0.28274214993810376,Acc11_hippocampus_Ex4_mTBI;Acc3_hypothalamus_GLP_1_MK_801
Chsy1,2,DOWN,0,2,-0.2827977283238492,Acc3_brainstem_GLP_1;Acc8_hippocampus_ST_A_Ex
Mob3a,2,DOWN,0,2,-0.2829194103179596,Acc8_hippocampus_ST_A_Ex;Acc8_hippocampus_ST_A_Ex_KD
Fam126a,2,DOWN,0,2,-0.283024454368703,Acc3_brainstem_GLP_1;Acc3_hypothalamus_GLP_1_MK_801
Traf6,2,DOWN,0,2,-0.283191122693795,Acc8_hippocampus_ST_A_Ex;Acc8_hippocampus_ST_A_Ex_KD
Eif4ebp2,2,DOWN,0,2,-0.28324466290981576,Acc8_hippocampus_ST_A_Ex;Acc8_hippocampus_ST_A_Ex_KD
Prex1,2,DOWN,0,2,-0.28384371702136857,Acc8_hippocampus_ST_A_Ex;Acc8_hypothalamus_LT_A_Ex
Adam17,2,DOWN,0,2,-0.28387207085211574,Acc8_hippocampus_ST_A_Ex;Acc8_hippocampus_ST_A_Ex_KD
Tmem185b,2,DOWN,0,2,-0.2839132576744031,Acc8_hippocampus_ST_A_Ex;Acc8_hippocampus_ST_A_Ex_KD
9930021j03rik,2,DOWN,0,2,-0.2840290863926765,Acc8_hippocampus_ST_A_Ex;Acc8_hippocampus_ST_A_Ex_KD
Nktr,2,DOWN,0,2,-0.28432419755546906,Acc8_frontalcortex_ST_A_Ex;Acc8_frontalcortex_ST_A_Ex_KD
Ggps1,2,DOWN,0,2,-0.2846246840802177,Acc3_hypothalamus_GLP_1_MK_801;Acc8_hippocampus_ST_A_Ex
Baalc,2,DOWN,0,2,-0.2846314335938005,Acc8_hippocampus_ST_A_Ex;Acc8_hippocampus_ST_A_Ex_KD
Rragd,2,DOWN,0,2,-0.28503107597466903,Acc10_hippocampus_Ex4_Po_t_TBI;Acc8_hippocampus_ST_A_Ex
Serinc1,2,DOWN,0,2,-0.28569347536469625,Acc3_hypothalamus_GLP_1_MK_801;Acc8_hippocampus_ST_A_Ex
Chl1,2,DOWN,0,2,-0.28760628395,Acc10_hippocampus_Ex4_Po_t_TBI;Acc10_hippocampus_Ex4_Pre_TBI
Zfp551,2,DOWN,0,2,-0.2878254316203533,Acc8_hippocampus_ST_A_Ex;Acc8_hippocampus_ST_A_Ex_KD
Shroom2,2,DOWN,0,2,-0.28841755440534944,Acc8_hippocampus_ST_A_Ex;Acc8_hippocampus_ST_A_Ex_KD
Ogfod1,2,DOWN,0,2,-0.288492006964683,Acc8_hippocampus_ST_A_Ex;Acc8_hippocampus_ST_A_Ex_KD
Vldlr,2,DOWN,0,2,-0.28885932119502716,Acc11_hippocampus_Ex4_mTBI;Acc3_brainstem_GLP_1
Kif5b,2,DOWN,0,2,-0.2890053363353403,Acc8_hippocampus_ST_A_Ex;Acc8_hippocampus_ST_A_Ex_KD
Myo10,2,DOWN,0,2,-0.289128843837693,Acc5_arc_IP118_PY115;Acc5_pvn_IP118_PY115
Abat,2,DOWN,0,2,-0.28914689657500003,Acc10_hippocampus_Ex4_Pre_TBI;Acc11_hippocampus_Ex4_mTBI
Ryk,2,DOWN,0,2,-0.289197718925359,Acc8_hippocampus_ST_A_Ex;Acc8_hippocampus_ST_A_Ex_KD
Poc1b,2,DOWN,0,2,-0.28973877420337946,Acc8_hippocampus_ST_A_Ex;Acc8_hippocampus_ST_A_Ex_KD
Unc5a,2,DOWN,0,2,-0.28981616496970763,Acc8_hippocampus_ST_A_Ex;Acc8_hypothalamus_LT_A_Ex
Spef1,2,DOWN,0,2,-0.28997032251410804,Acc3_brainstem_GLP_1_MK_801;Acc8_hippocampus_ST_A_Ex_KD
Rprd1a,2,DOWN,0,2,-0.2900001315895411,Acc8_hippocampus_ST_A_Ex;Acc8_hippocampus_ST_A_Ex_KD
C2cd5,2,DOWN,0,2,-0.29009403199737666,Acc8_frontalcortex_ST_A_Ex;Acc8_frontalcortex_ST_A_Ex_KD
Azi2,2,DOWN,0,2,-0.2903187785398742,Acc8_hippocampus_ST_A_Ex;Acc8_hippocampus_ST_A_Ex_KD
Nedd9,2,DOWN,0,2,-0.290518381200555,Acc8_hippocampus_ST_A_Ex;Acc8_hippocampus_ST_A_Ex_KD
Babam2,2,DOWN,0,2,-0.29141551397735915,Acc8_hippocampus_ST_A_Ex;Acc8_hippocampus_ST_A_Ex_KD
Impact,2,DOWN,0,2,-0.2917138629867523,Acc3_hypothalamus_GLP_1_MK_801;Acc8_hippocampus_ST_A_Ex
Tpp1,2,DOWN,0,2,-0.2917784401443833,Acc8_hippocampus_ST_A_Ex;Acc8_hippocampus_ST_A_Ex_KD
Cacybp,2,DOWN,0,2,-0.29179327314596426,Acc3_hypothalamus_GLP_1_MK_801;Acc3_hypothalamus_conjugate_2
Gm20716,2,DOWN,0,2,-0.29217051782043585,Acc3_brainstem_GLP_1_MK_801;Acc8_hippocampus_ST_A_Ex
Gpr83,2,DOWN,0,2,-0.29294832893352624,Acc8_hippocampus_ST_A_Ex;Acc8_hippocampus_ST_A_Ex_KD
Arl14ep,2,DOWN,0,2,-0.2929599516317489,Acc3_hypothalamus_GLP_1_MK_801;Acc8_hippocampus_ST_A_Ex
Tor1aip1,2,DOWN,0,2,-0.2931424047049995,Acc8_hippocampus_ST_A_Ex;Acc8_hippocampus_ST_A_Ex_KD
Zfp626,2,DOWN,0,2,-0.29314418546384247,Acc3_hypothalamus_GLP_1_MK_801;Acc8_hippocampus_ST_A_Ex
Nptx1,2,DOWN,0,2,-0.2937916661963059,Acc8_hippocampus_ST_A_Ex;Acc8_hypothalamus_LT_A_Ex
Uso1,2,DOWN,0,2,-0.29390998388352874,Acc8_hippocampus_ST_A_Ex;Acc8_hippocampus_ST_A_Ex_KD
Ube2ql1,2,DOWN,0,2,-0.29395956562383335,Acc8_hippocampus_ST_A_Ex;Acc8_hippocampus_ST_A_Ex_KD
Sqle,2,DOWN,0,2,-0.2941418537932393,Acc11_hippocampus_Ex4_mTBI;Acc3_brainstem_GLP_1
Hcfc2,2,DOWN,0,2,-0.29467941001296943,Acc3_hypothalamus_GLP_1_MK_801;Acc8_hippocampus_ST_A_Ex
Pa2g4,2,DOWN,0,2,-0.29476660877500005,Acc10_hippocampus_Ex4_Po_t_TBI;Acc10_hippocampus_Ex4_Pre_TBI
Ddah1,2,DOWN,0,2,-0.295229489202364,Acc8_frontalcortex_ST_A_Ex;Acc8_hippocampus_ST_A_Ex
Kdm2b,2,DOWN,0,2,-0.29536640925636,Acc8_hippocampus_ST_A_Ex;Acc8_hippocampus_ST_A_Ex_KD
Banp,2,DOWN,0,2,-0.2954811156128771,Acc3_hypothalamus_conjugate_2;Acc8_hippocampus_ST_A_Ex
Gli3,2,DOWN,0,2,-0.29575322244157887,Acc3_brainstem_GLP_1;Acc8_hippocampus_ST_A_Ex
Rpe,2,DOWN,0,2,-0.29622400525996095,Acc3_hypothalamus_GLP_1_MK_801;Acc8_hippocampus_ST_A_Ex_KD
Dcakd,2,DOWN,0,2,-0.29628196285037833,Acc8_hippocampus_ST_A_Ex;Acc8_hippocampus_ST_A_Ex_KD
Arf4,2,DOWN,0,2,-0.29673662184600125,Acc3_hypothalamus_GLP_1_MK_801;Acc8_hippocampus_ST_A_Ex
Rtn4rl1,2,DOWN,0,2,-0.2967598895509732,Acc10_hippocampus_Ex4_Pre_TBI;Acc8_hypothalamus_LT_A_Ex
St8sia5,2,DOWN,0,2,-0.2969053551090393,Acc8_hippocampus_ST_A_Ex;Acc8_hippocampus_ST_A_Ex_KD
Dcun1d5,2,DOWN,0,2,-0.2969588554666204,Acc10_hippocampus_Ex4_Po_t_TBI;Acc3_hypothalamus_GLP_1_MK_801
Nfic,2,DOWN,0,2,-0.29704634900066085,Acc10_hippocampus_Ex4_Pre_TBI;Acc5_pvn_IP118_PY115
A930017m01rik,2,DOWN,0,2,-0.2974555489293713,Acc8_hippocampus_ST_A_Ex;Acc8_hippocampus_ST_A_Ex_KD
Rbm39,2,DOWN,0,2,-0.29749299855,Acc10_hippocampus_Ex4_Po_t_TBI;Acc10_hippocampus_Ex4_Pre_TBI
Bpnt2,2,DOWN,0,2,-0.2975470062225269,Acc8_hippocampus_ST_A_Ex;Acc8_hippocampus_ST_A_Ex_KD
Dlgap4,2,DOWN,0,2,-0.2976765998259372,Acc8_hippocampus_ST_A_Ex;Acc8_hypothalamus_LT_A_Ex
Sh3kbp1,2,DOWN,0,2,-0.29780495712346255,Acc8_hippocampus_ST_A_Ex;Acc8_hippocampus_ST_A_Ex_KD
Dpyd,2,DOWN,0,2,-0.29803528112827893,Acc3_brainstem_GLP_1;Acc8_hippocampus_ST_A_Ex
Mcam,2,DOWN,0,2,-0.2981442379482157,Acc8_frontalcortex_YA_Ex;Acc8_hypothalamus_YA_Ex
Nudcd1,2,DOWN,0,2,-0.29848693599176773,Acc3_hypothalamus_GLP_1_MK_801;Acc8_hippocampus_ST_A_Ex
Syn2,2,DOWN,0,2,-0.298496153425,Acc10_hippocampus_Ex4_Po_t_TBI;Acc10_hippocampus_Ex4_Pre_TBI
Mfsd9,2,DOWN,0,2,-0.29855308806430464,Acc8_hippocampus_ST_A_Ex;Acc8_hippocampus_ST_A_Ex_KD
Dusp16,2,DOWN,0,2,-0.29863177314266975,Acc3_brainstem_GLP_1;Acc8_hippocampus_ST_A_Ex_KD
Sfxn1,2,DOWN,0,2,-0.2992207078478038,Acc8_hippocampus_ST_A_Ex;Acc8_hippocampus_ST_A_Ex_KD
Dpysl2,2,DOWN,0,2,-0.2993026696862456,Acc3_hypothalamus_GLP_1_MK_801;Acc3_hypothalamus_conjugate_2
Edn1,2,DOWN,0,2,-0.29939846314999996,Acc10_hippocampus_Ex4_Po_t_TBI;Acc10_hippocampus_Ex4_Pre_TBI
Ezh2,2,DOWN,0,2,-0.299594948125,Acc10_hippocampus_Ex4_Po_t_TBI;Acc10_hippocampus_Ex4_Pre_TBI
Poglut1,2,DOWN,0,2,-0.29979811924210986,Acc8_hippocampus_ST_A_Ex;Acc8_hippocampus_ST_A_Ex_KD
Tshz1,2,DOWN,0,2,-0.3001239630671353,Acc8_hippocampus_ST_A_Ex;Acc8_hippocampus_ST_A_Ex_KD
Hexb,2,DOWN,0,2,-0.30052016650907165,Acc8_hippocampus_ST_A_Ex;Acc8_hippocampus_ST_A_Ex_KD
Zfp644,2,DOWN,0,2,-0.3011214752491647,Acc8_hippocampus_ST_A_Ex;Acc8_hippocampus_ST_A_Ex_KD
Eaf1,2,DOWN,0,2,-0.3011591167881454,Acc8_hippocampus_ST_A_Ex;Acc8_hippocampus_ST_A_Ex_KD
Ccdc97,2,DOWN,0,2,-0.30136113155811345,Acc8_hippocampus_ST_A_Ex;Acc8_hippocampus_ST_A_Ex_KD
Sdc2,2,DOWN,0,2,-0.3014457529494253,Acc8_hippocampus_ST_A_Ex;Acc8_hippocampus_ST_A_Ex_KD
Csgalnact1,2,DOWN,0,2,-0.3014695598906857,Acc8_hippocampus_ST_A_Ex;Acc8_hippocampus_ST_A_Ex_KD
Tmem94,2,DOWN,0,2,-0.3018656596887861,Acc8_hippocampus_ST_A_Ex;Acc8_hippocampus_ST_A_Ex_KD
Rybp,2,DOWN,0,2,-0.30192017577620456,Acc8_hippocampus_ST_A_Ex;Acc8_hippocampus_ST_A_Ex_KD
Stim2,2,DOWN,0,2,-0.3024428587153196,Acc8_hippocampus_ST_A_Ex;Acc8_hippocampus_ST_A_Ex_KD
Zfp804a,2,DOWN,0,2,-0.3037222961256508,Acc3_brainstem_GLP_1;Acc8_hippocampus_ST_A_Ex
Sat1,2,DOWN,0,2,-0.3037240140033859,Acc3_hypothalamus_GLP_1_MK_801;Acc3_hypothalamus_conjugate_2
Tmem165,2,DOWN,0,2,-0.3039214960128838,Acc3_brainstem_GLP_1;Acc3_hypothalamus_GLP_1_MK_801
Tmem185a,2,DOWN,0,2,-0.3040042100736773,Acc8_hippocampus_ST_A_Ex;Acc8_hippocampus_ST_A_Ex_KD
Synpr,2,DOWN,0,2,-0.30445067681350446,Acc8_hippocampus_ST_A_Ex;Acc8_hippocampus_ST_A_Ex_KD
Cyp2j9,2,DOWN,0,2,-0.30536901114031023,Acc8_hippocampus_ST_A_Ex;Acc8_hippocampus_ST_A_Ex_KD
Ythdc2,2,DOWN,0,2,-0.3056891664368368,Acc8_hippocampus_ST_A_Ex;Acc8_hippocampus_ST_A_Ex_KD
Rgs7bp,2,DOWN,0,2,-0.306053124052982,Acc8_hippocampus_ST_A_Ex;Acc8_hippocampus_ST_A_Ex_KD
Trappc2,2,DOWN,0,2,-0.30611120277129356,Acc3_hypothalamus_GLP_1_MK_801;Acc8_hippocampus_ST_A_Ex_KD
Nos1,2,DOWN,0,2,-0.3063693301630752,Acc8_hippocampus_ST_A_Ex;Acc8_hippocampus_ST_A_Ex_KD
Abce1,2,DOWN,0,2,-0.3064036027188445,Acc8_hippocampus_ST_A_Ex;Acc8_hippocampus_ST_A_Ex_KD
Hsph1,2,DOWN,0,2,-0.3064289448948404,Acc8_frontalcortex_LT_A_Ex;Acc8_hippocampus_ST_A_Ex
Tmtc4,2,DOWN,0,2,-0.30661238957842496,Acc8_hippocampus_ST_A_Ex;Acc8_hippocampus_ST_A_Ex_KD
Add1,2,DOWN,0,2,-0.30676124242499997,Acc10_hippocampus_Ex4_Pre_TBI;Acc11_hippocampus_Ex4_mTBI
Fam172a,2,DOWN,0,2,-0.30702660290567607,Acc3_brainstem_GLP_1;Acc3_hypothalamus_GLP_1_MK_801
Ndc1,2,DOWN,0,2,-0.30705958792790267,Acc8_hippocampus_ST_A_Ex;Acc8_hippocampus_ST_A_Ex_KD
Pde7b,2,DOWN,0,2,-0.3071512670784353,Acc3_brainstem_GLP_1;Acc8_hippocampus_ST_A_Ex
Dock11,2,DOWN,0,2,-0.3072757455039472,Acc8_hippocampus_ST_A_Ex;Acc8_hippocampus_ST_A_Ex_KD
Galnt1,2,DOWN,0,2,-0.3075346833613438,Acc8_hippocampus_ST_A_Ex;Acc8_hippocampus_ST_A_Ex_KD
Cul3,2,DOWN,0,2,-0.30791486254208494,Acc8_hippocampus_ST_A_Ex;Acc8_hippocampus_ST_A_Ex_KD
Dtx3l,2,DOWN,0,2,-0.3085131606410254,Acc8_hippocampus_ST_A_Ex;Acc8_hippocampus_ST_A_Ex_KD
Smim17,2,DOWN,0,2,-0.30858035371332243,Acc3_hypothalamus_GLP_1_MK_801;Acc8_hippocampus_ST_A_Ex_KD
Ulk1,2,DOWN,0,2,-0.3087649316453812,Acc8_hippocampus_ST_A_Ex;Acc8_hippocampus_ST_A_Ex_KD
Crebrf,2,DOWN,0,2,-0.3088257297377474,Acc8_hippocampus_ST_A_Ex;Acc8_hippocampus_ST_A_Ex_KD
Relch,2,DOWN,0,2,-0.3088448644139956,Acc8_hippocampus_ST_A_Ex;Acc8_hippocampus_ST_A_Ex_KD
Ube3b,2,DOWN,0,2,-0.30916474063345917,Acc8_hippocampus_ST_A_Ex;Acc8_hippocampus_ST_A_Ex_KD
Slain2,2,DOWN,0,2,-0.3092678243243586,Acc8_hippocampus_ST_A_Ex;Acc8_hippocampus_ST_A_Ex_KD
Gabra4,2,DOWN,0,2,-0.3094100077160839,Acc8_hippocampus_ST_A_Ex;Acc8_hippocampus_ST_A_Ex_KD
Zfp65,2,DOWN,0,2,-0.3098105522216281,Acc3_brainstem_GLP_1;Acc3_hypothalamus_GLP_1_MK_801
Cul2,2,DOWN,0,2,-0.30993768103978175,Acc8_hippocampus_ST_A_Ex;Acc8_hippocampus_ST_A_Ex_KD
Ano3,2,DOWN,0,2,-0.3106190802136434,Acc8_hippocampus_ST_A_Ex;Acc8_hippocampus_ST_A_Ex_KD
Abhd13,2,DOWN,0,2,-0.311143513251003,Acc8_hippocampus_ST_A_Ex;Acc8_hippocampus_ST_A_Ex_KD
Pcgf3,2,DOWN,0,2,-0.31161543209050485,Acc8_hippocampus_ST_A_Ex;Acc8_hippocampus_ST_A_Ex_KD
Mapk8,2,DOWN,0,2,-0.3117171053968226,Acc3_hypothalamus_GLP_1_MK_801;Acc8_hippocampus_ST_A_Ex
Gm31282,2,DOWN,0,2,-0.3120437008705935,Acc8_hippocampus_ST_A_Ex;Acc8_hippocampus_ST_A_Ex_KD
Plekha8,2,DOWN,0,2,-0.3122808499876978,Acc3_hypothalamus_GLP_1_MK_801;Acc8_hippocampus_ST_A_Ex
Smndc1,2,DOWN,0,2,-0.31230648880627465,Acc3_hypothalamus_GLP_1_MK_801;Acc8_hippocampus_ST_A_Ex
Mblac2,2,DOWN,0,2,-0.312325099208085,Acc8_hippocampus_ST_A_Ex;Acc8_hippocampus_ST_A_Ex_KD
Hdac9,2,DOWN,0,2,-0.3124116601431911,Acc3_brainstem_GLP_1;Acc3_hypothalamus_GLP_1_MK_801
Hsp90b1,2,DOWN,0,2,-0.3126484232619638,Acc8_hippocampus_ST_A_Ex;Acc8_hippocampus_ST_A_Ex_KD
Lyl1,2,DOWN,0,2,-0.31409109656698997,Acc8_hippocampus_ST_A_Ex;Acc8_hippocampus_ST_A_Ex_KD
Gm49396,2,DOWN,0,2,-0.31423309896925333,Acc3_brainstem_GLP_1_MK_801;Acc3_hypothalamus_GLP_1_MK_801
Patl1,2,DOWN,0,2,-0.31437762409125497,Acc8_hippocampus_ST_A_Ex;Acc8_hippocampus_ST_A_Ex_KD
Htr2c,2,DOWN,0,2,-0.3147142131609258,Acc3_brainstem_GLP_1;Acc3_hypothalamus_GLP_1_MK_801
Pign,2,DOWN,0,2,-0.31501306670971263,Acc8_hippocampus_ST_A_Ex;Acc8_hippocampus_ST_A_Ex_KD
Disp3,2,DOWN,0,2,-0.3152835047805468,Acc8_hippocampus_ST_A_Ex;Acc8_hypothalamus_LT_A_Ex
Ppp1r13b,2,DOWN,0,2,-0.3154310214621726,Acc8_hippocampus_ST_A_Ex;Acc8_hypothalamus_LT_A_Ex
Rlim,2,DOWN,0,2,-0.31605441000509193,Acc3_hypothalamus_GLP_1_MK_801;Acc8_hippocampus_ST_A_Ex
Mospd2,2,DOWN,0,2,-0.3166539606592226,Acc8_hippocampus_ST_A_Ex;Acc8_hippocampus_ST_A_Ex_KD
Zfp655,2,DOWN,0,2,-0.3169924201397851,Acc8_hippocampus_ST_A_Ex;Acc8_hippocampus_ST_A_Ex_KD
Phyhipl,2,DOWN,0,2,-0.3175868737414625,Acc8_hippocampus_ST_A_Ex;Acc8_hippocampus_ST_A_Ex_KD
Fundc1,2,DOWN,0,2,-0.3175952217770956,Acc3_hypothalamus_GLP_1_MK_801;Acc8_hippocampus_ST_A_Ex_KD
Gpr137,2,DOWN,0,2,-0.31829034424959174,Acc11_hippocampus_Ex4_mTBI;Acc8_hypothalamus_LT_A_Ex
Arhgap42,2,DOWN,0,2,-0.31942713499265035,Acc3_hypothalamus_GLP_1_MK_801;Acc8_hippocampus_ST_A_Ex
Mamld1,2,DOWN,0,2,-0.3195126896828629,Acc8_frontalcortex_ST_A_Ex;Acc8_hippocampus_ST_A_Ex
Gpr17,2,DOWN,0,2,-0.31974740308634053,Acc3_brainstem_GLP_1;Acc8_hypothalamus_LT_A_Ex
N4bp1,2,DOWN,0,2,-0.3200072834337139,Acc8_hippocampus_ST_A_Ex;Acc8_hippocampus_ST_A_Ex_KD
Adnp2,2,DOWN,0,2,-0.3200669884849316,Acc8_hippocampus_ST_A_Ex;Acc8_hippocampus_ST_A_Ex_KD
Fam117b,2,DOWN,0,2,-0.3203688786176144,Acc3_hypothalamus_GLP_1_MK_801;Acc8_hippocampus_ST_A_Ex
Cyp7b1,2,DOWN,0,2,-0.3204327598494129,Acc8_hippocampus_ST_A_Ex;Acc8_hippocampus_ST_A_Ex_KD
Tex10,2,DOWN,0,2,-0.32151085448835026,Acc8_hippocampus_ST_A_Ex;Acc8_hippocampus_ST_A_Ex_KD
Usp38,2,DOWN,0,2,-0.3221635727221215,Acc3_hypothalamus_GLP_1_MK_801;Acc8_hippocampus_ST_A_Ex
Zfp449,2,DOWN,0,2,-0.3223108193848721,Acc3_hypothalamus_GLP_1_MK_801;Acc8_hippocampus_ST_A_Ex
Sec24a,2,DOWN,0,2,-0.32236804172188765,Acc3_hypothalamus_GLP_1_MK_801;Acc8_hippocampus_ST_A_Ex
Rsf1,2,DOWN,0,2,-0.32246928585,Acc10_hippocampus_Ex4_Po_t_TBI;Acc10_hippocampus_Ex4_Pre_TBI
Zfp423,2,DOWN,0,2,-0.3228267233386032,Acc8_hippocampus_ST_A_Ex;Acc8_hippocampus_ST_A_Ex_KD
Nup98,2,DOWN,0,2,-0.3229766440368406,Acc8_hippocampus_ST_A_Ex;Acc8_hippocampus_ST_A_Ex_KD
Fastkd1,2,DOWN,0,2,-0.32405734542006104,Acc8_hippocampus_ST_A_Ex;Acc8_hippocampus_ST_A_Ex_KD
Stard4,2,DOWN,0,2,-0.32477171316434955,Acc3_hypothalamus_GLP_1_MK_801;Acc8_hippocampus_ST_A_Ex_KD
Elovl6,2,DOWN,0,2,-0.3249812830158757,Acc8_hippocampus_ST_A_Ex;Acc8_hippocampus_ST_A_Ex_KD
Evi5,2,DOWN,0,2,-0.32526800113585796,Acc3_hypothalamus_GLP_1_MK_801;Acc8_hippocampus_ST_A_Ex
Wasl,2,DOWN,0,2,-0.32590650458015114,Acc3_hypothalamus_GLP_1_MK_801;Acc8_hippocampus_ST_A_Ex
Zfx,2,DOWN,0,2,-0.32610117528434146,Acc8_hippocampus_ST_A_Ex;Acc8_hippocampus_ST_A_Ex_KD
D030056l22rik,2,DOWN,0,2,-0.32769461823309776,Acc3_hypothalamus_GLP_1_MK_801;Acc8_hippocampus_ST_A_Ex_KD
Atn1,2,DOWN,0,2,-0.3277685632028112,Acc8_hippocampus_ST_A_Ex;Acc8_hypothalamus_LT_A_Ex
Fgd6,2,DOWN,0,2,-0.32784406451972536,Acc3_brainstem_GLP_1;Acc8_hippocampus_ST_A_Ex
Kcnh1,2,DOWN,0,2,-0.32790117347500003,Acc10_hippocampus_Ex4_Po_t_TBI;Acc10_hippocampus_Ex4_Pre_TBI
Gk,2,DOWN,0,2,-0.3279074324224662,Acc3_brainstem_GLP_1;Acc3_hypothalamus_GLP_1_MK_801
Cdk8,2,DOWN,0,2,-0.3281220496378232,Acc8_hippocampus_ST_A_Ex;Acc8_hippocampus_ST_A_Ex_KD
Fastkd2,2,DOWN,0,2,-0.32843079193248903,Acc8_hippocampus_ST_A_Ex;Acc8_hippocampus_ST_A_Ex_KD
Agfg1,2,DOWN,0,2,-0.3286169646336398,Acc3_hypothalamus_GLP_1_MK_801;Acc8_hippocampus_ST_A_Ex
Alcam,2,DOWN,0,2,-0.32870239334999996,Acc10_hippocampus_Ex4_Po_t_TBI;Acc10_hippocampus_Ex4_Pre_TBI
Elovl7,2,DOWN,0,2,-0.32895787278646793,Acc3_brainstem_GLP_1;Acc3_hypothalamus_GLP_1_MK_801
Capn3,2,DOWN,0,2,-0.3293882286127915,Acc8_hippocampus_ST_A_Ex;Acc8_hippocampus_ST_A_Ex_KD
Zfp397,2,DOWN,0,2,-0.3295273032057544,Acc8_hippocampus_ST_A_Ex;Acc8_hippocampus_ST_A_Ex_KD
Fgfrl1,2,DOWN,0,2,-0.33025052928365534,Acc8_hippocampus_ST_A_Ex;Acc8_hippocampus_ST_A_Ex_KD
Fam169a,2,DOWN,0,2,-0.33027148287101815,Acc3_hypothalamus_GLP_1_MK_801;Acc8_hippocampus_ST_A_Ex
Plekha1,2,DOWN,0,2,-0.33111589539999997,Acc10_hippocampus_Ex4_Po_t_TBI;Acc11_hippocampus_Ex4_mTBI
Elmod2,2,DOWN,0,2,-0.3315947241747387,Acc8_hippocampus_ST_A_Ex;Acc8_hippocampus_ST_A_Ex_KD
Anln,2,DOWN,0,2,-0.3316043407721546,Acc3_brainstem_GLP_1;Acc8_hippocampus_ST_A_Ex_KD
Dbpht2,2,DOWN,0,2,-0.33193991205135975,Acc3_hypothalamus_GLP_1_MK_801;Acc8_hippocampus_ST_A_Ex
Tmem123,2,DOWN,0,2,-0.3322929967121609,Acc3_hypothalamus_GLP_1_MK_801;Acc8_hippocampus_ST_A_Ex_KD
Caprin1,2,DOWN,0,2,-0.33253019091755487,Acc8_hippocampus_ST_A_Ex;Acc8_hippocampus_ST_A_Ex_KD
Tbc1d19,2,DOWN,0,2,-0.3326315504704075,Acc3_hypothalamus_GLP_1_MK_801;Acc8_hippocampus_ST_A_Ex_KD
Katna1,2,DOWN,0,2,-0.33300200077560715,Acc8_hippocampus_ST_A_Ex;Acc8_hippocampus_ST_A_Ex_KD
Lats2,2,DOWN,0,2,-0.3331408411200114,Acc3_hypothalamus_GLP_1_MK_801;Acc8_hippocampus_ST_A_Ex
Pag1,2,DOWN,0,2,-0.3334435313942331,Acc8_hippocampus_ST_A_Ex;Acc8_hippocampus_ST_A_Ex_KD
Mpp7,2,DOWN,0,2,-0.33407606488106106,Acc3_brainstem_GLP_1;Acc3_hypothalamus_GLP_1_MK_801
Ampd3,2,DOWN,0,2,-0.3342778572466387,Acc8_hippocampus_ST_A_Ex;Acc8_hippocampus_ST_A_Ex_KD
Zdhhc15,2,DOWN,0,2,-0.33460153824559213,Acc8_hippocampus_ST_A_Ex;Acc8_hippocampus_ST_A_Ex_KD
Cldn5,2,DOWN,0,2,-0.33489530753696417,Acc3_brainstem_GLP_1_MK_801;Acc3_hypothalamus_GLP_1_MK_801
Pou3f2,2,DOWN,0,2,-0.3353450492542541,Acc3_brainstem_GLP_1;Acc5_pvn_IP118_PY115
Lsm12,2,DOWN,0,2,-0.335510720875,Acc11_hippocampus_Ex4;Acc11_hippocampus_Ex4_mTBI
Rnf170,2,DOWN,0,2,-0.33554407008127246,Acc11_hippocampus_Ex4_mTBI;Acc3_hypothalamus_GLP_1_MK_801
Zfp26,2,DOWN,0,2,-0.3359516387797573,Acc3_hypothalamus_GLP_1_MK_801;Acc8_hippocampus_ST_A_Ex
Sdhaf3,2,DOWN,0,2,-0.33644834147863956,Acc3_hypothalamus_GLP_1_MK_801;Acc8_hippocampus_ST_A_Ex_KD
Ccdc66,2,DOWN,0,2,-0.3368762739371802,Acc8_hippocampus_ST_A_Ex;Acc8_hippocampus_ST_A_Ex_KD
Nhlrc2,2,DOWN,0,2,-0.33691843625,Acc10_hippocampus_Ex4_Po_t_TBI;Acc10_hippocampus_Ex4_Pre_TBI
Mafb,2,DOWN,0,2,-0.338001283635531,Acc3_brainstem_GLP_1;Acc8_hippocampus_ST_A_Ex
Slc2a13,2,DOWN,0,2,-0.3382460908689152,Acc3_hypothalamus_GLP_1_MK_801;Acc8_hippocampus_ST_A_Ex
Dym,2,DOWN,0,2,-0.33861692134002086,Acc8_hippocampus_ST_A_Ex;Acc8_hippocampus_ST_A_Ex_KD
Ipcef1,2,DOWN,0,2,-0.33864365662771645,Acc8_hippocampus_ST_A_Ex;Acc8_hippocampus_ST_A_Ex_KD
Rnf111,2,DOWN,0,2,-0.3393071250017775,Acc8_hippocampus_ST_A_Ex;Acc8_hippocampus_ST_A_Ex_KD
Tab2,2,DOWN,0,2,-0.33934183497932047,Acc8_hippocampus_ST_A_Ex;Acc8_hippocampus_ST_A_Ex_KD
Arsj,2,DOWN,0,2,-0.3400415591857857,Acc10_hippocampus_Ex4_Pre_TBI;Acc8_hippocampus_ST_A_Ex
Copb1,2,DOWN,0,2,-0.34083176444266444,Acc8_hippocampus_ST_A_Ex;Acc8_hippocampus_ST_A_Ex_KD
2700049a03rik,2,DOWN,0,2,-0.3409560872083905,Acc8_hippocampus_ST_A_Ex;Acc8_hippocampus_ST_A_Ex_KD
Sh3rf3,2,DOWN,0,2,-0.34103738219435215,Acc8_hippocampus_ST_A_Ex;Acc8_hippocampus_ST_A_Ex_KD
Faf1,2,DOWN,0,2,-0.3410637110016749,Acc8_hippocampus_ST_A_Ex;Acc8_hippocampus_ST_A_Ex_KD
Gm49602,2,DOWN,0,2,-0.3412491491496201,Acc3_brainstem_GLP_1_MK_801;Acc3_hypothalamus_GLP_1_MK_801
Gls,2,DOWN,0,2,-0.34144653709089384,Acc3_hypothalamus_GLP_1_MK_801;Acc8_hippocampus_ST_A_Ex
Bfsp2,2,DOWN,0,2,-0.3414666810516078,Acc3_brainstem_GLP_1;Acc3_brainstem_GLP_1_MK_801
Ccdc120,2,DOWN,0,2,-0.3419854010368021,Acc8_hippocampus_ST_A_Ex;Acc8_hippocampus_ST_A_Ex_KD
Ero1a,2,DOWN,0,2,-0.342548897858378,Acc8_hippocampus_ST_A_Ex;Acc8_hippocampus_ST_A_Ex_KD
Gtf2a1,2,DOWN,0,2,-0.3427699851374356,Acc3_hypothalamus_GLP_1_MK_801;Acc8_hippocampus_ST_A_Ex
Ggh,2,DOWN,0,2,-0.34281658061571163,Acc3_hypothalamus_GLP_1_MK_801;Acc8_hippocampus_ST_A_Ex_KD
Jup,2,DOWN,0,2,-0.3429924112996815,Acc8_hippocampus_ST_A_Ex;Acc8_hippocampus_ST_A_Ex_KD
Rab9b,2,DOWN,0,2,-0.34348437982215574,Acc8_hippocampus_ST_A_Ex;Acc8_hippocampus_ST_A_Ex_KD
Fnbp1l,2,DOWN,0,2,-0.3436576044798114,Acc8_frontalcortex_ST_A_Ex;Acc8_frontalcortex_ST_A_Ex_KD
Cacna2d1,2,DOWN,0,2,-0.34453657995833986,Acc8_hippocampus_ST_A_Ex;Acc8_hippocampus_ST_A_Ex_KD
Abhd5,2,DOWN,0,2,-0.3446144582002389,Acc8_hippocampus_ST_A_Ex;Acc8_hippocampus_ST_A_Ex_KD
Mcts1,2,DOWN,0,2,-0.34470736577528327,Acc3_brainstem_GLP_1_MK_801;Acc3_hypothalamus_GLP_1_MK_801
Tnfrsf21,2,DOWN,0,2,-0.3449918699908411,Acc11_hippocampus_Ex4_mTBI;Acc3_brainstem_GLP_1
Gpbp1l1,2,DOWN,0,2,-0.346301324324813,Acc11_hippocampus_Ex4_mTBI;Acc8_hippocampus_ST_A_Ex
Fam234a,2,DOWN,0,2,-0.3465260881658142,Acc8_hippocampus_ST_A_Ex;Acc8_hippocampus_ST_A_Ex_KD
Sclt1,2,DOWN,0,2,-0.3470881786525549,Acc3_hypothalamus_GLP_1_MK_801;Acc8_hippocampus_ST_A_Ex
Rpl22l1,2,DOWN,0,2,-0.34732535949711874,Acc3_brainstem_GLP_1_MK_801;Acc3_hypothalamus_GLP_1_MK_801
Srgn,2,DOWN,0,2,-0.3476036176065535,Acc3_brainstem_GLP_1_MK_801;Acc3_hypothalamus_GLP_1_MK_801
Gabra1,2,DOWN,0,2,-0.3478860489977006,Acc3_hypothalamus_GLP_1_MK_801;Acc8_hippocampus_ST_A_Ex
Shkbp1,2,DOWN,0,2,-0.3478990584369541,Acc8_hippocampus_ST_A_Ex;Acc8_hippocampus_ST_A_Ex_KD
Zc3hav1l,2,DOWN,0,2,-0.3480641955170449,Acc8_hippocampus_ST_A_Ex;Acc8_hippocampus_ST_A_Ex_KD
Bag4,2,DOWN,0,2,-0.34827394113918525,Acc3_hypothalamus_GLP_1_MK_801;Acc8_hippocampus_ST_A_Ex
Cul4b,2,DOWN,0,2,-0.34847908571611363,Acc3_brainstem_GLP_1;Acc8_hippocampus_ST_A_Ex
Rnf14,2,DOWN,0,2,-0.34904340377007903,Acc11_hippocampus_Ex4_mTBI;Acc8_hippocampus_ST_A_Ex_KD
Usp46,2,DOWN,0,2,-0.34905685976024914,Acc11_hippocampus_Ex4_mTBI;Acc8_hippocampus_ST_A_Ex
Hspa1l,2,DOWN,0,2,-0.34926007135224957,Acc8_hippocampus_ST_A_Ex;Acc8_hippocampus_ST_A_Ex_KD
Faap100,2,DOWN,0,2,-0.3492702371118508,Acc8_hippocampus_ST_A_Ex;Acc8_hippocampus_ST_A_Ex_KD
Soat1,2,DOWN,0,2,-0.34939434915309325,Acc8_frontalcortex_ST_A_Ex;Acc8_hippocampus_ST_A_Ex
Ddx5,2,DOWN,0,2,-0.3495653466225016,Acc11_hippocampus_Ex4_mTBI;Acc3_hypothalamus_GLP_1_MK_801
Ndp,2,DOWN,0,2,-0.3502268103720842,Acc5_nts_IP118_PY115;Acc8_hippocampus_ST_A_Ex
Pros1,2,DOWN,0,2,-0.3504187060706268,Acc8_hippocampus_ST_A_Ex;Acc8_hippocampus_ST_A_Ex_KD
Rcor1,2,DOWN,0,2,-0.35054786559315365,Acc8_hippocampus_ST_A_Ex;Acc8_hippocampus_ST_A_Ex_KD
Rbfox2,2,DOWN,0,2,-0.35069606355000005,Acc10_hippocampus_Ex4_Po_t_TBI;Acc10_hippocampus_Ex4_Pre_TBI
Zfp358,2,DOWN,0,2,-0.35252183805890036,Acc8_hippocampus_ST_A_Ex;Acc8_hippocampus_ST_A_Ex_KD
Tcp11l2,2,DOWN,0,2,-0.35446904116336186,Acc8_hippocampus_ST_A_Ex;Acc8_hippocampus_ST_A_Ex_KD
Pabpc1l2a,2,DOWN,0,2,-0.3556604984735769,Acc8_hippocampus_ST_A_Ex;Acc8_hippocampus_ST_A_Ex_KD
Zfp638,2,DOWN,0,2,-0.3563339798487041,Acc8_hippocampus_ST_A_Ex;Acc8_hippocampus_ST_A_Ex_KD
Ppp3cb,2,DOWN,0,2,-0.3568469574864998,Acc3_hypothalamus_GLP_1_MK_801;Acc8_hippocampus_ST_A_Ex
Creb1,2,DOWN,0,2,-0.35740734077026903,Acc3_hypothalamus_GLP_1_MK_801;Acc8_hippocampus_ST_A_Ex
Mal2,2,DOWN,0,2,-0.3582702152176185,Acc3_hypothalamus_GLP_1_MK_801;Acc8_hippocampus_ST_A_Ex
Gm16485,2,DOWN,0,2,-0.35843794302850385,Acc3_brainstem_GLP_1;Acc3_hypothalamus_GLP_1_MK_801
Git1,2,DOWN,0,2,-0.3592192558279371,Acc8_hippocampus_ST_A_Ex;Acc8_hypothalamus_LT_A_Ex
Cdh11,2,DOWN,0,2,-0.36010350751796305,Acc3_brainstem_GLP_1;Acc8_hippocampus_ST_A_Ex
4933412e12rik,2,DOWN,0,2,-0.3609354532690454,Acc8_hippocampus_ST_A_Ex;Acc8_hippocampus_ST_A_Ex_KD
Fgf10,2,DOWN,0,2,-0.3609884107866389,Acc3_hypothalamus_GLP_1_MK_801;Acc8_hippocampus_ST_A_Ex
Gm7072,2,DOWN,0,2,-0.36163852133850233,Acc8_hippocampus_ST_A_Ex;Acc8_hippocampus_ST_A_Ex_KD
Bhlhe40,2,DOWN,0,2,-0.36196335776401767,Acc5_pvn_IP118_PY115;Acc8_hippocampus_ST_A_Ex
Itm2a,2,DOWN,0,2,-0.36216074107689095,Acc3_brainstem_GLP_1_MK_801;Acc3_hypothalamus_GLP_1_MK_801
Tspan12,2,DOWN,0,2,-0.3622931313768145,Acc3_hypothalamus_GLP_1_MK_801;Acc8_hippocampus_ST_A_Ex
Ankrd29,2,DOWN,0,2,-0.36230772341938233,Acc8_hippocampus_ST_A_Ex;Acc8_hippocampus_ST_A_Ex_KD
Hectd2,2,DOWN,0,2,-0.36340498865201765,Acc8_frontalcortex_ST_A_Ex_KD;Acc8_hippocampus_ST_A_Ex
Nfatc1,2,DOWN,0,2,-0.36346716525421585,Acc8_hippocampus_ST_A_Ex;Acc8_hippocampus_ST_A_Ex_KD
Ppp2r1b,2,DOWN,0,2,-0.36354928622320737,Acc8_hippocampus_ST_A_Ex;Acc8_hippocampus_ST_A_Ex_KD
Naa16,2,DOWN,0,2,-0.36414457323093635,Acc3_hypothalamus_GLP_1_MK_801;Acc8_hippocampus_ST_A_Ex
Pcgf5,2,DOWN,0,2,-0.3645777886430383,Acc3_hypothalamus_GLP_1_MK_801;Acc8_hippocampus_ST_A_Ex
Rint1,2,DOWN,0,2,-0.36470042740855546,Acc8_hippocampus_ST_A_Ex;Acc8_hippocampus_ST_A_Ex_KD
Ankrd34c,2,DOWN,0,2,-0.3654349613100719,Acc3_brainstem_GLP_1;Acc3_hypothalamus_GLP_1_MK_801
Hlf,2,DOWN,0,2,-0.3658038121919056,Acc5_pvn_IP118_PY115;Acc8_hippocampus_ST_A_Ex
Plcb4,2,DOWN,0,2,-0.3673229275911566,Acc8_hippocampus_ST_A_Ex;Acc8_hippocampus_ST_A_Ex_KD
Rfx3,2,DOWN,0,2,-0.3676722424767961,Acc3_brainstem_GLP_1;Acc3_hypothalamus_GLP_1_MK_801
Tmem170,2,DOWN,0,2,-0.36806044287921214,Acc3_hypothalamus_GLP_1_MK_801;Acc8_hippocampus_ST_A_Ex
Tasor2,2,DOWN,0,2,-0.36871516022114115,Acc8_hippocampus_ST_A_Ex;Acc8_hippocampus_ST_A_Ex_KD
Upf2,2,DOWN,0,2,-0.3689727650000785,Acc8_hippocampus_ST_A_Ex;Acc8_hippocampus_ST_A_Ex_KD
Socs6,2,DOWN,0,2,-0.36902010931555546,Acc3_hypothalamus_GLP_1_MK_801;Acc8_hippocampus_ST_A_Ex
Sall1,2,DOWN,0,2,-0.3690979430665114,Acc3_brainstem_GLP_1;Acc8_hippocampus_ST_A_Ex
Nqo2,2,DOWN,0,2,-0.3698123518947599,Acc8_hippocampus_ST_A_Ex;Acc8_hippocampus_ST_A_Ex_KD
Kdm7a,2,DOWN,0,2,-0.37089884896368075,Acc3_hypothalamus_GLP_1_MK_801;Acc8_hippocampus_ST_A_Ex
Eri2,2,DOWN,0,2,-0.3734384798865976,Acc8_hippocampus_ST_A_Ex;Acc8_hippocampus_ST_A_Ex_KD
Crb1,2,DOWN,0,2,-0.3734640804095427,Acc8_hippocampus_ST_A_Ex;Acc8_hippocampus_ST_A_Ex_KD
Pkn2,2,DOWN,0,2,-0.37391616244503356,Acc8_hippocampus_ST_A_Ex;Acc8_hippocampus_ST_A_Ex_KD
Dnajc1,2,DOWN,0,2,-0.37453174802183925,Acc8_frontalcortex_ST_A_Ex;Acc8_frontalcortex_ST_A_Ex_KD
Ptges3-ps,2,DOWN,0,2,-0.37572718865386334,Acc8_hippocampus_ST_A_Ex;Acc8_hippocampus_ST_A_Ex_KD
Gm12940,2,DOWN,0,2,-0.3757349170716221,Acc3_brainstem_GLP_1_MK_801;Acc3_hypothalamus_GLP_1_MK_801
B3galt1,2,DOWN,0,2,-0.37639810944150714,Acc8_hippocampus_ST_A_Ex;Acc8_hippocampus_ST_A_Ex_KD
Gna12,2,DOWN,0,2,-0.37645939478499735,Acc8_hippocampus_ST_A_Ex;Acc8_hippocampus_ST_A_Ex_KD
Sec24b,2,DOWN,0,2,-0.37676769477172434,Acc8_hippocampus_ST_A_Ex;Acc8_hippocampus_ST_A_Ex_KD
Nckap1,2,DOWN,0,2,-0.37758470376526776,Acc8_hippocampus_ST_A_Ex;Acc8_hippocampus_ST_A_Ex_KD
Ppp1r3c,2,DOWN,0,2,-0.37758747795753156,Acc8_hippocampus_ST_A_Ex;Acc8_hippocampus_ST_A_Ex_KD
Det1,2,DOWN,0,2,-0.3777395318338007,Acc8_hippocampus_ST_A_Ex;Acc8_hippocampus_ST_A_Ex_KD
Hspb1,2,DOWN,0,2,-0.378845253675,Acc10_hippocampus_Ex4_Po_t_TBI;Acc10_hippocampus_Exendin4
Ski,2,DOWN,0,2,-0.37938194712044454,Acc8_hippocampus_ST_A_Ex;Acc8_hippocampus_ST_A_Ex_KD
Kcnj10,2,DOWN,0,2,-0.38045183671186333,Acc8_hippocampus_ST_A_Ex;Acc8_hippocampus_ST_A_Ex_KD
Oas2,2,UP,1,1,-0.3816137554100589,Acc10_hippocampus_Ex4_Pre_TBI;Acc8_hippocampus_ST_A_Ex_KD
Sgsm1,2,DOWN,0,2,-0.3825167721446449,Acc8_hippocampus_ST_A_Ex;Acc8_hippocampus_ST_A_Ex_KD
Btbd3,2,DOWN,0,2,-0.38276206139016233,Acc3_hypothalamus_GLP_1_MK_801;Acc8_hippocampus_ST_A_Ex
Erap1,2,DOWN,0,2,-0.38315301306071814,Acc8_hippocampus_ST_A_Ex;Acc8_hippocampus_ST_A_Ex_KD
Kcnk13,2,DOWN,0,2,-0.38325683642357955,Acc3_brainstem_GLP_1;Acc8_hippocampus_ST_A_Ex_KD
Mmd,2,DOWN,0,2,-0.3844765818086931,Acc3_hypothalamus_GLP_1_MK_801;Acc8_hippocampus_ST_A_Ex
Ttpa,2,DOWN,0,2,-0.38515106847217007,Acc8_hippocampus_ST_A_Ex;Acc8_hippocampus_ST_A_Ex_KD
Nup153,2,DOWN,0,2,-0.3867637068431661,Acc8_hippocampus_ST_A_Ex;Acc8_hippocampus_ST_A_Ex_KD
Smad5,2,DOWN,0,2,-0.38682654957593077,Acc8_hippocampus_ST_A_Ex;Acc8_hippocampus_ST_A_Ex_KD
Spry4,2,DOWN,0,2,-0.3871509763750737,Acc3_brainstem_GLP_1;Acc8_hippocampus_ST_A_Ex
Ttc14,2,DOWN,0,2,-0.38833732617579764,Acc10_hippocampus_Ex4_Po_t_TBI;Acc3_hypothalamus_GLP_1_MK_801
Gpr75,2,DOWN,0,2,-0.3883869202949116,Acc8_hippocampus_ST_A_Ex;Acc8_hippocampus_ST_A_Ex_KD
Pisd-ps2,2,DOWN,0,2,-0.3889329687671411,Acc3_brainstem_GLP_1;Acc8_hypothalamus_LT_A_Ex
Ncdn,2,DOWN,0,2,-0.38951143752831774,Acc11_hippocampus_Ex4_mTBI;Acc8_hypothalamus_LT_A_Ex
Sstr2,2,DOWN,0,2,-0.38956805182695625,Acc8_hippocampus_ST_A_Ex;Acc8_hippocampus_ST_A_Ex_KD
Tnfaip6,2,DOWN,0,2,-0.38979513346861716,Acc3_brainstem_GLP_1;Acc3_hypothalamus_GLP_1_MK_801
Plekhg4,2,DOWN,0,2,-0.39055453365692056,Acc3_brainstem_GLP_1_MK_801;Acc3_hypothalamus_conjugate_2
Celsr1,2,DOWN,0,2,-0.39218666524630996,Acc8_hippocampus_ST_A_Ex;Acc8_hippocampus_ST_A_Ex_KD
Trim25,2,DOWN,0,2,-0.3926360475763053,Acc8_hippocampus_ST_A_Ex;Acc8_hippocampus_ST_A_Ex_KD
Il1rapl1,2,DOWN,0,2,-0.3926595395182815,Acc8_hippocampus_ST_A_Ex;Acc8_hippocampus_ST_A_Ex_KD
Thbd,2,DOWN,0,2,-0.39270147968085156,Acc3_brainstem_GLP_1;Acc3_brainstem_GLP_1_MK_801
Mtcp1,2,DOWN,0,2,-0.39406477479615387,Acc3_brainstem_GLP_1;Acc3_hypothalamus_GLP_1_MK_801
Kctd4,2,DOWN,0,2,-0.39424254683212234,Acc3_brainstem_GLP_1;Acc3_hypothalamus_GLP_1_MK_801
A230077h06rik,2,DOWN,0,2,-0.3943490373189859,Acc8_hippocampus_ST_A_Ex;Acc8_hippocampus_ST_A_Ex_KD
Tbr1,2,DOWN,0,2,-0.395530142432458,Acc8_hippocampus_ST_A_Ex;Acc8_hippocampus_ST_A_Ex_KD
Ide,2,DOWN,0,2,-0.3956533003297823,Acc8_hippocampus_ST_A_Ex;Acc8_hippocampus_ST_A_Ex_KD
Syn1,2,DOWN,0,2,-0.39697665271473925,Acc8_hippocampus_ST_A_Ex;Acc8_hippocampus_ST_A_Ex_KD
Epb41l4b,2,DOWN,0,2,-0.39738331319900405,Acc8_hippocampus_ST_A_Ex;Acc8_hippocampus_ST_A_Ex_KD
Ccr5,2,DOWN,0,2,-0.3979358343034023,Acc8_frontalcortex_YA_Ex;Acc8_hippocampus_ST_A_Ex
P2ry6,2,DOWN,0,2,-0.397951823933151,Acc8_hippocampus_ST_A_Ex;Acc8_hippocampus_ST_A_Ex_KD
Htr1b,2,DOWN,0,2,-0.3987466312195014,Acc3_brainstem_GLP_1;Acc3_hypothalamus_GLP_1_MK_801
Pcsk1,2,DOWN,0,2,-0.39874734300181036,Acc8_frontalcortex_ST_A_Ex;Acc8_hippocampus_ST_A_Ex
Ccdc73,2,DOWN,0,2,-0.4001033344010597,Acc3_hypothalamus_GLP_1_MK_801;Acc8_hippocampus_ST_A_Ex
Neurod1,2,DOWN,0,2,-0.4009544343692677,Acc8_hippocampus_ST_A_Ex;Acc8_hippocampus_ST_A_Ex_KD
Peg3os,2,DOWN,0,2,-0.4013306535165462,Acc8_hippocampus_ST_A_Ex;Acc8_hippocampus_ST_A_Ex_KD
Arfip1,2,DOWN,0,2,-0.4013890631817779,Acc3_hypothalamus_GLP_1_MK_801;Acc8_hippocampus_ST_A_Ex
Cdh9,2,DOWN,0,2,-0.40339337806742925,Acc8_hippocampus_ST_A_Ex;Acc8_hippocampus_ST_A_Ex_KD
Enpep,2,DOWN,0,2,-0.4041037479640466,Acc8_hippocampus_ST_A_Ex;Acc8_hippocampus_ST_A_Ex_KD
Loc118568733,2,DOWN,0,2,-0.4049504826785274,Acc8_hippocampus_ST_A_Ex;Acc8_hippocampus_ST_A_Ex_KD
Abi2,2,DOWN,0,2,-0.40558144918659234,Acc3_hypothalamus_GLP_1_MK_801;Acc8_hippocampus_ST_A_Ex
Ppp3r1,2,DOWN,0,2,-0.4061278084901559,Acc3_hypothalamus_GLP_1_MK_801;Acc8_hippocampus_ST_A_Ex
Nrp1,2,DOWN,0,2,-0.4061480026620359,Acc8_frontalcortex_ST_A_Ex;Acc8_hippocampus_ST_A_Ex
Steap3,2,DOWN,0,2,-0.40665188334154323,Acc8_hippocampus_ST_A_Ex;Acc8_hippocampus_ST_A_Ex_KD
Chdh,2,DOWN,0,2,-0.40673003293121757,Acc3_brainstem_GLP_1;Acc3_brainstem_GLP_1_MK_801
Bbs12,2,DOWN,0,2,-0.409938100467882,Acc8_frontalcortex_ST_A_Ex_KD;Acc8_hippocampus_ST_A_Ex_KD
Pla2g4b,2,DOWN,0,2,-0.4109189522697626,Acc3_hypothalamus_GLP_1_MK_801;Acc8_hippocampus_ST_A_Ex_KD
Rasd2,2,DOWN,0,2,-0.4120429672570358,Acc8_hippocampus_ST_A_Ex;Acc8_hippocampus_ST_A_Ex_KD
Prkd3,2,DOWN,0,2,-0.4130858025008697,Acc8_hippocampus_ST_A_Ex;Acc8_hippocampus_ST_A_Ex_KD
Rsbn1l,2,DOWN,0,2,-0.4131058197053378,Acc3_hypothalamus_GLP_1_MK_801;Acc8_hippocampus_ST_A_Ex
Mpp6,2,DOWN,0,2,-0.4155536304681757,Acc8_hippocampus_ST_A_Ex;Acc8_hippocampus_ST_A_Ex_KD
Mterf1a,2,DOWN,0,2,-0.4157332755551087,Acc8_hippocampus_ST_A_Ex;Acc8_hippocampus_ST_A_Ex_KD
Ikzf1,2,DOWN,0,2,-0.4164843533643354,Acc8_frontalcortex_YA_Ex;Acc8_hippocampus_ST_A_Ex
Dach1,2,DOWN,0,2,-0.4175823161345621,Acc3_brainstem_GLP_1;Acc8_hippocampus_ST_A_Ex
Tex38,2,DOWN,0,2,-0.417756444541592,Acc8_hippocampus_ST_A_Ex;Acc8_hippocampus_ST_A_Ex_KD
Ltbp1,2,DOWN,0,2,-0.4182592811817346,Acc8_hippocampus_ST_A_Ex;Acc8_hippocampus_ST_A_Ex_KD
L3mbtl3,2,DOWN,0,2,-0.41941715224308607,Acc8_hippocampus_ST_A_Ex;Acc8_hippocampus_ST_A_Ex_KD
Rnf125,2,DOWN,0,2,-0.4201891341989784,Acc8_hippocampus_ST_A_Ex;Acc8_hippocampus_ST_A_Ex_KD
1700028k03rik,2,DOWN,0,2,-0.4209234792332064,Acc8_hippocampus_ST_A_Ex;Acc8_hippocampus_ST_A_Ex_KD
Cpsf6,2,DOWN,0,2,-0.4209624213358906,Acc10_hippocampus_Ex4_Pre_TBI;Acc3_hypothalamus_GLP_1_MK_801
Kbtbd8,2,DOWN,0,2,-0.42332110239917786,Acc8_hippocampus_ST_A_Ex;Acc8_hippocampus_ST_A_Ex_KD
Styx,2,DOWN,0,2,-0.42347644518625716,Acc3_hypothalamus_GLP_1_MK_801;Acc8_hippocampus_ST_A_Ex
Ap1s2,2,DOWN,0,2,-0.4236380608415765,Acc8_hippocampus_ST_A_Ex;Acc8_hippocampus_ST_A_Ex_KD
Creb5,2,DOWN,0,2,-0.4242962901558127,Acc3_brainstem_GLP_1;Acc3_hypothalamus_GLP_1_MK_801
Fndc3a,2,DOWN,0,2,-0.42698700129064715,Acc8_hippocampus_ST_A_Ex;Acc8_hippocampus_ST_A_Ex_KD
Cacng4,2,DOWN,0,2,-0.4274165466058288,Acc8_hippocampus_ST_A_Ex;Acc8_hippocampus_ST_A_Ex_KD
Gm14305,2,DOWN,0,2,-0.4275428987438695,Acc3_hypothalamus_GLP_1_MK_801;Acc8_hippocampus_ST_A_Ex
Stxbp4,2,DOWN,0,2,-0.4286132927538342,Acc8_hippocampus_ST_A_Ex;Acc8_hippocampus_ST_A_Ex_KD
Kcnn3,2,DOWN,0,2,-0.4286524739701846,Acc8_frontalcortex_ST_A_Ex;Acc8_frontalcortex_ST_A_Ex_KD
Dnah7b,2,DOWN,0,2,-0.42956757185189653,Acc3_hypothalamus_GLP_1_MK_801;Acc8_frontalcortex_ST_A_Ex
Vim,2,DOWN,0,2,-0.431086208854707,Acc3_brainstem_GLP_1_MK_801;Acc8_hippocampus_ST_A_Ex_KD
Zfp760,2,DOWN,0,2,-0.432102164316459,Acc3_hypothalamus_GLP_1_MK_801;Acc8_hippocampus_ST_A_Ex_KD
Zfp521,2,DOWN,0,2,-0.43459030852568503,Acc8_hippocampus_ST_A_Ex;Acc8_hippocampus_ST_A_Ex_KD
Hcn2,2,DOWN,0,2,-0.43541226261338806,Acc8_hippocampus_ST_A_Ex;Acc8_hippocampus_ST_A_Ex_KD
Rgs17,2,DOWN,0,2,-0.4363132914878801,Acc3_hypothalamus_GLP_1_MK_801;Acc8_hippocampus_ST_A_Ex
Mob1b,2,DOWN,0,2,-0.4363471734027937,Acc3_hypothalamus_GLP_1_MK_801;Acc8_hippocampus_ST_A_Ex
Cdc73,2,DOWN,0,2,-0.43637435752906617,Acc3_hypothalamus_GLP_1_MK_801;Acc8_hippocampus_ST_A_Ex
Gm10561,2,DOWN,0,2,-0.4371109601830856,Acc8_hippocampus_ST_A_Ex;Acc8_hippocampus_ST_A_Ex_KD
Zfp874a,2,DOWN,0,2,-0.43813279276560535,Acc3_hypothalamus_GLP_1_MK_801;Acc8_hippocampus_ST_A_Ex
Peg10,2,DOWN,0,2,-0.4408760780151904,Acc8_hippocampus_ST_A_Ex;Acc8_hippocampus_ST_A_Ex_KD
Arntl,2,DOWN,0,2,-0.4429382079506664,Acc10_hippocampus_Ex4_Po_t_TBI;Acc8_frontalcortex_ST_A_Ex_KD
Sgpp2,2,DOWN,0,2,-0.4433889952371748,Acc8_hippocampus_ST_A_Ex;Acc8_hippocampus_ST_A_Ex_KD
Naa50,2,DOWN,0,2,-0.44402859762017366,Acc3_hypothalamus_GLP_1_MK_801;Acc8_hippocampus_ST_A_Ex
Mdn1,2,DOWN,0,2,-0.4453224642621157,Acc8_frontalcortex_ST_A_Ex;Acc8_frontalcortex_ST_A_Ex_KD
Rsbn1,2,DOWN,0,2,-0.44599269939182307,Acc8_hippocampus_ST_A_Ex;Acc8_hippocampus_ST_A_Ex_KD
Ppp2r5d,2,DOWN,0,2,-0.4462204139614001,Acc11_hippocampus_Ex4_mTBI;Acc6_mbh_AC710222
Spon2,2,DOWN,0,2,-0.4464140489,Acc10_hippocampus_Ex4_Po_t_TBI;Acc10_hippocampus_Ex4_Pre_TBI
Slco4c1,2,DOWN,0,2,-0.4473429103376845,Acc8_hippocampus_ST_A_Ex;Acc8_hippocampus_ST_A_Ex_KD
Nrxn3,2,UP,1,1,-0.44958480002370993,Acc3_brainstem_GLP_1_MK_801;Acc6_mbh_AC3174
Syncrip,2,DOWN,0,2,-0.45306006528450765,Acc3_hypothalamus_GLP_1_MK_801;Acc8_hippocampus_ST_A_Ex
Il13ra1,2,DOWN,0,2,-0.45491570531072223,Acc8_hippocampus_ST_A_Ex;Acc8_hippocampus_ST_A_Ex_KD
Ccdc71l,2,DOWN,0,2,-0.4567838893849999,Acc8_hippocampus_ST_A_Ex;Acc8_hippocampus_ST_A_Ex_KD
Pcdhb3,2,DOWN,0,2,-0.4582792861457565,Acc8_hippocampus_ST_A_Ex;Acc8_hippocampus_ST_A_Ex_KD
Dio2,2,DOWN,0,2,-0.4614803094425637,Acc8_frontalcortex_ST_A_Ex;Acc8_hippocampus_ST_A_Ex
Zc3hav1,2,DOWN,0,2,-0.4619071862644024,Acc8_hippocampus_ST_A_Ex;Acc8_hippocampus_ST_A_Ex_KD
Tox3,2,DOWN,0,2,-0.4636167625018256,Acc8_hippocampus_ST_A_Ex;Acc8_hippocampus_ST_A_Ex_KD
Filip1l,2,DOWN,0,2,-0.4639932433466222,Acc8_hippocampus_ST_A_Ex;Acc8_hippocampus_ST_A_Ex_KD
Mt-rnr1,2,DOWN,0,2,-0.46621333891157746,Acc3_hypothalamus_GLP_1_MK_801;Acc8_frontalcortex_ST_A_Ex
Apaf1,2,DOWN,0,2,-0.4663795343090813,Acc8_hippocampus_ST_A_Ex;Acc8_hippocampus_ST_A_Ex_KD
Ubap1l,2,DOWN,0,2,-0.46652868521497975,Acc8_frontalcortex_ST_A_Ex;Acc8_frontalcortex_YA_Ex
Loc118567660,2,DOWN,0,2,-0.4683001222247105,Acc8_hippocampus_ST_A_Ex;Acc8_hippocampus_ST_A_Ex_KD
Egr3,2,DOWN,0,2,-0.46936213374486774,Acc8_hippocampus_ST_A_Ex;Acc8_hippocampus_ST_A_Ex_KD
Nbeal1,2,DOWN,0,2,-0.469781192031601,Acc3_hypothalamus_GLP_1_MK_801;Acc8_hippocampus_ST_A_Ex
Slc44a5,2,DOWN,0,2,-0.4708905663758482,Acc8_hippocampus_ST_A_Ex;Acc8_hippocampus_ST_A_Ex_KD
Sox18,2,DOWN,0,2,-0.47222049581821224,Acc8_hippocampus_ST_A_Ex;Acc8_hippocampus_ST_A_Ex_KD
Tlr13,2,DOWN,0,2,-0.4734483291975075,Acc8_hippocampus_ST_A_Ex;Acc8_hippocampus_ST_A_Ex_KD
Grm4,2,DOWN,0,2,-0.47486730299473157,Acc8_hippocampus_ST_A_Ex;Acc8_hypothalamus_LT_A_Ex
Map10,2,DOWN,0,2,-0.47814783655063087,Acc8_hippocampus_ST_A_Ex;Acc8_hippocampus_ST_A_Ex_KD
Gm30466,2,DOWN,0,2,-0.48263900951833416,Acc8_hippocampus_ST_A_Ex;Acc8_hippocampus_ST_A_Ex_KD
Ai504432,2,DOWN,0,2,-0.4826602519462532,Acc3_hypothalamus_GLP_1_MK_801;Acc8_hippocampus_ST_A_Ex_KD
Xbp1,2,DOWN,0,2,-0.4834808489248815,Acc8_hippocampus_ST_A_Ex;Acc8_hippocampus_ST_A_Ex_KD
Kantr,2,DOWN,0,2,-0.4865773755709259,Acc3_hypothalamus_GLP_1_MK_801;Acc8_hippocampus_ST_A_Ex
Lysmd3,2,DOWN,0,2,-0.4900140548509227,Acc3_hypothalamus_GLP_1_MK_801;Acc8_hippocampus_ST_A_Ex
Spata13,2,DOWN,0,2,-0.49049911759813697,Acc8_hippocampus_ST_A_Ex;Acc8_hippocampus_ST_A_Ex_KD
Wdr78,2,DOWN,0,2,-0.4914385963469443,Acc8_frontalcortex_ST_A_Ex_KD;Acc8_hippocampus_ST_A_Ex_KD
Tmem150b,2,DOWN,0,2,-0.491822914857607,Acc8_hippocampus_ST_A_Ex;Acc8_hypothalamus_LT_A_Ex
Zfp950,2,DOWN,0,2,-0.5032718942409345,Acc3_hypothalamus_GLP_1_MK_801;Acc8_frontalcortex_ST_A_Ex_KD
Cd86,2,DOWN,0,2,-0.5048130897636812,Acc8_hippocampus_ST_A_Ex;Acc8_hippocampus_ST_A_Ex_KD
Nr4a2,2,DOWN,0,2,-0.507812180564873,Acc10_hippocampus_Ex4_Pre_TBI;Acc8_hippocampus_ST_A_Ex
Ube2v2,2,DOWN,0,2,-0.5086794989416941,Acc3_hypothalamus_GLP_1_MK_801;Acc8_hippocampus_ST_A_Ex
Gm41861,2,DOWN,0,2,-0.5102818781761895,Acc8_frontalcortex_ST_A_Ex;Acc8_frontalcortex_ST_A_Ex_KD
Pou3f4,2,DOWN,0,2,-0.5111979697814948,Acc3_brainstem_GLP_1;Acc5_pvn_IP118_PY115
Gm15834,2,DOWN,0,2,-0.5112896115682162,Acc8_hippocampus_ST_A_Ex;Acc8_hippocampus_ST_A_Ex_KD
Diaph3,2,DOWN,0,2,-0.5130520842615929,Acc3_hypothalamus_GLP_1_MK_801;Acc8_hippocampus_ST_A_Ex_KD
Zfpm2,2,DOWN,0,2,-0.5147512118683215,Acc8_hippocampus_ST_A_Ex;Acc8_hippocampus_ST_A_Ex_KD
Sox10,2,DOWN,0,2,-0.5179573168736734,Acc3_accumbens_GLP_1;Acc3_brainstem_GLP_1
Ago3,2,DOWN,0,2,-0.5190653679125893,Acc8_frontalcortex_ST_A_Ex;Acc8_frontalcortex_ST_A_Ex_KD
Tmem265,2,DOWN,0,2,-0.5215129277323719,Acc8_hippocampus_ST_A_Ex;Acc8_hippocampus_ST_A_Ex_KD
Rab39,2,DOWN,0,2,-0.5223917539535705,Acc3_hypothalamus_GLP_1_MK_801;Acc8_hippocampus_ST_A_Ex_KD
Naa30,2,DOWN,0,2,-0.5225314495016562,Acc3_hypothalamus_GLP_1_MK_801;Acc8_hippocampus_ST_A_Ex
Gm26944,2,DOWN,0,2,-0.5274261562783069,Acc3_hypothalamus_GLP_1_MK_801;Acc8_frontalcortex_ST_A_Ex_KD
Cobl,2,DOWN,0,2,-0.5313293218236295,Acc8_hippocampus_ST_A_Ex;Acc8_hippocampus_ST_A_Ex_KD
Plk1,2,DOWN,0,2,-0.5321664909159844,Acc8_hippocampus_ST_A_Ex;Acc8_hippocampus_ST_A_Ex_KD
Mt-rnr2,2,DOWN,0,2,-0.5349927304962786,Acc3_hypothalamus_GLP_1_MK_801;Acc8_frontalcortex_ST_A_Ex
Slc24a5,2,DOWN,0,2,-0.5362649697990578,Acc8_hippocampus_ST_A_Ex;Acc8_hippocampus_ST_A_Ex_KD
Serinc2,2,DOWN,0,2,-0.5449219075022215,Acc8_hippocampus_ST_A_Ex;Acc8_hippocampus_ST_A_Ex_KD
Srgap1,2,DOWN,0,2,-0.545971766260357,Acc8_hippocampus_ST_A_Ex;Acc8_hippocampus_ST_A_Ex_KD
Gm9947,2,DOWN,0,2,-0.5483506995539902,Acc8_hippocampus_ST_A_Ex;Acc8_hippocampus_ST_A_Ex_KD
Eng,2,DOWN,0,2,-0.548489459895924,Acc8_hippocampus_ST_A_Ex;Acc8_hippocampus_ST_A_Ex_KD
Zfp781,2,DOWN,0,2,-0.5502000609189948,Acc8_hippocampus_ST_A_Ex;Acc8_hippocampus_ST_A_Ex_KD
Slc18a2,2,DOWN,0,2,-0.5518282514434518,Acc8_hippocampus_ST_A_Ex;Acc8_hippocampus_ST_A_Ex_KD
Prox1,2,DOWN,0,2,-0.5580278811010813,Acc3_brainstem_GLP_1;Acc8_hippocampus_ST_A_Ex
Cfap47,2,DOWN,0,2,-0.561208203785584,Acc3_hypothalamus_GLP_1_MK_801;Acc8_hippocampus_ST_A_Ex_KD
Gm14569,2,DOWN,0,2,-0.5629170604633603,Acc8_hippocampus_ST_A_Ex;Acc8_hippocampus_ST_A_Ex_KD
Apln,2,DOWN,0,2,-0.563260489002948,Acc8_hippocampus_ST_A_Ex;Acc8_hippocampus_ST_A_Ex_KD
Dsg2,2,DOWN,0,2,-0.5657376603281443,Acc8_hippocampus_ST_A_Ex;Acc8_hippocampus_ST_A_Ex_KD
Kansl1,2,DOWN,0,2,-0.5661851170879081,Acc6_mbh_AC710222;Acc8_hippocampus_ST_A_Ex
Gm33862,2,DOWN,0,2,-0.5676989555601778,Acc8_hippocampus_ST_A_Ex;Acc8_hippocampus_ST_A_Ex_KD
C1galt1,2,DOWN,0,2,-0.5747921192551804,Acc3_hypothalamus_GLP_1_MK_801;Acc8_hippocampus_ST_A_Ex
Cbfa2t3,2,DOWN,0,2,-0.5793711583124304,Acc8_frontalcortex_ST_A_Ex;Acc8_hippocampus_ST_A_Ex
Yod1,2,DOWN,0,2,-0.5800216247618922,Acc8_hippocampus_ST_A_Ex;Acc8_hippocampus_ST_A_Ex_KD
Wnt7a,2,DOWN,0,2,-0.5861534240155631,Acc5_pvn_IP118_PY115;Acc8_hippocampus_ST_A_Ex
Dpf2,2,DOWN,0,2,-0.5878102781192655,Acc6_mbh_AC3174;Acc6_mbh_COMBO
Gm15772,2,DOWN,0,2,-0.5972453432379203,Acc8_hippocampus_ST_A_Ex;Acc8_hippocampus_ST_A_Ex_KD
Zfp942,2,DOWN,0,2,-0.6046561427554824,Acc3_hypothalamus_GLP_1_MK_801;Acc8_hippocampus_ST_A_Ex
Gna14,2,DOWN,0,2,-0.6127112105691475,Acc8_hippocampus_ST_A_Ex;Acc8_hippocampus_ST_A_Ex_KD
Prr16,2,DOWN,0,2,-0.6222873774674382,Acc8_hippocampus_ST_A_Ex;Acc8_hippocampus_ST_A_Ex_KD
Gm13262,2,DOWN,0,2,-0.6228358438749004,Acc8_hippocampus_ST_A_Ex;Acc8_hippocampus_ST_A_Ex_KD
Gm50152,2,DOWN,0,2,-0.6329620896170398,Acc3_hypothalamus_GLP_1_MK_801;Acc3_hypothalamus_conjugate_2
Gm42715,2,DOWN,0,2,-0.6347714277642906,Acc3_brainstem_GLP_1_MK_801;Acc3_hypothalamus_GLP_1_MK_801
Ecm2,2,DOWN,0,2,-0.6360773841410122,Acc3_hypothalamus_GLP_1_MK_801;Acc8_hippocampus_ST_A_Ex_KD
Fam111a,2,DOWN,0,2,-0.6372748909686654,Acc8_hippocampus_ST_A_Ex;Acc8_hippocampus_ST_A_Ex_KD
Ormdl1,2,DOWN,0,2,-0.640610613905795,Acc3_hypothalamus_GLP_1_MK_801;Acc8_hippocampus_ST_A_Ex_KD
H2bc6,2,DOWN,0,2,-0.6472216952629188,Acc8_hippocampus_ST_A_Ex;Acc8_hippocampus_ST_A_Ex_KD
L1cam,2,UP,1,1,-0.6590642835183662,Acc3_brainstem_GLP_1_MK_801;Acc6_dvc_COMBO
Gpr4,2,DOWN,0,2,-0.6602226242674907,Acc8_hippocampus_ST_A_Ex;Acc8_hippocampus_ST_A_Ex_KD
Gm46174,2,DOWN,0,2,-0.6663123943864799,Acc8_hippocampus_ST_A_Ex;Acc8_hippocampus_ST_A_Ex_KD
Rpl17-ps10,2,DOWN,0,2,-0.6875318641870634,Acc8_hippocampus_ST_A_Ex;Acc8_hippocampus_ST_A_Ex_KD
Gm44256,2,DOWN,0,2,-0.6886797073855937,Acc3_hypothalamus_GLP_1_MK_801;Acc3_hypothalamus_conjugate_2
Rnf6,2,DOWN,0,2,-0.6932934042387866,Acc6_mbh_AC3174;Acc6_mbh_COMBO
Gm19378,2,DOWN,0,2,-0.706918718954352,Acc8_hippocampus_ST_A_Ex;Acc8_hippocampus_ST_A_Ex_KD
Eps8l2,2,DOWN,0,2,-0.711371756153135,Acc3_brainstem_GLP_1_MK_801;Acc8_hypothalamus_LT_A_Ex
1700102p08rik,2,DOWN,0,2,-0.720351734826683,Acc3_hypothalamus_GLP_1_MK_801;Acc8_hippocampus_ST_A_Ex_KD
Gulp1,2,DOWN,0,2,-0.7272309503683807,Acc3_hypothalamus_GLP_1_MK_801;Acc8_hippocampus_ST_A_Ex_KD
Gm19522,2,DOWN,0,2,-0.7345702492428281,Acc8_hippocampus_ST_A_Ex;Acc8_hippocampus_ST_A_Ex_KD
Ikzf5,2,DOWN,0,2,-0.7433478210359258,Acc3_hypothalamus_GLP_1_MK_801;Acc8_hippocampus_ST_A_Ex
Zfp456,2,DOWN,0,2,-0.7501318035378555,Acc8_hippocampus_ST_A_Ex;Acc8_hippocampus_ST_A_Ex_KD
Mtss2,2,DOWN,0,2,-0.7573561482412366,Acc5_pvn_IP118_PY115;Acc6_mbh_AC3174
Tmed3,2,UP,1,1,-0.7651598726445732,Acc6_mbh_AC3174;Acc8_hippocampus_ST_A_Ex
A330076h08rik,2,DOWN,0,2,-0.7884710949746659,Acc3_hypothalamus_GLP_1_MK_801;Acc8_frontalcortex_ST_A_Ex
Gm6548,2,DOWN,0,2,-0.8084415409543966,Acc8_hippocampus_ST_A_Ex;Acc8_hippocampus_ST_A_Ex_KD
Gt(rosa)26sor,2,DOWN,0,2,-0.8210289573956397,Acc3_hypothalamus_GLP_1_MK_801;Acc8_hippocampus_ST_A_Ex_KD
Loc115487369,2,DOWN,0,2,-0.8530971380674195,Acc8_hippocampus_ST_A_Ex;Acc8_hippocampus_ST_A_Ex_KD
Loc100861749,2,DOWN,0,2,-0.897362842332314,Acc8_hippocampus_ST_A_Ex;Acc8_hippocampus_ST_A_Ex_KD
Rplp2-ps1,2,DOWN,0,2,-0.8980949264801383,Acc8_hippocampus_ST_A_Ex;Acc8_hippocampus_ST_A_Ex_KD
Rpl6l,2,DOWN,0,2,-0.9261739036786212,Acc8_hippocampus_ST_A_Ex;Acc8_hippocampus_ST_A_Ex_KD
Rabl3,2,DOWN,0,2,-0.9347311680157561,Acc3_brainstem_GLP_1;Acc6_mbh_COMBO
Gm10874,2,DOWN,0,2,-0.9410969106183715,Acc8_hippocampus_ST_A_Ex;Acc8_hippocampus_ST_A_Ex_KD
Gm9836,2,DOWN,0,2,-0.9553090157719102,Acc8_hippocampus_ST_A_Ex;Acc8_hippocampus_ST_A_Ex_KD
Gm14681,2,DOWN,0,2,-0.9972102199568753,Acc8_hippocampus_ST_A_Ex;Acc8_hippocampus_ST_A_Ex_KD
Gm12693,2,DOWN,0,2,-1.002465723370007,Acc8_hippocampus_ST_A_Ex;Acc8_hippocampus_ST_A_Ex_KD
Eif3j2,2,DOWN,0,2,-1.02144787736046,Acc8_hippocampus_ST_A_Ex;Acc8_hippocampus_ST_A_Ex_KD
Gm31550,2,DOWN,0,2,-1.0239728589476633,Acc8_hippocampus_ST_A_Ex;Acc8_hippocampus_ST_A_Ex_KD
Hmgcll1,2,DOWN,0,2,-1.0271234422071092,Acc3_hypothalamus_GLP_1_MK_801;Acc6_dvc_AC710222
Zfp763,2,DOWN,0,2,-1.032565516910797,Acc3_hypothalamus_GLP_1_MK_801;Acc6_mbh_AC3174
Gm12696,2,DOWN,0,2,-1.0417992555898905,Acc8_hippocampus_ST_A_Ex;Acc8_hippocampus_ST_A_Ex_KD
Gm5088,2,DOWN,0,2,-1.0506196286390261,Acc8_hippocampus_ST_A_Ex;Acc8_hippocampus_ST_A_Ex_KD
Gm14279,2,DOWN,0,2,-1.1746529542856374,Acc8_hippocampus_ST_A_Ex;Acc8_hippocampus_ST_A_Ex_KD
Aldoart1,2,DOWN,0,2,-1.1776957247359072,Acc8_hippocampus_ST_A_Ex;Acc8_hippocampus_ST_A_Ex_KD
Rps23rg1,2,DOWN,0,2,-1.1879501508501817,Acc8_hippocampus_ST_A_Ex;Acc8_hippocampus_ST_A_Ex_KD
Atp6v0c-ps2,2,DOWN,0,2,-1.2449398121912765,Acc8_hippocampus_ST_A_Ex;Acc8_hippocampus_ST_A_Ex_KD
Gm11478,2,DOWN,0,2,-1.2463570900042882,Acc8_hippocampus_ST_A_Ex;Acc8_hippocampus_ST_A_Ex_KD
Gm51666,2,DOWN,0,2,-1.2704590931288235,Acc8_hippocampus_ST_A_Ex;Acc8_hippocampus_ST_A_Ex_KD
Egr1,2,DOWN,0,2,-1.3052745647462287,Acc8_frontalcortex_ST_A_Ex;Acc8_hippocampus_ST_A_Ex
Mc3r,2,DOWN,0,2,-1.3414153611689652,Acc8_hippocampus_ST_A_Ex_KD;Acc8_hypothalamus_LT_A_Ex
Gm52528,2,DOWN,0,2,-1.344490239626686,Acc8_hippocampus_ST_A_Ex;Acc8_hippocampus_ST_A_Ex_KD
Ifi44,2,DOWN,0,2,-1.3535886765212135,Acc8_hippocampus_ST_A_Ex;Acc8_hippocampus_ST_A_Ex_KD
Loc118567821,2,DOWN,0,2,-1.3715934773158078,Acc8_hippocampus_ST_A_Ex;Acc8_hippocampus_ST_A_Ex_KD
Gm9199,2,DOWN,0,2,-1.3999954235063472,Acc8_hippocampus_ST_A_Ex;Acc8_hippocampus_ST_A_Ex_KD
Bnip3l-ps,2,DOWN,0,2,-1.4404906281902297,Acc8_hippocampus_ST_A_Ex;Acc8_hippocampus_ST_A_Ex_KD
Rps15a-ps6,2,DOWN,0,2,-1.4410144139994765,Acc8_hippocampus_ST_A_Ex;Acc8_hippocampus_ST_A_Ex_KD
Dock6,2,DOWN,0,2,-1.4543129608942564,Acc6_mbh_AC3174;Acc8_hippocampus_ST_A_Ex_KD
Gm30181,2,DOWN,0,2,-1.4566029989663865,Acc8_hippocampus_ST_A_Ex;Acc8_hippocampus_ST_A_Ex_KD
Gm12669,2,DOWN,0,2,-1.4586515359954333,Acc8_hippocampus_ST_A_Ex;Acc8_hippocampus_ST_A_Ex_KD
Gm12174,2,DOWN,0,2,-1.4664068506910715,Acc8_hippocampus_ST_A_Ex;Acc8_hippocampus_ST_A_Ex_KD
Bend4,2,DOWN,0,2,-1.4875205065738124,Acc6_mbh_AC3174;Acc8_hippocampus_ST_A_Ex
Gm20056,2,DOWN,0,2,-1.5167678896930428,Acc8_hippocampus_ST_A_Ex;Acc8_hippocampus_ST_A_Ex_KD
Loc118568563,2,DOWN,0,2,-1.5200517076851794,Acc8_hippocampus_ST_A_Ex;Acc8_hippocampus_ST_A_Ex_KD
Gm15455,2,DOWN,0,2,-1.5207953535249321,Acc8_hippocampus_ST_A_Ex;Acc8_hippocampus_ST_A_Ex_KD
Gm46830,2,DOWN,0,2,-1.5233365866798159,Acc8_hippocampus_ST_A_Ex;Acc8_hippocampus_ST_A_Ex_KD
Gm12816,2,DOWN,0,2,-1.5272046391470346,Acc8_hippocampus_ST_A_Ex;Acc8_hippocampus_ST_A_Ex_KD
Gm4199,2,DOWN,0,2,-1.5622407415278832,Acc8_hippocampus_ST_A_Ex;Acc8_hippocampus_ST_A_Ex_KD
Gm10157,2,DOWN,0,2,-1.565191412822603,Acc8_hippocampus_ST_A_Ex;Acc8_hippocampus_ST_A_Ex_KD
Tex47,2,DOWN,0,2,-1.5674094233102722,Acc8_hippocampus_ST_A_Ex;Acc8_hippocampus_ST_A_Ex_KD
9130002k18rik,2,DOWN,0,2,-1.5693887119567014,Acc8_hippocampus_ST_A_Ex;Acc8_hippocampus_ST_A_Ex_KD
Cysltr2,2,DOWN,0,2,-1.5789526674270689,Acc8_hippocampus_ST_A_Ex;Acc8_hippocampus_ST_A_Ex_KD
Rnft2,2,DOWN,0,2,-1.5840591103711024,Acc6_mbh_AC3174;Acc8_hypothalamus_LT_A_Ex
Gm6625,2,DOWN,0,2,-1.6075781156949458,Acc8_hippocampus_ST_A_Ex;Acc8_hippocampus_ST_A_Ex_KD
Gm13363,2,DOWN,0,2,-1.6829916960060014,Acc8_hippocampus_ST_A_Ex;Acc8_hippocampus_ST_A_Ex_KD
Gm10224,2,DOWN,0,2,-1.6900102072189913,Acc8_hippocampus_ST_A_Ex;Acc8_hippocampus_ST_A_Ex_KD
Gm52229,2,DOWN,0,2,-1.7131827414392675,Acc8_hippocampus_ST_A_Ex;Acc8_hippocampus_ST_A_Ex_KD
Gm35857,2,DOWN,0,2,-1.7282890443579508,Acc8_hippocampus_ST_A_Ex;Acc8_hippocampus_ST_A_Ex_KD
Gm5415,2,DOWN,0,2,-1.753471262093592,Acc8_hippocampus_ST_A_Ex;Acc8_hippocampus_ST_A_Ex_KD
Gm30970,2,DOWN,0,2,-1.7566161151157114,Acc8_hippocampus_ST_A_Ex;Acc8_hippocampus_ST_A_Ex_KD
Gm26691,2,DOWN,0,2,-1.7661825845689476,Acc3_hypothalamus_GLP_1_MK_801;Acc6_dvc_COMBO
Rybp-ps,2,DOWN,0,2,-1.806894484014274,Acc8_hippocampus_ST_A_Ex;Acc8_hippocampus_ST_A_Ex_KD
Gm3227,2,DOWN,0,2,-1.897305312256933,Acc8_hippocampus_ST_A_Ex;Acc8_hippocampus_ST_A_Ex_KD
Gm29808,2,DOWN,0,2,-1.9085212410499808,Acc8_hippocampus_ST_A_Ex;Acc8_hippocampus_ST_A_Ex_KD
Ndufab1-ps,2,DOWN,0,2,-1.9494030659935744,Acc8_hippocampus_ST_A_Ex;Acc8_hippocampus_ST_A_Ex_KD
Cox7c-ps1,2,DOWN,0,2,-1.9924527069964284,Acc8_hippocampus_ST_A_Ex;Acc8_hippocampus_ST_A_Ex_KD
Gm7206,2,DOWN,0,2,-1.9954845198234539,Acc8_hippocampus_ST_A_Ex;Acc8_hippocampus_ST_A_Ex_KD
Gm36661,2,DOWN,0,2,-2.0080624182353466,Acc8_hippocampus_ST_A_Ex;Acc8_hippocampus_ST_A_Ex_KD
Gm6402,2,DOWN,0,2,-2.0223597726368214,Acc8_hippocampus_ST_A_Ex;Acc8_hippocampus_ST_A_Ex_KD
Gm32771,2,DOWN,0,2,-2.0865999161261835,Acc8_hippocampus_ST_A_Ex;Acc8_hippocampus_ST_A_Ex_KD
Loc118568718,2,DOWN,0,2,-2.209226794156844,Acc8_hippocampus_ST_A_Ex;Acc8_hippocampus_ST_A_Ex_KD
Styxl1,2,UP,1,1,-2.314146292898871,Acc6_dvc_AC710222;Acc8_hippocampus_ST_A_Ex
Loc118568241,2,DOWN,0,2,-2.479965741895466,Acc8_hippocampus_ST_A_Ex;Acc8_hippocampus_ST_A_Ex_KD
Gm51910,2,DOWN,0,2,-2.6466788520444062,Acc8_hippocampus_ST_A_Ex;Acc8_hippocampus_ST_A_Ex_KD
Rpusd2,2,UP,1,1,-2.7506744568496266,Acc3_brainstem_GLP_1_MK_801;Acc6_mbh_AC3174
Gm9839,2,DOWN,0,2,-2.8870025189195454,Acc8_hippocampus_ST_A_Ex;Acc8_hippocampus_ST_A_Ex_KD
A330023f24rik,2,DOWN,0,2,-2.9755304439567305,Acc3_hypothalamus_GLP_1_MK_801;Acc6_mbh_AC3174
Pnpla7,2,UP,1,1,-4.149952381456442,Acc3_hypothalamus_GLP_1_MK_801;Acc6_mbh_AC3174
Tmem132c,2,DOWN,0,2,-4.44233510078649,Acc6_dvc_AC710222;Acc8_hypothalamus_LT_A_Ex
Pde5a,2,DOWN,0,2,-4.540880297348309,Acc6_mbh_AC3174;Acc8_hippocampus_ST_A_Ex
Atad2,2,DOWN,0,2,-4.8893531039339875,Acc3_hypothalamus_GLP_1_MK_801;Acc6_mbh_AC710222
Slc29a3,2,DOWN,0,2,-5.678382543169949,Acc6_mbh_AC3174;Acc8_hippocampus_ST_A_Ex
Serpina9,2,DOWN,0,2,-7.411018216398652,Acc6_dvc_AC710222;Acc6_dvc_COMBO
Itpr3,2,DOWN,0,2,-8.930728033138454,Acc6_dvc_AC3174;Acc6_dvc_AC710222
Tnc,2,DOWN,0,2,-21.914105068488233,Acc6_dvc_COMBO;Acc8_hippocampus_ST_A_Ex_KD
