Gene_set,Term,Overlap,P-value,Adjusted P-value,Old P-value,Old Adjusted P-value,Odds Ratio,Combined Score,Genes,Database
GO_Biological_Process_2023,Mitochondrial ATP Synthesis Coupled Electron Transport (GO:0042775),26/70,1.1735826635002235e-17,3.038405515802078e-14,0,0,12.868311688311689,501.6567882159234,NDUFB9;COX7B;NDUFB8;NDUFB6;UQCRB;NDUFA12;COX4I1;NDUFB3;NDUFB2;NDUFB1;UQCR11;UQCR10;COX6A1;COX5B;COX6A2;COX7C;COX8A;NDUFA8;NDUFA5;UQCC3;NDUFA3;NDUFA2;NDUFA1;NDUFS6;UQCRQ;NDUFS5,GO_Biological_Process_2023
GO_Biological_Process_2023,Aerobic Electron Transport Chain (GO:0019646),25/68,6.623912277224553e-17,8.574654442867184e-14,0,0,12.647339917171074,471.1546473911827,NDUFB9;COX7B;NDUFB8;NDUFB6;UQCRB;COX4I1;NDUFB3;NDUFB2;NDUFB1;UQCR11;UQCR10;COX6A1;COX5B;COX6A2;COX7C;COX8A;NDUFA8;NDUFA5;UQCC3;NDUFA3;NDUFA2;NDUFA1;NDUFS6;UQCRQ;NDUFS5,GO_Biological_Process_2023
GO_Biological_Process_2023,Cellular Respiration (GO:0045333),27/85,2.768793078123339e-16,2.3894684264204413e-13,0,0,10.14177779531287,363.3083986142344,NDUFB9;COX7B;NDUFA13;NDUFB8;NDUFB6;UQCRB;NDUFA12;COX4I1;NDUFB3;NDUFB2;NDUFB1;UQCR11;UQCR10;COX6A1;COX5B;COX7C;BLOC1S1;COX8A;NDUFA8;NDUFA5;NDUFA3;NDUFA2;NDUFA1;NR4A3;NDUFS6;UQCRQ;NDUFS5,GO_Biological_Process_2023
GO_Biological_Process_2023,Cytoplasmic Translation (GO:0002181),24/93,2.034416082540804e-12,1.316775809424535e-09,0,0,7.5474691388627235,203.18399984271545,RPL30;RPS9;RPL41;RPL21;RPL11;RPL35A;RPL23A;RPL8;RPS15;RPS28;RPS27;RPS19;RPL36AL;RPS18;RPS29;RPL37A;RPL36;RPL35;RPLP2;RPL38;RPL37;FAU;RPS21;RPS23,GO_Biological_Process_2023
GO_Biological_Process_2023,Peptide Biosynthetic Process (GO:0043043),30/158,1.8600065210748208e-11,9.631113766125424e-09,0,0,5.104854334098737,126.13000593726233,RPL30;RPL11;MRPL14;RPL8;RPS15;MRPL41;RPS19;RPL36AL;RPS18;RPL36;RPL35;RPLP2;RPL38;RPL37;RPS9;RPL41;RPL21;MRPL27;MRPS21;RPL35A;RPL23A;MRPS18C;MRPL52;RPS28;RPS27;RPS29;RPL37A;FAU;RPS21;RPS23,GO_Biological_Process_2023
GO_Biological_Process_2023,Macromolecule Biosynthetic Process (GO:0009059),32/183,3.855818832670758e-11,1.663785826297432e-08,0,0,4.620794244735899,110.80134423047012,RPL30;RPL11;MRPL14;RPL8;RPS15;MRPL41;RPS19;RPL36AL;RPS18;RPL36;RPL35;RPLP2;RPL38;RPL37;APOE;RPS9;RPL41;RPL21;MRPL27;MRPS21;RPL35A;RPL23A;INHBA;MRPS18C;MRPL52;RPS28;RPS27;RPS29;RPL37A;FAU;RPS21;RPS23,GO_Biological_Process_2023
GO_Biological_Process_2023,Mitochondrial Respiratory Chain Complex Assembly (GO:0033108),21/90,3.7624255098020424e-10,1.349684201434804e-07,0,0,6.581521739130435,142.8242020425227,NDUFB9;NDUFA8;NDUFA13;NDUFB8;NDUFB6;NDUFA5;PET100;UQCC3;UQCC2;NDUFA3;COX17;NDUFB3;NDUFA2;NDUFB2;NDUFA1;NDUFB1;PET117;NDUFAF8;NDUFS5;NDUFAF2;COX14,GO_Biological_Process_2023
GO_Biological_Process_2023,Translation (GO:0006412),35/234,4.170518969284832e-10,1.349684201434804e-07,0,0,3.838476446899625,82.90268671235013,RPL30;RPL11;MRPL14;RPL8;MRPL54;RPS15;MRPL41;MRPL20;MRPL2;RPS19;RPL36AL;RPS18;RPL36;RPL35;RPLP2;RPL38;RPL37;MRPS28;RPL41;MRPS26;RPS9;RPL21;MRPL27;MRPS21;RPL35A;RPL23A;MRPS18C;MRPL52;RPS28;RPS27;RPS29;RPL37A;FAU;RPS21;RPS23,GO_Biological_Process_2023
GO_Biological_Process_2023,Aerobic Respiration (GO:0009060),17/59,5.201054070780453e-10,1.4961698876945105e-07,0,0,8.7257326007326,186.52989522381972,NDUFB9;NDUFA8;NDUFA13;NDUFB8;NDUFB6;UQCRB;NDUFA5;NDUFA12;NDUFA3;NDUFB3;NDUFA2;NDUFB2;NDUFA1;NDUFB1;NDUFS6;BLOC1S1;NDUFS5,GO_Biological_Process_2023
GO_Biological_Process_2023,NADH Dehydrogenase Complex Assembly (GO:0010257),15/53,7.142260787979396e-09,1.5409427650065547e-06,0,0,8.492188428181063,159.28998652696689,NDUFB9;NDUFA8;NDUFA13;NDUFB8;NDUFB6;NDUFA5;NDUFA3;NDUFB3;NDUFA2;NDUFB2;NDUFA1;NDUFB1;NDUFAF8;NDUFS5;NDUFAF2,GO_Biological_Process_2023
GO_Biological_Process_2023,Mitochondrial Respiratory Chain Complex I Assembly (GO:0032981),15/53,7.142260787979396e-09,1.5409427650065547e-06,0,0,8.492188428181063,159.28998652696689,NDUFB9;NDUFA8;NDUFA13;NDUFB8;NDUFB6;NDUFA5;NDUFA3;NDUFB3;NDUFA2;NDUFB2;NDUFA1;NDUFB1;NDUFAF8;NDUFS5;NDUFAF2,GO_Biological_Process_2023
GO_Biological_Process_2023,Proton Motive Force-Driven Mitochondrial ATP Synthesis (GO:0042776),15/53,7.142260787979396e-09,1.5409427650065547e-06,0,0,8.492188428181063,159.28998652696689,NDUFB9;NDUFA8;NDUFA13;NDUFB8;NDUFB6;NDUFA5;NDUFA12;NDUFA3;NDUFB3;NDUFA2;NDUFB2;NDUFA1;NDUFB1;NDUFS6;NDUFS5,GO_Biological_Process_2023
GO_Biological_Process_2023,Oxidative Phosphorylation (GO:0006119),16/63,1.2611207014789492e-08,2.511570381637692e-06,0,0,7.328573145810795,133.29707160562543,NDUFB9;NDUFA8;NDUFA13;NDUFB8;NDUFB6;UQCRB;NDUFA5;NDUFA12;NDUFA3;NDUFB3;NDUFA2;NDUFB2;NDUFA1;NDUFB1;NDUFS6;NDUFS5,GO_Biological_Process_2023
GO_Biological_Process_2023,"Mitochondrial Electron Transport, NADH To Ubiquinone (GO:0006120)",12/34,1.4230073416959912e-08,2.6315471483220865e-06,0,0,11.704877799365988,211.48265833841117,NDUFB9;NDUFA8;NDUFB8;NDUFB6;NDUFA5;NDUFS6;NDUFA3;NDUFS5;NDUFB3;NDUFA2;NDUFB2;NDUFB1,GO_Biological_Process_2023
GO_Biological_Process_2023,Proton Motive Force-Driven ATP Synthesis (GO:0015986),15/60,4.5239211740411295e-08,7.80828794639499e-06,0,0,7.168547780285929,121.2294736166941,NDUFB9;NDUFA8;NDUFA13;NDUFB8;NDUFB6;NDUFA5;NDUFA12;NDUFA3;NDUFB3;NDUFA2;NDUFB2;NDUFA1;NDUFB1;NDUFS6;NDUFS5,GO_Biological_Process_2023
GO_Biological_Process_2023,Energy Derivation By Oxidation Of Organic Compounds (GO:0015980),12/43,2.735796750123286e-07,4.426861116293242e-05,0,0,8.302768605537212,125.46872367328416,COX8A;COX7B;NR4A3;UQCRB;UQCRQ;COX4I1;UQCR11;UQCR10;COX5B;COX6A1;COX7C;MT3,GO_Biological_Process_2023
GO_Biological_Process_2023,Gene Expression (GO:0010467),33/296,1.6272028866619606e-06,0.0002478134278569303,0,0,2.722871510924988,36.29219602085815,RPL30;RPL11;MRPL14;RPL8;RPS15;MRPL41;RBM3;RPS19;PABPN1;RPL36AL;RPS18;RPL36;RPL35;RPLP2;RPL38;RPL37;RPL41;RPS9;RPL21;MRPL27;MRPS21;RPL35A;RPL23A;MRPS18C;SETX;MRPL52;RPS28;RPS27;RPS29;RPL37A;FAU;RPS21;RPS23,GO_Biological_Process_2023
GO_Biological_Process_2023,"Mitochondrial Electron Transport, Cytochrome C To Oxygen (GO:0006123)",7/16,2.944093245101995e-06,0.0004234587450871703,0,0,16.60825254784986,211.5178828191059,COX8A;COX7B;COX4I1;COX5B;COX6A1;COX6A2;COX7C,GO_Biological_Process_2023
GO_Biological_Process_2023,7-Methylguanosine Cap Hypermethylation (GO:0036261),5/7,3.572815579587199e-06,0.0004625009767775629,0,0,53.28404017857143,668.296775947773,SNRPD2;SNRPG;SNRPE;SNRPD3;SNRPF,GO_Biological_Process_2023
GO_Biological_Process_2023,RNA Capping (GO:0036260),5/7,3.572815579587199e-06,0.0004625009767775629,0,0,53.28404017857143,668.296775947773,SNRPD2;SNRPG;SNRPE;SNRPD3;SNRPF,GO_Biological_Process_2023
GO_Biological_Process_2023,protein-RNA Complex Assembly (GO:0022618),20/150,1.3647867363917238e-05,0.0016825870764372,0,0,3.31249454291452,37.10632300372577,SRPK3;PTGES3;RPL11;RPL23A;LSM4;RPS15;SETX;MRPL20;RPS28;RPS27;RPS19;SNRPD2;SNRPG;EIF3G;RPL38;SNRPE;SNRPD3;SNRPF;SRSF5;SRSF10,GO_Biological_Process_2023
GO_Biological_Process_2023,"Mitochondrial Electron Transport, Ubiquinol To Cytochrome C (GO:0006122)",5/12,0.00011149472473299469,0.0125504279275531,0,0,15.22002551020408,138.52556870349605,UQCC3;UQCRB;UQCRQ;UQCR11;UQCR10,GO_Biological_Process_2023
GO_Biological_Process_2023,Protein Insertion Into Mitochondrial Inner Membrane (GO:0045039),5/12,0.00011149472473299469,0.0125504279275531,0,0,15.22002551020408,138.52556870349605,TIMM8B;NDUFA13;TIMM13;ROMO1;TIMM10,GO_Biological_Process_2023
GO_Biological_Process_2023,Protein Insertion Into Mitochondrial Membrane (GO:0051204),7/28,0.00018961132425172853,0.0204543216036552,0,0,7.113348247576435,60.96519473724816,TIMM8B;NDUFA13;TIMM13;TOMM7;ROMO1;TIMM10;PRICKLE4,GO_Biological_Process_2023
GO_Biological_Process_2023,Negative Regulation Of Cell Communication (GO:0010648),6/22,0.00032952419983986144,0.034125526135416,0,0,7.995670391061452,64.1081718991067,BRAP;GLRA1;OPRM1;VHL;FGF23;SOCS5,GO_Biological_Process_2023
GO_Biological_Process_2023,Inner Mitochondrial Membrane Organization (GO:0007007),7/34,0.0006805972820005019,0.0677717831961269,0,0,5.530864197530864,40.33404723048197,TIMM8B;NDUFA13;UQCC3;TIMM13;ROMO1;MICOS13;TIMM10,GO_Biological_Process_2023
GO_Biological_Process_2023,Spliceosomal snRNP Assembly (GO:0000387),7/37,0.0011581879032572,0.1110573511678898,0,0,4.976994780014914,33.64895727761627,SNRPD2;SNRPG;SNRPE;SNRPD3;SNRPF;SRSF10;LSM4,GO_Biological_Process_2023
GO_Biological_Process_2023,Protein Targeting To Mitochondrion (GO:0006626),9/59,0.0012168486514781,0.1125150413813211,0,0,3.843968609865471,25.798760093924724,TIMM8B;FIS1;NDUFA13;TIMM13;TOMM7;PMPCB;ROMO1;TIMM10;PRICKLE4,GO_Biological_Process_2023
GO_Biological_Process_2023,Negative Regulation Of Signaling (GO:0023057),6/28,0.0013206752651276,0.1179044228074318,0,0,5.8132046724225495,38.53929208663063,BRAP;AP1AR;VHL;OPRM1;FGF23;SOCS5,GO_Biological_Process_2023
GO_Biological_Process_2023,Ribosome Assembly (GO:0042255),8/50,0.0016427482789952,0.1417691764772922,0,0,4.0648429584599794,26.061271788460925,RPS15;MRPL20;RPS28;DDX3X;RPS27;RPS19;RPL11;RPL23A,GO_Biological_Process_2023
GO_Biological_Process_2023,Spliceosomal Complex Assembly (GO:0000245),9/62,0.0017422925076116,0.1455095258776329,0,0,3.62581436669769,23.03317974490176,SETX;SRPK3;SNRPD2;SNRPG;SNRPE;SNRPD3;SNRPF;SRSF5;SRSF10,GO_Biological_Process_2023
GO_Biological_Process_2023,U2-type Prespliceosome Assembly (GO:1903241),5/23,0.0031346396838757,0.2515268104342397,0,0,5.915488591269841,34.10421762688212,SNRPD2;SNRPG;SNRPE;SNRPD3;SNRPF,GO_Biological_Process_2023
GO_Biological_Process_2023,Carboxylic Acid Metabolic Process (GO:0019752),6/33,0.0032060195999729,0.2515268104342397,0,0,4.7354438237119805,27.19435215950925,LIPT2;SLC23A2;GLUD1;PTGIS;SLC2A1;ST3GAL1,GO_Biological_Process_2023
GO_Biological_Process_2023,Regulation Of Epidermis Development (GO:0045682),3/8,0.0043036461408394,0.318346853103813,0,0,12.757683741648108,69.50759489043587,MAFF;NME2;SGPP1,GO_Biological_Process_2023
GO_Biological_Process_2023,Cyclooxygenase Pathway (GO:0019371),3/8,0.0043036461408394,0.318346853103813,0,0,12.757683741648108,69.50759489043587,PTGIS;PTGES3;PTGS2,GO_Biological_Process_2023
GO_Biological_Process_2023,Mitochondrial Translation (GO:0032543),11/98,0.0045859366511577,0.3298052774957585,0,0,2.700916957251711,14.543792047623722,MRPL41;MRPS28;MRPL52;MRPL20;MRPL2;MRPS26;MRPL27;MRPS21;MRPL14;MRPL54;MRPS18C,GO_Biological_Process_2023
GO_Biological_Process_2023,Positive Regulation Of RNA Splicing (GO:0033120),6/36,0.0050285475509652,0.3518624218769984,0,0,4.261229050279329,22.553083540846387,RBM3;SETX;HABP4;CIRBP;SLC38A2;HSPA1A,GO_Biological_Process_2023
GO_Biological_Process_2023,Regulation Of Intrinsic Apoptotic Signaling Pathway (GO:2001242),7/48,0.0053975953592366,0.3677466943437786,0,0,3.639602771866645,19.00528404494709,FIS1;NDUFA13;URI1;DDX3X;PLEKHF1;UBQLN1;STYXL1,GO_Biological_Process_2023
GO_Biological_Process_2023,Ribosomal Small Subunit Assembly (GO:0000028),4/17,0.0060842639823226,0.3938039862558323,0,0,6.546951376382815,33.40287010067162,RPS15;RPS28;RPS27;RPS19,GO_Biological_Process_2023
GO_Biological_Process_2023,Regulation Of Aerobic Respiration (GO:1903715),4/17,0.0060842639823226,0.3938039862558323,0,0,6.546951376382815,33.40287010067162,UQCC2;CBFA2T3;COX7A1;MACROH2A1,GO_Biological_Process_2023
GO_Biological_Process_2023,I-kappaB Phosphorylation (GO:0007252),3/9,0.006240581963803,0.394069919616737,0,0,10.630846325167038,53.96942445643728,TLR7;TLR4;TLR3,GO_Biological_Process_2023
GO_Biological_Process_2023,Regulation Of Extrinsic Apoptotic Signaling Pathway In Absence Of Ligand (GO:2001239),5/27,0.0064811119040078,0.3995142552256287,0,0,4.83893060064935,24.38270929812497,EYA1;HTRA2;INHBA;HSPA1B;HSPA1A,GO_Biological_Process_2023
GO_Biological_Process_2023,Mitochondrial Gene Expression (GO:0140053),11/103,0.0066714819999855,0.4016852766968018,0,0,2.553456277479238,12.79259445017601,MRPL41;MRPS28;MRPL52;MRPL20;MRPL2;MRPS26;MRPL27;MRPS21;MRPL14;MRPL54;MRPS18C,GO_Biological_Process_2023
GO_Biological_Process_2023,Negative Regulation Of Amyloid Fibril Formation (GO:1905907),3/11,0.0114586106446062,0.6742350672474025,0,0,7.972299554565701,35.62831680876636,PFDN1;PFDN2;PFDN6,GO_Biological_Process_2023
GO_Biological_Process_2023,Chaperone-Mediated Protein Complex Assembly (GO:0051131),4/21,0.0132649094343164,0.7411741050374161,0,0,5.005442979867532,21.63669359920311,MKKS;PTGES3;PFDN6;HSPA1A,GO_Biological_Process_2023
GO_Biological_Process_2023,Positive Regulation Of Interferon-Alpha Production (GO:0032727),4/21,0.0132649094343164,0.7411741050374161,0,0,5.005442979867532,21.63669359920311,DDX3X;TLR7;TLR4;TLR3,GO_Biological_Process_2023
GO_Biological_Process_2023,Establishment Of Protein Localization To Mitochondrion (GO:0072655),6/44,0.0134550725904822,0.7411741050374161,0,0,3.3627168479858867,14.48792624061536,TIMM8B;FIS1;TIMM13;TOMM7;ROMO1;TIMM10,GO_Biological_Process_2023
GO_Biological_Process_2023,Negative Regulation Of Supramolecular Fiber Organization (GO:1902904),8/71,0.0142683208427602,0.7695975554563798,0,0,2.70690911676354,11.503588284080577,PLEKHH2;STMN1;PFDN1;PFDN2;APOE;CYRIB;PFDN6;SHANK1,GO_Biological_Process_2023
GO_Biological_Process_2023,Positive Regulation Of Ruffle Assembly (GO:1900029),3/12,0.0147732565078577,0.7805706346702782,0,0,7.086117297698589,29.86753603930694,P2RY12;EPS8L2;HRAS,GO_Biological_Process_2023
GO_Biological_Process_2023,Positive Regulation Of RNA Metabolic Process (GO:0051254),5/33,0.0152656825291788,0.7813808053991503,0,0,3.8008211096938775,15.89559618091246,SETX;HABP4;HRAS;SLC38A2;HSPA1A,GO_Biological_Process_2023
GO_Biological_Process_2023,Mitochondrial Cytochrome C Oxidase Assembly (GO:0033617),4/22,0.0156467957700845,0.7813808053991503,0,0,4.727115074941162,19.652929521817047,PET100;COX17;COX14;PET117,GO_Biological_Process_2023
GO_Biological_Process_2023,Cellular Response To Oxidative Stress (GO:0034599),11/117,0.0165367559432064,0.7813808053991503,0,0,2.214574941700233,9.084562318672695,SETX;PRDX5;CCS;HTRA2;MAPK1;ROMO1;FOS;MT3;FOXO1;HSPA1B;HSPA1A,GO_Biological_Process_2023
GO_Biological_Process_2023,Negative Regulation Of Tumor Necrosis Factor Production (GO:0032720),6/47,0.0182781272658539,0.7813808053991503,0,0,3.1161738656492712,12.471084134335705,POMC;NFKBIL1;CIDEA;IRAK3;TLR4;VSIR,GO_Biological_Process_2023
GO_Biological_Process_2023,Regulation Of Epinephrine Secretion (GO:0014060),2/5,0.01851124090199,0.7813808053991503,0,0,14.160919540229886,56.493248342538976,CARTPT;ADRA2C,GO_Biological_Process_2023
GO_Biological_Process_2023,L-ascorbic Acid Metabolic Process (GO:0019852),2/5,0.01851124090199,0.7813808053991503,0,0,14.160919540229886,56.493248342538976,SLC23A2;SLC2A1,GO_Biological_Process_2023
GO_Biological_Process_2023,Cellular Heat Acclimation (GO:0070370),2/5,0.01851124090199,0.7813808053991503,0,0,14.160919540229886,56.493248342538976,HSPA1B;HSPA1A,GO_Biological_Process_2023
GO_Biological_Process_2023,Cellular Response To Cold (GO:0070417),2/5,0.01851124090199,0.7813808053991503,0,0,14.160919540229886,56.493248342538976,NFKBIA;FOXO1,GO_Biological_Process_2023
GO_Biological_Process_2023,Response To cGMP (GO:0070305),2/5,0.01851124090199,0.7813808053991503,0,0,14.160919540229886,56.493248342538976,PDE3A;TLR7,GO_Biological_Process_2023
GO_Biological_Process_2023,Heat Acclimation (GO:0010286),2/5,0.01851124090199,0.7813808053991503,0,0,14.160919540229886,56.493248342538976,HSPA1B;HSPA1A,GO_Biological_Process_2023
GO_Biological_Process_2023,Positive Regulation Of Autophagy Of Mitochondrion In Response To Mitochondrial Depolarization (GO:1904925),2/5,0.01851124090199,0.7813808053991503,0,0,14.160919540229886,56.493248342538976,HUWE1;TOMM7,GO_Biological_Process_2023
GO_Biological_Process_2023,Regulation Of Response To Stress (GO:0080134),3/13,0.0185721338519279,0.7813808053991503,0,0,6.3771714922049,25.419998655467992,OPRM1;MACROH2A1;SLC38A2,GO_Biological_Process_2023
GO_Biological_Process_2023,Cellular Response To Chemical Stress (GO:0062197),9/89,0.0187120934471793,0.7813808053991503,0,0,2.398696748878924,9.543419518086075,SETX;PRDX5;CCS;DDX3X;HTRA2;MT3;FOXO1;HSPA1B;HSPA1A,GO_Biological_Process_2023
GO_Biological_Process_2023,Regulation Of Ruffle Assembly (GO:1900027),4/24,0.0211741867338443,0.8701582453003669,0,0,4.253957636566332,16.39888947577121,P2RY12;UXT;EPS8L2;HRAS,GO_Biological_Process_2023
GO_Biological_Process_2023,Negative Regulation Of Tumor Necrosis Factor Superfamily Cytokine Production (GO:1903556),6/49,0.0220801087721023,0.8764669311902754,0,0,2.970923736520722,11.328364329524756,POMC;NFKBIL1;CIDEA;IRAK3;TLR4;VSIR,GO_Biological_Process_2023
GO_Biological_Process_2023,Sensory Perception Of Sound (GO:0007605),9/92,0.0227333027333689,0.8764669311902754,0,0,2.311632178939975,8.74704128745587,TIMM8B;NDUFB9;MYH7B;MKKS;EYA1;TIMM13;CACNA1D;EPS8L2;TIMM10,GO_Biological_Process_2023
GO_Biological_Process_2023,Prostanoid Biosynthetic Process (GO:0046457),3/14,0.0228600053313176,0.8764669311902754,0,0,5.7971249240737,21.903661956675972,PTGIS;PTGES3;PTGS2,GO_Biological_Process_2023
GO_Biological_Process_2023,Regulation Of Cell Motility (GO:2000145),11/123,0.023110748611186,0.8764669311902754,0,0,2.095274879614767,7.893858979795813,BEX4;HACE1;TNC;FLNA;FYN;PHPT1;CYRIB;SGK1;TMSB10;FGF23;FGF22,GO_Biological_Process_2023
GO_Biological_Process_2023,Cellular Response To Steroid Hormone Stimulus (GO:0071383),4/25,0.0243322786391871,0.8764669311902754,0,0,4.051175877262834,15.053972960541456,URI1;MAPK1;HSPA1B;HSPA1A,GO_Biological_Process_2023
GO_Biological_Process_2023,SA Node Cell Action Potential (GO:0086015),2/6,0.0269443388994842,0.8764669311902754,0,0,10.620133481646274,38.38097191019597,CACNA1D;KCNA5,GO_Biological_Process_2023
GO_Biological_Process_2023,Adult Feeding Behavior (GO:0008343),2/6,0.0269443388994842,0.8764669311902754,0,0,10.620133481646274,38.38097191019597,NPY;CARTPT,GO_Biological_Process_2023
GO_Biological_Process_2023,Regulation Of Nucleotide-Binding Oligomerization Domain Containing 2 Signaling Pathway (GO:0070432),2/6,0.0269443388994842,0.8764669311902754,0,0,10.620133481646274,38.38097191019597,HSPA1B;HSPA1A,GO_Biological_Process_2023
GO_Biological_Process_2023,Calcitonin Family Receptor Signaling Pathway (GO:0097646),2/6,0.0269443388994842,0.8764669311902754,0,0,10.620133481646274,38.38097191019597,CALCR;CALCRL,GO_Biological_Process_2023
GO_Biological_Process_2023,Regulation Of Prostaglandin Biosynthetic Process (GO:0031392),2/6,0.0269443388994842,0.8764669311902754,0,0,10.620133481646274,38.38097191019597,PLA2G3;PTGS2,GO_Biological_Process_2023
GO_Biological_Process_2023,Hemostasis (GO:0007599),2/6,0.0269443388994842,0.8764669311902754,0,0,10.620133481646274,38.38097191019597,P2RY12;FLI1,GO_Biological_Process_2023
GO_Biological_Process_2023,Phospholipase C-activating Dopamine Receptor Signaling Pathway (GO:0060158),2/6,0.0269443388994842,0.8764669311902754,0,0,10.620133481646274,38.38097191019597,GNA14;DRD2,GO_Biological_Process_2023
GO_Biological_Process_2023,Positive Regulation Of Mitophagy (GO:1901526),2/6,0.0269443388994842,0.8764669311902754,0,0,10.620133481646274,38.38097191019597,GDF1;SLC25A4,GO_Biological_Process_2023
GO_Biological_Process_2023,Positive Regulation Of Mitophagy In Response To Mitochondrial Depolarization (GO:0098779),2/6,0.0269443388994842,0.8764669311902754,0,0,10.620133481646274,38.38097191019597,HUWE1;TOMM7,GO_Biological_Process_2023
GO_Biological_Process_2023,Positive Regulation Of Unsaturated Fatty Acid Biosynthetic Process (GO:2001280),2/6,0.0269443388994842,0.8764669311902754,0,0,10.620133481646274,38.38097191019597,PLA2G3;PTGS2,GO_Biological_Process_2023
GO_Biological_Process_2023,Regulation Of Atrial Cardiac Muscle Cell Membrane Repolarization (GO:0060372),2/6,0.0269443388994842,0.8764669311902754,0,0,10.620133481646274,38.38097191019597,FLNA;KCNA5,GO_Biological_Process_2023
GO_Biological_Process_2023,Regulation Of Amyloid Fibril Formation (GO:1905906),3/15,0.0276377541105175,0.8764669311902754,0,0,5.3137527839643655,19.0687873165428,PFDN1;PFDN2;PFDN6,GO_Biological_Process_2023
GO_Biological_Process_2023,Regulation Of Interferon-Alpha Production (GO:0032647),4/26,0.0277598641782937,0.8764669311902754,0,0,3.8668288233505614,13.859348802285243,DDX3X;TLR7;TLR4;TLR3,GO_Biological_Process_2023
GO_Biological_Process_2023,Respiratory Chain Complex IV Assembly (GO:0008535),4/26,0.0277598641782937,0.8764669311902754,0,0,3.8668288233505614,13.859348802285243,PET100;COX17;COX14;PET117,GO_Biological_Process_2023
GO_Biological_Process_2023,Response To Reactive Oxygen Species (GO:0000302),7/66,0.0285800184198423,0.8914899721562878,0,0,2.526826678800288,8.98298877133103,PRDX5;MAPK1;FYN;ROMO1;FOS;APOE;MT3,GO_Biological_Process_2023
GO_Biological_Process_2023,Negative Regulation Of Protein Secretion (GO:0050709),5/39,0.029725533808688,0.9161834170320644,0,0,3.1291032037815127,11.001141078862403,RSAD2;APOE;OPRM1;DRD2;FOXO1,GO_Biological_Process_2023
GO_Biological_Process_2023,Mitochondrial Transport (GO:0006839),6/53,0.0312052049975863,0.9471080548363948,0,0,2.7175086176155947,9.42206536257267,TIMM8B;FIS1;TIMM13;TOMM7;TIMM10;SLC25A4,GO_Biological_Process_2023
GO_Biological_Process_2023,Chaperone Cofactor-Dependent Protein Refolding (GO:0051085),4/27,0.0314605224858748,0.9471080548363948,0,0,3.6985119480393593,12.793233357992962,PTGES3;HSPE1;HSPA1B;HSPA1A,GO_Biological_Process_2023
GO_Biological_Process_2023,Protein Localization To Endoplasmic Reticulum (GO:0070972),3/16,0.0329028335089825,0.9481331937644788,0,0,4.904745588487237,16.745765221732366,VAPA;DDRGK1;KDELR2,GO_Biological_Process_2023
GO_Biological_Process_2023,Positive Regulation Of Proteasomal Ubiquitin-Dependent Protein Catabolic Process (GO:0032436),8/83,0.0332140571308164,0.9481331937644788,0,0,2.2723702874206797,7.736925645361336,DDRGK1;PLK1;UBQLN1;RNF19B;CBFA2T3;HSPA1B;SOCS5;HSPA1A,GO_Biological_Process_2023
GO_Biological_Process_2023,Negative Regulation Of Actin Filament Bundle Assembly (GO:0032232),4/28,0.0354367904868292,0.9481331937644788,0,0,3.544221479004088,11.837716465870988,STMN1;F11R;CGNL1;SHANK1,GO_Biological_Process_2023
GO_Biological_Process_2023,Negative Regulation Of mRNA Catabolic Process (GO:1902373),5/41,0.0359721490612479,0.9481331937644788,0,0,2.954954117063492,9.825252807669733,TAF15;FUS;CIRBP;TENT5A;HNRNPAB,GO_Biological_Process_2023
GO_Biological_Process_2023,ATP Synthesis Coupled Electron Transport (GO:0042773),2/7,0.0366090459494798,0.9481331937644788,0,0,8.495661846496107,28.09906098339329,NDUFB6;NDUFA12,GO_Biological_Process_2023
GO_Biological_Process_2023,Regulation Of Mitophagy (GO:1901524),2/7,0.0366090459494798,0.9481331937644788,0,0,8.495661846496107,28.09906098339329,GDF1;SLC25A4,GO_Biological_Process_2023
GO_Biological_Process_2023,"Blood Coagulation, Intrinsic Pathway (GO:0007597)",2/7,0.0366090459494798,0.9481331937644788,0,0,8.495661846496107,28.09906098339329,F12;FLNA,GO_Biological_Process_2023
GO_Biological_Process_2023,Cellular Response To Leptin Stimulus (GO:0044320),2/7,0.0366090459494798,0.9481331937644788,0,0,8.495661846496107,28.09906098339329,NR4A3;MT3,GO_Biological_Process_2023
GO_Biological_Process_2023,Negative Regulation Of Appetite (GO:0032099),2/7,0.0366090459494798,0.9481331937644788,0,0,8.495661846496107,28.09906098339329,MKKS;CARTPT,GO_Biological_Process_2023
GO_Biological_Process_2023,Positive Regulation Of Microtubule Nucleation (GO:0090063),2/7,0.0366090459494798,0.9481331937644788,0,0,8.495661846496107,28.09906098339329,HSPA1B;HSPA1A,GO_Biological_Process_2023
GO_Biological_Process_2023,Positive Regulation Of Vascular Associated Smooth Muscle Cell Migration (GO:1904754),2/7,0.0366090459494798,0.9481331937644788,0,0,8.495661846496107,28.09906098339329,DOCK5;NR4A3,GO_Biological_Process_2023
GO_Biological_Process_2023,"Post-Translational Protein Targeting To Membrane, Translocation (GO:0031204)",2/7,0.0366090459494798,0.9481331937644788,0,0,8.495661846496107,28.09906098339329,SEC61G;SEC61B,GO_Biological_Process_2023
GO_Biological_Process_2023,rRNA Pseudouridine Synthesis (GO:0031118),2/7,0.0366090459494798,0.9481331937644788,0,0,8.495661846496107,28.09906098339329,TSR3;NHP2,GO_Biological_Process_2023
GO_Biological_Process_2023,rRNA Processing (GO:0006364),9/101,0.0384387497211149,0.9481331937644788,0,0,2.084507213881848,6.79276118871146,RPS15;RPS28;RPS27;RPS19;RPL11;TSR3;NHP2;RPL35A;PIN4,GO_Biological_Process_2023
GO_Biological_Process_2023,Regulation Of Oxidative Phosphorylation (GO:0002082),3/17,0.0386496791500875,0.9481331937644788,0,0,4.554167992363984,14.815695847391169,UQCC2;COX7A1;MACROH2A1,GO_Biological_Process_2023
GO_Biological_Process_2023,Nicotinamide Nucleotide Metabolic Process (GO:0046496),3/17,0.0386496791500875,0.9481331937644788,0,0,4.554167992363984,14.815695847391169,NADK2;IDH2;FMO2,GO_Biological_Process_2023
GO_Biological_Process_2023,Prostaglandin Biosynthetic Process (GO:0001516),3/17,0.0386496791500875,0.9481331937644788,0,0,4.554167992363984,14.815695847391169,PTGIS;PTGES3;PTGS2,GO_Biological_Process_2023
GO_Biological_Process_2023,Regulation Of Protein Modification By Small Protein Conjugation Or Removal (GO:1903320),4/29,0.0396901958656866,0.9481331937644788,0,0,3.402274247491639,10.977951865979072,EGR1;UBQLN1;HSPA1B;HSPA1A,GO_Biological_Process_2023
GO_Biological_Process_2023,Regulation Of RNA Splicing (GO:0043484),9/102,0.0405483762059594,0.9481331937644788,0,0,2.06198466657023,6.609196031003104,SETX;FUS;SNRNP70;TAF10;HABP4;HNRNPA1;SLC38A2;SRSF10;HSPA1A,GO_Biological_Process_2023
GO_Biological_Process_2023,Regulation Of Type II Interferon Production (GO:0032649),8/87,0.0421788700527542,0.9481331937644788,0,0,2.156859965696628,6.828264695550134,IL1R1;TLR7;INHBA;CYRIB;TLR4;VSIR;TLR3;IL12RB2,GO_Biological_Process_2023
GO_Biological_Process_2023,Response To Amino Acid (GO:0043200),4/30,0.0442212943129766,0.9481331937644788,0,0,3.27124603378784,10.20154050480984,GLRA1;GLRA3;LAMTOR2;LAMTOR4,GO_Biological_Process_2023
GO_Biological_Process_2023,Negative Regulation Of Myeloid Leukocyte Differentiation (GO:0002762),4/30,0.0442212943129766,0.9481331937644788,0,0,3.27124603378784,10.20154050480984,CARTPT;INHBA;TLR4;TLR3,GO_Biological_Process_2023
GO_Biological_Process_2023,Prostaglandin Metabolic Process (GO:0006693),4/30,0.0442212943129766,0.9481331937644788,0,0,3.27124603378784,10.20154050480984,PTGIS;PTGES3;PTGS2;PTGR1,GO_Biological_Process_2023
GO_Biological_Process_2023,Response To Ethanol (GO:0045471),3/18,0.0448700862908488,0.9481331937644788,0,0,4.25033407572383,13.192968693110483,GLRA1;OPRM1;DRD2,GO_Biological_Process_2023
GO_Biological_Process_2023,Protein Autoprocessing (GO:0016540),3/18,0.0448700862908488,0.9481331937644788,0,0,4.25033407572383,13.192968693110483,FAM111A;F12;HTRA2,GO_Biological_Process_2023
GO_Biological_Process_2023,Regulation Of Cell Cycle G2/M Phase Transition (GO:1902749),3/18,0.0448700862908488,0.9481331937644788,0,0,4.25033407572383,13.192968693110483,CDKN1A;KCNH5;MACROH2A1,GO_Biological_Process_2023
GO_Biological_Process_2023,Positive Regulation Of Type II Interferon Production (GO:0032729),6/58,0.0456657728561623,0.9481331937644788,0,0,2.455565105285776,7.578871401079227,IL1R1;TLR7;CYRIB;TLR4;TLR3;IL12RB2,GO_Biological_Process_2023
GO_Biological_Process_2023,Cellular Response To Reactive Oxygen Species (GO:0034614),7/73,0.0458344907069628,0.9481331937644788,0,0,2.257999457663887,6.960776473239944,SETX;PRDX5;MAPK1;FYN;ROMO1;FOS;MT3,GO_Biological_Process_2023
GO_Biological_Process_2023,Sensory Perception Of Mechanical Stimulus (GO:0050954),8/89,0.0472088297656158,0.9481331937644788,0,0,2.103382964898456,6.421994880015795,TIMM8B;NDUFB9;MYH7B;EYA1;TIMM13;CACNA1D;EPS8L2;TIMM10,GO_Biological_Process_2023
GO_Biological_Process_2023,Cellular Response To Organonitrogen Compound (GO:0071417),9/105,0.0473424460122329,0.9481331937644788,0,0,1.9972323430493275,6.092253697523214,RAP1B;P2RY12;EGR1;GABRB2;GLRA1;PDE3A;LAMTOR2;LAMTOR4;SLC26A6,GO_Biological_Process_2023
GO_Biological_Process_2023,Response To Leptin (GO:0044321),2/8,0.0473775326474602,0.9481331937644788,0,0,7.079347423062663,21.589228571315868,NR4A3;GCK,GO_Biological_Process_2023
GO_Biological_Process_2023,Tricarboxylic Acid Metabolic Process (GO:0072350),2/8,0.0473775326474602,0.9481331937644788,0,0,7.079347423062663,21.589228571315868,GLUD1;IDH2,GO_Biological_Process_2023
GO_Biological_Process_2023,Leptin-Mediated Signaling Pathway (GO:0033210),2/8,0.0473775326474602,0.9481331937644788,0,0,7.079347423062663,21.589228571315868,MKKS;MT3,GO_Biological_Process_2023
GO_Biological_Process_2023,Neuronal Action Potential (GO:0019228),2/8,0.0473775326474602,0.9481331937644788,0,0,7.079347423062663,21.589228571315868,MYH7B;KCNA1,GO_Biological_Process_2023
GO_Biological_Process_2023,Positive Regulation Of Tumor Necrosis Factor-Mediated Signaling Pathway (GO:1903265),2/8,0.0473775326474602,0.9481331937644788,0,0,7.079347423062663,21.589228571315868,HSPA1B;HSPA1A,GO_Biological_Process_2023
GO_Biological_Process_2023,Regulation Of DNA-templated Transcription Initiation (GO:2000142),2/8,0.0473775326474602,0.9481331937644788,0,0,7.079347423062663,21.589228571315868,FOSL1;SETX,GO_Biological_Process_2023
GO_Biological_Process_2023,Toll-Like Receptor Signaling Pathway (GO:0002224),4/31,0.0490297102689326,0.9481331937644788,0,0,3.1499236136917297,9.498055492844273,IRAK3;TLR7;TLR4;TLR3,GO_Biological_Process_2023
GO_Biological_Process_2023,Protein Stabilization (GO:0050821),15/208,0.0496620688231509,0.9481331937644788,0,0,1.6584404495959018,4.979490402761591,URI1;PTGES3;RPL11;MT3;HYPK;UXT;BAG1;FLNA;PFDN1;PFDN2;CALR;VHL;HSPA1B;PFDN6;HSPA1A,GO_Biological_Process_2023
GO_Biological_Process_2023,I-kappaB kinase/NF-kappaB Signaling (GO:0007249),5/45,0.0507283593352265,0.9481331937644788,0,0,2.658900669642857,7.92690124885128,NFKBIA;NFKBIL1;TLR7;TLR4;TLR3,GO_Biological_Process_2023
GO_Biological_Process_2023,Negative Regulation Of Protein Dephosphorylation (GO:0035308),3/19,0.0515535548674127,0.9481331937644788,0,0,3.984479398663697,11.814515780734444,YWHAE;BOD1;STYXL1,GO_Biological_Process_2023
GO_Biological_Process_2023,rRNA Metabolic Process (GO:0016072),8/91,0.0526146030252431,0.9481331937644788,0,0,2.0524831689580267,6.044073566644075,TRIR;RPS15;RPS28;RPS27;RPS19;RPL11;RPL35A;PIN4,GO_Biological_Process_2023
GO_Biological_Process_2023,'De Novo' Post-Translational Protein Folding (GO:0051084),4/32,0.0541141804256821,0.9481331937644788,0,0,3.037267080745341,8.858672404117343,PTGES3;HSPE1;HSPA1B;HSPA1A,GO_Biological_Process_2023
GO_Biological_Process_2023,Regulation Of Transcription By RNA Polymerase I (GO:0006356),4/32,0.0541141804256821,0.9481331937644788,0,0,3.037267080745341,8.858672404117343,FLNA;BAZ1B;POLR2K;POLR2L,GO_Biological_Process_2023
GO_Biological_Process_2023,Transition Metal Ion Transport (GO:0000041),4/32,0.0541141804256821,0.9481331937644788,0,0,3.037267080745341,8.858672404117343,COX17;ATP2C2;F3;MT3,GO_Biological_Process_2023
GO_Biological_Process_2023,Negative Regulation Of Intrinsic Apoptotic Signaling Pathway (GO:2001243),6/61,0.0560519263487276,0.9481331937644788,0,0,2.3212595226003048,6.688655372145931,NDUFA13;URI1;DDX3X;CREB3L1;HTRA2;HSPA1A,GO_Biological_Process_2023
GO_Biological_Process_2023,Regulation Of Mitotic Spindle Assembly (GO:1901673),3/20,0.0586876045294997,0.9481331937644788,0,0,3.749901742434168,10.632946666400478,PLK1;HSPA1B;HSPA1A,GO_Biological_Process_2023
GO_Biological_Process_2023,Regulation Of Toll-Like Receptor Signaling Pathway (GO:0034121),3/20,0.0586876045294997,0.9481331937644788,0,0,3.749901742434168,10.632946666400478,NFKBIL1;IRAK3;TLR3,GO_Biological_Process_2023
GO_Biological_Process_2023,Negative Regulation Of Phosphate Metabolic Process (GO:0045936),3/20,0.0586876045294997,0.9481331937644788,0,0,3.749901742434168,10.632946666400478,UXT;CDKN1A;INHBA,GO_Biological_Process_2023
GO_Biological_Process_2023,[2Fe-2S] Cluster Assembly (GO:0044571),2/9,0.0591309655736946,0.9481331937644788,0,0,6.067694263467344,17.159442651259134,GLRX5;HSCB,GO_Biological_Process_2023
GO_Biological_Process_2023,Arachidonate Transport (GO:1903963),2/9,0.0591309655736946,0.9481331937644788,0,0,6.067694263467344,17.159442651259134,BDKRB2;DRD2,GO_Biological_Process_2023
GO_Biological_Process_2023,Arachidonic Acid Secretion (GO:0050482),2/9,0.0591309655736946,0.9481331937644788,0,0,6.067694263467344,17.159442651259134,BDKRB2;DRD2,GO_Biological_Process_2023
GO_Biological_Process_2023,Carbohydrate Phosphorylation (GO:0046835),2/9,0.0591309655736946,0.9481331937644788,0,0,6.067694263467344,17.159442651259134,HKDC1;GCK,GO_Biological_Process_2023
GO_Biological_Process_2023,Response To Histamine (GO:0034776),2/9,0.0591309655736946,0.9481331937644788,0,0,6.067694263467344,17.159442651259134,GABRB2;DRD2,GO_Biological_Process_2023
GO_Biological_Process_2023,Mitochondrion Morphogenesis (GO:0070584),2/9,0.0591309655736946,0.9481331937644788,0,0,6.067694263467344,17.159442651259134,FIS1;MYH7B,GO_Biological_Process_2023
GO_Biological_Process_2023,Negative Regulation Of Transcription By RNA Polymerase I (GO:0016479),2/9,0.0591309655736946,0.9481331937644788,0,0,6.067694263467344,17.159442651259134,FLNA;MACROH2A1,GO_Biological_Process_2023
GO_Biological_Process_2023,Protein Insertion Into ER Membrane By Stop-Transfer Membrane-Anchor Sequence (GO:0045050),2/9,0.0591309655736946,0.9481331937644788,0,0,6.067694263467344,17.159442651259134,EMC7;EMC9,GO_Biological_Process_2023
GO_Biological_Process_2023,Cellular Response To Mechanical Stimulus (GO:0071260),5/48,0.0638056671451683,0.9481331937644788,0,0,2.4730066445182723,6.805499791583736,HABP4;TLR7;F11R;TLR4;TLR3,GO_Biological_Process_2023
GO_Biological_Process_2023,Purine Nucleotide Metabolic Process (GO:0006163),4/34,0.0651020666061162,0.9481331937644788,0,0,2.8344853214418437,7.743244124593653,SLC4A7;NADK2;IDH2;FMO2,GO_Biological_Process_2023
GO_Biological_Process_2023,Negative Regulation Of Osteoclast Differentiation (GO:0045671),3/21,0.0662580619784241,0.9481331937644788,0,0,3.541388270230141,9.612029425192365,CARTPT;TLR4;TLR3,GO_Biological_Process_2023
GO_Biological_Process_2023,Negative Regulation Of Protein Metabolic Process (GO:0051248),11/147,0.0685459466754458,0.9481331937644788,0,0,1.7233393919365498,4.618982135786173,NANOS1;CSTB;DDX3X;PFDN1;FLNA;IRAK3;PFDN2;APOE;CALR;PAIP2;PFDN6,GO_Biological_Process_2023
GO_Biological_Process_2023,Cellular Response To Amino Acid Stimulus (GO:0071230),4/35,0.0709989351141763,0.9481331937644788,0,0,2.7429064624015536,7.2552355530174015,GLRA1;FYN;LAMTOR2;LAMTOR4,GO_Biological_Process_2023
GO_Biological_Process_2023,Regulation Of Axon Extension (GO:0030516),4/35,0.0709989351141763,0.9481331937644788,0,0,2.7429064624015536,7.2552355530174015,ISLR2;RNF6;APOE;MT3,GO_Biological_Process_2023
GO_Biological_Process_2023,N-acetylneuraminate Metabolic Process (GO:0006054),2/10,0.0717589577250126,0.9481331937644788,0,0,5.308954393770857,13.986135540985051,NAGK;ST3GAL1,GO_Biological_Process_2023
GO_Biological_Process_2023,Regulation Of Inclusion Body Assembly (GO:0090083),2/10,0.0717589577250126,0.9481331937644788,0,0,5.308954393770857,13.986135540985051,HSPA1B;HSPA1A,GO_Biological_Process_2023
GO_Biological_Process_2023,TORC1 Signaling (GO:0038202),2/10,0.0717589577250126,0.9481331937644788,0,0,5.308954393770857,13.986135540985051,LAMTOR2;LAMTOR4,GO_Biological_Process_2023
GO_Biological_Process_2023,Regulation Of Microtubule Nucleation (GO:0010968),2/10,0.0717589577250126,0.9481331937644788,0,0,5.308954393770857,13.986135540985051,HSPA1B;HSPA1A,GO_Biological_Process_2023
GO_Biological_Process_2023,Removal Of Superoxide Radicals (GO:0019430),2/10,0.0717589577250126,0.9481331937644788,0,0,5.308954393770857,13.986135540985051,CCS;MT3,GO_Biological_Process_2023
GO_Biological_Process_2023,Mast Cell Activation Involved In Immune Response (GO:0002279),2/10,0.0717589577250126,0.9481331937644788,0,0,5.308954393770857,13.986135540985051,NR4A3;S100A13,GO_Biological_Process_2023
GO_Biological_Process_2023,Mast Cell Degranulation (GO:0043303),2/10,0.0717589577250126,0.9481331937644788,0,0,5.308954393770857,13.986135540985051,NR4A3;S100A13,GO_Biological_Process_2023
GO_Biological_Process_2023,Negative Regulation Of Inclusion Body Assembly (GO:0090084),2/10,0.0717589577250126,0.9481331937644788,0,0,5.308954393770857,13.986135540985051,HSPA1B;HSPA1A,GO_Biological_Process_2023
GO_Biological_Process_2023,Negative Regulation Of Interleukin-17 Production (GO:0032700),2/10,0.0717589577250126,0.9481331937644788,0,0,5.308954393770857,13.986135540985051,TLR4;VSIR,GO_Biological_Process_2023
GO_Biological_Process_2023,Negative Regulation Of Mitochondrial Outer Membrane Permeabilization Involved In Apoptotic Signaling Pathway (GO:1901029),2/10,0.0717589577250126,0.9481331937644788,0,0,5.308954393770857,13.986135540985051,SLC25A4;HSPA1A,GO_Biological_Process_2023
GO_Biological_Process_2023,Negative Regulation Of Sprouting Angiogenesis (GO:1903671),2/10,0.0717589577250126,0.9481331937644788,0,0,5.308954393770857,13.986135540985051,SEMA6A;CREB3L1,GO_Biological_Process_2023
GO_Biological_Process_2023,Positive Regulation Of Autophagy Of Mitochondrion (GO:1903599),2/10,0.0717589577250126,0.9481331937644788,0,0,5.308954393770857,13.986135540985051,GDF1;SLC25A4,GO_Biological_Process_2023
GO_Biological_Process_2023,Positive Regulation Of Integrin Activation (GO:0033625),2/10,0.0717589577250126,0.9481331937644788,0,0,5.308954393770857,13.986135540985051,P2RY12;RAP1B,GO_Biological_Process_2023
GO_Biological_Process_2023,Regulation Of Calcium Ion Import Across Plasma Membrane (GO:1905664),2/10,0.0717589577250126,0.9481331937644788,0,0,5.308954393770857,13.986135540985051,CALCR;FYN,GO_Biological_Process_2023
GO_Biological_Process_2023,Regulation Of Interferon-Beta Production (GO:0032648),5/50,0.0734783562550462,0.9481331937644788,0,0,2.3628472222222223,6.168837384069529,PPM1B;DDX3X;TLR7;TLR4;TLR3,GO_Biological_Process_2023
GO_Biological_Process_2023,Ribosomal Large Subunit Assembly (GO:0000027),3/22,0.0742493224371748,0.9481331937644788,0,0,3.3548235845739067,8.723637095070822,MRPL20;RPL11;RPL23A,GO_Biological_Process_2023
GO_Biological_Process_2023,Negative Regulation Of Extrinsic Apoptotic Signaling Pathway In Absence Of Ligand (GO:2001240),3/22,0.0742493224371748,0.9481331937644788,0,0,3.3548235845739067,8.723637095070822,EYA1;HSPA1B;HSPA1A,GO_Biological_Process_2023
GO_Biological_Process_2023,Negative Regulation Of Signal Transduction In Absence Of Ligand (GO:1901099),3/22,0.0742493224371748,0.9481331937644788,0,0,3.3548235845739067,8.723637095070822,EYA1;HSPA1B;HSPA1A,GO_Biological_Process_2023
GO_Biological_Process_2023,Regulation Of Cardiac Muscle Cell Membrane Repolarization (GO:0099623),3/22,0.0742493224371748,0.9481331937644788,0,0,3.3548235845739067,8.723637095070822,FLNA;CACNA1D;KCNA5,GO_Biological_Process_2023
GO_Biological_Process_2023,MAPK Cascade (GO:0000165),8/98,0.0745716688951228,0.9481331937644788,0,0,1.892148811745676,4.912008130665456,BRAP;SETX;YWHAE;PABPN1;MAPK1;MT3;HRAS;DUSP9,GO_Biological_Process_2023
GO_Biological_Process_2023,Positive Regulation Of Interferon-Beta Production (GO:0032728),4/36,0.0771588597901294,0.9481331937644788,0,0,2.657051282051282,6.807070101905167,DDX3X;TLR7;TLR4;TLR3,GO_Biological_Process_2023
GO_Biological_Process_2023,Positive Regulation Of Ubiquitin-Dependent Protein Catabolic Process (GO:2000060),7/83,0.0801598649615638,0.9481331937644788,0,0,1.9598640056517127,4.946172146133172,DDRGK1;PLK1;RNF19B;CBFA2T3;HSPA1B;SOCS5;HSPA1A,GO_Biological_Process_2023
GO_Biological_Process_2023,Positive Regulation Of Protein Targeting To Membrane (GO:0090314),3/23,0.0826445873966639,0.9481331937644788,0,0,3.186915367483296,7.945636340750049,FIS1;FYN;HRAS,GO_Biological_Process_2023
GO_Biological_Process_2023,RNA Stabilization (GO:0043489),4/37,0.0835768467040065,0.9481331937644788,0,0,2.5763994459646637,6.394594441811376,TAF15;FUS;CIRBP;TENT5A,GO_Biological_Process_2023
GO_Biological_Process_2023,Ribosomal Small Subunit Biogenesis (GO:0042274),7/84,0.0842361025369397,0.9481331937644788,0,0,1.934309538336384,4.785736504643654,RPS15;RPS9;RPS28;RPS27;RPS19;TSR3;RPS23,GO_Biological_Process_2023
GO_Biological_Process_2023,Cell Part Morphogenesis (GO:0032990),2/11,0.0851590499933341,0.9481331937644788,0,0,4.718823384006921,11.623569005148935,FIS1;MYH7B,GO_Biological_Process_2023
GO_Biological_Process_2023,Cellular Response To Superoxide (GO:0071451),2/11,0.0851590499933341,0.9481331937644788,0,0,4.718823384006921,11.623569005148935,CCS;MT3,GO_Biological_Process_2023
GO_Biological_Process_2023,Respiratory Chain Complex III Assembly (GO:0017062),2/11,0.0851590499933341,0.9481331937644788,0,0,4.718823384006921,11.623569005148935,UQCC3;UQCC2,GO_Biological_Process_2023
GO_Biological_Process_2023,Intestinal Absorption (GO:0050892),2/11,0.0851590499933341,0.9481331937644788,0,0,4.718823384006921,11.623569005148935,F11R;SLC26A6,GO_Biological_Process_2023
GO_Biological_Process_2023,Mast Cell Mediated Immunity (GO:0002448),2/11,0.0851590499933341,0.9481331937644788,0,0,4.718823384006921,11.623569005148935,NR4A3;S100A13,GO_Biological_Process_2023
GO_Biological_Process_2023,Mitochondrial Respiratory Chain Complex III Assembly (GO:0034551),2/11,0.0851590499933341,0.9481331937644788,0,0,4.718823384006921,11.623569005148935,UQCC3;UQCC2,GO_Biological_Process_2023
GO_Biological_Process_2023,Negative Regulation Of Reactive Oxygen Species Biosynthetic Process (GO:1903427),2/11,0.0851590499933341,0.9481331937644788,0,0,4.718823384006921,11.623569005148935,FYN;SLC18A2,GO_Biological_Process_2023
GO_Biological_Process_2023,Polyamine Metabolic Process (GO:0006595),2/11,0.0851590499933341,0.9481331937644788,0,0,4.718823384006921,11.623569005148935,ODC1;SLC38A2,GO_Biological_Process_2023
GO_Biological_Process_2023,Ribonucleoprotein Complex Biogenesis (GO:0022613),9/118,0.0852462027151806,0.9481331937644788,0,0,1.7578269634261736,4.328142127772924,RPS15;RPS9;RPS28;RPS27;RPS19;RPL11;RPL35A;RPL38;RPS23,GO_Biological_Process_2023
GO_Biological_Process_2023,Positive Regulation Of Chemokine Production (GO:0032722),5/53,0.0893923193664518,0.9481331937644788,0,0,2.2148204985119047,5.348172491743546,EGR1;DDX3X;TLR7;TLR4;TLR3,GO_Biological_Process_2023
GO_Biological_Process_2023,ERK1 And ERK2 Cascade (GO:0070371),3/24,0.0914260803029348,0.9481331937644788,0,0,3.03499840916322,7.260397548041978,MAPK1;DUSP9;MT3,GO_Biological_Process_2023
GO_Biological_Process_2023,Amyloid Fibril Formation (GO:1990000),3/24,0.0914260803029348,0.9481331937644788,0,0,3.03499840916322,7.260397548041978,FUS;VHL;HNRNPA1,GO_Biological_Process_2023
GO_Biological_Process_2023,Stress Granule Assembly (GO:0034063),3/24,0.0914260803029348,0.9481331937644788,0,0,3.03499840916322,7.260397548041978,DDX3X;CIRBP;RPS23,GO_Biological_Process_2023
GO_Biological_Process_2023,"mRNA Splicing, Via Spliceosome (GO:0000398)",14/211,0.0960801415913919,0.9481331937644788,0,0,1.5144186472395973,3.547635669643326,SRPK3;LSM4;DNAJC17;LSM8;LSM7;SNRPD2;SNRNP70;SNRPG;SNRPE;SNRPD3;SNRPF;SRSF5;HNRNPA1;SRSF10,GO_Biological_Process_2023
GO_Biological_Process_2023,Positive Regulation Of Pattern Recognition Receptor Signaling Pathway (GO:0062208),4/39,0.0971640798015505,0.9481331937644788,0,0,2.4289218028348465,5.662677010520533,DDX3X;RSAD2;DDX60;TLR3,GO_Biological_Process_2023
GO_Biological_Process_2023,MyD88-dependent Toll-Like Receptor Signaling Pathway (GO:0002755),2/12,0.0992362222444778,0.9481331937644788,0,0,4.246718576195773,9.810990881399912,IRAK3;TLR4,GO_Biological_Process_2023
GO_Biological_Process_2023,Regulation Of Vascular Associated Smooth Muscle Cell Migration (GO:1904752),2/12,0.0992362222444778,0.9481331937644788,0,0,4.246718576195773,9.810990881399912,DOCK5;NR4A3,GO_Biological_Process_2023
GO_Biological_Process_2023,Cristae Formation (GO:0042407),2/12,0.0992362222444778,0.9481331937644788,0,0,4.246718576195773,9.810990881399912,UQCC3;MICOS13,GO_Biological_Process_2023
GO_Biological_Process_2023,Icosanoid Secretion (GO:0032309),2/12,0.0992362222444778,0.9481331937644788,0,0,4.246718576195773,9.810990881399912,BDKRB2;DRD2,GO_Biological_Process_2023
GO_Biological_Process_2023,Negative Regulation Of Mitochondrial Membrane Permeability (GO:0035795),2/12,0.0992362222444778,0.9481331937644788,0,0,4.246718576195773,9.810990881399912,SLC25A4;HSPA1A,GO_Biological_Process_2023
GO_Biological_Process_2023,Positive Regulation Of Reactive Oxygen Species Biosynthetic Process (GO:1903428),2/12,0.0992362222444778,0.9481331937644788,0,0,4.246718576195773,9.810990881399912,SLC5A3;TLR4,GO_Biological_Process_2023
GO_Biological_Process_2023,Pyrimidine Deoxyribonucleotide Catabolic Process (GO:0009223),2/12,0.0992362222444778,0.9481331937644788,0,0,4.246718576195773,9.810990881399912,NT5C;NTHL1,GO_Biological_Process_2023
GO_Biological_Process_2023,Regulation Of Glycogen Biosynthetic Process (GO:0005979),3/25,0.1005752417208599,0.9481331937644788,0,0,2.896892083417696,6.653724141919724,PPP1R3G;EPM2AIP1;GCK,GO_Biological_Process_2023
GO_Biological_Process_2023,Negative Regulation Of Protein Transport (GO:0051224),3/25,0.1005752417208599,0.9481331937644788,0,0,2.896892083417696,6.653724141919724,RSAD2;APOE;DRD2,GO_Biological_Process_2023
GO_Biological_Process_2023,Negative Regulation Of Stress Fiber Assembly (GO:0051497),3/25,0.1005752417208599,0.9481331937644788,0,0,2.896892083417696,6.653724141919724,STMN1;F11R;CGNL1,GO_Biological_Process_2023
GO_Biological_Process_2023,Positive Regulation Of Peptidase Activity (GO:0010952),3/25,0.1005752417208599,0.9481331937644788,0,0,2.896892083417696,6.653724141919724,NDUFA13;DDRGK1;VSIR,GO_Biological_Process_2023
GO_Biological_Process_2023,Regulation Of Cell Cycle Phase Transition (GO:1901987),3/25,0.1005752417208599,0.9481331937644788,0,0,2.896892083417696,6.653724141919724,CDKN1A;DBF4;PLK1,GO_Biological_Process_2023
GO_Biological_Process_2023,Cellular Response To Heat (GO:0034605),4/40,0.1043205310864012,0.9481331937644788,0,0,2.361327883067013,5.3372789290727765,YWHAE;HTRA2;HSPA1B;HSPA1A,GO_Biological_Process_2023
GO_Biological_Process_2023,Negative Regulation Of Secretion By Cell (GO:1903531),4/40,0.1043205310864012,0.9481331937644788,0,0,2.361327883067013,5.3372789290727765,RSAD2;APOE;DRD2;FGF23,GO_Biological_Process_2023
GO_Biological_Process_2023,Cellular Response To Oxygen-Containing Compound (GO:1901701),24/406,0.1069172880834393,0.9481331937644788,0,0,1.3408633669040697,2.997767896868596,P2RY12;EGR1;NDUFA13;NFKBIL1;GDF1;HTRA2;FOS;WNT9A;MT3;FOXO1;SETX;RAP1B;UXT;GLRA1;PRDX5;NR4A3;PABPN1;PDE3A;MAPK1;LAMTOR2;ROMO1;LAMTOR4;TLR4;SLC26A6,GO_Biological_Process_2023
GO_Biological_Process_2023,Regulation Of Keratinocyte Differentiation (GO:0045616),3/26,0.1100729058678466,0.9481331937644788,0,0,2.770795003389174,6.114070479657091,NME2;MACROH2A1;SGPP1,GO_Biological_Process_2023
GO_Biological_Process_2023,Regulation Of Potassium Ion Transmembrane Transporter Activity (GO:1901016),3/26,0.1100729058678466,0.9481331937644788,0,0,2.770795003389174,6.114070479657091,KCNG1;YWHAE;CACNA1D,GO_Biological_Process_2023
GO_Biological_Process_2023,Regulation Of Reactive Oxygen Species Biosynthetic Process (GO:1903426),3/26,0.1100729058678466,0.9481331937644788,0,0,2.770795003389174,6.114070479657091,SLC5A3;TLR4;SLC18A2,GO_Biological_Process_2023
GO_Biological_Process_2023,Negative Regulation Of Catalytic Activity (GO:0043086),3/26,0.1100729058678466,0.9481331937644788,0,0,2.770795003389174,6.114070479657091,IFIT1;PHPT1;MT3,GO_Biological_Process_2023
GO_Biological_Process_2023,Positive Regulation Of Erythrocyte Differentiation (GO:0045648),3/26,0.1100729058678466,0.9481331937644788,0,0,2.770795003389174,6.114070479657091,INHBA;HSPA1B;HSPA1A,GO_Biological_Process_2023
GO_Biological_Process_2023,Regulation Of Rho Protein Signal Transduction (GO:0035023),6/73,0.110617728228919,0.9481331937644788,0,0,1.9043108479946635,4.192673417419559,STMN1;ARHGEF3;EPS8L2;GPR4;APOE;F11R,GO_Biological_Process_2023
GO_Biological_Process_2023,Positive Regulation Of Proteasomal Protein Catabolic Process (GO:1901800),7/90,0.11111527780029,0.9481331937644788,0,0,1.793913910676262,3.9415644632894256,DDRGK1;PLK1;RNF19B;CBFA2T3;HSPA1B;SOCS5;HSPA1A,GO_Biological_Process_2023
GO_Biological_Process_2023,Regulation Of Chemokine Production (GO:0032642),4/41,0.1117095493609284,0.9481331937644788,0,0,2.2973876886920364,5.035536293856041,EGR1;TLR7;TLR4;TLR3,GO_Biological_Process_2023
GO_Biological_Process_2023,Regulation Of Heart Rate By Cardiac Conduction (GO:0086091),4/41,0.1117095493609284,0.9481331937644788,0,0,2.2973876886920364,5.035536293856041,YWHAE;CACNA1D;KCNA5;CTNNA3,GO_Biological_Process_2023
GO_Biological_Process_2023,Acylglycerol Metabolic Process (GO:0006639),4/41,0.1117095493609284,0.9481331937644788,0,0,2.2973876886920364,5.035536293856041,APOBR;APOE;GCK;DGKI,GO_Biological_Process_2023
GO_Biological_Process_2023,Cellular Response To Retinoic Acid (GO:0071300),4/41,0.1117095493609284,0.9481331937644788,0,0,2.2973876886920364,5.035536293856041,SETX;NDUFA13;HTRA2;WNT9A,GO_Biological_Process_2023
GO_Biological_Process_2023,Regulation Of Oxidoreductase Activity (GO:0051341),2/13,0.1139024321235043,0.9481331937644788,0,0,3.86045100616847,8.38649416634098,SZT2;MT3,GO_Biological_Process_2023
GO_Biological_Process_2023,Cellular Response To Arsenic-Containing Substance (GO:0071243),2/13,0.1139024321235043,0.9481331937644788,0,0,3.86045100616847,8.38649416634098,DDX3X;HNRNPA1,GO_Biological_Process_2023
GO_Biological_Process_2023,Regulation Of Trophoblast Cell Migration (GO:1901163),2/13,0.1139024321235043,0.9481331937644788,0,0,3.86045100616847,8.38649416634098,ACVR1C;CALR,GO_Biological_Process_2023
GO_Biological_Process_2023,Cytoplasmic Sequestering Of Protein (GO:0051220),2/13,0.1139024321235043,0.9481331937644788,0,0,3.86045100616847,8.38649416634098,NFKBIA;FLNA,GO_Biological_Process_2023
GO_Biological_Process_2023,Inhibitory Synapse Assembly (GO:1904862),2/13,0.1139024321235043,0.9481331937644788,0,0,3.86045100616847,8.38649416634098,GABRB2;LGI2,GO_Biological_Process_2023
GO_Biological_Process_2023,Negative Regulation Of Bone Mineralization (GO:0030502),2/13,0.1139024321235043,0.9481331937644788,0,0,3.86045100616847,8.38649416634098,RFLNB;FGF23,GO_Biological_Process_2023
GO_Biological_Process_2023,Negative Regulation Of Toll-Like Receptor Signaling Pathway (GO:0034122),2/13,0.1139024321235043,0.9481331937644788,0,0,3.86045100616847,8.38649416634098,NFKBIL1;IRAK3,GO_Biological_Process_2023
GO_Biological_Process_2023,Negative Regulation Of Translational Initiation (GO:0045947),2/13,0.1139024321235043,0.9481331937644788,0,0,3.86045100616847,8.38649416634098,EIF4EBP1;PAIP2,GO_Biological_Process_2023
GO_Biological_Process_2023,Outer Mitochondrial Membrane Organization (GO:0007008),2/13,0.1139024321235043,0.9481331937644788,0,0,3.86045100616847,8.38649416634098,TOMM7;PRICKLE4,GO_Biological_Process_2023
GO_Biological_Process_2023,Peptidyl-Methionine Modification (GO:0018206),2/13,0.1139024321235043,0.9481331937644788,0,0,3.86045100616847,8.38649416634098,LSM8;PFDN1,GO_Biological_Process_2023
GO_Biological_Process_2023,Positive Regulation Of Glycogen Biosynthetic Process (GO:0045725),2/13,0.1139024321235043,0.9481331937644788,0,0,3.86045100616847,8.38649416634098,EPM2AIP1;GCK,GO_Biological_Process_2023
GO_Biological_Process_2023,Positive Regulation Of Keratinocyte Differentiation (GO:0045618),2/13,0.1139024321235043,0.9481331937644788,0,0,3.86045100616847,8.38649416634098,NME2;MACROH2A1,GO_Biological_Process_2023
GO_Biological_Process_2023,Protein Insertion Into Mitochondrial Outer Membrane (GO:0045040),2/13,0.1139024321235043,0.9481331937644788,0,0,3.86045100616847,8.38649416634098,TOMM7;PRICKLE4,GO_Biological_Process_2023
GO_Biological_Process_2023,"RNA Splicing, Via Transesterification Reactions With Bulged Adenosine As Nucleophile (GO:0000377)",12/180,0.1139366495020522,0.9481331937644788,0,0,1.521050940061064,3.3038940508255306,LSM8;LSM7;SNRPD2;SNRNP70;SNRPG;SNRPE;SNRPD3;SNRPF;SRSF5;HNRNPA1;LSM4;SRSF10,GO_Biological_Process_2023
GO_Biological_Process_2023,Positive Regulation Of Intracellular Protein Transport (GO:0090316),9/126,0.1155830845445631,0.9481331937644788,0,0,1.6369437737150745,3.532141063779097,YWHAE;FIS1;CEP131;HUWE1;TOMM7;HTRA2;FLNA;FYN;HRAS,GO_Biological_Process_2023
GO_Biological_Process_2023,Ras Protein Signal Transduction (GO:0007265),10/144,0.1157631437295984,0.9481331937644788,0,0,1.5884382799805683,3.425004978336007,RAP1B;BRAP;CNKSR2;CDKN1A;HACE1;CFL1;ARHGEF3;EPS8L2;HRAS;KPNB1,GO_Biological_Process_2023
GO_Biological_Process_2023,Regulation Of Proteasomal Ubiquitin-Dependent Protein Catabolic Process (GO:0032434),8/109,0.1187180265716352,0.9481331937644788,0,0,1.6850975131107735,3.590949746823395,DDRGK1;PLK1;RPL11;RNF19B;CBFA2T3;HSPA1B;SOCS5;HSPA1A,GO_Biological_Process_2023
GO_Biological_Process_2023,Cellular Response To Acid Chemical (GO:0071229),3/27,0.1198994595607285,0.9481331937644788,0,0,2.655206013363029,5.631962053516792,GLRA1;LAMTOR2;LAMTOR4,GO_Biological_Process_2023
GO_Biological_Process_2023,Iron-Sulfur Cluster Assembly (GO:0016226),3/27,0.1198994595607285,0.9481331937644788,0,0,2.655206013363029,5.631962053516792,GLRX5;BOLA2;HSCB,GO_Biological_Process_2023
GO_Biological_Process_2023,Metallo-Sulfur Cluster Assembly (GO:0031163),3/27,0.1198994595607285,0.9481331937644788,0,0,2.655206013363029,5.631962053516792,GLRX5;BOLA2;HSCB,GO_Biological_Process_2023
GO_Biological_Process_2023,Intracellular Glucose Homeostasis (GO:0001678),4/43,0.1271548493238485,0.9481331937644788,0,0,2.1793442529228484,4.494569855576692,HKDC1;CARTPT;FOXO1;GCK,GO_Biological_Process_2023
GO_Biological_Process_2023,"Blood Coagulation, Fibrin Clot Formation (GO:0072378)",2/14,0.1290761804411166,0.9481331937644788,0,0,3.538561364479051,7.244682466121727,F12;FLNA,GO_Biological_Process_2023
GO_Biological_Process_2023,Ceramide Transport (GO:0035627),2/14,0.1290761804411166,0.9481331937644788,0,0,3.538561364479051,7.244682466121727,VAPA;SGPP1,GO_Biological_Process_2023
GO_Biological_Process_2023,Detection Of Mechanical Stimulus Involved In Sensory Perception (GO:0050974),2/14,0.1290761804411166,0.9481331937644788,0,0,3.538561364479051,7.244682466121727,MKKS;KCNA1,GO_Biological_Process_2023
GO_Biological_Process_2023,Membrane Repolarization During Cardiac Muscle Cell Action Potential (GO:0086013),2/14,0.1290761804411166,0.9481331937644788,0,0,3.538561364479051,7.244682466121727,YWHAE;KCNA5,GO_Biological_Process_2023
GO_Biological_Process_2023,Mitochondrial Calcium Ion Transmembrane Transport (GO:0006851),2/14,0.1290761804411166,0.9481331937644788,0,0,3.538561364479051,7.244682466121727,SMDT1;PMPCB,GO_Biological_Process_2023
GO_Biological_Process_2023,Negative Regulation Of Chondrocyte Differentiation (GO:0032331),2/14,0.1290761804411166,0.9481331937644788,0,0,3.538561364479051,7.244682466121727,RFLNB;WNT9A,GO_Biological_Process_2023
GO_Biological_Process_2023,Positive Regulation Of Glycogen Metabolic Process (GO:0070875),2/14,0.1290761804411166,0.9481331937644788,0,0,3.538561364479051,7.244682466121727,EPM2AIP1;GCK,GO_Biological_Process_2023
GO_Biological_Process_2023,Post-Translational Protein Targeting To Endoplasmic Reticulum Membrane (GO:0006620),2/14,0.1290761804411166,0.9481331937644788,0,0,3.538561364479051,7.244682466121727,SEC61G;SEC61B,GO_Biological_Process_2023
GO_Biological_Process_2023,Protein Activation Cascade (GO:0072376),2/14,0.1290761804411166,0.9481331937644788,0,0,3.538561364479051,7.244682466121727,F12;FLNA,GO_Biological_Process_2023
GO_Biological_Process_2023,Protein Localization To Vacuole (GO:0072665),2/14,0.1290761804411166,0.9481331937644788,0,0,3.538561364479051,7.244682466121727,SZT2;LAMTOR4,GO_Biological_Process_2023
GO_Biological_Process_2023,Regulation Of Protein Targeting To Membrane (GO:0090313),3/28,0.1300349851282066,0.9481331937644788,0,0,2.5488641425389758,5.19955986390717,FIS1;FYN;HRAS,GO_Biological_Process_2023
GO_Biological_Process_2023,Transcription By RNA Polymerase III (GO:0006383),3/28,0.1300349851282066,0.9481331937644788,0,0,2.5488641425389758,5.19955986390717,SNAPC5;POLR2K;POLR2L,GO_Biological_Process_2023
GO_Biological_Process_2023,Negative Regulation Of Cytoskeleton Organization (GO:0051494),3/28,0.1300349851282066,0.9481331937644788,0,0,2.5488641425389758,5.19955986390717,PLEKHH2;CYRIB;SHANK1,GO_Biological_Process_2023
GO_Biological_Process_2023,Negative Regulation Of Type II Interferon Production (GO:0032689),3/28,0.1300349851282066,0.9481331937644788,0,0,2.5488641425389758,5.19955986390717,INHBA;TLR4;VSIR,GO_Biological_Process_2023
GO_Biological_Process_2023,Positive Regulation Of Fibroblast Proliferation (GO:0048146),3/28,0.1300349851282066,0.9481331937644788,0,0,2.5488641425389758,5.19955986390717,CDKN1A;S100A6;BMI1,GO_Biological_Process_2023
GO_Biological_Process_2023,Positive Regulation Of Biosynthetic Process (GO:0009891),4/44,0.1351950381635842,0.9481331937644788,0,0,2.124749163879599,4.251701301731265,CREB3L1;APOE;SLC5A3;TLR4,GO_Biological_Process_2023
GO_Biological_Process_2023,Positive Regulation Of Interleukin-8 Production (GO:0032757),5/61,0.1395623192284641,0.9481331937644788,0,0,1.8976203762755104,3.736877624997636,TLR7;TLR4;TLR3;HSPA1B;HSPA1A,GO_Biological_Process_2023
GO_Biological_Process_2023,RNA Biosynthetic Process (GO:0032774),3/29,0.1404593887087527,0.9481331937644788,0,0,2.450702415624465,4.810329084094505,SETX;TAF10;NKX2-1,GO_Biological_Process_2023
GO_Biological_Process_2023,TOR Signaling (GO:0031929),3/29,0.1404593887087527,0.9481331937644788,0,0,2.450702415624465,4.810329084094505,EIF4EBP1;LAMTOR2;LAMTOR4,GO_Biological_Process_2023
GO_Biological_Process_2023,Regulation Of Spindle Assembly (GO:0090169),3/29,0.1404593887087527,0.9481331937644788,0,0,2.450702415624465,4.810329084094505,PLK1;HSPA1B;HSPA1A,GO_Biological_Process_2023
GO_Biological_Process_2023,Response To Steroid Hormone (GO:0048545),3/29,0.1404593887087527,0.9481331937644788,0,0,2.450702415624465,4.810329084094505,URI1;HSPA1B;HSPA1A,GO_Biological_Process_2023
GO_Biological_Process_2023,Integrated Stress Response Signaling (GO:0140467),3/29,0.1404593887087527,0.9481331937644788,0,0,2.450702415624465,4.810329084094505,FOSL1;CEBPD;FOS,GO_Biological_Process_2023
GO_Biological_Process_2023,mRNA Splice Site Recognition (GO:0006376),3/29,0.1404593887087527,0.9481331937644788,0,0,2.450702415624465,4.810329084094505,SETX;SRSF5;SRSF10,GO_Biological_Process_2023
GO_Biological_Process_2023,Negative Regulation Of Programmed Cell Death (GO:0043069),22/381,0.1405619511219953,0.9481331937644788,0,0,1.306498585059624,2.563489959317208,DDX3X;MGMT;ANXA4;ZFAND6;PLK1;NME2;MT3;HYPK;FOXO1;SETX;LSM8;PRDX5;MIEN1;DDRGK1;CFL1;BAG1;FLNA;ANGPTL4;VHL;PTMA;HSPA1B;HSPA1A,GO_Biological_Process_2023
GO_Biological_Process_2023,Adenylate Cyclase-Activating Adrenergic Receptor Signaling Pathway (GO:0071880),2/15,0.1446821012618343,0.9481331937644788,0,0,3.266193206126465,6.314258103413552,ADRA2C;DRD2,GO_Biological_Process_2023
GO_Biological_Process_2023,Ganglioside Biosynthetic Process (GO:0001574),2/15,0.1446821012618343,0.9481331937644788,0,0,3.266193206126465,6.314258103413552,ST8SIA4;ST3GAL1,GO_Biological_Process_2023
GO_Biological_Process_2023,High-Density Lipoprotein Particle Remodeling (GO:0034375),2/15,0.1446821012618343,0.9481331937644788,0,0,3.266193206126465,6.314258103413552,PLA2G3;APOE,GO_Biological_Process_2023
GO_Biological_Process_2023,Melanosome Transport (GO:0032402),2/15,0.1446821012618343,0.9481331937644788,0,0,3.266193206126465,6.314258103413552,MKKS;MREG,GO_Biological_Process_2023
GO_Biological_Process_2023,Negative Regulation Of Endoplasmic Reticulum Stress-Induced Intrinsic Apoptotic Signaling Pathway (GO:1902236),2/15,0.1446821012618343,0.9481331937644788,0,0,3.266193206126465,6.314258103413552,CREB3L1;HSPA1A,GO_Biological_Process_2023
GO_Biological_Process_2023,Phagosome Maturation (GO:0090382),2/15,0.1446821012618343,0.9481331937644788,0,0,3.266193206126465,6.314258103413552,SLC4A7;MREG,GO_Biological_Process_2023
GO_Biological_Process_2023,Pigment Granule Transport (GO:0051904),2/15,0.1446821012618343,0.9481331937644788,0,0,3.266193206126465,6.314258103413552,MKKS;MREG,GO_Biological_Process_2023
GO_Biological_Process_2023,Positive Regulation Of Cell Activation (GO:0050867),2/15,0.1446821012618343,0.9481331937644788,0,0,3.266193206126465,6.314258103413552,FLNA;TLR4,GO_Biological_Process_2023
GO_Biological_Process_2023,Positive Regulation Of Transmembrane Transport (GO:0034764),2/15,0.1446821012618343,0.9481331937644788,0,0,3.266193206126465,6.314258103413552,NR4A3;SLC26A6,GO_Biological_Process_2023
GO_Biological_Process_2023,Protein Localization To Cell-Cell Junction (GO:0150105),2/15,0.1446821012618343,0.9481331937644788,0,0,3.266193206126465,6.314258103413552,F11R;CGNL1,GO_Biological_Process_2023
GO_Biological_Process_2023,RNA Methylation (GO:0001510),5/62,0.1465586097428637,0.9481331937644788,0,0,1.8642308897243107,3.5799382509775266,SNRPD2;SNRPG;SNRPE;SNRPD3;SNRPF,GO_Biological_Process_2023
GO_Biological_Process_2023,Cellular Response To Organic Cyclic Compound (GO:0071407),10/152,0.1487273370852781,0.9481331937644788,0,0,1.4983164983164985,2.8552527536779646,RAP1B;P2RY12;EGR1;GABRB2;URI1;NR4A3;PDE3A;SLC26A6;HSPA1B;HSPA1A,GO_Biological_Process_2023
GO_Biological_Process_2023,Metal Ion Transport (GO:0030001),11/171,0.1500069987720114,0.9481331937644788,0,0,1.4629845505617978,2.77538896940699,KCNG1;SLC23A2;KCNJ6;CALCRL;KCNA1;KCNA3;CACNA1D;KCNA5;FYN;SGK1;SLC9B2,GO_Biological_Process_2023
GO_Biological_Process_2023,Regulation Of Potassium Ion Transport (GO:0043266),3/30,0.151152514675197,0.9481331937644788,0,0,2.359811927740658,4.458784217302453,CACNA1D;KCNA5;DRD2,GO_Biological_Process_2023
GO_Biological_Process_2023,Negative Regulation Of Axon Extension (GO:0030517),3/30,0.151152514675197,0.9481331937644788,0,0,2.359811927740658,4.458784217302453,SEMA6A;RNF6;MT3,GO_Biological_Process_2023
GO_Biological_Process_2023,Positive Regulation Of Protein Targeting To Mitochondrion (GO:1903955),3/30,0.151152514675197,0.9481331937644788,0,0,2.359811927740658,4.458784217302453,HUWE1;TOMM7;HTRA2,GO_Biological_Process_2023
GO_Biological_Process_2023,Negative Regulation Of Protein Serine/Threonine Kinase Activity (GO:0071901),6/80,0.1515324083279009,0.9481331937644788,0,0,1.7235391816397403,3.2522421873352427,CDKN1A;PRKAR2B;PLK1;IRAK3;APOE;MACROH2A1,GO_Biological_Process_2023
GO_Biological_Process_2023,Cardiac Conduction (GO:0061337),4/46,0.1518680803933048,0.9481331937644788,0,0,2.023358284227849,3.813510417567191,YWHAE;CACNA1D;KCNA5;CTNNA3,GO_Biological_Process_2023
GO_Biological_Process_2023,RNA Splicing (GO:0008380),7/98,0.1531002837789869,0.9481331937644788,0,0,1.6355188435725347,3.0693162648043755,SNRPD2;FUS;SNRPG;SNRPD3;SNRPF;LSM4;SRSF10,GO_Biological_Process_2023
GO_Biological_Process_2023,G1/S Transition Of Mitotic Cell Cycle (GO:0000082),5/63,0.1537013116314628,0.9481331937644788,0,0,1.8319927647783247,3.430853631886169,CDK17;CDKN1A;DBF4;EIF4EBP1;CDK16,GO_Biological_Process_2023
GO_Biological_Process_2023,Regulation Of Interleukin-8 Production (GO:0032677),6/81,0.1578663185746141,0.9481331937644788,0,0,1.7004692737430167,3.139077653866998,ANXA4;TLR7;TLR4;TLR3;HSPA1B;HSPA1A,GO_Biological_Process_2023
GO_Biological_Process_2023,Regulation Of Signal Transduction By P53 Class Mediator (GO:1901796),4/47,0.1604832638031772,0.9481331937644788,0,0,1.9761997355526173,3.6155870889238217,RPS15;RPL11;RPL37;SGK1,GO_Biological_Process_2023
GO_Biological_Process_2023,DNA-templated Transcription Termination (GO:0006353),2/16,0.1606505758308024,0.9481331937644788,0,0,3.032734784681392,5.545427153764131,SETX;NKX2-1,GO_Biological_Process_2023
GO_Biological_Process_2023,Regulation Of Fatty Acid Oxidation (GO:0046320),2/16,0.1606505758308024,0.9481331937644788,0,0,3.032734784681392,5.545427153764131,FABP3;NR4A3,GO_Biological_Process_2023
GO_Biological_Process_2023,Activin Receptor Signaling Pathway (GO:0032924),2/16,0.1606505758308024,0.9481331937644788,0,0,3.032734784681392,5.545427153764131,ACVR1C;INHBA,GO_Biological_Process_2023
GO_Biological_Process_2023,Regulation Of Transforming Growth Factor Beta Production (GO:0071634),2/16,0.1606505758308024,0.9481331937644788,0,0,3.032734784681392,5.545427153764131,ITGB8;PTGS2,GO_Biological_Process_2023
GO_Biological_Process_2023,Dicarboxylic Acid Catabolic Process (GO:0043649),2/16,0.1606505758308024,0.9481331937644788,0,0,3.032734784681392,5.545427153764131,GLUD1;ASPA,GO_Biological_Process_2023
GO_Biological_Process_2023,Establishment Of Melanosome Localization (GO:0032401),2/16,0.1606505758308024,0.9481331937644788,0,0,3.032734784681392,5.545427153764131,MKKS;MREG,GO_Biological_Process_2023
GO_Biological_Process_2023,Tail-Anchored Membrane Protein Insertion Into ER Membrane (GO:0071816),2/16,0.1606505758308024,0.9481331937644788,0,0,3.032734784681392,5.545427153764131,EMC7;EMC9,GO_Biological_Process_2023
GO_Biological_Process_2023,Negative Regulation Of Inflammatory Response To Antigenic Stimulus (GO:0002862),2/16,0.1606505758308024,0.9481331937644788,0,0,3.032734784681392,5.545427153764131,FYN;PLCG1,GO_Biological_Process_2023
GO_Biological_Process_2023,Negative Regulation Of Phosphatase Activity (GO:0010923),2/16,0.1606505758308024,0.9481331937644788,0,0,3.032734784681392,5.545427153764131,URI1;STYXL1,GO_Biological_Process_2023
GO_Biological_Process_2023,Negative Regulation Of Receptor Signaling Pathway Via JAK-STAT (GO:0046426),2/16,0.1606505758308024,0.9481331937644788,0,0,3.032734784681392,5.545427153764131,VHL;PARP14,GO_Biological_Process_2023
GO_Biological_Process_2023,Positive Regulation Of Collagen Metabolic Process (GO:0010714),2/16,0.1606505758308024,0.9481331937644788,0,0,3.032734784681392,5.545427153764131,CREB3L1;VSIR,GO_Biological_Process_2023
GO_Biological_Process_2023,Positive Regulation Of Smooth Muscle Cell Migration (GO:0014911),2/16,0.1606505758308024,0.9481331937644788,0,0,3.032734784681392,5.545427153764131,DOCK5;NR4A3,GO_Biological_Process_2023
GO_Biological_Process_2023,Positive Regulation Of Cysteine-Type Endopeptidase Activity (GO:2001056),5/64,0.1609854976953267,0.9481331937644788,0,0,1.8008474576271187,3.28914162141767,FIS1;NDUFA13;DDX3X;HTRA2;FYN,GO_Biological_Process_2023
GO_Biological_Process_2023,Negative Regulation Of DNA Biosynthetic Process (GO:2000279),3/31,0.1620942476039472,0.9481331937644788,0,0,2.275413617562838,4.140291052143741,CDKN1A;GDF1;HNRNPA1,GO_Biological_Process_2023
GO_Biological_Process_2023,Negative Regulation Of Developmental Growth (GO:0048640),3/31,0.1620942476039472,0.9481331937644788,0,0,2.275413617562838,4.140291052143741,CDKN1A;RNF6;MT3,GO_Biological_Process_2023
GO_Biological_Process_2023,Positive Regulation Of Rho Protein Signal Transduction (GO:0035025),3/31,0.1620942476039472,0.9481331937644788,0,0,2.275413617562838,4.140291052143741,ARHGEF3;GPR4;F11R,GO_Biological_Process_2023
GO_Biological_Process_2023,Positive Regulation Of Extrinsic Apoptotic Signaling Pathway (GO:2001238),3/31,0.1620942476039472,0.9481331937644788,0,0,2.275413617562838,4.140291052143741,HTRA2;INHBA;TLR4,GO_Biological_Process_2023
GO_Biological_Process_2023,Antimicrobial Humoral Response (GO:0019730),7/100,0.1646087730728639,0.9481331937644788,0,0,1.6001780087079935,2.8870150689048044,IGHM;RPL30;RPS19;H2BC21;ROMO1;FAU;F3,GO_Biological_Process_2023
GO_Biological_Process_2023,ncRNA Processing (GO:0034470),7/100,0.1646087730728639,0.9481331937644788,0,0,1.6001780087079935,2.8870150689048044,RPS15;RPS28;RPS27;RPS19;RPL11;RPL35A;PIN4,GO_Biological_Process_2023
GO_Biological_Process_2023,Antimicrobial Humoral Immune Response Mediated By Antimicrobial Peptide (GO:0061844),5/65,0.1684060921540384,0.9481331937644788,0,0,1.7707403273809523,3.1543560941903444,RPL30;RPS19;H2BC21;ROMO1;FAU,GO_Biological_Process_2023
GO_Biological_Process_2023,Chloride Transmembrane Transport (GO:1902476),4/48,0.1692721385572518,0.9481331937644788,0,0,1.9311847572717136,3.43026223591792,GABRB2;GLRA1;GLRA3;SLC12A5,GO_Biological_Process_2023
GO_Biological_Process_2023,Positive Regulation Of Reactive Oxygen Species Metabolic Process (GO:2000379),4/48,0.1692721385572518,0.9481331937644788,0,0,1.9311847572717136,3.43026223591792,CDKN1A;ROMO1;SLC5A3;TLR4,GO_Biological_Process_2023
GO_Biological_Process_2023,Regulation Of NIK/NF-kappaB Signaling (GO:1901222),6/83,0.1708710517230345,0.9481331937644788,0,0,1.6561271131103534,2.9261217150615604,NFKBIA;PPM1B;DDX3X;TLR7;TLR4;TLR3,GO_Biological_Process_2023
GO_Biological_Process_2023,Negative Regulation Of G1/S Transition Of Mitotic Cell Cycle (GO:2000134),3/32,0.1732646028119672,0.9481331937644788,0,0,2.1968358805007298,3.850911288344258,CDKN1A;RBL1;INHBA,GO_Biological_Process_2023
GO_Biological_Process_2023,Positive Regulation Of Protein Metabolic Process (GO:0051247),12/196,0.175059972525248,0.9481331937644788,0,0,1.3876118746026311,2.4180894514419267,NFKBIA;RBM3;NDUFA13;DDX3X;IST1;PLK1;CIRBP;PRR16;ASB11;APOE;INHBA;FOXO1,GO_Biological_Process_2023
GO_Biological_Process_2023,G Protein-Coupled Acetylcholine Receptor Signaling Pathway (GO:0007213),2/17,0.1769173685372898,0.9481331937644788,0,0,2.8304041527623287,4.902465196421762,GRK2;OPRM1,GO_Biological_Process_2023
GO_Biological_Process_2023,Regulation Of Establishment Of Cell Polarity (GO:2000114),2/17,0.1769173685372898,0.9481331937644788,0,0,2.8304041527623287,4.902465196421762,RAP1B;CYRIB,GO_Biological_Process_2023
GO_Biological_Process_2023,NLS-bearing Protein Import Into Nucleus (GO:0006607),2/17,0.1769173685372898,0.9481331937644788,0,0,2.8304041527623287,4.902465196421762,KPNA3;KPNB1,GO_Biological_Process_2023
GO_Biological_Process_2023,Regulation Of Inflammatory Response To Antigenic Stimulus (GO:0002861),2/17,0.1769173685372898,0.9481331937644788,0,0,2.8304041527623287,4.902465196421762,FYN;PLCG1,GO_Biological_Process_2023
GO_Biological_Process_2023,cGMP-mediated Signaling (GO:0019934),2/17,0.1769173685372898,0.9481331937644788,0,0,2.8304041527623287,4.902465196421762,GUCY1A2;PDE3A,GO_Biological_Process_2023
GO_Biological_Process_2023,Regulation Of Ubiquitin Protein Ligase Activity (GO:1904666),2/17,0.1769173685372898,0.9481331937644788,0,0,2.8304041527623287,4.902465196421762,PLK1;RPL11,GO_Biological_Process_2023
GO_Biological_Process_2023,Transcription By RNA Polymerase I (GO:0006360),2/17,0.1769173685372898,0.9481331937644788,0,0,2.8304041527623287,4.902465196421762,NKX2-1;POLR2L,GO_Biological_Process_2023
GO_Biological_Process_2023,Positive Regulation By Host Of Viral Process (GO:0044794),2/17,0.1769173685372898,0.9481331937644788,0,0,2.8304041527623287,4.902465196421762,VAPA;CFL1,GO_Biological_Process_2023
GO_Biological_Process_2023,Positive Regulation Of Macrophage Activation (GO:0043032),2/17,0.1769173685372898,0.9481331937644788,0,0,2.8304041527623287,4.902465196421762,UXT;TLR4,GO_Biological_Process_2023
GO_Biological_Process_2023,rRNA Modification (GO:0000154),2/17,0.1769173685372898,0.9481331937644788,0,0,2.8304041527623287,4.902465196421762,TSR3;NHP2,GO_Biological_Process_2023
GO_Biological_Process_2023,Antibacterial Humoral Response (GO:0019731),4/49,0.1782254675002288,0.9481331937644788,0,0,1.888170444692184,3.2565386285469624,IGHM;H2BC21;FAU;F3,GO_Biological_Process_2023
GO_Biological_Process_2023,Positive Regulation Of miRNA Metabolic Process (GO:2000630),4/49,0.1782254675002288,0.9481331937644788,0,0,1.888170444692184,3.2565386285469624,FOSL1;EGR1;FOS;HRAS,GO_Biological_Process_2023
GO_Biological_Process_2023,Regulation Of Potassium Ion Transmembrane Transport (GO:1901379),3/33,0.1846438061488215,0.9481331937644788,0,0,2.123496659242761,3.587279565562544,YWHAE;FLNA;CACNA1D,GO_Biological_Process_2023
GO_Biological_Process_2023,Positive Regulation Of Establishment Of Protein Localization To Mitochondrion (GO:1903749),3/33,0.1846438061488215,0.9481331937644788,0,0,2.123496659242761,3.587279565562544,HUWE1;TOMM7;HTRA2,GO_Biological_Process_2023
GO_Biological_Process_2023,Positive Regulation Of Reproductive Process (GO:2000243),3/33,0.1846438061488215,0.9481331937644788,0,0,2.123496659242761,3.587279565562544,GLRA1;PDE3A;INHBA,GO_Biological_Process_2023
GO_Biological_Process_2023,Positive Regulation Of Macromolecule Biosynthetic Process (GO:0010557),8/122,0.185107661329534,0.9481331937644788,0,0,1.4919156794561992,2.516589730316826,RBM3;EPM2AIP1;DDX3X;RFXAP;CIRBP;PRR16;TLR4;GCK,GO_Biological_Process_2023
GO_Biological_Process_2023,Positive Regulation Of Inflammatory Response (GO:0050729),7/104,0.1887233777038216,0.9481331937644788,0,0,1.533868401024009,2.55768406155236,NFKBIA;RPS19;PLA2G3;TLR7;GPR4;TLR4;TLR3,GO_Biological_Process_2023
GO_Biological_Process_2023,Positive Regulation Of Gene Expression (GO:0010628),26/480,0.1915089710180007,0.9481331937644788,0,0,1.220314663310258,2.0169612450115,DDX3X;RPL11;TNC;MACROH2A1;VSIR;UXT;RBM3;CALCR;DDRGK1;NKX2-1;S100A13;HABP4;ITGB8;SLC38A2;FGF23;FGF22;EGR1;CIRBP;INHBA;MT3;SETX;PRR16;TLR4;HSPA1B;TLR3;HSPA1A,GO_Biological_Process_2023
GO_Biological_Process_2023,Regulation Of Epidermal Cell Differentiation (GO:0045604),2/18,0.1934232841058967,0.9481331937644788,0,0,2.653364849833148,4.359144946036397,MAFF;SGPP1,GO_Biological_Process_2023
GO_Biological_Process_2023,Regulation Of Establishment Or Maintenance Of Cell Polarity (GO:0032878),2/18,0.1934232841058967,0.9481331937644788,0,0,2.653364849833148,4.359144946036397,RAP1B;CYRIB,GO_Biological_Process_2023
GO_Biological_Process_2023,Adrenergic Receptor Signaling Pathway (GO:0071875),2/18,0.1934232841058967,0.9481331937644788,0,0,2.653364849833148,4.359144946036397,ADRA2C;DRD2,GO_Biological_Process_2023
GO_Biological_Process_2023,Regulation Of Mitochondrial Outer Membrane Permeabilization Involved In Apoptotic Signaling Pathway (GO:1901028),2/18,0.1934232841058967,0.9481331937644788,0,0,2.653364849833148,4.359144946036397,SLC25A4;HSPA1A,GO_Biological_Process_2023
GO_Biological_Process_2023,Associative Learning (GO:0008306),2/18,0.1934232841058967,0.9481331937644788,0,0,2.653364849833148,4.359144946036397,DRD2;SHANK1,GO_Biological_Process_2023
GO_Biological_Process_2023,Regulation Of Oxidative Stress-Induced Intrinsic Apoptotic Signaling Pathway (GO:1902175),2/18,0.1934232841058967,0.9481331937644788,0,0,2.653364849833148,4.359144946036397,UBQLN1;HTRA2,GO_Biological_Process_2023
GO_Biological_Process_2023,Regulation Of Protein Neddylation (GO:2000434),2/18,0.1934232841058967,0.9481331937644788,0,0,2.653364849833148,4.359144946036397,RPL11;COPS9,GO_Biological_Process_2023
GO_Biological_Process_2023,Glucose 6-Phosphate Metabolic Process (GO:0051156),2/18,0.1934232841058967,0.9481331937644788,0,0,2.653364849833148,4.359144946036397,HKDC1;GCK,GO_Biological_Process_2023
GO_Biological_Process_2023,Intracellular Lipid Transport (GO:0032365),2/18,0.1934232841058967,0.9481331937644788,0,0,2.653364849833148,4.359144946036397,FABP3;SGPP1,GO_Biological_Process_2023
GO_Biological_Process_2023,Melanosome Localization (GO:0032400),2/18,0.1934232841058967,0.9481331937644788,0,0,2.653364849833148,4.359144946036397,MKKS;MREG,GO_Biological_Process_2023
GO_Biological_Process_2023,Neuromuscular Process (GO:0050905),2/18,0.1934232841058967,0.9481331937644788,0,0,2.653364849833148,4.359144946036397,KCNA1;SHANK1,GO_Biological_Process_2023
GO_Biological_Process_2023,Positive Regulation Of NLRP3 Inflammasome Complex Assembly (GO:1900227),2/18,0.1934232841058967,0.9481331937644788,0,0,2.653364849833148,4.359144946036397,DDX3X;TLR4,GO_Biological_Process_2023
GO_Biological_Process_2023,Positive Regulation Of Epidermal Cell Differentiation (GO:0045606),2/18,0.1934232841058967,0.9481331937644788,0,0,2.653364849833148,4.359144946036397,NME2;MACROH2A1,GO_Biological_Process_2023
GO_Biological_Process_2023,Positive Regulation Of Macrophage Migration (GO:1905523),2/18,0.1934232841058967,0.9481331937644788,0,0,2.653364849833148,4.359144946036397,P2RY12;MAPK1,GO_Biological_Process_2023
GO_Biological_Process_2023,Regulation Of cAMP-mediated Signaling (GO:0043949),2/18,0.1934232841058967,0.9481331937644788,0,0,2.653364849833148,4.359144946036397,POMC;PDE3A,GO_Biological_Process_2023
GO_Biological_Process_2023,Regulation Of Metal Ion Transport (GO:0010959),3/34,0.1962123641196418,0.9481331937644788,0,0,2.054889000646598,3.3465053373156537,KCNA5;DRD2;F3,GO_Biological_Process_2023
GO_Biological_Process_2023,Superoxide Metabolic Process (GO:0006801),3/34,0.1962123641196418,0.9481331937644788,0,0,2.054889000646598,3.3465053373156537,CCS;NRROS;MT3,GO_Biological_Process_2023
GO_Biological_Process_2023,Positive Regulation Of Organelle Organization (GO:0010638),3/34,0.1962123641196418,0.9481331937644788,0,0,2.054889000646598,3.3465053373156537,TMED9;HTRA2;PFDN2,GO_Biological_Process_2023
GO_Biological_Process_2023,Regulation Of Substrate Adhesion-Dependent Cell Spreading (GO:1900024),4/51,0.1965880723488845,0.9481331937644788,0,0,1.807633008373064,2.9403767298895955,DOCK5;FLNA;AP1AR;CALR,GO_Biological_Process_2023
GO_Biological_Process_2023,Negative Regulation Of Apoptotic Process (GO:0043066),26/482,0.1972050369193634,0.9481331937644788,0,0,1.2148320802005013,1.9722936036759808,DDX3X;ZFAND6;PLA2G3;FOXO1;PRDX5;MIEN1;DDRGK1;CFL1;BAG1;FLNA;APOE;VHL;MGMT;ANXA4;PLK1;CIDEA;NME2;MERTK;MT3;HYPK;SETX;LSM8;ANGPTL4;PTMA;HSPA1B;HSPA1A,GO_Biological_Process_2023
GO_Biological_Process_2023,Regulation Of Insulin Secretion (GO:0050796),6/87,0.1981338799736813,0.9481331937644788,0,0,1.5740120008276433,2.5480300113674925,GLUD1;UQCC2;KCNA5;FOXO1;GCK;CDK16,GO_Biological_Process_2023
GO_Biological_Process_2023,Negative Regulation Of Cell Growth (GO:0030308),8/125,0.2023353475471395,0.9481331937644788,0,0,1.453431724428365,2.322335099682355,NDUFA13;CDKN1A;DDX3X;RNF6;INHBA;MT3;HSPA1B;HSPA1A,GO_Biological_Process_2023
GO_Biological_Process_2023,"CD4-positive, Alpha-Beta T Cell Activation (GO:0035710)",1/5,0.2058671829946707,0.9481331937644788,0,0,5.304166666666666,8.383363039546449,RSAD2,GO_Biological_Process_2023
GO_Biological_Process_2023,COPI Coating Of Golgi Vesicle (GO:0048205),1/5,0.2058671829946707,0.9481331937644788,0,0,5.304166666666666,8.383363039546449,TMED9,GO_Biological_Process_2023
GO_Biological_Process_2023,COPI-coated Vesicle Budding (GO:0035964),1/5,0.2058671829946707,0.9481331937644788,0,0,5.304166666666666,8.383363039546449,TMED9,GO_Biological_Process_2023
GO_Biological_Process_2023,Golgi Transport Vesicle Coating (GO:0048200),1/5,0.2058671829946707,0.9481331937644788,0,0,5.304166666666666,8.383363039546449,TMED9,GO_Biological_Process_2023
GO_Biological_Process_2023,Regulation Of Glutamate Receptor Signaling Pathway (GO:1900449),1/5,0.2058671829946707,0.9481331937644788,0,0,5.304166666666666,8.383363039546449,FYN,GO_Biological_Process_2023
GO_Biological_Process_2023,PML Body Organization (GO:0030578),1/5,0.2058671829946707,0.9481331937644788,0,0,5.304166666666666,8.383363039546449,HABP4,GO_Biological_Process_2023
GO_Biological_Process_2023,RNA Decapping (GO:0110154),1/5,0.2058671829946707,0.9481331937644788,0,0,5.304166666666666,8.383363039546449,NUDT3,GO_Biological_Process_2023
GO_Biological_Process_2023,Regulation Of Hematopoietic Stem Cell Proliferation (GO:1902033),1/5,0.2058671829946707,0.9481331937644788,0,0,5.304166666666666,8.383363039546449,N4BP2L2,GO_Biological_Process_2023
GO_Biological_Process_2023,Regulation Of Hormone Biosynthetic Process (GO:0046885),1/5,0.2058671829946707,0.9481331937644788,0,0,5.304166666666666,8.383363039546449,EGR1,GO_Biological_Process_2023
GO_Biological_Process_2023,Regulation Of Immature T Cell Proliferation In Thymus (GO:0033084),1/5,0.2058671829946707,0.9481331937644788,0,0,5.304166666666666,8.383363039546449,TMEM131L,GO_Biological_Process_2023
GO_Biological_Process_2023,Regulation Of Macrophage Proliferation (GO:0120040),1/5,0.2058671829946707,0.9481331937644788,0,0,5.304166666666666,8.383363039546449,MAPK1,GO_Biological_Process_2023
GO_Biological_Process_2023,Amylin Receptor Signaling Pathway (GO:0097647),1/5,0.2058671829946707,0.9481331937644788,0,0,5.304166666666666,8.383363039546449,CALCR,GO_Biological_Process_2023
GO_Biological_Process_2023,Regulation Of Ribonuclease Activity (GO:0060700),1/5,0.2058671829946707,0.9481331937644788,0,0,5.304166666666666,8.383363039546449,PDE3A,GO_Biological_Process_2023
GO_Biological_Process_2023,Regulation Of Stress Granule Assembly (GO:0062028),1/5,0.2058671829946707,0.9481331937644788,0,0,5.304166666666666,8.383363039546449,STYXL1,GO_Biological_Process_2023
GO_Biological_Process_2023,Cellular Response To Iron Ion (GO:0071281),1/5,0.2058671829946707,0.9481331937644788,0,0,5.304166666666666,8.383363039546449,F3,GO_Biological_Process_2023
GO_Biological_Process_2023,Cellular Response To Magnesium Ion (GO:0071286),1/5,0.2058671829946707,0.9481331937644788,0,0,5.304166666666666,8.383363039546449,KCNA1,GO_Biological_Process_2023
GO_Biological_Process_2023,Regulation Of Transmission Of Nerve Impulse (GO:0051969),1/5,0.2058671829946707,0.9481331937644788,0,0,5.304166666666666,8.383363039546449,GLRA1,GO_Biological_Process_2023
GO_Biological_Process_2023,Regulation Of Type B Pancreatic Cell Proliferation (GO:0061469),1/5,0.2058671829946707,0.9481331937644788,0,0,5.304166666666666,8.383363039546449,NR4A3,GO_Biological_Process_2023
GO_Biological_Process_2023,Regulation Of Voltage-Gated Sodium Channel Activity (GO:1905150),1/5,0.2058671829946707,0.9481331937644788,0,0,5.304166666666666,8.383363039546449,SLMAP,GO_Biological_Process_2023
GO_Biological_Process_2023,Response To Catecholamine (GO:0071869),1/5,0.2058671829946707,0.9481331937644788,0,0,5.304166666666666,8.383363039546449,NR4A3,GO_Biological_Process_2023
GO_Biological_Process_2023,Response To Heparin (GO:0071503),1/5,0.2058671829946707,0.9481331937644788,0,0,5.304166666666666,8.383363039546449,EGR1,GO_Biological_Process_2023
GO_Biological_Process_2023,Dendrite Extension (GO:0097484),1/5,0.2058671829946707,0.9481331937644788,0,0,5.304166666666666,8.383363039546449,LLPH,GO_Biological_Process_2023
GO_Biological_Process_2023,Response To Peptidoglycan (GO:0032494),1/5,0.2058671829946707,0.9481331937644788,0,0,5.304166666666666,8.383363039546449,IRAK3,GO_Biological_Process_2023
GO_Biological_Process_2023,Detection Of Molecule Of Bacterial Origin (GO:0032490),1/5,0.2058671829946707,0.9481331937644788,0,0,5.304166666666666,8.383363039546449,TLR4,GO_Biological_Process_2023
GO_Biological_Process_2023,Detection Of Virus (GO:0009597),1/5,0.2058671829946707,0.9481331937644788,0,0,5.304166666666666,8.383363039546449,TLR3,GO_Biological_Process_2023
GO_Biological_Process_2023,Embryonic Skeletal Joint Development (GO:0072498),1/5,0.2058671829946707,0.9481331937644788,0,0,5.304166666666666,8.383363039546449,WNT9A,GO_Biological_Process_2023
GO_Biological_Process_2023,snRNA Modification (GO:0040031),1/5,0.2058671829946707,0.9481331937644788,0,0,5.304166666666666,8.383363039546449,NHP2,GO_Biological_Process_2023
GO_Biological_Process_2023,Sphingomyelin Biosynthetic Process (GO:0006686),1/5,0.2058671829946707,0.9481331937644788,0,0,5.304166666666666,8.383363039546449,VAPA,GO_Biological_Process_2023
GO_Biological_Process_2023,Epithelial Tube Branching Involved In Lung Morphogenesis (GO:0060441),1/5,0.2058671829946707,0.9481331937644788,0,0,5.304166666666666,8.383363039546449,NKX2-1,GO_Biological_Process_2023
GO_Biological_Process_2023,"Establishment Of Mitochondrion Localization, Microtubule-Mediated (GO:0034643)",1/5,0.2058671829946707,0.9481331937644788,0,0,5.304166666666666,8.383363039546449,UXT,GO_Biological_Process_2023
GO_Biological_Process_2023,succinyl-CoA Catabolic Process (GO:1901289),1/5,0.2058671829946707,0.9481331937644788,0,0,5.304166666666666,8.383363039546449,NUDT8,GO_Biological_Process_2023
GO_Biological_Process_2023,Synaptic Vesicle Uncoating (GO:0016191),1/5,0.2058671829946707,0.9481331937644788,0,0,5.304166666666666,8.383363039546449,SH3GL3,GO_Biological_Process_2023
GO_Biological_Process_2023,fatty-acyl-CoA Catabolic Process (GO:0036115),1/5,0.2058671829946707,0.9481331937644788,0,0,5.304166666666666,8.383363039546449,NUDT8,GO_Biological_Process_2023
GO_Biological_Process_2023,Thiamine Transmembrane Transport (GO:0071934),1/5,0.2058671829946707,0.9481331937644788,0,0,5.304166666666666,8.383363039546449,SLC19A3,GO_Biological_Process_2023
GO_Biological_Process_2023,Thiamine-Containing Compound Metabolic Process (GO:0042723),1/5,0.2058671829946707,0.9481331937644788,0,0,5.304166666666666,8.383363039546449,SLC19A3,GO_Biological_Process_2023
GO_Biological_Process_2023,Glutamate Catabolic Process (GO:0006538),1/5,0.2058671829946707,0.9481331937644788,0,0,5.304166666666666,8.383363039546449,GLUD1,GO_Biological_Process_2023
GO_Biological_Process_2023,Hexose Catabolic Process (GO:0019320),1/5,0.2058671829946707,0.9481331937644788,0,0,5.304166666666666,8.383363039546449,GCK,GO_Biological_Process_2023
GO_Biological_Process_2023,Histone Arginine Methylation (GO:0034969),1/5,0.2058671829946707,0.9481331937644788,0,0,5.304166666666666,8.383363039546449,COPRS,GO_Biological_Process_2023
GO_Biological_Process_2023,Inflammatory Response To Wounding (GO:0090594),1/5,0.2058671829946707,0.9481331937644788,0,0,5.304166666666666,8.383363039546449,TLR3,GO_Biological_Process_2023
GO_Biological_Process_2023,Inner Ear Auditory Receptor Cell Differentiation (GO:0042491),1/5,0.2058671829946707,0.9481331937644788,0,0,5.304166666666666,8.383363039546449,SLC4A7,GO_Biological_Process_2023
GO_Biological_Process_2023,Leukocyte Apoptotic Process (GO:0071887),1/5,0.2058671829946707,0.9481331937644788,0,0,5.304166666666666,8.383363039546449,PLEKHO2,GO_Biological_Process_2023
GO_Biological_Process_2023,Lipoprotein Metabolic Process (GO:0042157),1/5,0.2058671829946707,0.9481331937644788,0,0,5.304166666666666,8.383363039546449,APOE,GO_Biological_Process_2023
GO_Biological_Process_2023,Medium-Chain fatty-acyl-CoA Metabolic Process (GO:0036112),1/5,0.2058671829946707,0.9481331937644788,0,0,5.304166666666666,8.383363039546449,NUDT8,GO_Biological_Process_2023
GO_Biological_Process_2023,Negative Regulation Of T Cell Differentiation In Thymus (GO:0033085),1/5,0.2058671829946707,0.9481331937644788,0,0,5.304166666666666,8.383363039546449,TMEM131L,GO_Biological_Process_2023
GO_Biological_Process_2023,Negative Regulation Of Actin Filament Depolymerization (GO:0030835),1/5,0.2058671829946707,0.9481331937644788,0,0,5.304166666666666,8.383363039546449,PLEKHH2,GO_Biological_Process_2023
GO_Biological_Process_2023,Negative Regulation Of Endoplasmic Reticulum Calcium Ion Concentration (GO:0032471),1/5,0.2058671829946707,0.9481331937644788,0,0,5.304166666666666,8.383363039546449,FIS1,GO_Biological_Process_2023
GO_Biological_Process_2023,Negative Regulation Of Lipoprotein Lipase Activity (GO:0051005),1/5,0.2058671829946707,0.9481331937644788,0,0,5.304166666666666,8.383363039546449,ANGPTL4,GO_Biological_Process_2023
GO_Biological_Process_2023,Negative Regulation Of Meiotic Cell Cycle (GO:0051447),1/5,0.2058671829946707,0.9481331937644788,0,0,5.304166666666666,8.383363039546449,NPPC,GO_Biological_Process_2023
GO_Biological_Process_2023,Negative Regulation Of Nervous System Process (GO:0031645),1/5,0.2058671829946707,0.9481331937644788,0,0,5.304166666666666,8.383363039546449,GLRA1,GO_Biological_Process_2023
GO_Biological_Process_2023,"Negative Regulation Of Nuclear-Transcribed mRNA Catabolic Process, Nonsense-Mediated Decay (GO:2000623)",1/5,0.2058671829946707,0.9481331937644788,0,0,5.304166666666666,8.383363039546449,HNRNPAB,GO_Biological_Process_2023
GO_Biological_Process_2023,Negative Regulation Of Relaxation Of Muscle (GO:1901078),1/5,0.2058671829946707,0.9481331937644788,0,0,5.304166666666666,8.383363039546449,GRK2,GO_Biological_Process_2023
GO_Biological_Process_2023,Negative Regulation Of Transcription From RNA Polymerase II Promoter In Response To Stress (GO:0097201),1/5,0.2058671829946707,0.9481331937644788,0,0,5.304166666666666,8.383363039546449,VHL,GO_Biological_Process_2023
GO_Biological_Process_2023,Negative Regulation Of Trophoblast Cell Migration (GO:1901164),1/5,0.2058671829946707,0.9481331937644788,0,0,5.304166666666666,8.383363039546449,CALR,GO_Biological_Process_2023
GO_Biological_Process_2023,Neurotransmitter Loading Into Synaptic Vesicle (GO:0098700),1/5,0.2058671829946707,0.9481331937644788,0,0,5.304166666666666,8.383363039546449,SLC18A2,GO_Biological_Process_2023
GO_Biological_Process_2023,Nucleobase Transport (GO:0015851),1/5,0.2058671829946707,0.9481331937644788,0,0,5.304166666666666,8.383363039546449,SLC23A2,GO_Biological_Process_2023
GO_Biological_Process_2023,Nucleoside Triphosphate Biosynthetic Process (GO:0009142),1/5,0.2058671829946707,0.9481331937644788,0,0,5.304166666666666,8.383363039546449,NME2,GO_Biological_Process_2023
GO_Biological_Process_2023,Phagosome Acidification (GO:0090383),1/5,0.2058671829946707,0.9481331937644788,0,0,5.304166666666666,8.383363039546449,SLC4A7,GO_Biological_Process_2023
GO_Biological_Process_2023,Photoreceptor Cell Differentiation (GO:0046530),1/5,0.2058671829946707,0.9481331937644788,0,0,5.304166666666666,8.383363039546449,ARL3,GO_Biological_Process_2023
GO_Biological_Process_2023,Plus-End-Directed Organelle Transport Along Microtubule (GO:0072386),1/5,0.2058671829946707,0.9481331937644788,0,0,5.304166666666666,8.383363039546449,KIF3B,GO_Biological_Process_2023
GO_Biological_Process_2023,Positive Regulation Of I-kappaB Phosphorylation (GO:1903721),1/5,0.2058671829946707,0.9481331937644788,0,0,5.304166666666666,8.383363039546449,DDRGK1,GO_Biological_Process_2023
GO_Biological_Process_2023,Positive Regulation Of T-helper 1 Cell Cytokine Production (GO:2000556),1/5,0.2058671829946707,0.9481331937644788,0,0,5.304166666666666,8.383363039546449,IL1R1,GO_Biological_Process_2023
GO_Biological_Process_2023,Positive Regulation Of Endothelial Cell Development (GO:1901552),1/5,0.2058671829946707,0.9481331937644788,0,0,5.304166666666666,8.383363039546449,F11R,GO_Biological_Process_2023
GO_Biological_Process_2023,Positive Regulation Of Establishment Of Endothelial Barrier (GO:1903142),1/5,0.2058671829946707,0.9481331937644788,0,0,5.304166666666666,8.383363039546449,F11R,GO_Biological_Process_2023
GO_Biological_Process_2023,Positive Regulation Of Fever Generation (GO:0031622),1/5,0.2058671829946707,0.9481331937644788,0,0,5.304166666666666,8.383363039546449,PTGS2,GO_Biological_Process_2023
GO_Biological_Process_2023,Positive Regulation Of Growth Hormone Secretion (GO:0060124),1/5,0.2058671829946707,0.9481331937644788,0,0,5.304166666666666,8.383363039546449,DRD2,GO_Biological_Process_2023
GO_Biological_Process_2023,Positive Regulation Of Microglial Cell Activation (GO:1903980),1/5,0.2058671829946707,0.9481331937644788,0,0,5.304166666666666,8.383363039546449,UXT,GO_Biological_Process_2023
GO_Biological_Process_2023,Positive Regulation Of Microglial Cell Migration (GO:1904141),1/5,0.2058671829946707,0.9481331937644788,0,0,5.304166666666666,8.383363039546449,P2RY12,GO_Biological_Process_2023
GO_Biological_Process_2023,Positive Regulation Of Nuclear Cell Cycle DNA Replication (GO:0010571),1/5,0.2058671829946707,0.9481331937644788,0,0,5.304166666666666,8.383363039546449,DBF4,GO_Biological_Process_2023
GO_Biological_Process_2023,Positive Regulation Of Peroxisome Proliferator Activated Receptor Signaling Pathway (GO:0035360),1/5,0.2058671829946707,0.9481331937644788,0,0,5.304166666666666,8.383363039546449,PTGIS,GO_Biological_Process_2023
GO_Biological_Process_2023,Positive Regulation Of Tau-Protein Kinase Activity (GO:1902949),1/5,0.2058671829946707,0.9481331937644788,0,0,5.304166666666666,8.383363039546449,EGR1,GO_Biological_Process_2023
GO_Biological_Process_2023,Positive Regulation Of Toll-Like Receptor 7 Signaling Pathway (GO:0034157),1/5,0.2058671829946707,0.9481331937644788,0,0,5.304166666666666,8.383363039546449,RSAD2,GO_Biological_Process_2023
GO_Biological_Process_2023,Prepulse Inhibition (GO:0060134),1/5,0.2058671829946707,0.9481331937644788,0,0,5.304166666666666,8.383363039546449,DRD2,GO_Biological_Process_2023
GO_Biological_Process_2023,Protein Ufmylation (GO:0071569),1/5,0.2058671829946707,0.9481331937644788,0,0,5.304166666666666,8.383363039546449,DDRGK1,GO_Biological_Process_2023
GO_Biological_Process_2023,Regulation Of T-helper 1 Cell Cytokine Production (GO:2000554),1/5,0.2058671829946707,0.9481331937644788,0,0,5.304166666666666,8.383363039546449,IL1R1,GO_Biological_Process_2023
GO_Biological_Process_2023,Regulation Of Apoptotic DNA Fragmentation (GO:1902510),1/5,0.2058671829946707,0.9481331937644788,0,0,5.304166666666666,8.383363039546449,CIDEA,GO_Biological_Process_2023
GO_Biological_Process_2023,Rho Protein Signal Transduction (GO:0007266),4/52,0.2059784992274552,0.9481331937644788,0,0,1.7698810850984763,2.796382890749052,CFL1;ARHGEF3;EPS8L2;RHOV,GO_Biological_Process_2023
GO_Biological_Process_2023,Adenylate Cyclase-Inhibiting G Protein-Coupled Receptor Signaling Pathway (GO:0007193),4/52,0.2059784992274552,0.9481331937644788,0,0,1.7698810850984763,2.796382890749052,P2RY12;FLNA;OPRM1;DRD2,GO_Biological_Process_2023
GO_Biological_Process_2023,Action Potential (GO:0001508),3/35,0.2079511252011216,0.9481331937644788,0,0,1.9905693207126949,3.126093972720719,GNA14;MYH7B;KCNA1,GO_Biological_Process_2023
GO_Biological_Process_2023,Response To Exogenous dsRNA (GO:0043330),3/35,0.2079511252011216,0.9481331937644788,0,0,1.9905693207126949,3.126093972720719,IRAK3;IFIT1;TLR3,GO_Biological_Process_2023
GO_Biological_Process_2023,Macrophage Activation (GO:0042116),3/35,0.2079511252011216,0.9481331937644788,0,0,1.9905693207126949,3.126093972720719,C1QA;CD93;TLR4,GO_Biological_Process_2023
GO_Biological_Process_2023,Negative Regulation Of Cell Cycle G1/S Phase Transition (GO:1902807),3/35,0.2079511252011216,0.9481331937644788,0,0,1.9905693207126949,3.126093972720719,CDKN1A;RBL1;INHBA,GO_Biological_Process_2023
GO_Biological_Process_2023,Positive Regulation Of Substrate Adhesion-Dependent Cell Spreading (GO:1900026),3/35,0.2079511252011216,0.9481331937644788,0,0,1.9905693207126949,3.126093972720719,DOCK5;FLNA;CALR,GO_Biological_Process_2023
GO_Biological_Process_2023,Cellular Response To Starvation (GO:0009267),8/126,0.2082168573476557,0.9481331937644788,0,0,1.441038586368554,2.2612419528773917,SZT2;CDKN1A;MAP1LC3A;MAPK1;NUPR2;CARTPT;HNRNPA1;FOXO1,GO_Biological_Process_2023
GO_Biological_Process_2023,NADP Metabolic Process (GO:0006739),2/19,0.2101138446624048,0.9481331937644788,0,0,2.497153700189753,3.8958239155139656,IDH2;FMO2,GO_Biological_Process_2023
GO_Biological_Process_2023,RNA-templated DNA Biosynthetic Process (GO:0006278),2/19,0.2101138446624048,0.9481331937644788,0,0,2.497153700189753,3.8958239155139656,PTGES3;NHP2,GO_Biological_Process_2023
GO_Biological_Process_2023,Bicarbonate Transport (GO:0015701),2/19,0.2101138446624048,0.9481331937644788,0,0,2.497153700189753,3.8958239155139656,SLC4A7;SLC26A6,GO_Biological_Process_2023
GO_Biological_Process_2023,Regulation Of Transcription Involved In G1/S Transition Of Mitotic Cell Cycle (GO:0000083),2/19,0.2101138446624048,0.9481331937644788,0,0,2.497153700189753,3.8958239155139656,CDK17;CDK16,GO_Biological_Process_2023
GO_Biological_Process_2023,Cortical Actin Cytoskeleton Organization (GO:0030866),2/19,0.2101138446624048,0.9481331937644788,0,0,2.497153700189753,3.8958239155139656,FMNL3;RAB13,GO_Biological_Process_2023
GO_Biological_Process_2023,Cyclic Nucleotide Biosynthetic Process (GO:0009190),2/19,0.2101138446624048,0.9481331937644788,0,0,2.497153700189753,3.8958239155139656,NPPC;ADCY9,GO_Biological_Process_2023
GO_Biological_Process_2023,Skeletal Muscle Contraction (GO:0003009),2/19,0.2101138446624048,0.9481331937644788,0,0,2.497153700189753,3.8958239155139656,MYH7B;JSRP1,GO_Biological_Process_2023
GO_Biological_Process_2023,Telomere Maintenance Via Telomerase (GO:0007004),2/19,0.2101138446624048,0.9481331937644788,0,0,2.497153700189753,3.8958239155139656,PTGES3;NHP2,GO_Biological_Process_2023
GO_Biological_Process_2023,Gastrulation (GO:0007369),2/19,0.2101138446624048,0.9481331937644788,0,0,2.497153700189753,3.8958239155139656,MKKS;NR4A3,GO_Biological_Process_2023
GO_Biological_Process_2023,Interleukin-1-Mediated Signaling Pathway (GO:0070498),2/19,0.2101138446624048,0.9481331937644788,0,0,2.497153700189753,3.8958239155139656,IL1R1;IRAK3,GO_Biological_Process_2023
GO_Biological_Process_2023,Negative Regulation Of Cyclin-Dependent Protein Serine/Threonine Kinase Activity (GO:0045736),2/19,0.2101138446624048,0.9481331937644788,0,0,2.497153700189753,3.8958239155139656,CDKN1A;PLK1,GO_Biological_Process_2023
GO_Biological_Process_2023,Positive Regulation Of Macromolecule Metabolic Process (GO:0010604),20/364,0.2102088930193123,0.9481331937644788,0,0,1.2376923686086108,1.9303712519711915,EGR1;DDX3X;RPL11;TNC;INHBA;MT3;VSIR;UXT;NFKBIA;CALCR;DDRGK1;NKX2-1;ITGB8;TLR4;FGF23;SLC38A2;TLR3;HSPA1B;FGF22;HSPA1A,GO_Biological_Process_2023
GO_Biological_Process_2023,Gonad Development (GO:0008406),4/53,0.215495739499416,0.9481331937644788,0,0,1.7336700566514232,2.6608613169358977,MKKS;IRX5;INHBA;MEA1,GO_Biological_Process_2023
GO_Biological_Process_2023,mRNA Stabilization (GO:0048255),4/53,0.215495739499416,0.9481331937644788,0,0,1.7336700566514232,2.6608613169358977,TAF15;FUS;CIRBP;TENT5A,GO_Biological_Process_2023
GO_Biological_Process_2023,Positive Regulation Of NIK/NF-kappaB Signaling (GO:1901224),4/53,0.215495739499416,0.9481331937644788,0,0,1.7336700566514232,2.6608613169358977,DDX3X;TLR7;TLR4;TLR3,GO_Biological_Process_2023
GO_Biological_Process_2023,Regulation Of Erythrocyte Differentiation (GO:0045646),3/36,0.2198413328046475,0.9481331937644788,0,0,1.930147803199028,2.923882869752912,INHBA;HSPA1B;HSPA1A,GO_Biological_Process_2023
GO_Biological_Process_2023,Base-Excision Repair (GO:0006284),3/36,0.2198413328046475,0.9481331937644788,0,0,1.930147803199028,2.923882869752912,POLQ;NTHL1;HUWE1,GO_Biological_Process_2023
GO_Biological_Process_2023,Negative Regulation Of Sequestering Of Calcium Ion (GO:0051283),3/36,0.2198413328046475,0.9481331937644788,0,0,1.930147803199028,2.923882869752912,FLNA;PLCG1;DRD2,GO_Biological_Process_2023
GO_Biological_Process_2023,Positive Regulation Of Myeloid Cell Differentiation (GO:0045639),3/36,0.2198413328046475,0.9481331937644788,0,0,1.930147803199028,2.923882869752912,INHBA;HSPA1B;HSPA1A,GO_Biological_Process_2023
GO_Biological_Process_2023,Positive Regulation Of Cysteine-Type Endopeptidase Activity Involved In Apoptotic Process (GO:0043280),7/109,0.2207219618640365,0.9481331937644788,0,0,1.4582949510900558,2.203267056895954,BEX3;FIS1;NDUFA13;DDX3X;ACVR1C;HTRA2;HSPE1,GO_Biological_Process_2023
GO_Biological_Process_2023,Cellular Response To Hypoxia (GO:0071456),5/72,0.2237191557250574,0.9481331937644788,0,0,1.5851545842217485,2.37355306461278,PTGIS;UBQLN1;VHL;PTGS2;MT3,GO_Biological_Process_2023
GO_Biological_Process_2023,Second-Messenger-Mediated Signaling (GO:0019932),5/72,0.2237191557250574,0.9481331937644788,0,0,1.5851545842217485,2.37355306461278,CNKSR2;P2RY12;POMC;APOE;PLCG1,GO_Biological_Process_2023
GO_Biological_Process_2023,Negative Regulation Of Catabolic Process (GO:0009895),5/72,0.2237191557250574,0.9481331937644788,0,0,1.5851545842217485,2.37355306461278,RPL11;CIDEA;FLNA;IRAK3;CBFA2T3,GO_Biological_Process_2023
GO_Biological_Process_2023,Ribosomal Large Subunit Biogenesis (GO:0042273),4/54,0.225130353208267,0.9481331937644788,0,0,1.698907469342252,2.533199638890224,MRPL20;RPL11;RPL35A;RPL23A,GO_Biological_Process_2023
GO_Biological_Process_2023,Monoatomic Anion Transmembrane Transport (GO:0098656),4/54,0.225130353208267,0.9481331937644788,0,0,1.698907469342252,2.533199638890224,GABRB2;GLRA1;GLRA3;SLC12A5,GO_Biological_Process_2023
GO_Biological_Process_2023,Negative Regulation Of Protein Modification By Small Protein Conjugation Or Removal (GO:1903321),4/54,0.225130353208267,0.9481331937644788,0,0,1.698907469342252,2.533199638890224,RPL11;HSPA1B;COPS9;HSPA1A,GO_Biological_Process_2023
GO_Biological_Process_2023,Protein Targeting (GO:0006605),8/129,0.2262500396690933,0.9481331937644788,0,0,1.4050882437322425,2.0881220423939757,TIMM8B;FIS1;ZFAND6;SEC61G;RPL11;TIMM13;TOMM7;TIMM10,GO_Biological_Process_2023
GO_Biological_Process_2023,Regulation Of Macrophage Chemotaxis (GO:0010758),2/20,0.2269389855561014,0.9481331937644788,0,0,2.35829934495118,3.497532640166656,UXT;MAPK1,GO_Biological_Process_2023
GO_Biological_Process_2023,Regulation Of Meiotic Cell Cycle (GO:0051445),2/20,0.2269389855561014,0.9481331937644788,0,0,2.35829934495118,3.497532640166656,ANAPC13;NPPC,GO_Biological_Process_2023
GO_Biological_Process_2023,Regulation Of Phosphatase Activity (GO:0010921),2/20,0.2269389855561014,0.9481331937644788,0,0,2.35829934495118,3.497532640166656,PPP1R17;URI1,GO_Biological_Process_2023
GO_Biological_Process_2023,Hydrogen Peroxide Catabolic Process (GO:0042744),2/20,0.2269389855561014,0.9481331937644788,0,0,2.35829934495118,3.497532640166656,PRDX5;PXDN,GO_Biological_Process_2023
GO_Biological_Process_2023,Leukotriene Metabolic Process (GO:0006691),2/20,0.2269389855561014,0.9481331937644788,0,0,2.35829934495118,3.497532640166656,MGST3;PTGR1,GO_Biological_Process_2023
GO_Biological_Process_2023,Long-Term Memory (GO:0007616),2/20,0.2269389855561014,0.9481331937644788,0,0,2.35829934495118,3.497532640166656,SGK1;SHANK1,GO_Biological_Process_2023
GO_Biological_Process_2023,Negative Regulation Of Cyclin-Dependent Protein Kinase Activity (GO:1904030),2/20,0.2269389855561014,0.9481331937644788,0,0,2.35829934495118,3.497532640166656,CDKN1A;PLK1,GO_Biological_Process_2023
GO_Biological_Process_2023,Negative Regulation Of Reproductive Process (GO:2000242),2/20,0.2269389855561014,0.9481331937644788,0,0,2.35829934495118,3.497532640166656,NPPC;CALR,GO_Biological_Process_2023
GO_Biological_Process_2023,Negative Regulation Of Small GTPase Mediated Signal Transduction (GO:0051058),2/20,0.2269389855561014,0.9481331937644788,0,0,2.35829934495118,3.497532640166656,CYRIB;CGNL1,GO_Biological_Process_2023
GO_Biological_Process_2023,Positive Regulation Of Vascular Associated Smooth Muscle Cell Proliferation (GO:1904707),2/20,0.2269389855561014,0.9481331937644788,0,0,2.35829934495118,3.497532640166656,NR4A3;MEF2D,GO_Biological_Process_2023
GO_Biological_Process_2023,Adenylate Cyclase-Activating G Protein-Coupled Receptor Signaling Pathway (GO:0007189),7/110,0.2273426965060591,0.9481331937644788,0,0,1.4440607284811364,2.1390824258913828,ADCY9;CALCRL;CALCR;GPR4;DRD2;ADRA2C;ADGRL4,GO_Biological_Process_2023
GO_Biological_Process_2023,Regulation Of Vascular Associated Smooth Muscle Cell Proliferation (GO:1904705),3/37,0.2318646710601348,0.9481331937644788,0,0,1.87328049259793,2.737989375411169,CDKN1A;NR4A3;MEF2D,GO_Biological_Process_2023
GO_Biological_Process_2023,Muscle Tissue Development (GO:0060537),3/37,0.2318646710601348,0.9481331937644788,0,0,1.87328049259793,2.737989375411169,MYH7B;SRPK3;MYL6,GO_Biological_Process_2023
GO_Biological_Process_2023,Negative Regulation Of Smooth Muscle Cell Proliferation (GO:0048662),3/37,0.2318646710601348,0.9481331937644788,0,0,1.87328049259793,2.737989375411169,CDKN1A;NDRG4;APOE,GO_Biological_Process_2023
GO_Biological_Process_2023,Cellular Response To Decreased Oxygen Levels (GO:0036294),5/73,0.2320354375938791,0.9481331937644788,0,0,1.5617614233193278,2.281522868318751,PTGIS;UBQLN1;VHL;PTGS2;MT3,GO_Biological_Process_2023
GO_Biological_Process_2023,Positive Regulation Of Neuron Projection Development (GO:0010976),6/92,0.234264588695105,0.9481331937644788,0,0,1.4821099129530986,2.150992165883551,SETX;NDRG4;COBL;PLA2G3;APOE;STYXL1,GO_Biological_Process_2023
GO_Biological_Process_2023,"Regulation Of Synaptic Transmission, Glutamatergic (GO:0051966)",4/55,0.2348729397626921,0.9481331937644788,0,0,1.6655081207510876,2.412839257126397,TPRG1L;DRD2;SLC38A2;DGKI,GO_Biological_Process_2023
GO_Biological_Process_2023,Regulation Of Cellular Response To Hypoxia (GO:1900037),1/6,0.2416517634220459,0.9481331937644788,0,0,4.243111111111111,6.026310732321328,VHL,GO_Biological_Process_2023
GO_Biological_Process_2023,Regulation Of Digestive System Process (GO:0044058),1/6,0.2416517634220459,0.9481331937644788,0,0,4.243111111111111,6.026310732321328,SGK1,GO_Biological_Process_2023
GO_Biological_Process_2023,N-acetylneuraminate Catabolic Process (GO:0019262),1/6,0.2416517634220459,0.9481331937644788,0,0,4.243111111111111,6.026310732321328,NAGK,GO_Biological_Process_2023
GO_Biological_Process_2023,Regulation Of Growth Hormone Secretion (GO:0060123),1/6,0.2416517634220459,0.9481331937644788,0,0,4.243111111111111,6.026310732321328,DRD2,GO_Biological_Process_2023
GO_Biological_Process_2023,Regulation Of Ketone Biosynthetic Process (GO:0010566),1/6,0.2416517634220459,0.9481331937644788,0,0,4.243111111111111,6.026310732321328,EGR1,GO_Biological_Process_2023
GO_Biological_Process_2023,Adenosine Metabolic Process (GO:0046085),1/6,0.2416517634220459,0.9481331937644788,0,0,4.243111111111111,6.026310732321328,ADA,GO_Biological_Process_2023
GO_Biological_Process_2023,Aggrephagy (GO:0035973),1/6,0.2416517634220459,0.9481331937644788,0,0,4.243111111111111,6.026310732321328,UBQLN1,GO_Biological_Process_2023
GO_Biological_Process_2023,Regulation Of Metallopeptidase Activity (GO:1905048),1/6,0.2416517634220459,0.9481331937644788,0,0,4.243111111111111,6.026310732321328,DDRGK1,GO_Biological_Process_2023
GO_Biological_Process_2023,Regulation Of Microglial Cell Migration (GO:1904139),1/6,0.2416517634220459,0.9481331937644788,0,0,4.243111111111111,6.026310732321328,P2RY12,GO_Biological_Process_2023
GO_Biological_Process_2023,Anterograde Dendritic Transport (GO:0098937),1/6,0.2416517634220459,0.9481331937644788,0,0,4.243111111111111,6.026310732321328,KIF3B,GO_Biological_Process_2023
GO_Biological_Process_2023,Antigen Processing And Presentation Of Exogenous Peptide Antigen Via MHC Class I (GO:0042590),1/6,0.2416517634220459,0.9481331937644788,0,0,4.243111111111111,6.026310732321328,LNPEP,GO_Biological_Process_2023
GO_Biological_Process_2023,Regulation Of Norepinephrine Secretion (GO:0014061),1/6,0.2416517634220459,0.9481331937644788,0,0,4.243111111111111,6.026310732321328,ADRA2C,GO_Biological_Process_2023
GO_Biological_Process_2023,Regulation Of Nuclease Activity (GO:0032069),1/6,0.2416517634220459,0.9481331937644788,0,0,4.243111111111111,6.026310732321328,PDE3A,GO_Biological_Process_2023
GO_Biological_Process_2023,Cellular Response To Histamine (GO:0071420),1/6,0.2416517634220459,0.9481331937644788,0,0,4.243111111111111,6.026310732321328,GABRB2,GO_Biological_Process_2023
GO_Biological_Process_2023,Regulation Of Toll-Like Receptor 7 Signaling Pathway (GO:0034155),1/6,0.2416517634220459,0.9481331937644788,0,0,4.243111111111111,6.026310732321328,RSAD2,GO_Biological_Process_2023
GO_Biological_Process_2023,Cellular Response To Monoamine Stimulus (GO:0071868),1/6,0.2416517634220459,0.9481331937644788,0,0,4.243111111111111,6.026310732321328,NR4A3,GO_Biological_Process_2023
GO_Biological_Process_2023,Cholesterol Catabolic Process (GO:0006707),1/6,0.2416517634220459,0.9481331937644788,0,0,4.243111111111111,6.026310732321328,APOE,GO_Biological_Process_2023
GO_Biological_Process_2023,Clathrin Coat Disassembly (GO:0072318),1/6,0.2416517634220459,0.9481331937644788,0,0,4.243111111111111,6.026310732321328,SH3GL3,GO_Biological_Process_2023
GO_Biological_Process_2023,Response To Alkaloid (GO:0043279),1/6,0.2416517634220459,0.9481331937644788,0,0,4.243111111111111,6.026310732321328,DRD2,GO_Biological_Process_2023
GO_Biological_Process_2023,Response To Cocaine (GO:0042220),1/6,0.2416517634220459,0.9481331937644788,0,0,4.243111111111111,6.026310732321328,DRD2,GO_Biological_Process_2023
GO_Biological_Process_2023,Cytolysis By Host Of Symbiont Cells (GO:0051838),1/6,0.2416517634220459,0.9481331937644788,0,0,4.243111111111111,6.026310732321328,ROMO1,GO_Biological_Process_2023
GO_Biological_Process_2023,Detection Of Stimulus Involved In Sensory Perception Of Pain (GO:0062149),1/6,0.2416517634220459,0.9481331937644788,0,0,4.243111111111111,6.026310732321328,KCNA1,GO_Biological_Process_2023
GO_Biological_Process_2023,Ribosomal Small Subunit Export From Nucleus (GO:0000056),1/6,0.2416517634220459,0.9481331937644788,0,0,4.243111111111111,6.026310732321328,RPS15,GO_Biological_Process_2023
GO_Biological_Process_2023,Serine Transport (GO:0032329),1/6,0.2416517634220459,0.9481331937644788,0,0,4.243111111111111,6.026310732321328,SLC38A2,GO_Biological_Process_2023
GO_Biological_Process_2023,Sterol Catabolic Process (GO:0016127),1/6,0.2416517634220459,0.9481331937644788,0,0,4.243111111111111,6.026310732321328,APOE,GO_Biological_Process_2023
GO_Biological_Process_2023,"Substrate-Dependent Cell Migration, Cell Extension (GO:0006930)",1/6,0.2416517634220459,0.9481331937644788,0,0,4.243111111111111,6.026310732321328,P2RY12,GO_Biological_Process_2023
GO_Biological_Process_2023,Glomerular Epithelial Cell Development (GO:0072310),1/6,0.2416517634220459,0.9481331937644788,0,0,4.243111111111111,6.026310732321328,MYO1E,GO_Biological_Process_2023
GO_Biological_Process_2023,Transepithelial Chloride Transport (GO:0030321),1/6,0.2416517634220459,0.9481331937644788,0,0,4.243111111111111,6.026310732321328,SLC26A6,GO_Biological_Process_2023
GO_Biological_Process_2023,Glycerol-3-Phosphate Metabolic Process (GO:0006072),1/6,0.2416517634220459,0.9481331937644788,0,0,4.243111111111111,6.026310732321328,GCK,GO_Biological_Process_2023
GO_Biological_Process_2023,Hepatocyte Growth Factor Receptor Signaling Pathway (GO:0048012),1/6,0.2416517634220459,0.9481331937644788,0,0,4.243111111111111,6.026310732321328,STMN1,GO_Biological_Process_2023
GO_Biological_Process_2023,Hypotonic Response (GO:0006971),1/6,0.2416517634220459,0.9481331937644788,0,0,4.243111111111111,6.026310732321328,SLC12A5,GO_Biological_Process_2023
GO_Biological_Process_2023,Inositol Metabolic Process (GO:0006020),1/6,0.2416517634220459,0.9481331937644788,0,0,4.243111111111111,6.026310732321328,SLC5A3,GO_Biological_Process_2023
GO_Biological_Process_2023,Locomotor Rhythm (GO:0045475),1/6,0.2416517634220459,0.9481331937644788,0,0,4.243111111111111,6.026310732321328,EGR1,GO_Biological_Process_2023
GO_Biological_Process_2023,Maintenance Of Protein Location In Extracellular Region (GO:0071694),1/6,0.2416517634220459,0.9481331937644788,0,0,4.243111111111111,6.026310732321328,NRROS,GO_Biological_Process_2023
GO_Biological_Process_2023,Mitotic Nuclear Membrane Disassembly (GO:0007077),1/6,0.2416517634220459,0.9481331937644788,0,0,4.243111111111111,6.026310732321328,PLK1,GO_Biological_Process_2023
GO_Biological_Process_2023,"Negative Regulation Of CD4-positive, Alpha-Beta T Cell Proliferation (GO:2000562)",1/6,0.2416517634220459,0.9481331937644788,0,0,4.243111111111111,6.026310732321328,VSIR,GO_Biological_Process_2023
GO_Biological_Process_2023,Negative Regulation Of Catecholamine Secretion (GO:0033604),1/6,0.2416517634220459,0.9481331937644788,0,0,4.243111111111111,6.026310732321328,ADRA2C,GO_Biological_Process_2023
GO_Biological_Process_2023,Negative Regulation Of Hematopoietic Progenitor Cell Differentiation (GO:1901533),1/6,0.2416517634220459,0.9481331937644788,0,0,4.243111111111111,6.026310732321328,N4BP2L2,GO_Biological_Process_2023
GO_Biological_Process_2023,Negative Regulation Of Lymphocyte Differentiation (GO:0045620),1/6,0.2416517634220459,0.9481331937644788,0,0,4.243111111111111,6.026310732321328,INHBA,GO_Biological_Process_2023
GO_Biological_Process_2023,Negative Regulation Of Response To Type II Interferon (GO:0060331),1/6,0.2416517634220459,0.9481331937644788,0,0,4.243111111111111,6.026310732321328,PARP14,GO_Biological_Process_2023
GO_Biological_Process_2023,Negative Regulation Of Ruffle Assembly (GO:1900028),1/6,0.2416517634220459,0.9481331937644788,0,0,4.243111111111111,6.026310732321328,UXT,GO_Biological_Process_2023
GO_Biological_Process_2023,Negative Regulation Of Stress-Activated Protein Kinase Signaling Cascade (GO:0070303),1/6,0.2416517634220459,0.9481331937644788,0,0,4.243111111111111,6.026310732321328,FOXO1,GO_Biological_Process_2023
GO_Biological_Process_2023,Negative Regulation Of Type 2 Immune Response (GO:0002829),1/6,0.2416517634220459,0.9481331937644788,0,0,4.243111111111111,6.026310732321328,SOCS5,GO_Biological_Process_2023
GO_Biological_Process_2023,Negative Regulation Of Type II Interferon-Mediated Signaling Pathway (GO:0060336),1/6,0.2416517634220459,0.9481331937644788,0,0,4.243111111111111,6.026310732321328,PARP14,GO_Biological_Process_2023
GO_Biological_Process_2023,Neurotrophin TRK Receptor Signaling Pathway (GO:0048011),1/6,0.2416517634220459,0.9481331937644788,0,0,4.243111111111111,6.026310732321328,DDIT4,GO_Biological_Process_2023
GO_Biological_Process_2023,Nucleotide Catabolic Process (GO:0009166),1/6,0.2416517634220459,0.9481331937644788,0,0,4.243111111111111,6.026310732321328,NUDT3,GO_Biological_Process_2023
GO_Biological_Process_2023,Placenta Blood Vessel Development (GO:0060674),1/6,0.2416517634220459,0.9481331937644788,0,0,4.243111111111111,6.026310732321328,ITGB8,GO_Biological_Process_2023
GO_Biological_Process_2023,Podocyte Development (GO:0072015),1/6,0.2416517634220459,0.9481331937644788,0,0,4.243111111111111,6.026310732321328,MYO1E,GO_Biological_Process_2023
GO_Biological_Process_2023,Polyamine Biosynthetic Process (GO:0006596),1/6,0.2416517634220459,0.9481331937644788,0,0,4.243111111111111,6.026310732321328,SLC38A2,GO_Biological_Process_2023
GO_Biological_Process_2023,Positive Regulation Of B Cell Receptor Signaling Pathway (GO:0050861),1/6,0.2416517634220459,0.9481331937644788,0,0,4.243111111111111,6.026310732321328,UXT,GO_Biological_Process_2023
GO_Biological_Process_2023,Positive Regulation Of ER-associated Ubiquitin-Dependent Protein Catabolic Process (GO:1903071),1/6,0.2416517634220459,0.9481331937644788,0,0,4.243111111111111,6.026310732321328,UBQLN1,GO_Biological_Process_2023
GO_Biological_Process_2023,Positive Regulation Of Amyloid-Beta Clearance (GO:1900223),1/6,0.2416517634220459,0.9481331937644788,0,0,4.243111111111111,6.026310732321328,APOE,GO_Biological_Process_2023
GO_Biological_Process_2023,Positive Regulation Of cAMP-mediated Signaling (GO:0043950),1/6,0.2416517634220459,0.9481331937644788,0,0,4.243111111111111,6.026310732321328,POMC,GO_Biological_Process_2023
GO_Biological_Process_2023,Positive Regulation Of Catecholamine Secretion (GO:0033605),1/6,0.2416517634220459,0.9481331937644788,0,0,4.243111111111111,6.026310732321328,GRK2,GO_Biological_Process_2023
GO_Biological_Process_2023,Positive Regulation Of Chemokine (C-X-C Motif) Ligand 2 Production (GO:2000343),1/6,0.2416517634220459,0.9481331937644788,0,0,4.243111111111111,6.026310732321328,TLR4,GO_Biological_Process_2023
GO_Biological_Process_2023,Positive Regulation Of Cysteine-Type Endopeptidase Activity Involved In Apoptotic Signaling Pathway (GO:2001269),1/6,0.2416517634220459,0.9481331937644788,0,0,4.243111111111111,6.026310732321328,HTRA2,GO_Biological_Process_2023
GO_Biological_Process_2023,Positive Regulation Of Hormone Metabolic Process (GO:0032352),1/6,0.2416517634220459,0.9481331937644788,0,0,4.243111111111111,6.026310732321328,EGR1,GO_Biological_Process_2023
GO_Biological_Process_2023,Positive Regulation Of Mast Cell Activation (GO:0033005),1/6,0.2416517634220459,0.9481331937644788,0,0,4.243111111111111,6.026310732321328,NR4A3,GO_Biological_Process_2023
GO_Biological_Process_2023,Positive Regulation Of Necrotic Cell Death (GO:0010940),1/6,0.2416517634220459,0.9481331937644788,0,0,4.243111111111111,6.026310732321328,MT3,GO_Biological_Process_2023
GO_Biological_Process_2023,Positive Regulation Of Phospholipid Biosynthetic Process (GO:0071073),1/6,0.2416517634220459,0.9481331937644788,0,0,4.243111111111111,6.026310732321328,FABP3,GO_Biological_Process_2023
GO_Biological_Process_2023,Positive Regulation Of Protein K63-linked Ubiquitination (GO:1902523),1/6,0.2416517634220459,0.9481331937644788,0,0,4.243111111111111,6.026310732321328,DDX3X,GO_Biological_Process_2023
GO_Biological_Process_2023,Positive Regulation Of Receptor Catabolic Process (GO:2000646),1/6,0.2416517634220459,0.9481331937644788,0,0,4.243111111111111,6.026310732321328,APOE,GO_Biological_Process_2023
GO_Biological_Process_2023,Positive Regulation Of Steroid Metabolic Process (GO:0045940),1/6,0.2416517634220459,0.9481331937644788,0,0,4.243111111111111,6.026310732321328,APOE,GO_Biological_Process_2023
GO_Biological_Process_2023,Protein Localization To Ciliary Membrane (GO:1903441),1/6,0.2416517634220459,0.9481331937644788,0,0,4.243111111111111,6.026310732321328,ARL3,GO_Biological_Process_2023
GO_Biological_Process_2023,Purine Ribonucleoside Metabolic Process (GO:0046128),1/6,0.2416517634220459,0.9481331937644788,0,0,4.243111111111111,6.026310732321328,ADA,GO_Biological_Process_2023
GO_Biological_Process_2023,Regulation Of I-kappaB Phosphorylation (GO:1903719),1/6,0.2416517634220459,0.9481331937644788,0,0,4.243111111111111,6.026310732321328,DDRGK1,GO_Biological_Process_2023
GO_Biological_Process_2023,Regulation Of MDA-5 Signaling Pathway (GO:0039533),1/6,0.2416517634220459,0.9481331937644788,0,0,4.243111111111111,6.026310732321328,DDX60,GO_Biological_Process_2023
GO_Biological_Process_2023,Regulation Of T-helper 1 Cell Differentiation (GO:0045625),1/6,0.2416517634220459,0.9481331937644788,0,0,4.243111111111111,6.026310732321328,SOCS5,GO_Biological_Process_2023
GO_Biological_Process_2023,Regulation Of Cardiac Muscle Hypertrophy In Response To Stress (GO:1903242),1/6,0.2416517634220459,0.9481331937644788,0,0,4.243111111111111,6.026310732321328,FOXO1,GO_Biological_Process_2023
GO_Biological_Process_2023,Regulation Of Dendritic Spine Development (GO:0060998),2/21,0.2438527691271309,0.9481331937644788,0,0,2.234061237632457,3.152686310029919,LLPH;SHANK1,GO_Biological_Process_2023
GO_Biological_Process_2023,Response To Cadmium Ion (GO:0046686),2/21,0.2438527691271309,0.9481331937644788,0,0,2.234061237632457,3.152686310029919,MAPK1;FOS,GO_Biological_Process_2023
GO_Biological_Process_2023,Sulfur Compound Transport (GO:0072348),2/21,0.2438527691271309,0.9481331937644788,0,0,2.234061237632457,3.152686310029919,SLC19A3;SLC26A6,GO_Biological_Process_2023
GO_Biological_Process_2023,Innate Immune Response In Mucosa (GO:0002227),2/21,0.2438527691271309,0.9481331937644788,0,0,2.234061237632457,3.152686310029919,H2BC21;FAU,GO_Biological_Process_2023
GO_Biological_Process_2023,Mitochondrial Calcium Ion Homeostasis (GO:0051560),2/21,0.2438527691271309,0.9481331937644788,0,0,2.234061237632457,3.152686310029919,FIS1;SMDT1,GO_Biological_Process_2023
GO_Biological_Process_2023,Negative Regulation Of Double-Strand Break Repair Via Homologous Recombination (GO:2000042),2/21,0.2438527691271309,0.9481331937644788,0,0,2.234061237632457,3.152686310029919,POLQ;KLHL15,GO_Biological_Process_2023
GO_Biological_Process_2023,Negative Regulation Of Reactive Oxygen Species Metabolic Process (GO:2000378),2/21,0.2438527691271309,0.9481331937644788,0,0,2.234061237632457,3.152686310029919,MT3;SLC18A2,GO_Biological_Process_2023
GO_Biological_Process_2023,Positive Regulation Of T Cell Cytokine Production (GO:0002726),2/21,0.2438527691271309,0.9481331937644788,0,0,2.234061237632457,3.152686310029919,RSAD2;IL1R1,GO_Biological_Process_2023
GO_Biological_Process_2023,Positive Regulation Of Dendritic Spine Development (GO:0060999),2/21,0.2438527691271309,0.9481331937644788,0,0,2.234061237632457,3.152686310029919,LLPH;SHANK1,GO_Biological_Process_2023
GO_Biological_Process_2023,Positive Regulation Of Signal Transduction By P53 Class Mediator (GO:1901798),2/21,0.2438527691271309,0.9481331937644788,0,0,2.234061237632457,3.152686310029919,RPS15;RPL37,GO_Biological_Process_2023
GO_Biological_Process_2023,Positive Regulation Of Translational Initiation (GO:0045948),2/21,0.2438527691271309,0.9481331937644788,0,0,2.234061237632457,3.152686310029919,DDX3X;HABP4,GO_Biological_Process_2023
GO_Biological_Process_2023,Regulation Of Cell-Substrate Junction Assembly (GO:0090109),2/21,0.2438527691271309,0.9481331937644788,0,0,2.234061237632457,3.152686310029919,PTPRA;FYN,GO_Biological_Process_2023
GO_Biological_Process_2023,Connective Tissue Development (GO:0061448),3/38,0.2440033035185953,0.9481331937644788,0,0,1.819662742602609,2.566768070528889,DDRGK1;ZBTB16;ITGB8,GO_Biological_Process_2023
GO_Biological_Process_2023,Maturation Of SSU-rRNA (GO:0030490),3/38,0.2440033035185953,0.9481331937644788,0,0,1.819662742602609,2.566768070528889,RPS28;RPS19;TSR3,GO_Biological_Process_2023
GO_Biological_Process_2023,Regulation Of Reactive Oxygen Species Metabolic Process (GO:2000377),4/56,0.2447141604956509,0.9481331937644788,0,0,1.6333933624903525,2.299269755207323,CDKN1A;ROMO1;COQ7;MT3,GO_Biological_Process_2023
GO_Biological_Process_2023,Positive Regulation Of Cellular Metabolic Process (GO:0031325),4/56,0.2447141604956509,0.9481331937644788,0,0,1.6333933624903525,2.299269755207323,LIPT2;CDKN1A;ROMO1;MT3,GO_Biological_Process_2023
GO_Biological_Process_2023,Plasma Membrane Bounded Cell Projection Organization (GO:0120036),8/132,0.2448219488779552,0.9481331937644788,0,0,1.3708774338041396,1.929131724492959,VAPA;BLOC1S1;NPY;STMN1;RAB13;APOE;PHPT1;CDK16,GO_Biological_Process_2023
GO_Biological_Process_2023,Defense Response To Gram-negative Bacterium (GO:0050829),5/75,0.2489217105686722,0.9481331937644788,0,0,1.5169802295918366,2.1095382643569165,IGHM;RPL30;RPS19;ROMO1;TLR4,GO_Biological_Process_2023
GO_Biological_Process_2023,Muscle Contraction (GO:0006936),6/94,0.249257647566461,0.9481331937644788,0,0,1.4482732351447436,2.012039933550165,GAMT;GLRA1;MYL6;PABPN1;SLMAP;BDKRB2,GO_Biological_Process_2023
GO_Biological_Process_2023,Striated Muscle Contraction (GO:0006941),4/57,0.254644759790511,0.9481331937644788,0,0,1.6024904818998338,2.192023981153885,MYH7B;GRK2;JSRP1;CCDC78,GO_Biological_Process_2023
GO_Biological_Process_2023,Regulation Of Mitotic Spindle Organization (GO:0060236),3/39,0.2562399059128674,0.9481331937644788,0,0,1.7690237564959168,2.4087755260122625,PLK1;HSPA1B;HSPA1A,GO_Biological_Process_2023
GO_Biological_Process_2023,Regulation Of Nitric Oxide Biosynthetic Process (GO:0045428),3/39,0.2562399059128674,0.9481331937644788,0,0,1.7690237564959168,2.4087755260122625,PTGIS;PTGS2;TLR4,GO_Biological_Process_2023
GO_Biological_Process_2023,Regulation Of Protein Targeting To Mitochondrion (GO:1903214),3/39,0.2562399059128674,0.9481331937644788,0,0,1.7690237564959168,2.4087755260122625,HUWE1;TOMM7;HTRA2,GO_Biological_Process_2023
GO_Biological_Process_2023,Release Of Sequestered Calcium Ion Into Cytosol (GO:0051209),3/39,0.2562399059128674,0.9481331937644788,0,0,1.7690237564959168,2.4087755260122625,FLNA;PLCG1;DRD2,GO_Biological_Process_2023
GO_Biological_Process_2023,Fibroblast Growth Factor Receptor Signaling Pathway (GO:0008543),3/39,0.2562399059128674,0.9481331937644788,0,0,1.7690237564959168,2.4087755260122625,SETX;FGF23;FGF22,GO_Biological_Process_2023
GO_Biological_Process_2023,Vitamin Transport (GO:0051180),3/39,0.2562399059128674,0.9481331937644788,0,0,1.7690237564959168,2.4087755260122625,SLC23A2;SLC2A1;SLC19A3,GO_Biological_Process_2023
GO_Biological_Process_2023,Negative Regulation Of Mitochondrion Organization (GO:0010823),3/39,0.2562399059128674,0.9481331937644788,0,0,1.7690237564959168,2.4087755260122625,HUWE1;SLC25A4;HSPA1A,GO_Biological_Process_2023
GO_Biological_Process_2023,Positive Regulation Of Intrinsic Apoptotic Signaling Pathway (GO:2001244),3/39,0.2562399059128674,0.9481331937644788,0,0,1.7690237564959168,2.4087755260122625,FIS1;PLEKHF1;STYXL1,GO_Biological_Process_2023
GO_Biological_Process_2023,Negative Regulation Of Gene Expression (GO:0010629),18/336,0.2576587364694067,0.9481331937644788,0,0,1.203935981538067,1.632680816312808,NANOS1;DDX3X;CIDEA;PLA2G3;PARP14;BMI1;MACROH2A1;RBL1;DDRGK1;CREB3L1;ITGB8;APOE;CALR;VHL;PAIP2;HRAS;HSPA1B;HSPA1A,GO_Biological_Process_2023
GO_Biological_Process_2023,mRNA Processing (GO:0006397),12/214,0.2588715161092998,0.9481331937644788,0,0,1.2627604717727117,1.7065240718270884,LSM8;LSM7;SNRPD2;SNRNP70;SNRPG;SNRPE;SNRPD3;SNRPF;SRSF5;HNRNPA1;SRSF10;LSM4,GO_Biological_Process_2023
GO_Biological_Process_2023,Positive Regulation Of Cellular Biosynthetic Process (GO:0031328),10/174,0.2596154437124841,0.9481331937644788,0,0,1.295817251101804,1.7474792852108074,RBM3;EGR1;EPM2AIP1;DDX3X;CIRBP;PRR16;PTGS2;TLR4;FOXO1;GCK,GO_Biological_Process_2023
GO_Biological_Process_2023,Fc Receptor Mediated Stimulatory Signaling Pathway (GO:0002431),2/22,0.2608131150271476,0.9481331937644788,0,0,2.1222469410456064,2.8521962435584127,NR4A3;FYN,GO_Biological_Process_2023
GO_Biological_Process_2023,Fc-epsilon Receptor Signaling Pathway (GO:0038095),2/22,0.2608131150271476,0.9481331937644788,0,0,2.1222469410456064,2.8521962435584127,NR4A3;PLCG1,GO_Biological_Process_2023
GO_Biological_Process_2023,Regulation Of Intracellular Steroid Hormone Receptor Signaling Pathway (GO:0033143),2/22,0.2608131150271476,0.9481331937644788,0,0,2.1222469410456064,2.8521962435584127,DDRGK1;RNF6,GO_Biological_Process_2023
GO_Biological_Process_2023,Cellular Response To Cadmium Ion (GO:0071276),2/22,0.2608131150271476,0.9481331937644788,0,0,2.1222469410456064,2.8521962435584127,MAPK1;FOS,GO_Biological_Process_2023
GO_Biological_Process_2023,Cellular Response To Interferon-Beta (GO:0035458),2/22,0.2608131150271476,0.9481331937644788,0,0,2.1222469410456064,2.8521962435584127,NDUFA13;HTRA2,GO_Biological_Process_2023
GO_Biological_Process_2023,Glucose Transmembrane Transport (GO:1904659),2/22,0.2608131150271476,0.9481331937644788,0,0,2.1222469410456064,2.8521962435584127,SLC2A1;SLC5A3,GO_Biological_Process_2023
GO_Biological_Process_2023,Hexose Transmembrane Transport (GO:0008645),2/22,0.2608131150271476,0.9481331937644788,0,0,2.1222469410456064,2.8521962435584127,SLC2A1;SLC5A3,GO_Biological_Process_2023
GO_Biological_Process_2023,Negative Regulation Of G Protein-Coupled Receptor Signaling Pathway (GO:0045744),2/22,0.2608131150271476,0.9481331937644788,0,0,2.1222469410456064,2.8521962435584127,GRK2;STMN1,GO_Biological_Process_2023
GO_Biological_Process_2023,Negative Regulation Of Axonogenesis (GO:0050771),2/22,0.2608131150271476,0.9481331937644788,0,0,2.1222469410456064,2.8521962435584127,RNF6;MT3,GO_Biological_Process_2023
GO_Biological_Process_2023,Oxoacid Metabolic Process (GO:0043436),2/22,0.2608131150271476,0.9481331937644788,0,0,2.1222469410456064,2.8521962435584127,LIPT2;SULT1A1,GO_Biological_Process_2023
GO_Biological_Process_2023,Positive Regulation Of Cholesterol Efflux (GO:0010875),2/22,0.2608131150271476,0.9481331937644788,0,0,2.1222469410456064,2.8521962435584127,NFKBIA;APOE,GO_Biological_Process_2023
GO_Biological_Process_2023,Regulation Of Neuron Death (GO:1901214),4/58,0.2646555844648792,0.9481331937644788,0,0,1.5727321524422977,2.0906737091603143,C1QA;EGR1;HTRA2;FYN,GO_Biological_Process_2023
GO_Biological_Process_2023,Selective Autophagy (GO:0061912),4/58,0.2646555844648792,0.9481331937644788,0,0,1.5727321524422977,2.0906737091603143,DDRGK1;UBQLN1;VHL;CALR,GO_Biological_Process_2023
GO_Biological_Process_2023,Muscle Organ Development (GO:0007517),4/58,0.2646555844648792,0.9481331937644788,0,0,1.5727321524422977,2.0906737091603143,COPRS;TRIM72;CTF1;MEF2D,GO_Biological_Process_2023
GO_Biological_Process_2023,Ribosome Biogenesis (GO:0042254),9/155,0.2650062040712742,0.9481331937644788,0,0,1.3097932919712514,1.7394081659169152,RPS15;RPS9;RPS28;RPS27;RPS19;RPL11;RPL35A;PIN4;RPS23,GO_Biological_Process_2023
GO_Biological_Process_2023,Chloride Transport (GO:0006821),5/77,0.2661078353682305,0.9481331937644788,0,0,1.4746868799603174,1.9522696178299896,GABRB2;GLRA1;GLRA3;SLC12A5;SLC26A6,GO_Biological_Process_2023
GO_Biological_Process_2023,Monoatomic Cation Homeostasis (GO:0055080),5/77,0.2661078353682305,0.9481331937644788,0,0,1.4746868799603174,1.9522696178299896,SLC12A5;KCNA1;ITPR3;MT3;SLC9B2,GO_Biological_Process_2023
GO_Biological_Process_2023,Cyclic-Nucleotide-Mediated Signaling (GO:0019935),3/40,0.2685576930752198,0.9481331937644788,0,0,1.7211220128814784,2.262741066653743,GUCY1A2;PDE3A;APOE,GO_Biological_Process_2023
GO_Biological_Process_2023,Water-Soluble Vitamin Metabolic Process (GO:0006767),3/40,0.2685576930752198,0.9481331937644788,0,0,1.7211220128814784,2.262741066653743,SLC23A2;SLC2A1;SLC19A3,GO_Biological_Process_2023
GO_Biological_Process_2023,Negative Regulation Of Mitotic Cell Cycle Phase Transition (GO:1901991),3/40,0.2685576930752198,0.9481331937644788,0,0,1.7211220128814784,2.262741066653743,CDKN1A;RBL1;INHBA,GO_Biological_Process_2023
GO_Biological_Process_2023,Positive Regulation Of Cell Cycle G1/S Phase Transition (GO:1902808),3/40,0.2685576930752198,0.9481331937644788,0,0,1.7211220128814784,2.262741066653743,ANKRD17;DDX3X;DDRGK1,GO_Biological_Process_2023
GO_Biological_Process_2023,Microtubule Cytoskeleton Organization Involved In Mitosis (GO:1902850),4/59,0.2747376016776647,0.9481331937644788,0,0,1.544055944055944,1.9948258028722168,KIF3B;STMN1;PLK1;KPNB1,GO_Biological_Process_2023
GO_Biological_Process_2023,Mitotic Cytokinesis (GO:0000281),4/59,0.2747376016776647,0.9481331937644788,0,0,1.544055944055944,1.9948258028722168,ARL3;CFL1;STMN1;PLK1,GO_Biological_Process_2023
GO_Biological_Process_2023,Positive Regulation Of Proteolysis (GO:0045862),4/59,0.2747376016776647,0.9481331937644788,0,0,1.544055944055944,1.9948258028722168,NDUFA13;IST1;PLK1;APOE,GO_Biological_Process_2023
GO_Biological_Process_2023,ADP Transport (GO:0015866),1/7,0.2758255553737471,0.9481331937644788,0,0,3.535740740740741,4.55398690318193,SLC25A4,GO_Biological_Process_2023
GO_Biological_Process_2023,Regulation Of Chaperone-Mediated Autophagy (GO:1904714),1/7,0.2758255553737471,0.9481331937644788,0,0,3.535740740740741,4.55398690318193,SNRNP70,GO_Biological_Process_2023
GO_Biological_Process_2023,Regulation Of Chemokine (C-C Motif) Ligand 5 Production (GO:0071649),1/7,0.2758255553737471,0.9481331937644788,0,0,3.535740740740741,4.55398690318193,DDX3X,GO_Biological_Process_2023
GO_Biological_Process_2023,DNA Ligation (GO:0006266),1/7,0.2758255553737471,0.9481331937644788,0,0,3.535740740740741,4.55398690318193,MGMT,GO_Biological_Process_2023
GO_Biological_Process_2023,Regulation Of Dendritic Cell Chemotaxis (GO:2000508),1/7,0.2758255553737471,0.9481331937644788,0,0,3.535740740740741,4.55398690318193,CALR,GO_Biological_Process_2023
GO_Biological_Process_2023,Regulation Of Dopamine Receptor Signaling Pathway (GO:0060159),1/7,0.2758255553737471,0.9481331937644788,0,0,3.535740740740741,4.55398690318193,DRD2,GO_Biological_Process_2023
GO_Biological_Process_2023,Regulation Of Dopamine Uptake Involved In Synaptic Transmission (GO:0051584),1/7,0.2758255553737471,0.9481331937644788,0,0,3.535740740740741,4.55398690318193,DRD2,GO_Biological_Process_2023
GO_Biological_Process_2023,Regulation Of Extent Of Cell Growth (GO:0061387),1/7,0.2758255553737471,0.9481331937644788,0,0,3.535740740740741,4.55398690318193,APOE,GO_Biological_Process_2023
GO_Biological_Process_2023,Regulation Of Heterochromatin Formation (GO:0031445),1/7,0.2758255553737471,0.9481331937644788,0,0,3.535740740740741,4.55398690318193,MACROH2A1,GO_Biological_Process_2023
GO_Biological_Process_2023,TRIF-dependent Toll-Like Receptor Signaling Pathway (GO:0035666),1/7,0.2758255553737471,0.9481331937644788,0,0,3.535740740740741,4.55398690318193,TLR4,GO_Biological_Process_2023
GO_Biological_Process_2023,Adenylate Cyclase-Inhibiting G Protein-Coupled Acetylcholine Receptor Signaling Pathway (GO:0007197),1/7,0.2758255553737471,0.9481331937644788,0,0,3.535740740740741,4.55398690318193,OPRM1,GO_Biological_Process_2023
GO_Biological_Process_2023,Alditol Metabolic Process (GO:0019400),1/7,0.2758255553737471,0.9481331937644788,0,0,3.535740740740741,4.55398690318193,GCK,GO_Biological_Process_2023
GO_Biological_Process_2023,Amine Transport (GO:0015837),1/7,0.2758255553737471,0.9481331937644788,0,0,3.535740740740741,4.55398690318193,SLC18A2,GO_Biological_Process_2023
GO_Biological_Process_2023,Amino Sugar Catabolic Process (GO:0046348),1/7,0.2758255553737471,0.9481331937644788,0,0,3.535740740740741,4.55398690318193,NAGK,GO_Biological_Process_2023
GO_Biological_Process_2023,Atrial Cardiac Muscle Cell To AV Node Cell Signaling (GO:0086026),1/7,0.2758255553737471,0.9481331937644788,0,0,3.535740740740741,4.55398690318193,KCNA5,GO_Biological_Process_2023
GO_Biological_Process_2023,Regulation Of Oxidative Stress-Induced Cell Death (GO:1903201),1/7,0.2758255553737471,0.9481331937644788,0,0,3.535740740740741,4.55398690318193,UBQLN1,GO_Biological_Process_2023
GO_Biological_Process_2023,Regulation Of Protein Localization To Cell Cortex (GO:1904776),1/7,0.2758255553737471,0.9481331937644788,0,0,3.535740740740741,4.55398690318193,PLK1,GO_Biological_Process_2023
GO_Biological_Process_2023,Regulation Of Transcription From RNA Polymerase II Promoter In Response To Hypoxia (GO:0061418),1/7,0.2758255553737471,0.9481331937644788,0,0,3.535740740740741,4.55398690318193,VHL,GO_Biological_Process_2023
GO_Biological_Process_2023,Regulation Of Transforming Growth Factor Beta Activation (GO:1901388),1/7,0.2758255553737471,0.9481331937644788,0,0,3.535740740740741,4.55398690318193,ITGB8,GO_Biological_Process_2023
GO_Biological_Process_2023,Cellular Response To Nitric Oxide (GO:0071732),1/7,0.2758255553737471,0.9481331937644788,0,0,3.535740740740741,4.55398690318193,FOXO1,GO_Biological_Process_2023
GO_Biological_Process_2023,Cellular Response To Reactive Nitrogen Species (GO:1902170),1/7,0.2758255553737471,0.9481331937644788,0,0,3.535740740740741,4.55398690318193,FOXO1,GO_Biological_Process_2023
GO_Biological_Process_2023,Cytoplasmic Sequestering Of NF-kappaB (GO:0007253),1/7,0.2758255553737471,0.9481331937644788,0,0,3.535740740740741,4.55398690318193,NFKBIA,GO_Biological_Process_2023
GO_Biological_Process_2023,Depyrimidination (GO:0045008),1/7,0.2758255553737471,0.9481331937644788,0,0,3.535740740740741,4.55398690318193,NTHL1,GO_Biological_Process_2023
GO_Biological_Process_2023,Sialylation (GO:0097503),1/7,0.2758255553737471,0.9481331937644788,0,0,3.535740740740741,4.55398690318193,ST3GAL1,GO_Biological_Process_2023
GO_Biological_Process_2023,"Endonucleolytic Cleavage In ITS1 To Separate SSU-rRNA From 5.8S rRNA And LSU-rRNA From Tricistronic rRNA Transcript (SSU-rRNA, 5.8S rRNA, LSU-rRNA) (GO:0000447)",1/7,0.2758255553737471,0.9481331937644788,0,0,3.535740740740741,4.55398690318193,RPS21,GO_Biological_Process_2023
GO_Biological_Process_2023,snRNA Transcription By RNA Polymerase III (GO:0042796),1/7,0.2758255553737471,0.9481331937644788,0,0,3.535740740740741,4.55398690318193,SNAPC5,GO_Biological_Process_2023
GO_Biological_Process_2023,Somatic Hypermutation Of Immunoglobulin Genes (GO:0016446),1/7,0.2758255553737471,0.9481331937644788,0,0,3.535740740740741,4.55398690318193,POLQ,GO_Biological_Process_2023
GO_Biological_Process_2023,Spermidine Metabolic Process (GO:0008216),1/7,0.2758255553737471,0.9481331937644788,0,0,3.535740740740741,4.55398690318193,SLC38A2,GO_Biological_Process_2023
GO_Biological_Process_2023,Store-Operated Calcium Entry (GO:0002115),1/7,0.2758255553737471,0.9481331937644788,0,0,3.535740740740741,4.55398690318193,CRACR2B,GO_Biological_Process_2023
GO_Biological_Process_2023,Stress-Induced Premature Senescence (GO:0090400),1/7,0.2758255553737471,0.9481331937644788,0,0,3.535740740740741,4.55398690318193,CDKN1A,GO_Biological_Process_2023
GO_Biological_Process_2023,Establishment Of Protein Localization To Peroxisome (GO:0072663),1/7,0.2758255553737471,0.9481331937644788,0,0,3.535740740740741,4.55398690318193,ZFAND6,GO_Biological_Process_2023
GO_Biological_Process_2023,tRNA Transcription By RNA Polymerase III (GO:0042797),1/7,0.2758255553737471,0.9481331937644788,0,0,3.535740740740741,4.55398690318193,POLR2L,GO_Biological_Process_2023
GO_Biological_Process_2023,Termination Of RNA Polymerase II Transcription (GO:0006369),1/7,0.2758255553737471,0.9481331937644788,0,0,3.535740740740741,4.55398690318193,SETX,GO_Biological_Process_2023
GO_Biological_Process_2023,Thyroid Gland Development (GO:0030878),1/7,0.2758255553737471,0.9481331937644788,0,0,3.535740740740741,4.55398690318193,NKX2-1,GO_Biological_Process_2023
GO_Biological_Process_2023,Very-Low-Density Lipoprotein Particle Remodeling (GO:0034372),1/7,0.2758255553737471,0.9481331937644788,0,0,3.535740740740741,4.55398690318193,APOE,GO_Biological_Process_2023
GO_Biological_Process_2023,Histone Lysine Demethylation (GO:0070076),1/7,0.2758255553737471,0.9481331937644788,0,0,3.535740740740741,4.55398690318193,UTY,GO_Biological_Process_2023
GO_Biological_Process_2023,Hyperosmotic Response (GO:0006972),1/7,0.2758255553737471,0.9481331937644788,0,0,3.535740740740741,4.55398690318193,TLR3,GO_Biological_Process_2023
GO_Biological_Process_2023,Inhibitory Postsynaptic Potential (GO:0060080),1/7,0.2758255553737471,0.9481331937644788,0,0,3.535740740740741,4.55398690318193,GLRA1,GO_Biological_Process_2023
GO_Biological_Process_2023,Intracellular pH Elevation (GO:0051454),1/7,0.2758255553737471,0.9481331937644788,0,0,3.535740740740741,4.55398690318193,SLC26A6,GO_Biological_Process_2023
GO_Biological_Process_2023,"Negative Regulation Of CD8-positive, Alpha-Beta T Cell Activation (GO:2001186)",1/7,0.2758255553737471,0.9481331937644788,0,0,3.535740740740741,4.55398690318193,VSIR,GO_Biological_Process_2023
GO_Biological_Process_2023,Negative Regulation Of cAMP-dependent Protein Kinase Activity (GO:2000480),1/7,0.2758255553737471,0.9481331937644788,0,0,3.535740740740741,4.55398690318193,PRKAR2B,GO_Biological_Process_2023
GO_Biological_Process_2023,Negative Regulation Of Cell Cycle G2/M Phase Transition (GO:1902750),1/7,0.2758255553737471,0.9481331937644788,0,0,3.535740740740741,4.55398690318193,MACROH2A1,GO_Biological_Process_2023
GO_Biological_Process_2023,Negative Regulation Of Macrophage Migration (GO:1905522),1/7,0.2758255553737471,0.9481331937644788,0,0,3.535740740740741,4.55398690318193,UXT,GO_Biological_Process_2023
GO_Biological_Process_2023,Negative Regulation Of Mitochondrial Fusion (GO:0010637),1/7,0.2758255553737471,0.9481331937644788,0,0,3.535740740740741,4.55398690318193,HUWE1,GO_Biological_Process_2023
GO_Biological_Process_2023,Negative Regulation Of Muscle Cell Differentiation (GO:0051148),1/7,0.2758255553737471,0.9481331937644788,0,0,3.535740740740741,4.55398690318193,ZBED6,GO_Biological_Process_2023
GO_Biological_Process_2023,Negative Regulation Of Nitric Oxide Biosynthetic Process (GO:0045019),1/7,0.2758255553737471,0.9481331937644788,0,0,3.535740740740741,4.55398690318193,PTGIS,GO_Biological_Process_2023
GO_Biological_Process_2023,Negative Regulation Of Nitric Oxide Metabolic Process (GO:1904406),1/7,0.2758255553737471,0.9481331937644788,0,0,3.535740740740741,4.55398690318193,PTGIS,GO_Biological_Process_2023
GO_Biological_Process_2023,Positive Regulation By Host Of Viral Genome Replication (GO:0044829),1/7,0.2758255553737471,0.9481331937644788,0,0,3.535740740740741,4.55398690318193,VAPA,GO_Biological_Process_2023
GO_Biological_Process_2023,Positive Regulation Of CoA-transferase Activity (GO:1905920),1/7,0.2758255553737471,0.9481331937644788,0,0,3.535740740740741,4.55398690318193,APOE,GO_Biological_Process_2023
GO_Biological_Process_2023,Positive Regulation Of DNA Demethylation (GO:1901537),1/7,0.2758255553737471,0.9481331937644788,0,0,3.535740740740741,4.55398690318193,HNRNPAB,GO_Biological_Process_2023
GO_Biological_Process_2023,Positive Regulation Of T-helper 2 Cell Cytokine Production (GO:2000553),1/7,0.2758255553737471,0.9481331937644788,0,0,3.535740740740741,4.55398690318193,RSAD2,GO_Biological_Process_2023
GO_Biological_Process_2023,Positive Regulation Of Dendritic Cell Chemotaxis (GO:2000510),1/7,0.2758255553737471,0.9481331937644788,0,0,3.535740740740741,4.55398690318193,CALR,GO_Biological_Process_2023
GO_Biological_Process_2023,Positive Regulation Of Execution Phase Of Apoptosis (GO:1900119),1/7,0.2758255553737471,0.9481331937644788,0,0,3.535740740740741,4.55398690318193,PTGIS,GO_Biological_Process_2023
GO_Biological_Process_2023,Positive Regulation Of Glial Cell Migration (GO:1903977),1/7,0.2758255553737471,0.9481331937644788,0,0,3.535740740740741,4.55398690318193,P2RY12,GO_Biological_Process_2023
GO_Biological_Process_2023,Positive Regulation Of Gluconeogenesis (GO:0045722),1/7,0.2758255553737471,0.9481331937644788,0,0,3.535740740740741,4.55398690318193,FOXO1,GO_Biological_Process_2023
GO_Biological_Process_2023,Positive Regulation Of Plasminogen Activation (GO:0010756),1/7,0.2758255553737471,0.9481331937644788,0,0,3.535740740740741,4.55398690318193,F12,GO_Biological_Process_2023
GO_Biological_Process_2023,Protein K27-linked Ubiquitination (GO:0044314),1/7,0.2758255553737471,0.9481331937644788,0,0,3.535740740740741,4.55398690318193,RNF6,GO_Biological_Process_2023
GO_Biological_Process_2023,Protein Localization To Cytoplasmic Stress Granule (GO:1903608),1/7,0.2758255553737471,0.9481331937644788,0,0,3.535740740740741,4.55398690318193,DDX3X,GO_Biological_Process_2023
GO_Biological_Process_2023,Protein Retention In ER Lumen (GO:0006621),1/7,0.2758255553737471,0.9481331937644788,0,0,3.535740740740741,4.55398690318193,KDELR2,GO_Biological_Process_2023
GO_Biological_Process_2023,protein-RNA Complex Disassembly (GO:0032988),1/7,0.2758255553737471,0.9481331937644788,0,0,3.535740740740741,4.55398690318193,DNAJC17,GO_Biological_Process_2023
GO_Biological_Process_2023,Regulation Of Cdc42 Protein Signal Transduction (GO:0032489),1/7,0.2758255553737471,0.9481331937644788,0,0,3.535740740740741,4.55398690318193,APOE,GO_Biological_Process_2023
GO_Biological_Process_2023,Regulation Of CoA-transferase Activity (GO:1905918),1/7,0.2758255553737471,0.9481331937644788,0,0,3.535740740740741,4.55398690318193,APOE,GO_Biological_Process_2023
GO_Biological_Process_2023,Regulation Of T-helper 2 Cell Differentiation (GO:0045628),1/7,0.2758255553737471,0.9481331937644788,0,0,3.535740740740741,4.55398690318193,SOCS5,GO_Biological_Process_2023
GO_Biological_Process_2023,Negative Regulation Of Cellular Biosynthetic Process (GO:0031327),8/137,0.2768113765222258,0.9481331937644788,0,0,1.3173954182834622,1.6920876476994802,NANOS1;CDKN1A;DDX3X;PTGIS;FYN;CALR;PAIP2;GCK,GO_Biological_Process_2023
GO_Biological_Process_2023,Potassium Ion Transmembrane Transport (GO:0071805),8/137,0.2768113765222258,0.9481331937644788,0,0,1.3173954182834622,1.6920876476994802,KCNG1;KCNJ6;KCNH5;SLC12A5;SLC9A7;KCNA1;KCNA3;KCNA5,GO_Biological_Process_2023
GO_Biological_Process_2023,Long-Chain Fatty Acid Transport (GO:0015909),2/23,0.2777815465957159,0.9481331937644788,0,0,2.0210816250860746,2.588844436680987,FABP3;APOE,GO_Biological_Process_2023
GO_Biological_Process_2023,Negative Regulation Of Actin Filament Polymerization (GO:0030837),2/23,0.2777815465957159,0.9481331937644788,0,0,2.0210816250860746,2.588844436680987,CYRIB;TMSB10,GO_Biological_Process_2023
GO_Biological_Process_2023,Negative Regulation Of Neuron Differentiation (GO:0045665),2/23,0.2777815465957159,0.9481331937644788,0,0,2.0210816250860746,2.588844436680987,DTX1;CALR,GO_Biological_Process_2023
GO_Biological_Process_2023,Negative Regulation Of Oxidative Stress-Induced Cell Death (GO:1903202),2/23,0.2777815465957159,0.9481331937644788,0,0,2.0210816250860746,2.588844436680987,HTRA2;FYN,GO_Biological_Process_2023
GO_Biological_Process_2023,"Positive Regulation Of mRNA Splicing, Via Spliceosome (GO:0048026)",2/23,0.2777815465957159,0.9481331937644788,0,0,2.0210816250860746,2.588844436680987,RBM3;CIRBP,GO_Biological_Process_2023
GO_Biological_Process_2023,Protein Localization To Cell Junction (GO:1902414),2/23,0.2777815465957159,0.9481331937644788,0,0,2.0210816250860746,2.588844436680987,CGNL1;SHANK1,GO_Biological_Process_2023
GO_Biological_Process_2023,Regulation Of Cell Junction Assembly (GO:1901888),2/23,0.2777815465957159,0.9481331937644788,0,0,2.0210816250860746,2.588844436680987,RAP1B;F11R,GO_Biological_Process_2023
GO_Biological_Process_2023,Response To Amino Acid Starvation (GO:1990928),3/41,0.2809404409254715,0.9481331937644788,0,0,1.6757414136677995,2.1275423898679477,CDKN1A;SZT2;MAPK1,GO_Biological_Process_2023
GO_Biological_Process_2023,Response To Retinoic Acid (GO:0032526),4/60,0.2848819153251472,0.9481331937644788,0,0,1.5164038859691034,1.9041188151585204,SETX;NDUFA13;HTRA2;WNT9A,GO_Biological_Process_2023
GO_Biological_Process_2023,DNA-templated Transcription (GO:0006351),11/199,0.2863398241291907,0.9481331937644788,0,0,1.2432524503944538,1.5547816481240728,SETX;DRAP1;CEBPD;TAF10;CCDC124;NKX2-1;DTX1;PTMA;POLR2J;POLR2K;POLR2L,GO_Biological_Process_2023
GO_Biological_Process_2023,Regulation Of Neurotransmitter Receptor Activity (GO:0099601),3/42,0.2933725035721102,0.9481331937644788,0,0,1.6326880246702071,2.0021851359966183,OPRM1;NPTX2;SHANK1,GO_Biological_Process_2023
GO_Biological_Process_2023,Regulation Of Osteoclast Differentiation (GO:0045670),3/42,0.2933725035721102,0.9481331937644788,0,0,1.6326880246702071,2.0021851359966183,CARTPT;TLR4;TLR3,GO_Biological_Process_2023
GO_Biological_Process_2023,Cellular Response To Amino Acid Starvation (GO:0034198),3/42,0.2933725035721102,0.9481331937644788,0,0,1.6326880246702071,2.0021851359966183,CDKN1A;SZT2;MAPK1,GO_Biological_Process_2023
GO_Biological_Process_2023,Lysosome Localization (GO:0032418),3/42,0.2933725035721102,0.9481331937644788,0,0,1.6326880246702071,2.0021851359966183,NR4A3;BLOC1S1;S100A13,GO_Biological_Process_2023
GO_Biological_Process_2023,Positive Regulation Of Calcium Ion Transmembrane Transport (GO:1904427),3/42,0.2933725035721102,0.9481331937644788,0,0,1.6326880246702071,2.0021851359966183,CALCR;PLCG1;CASQ1,GO_Biological_Process_2023
GO_Biological_Process_2023,Regulation Of Cysteine-Type Endopeptidase Activity (GO:2000116),2/24,0.2947229521904305,0.9481331937644788,0,0,1.9291131560319548,2.356835177855648,FYN;MT3,GO_Biological_Process_2023
GO_Biological_Process_2023,Regulation Of Endoplasmic Reticulum Stress-Induced Intrinsic Apoptotic Signaling Pathway (GO:1902235),2/24,0.2947229521904305,0.9481331937644788,0,0,1.9291131560319548,2.356835177855648,CREB3L1;HSPA1A,GO_Biological_Process_2023
GO_Biological_Process_2023,Regulation Of Execution Phase Of Apoptosis (GO:1900117),2/24,0.2947229521904305,0.9481331937644788,0,0,1.9291131560319548,2.356835177855648,PTGIS;CIDEA,GO_Biological_Process_2023
GO_Biological_Process_2023,Acylglycerol Homeostasis (GO:0055090),2/24,0.2947229521904305,0.9481331937644788,0,0,1.9291131560319548,2.356835177855648,ANGPTL4;APOE,GO_Biological_Process_2023
GO_Biological_Process_2023,Response To Purine-Containing Compound (GO:0014074),2/24,0.2947229521904305,0.9481331937644788,0,0,1.9291131560319548,2.356835177855648,TLR7;ADA,GO_Biological_Process_2023
GO_Biological_Process_2023,Positive Regulation Of Peptidyl-Threonine Phosphorylation (GO:0010800),2/24,0.2947229521904305,0.9481331937644788,0,0,1.9291131560319548,2.356835177855648,PLK1;MAPK1,GO_Biological_Process_2023
GO_Biological_Process_2023,Protein Exit From Endoplasmic Reticulum (GO:0032527),2/24,0.2947229521904305,0.9481331937644788,0,0,1.9291131560319548,2.356835177855648,TMED9;SEC61B,GO_Biological_Process_2023
GO_Biological_Process_2023,Protein Kinase B Signaling (GO:0043491),2/24,0.2947229521904305,0.9481331937644788,0,0,1.9291131560319548,2.356835177855648,SETX;MT3,GO_Biological_Process_2023
GO_Biological_Process_2023,Protein Complex Oligomerization (GO:0051259),6/100,0.295680521843926,0.9481331937644788,0,0,1.3554023535005348,1.6515248662105029,TRIM72;POLQ;GLRA3;MAT2A;FUS;PXDN,GO_Biological_Process_2023
GO_Biological_Process_2023,Transmembrane Receptor Protein Tyrosine Kinase Signaling Pathway (GO:0007169),15/284,0.3002801843334628,0.9481331937644788,0,0,1.18510158013544,1.425723766394892,EPHA6;SHC3;EPHA10;MERTK;FOXO1;UXT;SETX;NR4A3;STMN1;DDIT4;BDKRB2;MAPK1;FYN;FGF23;FGF22,GO_Biological_Process_2023
GO_Biological_Process_2023,Cytoskeleton-Dependent Cytokinesis (GO:0061640),5/81,0.3011964612077021,0.9481331937644788,0,0,1.3967780780075187,1.6761232626153648,IST1;ARL3;CFL1;STMN1;PLK1,GO_Biological_Process_2023
GO_Biological_Process_2023,Negative Regulation Of NF-kappaB Transcription Factor Activity (GO:0032088),5/81,0.3011964612077021,0.9481331937644788,0,0,1.3967780780075187,1.6761232626153648,NFKBIA;PTGIS;ANXA4;NFKBIL1;IRAK3,GO_Biological_Process_2023
GO_Biological_Process_2023,Fat Cell Differentiation (GO:0045444),4/62,0.3053226193190385,0.9481331937644788,0,0,1.463960327528543,1.7368224663073075,MKKS;NR4A3;CBY1;FOXO1,GO_Biological_Process_2023
GO_Biological_Process_2023,Positive Regulation Of Apoptotic Signaling Pathway (GO:2001235),4/62,0.3053226193190385,0.9481331937644788,0,0,1.463960327528543,1.7368224663073075,FIS1;PLEKHF1;TLR4;STYXL1,GO_Biological_Process_2023
GO_Biological_Process_2023,Regulation Of Primary Metabolic Process (GO:0080090),3/43,0.3058388265555228,0.9481331937644788,0,0,1.5917873051224944,1.8857856870293497,EDF1;APOE;MACROH2A1,GO_Biological_Process_2023
GO_Biological_Process_2023,Response To Amyloid-Beta (GO:1904645),3/43,0.3058388265555228,0.9481331937644788,0,0,1.5917873051224944,1.8857856870293497,CALCR;FYN;TLR4,GO_Biological_Process_2023
GO_Biological_Process_2023,Ephrin Receptor Signaling Pathway (GO:0048013),3/43,0.3058388265555228,0.9481331937644788,0,0,1.5917873051224944,1.8857856870293497,EPHA6;EPHA10;FYN,GO_Biological_Process_2023
GO_Biological_Process_2023,Learning (GO:0007612),3/43,0.3058388265555228,0.9481331937644788,0,0,1.5917873051224944,1.8857856870293497,FYN;DRD2;SHANK1,GO_Biological_Process_2023
GO_Biological_Process_2023,Positive Regulation Of miRNA Transcription (GO:1902895),3/43,0.3058388265555228,0.9481331937644788,0,0,1.5917873051224944,1.8857856870293497,FOSL1;EGR1;FOS,GO_Biological_Process_2023
GO_Biological_Process_2023,Regulation Of Macromolecule Metabolic Process (GO:0060255),9/162,0.3078616061003503,0.9481331937644788,0,0,1.2494064890530203,1.4719319416173091,HNRNPDL;UNCX;APOE;UTY;VHL;BMI1;COQ7;HNRNPAB;AFF2,GO_Biological_Process_2023
GO_Biological_Process_2023,Mitochondrion Organization (GO:0007005),9/162,0.3078616061003503,0.9481331937644788,0,0,1.2494064890530203,1.4719319416173091,TIMM8B;FIS1;MYH7B;TIMM13;TOMM7;TIMM10;COX7A1;HIGD1B;SLC25A4,GO_Biological_Process_2023
GO_Biological_Process_2023,Cdc42 Protein Signal Transduction (GO:0032488),1/8,0.3084609886130892,0.9481331937644788,0,0,3.0304761904761905,3.564324569190298,RHOV,GO_Biological_Process_2023
GO_Biological_Process_2023,Regulation Of Dendritic Spine Maintenance (GO:1902950),1/8,0.3084609886130892,0.9481331937644788,0,0,3.0304761904761905,3.564324569190298,FYN,GO_Biological_Process_2023
GO_Biological_Process_2023,MyD88-independent Toll-Like Receptor Signaling Pathway (GO:0002756),1/8,0.3084609886130892,0.9481331937644788,0,0,3.0304761904761905,3.564324569190298,TLR4,GO_Biological_Process_2023
GO_Biological_Process_2023,Regulation Of Glucan Biosynthetic Process (GO:0010962),1/8,0.3084609886130892,0.9481331937644788,0,0,3.0304761904761905,3.564324569190298,PPP1R3G,GO_Biological_Process_2023
GO_Biological_Process_2023,Regulation Of Helicase Activity (GO:0051095),1/8,0.3084609886130892,0.9481331937644788,0,0,3.0304761904761905,3.564324569190298,IFIT1,GO_Biological_Process_2023
GO_Biological_Process_2023,RNA Secondary Structure Unwinding (GO:0010501),1/8,0.3084609886130892,0.9481331937644788,0,0,3.0304761904761905,3.564324569190298,DDX3X,GO_Biological_Process_2023
GO_Biological_Process_2023,Regulation Of Interleukin-23 Production (GO:0032667),1/8,0.3084609886130892,0.9481331937644788,0,0,3.0304761904761905,3.564324569190298,TLR4,GO_Biological_Process_2023
GO_Biological_Process_2023,Acid Secretion (GO:0046717),1/8,0.3084609886130892,0.9481331937644788,0,0,3.0304761904761905,3.564324569190298,SLC26A6,GO_Biological_Process_2023
GO_Biological_Process_2023,Actin Filament Network Formation (GO:0051639),1/8,0.3084609886130892,0.9481331937644788,0,0,3.0304761904761905,3.564324569190298,COBL,GO_Biological_Process_2023
GO_Biological_Process_2023,Adult Heart Development (GO:0007512),1/8,0.3084609886130892,0.9481331937644788,0,0,3.0304761904761905,3.564324569190298,MEF2D,GO_Biological_Process_2023
GO_Biological_Process_2023,Alcohol Catabolic Process (GO:0046164),1/8,0.3084609886130892,0.9481331937644788,0,0,3.0304761904761905,3.564324569190298,APOE,GO_Biological_Process_2023
GO_Biological_Process_2023,Regulation Of Macrophage Migration (GO:1905521),1/8,0.3084609886130892,0.9481331937644788,0,0,3.0304761904761905,3.564324569190298,P2RY12,GO_Biological_Process_2023
GO_Biological_Process_2023,Regulation Of miRNA Metabolic Process (GO:2000628),1/8,0.3084609886130892,0.9481331937644788,0,0,3.0304761904761905,3.564324569190298,HRAS,GO_Biological_Process_2023
GO_Biological_Process_2023,Regulation Of Necrotic Cell Death (GO:0010939),1/8,0.3084609886130892,0.9481331937644788,0,0,3.0304761904761905,3.564324569190298,MT3,GO_Biological_Process_2023
GO_Biological_Process_2023,Astral Microtubule Organization (GO:0030953),1/8,0.3084609886130892,0.9481331937644788,0,0,3.0304761904761905,3.564324569190298,KPNB1,GO_Biological_Process_2023
GO_Biological_Process_2023,Regulation Of Nuclear Cell Cycle DNA Replication (GO:0033262),1/8,0.3084609886130892,0.9481331937644788,0,0,3.0304761904761905,3.564324569190298,DBF4,GO_Biological_Process_2023
GO_Biological_Process_2023,Regulation Of Skeletal Muscle Cell Differentiation (GO:2001014),1/8,0.3084609886130892,0.9481331937644788,0,0,3.0304761904761905,3.564324569190298,UQCC2,GO_Biological_Process_2023
GO_Biological_Process_2023,Cilium Movement Involved In Cell Motility (GO:0060294),1/8,0.3084609886130892,0.9481331937644788,0,0,3.0304761904761905,3.564324569190298,TEKT4,GO_Biological_Process_2023
GO_Biological_Process_2023,Dehydroascorbic Acid Transport (GO:0070837),1/8,0.3084609886130892,0.9481331937644788,0,0,3.0304761904761905,3.564324569190298,SLC2A1,GO_Biological_Process_2023
GO_Biological_Process_2023,Response To Magnesium Ion (GO:0032026),1/8,0.3084609886130892,0.9481331937644788,0,0,3.0304761904761905,3.564324569190298,KCNA1,GO_Biological_Process_2023
GO_Biological_Process_2023,Response To Misfolded Protein (GO:0051788),1/8,0.3084609886130892,0.9481331937644788,0,0,3.0304761904761905,3.564324569190298,F12,GO_Biological_Process_2023
GO_Biological_Process_2023,Detection Of Mechanical Stimulus Involved In Sensory Perception Of Sound (GO:0050910),1/8,0.3084609886130892,0.9481331937644788,0,0,3.0304761904761905,3.564324569190298,MKKS,GO_Biological_Process_2023
GO_Biological_Process_2023,Ribonucleoside Bisphosphate Catabolic Process (GO:0034031),1/8,0.3084609886130892,0.9481331937644788,0,0,3.0304761904761905,3.564324569190298,NUDT8,GO_Biological_Process_2023
GO_Biological_Process_2023,Sequestering Of Actin Monomers (GO:0042989),1/8,0.3084609886130892,0.9481331937644788,0,0,3.0304761904761905,3.564324569190298,TMSB10,GO_Biological_Process_2023
GO_Biological_Process_2023,Serotonin Uptake (GO:0051610),1/8,0.3084609886130892,0.9481331937644788,0,0,3.0304761904761905,3.564324569190298,SLC18A2,GO_Biological_Process_2023
GO_Biological_Process_2023,Endothelial Cell Chemotaxis (GO:0035767),1/8,0.3084609886130892,0.9481331937644788,0,0,3.0304761904761905,3.564324569190298,RAB13,GO_Biological_Process_2023
GO_Biological_Process_2023,Establishment Of Protein Localization To Chromatin (GO:0071169),1/8,0.3084609886130892,0.9481331937644788,0,0,3.0304761904761905,3.564324569190298,MACROH2A1,GO_Biological_Process_2023
GO_Biological_Process_2023,succinyl-CoA Metabolic Process (GO:0006104),1/8,0.3084609886130892,0.9481331937644788,0,0,3.0304761904761905,3.564324569190298,NUDT8,GO_Biological_Process_2023
GO_Biological_Process_2023,Fat-Soluble Vitamin Catabolic Process (GO:0042363),1/8,0.3084609886130892,0.9481331937644788,0,0,3.0304761904761905,3.564324569190298,FGF23,GO_Biological_Process_2023
GO_Biological_Process_2023,tRNA Transcription (GO:0009304),1/8,0.3084609886130892,0.9481331937644788,0,0,3.0304761904761905,3.564324569190298,POLR2L,GO_Biological_Process_2023
GO_Biological_Process_2023,Triglyceride-Rich Lipoprotein Particle Remodeling (GO:0034370),1/8,0.3084609886130892,0.9481331937644788,0,0,3.0304761904761905,3.564324569190298,APOE,GO_Biological_Process_2023
GO_Biological_Process_2023,Glutamine Transport (GO:0006868),1/8,0.3084609886130892,0.9481331937644788,0,0,3.0304761904761905,3.564324569190298,SLC38A2,GO_Biological_Process_2023
GO_Biological_Process_2023,Ubiquitin-Dependent Protein Catabolic Process Via The C-end Degron Rule Pathway (GO:0140627),1/8,0.3084609886130892,0.9481331937644788,0,0,3.0304761904761905,3.564324569190298,KLHDC2,GO_Biological_Process_2023
GO_Biological_Process_2023,Inner Ear Receptor Cell Development (GO:0060119),1/8,0.3084609886130892,0.9481331937644788,0,0,3.0304761904761905,3.564324569190298,SLC4A7,GO_Biological_Process_2023
GO_Biological_Process_2023,Interleukin-12-Mediated Signaling Pathway (GO:0035722),1/8,0.3084609886130892,0.9481331937644788,0,0,3.0304761904761905,3.564324569190298,IL12RB2,GO_Biological_Process_2023
GO_Biological_Process_2023,Intestinal Epithelial Cell Differentiation (GO:0060575),1/8,0.3084609886130892,0.9481331937644788,0,0,3.0304761904761905,3.564324569190298,NPY,GO_Biological_Process_2023
GO_Biological_Process_2023,Manganese Ion Transport (GO:0006828),1/8,0.3084609886130892,0.9481331937644788,0,0,3.0304761904761905,3.564324569190298,ATP2C2,GO_Biological_Process_2023
GO_Biological_Process_2023,Mitochondrial Fragmentation Involved In Apoptotic Process (GO:0043653),1/8,0.3084609886130892,0.9481331937644788,0,0,3.0304761904761905,3.564324569190298,FIS1,GO_Biological_Process_2023
GO_Biological_Process_2023,Negative Regulation By Host Of Viral Genome Replication (GO:0044828),1/8,0.3084609886130892,0.9481331937644788,0,0,3.0304761904761905,3.564324569190298,VAPA,GO_Biological_Process_2023
GO_Biological_Process_2023,Negative Regulation Of cAMP-mediated Signaling (GO:0043951),1/8,0.3084609886130892,0.9481331937644788,0,0,3.0304761904761905,3.564324569190298,PDE3A,GO_Biological_Process_2023
GO_Biological_Process_2023,Negative Regulation Of Lipase Activity (GO:0060192),1/8,0.3084609886130892,0.9481331937644788,0,0,3.0304761904761905,3.564324569190298,ANGPTL4,GO_Biological_Process_2023
GO_Biological_Process_2023,Negative Regulation Of Long-Term Synaptic Potentiation (GO:1900272),1/8,0.3084609886130892,0.9481331937644788,0,0,3.0304761904761905,3.564324569190298,APOE,GO_Biological_Process_2023
GO_Biological_Process_2023,Negative Regulation Of Protein-Containing Complex Disassembly (GO:0043242),1/8,0.3084609886130892,0.9481331937644788,0,0,3.0304761904761905,3.564324569190298,IRAK3,GO_Biological_Process_2023
GO_Biological_Process_2023,Negative Regulation Of Regulated Secretory Pathway (GO:1903306),1/8,0.3084609886130892,0.9481331937644788,0,0,3.0304761904761905,3.564324569190298,RAP1B,GO_Biological_Process_2023
GO_Biological_Process_2023,Negative Regulation Of Ubiquitin Protein Ligase Activity (GO:1904667),1/8,0.3084609886130892,0.9481331937644788,0,0,3.0304761904761905,3.564324569190298,RPL11,GO_Biological_Process_2023
GO_Biological_Process_2023,Neurotransmitter Reuptake (GO:0098810),1/8,0.3084609886130892,0.9481331937644788,0,0,3.0304761904761905,3.564324569190298,SLC18A2,GO_Biological_Process_2023
GO_Biological_Process_2023,Nuclear Membrane Disassembly (GO:0051081),1/8,0.3084609886130892,0.9481331937644788,0,0,3.0304761904761905,3.564324569190298,PLK1,GO_Biological_Process_2023
GO_Biological_Process_2023,Peroxisomal Transport (GO:0043574),1/8,0.3084609886130892,0.9481331937644788,0,0,3.0304761904761905,3.564324569190298,ZFAND6,GO_Biological_Process_2023
GO_Biological_Process_2023,Peroxisome Fission (GO:0016559),1/8,0.3084609886130892,0.9481331937644788,0,0,3.0304761904761905,3.564324569190298,FIS1,GO_Biological_Process_2023
GO_Biological_Process_2023,Positive Regulation Of Blood Pressure (GO:0045777),1/8,0.3084609886130892,0.9481331937644788,0,0,3.0304761904761905,3.564324569190298,CARTPT,GO_Biological_Process_2023
GO_Biological_Process_2023,Positive Regulation Of Calcium Ion Import Across Plasma Membrane (GO:1905665),1/8,0.3084609886130892,0.9481331937644788,0,0,3.0304761904761905,3.564324569190298,CALCR,GO_Biological_Process_2023
GO_Biological_Process_2023,Positive Regulation Of Mast Cell Degranulation (GO:0043306),1/8,0.3084609886130892,0.9481331937644788,0,0,3.0304761904761905,3.564324569190298,PLA2G3,GO_Biological_Process_2023
GO_Biological_Process_2023,Positive Regulation Of Membrane Invagination (GO:1905155),1/8,0.3084609886130892,0.9481331937644788,0,0,3.0304761904761905,3.564324569190298,UXT,GO_Biological_Process_2023
GO_Biological_Process_2023,Positive Regulation Of Mitochondrial Calcium Ion Concentration (GO:0051561),1/8,0.3084609886130892,0.9481331937644788,0,0,3.0304761904761905,3.564324569190298,FIS1,GO_Biological_Process_2023
GO_Biological_Process_2023,Positive Regulation Of Respiratory Burst (GO:0060267),1/8,0.3084609886130892,0.9481331937644788,0,0,3.0304761904761905,3.564324569190298,RPS19,GO_Biological_Process_2023
GO_Biological_Process_2023,Positive Regulation Of Sequestering Of Triglyceride (GO:0010890),1/8,0.3084609886130892,0.9481331937644788,0,0,3.0304761904761905,3.564324569190298,CIDEA,GO_Biological_Process_2023
GO_Biological_Process_2023,Positive Regulation Of Ubiquitin Protein Ligase Activity (GO:1904668),1/8,0.3084609886130892,0.9481331937644788,0,0,3.0304761904761905,3.564324569190298,PLK1,GO_Biological_Process_2023
GO_Biological_Process_2023,Proline Transport (GO:0015824),1/8,0.3084609886130892,0.9481331937644788,0,0,3.0304761904761905,3.564324569190298,SLC38A2,GO_Biological_Process_2023
GO_Biological_Process_2023,Protein Hexamerization (GO:0034214),1/8,0.3084609886130892,0.9481331937644788,0,0,3.0304761904761905,3.564324569190298,MAT2A,GO_Biological_Process_2023
GO_Biological_Process_2023,Purine Nucleoside Bisphosphate Catabolic Process (GO:0034034),1/8,0.3084609886130892,0.9481331937644788,0,0,3.0304761904761905,3.564324569190298,NUDT8,GO_Biological_Process_2023
GO_Biological_Process_2023,Pyrimidine-Containing Compound Metabolic Process (GO:0072527),1/8,0.3084609886130892,0.9481331937644788,0,0,3.0304761904761905,3.564324569190298,SLC19A3,GO_Biological_Process_2023
GO_Biological_Process_2023,"Regulation Of CD8-positive, Alpha-Beta T Cell Proliferation (GO:2000564)",1/8,0.3084609886130892,0.9481331937644788,0,0,3.0304761904761905,3.564324569190298,VSIR,GO_Biological_Process_2023
GO_Biological_Process_2023,Regulation Of DNA Demethylation (GO:1901535),1/8,0.3084609886130892,0.9481331937644788,0,0,3.0304761904761905,3.564324569190298,HNRNPAB,GO_Biological_Process_2023
GO_Biological_Process_2023,Regulation Of ER-associated Ubiquitin-Dependent Protein Catabolic Process (GO:1903069),1/8,0.3084609886130892,0.9481331937644788,0,0,3.0304761904761905,3.564324569190298,UBQLN1,GO_Biological_Process_2023
GO_Biological_Process_2023,Regulation Of Phosphorylation (GO:0042325),5/82,0.3100849566520382,0.9481331937644788,0,0,1.3785656307977736,1.6141748564004392,UXT;CDKN1A;PTGES3;INHBA;FNIP2,GO_Biological_Process_2023
GO_Biological_Process_2023,Negative Regulation Of Apoptotic Signaling Pathway (GO:2001234),5/82,0.3100849566520382,0.9481331937644788,0,0,1.3785656307977736,1.6141748564004392,NDUFA13;URI1;DDX3X;SLC25A4;HSPA1A,GO_Biological_Process_2023
GO_Biological_Process_2023,Regulation Of Protein Catabolic Process (GO:0042176),7/122,0.3112049404788673,0.9481331937644788,0,0,1.2925590895827257,1.5088088929969774,NDUFA13;ODC1;FLNA;IRAK3;ASB11;APOE;FOXO1,GO_Biological_Process_2023
GO_Biological_Process_2023,Potassium Ion Transport (GO:0006813),7/122,0.3112049404788673,0.9481331937644788,0,0,1.2925590895827257,1.5088088929969774,KCNG1;KCNJ6;KCNH5;SLC9A7;KCNA1;KCNA3;KCNA5,GO_Biological_Process_2023
GO_Biological_Process_2023,RNA Processing (GO:0006396),10/183,0.3113434415482726,0.9481331937644788,0,0,1.2278209195357557,1.432693475895972,SETX;RBM3;SNRPD2;PABPN1;FUS;SNRPG;SNRPD3;SNRPF;SRSF5;LSM4,GO_Biological_Process_2023
GO_Biological_Process_2023,Regulation Of Protein Secretion (GO:0050708),6/102,0.3115299897276709,0.9481331937644788,0,0,1.3270251396648045,1.5476559017054772,RSAD2;UQCC2;KCNA5;APOE;DRD2;GCK,GO_Biological_Process_2023
GO_Biological_Process_2023,Regulation Of Chondrocyte Differentiation (GO:0032330),2/25,0.3116053605847153,0.9481331937644788,0,0,1.845141945156454,2.151468280940726,ZBTB16;WNT9A,GO_Biological_Process_2023
GO_Biological_Process_2023,Activation Of Protein Kinase B Activity (GO:0032148),2/25,0.3116053605847153,0.9481331937644788,0,0,1.845141945156454,2.151468280940726,ADRA2C;MT3,GO_Biological_Process_2023
GO_Biological_Process_2023,"Chemical Synaptic Transmission, Postsynaptic (GO:0099565)",2/25,0.3116053605847153,0.9481331937644788,0,0,1.845141945156454,2.151468280940726,GLRA1;DRD2,GO_Biological_Process_2023
GO_Biological_Process_2023,Response To dsRNA (GO:0043331),2/25,0.3116053605847153,0.9481331937644788,0,0,1.845141945156454,2.151468280940726,IRAK3;TLR3,GO_Biological_Process_2023
GO_Biological_Process_2023,Negative Regulation Of Response To Endoplasmic Reticulum Stress (GO:1903573),2/25,0.3116053605847153,0.9481331937644788,0,0,1.845141945156454,2.151468280940726,CREB3L1;HSPA1A,GO_Biological_Process_2023
GO_Biological_Process_2023,Negative Regulation Of Signaling Receptor Activity (GO:2000272),2/25,0.3116053605847153,0.9481331937644788,0,0,1.845141945156454,2.151468280940726,CALCR;SOCS5,GO_Biological_Process_2023
GO_Biological_Process_2023,Phosphatidylethanolamine Metabolic Process (GO:0046337),2/25,0.3116053605847153,0.9481331937644788,0,0,1.845141945156454,2.151468280940726,CHKA;PLA2G3,GO_Biological_Process_2023
GO_Biological_Process_2023,Purine Ribonucleotide Catabolic Process (GO:0009154),2/25,0.3116053605847153,0.9481331937644788,0,0,1.845141945156454,2.151468280940726,NUDT8;NUDT3,GO_Biological_Process_2023
GO_Biological_Process_2023,Regulation Of Cell Size (GO:0008361),2/25,0.3116053605847153,0.9481331937644788,0,0,1.845141945156454,2.151468280940726,PRR16;LAMTOR4,GO_Biological_Process_2023
GO_Biological_Process_2023,Inorganic Anion Transmembrane Transport (GO:0098661),4/63,0.3156020287763499,0.9481331937644788,0,0,1.4390718591160745,1.6596430968059974,GABRB2;GLRA1;GLRA3;SLC12A5,GO_Biological_Process_2023
GO_Biological_Process_2023,Mitotic Spindle Assembly (GO:0090307),3/44,0.3183249560192683,0.9481331937644788,0,0,1.5528817426258894,1.777556623191978,KIF3B;FLNA;KPNB1,GO_Biological_Process_2023
GO_Biological_Process_2023,Positive Regulation Of Cytokine-Mediated Signaling Pathway (GO:0001961),3/44,0.3183249560192683,0.9481331937644788,0,0,1.5528817426258894,1.777556623191978,PARP14;HSPA1B;HSPA1A,GO_Biological_Process_2023
GO_Biological_Process_2023,Phospholipase C-activating G Protein-Coupled Receptor Signaling Pathway (GO:0007200),5/83,0.3190089237566106,0.9481331937644788,0,0,1.3608201694139197,1.5547863085522036,P2RY12;GNA14;GPR4;OPRM1;DRD2,GO_Biological_Process_2023
GO_Biological_Process_2023,Negative Regulation Of Growth (GO:0045926),7/124,0.3257681887907852,0.9481331937644788,0,0,1.2703302166389414,1.4247632802279957,NDUFA13;CDKN1A;DDX3X;INHBA;MT3;HSPA1B;HSPA1A,GO_Biological_Process_2023
GO_Biological_Process_2023,Negative Regulation Of Cell Death (GO:0060548),4/64,0.3259097960565028,0.9481331937644788,0,0,1.415013006317354,1.5864200905232764,HTRA2;FYN;MT3;HSPA1B,GO_Biological_Process_2023
GO_Biological_Process_2023,Positive Regulation Of Type I Interferon Production (GO:0032481),4/64,0.3259097960565028,0.9481331937644788,0,0,1.415013006317354,1.5864200905232764,DDX3X;TLR7;TLR4;TLR3,GO_Biological_Process_2023
GO_Biological_Process_2023,Regulation Of Transcription By RNA Polymerase III (GO:0006359),2/26,0.3283997299289451,0.9481331937644788,0,0,1.768168335187245,1.968897388882891,PRDX5;BAZ1B,GO_Biological_Process_2023
GO_Biological_Process_2023,Dendritic Spine Organization (GO:0097061),2/26,0.3283997299289451,0.9481331937644788,0,0,1.768168335187245,1.968897388882891,FYN;SHANK1,GO_Biological_Process_2023
GO_Biological_Process_2023,Telomere Maintenance Via Telomere Lengthening (GO:0010833),2/26,0.3283997299289451,0.9481331937644788,0,0,1.768168335187245,1.968897388882891,PTGES3;NHP2,GO_Biological_Process_2023
GO_Biological_Process_2023,Negative Regulation Of Protein Polymerization (GO:0032272),2/26,0.3283997299289451,0.9481331937644788,0,0,1.768168335187245,1.968897388882891,STMN1;CYRIB,GO_Biological_Process_2023
GO_Biological_Process_2023,Organelle Fusion (GO:0048284),2/26,0.3283997299289451,0.9481331937644788,0,0,1.768168335187245,1.968897388882891,FIS1;CIDEA,GO_Biological_Process_2023
GO_Biological_Process_2023,Positive Regulation Of Adenylate Cyclase Activity (GO:0045762),2/26,0.3283997299289451,0.9481331937644788,0,0,1.768168335187245,1.968897388882891,CALCR;CACNA1D,GO_Biological_Process_2023
GO_Biological_Process_2023,Positive Regulation Of Monooxygenase Activity (GO:0032770),2/26,0.3283997299289451,0.9481331937644788,0,0,1.768168335187245,1.968897388882891,APOE;FGF23,GO_Biological_Process_2023
GO_Biological_Process_2023,Negative Regulation Of Macromolecule Metabolic Process (GO:0010605),10/186,0.3291108761268189,0.9481331937644788,0,0,1.206700846852362,1.3410797475993406,RBL1;DDRGK1;CREB3L1;PLA2G3;ITGB8;AP1AR;APOE;VHL;PARP14;HRAS,GO_Biological_Process_2023
GO_Biological_Process_2023,Regulation Of Telomerase Activity (GO:0051972),3/45,0.3308170444895457,0.9481331937644788,0,0,1.5158288259624562,1.6767943738519375,PTGES3;MAPK1;GDF1,GO_Biological_Process_2023
GO_Biological_Process_2023,Triglyceride Metabolic Process (GO:0006641),3/45,0.3308170444895457,0.9481331937644788,0,0,1.5158288259624562,1.6767943738519375,APOBR;APOE;GCK,GO_Biological_Process_2023
GO_Biological_Process_2023,Negative Regulation Of Response To Biotic Stimulus (GO:0002832),3/45,0.3308170444895457,0.9481331937644788,0,0,1.5158288259624562,1.6767943738519375,PPM1B;NFKBIL1;IRAK3,GO_Biological_Process_2023
GO_Biological_Process_2023,Organic Hydroxy Compound Transport (GO:0015850),3/45,0.3308170444895457,0.9481331937644788,0,0,1.5158288259624562,1.6767943738519375,VAPA;SLC5A11;SLC5A3,GO_Biological_Process_2023
GO_Biological_Process_2023,Negative Regulation Of MAPK Cascade (GO:0043409),6/105,0.3355476751872086,0.9481331937644788,0,0,1.286609107838158,1.4049658631837572,SEMA6A;IRAK3;APOE;DUSP9;TLR4;FOXO1,GO_Biological_Process_2023
GO_Biological_Process_2023,Regulation Of Translational Initiation (GO:0006446),4/65,0.3362379061441858,0.9481331937644788,0,0,1.3917429683644935,1.51691120316014,DDX3X;HABP4;EIF4EBP1;PAIP2,GO_Biological_Process_2023
GO_Biological_Process_2023,Calcium-Mediated Signaling (GO:0019722),5/85,0.3369417048535474,0.9481331937644788,0,0,1.32666015625,1.4432010769965966,CNKSR2;P2RY12;POMC;FIS1;PLCG1,GO_Biological_Process_2023
GO_Biological_Process_2023,Mitotic Spindle Organization (GO:0007052),5/85,0.3369417048535474,0.9481331937644788,0,0,1.32666015625,1.4432010769965966,KIF3B;STMN1;PLK1;FLNA;KPNB1,GO_Biological_Process_2023
GO_Biological_Process_2023,Negative Regulation Of Cell Cycle (GO:0045786),5/85,0.3369417048535474,0.9481331937644788,0,0,1.32666015625,1.4432010769965966,NPPC;CDKN1A;PLK1;HTRA2;NUPR2,GO_Biological_Process_2023
GO_Biological_Process_2023,ESCRT III Complex Disassembly (GO:1904903),1/9,0.3396272395853655,0.9481331937644788,0,0,2.651527777777778,2.863402392297936,IST1,GO_Biological_Process_2023
GO_Biological_Process_2023,ESCRT Complex Disassembly (GO:1904896),1/9,0.3396272395853655,0.9481331937644788,0,0,2.651527777777778,2.863402392297936,IST1,GO_Biological_Process_2023
GO_Biological_Process_2023,NAD Biosynthesis Via Nicotinamide Riboside Salvage Pathway (GO:0034356),1/9,0.3396272395853655,0.9481331937644788,0,0,2.651527777777778,2.863402392297936,PTGIS,GO_Biological_Process_2023
GO_Biological_Process_2023,T-helper 1 Type Immune Response (GO:0042088),1/9,0.3396272395853655,0.9481331937644788,0,0,2.651527777777778,2.863402392297936,TLR4,GO_Biological_Process_2023
GO_Biological_Process_2023,Amine Metabolic Process (GO:0009308),1/9,0.3396272395853655,0.9481331937644788,0,0,2.651527777777778,2.863402392297936,SULT1A1,GO_Biological_Process_2023
GO_Biological_Process_2023,Amino Sugar Metabolic Process (GO:0006040),1/9,0.3396272395853655,0.9481331937644788,0,0,2.651527777777778,2.863402392297936,ST3GAL1,GO_Biological_Process_2023
GO_Biological_Process_2023,Axon Regeneration (GO:0031103),1/9,0.3396272395853655,0.9481331937644788,0,0,2.651527777777778,2.863402392297936,TNC,GO_Biological_Process_2023
GO_Biological_Process_2023,cAMP Biosynthetic Process (GO:0006171),1/9,0.3396272395853655,0.9481331937644788,0,0,2.651527777777778,2.863402392297936,ADCY9,GO_Biological_Process_2023
GO_Biological_Process_2023,cGMP Biosynthetic Process (GO:0006182),1/9,0.3396272395853655,0.9481331937644788,0,0,2.651527777777778,2.863402392297936,NPPC,GO_Biological_Process_2023
GO_Biological_Process_2023,Calcium Import Into The Mitochondrion (GO:0036444),1/9,0.3396272395853655,0.9481331937644788,0,0,2.651527777777778,2.863402392297936,SMDT1,GO_Biological_Process_2023
GO_Biological_Process_2023,Regulation Of Postsynaptic Neurotransmitter Receptor Activity (GO:0098962),1/9,0.3396272395853655,0.9481331937644788,0,0,2.651527777777778,2.863402392297936,NPTX2,GO_Biological_Process_2023
GO_Biological_Process_2023,Regulation Of Protein Acetylation (GO:1901983),1/9,0.3396272395853655,0.9481331937644788,0,0,2.651527777777778,2.863402392297936,DDX3X,GO_Biological_Process_2023
GO_Biological_Process_2023,Regulation Of Tau-Protein Kinase Activity (GO:1902947),1/9,0.3396272395853655,0.9481331937644788,0,0,2.651527777777778,2.863402392297936,EGR1,GO_Biological_Process_2023
GO_Biological_Process_2023,Cellular Response To Oxidised Low-Density Lipoprotein Particle Stimulus (GO:0140052),1/9,0.3396272395853655,0.9481331937644788,0,0,2.651527777777778,2.863402392297936,TLR4,GO_Biological_Process_2023
GO_Biological_Process_2023,Chloride Ion Homeostasis (GO:0055064),1/9,0.3396272395853655,0.9481331937644788,0,0,2.651527777777778,2.863402392297936,SLC12A5,GO_Biological_Process_2023
GO_Biological_Process_2023,Response To Type I Interferon (GO:0034340),1/9,0.3396272395853655,0.9481331937644788,0,0,2.651527777777778,2.863402392297936,IFIT1,GO_Biological_Process_2023
GO_Biological_Process_2023,Dicarboxylic Acid Biosynthetic Process (GO:0043650),1/9,0.3396272395853655,0.9481331937644788,0,0,2.651527777777778,2.863402392297936,GLUD1,GO_Biological_Process_2023
GO_Biological_Process_2023,Dopamine Transport (GO:0015872),1/9,0.3396272395853655,0.9481331937644788,0,0,2.651527777777778,2.863402392297936,SLC18A2,GO_Biological_Process_2023
GO_Biological_Process_2023,Dosage Compensation (GO:0007549),1/9,0.3396272395853655,0.9481331937644788,0,0,2.651527777777778,2.863402392297936,MACROH2A1,GO_Biological_Process_2023
GO_Biological_Process_2023,Sequestering Of Extracellular Ligand From Receptor (GO:0035581),1/9,0.3396272395853655,0.9481331937644788,0,0,2.651527777777778,2.863402392297936,NRROS,GO_Biological_Process_2023
GO_Biological_Process_2023,Serotonin Transport (GO:0006837),1/9,0.3396272395853655,0.9481331937644788,0,0,2.651527777777778,2.863402392297936,SLC18A2,GO_Biological_Process_2023
GO_Biological_Process_2023,High-Density Lipoprotein Particle Assembly (GO:0034380),1/9,0.3396272395853655,0.9481331937644788,0,0,2.651527777777778,2.863402392297936,APOE,GO_Biological_Process_2023
GO_Biological_Process_2023,Lipid Phosphorylation (GO:0046834),1/9,0.3396272395853655,0.9481331937644788,0,0,2.651527777777778,2.863402392297936,DGKI,GO_Biological_Process_2023
GO_Biological_Process_2023,Long-Chain Fatty Acid Import Into Cell (GO:0044539),1/9,0.3396272395853655,0.9481331937644788,0,0,2.651527777777778,2.863402392297936,SLC2A1,GO_Biological_Process_2023
GO_Biological_Process_2023,Monoatomic Anion Homeostasis (GO:0055081),1/9,0.3396272395853655,0.9481331937644788,0,0,2.651527777777778,2.863402392297936,SLC12A5,GO_Biological_Process_2023
GO_Biological_Process_2023,Negative Regulation Of Alpha-Beta T Cell Proliferation (GO:0046642),1/9,0.3396272395853655,0.9481331937644788,0,0,2.651527777777778,2.863402392297936,VSIR,GO_Biological_Process_2023
GO_Biological_Process_2023,Negative Regulation Of Bone Resorption (GO:0045779),1/9,0.3396272395853655,0.9481331937644788,0,0,2.651527777777778,2.863402392297936,CARTPT,GO_Biological_Process_2023
GO_Biological_Process_2023,Negative Regulation Of Lipid Localization (GO:1905953),1/9,0.3396272395853655,0.9481331937644788,0,0,2.651527777777778,2.863402392297936,NFKBIA,GO_Biological_Process_2023
GO_Biological_Process_2023,Negative Regulation Of Necroptotic Process (GO:0060546),1/9,0.3396272395853655,0.9481331937644788,0,0,2.651527777777778,2.863402392297936,SLC25A4,GO_Biological_Process_2023
GO_Biological_Process_2023,Negative Regulation Of Telomerase Activity (GO:0051974),1/9,0.3396272395853655,0.9481331937644788,0,0,2.651527777777778,2.863402392297936,GDF1,GO_Biological_Process_2023
GO_Biological_Process_2023,Negative Regulation Of Tyrosine Phosphorylation Of STAT Protein (GO:0042532),1/9,0.3396272395853655,0.9481331937644788,0,0,2.651527777777778,2.863402392297936,PARP14,GO_Biological_Process_2023
GO_Biological_Process_2023,Negative Regulation Of Vascular Endothelial Growth Factor Signaling Pathway (GO:1900747),1/9,0.3396272395853655,0.9481331937644788,0,0,2.651527777777778,2.863402392297936,SEMA6A,GO_Biological_Process_2023
GO_Biological_Process_2023,Neuron Remodeling (GO:0016322),1/9,0.3396272395853655,0.9481331937644788,0,0,2.651527777777778,2.863402392297936,C1QA,GO_Biological_Process_2023
GO_Biological_Process_2023,Organic Hydroxy Compound Catabolic Process (GO:1901616),1/9,0.3396272395853655,0.9481331937644788,0,0,2.651527777777778,2.863402392297936,FGF23,GO_Biological_Process_2023
GO_Biological_Process_2023,Ornithine Metabolic Process (GO:0006591),1/9,0.3396272395853655,0.9481331937644788,0,0,2.651527777777778,2.863402392297936,ODC1,GO_Biological_Process_2023
GO_Biological_Process_2023,Peptidyl-Amino Acid Modification (GO:0018193),1/9,0.3396272395853655,0.9481331937644788,0,0,2.651527777777778,2.863402392297936,PFDN1,GO_Biological_Process_2023
GO_Biological_Process_2023,Peptidyl-Lysine Acetylation (GO:0018394),1/9,0.3396272395853655,0.9481331937644788,0,0,2.651527777777778,2.863402392297936,BLOC1S1,GO_Biological_Process_2023
GO_Biological_Process_2023,Phosphatidylethanolamine Biosynthetic Process (GO:0006646),1/9,0.3396272395853655,0.9481331937644788,0,0,2.651527777777778,2.863402392297936,CHKA,GO_Biological_Process_2023
GO_Biological_Process_2023,Positive Regulation Of RIG-I Signaling Pathway (GO:1900246),1/9,0.3396272395853655,0.9481331937644788,0,0,2.651527777777778,2.863402392297936,DDX60,GO_Biological_Process_2023
GO_Biological_Process_2023,Positive Regulation Of Acrosome Reaction (GO:2000344),1/9,0.3396272395853655,0.9481331937644788,0,0,2.651527777777778,2.863402392297936,GLRA1,GO_Biological_Process_2023
GO_Biological_Process_2023,Positive Regulation Of Myoblast Fusion (GO:1901741),1/9,0.3396272395853655,0.9481331937644788,0,0,2.651527777777778,2.863402392297936,CD53,GO_Biological_Process_2023
GO_Biological_Process_2023,"Positive Regulation Of Phagocytosis, Engulfment (GO:0060100)",1/9,0.3396272395853655,0.9481331937644788,0,0,2.651527777777778,2.863402392297936,UXT,GO_Biological_Process_2023
GO_Biological_Process_2023,Positive Regulation Of Platelet Activation (GO:0010572),1/9,0.3396272395853655,0.9481331937644788,0,0,2.651527777777778,2.863402392297936,TLR4,GO_Biological_Process_2023
GO_Biological_Process_2023,Positive Regulation Of Protein Acetylation (GO:1901985),1/9,0.3396272395853655,0.9481331937644788,0,0,2.651527777777778,2.863402392297936,DDX3X,GO_Biological_Process_2023
GO_Biological_Process_2023,Positive Regulation Of Protein Kinase A Signaling (GO:0010739),1/9,0.3396272395853655,0.9481331937644788,0,0,2.651527777777778,2.863402392297936,CALCR,GO_Biological_Process_2023
GO_Biological_Process_2023,Positive Regulation Of Vascular Endothelial Growth Factor Receptor Signaling Pathway (GO:0030949),1/9,0.3396272395853655,0.9481331937644788,0,0,2.651527777777778,2.863402392297936,MT3,GO_Biological_Process_2023
GO_Biological_Process_2023,Primary Alcohol Catabolic Process (GO:0034310),1/9,0.3396272395853655,0.9481331937644788,0,0,2.651527777777778,2.863402392297936,SULT1A1,GO_Biological_Process_2023
GO_Biological_Process_2023,Protein K6-linked Ubiquitination (GO:0085020),1/9,0.3396272395853655,0.9481331937644788,0,0,2.651527777777778,2.863402392297936,RNF6,GO_Biological_Process_2023
GO_Biological_Process_2023,Protein Localization To Nuclear Envelope (GO:0090435),1/9,0.3396272395853655,0.9481331937644788,0,0,2.651527777777778,2.863402392297936,PLK1,GO_Biological_Process_2023
GO_Biological_Process_2023,rRNA 3'-End Processing (GO:0031125),1/9,0.3396272395853655,0.9481331937644788,0,0,2.651527777777778,2.863402392297936,RPS21,GO_Biological_Process_2023
GO_Biological_Process_2023,Receptor Guanylyl Cyclase Signaling Pathway (GO:0007168),1/9,0.3396272395853655,0.9481331937644788,0,0,2.651527777777778,2.863402392297936,NPPC,GO_Biological_Process_2023
GO_Biological_Process_2023,"Regulation Of CD4-positive, Alpha-Beta T Cell Proliferation (GO:2000561)",1/9,0.3396272395853655,0.9481331937644788,0,0,2.651527777777778,2.863402392297936,VSIR,GO_Biological_Process_2023
GO_Biological_Process_2023,Regulation Of RNA Polymerase II Regulatory Region Sequence-Specific DNA Binding (GO:1903025),1/9,0.3396272395853655,0.9481331937644788,0,0,2.651527777777778,2.863402392297936,DDRGK1,GO_Biological_Process_2023
GO_Biological_Process_2023,Regulation Of Fibroblast Proliferation (GO:0048145),3/46,0.3433018538555642,0.9481331937644788,0,0,1.4804993007717409,1.5828686890883177,CDKN1A;S100A6;BMI1,GO_Biological_Process_2023
GO_Biological_Process_2023,Intracellular Protein Transmembrane Transport (GO:0065002),3/46,0.3433018538555642,0.9481331937644788,0,0,1.4804993007717409,1.5828686890883177,SEC61G;ROMO1;SEC61B,GO_Biological_Process_2023
GO_Biological_Process_2023,Negative Regulation Of Cellular Metabolic Process (GO:0031324),3/46,0.3433018538555642,0.9481331937644788,0,0,1.4804993007717409,1.5828686890883177,RBL1;CBFA2T3;MT3,GO_Biological_Process_2023
GO_Biological_Process_2023,Negative Regulation Of Cold-Induced Thermogenesis (GO:0120163),3/46,0.3433018538555642,0.9481331937644788,0,0,1.4804993007717409,1.5828686890883177,CIDEA;LNPEP;TLR4,GO_Biological_Process_2023
GO_Biological_Process_2023,Positive Regulation Of Peptide Hormone Secretion (GO:0090277),3/46,0.3433018538555642,0.9481331937644788,0,0,1.4804993007717409,1.5828686890883177,GLUD1;DRD2;GCK,GO_Biological_Process_2023
GO_Biological_Process_2023,Regulation Of G1/S Transition Of Mitotic Cell Cycle (GO:2000045),6/106,0.343603078196199,0.9481331937644788,0,0,1.2736759776536313,1.360627455192834,ANKRD17;CDKN1A;DDX3X;RBL1;DPF2;INHBA,GO_Biological_Process_2023
GO_Biological_Process_2023,Regulation Of Mitochondrial Fission (GO:0090140),2/27,0.3450797490465983,0.9481331937644788,0,0,1.6973526140155728,1.805948779380913,FIS1;CYRIB,GO_Biological_Process_2023
GO_Biological_Process_2023,Regulation Of Peptidase Activity (GO:0052547),2/27,0.3450797490465983,0.9481331937644788,0,0,1.6973526140155728,1.805948779380913,CSTB;NDUFA13,GO_Biological_Process_2023
GO_Biological_Process_2023,Cortical Cytoskeleton Organization (GO:0030865),2/27,0.3450797490465983,0.9481331937644788,0,0,1.6973526140155728,1.805948779380913,FMNL3;RAB13,GO_Biological_Process_2023
GO_Biological_Process_2023,Myeloid Cell Development (GO:0061515),2/27,0.3450797490465983,0.9481331937644788,0,0,1.6973526140155728,1.805948779380913,NRROS;FLNA,GO_Biological_Process_2023
GO_Biological_Process_2023,Negative Regulation Of NIK/NF-kappaB Signaling (GO:1901223),2/27,0.3450797490465983,0.9481331937644788,0,0,1.6973526140155728,1.805948779380913,PPM1B;DDX3X,GO_Biological_Process_2023
GO_Biological_Process_2023,Positive Regulation Of Cytosolic Calcium Ion Concentration Involved In Phospholipase C-activating G Protein-Coupled Signaling Pathway (GO:0051482),2/27,0.3450797490465983,0.9481331937644788,0,0,1.6973526140155728,1.805948779380913,GPR4;DRD2,GO_Biological_Process_2023
GO_Biological_Process_2023,Positive Regulation Of Nitric Oxide Biosynthetic Process (GO:0045429),2/27,0.3450797490465983,0.9481331937644788,0,0,1.6973526140155728,1.805948779380913,PTGS2;TLR4,GO_Biological_Process_2023
GO_Biological_Process_2023,Positive Regulation Of Ubiquitin-Protein Transferase Activity (GO:0051443),2/27,0.3450797490465983,0.9481331937644788,0,0,1.6973526140155728,1.805948779380913,PLK1;BMI1,GO_Biological_Process_2023
GO_Biological_Process_2023,Regulation Of Tumor Necrosis Factor Production (GO:0032680),7/127,0.3478018145091922,0.9481331937644788,0,0,1.238376211782252,1.3078769311562388,POMC;NFKBIL1;CIDEA;IRAK3;TLR4;VSIR;TLR3,GO_Biological_Process_2023
GO_Biological_Process_2023,Response To Organonitrogen Compound (GO:0010243),3/47,0.3557667553145588,0.9481331937644788,0,0,1.4467756630896942,1.4952136320750649,GLRA3;IRAK3;DRD2,GO_Biological_Process_2023
GO_Biological_Process_2023,Negative Regulation Of Hydrolase Activity (GO:0051346),3/47,0.3557667553145588,0.9481331937644788,0,0,1.4467756630896942,1.4952136320750649,CSTB;URI1;HRAS,GO_Biological_Process_2023
GO_Biological_Process_2023,Regulation Of Viral Genome Replication (GO:0045069),4/67,0.3569241358208593,0.9481331937644788,0,0,1.3474190865495212,1.3881542933700852,FAM111A;DDX3X;RSAD2;IFIT1,GO_Biological_Process_2023
GO_Biological_Process_2023,Positive Regulation Of Translation (GO:0045727),6/108,0.3597654903417572,0.9481331937644788,0,0,1.2485704896483734,1.2764172018478654,RBM3;DDX3X;UQCC2;HABP4;CIRBP;PRR16,GO_Biological_Process_2023
GO_Biological_Process_2023,Regulation Of Chemotaxis (GO:0050920),2/28,0.3616216508078527,0.9481331937644788,0,0,1.6319842560109523,1.6599838463420926,P2RY12;CYRIB,GO_Biological_Process_2023
GO_Biological_Process_2023,RNA Phosphodiester Bond Hydrolysis (GO:0090501),2/28,0.3616216508078527,0.9481331937644788,0,0,1.6319842560109523,1.6599838463420926,TRIR;NHP2,GO_Biological_Process_2023
GO_Biological_Process_2023,Regulation Of Platelet Activation (GO:0010543),2/28,0.3616216508078527,0.9481331937644788,0,0,1.6319842560109523,1.6599838463420926,FLNA;TLR4,GO_Biological_Process_2023
GO_Biological_Process_2023,Regulation Of Protein Localization To Membrane (GO:1905475),2/28,0.3616216508078527,0.9481331937644788,0,0,1.6319842560109523,1.6599838463420926,FYN;SLC5A3,GO_Biological_Process_2023
GO_Biological_Process_2023,Determination Of Bilateral Symmetry (GO:0009855),2/28,0.3616216508078527,0.9481331937644788,0,0,1.6319842560109523,1.6599838463420926,MKKS;KIF3B,GO_Biological_Process_2023
GO_Biological_Process_2023,Establishment Of Endothelial Barrier (GO:0061028),2/28,0.3616216508078527,0.9481331937644788,0,0,1.6319842560109523,1.6599838463420926,RAP1B;F11R,GO_Biological_Process_2023
GO_Biological_Process_2023,Membrane Fusion (GO:0061025),2/28,0.3616216508078527,0.9481331937644788,0,0,1.6319842560109523,1.6599838463420926,HACE1;VAPA,GO_Biological_Process_2023
GO_Biological_Process_2023,Mucosal Immune Response (GO:0002385),2/28,0.3616216508078527,0.9481331937644788,0,0,1.6319842560109523,1.6599838463420926,H2BC21;FAU,GO_Biological_Process_2023
GO_Biological_Process_2023,Positive Regulation Of mRNA Processing (GO:0050685),2/28,0.3616216508078527,0.9481331937644788,0,0,1.6319842560109523,1.6599838463420926,RBM3;CIRBP,GO_Biological_Process_2023
GO_Biological_Process_2023,Positive Regulation Of Nitric Oxide Metabolic Process (GO:1904407),2/28,0.3616216508078527,0.9481331937644788,0,0,1.6319842560109523,1.6599838463420926,PTGS2;TLR4,GO_Biological_Process_2023
GO_Biological_Process_2023,Neuron Development (GO:0048666),8/150,0.3641718325344632,0.9481331937644788,0,0,1.1959686450167972,1.208083155984713,VAPA;BLOC1S1;ARL3;NPY;STMN1;RAB13;APOE;CDK16,GO_Biological_Process_2023
GO_Biological_Process_2023,Heart Development (GO:0007507),9/171,0.364953695024114,0.9481331937644788,0,0,1.1794344793223717,1.1888520235010778,NDRG4;CDKN1A;MKKS;ADAP2;PDLIM2;UTY;MEF2D;TBX19;PRICKLE4,GO_Biological_Process_2023
GO_Biological_Process_2023,Transcription By RNA Polymerase II (GO:0006366),10/192,0.3651803457185148,0.9481331937644788,0,0,1.1665494998828332,1.1751399115672094,DRAP1;SETX;SNAPC5;CEBPD;TAF10;CCDC124;DTX1;POLR2J;POLR2K;POLR2L,GO_Biological_Process_2023
GO_Biological_Process_2023,Neuropeptide Signaling Pathway (GO:0007218),4/68,0.3672672880846759,0.9481331937644788,0,0,1.3262959866220736,1.3285047874981908,GLRA1;CYSLTR2;NPY;OPRM1,GO_Biological_Process_2023
GO_Biological_Process_2023,Regulation Of DNA Binding (GO:0051101),3/48,0.3681997270308651,0.9481331937644788,0,0,1.414550853749072,1.4133198430533342,NFKBIA;HABP4;EDF1,GO_Biological_Process_2023
GO_Biological_Process_2023,Regulation Of Cysteine-Type Endopeptidase Activity Involved In Apoptotic Signaling Pathway (GO:2001267),1/10,0.3693903775787431,0.9481331937644788,0,0,2.3567901234567903,2.347130254310979,HTRA2,GO_Biological_Process_2023
GO_Biological_Process_2023,Rap Protein Signal Transduction (GO:0032486),1/10,0.3693903775787431,0.9481331937644788,0,0,2.3567901234567903,2.347130254310979,RAP1B,GO_Biological_Process_2023
GO_Biological_Process_2023,SRP-dependent Cotranslational Protein Targeting To Membrane (GO:0006614),1/10,0.3693903775787431,0.9481331937644788,0,0,2.3567901234567903,2.347130254310979,SEC61B,GO_Biological_Process_2023
GO_Biological_Process_2023,Regulation Of Long-Term Neuronal Synaptic Plasticity (GO:0048169),1/10,0.3693903775787431,0.9481331937644788,0,0,2.3567901234567903,2.347130254310979,DRD2,GO_Biological_Process_2023
GO_Biological_Process_2023,"Regulation Of Nuclear-Transcribed mRNA Catabolic Process, Nonsense-Mediated Decay (GO:2000622)",1/10,0.3693903775787431,0.9481331937644788,0,0,2.3567901234567903,2.347130254310979,HNRNPAB,GO_Biological_Process_2023
GO_Biological_Process_2023,Basement Membrane Organization (GO:0071711),1/10,0.3693903775787431,0.9481331937644788,0,0,2.3567901234567903,2.347130254310979,PXDN,GO_Biological_Process_2023
GO_Biological_Process_2023,Regulation Of Peroxisome Proliferator Activated Receptor Signaling Pathway (GO:0035358),1/10,0.3693903775787431,0.9481331937644788,0,0,2.3567901234567903,2.347130254310979,PTGIS,GO_Biological_Process_2023
GO_Biological_Process_2023,"Regulation Of Phagocytosis, Engulfment (GO:0060099)",1/10,0.3693903775787431,0.9481331937644788,0,0,2.3567901234567903,2.347130254310979,UXT,GO_Biological_Process_2023
GO_Biological_Process_2023,Cardiac Muscle Cell Membrane Repolarization (GO:0099622),1/10,0.3693903775787431,0.9481331937644788,0,0,2.3567901234567903,2.347130254310979,YWHAE,GO_Biological_Process_2023
GO_Biological_Process_2023,Cellular Response To Increased Oxygen Levels (GO:0036295),1/10,0.3693903775787431,0.9481331937644788,0,0,2.3567901234567903,2.347130254310979,FOXO1,GO_Biological_Process_2023
GO_Biological_Process_2023,Cellular Response To Interleukin-12 (GO:0071349),1/10,0.3693903775787431,0.9481331937644788,0,0,2.3567901234567903,2.347130254310979,IL12RB2,GO_Biological_Process_2023
GO_Biological_Process_2023,Regulation Of Toll-Like Receptor 9 Signaling Pathway (GO:0034163),1/10,0.3693903775787431,0.9481331937644788,0,0,2.3567901234567903,2.347130254310979,RSAD2,GO_Biological_Process_2023
GO_Biological_Process_2023,Columnar/Cuboidal Epithelial Cell Differentiation (GO:0002065),1/10,0.3693903775787431,0.9481331937644788,0,0,2.3567901234567903,2.347130254310979,NPY,GO_Biological_Process_2023
GO_Biological_Process_2023,Response To Corticosteroid (GO:0031960),1/10,0.3693903775787431,0.9481331937644788,0,0,2.3567901234567903,2.347130254310979,CALCR,GO_Biological_Process_2023
GO_Biological_Process_2023,Copper Ion Transport (GO:0006825),1/10,0.3693903775787431,0.9481331937644788,0,0,2.3567901234567903,2.347130254310979,COX17,GO_Biological_Process_2023
GO_Biological_Process_2023,Diol Metabolic Process (GO:0034311),1/10,0.3693903775787431,0.9481331937644788,0,0,2.3567901234567903,2.347130254310979,SGPP1,GO_Biological_Process_2023
GO_Biological_Process_2023,snRNA Transcription By RNA Polymerase II (GO:0042795),1/10,0.3693903775787431,0.9481331937644788,0,0,2.3567901234567903,2.347130254310979,SNAPC5,GO_Biological_Process_2023
GO_Biological_Process_2023,Engulfment Of Apoptotic Cell (GO:0043652),1/10,0.3693903775787431,0.9481331937644788,0,0,2.3567901234567903,2.347130254310979,XKR8,GO_Biological_Process_2023
GO_Biological_Process_2023,Steroid Hormone Mediated Signaling Pathway (GO:0043401),1/10,0.3693903775787431,0.9481331937644788,0,0,2.3567901234567903,2.347130254310979,MAPK1,GO_Biological_Process_2023
GO_Biological_Process_2023,Establishment Of Endothelial Intestinal Barrier (GO:0090557),1/10,0.3693903775787431,0.9481331937644788,0,0,2.3567901234567903,2.347130254310979,F11R,GO_Biological_Process_2023
GO_Biological_Process_2023,Fatty Acid Homeostasis (GO:0055089),1/10,0.3693903775787431,0.9481331937644788,0,0,2.3567901234567903,2.347130254310979,APOE,GO_Biological_Process_2023
GO_Biological_Process_2023,"Heparan Sulfate Proteoglycan Biosynthetic Process, Enzymatic Modification (GO:0015015)",1/10,0.3693903775787431,0.9481331937644788,0,0,2.3567901234567903,2.347130254310979,HS3ST2,GO_Biological_Process_2023
GO_Biological_Process_2023,Lipoprotein Catabolic Process (GO:0042159),1/10,0.3693903775787431,0.9481331937644788,0,0,2.3567901234567903,2.347130254310979,APOE,GO_Biological_Process_2023
GO_Biological_Process_2023,Mesonephros Development (GO:0001823),1/10,0.3693903775787431,0.9481331937644788,0,0,2.3567901234567903,2.347130254310979,ZBTB16,GO_Biological_Process_2023
GO_Biological_Process_2023,Mitochondrial Protein Processing (GO:0034982),1/10,0.3693903775787431,0.9481331937644788,0,0,2.3567901234567903,2.347130254310979,PMPCB,GO_Biological_Process_2023
GO_Biological_Process_2023,Mitochondrial Respirasome Assembly (GO:0097250),1/10,0.3693903775787431,0.9481331937644788,0,0,2.3567901234567903,2.347130254310979,HIGD1B,GO_Biological_Process_2023
GO_Biological_Process_2023,Monoamine Transport (GO:0015844),1/10,0.3693903775787431,0.9481331937644788,0,0,2.3567901234567903,2.347130254310979,SLC18A2,GO_Biological_Process_2023
GO_Biological_Process_2023,Muscle Filament Sliding (GO:0030049),1/10,0.3693903775787431,0.9481331937644788,0,0,2.3567901234567903,2.347130254310979,MYL6,GO_Biological_Process_2023
GO_Biological_Process_2023,Negative Regulation Of T-helper Cell Differentiation (GO:0045623),1/10,0.3693903775787431,0.9481331937644788,0,0,2.3567901234567903,2.347130254310979,SOCS5,GO_Biological_Process_2023
GO_Biological_Process_2023,Negative Regulation Of Alpha-Beta T Cell Activation (GO:0046636),1/10,0.3693903775787431,0.9481331937644788,0,0,2.3567901234567903,2.347130254310979,VSIR,GO_Biological_Process_2023
GO_Biological_Process_2023,Negative Regulation Of Dephosphorylation (GO:0035305),1/10,0.3693903775787431,0.9481331937644788,0,0,2.3567901234567903,2.347130254310979,URI1,GO_Biological_Process_2023
GO_Biological_Process_2023,Negative Regulation Of Glycolytic Process (GO:0045820),1/10,0.3693903775787431,0.9481331937644788,0,0,2.3567901234567903,2.347130254310979,CBFA2T3,GO_Biological_Process_2023
GO_Biological_Process_2023,Negative Regulation Of Hemostasis (GO:1900047),1/10,0.3693903775787431,0.9481331937644788,0,0,2.3567901234567903,2.347130254310979,APOE,GO_Biological_Process_2023
GO_Biological_Process_2023,Negative Regulation Of Interferon-Beta Production (GO:0032688),1/10,0.3693903775787431,0.9481331937644788,0,0,2.3567901234567903,2.347130254310979,PPM1B,GO_Biological_Process_2023
GO_Biological_Process_2023,Negative Regulation Of Lipopolysaccharide-Mediated Signaling Pathway (GO:0031665),1/10,0.3693903775787431,0.9481331937644788,0,0,2.3567901234567903,2.347130254310979,NFKBIL1,GO_Biological_Process_2023
GO_Biological_Process_2023,Negative Regulation Of Oxidoreductase Activity (GO:0051354),1/10,0.3693903775787431,0.9481331937644788,0,0,2.3567901234567903,2.347130254310979,MT3,GO_Biological_Process_2023
GO_Biological_Process_2023,Negative Regulation Of Programmed Necrotic Cell Death (GO:0062099),1/10,0.3693903775787431,0.9481331937644788,0,0,2.3567901234567903,2.347130254310979,SLC25A4,GO_Biological_Process_2023
GO_Biological_Process_2023,Negative Regulation Of Response To Cytokine Stimulus (GO:0060761),1/10,0.3693903775787431,0.9481331937644788,0,0,2.3567901234567903,2.347130254310979,IRAK3,GO_Biological_Process_2023
GO_Biological_Process_2023,Nucleoside Triphosphate Metabolic Process (GO:0009141),1/10,0.3693903775787431,0.9481331937644788,0,0,2.3567901234567903,2.347130254310979,NME2,GO_Biological_Process_2023
GO_Biological_Process_2023,Positive Regulation Of DNA-templated DNA Replication (GO:2000105),1/10,0.3693903775787431,0.9481331937644788,0,0,2.3567901234567903,2.347130254310979,DBF4,GO_Biological_Process_2023
GO_Biological_Process_2023,Positive Regulation Of MHC Class II Biosynthetic Process (GO:0045348),1/10,0.3693903775787431,0.9481331937644788,0,0,2.3567901234567903,2.347130254310979,RFXAP,GO_Biological_Process_2023
GO_Biological_Process_2023,Positive Regulation Of Cholesterol Metabolic Process (GO:0090205),1/10,0.3693903775787431,0.9481331937644788,0,0,2.3567901234567903,2.347130254310979,APOE,GO_Biological_Process_2023
GO_Biological_Process_2023,Positive Regulation Of Chondrocyte Differentiation (GO:0032332),1/10,0.3693903775787431,0.9481331937644788,0,0,2.3567901234567903,2.347130254310979,ZBTB16,GO_Biological_Process_2023
GO_Biological_Process_2023,Positive Regulation Of Dendrite Development (GO:1900006),1/10,0.3693903775787431,0.9481331937644788,0,0,2.3567901234567903,2.347130254310979,COBL,GO_Biological_Process_2023
GO_Biological_Process_2023,Positive Regulation Of Nitric-Oxide Synthase Biosynthetic Process (GO:0051770),1/10,0.3693903775787431,0.9481331937644788,0,0,2.3567901234567903,2.347130254310979,TLR4,GO_Biological_Process_2023
GO_Biological_Process_2023,Positive Regulation Of Phospholipid Transport (GO:2001140),1/10,0.3693903775787431,0.9481331937644788,0,0,2.3567901234567903,2.347130254310979,APOE,GO_Biological_Process_2023
GO_Biological_Process_2023,Positive Regulation Of Transcription From RNA Polymerase II Promoter In Response To Endoplasmic Reticulum Stress (GO:1990440),1/10,0.3693903775787431,0.9481331937644788,0,0,2.3567901234567903,2.347130254310979,CREB3L1,GO_Biological_Process_2023
GO_Biological_Process_2023,Positive Regulation Of Transforming Growth Factor Beta Production (GO:0071636),1/10,0.3693903775787431,0.9481331937644788,0,0,2.3567901234567903,2.347130254310979,PTGS2,GO_Biological_Process_2023
GO_Biological_Process_2023,Regulation Of T-helper 2 Cell Cytokine Production (GO:2000551),1/10,0.3693903775787431,0.9481331937644788,0,0,2.3567901234567903,2.347130254310979,RSAD2,GO_Biological_Process_2023
GO_Biological_Process_2023,Organic Anion Transport (GO:0015711),5/89,0.3730004846707329,0.9481331937644788,0,0,1.2632201318027212,1.2457568208254903,SLC4A7;SLC23A2;SLC2A1;SLC25A4;SLC26A6,GO_Biological_Process_2023
GO_Biological_Process_2023,Regulation Of Monoatomic Ion Transmembrane Transporter Activity (GO:0032412),4/69,0.3776008602601875,0.9481331937644788,0,0,1.305822828230855,1.271763791127182,YWHAE;CACNA1D;OPRM1;SHANK1,GO_Biological_Process_2023
GO_Biological_Process_2023,Phagocytosis (GO:0006909),4/69,0.3776008602601875,0.9481331937644788,0,0,1.305822828230855,1.271763791127182,CD93;MERTK;TLR4;GULP1,GO_Biological_Process_2023
GO_Biological_Process_2023,Cardiac Muscle Cell Action Potential (GO:0086001),2/29,0.3780040368967788,0.9481331937644788,0,0,1.5714579985992667,1.5287935484896291,YWHAE;CACNA1D,GO_Biological_Process_2023
GO_Biological_Process_2023,Response To Interferon-Beta (GO:0035456),2/29,0.3780040368967788,0.9481331937644788,0,0,1.5714579985992667,1.5287935484896291,NDUFA13;HTRA2,GO_Biological_Process_2023
GO_Biological_Process_2023,Glycolytic Process (GO:0006096),2/29,0.3780040368967788,0.9481331937644788,0,0,1.5714579985992667,1.5287935484896291,HKDC1;GCK,GO_Biological_Process_2023
GO_Biological_Process_2023,Morphogenesis Of An Epithelium (GO:0002009),2/29,0.3780040368967788,0.9481331937644788,0,0,1.5714579985992667,1.5287935484896291,RIPK4;TNC,GO_Biological_Process_2023
GO_Biological_Process_2023,Negative Regulation Of DNA Binding (GO:0043392),2/29,0.3780040368967788,0.9481331937644788,0,0,1.5714579985992667,1.5287935484896291,NFKBIA;HABP4,GO_Biological_Process_2023
GO_Biological_Process_2023,Positive Regulation Of Endopeptidase Activity (GO:0010950),2/29,0.3780040368967788,0.9481331937644788,0,0,1.5714579985992667,1.5287935484896291,FYN;VSIR,GO_Biological_Process_2023
GO_Biological_Process_2023,Positive Regulation Of Microtubule Polymerization (GO:0031116),2/29,0.3780040368967788,0.9481331937644788,0,0,1.5714579985992667,1.5287935484896291,HSPA1B;HSPA1A,GO_Biological_Process_2023
GO_Biological_Process_2023,Positive Regulation Of Viral Genome Replication (GO:0045070),2/29,0.3780040368967788,0.9481331937644788,0,0,1.5714579985992667,1.5287935484896291,DDX3X;IFIT1,GO_Biological_Process_2023
GO_Biological_Process_2023,Protein Acetylation (GO:0006473),2/29,0.3780040368967788,0.9481331937644788,0,0,1.5714579985992667,1.5287935484896291,BLOC1S1;FOXO1,GO_Biological_Process_2023
GO_Biological_Process_2023,Protein Insertion Into ER Membrane (GO:0045048),2/29,0.3780040368967788,0.9481331937644788,0,0,1.5714579985992667,1.5287935484896291,EMC7;EMC9,GO_Biological_Process_2023
GO_Biological_Process_2023,Regulation Of Blood Coagulation (GO:0030193),2/29,0.3780040368967788,0.9481331937644788,0,0,1.5714579985992667,1.5287935484896291,F12;APOE,GO_Biological_Process_2023
GO_Biological_Process_2023,Erythrocyte Differentiation (GO:0030218),3/49,0.3805893496793196,0.9481331937644788,0,0,1.383727123075433,1.3367278730920649,RPS19;HSCB;INHBA,GO_Biological_Process_2023
GO_Biological_Process_2023,Intrinsic Apoptotic Signaling Pathway In Response To DNA Damage (GO:0008630),3/49,0.3805893496793196,0.9481331937644788,0,0,1.383727123075433,1.3367278730920649,DDIT4;HTRA2;FNIP2,GO_Biological_Process_2023
GO_Biological_Process_2023,RNA Metabolic Process (GO:0016070),6/111,0.3840831146500038,0.9481331937644788,0,0,1.2127055067837191,1.1604334189966363,SETX;RBM3;RNASEH2C;DDX3X;PABPN1;NUDT3,GO_Biological_Process_2023
GO_Biological_Process_2023,Cytoskeleton Organization (GO:0007010),6/111,0.3840831146500038,0.9481331937644788,0,0,1.2127055067837191,1.1604334189966363,FMNL3;SEMA6A;CFL1;APOE;BRWD1;BRWD3,GO_Biological_Process_2023
GO_Biological_Process_2023,Negative Regulation Of Extrinsic Apoptotic Signaling Pathway (GO:2001237),4/70,0.3879179357943098,0.9481331937644788,0,0,1.2859700685787645,1.2177641031919753,DDX3X;EYA1;HSPA1B;HSPA1A,GO_Biological_Process_2023
GO_Biological_Process_2023,Regulation Of RNA Metabolic Process (GO:0051252),5/91,0.3910464433167862,0.9481331937644788,0,0,1.2337131436877076,1.158368980668891,SNRNP70;FUS;TAF10;PDE3A;HNRNPA1,GO_Biological_Process_2023
GO_Biological_Process_2023,"G Protein-Coupled Receptor Signaling Pathway, Coupled To Cyclic Nucleotide Second Messenger (GO:0007187)",3/50,0.392924799739007,0.9481331937644788,0,0,1.3542150405155664,1.2650224222758757,CALCRL;NPY;OPRM1,GO_Biological_Process_2023
GO_Biological_Process_2023,Regulation Of Interleukin-12 Production (GO:0032655),3/50,0.392924799739007,0.9481331937644788,0,0,1.3542150405155664,1.2650224222758757,IRAK3;TLR4;TLR3,GO_Biological_Process_2023
GO_Biological_Process_2023,Regulation Of Mitochondrion Organization (GO:0010821),3/50,0.392924799739007,0.9481331937644788,0,0,1.3542150405155664,1.2650224222758757,FIS1;HTRA2;CYRIB,GO_Biological_Process_2023
GO_Biological_Process_2023,Negative Regulation Of Cell Projection Organization (GO:0031345),3/50,0.392924799739007,0.9481331937644788,0,0,1.3542150405155664,1.2650224222758757,FYN;APOE;MT3,GO_Biological_Process_2023
GO_Biological_Process_2023,Positive Regulation Of Cell Death (GO:0010942),3/50,0.392924799739007,0.9481331937644788,0,0,1.3542150405155664,1.2650224222758757,C1QA;FYN;MT3,GO_Biological_Process_2023
GO_Biological_Process_2023,Pyruvate Metabolic Process (GO:0006090),3/50,0.392924799739007,0.9481331937644788,0,0,1.3542150405155664,1.2650224222758757,NR4A3;HKDC1;GCK,GO_Biological_Process_2023
GO_Biological_Process_2023,Regulation Of Macrophage Derived Foam Cell Differentiation (GO:0010743),2/30,0.3942077128270267,0.9481331937644788,0,0,1.5152550452884157,1.41051655367999,NFKBIA;PLA2G3,GO_Biological_Process_2023
GO_Biological_Process_2023,Cardiac Muscle Cell Action Potential Involved In Contraction (GO:0086002),2/30,0.3942077128270267,0.9481331937644788,0,0,1.5152550452884157,1.41051655367999,CACNA1D;KCNA5,GO_Biological_Process_2023
GO_Biological_Process_2023,Response To Epidermal Growth Factor (GO:0070849),2/30,0.3942077128270267,0.9481331937644788,0,0,1.5152550452884157,1.41051655367999,MAPK1;PLCG1,GO_Biological_Process_2023
GO_Biological_Process_2023,Lamellipodium Organization (GO:0097581),2/30,0.3942077128270267,0.9481331937644788,0,0,1.5152550452884157,1.41051655367999,P2RY12;PHPT1,GO_Biological_Process_2023
GO_Biological_Process_2023,"Maturation Of SSU-rRNA From Tricistronic rRNA Transcript (SSU-rRNA, 5.8S rRNA, LSU-rRNA) (GO:0000462)",2/30,0.3942077128270267,0.9481331937644788,0,0,1.5152550452884157,1.41051655367999,RPS19;RPS21,GO_Biological_Process_2023
GO_Biological_Process_2023,Mitotic G2 DNA Damage Checkpoint Signaling (GO:0007095),2/30,0.3942077128270267,0.9481331937644788,0,0,1.5152550452884157,1.41051655367999,CDKN1A;PLK1,GO_Biological_Process_2023
GO_Biological_Process_2023,Negative Regulation Of Blood Coagulation (GO:0030195),2/30,0.3942077128270267,0.9481331937644788,0,0,1.5152550452884157,1.41051655367999,F12;APOE,GO_Biological_Process_2023
GO_Biological_Process_2023,Negative Regulation Of Calcium Ion Transmembrane Transporter Activity (GO:1901020),2/30,0.3942077128270267,0.9481331937644788,0,0,1.5152550452884157,1.41051655367999,YWHAE;UBQLN1,GO_Biological_Process_2023
GO_Biological_Process_2023,Negative Regulation Of Carbohydrate Metabolic Process (GO:0045912),2/30,0.3942077128270267,0.9481331937644788,0,0,1.5152550452884157,1.41051655367999,CBFA2T3;GCK,GO_Biological_Process_2023
GO_Biological_Process_2023,"Phagocytosis, Engulfment (GO:0006911)",2/30,0.3942077128270267,0.9481331937644788,0,0,1.5152550452884157,1.41051655367999,XKR8;GULP1,GO_Biological_Process_2023
GO_Biological_Process_2023,Positive Regulation Of Locomotion (GO:0040017),2/30,0.3942077128270267,0.9481331937644788,0,0,1.5152550452884157,1.41051655367999,P2RY12;PHPT1,GO_Biological_Process_2023
GO_Biological_Process_2023,Regulation Of Cytoplasmic Transport (GO:1903649),1/11,0.3978135039141263,0.9481331937644788,0,0,2.121,1.9550783412591732,MAPK1,GO_Biological_Process_2023
GO_Biological_Process_2023,Regulation Of Endocytic Recycling (GO:2001135),1/11,0.3978135039141263,0.9481331937644788,0,0,2.121,1.9550783412591732,PLA2G3,GO_Biological_Process_2023
GO_Biological_Process_2023,Regulation Of Endosome Size (GO:0051036),1/11,0.3978135039141263,0.9481331937644788,0,0,2.121,1.9550783412591732,BLOC1S1,GO_Biological_Process_2023
GO_Biological_Process_2023,Regulation Of Fatty Acid Metabolic Process (GO:0019217),1/11,0.3978135039141263,0.9481331937644788,0,0,2.121,1.9550783412591732,FABP3,GO_Biological_Process_2023
GO_Biological_Process_2023,P-body Assembly (GO:0033962),1/11,0.3978135039141263,0.9481331937644788,0,0,2.121,1.9550783412591732,LSM4,GO_Biological_Process_2023
GO_Biological_Process_2023,Regulation Of Glycogen Metabolic Process (GO:0070873),1/11,0.3978135039141263,0.9481331937644788,0,0,2.121,1.9550783412591732,PPP1R3G,GO_Biological_Process_2023
GO_Biological_Process_2023,Actin Crosslink Formation (GO:0051764),1/11,0.3978135039141263,0.9481331937644788,0,0,2.121,1.9550783412591732,FLNA,GO_Biological_Process_2023
GO_Biological_Process_2023,Regulation Of Lipid Kinase Activity (GO:0043550),1/11,0.3978135039141263,0.9481331937644788,0,0,2.121,1.9550783412591732,RBL1,GO_Biological_Process_2023
GO_Biological_Process_2023,Regulation Of Mitochondrial Fusion (GO:0010635),1/11,0.3978135039141263,0.9481331937644788,0,0,2.121,1.9550783412591732,HUWE1,GO_Biological_Process_2023
GO_Biological_Process_2023,Regulation Of Muscle System Process (GO:0090257),1/11,0.3978135039141263,0.9481331937644788,0,0,2.121,1.9550783412591732,KCNA1,GO_Biological_Process_2023
GO_Biological_Process_2023,Aspartate Family Amino Acid Catabolic Process (GO:0009068),1/11,0.3978135039141263,0.9481331937644788,0,0,2.121,1.9550783412591732,ASPA,GO_Biological_Process_2023
GO_Biological_Process_2023,"Base-Excision Repair, AP Site Formation (GO:0006285)",1/11,0.3978135039141263,0.9481331937644788,0,0,2.121,1.9550783412591732,NTHL1,GO_Biological_Process_2023
GO_Biological_Process_2023,Biogenic Amine Biosynthetic Process (GO:0042401),1/11,0.3978135039141263,0.9481331937644788,0,0,2.121,1.9550783412591732,SLC38A2,GO_Biological_Process_2023
GO_Biological_Process_2023,Brain Morphogenesis (GO:0048854),1/11,0.3978135039141263,0.9481331937644788,0,0,2.121,1.9550783412591732,MKKS,GO_Biological_Process_2023
GO_Biological_Process_2023,Regulation Of Phospholipase C Activity (GO:1900274),1/11,0.3978135039141263,0.9481331937644788,0,0,2.121,1.9550783412591732,HRAS,GO_Biological_Process_2023
GO_Biological_Process_2023,cGMP Metabolic Process (GO:0046068),1/11,0.3978135039141263,0.9481331937644788,0,0,2.121,1.9550783412591732,NPPC,GO_Biological_Process_2023
GO_Biological_Process_2023,Regulation Of Protein K63-linked Ubiquitination (GO:1900044),1/11,0.3978135039141263,0.9481331937644788,0,0,2.121,1.9550783412591732,DDX3X,GO_Biological_Process_2023
GO_Biological_Process_2023,Regulation Of Response To Oxidative Stress (GO:1902882),1/11,0.3978135039141263,0.9481331937644788,0,0,2.121,1.9550783412591732,MACROH2A1,GO_Biological_Process_2023
GO_Biological_Process_2023,Regulation Of Stress-Activated Protein Kinase Signaling Cascade (GO:0070302),1/11,0.3978135039141263,0.9481331937644788,0,0,2.121,1.9550783412591732,MAPK1,GO_Biological_Process_2023
GO_Biological_Process_2023,Cellular Response To Nitrogen Levels (GO:0043562),1/11,0.3978135039141263,0.9481331937644788,0,0,2.121,1.9550783412591732,MAP1LC3A,GO_Biological_Process_2023
GO_Biological_Process_2023,Cellular Response To Nitrogen Starvation (GO:0006995),1/11,0.3978135039141263,0.9481331937644788,0,0,2.121,1.9550783412591732,MAP1LC3A,GO_Biological_Process_2023
GO_Biological_Process_2023,Regulation Of Type II Interferon-Mediated Signaling Pathway (GO:0060334),1/11,0.3978135039141263,0.9481331937644788,0,0,2.121,1.9550783412591732,PARP14,GO_Biological_Process_2023
GO_Biological_Process_2023,Regulation Of Ventricular Cardiac Muscle Cell Action Potential (GO:0098911),1/11,0.3978135039141263,0.9481331937644788,0,0,2.121,1.9550783412591732,CTNNA3,GO_Biological_Process_2023
GO_Biological_Process_2023,Central Nervous System Projection Neuron Axonogenesis (GO:0021952),1/11,0.3978135039141263,0.9481331937644788,0,0,2.121,1.9550783412591732,SZT2,GO_Biological_Process_2023
GO_Biological_Process_2023,Response To Nitric Oxide (GO:0071731),1/11,0.3978135039141263,0.9481331937644788,0,0,2.121,1.9550783412591732,FOXO1,GO_Biological_Process_2023
GO_Biological_Process_2023,Desensitization Of G Protein-Coupled Receptor Signaling Pathway (GO:0002029),1/11,0.3978135039141263,0.9481331937644788,0,0,2.121,1.9550783412591732,GRK2,GO_Biological_Process_2023
GO_Biological_Process_2023,Digestive System Development (GO:0055123),1/11,0.3978135039141263,0.9481331937644788,0,0,2.121,1.9550783412591732,COBL,GO_Biological_Process_2023
GO_Biological_Process_2023,Sphingoid Metabolic Process (GO:0046519),1/11,0.3978135039141263,0.9481331937644788,0,0,2.121,1.9550783412591732,SGPP1,GO_Biological_Process_2023
GO_Biological_Process_2023,Sulfate Transport (GO:0008272),1/11,0.3978135039141263,0.9481331937644788,0,0,2.121,1.9550783412591732,SLC26A6,GO_Biological_Process_2023
GO_Biological_Process_2023,Glutamine Family Amino Acid Biosynthetic Process (GO:0009084),1/11,0.3978135039141263,0.9481331937644788,0,0,2.121,1.9550783412591732,GLUD1,GO_Biological_Process_2023
GO_Biological_Process_2023,Glycerol Metabolic Process (GO:0006071),1/11,0.3978135039141263,0.9481331937644788,0,0,2.121,1.9550783412591732,GCK,GO_Biological_Process_2023
GO_Biological_Process_2023,Visual Learning (GO:0008542),1/11,0.3978135039141263,0.9481331937644788,0,0,2.121,1.9550783412591732,DRD2,GO_Biological_Process_2023
GO_Biological_Process_2023,Vitamin D Metabolic Process (GO:0042359),1/11,0.3978135039141263,0.9481331937644788,0,0,2.121,1.9550783412591732,FGF23,GO_Biological_Process_2023
GO_Biological_Process_2023,Maintenance Of Protein Localization In Endoplasmic Reticulum (GO:0035437),1/11,0.3978135039141263,0.9481331937644788,0,0,2.121,1.9550783412591732,KDELR2,GO_Biological_Process_2023
GO_Biological_Process_2023,Melanocyte Differentiation (GO:0030318),1/11,0.3978135039141263,0.9481331937644788,0,0,2.121,1.9550783412591732,MREG,GO_Biological_Process_2023
GO_Biological_Process_2023,Mitochondrial Genome Maintenance (GO:0000002),1/11,0.3978135039141263,0.9481331937644788,0,0,2.121,1.9550783412591732,SLC25A4,GO_Biological_Process_2023
GO_Biological_Process_2023,"Negative Regulation Of CD4-positive, Alpha-Beta T Cell Activation (GO:2000515)",1/11,0.3978135039141263,0.9481331937644788,0,0,2.121,1.9550783412591732,VSIR,GO_Biological_Process_2023
GO_Biological_Process_2023,Negative Regulation Of Bone Remodeling (GO:0046851),1/11,0.3978135039141263,0.9481331937644788,0,0,2.121,1.9550783412591732,CARTPT,GO_Biological_Process_2023
GO_Biological_Process_2023,Negative Regulation Of Cellular Response To Vascular Endothelial Growth Factor Stimulus (GO:1902548),1/11,0.3978135039141263,0.9481331937644788,0,0,2.121,1.9550783412591732,SEMA6A,GO_Biological_Process_2023
GO_Biological_Process_2023,Negative Regulation Of Heart Contraction (GO:0045822),1/11,0.3978135039141263,0.9481331937644788,0,0,2.121,1.9550783412591732,GRK2,GO_Biological_Process_2023
GO_Biological_Process_2023,Negative Regulation Of Leukocyte Apoptotic Process (GO:2000107),1/11,0.3978135039141263,0.9481331937644788,0,0,2.121,1.9550783412591732,MERTK,GO_Biological_Process_2023
GO_Biological_Process_2023,Negative Regulation Of Leukocyte Chemotaxis (GO:0002689),1/11,0.3978135039141263,0.9481331937644788,0,0,2.121,1.9550783412591732,UXT,GO_Biological_Process_2023
GO_Biological_Process_2023,Negative Regulation Of Microtubule Polymerization (GO:0031115),1/11,0.3978135039141263,0.9481331937644788,0,0,2.121,1.9550783412591732,STMN1,GO_Biological_Process_2023
GO_Biological_Process_2023,Negative Regulation Of Nitrogen Compound Metabolic Process (GO:0051172),1/11,0.3978135039141263,0.9481331937644788,0,0,2.121,1.9550783412591732,APOE,GO_Biological_Process_2023
GO_Biological_Process_2023,Negative Regulation Of Platelet-Derived Growth Factor Receptor Signaling Pathway (GO:0010642),1/11,0.3978135039141263,0.9481331937644788,0,0,2.121,1.9550783412591732,NDRG4,GO_Biological_Process_2023
GO_Biological_Process_2023,Negative Regulation Of Vascular Permeability (GO:0043116),1/11,0.3978135039141263,0.9481331937644788,0,0,2.121,1.9550783412591732,PDE3A,GO_Biological_Process_2023
GO_Biological_Process_2023,Neurotransmitter Uptake (GO:0001504),1/11,0.3978135039141263,0.9481331937644788,0,0,2.121,1.9550783412591732,SLC18A2,GO_Biological_Process_2023
GO_Biological_Process_2023,Nucleoside Phosphate Biosynthetic Process (GO:1901293),1/11,0.3978135039141263,0.9481331937644788,0,0,2.121,1.9550783412591732,NME2,GO_Biological_Process_2023
GO_Biological_Process_2023,Phasic Smooth Muscle Contraction (GO:0014821),1/11,0.3978135039141263,0.9481331937644788,0,0,2.121,1.9550783412591732,DRD2,GO_Biological_Process_2023
GO_Biological_Process_2023,Phospholipid Efflux (GO:0033700),1/11,0.3978135039141263,0.9481331937644788,0,0,2.121,1.9550783412591732,APOE,GO_Biological_Process_2023
GO_Biological_Process_2023,Podocyte Differentiation (GO:0072112),1/11,0.3978135039141263,0.9481331937644788,0,0,2.121,1.9550783412591732,MYO1E,GO_Biological_Process_2023
GO_Biological_Process_2023,Positive Regulation Of Behavior (GO:0048520),1/11,0.3978135039141263,0.9481331937644788,0,0,2.121,1.9550783412591732,NR4A3,GO_Biological_Process_2023
GO_Biological_Process_2023,Positive Regulation Of Circadian Rhythm (GO:0042753),1/11,0.3978135039141263,0.9481331937644788,0,0,2.121,1.9550783412591732,NKX2-1,GO_Biological_Process_2023
GO_Biological_Process_2023,Positive Regulation Of Coagulation (GO:0050820),1/11,0.3978135039141263,0.9481331937644788,0,0,2.121,1.9550783412591732,F12,GO_Biological_Process_2023
GO_Biological_Process_2023,Positive Regulation Of Hemostasis (GO:1900048),1/11,0.3978135039141263,0.9481331937644788,0,0,2.121,1.9550783412591732,F12,GO_Biological_Process_2023
GO_Biological_Process_2023,Positive Regulation Of Lipid Transport (GO:0032370),1/11,0.3978135039141263,0.9481331937644788,0,0,2.121,1.9550783412591732,APOE,GO_Biological_Process_2023
GO_Biological_Process_2023,Positive Regulation Of Platelet Aggregation (GO:1901731),1/11,0.3978135039141263,0.9481331937644788,0,0,2.121,1.9550783412591732,F11R,GO_Biological_Process_2023
GO_Biological_Process_2023,Positive Regulation Of Protein Polyubiquitination (GO:1902916),1/11,0.3978135039141263,0.9481331937644788,0,0,2.121,1.9550783412591732,DDX3X,GO_Biological_Process_2023
GO_Biological_Process_2023,Positive Regulation Of Vascular Permeability (GO:0043117),1/11,0.3978135039141263,0.9481331937644788,0,0,2.121,1.9550783412591732,PDE3A,GO_Biological_Process_2023
GO_Biological_Process_2023,pre-mRNA Cleavage Required For Polyadenylation (GO:0098789),1/11,0.3978135039141263,0.9481331937644788,0,0,2.121,1.9550783412591732,CPSF4,GO_Biological_Process_2023
GO_Biological_Process_2023,Regulation Of Actin Filament Depolymerization (GO:0030834),1/11,0.3978135039141263,0.9481331937644788,0,0,2.121,1.9550783412591732,PLEKHH2,GO_Biological_Process_2023
GO_Biological_Process_2023,Regulation Of Amyloid Precursor Protein Catabolic Process (GO:1902991),1/11,0.3978135039141263,0.9481331937644788,0,0,2.121,1.9550783412591732,APOE,GO_Biological_Process_2023
GO_Biological_Process_2023,Positive Regulation Of Cell-Substrate Adhesion (GO:0010811),4/71,0.39821183231768,0.9481331937644788,0,0,1.2667099286177808,1.1663499871839058,DOCK5;ECM2;FLNA;CALR,GO_Biological_Process_2023
GO_Biological_Process_2023,Cellular Response To Growth Factor Stimulus (GO:0071363),8/155,0.3985903885965836,0.9481331937644788,0,0,1.1549847262533233,1.0623791878668332,SETX;SLC4A7;URI1;SEMA6A;ACVR1C;PDE3A;HTRA2;PLCG1,GO_Biological_Process_2023
GO_Biological_Process_2023,Positive Regulation Of Protein Catabolic Process (GO:0045732),5/92,0.4000568922612617,0.9481331937644788,0,0,1.2194683908045978,1.1172141508555022,NDUFA13;DDRGK1;ASB11;APOE;FOXO1,GO_Biological_Process_2023
GO_Biological_Process_2023,SMAD Protein Signal Transduction (GO:0060395),3/51,0.4051958416496898,0.9481331937644788,0,0,1.325932628062361,1.1978273410761144,GDF1;FOS;INHBA,GO_Biological_Process_2023
GO_Biological_Process_2023,Amide Biosynthetic Process (GO:0043604),3/51,0.4051958416496898,0.9481331937644788,0,0,1.325932628062361,1.1978273410761144,GLUD1;VAPA;GDF1,GO_Biological_Process_2023
GO_Biological_Process_2023,Regulation Of Release Of Sequestered Calcium Ion Into Cytosol (GO:0051279),3/51,0.4051958416496898,0.9481331937644788,0,0,1.325932628062361,1.1978273410761144,JSRP1;CASQ1;PLCG1,GO_Biological_Process_2023
GO_Biological_Process_2023,Positive Regulation Of Ras Protein Signal Transduction (GO:0046579),3/51,0.4051958416496898,0.9481331937644788,0,0,1.325932628062361,1.1978273410761144,ARHGEF3;GPR4;F11R,GO_Biological_Process_2023
GO_Biological_Process_2023,Negative Regulation Of Amide Metabolic Process (GO:0034249),5/93,0.4090529401963155,0.9481331937644788,0,0,1.2055473823051948,1.0776516961812994,NANOS1;DDX3X;APOE;CALR;PAIP2,GO_Biological_Process_2023
GO_Biological_Process_2023,Regulation Of Gluconeogenesis (GO:0006111),2/31,0.4102155332572325,0.9481331937644788,0,0,1.4629281577231406,1.3035751481652975,FOXO1;GCK,GO_Biological_Process_2023
GO_Biological_Process_2023,Cellular Response To cAMP (GO:0071320),2/31,0.4102155332572325,0.9481331937644788,0,0,1.4629281577231406,1.3035751481652975,RAP1B;SLC26A6,GO_Biological_Process_2023
GO_Biological_Process_2023,Endodermal Cell Differentiation (GO:0035987),2/31,0.4102155332572325,0.9481331937644788,0,0,1.4629281577231406,1.3035751481652975,LAMB3;INHBA,GO_Biological_Process_2023
GO_Biological_Process_2023,Triglyceride Homeostasis (GO:0070328),2/31,0.4102155332572325,0.9481331937644788,0,0,1.4629281577231406,1.3035751481652975,APOE;ANGPTL4,GO_Biological_Process_2023
GO_Biological_Process_2023,Positive Regulation Of G1/S Transition Of Mitotic Cell Cycle (GO:1900087),2/31,0.4102155332572325,0.9481331937644788,0,0,1.4629281577231406,1.3035751481652975,ANKRD17;DDX3X,GO_Biological_Process_2023
GO_Biological_Process_2023,Positive Regulation Of Cholesterol Transport (GO:0032376),2/31,0.4102155332572325,0.9481331937644788,0,0,1.4629281577231406,1.3035751481652975,NFKBIA;APOE,GO_Biological_Process_2023
GO_Biological_Process_2023,Protein Localization To Chromatin (GO:0071168),2/31,0.4102155332572325,0.9481331937644788,0,0,1.4629281577231406,1.3035751481652975,PLK1;MACROH2A1,GO_Biological_Process_2023
GO_Biological_Process_2023,Arachidonic Acid Metabolic Process (GO:0019369),3/52,0.4173928179393094,0.9481331937644788,0,0,1.2988045997909186,1.1348012844681072,PTGIS;PTGES3;PTGS2,GO_Biological_Process_2023
GO_Biological_Process_2023,Regulation Of Peptide Hormone Secretion (GO:0090276),3/52,0.4173928179393094,0.9481331937644788,0,0,1.2988045997909186,1.1348012844681072,UQCC2;KCNA5;GCK,GO_Biological_Process_2023
GO_Biological_Process_2023,Cartilage Development (GO:0051216),3/52,0.4173928179393094,0.9481331937644788,0,0,1.2988045997909186,1.1348012844681072,DDRGK1;ZBTB16;ITGB8,GO_Biological_Process_2023
GO_Biological_Process_2023,Regulation Of Proteolysis (GO:0030162),3/52,0.4173928179393094,0.9481331937644788,0,0,1.2988045997909186,1.1348012844681072,CSTB;IST1;PLK1,GO_Biological_Process_2023
GO_Biological_Process_2023,Cell Cycle G1/S Phase Transition (GO:0044843),3/52,0.4173928179393094,0.9481331937644788,0,0,1.2988045997909186,1.1348012844681072,CDKN1A;DBF4;EIF4EBP1,GO_Biological_Process_2023
GO_Biological_Process_2023,Cellular Response To Ionizing Radiation (GO:0071479),3/52,0.4173928179393094,0.9481331937644788,0,0,1.2988045997909186,1.1348012844681072,CDKN1A;SWI5;HRAS,GO_Biological_Process_2023
GO_Biological_Process_2023,Negative Regulation Of Response To Stimulus (GO:0048585),3/52,0.4173928179393094,0.9481331937644788,0,0,1.2988045997909186,1.1348012844681072,BRAP;VHL;SOCS5,GO_Biological_Process_2023
GO_Biological_Process_2023,Cellular Response To Hormone Stimulus (GO:0032870),5/94,0.4180302010774062,0.9481331937644788,0,0,1.1919392054574638,1.0396112793446188,URI1;NR4A3;GCK;HSPA1B;HSPA1A,GO_Biological_Process_2023
GO_Biological_Process_2023,Protein Localization To Organelle (GO:0033365),7/137,0.4219620230607985,0.9481331937644788,0,0,1.1425141972121835,0.9858069062129818,YWHAE;DDX3X;VAPA;DDRGK1;ARL3;RPL11;CALR,GO_Biological_Process_2023
GO_Biological_Process_2023,Regulation Of Chemokine (C-X-C Motif) Ligand 2 Production (GO:2000341),1/12,0.4249568851803802,0.9481331937644788,0,0,1.928080808080808,1.6499890121582963,TLR4,GO_Biological_Process_2023
GO_Biological_Process_2023,DNA Conformation Change (GO:0071103),1/12,0.4249568851803802,0.9481331937644788,0,0,1.928080808080808,1.6499890121582963,HMGB3,GO_Biological_Process_2023
GO_Biological_Process_2023,Regulation Of Hematopoietic Stem Cell Differentiation (GO:1902036),1/12,0.4249568851803802,0.9481331937644788,0,0,1.928080808080808,1.6499890121582963,N4BP2L2,GO_Biological_Process_2023
GO_Biological_Process_2023,Actin-Myosin Filament Sliding (GO:0033275),1/12,0.4249568851803802,0.9481331937644788,0,0,1.928080808080808,1.6499890121582963,MYL6,GO_Biological_Process_2023
GO_Biological_Process_2023,Adult Locomotory Behavior (GO:0008344),1/12,0.4249568851803802,0.9481331937644788,0,0,1.928080808080808,1.6499890121582963,DRD2,GO_Biological_Process_2023
GO_Biological_Process_2023,Alanine Transport (GO:0032328),1/12,0.4249568851803802,0.9481331937644788,0,0,1.928080808080808,1.6499890121582963,SLC38A2,GO_Biological_Process_2023
GO_Biological_Process_2023,Astrocyte Activation (GO:0048143),1/12,0.4249568851803802,0.9481331937644788,0,0,1.928080808080808,1.6499890121582963,C1QA,GO_Biological_Process_2023
GO_Biological_Process_2023,Atrial Cardiac Muscle Cell Action Potential (GO:0086014),1/12,0.4249568851803802,0.9481331937644788,0,0,1.928080808080808,1.6499890121582963,KCNA5,GO_Biological_Process_2023
GO_Biological_Process_2023,Biogenic Amine Metabolic Process (GO:0006576),1/12,0.4249568851803802,0.9481331937644788,0,0,1.928080808080808,1.6499890121582963,ODC1,GO_Biological_Process_2023
GO_Biological_Process_2023,cAMP Metabolic Process (GO:0046058),1/12,0.4249568851803802,0.9481331937644788,0,0,1.928080808080808,1.6499890121582963,ADCY9,GO_Biological_Process_2023
GO_Biological_Process_2023,Regulation Of Platelet-Derived Growth Factor Receptor Signaling Pathway (GO:0010640),1/12,0.4249568851803802,0.9481331937644788,0,0,1.928080808080808,1.6499890121582963,NDRG4,GO_Biological_Process_2023
GO_Biological_Process_2023,Calcium Ion Import (GO:0070509),1/12,0.4249568851803802,0.9481331937644788,0,0,1.928080808080808,1.6499890121582963,CACNA1D,GO_Biological_Process_2023
GO_Biological_Process_2023,Regulation Of Retinoic Acid Receptor Signaling Pathway (GO:0048385),1/12,0.4249568851803802,0.9481331937644788,0,0,1.928080808080808,1.6499890121582963,CALR,GO_Biological_Process_2023
GO_Biological_Process_2023,Cellular Component Maintenance (GO:0043954),1/12,0.4249568851803802,0.9481331937644788,0,0,1.928080808080808,1.6499890121582963,FYN,GO_Biological_Process_2023
GO_Biological_Process_2023,Response To Interleukin-6 (GO:0070741),1/12,0.4249568851803802,0.9481331937644788,0,0,1.928080808080808,1.6499890121582963,PTGIS,GO_Biological_Process_2023
GO_Biological_Process_2023,Response To Iron Ion (GO:0010039),1/12,0.4249568851803802,0.9481331937644788,0,0,1.928080808080808,1.6499890121582963,F3,GO_Biological_Process_2023
GO_Biological_Process_2023,Early Endosome To Golgi Transport (GO:0034498),1/12,0.4249568851803802,0.9481331937644788,0,0,1.928080808080808,1.6499890121582963,TMED9,GO_Biological_Process_2023
GO_Biological_Process_2023,snRNA Transcription (GO:0009301),1/12,0.4249568851803802,0.9481331937644788,0,0,1.928080808080808,1.6499890121582963,SNAPC5,GO_Biological_Process_2023
GO_Biological_Process_2023,Endothelium Development (GO:0003158),1/12,0.4249568851803802,0.9481331937644788,0,0,1.928080808080808,1.6499890121582963,EDF1,GO_Biological_Process_2023
GO_Biological_Process_2023,Sphingomyelin Metabolic Process (GO:0006684),1/12,0.4249568851803802,0.9481331937644788,0,0,1.928080808080808,1.6499890121582963,VAPA,GO_Biological_Process_2023
GO_Biological_Process_2023,Steroid Catabolic Process (GO:0006706),1/12,0.4249568851803802,0.9481331937644788,0,0,1.928080808080808,1.6499890121582963,FGF23,GO_Biological_Process_2023
GO_Biological_Process_2023,tRNA 5'-Leader Removal (GO:0001682),1/12,0.4249568851803802,0.9481331937644788,0,0,1.928080808080808,1.6499890121582963,RPP25L,GO_Biological_Process_2023
GO_Biological_Process_2023,Fatty Acid Transmembrane Transport (GO:1902001),1/12,0.4249568851803802,0.9481331937644788,0,0,1.928080808080808,1.6499890121582963,SLC2A1,GO_Biological_Process_2023
GO_Biological_Process_2023,Glucose Import (GO:0046323),1/12,0.4249568851803802,0.9481331937644788,0,0,1.928080808080808,1.6499890121582963,SLC2A1,GO_Biological_Process_2023
GO_Biological_Process_2023,Low-Density Lipoprotein Particle Remodeling (GO:0034374),1/12,0.4249568851803802,0.9481331937644788,0,0,1.928080808080808,1.6499890121582963,PLA2G3,GO_Biological_Process_2023
GO_Biological_Process_2023,mRNA Cleavage Involved In mRNA Processing (GO:0098787),1/12,0.4249568851803802,0.9481331937644788,0,0,1.928080808080808,1.6499890121582963,CPSF4,GO_Biological_Process_2023
GO_Biological_Process_2023,Mesoderm Morphogenesis (GO:0048332),1/12,0.4249568851803802,0.9481331937644788,0,0,1.928080808080808,1.6499890121582963,TBX19,GO_Biological_Process_2023
GO_Biological_Process_2023,Negative Regulation By Host Of Viral Process (GO:0044793),1/12,0.4249568851803802,0.9481331937644788,0,0,1.928080808080808,1.6499890121582963,VAPA,GO_Biological_Process_2023
GO_Biological_Process_2023,Negative Regulation Of Cardiac Muscle Hypertrophy (GO:0010614),1/12,0.4249568851803802,0.9481331937644788,0,0,1.928080808080808,1.6499890121582963,FOXO1,GO_Biological_Process_2023
GO_Biological_Process_2023,Negative Regulation Of Cell Cycle Phase Transition (GO:1901988),1/12,0.4249568851803802,0.9481331937644788,0,0,1.928080808080808,1.6499890121582963,MACROH2A1,GO_Biological_Process_2023
GO_Biological_Process_2023,Negative Regulation Of Coagulation (GO:0050819),1/12,0.4249568851803802,0.9481331937644788,0,0,1.928080808080808,1.6499890121582963,APOE,GO_Biological_Process_2023
GO_Biological_Process_2023,Negative Regulation Of Epidermal Growth Factor-Activated Receptor Activity (GO:0007175),1/12,0.4249568851803802,0.9481331937644788,0,0,1.928080808080808,1.6499890121582963,SOCS5,GO_Biological_Process_2023
GO_Biological_Process_2023,Negative Regulation Of Macrophage Derived Foam Cell Differentiation (GO:0010745),1/12,0.4249568851803802,0.9481331937644788,0,0,1.928080808080808,1.6499890121582963,NFKBIA,GO_Biological_Process_2023
GO_Biological_Process_2023,Negative Regulation Of Stem Cell Differentiation (GO:2000737),1/12,0.4249568851803802,0.9481331937644788,0,0,1.928080808080808,1.6499890121582963,N4BP2L2,GO_Biological_Process_2023
GO_Biological_Process_2023,Negative Regulation Of Substrate Adhesion-Dependent Cell Spreading (GO:1900025),1/12,0.4249568851803802,0.9481331937644788,0,0,1.928080808080808,1.6499890121582963,AP1AR,GO_Biological_Process_2023
GO_Biological_Process_2023,Nuclear Body Organization (GO:0030575),1/12,0.4249568851803802,0.9481331937644788,0,0,1.928080808080808,1.6499890121582963,HABP4,GO_Biological_Process_2023
GO_Biological_Process_2023,Phosphate Ion Homeostasis (GO:0055062),1/12,0.4249568851803802,0.9481331937644788,0,0,1.928080808080808,1.6499890121582963,FGF23,GO_Biological_Process_2023
GO_Biological_Process_2023,Phospholipid Homeostasis (GO:0055091),1/12,0.4249568851803802,0.9481331937644788,0,0,1.928080808080808,1.6499890121582963,FABP3,GO_Biological_Process_2023
GO_Biological_Process_2023,Positive Regulation Of ERAD Pathway (GO:1904294),1/12,0.4249568851803802,0.9481331937644788,0,0,1.928080808080808,1.6499890121582963,UBQLN1,GO_Biological_Process_2023
GO_Biological_Process_2023,Positive Regulation Of T-helper 1 Type Immune Response (GO:0002827),1/12,0.4249568851803802,0.9481331937644788,0,0,1.928080808080808,1.6499890121582963,IL1R1,GO_Biological_Process_2023
GO_Biological_Process_2023,Positive Regulation Of T-helper Cell Differentiation (GO:0045624),1/12,0.4249568851803802,0.9481331937644788,0,0,1.928080808080808,1.6499890121582963,SOCS5,GO_Biological_Process_2023
GO_Biological_Process_2023,Positive Regulation Of Fatty Acid Oxidation (GO:0046321),1/12,0.4249568851803802,0.9481331937644788,0,0,1.928080808080808,1.6499890121582963,NR4A3,GO_Biological_Process_2023
GO_Biological_Process_2023,Positive Regulation Of Integrin-Mediated Signaling Pathway (GO:2001046),1/12,0.4249568851803802,0.9481331937644788,0,0,1.928080808080808,1.6499890121582963,FLNA,GO_Biological_Process_2023
GO_Biological_Process_2023,Positive Regulation Of Myeloid Leukocyte Mediated Immunity (GO:0002888),1/12,0.4249568851803802,0.9481331937644788,0,0,1.928080808080808,1.6499890121582963,UXT,GO_Biological_Process_2023
GO_Biological_Process_2023,Positive Regulation Of Neuroinflammatory Response (GO:0150078),1/12,0.4249568851803802,0.9481331937644788,0,0,1.928080808080808,1.6499890121582963,UXT,GO_Biological_Process_2023
GO_Biological_Process_2023,Positive Regulation Of Neuron Migration (GO:2001224),1/12,0.4249568851803802,0.9481331937644788,0,0,1.928080808080808,1.6499890121582963,SEMA6A,GO_Biological_Process_2023
GO_Biological_Process_2023,Positive Regulation Of Protein Export From Nucleus (GO:0046827),1/12,0.4249568851803802,0.9481331937644788,0,0,1.928080808080808,1.6499890121582963,YWHAE,GO_Biological_Process_2023
GO_Biological_Process_2023,Positive Regulation Of Vascular Endothelial Cell Proliferation (GO:1905564),1/12,0.4249568851803802,0.9481331937644788,0,0,1.928080808080808,1.6499890121582963,PLCG1,GO_Biological_Process_2023
GO_Biological_Process_2023,Pseudouridine Synthesis (GO:0001522),1/12,0.4249568851803802,0.9481331937644788,0,0,1.928080808080808,1.6499890121582963,NHP2,GO_Biological_Process_2023
GO_Biological_Process_2023,Quinone Biosynthetic Process (GO:1901663),1/12,0.4249568851803802,0.9481331937644788,0,0,1.928080808080808,1.6499890121582963,COQ7,GO_Biological_Process_2023
GO_Biological_Process_2023,Regulation Of Acrosome Reaction (GO:0060046),1/12,0.4249568851803802,0.9481331937644788,0,0,1.928080808080808,1.6499890121582963,GLRA1,GO_Biological_Process_2023
GO_Biological_Process_2023,Regulation Of Cholesterol Efflux (GO:0010874),2/32,0.4260122567569792,0.9481331937644788,0,0,1.414089729328884,1.2066246110992245,NFKBIA;APOE,GO_Biological_Process_2023
GO_Biological_Process_2023,NIK/NF-kappaB Signaling (GO:0038061),2/32,0.4260122567569792,0.9481331937644788,0,0,1.414089729328884,1.2066246110992245,NFKBIA;TLR3,GO_Biological_Process_2023
GO_Biological_Process_2023,Regulation Of Metaphase/Anaphase Transition Of Cell Cycle (GO:1902099),2/32,0.4260122567569792,0.9481331937644788,0,0,1.414089729328884,1.2066246110992245,PLK1;DPF2,GO_Biological_Process_2023
GO_Biological_Process_2023,Regulation Of Ubiquitin-Protein Transferase Activity (GO:0051438),2/32,0.4260122567569792,0.9481331937644788,0,0,1.414089729328884,1.2066246110992245,PLK1;BMI1,GO_Biological_Process_2023
GO_Biological_Process_2023,Left/Right Pattern Formation (GO:0060972),2/32,0.4260122567569792,0.9481331937644788,0,0,1.414089729328884,1.2066246110992245,MKKS;KIF3B,GO_Biological_Process_2023
GO_Biological_Process_2023,Mitochondrial Membrane Organization (GO:0007006),2/32,0.4260122567569792,0.9481331937644788,0,0,1.414089729328884,1.2066246110992245,MICOS13;SLC25A4,GO_Biological_Process_2023
GO_Biological_Process_2023,Negative Regulation Of Proteasomal Ubiquitin-Dependent Protein Catabolic Process (GO:0032435),2/32,0.4260122567569792,0.9481331937644788,0,0,1.414089729328884,1.2066246110992245,DDRGK1;RPL11,GO_Biological_Process_2023
GO_Biological_Process_2023,Positive Regulation Of Telomere Maintenance Via Telomerase (GO:0032212),2/32,0.4260122567569792,0.9481331937644788,0,0,1.414089729328884,1.2066246110992245,MAPK1;HNRNPA1,GO_Biological_Process_2023
GO_Biological_Process_2023,Purine Ribonucleoside Triphosphate Metabolic Process (GO:0009205),2/32,0.4260122567569792,0.9481331937644788,0,0,1.414089729328884,1.2066246110992245,HSPA1B;HSPA1A,GO_Biological_Process_2023
GO_Biological_Process_2023,Regulation Of Calcium Ion Transmembrane Transporter Activity (GO:1901019),2/32,0.4260122567569792,0.9481331937644788,0,0,1.414089729328884,1.2066246110992245,YWHAE;JSRP1,GO_Biological_Process_2023
GO_Biological_Process_2023,Regulation Of mRNA Stability (GO:0043488),4/74,0.4288911899666851,0.9481331937644788,0,0,1.2122312470138557,1.0262168213725922,TAF15;FUS;CIRBP;TENT5A,GO_Biological_Process_2023
GO_Biological_Process_2023,Import Into Nucleus (GO:0051170),4/74,0.4288911899666851,0.9481331937644788,0,0,1.2122312470138557,1.0262168213725922,CDAN1;HNRNPA1;KPNA3;KPNB1,GO_Biological_Process_2023
GO_Biological_Process_2023,Negative Regulation Of Metabolic Process (GO:0009892),3/53,0.4295066385887419,0.9481331937644788,0,0,1.272761692650334,1.0756339194234252,CIDEA;LNPEP;TLR4,GO_Biological_Process_2023
GO_Biological_Process_2023,Negative Regulation Of Viral Genome Replication (GO:0045071),3/53,0.4295066385887419,0.9481331937644788,0,0,1.272761692650334,1.0756339194234252,FAM111A;RSAD2;IFIT1,GO_Biological_Process_2023
GO_Biological_Process_2023,Regulation Of Apoptotic Process (GO:0042981),33/705,0.4355269190672901,0.9481331937644788,0,0,1.0425084348255431,0.8665316273416839,BEX1;DDX3X;ZFAND6;HTRA2;FOXO1;TFPT;PRDX5;MIEN1;ACVR1C;DDRGK1;CFL1;BAG1;FLNA;FYN;VHL;EGR1;MGMT;ANXA4;PLK1;CIDEA;NME2;PAWR;MT3;HYPK;GADD45G;SETX;LSM8;ANGPTL4;CALR;SGK1;PTMA;HSPA1B;HSPA1A,GO_Biological_Process_2023
GO_Biological_Process_2023,Regulation Of Protein Metabolic Process (GO:0051246),5/96,0.4359114338280374,0.9481331937644788,0,0,1.165620094191523,0.9678332352345318,RBM3;NFKBIA;ODC1;APOE;INHBA,GO_Biological_Process_2023
GO_Biological_Process_2023,Defense Response To Bacterium (GO:0042742),10/204,0.4382931116138736,0.9481331937644788,0,0,1.0936975713608017,0.9021554587593196,ANKRD17;IGHM;RPL30;RPS19;H2BC21;ROMO1;FAU;F3;TLR4;TLR3,GO_Biological_Process_2023
GO_Biological_Process_2023,ERBB Signaling Pathway (GO:0038127),3/54,0.4415287687131423,0.9481331937644788,0,0,1.247740075985851,1.0200426094774595,SHC3;MAPK1;PLCG1,GO_Biological_Process_2023
GO_Biological_Process_2023,Regulation Of Smooth Muscle Cell Proliferation (GO:0048660),3/54,0.4415287687131423,0.9481331937644788,0,0,1.247740075985851,1.0200426094774595,NDRG4;NR4A3;APOE,GO_Biological_Process_2023
GO_Biological_Process_2023,Negative Regulation Of Protein Catabolic Process (GO:0042177),3/54,0.4415287687131423,0.9481331937644788,0,0,1.247740075985851,1.0200426094774595,SNRNP70;FLNA;IRAK3,GO_Biological_Process_2023
GO_Biological_Process_2023,Actin Filament Bundle Organization (GO:0061572),2/33,0.4415844092690655,0.9481331937644788,0,0,1.368402167282644,1.118512896706513,RFLNB;PAWR,GO_Biological_Process_2023
GO_Biological_Process_2023,Regulation Of Sprouting Angiogenesis (GO:1903670),2/33,0.4415844092690655,0.9481331937644788,0,0,1.368402167282644,1.118512896706513,SEMA6A;CREB3L1,GO_Biological_Process_2023
GO_Biological_Process_2023,Negative Regulation Of Double-Strand Break Repair (GO:2000780),2/33,0.4415844092690655,0.9481331937644788,0,0,1.368402167282644,1.118512896706513,POLQ;KLHL15,GO_Biological_Process_2023
GO_Biological_Process_2023,Negative Regulation Of Small Molecule Metabolic Process (GO:0062014),2/33,0.4415844092690655,0.9481331937644788,0,0,1.368402167282644,1.118512896706513,CBFA2T3;GCK,GO_Biological_Process_2023
GO_Biological_Process_2023,Positive Regulation Of Interleukin-12 Production (GO:0032735),2/33,0.4415844092690655,0.9481331937644788,0,0,1.368402167282644,1.118512896706513,TLR4;TLR3,GO_Biological_Process_2023
GO_Biological_Process_2023,Positive Regulation Of Nitrogen Compound Metabolic Process (GO:0051173),2/33,0.4415844092690655,0.9481331937644788,0,0,1.368402167282644,1.118512896706513,NFKBIA;INHBA,GO_Biological_Process_2023
GO_Biological_Process_2023,Positive Regulation Of Release Of Sequestered Calcium Ion Into Cytosol (GO:0051281),2/33,0.4415844092690655,0.9481331937644788,0,0,1.368402167282644,1.118512896706513,PLCG1;CASQ1,GO_Biological_Process_2023
GO_Biological_Process_2023,Positive Regulation Of Telomerase Activity (GO:0051973),2/33,0.4415844092690655,0.9481331937644788,0,0,1.368402167282644,1.118512896706513,PTGES3;MAPK1,GO_Biological_Process_2023
GO_Biological_Process_2023,Regulation Of NLRP3 Inflammasome Complex Assembly (GO:1900225),2/33,0.4415844092690655,0.9481331937644788,0,0,1.368402167282644,1.118512896706513,DDX3X;TLR4,GO_Biological_Process_2023
GO_Biological_Process_2023,Regulation Of Cell Adhesion Mediated By Integrin (GO:0033628),2/33,0.4415844092690655,0.9481331937644788,0,0,1.368402167282644,1.118512896706513,P2RY12;ADA,GO_Biological_Process_2023
GO_Biological_Process_2023,Regulation Of Cell Growth (GO:0001558),11/227,0.4460215949315034,0.9481331937644788,0,0,1.0804879317519769,0.8723728919227003,URI1;CDKN1A;NDUFA13;DDX3X;TNC;LAMTOR2;INHBA;SGK1;MT3;HSPA1B;HSPA1A,GO_Biological_Process_2023
GO_Biological_Process_2023,ATP Transport (GO:0015867),1/13,0.4508780803562779,0.9481331937644788,0,0,1.7673148148148148,1.407769298291689,SLC25A4,GO_Biological_Process_2023
GO_Biological_Process_2023,N-terminal Protein Amino Acid Modification (GO:0031365),1/13,0.4508780803562779,0.9481331937644788,0,0,1.7673148148148148,1.407769298291689,PFDN1,GO_Biological_Process_2023
GO_Biological_Process_2023,Regulation Of Macrophage Cytokine Production (GO:0010935),1/13,0.4508780803562779,0.9481331937644788,0,0,1.7673148148148148,1.407769298291689,IRAK3,GO_Biological_Process_2023
GO_Biological_Process_2023,Regulation Of Myoblast Fusion (GO:1901739),1/13,0.4508780803562779,0.9481331937644788,0,0,1.7673148148148148,1.407769298291689,CD53,GO_Biological_Process_2023
GO_Biological_Process_2023,Regulation Of Nitric-Oxide Synthase Biosynthetic Process (GO:0051769),1/13,0.4508780803562779,0.9481331937644788,0,0,1.7673148148148148,1.407769298291689,TLR4,GO_Biological_Process_2023
GO_Biological_Process_2023,Regulation Of Nitrogen Compound Metabolic Process (GO:0051171),1/13,0.4508780803562779,0.9481331937644788,0,0,1.7673148148148148,1.407769298291689,APOE,GO_Biological_Process_2023
GO_Biological_Process_2023,Cardiocyte Differentiation (GO:0035051),1/13,0.4508780803562779,0.9481331937644788,0,0,1.7673148148148148,1.407769298291689,CBY1,GO_Biological_Process_2023
GO_Biological_Process_2023,Catecholamine Metabolic Process (GO:0006584),1/13,0.4508780803562779,0.9481331937644788,0,0,1.7673148148148148,1.407769298291689,DRD2,GO_Biological_Process_2023
GO_Biological_Process_2023,Regulation Of Transcription Of Nucleolar Large rRNA By RNA Polymerase I (GO:1901836),1/13,0.4508780803562779,0.9481331937644788,0,0,1.7673148148148148,1.407769298291689,MACROH2A1,GO_Biological_Process_2023
GO_Biological_Process_2023,Response To UV-A (GO:0070141),1/13,0.4508780803562779,0.9481331937644788,0,0,1.7673148148148148,1.407769298291689,GDF1,GO_Biological_Process_2023
GO_Biological_Process_2023,Cytoplasmic Sequestering Of Transcription Factor (GO:0042994),1/13,0.4508780803562779,0.9481331937644788,0,0,1.7673148148148148,1.407769298291689,NFKBIA,GO_Biological_Process_2023
GO_Biological_Process_2023,Embryonic Hemopoiesis (GO:0035162),1/13,0.4508780803562779,0.9481331937644788,0,0,1.7673148148148148,1.407769298291689,HSCB,GO_Biological_Process_2023
GO_Biological_Process_2023,Endolysosomal Toll-Like Receptor Signaling Pathway (GO:0140894),1/13,0.4508780803562779,0.9481331937644788,0,0,1.7673148148148148,1.407769298291689,TLR7,GO_Biological_Process_2023
GO_Biological_Process_2023,"Endonucleolytic Cleavage Of Tricistronic rRNA Transcript (SSU-rRNA, 5.8S rRNA, LSU-rRNA) (GO:0000479)",1/13,0.4508780803562779,0.9481331937644788,0,0,1.7673148148148148,1.407769298291689,RPS21,GO_Biological_Process_2023
GO_Biological_Process_2023,Endothelial Cell Differentiation (GO:0045446),1/13,0.4508780803562779,0.9481331937644788,0,0,1.7673148148148148,1.407769298291689,EDF1,GO_Biological_Process_2023
GO_Biological_Process_2023,Spliceosomal tri-snRNP Complex Assembly (GO:0000244),1/13,0.4508780803562779,0.9481331937644788,0,0,1.7673148148148148,1.407769298291689,SRSF10,GO_Biological_Process_2023
GO_Biological_Process_2023,Substrate-Dependent Cell Migration (GO:0006929),1/13,0.4508780803562779,0.9481331937644788,0,0,1.7673148148148148,1.407769298291689,P2RY12,GO_Biological_Process_2023
GO_Biological_Process_2023,Extracellular Transport (GO:0006858),1/13,0.4508780803562779,0.9481331937644788,0,0,1.7673148148148148,1.407769298291689,SPA17,GO_Biological_Process_2023
GO_Biological_Process_2023,Glomerular Filtration (GO:0003094),1/13,0.4508780803562779,0.9481331937644788,0,0,1.7673148148148148,1.407769298291689,MYO1E,GO_Biological_Process_2023
GO_Biological_Process_2023,Glutamine Metabolic Process (GO:0006541),1/13,0.4508780803562779,0.9481331937644788,0,0,1.7673148148148148,1.407769298291689,GLUD1,GO_Biological_Process_2023
GO_Biological_Process_2023,Ubiquinone Biosynthetic Process (GO:0006744),1/13,0.4508780803562779,0.9481331937644788,0,0,1.7673148148148148,1.407769298291689,COQ7,GO_Biological_Process_2023
GO_Biological_Process_2023,Heparan Sulfate Proteoglycan Metabolic Process (GO:0030201),1/13,0.4508780803562779,0.9481331937644788,0,0,1.7673148148148148,1.407769298291689,HS3ST2,GO_Biological_Process_2023
GO_Biological_Process_2023,Killing By Host Of Symbiont Cells (GO:0051873),1/13,0.4508780803562779,0.9481331937644788,0,0,1.7673148148148148,1.407769298291689,ROMO1,GO_Biological_Process_2023
GO_Biological_Process_2023,Membrane Depolarization During Action Potential (GO:0086010),1/13,0.4508780803562779,0.9481331937644788,0,0,1.7673148148148148,1.407769298291689,CACNA1D,GO_Biological_Process_2023
GO_Biological_Process_2023,Microtubule-Based Transport (GO:0099111),1/13,0.4508780803562779,0.9481331937644788,0,0,1.7673148148148148,1.407769298291689,SPA17,GO_Biological_Process_2023
GO_Biological_Process_2023,Microvillus Organization (GO:0032528),1/13,0.4508780803562779,0.9481331937644788,0,0,1.7673148148148148,1.407769298291689,RAP1B,GO_Biological_Process_2023
GO_Biological_Process_2023,Mitochondrial Fission (GO:0000266),1/13,0.4508780803562779,0.9481331937644788,0,0,1.7673148148148148,1.407769298291689,FIS1,GO_Biological_Process_2023
GO_Biological_Process_2023,Negative Regulation Of Cartilage Development (GO:0061037),1/13,0.4508780803562779,0.9481331937644788,0,0,1.7673148148148148,1.407769298291689,WNT9A,GO_Biological_Process_2023
GO_Biological_Process_2023,Negative Regulation Of Endoplasmic Reticulum Unfolded Protein Response (GO:1900102),1/13,0.4508780803562779,0.9481331937644788,0,0,1.7673148148148148,1.407769298291689,DDRGK1,GO_Biological_Process_2023
GO_Biological_Process_2023,Negative Regulation Of Fibroblast Growth Factor Receptor Signaling Pathway (GO:0040037),1/13,0.4508780803562779,0.9481331937644788,0,0,1.7673148148148148,1.407769298291689,CREB3L1,GO_Biological_Process_2023
GO_Biological_Process_2023,Negative Regulation Of Interleukin-12 Production (GO:0032695),1/13,0.4508780803562779,0.9481331937644788,0,0,1.7673148148148148,1.407769298291689,IRAK3,GO_Biological_Process_2023
GO_Biological_Process_2023,Negative Regulation Of Lyase Activity (GO:0051350),1/13,0.4508780803562779,0.9481331937644788,0,0,1.7673148148148148,1.407769298291689,PHPT1,GO_Biological_Process_2023
GO_Biological_Process_2023,Neuromuscular Process Controlling Balance (GO:0050885),1/13,0.4508780803562779,0.9481331937644788,0,0,1.7673148148148148,1.407769298291689,SHANK1,GO_Biological_Process_2023
GO_Biological_Process_2023,Positive Regulation Of Brown Fat Cell Differentiation (GO:0090336),1/13,0.4508780803562779,0.9481331937644788,0,0,1.7673148148148148,1.407769298291689,PTGS2,GO_Biological_Process_2023
GO_Biological_Process_2023,Positive Regulation Of Cyclase Activity (GO:0031281),1/13,0.4508780803562779,0.9481331937644788,0,0,1.7673148148148148,1.407769298291689,CACNA1D,GO_Biological_Process_2023
GO_Biological_Process_2023,Positive Regulation Of Macrophage Chemotaxis (GO:0010759),1/13,0.4508780803562779,0.9481331937644788,0,0,1.7673148148148148,1.407769298291689,MAPK1,GO_Biological_Process_2023
GO_Biological_Process_2023,Positive Regulation Of Type 2 Immune Response (GO:0002830),1/13,0.4508780803562779,0.9481331937644788,0,0,1.7673148148148148,1.407769298291689,RSAD2,GO_Biological_Process_2023
GO_Biological_Process_2023,Protein Localization To Synapse (GO:0035418),1/13,0.4508780803562779,0.9481331937644788,0,0,1.7673148148148148,1.407769298291689,SHANK1,GO_Biological_Process_2023
GO_Biological_Process_2023,Purine Ribonucleoside Bisphosphate Metabolic Process (GO:0034035),1/13,0.4508780803562779,0.9481331937644788,0,0,1.7673148148148148,1.407769298291689,SULT1A1,GO_Biological_Process_2023
GO_Biological_Process_2023,Regulation Of IRE1-mediated Unfolded Protein Response (GO:1903894),1/13,0.4508780803562779,0.9481331937644788,0,0,1.7673148148148148,1.407769298291689,DDRGK1,GO_Biological_Process_2023
GO_Biological_Process_2023,Regulation Of cAMP-dependent Protein Kinase Activity (GO:2000479),1/13,0.4508780803562779,0.9481331937644788,0,0,1.7673148148148148,1.407769298291689,PRKAR2B,GO_Biological_Process_2023
GO_Biological_Process_2023,Cellular Response To Lipid (GO:0071396),11/228,0.4518043822172671,0.9481331937644788,0,0,1.07545176823901,0.8544528562629201,UXT;SETX;URI1;NDUFA13;PABPN1;NFKBIL1;HTRA2;WNT9A;TLR4;HSPA1B;HSPA1A,GO_Biological_Process_2023
GO_Biological_Process_2023,Cellular Response To Fibroblast Growth Factor Stimulus (GO:0044344),3/55,0.4534512158392694,0.9481331937644788,0,0,1.2236808291930787,0.9677695056012214,SETX;FGF23;FGF22,GO_Biological_Process_2023
GO_Biological_Process_2023,Adenylate Cyclase-Modulating G Protein-Coupled Receptor Signaling Pathway (GO:0007188),8/163,0.4536167136173841,0.9481331937644788,0,0,1.094910233717444,0.8655294748228332,P2RY12;GNA14;ADCY9;CALCRL;CALCR;CACNA1D;GPR4;ADGRL4,GO_Biological_Process_2023
GO_Biological_Process_2023,Negative Regulation Of Macromolecule Biosynthetic Process (GO:0010558),5/98,0.4536679935028304,0.9481331937644788,0,0,1.1404329877112136,0.9013864189536858,NANOS1;CDKN1A;DDX3X;CALR;PAIP2,GO_Biological_Process_2023
GO_Biological_Process_2023,ATP Metabolic Process (GO:0046034),2/34,0.4569201560447624,0.9481331937644788,0,0,1.3255700778642936,1.0382482785561145,HSPA1B;HSPA1A,GO_Biological_Process_2023
GO_Biological_Process_2023,Regulation Of Interleukin-17 Production (GO:0032660),2/34,0.4569201560447624,0.9481331937644788,0,0,1.3255700778642936,1.0382482785561145,TLR4;VSIR,GO_Biological_Process_2023
GO_Biological_Process_2023,Regulation Of Neuronal Synaptic Plasticity (GO:0048168),2/34,0.4569201560447624,0.9481331937644788,0,0,1.3255700778642936,1.0382482785561145,APOE;DRD2,GO_Biological_Process_2023
GO_Biological_Process_2023,Cellular Response To Amyloid-Beta (GO:1904646),2/34,0.4569201560447624,0.9481331937644788,0,0,1.3255700778642936,1.0382482785561145,FYN;TLR4,GO_Biological_Process_2023
GO_Biological_Process_2023,Cellular Response To Hydrogen Peroxide (GO:0070301),2/34,0.4569201560447624,0.9481331937644788,0,0,1.3255700778642936,1.0382482785561145,SETX;FYN,GO_Biological_Process_2023
GO_Biological_Process_2023,Semaphorin-Plexin Signaling Pathway (GO:0071526),2/34,0.4569201560447624,0.9481331937644788,0,0,1.3255700778642936,1.0382482785561145,SEMA6A;FLNA,GO_Biological_Process_2023
GO_Biological_Process_2023,Establishment Of Mitotic Spindle Localization (GO:0040001),2/34,0.4569201560447624,0.9481331937644788,0,0,1.3255700778642936,1.0382482785561145,PLK1;KPNB1,GO_Biological_Process_2023
GO_Biological_Process_2023,Negative Regulation Of Interleukin-6 Production (GO:0032715),2/34,0.4569201560447624,0.9481331937644788,0,0,1.3255700778642936,1.0382482785561145,IRAK3;TLR4,GO_Biological_Process_2023
GO_Biological_Process_2023,Positive Regulation Of Neuron Death (GO:1901216),2/34,0.4569201560447624,0.9481331937644788,0,0,1.3255700778642936,1.0382482785561145,C1QA;FYN,GO_Biological_Process_2023
GO_Biological_Process_2023,Protein Localization To Cell Periphery (GO:1990778),7/142,0.458854733289161,0.9481331937644788,0,0,1.0999088574032645,0.8568527625927228,PLEKHF1;ARL3;SLMAP;RAB13;FLNA;F11R;PRAM1,GO_Biological_Process_2023
GO_Biological_Process_2023,Negative Regulation Of Transforming Growth Factor Beta Receptor Signaling Pathway (GO:0030512),4/77,0.4591442915960575,0.9481331937644788,0,0,1.1622302652677876,0.9046692966256852,NRROS;NKX2-1;CIDEA;HSPA1A,GO_Biological_Process_2023
GO_Biological_Process_2023,Pattern Recognition Receptor Signaling Pathway (GO:0002221),3/56,0.4652665160863192,0.9481331937644788,0,0,1.200529478505694,0.918578989422616,TLR7;TLR4;TLR3,GO_Biological_Process_2023
GO_Biological_Process_2023,Positive Regulation Of DNA-templated Transcription Initiation (GO:2000144),3/56,0.4652665160863192,0.9481331937644788,0,0,1.200529478505694,0.918578989422616,FOSL1;SETX;TAF10,GO_Biological_Process_2023
GO_Biological_Process_2023,Regulation Of Cation Channel Activity (GO:2001257),3/56,0.4652665160863192,0.9481331937644788,0,0,1.200529478505694,0.918578989422616,KCNG1;JSRP1;SLMAP,GO_Biological_Process_2023
GO_Biological_Process_2023,Positive Regulation Of Transferase Activity (GO:0051347),7/143,0.4661788292845781,0.9481331937644788,0,0,1.091763718910383,0.8332187469773132,PABPN1;PTGES3;PLK1;MAPK1;APOE;BMI1;MERTK,GO_Biological_Process_2023
GO_Biological_Process_2023,Negative Regulation Of Intracellular Signal Transduction (GO:1902532),11/231,0.4691062580628546,0.9481331937644788,0,0,1.06061797752809,0.8028092947952382,URI1;NDUFA13;PPM1B;DDX3X;DDIT4;PDE3A;TRIM59;DRD2;CYRIB;DUSP9;CGNL1,GO_Biological_Process_2023
GO_Biological_Process_2023,Cellular Response To Nutrient Levels (GO:0031669),4/78,0.4691088992848938,0.9481331937644788,0,0,1.1464641899424508,0.8677820677182758,MAP1LC3A;NUPR2;CARTPT;FOXO1,GO_Biological_Process_2023
GO_Biological_Process_2023,Phosphorylation (GO:0016310),20/429,0.470067920078436,0.9481331937644788,0,0,1.0373852784538575,0.7830994112793521,CDK17;EPHA6;EPHA10;TAF10;PLK1;LRRK1;IRAK3;GCK;RSKR;GRK2;ACVR1C;HKDC1;MAPK1;FYN;MAP3K9;MAP3K6;SGK1;FNIP2;DGKI;CDK16,GO_Biological_Process_2023
GO_Biological_Process_2023,Regulation Of Organelle Organization (GO:0033043),5/100,0.4712693302673834,0.9481331937644788,0,0,1.1163063909774436,0.8398257882215989,FIS1;TFPT;TMED9;MAPK1;F11R,GO_Biological_Process_2023
GO_Biological_Process_2023,Regulation Of mRNA Processing (GO:0050684),2/35,0.4720091818702366,0.9481331937644788,0,0,1.2853338726531165,0.9649731971832576,SRPK3;SRSF10,GO_Biological_Process_2023
GO_Biological_Process_2023,Regulation Of Postsynaptic Membrane Potential (GO:0060078),2/35,0.4720091818702366,0.9481331937644788,0,0,1.2853338726531165,0.9649731971832576,GLRA1;DRD2,GO_Biological_Process_2023
GO_Biological_Process_2023,Regulation Of Sodium Ion Transport (GO:0002028),2/35,0.4720091818702366,0.9481331937644788,0,0,1.2853338726531165,0.9649731971832576,SLMAP;DRD2,GO_Biological_Process_2023
GO_Biological_Process_2023,Endoderm Formation (GO:0001706),2/35,0.4720091818702366,0.9481331937644788,0,0,1.2853338726531165,0.9649731971832576,LAMB3;INHBA,GO_Biological_Process_2023
GO_Biological_Process_2023,Skeletal Muscle Organ Development (GO:0060538),2/35,0.4720091818702366,0.9481331937644788,0,0,1.2853338726531165,0.9649731971832576,MYH7B;MYL6,GO_Biological_Process_2023
GO_Biological_Process_2023,One-Carbon Compound Transport (GO:0019755),2/35,0.4720091818702366,0.9481331937644788,0,0,1.2853338726531165,0.9649731971832576,SLC4A7;SLC26A6,GO_Biological_Process_2023
GO_Biological_Process_2023,Platelet Aggregation (GO:0070527),2/35,0.4720091818702366,0.9481331937644788,0,0,1.2853338726531165,0.9649731971832576,P2RY12;FLNA,GO_Biological_Process_2023
GO_Biological_Process_2023,Positive Regulation Of Cell Development (GO:0010720),2/35,0.4720091818702366,0.9481331937644788,0,0,1.2853338726531165,0.9649731971832576,PDE3A;OPRM1,GO_Biological_Process_2023
GO_Biological_Process_2023,Positive Regulation Of Telomere Maintenance Via Telomere Lengthening (GO:1904358),2/35,0.4720091818702366,0.9481331937644788,0,0,1.2853338726531165,0.9649731971832576,MAPK1;HNRNPA1,GO_Biological_Process_2023
GO_Biological_Process_2023,Regulation Of G2/M Transition Of Mitotic Cell Cycle (GO:0010389),2/35,0.4720091818702366,0.9481331937644788,0,0,1.2853338726531165,0.9649731971832576,CDKN1A;KCNH5,GO_Biological_Process_2023
GO_Biological_Process_2023,Protein Localization To Nucleus (GO:0034504),6/122,0.4726075884554626,0.9481331937644788,0,0,1.0970718551338856,0.8222442284080973,YWHAE;PLK1;RPL11;CALR;KPNA3;KPNB1,GO_Biological_Process_2023
GO_Biological_Process_2023,Regulation Of Cell Cycle (GO:0051726),14/298,0.4749416332489944,0.9481331937644788,0,0,1.0456595264937991,0.7785597703242851,ANKRD17;YWHAE;ANAPC13;CDKN1A;BEX1;JUND;PLK1;HTRA2;GADD45G;TFPT;NUPR2;INSM2;CALR;HRAS,GO_Biological_Process_2023
GO_Biological_Process_2023,2-Oxoglutarate Metabolic Process (GO:0006103),1/14,0.4756320623414167,0.9481331937644788,0,0,1.6312820512820514,1.2122231501687917,IDH2,GO_Biological_Process_2023
GO_Biological_Process_2023,Regulation Of Feeding Behavior (GO:0060259),1/14,0.4756320623414167,0.9481331937644788,0,0,1.6312820512820514,1.2122231501687917,NR4A3,GO_Biological_Process_2023
GO_Biological_Process_2023,Regulation Of Integrin Activation (GO:0033623),1/14,0.4756320623414167,0.9481331937644788,0,0,1.6312820512820514,1.2122231501687917,RAP1B,GO_Biological_Process_2023
GO_Biological_Process_2023,Regulation Of Macrophage Differentiation (GO:0045649),1/14,0.4756320623414167,0.9481331937644788,0,0,1.6312820512820514,1.2122231501687917,INHBA,GO_Biological_Process_2023
GO_Biological_Process_2023,Regulation Of Microglial Cell Activation (GO:1903978),1/14,0.4756320623414167,0.9481331937644788,0,0,1.6312820512820514,1.2122231501687917,UXT,GO_Biological_Process_2023
GO_Biological_Process_2023,Cellular Response To ATP (GO:0071318),1/14,0.4756320623414167,0.9481331937644788,0,0,1.6312820512820514,1.2122231501687917,P2RY12,GO_Biological_Process_2023
GO_Biological_Process_2023,Regulation Of Sequestering Of Triglyceride (GO:0010889),1/14,0.4756320623414167,0.9481331937644788,0,0,1.6312820512820514,1.2122231501687917,CIDEA,GO_Biological_Process_2023
GO_Biological_Process_2023,Cellular Response To Exogenous dsRNA (GO:0071360),1/14,0.4756320623414167,0.9481331937644788,0,0,1.6312820512820514,1.2122231501687917,IFIT1,GO_Biological_Process_2023
GO_Biological_Process_2023,Regulation Of Vesicle Size (GO:0097494),1/14,0.4756320623414167,0.9481331937644788,0,0,1.6312820512820514,1.2122231501687917,BLOC1S1,GO_Biological_Process_2023
GO_Biological_Process_2023,Respiratory Electron Transport Chain (GO:0022904),1/14,0.4756320623414167,0.9481331937644788,0,0,1.6312820512820514,1.2122231501687917,NDUFA5,GO_Biological_Process_2023
GO_Biological_Process_2023,Dolichol Metabolic Process (GO:0019348),1/14,0.4756320623414167,0.9481331937644788,0,0,1.6312820512820514,1.2122231501687917,DPM3,GO_Biological_Process_2023
GO_Biological_Process_2023,Electron Transport Chain (GO:0022900),1/14,0.4756320623414167,0.9481331937644788,0,0,1.6312820512820514,1.2122231501687917,NDUFA5,GO_Biological_Process_2023
GO_Biological_Process_2023,Embryonic Cranial Skeleton Morphogenesis (GO:0048701),1/14,0.4756320623414167,0.9481331937644788,0,0,1.6312820512820514,1.2122231501687917,IRX5,GO_Biological_Process_2023
GO_Biological_Process_2023,Smooth Muscle Contraction (GO:0006939),1/14,0.4756320623414167,0.9481331937644788,0,0,1.6312820512820514,1.2122231501687917,BDKRB2,GO_Biological_Process_2023
GO_Biological_Process_2023,Establishment Of Protein Localization To Chromosome (GO:0070199),1/14,0.4756320623414167,0.9481331937644788,0,0,1.6312820512820514,1.2122231501687917,MACROH2A1,GO_Biological_Process_2023
GO_Biological_Process_2023,Establishment Of Spindle Localization (GO:0051293),1/14,0.4756320623414167,0.9481331937644788,0,0,1.6312820512820514,1.2122231501687917,KPNB1,GO_Biological_Process_2023
GO_Biological_Process_2023,Ethanol Metabolic Process (GO:0006067),1/14,0.4756320623414167,0.9481331937644788,0,0,1.6312820512820514,1.2122231501687917,SULT1A1,GO_Biological_Process_2023
GO_Biological_Process_2023,"Synaptic Transmission, GABAergic (GO:0051932)",1/14,0.4756320623414167,0.9481331937644788,0,0,1.6312820512820514,1.2122231501687917,GABRB2,GO_Biological_Process_2023
GO_Biological_Process_2023,tRNA 5'-End Processing (GO:0099116),1/14,0.4756320623414167,0.9481331937644788,0,0,1.6312820512820514,1.2122231501687917,RPP25L,GO_Biological_Process_2023
GO_Biological_Process_2023,Formation Of Cytoplasmic Translation Initiation Complex (GO:0001732),1/14,0.4756320623414167,0.9481331937644788,0,0,1.6312820512820514,1.2122231501687917,EIF3G,GO_Biological_Process_2023
GO_Biological_Process_2023,Glucosamine-Containing Compound Metabolic Process (GO:1901071),1/14,0.4756320623414167,0.9481331937644788,0,0,1.6312820512820514,1.2122231501687917,NAGK,GO_Biological_Process_2023
GO_Biological_Process_2023,Ubiquinone Metabolic Process (GO:0006743),1/14,0.4756320623414167,0.9481331937644788,0,0,1.6312820512820514,1.2122231501687917,COQ7,GO_Biological_Process_2023
GO_Biological_Process_2023,Histone H2A Monoubiquitination (GO:0035518),1/14,0.4756320623414167,0.9481331937644788,0,0,1.6312820512820514,1.2122231501687917,BMI1,GO_Biological_Process_2023
GO_Biological_Process_2023,Lipoprotein Biosynthetic Process (GO:0042158),1/14,0.4756320623414167,0.9481331937644788,0,0,1.6312820512820514,1.2122231501687917,APOE,GO_Biological_Process_2023
GO_Biological_Process_2023,"Maturation Of LSU-rRNA From Tricistronic rRNA Transcript (SSU-rRNA, 5.8S rRNA, LSU-rRNA) (GO:0000463)",1/14,0.4756320623414167,0.9481331937644788,0,0,1.6312820512820514,1.2122231501687917,RPL35,GO_Biological_Process_2023
GO_Biological_Process_2023,Microvillus Assembly (GO:0030033),1/14,0.4756320623414167,0.9481331937644788,0,0,1.6312820512820514,1.2122231501687917,RAP1B,GO_Biological_Process_2023
GO_Biological_Process_2023,Mitochondrion Transport Along Microtubule (GO:0047497),1/14,0.4756320623414167,0.9481331937644788,0,0,1.6312820512820514,1.2122231501687917,UXT,GO_Biological_Process_2023
GO_Biological_Process_2023,Monosaccharide Transmembrane Transport (GO:0015749),1/14,0.4756320623414167,0.9481331937644788,0,0,1.6312820512820514,1.2122231501687917,SLC5A3,GO_Biological_Process_2023
GO_Biological_Process_2023,Negative Regulation Of Blood Pressure (GO:0045776),1/14,0.4756320623414167,0.9481331937644788,0,0,1.6312820512820514,1.2122231501687917,DRD2,GO_Biological_Process_2023
GO_Biological_Process_2023,Negative Regulation Of Defense Response To Virus (GO:0050687),1/14,0.4756320623414167,0.9481331937644788,0,0,1.6312820512820514,1.2122231501687917,PPM1B,GO_Biological_Process_2023
GO_Biological_Process_2023,"Negative Regulation Of mRNA Splicing, Via Spliceosome (GO:0048025)",1/14,0.4756320623414167,0.9481331937644788,0,0,1.6312820512820514,1.2122231501687917,SRSF10,GO_Biological_Process_2023
GO_Biological_Process_2023,Negative Regulation Of Receptor Signaling Pathway Via STAT (GO:1904893),1/14,0.4756320623414167,0.9481331937644788,0,0,1.6312820512820514,1.2122231501687917,VHL,GO_Biological_Process_2023
GO_Biological_Process_2023,Negative Regulation Of Smooth Muscle Cell Migration (GO:0014912),1/14,0.4756320623414167,0.9481331937644788,0,0,1.6312820512820514,1.2122231501687917,NDRG4,GO_Biological_Process_2023
GO_Biological_Process_2023,Negative Regulation Of Transcription Elongation By RNA Polymerase II (GO:0034244),1/14,0.4756320623414167,0.9481331937644788,0,0,1.6312820512820514,1.2122231501687917,VHL,GO_Biological_Process_2023
GO_Biological_Process_2023,Photoreceptor Cell Development (GO:0042461),1/14,0.4756320623414167,0.9481331937644788,0,0,1.6312820512820514,1.2122231501687917,ARL3,GO_Biological_Process_2023
GO_Biological_Process_2023,Positive Regulation Of Acute Inflammatory Response (GO:0002675),1/14,0.4756320623414167,0.9481331937644788,0,0,1.6312820512820514,1.2122231501687917,PTGS2,GO_Biological_Process_2023
GO_Biological_Process_2023,Positive Regulation Of Histone Acetylation (GO:0035066),1/14,0.4756320623414167,0.9481331937644788,0,0,1.6312820512820514,1.2122231501687917,BAZ1B,GO_Biological_Process_2023
GO_Biological_Process_2023,Positive Regulation Of Lyase Activity (GO:0051349),1/14,0.4756320623414167,0.9481331937644788,0,0,1.6312820512820514,1.2122231501687917,CACNA1D,GO_Biological_Process_2023
GO_Biological_Process_2023,Positive Regulation Of Membrane Protein Ectodomain Proteolysis (GO:0051044),1/14,0.4756320623414167,0.9481331937644788,0,0,1.6312820512820514,1.2122231501687917,APOE,GO_Biological_Process_2023
GO_Biological_Process_2023,Positive Regulation Of Mitochondrial Translation (GO:0070131),1/14,0.4756320623414167,0.9481331937644788,0,0,1.6312820512820514,1.2122231501687917,UQCC2,GO_Biological_Process_2023
GO_Biological_Process_2023,"Positive Regulation Of Nuclear-Transcribed mRNA Catabolic Process, Deadenylation-Dependent Decay (GO:1900153)",1/14,0.4756320623414167,0.9481331937644788,0,0,1.6312820512820514,1.2122231501687917,NANOS1,GO_Biological_Process_2023
GO_Biological_Process_2023,Positive Regulation Of Protein-Containing Complex Disassembly (GO:0043243),1/14,0.4756320623414167,0.9481331937644788,0,0,1.6312820512820514,1.2122231501687917,SETX,GO_Biological_Process_2023
GO_Biological_Process_2023,Positive Regulation Of Telomerase RNA Localization To Cajal Body (GO:1904874),1/14,0.4756320623414167,0.9481331937644788,0,0,1.6312820512820514,1.2122231501687917,NHP2,GO_Biological_Process_2023
GO_Biological_Process_2023,Positive Regulation Of Telomere Maintenance In Response To DNA Damage (GO:1904507),1/14,0.4756320623414167,0.9481331937644788,0,0,1.6312820512820514,1.2122231501687917,TFPT,GO_Biological_Process_2023
GO_Biological_Process_2023,Positive Regulation Of Transporter Activity (GO:0032411),1/14,0.4756320623414167,0.9481331937644788,0,0,1.6312820512820514,1.2122231501687917,SGK1,GO_Biological_Process_2023
GO_Biological_Process_2023,Protein Homotrimerization (GO:0070207),1/14,0.4756320623414167,0.9481331937644788,0,0,1.6312820512820514,1.2122231501687917,PXDN,GO_Biological_Process_2023
GO_Biological_Process_2023,Protein Maturation By Iron-Sulfur Cluster Transfer (GO:0097428),1/14,0.4756320623414167,0.9481331937644788,0,0,1.6312820512820514,1.2122231501687917,GLRX5,GO_Biological_Process_2023
GO_Biological_Process_2023,Protein Trimerization (GO:0070206),1/14,0.4756320623414167,0.9481331937644788,0,0,1.6312820512820514,1.2122231501687917,PXDN,GO_Biological_Process_2023
GO_Biological_Process_2023,Regulation Of MHC Class II Biosynthetic Process (GO:0045346),1/14,0.4756320623414167,0.9481331937644788,0,0,1.6312820512820514,1.2122231501687917,RFXAP,GO_Biological_Process_2023
GO_Biological_Process_2023,Regulation Of Carbohydrate Catabolic Process (GO:0043470),1/14,0.4756320623414167,0.9481331937644788,0,0,1.6312820512820514,1.2122231501687917,GCK,GO_Biological_Process_2023
GO_Biological_Process_2023,RNA Catabolic Process (GO:0006401),3/57,0.4769677197395832,0.9481331937644788,0,0,1.1782355852511754,0.8722554197415636,RNASEH2C;HSPA1B;HSPA1A,GO_Biological_Process_2023
GO_Biological_Process_2023,Myeloid Cell Differentiation (GO:0030099),3/57,0.4769677197395832,0.9481331937644788,0,0,1.1782355852511754,0.8722554197415636,RPS19;ZBTB16;INHBA,GO_Biological_Process_2023
GO_Biological_Process_2023,Regulation Of Neuron Differentiation (GO:0045664),4/79,0.4790054822294601,0.9481331937644788,0,0,1.1311185432924564,0.8325521534489567,PCP4;DTX1;CALR;ADRA2C,GO_Biological_Process_2023
GO_Biological_Process_2023,Response To Insulin (GO:0032868),4/79,0.4790054822294601,0.9481331937644788,0,0,1.1311185432924564,0.8325521534489567,RAB13;SLC2A1;FOXO1;GCK,GO_Biological_Process_2023
GO_Biological_Process_2023,Negative Regulation Of Cellular Component Organization (GO:0051129),4/79,0.4790054822294601,0.9481331937644788,0,0,1.1311185432924564,0.8325521534489567,DDX3X;IRAK3;HSPA1B;HSPA1A,GO_Biological_Process_2023
GO_Biological_Process_2023,Positive Regulation Of Catabolic Process (GO:0009896),4/79,0.4790054822294601,0.9481331937644788,0,0,1.1311185432924564,0.8325521534489567,NDUFA13;ASB11;VSIR;FOXO1,GO_Biological_Process_2023
GO_Biological_Process_2023,Positive Regulation Of Endocytosis (GO:0045807),4/79,0.4790054822294601,0.9481331937644788,0,0,1.1311185432924564,0.8325521534489567,APOE;CALR;MERTK;F3,GO_Biological_Process_2023
GO_Biological_Process_2023,Positive Regulation Of Protein Localization To Membrane (GO:1905477),4/79,0.4790054822294601,0.9481331937644788,0,0,1.1311185432924564,0.8325521534489567,FIS1;FYN;HRAS;SLC5A3,GO_Biological_Process_2023
GO_Biological_Process_2023,Regulation Of Peptidyl-Threonine Phosphorylation (GO:0010799),2/36,0.4868425779853735,0.9481331937644788,0,0,1.2474645030425964,0.8979429834422732,PLK1;MAPK1,GO_Biological_Process_2023
GO_Biological_Process_2023,Positive Regulation Of Phospholipase C Activity (GO:0010863),2/36,0.4868425779853735,0.9481331937644788,0,0,1.2474645030425964,0.8979429834422732,P2RY12;HRAS,GO_Biological_Process_2023
GO_Biological_Process_2023,Enzyme-Linked Receptor Protein Signaling Pathway (GO:0007167),6/124,0.4883802974418917,0.9481331937644788,0,0,1.0783637913076414,0.7728211421153485,UXT;NPPC;SHC3;BDKRB2;FYN;MERTK,GO_Biological_Process_2023
GO_Biological_Process_2023,Response To Organic Cyclic Compound (GO:0014070),3/58,0.4885483764257988,0.9481331937644788,0,0,1.156752379024094,0.8286011415377346,DRD2;TLR3;ADA,GO_Biological_Process_2023
GO_Biological_Process_2023,Glycosaminoglycan Biosynthetic Process (GO:0006024),3/58,0.4885483764257988,0.9481331937644788,0,0,1.156752379024094,0.8286011415377346,SLC10A7;ST3GAL1;HS3ST2,GO_Biological_Process_2023
GO_Biological_Process_2023,Memory (GO:0007613),3/58,0.4885483764257988,0.9481331937644788,0,0,1.156752379024094,0.8286011415377346,APOE;SGK1;SHANK1,GO_Biological_Process_2023
GO_Biological_Process_2023,Calcium Ion Transmembrane Transport (GO:0070588),4/80,0.488829507427145,0.9481331937644788,0,0,1.1161767294490406,0.7988940131528628,SMDT1;PMPCB;CACNA1D;ATP2C2,GO_Biological_Process_2023
GO_Biological_Process_2023,Cellular Response To Interleukin-1 (GO:0071347),4/81,0.4985766742105815,0.9481331937644788,0,0,1.101623014666493,0.7667272954986014,EGR1;PTGIS;IL1R1;IRAK3,GO_Biological_Process_2023
GO_Biological_Process_2023,3'-Phosphoadenosine 5'-Phosphosulfate Metabolic Process (GO:0050427),1/15,0.4992713340757176,0.9481331937644788,0,0,1.5146825396825396,1.0521069369478795,SULT1A1,GO_Biological_Process_2023
GO_Biological_Process_2023,Regulation Of Cholesterol Biosynthetic Process (GO:0045540),1/15,0.4992713340757176,0.9481331937644788,0,0,1.5146825396825396,1.0521069369478795,APOE,GO_Biological_Process_2023
GO_Biological_Process_2023,DNA Alkylation (GO:0006305),1/15,0.4992713340757176,0.9481331937644788,0,0,1.5146825396825396,1.0521069369478795,FOS,GO_Biological_Process_2023
GO_Biological_Process_2023,Regulation Of Dephosphorylation (GO:0035303),1/15,0.4992713340757176,0.9481331937644788,0,0,1.5146825396825396,1.0521069369478795,PPP1R17,GO_Biological_Process_2023
GO_Biological_Process_2023,N-acetylglucosamine Metabolic Process (GO:0006044),1/15,0.4992713340757176,0.9481331937644788,0,0,1.5146825396825396,1.0521069369478795,NAGK,GO_Biological_Process_2023
GO_Biological_Process_2023,N-terminal Protein Amino Acid Acetylation (GO:0006474),1/15,0.4992713340757176,0.9481331937644788,0,0,1.5146825396825396,1.0521069369478795,LSM8,GO_Biological_Process_2023
GO_Biological_Process_2023,Regulation Of Hormone Secretion (GO:0046883),1/15,0.4992713340757176,0.9481331937644788,0,0,1.5146825396825396,1.0521069369478795,FGF23,GO_Biological_Process_2023
GO_Biological_Process_2023,Activation Of NF-kappaB-inducing Kinase Activity (GO:0007250),1/15,0.4992713340757176,0.9481331937644788,0,0,1.5146825396825396,1.0521069369478795,TLR3,GO_Biological_Process_2023
GO_Biological_Process_2023,Regulation Of Lipoprotein Lipase Activity (GO:0051004),1/15,0.4992713340757176,0.9481331937644788,0,0,1.5146825396825396,1.0521069369478795,ANGPTL4,GO_Biological_Process_2023
GO_Biological_Process_2023,Regulation Of mRNA Metabolic Process (GO:1903311),1/15,0.4992713340757176,0.9481331937644788,0,0,1.5146825396825396,1.0521069369478795,SRPK3,GO_Biological_Process_2023
GO_Biological_Process_2023,Alpha-Beta T Cell Activation (GO:0046631),1/15,0.4992713340757176,0.9481331937644788,0,0,1.5146825396825396,1.0521069369478795,RSAD2,GO_Biological_Process_2023
GO_Biological_Process_2023,Anterograde Synaptic Vesicle Transport (GO:0048490),1/15,0.4992713340757176,0.9481331937644788,0,0,1.5146825396825396,1.0521069369478795,BLOC1S1,GO_Biological_Process_2023
GO_Biological_Process_2023,Astrocyte Development (GO:0014002),1/15,0.4992713340757176,0.9481331937644788,0,0,1.5146825396825396,1.0521069369478795,C1QA,GO_Biological_Process_2023
GO_Biological_Process_2023,Cardiac Myofibril Assembly (GO:0055003),1/15,0.4992713340757176,0.9481331937644788,0,0,1.5146825396825396,1.0521069369478795,NRAP,GO_Biological_Process_2023
GO_Biological_Process_2023,Regulation Of Systemic Arterial Blood Pressure (GO:0003073),1/15,0.4992713340757176,0.9481331937644788,0,0,1.5146825396825396,1.0521069369478795,DRD2,GO_Biological_Process_2023
GO_Biological_Process_2023,Regulation Of Telomere Maintenance In Response To DNA Damage (GO:1904505),1/15,0.4992713340757176,0.9481331937644788,0,0,1.5146825396825396,1.0521069369478795,TFPT,GO_Biological_Process_2023
GO_Biological_Process_2023,Cellular Response To Zinc Ion (GO:0071294),1/15,0.4992713340757176,0.9481331937644788,0,0,1.5146825396825396,1.0521069369478795,GLRA1,GO_Biological_Process_2023
GO_Biological_Process_2023,Renal Filtration (GO:0097205),1/15,0.4992713340757176,0.9481331937644788,0,0,1.5146825396825396,1.0521069369478795,MYO1E,GO_Biological_Process_2023
GO_Biological_Process_2023,Coenzyme A Metabolic Process (GO:0015936),1/15,0.4992713340757176,0.9481331937644788,0,0,1.5146825396825396,1.0521069369478795,NUDT8,GO_Biological_Process_2023
GO_Biological_Process_2023,Dendritic Spine Morphogenesis (GO:0060997),1/15,0.4992713340757176,0.9481331937644788,0,0,1.5146825396825396,1.0521069369478795,SHANK1,GO_Biological_Process_2023
GO_Biological_Process_2023,Endoplasmic Reticulum To Cytosol Transport (GO:1903513),1/15,0.4992713340757176,0.9481331937644788,0,0,1.5146825396825396,1.0521069369478795,SEC61B,GO_Biological_Process_2023
GO_Biological_Process_2023,Epiboly Involved In Wound Healing (GO:0090505),1/15,0.4992713340757176,0.9481331937644788,0,0,1.5146825396825396,1.0521069369478795,FLNA,GO_Biological_Process_2023
GO_Biological_Process_2023,Synaptic Vesicle Transport Along Microtubule (GO:0099517),1/15,0.4992713340757176,0.9481331937644788,0,0,1.5146825396825396,1.0521069369478795,BLOC1S1,GO_Biological_Process_2023
GO_Biological_Process_2023,Glutamine Family Amino Acid Catabolic Process (GO:0009065),1/15,0.4992713340757176,0.9481331937644788,0,0,1.5146825396825396,1.0521069369478795,GLUD1,GO_Biological_Process_2023
GO_Biological_Process_2023,Vasodilation (GO:0042311),1/15,0.4992713340757176,0.9481331937644788,0,0,1.5146825396825396,1.0521069369478795,BDKRB2,GO_Biological_Process_2023
GO_Biological_Process_2023,Keratan Sulfate Biosynthetic Process (GO:0018146),1/15,0.4992713340757176,0.9481331937644788,0,0,1.5146825396825396,1.0521069369478795,ST3GAL1,GO_Biological_Process_2023
GO_Biological_Process_2023,Membrane Repolarization During Action Potential (GO:0086011),1/15,0.4992713340757176,0.9481331937644788,0,0,1.5146825396825396,1.0521069369478795,YWHAE,GO_Biological_Process_2023
GO_Biological_Process_2023,Mitotic Chromosome Condensation (GO:0007076),1/15,0.4992713340757176,0.9481331937644788,0,0,1.5146825396825396,1.0521069369478795,PLK1,GO_Biological_Process_2023
GO_Biological_Process_2023,Negative Regulation Of Gluconeogenesis (GO:0045721),1/15,0.4992713340757176,0.9481331937644788,0,0,1.5146825396825396,1.0521069369478795,GCK,GO_Biological_Process_2023
GO_Biological_Process_2023,Negative Regulation Of Immune Effector Process (GO:0002698),1/15,0.4992713340757176,0.9481331937644788,0,0,1.5146825396825396,1.0521069369478795,RPS19,GO_Biological_Process_2023
GO_Biological_Process_2023,Negative Regulation Of mRNA Processing (GO:0050686),1/15,0.4992713340757176,0.9481331937644788,0,0,1.5146825396825396,1.0521069369478795,SRSF10,GO_Biological_Process_2023
GO_Biological_Process_2023,Negative Regulation Of Platelet Activation (GO:0010544),1/15,0.4992713340757176,0.9481331937644788,0,0,1.5146825396825396,1.0521069369478795,APOE,GO_Biological_Process_2023
GO_Biological_Process_2023,Negative Regulation Of Synaptic Transmission (GO:0050805),1/15,0.4992713340757176,0.9481331937644788,0,0,1.5146825396825396,1.0521069369478795,DRD2,GO_Biological_Process_2023
GO_Biological_Process_2023,Neurotrophin Signaling Pathway (GO:0038179),1/15,0.4992713340757176,0.9481331937644788,0,0,1.5146825396825396,1.0521069369478795,DDIT4,GO_Biological_Process_2023
GO_Biological_Process_2023,Oogenesis (GO:0048477),1/15,0.4992713340757176,0.9481331937644788,0,0,1.5146825396825396,1.0521069369478795,NANOS1,GO_Biological_Process_2023
GO_Biological_Process_2023,Platelet-Derived Growth Factor Receptor Signaling Pathway (GO:0048008),1/15,0.4992713340757176,0.9481331937644788,0,0,1.5146825396825396,1.0521069369478795,NR4A3,GO_Biological_Process_2023
GO_Biological_Process_2023,Positive Regulation Of Collagen Biosynthetic Process (GO:0032967),1/15,0.4992713340757176,0.9481331937644788,0,0,1.5146825396825396,1.0521069369478795,CREB3L1,GO_Biological_Process_2023
GO_Biological_Process_2023,Positive Regulation Of Endothelial Cell Apoptotic Process (GO:2000353),1/15,0.4992713340757176,0.9481331937644788,0,0,1.5146825396825396,1.0521069369478795,PLCG1,GO_Biological_Process_2023
GO_Biological_Process_2023,Positive Regulation Of Glucose Metabolic Process (GO:0010907),1/15,0.4992713340757176,0.9481331937644788,0,0,1.5146825396825396,1.0521069369478795,FOXO1,GO_Biological_Process_2023
GO_Biological_Process_2023,Positive Regulation Of Potassium Ion Transport (GO:0043268),1/15,0.4992713340757176,0.9481331937644788,0,0,1.5146825396825396,1.0521069369478795,FLNA,GO_Biological_Process_2023
GO_Biological_Process_2023,Positive Regulation Of Syncytium Formation By Plasma Membrane Fusion (GO:0060143),1/15,0.4992713340757176,0.9481331937644788,0,0,1.5146825396825396,1.0521069369478795,CD53,GO_Biological_Process_2023
GO_Biological_Process_2023,Positive Regulation Of Transcription By RNA Polymerase III (GO:0045945),1/15,0.4992713340757176,0.9481331937644788,0,0,1.5146825396825396,1.0521069369478795,BAZ1B,GO_Biological_Process_2023
GO_Biological_Process_2023,Protein Localization To Microtubule Organizing Center (GO:1905508),1/15,0.4992713340757176,0.9481331937644788,0,0,1.5146825396825396,1.0521069369478795,CEP131,GO_Biological_Process_2023
GO_Biological_Process_2023,Regulation Of Amyloid-Beta Clearance (GO:1900221),1/15,0.4992713340757176,0.9481331937644788,0,0,1.5146825396825396,1.0521069369478795,APOE,GO_Biological_Process_2023
GO_Biological_Process_2023,Regulation Of Bicellular Tight Junction Assembly (GO:2000810),1/15,0.4992713340757176,0.9481331937644788,0,0,1.5146825396825396,1.0521069369478795,F11R,GO_Biological_Process_2023
GO_Biological_Process_2023,Neuron Projection Development (GO:0031175),9/192,0.4998101898118395,0.9481331937644788,0,0,1.0429317062412704,0.7233011649928285,VAPA;BLOC1S1;NPY;STMN1;RAB13;APOE;SGK1;CDK16;SHANK1,GO_Biological_Process_2023
GO_Biological_Process_2023,Regulation Of miRNA Transcription (GO:1902893),3/59,0.5000025196553655,0.9481331937644788,0,0,1.1360364301622654,0.7874347237542108,FOSL1;EGR1;FOS,GO_Biological_Process_2023
GO_Biological_Process_2023,Negative Regulation Of Cytokine-Mediated Signaling Pathway (GO:0001960),3/59,0.5000025196553655,0.9481331937644788,0,0,1.1360364301622654,0.7874347237542108,UXT;IRAK3;PARP14,GO_Biological_Process_2023
GO_Biological_Process_2023,Phospholipid Transport (GO:0015914),3/59,0.5000025196553655,0.9481331937644788,0,0,1.1360364301622654,0.7874347237542108,VAPA;ATP11C;APOE,GO_Biological_Process_2023
GO_Biological_Process_2023,Regulation Of Ossification (GO:0030278),2/37,0.5014127369874103,0.9481331937644788,0,0,1.2117590974098205,0.8365084359223295,ZBTB16;TENT5A,GO_Biological_Process_2023
GO_Biological_Process_2023,Regulation Of Phosphoprotein Phosphatase Activity (GO:0043666),2/37,0.5014127369874103,0.9481331937644788,0,0,1.2117590974098205,0.8365084359223295,BOD1;STYXL1,GO_Biological_Process_2023
GO_Biological_Process_2023,Melanosome Organization (GO:0032438),2/37,0.5014127369874103,0.9481331937644788,0,0,1.2117590974098205,0.8365084359223295,BLOC1S1;APOE,GO_Biological_Process_2023
GO_Biological_Process_2023,Mitochondrion Disassembly (GO:0061726),2/37,0.5014127369874103,0.9481331937644788,0,0,1.2117590974098205,0.8365084359223295,FIS1;MAP1LC3A,GO_Biological_Process_2023
GO_Biological_Process_2023,Negative Regulation Of Transferase Activity (GO:0051348),2/37,0.5014127369874103,0.9481331937644788,0,0,1.2117590974098205,0.8365084359223295,GDF1;PHPT1,GO_Biological_Process_2023
GO_Biological_Process_2023,Positive Regulation Of Immune Effector Process (GO:0002699),2/37,0.5014127369874103,0.9481331937644788,0,0,1.2117590974098205,0.8365084359223295,RPS19;DDX60,GO_Biological_Process_2023
GO_Biological_Process_2023,Regulation Of Cellular Component Biogenesis (GO:0044087),2/37,0.5014127369874103,0.9481331937644788,0,0,1.2117590974098205,0.8365084359223295,RAP1B;APOE,GO_Biological_Process_2023
GO_Biological_Process_2023,Positive Regulation Of Phagocytosis (GO:0050766),3/60,0.5113246511264186,0.9481331937644788,0,0,1.1160473566990974,0.7485893955317747,UXT;CALR;MERTK,GO_Biological_Process_2023
GO_Biological_Process_2023,Central Nervous System Development (GO:0007417),13/283,0.5115759887293011,0.9481331937644788,0,0,1.0209250917584252,0.6842843781502461,SLC23A2;C1QA;SH3GL3;COX7B;PPP1R17;SZT2;NDRG4;SHC3;ZBTB16;SLC2A1;AFF2;DDIT4;NKX2-1,GO_Biological_Process_2023
GO_Biological_Process_2023,Response To cAMP (GO:0051591),2/38,0.515713253675113,0.9481331937644788,0,0,1.17803732542331,0.7801014742208203,RAP1B;SLC26A6,GO_Biological_Process_2023
GO_Biological_Process_2023,Response To Peptide (GO:1901652),2/38,0.515713253675113,0.9481331937644788,0,0,1.17803732542331,0.7801014742208203,CALCR;FYN,GO_Biological_Process_2023
GO_Biological_Process_2023,Fatty Acid Transport (GO:0015908),2/38,0.515713253675113,0.9481331937644788,0,0,1.17803732542331,0.7801014742208203,FABP3;APOE,GO_Biological_Process_2023
GO_Biological_Process_2023,Heart Looping (GO:0001947),2/38,0.515713253675113,0.9481331937644788,0,0,1.17803732542331,0.7801014742208203,NDRG4;MKKS,GO_Biological_Process_2023
GO_Biological_Process_2023,Calcium Ion Transmembrane Import Into Cytosol (GO:0097553),4/83,0.5178243745258572,0.9481331937644788,0,0,1.07362093052792,0.7065704829787042,FLNA;CACNA1D;PLCG1;DRD2,GO_Biological_Process_2023
GO_Biological_Process_2023,Regulation Of Establishment Of Endothelial Barrier (GO:1903140),1/16,0.521846039392957,0.9481331937644788,0,0,1.4136296296296296,0.9194002246365308,F11R,GO_Biological_Process_2023
GO_Biological_Process_2023,Regulation Of Fibrinolysis (GO:0051917),1/16,0.521846039392957,0.9481331937644788,0,0,1.4136296296296296,0.9194002246365308,F12,GO_Biological_Process_2023
GO_Biological_Process_2023,Regulation Of Interleukin-1 Production (GO:0032652),1/16,0.521846039392957,0.9481331937644788,0,0,1.4136296296296296,0.9194002246365308,TLR4,GO_Biological_Process_2023
GO_Biological_Process_2023,acetyl-CoA Metabolic Process (GO:0006084),1/16,0.521846039392957,0.9481331937644788,0,0,1.4136296296296296,0.9194002246365308,NUDT8,GO_Biological_Process_2023
GO_Biological_Process_2023,Apoptotic Nuclear Changes (GO:0030262),1/16,0.521846039392957,0.9481331937644788,0,0,1.4136296296296296,0.9194002246365308,ACVR1C,GO_Biological_Process_2023
GO_Biological_Process_2023,Regulation Of Plasminogen Activation (GO:0010755),1/16,0.521846039392957,0.9481331937644788,0,0,1.4136296296296296,0.9194002246365308,F12,GO_Biological_Process_2023
GO_Biological_Process_2023,Regulation Of Protein Kinase A Signaling (GO:0010738),1/16,0.521846039392957,0.9481331937644788,0,0,1.4136296296296296,0.9194002246365308,CALCR,GO_Biological_Process_2023
GO_Biological_Process_2023,Cell Surface Toll-Like Receptor Signaling Pathway (GO:0140895),1/16,0.521846039392957,0.9481331937644788,0,0,1.4136296296296296,0.9194002246365308,TLR4,GO_Biological_Process_2023
GO_Biological_Process_2023,Regulation Of Secretion (GO:0051046),1/16,0.521846039392957,0.9481331937644788,0,0,1.4136296296296296,0.9194002246365308,SGK1,GO_Biological_Process_2023
GO_Biological_Process_2023,Regulation Of Steroid Biosynthetic Process (GO:0050810),1/16,0.521846039392957,0.9481331937644788,0,0,1.4136296296296296,0.9194002246365308,EGR1,GO_Biological_Process_2023
GO_Biological_Process_2023,Cellular Response To Gamma Radiation (GO:0071480),1/16,0.521846039392957,0.9481331937644788,0,0,1.4136296296296296,0.9194002246365308,HRAS,GO_Biological_Process_2023
GO_Biological_Process_2023,"Regulation Of Synaptic Transmission, GABAergic (GO:0032228)",1/16,0.521846039392957,0.9481331937644788,0,0,1.4136296296296296,0.9194002246365308,DRD2,GO_Biological_Process_2023
GO_Biological_Process_2023,Reticulophagy (GO:0061709),1/16,0.521846039392957,0.9481331937644788,0,0,1.4136296296296296,0.9194002246365308,DDRGK1,GO_Biological_Process_2023
GO_Biological_Process_2023,Reverse Cholesterol Transport (GO:0043691),1/16,0.521846039392957,0.9481331937644788,0,0,1.4136296296296296,0.9194002246365308,APOE,GO_Biological_Process_2023
GO_Biological_Process_2023,Establishment Of Protein Localization To Endoplasmic Reticulum (GO:0072599),1/16,0.521846039392957,0.9481331937644788,0,0,1.4136296296296296,0.9194002246365308,SEC61G,GO_Biological_Process_2023
GO_Biological_Process_2023,Sulfation (GO:0051923),1/16,0.521846039392957,0.9481331937644788,0,0,1.4136296296296296,0.9194002246365308,SULT1A1,GO_Biological_Process_2023
GO_Biological_Process_2023,"Synaptic Transmission, Cholinergic (GO:0007271)",1/16,0.521846039392957,0.9481331937644788,0,0,1.4136296296296296,0.9194002246365308,APOE,GO_Biological_Process_2023
GO_Biological_Process_2023,Heart Process (GO:0003015),1/16,0.521846039392957,0.9481331937644788,0,0,1.4136296296296296,0.9194002246365308,FYN,GO_Biological_Process_2023
GO_Biological_Process_2023,Membrane Depolarization During Cardiac Muscle Cell Action Potential (GO:0086012),1/16,0.521846039392957,0.9481331937644788,0,0,1.4136296296296296,0.9194002246365308,CACNA1D,GO_Biological_Process_2023
GO_Biological_Process_2023,Negative Regulation Of ATP-dependent Activity (GO:0032780),1/16,0.521846039392957,0.9481331937644788,0,0,1.4136296296296296,0.9194002246365308,IFIT1,GO_Biological_Process_2023
GO_Biological_Process_2023,Negative Regulation Of Amyloid-Beta Formation (GO:1902430),1/16,0.521846039392957,0.9481331937644788,0,0,1.4136296296296296,0.9194002246365308,APOE,GO_Biological_Process_2023
GO_Biological_Process_2023,Negative Regulation Of Biosynthetic Process (GO:0009890),1/16,0.521846039392957,0.9481331937644788,0,0,1.4136296296296296,0.9194002246365308,SLC18A2,GO_Biological_Process_2023
GO_Biological_Process_2023,Negative Regulation Of Cytokine Production Involved In Immune Response (GO:0002719),1/16,0.521846039392957,0.9481331937644788,0,0,1.4136296296296296,0.9194002246365308,IRAK3,GO_Biological_Process_2023
GO_Biological_Process_2023,Negative Regulation Of Interleukin-10 Production (GO:0032693),1/16,0.521846039392957,0.9481331937644788,0,0,1.4136296296296296,0.9194002246365308,VSIR,GO_Biological_Process_2023
GO_Biological_Process_2023,Positive Regulation Of Cell Migration Involved In Sprouting Angiogenesis (GO:0090050),1/16,0.521846039392957,0.9481331937644788,0,0,1.4136296296296296,0.9194002246365308,PTGS2,GO_Biological_Process_2023
GO_Biological_Process_2023,Positive Regulation Of Homotypic Cell-Cell Adhesion (GO:0034112),1/16,0.521846039392957,0.9481331937644788,0,0,1.4136296296296296,0.9194002246365308,F11R,GO_Biological_Process_2023
GO_Biological_Process_2023,Positive Regulation Of Muscle Hypertrophy (GO:0014742),1/16,0.521846039392957,0.9481331937644788,0,0,1.4136296296296296,0.9194002246365308,NR4A3,GO_Biological_Process_2023
GO_Biological_Process_2023,Positive Regulation Of Myeloid Leukocyte Cytokine Production Involved In Immune Response (GO:0061081),1/16,0.521846039392957,0.9481331937644788,0,0,1.4136296296296296,0.9194002246365308,NR4A3,GO_Biological_Process_2023
GO_Biological_Process_2023,Positive Regulation Of Stem Cell Proliferation (GO:2000648),1/16,0.521846039392957,0.9481331937644788,0,0,1.4136296296296296,0.9194002246365308,N4BP2L2,GO_Biological_Process_2023
GO_Biological_Process_2023,Positive Regulation Of Telomere Capping (GO:1904355),1/16,0.521846039392957,0.9481331937644788,0,0,1.4136296296296296,0.9194002246365308,MAPK1,GO_Biological_Process_2023
GO_Biological_Process_2023,Prostanoid Metabolic Process (GO:0006692),1/16,0.521846039392957,0.9481331937644788,0,0,1.4136296296296296,0.9194002246365308,PTGR1,GO_Biological_Process_2023
GO_Biological_Process_2023,Protein O-linked Mannosylation (GO:0035269),1/16,0.521846039392957,0.9481331937644788,0,0,1.4136296296296296,0.9194002246365308,DPM3,GO_Biological_Process_2023
GO_Biological_Process_2023,Protein Kinase A Signaling (GO:0010737),1/16,0.521846039392957,0.9481331937644788,0,0,1.4136296296296296,0.9194002246365308,RAB13,GO_Biological_Process_2023
GO_Biological_Process_2023,Protein Targeting To Peroxisome (GO:0006625),1/16,0.521846039392957,0.9481331937644788,0,0,1.4136296296296296,0.9194002246365308,ZFAND6,GO_Biological_Process_2023
GO_Biological_Process_2023,Regulation Of B Cell Receptor Signaling Pathway (GO:0050855),1/16,0.521846039392957,0.9481331937644788,0,0,1.4136296296296296,0.9194002246365308,UXT,GO_Biological_Process_2023
GO_Biological_Process_2023,Regulation Of DNA Strand Elongation (GO:0060382),1/16,0.521846039392957,0.9481331937644788,0,0,1.4136296296296296,0.9194002246365308,TFPT,GO_Biological_Process_2023
GO_Biological_Process_2023,Regulation Of Golgi Organization (GO:1903358),1/16,0.521846039392957,0.9481331937644788,0,0,1.4136296296296296,0.9194002246365308,MAPK1,GO_Biological_Process_2023
GO_Biological_Process_2023,Regulation Of NMDA Receptor Activity (GO:2000310),1/16,0.521846039392957,0.9481331937644788,0,0,1.4136296296296296,0.9194002246365308,OPRM1,GO_Biological_Process_2023
GO_Biological_Process_2023,Negative Regulation Of Viral Process (GO:0048525),3/61,0.522509724783234,0.9481331937644788,0,0,1.096747561631211,0.7119116558757839,FAM111A;RSAD2;IFIT1,GO_Biological_Process_2023
GO_Biological_Process_2023,Protein Homooligomerization (GO:0051260),6/129,0.5270953801500993,0.9481331937644788,0,0,1.0342553481400736,0.6623099858970863,TRIM72;POLQ;GLRA3;FUS;PXDN;CBY1,GO_Biological_Process_2023
GO_Biological_Process_2023,Regulation Of Cysteine-Type Endopeptidase Activity Involved In Apoptotic Process (GO:0043281),4/84,0.5273174408566145,0.9481331937644788,0,0,1.0601449275362318,0.6784424573972707,FIS1;NDUFA13;DDX3X;HTRA2,GO_Biological_Process_2023
GO_Biological_Process_2023,Positive Regulation Of Protein Ubiquitination (GO:0031398),4/84,0.5273174408566145,0.9481331937644788,0,0,1.0601449275362318,0.6784424573972707,PLK1;UBQLN1;HUWE1;BMI1,GO_Biological_Process_2023
GO_Biological_Process_2023,RNA Transport (GO:0050658),2/39,0.5297388323319493,0.9481331937644788,0,0,1.1461383519225563,0.7282232577020078,HNRNPA1;KPNB1,GO_Biological_Process_2023
GO_Biological_Process_2023,Anterograde Axonal Transport (GO:0008089),2/39,0.5297388323319493,0.9481331937644788,0,0,1.1461383519225563,0.7282232577020078,KIF3B;BLOC1S1,GO_Biological_Process_2023
GO_Biological_Process_2023,Regulation Of Monoatomic Cation Transmembrane Transport (GO:1904062),2/39,0.5297388323319493,0.9481331937644788,0,0,1.1461383519225563,0.7282232577020078,SLMAP;CACNA1D,GO_Biological_Process_2023
GO_Biological_Process_2023,Axonal Transport (GO:0098930),2/39,0.5297388323319493,0.9481331937644788,0,0,1.1461383519225563,0.7282232577020078,KIF3B;BLOC1S1,GO_Biological_Process_2023
GO_Biological_Process_2023,Carboxylic Acid Transmembrane Transport (GO:1905039),2/39,0.5297388323319493,0.9481331937644788,0,0,1.1461383519225563,0.7282232577020078,SLC23A2;SLC38A2,GO_Biological_Process_2023
GO_Biological_Process_2023,Digestive Tract Development (GO:0048565),2/39,0.5297388323319493,0.9481331937644788,0,0,1.1461383519225563,0.7282232577020078,NPY;COBL,GO_Biological_Process_2023
GO_Biological_Process_2023,Negative Regulation Of Proteasomal Protein Catabolic Process (GO:1901799),2/39,0.5297388323319493,0.9481331937644788,0,0,1.1461383519225563,0.7282232577020078,DDRGK1;RPL11,GO_Biological_Process_2023
GO_Biological_Process_2023,Negative Regulation Of Ubiquitin-Dependent Protein Catabolic Process (GO:2000059),2/39,0.5297388323319493,0.9481331937644788,0,0,1.1461383519225563,0.7282232577020078,DDRGK1;RPL11,GO_Biological_Process_2023
GO_Biological_Process_2023,Organelle Transport Along Microtubule (GO:0072384),2/39,0.5297388323319493,0.9481331937644788,0,0,1.1461383519225563,0.7282232577020078,UXT;BLOC1S1,GO_Biological_Process_2023
GO_Biological_Process_2023,Positive Regulation Of Lipid Biosynthetic Process (GO:0046889),2/39,0.5297388323319493,0.9481331937644788,0,0,1.1461383519225563,0.7282232577020078,FABP3;APOE,GO_Biological_Process_2023
GO_Biological_Process_2023,Regulation Of Cellular Response To Stress (GO:0080135),5/107,0.5312594675026063,0.9481331937644788,0,0,1.039314163165266,0.6573711321824935,TFPT;TAF10;OPRM1;VHL;SLC38A2,GO_Biological_Process_2023
GO_Biological_Process_2023,Negative Regulation Of Translation (GO:0017148),5/107,0.5312594675026063,0.9481331937644788,0,0,1.039314163165266,0.6573711321824935,NANOS1;DDX3X;EIF4EBP1;CALR;PAIP2,GO_Biological_Process_2023
GO_Biological_Process_2023,Transmembrane Receptor Protein Serine/Threonine Kinase Signaling Pathway (GO:0007178),6/130,0.5346971171242685,0.9481331937644788,0,0,1.0258605154081817,0.6422449291599127,NRROS;ACVR1C;ZFYVE9;GDF1;INHBA;FOS,GO_Biological_Process_2023
GO_Biological_Process_2023,Integrin-Mediated Signaling Pathway (GO:0007229),4/85,0.5367187068011391,0.9481331937644788,0,0,1.0470016653591532,0.6515293953232574,PTPRA;NME2;ITGB8;PRAM1,GO_Biological_Process_2023
GO_Biological_Process_2023,mRNA Metabolic Process (GO:0016071),4/85,0.5367187068011391,0.9481331937644788,0,0,1.0470016653591532,0.6515293953232574,SRSF5;HNRNPAB;HSPA1B;HSPA1A,GO_Biological_Process_2023
GO_Biological_Process_2023,Positive Regulation Of Amide Metabolic Process (GO:0034250),4/85,0.5367187068011391,0.9481331937644788,0,0,1.0470016653591532,0.6515293953232574,RBM3;DDX3X;CIRBP;PRR16,GO_Biological_Process_2023
GO_Biological_Process_2023,Positive Regulation Of Protein Localization (GO:1903829),4/85,0.5367187068011391,0.9481331937644788,0,0,1.0470016653591532,0.6515293953232574,DDRGK1;PLK1;FYN;SLC5A3,GO_Biological_Process_2023
GO_Biological_Process_2023,Regulation Of Cellular Component Organization (GO:0051128),7/153,0.5377941476293586,0.9481331937644788,0,0,1.0164490821611352,0.6304824443617435,RAP1B;URI1;TNC;IRAK3;LAMTOR2;APOE;SGK1,GO_Biological_Process_2023
GO_Biological_Process_2023,Anterograde Trans-Synaptic Signaling (GO:0098916),9/199,0.5432916602596162,0.9481331937644788,0,0,1.0041361812603258,0.6126324970116777,GABRB2;GLRA1;GLRA3;SLC12A5;PTCHD1;KCNA1;MAPK1;NPTX2;SLC18A2,GO_Biological_Process_2023
GO_Biological_Process_2023,Regulation Of Cellular Respiration (GO:0043457),1/17,0.54340406883758,0.9481331937644788,0,0,1.325208333333333,0.8082473378553748,CBFA2T3,GO_Biological_Process_2023
GO_Biological_Process_2023,"DNA Damage Response, Signal Transduction By P53 Class Mediator Resulting In Cell Cycle Arrest (GO:0006977)",1/17,0.54340406883758,0.9481331937644788,0,0,1.325208333333333,0.8082473378553748,CDKN1A,GO_Biological_Process_2023
GO_Biological_Process_2023,DNA Modification (GO:0006304),1/17,0.54340406883758,0.9481331937644788,0,0,1.325208333333333,0.8082473378553748,NTHL1,GO_Biological_Process_2023
GO_Biological_Process_2023,Regulation Of Delayed Rectifier Potassium Channel Activity (GO:1902259),1/17,0.54340406883758,0.9481331937644788,0,0,1.325208333333333,0.8082473378553748,KCNG1,GO_Biological_Process_2023
GO_Biological_Process_2023,DNA Replication Checkpoint Signaling (GO:0000076),1/17,0.54340406883758,0.9481331937644788,0,0,1.325208333333333,0.8082473378553748,CDC45,GO_Biological_Process_2023
GO_Biological_Process_2023,NAD Biosynthetic Process (GO:0009435),1/17,0.54340406883758,0.9481331937644788,0,0,1.325208333333333,0.8082473378553748,PTGIS,GO_Biological_Process_2023
GO_Biological_Process_2023,Regulation Of Glucose Transmembrane Transport (GO:0010827),1/17,0.54340406883758,0.9481331937644788,0,0,1.325208333333333,0.8082473378553748,NR4A3,GO_Biological_Process_2023
GO_Biological_Process_2023,Rac Protein Signal Transduction (GO:0016601),1/17,0.54340406883758,0.9481331937644788,0,0,1.325208333333333,0.8082473378553748,HACE1,GO_Biological_Process_2023
GO_Biological_Process_2023,Amyloid Precursor Protein Metabolic Process (GO:0042982),1/17,0.54340406883758,0.9481331937644788,0,0,1.325208333333333,0.8082473378553748,APOE,GO_Biological_Process_2023
GO_Biological_Process_2023,Androgen Receptor Signaling Pathway (GO:0030521),1/17,0.54340406883758,0.9481331937644788,0,0,1.325208333333333,0.8082473378553748,MAPK1,GO_Biological_Process_2023
GO_Biological_Process_2023,Carbohydrate Derivative Transport (GO:1901264),1/17,0.54340406883758,0.9481331937644788,0,0,1.325208333333333,0.8082473378553748,SLC10A7,GO_Biological_Process_2023
GO_Biological_Process_2023,Carboxylic Acid Catabolic Process (GO:0046395),1/17,0.54340406883758,0.9481331937644788,0,0,1.325208333333333,0.8082473378553748,NAGK,GO_Biological_Process_2023
GO_Biological_Process_2023,Regulation Of Protein Sumoylation (GO:0033233),1/17,0.54340406883758,0.9481331937644788,0,0,1.325208333333333,0.8082473378553748,EGR1,GO_Biological_Process_2023
GO_Biological_Process_2023,Regulation Of Receptor Recycling (GO:0001919),1/17,0.54340406883758,0.9481331937644788,0,0,1.325208333333333,0.8082473378553748,AP1AR,GO_Biological_Process_2023
GO_Biological_Process_2023,Cellular Response To dsRNA (GO:0071359),1/17,0.54340406883758,0.9481331937644788,0,0,1.325208333333333,0.8082473378553748,IFIT1,GO_Biological_Process_2023
GO_Biological_Process_2023,Regulation Of Telomerase RNA Localization To Cajal Body (GO:1904872),1/17,0.54340406883758,0.9481331937644788,0,0,1.325208333333333,0.8082473378553748,NHP2,GO_Biological_Process_2023
GO_Biological_Process_2023,Cellular Response To Unfolded Protein (GO:0034620),1/17,0.54340406883758,0.9481331937644788,0,0,1.325208333333333,0.8082473378553748,HSPA1A,GO_Biological_Process_2023
GO_Biological_Process_2023,Central Nervous System Neuron Development (GO:0021954),1/17,0.54340406883758,0.9481331937644788,0,0,1.325208333333333,0.8082473378553748,NPY,GO_Biological_Process_2023
GO_Biological_Process_2023,Response To Acidic pH (GO:0010447),1/17,0.54340406883758,0.9481331937644788,0,0,1.325208333333333,0.8082473378553748,GPR4,GO_Biological_Process_2023
GO_Biological_Process_2023,"Retrograde Protein Transport, ER To Cytosol (GO:0030970)",1/17,0.54340406883758,0.9481331937644788,0,0,1.325208333333333,0.8082473378553748,SEC61B,GO_Biological_Process_2023
GO_Biological_Process_2023,Embryonic Heart Tube Development (GO:0035050),1/17,0.54340406883758,0.9481331937644788,0,0,1.325208333333333,0.8082473378553748,NDRG4,GO_Biological_Process_2023
GO_Biological_Process_2023,Sensory Perception Of Taste (GO:0050909),1/17,0.54340406883758,0.9481331937644788,0,0,1.325208333333333,0.8082473378553748,ITPR3,GO_Biological_Process_2023
GO_Biological_Process_2023,Extracellular Matrix Assembly (GO:0085029),1/17,0.54340406883758,0.9481331937644788,0,0,1.325208333333333,0.8082473378553748,PXDN,GO_Biological_Process_2023
GO_Biological_Process_2023,Filopodium Assembly (GO:0046847),1/17,0.54340406883758,0.9481331937644788,0,0,1.325208333333333,0.8082473378553748,FMNL3,GO_Biological_Process_2023
GO_Biological_Process_2023,Toll-Like Receptor 4 Signaling Pathway (GO:0034142),1/17,0.54340406883758,0.9481331937644788,0,0,1.325208333333333,0.8082473378553748,TLR4,GO_Biological_Process_2023
GO_Biological_Process_2023,Transepithelial Transport (GO:0070633),1/17,0.54340406883758,0.9481331937644788,0,0,1.325208333333333,0.8082473378553748,SLC26A6,GO_Biological_Process_2023
GO_Biological_Process_2023,Triglyceride Biosynthetic Process (GO:0019432),1/17,0.54340406883758,0.9481331937644788,0,0,1.325208333333333,0.8082473378553748,GCK,GO_Biological_Process_2023
GO_Biological_Process_2023,Intracellular Zinc Ion Homeostasis (GO:0006882),1/17,0.54340406883758,0.9481331937644788,0,0,1.325208333333333,0.8082473378553748,MT3,GO_Biological_Process_2023
GO_Biological_Process_2023,Keratan Sulfate Metabolic Process (GO:0042339),1/17,0.54340406883758,0.9481331937644788,0,0,1.325208333333333,0.8082473378553748,ST3GAL1,GO_Biological_Process_2023
GO_Biological_Process_2023,Megakaryocyte Differentiation (GO:0030219),1/17,0.54340406883758,0.9481331937644788,0,0,1.325208333333333,0.8082473378553748,FLNA,GO_Biological_Process_2023
GO_Biological_Process_2023,Microtubule Depolymerization (GO:0007019),1/17,0.54340406883758,0.9481331937644788,0,0,1.325208333333333,0.8082473378553748,STMN1,GO_Biological_Process_2023
GO_Biological_Process_2023,Negative Regulation Of Rho Protein Signal Transduction (GO:0035024),1/17,0.54340406883758,0.9481331937644788,0,0,1.325208333333333,0.8082473378553748,STMN1,GO_Biological_Process_2023
GO_Biological_Process_2023,Negative Regulation Of Cellular Senescence (GO:2000773),1/17,0.54340406883758,0.9481331937644788,0,0,1.325208333333333,0.8082473378553748,RBL1,GO_Biological_Process_2023
GO_Biological_Process_2023,Negative Regulation Of Insulin Secretion (GO:0046676),1/17,0.54340406883758,0.9481331937644788,0,0,1.325208333333333,0.8082473378553748,FOXO1,GO_Biological_Process_2023
GO_Biological_Process_2023,Negative Regulation Of Interleukin-8 Production (GO:0032717),1/17,0.54340406883758,0.9481331937644788,0,0,1.325208333333333,0.8082473378553748,ANXA4,GO_Biological_Process_2023
GO_Biological_Process_2023,Negative Regulation Of Oxidative Stress-Induced Intrinsic Apoptotic Signaling Pathway (GO:1902176),1/17,0.54340406883758,0.9481331937644788,0,0,1.325208333333333,0.8082473378553748,HTRA2,GO_Biological_Process_2023
GO_Biological_Process_2023,Negative Regulation Of Ubiquitin-Protein Transferase Activity (GO:0051444),1/17,0.54340406883758,0.9481331937644788,0,0,1.325208333333333,0.8082473378553748,RPL11,GO_Biological_Process_2023
GO_Biological_Process_2023,Negative Regulation Of Vascular Associated Smooth Muscle Cell Proliferation (GO:1904706),1/17,0.54340406883758,0.9481331937644788,0,0,1.325208333333333,0.8082473378553748,CDKN1A,GO_Biological_Process_2023
GO_Biological_Process_2023,Neuron Maturation (GO:0042551),1/17,0.54340406883758,0.9481331937644788,0,0,1.325208333333333,0.8082473378553748,C1QA,GO_Biological_Process_2023
GO_Biological_Process_2023,Peptidyl-Threonine Dephosphorylation (GO:0035970),1/17,0.54340406883758,0.9481331937644788,0,0,1.325208333333333,0.8082473378553748,PPM1B,GO_Biological_Process_2023
GO_Biological_Process_2023,Polyol Metabolic Process (GO:0019751),1/17,0.54340406883758,0.9481331937644788,0,0,1.325208333333333,0.8082473378553748,SLC5A3,GO_Biological_Process_2023
GO_Biological_Process_2023,Positive Regulation Of Cardiac Muscle Hypertrophy (GO:0010613),1/17,0.54340406883758,0.9481331937644788,0,0,1.325208333333333,0.8082473378553748,NR4A3,GO_Biological_Process_2023
GO_Biological_Process_2023,Positive Regulation Of Cartilage Development (GO:0061036),1/17,0.54340406883758,0.9481331937644788,0,0,1.325208333333333,0.8082473378553748,ZBTB16,GO_Biological_Process_2023
GO_Biological_Process_2023,Positive Regulation Of Cell Adhesion Mediated By Integrin (GO:0033630),1/17,0.54340406883758,0.9481331937644788,0,0,1.325208333333333,0.8082473378553748,P2RY12,GO_Biological_Process_2023
GO_Biological_Process_2023,Positive Regulation Of Cell Cycle Phase Transition (GO:1901989),1/17,0.54340406883758,0.9481331937644788,0,0,1.325208333333333,0.8082473378553748,DDRGK1,GO_Biological_Process_2023
GO_Biological_Process_2023,Positive Regulation Of Fatty Acid Metabolic Process (GO:0045923),1/17,0.54340406883758,0.9481331937644788,0,0,1.325208333333333,0.8082473378553748,NR4A3,GO_Biological_Process_2023
GO_Biological_Process_2023,Positive Regulation Of Leukocyte Proliferation (GO:0070665),1/17,0.54340406883758,0.9481331937644788,0,0,1.325208333333333,0.8082473378553748,MAPK1,GO_Biological_Process_2023
GO_Biological_Process_2023,Positive Regulation Of Macrophage Derived Foam Cell Differentiation (GO:0010744),1/17,0.54340406883758,0.9481331937644788,0,0,1.325208333333333,0.8082473378553748,PLA2G3,GO_Biological_Process_2023
GO_Biological_Process_2023,Positive Regulation Of Nitric-Oxide Synthase Activity (GO:0051000),1/17,0.54340406883758,0.9481331937644788,0,0,1.325208333333333,0.8082473378553748,APOE,GO_Biological_Process_2023
GO_Biological_Process_2023,Positive Regulation Of Peptidyl-Lysine Acetylation (GO:2000758),1/17,0.54340406883758,0.9481331937644788,0,0,1.325208333333333,0.8082473378553748,BAZ1B,GO_Biological_Process_2023
GO_Biological_Process_2023,Positive Regulation Of Potassium Ion Transmembrane Transport (GO:1901381),1/17,0.54340406883758,0.9481331937644788,0,0,1.325208333333333,0.8082473378553748,FLNA,GO_Biological_Process_2023
GO_Biological_Process_2023,Positive Regulation Of Regulatory T Cell Differentiation (GO:0045591),1/17,0.54340406883758,0.9481331937644788,0,0,1.325208333333333,0.8082473378553748,VSIR,GO_Biological_Process_2023
GO_Biological_Process_2023,Positive Regulation Of Transcription From RNA Polymerase II Promoter In Response To Stress (GO:0036003),1/17,0.54340406883758,0.9481331937644788,0,0,1.325208333333333,0.8082473378553748,CREB3L1,GO_Biological_Process_2023
GO_Biological_Process_2023,Protein Localization To Centrosome (GO:0071539),1/17,0.54340406883758,0.9481331937644788,0,0,1.325208333333333,0.8082473378553748,CEP131,GO_Biological_Process_2023
GO_Biological_Process_2023,Purine-Containing Compound Biosynthetic Process (GO:0072522),1/17,0.54340406883758,0.9481331937644788,0,0,1.325208333333333,0.8082473378553748,SLC4A7,GO_Biological_Process_2023
GO_Biological_Process_2023,Receptor Recycling (GO:0001881),1/17,0.54340406883758,0.9481331937644788,0,0,1.325208333333333,0.8082473378553748,PLEKHJ1,GO_Biological_Process_2023
GO_Biological_Process_2023,Regulation Of Adenylate Cyclase Activity (GO:0045761),1/17,0.54340406883758,0.9481331937644788,0,0,1.325208333333333,0.8082473378553748,CACNA1D,GO_Biological_Process_2023
GO_Biological_Process_2023,Regulation Of Brown Fat Cell Differentiation (GO:0090335),1/17,0.54340406883758,0.9481331937644788,0,0,1.325208333333333,0.8082473378553748,PTGS2,GO_Biological_Process_2023
GO_Biological_Process_2023,Regulation Of Cartilage Development (GO:0061035),1/17,0.54340406883758,0.9481331937644788,0,0,1.325208333333333,0.8082473378553748,ZBTB16,GO_Biological_Process_2023
GO_Biological_Process_2023,Regulation Of Glycolytic Process (GO:0006110),2/40,0.5434852000663929,0.9481331937644788,0,0,1.1159182717639482,0.680434294774487,CBFA2T3;GCK,GO_Biological_Process_2023
GO_Biological_Process_2023,Regulation Of Small Molecule Metabolic Process (GO:0062012),2/40,0.5434852000663929,0.9481331937644788,0,0,1.1159182717639482,0.680434294774487,APOE;GCK,GO_Biological_Process_2023
GO_Biological_Process_2023,Nucleic Acid-Templated Transcription (GO:0097659),2/40,0.5434852000663929,0.9481331937644788,0,0,1.1159182717639482,0.680434294774487,DTX1;PTMA,GO_Biological_Process_2023
GO_Biological_Process_2023,Positive Regulation Of Insulin Secretion (GO:0032024),2/40,0.5434852000663929,0.9481331937644788,0,0,1.1159182717639482,0.680434294774487,GLUD1;GCK,GO_Biological_Process_2023
GO_Biological_Process_2023,Positive Regulation Of Wound Healing (GO:0090303),2/40,0.5434852000663929,0.9481331937644788,0,0,1.1159182717639482,0.680434294774487,F12;HRAS,GO_Biological_Process_2023
GO_Biological_Process_2023,Protein Localization To Chromosome (GO:0034502),2/40,0.5434852000663929,0.9481331937644788,0,0,1.1159182717639482,0.680434294774487,BOD1;PLK1,GO_Biological_Process_2023
GO_Biological_Process_2023,Regulation Of Mitotic Cell Cycle Phase Transition (GO:1901990),4/86,0.5460249829320165,0.9481331937644788,0,0,1.0341789705522473,0.6257719200197507,CDKN1A;KCNH5;PLK1;DPF2,GO_Biological_Process_2023
GO_Biological_Process_2023,Negative Regulation Of Binding (GO:0051100),4/86,0.5460249829320165,0.9481331937644788,0,0,1.0341789705522473,0.6257719200197507,NFKBIA;CDKN1A;HABP4;IFIT1,GO_Biological_Process_2023
GO_Biological_Process_2023,Circulatory System Development (GO:0072359),6/132,0.549742550377819,0.9481331937644788,0,0,1.0094706038840118,0.6039715121225019,CDKN1A;MKKS;ADAP2;PDLIM2;UTY;PRICKLE4,GO_Biological_Process_2023
GO_Biological_Process_2023,Positive Regulation Of Interleukin-1 Production (GO:0032732),3/64,0.5551985858826611,0.9481331937644788,0,0,1.0426448574245135,0.6135229054193824,EGR1;S100A13;TLR4,GO_Biological_Process_2023
GO_Biological_Process_2023,Protein N-linked Glycosylation (GO:0006487),3/64,0.5551985858826611,0.9481331937644788,0,0,1.0426448574245135,0.6135229054193824,OST4;TMEM258;ST3GAL1,GO_Biological_Process_2023
GO_Biological_Process_2023,Glucose Homeostasis (GO:0042593),4/87,0.5552332899575795,0.9481331937644788,0,0,1.021665256343098,0.6011140312457252,HKDC1;CARTPT;FOXO1;GCK,GO_Biological_Process_2023
GO_Biological_Process_2023,O-glycan Processing (GO:0016266),2/41,0.5569490256214714,0.9481331937644788,0,0,1.0872479393057817,0.6363461691349565,C1GALT1;ST3GAL1,GO_Biological_Process_2023
GO_Biological_Process_2023,Carbohydrate Catabolic Process (GO:0016052),2/41,0.5569490256214714,0.9481331937644788,0,0,1.0872479393057817,0.6363461691349565,HKDC1;GCK,GO_Biological_Process_2023
GO_Biological_Process_2023,Negative Regulation Of DNA Recombination (GO:0045910),2/41,0.5569490256214714,0.9481331937644788,0,0,1.0872479393057817,0.6363461691349565,POLQ;KLHL15,GO_Biological_Process_2023
GO_Biological_Process_2023,Positive Regulation Of Ossification (GO:0045778),2/41,0.5569490256214714,0.9481331937644788,0,0,1.0872479393057817,0.6363461691349565,ZBTB16;TENT5A,GO_Biological_Process_2023
GO_Biological_Process_2023,Positive Regulation Of Viral Process (GO:0048524),2/41,0.5569490256214714,0.9481331937644788,0,0,1.0872479393057817,0.6363461691349565,DDX3X;IFIT1,GO_Biological_Process_2023
GO_Biological_Process_2023,Protein Localization To Lysosome (GO:0061462),2/41,0.5569490256214714,0.9481331937644788,0,0,1.0872479393057817,0.6363461691349565,SZT2;LAMTOR4,GO_Biological_Process_2023
GO_Biological_Process_2023,Regulation Of Collagen Biosynthetic Process (GO:0032965),1/18,0.5639911607782555,0.9481331937644788,0,0,1.24718954248366,0.7142862790281297,CREB3L1,GO_Biological_Process_2023
GO_Biological_Process_2023,Regulation Of Defense Response To Virus (GO:0050688),1/18,0.5639911607782555,0.9481331937644788,0,0,1.24718954248366,0.7142862790281297,PPM1B,GO_Biological_Process_2023
GO_Biological_Process_2023,Regulation Of Epithelial Cell Differentiation (GO:0030856),1/18,0.5639911607782555,0.9481331937644788,0,0,1.24718954248366,0.7142862790281297,MAFF,GO_Biological_Process_2023
GO_Biological_Process_2023,Regulation Of Mitochondrial Membrane Permeability (GO:0046902),1/18,0.5639911607782555,0.9481331937644788,0,0,1.24718954248366,0.7142862790281297,SLC25A4,GO_Biological_Process_2023
GO_Biological_Process_2023,Antigen Processing And Presentation Of Peptide Antigen Via MHC Class I (GO:0002474),1/18,0.5639911607782555,0.9481331937644788,0,0,1.24718954248366,0.7142862790281297,CALR,GO_Biological_Process_2023
GO_Biological_Process_2023,Regulation Of Nervous System Process (GO:0031644),1/18,0.5639911607782555,0.9481331937644788,0,0,1.24718954248366,0.7142862790281297,NPTX2,GO_Biological_Process_2023
GO_Biological_Process_2023,Cardiac Muscle Cell Contraction (GO:0086003),1/18,0.5639911607782555,0.9481331937644788,0,0,1.24718954248366,0.7142862790281297,CACNA1D,GO_Biological_Process_2023
GO_Biological_Process_2023,Regulation Of Synaptic Vesicle Exocytosis (GO:2000300),1/18,0.5639911607782555,0.9481331937644788,0,0,1.24718954248366,0.7142862790281297,RAP1B,GO_Biological_Process_2023
GO_Biological_Process_2023,Cellular Response To Inorganic Substance (GO:0071241),1/18,0.5639911607782555,0.9481331937644788,0,0,1.24718954248366,0.7142862790281297,FOXO1,GO_Biological_Process_2023
GO_Biological_Process_2023,Regulation Of Vascular Endothelial Cell Proliferation (GO:1905562),1/18,0.5639911607782555,0.9481331937644788,0,0,1.24718954248366,0.7142862790281297,PLCG1,GO_Biological_Process_2023
GO_Biological_Process_2023,Renal Absorption (GO:0070293),1/18,0.5639911607782555,0.9481331937644788,0,0,1.24718954248366,0.7142862790281297,SGK1,GO_Biological_Process_2023
GO_Biological_Process_2023,Response To Axon Injury (GO:0048678),1/18,0.5639911607782555,0.9481331937644788,0,0,1.24718954248366,0.7142862790281297,P2RY12,GO_Biological_Process_2023
GO_Biological_Process_2023,Response To Organophosphorus (GO:0046683),1/18,0.5639911607782555,0.9481331937644788,0,0,1.24718954248366,0.7142862790281297,TLR7,GO_Biological_Process_2023
GO_Biological_Process_2023,Energy Reserve Metabolic Process (GO:0006112),1/18,0.5639911607782555,0.9481331937644788,0,0,1.24718954248366,0.7142862790281297,MT3,GO_Biological_Process_2023
GO_Biological_Process_2023,Excitatory Postsynaptic Potential (GO:0060079),1/18,0.5639911607782555,0.9481331937644788,0,0,1.24718954248366,0.7142862790281297,DRD2,GO_Biological_Process_2023
GO_Biological_Process_2023,Vesicle Transport Along Actin Filament (GO:0030050),1/18,0.5639911607782555,0.9481331937644788,0,0,1.24718954248366,0.7142862790281297,MYO1E,GO_Biological_Process_2023
GO_Biological_Process_2023,Icosanoid Biosynthetic Process (GO:0046456),1/18,0.5639911607782555,0.9481331937644788,0,0,1.24718954248366,0.7142862790281297,MGST3,GO_Biological_Process_2023
GO_Biological_Process_2023,Maintenance Of Gastrointestinal Epithelium (GO:0030277),1/18,0.5639911607782555,0.9481331937644788,0,0,1.24718954248366,0.7142862790281297,TLR4,GO_Biological_Process_2023
GO_Biological_Process_2023,Maintenance Of Protein Localization In Organelle (GO:0072595),1/18,0.5639911607782555,0.9481331937644788,0,0,1.24718954248366,0.7142862790281297,KDELR2,GO_Biological_Process_2023
GO_Biological_Process_2023,Mitochondrial Fusion (GO:0008053),1/18,0.5639911607782555,0.9481331937644788,0,0,1.24718954248366,0.7142862790281297,FIS1,GO_Biological_Process_2023
GO_Biological_Process_2023,Myoblast Fusion (GO:0007520),1/18,0.5639911607782555,0.9481331937644788,0,0,1.24718954248366,0.7142862790281297,DOCK5,GO_Biological_Process_2023
GO_Biological_Process_2023,"Negative Regulation Of DNA-templated Transcription, Elongation (GO:0032785)",1/18,0.5639911607782555,0.9481331937644788,0,0,1.24718954248366,0.7142862790281297,VHL,GO_Biological_Process_2023
GO_Biological_Process_2023,Negative Regulation Of T Cell Receptor Signaling Pathway (GO:0050860),1/18,0.5639911607782555,0.9481331937644788,0,0,1.24718954248366,0.7142862790281297,PHPT1,GO_Biological_Process_2023
GO_Biological_Process_2023,Negative Regulation Of Amyloid Precursor Protein Catabolic Process (GO:1902992),1/18,0.5639911607782555,0.9481331937644788,0,0,1.24718954248366,0.7142862790281297,APOE,GO_Biological_Process_2023
GO_Biological_Process_2023,Negative Regulation Of Lipid Catabolic Process (GO:0050995),1/18,0.5639911607782555,0.9481331937644788,0,0,1.24718954248366,0.7142862790281297,CIDEA,GO_Biological_Process_2023
GO_Biological_Process_2023,Negative Regulation Of Lipid Storage (GO:0010888),1/18,0.5639911607782555,0.9481331937644788,0,0,1.24718954248366,0.7142862790281297,NFKBIA,GO_Biological_Process_2023
GO_Biological_Process_2023,Negative Regulation Of Peptide Hormone Secretion (GO:0090278),1/18,0.5639911607782555,0.9481331937644788,0,0,1.24718954248366,0.7142862790281297,FOXO1,GO_Biological_Process_2023
GO_Biological_Process_2023,Nitric Oxide Mediated Signal Transduction (GO:0007263),1/18,0.5639911607782555,0.9481331937644788,0,0,1.24718954248366,0.7142862790281297,APOE,GO_Biological_Process_2023
GO_Biological_Process_2023,Peptide Antigen Assembly With MHC Protein Complex (GO:0002501),1/18,0.5639911607782555,0.9481331937644788,0,0,1.24718954248366,0.7142862790281297,CALR,GO_Biological_Process_2023
GO_Biological_Process_2023,Positive Regulation Of Cation Transmembrane Transport (GO:1904064),1/18,0.5639911607782555,0.9481331937644788,0,0,1.24718954248366,0.7142862790281297,FLNA,GO_Biological_Process_2023
GO_Biological_Process_2023,Positive Regulation Of Cytokine Production Involved In Inflammatory Response (GO:1900017),1/18,0.5639911607782555,0.9481331937644788,0,0,1.24718954248366,0.7142862790281297,TLR4,GO_Biological_Process_2023
GO_Biological_Process_2023,Positive Regulation Of Nervous System Process (GO:0031646),1/18,0.5639911607782555,0.9481331937644788,0,0,1.24718954248366,0.7142862790281297,CARTPT,GO_Biological_Process_2023
GO_Biological_Process_2023,Positive Regulation Of Neuroblast Proliferation (GO:0002052),1/18,0.5639911607782555,0.9481331937644788,0,0,1.24718954248366,0.7142862790281297,DRD2,GO_Biological_Process_2023
GO_Biological_Process_2023,Protein Import Into Mitochondrial Matrix (GO:0030150),1/18,0.5639911607782555,0.9481331937644788,0,0,1.24718954248366,0.7142862790281297,ROMO1,GO_Biological_Process_2023
GO_Biological_Process_2023,"Protein Localization To Chromosome, Centromeric Region (GO:0071459)",1/18,0.5639911607782555,0.9481331937644788,0,0,1.24718954248366,0.7142862790281297,BOD1,GO_Biological_Process_2023
GO_Biological_Process_2023,Regulation Of RIG-I Signaling Pathway (GO:0039535),1/18,0.5639911607782555,0.9481331937644788,0,0,1.24718954248366,0.7142862790281297,DDX60,GO_Biological_Process_2023
GO_Biological_Process_2023,Mitotic Sister Chromatid Segregation (GO:0000070),5/111,0.5641347594751261,0.9481331937644788,0,0,0.9998841812668464,0.5723958189473632,KIF3B;BOD1;PLK1;FLNA;KPNB1,GO_Biological_Process_2023
GO_Biological_Process_2023,Negative Regulation Of Inflammatory Response (GO:0050728),5/111,0.5641347594751261,0.9481331937644788,0,0,0.9998841812668464,0.5723958189473632,PTGIS;RPS19;FYN;APOE;PLCG1,GO_Biological_Process_2023
GO_Biological_Process_2023,Negative Regulation Of Neuron Death (GO:1901215),4/88,0.5643408537939372,0.9481331937644788,0,0,1.0094494877103573,0.5775028815733383,HTRA2;PLA2G3;APOE;MT3,GO_Biological_Process_2023
GO_Biological_Process_2023,Positive Regulation Of Plasma Membrane Bounded Cell Projection Assembly (GO:0120034),4/88,0.5643408537939372,0.9481331937644788,0,0,1.0094494877103573,0.5775028815733383,P2RY12;MIEN1;EPS8L2;HRAS,GO_Biological_Process_2023
GO_Biological_Process_2023,Positive Regulation Of DNA Biosynthetic Process (GO:2000573),3/65,0.5657934509973308,0.9481331937644788,0,0,1.0257741217041454,0.5842052324100585,PTGES3;MAPK1;HNRNPA1,GO_Biological_Process_2023
GO_Biological_Process_2023,Positive Regulation Of Cell Cycle (GO:0045787),3/65,0.5657934509973308,0.9481331937644788,0,0,1.0257741217041454,0.5842052324100585,ANKRD17;EIF4EBP1;CALR,GO_Biological_Process_2023
GO_Biological_Process_2023,Cellular Response To Glucose Starvation (GO:0042149),2/42,0.5701278432102205,0.9481331937644788,0,0,1.0600111234705227,0.5956145866049887,SZT2;HNRNPA1,GO_Biological_Process_2023
GO_Biological_Process_2023,Ceramide Biosynthetic Process (GO:0046513),2/42,0.5701278432102205,0.9481331937644788,0,0,1.0600111234705227,0.5956145866049887,ST8SIA4;GDF1,GO_Biological_Process_2023
GO_Biological_Process_2023,Determination Of Heart Left/Right Asymmetry (GO:0061371),2/42,0.5701278432102205,0.9481331937644788,0,0,1.0600111234705227,0.5956145866049887,NDRG4;MKKS,GO_Biological_Process_2023
GO_Biological_Process_2023,Embryonic Heart Tube Morphogenesis (GO:0003143),2/42,0.5701278432102205,0.9481331937644788,0,0,1.0600111234705227,0.5956145866049887,NDRG4;MKKS,GO_Biological_Process_2023
GO_Biological_Process_2023,Skeletal Muscle Tissue Development (GO:0007519),2/42,0.5701278432102205,0.9481331937644788,0,0,1.0600111234705227,0.5956145866049887,MYH7B;MYL6,GO_Biological_Process_2023
GO_Biological_Process_2023,Stress-Activated MAPK Cascade (GO:0051403),2/42,0.5701278432102205,0.9481331937644788,0,0,1.0600111234705227,0.5956145866049887,MAPK1;DUSP9,GO_Biological_Process_2023
GO_Biological_Process_2023,Substantia Nigra Development (GO:0021762),2/42,0.5701278432102205,0.9481331937644788,0,0,1.0600111234705227,0.5956145866049887,YWHAE;GLUD1,GO_Biological_Process_2023
GO_Biological_Process_2023,Lipid Modification (GO:0030258),2/42,0.5701278432102205,0.9481331937644788,0,0,1.0600111234705227,0.5956145866049887,SGPP1;DGKI,GO_Biological_Process_2023
GO_Biological_Process_2023,Negative Regulation Of I-kappaB kinase/NF-kappaB Signaling (GO:0043124),2/42,0.5701278432102205,0.9481331937644788,0,0,1.0600111234705227,0.5956145866049887,PPM1B;TRIM59,GO_Biological_Process_2023
GO_Biological_Process_2023,Positive Regulation Of Neuron Differentiation (GO:0045666),2/42,0.5701278432102205,0.9481331937644788,0,0,1.0600111234705227,0.5956145866049887,PCP4;ADRA2C,GO_Biological_Process_2023
GO_Biological_Process_2023,Potassium Ion Import Across Plasma Membrane (GO:1990573),2/42,0.5701278432102205,0.9481331937644788,0,0,1.0600111234705227,0.5956145866049887,KCNJ6;SLC12A5,GO_Biological_Process_2023
GO_Biological_Process_2023,Cellular Response To Metal Ion (GO:0071248),6/135,0.5718875704821889,0.9481331937644788,0,0,0.9858386384305574,0.5508993110341318,GLRA1;KCNA1;MAPK1;FOS;MT3;F3,GO_Biological_Process_2023
GO_Biological_Process_2023,Calcium Ion Transport (GO:0006816),5/112,0.5721693490573256,0.9481331937644788,0,0,0.990487316421896,0.5530091426035902,CALCRL;CRACR2B;CACNA1D;FYN;ATP2C2,GO_Biological_Process_2023
GO_Biological_Process_2023,Small GTPase Mediated Signal Transduction (GO:0007264),5/112,0.5721693490573256,0.9481331937644788,0,0,0.990487316421896,0.5530091426035902,BRAP;CNKSR2;CDKN1A;ARL3;HRAS,GO_Biological_Process_2023
GO_Biological_Process_2023,Cellular Response To Peptide Hormone Stimulus (GO:0071375),4/89,0.5733451010014072,0.9481331937644788,0,0,0.9975211489277984,0.5548885688289253,NR4A3;RAB13;FOXO1;GCK,GO_Biological_Process_2023
GO_Biological_Process_2023,Sodium Ion Transport (GO:0006814),4/89,0.5733451010014072,0.9481331937644788,0,0,0.9975211489277984,0.5548885688289253,SLC23A2;ASIC4;SGK1;SLC9B2,GO_Biological_Process_2023
GO_Biological_Process_2023,Positive Regulation Of DNA Repair (GO:0045739),4/89,0.5733451010014072,0.9481331937644788,0,0,0.9975211489277984,0.5548885688289253,TFPT;EYA1;MGMT;DPF2,GO_Biological_Process_2023
GO_Biological_Process_2023,Negative Regulation Of Immune Response (GO:0050777),3/66,0.5762322490993301,0.9481331937644788,0,0,1.009438964895535,0.5564476666952292,IRAK3;FYN;PLCG1,GO_Biological_Process_2023
GO_Biological_Process_2023,Regulation Of Chromosome Organization (GO:0033044),2/43,0.5830199816357076,0.9481331937644788,0,0,1.0341029327979598,0.5579335049865674,TFPT;NSMCE4A,GO_Biological_Process_2023
GO_Biological_Process_2023,mRNA Catabolic Process (GO:0006402),2/43,0.5830199816357076,0.9481331937644788,0,0,1.0341029327979598,0.5579335049865674,HSPA1B;HSPA1A,GO_Biological_Process_2023
GO_Biological_Process_2023,Regulation Of Cellular Component Size (GO:0032535),2/43,0.5830199816357076,0.9481331937644788,0,0,1.0341029327979598,0.5579335049865674,BLOC1S1;LAMTOR4,GO_Biological_Process_2023
GO_Biological_Process_2023,Regulation Of Early Endosome To Late Endosome Transport (GO:2000641),1/19,0.5836509982601489,0.9481331937644788,0,0,1.1778395061728395,0.6342101326059947,MAPK1,GO_Biological_Process_2023
GO_Biological_Process_2023,Regulation Of Fibroblast Growth Factor Receptor Signaling Pathway (GO:0040036),1/19,0.5836509982601489,0.9481331937644788,0,0,1.1778395061728395,0.6342101326059947,CREB3L1,GO_Biological_Process_2023
GO_Biological_Process_2023,N-glycan Processing (GO:0006491),1/19,0.5836509982601489,0.9481331937644788,0,0,1.1778395061728395,0.6342101326059947,ST8SIA4,GO_Biological_Process_2023
GO_Biological_Process_2023,Regulation Of Granulocyte Chemotaxis (GO:0071622),1/19,0.5836509982601489,0.9481331937644788,0,0,1.1778395061728395,0.6342101326059947,MAPK1,GO_Biological_Process_2023
GO_Biological_Process_2023,Regulation Of Insulin-Like Growth Factor Receptor Signaling Pathway (GO:0043567),1/19,0.5836509982601489,0.9481331937644788,0,0,1.1778395061728395,0.6342101326059947,IGFBP2,GO_Biological_Process_2023
GO_Biological_Process_2023,Regulation Of Integrin-Mediated Signaling Pathway (GO:2001044),1/19,0.5836509982601489,0.9481331937644788,0,0,1.1778395061728395,0.6342101326059947,FLNA,GO_Biological_Process_2023
GO_Biological_Process_2023,Regulation Of Neuroinflammatory Response (GO:0150077),1/19,0.5836509982601489,0.9481331937644788,0,0,1.1778395061728395,0.6342101326059947,PTGS2,GO_Biological_Process_2023
GO_Biological_Process_2023,Calcium-Independent Cell-Cell Adhesion Via Plasma Membrane Cell-Adhesion Molecules (GO:0016338),1/19,0.5836509982601489,0.9481331937644788,0,0,1.1778395061728395,0.6342101326059947,CLDN22,GO_Biological_Process_2023
GO_Biological_Process_2023,Cardiac Ventricle Development (GO:0003231),1/19,0.5836509982601489,0.9481331937644788,0,0,1.1778395061728395,0.6342101326059947,TMEM65,GO_Biological_Process_2023
GO_Biological_Process_2023,Regulation Of Protein-Containing Complex Disassembly (GO:0043244),1/19,0.5836509982601489,0.9481331937644788,0,0,1.1778395061728395,0.6342101326059947,IRAK3,GO_Biological_Process_2023
GO_Biological_Process_2023,Regulation Of Smooth Muscle Cell Migration (GO:0014910),1/19,0.5836509982601489,0.9481331937644788,0,0,1.1778395061728395,0.6342101326059947,NDRG4,GO_Biological_Process_2023
GO_Biological_Process_2023,Cellular Response To Catecholamine Stimulus (GO:0071870),1/19,0.5836509982601489,0.9481331937644788,0,0,1.1778395061728395,0.6342101326059947,NR4A3,GO_Biological_Process_2023
GO_Biological_Process_2023,Cellular Response To Lectin (GO:1990858),1/19,0.5836509982601489,0.9481331937644788,0,0,1.1778395061728395,0.6342101326059947,FYN,GO_Biological_Process_2023
GO_Biological_Process_2023,Cellular Response To Misfolded Protein (GO:0071218),1/19,0.5836509982601489,0.9481331937644788,0,0,1.1778395061728395,0.6342101326059947,KLHL15,GO_Biological_Process_2023
GO_Biological_Process_2023,Regulation Of Vascular Endothelial Growth Factor Signaling Pathway (GO:1900746),1/19,0.5836509982601489,0.9481331937644788,0,0,1.1778395061728395,0.6342101326059947,SEMA6A,GO_Biological_Process_2023
GO_Biological_Process_2023,Release Of Cytochrome C From Mitochondria (GO:0001836),1/19,0.5836509982601489,0.9481331937644788,0,0,1.1778395061728395,0.6342101326059947,FIS1,GO_Biological_Process_2023
GO_Biological_Process_2023,Response To Fatty Acid (GO:0070542),1/19,0.5836509982601489,0.9481331937644788,0,0,1.1778395061728395,0.6342101326059947,FOXO1,GO_Biological_Process_2023
GO_Biological_Process_2023,Dopamine Metabolic Process (GO:0042417),1/19,0.5836509982601489,0.9481331937644788,0,0,1.1778395061728395,0.6342101326059947,DRD2,GO_Biological_Process_2023
GO_Biological_Process_2023,Sphingosine Metabolic Process (GO:0006670),1/19,0.5836509982601489,0.9481331937644788,0,0,1.1778395061728395,0.6342101326059947,SGPP1,GO_Biological_Process_2023
GO_Biological_Process_2023,Stimulatory C-type Lectin Receptor Signaling Pathway (GO:0002223),1/19,0.5836509982601489,0.9481331937644788,0,0,1.1778395061728395,0.6342101326059947,FYN,GO_Biological_Process_2023
GO_Biological_Process_2023,Establishment Of Skin Barrier (GO:0061436),1/19,0.5836509982601489,0.9481331937644788,0,0,1.1778395061728395,0.6342101326059947,STMN1,GO_Biological_Process_2023
GO_Biological_Process_2023,Fluid Transport (GO:0042044),1/19,0.5836509982601489,0.9481331937644788,0,0,1.1778395061728395,0.6342101326059947,SLC26A6,GO_Biological_Process_2023
GO_Biological_Process_2023,Ganglioside Metabolic Process (GO:0001573),1/19,0.5836509982601489,0.9481331937644788,0,0,1.1778395061728395,0.6342101326059947,ST8SIA4,GO_Biological_Process_2023
GO_Biological_Process_2023,Glycosphingolipid Biosynthetic Process (GO:0006688),1/19,0.5836509982601489,0.9481331937644788,0,0,1.1778395061728395,0.6342101326059947,ST8SIA4,GO_Biological_Process_2023
GO_Biological_Process_2023,Intrinsic Apoptotic Signaling Pathway In Response To DNA Damage By P53 Class Mediator (GO:0042771),1/19,0.5836509982601489,0.9481331937644788,0,0,1.1778395061728395,0.6342101326059947,DDIT4,GO_Biological_Process_2023
GO_Biological_Process_2023,Leukotriene Biosynthetic Process (GO:0019370),1/19,0.5836509982601489,0.9481331937644788,0,0,1.1778395061728395,0.6342101326059947,MGST3,GO_Biological_Process_2023
GO_Biological_Process_2023,Negative Regulation Of RNA Splicing (GO:0033119),1/19,0.5836509982601489,0.9481331937644788,0,0,1.1778395061728395,0.6342101326059947,SRSF10,GO_Biological_Process_2023
GO_Biological_Process_2023,Negative Regulation Of Axon Extension Involved In Axon Guidance (GO:0048843),1/19,0.5836509982601489,0.9481331937644788,0,0,1.1778395061728395,0.6342101326059947,SEMA6A,GO_Biological_Process_2023
GO_Biological_Process_2023,Negative Regulation Of Calcium Ion Transmembrane Transport (GO:1903170),1/19,0.5836509982601489,0.9481331937644788,0,0,1.1778395061728395,0.6342101326059947,YWHAE,GO_Biological_Process_2023
GO_Biological_Process_2023,Negative Regulation Of Execution Phase Of Apoptosis (GO:1900118),1/19,0.5836509982601489,0.9481331937644788,0,0,1.1778395061728395,0.6342101326059947,CIDEA,GO_Biological_Process_2023
GO_Biological_Process_2023,Negative Regulation Of Telomere Maintenance Via Telomerase (GO:0032211),1/19,0.5836509982601489,0.9481331937644788,0,0,1.1778395061728395,0.6342101326059947,HNRNPA1,GO_Biological_Process_2023
GO_Biological_Process_2023,Nucleotide Biosynthetic Process (GO:0009165),1/19,0.5836509982601489,0.9481331937644788,0,0,1.1778395061728395,0.6342101326059947,SLC4A7,GO_Biological_Process_2023
GO_Biological_Process_2023,Phosphatidylcholine Biosynthetic Process (GO:0006656),1/19,0.5836509982601489,0.9481331937644788,0,0,1.1778395061728395,0.6342101326059947,CHKA,GO_Biological_Process_2023
GO_Biological_Process_2023,Positive Regulation Of Activated T Cell Proliferation (GO:0042104),1/19,0.5836509982601489,0.9481331937644788,0,0,1.1778395061728395,0.6342101326059947,IGFBP2,GO_Biological_Process_2023
GO_Biological_Process_2023,Positive Regulation Of Axon Extension (GO:0045773),1/19,0.5836509982601489,0.9481331937644788,0,0,1.1778395061728395,0.6342101326059947,ISLR2,GO_Biological_Process_2023
GO_Biological_Process_2023,Positive Regulation Of Hormone Secretion (GO:0046887),1/19,0.5836509982601489,0.9481331937644788,0,0,1.1778395061728395,0.6342101326059947,PLA2G3,GO_Biological_Process_2023
GO_Biological_Process_2023,Positive Regulation Of Mitochondrial Fission (GO:0090141),1/19,0.5836509982601489,0.9481331937644788,0,0,1.1778395061728395,0.6342101326059947,FIS1,GO_Biological_Process_2023
GO_Biological_Process_2023,Protein Heterooligomerization (GO:0051291),1/19,0.5836509982601489,0.9481331937644788,0,0,1.1778395061728395,0.6342101326059947,MAT2A,GO_Biological_Process_2023
GO_Biological_Process_2023,Purine Ribonucleotide Transport (GO:0015868),1/19,0.5836509982601489,0.9481331937644788,0,0,1.1778395061728395,0.6342101326059947,SLC25A4,GO_Biological_Process_2023
GO_Biological_Process_2023,rRNA Catabolic Process (GO:0016075),1/19,0.5836509982601489,0.9481331937644788,0,0,1.1778395061728395,0.6342101326059947,TRIR,GO_Biological_Process_2023
GO_Biological_Process_2023,Receptor Clustering (GO:0043113),1/19,0.5836509982601489,0.9481331937644788,0,0,1.1778395061728395,0.6342101326059947,FLNA,GO_Biological_Process_2023
GO_Biological_Process_2023,Regulation Of B Cell Differentiation (GO:0045577),1/19,0.5836509982601489,0.9481331937644788,0,0,1.1778395061728395,0.6342101326059947,INHBA,GO_Biological_Process_2023
GO_Biological_Process_2023,Regulation Of Acute Inflammatory Response (GO:0002673),1/19,0.5836509982601489,0.9481331937644788,0,0,1.1778395061728395,0.6342101326059947,F12,GO_Biological_Process_2023
GO_Biological_Process_2023,Regulation Of Autophagy Of Mitochondrion (GO:1903146),1/19,0.5836509982601489,0.9481331937644788,0,0,1.1778395061728395,0.6342101326059947,HTRA2,GO_Biological_Process_2023
GO_Biological_Process_2023,Regulation Of Behavior (GO:0050795),1/19,0.5836509982601489,0.9481331937644788,0,0,1.1778395061728395,0.6342101326059947,APOE,GO_Biological_Process_2023
GO_Biological_Process_2023,Protein Localization To Plasma Membrane (GO:0072659),6/137,0.5863489271539158,0.9481331937644788,0,0,0.9706853170710904,0.5181908707672308,PLEKHF1;SLMAP;RAB13;FLNA;F11R;PRAM1,GO_Biological_Process_2023
GO_Biological_Process_2023,Extrinsic Apoptotic Signaling Pathway (GO:0097191),3/67,0.5865123101001657,0.9481331937644788,0,0,0.9936142817371938,0.5301544478267125,DDX3X;INHBA;TLR3,GO_Biological_Process_2023
GO_Biological_Process_2023,Positive Regulation Of Binding (GO:0051099),4/91,0.5910343242442975,0.9481331937644788,0,0,0.9744871154166508,0.5124644390371308,STMN1;RPL11;EDF1;APOE,GO_Biological_Process_2023
GO_Biological_Process_2023,Negative Regulation Of Cell Differentiation (GO:0045596),9/207,0.5911138889840359,0.9481331937644788,0,0,0.9631573583367306,0.5063766819315124,NFKBIA;ZBTB16;NKX2-1;DTX1;CALR;WNT9A;ZBED6;FGF23;FOXO1,GO_Biological_Process_2023
GO_Biological_Process_2023,Autophagosome Maturation (GO:0097352),2/44,0.595624497777401,0.9481331937644788,0,0,1.0094284654907568,0.5230301585762392,MAP1LC3A;UBQLN1,GO_Biological_Process_2023
GO_Biological_Process_2023,Response To Unfolded Protein (GO:0006986),2/44,0.595624497777401,0.9481331937644788,0,0,1.0094284654907568,0.5230301585762392,HSPE1;HSPA1A,GO_Biological_Process_2023
GO_Biological_Process_2023,Negative Regulation Of Immune System Process (GO:0002683),2/44,0.595624497777401,0.9481331937644788,0,0,1.0094284654907568,0.5230301585762392,NFKBIL1;IRAK3,GO_Biological_Process_2023
GO_Biological_Process_2023,Positive Regulation Of Leukocyte Cell-Cell Adhesion (GO:1903039),2/44,0.595624497777401,0.9481331937644788,0,0,1.0094284654907568,0.5230301585762392,NR4A3;CYRIB,GO_Biological_Process_2023
GO_Biological_Process_2023,Positive Regulation Of Nucleocytoplasmic Transport (GO:0046824),2/44,0.595624497777401,0.9481331937644788,0,0,1.0094284654907568,0.5230301585762392,YWHAE;FLNA,GO_Biological_Process_2023
GO_Biological_Process_2023,Positive Regulation Of Cell Population Proliferation (GO:0008284),21/483,0.5985414741573054,0.9481331937644788,0,0,0.962654958677686,0.4940917638215541,CDKN1A;RPS9;CTF1;EGR4;CEP131;COX17;NME2;BMI1;FOSL1;NR4A3;DDRGK1;S100A13;S100A6;PFDN1;ROMO1;CALR;HRAS;FGF23;FGF22;IL12RB2;COPS9,GO_Biological_Process_2023
GO_Biological_Process_2023,DNA Methylation (GO:0006306),1/20,0.6024253007889407,0.9481331937644788,0,0,1.1157894736842104,0.5654727364216774,FOS,GO_Biological_Process_2023
GO_Biological_Process_2023,DNA Unwinding Involved In DNA Replication (GO:0006268),1/20,0.6024253007889407,0.9481331937644788,0,0,1.1157894736842104,0.5654727364216774,CDC45,GO_Biological_Process_2023
GO_Biological_Process_2023,Fc-gamma Receptor Signaling Pathway Involved In Phagocytosis (GO:0038096),1/20,0.6024253007889407,0.9481331937644788,0,0,1.1157894736842104,0.5654727364216774,FYN,GO_Biological_Process_2023
GO_Biological_Process_2023,Actin Filament-Based Transport (GO:0099515),1/20,0.6024253007889407,0.9481331937644788,0,0,1.1157894736842104,0.5654727364216774,MYO1E,GO_Biological_Process_2023
GO_Biological_Process_2023,Activation Of Adenylate Cyclase Activity (GO:0007190),1/20,0.6024253007889407,0.9481331937644788,0,0,1.1157894736842104,0.5654727364216774,CALCR,GO_Biological_Process_2023
GO_Biological_Process_2023,Adenine Nucleotide Transport (GO:0051503),1/20,0.6024253007889407,0.9481331937644788,0,0,1.1157894736842104,0.5654727364216774,SLC25A4,GO_Biological_Process_2023
GO_Biological_Process_2023,Ameboidal-Type Cell Migration (GO:0001667),1/20,0.6024253007889407,0.9481331937644788,0,0,1.1157894736842104,0.5654727364216774,NANOS1,GO_Biological_Process_2023
GO_Biological_Process_2023,Regulation Of Necroptotic Process (GO:0060544),1/20,0.6024253007889407,0.9481331937644788,0,0,1.1157894736842104,0.5654727364216774,SLC25A4,GO_Biological_Process_2023
GO_Biological_Process_2023,Calcium-Mediated Signaling Using Intracellular Calcium Source (GO:0035584),1/20,0.6024253007889407,0.9481331937644788,0,0,1.1157894736842104,0.5654727364216774,FIS1,GO_Biological_Process_2023
GO_Biological_Process_2023,Regulation Of Protein Localization To Cell Periphery (GO:1904375),1/20,0.6024253007889407,0.9481331937644788,0,0,1.1157894736842104,0.5654727364216774,PLK1,GO_Biological_Process_2023
GO_Biological_Process_2023,Cell Projection Organization (GO:0030030),1/20,0.6024253007889407,0.9481331937644788,0,0,1.1157894736842104,0.5654727364216774,P2RY12,GO_Biological_Process_2023
GO_Biological_Process_2023,Cellular Response To Copper Ion (GO:0071280),1/20,0.6024253007889407,0.9481331937644788,0,0,1.1157894736842104,0.5654727364216774,MT3,GO_Biological_Process_2023
GO_Biological_Process_2023,Response To ATP (GO:0033198),1/20,0.6024253007889407,0.9481331937644788,0,0,1.1157894736842104,0.5654727364216774,P2RY12,GO_Biological_Process_2023
GO_Biological_Process_2023,Cilium-Dependent Cell Motility (GO:0060285),1/20,0.6024253007889407,0.9481331937644788,0,0,1.1157894736842104,0.5654727364216774,TEKT4,GO_Biological_Process_2023
GO_Biological_Process_2023,Response To Fibroblast Growth Factor (GO:0071774),1/20,0.6024253007889407,0.9481331937644788,0,0,1.1157894736842104,0.5654727364216774,SETX,GO_Biological_Process_2023
GO_Biological_Process_2023,Sensory Perception Of Pain (GO:0019233),1/20,0.6024253007889407,0.9481331937644788,0,0,1.1157894736842104,0.5654727364216774,OPRM1,GO_Biological_Process_2023
GO_Biological_Process_2023,Endoplasmic Reticulum Calcium Ion Homeostasis (GO:0032469),1/20,0.6024253007889407,0.9481331937644788,0,0,1.1157894736842104,0.5654727364216774,FIS1,GO_Biological_Process_2023
GO_Biological_Process_2023,Endothelial Cell Development (GO:0001885),1/20,0.6024253007889407,0.9481331937644788,0,0,1.1157894736842104,0.5654727364216774,RAP1B,GO_Biological_Process_2023
GO_Biological_Process_2023,Epithelial Cilium Movement Involved In Extracellular Fluid Movement (GO:0003351),1/20,0.6024253007889407,0.9481331937644788,0,0,1.1157894736842104,0.5654727364216774,SPA17,GO_Biological_Process_2023
GO_Biological_Process_2023,Stress-Activated Protein Kinase Signaling Cascade (GO:0031098),1/20,0.6024253007889407,0.9481331937644788,0,0,1.1157894736842104,0.5654727364216774,MAPK1,GO_Biological_Process_2023
GO_Biological_Process_2023,Striated Muscle Cell Differentiation (GO:0051146),1/20,0.6024253007889407,0.9481331937644788,0,0,1.1157894736842104,0.5654727364216774,CBY1,GO_Biological_Process_2023
GO_Biological_Process_2023,Sulfur Compound Catabolic Process (GO:0044273),1/20,0.6024253007889407,0.9481331937644788,0,0,1.1157894736842104,0.5654727364216774,NUDT8,GO_Biological_Process_2023
GO_Biological_Process_2023,Gamma-Aminobutyric Acid Signaling Pathway (GO:0007214),1/20,0.6024253007889407,0.9481331937644788,0,0,1.1157894736842104,0.5654727364216774,GABRB2,GO_Biological_Process_2023
GO_Biological_Process_2023,Transport Along Microtubule (GO:0010970),1/20,0.6024253007889407,0.9481331937644788,0,0,1.1157894736842104,0.5654727364216774,BLOC1S1,GO_Biological_Process_2023
GO_Biological_Process_2023,Glutamate Metabolic Process (GO:0006536),1/20,0.6024253007889407,0.9481331937644788,0,0,1.1157894736842104,0.5654727364216774,GLUD1,GO_Biological_Process_2023
GO_Biological_Process_2023,Intracellular Monoatomic Ion Homeostasis (GO:0006873),1/20,0.6024253007889407,0.9481331937644788,0,0,1.1157894736842104,0.5654727364216774,MT3,GO_Biological_Process_2023
GO_Biological_Process_2023,Lipopolysaccharide-Mediated Signaling Pathway (GO:0031663),1/20,0.6024253007889407,0.9481331937644788,0,0,1.1157894736842104,0.5654727364216774,TLR4,GO_Biological_Process_2023
GO_Biological_Process_2023,Maturation Of LSU-rRNA (GO:0000470),1/20,0.6024253007889407,0.9481331937644788,0,0,1.1157894736842104,0.5654727364216774,RPL35,GO_Biological_Process_2023
GO_Biological_Process_2023,Mesoderm Formation (GO:0001707),1/20,0.6024253007889407,0.9481331937644788,0,0,1.1157894736842104,0.5654727364216774,TBX19,GO_Biological_Process_2023
GO_Biological_Process_2023,Microglial Cell Activation (GO:0001774),1/20,0.6024253007889407,0.9481331937644788,0,0,1.1157894736842104,0.5654727364216774,C1QA,GO_Biological_Process_2023
GO_Biological_Process_2023,Negative Regulation Of B Cell Activation (GO:0050869),1/20,0.6024253007889407,0.9481331937644788,0,0,1.1157894736842104,0.5654727364216774,INHBA,GO_Biological_Process_2023
GO_Biological_Process_2023,Negative Regulation Of Phosphoprotein Phosphatase Activity (GO:0032515),1/20,0.6024253007889407,0.9481331937644788,0,0,1.1157894736842104,0.5654727364216774,STYXL1,GO_Biological_Process_2023
GO_Biological_Process_2023,Phosphatidylglycerol Metabolic Process (GO:0046471),1/20,0.6024253007889407,0.9481331937644788,0,0,1.1157894736842104,0.5654727364216774,PLA2G3,GO_Biological_Process_2023
GO_Biological_Process_2023,Phosphatidylserine Metabolic Process (GO:0006658),1/20,0.6024253007889407,0.9481331937644788,0,0,1.1157894736842104,0.5654727364216774,PLA2G3,GO_Biological_Process_2023
GO_Biological_Process_2023,Positive Regulation Of Antigen Receptor-Mediated Signaling Pathway (GO:0050857),1/20,0.6024253007889407,0.9481331937644788,0,0,1.1157894736842104,0.5654727364216774,UXT,GO_Biological_Process_2023
GO_Biological_Process_2023,Positive Regulation Of Embryonic Development (GO:0040019),1/20,0.6024253007889407,0.9481331937644788,0,0,1.1157894736842104,0.5654727364216774,CFL1,GO_Biological_Process_2023
GO_Biological_Process_2023,Positive Regulation Of Leukocyte Activation (GO:0002696),1/20,0.6024253007889407,0.9481331937644788,0,0,1.1157894736842104,0.5654727364216774,TLR4,GO_Biological_Process_2023
GO_Biological_Process_2023,Positive Regulation Of Lipid Storage (GO:0010884),1/20,0.6024253007889407,0.9481331937644788,0,0,1.1157894736842104,0.5654727364216774,CIDEA,GO_Biological_Process_2023
GO_Biological_Process_2023,Positive Regulation Of Phospholipase Activity (GO:0010518),1/20,0.6024253007889407,0.9481331937644788,0,0,1.1157894736842104,0.5654727364216774,HRAS,GO_Biological_Process_2023
GO_Biological_Process_2023,Positive Regulation Of Protein Processing (GO:0010954),1/20,0.6024253007889407,0.9481331937644788,0,0,1.1157894736842104,0.5654727364216774,F12,GO_Biological_Process_2023
GO_Biological_Process_2023,Receptor Metabolic Process (GO:0043112),1/20,0.6024253007889407,0.9481331937644788,0,0,1.1157894736842104,0.5654727364216774,PLEKHJ1,GO_Biological_Process_2023
GO_Biological_Process_2023,Regulation Of Calcium Ion Transmembrane Transport (GO:1903169),1/20,0.6024253007889407,0.9481331937644788,0,0,1.1157894736842104,0.5654727364216774,FYN,GO_Biological_Process_2023
GO_Biological_Process_2023,Nitrogen Compound Transport (GO:0071705),7/163,0.6052102512729125,0.9514788396194392,0,0,0.9507901680720472,0.4774671967258642,SLC23A2;CALCRL;ARRDC2;SLC19A3;SLC38A2;SLC26A6;SLC18A2,GO_Biological_Process_2023
GO_Biological_Process_2023,Response To Molecule Of Bacterial Origin (GO:0002237),3/69,0.606587226293126,0.9514788396194392,0,0,0.9634035229803604,0.4816119162350773,IRAK3;CYRIB;TLR4,GO_Biological_Process_2023
GO_Biological_Process_2023,Regulation Of Cellular Metabolic Process (GO:0031323),2/45,0.6079411143338995,0.9514788396194392,0,0,0.9859016478257496,0.4906608239471267,COQ7;GCK,GO_Biological_Process_2023
GO_Biological_Process_2023,Determination Of Left/Right Symmetry (GO:0007368),2/45,0.6079411143338995,0.9514788396194392,0,0,0.9859016478257496,0.4906608239471267,MKKS;KIF3B,GO_Biological_Process_2023
GO_Biological_Process_2023,Epidermal Growth Factor Receptor Signaling Pathway (GO:0007173),2/45,0.6079411143338995,0.9514788396194392,0,0,0.9859016478257496,0.4906608239471267,SHC3;PLCG1,GO_Biological_Process_2023
GO_Biological_Process_2023,Establishment Of Protein Localization To Extracellular Region (GO:0035592),2/45,0.6079411143338995,0.9514788396194392,0,0,0.9859016478257496,0.4906608239471267,ARL4D;RAB13,GO_Biological_Process_2023
GO_Biological_Process_2023,Hexose Metabolic Process (GO:0019318),2/45,0.6079411143338995,0.9514788396194392,0,0,0.9859016478257496,0.4906608239471267,HKDC1;GCK,GO_Biological_Process_2023
GO_Biological_Process_2023,Zymogen Activation (GO:0031638),2/45,0.6079411143338995,0.9514788396194392,0,0,0.9859016478257496,0.4906608239471267,F12;VSIR,GO_Biological_Process_2023
GO_Biological_Process_2023,Mitotic Nuclear Division (GO:0140014),2/45,0.6079411143338995,0.9514788396194392,0,0,0.9859016478257496,0.4906608239471267,KIF3B;PLK1,GO_Biological_Process_2023
GO_Biological_Process_2023,Cellular Response To Molecule Of Bacterial Origin (GO:0071219),5/117,0.6111399999555788,0.9514788396194392,0,0,0.9460200095663264,0.4658478893232688,UXT;PABPN1;NFKBIL1;CYRIB;TLR4,GO_Biological_Process_2023
GO_Biological_Process_2023,Sulfur Compound Biosynthetic Process (GO:0044272),3/70,0.6163783813002158,0.9514788396194392,0,0,0.9489745038726192,0.4592033045572188,SLC10A7;MAT2A;ST3GAL1,GO_Biological_Process_2023
GO_Biological_Process_2023,"Regulation Of mRNA Splicing, Via Spliceosome (GO:0048024)",4/94,0.6167399180713276,0.9514788396194392,0,0,0.9418555679425245,0.4552062089275243,RBM3;CIRBP;HNRNPA1;SRSF10,GO_Biological_Process_2023
GO_Biological_Process_2023,Peptidyl-Lysine Modification (GO:0018205),4/94,0.6167399180713276,0.9514788396194392,0,0,0.9418555679425245,0.4552062089275243,LIPT2;NSMCE4A;EYA1;BLOC1S1,GO_Biological_Process_2023
GO_Biological_Process_2023,Positive Regulation Of Cell Projection Organization (GO:0031346),5/118,0.6186823442798111,0.9514788396194392,0,0,0.9375987673830596,0.4502005310261081,SETX;NDRG4;PLA2G3;APOE;STYXL1,GO_Biological_Process_2023
GO_Biological_Process_2023,Regulation Of Interleukin-10 Production (GO:0032653),2/46,0.6199701622451909,0.9514788396194392,0,0,0.963444230963697,0.460607201877948,TLR4;VSIR,GO_Biological_Process_2023
GO_Biological_Process_2023,Response To Hydrogen Peroxide (GO:0042542),2/46,0.6199701622451909,0.9514788396194392,0,0,0.963444230963697,0.460607201877948,SETX;FYN,GO_Biological_Process_2023
GO_Biological_Process_2023,Development Of Primary Male Sexual Characteristics (GO:0046546),2/46,0.6199701622451909,0.9514788396194392,0,0,0.963444230963697,0.460607201877948,INHBA;MEA1,GO_Biological_Process_2023
GO_Biological_Process_2023,Homotypic Cell-Cell Adhesion (GO:0034109),2/46,0.6199701622451909,0.9514788396194392,0,0,0.963444230963697,0.460607201877948,P2RY12;FLNA,GO_Biological_Process_2023
GO_Biological_Process_2023,Male Gonad Development (GO:0008584),2/46,0.6199701622451909,0.9514788396194392,0,0,0.963444230963697,0.460607201877948,INHBA;MEA1,GO_Biological_Process_2023
GO_Biological_Process_2023,Mitotic G2/M Transition Checkpoint (GO:0044818),2/46,0.6199701622451909,0.9514788396194392,0,0,0.963444230963697,0.460607201877948,CDKN1A;PLK1,GO_Biological_Process_2023
GO_Biological_Process_2023,Positive Regulation Of Blood Vessel Endothelial Cell Migration (GO:0043536),2/46,0.6199701622451909,0.9514788396194392,0,0,0.963444230963697,0.460607201877948,PLCG1;PTGS2,GO_Biological_Process_2023
GO_Biological_Process_2023,Protein Sumoylation (GO:0016925),2/46,0.6199701622451909,0.9514788396194392,0,0,0.963444230963697,0.460607201877948,NSMCE4A;EYA1,GO_Biological_Process_2023
GO_Biological_Process_2023,DNA Replication Initiation (GO:0006270),1/21,0.6203539132010867,0.9514788396194392,0,0,1.0599444444444444,0.5060865183821718,CDC45,GO_Biological_Process_2023
GO_Biological_Process_2023,Regulation Of Lipid Storage (GO:0010883),1/21,0.6203539132010867,0.9514788396194392,0,0,1.0599444444444444,0.5060865183821718,NFKBIA,GO_Biological_Process_2023
GO_Biological_Process_2023,Regulation Of Lipopolysaccharide-Mediated Signaling Pathway (GO:0031664),1/21,0.6203539132010867,0.9514788396194392,0,0,1.0599444444444444,0.5060865183821718,NFKBIL1,GO_Biological_Process_2023
GO_Biological_Process_2023,Regulation Of Membrane Protein Ectodomain Proteolysis (GO:0051043),1/21,0.6203539132010867,0.9514788396194392,0,0,1.0599444444444444,0.5060865183821718,APOE,GO_Biological_Process_2023
GO_Biological_Process_2023,Aminoglycan Biosynthetic Process (GO:0006023),1/21,0.6203539132010867,0.9514788396194392,0,0,1.0599444444444444,0.5060865183821718,HS3ST2,GO_Biological_Process_2023
GO_Biological_Process_2023,Anaphase-Promoting Complex-Dependent Catabolic Process (GO:0031145),1/21,0.6203539132010867,0.9514788396194392,0,0,1.0599444444444444,0.5060865183821718,ANAPC13,GO_Biological_Process_2023
GO_Biological_Process_2023,Regulation Of Steroid Metabolic Process (GO:0019218),1/21,0.6203539132010867,0.9514788396194392,0,0,1.0599444444444444,0.5060865183821718,APOE,GO_Biological_Process_2023
GO_Biological_Process_2023,Skin Epidermis Development (GO:0098773),1/21,0.6203539132010867,0.9514788396194392,0,0,1.0599444444444444,0.5060865183821718,STMN1,GO_Biological_Process_2023
GO_Biological_Process_2023,Sodium Ion Import Across Plasma Membrane (GO:0098719),1/21,0.6203539132010867,0.9514788396194392,0,0,1.0599444444444444,0.5060865183821718,SLC9A7,GO_Biological_Process_2023
GO_Biological_Process_2023,"Maturation Of 5.8S rRNA From Tricistronic rRNA Transcript (SSU-rRNA, 5.8S rRNA, LSU-rRNA) (GO:0000466)",1/21,0.6203539132010867,0.9514788396194392,0,0,1.0599444444444444,0.5060865183821718,RPS21,GO_Biological_Process_2023
GO_Biological_Process_2023,Modulation By Host Of Viral Genome Replication (GO:0044827),1/21,0.6203539132010867,0.9514788396194392,0,0,1.0599444444444444,0.5060865183821718,VAPA,GO_Biological_Process_2023
GO_Biological_Process_2023,Negative Regulation Of GTPase Activity (GO:0034260),1/21,0.6203539132010867,0.9514788396194392,0,0,1.0599444444444444,0.5060865183821718,HRAS,GO_Biological_Process_2023
GO_Biological_Process_2023,Negative Regulation Of Biomineral Tissue Development (GO:0070168),1/21,0.6203539132010867,0.9514788396194392,0,0,1.0599444444444444,0.5060865183821718,FGF23,GO_Biological_Process_2023
GO_Biological_Process_2023,Peptide Catabolic Process (GO:0043171),1/21,0.6203539132010867,0.9514788396194392,0,0,1.0599444444444444,0.5060865183821718,LNPEP,GO_Biological_Process_2023
GO_Biological_Process_2023,Plasma Membrane Repair (GO:0001778),1/21,0.6203539132010867,0.9514788396194392,0,0,1.0599444444444444,0.5060865183821718,TRIM72,GO_Biological_Process_2023
GO_Biological_Process_2023,poly(A)+ mRNA Export From Nucleus (GO:0016973),1/21,0.6203539132010867,0.9514788396194392,0,0,1.0599444444444444,0.5060865183821718,PABPN1,GO_Biological_Process_2023
GO_Biological_Process_2023,Positive Regulation Of Blood Coagulation (GO:0030194),1/21,0.6203539132010867,0.9514788396194392,0,0,1.0599444444444444,0.5060865183821718,F12,GO_Biological_Process_2023
GO_Biological_Process_2023,Positive Regulation Of Transcription Regulatory Region DNA Binding (GO:2000679),1/21,0.6203539132010867,0.9514788396194392,0,0,1.0599444444444444,0.5060865183821718,DDRGK1,GO_Biological_Process_2023
GO_Biological_Process_2023,Protein Mannosylation (GO:0035268),1/21,0.6203539132010867,0.9514788396194392,0,0,1.0599444444444444,0.5060865183821718,DPM3,GO_Biological_Process_2023
GO_Biological_Process_2023,Purine Nucleotide Biosynthetic Process (GO:0006164),1/21,0.6203539132010867,0.9514788396194392,0,0,1.0599444444444444,0.5060865183821718,SLC4A7,GO_Biological_Process_2023
GO_Biological_Process_2023,Regulation Of Cardiac Conduction (GO:1903779),1/21,0.6203539132010867,0.9514788396194392,0,0,1.0599444444444444,0.5060865183821718,TMEM65,GO_Biological_Process_2023
GO_Biological_Process_2023,Endocytosis (GO:0006897),8/189,0.6217109788989968,0.9529956923442884,0,0,0.9363434447173536,0.4450252734368221,MYO1E;CD93;ZFYVE9;MAPK1;APOE;RHOV;MERTK;TLR4,GO_Biological_Process_2023
GO_Biological_Process_2023,Regulation Of Double-Strand Break Repair Via Homologous Recombination (GO:0010569),3/71,0.6260033687525448,0.9556586496473808,0,0,0.9349698676798114,0.4379394433154939,POLQ;KLHL15;FUS,GO_Biological_Process_2023
GO_Biological_Process_2023,Synapse Assembly (GO:0007416),3/71,0.6260033687525448,0.9556586496473808,0,0,0.9349698676798114,0.4379394433154939,GABRB2;LGI2;DRD2,GO_Biological_Process_2023
GO_Biological_Process_2023,Kidney Development (GO:0001822),3/71,0.6260033687525448,0.9556586496473808,0,0,0.9349698676798114,0.4379394433154939,ARL3;ZBTB16;C1GALT1,GO_Biological_Process_2023
GO_Biological_Process_2023,Bicellular Tight Junction Assembly (GO:0070830),2/47,0.6317125263405784,0.9556586496473808,0,0,0.9419849215177356,0.4326733164421292,CLDN22;RAB13,GO_Biological_Process_2023
GO_Biological_Process_2023,Secondary Alcohol Metabolic Process (GO:1902652),2/47,0.6317125263405784,0.9556586496473808,0,0,0.9419849215177356,0.4326733164421292,IDH2;APOE,GO_Biological_Process_2023
GO_Biological_Process_2023,Epithelial To Mesenchymal Transition (GO:0001837),2/47,0.6317125263405784,0.9556586496473808,0,0,0.9419849215177356,0.4326733164421292,S100A4;HNRNPAB,GO_Biological_Process_2023
GO_Biological_Process_2023,Positive Regulation Of TOR Signaling (GO:0032008),2/47,0.6317125263405784,0.9556586496473808,0,0,0.9419849215177356,0.4326733164421292,LAMTOR2;LAMTOR4,GO_Biological_Process_2023
GO_Biological_Process_2023,Positive Regulation Of Smooth Muscle Cell Proliferation (GO:0048661),2/47,0.6317125263405784,0.9556586496473808,0,0,0.9419849215177356,0.4326733164421292,NR4A3;MEF2D,GO_Biological_Process_2023
GO_Biological_Process_2023,Protein Monoubiquitination (GO:0006513),2/47,0.6317125263405784,0.9556586496473808,0,0,0.9419849215177356,0.4326733164421292,HUWE1;FANCE,GO_Biological_Process_2023
GO_Biological_Process_2023,Cellular Response To Transforming Growth Factor Beta Stimulus (GO:0071560),4/96,0.6333055627495289,0.9556586496473808,0,0,0.9212835054044884,0.4208443797664132,NRROS;ZFYVE9;PDE3A;FOS,GO_Biological_Process_2023
GO_Biological_Process_2023,Actin Filament Organization (GO:0007015),6/144,0.6348810257740525,0.9556586496473808,0,0,0.9211076026232694,0.4184754493695912,MYO1E;NRAP;RFLNB;COBL;FLNA;CGNL1,GO_Biological_Process_2023
GO_Biological_Process_2023,Response To Ionizing Radiation (GO:0010212),3/72,0.6354610684073846,0.9556586496473808,0,0,0.9213711629708532,0.417753786854473,CDKN1A;EYA1;SWI5,GO_Biological_Process_2023
GO_Biological_Process_2023,Transforming Growth Factor Beta Receptor Signaling Pathway (GO:0007179),3/72,0.6354610684073846,0.9556586496473808,0,0,0.9213711629708532,0.417753786854473,NRROS;ZFYVE9;FOS,GO_Biological_Process_2023
GO_Biological_Process_2023,NAD Metabolic Process (GO:0019674),1/22,0.6374748891236101,0.9556586496473808,0,0,1.009417989417989,0.4544807515859362,NADK2,GO_Biological_Process_2023
GO_Biological_Process_2023,Regulation Of Histone Acetylation (GO:0035065),1/22,0.6374748891236101,0.9556586496473808,0,0,1.009417989417989,0.4544807515859362,BAZ1B,GO_Biological_Process_2023
GO_Biological_Process_2023,Acetylcholine Receptor Signaling Pathway (GO:0095500),1/22,0.6374748891236101,0.9556586496473808,0,0,1.009417989417989,0.4544807515859362,GRK2,GO_Biological_Process_2023
GO_Biological_Process_2023,Acylglycerol Biosynthetic Process (GO:0046463),1/22,0.6374748891236101,0.9556586496473808,0,0,1.009417989417989,0.4544807515859362,GCK,GO_Biological_Process_2023
GO_Biological_Process_2023,Regulation Of Mitochondrial Translation (GO:0070129),1/22,0.6374748891236101,0.9556586496473808,0,0,1.009417989417989,0.4544807515859362,UQCC2,GO_Biological_Process_2023
GO_Biological_Process_2023,Regulation Of Mononuclear Cell Migration (GO:0071675),1/22,0.6374748891236101,0.9556586496473808,0,0,1.009417989417989,0.4544807515859362,MAPK1,GO_Biological_Process_2023
GO_Biological_Process_2023,Regulation Of Protein Export From Nucleus (GO:0046825),1/22,0.6374748891236101,0.9556586496473808,0,0,1.009417989417989,0.4544807515859362,YWHAE,GO_Biological_Process_2023
GO_Biological_Process_2023,Regulation Of Regulatory T Cell Differentiation (GO:0045589),1/22,0.6374748891236101,0.9556586496473808,0,0,1.009417989417989,0.4544807515859362,VSIR,GO_Biological_Process_2023
GO_Biological_Process_2023,Regulation Of Release Of Sequestered Calcium Ion Into Cytosol By Sarcoplasmic Reticulum (GO:0010880),1/22,0.6374748891236101,0.9556586496473808,0,0,1.009417989417989,0.4544807515859362,CASQ1,GO_Biological_Process_2023
GO_Biological_Process_2023,Regulation Of Telomere Capping (GO:1904353),1/22,0.6374748891236101,0.9556586496473808,0,0,1.009417989417989,0.4544807515859362,MAPK1,GO_Biological_Process_2023
GO_Biological_Process_2023,Cellular Response To Low-Density Lipoprotein Particle Stimulus (GO:0071404),1/22,0.6374748891236101,0.9556586496473808,0,0,1.009417989417989,0.4544807515859362,TLR4,GO_Biological_Process_2023
GO_Biological_Process_2023,Cellular Response To Topologically Incorrect Protein (GO:0035967),1/22,0.6374748891236101,0.9556586496473808,0,0,1.009417989417989,0.4544807515859362,HSPA1A,GO_Biological_Process_2023
GO_Biological_Process_2023,Regulation Of Vascular Endothelial Growth Factor Receptor Signaling Pathway (GO:0030947),1/22,0.6374748891236101,0.9556586496473808,0,0,1.009417989417989,0.4544807515859362,MT3,GO_Biological_Process_2023
GO_Biological_Process_2023,Response To Gamma Radiation (GO:0010332),1/22,0.6374748891236101,0.9556586496473808,0,0,1.009417989417989,0.4544807515859362,HRAS,GO_Biological_Process_2023
GO_Biological_Process_2023,Vesicle Transport Along Microtubule (GO:0047496),1/22,0.6374748891236101,0.9556586496473808,0,0,1.009417989417989,0.4544807515859362,KIF3B,GO_Biological_Process_2023
GO_Biological_Process_2023,Inositol Phosphate Metabolic Process (GO:0043647),1/22,0.6374748891236101,0.9556586496473808,0,0,1.009417989417989,0.4544807515859362,NUDT3,GO_Biological_Process_2023
GO_Biological_Process_2023,Modulation By Host Of Viral Process (GO:0044788),1/22,0.6374748891236101,0.9556586496473808,0,0,1.009417989417989,0.4544807515859362,CFL1,GO_Biological_Process_2023
GO_Biological_Process_2023,Negative Regulation Of Cell Development (GO:0010721),1/22,0.6374748891236101,0.9556586496473808,0,0,1.009417989417989,0.4544807515859362,RFLNB,GO_Biological_Process_2023
GO_Biological_Process_2023,Negative Regulation Of Myeloid Cell Differentiation (GO:0045638),1/22,0.6374748891236101,0.9556586496473808,0,0,1.009417989417989,0.4544807515859362,ZBTB16,GO_Biological_Process_2023
GO_Biological_Process_2023,Organelle Fission (GO:0048285),1/22,0.6374748891236101,0.9556586496473808,0,0,1.009417989417989,0.4544807515859362,FIS1,GO_Biological_Process_2023
GO_Biological_Process_2023,Placenta Development (GO:0001890),1/22,0.6374748891236101,0.9556586496473808,0,0,1.009417989417989,0.4544807515859362,ITGB8,GO_Biological_Process_2023
GO_Biological_Process_2023,Platelet Dense Granule Organization (GO:0060155),1/22,0.6374748891236101,0.9556586496473808,0,0,1.009417989417989,0.4544807515859362,BLOC1S1,GO_Biological_Process_2023
GO_Biological_Process_2023,Positive Regulation Of Excitatory Postsynaptic Potential (GO:2000463),1/22,0.6374748891236101,0.9556586496473808,0,0,1.009417989417989,0.4544807515859362,SHANK1,GO_Biological_Process_2023
GO_Biological_Process_2023,Positive Regulation Of Protein Autophosphorylation (GO:0031954),1/22,0.6374748891236101,0.9556586496473808,0,0,1.009417989417989,0.4544807515859362,DDX3X,GO_Biological_Process_2023
GO_Biological_Process_2023,Regulation Of Catabolic Process (GO:0009894),1/22,0.6374748891236101,0.9556586496473808,0,0,1.009417989417989,0.4544807515859362,ODC1,GO_Biological_Process_2023
GO_Biological_Process_2023,Regulation Of Defense Response (GO:0031347),4/97,0.6414130105435581,0.95860364773329,0,0,0.9113292815957612,0.4047046633081969,IL1R1;TNC;APOE;PTGS2,GO_Biological_Process_2023
GO_Biological_Process_2023,Cellular Response To Radiation (GO:0071478),2/48,0.6431695948223506,0.95860364773329,0,0,0.9214586255259468,0.4066828470066713,CDKN1A;SWI5,GO_Biological_Process_2023
GO_Biological_Process_2023,Regulation Of Tumor Necrosis Factor-Mediated Signaling Pathway (GO:0010803),2/48,0.6431695948223506,0.95860364773329,0,0,0.9214586255259468,0.4066828470066713,HSPA1B;HSPA1A,GO_Biological_Process_2023
GO_Biological_Process_2023,Cytoplasmic Microtubule Organization (GO:0031122),2/48,0.6431695948223506,0.95860364773329,0,0,0.9214586255259468,0.4066828470066713,FYN;KPNB1,GO_Biological_Process_2023
GO_Biological_Process_2023,Negative Regulation Of ERK1 And ERK2 Cascade (GO:0070373),2/48,0.6431695948223506,0.95860364773329,0,0,0.9214586255259468,0.4066828470066713,SEMA6A;TLR4,GO_Biological_Process_2023
GO_Biological_Process_2023,Regulation Of Inflammatory Response (GO:0050727),10/240,0.6446642475664239,0.95860364773329,0,0,0.9207534279998048,0.404234366809138,NFKBIA;PTGIS;IL1R1;TNC;TLR7;GPR4;APOE;PTGS2;TLR4;TLR3,GO_Biological_Process_2023
GO_Biological_Process_2023,Ubiquitin-Dependent ERAD Pathway (GO:0030433),3/73,0.6447506260644367,0.95860364773329,0,0,0.9081609926821508,0.3985842885336782,UBQLN1;SEC61B;CALR,GO_Biological_Process_2023
GO_Biological_Process_2023,Negative Regulation Of Response To External Stimulus (GO:0032102),6/146,0.648113895955742,0.95860364773329,0,0,0.907853152434158,0.3937257739521577,PPM1B;PTGIS;NFKBIL1;IRAK3;APOE;DRD2,GO_Biological_Process_2023
GO_Biological_Process_2023,Positive Regulation Of Protein-Containing Complex Assembly (GO:0031334),4/98,0.6494021538391429,0.95860364773329,0,0,0.9015868497829644,0.3892178403675689,RAP1B;DDX3X;TLR4;FNIP2,GO_Biological_Process_2023
GO_Biological_Process_2023,Regulation Of Centrosome Cycle (GO:0046605),1/23,0.6538245717686761,0.95860364773329,0,0,0.9634848484848484,0.4094003228816074,CEP131,GO_Biological_Process_2023
GO_Biological_Process_2023,Regulation Of Cholesterol Metabolic Process (GO:0090181),1/23,0.6538245717686761,0.95860364773329,0,0,0.9634848484848484,0.4094003228816074,APOE,GO_Biological_Process_2023
GO_Biological_Process_2023,Regulation Of Lipid Catabolic Process (GO:0050994),1/23,0.6538245717686761,0.95860364773329,0,0,0.9634848484848484,0.4094003228816074,CIDEA,GO_Biological_Process_2023
GO_Biological_Process_2023,Adaptive Immune Response Based On Somatic Recombination Of Immune Receptors Built From Immunoglobulin Superfamily Domains (GO:0002460),1/23,0.6538245717686761,0.95860364773329,0,0,0.9634848484848484,0.4094003228816074,TLR4,GO_Biological_Process_2023
GO_Biological_Process_2023,"Regulation Of Nuclear-Transcribed mRNA Catabolic Process, Deadenylation-Dependent Decay (GO:1900151)",1/23,0.6538245717686761,0.95860364773329,0,0,0.9634848484848484,0.4094003228816074,NANOS1,GO_Biological_Process_2023
GO_Biological_Process_2023,Cell-Cell Signaling By Wnt (GO:0198738),1/23,0.6538245717686761,0.95860364773329,0,0,0.9634848484848484,0.4094003228816074,DDX3X,GO_Biological_Process_2023
GO_Biological_Process_2023,Cellular Response To Interleukin-6 (GO:0071354),1/23,0.6538245717686761,0.95860364773329,0,0,0.9634848484848484,0.4094003228816074,PTGIS,GO_Biological_Process_2023
GO_Biological_Process_2023,Cholesterol Efflux (GO:0033344),1/23,0.6538245717686761,0.95860364773329,0,0,0.9634848484848484,0.4094003228816074,APOE,GO_Biological_Process_2023
GO_Biological_Process_2023,Diacylglycerol Metabolic Process (GO:0046339),1/23,0.6538245717686761,0.95860364773329,0,0,0.9634848484848484,0.4094003228816074,DGKI,GO_Biological_Process_2023
GO_Biological_Process_2023,Endocrine System Development (GO:0035270),1/23,0.6538245717686761,0.95860364773329,0,0,0.9634848484848484,0.4094003228816074,NKX2-1,GO_Biological_Process_2023
GO_Biological_Process_2023,Glial Cell Development (GO:0021782),1/23,0.6538245717686761,0.95860364773329,0,0,0.9634848484848484,0.4094003228816074,NRROS,GO_Biological_Process_2023
GO_Biological_Process_2023,Heparan Sulfate Proteoglycan Biosynthetic Process (GO:0015012),1/23,0.6538245717686761,0.95860364773329,0,0,0.9634848484848484,0.4094003228816074,HS3ST2,GO_Biological_Process_2023
GO_Biological_Process_2023,Hepaticobiliary System Development (GO:0061008),1/23,0.6538245717686761,0.95860364773329,0,0,0.9634848484848484,0.4094003228816074,COBL,GO_Biological_Process_2023
GO_Biological_Process_2023,Zinc Ion Transport (GO:0006829),1/23,0.6538245717686761,0.95860364773329,0,0,0.9634848484848484,0.4094003228816074,MT3,GO_Biological_Process_2023
GO_Biological_Process_2023,Negative Regulation Of Epidermal Growth Factor Receptor Signaling Pathway (GO:0042059),1/23,0.6538245717686761,0.95860364773329,0,0,0.9634848484848484,0.4094003228816074,SOCS5,GO_Biological_Process_2023
GO_Biological_Process_2023,Negative Regulation Of Extrinsic Apoptotic Signaling Pathway Via Death Domain Receptors (GO:1902042),1/23,0.6538245717686761,0.95860364773329,0,0,0.9634848484848484,0.4094003228816074,DDX3X,GO_Biological_Process_2023
GO_Biological_Process_2023,Negative Regulation Of Protein Depolymerization (GO:1901880),1/23,0.6538245717686761,0.95860364773329,0,0,0.9634848484848484,0.4094003228816074,PLEKHH2,GO_Biological_Process_2023
GO_Biological_Process_2023,Negative Regulation Of Protein Tyrosine Kinase Activity (GO:0061099),1/23,0.6538245717686761,0.95860364773329,0,0,0.9634848484848484,0.4094003228816074,SOCS5,GO_Biological_Process_2023
GO_Biological_Process_2023,Positive Regulation Of Epithelial Cell Apoptotic Process (GO:1904037),1/23,0.6538245717686761,0.95860364773329,0,0,0.9634848484848484,0.4094003228816074,PLCG1,GO_Biological_Process_2023
GO_Biological_Process_2023,Potassium Ion Homeostasis (GO:0055075),1/23,0.6538245717686761,0.95860364773329,0,0,0.9634848484848484,0.4094003228816074,SLC12A5,GO_Biological_Process_2023
GO_Biological_Process_2023,Protein N-linked Glycosylation Via Asparagine (GO:0018279),1/23,0.6538245717686761,0.95860364773329,0,0,0.9634848484848484,0.4094003228816074,OST4,GO_Biological_Process_2023
GO_Biological_Process_2023,Protein Alkylation (GO:0008213),1/23,0.6538245717686761,0.95860364773329,0,0,0.9634848484848484,0.4094003228816074,SNRPD3,GO_Biological_Process_2023
GO_Biological_Process_2023,Protein Targeting To ER (GO:0045047),1/23,0.6538245717686761,0.95860364773329,0,0,0.9634848484848484,0.4094003228816074,SEC61G,GO_Biological_Process_2023
GO_Biological_Process_2023,Regulation Of Axon Extension Involved In Axon Guidance (GO:0048841),1/23,0.6538245717686761,0.95860364773329,0,0,0.9634848484848484,0.4094003228816074,SEMA6A,GO_Biological_Process_2023
GO_Biological_Process_2023,Regulation Of Cardiac Muscle Hypertrophy (GO:0010611),1/23,0.6538245717686761,0.95860364773329,0,0,0.9634848484848484,0.4094003228816074,NR4A3,GO_Biological_Process_2023
GO_Biological_Process_2023,Negative Regulation Of Neuron Apoptotic Process (GO:0043524),3/74,0.6538714395502205,0.95860364773329,0,0,0.8953229398663697,0.3803730468347782,PLA2G3;APOE;MT3,GO_Biological_Process_2023
GO_Biological_Process_2023,Regulation Of Cell Cycle G1/S Phase Transition (GO:1902806),3/74,0.6538714395502205,0.95860364773329,0,0,0.8953229398663697,0.3803730468347782,CDKN1A;DDRGK1;DPF2,GO_Biological_Process_2023
GO_Biological_Process_2023,Regulation Of Mitotic Metaphase/Anaphase Transition (GO:0030071),2/49,0.6543432124132224,0.95860364773329,0,0,0.9018057889380636,0.3824768251199464,PLK1;DPF2,GO_Biological_Process_2023
GO_Biological_Process_2023,Autophagy Of Mitochondrion (GO:0000422),2/49,0.6543432124132224,0.95860364773329,0,0,0.9018057889380636,0.3824768251199464,FIS1;MAP1LC3A,GO_Biological_Process_2023
GO_Biological_Process_2023,Nuclear Export (GO:0051168),2/49,0.6543432124132224,0.95860364773329,0,0,0.9018057889380636,0.3824768251199464,CALR;HNRNPA1,GO_Biological_Process_2023
GO_Biological_Process_2023,Positive Regulation Of Pathway-Restricted SMAD Protein Phosphorylation (GO:0010862),2/49,0.6543432124132224,0.95860364773329,0,0,0.9018057889380636,0.3824768251199464,GDF1;INHBA,GO_Biological_Process_2023
GO_Biological_Process_2023,Protein Glycosylation (GO:0006486),6/147,0.6546200267255531,0.95860364773329,0,0,0.9013669321288482,0.3819094607768959,SERP2;OST4;DPM3;TMEM258;ST8SIA4;ST3GAL1,GO_Biological_Process_2023
GO_Biological_Process_2023,Organonitrogen Compound Biosynthetic Process (GO:1901566),5/123,0.6550641727862784,0.9587117825571932,0,0,0.8976335502421308,0.3797188064982388,CHKA;GDF1;APOE;INHBA;SGPP1,GO_Biological_Process_2023
GO_Biological_Process_2023,Defense Response To Symbiont (GO:0140546),6/148,0.6610516136561414,0.9599984843750262,0,0,0.8949720670391061,0.3704498432861904,RSAD2;DDIT4;TLR7;IFIT1;DDX60;TLR3,GO_Biological_Process_2023
GO_Biological_Process_2023,Protein Phosphorylation (GO:0006468),21/500,0.6614234303122861,0.9599984843750262,0,0,0.9276428164737142,0.383451412105777,CDK17;SRPK3;EPHA6;EPHA10;TAF10;PLK1;LRRK1;IRAK3;RSKR;GRK2;ACVR1C;MAPK1;FYN;TLR7;MAP3K9;MAP3K6;SGK1;FNIP2;TLR4;TLR3;CDK16,GO_Biological_Process_2023
GO_Biological_Process_2023,Negative Regulation Of Signal Transduction (GO:0009968),11/267,0.66204863860788,0.9599984843750262,0,0,0.9097305126404496,0.3751876497421335,BRAP;NDRG4;SEMA6A;CREB3L1;NFKBIL1;CBY1;IRAK3;CALR;VHL;DRD2;SOCS5,GO_Biological_Process_2023
GO_Biological_Process_2023,Positive Regulation Of Defense Response (GO:0031349),5/124,0.6620676912732417,0.9599984843750262,0,0,0.8900435174069627,0.3670427993122304,NFKBIA;TLR7;GPR4;TLR4;TLR3,GO_Biological_Process_2023
GO_Biological_Process_2023,Regulation Of Stress Fiber Assembly (GO:0051492),3/75,0.6628231453669045,0.9599984843750262,0,0,0.8828414996288048,0.3630659830422563,STMN1;F11R;CGNL1,GO_Biological_Process_2023
GO_Biological_Process_2023,Negative Regulation Of Phosphorylation (GO:0042326),3/75,0.6628231453669045,0.9599984843750262,0,0,0.8828414996288048,0.3630659830422563,UXT;CDKN1A;INHBA,GO_Biological_Process_2023
GO_Biological_Process_2023,Regulation Of Epithelial Cell Migration (GO:0010632),2/50,0.6652356362592108,0.9599984843750262,0,0,0.8829718205413423,0.3599116410902729,DOCK5;PLCG1,GO_Biological_Process_2023
GO_Biological_Process_2023,Intracellular Iron Ion Homeostasis (GO:0006879),2/50,0.6652356362592108,0.9599984843750262,0,0,0.8829718205413423,0.3599116410902729,BOLA2;F3,GO_Biological_Process_2023
GO_Biological_Process_2023,Mitotic Metaphase Plate Congression (GO:0007080),2/50,0.6652356362592108,0.9599984843750262,0,0,0.8829718205413423,0.3599116410902729,BOD1;KPNB1,GO_Biological_Process_2023
GO_Biological_Process_2023,Nucleocytoplasmic Transport (GO:0006913),2/50,0.6652356362592108,0.9599984843750262,0,0,0.8829718205413423,0.3599116410902729,CDAN1;HNRNPA1,GO_Biological_Process_2023
GO_Biological_Process_2023,Positive Regulation Of Fat Cell Differentiation (GO:0045600),2/50,0.6652356362592108,0.9599984843750262,0,0,0.8829718205413423,0.3599116410902729,ZBTB16;PTGS2,GO_Biological_Process_2023
GO_Biological_Process_2023,Positive Regulation Of Transport (GO:0051050),2/50,0.6652356362592108,0.9599984843750262,0,0,0.8829718205413423,0.3599116410902729,APOE;SGK1,GO_Biological_Process_2023
GO_Biological_Process_2023,Neuron Differentiation (GO:0030182),7/173,0.6670900161807269,0.9599984843750262,0,0,0.8930419665238134,0.3615304341638553,CTF1;IRX5;DDIT4;EN2;INSM2;INHBA;WNT9A,GO_Biological_Process_2023
GO_Biological_Process_2023,Negative Regulation Of DNA-binding Transcription Factor Activity (GO:0043433),6/149,0.6674079834993172,0.9599984843750262,0,0,0.8886666406219479,0.359335689209228,NFKBIA;PTGIS;NFKBIL1;ANXA4;FLNA;IRAK3,GO_Biological_Process_2023
GO_Biological_Process_2023,Positive Regulation Of Intracellular Signal Transduction (GO:1902533),22/525,0.6678715277850156,0.9599984843750262,0,0,0.9253059572033104,0.373508491561581,P2RY12;ANKRD17;FIS1;PLEKHF1;DDX3X;CARTPT;ADRA2C;STYXL1;RPS15;POMC;CALCR;VAPA;S100A13;FLNA;LAMTOR2;S100A4;TLR7;RPL37;LAMTOR4;HRAS;TLR4;TLR3,GO_Biological_Process_2023
GO_Biological_Process_2023,Fc-gamma Receptor Signaling Pathway (GO:0038094),1/24,0.6694376706983981,0.9599984843750262,0,0,0.9215458937198068,0.3698322329165462,FYN,GO_Biological_Process_2023
GO_Biological_Process_2023,"RNA Splicing, Via Transesterification Reactions (GO:0000375)",1/24,0.6694376706983981,0.9599984843750262,0,0,0.9215458937198068,0.3698322329165462,SRSF10,GO_Biological_Process_2023
GO_Biological_Process_2023,Regulation Of Muscle Cell Differentiation (GO:0051147),1/24,0.6694376706983981,0.9599984843750262,0,0,0.9215458937198068,0.3698322329165462,ZBED6,GO_Biological_Process_2023
GO_Biological_Process_2023,Regulation Of Neuroblast Proliferation (GO:1902692),1/24,0.6694376706983981,0.9599984843750262,0,0,0.9215458937198068,0.3698322329165462,DRD2,GO_Biological_Process_2023
GO_Biological_Process_2023,Regulation Of Ryanodine-Sensitive Calcium-Release Channel Activity (GO:0060314),1/24,0.6694376706983981,0.9599984843750262,0,0,0.9215458937198068,0.3698322329165462,JSRP1,GO_Biological_Process_2023
GO_Biological_Process_2023,Regulation Of Supramolecular Fiber Organization (GO:1902903),1/24,0.6694376706983981,0.9599984843750262,0,0,0.9215458937198068,0.3698322329165462,APOE,GO_Biological_Process_2023
GO_Biological_Process_2023,Response To Copper Ion (GO:0046688),1/24,0.6694376706983981,0.9599984843750262,0,0,0.9215458937198068,0.3698322329165462,MT3,GO_Biological_Process_2023
GO_Biological_Process_2023,Dicarboxylic Acid Transport (GO:0006835),1/24,0.6694376706983981,0.9599984843750262,0,0,0.9215458937198068,0.3698322329165462,SLC26A6,GO_Biological_Process_2023
GO_Biological_Process_2023,Secondary Alcohol Biosynthetic Process (GO:1902653),1/24,0.6694376706983981,0.9599984843750262,0,0,0.9215458937198068,0.3698322329165462,TM7SF2,GO_Biological_Process_2023
GO_Biological_Process_2023,Iron Ion Transport (GO:0006826),1/24,0.6694376706983981,0.9599984843750262,0,0,0.9215458937198068,0.3698322329165462,F3,GO_Biological_Process_2023
GO_Biological_Process_2023,Lipid Translocation (GO:0034204),1/24,0.6694376706983981,0.9599984843750262,0,0,0.9215458937198068,0.3698322329165462,ATP11C,GO_Biological_Process_2023
GO_Biological_Process_2023,Negative Regulation Of Antigen Receptor-Mediated Signaling Pathway (GO:0050858),1/24,0.6694376706983981,0.9599984843750262,0,0,0.9215458937198068,0.3698322329165462,PHPT1,GO_Biological_Process_2023
GO_Biological_Process_2023,Negative Regulation Of Ion Transmembrane Transporter Activity (GO:0032413),1/24,0.6694376706983981,0.9599984843750262,0,0,0.9215458937198068,0.3698322329165462,YWHAE,GO_Biological_Process_2023
GO_Biological_Process_2023,Negative Regulation Of Ossification (GO:0030279),1/24,0.6694376706983981,0.9599984843750262,0,0,0.9215458937198068,0.3698322329165462,FGF23,GO_Biological_Process_2023
GO_Biological_Process_2023,Neuromuscular Junction Development (GO:0007528),1/24,0.6694376706983981,0.9599984843750262,0,0,0.9215458937198068,0.3698322329165462,TNC,GO_Biological_Process_2023
GO_Biological_Process_2023,Peroxisome Organization (GO:0007031),1/24,0.6694376706983981,0.9599984843750262,0,0,0.9215458937198068,0.3698322329165462,FIS1,GO_Biological_Process_2023
GO_Biological_Process_2023,Positive Regulation Of Lipid Metabolic Process (GO:0045834),1/24,0.6694376706983981,0.9599984843750262,0,0,0.9215458937198068,0.3698322329165462,APOE,GO_Biological_Process_2023
GO_Biological_Process_2023,Positive Regulation Of p38MAPK Cascade (GO:1900745),1/24,0.6694376706983981,0.9599984843750262,0,0,0.9215458937198068,0.3698322329165462,GADD45G,GO_Biological_Process_2023
GO_Biological_Process_2023,Positive Regulation Of Vascular Endothelial Growth Factor Production (GO:0010575),1/24,0.6694376706983981,0.9599984843750262,0,0,0.9215458937198068,0.3698322329165462,PTGS2,GO_Biological_Process_2023
GO_Biological_Process_2023,Regulation Of AMPA Receptor Activity (GO:2000311),1/24,0.6694376706983981,0.9599984843750262,0,0,0.9215458937198068,0.3698322329165462,SHANK1,GO_Biological_Process_2023
GO_Biological_Process_2023,Positive Regulation Of Interleukin-6 Production (GO:0032755),3/76,0.67160560531707,0.9599984843750262,0,0,0.8707020166580224,0.3466125482165896,TLR7;TLR4;TLR3,GO_Biological_Process_2023
GO_Biological_Process_2023,Positive Regulation Of Protein Secretion (GO:0050714),3/76,0.67160560531707,0.9599984843750262,0,0,0.8707020166580224,0.3466125482165896,GLUD1;TLR4;GCK,GO_Biological_Process_2023
GO_Biological_Process_2023,Hemopoiesis (GO:0030097),4/101,0.6726519085334086,0.9599984843750262,0,0,0.8735648036410026,0.346392298832785,ZBTB16;GLRX5;INHBA;BMI1,GO_Biological_Process_2023
GO_Biological_Process_2023,Regulation Of Neuron Projection Development (GO:0010975),7/174,0.672938390690746,0.9599984843750262,0,0,0.8876475237444574,0.3515985136922283,SETX;NDRG4;CFL1;PLA2G3;APOE;MT3;STYXL1,GO_Biological_Process_2023
GO_Biological_Process_2023,RNA Modification (GO:0009451),2/51,0.6758494952120372,0.9599984843750262,0,0,0.8649065855485687,0.3388573124048285,TSR3;HNRNPAB,GO_Biological_Process_2023
GO_Biological_Process_2023,Regulation Of Stress-Activated MAPK Cascade (GO:0032872),2/51,0.6758494952120372,0.9599984843750262,0,0,0.8649065855485687,0.3388573124048285,MAPK1;FOXO1,GO_Biological_Process_2023
GO_Biological_Process_2023,Regulation Of Telomere Maintenance Via Telomerase (GO:0032210),2/51,0.6758494952120372,0.9599984843750262,0,0,0.8649065855485687,0.3388573124048285,MAPK1;HNRNPA1,GO_Biological_Process_2023
GO_Biological_Process_2023,Metaphase Plate Congression (GO:0051310),2/51,0.6758494952120372,0.9599984843750262,0,0,0.8649065855485687,0.3388573124048285,BOD1;KPNB1,GO_Biological_Process_2023
GO_Biological_Process_2023,Microtubule Bundle Formation (GO:0001578),2/51,0.6758494952120372,0.9599984843750262,0,0,0.8649065855485687,0.3388573124048285,RSPH1;PLK1,GO_Biological_Process_2023
GO_Biological_Process_2023,Negative Regulation Of MAP Kinase Activity (GO:0043407),2/51,0.6758494952120372,0.9599984843750262,0,0,0.8649065855485687,0.3388573124048285,IRAK3;APOE,GO_Biological_Process_2023
GO_Biological_Process_2023,"Negative Regulation Of Gene Expression, Epigenetic (GO:0045814)",2/51,0.6758494952120372,0.9599984843750262,0,0,0.8649065855485687,0.3388573124048285,BMI1;MACROH2A1,GO_Biological_Process_2023
GO_Biological_Process_2023,Positive Regulation Of Leukocyte Mediated Cytotoxicity (GO:0001912),2/51,0.6758494952120372,0.9599984843750262,0,0,0.8649065855485687,0.3388573124048285,UXT;CYRIB,GO_Biological_Process_2023
GO_Biological_Process_2023,Receptor Internalization (GO:0031623),2/51,0.6758494952120372,0.9599984843750262,0,0,0.8649065855485687,0.3388573124048285,CALCRL;GRK2,GO_Biological_Process_2023
GO_Biological_Process_2023,Calcium Ion Homeostasis (GO:0055074),4/102,0.6801606746276703,0.9599984843750262,0,0,0.8646053739221441,0.3332415832292118,SLC10A7;ITPR3;CALR;ATP2C2,GO_Biological_Process_2023
GO_Biological_Process_2023,Actomyosin Structure Organization (GO:0031032),3/77,0.6802188937386967,0.9599984843750262,0,0,0.8588906278215855,0.330965455672752,MYH7B;CASQ1;F11R,GO_Biological_Process_2023
GO_Biological_Process_2023,Sphingolipid Biosynthetic Process (GO:0030148),3/77,0.6802188937386967,0.9599984843750262,0,0,0.8588906278215855,0.330965455672752,VAPA;GDF1;SGPP1,GO_Biological_Process_2023
GO_Biological_Process_2023,Positive Regulation Of JNK Cascade (GO:0046330),3/77,0.6802188937386967,0.9599984843750262,0,0,0.8588906278215855,0.330965455672752,HRAS;TLR3;GADD45G,GO_Biological_Process_2023
GO_Biological_Process_2023,Positive Regulation Of Response To Stimulus (GO:0048584),3/77,0.6802188937386967,0.9599984843750262,0,0,0.8588906278215855,0.330965455672752,TFPT;RSAD2;EYA1,GO_Biological_Process_2023
GO_Biological_Process_2023,Regulation Of Response To External Stimulus (GO:0032101),5/127,0.682519183785084,0.9599984843750262,0,0,0.8680199795081968,0.3315529426383138,P2RY12;IL1R1;TNC;CYRIB;PTGS2,GO_Biological_Process_2023
GO_Biological_Process_2023,Regulation Of Hippo Signaling (GO:0035330),1/25,0.6843473350162578,0.9599984843750262,0,0,0.8831018518518519,0.3349514280819962,MOB3B,GO_Biological_Process_2023
GO_Biological_Process_2023,Regulation Of Intracellular Estrogen Receptor Signaling Pathway (GO:0033146),1/25,0.6843473350162578,0.9599984843750262,0,0,0.8831018518518519,0.3349514280819962,DDRGK1,GO_Biological_Process_2023
GO_Biological_Process_2023,Regulation Of Platelet Aggregation (GO:0090330),1/25,0.6843473350162578,0.9599984843750262,0,0,0.8831018518518519,0.3349514280819962,F11R,GO_Biological_Process_2023
GO_Biological_Process_2023,Regulation Of Postsynapse Organization (GO:0099175),1/25,0.6843473350162578,0.9599984843750262,0,0,0.8831018518518519,0.3349514280819962,CFL1,GO_Biological_Process_2023
GO_Biological_Process_2023,Cellular Response To Hexose Stimulus (GO:0071331),1/25,0.6843473350162578,0.9599984843750262,0,0,0.8831018518518519,0.3349514280819962,SLC26A6,GO_Biological_Process_2023
GO_Biological_Process_2023,Cholesterol Biosynthetic Process (GO:0006695),1/25,0.6843473350162578,0.9599984843750262,0,0,0.8831018518518519,0.3349514280819962,TM7SF2,GO_Biological_Process_2023
GO_Biological_Process_2023,Response To Zinc Ion (GO:0010043),1/25,0.6843473350162578,0.9599984843750262,0,0,0.8831018518518519,0.3349514280819962,GLRA1,GO_Biological_Process_2023
GO_Biological_Process_2023,Secretory Granule Organization (GO:0033363),1/25,0.6843473350162578,0.9599984843750262,0,0,0.8831018518518519,0.3349514280819962,BLOC1S1,GO_Biological_Process_2023
GO_Biological_Process_2023,Sodium Ion Homeostasis (GO:0055078),1/25,0.6843473350162578,0.9599984843750262,0,0,0.8831018518518519,0.3349514280819962,SLC9B2,GO_Biological_Process_2023
GO_Biological_Process_2023,Sterol Transport (GO:0015918),1/25,0.6843473350162578,0.9599984843750262,0,0,0.8831018518518519,0.3349514280819962,VAPA,GO_Biological_Process_2023
GO_Biological_Process_2023,"Wound Healing, Spreading Of Cells (GO:0044319)",1/25,0.6843473350162578,0.9599984843750262,0,0,0.8831018518518519,0.3349514280819962,FLNA,GO_Biological_Process_2023
GO_Biological_Process_2023,Lamellipodium Assembly (GO:0030032),1/25,0.6843473350162578,0.9599984843750262,0,0,0.8831018518518519,0.3349514280819962,P2RY12,GO_Biological_Process_2023
GO_Biological_Process_2023,Mismatch Repair (GO:0006298),1/25,0.6843473350162578,0.9599984843750262,0,0,0.8831018518518519,0.3349514280819962,RNASEH2C,GO_Biological_Process_2023
GO_Biological_Process_2023,Myotube Differentiation (GO:0014902),1/25,0.6843473350162578,0.9599984843750262,0,0,0.8831018518518519,0.3349514280819962,DOCK5,GO_Biological_Process_2023
GO_Biological_Process_2023,Negative Regulation Of TORC1 Signaling (GO:1904262),1/25,0.6843473350162578,0.9599984843750262,0,0,0.8831018518518519,0.3349514280819962,SZT2,GO_Biological_Process_2023
GO_Biological_Process_2023,Negative Regulation Of Proteolysis Involved In Protein Catabolic Process (GO:1903051),1/25,0.6843473350162578,0.9599984843750262,0,0,0.8831018518518519,0.3349514280819962,RPL11,GO_Biological_Process_2023
GO_Biological_Process_2023,Negative Regulation Of Telomere Maintenance Via Telomere Lengthening (GO:1904357),1/25,0.6843473350162578,0.9599984843750262,0,0,0.8831018518518519,0.3349514280819962,HNRNPA1,GO_Biological_Process_2023
GO_Biological_Process_2023,Organophosphate Ester Transport (GO:0015748),1/25,0.6843473350162578,0.9599984843750262,0,0,0.8831018518518519,0.3349514280819962,VAPA,GO_Biological_Process_2023
GO_Biological_Process_2023,Peptide Hormone Secretion (GO:0030072),1/25,0.6843473350162578,0.9599984843750262,0,0,0.8831018518518519,0.3349514280819962,CDK16,GO_Biological_Process_2023
GO_Biological_Process_2023,Positive Regulation Of NF-kappaB Transcription Factor Activity (GO:0051092),6/152,0.6860200110236666,0.9599984843750262,0,0,0.8702686155965409,0.3279594059306992,DDRGK1;RIPK4;IRAK3;TLR4;HSPA1B;HSPA1A,GO_Biological_Process_2023
GO_Biological_Process_2023,Icosanoid Metabolic Process (GO:0006690),2/52,0.6861877519228056,0.9599984843750262,0,0,0.8475639599555062,0.319195975755524,PTGIS;PTGR1,GO_Biological_Process_2023
GO_Biological_Process_2023,Negative Regulation Of Innate Immune Response (GO:0045824),2/52,0.6861877519228056,0.9599984843750262,0,0,0.8475639599555062,0.319195975755524,RPS19;IRAK3,GO_Biological_Process_2023
GO_Biological_Process_2023,Neurotransmitter Transport (GO:0006836),2/52,0.6861877519228056,0.9599984843750262,0,0,0.8475639599555062,0.319195975755524,SLC38A2;SLC18A2,GO_Biological_Process_2023
GO_Biological_Process_2023,Positive Regulation Of Telomere Maintenance (GO:0032206),2/52,0.6861877519228056,0.9599984843750262,0,0,0.8475639599555062,0.319195975755524,TFPT;MAPK1,GO_Biological_Process_2023
GO_Biological_Process_2023,Inorganic Cation Import Across Plasma Membrane (GO:0098659),4/103,0.6875482269889025,0.9599984843750262,0,0,0.8558269427834645,0.3206127165762297,KCNJ6;SLC12A5;SLC9A7;CACNA1D,GO_Biological_Process_2023
GO_Biological_Process_2023,Positive Regulation Of Cytokine Production (GO:0001819),13/320,0.688173478633556,0.9599984843750262,0,0,0.8961176159873229,0.3348919887752645,EGR1;DDX3X;IL1R1;PTGS2;CYRIB;S100A13;TLR7;DRD2;TLR4;TLR3;HSPA1B;IL12RB2;HSPA1A,GO_Biological_Process_2023
GO_Biological_Process_2023,Organonitrogen Compound Catabolic Process (GO:1901565),3/78,0.6886632854138125,0.9599984843750262,0,0,0.8473942093541202,0.3160804363816266,NAGK;HTRA2;LNPEP,GO_Biological_Process_2023
GO_Biological_Process_2023,Regulation Of TOR Signaling (GO:0032006),3/78,0.6886632854138125,0.9599984843750262,0,0,0.8473942093541202,0.3160804363816266,DDIT4;LAMTOR2;LAMTOR4,GO_Biological_Process_2023
GO_Biological_Process_2023,Chemical Synaptic Transmission (GO:0007268),11/273,0.6901340996404767,0.9599984843750262,0,0,0.8886139463075735,0.3295596793061278,GABRB2;GLRA1;GLRA3;SLC12A5;PTCHD1;KCNA1;MAPK1;APOE;DRD2;NPTX2;SLC18A2,GO_Biological_Process_2023
GO_Biological_Process_2023,Macroautophagy (GO:0016236),4/104,0.6948143673244426,0.9599984843750262,0,0,0.8472240802675586,0.3084832397924867,MAP1LC3A;UBQLN1;CALR;VHL,GO_Biological_Process_2023
GO_Biological_Process_2023,Positive Regulation Of Vasculature Development (GO:1904018),4/104,0.6948143673244426,0.9599984843750262,0,0,0.8472240802675586,0.3084832397924867,PTGIS;ITGB8;PLCG1;ANGPTL4,GO_Biological_Process_2023
GO_Biological_Process_2023,Actin Polymerization Or Depolymerization (GO:0008154),2/53,0.6962536675085664,0.9599984843750262,0,0,0.8309014373268774,0.3008205702671019,CFL1;COBL,GO_Biological_Process_2023
GO_Biological_Process_2023,Regulation Of Proteasomal Protein Catabolic Process (GO:0061136),2/53,0.6962536675085664,0.9599984843750262,0,0,0.8309014373268774,0.3008205702671019,DDRGK1;APOE,GO_Biological_Process_2023
GO_Biological_Process_2023,Endosome Organization (GO:0007032),2/53,0.6962536675085664,0.9599984843750262,0,0,0.8309014373268774,0.3008205702671019,PLEKHF1;PLEKHJ1,GO_Biological_Process_2023
GO_Biological_Process_2023,Spermatid Development (GO:0007286),2/53,0.6962536675085664,0.9599984843750262,0,0,0.8309014373268774,0.3008205702671019,MKKS;RSPH1,GO_Biological_Process_2023
GO_Biological_Process_2023,Tight Junction Assembly (GO:0120192),2/53,0.6962536675085664,0.9599984843750262,0,0,0.8309014373268774,0.3008205702671019,CLDN22;RAB13,GO_Biological_Process_2023
GO_Biological_Process_2023,Negative Regulation Of Cysteine-Type Endopeptidase Activity (GO:2000117),2/53,0.6962536675085664,0.9599984843750262,0,0,0.8309014373268774,0.3008205702671019,DDX3X;MT3,GO_Biological_Process_2023
GO_Biological_Process_2023,Cellular Response To UV (GO:0034644),3/79,0.6969392430615035,0.9599984843750262,0,0,0.8362003282147462,0.3019160163806175,CDKN1A;GDF1;COPS9,GO_Biological_Process_2023
GO_Biological_Process_2023,Fc Receptor Signaling Pathway (GO:0038093),1/26,0.6985852238557548,0.9599984843750262,0,0,0.8477333333333333,0.3040803342038978,PLCG1,GO_Biological_Process_2023
GO_Biological_Process_2023,Regulation Of Epidermal Growth Factor-Activated Receptor Activity (GO:0007176),1/26,0.6985852238557548,0.9599984843750262,0,0,0.8477333333333333,0.3040803342038978,SOCS5,GO_Biological_Process_2023
GO_Biological_Process_2023,L-amino Acid Transport (GO:0015807),1/26,0.6985852238557548,0.9599984843750262,0,0,0.8477333333333333,0.3040803342038978,SLC38A2,GO_Biological_Process_2023
GO_Biological_Process_2023,Regulation Of Myeloid Cell Differentiation (GO:0045637),1/26,0.6985852238557548,0.9599984843750262,0,0,0.8477333333333333,0.3040803342038978,ZBTB16,GO_Biological_Process_2023
GO_Biological_Process_2023,Regulation Of Nucleotide-Excision Repair (GO:2000819),1/26,0.6985852238557548,0.9599984843750262,0,0,0.8477333333333333,0.3040803342038978,DPF2,GO_Biological_Process_2023
GO_Biological_Process_2023,cAMP-mediated Signaling (GO:0019933),1/26,0.6985852238557548,0.9599984843750262,0,0,0.8477333333333333,0.3040803342038978,PDE3A,GO_Biological_Process_2023
GO_Biological_Process_2023,Regulation Of Vascular Endothelial Growth Factor Production (GO:0010574),1/26,0.6985852238557548,0.9599984843750262,0,0,0.8477333333333333,0.3040803342038978,PTGS2,GO_Biological_Process_2023
GO_Biological_Process_2023,Cellular Response To Xenobiotic Stimulus (GO:0071466),1/26,0.6985852238557548,0.9599984843750262,0,0,0.8477333333333333,0.3040803342038978,GDF1,GO_Biological_Process_2023
GO_Biological_Process_2023,Regulation Of Vasoconstriction (GO:0019229),1/26,0.6985852238557548,0.9599984843750262,0,0,0.8477333333333333,0.3040803342038978,BDKRB2,GO_Biological_Process_2023
GO_Biological_Process_2023,Response To Glucocorticoid (GO:0051384),1/26,0.6985852238557548,0.9599984843750262,0,0,0.8477333333333333,0.3040803342038978,CALCR,GO_Biological_Process_2023
GO_Biological_Process_2023,Spindle Assembly Checkpoint Signaling (GO:0071173),1/26,0.6985852238557548,0.9599984843750262,0,0,0.8477333333333333,0.3040803342038978,PLK1,GO_Biological_Process_2023
GO_Biological_Process_2023,Histone H3-K4 Methylation (GO:0051568),1/26,0.6985852238557548,0.9599984843750262,0,0,0.8477333333333333,0.3040803342038978,BOD1,GO_Biological_Process_2023
GO_Biological_Process_2023,Mitotic G1 DNA Damage Checkpoint Signaling (GO:0031571),1/26,0.6985852238557548,0.9599984843750262,0,0,0.8477333333333333,0.3040803342038978,CDKN1A,GO_Biological_Process_2023
GO_Biological_Process_2023,Mitotic Spindle Assembly Checkpoint Signaling (GO:0007094),1/26,0.6985852238557548,0.9599984843750262,0,0,0.8477333333333333,0.3040803342038978,PLK1,GO_Biological_Process_2023
GO_Biological_Process_2023,Mitotic Spindle Checkpoint Signaling (GO:0071174),1/26,0.6985852238557548,0.9599984843750262,0,0,0.8477333333333333,0.3040803342038978,PLK1,GO_Biological_Process_2023
GO_Biological_Process_2023,Negative Regulation Of Lipid Metabolic Process (GO:0045833),1/26,0.6985852238557548,0.9599984843750262,0,0,0.8477333333333333,0.3040803342038978,CIDEA,GO_Biological_Process_2023
GO_Biological_Process_2023,Nuclear Membrane Organization (GO:0071763),1/26,0.6985852238557548,0.9599984843750262,0,0,0.8477333333333333,0.3040803342038978,PLK1,GO_Biological_Process_2023
GO_Biological_Process_2023,Plasma Membrane Invagination (GO:0099024),1/26,0.6985852238557548,0.9599984843750262,0,0,0.8477333333333333,0.3040803342038978,GULP1,GO_Biological_Process_2023
GO_Biological_Process_2023,Positive Regulation Of Phosphatidylinositol 3-Kinase Activity (GO:0043552),1/26,0.6985852238557548,0.9599984843750262,0,0,0.8477333333333333,0.3040803342038978,P2RY12,GO_Biological_Process_2023
GO_Biological_Process_2023,Protein Export From Nucleus (GO:0006611),1/26,0.6985852238557548,0.9599984843750262,0,0,0.8477333333333333,0.3040803342038978,CALR,GO_Biological_Process_2023
GO_Biological_Process_2023,Protein Localization To Cell Surface (GO:0034394),1/26,0.6985852238557548,0.9599984843750262,0,0,0.8477333333333333,0.3040803342038978,FLNA,GO_Biological_Process_2023
GO_Biological_Process_2023,Regulation Of Actin Filament Bundle Assembly (GO:0032231),1/26,0.6985852238557548,0.9599984843750262,0,0,0.8477333333333333,0.3040803342038978,SHANK1,GO_Biological_Process_2023
GO_Biological_Process_2023,Regulation Of Cardiac Muscle Cell Contraction (GO:0086004),1/26,0.6985852238557548,0.9599984843750262,0,0,0.8477333333333333,0.3040803342038978,CTNNA3,GO_Biological_Process_2023
GO_Biological_Process_2023,Regulation Of Neuron Apoptotic Process (GO:0043523),4/105,0.7019590130842711,0.9603323394845076,0,0,0.8387915714648387,0.2968317815604482,EGR1;PLA2G3;APOE;MT3,GO_Biological_Process_2023
GO_Biological_Process_2023,Intrinsic Apoptotic Signaling Pathway (GO:0097193),4/105,0.7019590130842711,0.9603323394845076,0,0,0.8387915714648387,0.2968317815604482,CDKN1A;DDX3X;HTRA2;FNIP2,GO_Biological_Process_2023
GO_Biological_Process_2023,Positive Regulation Of Response To External Stimulus (GO:0032103),6/155,0.7039368395273014,0.9603323394845076,0,0,0.8526114506392711,0.2993234401254053,NFKBIA;P2RY12;TLR7;GPR4;TLR4;TLR3,GO_Biological_Process_2023
GO_Biological_Process_2023,Glycoprotein Biosynthetic Process (GO:0009101),3/80,0.7050474062956219,0.9603323394845076,0,0,0.8252971972348364,0.2884333117844819,SERP2;ST8SIA4;ST3GAL1,GO_Biological_Process_2023
GO_Biological_Process_2023,Regulation Of Focal Adhesion Assembly (GO:0051893),2/54,0.7060507684065503,0.9603323394845076,0,0,0.8148797809531959,0.2836336849129374,PTPRA;FYN,GO_Biological_Process_2023
GO_Biological_Process_2023,Regulation Of Lipid Metabolic Process (GO:0019216),2/54,0.7060507684065503,0.9603323394845076,0,0,0.8148797809531959,0.2836336849129374,EDF1;MACROH2A1,GO_Biological_Process_2023
GO_Biological_Process_2023,Apical Junction Assembly (GO:0043297),2/54,0.7060507684065503,0.9603323394845076,0,0,0.8148797809531959,0.2836336849129374,CLDN22;RAB13,GO_Biological_Process_2023
GO_Biological_Process_2023,Mesenchymal Cell Differentiation (GO:0048762),2/54,0.7060507684065503,0.9603323394845076,0,0,0.8148797809531959,0.2836336849129374,S100A4;HNRNPAB,GO_Biological_Process_2023
GO_Biological_Process_2023,Negative Regulation Of TOR Signaling (GO:0032007),2/54,0.7060507684065503,0.9603323394845076,0,0,0.8148797809531959,0.2836336849129374,SZT2;DDIT4,GO_Biological_Process_2023
GO_Biological_Process_2023,Negative Regulation Of Neuron Projection Development (GO:0010977),2/54,0.7060507684065503,0.9603323394845076,0,0,0.8148797809531959,0.2836336849129374,APOE;MT3,GO_Biological_Process_2023
GO_Biological_Process_2023,Negative Regulation Of Protein Ubiquitination (GO:0031397),2/54,0.7060507684065503,0.9603323394845076,0,0,0.8148797809531959,0.2836336849129374,HSPA1B;HSPA1A,GO_Biological_Process_2023
GO_Biological_Process_2023,Nucleosome Assembly (GO:0006334),2/54,0.7060507684065503,0.9603323394845076,0,0,0.8148797809531959,0.2836336849129374,H2BC21;MACROH2A1,GO_Biological_Process_2023
GO_Biological_Process_2023,Positive Regulation Of Leukocyte Chemotaxis (GO:0002690),2/54,0.7060507684065503,0.9603323394845076,0,0,0.8148797809531959,0.2836336849129374,MAPK1;CALR,GO_Biological_Process_2023
GO_Biological_Process_2023,Regulation Of Blood Vessel Endothelial Cell Migration (GO:0043535),2/54,0.7060507684065503,0.9603323394845076,0,0,0.8148797809531959,0.2836336849129374,APOE;PLCG1,GO_Biological_Process_2023
GO_Biological_Process_2023,GPI Anchor Metabolic Process (GO:0006505),1/27,0.7121815727347449,0.9603323394845076,0,0,0.81508547008547,0.2766582519496079,DPM3,GO_Biological_Process_2023
GO_Biological_Process_2023,Regulation Of Insulin Secretion Involved In Cellular Response To Glucose Stimulus (GO:0061178),1/27,0.7121815727347449,0.9603323394845076,0,0,0.81508547008547,0.2766582519496079,CDK16,GO_Biological_Process_2023
GO_Biological_Process_2023,Activation Of Phospholipase C Activity (GO:0007202),1/27,0.7121815727347449,0.9603323394845076,0,0,0.81508547008547,0.2766582519496079,P2RY12,GO_Biological_Process_2023
GO_Biological_Process_2023,Amino Acid Import Across Plasma Membrane (GO:0089718),1/27,0.7121815727347449,0.9603323394845076,0,0,0.81508547008547,0.2766582519496079,SLC38A2,GO_Biological_Process_2023
GO_Biological_Process_2023,Regulation Of Microtubule Polymerization Or Depolymerization (GO:0031110),1/27,0.7121815727347449,0.9603323394845076,0,0,0.81508547008547,0.2766582519496079,STMN1,GO_Biological_Process_2023
GO_Biological_Process_2023,Cardiac Muscle Cell Differentiation (GO:0055007),1/27,0.7121815727347449,0.9603323394845076,0,0,0.81508547008547,0.2766582519496079,CBY1,GO_Biological_Process_2023
GO_Biological_Process_2023,Cell Surface Receptor Signaling Pathway Involved In Cell-Cell Signaling (GO:1905114),1/27,0.7121815727347449,0.9603323394845076,0,0,0.81508547008547,0.2766582519496079,DDX3X,GO_Biological_Process_2023
GO_Biological_Process_2023,Cellular Response To Epidermal Growth Factor Stimulus (GO:0071364),1/27,0.7121815727347449,0.9603323394845076,0,0,0.81508547008547,0.2766582519496079,PLCG1,GO_Biological_Process_2023
GO_Biological_Process_2023,Respiratory Tube Development (GO:0030323),1/27,0.7121815727347449,0.9603323394845076,0,0,0.81508547008547,0.2766582519496079,NKX2-1,GO_Biological_Process_2023
GO_Biological_Process_2023,mRNA Modification (GO:0016556),1/27,0.7121815727347449,0.9603323394845076,0,0,0.81508547008547,0.2766582519496079,HNRNPAB,GO_Biological_Process_2023
GO_Biological_Process_2023,Microtubule Polymerization Or Depolymerization (GO:0031109),1/27,0.7121815727347449,0.9603323394845076,0,0,0.81508547008547,0.2766582519496079,STMN1,GO_Biological_Process_2023
GO_Biological_Process_2023,Monoubiquitinated Histone H2A Deubiquitination (GO:0035522),1/27,0.7121815727347449,0.9603323394845076,0,0,0.81508547008547,0.2766582519496079,TAF10,GO_Biological_Process_2023
GO_Biological_Process_2023,Monoubiquitinated Histone Deubiquitination (GO:0035521),1/27,0.7121815727347449,0.9603323394845076,0,0,0.81508547008547,0.2766582519496079,TAF10,GO_Biological_Process_2023
GO_Biological_Process_2023,Phospholipid Biosynthetic Process (GO:0008654),1/27,0.7121815727347449,0.9603323394845076,0,0,0.81508547008547,0.2766582519496079,VAPA,GO_Biological_Process_2023
GO_Biological_Process_2023,Positive Regulation Of Calcium Ion Transmembrane Transporter Activity (GO:1901021),1/27,0.7121815727347449,0.9603323394845076,0,0,0.81508547008547,0.2766582519496079,CASQ1,GO_Biological_Process_2023
GO_Biological_Process_2023,Positive Regulation Of Filopodium Assembly (GO:0051491),1/27,0.7121815727347449,0.9603323394845076,0,0,0.81508547008547,0.2766582519496079,MIEN1,GO_Biological_Process_2023
GO_Biological_Process_2023,Positive Regulation Of Immune System Process (GO:0002684),1/27,0.7121815727347449,0.9603323394845076,0,0,0.81508547008547,0.2766582519496079,RSAD2,GO_Biological_Process_2023
GO_Biological_Process_2023,Positive Regulation Of Mitotic Cell Cycle (GO:0045931),1/27,0.7121815727347449,0.9603323394845076,0,0,0.81508547008547,0.2766582519496079,EIF4EBP1,GO_Biological_Process_2023
GO_Biological_Process_2023,Positive Regulation Of Response To Wounding (GO:1903036),1/27,0.7121815727347449,0.9603323394845076,0,0,0.81508547008547,0.2766582519496079,HRAS,GO_Biological_Process_2023
GO_Biological_Process_2023,Protein Quality Control For Misfolded Or Incompletely Synthesized Proteins (GO:0006515),1/27,0.7121815727347449,0.9603323394845076,0,0,0.81508547008547,0.2766582519496079,KLHL15,GO_Biological_Process_2023
GO_Biological_Process_2023,Regulation Of Androgen Receptor Signaling Pathway (GO:0060765),1/27,0.7121815727347449,0.9603323394845076,0,0,0.81508547008547,0.2766582519496079,RNF6,GO_Biological_Process_2023
GO_Biological_Process_2023,Regulation Of Catecholamine Secretion (GO:0050433),1/27,0.7121815727347449,0.9603323394845076,0,0,0.81508547008547,0.2766582519496079,GRK2,GO_Biological_Process_2023
GO_Biological_Process_2023,Activation Of Protein Kinase Activity (GO:0032147),3/81,0.7129885798896057,0.960420100590109,0,0,0.81467363371595,0.2755958422705524,ADRA2C;MT3;TLR3,GO_Biological_Process_2023
GO_Biological_Process_2023,Spindle Assembly (GO:0051225),3/81,0.7129885798896057,0.960420100590109,0,0,0.81467363371595,0.2755958422705524,KIF3B;FLNA;KPNB1,GO_Biological_Process_2023
GO_Biological_Process_2023,Response To Peptide Hormone (GO:0043434),2/55,0.7155828163149954,0.9618182543544992,0,0,0.7994627153860684,0.2675465459263966,POMC;SLC2A1,GO_Biological_Process_2023
GO_Biological_Process_2023,Phosphatidylcholine Metabolic Process (GO:0046470),2/55,0.7155828163149954,0.9618182543544992,0,0,0.7994627153860684,0.2675465459263966,CHKA;PLA2G3,GO_Biological_Process_2023
GO_Biological_Process_2023,Positive Regulation Of Tyrosine Phosphorylation Of STAT Protein (GO:0042531),2/55,0.7155828163149954,0.9618182543544992,0,0,0.7994627153860684,0.2675465459263966,CTF1;PARP14,GO_Biological_Process_2023
GO_Biological_Process_2023,Purine Ribonucleotide Biosynthetic Process (GO:0009152),2/55,0.7155828163149954,0.9618182543544992,0,0,0.7994627153860684,0.2675465459263966,NPPC;ADCY9,GO_Biological_Process_2023
GO_Biological_Process_2023,Monoatomic Ion Transport (GO:0006811),4/107,0.7158840386794594,0.9618182543544992,0,0,0.8224177679644121,0.2748825151875176,GLRA1;SLC12A5;SLC9A7;SLC26A6,GO_Biological_Process_2023
GO_Biological_Process_2023,Lipid Transport (GO:0006869),4/108,0.7226647863293009,0.9632903295916686,0,0,0.8144670268416088,0.2645468778263767,FABP3;CHKA;VAPA;APOE,GO_Biological_Process_2023
GO_Biological_Process_2023,Cellular Response To Peptide (GO:1901653),2/56,0.7248537795587097,0.9632903295916686,0,0,0.784616652247353,0.2524781266686733,FYN;TLR4,GO_Biological_Process_2023
GO_Biological_Process_2023,Mitotic DNA Damage Checkpoint Signaling (GO:0044773),2/56,0.7248537795587097,0.9632903295916686,0,0,0.784616652247353,0.2524781266686733,CDKN1A;PLK1,GO_Biological_Process_2023
GO_Biological_Process_2023,Regulation Of Lipid Biosynthetic Process (GO:0046890),1/28,0.7251652577729478,0.9632903295916686,0,0,0.7848559670781893,0.2522179452503473,APOE,GO_Biological_Process_2023
GO_Biological_Process_2023,Regulation Of Monoatomic Ion Transport (GO:0043269),1/28,0.7251652577729478,0.9632903295916686,0,0,0.7848559670781893,0.2522179452503473,KCNJ6,GO_Biological_Process_2023
GO_Biological_Process_2023,Apoptotic Cell Clearance (GO:0043277),1/28,0.7251652577729478,0.9632903295916686,0,0,0.7848559670781893,0.2522179452503473,XKR8,GO_Biological_Process_2023
GO_Biological_Process_2023,Regulation Of Nitric-Oxide Synthase Activity (GO:0050999),1/28,0.7251652577729478,0.9632903295916686,0,0,0.7848559670781893,0.2522179452503473,APOE,GO_Biological_Process_2023
GO_Biological_Process_2023,Regulation Of Sodium Ion Transmembrane Transport (GO:1902305),1/28,0.7251652577729478,0.9632903295916686,0,0,0.7848559670781893,0.2522179452503473,SLMAP,GO_Biological_Process_2023
GO_Biological_Process_2023,Cellular Response To Osmotic Stress (GO:0071470),1/28,0.7251652577729478,0.9632903295916686,0,0,0.7848559670781893,0.2522179452503473,DDX3X,GO_Biological_Process_2023
GO_Biological_Process_2023,Sterol Biosynthetic Process (GO:0016126),1/28,0.7251652577729478,0.9632903295916686,0,0,0.7848559670781893,0.2522179452503473,TM7SF2,GO_Biological_Process_2023
GO_Biological_Process_2023,Glycosaminoglycan Metabolic Process (GO:0030203),1/28,0.7251652577729478,0.9632903295916686,0,0,0.7848559670781893,0.2522179452503473,HS3ST2,GO_Biological_Process_2023
GO_Biological_Process_2023,Vascular Endothelial Growth Factor Receptor Signaling Pathway (GO:0048010),1/28,0.7251652577729478,0.9632903295916686,0,0,0.7848559670781893,0.2522179452503473,FYN,GO_Biological_Process_2023
GO_Biological_Process_2023,Hematopoietic Progenitor Cell Differentiation (GO:0002244),1/28,0.7251652577729478,0.9632903295916686,0,0,0.7848559670781893,0.2522179452503473,INHBA,GO_Biological_Process_2023
GO_Biological_Process_2023,Negative Regulation Of Cation Channel Activity (GO:2001258),1/28,0.7251652577729478,0.9632903295916686,0,0,0.7848559670781893,0.2522179452503473,UBQLN1,GO_Biological_Process_2023
GO_Biological_Process_2023,Negative Regulation Of Mitotic Metaphase/Anaphase Transition (GO:0045841),1/28,0.7251652577729478,0.9632903295916686,0,0,0.7848559670781893,0.2522179452503473,PLK1,GO_Biological_Process_2023
GO_Biological_Process_2023,Negative Regulation Of Wound Healing (GO:0061045),1/28,0.7251652577729478,0.9632903295916686,0,0,0.7848559670781893,0.2522179452503473,APOE,GO_Biological_Process_2023
GO_Biological_Process_2023,"Nuclear-Transcribed mRNA Catabolic Process, Nonsense-Mediated Decay (GO:0000184)",1/28,0.7251652577729478,0.9632903295916686,0,0,0.7848559670781893,0.2522179452503473,PNRC1,GO_Biological_Process_2023
GO_Biological_Process_2023,Positive Regulation Of Protein Import Into Nucleus (GO:0042307),1/28,0.7251652577729478,0.9632903295916686,0,0,0.7848559670781893,0.2522179452503473,FLNA,GO_Biological_Process_2023
GO_Biological_Process_2023,Primary Neural Tube Formation (GO:0014020),1/28,0.7251652577729478,0.9632903295916686,0,0,0.7848559670781893,0.2522179452503473,COBL,GO_Biological_Process_2023
GO_Biological_Process_2023,Protein Depolymerization (GO:0051261),1/28,0.7251652577729478,0.9632903295916686,0,0,0.7848559670781893,0.2522179452503473,STMN1,GO_Biological_Process_2023
GO_Biological_Process_2023,Regulation Of Bone Resorption (GO:0045124),1/28,0.7251652577729478,0.9632903295916686,0,0,0.7848559670781893,0.2522179452503473,CARTPT,GO_Biological_Process_2023
GO_Biological_Process_2023,Regulation Of Cardiac Muscle Cell Action Potential (GO:0098901),1/28,0.7251652577729478,0.9632903295916686,0,0,0.7848559670781893,0.2522179452503473,CTNNA3,GO_Biological_Process_2023
GO_Biological_Process_2023,Positive Regulation Of Protein Phosphorylation (GO:0001934),15/377,0.7256788073695615,0.9634781703998948,0,0,0.8762923562351121,0.2809811952777602,CDKN1A;DDX3X;PLK1;GDF1;CARTPT;INHBA;MT3;MOB3B;CALCR;DDRGK1;MAPK1;HRAS;FGF23;FNIP2;FGF22,GO_Biological_Process_2023
GO_Biological_Process_2023,Positive Regulation Of Developmental Process (GO:0051094),9/233,0.7275378631434868,0.9636942090803218,0,0,0.8501911835361947,0.2704366637977547,FIS1;ZBTB16;CFL1;DPF2;COBL;APOE;LLPH;VHL;SHANK1,GO_Biological_Process_2023
GO_Biological_Process_2023,Vascular Transport (GO:0010232),3/83,0.7283739403303674,0.9636942090803218,0,0,0.7942232739420936,0.2517216870397685,SLC2A1;SLC5A3;SLC38A2,GO_Biological_Process_2023
GO_Biological_Process_2023,Cellular Response To Salt (GO:1902075),4/109,0.7293247654742236,0.9636942090803218,0,0,0.8066677284068589,0.2546134974941221,P2RY12;EGR1;FYN;HNRNPA1,GO_Biological_Process_2023
GO_Biological_Process_2023,Negative Regulation Of Cell Population Proliferation (GO:0008285),15/379,0.7329643691353324,0.9636942090803218,0,0,0.8713845409669337,0.2707027424739238,CDKN1A;NDRG4;WNT9A;INHBA;OPRM1;CBFA2T3;FABP3;ACVR1C;NUPR2;APOE;VHL;DRD2;HRAS;HSPA1B;HSPA1A,GO_Biological_Process_2023
GO_Biological_Process_2023,Membrane Lipid Biosynthetic Process (GO:0046467),2/57,0.7338678071673641,0.9636942090803218,0,0,0.7703104459500455,0.2383543618392379,GDF1;SGPP1,GO_Biological_Process_2023
GO_Biological_Process_2023,Monoatomic Anion Transport (GO:0006820),2/57,0.7338678071673641,0.9636942090803218,0,0,0.7703104459500455,0.2383543618392379,GLRA1;SLC26A6,GO_Biological_Process_2023
GO_Biological_Process_2023,Positive Regulation Of Interleukin-1 Beta Production (GO:0032731),2/57,0.7338678071673641,0.9636942090803218,0,0,0.7703104459500455,0.2383543618392379,EGR1;TLR4,GO_Biological_Process_2023
GO_Biological_Process_2023,Post-Transcriptional Regulation Of Gene Expression (GO:0010608),2/57,0.7338678071673641,0.9636942090803218,0,0,0.7703104459500455,0.2383543618392379,RBM3;NANOS1,GO_Biological_Process_2023
GO_Biological_Process_2023,Regulation Of Calcium Ion Transport (GO:0051924),2/57,0.7338678071673641,0.9636942090803218,0,0,0.7703104459500455,0.2383543618392379,CACNA1D;CASQ1,GO_Biological_Process_2023
GO_Biological_Process_2023,Positive Regulation Of Double-Strand Break Repair (GO:2000781),3/84,0.7358204687062478,0.9636942090803218,0,0,0.7843768044213478,0.2406225807832982,FUS;MGMT;DPF2,GO_Biological_Process_2023
GO_Biological_Process_2023,Purine Ribonucleotide Metabolic Process (GO:0009150),3/84,0.7358204687062478,0.9636942090803218,0,0,0.7843768044213478,0.2406225807832982,SULT1A1;HSPA1B;HSPA1A,GO_Biological_Process_2023
GO_Biological_Process_2023,Cellular Response To Cytokine Stimulus (GO:0071345),12/308,0.7369853722678577,0.9636942090803218,0,0,0.8574620739975071,0.261686479188175,NFKBIA;EGR1;NDUFA13;PTGIS;ZFAND6;HTRA2;IRAK3;IFIT1;TLR4;SLC26A6;IL12RB2;SOCS5,GO_Biological_Process_2023
GO_Biological_Process_2023,Regulation Of Developmental Growth (GO:0048638),1/29,0.7375638570196849,0.9636942090803218,0,0,0.7567857142857143,0.2303675456759671,APOE,GO_Biological_Process_2023
GO_Biological_Process_2023,JNK Cascade (GO:0007254),1/29,0.7375638570196849,0.9636942090803218,0,0,0.7567857142857143,0.2303675456759671,DUSP9,GO_Biological_Process_2023
GO_Biological_Process_2023,Regulation Of Monoatomic Ion Transmembrane Transport (GO:0034765),1/29,0.7375638570196849,0.9636942090803218,0,0,0.7567857142857143,0.2303675456759671,KCNJ6,GO_Biological_Process_2023
GO_Biological_Process_2023,Regulation Of Muscle Contraction (GO:0006937),1/29,0.7375638570196849,0.9636942090803218,0,0,0.7567857142857143,0.2303675456759671,KCNA1,GO_Biological_Process_2023
GO_Biological_Process_2023,Regulation Of Neuron Migration (GO:2001222),1/29,0.7375638570196849,0.9636942090803218,0,0,0.7567857142857143,0.2303675456759671,SEMA6A,GO_Biological_Process_2023
GO_Biological_Process_2023,Carbohydrate Derivative Biosynthetic Process (GO:1901137),1/29,0.7375638570196849,0.9636942090803218,0,0,0.7567857142857143,0.2303675456759671,GCK,GO_Biological_Process_2023
GO_Biological_Process_2023,Regulation Of Striated Muscle Contraction (GO:0006942),1/29,0.7375638570196849,0.9636942090803218,0,0,0.7567857142857143,0.2303675456759671,GRK2,GO_Biological_Process_2023
GO_Biological_Process_2023,Response To Alcohol (GO:0097305),1/29,0.7375638570196849,0.9636942090803218,0,0,0.7567857142857143,0.2303675456759671,GLRA1,GO_Biological_Process_2023
GO_Biological_Process_2023,Sarcomere Organization (GO:0045214),1/29,0.7375638570196849,0.9636942090803218,0,0,0.7567857142857143,0.2303675456759671,CASQ1,GO_Biological_Process_2023
GO_Biological_Process_2023,Establishment Of Mitotic Spindle Orientation (GO:0000132),1/29,0.7375638570196849,0.9636942090803218,0,0,0.7567857142857143,0.2303675456759671,PLK1,GO_Biological_Process_2023
GO_Biological_Process_2023,Tube Closure (GO:0060606),1/29,0.7375638570196849,0.9636942090803218,0,0,0.7567857142857143,0.2303675456759671,COBL,GO_Biological_Process_2023
GO_Biological_Process_2023,Heterotypic Cell-Cell Adhesion (GO:0034113),1/29,0.7375638570196849,0.9636942090803218,0,0,0.7567857142857143,0.2303675456759671,CTNNA3,GO_Biological_Process_2023
GO_Biological_Process_2023,Lipid Droplet Organization (GO:0034389),1/29,0.7375638570196849,0.9636942090803218,0,0,0.7567857142857143,0.2303675456759671,CIDEA,GO_Biological_Process_2023
GO_Biological_Process_2023,Maintenance Of Blood-Brain Barrier (GO:0035633),1/29,0.7375638570196849,0.9636942090803218,0,0,0.7567857142857143,0.2303675456759671,F11R,GO_Biological_Process_2023
GO_Biological_Process_2023,Multivesicular Body Assembly (GO:0036258),1/29,0.7375638570196849,0.9636942090803218,0,0,0.7567857142857143,0.2303675456759671,IST1,GO_Biological_Process_2023
GO_Biological_Process_2023,Negative Regulation Of Plasma Membrane Bounded Cell Projection Assembly (GO:0120033),1/29,0.7375638570196849,0.9636942090803218,0,0,0.7567857142857143,0.2303675456759671,UXT,GO_Biological_Process_2023
GO_Biological_Process_2023,Positive Regulation Of Calcium Ion Transport (GO:0051928),1/29,0.7375638570196849,0.9636942090803218,0,0,0.7567857142857143,0.2303675456759671,CACNA1D,GO_Biological_Process_2023
GO_Biological_Process_2023,Positive Regulation Of Neural Precursor Cell Proliferation (GO:2000179),1/29,0.7375638570196849,0.9636942090803218,0,0,0.7567857142857143,0.2303675456759671,DRD2,GO_Biological_Process_2023
GO_Biological_Process_2023,Protein K11-linked Ubiquitination (GO:0070979),1/29,0.7375638570196849,0.9636942090803218,0,0,0.7567857142857143,0.2303675456759671,ANAPC13,GO_Biological_Process_2023
GO_Biological_Process_2023,Double-Strand Break Repair Via Homologous Recombination (GO:0000724),4/111,0.7422841895892549,0.9636942090803218,0,0,0.7915064753748215,0.2358872168688051,SEM1;NSMCE4A;CDC45;SWI5,GO_Biological_Process_2023
GO_Biological_Process_2023,Mitotic Cell Cycle Phase Transition (GO:0044772),4/111,0.7422841895892549,0.9636942090803218,0,0,0.7915064753748215,0.2358872168688051,CDKN1A;DBF4;PLK1;EIF4EBP1,GO_Biological_Process_2023
GO_Biological_Process_2023,Regulation Of Phagocytosis (GO:0050764),2/58,0.7426292043719153,0.9636942090803218,0,0,0.7565151755919275,0.2251074534115685,CALR;MERTK,GO_Biological_Process_2023
GO_Biological_Process_2023,Renal System Development (GO:0072001),2/58,0.7426292043719153,0.9636942090803218,0,0,0.7565151755919275,0.2251074534115685,ARL3;C1GALT1,GO_Biological_Process_2023
GO_Biological_Process_2023,Inorganic Anion Transport (GO:0015698),2/58,0.7426292043719153,0.9636942090803218,0,0,0.7565151755919275,0.2251074534115685,GLRA1;SLC26A6,GO_Biological_Process_2023
GO_Biological_Process_2023,Positive Regulation Of Mitochondrion Organization (GO:0010822),2/58,0.7426292043719153,0.9636942090803218,0,0,0.7565151755919275,0.2251074534115685,FIS1;HTRA2,GO_Biological_Process_2023
GO_Biological_Process_2023,Regulation Of Bone Mineralization (GO:0030500),2/58,0.7426292043719153,0.9636942090803218,0,0,0.7565151755919275,0.2251074534115685,TENT5A;FGF23,GO_Biological_Process_2023
GO_Biological_Process_2023,Response To Interleukin-1 (GO:0070555),3/85,0.7431046708068831,0.9636942090803218,0,0,0.7747704926937911,0.2300435904733888,PTGIS;IL1R1;IRAK3,GO_Biological_Process_2023
GO_Biological_Process_2023,Defense Response To Gram-positive Bacterium (GO:0050830),3/85,0.7431046708068831,0.9636942090803218,0,0,0.7747704926937911,0.2300435904733888,H2BC21;ROMO1;FAU,GO_Biological_Process_2023
GO_Biological_Process_2023,Transport Across Blood-Brain Barrier (GO:0150104),3/85,0.7431046708068831,0.9636942090803218,0,0,0.7747704926937911,0.2300435904733888,SLC2A1;SLC5A3;SLC38A2,GO_Biological_Process_2023
GO_Biological_Process_2023,Positive Regulation Of Canonical Wnt Signaling Pathway (GO:0090263),3/85,0.7431046708068831,0.9636942090803218,0,0,0.7747704926937911,0.2300435904733888,PPM1B;DDX3X;LRRK1,GO_Biological_Process_2023
GO_Biological_Process_2023,Regulation Of Protein Serine/Threonine Kinase Activity (GO:0071900),4/112,0.7485847318711124,0.9636942090803218,0,0,0.7841364218175813,0.2270630731543071,CDKN1A;DDX3X;MACROH2A1;HRAS,GO_Biological_Process_2023
GO_Biological_Process_2023,Negative Regulation Of Defense Response (GO:0031348),4/112,0.7485847318711124,0.9636942090803218,0,0,0.7841364218175813,0.2270630731543071,PPM1B;PTGIS;IRAK3;APOE,GO_Biological_Process_2023
GO_Biological_Process_2023,DNA Geometric Change (GO:0032392),1/30,0.7494037080519473,0.9636942090803218,0,0,0.7306513409961686,0.2107764317493301,HMGB3,GO_Biological_Process_2023
GO_Biological_Process_2023,Regulation Of Dendritic Spine Morphogenesis (GO:0061001),1/30,0.7494037080519473,0.9636942090803218,0,0,0.7306513409961686,0.2107764317493301,CFL1,GO_Biological_Process_2023
GO_Biological_Process_2023,GPI Anchor Biosynthetic Process (GO:0006506),1/30,0.7494037080519473,0.9636942090803218,0,0,0.7306513409961686,0.2107764317493301,DPM3,GO_Biological_Process_2023
GO_Biological_Process_2023,Cytoplasmic Translational Initiation (GO:0002183),1/30,0.7494037080519473,0.9636942090803218,0,0,0.7306513409961686,0.2107764317493301,EIF3G,GO_Biological_Process_2023
GO_Biological_Process_2023,Embryonic Skeletal System Morphogenesis (GO:0048704),1/30,0.7494037080519473,0.9636942090803218,0,0,0.7306513409961686,0.2107764317493301,IRX5,GO_Biological_Process_2023
GO_Biological_Process_2023,Extrinsic Apoptotic Signaling Pathway Via Death Domain Receptors (GO:0008625),1/30,0.7494037080519473,0.9636942090803218,0,0,0.7306513409961686,0.2107764317493301,DDX3X,GO_Biological_Process_2023
GO_Biological_Process_2023,Innate Immune Response Activating Cell Surface Receptor Signaling Pathway (GO:0002220),1/30,0.7494037080519473,0.9636942090803218,0,0,0.7306513409961686,0.2107764317493301,FYN,GO_Biological_Process_2023
GO_Biological_Process_2023,Multivesicular Body Organization (GO:0036257),1/30,0.7494037080519473,0.9636942090803218,0,0,0.7306513409961686,0.2107764317493301,IST1,GO_Biological_Process_2023
GO_Biological_Process_2023,Negative Regulation Of Epithelial To Mesenchymal Transition (GO:0010719),1/30,0.7494037080519473,0.9636942090803218,0,0,0.7306513409961686,0.2107764317493301,NKX2-1,GO_Biological_Process_2023
GO_Biological_Process_2023,Negative Regulation Of Peptidyl-Tyrosine Phosphorylation (GO:0050732),1/30,0.7494037080519473,0.9636942090803218,0,0,0.7306513409961686,0.2107764317493301,PARP14,GO_Biological_Process_2023
GO_Biological_Process_2023,Phospholipid Dephosphorylation (GO:0046839),1/30,0.7494037080519473,0.9636942090803218,0,0,0.7306513409961686,0.2107764317493301,SGPP1,GO_Biological_Process_2023
GO_Biological_Process_2023,Positive Regulation Of Cell Communication (GO:0010647),1/30,0.7494037080519473,0.9636942090803218,0,0,0.7306513409961686,0.2107764317493301,CARTPT,GO_Biological_Process_2023
GO_Biological_Process_2023,Positive Regulation Of Interleukin-10 Production (GO:0032733),1/30,0.7494037080519473,0.9636942090803218,0,0,0.7306513409961686,0.2107764317493301,TLR4,GO_Biological_Process_2023
GO_Biological_Process_2023,Positive Regulation Of Lipid Kinase Activity (GO:0090218),1/30,0.7494037080519473,0.9636942090803218,0,0,0.7306513409961686,0.2107764317493301,P2RY12,GO_Biological_Process_2023
GO_Biological_Process_2023,Positive Regulation Of Phosphate Metabolic Process (GO:0045937),1/30,0.7494037080519473,0.9636942090803218,0,0,0.7306513409961686,0.2107764317493301,PTGES3,GO_Biological_Process_2023
GO_Biological_Process_2023,Regulation Of Cell Migration Involved In Sprouting Angiogenesis (GO:0090049),1/30,0.7494037080519473,0.9636942090803218,0,0,0.7306513409961686,0.2107764317493301,PTGS2,GO_Biological_Process_2023
GO_Biological_Process_2023,Cilium Movement (GO:0003341),2/59,0.7511424102644225,0.9636942090803218,0,0,0.7432039498077786,0.2126752554162091,TEKT4;SPA17,GO_Biological_Process_2023
GO_Biological_Process_2023,Glucose Metabolic Process (GO:0006006),2/59,0.7511424102644225,0.9636942090803218,0,0,0.7432039498077786,0.2126752554162091,HKDC1;GCK,GO_Biological_Process_2023
GO_Biological_Process_2023,Positive Regulation Of Protein Binding (GO:0032092),2/59,0.7511424102644225,0.9636942090803218,0,0,0.7432039498077786,0.2126752554162091,RPL11;APOE,GO_Biological_Process_2023
GO_Biological_Process_2023,protein-DNA Complex Assembly (GO:0065004),2/59,0.7511424102644225,0.9636942090803218,0,0,0.7432039498077786,0.2126752554162091,H2BC21;MACROH2A1,GO_Biological_Process_2023
GO_Biological_Process_2023,Regulation Of Protein Ubiquitination (GO:0031396),4/113,0.7547666913864743,0.9636942090803218,0,0,0.7769015986008407,0.2185786198205339,UBQLN1;HUWE1;HSPA1B;HSPA1A,GO_Biological_Process_2023
GO_Biological_Process_2023,Intracellular Calcium Ion Homeostasis (GO:0006874),5/139,0.7557938773354356,0.9636942090803218,0,0,0.7897871135394456,0.2211297999602581,YWHAE;SMDT1;SLC10A7;CALR;ATP2C2,GO_Biological_Process_2023
GO_Biological_Process_2023,Regulation Of Cell Migration (GO:0030334),17/434,0.757191330645107,0.9636942090803218,0,0,0.8615569083194983,0.2396328430922852,BEX4;HACE1;TNC;CYRIB;VSIR;MIEN1;DDRGK1;NKX2-1;FLNA;FYN;DRD2;SGK1;TMSB10;SRGAP1;HRAS;FGF23;FGF22,GO_Biological_Process_2023
GO_Biological_Process_2023,Regulation Of Cell Population Proliferation (GO:0042127),31/766,0.7579423814947251,0.9636942090803218,0,0,0.8902713269215732,0.2467368376677331,BEX4;CDKN1A;CTF1;COX17;DDRGK1;S100A13;ROMO1;VHL;DRD2;HRAS;FGF23;FGF22;IL12RB2;RPS9;JUND;EGR4;CEP131;WNT9A;INHBA;OPRM1;CBFA2T3;FOSL1;FABP3;NR4A3;PFDN1;NUPR2;CALR;SGK1;HSPA1B;HSPA1A;COPS9,GO_Biological_Process_2023
GO_Biological_Process_2023,Response To Light Stimulus (GO:0009416),2/60,0.7594119769984938,0.9636942090803218,0,0,0.73035173180929,0.2010007279573351,CIRBP;DRD2,GO_Biological_Process_2023
GO_Biological_Process_2023,Negative Regulation Of Peptidase Activity (GO:0010466),2/60,0.7594119769984938,0.9636942090803218,0,0,0.73035173180929,0.2010007279573351,CSTB;SERPINA9,GO_Biological_Process_2023
GO_Biological_Process_2023,protein-DNA Complex Organization (GO:0071824),2/60,0.7594119769984938,0.9636942090803218,0,0,0.73035173180929,0.2010007279573351,HIRIP3;CDAN1,GO_Biological_Process_2023
GO_Biological_Process_2023,Regulation Of Centrosome Duplication (GO:0010824),1/31,0.7607099644293381,0.9636942090803218,0,0,0.7062592592592593,0.1931641095508496,CEP131,GO_Biological_Process_2023
GO_Biological_Process_2023,Regulation Of Extrinsic Apoptotic Signaling Pathway Via Death Domain Receptors (GO:1902041),1/31,0.7607099644293381,0.9636942090803218,0,0,0.7062592592592593,0.1931641095508496,DDX3X,GO_Biological_Process_2023
GO_Biological_Process_2023,Actin Filament Polymerization (GO:0030041),1/31,0.7607099644293381,0.9636942090803218,0,0,0.7062592592592593,0.1931641095508496,COBL,GO_Biological_Process_2023
GO_Biological_Process_2023,Regulation Of Long-Term Synaptic Potentiation (GO:1900271),1/31,0.7607099644293381,0.9636942090803218,0,0,0.7062592592592593,0.1931641095508496,APOE,GO_Biological_Process_2023
GO_Biological_Process_2023,Regulation Of Macrophage Activation (GO:0043030),1/31,0.7607099644293381,0.9636942090803218,0,0,0.7062592592592593,0.1931641095508496,TLR4,GO_Biological_Process_2023
GO_Biological_Process_2023,Regulation Of Protein Autophosphorylation (GO:0031952),1/31,0.7607099644293381,0.9636942090803218,0,0,0.7062592592592593,0.1931641095508496,DDX3X,GO_Biological_Process_2023
GO_Biological_Process_2023,Central Nervous System Neuron Differentiation (GO:0021953),1/31,0.7607099644293381,0.9636942090803218,0,0,0.7062592592592593,0.1931641095508496,NPY,GO_Biological_Process_2023
GO_Biological_Process_2023,Glutamine Family Amino Acid Metabolic Process (GO:0009064),1/31,0.7607099644293381,0.9636942090803218,0,0,0.7062592592592593,0.1931641095508496,GLUD1,GO_Biological_Process_2023
GO_Biological_Process_2023,Leukocyte Cell-Cell Adhesion (GO:0007159),1/31,0.7607099644293381,0.9636942090803218,0,0,0.7062592592592593,0.1931641095508496,F11R,GO_Biological_Process_2023
GO_Biological_Process_2023,Modulation Of Excitatory Postsynaptic Potential (GO:0098815),1/31,0.7607099644293381,0.9636942090803218,0,0,0.7062592592592593,0.1931641095508496,SHANK1,GO_Biological_Process_2023
GO_Biological_Process_2023,Negative Chemotaxis (GO:0050919),1/31,0.7607099644293381,0.9636942090803218,0,0,0.7062592592592593,0.1931641095508496,SEMA6A,GO_Biological_Process_2023
GO_Biological_Process_2023,Negative Regulation Of Chemotaxis (GO:0050922),1/31,0.7607099644293381,0.9636942090803218,0,0,0.7062592592592593,0.1931641095508496,SEMA6A,GO_Biological_Process_2023
GO_Biological_Process_2023,Negative Regulation Of Intracellular Steroid Hormone Receptor Signaling Pathway (GO:0033144),1/31,0.7607099644293381,0.9636942090803218,0,0,0.7062592592592593,0.1931641095508496,CALR,GO_Biological_Process_2023
GO_Biological_Process_2023,Negative Regulation Of Microtubule Polymerization Or Depolymerization (GO:0031111),1/31,0.7607099644293381,0.9636942090803218,0,0,0.7062592592592593,0.1931641095508496,STMN1,GO_Biological_Process_2023
GO_Biological_Process_2023,Organic Cation Transport (GO:0015695),1/31,0.7607099644293381,0.9636942090803218,0,0,0.7062592592592593,0.1931641095508496,SLC19A3,GO_Biological_Process_2023
GO_Biological_Process_2023,Phospholipid Translocation (GO:0045332),1/31,0.7607099644293381,0.9636942090803218,0,0,0.7062592592592593,0.1931641095508496,ATP11C,GO_Biological_Process_2023
GO_Biological_Process_2023,Positive Regulation Of Glucose Transmembrane Transport (GO:0010828),1/31,0.7607099644293381,0.9636942090803218,0,0,0.7062592592592593,0.1931641095508496,NR4A3,GO_Biological_Process_2023
GO_Biological_Process_2023,Positive Regulation Of Mononuclear Cell Migration (GO:0071677),1/31,0.7607099644293381,0.9636942090803218,0,0,0.7062592592592593,0.1931641095508496,CALR,GO_Biological_Process_2023
GO_Biological_Process_2023,Positive Regulation Of Proteolysis Involved In Protein Catabolic Process (GO:1903052),1/31,0.7607099644293381,0.9636942090803218,0,0,0.7062592592592593,0.1931641095508496,DDRGK1,GO_Biological_Process_2023
GO_Biological_Process_2023,Regulation Of Cell Morphogenesis (GO:0022604),1/31,0.7607099644293381,0.9636942090803218,0,0,0.7062592592592593,0.1931641095508496,CFL1,GO_Biological_Process_2023
GO_Biological_Process_2023,Regulation Of Cytoskeleton Organization (GO:0051493),4/114,0.7608308085593579,0.9636942090803218,0,0,0.7697983176244045,0.2104199619641845,MAPK1;PFDN2;F11R;HRAS,GO_Biological_Process_2023
GO_Biological_Process_2023,Regulation Of Interleukin-6 Production (GO:0032675),4/114,0.7608308085593579,0.9636942090803218,0,0,0.7697983176244045,0.2104199619641845,IRAK3;TLR7;TLR4;TLR3,GO_Biological_Process_2023
GO_Biological_Process_2023,Regulation Of MAP Kinase Activity (GO:0043405),4/114,0.7608308085593579,0.9636942090803218,0,0,0.7697983176244045,0.2104199619641845,IRAK3;APOE;HRAS;TLR4,GO_Biological_Process_2023
GO_Biological_Process_2023,Negative Regulation Of Protein Kinase Activity (GO:0006469),3/88,0.7639986190761341,0.9662451601086264,0,0,0.7473077426961876,0.201167246130127,CDKN1A;CAMK2N2;MACROH2A1,GO_Biological_Process_2023
GO_Biological_Process_2023,DNA Repair (GO:0006281),11/291,0.7655039217313916,0.9662451601086264,0,0,0.8306942215088282,0.2219788913884535,SETX;FAM111A;RNASEH2C;POLQ;NSMCE4A;EYA1;NTHL1;MGMT;HUWE1;FANCE;MACROH2A1,GO_Biological_Process_2023
GO_Biological_Process_2023,Protein Localization To Membrane (GO:0072657),7/192,0.7669240346341447,0.9662451601086264,0,0,0.8005199830703187,0.212432006394561,PLEKHF1;ARL3;SLMAP;RAB13;FLNA;F11R;PRAM1,GO_Biological_Process_2023
GO_Biological_Process_2023,BMP Signaling Pathway (GO:0030509),2/61,0.7674425505402832,0.9662451601086264,0,0,0.7179351822175298,0.1900314515916202,GDF1;INHBA,GO_Biological_Process_2023
GO_Biological_Process_2023,Autophagosome Organization (GO:1905037),2/61,0.7674425505402832,0.9662451601086264,0,0,0.7179351822175298,0.1900314515916202,MAP1LC3A;UBQLN1,GO_Biological_Process_2023
GO_Biological_Process_2023,Regulation Of Pathway-Restricted SMAD Protein Phosphorylation (GO:0060393),2/61,0.7674425505402832,0.9662451601086264,0,0,0.7179351822175298,0.1900314515916202,GDF1;INHBA,GO_Biological_Process_2023
GO_Biological_Process_2023,Fatty Acid Catabolic Process (GO:0009062),2/61,0.7674425505402832,0.9662451601086264,0,0,0.7179351822175298,0.1900314515916202,NUDT8;ECHDC2,GO_Biological_Process_2023
GO_Biological_Process_2023,Negative Regulation Of Autophagy (GO:0010507),2/61,0.7674425505402832,0.9662451601086264,0,0,0.7179351822175298,0.1900314515916202,SNRNP70;VHL,GO_Biological_Process_2023
GO_Biological_Process_2023,ERAD Pathway (GO:0036503),3/89,0.7706493142485779,0.9662451601086264,0,0,0.7385792717667168,0.1924160413727467,UBQLN1;SEC61B;CALR,GO_Biological_Process_2023
GO_Biological_Process_2023,Regulation Of Vesicle-Mediated Transport (GO:0060627),3/89,0.7706493142485779,0.9662451601086264,0,0,0.7385792717667168,0.1924160413727467,RAB13;PLA2G3;MAPK1,GO_Biological_Process_2023
GO_Biological_Process_2023,Amide Transport (GO:0042886),1/32,0.7715066484657439,0.9662451601086264,0,0,0.6834408602150538,0.1772913864627847,VAPA,GO_Biological_Process_2023
GO_Biological_Process_2023,Regulation Of Transmembrane Transport (GO:0034762),1/32,0.7715066484657439,0.9662451601086264,0,0,0.6834408602150538,0.1772913864627847,KCNJ6,GO_Biological_Process_2023
GO_Biological_Process_2023,Chromosome Condensation (GO:0030261),1/32,0.7715066484657439,0.9662451601086264,0,0,0.6834408602150538,0.1772913864627847,PLK1,GO_Biological_Process_2023
GO_Biological_Process_2023,Respiratory System Development (GO:0060541),1/32,0.7715066484657439,0.9662451601086264,0,0,0.6834408602150538,0.1772913864627847,NKX2-1,GO_Biological_Process_2023
GO_Biological_Process_2023,Female Gamete Generation (GO:0007292),1/32,0.7715066484657439,0.9662451601086264,0,0,0.6834408602150538,0.1772913864627847,NANOS1,GO_Biological_Process_2023
GO_Biological_Process_2023,Vesicle Budding From Membrane (GO:0006900),1/32,0.7715066484657439,0.9662451601086264,0,0,0.6834408602150538,0.1772913864627847,VAPA,GO_Biological_Process_2023
GO_Biological_Process_2023,Histone Lysine Methylation (GO:0034968),1/32,0.7715066484657439,0.9662451601086264,0,0,0.6834408602150538,0.1772913864627847,BOD1,GO_Biological_Process_2023
GO_Biological_Process_2023,Intracellular pH Reduction (GO:0051452),1/32,0.7715066484657439,0.9662451601086264,0,0,0.6834408602150538,0.1772913864627847,SLC4A7,GO_Biological_Process_2023
GO_Biological_Process_2023,Mesenchymal Cell Migration (GO:0090497),1/32,0.7715066484657439,0.9662451601086264,0,0,0.6834408602150538,0.1772913864627847,SEMA6A,GO_Biological_Process_2023
GO_Biological_Process_2023,Negative Regulation Of Fat Cell Differentiation (GO:0045599),1/32,0.7715066484657439,0.9662451601086264,0,0,0.6834408602150538,0.1772913864627847,FOXO1,GO_Biological_Process_2023
GO_Biological_Process_2023,Negative Regulation Of Osteoblast Differentiation (GO:0045668),1/32,0.7715066484657439,0.9662451601086264,0,0,0.6834408602150538,0.1772913864627847,FGF23,GO_Biological_Process_2023
GO_Biological_Process_2023,Neural Tube Closure (GO:0001843),1/32,0.7715066484657439,0.9662451601086264,0,0,0.6834408602150538,0.1772913864627847,COBL,GO_Biological_Process_2023
GO_Biological_Process_2023,Protein Transmembrane Import Into Intracellular Organelle (GO:0044743),1/32,0.7715066484657439,0.9662451601086264,0,0,0.6834408602150538,0.1772913864627847,ROMO1,GO_Biological_Process_2023
GO_Biological_Process_2023,Chromatin Organization (GO:0006325),10/268,0.7718018505618537,0.9662451601086264,0,0,0.819608661985923,0.2123011270898767,COPRS;TFPT;CDAN1;HIRIP3;H2BC21;DPF2;BMI1;BAZ1B;NPM3;MACROH2A1,GO_Biological_Process_2023
GO_Biological_Process_2023,Double-Strand Break Repair (GO:0006302),6/168,0.7734221277505096,0.9669293283437536,0,0,0.7836540451065591,0.2013444604531112,SEM1;SETX;POLQ;NSMCE4A;EYA1;SWI5,GO_Biological_Process_2023
GO_Biological_Process_2023,Regulation Of Embryonic Development (GO:0045995),2/62,0.7752388532211935,0.9669293283437536,0,0,0.7059325176121617,0.1797191942385361,TFPT;CFL1,GO_Biological_Process_2023
GO_Biological_Process_2023,Glycerophospholipid Metabolic Process (GO:0006650),2/62,0.7752388532211935,0.9669293283437536,0,0,0.7059325176121617,0.1797191942385361,PLA2G3;PLCG1,GO_Biological_Process_2023
GO_Biological_Process_2023,Protein-Containing Complex Disassembly (GO:0032984),2/62,0.7752388532211935,0.9669293283437536,0,0,0.7059325176121617,0.1797191942385361,MAP1LC3A;UBQLN1,GO_Biological_Process_2023
GO_Biological_Process_2023,Brain Development (GO:0007420),6/169,0.7782205438310094,0.9669293283437536,0,0,0.7788052232923193,0.1952817646315627,SLC23A2;NDRG4;MKKS;DDIT4;NKX2-1;AFF2,GO_Biological_Process_2023
GO_Biological_Process_2023,Protein Maturation (GO:0051604),4/117,0.778324521597321,0.9669293283437536,0,0,0.7492428054182575,0.1877690273390084,LIPT2;CCS;F12;BOLA2,GO_Biological_Process_2023
GO_Biological_Process_2023,Protein Processing (GO:0016485),4/117,0.778324521597321,0.9669293283437536,0,0,0.7492428054182575,0.1877690273390084,FAM111A;F12;HTRA2;VSIR,GO_Biological_Process_2023
GO_Biological_Process_2023,Actin Filament Bundle Assembly (GO:0051017),1/33,0.7818167022553222,0.9669293283437536,0,0,0.6620486111111111,0.1629533097411785,PAWR,GO_Biological_Process_2023
GO_Biological_Process_2023,Cardiac Muscle Contraction (GO:0060048),1/33,0.7818167022553222,0.9669293283437536,0,0,0.6620486111111111,0.1629533097411785,GRK2,GO_Biological_Process_2023
GO_Biological_Process_2023,Vasculogenesis (GO:0001570),1/33,0.7818167022553222,0.9669293283437536,0,0,0.6620486111111111,0.1629533097411785,ITGB8,GO_Biological_Process_2023
GO_Biological_Process_2023,Inositol Lipid-Mediated Signaling (GO:0048017),1/33,0.7818167022553222,0.9669293283437536,0,0,0.6620486111111111,0.1629533097411785,PLCG1,GO_Biological_Process_2023
GO_Biological_Process_2023,Lung Development (GO:0030324),1/33,0.7818167022553222,0.9669293283437536,0,0,0.6620486111111111,0.1629533097411785,NKX2-1,GO_Biological_Process_2023
GO_Biological_Process_2023,Monoubiquitinated Protein Deubiquitination (GO:0035520),1/33,0.7818167022553222,0.9669293283437536,0,0,0.6620486111111111,0.1629533097411785,TAF10,GO_Biological_Process_2023
GO_Biological_Process_2023,ncRNA Catabolic Process (GO:0034661),1/33,0.7818167022553222,0.9669293283437536,0,0,0.6620486111111111,0.1629533097411785,TRIR,GO_Biological_Process_2023
GO_Biological_Process_2023,Negative Regulation Of Blood Vessel Endothelial Cell Migration (GO:0043537),1/33,0.7818167022553222,0.9669293283437536,0,0,0.6620486111111111,0.1629533097411785,APOE,GO_Biological_Process_2023
GO_Biological_Process_2023,Negative Regulation Of Epithelial Cell Migration (GO:0010633),1/33,0.7818167022553222,0.9669293283437536,0,0,0.6620486111111111,0.1629533097411785,APOE,GO_Biological_Process_2023
GO_Biological_Process_2023,Phosphatidic Acid Metabolic Process (GO:0046473),1/33,0.7818167022553222,0.9669293283437536,0,0,0.6620486111111111,0.1629533097411785,PLA2G3,GO_Biological_Process_2023
GO_Biological_Process_2023,Positive Regulation Of DNA Binding (GO:0043388),1/33,0.7818167022553222,0.9669293283437536,0,0,0.6620486111111111,0.1629533097411785,EDF1,GO_Biological_Process_2023
GO_Biological_Process_2023,Positive Regulation Of T Cell Mediated Cytotoxicity (GO:0001916),1/33,0.7818167022553222,0.9669293283437536,0,0,0.6620486111111111,0.1629533097411785,CYRIB,GO_Biological_Process_2023
GO_Biological_Process_2023,Positive Regulation Of Ion Transmembrane Transporter Activity (GO:0032414),1/33,0.7818167022553222,0.9669293283437536,0,0,0.6620486111111111,0.1629533097411785,COX17,GO_Biological_Process_2023
GO_Biological_Process_2023,Positive Regulation Of Small Molecule Metabolic Process (GO:0062013),1/33,0.7818167022553222,0.9669293283437536,0,0,0.6620486111111111,0.1629533097411785,APOE,GO_Biological_Process_2023
GO_Biological_Process_2023,Regulation Of G0 To G1 Transition (GO:0070316),1/33,0.7818167022553222,0.9669293283437536,0,0,0.6620486111111111,0.1629533097411785,DPF2,GO_Biological_Process_2023
GO_Biological_Process_2023,Regulation Of Activated T Cell Proliferation (GO:0046006),1/33,0.7818167022553222,0.9669293283437536,0,0,0.6620486111111111,0.1629533097411785,IGFBP2,GO_Biological_Process_2023
GO_Biological_Process_2023,Regulation Of Amyloid-Beta Formation (GO:1902003),1/33,0.7818167022553222,0.9669293283437536,0,0,0.6620486111111111,0.1629533097411785,APOE,GO_Biological_Process_2023
GO_Biological_Process_2023,Telomere Organization (GO:0032200),2/63,0.7828056671334522,0.9669293283437536,0,0,0.6943233829938548,0.1700195249733986,TFPT;PTGES3,GO_Biological_Process_2023
GO_Biological_Process_2023,Phosphatidylinositol Metabolic Process (GO:0046488),2/63,0.7828056671334522,0.9669293283437536,0,0,0.6943233829938548,0.1700195249733986,PLA2G3;PLCG1,GO_Biological_Process_2023
GO_Biological_Process_2023,Positive Regulation Of Mitotic Cell Cycle Phase Transition (GO:1901992),2/63,0.7828056671334522,0.9669293283437536,0,0,0.6943233829938548,0.1700195249733986,ANKRD17;DDX3X,GO_Biological_Process_2023
GO_Biological_Process_2023,Protein Polymerization (GO:0051258),2/63,0.7828056671334522,0.9669293283437536,0,0,0.6943233829938548,0.1700195249733986,COBL;CASQ1,GO_Biological_Process_2023
GO_Biological_Process_2023,Regulation Of Epithelial Cell Proliferation (GO:0050678),3/91,0.7834907610333228,0.9673140583286948,0,0,0.7217174529256934,0.1760961782638041,NR4A3;NME2;HRAS,GO_Biological_Process_2023
GO_Biological_Process_2023,Regulation Of Protein Binding (GO:0043393),4/118,0.783925993836152,0.96739008486263,0,0,0.7426313833636488,0.1807866731406279,CDKN1A;PLK1;RPL11;IFIT1,GO_Biological_Process_2023
GO_Biological_Process_2023,Positive Regulation Of Angiogenesis (GO:0045766),4/119,0.7894142814841515,0.9689243314157894,0,0,0.7361349425621637,0.174069430981852,PTGIS;ITGB8;PLCG1;ANGPTL4,GO_Biological_Process_2023
GO_Biological_Process_2023,Positive Regulation Of Macroautophagy (GO:0016239),2/64,0.7901478195480274,0.9689243314157894,0,0,0.6830887365890416,0.1608914679240144,GDF1;SLC25A4,GO_Biological_Process_2023
GO_Biological_Process_2023,Apoptotic Mitochondrial Changes (GO:0008637),1/34,0.7916620357493415,0.9689243314157894,0,0,0.6419528619528619,0.1499734774761227,FIS1,GO_Biological_Process_2023
GO_Biological_Process_2023,Regulation Of Phosphatidylinositol 3-Kinase Activity (GO:0043551),1/34,0.7916620357493415,0.9689243314157894,0,0,0.6419528619528619,0.1499734774761227,P2RY12,GO_Biological_Process_2023
GO_Biological_Process_2023,Cellular Response To Vascular Endothelial Growth Factor Stimulus (GO:0035924),1/34,0.7916620357493415,0.9689243314157894,0,0,0.6419528619528619,0.1499734774761227,SEMA6A,GO_Biological_Process_2023
GO_Biological_Process_2023,Embryonic Skeletal System Development (GO:0048706),1/34,0.7916620357493415,0.9689243314157894,0,0,0.6419528619528619,0.1499734774761227,WNT9A,GO_Biological_Process_2023
GO_Biological_Process_2023,Sister Chromatid Segregation (GO:0000819),1/34,0.7916620357493415,0.9689243314157894,0,0,0.6419528619528619,0.1499734774761227,PLK1,GO_Biological_Process_2023
GO_Biological_Process_2023,Smoothened Signaling Pathway (GO:0007224),1/34,0.7916620357493415,0.9689243314157894,0,0,0.6419528619528619,0.1499734774761227,PTCHD1,GO_Biological_Process_2023
GO_Biological_Process_2023,Transcription Initiation-Coupled Chromatin Remodeling (GO:0045815),1/34,0.7916620357493415,0.9689243314157894,0,0,0.6419528619528619,0.1499734774761227,MACROH2A1,GO_Biological_Process_2023
GO_Biological_Process_2023,Histone Deubiquitination (GO:0016578),1/34,0.7916620357493415,0.9689243314157894,0,0,0.6419528619528619,0.1499734774761227,TAF10,GO_Biological_Process_2023
GO_Biological_Process_2023,Negative Regulation Of Ras Protein Signal Transduction (GO:0046580),1/34,0.7916620357493415,0.9689243314157894,0,0,0.6419528619528619,0.1499734774761227,STMN1,GO_Biological_Process_2023
GO_Biological_Process_2023,Negative Regulation Of Cell Cycle Process (GO:0010948),1/34,0.7916620357493415,0.9689243314157894,0,0,0.6419528619528619,0.1499734774761227,BAZ1B,GO_Biological_Process_2023
GO_Biological_Process_2023,Organophosphate Biosynthetic Process (GO:0090407),1/34,0.7916620357493415,0.9689243314157894,0,0,0.6419528619528619,0.1499734774761227,GCK,GO_Biological_Process_2023
GO_Biological_Process_2023,Positive Regulation Of Transcription By RNA Polymerase I (GO:0045943),1/34,0.7916620357493415,0.9689243314157894,0,0,0.6419528619528619,0.1499734774761227,BAZ1B,GO_Biological_Process_2023
GO_Biological_Process_2023,Regulation Of DNA Biosynthetic Process (GO:2000278),1/34,0.7916620357493415,0.9689243314157894,0,0,0.6419528619528619,0.1499734774761227,CDKN1A,GO_Biological_Process_2023
GO_Biological_Process_2023,Regulation Of T Cell Receptor Signaling Pathway (GO:0050856),1/34,0.7916620357493415,0.9689243314157894,0,0,0.6419528619528619,0.1499734774761227,PHPT1,GO_Biological_Process_2023
GO_Biological_Process_2023,Regulation Of Blood Circulation (GO:1903522),1/34,0.7916620357493415,0.9689243314157894,0,0,0.6419528619528619,0.1499734774761227,BDKRB2,GO_Biological_Process_2023
GO_Biological_Process_2023,Generation Of Neurons (GO:0048699),6/172,0.7921561612126927,0.9689243314157894,0,0,0.7646092750891835,0.1781514633890598,CTF1;IRX5;DDIT4;EN2;INSM2;WNT9A,GO_Biological_Process_2023
GO_Biological_Process_2023,Regulation Of Cold-Induced Thermogenesis (GO:0120161),5/146,0.7922799573608443,0.9689243314157894,0,0,0.7503007852077,0.1747003860520865,CNKSR2;CIDEA;LNPEP;TLR4;GADD45G,GO_Biological_Process_2023
GO_Biological_Process_2023,Dephosphorylation (GO:0016311),5/147,0.7971271312769004,0.9728245170038092,0,0,0.7449776785714286,0.1689170587956329,NT5C;PPM1B;PTPRA;PHPT1;SGPP1,GO_Biological_Process_2023
GO_Biological_Process_2023,Autophagosome Assembly (GO:0000045),2/65,0.7972701689412677,0.9728245170038092,0,0,0.6722107456256511,0.152297192665477,MAP1LC3A;UBQLN1,GO_Biological_Process_2023
GO_Biological_Process_2023,Regulation Of Tyrosine Phosphorylation Of STAT Protein (GO:0042509),2/65,0.7972701689412677,0.9728245170038092,0,0,0.6722107456256511,0.152297192665477,CTF1;PARP14,GO_Biological_Process_2023
GO_Biological_Process_2023,Regulation Of Cell-Matrix Adhesion (GO:0001952),2/65,0.7972701689412677,0.9728245170038092,0,0,0.6722107456256511,0.152297192665477,PTPRA;FYN,GO_Biological_Process_2023
GO_Biological_Process_2023,Plasma Membrane Bounded Cell Projection Assembly (GO:0120031),10/275,0.7979114681325745,0.9728245170038092,0,0,0.7976621561527222,0.1800783178153164,P2RY12;RAP1B;FMNL3;MKKS;KIF3B;ARL3;CEP131;PLA2G3;FLNA;TEKT4,GO_Biological_Process_2023
GO_Biological_Process_2023,Positive Regulation Of Protein Modification Process (GO:0031401),8/225,0.7995516949804083,0.9728245170038092,0,0,0.7795191479040773,0.1743816213551756,EGR1;CDKN1A;DDX3X;HRAS;FGF23;MT3;MOB3B;FGF22,GO_Biological_Process_2023
GO_Biological_Process_2023,Regulation Of Cellular Senescence (GO:2000772),1/35,0.8010635739531571,0.9728245170038092,0,0,0.6230392156862745,0.1381994229625559,RBL1,GO_Biological_Process_2023
GO_Biological_Process_2023,Dendrite Morphogenesis (GO:0048813),1/35,0.8010635739531571,0.9728245170038092,0,0,0.6230392156862745,0.1381994229625559,SHANK1,GO_Biological_Process_2023
GO_Biological_Process_2023,Establishment Of Spindle Orientation (GO:0051294),1/35,0.8010635739531571,0.9728245170038092,0,0,0.6230392156862745,0.1381994229625559,PLK1,GO_Biological_Process_2023
GO_Biological_Process_2023,Intrinsic Apoptotic Signaling Pathway By P53 Class Mediator (GO:0072332),1/35,0.8010635739531571,0.9728245170038092,0,0,0.6230392156862745,0.1381994229625559,DDIT4,GO_Biological_Process_2023
GO_Biological_Process_2023,Liver Development (GO:0001889),1/35,0.8010635739531571,0.9728245170038092,0,0,0.6230392156862745,0.1381994229625559,COBL,GO_Biological_Process_2023
GO_Biological_Process_2023,Neutral Amino Acid Transport (GO:0015804),1/35,0.8010635739531571,0.9728245170038092,0,0,0.6230392156862745,0.1381994229625559,SLC38A2,GO_Biological_Process_2023
GO_Biological_Process_2023,Protein Methylation (GO:0006479),1/35,0.8010635739531571,0.9728245170038092,0,0,0.6230392156862745,0.1381994229625559,SNRPD3,GO_Biological_Process_2023
GO_Biological_Process_2023,"Retrograde Transport, Endosome To Golgi (GO:0042147)",3/94,0.8016329688859367,0.9728245170038092,0,0,0.697814435008199,0.1542898563720084,TMED9;VPS26B;PLEKHJ1,GO_Biological_Process_2023
GO_Biological_Process_2023,Cellular Response To BMP Stimulus (GO:0071773),2/66,0.8041775923134163,0.9728245170038092,0,0,0.6616726918798665,0.1442017361865155,GDF1;INHBA,GO_Biological_Process_2023
GO_Biological_Process_2023,Cellular Response To Type II Interferon (GO:0071346),2/66,0.8041775923134163,0.9728245170038092,0,0,0.6616726918798665,0.1442017361865155,TLR4;SLC26A6,GO_Biological_Process_2023
GO_Biological_Process_2023,Negative Regulation Of Endopeptidase Activity (GO:0010951),2/66,0.8041775923134163,0.9728245170038092,0,0,0.6616726918798665,0.1442017361865155,SERPINA9;MT3,GO_Biological_Process_2023
GO_Biological_Process_2023,Organic Substance Transport (GO:0071702),7/201,0.8058280289498343,0.9728245170038092,0,0,0.7630192116976867,0.1647243436325456,SLC23A2;CALCRL;CHKA;ARRDC2;CACNA1D;FYN;SLC18A2,GO_Biological_Process_2023
GO_Biological_Process_2023,Skeletal System Development (GO:0001501),5/149,0.8065543441993558,0.9728245170038092,0,0,0.7345532614087301,0.1579171990285068,SLC10A7;DDRGK1;ZBTB16;RFLNB;ITGB8,GO_Biological_Process_2023
GO_Biological_Process_2023,T Cell Receptor Signaling Pathway (GO:0050852),3/95,0.8073900951602426,0.9728245170038092,0,0,0.690193182918563,0.1476656845314886,FYN;PLCG1;PRAM1,GO_Biological_Process_2023
GO_Biological_Process_2023,Positive Regulation Of Epithelial Cell Migration (GO:0010634),3/95,0.8073900951602426,0.9728245170038092,0,0,0.690193182918563,0.1476656845314886,DOCK5;PLCG1;CALR,GO_Biological_Process_2023
GO_Biological_Process_2023,Recombinational Repair (GO:0000725),3/95,0.8073900951602426,0.9728245170038092,0,0,0.690193182918563,0.1476656845314886,SEM1;NSMCE4A;SWI5,GO_Biological_Process_2023
GO_Biological_Process_2023,Protein-Containing Complex Assembly (GO:0065003),12/328,0.8082620939092556,0.9728245170038092,0,0,0.8023379988893793,0.1707928067773861,MKKS;PTGES3;SLC2A1;RPL38;TBCA;CASQ1;KPNA3;COX7A1;HIGD1B;PFDN6;HSPA1A;SHANK1,GO_Biological_Process_2023
GO_Biological_Process_2023,Regulation Of Translation (GO:0006417),7/202,0.8098257587250223,0.9728245170038092,0,0,0.7590661389319108,0.1601145019527106,NANOS1;RBM3;DDX3X;CIRBP;PRR16;CALR;PAIP2,GO_Biological_Process_2023
GO_Biological_Process_2023,COPII-coated Vesicle Budding (GO:0090114),1/36,0.8100413002178746,0.9728245170038092,0,0,0.6052063492063492,0.1274988486352991,VAPA,GO_Biological_Process_2023
GO_Biological_Process_2023,"DNA Damage Response, Signal Transduction By P53 Class Mediator (GO:0030330)",1/36,0.8100413002178746,0.9728245170038092,0,0,0.6052063492063492,0.1274988486352991,CDKN1A,GO_Biological_Process_2023
GO_Biological_Process_2023,Regulation Of Intracellular Protein Transport (GO:0033157),1/36,0.8100413002178746,0.9728245170038092,0,0,0.6052063492063492,0.1274988486352991,CEP131,GO_Biological_Process_2023
GO_Biological_Process_2023,Blood Vessel Diameter Maintenance (GO:0097746),1/36,0.8100413002178746,0.9728245170038092,0,0,0.6052063492063492,0.1274988486352991,BDKRB2,GO_Biological_Process_2023
GO_Biological_Process_2023,Histone H3 Acetylation (GO:0043966),1/36,0.8100413002178746,0.9728245170038092,0,0,0.6052063492063492,0.1274988486352991,TAF10,GO_Biological_Process_2023
GO_Biological_Process_2023,Interstrand Cross-Link Repair (GO:0036297),1/36,0.8100413002178746,0.9728245170038092,0,0,0.6052063492063492,0.1274988486352991,FANCE,GO_Biological_Process_2023
GO_Biological_Process_2023,Negative Regulation Of Organelle Assembly (GO:1902116),1/36,0.8100413002178746,0.9728245170038092,0,0,0.6052063492063492,0.1274988486352991,STYXL1,GO_Biological_Process_2023
GO_Biological_Process_2023,Negative Regulation Of Protein Kinase B Signaling (GO:0051898),1/36,0.8100413002178746,0.9728245170038092,0,0,0.6052063492063492,0.1274988486352991,DRD2,GO_Biological_Process_2023
GO_Biological_Process_2023,Neural Crest Cell Migration (GO:0001755),1/36,0.8100413002178746,0.9728245170038092,0,0,0.6052063492063492,0.1274988486352991,SEMA6A,GO_Biological_Process_2023
GO_Biological_Process_2023,Positive Regulation Of Double-Strand Break Repair Via Homologous Recombination (GO:1905168),1/36,0.8100413002178746,0.9728245170038092,0,0,0.6052063492063492,0.1274988486352991,FUS,GO_Biological_Process_2023
GO_Biological_Process_2023,Positive Regulation Of Signaling Receptor Activity (GO:2000273),1/36,0.8100413002178746,0.9728245170038092,0,0,0.6052063492063492,0.1274988486352991,ADRA2C,GO_Biological_Process_2023
GO_Biological_Process_2023,Protein Destabilization (GO:0031648),1/36,0.8100413002178746,0.9728245170038092,0,0,0.6052063492063492,0.1274988486352991,PLK1,GO_Biological_Process_2023
GO_Biological_Process_2023,Regulation Of T Cell Mediated Cytotoxicity (GO:0001914),1/36,0.8100413002178746,0.9728245170038092,0,0,0.6052063492063492,0.1274988486352991,CYRIB,GO_Biological_Process_2023
GO_Biological_Process_2023,Modulation Of Chemical Synaptic Transmission (GO:0050804),4/123,0.8102581732941887,0.9728245170038092,0,0,0.711241018146389,0.1496467813769887,TPRG1L;DRD2;NPTX2;DGKI,GO_Biological_Process_2023
GO_Biological_Process_2023,Activation Of Cysteine-Type Endopeptidase Activity Involved In Apoptotic Process (GO:0006919),2/67,0.8108749740031751,0.9728245170038092,0,0,0.6514588859416446,0.1365727525714655,BEX3;HSPE1,GO_Biological_Process_2023
GO_Biological_Process_2023,Cholesterol Metabolic Process (GO:0008203),2/67,0.8108749740031751,0.9728245170038092,0,0,0.6514588859416446,0.1365727525714655,APOE;TM7SF2,GO_Biological_Process_2023
GO_Biological_Process_2023,Protein Secretion (GO:0009306),2/67,0.8108749740031751,0.9728245170038092,0,0,0.6514588859416446,0.1365727525714655,ARL4D;RAB13,GO_Biological_Process_2023
GO_Biological_Process_2023,Cellular Response To Lipopolysaccharide (GO:0071222),4/124,0.8151978481358025,0.976228660050739,0,0,0.7052768487551097,0.144105294877172,UXT;PABPN1;NFKBIL1;TLR4,GO_Biological_Process_2023
GO_Biological_Process_2023,Neuron Projection Guidance (GO:0097485),4/124,0.8151978481358025,0.976228660050739,0,0,0.7052768487551097,0.144105294877172,EPHA6;SEMA6A;EPHA10;FYN,GO_Biological_Process_2023
GO_Biological_Process_2023,Regulation Of DNA Metabolic Process (GO:0051052),4/124,0.8151978481358025,0.976228660050739,0,0,0.7052768487551097,0.144105294877172,ANKRD17;TFPT;NSMCE4A;TAF10,GO_Biological_Process_2023
GO_Biological_Process_2023,Telomere Maintenance (GO:0000723),2/68,0.8173671947452675,0.976228660050739,0,0,0.6415545892742778,0.1293802881939626,TFPT;PTGES3,GO_Biological_Process_2023
GO_Biological_Process_2023,Negative Regulation Of Cytokine Production (GO:0001818),6/178,0.8179998501072464,0.976228660050739,0,0,0.7377030011692868,0.1481994616859096,ANXA4;CIDEA;IRAK3;INHBA;TLR4;VSIR,GO_Biological_Process_2023
GO_Biological_Process_2023,Regulation Of p38MAPK Cascade (GO:1900744),1/37,0.8186142993318479,0.976228660050739,0,0,0.5883641975308642,0.1177565325736887,GADD45G,GO_Biological_Process_2023
GO_Biological_Process_2023,Calcium Ion Import Across Plasma Membrane (GO:0098703),1/37,0.8186142993318479,0.976228660050739,0,0,0.5883641975308642,0.1177565325736887,CACNA1D,GO_Biological_Process_2023
GO_Biological_Process_2023,Regulation Of Sodium Ion Transmembrane Transporter Activity (GO:2000649),1/37,0.8186142993318479,0.976228660050739,0,0,0.5883641975308642,0.1177565325736887,SLMAP,GO_Biological_Process_2023
GO_Biological_Process_2023,Synaptic Vesicle Cycle (GO:0099504),1/37,0.8186142993318479,0.976228660050739,0,0,0.5883641975308642,0.1177565325736887,SLC18A2,GO_Biological_Process_2023
GO_Biological_Process_2023,Negative Regulation Of Endothelial Cell Migration (GO:0010596),1/37,0.8186142993318479,0.976228660050739,0,0,0.5883641975308642,0.1177565325736887,APOE,GO_Biological_Process_2023
GO_Biological_Process_2023,Negative Regulation Of Endothelial Cell Proliferation (GO:0001937),1/37,0.8186142993318479,0.976228660050739,0,0,0.5883641975308642,0.1177565325736887,APOE,GO_Biological_Process_2023
GO_Biological_Process_2023,Negative Regulation Of Stress-Activated MAPK Cascade (GO:0032873),1/37,0.8186142993318479,0.976228660050739,0,0,0.5883641975308642,0.1177565325736887,FOXO1,GO_Biological_Process_2023
GO_Biological_Process_2023,Protein Acylation (GO:0043543),1/37,0.8186142993318479,0.976228660050739,0,0,0.5883641975308642,0.1177565325736887,FOXO1,GO_Biological_Process_2023
GO_Biological_Process_2023,Regulation Of Mitotic Cell Cycle (GO:0007346),4/125,0.8200315403614099,0.9769909926407258,0,0,0.6994112606760828,0.1387719196989765,YWHAE;ANAPC13;PLK1;EIF4EBP1,GO_Biological_Process_2023
GO_Biological_Process_2023,Positive Regulation Of Phosphorylation (GO:0042327),8/231,0.8219427646169483,0.9769909926407258,0,0,0.7583045008762723,0.1486917708605116,CDKN1A;PTGES3;MERTK;HRAS;FGF23;MT3;MOB3B;FGF22,GO_Biological_Process_2023
GO_Biological_Process_2023,Positive Regulation Of ERK1 And ERK2 Cascade (GO:0070374),6/179,0.8220504467241139,0.9769909926407258,0,0,0.7334000710433688,0.1437123218944093,NDRG4;CALCR;APOE;OPRM1;MT3;HRAS,GO_Biological_Process_2023
GO_Biological_Process_2023,Regulation Of Endopeptidase Activity (GO:0052548),2/69,0.823659122342403,0.9769909926407258,0,0,0.6319459432536981,0.1225965784330229,SERPINA9;VSIR,GO_Biological_Process_2023
GO_Biological_Process_2023,Regulation Of I-kappaB kinase/NF-kappaB Signaling (GO:0043122),8/232,0.8254798544242532,0.9769909926407258,0,0,0.754879219324908,0.1447786025304466,ANKRD17;PPM1B;VAPA;ZFAND6;S100A13;FLNA;S100A4;TRIM59,GO_Biological_Process_2023
GO_Biological_Process_2023,G2/M Transition Of Mitotic Cell Cycle (GO:0000086),1/38,0.8268007975572924,0.9769909926407258,0,0,0.5724324324324325,0.1088717752700517,PLK1,GO_Biological_Process_2023
GO_Biological_Process_2023,Regulation Of Intracellular Transport (GO:0032386),1/38,0.8268007975572924,0.9769909926407258,0,0,0.5724324324324325,0.1088717752700517,PLA2G3,GO_Biological_Process_2023
GO_Biological_Process_2023,Regulation Of Neurotransmitter Secretion (GO:0046928),1/38,0.8268007975572924,0.9769909926407258,0,0,0.5724324324324325,0.1088717752700517,SLC38A2,GO_Biological_Process_2023
GO_Biological_Process_2023,Regulation Of Protein Import Into Nucleus (GO:0042306),1/38,0.8268007975572924,0.9769909926407258,0,0,0.5724324324324325,0.1088717752700517,FLNA,GO_Biological_Process_2023
GO_Biological_Process_2023,Regulation Of Telomere Maintenance (GO:0032204),1/38,0.8268007975572924,0.9769909926407258,0,0,0.5724324324324325,0.1088717752700517,NSMCE4A,GO_Biological_Process_2023
GO_Biological_Process_2023,Cellular Response To Type I Interferon (GO:0071357),1/38,0.8268007975572924,0.9769909926407258,0,0,0.5724324324324325,0.1088717752700517,IFIT1,GO_Biological_Process_2023
GO_Biological_Process_2023,Response To Transforming Growth Factor Beta (GO:0071559),1/38,0.8268007975572924,0.9769909926407258,0,0,0.5724324324324325,0.1088717752700517,PDE3A,GO_Biological_Process_2023
GO_Biological_Process_2023,Tumor Necrosis Factor-Mediated Signaling Pathway (GO:0033209),1/38,0.8268007975572924,0.9769909926407258,0,0,0.5724324324324325,0.1088717752700517,NFKBIA,GO_Biological_Process_2023
GO_Biological_Process_2023,Import Into Cell (GO:0098657),1/38,0.8268007975572924,0.9769909926407258,0,0,0.5724324324324325,0.1088717752700517,SLC5A3,GO_Biological_Process_2023
GO_Biological_Process_2023,mRNA Transcription By RNA Polymerase II (GO:0042789),1/38,0.8268007975572924,0.9769909926407258,0,0,0.5724324324324325,0.1088717752700517,TAF10,GO_Biological_Process_2023
GO_Biological_Process_2023,Negative Regulation Of Type I Interferon Production (GO:0032480),1/38,0.8268007975572924,0.9769909926407258,0,0,0.5724324324324325,0.1088717752700517,PPM1B,GO_Biological_Process_2023
GO_Biological_Process_2023,Positive Regulation Of Axonogenesis (GO:0050772),1/38,0.8268007975572924,0.9769909926407258,0,0,0.5724324324324325,0.1088717752700517,ISLR2,GO_Biological_Process_2023
GO_Biological_Process_2023,Positive Regulation Of Bone Mineralization (GO:0030501),1/38,0.8268007975572924,0.9769909926407258,0,0,0.5724324324324325,0.1088717752700517,TENT5A,GO_Biological_Process_2023
GO_Biological_Process_2023,Positive Regulation Of Cation Channel Activity (GO:2001259),1/38,0.8268007975572924,0.9769909926407258,0,0,0.5724324324324325,0.1088717752700517,CASQ1,GO_Biological_Process_2023
GO_Biological_Process_2023,Positive Regulation Of Myoblast Differentiation (GO:0045663),1/38,0.8268007975572924,0.9769909926407258,0,0,0.5724324324324325,0.1088717752700517,XKR8,GO_Biological_Process_2023
GO_Biological_Process_2023,Protein Ubiquitination (GO:0016567),16/434,0.8278849429382059,0.9778257834247333,0,0,0.8079798880869353,0.1526121236215543,BRAP;TRIM72;RNF11;HACE1;WSB2;PLK1;HUWE1;RNF19B;DTX1;LNPEP;ASB11;RNF6;FANCE;FBXO32;GAN;VHL,GO_Biological_Process_2023
GO_Biological_Process_2023,Epithelium Development (GO:0060429),5/154,0.8286012425507326,0.9780857926528695,0,0,0.7097165627996165,0.1334382465311882,NDRG4;ANXA4;RIPK4;TNC;KRT9,GO_Biological_Process_2023
GO_Biological_Process_2023,Cellular Response To Insulin Stimulus (GO:0032869),3/99,0.8290260818302735,0.9780857926528695,0,0,0.6612959354120267,0.123995409915267,RAB13;FOXO1;GCK,GO_Biological_Process_2023
GO_Biological_Process_2023,Protein K48-linked Ubiquitination (GO:0070936),2/70,0.8297556029497983,0.9780857926528695,0,0,0.6226199044690178,0.1161958642642816,HACE1;RNF6,GO_Biological_Process_2023
GO_Biological_Process_2023,Regulation Of Actin Filament-Based Process (GO:0032970),2/70,0.8297556029497983,0.9780857926528695,0,0,0.6226199044690178,0.1161958642642816,F11R;HRAS,GO_Biological_Process_2023
GO_Biological_Process_2023,Regulation Of Receptor-Mediated Endocytosis (GO:0048259),1/39,0.8346182011100352,0.9780857926528695,0,0,0.5573391812865497,0.1007562804027563,F3,GO_Biological_Process_2023
GO_Biological_Process_2023,Retina Homeostasis (GO:0001895),1/39,0.8346182011100352,0.9780857926528695,0,0,0.5573391812865497,0.1007562804027563,F3,GO_Biological_Process_2023
GO_Biological_Process_2023,Vesicle Cytoskeletal Trafficking (GO:0099518),1/39,0.8346182011100352,0.9780857926528695,0,0,0.5573391812865497,0.1007562804027563,MYO1E,GO_Biological_Process_2023
GO_Biological_Process_2023,Internal Peptidyl-Lysine Acetylation (GO:0018393),1/39,0.8346182011100352,0.9780857926528695,0,0,0.5573391812865497,0.1007562804027563,TAF10,GO_Biological_Process_2023
GO_Biological_Process_2023,Negative Regulation Of Cell-Substrate Adhesion (GO:0010812),1/39,0.8346182011100352,0.9780857926528695,0,0,0.5573391812865497,0.1007562804027563,AP1AR,GO_Biological_Process_2023
GO_Biological_Process_2023,Neuron Projection Extension (GO:1990138),1/39,0.8346182011100352,0.9780857926528695,0,0,0.5573391812865497,0.1007562804027563,LLPH,GO_Biological_Process_2023
GO_Biological_Process_2023,Odontogenesis (GO:0042476),1/39,0.8346182011100352,0.9780857926528695,0,0,0.5573391812865497,0.1007562804027563,INHBA,GO_Biological_Process_2023
GO_Biological_Process_2023,Positive Regulation Of Cytokinesis (GO:0032467),1/39,0.8346182011100352,0.9780857926528695,0,0,0.5573391812865497,0.1007562804027563,DRD2,GO_Biological_Process_2023
GO_Biological_Process_2023,Positive Regulation Of Intracellular Transport (GO:0032388),1/39,0.8346182011100352,0.9780857926528695,0,0,0.5573391812865497,0.1007562804027563,CEP131,GO_Biological_Process_2023
GO_Biological_Process_2023,Regulation Of Hydrolase Activity (GO:0051336),2/71,0.8356614530126554,0.9780857926528695,0,0,0.613564185649111,0.1101542264793682,PPP1R17;ADAP2,GO_Biological_Process_2023
GO_Biological_Process_2023,Negative Regulation Of Protein Binding (GO:0032091),2/71,0.8356614530126554,0.9780857926528695,0,0,0.613564185649111,0.1101542264793682,CDKN1A;IFIT1,GO_Biological_Process_2023
GO_Biological_Process_2023,Protein Autoubiquitination (GO:0051865),2/71,0.8356614530126554,0.9780857926528695,0,0,0.613564185649111,0.1101542264793682,RNF11;RNF19B,GO_Biological_Process_2023
GO_Biological_Process_2023,Regulation Of DNA Repair (GO:0006282),4/129,0.838333373152531,0.9780857926528695,0,0,0.6768874024526198,0.119361943879447,TFPT;EYA1;TAF10;DPF2,GO_Biological_Process_2023
GO_Biological_Process_2023,Protein Transport (GO:0015031),11/313,0.8390074811602578,0.9780857926528695,0,0,0.7692797083116303,0.1350360180892932,ARL4D;TMED9;SLC10A7;CALCRL;KIF3B;ARRDC2;RAB24;RAB13;ROMO1;VPS26B;APOE,GO_Biological_Process_2023
GO_Biological_Process_2023,Protein Modification By Small Protein Conjugation (GO:0032446),13/364,0.8403125392562522,0.9780857926528695,0,0,0.7819486152819486,0.136044503713256,BRAP;TRIM72;HACE1;EYA1;PLK1;DTX1;ASB11;RNF6;FBXO32;NSMCE4A;GAN;DDRGK1;VHL,GO_Biological_Process_2023
GO_Biological_Process_2023,DNA Metabolic Process (GO:0006259),10/288,0.8404517837800698,0.9780857926528695,0,0,0.759836575184297,0.1320715215619192,FAM111A;TFPT;POLQ;NSMCE4A;CDC45;NTHL1;MGMT;PTGES3;HMGB3;MACROH2A1,GO_Biological_Process_2023
GO_Biological_Process_2023,Cholesterol Homeostasis (GO:0042632),2/72,0.8413814521964682,0.9780857926528695,0,0,0.6047672016526299,0.1044494353505942,FABP3;APOE,GO_Biological_Process_2023
GO_Biological_Process_2023,Positive Regulation Of Protein Localization To Nucleus (GO:1900182),2/72,0.8413814521964682,0.9780857926528695,0,0,0.6047672016526299,0.1044494353505942,PLK1;FLNA,GO_Biological_Process_2023
GO_Biological_Process_2023,Regulation Of Cytokine-Mediated Signaling Pathway (GO:0001959),1/40,0.8420831331878124,0.9780857926528695,0,0,0.543019943019943,0.0933323871172092,IRAK3,GO_Biological_Process_2023
GO_Biological_Process_2023,Regulation Of Cytosolic Calcium Ion Concentration (GO:0051480),1/40,0.8420831331878124,0.9780857926528695,0,0,0.543019943019943,0.0933323871172092,YWHAE,GO_Biological_Process_2023
GO_Biological_Process_2023,L-alpha-amino Acid Transmembrane Transport (GO:1902475),1/40,0.8420831331878124,0.9780857926528695,0,0,0.543019943019943,0.0933323871172092,SLC38A2,GO_Biological_Process_2023
GO_Biological_Process_2023,Notch Signaling Pathway (GO:0007219),1/40,0.8420831331878124,0.9780857926528695,0,0,0.543019943019943,0.0933323871172092,DTX1,GO_Biological_Process_2023
GO_Biological_Process_2023,Regulation Of Microtubule Cytoskeleton Organization (GO:0070507),1/40,0.8420831331878124,0.9780857926528695,0,0,0.543019943019943,0.0933323871172092,STMN1,GO_Biological_Process_2023
GO_Biological_Process_2023,Regulation Of Microtubule Polymerization (GO:0031113),1/40,0.8420831331878124,0.9780857926528695,0,0,0.543019943019943,0.0933323871172092,STMN1,GO_Biological_Process_2023
GO_Biological_Process_2023,Cell Cycle G2/M Phase Transition (GO:0044839),1/40,0.8420831331878124,0.9780857926528695,0,0,0.543019943019943,0.0933323871172092,PLK1,GO_Biological_Process_2023
GO_Biological_Process_2023,Endothelial Cell Migration (GO:0043542),1/40,0.8420831331878124,0.9780857926528695,0,0,0.543019943019943,0.0933323871172092,RAB13,GO_Biological_Process_2023
GO_Biological_Process_2023,Synaptic Vesicle Endocytosis (GO:0048488),1/40,0.8420831331878124,0.9780857926528695,0,0,0.543019943019943,0.0933323871172092,SH3GL3,GO_Biological_Process_2023
GO_Biological_Process_2023,mRNA 3'-End Processing (GO:0031124),1/40,0.8420831331878124,0.9780857926528695,0,0,0.543019943019943,0.0933323871172092,CPSF4,GO_Biological_Process_2023
GO_Biological_Process_2023,Negative Regulation Of Protein Localization (GO:1903828),1/40,0.8420831331878124,0.9780857926528695,0,0,0.543019943019943,0.0933323871172092,MACROH2A1,GO_Biological_Process_2023
GO_Biological_Process_2023,Positive Regulation Of Catalytic Activity (GO:0043085),1/40,0.8420831331878124,0.9780857926528695,0,0,0.543019943019943,0.0933323871172092,SLC5A3,GO_Biological_Process_2023
GO_Biological_Process_2023,Positive Regulation Of Monoatomic Ion Transport (GO:0043270),1/40,0.8420831331878124,0.9780857926528695,0,0,0.543019943019943,0.0933323871172092,CACNA1D,GO_Biological_Process_2023
GO_Biological_Process_2023,Positive Regulation Of Stem Cell Population Maintenance (GO:1902459),1/40,0.8420831331878124,0.9780857926528695,0,0,0.543019943019943,0.0933323871172092,DPF2,GO_Biological_Process_2023
GO_Biological_Process_2023,Protein Deacetylation (GO:0006476),1/40,0.8420831331878124,0.9780857926528695,0,0,0.543019943019943,0.0933323871172092,FLNA,GO_Biological_Process_2023
GO_Biological_Process_2023,Regulation Of Cell Cycle Process (GO:0010564),4/130,0.8426575336552267,0.978314060373714,0,0,0.6714798888711933,0.1149537650057798,DBF4;PLK1;DPF2;INSM2,GO_Biological_Process_2023
GO_Biological_Process_2023,Peptidyl-Serine Phosphorylation (GO:0018105),5/158,0.8447318919908793,0.9802827738074346,0,0,0.6910159897292251,0.1165992668260327,SRPK3;GRK2;PLK1;MAPK1;SGK1,GO_Biological_Process_2023
GO_Biological_Process_2023,Sterol Homeostasis (GO:0055092),2/73,0.8469203368759276,0.9810836653087496,0,0,0.5962180200222469,0.0990608143796431,FABP3;APOE,GO_Biological_Process_2023
GO_Biological_Process_2023,Response To Lipopolysaccharide (GO:0032496),5/159,0.8485630959426774,0.9810836653087496,0,0,0.6864926368274582,0.1127295293379974,UXT;PABPN1;NFKBIL1;IRAK3;TLR4,GO_Biological_Process_2023
GO_Biological_Process_2023,DNA Duplex Unwinding (GO:0032508),1/41,0.849211469276519,0.9810836653087496,0,0,0.5294166666666666,0.0865315888225348,CDC45,GO_Biological_Process_2023
GO_Biological_Process_2023,Regulation Of Dendrite Development (GO:0050773),1/41,0.849211469276519,0.9810836653087496,0,0,0.5294166666666666,0.0865315888225348,COBL,GO_Biological_Process_2023
GO_Biological_Process_2023,Axoneme Assembly (GO:0035082),1/41,0.849211469276519,0.9810836653087496,0,0,0.5294166666666666,0.0865315888225348,RSPH1,GO_Biological_Process_2023
GO_Biological_Process_2023,Double-Strand Break Repair Via Nonhomologous End Joining (GO:0006303),1/41,0.849211469276519,0.9810836653087496,0,0,0.5294166666666666,0.0865315888225348,POLQ,GO_Biological_Process_2023
GO_Biological_Process_2023,Heart Contraction (GO:0060047),1/41,0.849211469276519,0.9810836653087496,0,0,0.5294166666666666,0.0865315888225348,GRK2,GO_Biological_Process_2023
GO_Biological_Process_2023,Visual System Development (GO:0150063),1/41,0.849211469276519,0.9810836653087496,0,0,0.5294166666666666,0.0865315888225348,C1QA,GO_Biological_Process_2023
GO_Biological_Process_2023,Negative Regulation Of Proteolysis (GO:0045861),1/41,0.849211469276519,0.9810836653087496,0,0,0.5294166666666666,0.0865315888225348,CSTB,GO_Biological_Process_2023
GO_Biological_Process_2023,Regulation Of Amide Metabolic Process (GO:0034248),1/41,0.849211469276519,0.9810836653087496,0,0,0.5294166666666666,0.0865315888225348,RBM3,GO_Biological_Process_2023
GO_Biological_Process_2023,Gland Development (GO:0048732),2/74,0.8522827943492148,0.9826723633664388,0,0,0.5879063156593746,0.093969116503893,NKX2-1;COBL,GO_Biological_Process_2023
GO_Biological_Process_2023,Positive Regulation Of Kinase Activity (GO:0033674),3/104,0.8531105418028372,0.9826723633664388,0,0,0.6283931288451785,0.0998303958657019,CDKN1A;CARTPT;MERTK,GO_Biological_Process_2023
GO_Biological_Process_2023,Axonogenesis (GO:0007409),6/188,0.855356725402319,0.9826723633664388,0,0,0.6968015224998465,0.1088659525683966,EPHA6;SEMA6A;EPHA10;S100A6;FYN;DRD2,GO_Biological_Process_2023
GO_Biological_Process_2023,DNA Integrity Checkpoint Signaling (GO:0031570),1/42,0.8560183703563137,0.9826723633664388,0,0,0.5164769647696477,0.0802932868499874,CDC45,GO_Biological_Process_2023
GO_Biological_Process_2023,DNA Recombination (GO:0006310),1/42,0.8560183703563137,0.9826723633664388,0,0,0.5164769647696477,0.0802932868499874,HMGB3,GO_Biological_Process_2023
GO_Biological_Process_2023,Amino Acid Transmembrane Transport (GO:0003333),1/42,0.8560183703563137,0.9826723633664388,0,0,0.5164769647696477,0.0802932868499874,SLC38A2,GO_Biological_Process_2023
GO_Biological_Process_2023,Branching Morphogenesis Of An Epithelial Tube (GO:0048754),1/42,0.8560183703563137,0.9826723633664388,0,0,0.5164769647696477,0.0802932868499874,NKX2-1,GO_Biological_Process_2023
GO_Biological_Process_2023,Regulation Of Ubiquitin-Dependent Protein Catabolic Process (GO:2000058),1/42,0.8560183703563137,0.9826723633664388,0,0,0.5164769647696477,0.0802932868499874,RPL11,GO_Biological_Process_2023
GO_Biological_Process_2023,Collagen Fibril Organization (GO:0030199),1/42,0.8560183703563137,0.9826723633664388,0,0,0.5164769647696477,0.0802932868499874,PXDN,GO_Biological_Process_2023
GO_Biological_Process_2023,Monocyte Chemotaxis (GO:0002548),1/42,0.8560183703563137,0.9826723633664388,0,0,0.5164769647696477,0.0802932868499874,RPS19,GO_Biological_Process_2023
GO_Biological_Process_2023,Regulation Of Fat Cell Differentiation (GO:0045598),2/75,0.8574734578201209,0.9826723633664388,0,0,0.5798223292242523,0.0891564114159963,ZBTB16;FOXO1,GO_Biological_Process_2023
GO_Biological_Process_2023,Nucleosome Organization (GO:0034728),2/75,0.8574734578201209,0.9826723633664388,0,0,0.5798223292242523,0.0891564114159963,H2BC21;MACROH2A1,GO_Biological_Process_2023
GO_Biological_Process_2023,Positive Regulation Of Neurogenesis (GO:0050769),2/75,0.8574734578201209,0.9826723633664388,0,0,0.5798223292242523,0.0891564114159963,OPRM1;DRD2,GO_Biological_Process_2023
GO_Biological_Process_2023,Regulation Of DNA Replication (GO:0006275),2/75,0.8574734578201209,0.9826723633664388,0,0,0.5798223292242523,0.0891564114159963,ANKRD17;TFPT,GO_Biological_Process_2023
GO_Biological_Process_2023,Positive Regulation Of Stress-Activated MAPK Cascade (GO:0032874),3/105,0.8575561654892652,0.9826723633664388,0,0,0.6221996593737718,0.0956125524269717,HRAS;TLR3;GADD45G,GO_Biological_Process_2023
GO_Biological_Process_2023,Defense Response To Virus (GO:0051607),6/189,0.8587203966672107,0.9826723633664388,0,0,0.692957230515615,0.1055456383755082,RSAD2;DDIT4;TLR7;IFIT1;DDX60;TLR3,GO_Biological_Process_2023
GO_Biological_Process_2023,Antigen Receptor-Mediated Signaling Pathway (GO:0050851),4/134,0.8589920199270301,0.9826723633664388,0,0,0.65068175971186,0.0989007950571526,IGHM;FYN;PLCG1;PRAM1,GO_Biological_Process_2023
GO_Biological_Process_2023,Cilium Assembly (GO:0060271),8/243,0.8608662586927783,0.9826723633664388,0,0,0.7191251101951347,0.1077365331916478,MKKS;RSPH1;KIF3B;ARL3;CEP131;PLA2G3;FLNA;TEKT4,GO_Biological_Process_2023
GO_Biological_Process_2023,Intracellular Monoatomic Cation Homeostasis (GO:0030003),6/190,0.8620193821620264,0.9826723633664388,0,0,0.6891547243138207,0.1023239867499563,SLC10A7;BOLA2;CALR;ATP2C2;MT3;F3,GO_Biological_Process_2023
GO_Biological_Process_2023,Wnt Signaling Pathway (GO:0016055),2/76,0.8624969014594432,0.9826723633664388,0,0,0.571956828908998,0.0846059832952017,DDX3X;WNT9A,GO_Biological_Process_2023
GO_Biological_Process_2023,DNA-templated DNA Replication Maintenance Of Fidelity (GO:0045005),1/43,0.8625183153275051,0.9826723633664388,0,0,0.5041534391534391,0.074563736631704,FAM111A,GO_Biological_Process_2023
GO_Biological_Process_2023,Regulation Of Endothelial Cell Apoptotic Process (GO:2000351),1/43,0.8625183153275051,0.9826723633664388,0,0,0.5041534391534391,0.074563736631704,PLCG1,GO_Biological_Process_2023
GO_Biological_Process_2023,Regulation Of Filopodium Assembly (GO:0051489),1/43,0.8625183153275051,0.9826723633664388,0,0,0.5041534391534391,0.074563736631704,MIEN1,GO_Biological_Process_2023
GO_Biological_Process_2023,Skeletal System Morphogenesis (GO:0048705),1/43,0.8625183153275051,0.9826723633664388,0,0,0.5041534391534391,0.074563736631704,RFLNB,GO_Biological_Process_2023
GO_Biological_Process_2023,Glycolipid Biosynthetic Process (GO:0009247),1/43,0.8625183153275051,0.9826723633664388,0,0,0.5041534391534391,0.074563736631704,DPM3,GO_Biological_Process_2023
GO_Biological_Process_2023,Intracellular Steroid Hormone Receptor Signaling Pathway (GO:0030518),1/43,0.8625183153275051,0.9826723633664388,0,0,0.5041534391534391,0.074563736631704,MAPK1,GO_Biological_Process_2023
GO_Biological_Process_2023,mRNA Transcription (GO:0009299),1/43,0.8625183153275051,0.9826723633664388,0,0,0.5041534391534391,0.074563736631704,TAF10,GO_Biological_Process_2023
GO_Biological_Process_2023,Positive Regulation Of T Cell Mediated Immunity (GO:0002711),1/43,0.8625183153275051,0.9826723633664388,0,0,0.5041534391534391,0.074563736631704,CYRIB,GO_Biological_Process_2023
GO_Biological_Process_2023,Positive Regulation Of Biomineral Tissue Development (GO:0070169),1/43,0.8625183153275051,0.9826723633664388,0,0,0.5041534391534391,0.074563736631704,TENT5A,GO_Biological_Process_2023
GO_Biological_Process_2023,Positive Regulation Of Cell Division (GO:0051781),1/43,0.8625183153275051,0.9826723633664388,0,0,0.5041534391534391,0.074563736631704,DRD2,GO_Biological_Process_2023
GO_Biological_Process_2023,Positive Regulation Of Receptor-Mediated Endocytosis (GO:0048260),1/43,0.8625183153275051,0.9826723633664388,0,0,0.5041534391534391,0.074563736631704,F3,GO_Biological_Process_2023
GO_Biological_Process_2023,Non-Membrane-Bounded Organelle Assembly (GO:0140694),4/135,0.8628424475883504,0.9826723633664388,0,0,0.6456806828529364,0.0952528599763057,DDX3X;CIRBP;LSM4;RPS23,GO_Biological_Process_2023
GO_Biological_Process_2023,Negative Regulation Of Cell Migration (GO:0030336),5/163,0.8631119947065592,0.9826723633664388,0,0,0.6689718015370705,0.0984798892102293,NDRG4;NKX2-1;CALR;DRD2;SRGAP1,GO_Biological_Process_2023
GO_Biological_Process_2023,Regulation Of ERK1 And ERK2 Cascade (GO:0070372),8/244,0.863774390436676,0.9829942403694744,0,0,0.7160400098696073,0.1048595243746295,NDRG4;SEMA6A;CALCR;APOE;OPRM1;HRAS;TLR4;MT3,GO_Biological_Process_2023
GO_Biological_Process_2023,Positive Regulation Of Autophagy (GO:0010508),3/107,0.8660950682035102,0.983322399229092,0,0,0.6101700359773856,0.0877184092043239,PLEKHF1;FOXO1;CDK16,GO_Biological_Process_2023
GO_Biological_Process_2023,Cell Morphogenesis Involved In Neuron Differentiation (GO:0048667),2/77,0.8673576363916523,0.983322399229092,0,0,0.5643010752688172,0.0803022373147688,S100A6;DRD2,GO_Biological_Process_2023
GO_Biological_Process_2023,Embryonic Organ Development (GO:0048568),2/77,0.8673576363916523,0.983322399229092,0,0,0.5643010752688172,0.0803022373147688,NDRG4;COBL,GO_Biological_Process_2023
GO_Biological_Process_2023,Bone Development (GO:0060348),1/44,0.8687251317797705,0.983322399229092,0,0,0.4924031007751938,0.0692951536093281,SLC10A7,GO_Biological_Process_2023
GO_Biological_Process_2023,Regulation Of Transport (GO:0051049),1/44,0.8687251317797705,0.983322399229092,0,0,0.4924031007751938,0.0692951536093281,FGF23,GO_Biological_Process_2023
GO_Biological_Process_2023,Neural Crest Cell Development (GO:0014032),1/44,0.8687251317797705,0.983322399229092,0,0,0.4924031007751938,0.0692951536093281,SEMA6A,GO_Biological_Process_2023
GO_Biological_Process_2023,Nucleobase-Containing Compound Catabolic Process (GO:0034655),1/44,0.8687251317797705,0.983322399229092,0,0,0.4924031007751938,0.0692951536093281,RNASEH2C,GO_Biological_Process_2023
GO_Biological_Process_2023,Nucleus Organization (GO:0006997),1/44,0.8687251317797705,0.983322399229092,0,0,0.4924031007751938,0.0692951536093281,RPS19,GO_Biological_Process_2023
GO_Biological_Process_2023,Phosphatidylinositol Phosphate Biosynthetic Process (GO:0046854),1/44,0.8687251317797705,0.983322399229092,0,0,0.4924031007751938,0.0692951536093281,SOCS5,GO_Biological_Process_2023
GO_Biological_Process_2023,Positive Regulation Of Chemotaxis (GO:0050921),1/44,0.8687251317797705,0.983322399229092,0,0,0.4924031007751938,0.0692951536093281,P2RY12,GO_Biological_Process_2023
GO_Biological_Process_2023,Positive Regulation Of Osteoblast Differentiation (GO:0045669),1/44,0.8687251317797705,0.983322399229092,0,0,0.4924031007751938,0.0692951536093281,TENT5A,GO_Biological_Process_2023
GO_Biological_Process_2023,Regulation Of Cell-Substrate Adhesion (GO:0010810),1/44,0.8687251317797705,0.983322399229092,0,0,0.4924031007751938,0.0692951536093281,ECM2,GO_Biological_Process_2023
GO_Biological_Process_2023,Positive Regulation Of DNA Metabolic Process (GO:0051054),3/108,0.8701930666915113,0.983322399229092,0,0,0.6043270760419981,0.0840257431448545,TFPT;EYA1;HNRNPAB,GO_Biological_Process_2023
GO_Biological_Process_2023,Regulation Of Signal Transduction (GO:0009966),6/193,0.8715359996010619,0.983322399229092,0,0,0.6779912168016012,0.0932225090379089,BRAP;IGFBP2;DTX1;FYN;VHL;SOCS5,GO_Biological_Process_2023
GO_Biological_Process_2023,Negative Regulation Of Protein Modification Process (GO:0031400),2/78,0.872060107487114,0.983322399229092,0,0,0.5568467888296939,0.0762306141138873,BEX4;CDKN1A,GO_Biological_Process_2023
GO_Biological_Process_2023,Positive Regulation Of Tumor Necrosis Factor Production (GO:0032760),2/78,0.872060107487114,0.983322399229092,0,0,0.5568467888296939,0.0762306141138873,TLR4;TLR3,GO_Biological_Process_2023
GO_Biological_Process_2023,Peptidyl-Serine Modification (GO:0018209),5/166,0.873237850413861,0.983322399229092,0,0,0.6564025066548358,0.0889735930430794,SRPK3;GRK2;PLK1;MAPK1;SGK1,GO_Biological_Process_2023
GO_Biological_Process_2023,Extracellular Structure Organization (GO:0043062),3/109,0.8741798958621283,0.983322399229092,0,0,0.5985943606336933,0.0804924413484764,ECM2;PXDN;DMP1,GO_Biological_Process_2023
GO_Biological_Process_2023,Positive Regulation Of Wnt Signaling Pathway (GO:0030177),3/109,0.8741798958621283,0.983322399229092,0,0,0.5985943606336933,0.0804924413484764,PPM1B;DDX3X;LRRK1,GO_Biological_Process_2023
GO_Biological_Process_2023,Regulation Of Protein Modification Process (GO:0031399),1/45,0.874652024596808,0.983322399229092,0,0,0.4811868686868686,0.0644449521146719,FNIP2,GO_Biological_Process_2023
GO_Biological_Process_2023,Positive Regulation Of Innate Immune Response (GO:0045089),1/45,0.874652024596808,0.983322399229092,0,0,0.4811868686868686,0.0644449521146719,RPS19,GO_Biological_Process_2023
GO_Biological_Process_2023,Positive Regulation Of mRNA Catabolic Process (GO:0061014),1/45,0.874652024596808,0.983322399229092,0,0,0.4811868686868686,0.0644449521146719,NANOS1,GO_Biological_Process_2023
GO_Biological_Process_2023,Regulation Of Apoptotic Signaling Pathway (GO:2001233),1/45,0.874652024596808,0.983322399229092,0,0,0.4811868686868686,0.0644449521146719,STYXL1,GO_Biological_Process_2023
GO_Biological_Process_2023,Regulation Of Cyclin-Dependent Protein Serine/Threonine Kinase Activity (GO:0000079),2/79,0.8766086894554096,0.983322399229092,0,0,0.5495861202201581,0.0723775123784302,CDKN1A;PLK1,GO_Biological_Process_2023
GO_Biological_Process_2023,Positive Regulation Of Protein Modification By Small Protein Conjugation Or Removal (GO:1903322),2/79,0.8766086894554096,0.983322399229092,0,0,0.5495861202201581,0.0723775123784302,UBQLN1;HUWE1,GO_Biological_Process_2023
GO_Biological_Process_2023,Protein Import Into Nucleus (GO:0006606),2/79,0.8766086894554096,0.983322399229092,0,0,0.5495861202201581,0.0723775123784302,KPNA3;KPNB1,GO_Biological_Process_2023
GO_Biological_Process_2023,Regulation Of Programmed Cell Death (GO:0043067),6/195,0.8775713670115362,0.983322399229092,0,0,0.6707457657178327,0.0875973827676616,BEX1;CIDEA;NME2;FYN;CALR;SGK1,GO_Biological_Process_2023
GO_Biological_Process_2023,Response To Lipid (GO:0033993),3/110,0.878057890960465,0.983322399229092,0,0,0.5929687987844223,0.0771112947322084,IRAK3;TLR4;FOXO1,GO_Biological_Process_2023
GO_Biological_Process_2023,Sensory Perception Of Chemical Stimulus (GO:0007606),3/110,0.878057890960465,0.983322399229092,0,0,0.5929687987844223,0.0771112947322084,MKKS;ITPR3;DRD2,GO_Biological_Process_2023
GO_Biological_Process_2023,External Encapsulating Structure Organization (GO:0045229),3/110,0.878057890960465,0.983322399229092,0,0,0.5929687987844223,0.0771112947322084,ECM2;PXDN;DMP1,GO_Biological_Process_2023
GO_Biological_Process_2023,Regulation Of JNK Cascade (GO:0046328),3/110,0.878057890960465,0.983322399229092,0,0,0.5929687987844223,0.0771112947322084,HRAS;TLR3;GADD45G,GO_Biological_Process_2023
GO_Biological_Process_2023,B Cell Receptor Signaling Pathway (GO:0050853),1/46,0.8803116049251208,0.983322399229092,0,0,0.4704691358024691,0.0599750938316572,IGHM,GO_Biological_Process_2023
GO_Biological_Process_2023,Regulation Of Cytokine Production Involved In Inflammatory Response (GO:1900015),1/46,0.8803116049251208,0.983322399229092,0,0,0.4704691358024691,0.0599750938316572,TLR4,GO_Biological_Process_2023
GO_Biological_Process_2023,Amino Acid Transport (GO:0006865),1/46,0.8803116049251208,0.983322399229092,0,0,0.4704691358024691,0.0599750938316572,SLC38A2,GO_Biological_Process_2023
GO_Biological_Process_2023,Antiviral Innate Immune Response (GO:0140374),1/46,0.8803116049251208,0.983322399229092,0,0,0.4704691358024691,0.0599750938316572,IFIT1,GO_Biological_Process_2023
GO_Biological_Process_2023,Replication Fork Processing (GO:0031297),1/46,0.8803116049251208,0.983322399229092,0,0,0.4704691358024691,0.0599750938316572,FAM111A,GO_Biological_Process_2023
GO_Biological_Process_2023,Epithelial Cell Migration (GO:0010631),1/46,0.8803116049251208,0.983322399229092,0,0,0.4704691358024691,0.0599750938316572,NANOS1,GO_Biological_Process_2023
GO_Biological_Process_2023,Vacuolar Transport (GO:0007034),1/46,0.8803116049251208,0.983322399229092,0,0,0.4704691358024691,0.0599750938316572,HSPA1A,GO_Biological_Process_2023
GO_Biological_Process_2023,Myofibril Assembly (GO:0030239),1/46,0.8803116049251208,0.983322399229092,0,0,0.4704691358024691,0.0599750938316572,CASQ1,GO_Biological_Process_2023
GO_Biological_Process_2023,Negative Regulation Of Wnt Signaling Pathway (GO:0030178),4/140,0.8807699305513705,0.983322399229092,0,0,0.6217784772771985,0.0789402698280006,IGFBP2;CBY1;TMEM131L;APOE,GO_Biological_Process_2023
GO_Biological_Process_2023,Regulation Of Cytokinesis (GO:0032465),2/80,0.8810076848876512,0.983322399229092,0,0,0.5425116226006104,0.0687302170718062,PLK1;DRD2,GO_Biological_Process_2023
GO_Biological_Process_2023,Response To Type II Interferon (GO:0034341),2/80,0.8810076848876512,0.983322399229092,0,0,0.5425116226006104,0.0687302170718062,TLR4;SLC26A6,GO_Biological_Process_2023
GO_Biological_Process_2023,Regulation Of Transforming Growth Factor Beta Receptor Signaling Pathway (GO:0017015),3/111,0.8818293731671109,0.983322399229092,0,0,0.5874474140064341,0.0738754459468,NKX2-1;CIDEA;HSPA1A,GO_Biological_Process_2023
GO_Biological_Process_2023,Negative Regulation Of Transmembrane Receptor Protein Serine/Threonine Kinase Signaling Pathway (GO:0090101),3/111,0.8818293731671109,0.983322399229092,0,0,0.5874474140064341,0.0738754459468,NKX2-1;CIDEA;HSPA1A,GO_Biological_Process_2023
GO_Biological_Process_2023,Golgi Vesicle Transport (GO:0048193),6/197,0.883366987578074,0.983322399229092,0,0,0.6636520518295358,0.0823025107306229,TMED9;SLC10A7;VAPA;ARL3;RAB13;KDELR2,GO_Biological_Process_2023
GO_Biological_Process_2023,Macromolecule Modification (GO:0043412),2/81,0.8852613212186964,0.983322399229092,0,0,0.5356162261866209,0.0652768346145613,ST8SIA4;ST3GAL1,GO_Biological_Process_2023
GO_Biological_Process_2023,Golgi To Plasma Membrane Transport (GO:0006893),1/47,0.8857159161546925,0.983322399229092,0,0,0.4602173913043478,0.0558515298404509,ARL3,GO_Biological_Process_2023
GO_Biological_Process_2023,Regulation Of Wound Healing (GO:0061041),1/47,0.8857159161546925,0.983322399229092,0,0,0.4602173913043478,0.0558515298404509,HRAS,GO_Biological_Process_2023
GO_Biological_Process_2023,Cognition (GO:0050890),1/47,0.8857159161546925,0.983322399229092,0,0,0.4602173913043478,0.0558515298404509,PTCHD1,GO_Biological_Process_2023
GO_Biological_Process_2023,Insulin Receptor Signaling Pathway (GO:0008286),1/47,0.8857159161546925,0.983322399229092,0,0,0.4602173913043478,0.0558515298404509,FOXO1,GO_Biological_Process_2023
GO_Biological_Process_2023,Positive Regulation Of Lymphocyte Activation (GO:0051251),1/47,0.8857159161546925,0.983322399229092,0,0,0.4602173913043478,0.0558515298404509,CYRIB,GO_Biological_Process_2023
GO_Biological_Process_2023,Protein Polyubiquitination (GO:0000209),7/226,0.8878260443524668,0.983322399229092,0,0,0.6750227288978783,0.0803138338180044,ANAPC13;HACE1;WSB2;HUWE1;RNF19B;LNPEP;RNF6,GO_Biological_Process_2023
GO_Biological_Process_2023,Positive Regulation Of Cellular Component Organization (GO:0051130),3/113,0.8890620002224844,0.983322399229092,0,0,0.5767058108928933,0.0678138584217544,TMED9;APOE;FNIP2,GO_Biological_Process_2023
GO_Biological_Process_2023,Sodium Ion Transmembrane Transport (GO:0035725),2/82,0.8893737492656556,0.983322399229092,0,0,0.5288932146829811,0.062006232733255,ASIC4;SLC9A7,GO_Biological_Process_2023
GO_Biological_Process_2023,Positive Regulation Of Tumor Necrosis Factor Superfamily Cytokine Production (GO:1903557),2/82,0.8893737492656556,0.983322399229092,0,0,0.5288932146829811,0.062006232733255,TLR4;TLR3,GO_Biological_Process_2023
GO_Biological_Process_2023,Monoatomic Cation Transmembrane Transport (GO:0098655),9/281,0.8907945276634807,0.983322399229092,0,0,0.6983769124241624,0.0807613444915347,KCNG1;ASIC4;KCNH5;SLC9A7;KCNA1;KCNA3;KCNA5;CACNA1D;ATP2C2,GO_Biological_Process_2023
GO_Biological_Process_2023,Cellular Defense Response (GO:0006968),1/48,0.890876459626226,0.983322399229092,0,0,0.4504018912529551,0.0520437199735102,FOSL1,GO_Biological_Process_2023
GO_Biological_Process_2023,"Retrograde Vesicle-Mediated Transport, Golgi To Endoplasmic Reticulum (GO:0006890)",1/48,0.890876459626226,0.983322399229092,0,0,0.4504018912529551,0.0520437199735102,KDELR2,GO_Biological_Process_2023
GO_Biological_Process_2023,Oligosaccharide Metabolic Process (GO:0009311),1/48,0.890876459626226,0.983322399229092,0,0,0.4504018912529551,0.0520437199735102,ST8SIA4,GO_Biological_Process_2023
GO_Biological_Process_2023,Post-Translational Protein Modification (GO:0043687),1/48,0.890876459626226,0.983322399229092,0,0,0.4504018912529551,0.0520437199735102,BAZ1B,GO_Biological_Process_2023
GO_Biological_Process_2023,Regulation Of Gene Expression (GO:0010468),43/1127,0.8914327920584625,0.983322399229092,0,0,0.8328871313188656,0.0957197468001482,DDX3X;RPL11;TNC;PLA2G3;RNF6;BMI1;MACROH2A1;VSIR;AFF2;UXT;CALCR;HNRNPDL;DDRGK1;SNRNP70;CREB3L1;NKX2-1;ITGB8;UTY;APOE;VHL;HNRNPA1;SRSF10;SLC38A2;FGF23;HRAS;FGF22;NANOS1;EGR1;FUS;TAF10;UNCX;EDF1;INHBA;PARP14;HNRNPAB;MT3;COQ7;RBL1;CALR;TLR4;HSPA1B;TLR3;HSPA1A,GO_Biological_Process_2023
GO_Biological_Process_2023,Response To Endoplasmic Reticulum Stress (GO:0034976),3/114,0.8925276985327604,0.983322399229092,0,0,0.5714801661349546,0.0649759982235131,DDRGK1;CREB3L1;UBQLN1,GO_Biological_Process_2023
GO_Biological_Process_2023,Negative Regulation Of Canonical Wnt Signaling Pathway (GO:0090090),3/114,0.8925276985327604,0.983322399229092,0,0,0.5714801661349546,0.0649759982235131,IGFBP2;TMEM131L;APOE,GO_Biological_Process_2023
GO_Biological_Process_2023,Apoptotic Process (GO:0006915),7/228,0.892904761635295,0.983322399229092,0,0,0.6688430663953759,0.0757634349141425,NFKBIA;SEMA6A;ZBTB16;DDIT4;DPF2;PAWR;FOXO1,GO_Biological_Process_2023
GO_Biological_Process_2023,Chromatin Remodeling (GO:0006338),7/228,0.892904761635295,0.983322399229092,0,0,0.6688430663953759,0.0757634349141425,COPRS;TFPT;DPF2;BMI1;BAZ1B;NPM3;MACROH2A1,GO_Biological_Process_2023
GO_Biological_Process_2023,Cilium Organization (GO:0044782),7/228,0.892904761635295,0.983322399229092,0,0,0.6688430663953759,0.0757634349141425,MKKS;KIF3B;ARL3;CEP131;PLA2G3;FLNA;TEKT4,GO_Biological_Process_2023
GO_Biological_Process_2023,Epigenetic Regulation Of Gene Expression (GO:0040029),2/83,0.8933490413458055,0.983322399229092,0,0,0.5223362034633818,0.0589079857115985,BMI1;MACROH2A1,GO_Biological_Process_2023
GO_Biological_Process_2023,Vesicle-Mediated Transport To The Plasma Membrane (GO:0098876),2/83,0.8933490413458055,0.983322399229092,0,0,0.5223362034633818,0.0589079857115985,ARL3;RAB13,GO_Biological_Process_2023
GO_Biological_Process_2023,Fatty Acid Beta-Oxidation (GO:0006635),1/49,0.8958042191194495,0.983322399229092,0,0,0.4409953703703703,0.0485242179266815,ECHDC2,GO_Biological_Process_2023
GO_Biological_Process_2023,Unsaturated Fatty Acid Metabolic Process (GO:0033559),1/49,0.8958042191194495,0.983322399229092,0,0,0.4409953703703703,0.0485242179266815,PTGR1,GO_Biological_Process_2023
GO_Biological_Process_2023,Heterophilic Cell-Cell Adhesion Via Plasma Membrane Cell Adhesion Molecules (GO:0007157),1/49,0.8958042191194495,0.983322399229092,0,0,0.4409953703703703,0.0485242179266815,SCARF2,GO_Biological_Process_2023
GO_Biological_Process_2023,Negative Regulation Of DNA Metabolic Process (GO:0051053),1/49,0.8958042191194495,0.983322399229092,0,0,0.4409953703703703,0.0485242179266815,CDKN1A,GO_Biological_Process_2023
GO_Biological_Process_2023,Negative Regulation Of T Cell Activation (GO:0050868),1/49,0.8958042191194495,0.983322399229092,0,0,0.4409953703703703,0.0485242179266815,VSIR,GO_Biological_Process_2023
GO_Biological_Process_2023,Negative Regulation Of Cysteine-Type Endopeptidase Activity Involved In Apoptotic Process (GO:0043154),1/49,0.8958042191194495,0.983322399229092,0,0,0.4409953703703703,0.0485242179266815,DDX3X,GO_Biological_Process_2023
GO_Biological_Process_2023,Positive Regulation Of Nervous System Development (GO:0051962),1/49,0.8958042191194495,0.983322399229092,0,0,0.4409953703703703,0.0485242179266815,OPRM1,GO_Biological_Process_2023
GO_Biological_Process_2023,Regulation Of Cell Communication (GO:0010646),1/49,0.8958042191194495,0.983322399229092,0,0,0.4409953703703703,0.0485242179266815,ITGB8,GO_Biological_Process_2023
GO_Biological_Process_2023,Endoplasmic Reticulum To Golgi Vesicle-Mediated Transport (GO:0006888),3/115,0.8958959874220414,0.983322399229092,0,0,0.566347836461979,0.0622591603436249,TMED9;VAPA;KDELR2,GO_Biological_Process_2023
GO_Biological_Process_2023,Positive Regulation Of Protein Kinase Activity (GO:0045860),4/145,0.8966269737840022,0.983322399229092,0,0,0.5995714635862647,0.0654224580073168,EGR1;CDKN1A;DDX3X;CARTPT,GO_Biological_Process_2023
GO_Biological_Process_2023,Regulation Of Interleukin-1 Beta Production (GO:0032651),2/84,0.8971911898372272,0.983322399229092,0,0,0.5159391193466996,0.0559723240214746,EGR1;TLR4,GO_Biological_Process_2023
GO_Biological_Process_2023,Inorganic Cation Transmembrane Transport (GO:0098662),9/284,0.8975039886437056,0.983322399229092,0,0,0.6906481858948227,0.0746851163174501,KCNG1;ASIC4;KCNH5;SLC9A7;KCNA1;KCNA3;KCNA5;CACNA1D;ATP2C2,GO_Biological_Process_2023
GO_Biological_Process_2023,Positive Regulation Of Cellular Process (GO:0048522),21/594,0.8992427595965804,0.983322399229092,0,0,0.7715492622560686,0.0819402661261046,ANKRD17;RPS9;CTF1;DDX3X;EGR4;CEP131;COX17;FOSL1;DDRGK1;S100A13;PFDN1;ROMO1;CALR;VHL;PHPT1;HRAS;TLR4;FGF23;FGF22;IL12RB2;COPS9,GO_Biological_Process_2023
GO_Biological_Process_2023,Neuron Projection Morphogenesis (GO:0048812),4/146,0.8995663182693829,0.983322399229092,0,0,0.5953177257525084,0.0630099166161923,S100A6;DRD2;SGK1;SHANK1,GO_Biological_Process_2023
GO_Biological_Process_2023,Positive Regulation Of Cellular Catabolic Process (GO:0031331),4/146,0.8995663182693829,0.983322399229092,0,0,0.5953177257525084,0.0630099166161923,PLEKHF1;APOE;FOXO1;CDK16,GO_Biological_Process_2023
GO_Biological_Process_2023,Positive Regulation Of I-kappaB kinase/NF-kappaB Signaling (GO:0043123),5/175,0.8998790986066852,0.983322399229092,0,0,0.6213563550420168,0.0655499014137509,ANKRD17;VAPA;S100A13;FLNA;S100A4,GO_Biological_Process_2023
GO_Biological_Process_2023,Negative Regulation Of Multicellular Organismal Process (GO:0051241),7/231,0.9001584048365309,0.983322399229092,0,0,0.6597804809843401,0.069398697005321,ACVR1C;RPS19;NKX2-1;CIDEA;LNPEP;CALR;TLR4,GO_Biological_Process_2023
GO_Biological_Process_2023,Blood Circulation (GO:0008015),1/50,0.9005096839729961,0.983322399229092,0,0,0.4319727891156462,0.0452683121578446,BDKRB2,GO_Biological_Process_2023
GO_Biological_Process_2023,Cell Chemotaxis (GO:0060326),1/50,0.9005096839729961,0.983322399229092,0,0,0.4319727891156462,0.0452683121578446,RAB13,GO_Biological_Process_2023
GO_Biological_Process_2023,Dicarboxylic Acid Metabolic Process (GO:0043648),1/50,0.9005096839729961,0.983322399229092,0,0,0.4319727891156462,0.0452683121578446,IDH2,GO_Biological_Process_2023
GO_Biological_Process_2023,Plasma Membrane Bounded Cell Projection Morphogenesis (GO:0120039),1/50,0.9005096839729961,0.983322399229092,0,0,0.4319727891156462,0.0452683121578446,SGK1,GO_Biological_Process_2023
GO_Biological_Process_2023,Positive Regulation Of Developmental Growth (GO:0048639),1/50,0.9005096839729961,0.983322399229092,0,0,0.4319727891156462,0.0452683121578446,ISLR2,GO_Biological_Process_2023
GO_Biological_Process_2023,Regulation Of TORC1 Signaling (GO:1903432),1/50,0.9005096839729961,0.983322399229092,0,0,0.4319727891156462,0.0452683121578446,SZT2,GO_Biological_Process_2023
GO_Biological_Process_2023,Regulation Of Kinase Activity (GO:0043549),2/85,0.9009041062075728,0.983322399229092,0,0,0.5096961818352386,0.0531900879071042,RBL1;MERTK,GO_Biological_Process_2023
GO_Biological_Process_2023,Regulation Of Osteoblast Differentiation (GO:0045667),2/85,0.9009041062075728,0.983322399229092,0,0,0.5096961818352386,0.0531900879071042,TENT5A;FGF23,GO_Biological_Process_2023
GO_Biological_Process_2023,Epidermis Development (GO:0008544),2/85,0.9009041062075728,0.983322399229092,0,0,0.5096961818352386,0.0531900879071042,LAMB3;KRT9,GO_Biological_Process_2023
GO_Biological_Process_2023,Establishment Of Protein Localization To Organelle (GO:0072594),2/85,0.9009041062075728,0.983322399229092,0,0,0.5096961818352386,0.0531900879071042,KPNA3;KPNB1,GO_Biological_Process_2023
GO_Biological_Process_2023,Macromolecule Catabolic Process (GO:0009057),2/85,0.9009041062075728,0.983322399229092,0,0,0.5096961818352386,0.0531900879071042,RNASEH2C;HTRA2,GO_Biological_Process_2023
GO_Biological_Process_2023,Positive Regulation Of Endothelial Cell Migration (GO:0010595),2/85,0.9009041062075728,0.983322399229092,0,0,0.5096961818352386,0.0531900879071042,PLCG1;CALR,GO_Biological_Process_2023
GO_Biological_Process_2023,Positive Regulation Of Protein Serine/Threonine Kinase Activity (GO:0071902),3/117,0.9023491992758028,0.9844846510430062,0,0,0.556353299730395,0.0571673572458894,DDX3X;HRAS;TLR4,GO_Biological_Process_2023
GO_Biological_Process_2023,Negative Regulation Of Angiogenesis (GO:0016525),2/86,0.9044916201244178,0.9844993140516582,0,0,0.5036018856930982,0.0505526847695792,SEMA6A;CREB3L1,GO_Biological_Process_2023
GO_Biological_Process_2023,Cholesterol Transport (GO:0030301),1/51,0.9050028713459752,0.9844993140516582,0,0,0.4233111111111111,0.0422537139782196,APOE,GO_Biological_Process_2023
GO_Biological_Process_2023,Sensory Perception (GO:0007600),1/51,0.9050028713459752,0.9844993140516582,0,0,0.4233111111111111,0.0422537139782196,OPRM1,GO_Biological_Process_2023
GO_Biological_Process_2023,Positive Regulation Of DNA Recombination (GO:0045911),1/51,0.9050028713459752,0.9844993140516582,0,0,0.4233111111111111,0.0422537139782196,FUS,GO_Biological_Process_2023
GO_Biological_Process_2023,Regulation Of Small GTPase Mediated Signal Transduction (GO:0051056),3/118,0.9054384907799896,0.9844993140516582,0,0,0.5514863948871889,0.0547824152560066,ARHGEF3;CYRIB;CGNL1,GO_Biological_Process_2023
GO_Biological_Process_2023,Axon Guidance (GO:0007411),4/149,0.9079466315509211,0.9844993140516582,0,0,0.5829085457271365,0.0562912905253719,EPHA6;SEMA6A;EPHA10;FYN,GO_Biological_Process_2023
GO_Biological_Process_2023,Regulation Of Protein Kinase Activity (GO:0045859),3/119,0.90843910740651,0.9844993140516582,0,0,0.5467034021964519,0.0524985165684323,CDKN1A;CAMK2N2;CARTPT,GO_Biological_Process_2023
GO_Biological_Process_2023,Regulation Of Protein-Containing Complex Assembly (GO:0043254),3/119,0.90843910740651,0.9844993140516582,0,0,0.5467034021964519,0.0524985165684323,DDX3X;APOE;FNIP2,GO_Biological_Process_2023
GO_Biological_Process_2023,Regulation Of Canonical Wnt Signaling Pathway (GO:0060828),6/207,0.9089774499932248,0.9844993140516582,0,0,0.6303010089218711,0.0601527721225909,PPM1B;DDX3X;IGFBP2;LRRK1;APOE;TMEM131L,GO_Biological_Process_2023
GO_Biological_Process_2023,Regulation Of Protein Localization To Nucleus (GO:1900180),1/52,0.9092933474628416,0.9844993140516582,0,0,0.4149891067538126,0.0394602859780681,PLK1,GO_Biological_Process_2023
GO_Biological_Process_2023,Cardiac Muscle Tissue Development (GO:0048738),1/52,0.9092933474628416,0.9844993140516582,0,0,0.4149891067538126,0.0394602859780681,CBY1,GO_Biological_Process_2023
GO_Biological_Process_2023,Fatty Acid Oxidation (GO:0019395),1/52,0.9092933474628416,0.9844993140516582,0,0,0.4149891067538126,0.0394602859780681,ECHDC2,GO_Biological_Process_2023
GO_Biological_Process_2023,Positive Regulation Of Transcription Initiation By RNA Polymerase II (GO:0060261),1/52,0.9092933474628416,0.9844993140516582,0,0,0.4149891067538126,0.0394602859780681,TAF10,GO_Biological_Process_2023
GO_Biological_Process_2023,Regulation Of Cell Development (GO:0060284),1/52,0.9092933474628416,0.9844993140516582,0,0,0.4149891067538126,0.0394602859780681,RPS19,GO_Biological_Process_2023
GO_Biological_Process_2023,Regulation Of Double-Strand Break Repair (GO:2000779),2/88,0.911305347788972,0.9844993140516582,0,0,0.4918384768605944,0.0456806096946979,MGMT;DPF2,GO_Biological_Process_2023
GO_Biological_Process_2023,Regulation Of Endothelial Cell Migration (GO:0010594),2/88,0.911305347788972,0.9844993140516582,0,0,0.4918384768605944,0.0456806096946979,APOE;CALR,GO_Biological_Process_2023
GO_Biological_Process_2023,Positive Regulation Of Cell Adhesion (GO:0045785),2/88,0.911305347788972,0.9844993140516582,0,0,0.4918384768605944,0.0456806096946979,P2RY12;ECM2,GO_Biological_Process_2023
GO_Biological_Process_2023,Inflammatory Response (GO:0006954),7/236,0.9113198193720616,0.9844993140516582,0,0,0.6452038334163711,0.0599145178723294,PRDX5;NRROS;BDKRB2;FOS;F11R;TLR4;TLR3,GO_Biological_Process_2023
GO_Biological_Process_2023,Endosomal Transport (GO:0016197),5/180,0.9124700684612496,0.9844993140516582,0,0,0.6034438775510204,0.0552754566189038,ZFYVE9;BLOC1S1;RAB13;VPS26B;PLEKHJ1,GO_Biological_Process_2023
GO_Biological_Process_2023,Regulation Of Cyclin-Dependent Protein Kinase Activity (GO:1904029),1/53,0.913390248108182,0.9844993140516582,0,0,0.4069871794871795,0.0368698048518369,CDKN1A,GO_Biological_Process_2023
GO_Biological_Process_2023,Actin Cytoskeleton Reorganization (GO:0031532),1/53,0.913390248108182,0.9844993140516582,0,0,0.4069871794871795,0.0368698048518369,FLNA,GO_Biological_Process_2023
GO_Biological_Process_2023,Regulation Of Macromolecule Biosynthetic Process (GO:0010556),1/53,0.913390248108182,0.9844993140516582,0,0,0.4069871794871795,0.0368698048518369,RBM3,GO_Biological_Process_2023
GO_Biological_Process_2023,Blood Vessel Morphogenesis (GO:0048514),1/53,0.913390248108182,0.9844993140516582,0,0,0.4069871794871795,0.0368698048518369,ITGB8,GO_Biological_Process_2023
GO_Biological_Process_2023,Carboxylic Acid Transport (GO:0046942),1/53,0.913390248108182,0.9844993140516582,0,0,0.4069871794871795,0.0368698048518369,SLC38A2,GO_Biological_Process_2023
GO_Biological_Process_2023,Regulation Of Receptor Signaling Pathway Via JAK-STAT (GO:0046425),1/53,0.913390248108182,0.9844993140516582,0,0,0.4069871794871795,0.0368698048518369,VHL,GO_Biological_Process_2023
GO_Biological_Process_2023,Cellular Response To Alcohol (GO:0097306),1/53,0.913390248108182,0.9844993140516582,0,0,0.4069871794871795,0.0368698048518369,GLRA1,GO_Biological_Process_2023
GO_Biological_Process_2023,Glycoprotein Metabolic Process (GO:0009100),1/53,0.913390248108182,0.9844993140516582,0,0,0.4069871794871795,0.0368698048518369,ST8SIA4,GO_Biological_Process_2023
GO_Biological_Process_2023,Protein Homotetramerization (GO:0051289),1/53,0.913390248108182,0.9844993140516582,0,0,0.4069871794871795,0.0368698048518369,CBY1,GO_Biological_Process_2023
GO_Biological_Process_2023,"Regulation Of Alternative mRNA Splicing, Via Spliceosome (GO:0000381)",1/53,0.913390248108182,0.9844993140516582,0,0,0.4069871794871795,0.0368698048518369,HNRNPA1,GO_Biological_Process_2023
GO_Biological_Process_2023,Regulation Of Protein Phosphorylation (GO:0001932),8/265,0.914220750192682,0.9849172105883152,0,0,0.6567988810506272,0.058903835714825,CDKN1A;FYN;HRAS;FGF23;MT3;FNIP2;MOB3B;FGF22,GO_Biological_Process_2023
GO_Biological_Process_2023,Positive Regulation Of Peptidyl-Serine Phosphorylation (GO:0033138),2/89,0.9145388081322172,0.9849172105883152,0,0,0.4861595898380064,0.0434312495612018,CALCR;FNIP2,GO_Biological_Process_2023
GO_Biological_Process_2023,Receptor-Mediated Endocytosis (GO:0006898),3/122,0.9169299236065076,0.9854338789888932,0,0,0.5328367427149033,0.0462098556051401,CALCRL;GRK2;APOE,GO_Biological_Process_2023
GO_Biological_Process_2023,Regulation Of Exocytosis (GO:0017157),1/54,0.9173022975524268,0.9854338789888932,0,0,0.3992872117400419,0.0344657541108902,RAB13,GO_Biological_Process_2023
GO_Biological_Process_2023,Regulation Of Myoblast Differentiation (GO:0045661),1/54,0.9173022975524268,0.9854338789888932,0,0,0.3992872117400419,0.0344657541108902,XKR8,GO_Biological_Process_2023
GO_Biological_Process_2023,Endoplasmic Reticulum Organization (GO:0007029),1/54,0.9173022975524268,0.9854338789888932,0,0,0.3992872117400419,0.0344657541108902,VAPA,GO_Biological_Process_2023
GO_Biological_Process_2023,Organelle Disassembly (GO:1903008),1/54,0.9173022975524268,0.9854338789888932,0,0,0.3992872117400419,0.0344657541108902,DDRGK1,GO_Biological_Process_2023
GO_Biological_Process_2023,Peptidyl-Tyrosine Modification (GO:0018212),1/54,0.9173022975524268,0.9854338789888932,0,0,0.3992872117400419,0.0344657541108902,FYN,GO_Biological_Process_2023
GO_Biological_Process_2023,Positive Regulation Of Nucleic Acid-Templated Transcription (GO:1903508),19/557,0.9187889108990624,0.9861688755900556,0,0,0.7431972789115646,0.0629479751755631,EGR1;TAF15;ZBTB16;TAF10;ATAD2;NME2;EDF1;RNF6;FOS;INHBA;HNRNPAB;MT3;FLI1;FOXO1;TFPT;NKX2-1;PCBD2;APOE;VHL,GO_Biological_Process_2023
GO_Biological_Process_2023,Organelle Assembly (GO:0070925),10/322,0.9190909703501792,0.9861688755900556,0,0,0.6758108146997036,0.0570182754285057,MKKS;MAP1LC3A;KIF3B;IST1;ARL3;CEP131;UBQLN1;PLA2G3;FLNA;TEKT4,GO_Biological_Process_2023
GO_Biological_Process_2023,Positive Regulation Of Epithelial Cell Proliferation (GO:0050679),3/123,0.919596707973984,0.9861688755900556,0,0,0.5283685968819599,0.0442878906339767,NR4A3;NME2;HRAS,GO_Biological_Process_2023
GO_Biological_Process_2023,Positive Regulation Of MAP Kinase Activity (GO:0043406),2/91,0.9206764170022532,0.9861688755900556,0,0,0.47518466210896,0.039272417233183,HRAS;TLR4,GO_Biological_Process_2023
GO_Biological_Process_2023,Regulation Of Actin Cytoskeleton Organization (GO:0032956),2/91,0.9206764170022532,0.9861688755900556,0,0,0.47518466210896,0.039272417233183,F11R;HRAS,GO_Biological_Process_2023
GO_Biological_Process_2023,Ceramide Metabolic Process (GO:0006672),1/55,0.9210378273383648,0.9861688755900556,0,0,0.3918724279835391,0.0322331419137957,GDF1,GO_Biological_Process_2023
GO_Biological_Process_2023,Neuron Migration (GO:0001764),1/55,0.9210378273383648,0.9861688755900556,0,0,0.3918724279835391,0.0322331419137957,DDIT4,GO_Biological_Process_2023
GO_Biological_Process_2023,Regulation Of Autophagy (GO:0010506),7/241,0.921392367167855,0.9861688755900556,0,0,0.6312501195051531,0.0516800120150251,PLEKHF1;UBQLN1;HTRA2;VPS26B;VHL;FOXO1;CDK16,GO_Biological_Process_2023
GO_Biological_Process_2023,Protein Modification Process (GO:0036211),25/711,0.9214146427394146,0.9861688755900556,0,0,0.766013352503428,0.0626944660702844,EPHA10;LRRK1;RSKR;SERP2;GRK2;ACVR1C;ST8SIA4;MAPK1;FYN;MAP3K9;MAP3K6;ST3GAL1;FNIP2;CDK17;EPHA6;TAF10;PLK1;IRAK3;BAZ1B;PPM1B;PTPRA;PFDN1;PHPT1;SGK1;CDK16,GO_Biological_Process_2023
GO_Biological_Process_2023,Protein Dephosphorylation (GO:0006470),3/124,0.9221851000156002,0.98632130671674,0,0,0.5239743046991477,0.0424468002028667,PPM1B;PTPRA;PHPT1,GO_Biological_Process_2023
GO_Biological_Process_2023,Protein Localization (GO:0008104),11/351,0.9226231761822268,0.98632130671674,0,0,0.6819200264375413,0.0549180117651407,ARL4D;TMED9;CDAN1;IST1;RAB24;CBY1;FLNA;LAMTOR2;ROMO1;VPS26B;DRD2,GO_Biological_Process_2023
GO_Biological_Process_2023,Positive Regulation Of Apoptotic Process (GO:0043065),8/270,0.9235548046040066,0.98632130671674,0,0,0.6440935862475744,0.0512216304609901,TFPT;DDX3X;PTGIS;ACVR1C;PAWR;HTRA2;FOXO1;GADD45G,GO_Biological_Process_2023
GO_Biological_Process_2023,RNA Polymerase II Preinitiation Complex Assembly (GO:0051123),1/56,0.9246047938978478,0.98632130671674,0,0,0.3847272727272727,0.0301583410175659,TAF10,GO_Biological_Process_2023
GO_Biological_Process_2023,Regulation Of Stem Cell Population Maintenance (GO:2000036),1/56,0.9246047938978478,0.98632130671674,0,0,0.3847272727272727,0.0301583410175659,DPF2,GO_Biological_Process_2023
GO_Biological_Process_2023,Nucleotide-Excision Repair (GO:0006289),1/56,0.9246047938978478,0.98632130671674,0,0,0.3847272727272727,0.0301583410175659,NTHL1,GO_Biological_Process_2023
GO_Biological_Process_2023,Peptide Metabolic Process (GO:0006518),1/56,0.9246047938978478,0.98632130671674,0,0,0.3847272727272727,0.0301583410175659,LNPEP,GO_Biological_Process_2023
GO_Biological_Process_2023,post-Golgi Vesicle-Mediated Transport (GO:0006892),1/56,0.9246047938978478,0.98632130671674,0,0,0.3847272727272727,0.0301583410175659,ARL3,GO_Biological_Process_2023
GO_Biological_Process_2023,Nervous System Development (GO:0007399),14/433,0.9262325096987488,0.9866074173383224,0,0,0.7036671303608474,0.053922001972774,SH3GL3;COX7B;PPP1R17;SZT2;SEMA6A;SHC3;ZBTB16;SLC2A1;INHBA;MERTK;ACVR1C;DPF2;ST8SIA4;DRD2,GO_Biological_Process_2023
GO_Biological_Process_2023,Regulation Of Peptidyl-Serine Phosphorylation (GO:0033135),2/93,0.926397308439344,0.9866074173383224,0,0,0.4646921487855859,0.0355266802030678,CALCR;FNIP2,GO_Biological_Process_2023
GO_Biological_Process_2023,Positive Regulation Of Protein Kinase B Signaling (GO:0051897),2/93,0.926397308439344,0.9866074173383224,0,0,0.4646921487855859,0.0355266802030678,P2RY12;CALCR,GO_Biological_Process_2023
GO_Biological_Process_2023,Protein O-linked Glycosylation (GO:0006493),2/93,0.926397308439344,0.9866074173383224,0,0,0.4646921487855859,0.0355266802030678,DPM3;ST3GAL1,GO_Biological_Process_2023
GO_Biological_Process_2023,Protein-Containing Complex Organization (GO:0043933),3/126,0.9271345294567076,0.9869865529454834,0,0,0.5154000760497582,0.0389934176388188,SLC2A1;KPNA3;SHANK1,GO_Biological_Process_2023
GO_Biological_Process_2023,Regulation Of Transcription Initiation By RNA Polymerase II (GO:0060260),1/57,0.9280107955066318,0.9870597719106105,0,0,0.3778373015873016,0.0282289476702995,TAF10,GO_Biological_Process_2023
GO_Biological_Process_2023,Endosome To Lysosome Transport (GO:0008333),1/57,0.9280107955066318,0.9870597719106105,0,0,0.3778373015873016,0.0282289476702995,PLEKHF1,GO_Biological_Process_2023
GO_Biological_Process_2023,Positive Regulation Of Programmed Cell Death (GO:0043068),7/245,0.928720988625137,0.9870597719106105,0,0,0.620509277536518,0.0458847501844918,TFPT;DDX3X;ACVR1C;PAWR;HTRA2;FOXO1;GADD45G,GO_Biological_Process_2023
GO_Biological_Process_2023,Sphingolipid Metabolic Process (GO:0006665),2/94,0.929109565139497,0.9870597719106105,0,0,0.459616965710693,0.0337949958529533,GDF1;SGPP1,GO_Biological_Process_2023
GO_Biological_Process_2023,Vesicle Organization (GO:0016050),2/94,0.929109565139497,0.9870597719106105,0,0,0.459616965710693,0.0337949958529533,PLEKHF1;PLEKHJ1,GO_Biological_Process_2023
GO_Biological_Process_2023,Positive Regulation Of DNA-binding Transcription Factor Activity (GO:0051091),7/246,0.9304571634148472,0.9877828944509338,0,0,0.617880242996078,0.044536338359036,BEX1;DDRGK1;RIPK4;IRAK3;TLR4;HSPA1B;HSPA1A,GO_Biological_Process_2023
GO_Biological_Process_2023,Peptidyl-Threonine Phosphorylation (GO:0018107),1/58,0.9312630881502564,0.9877828944509338,0,0,0.3711890838206628,0.0264336571162604,MAPK1,GO_Biological_Process_2023
GO_Biological_Process_2023,Positive Regulation Of Transmembrane Receptor Protein Serine/Threonine Kinase Signaling Pathway (GO:0090100),2/95,0.9317271766594806,0.9877828944509338,0,0,0.4546509263578408,0.0321507475805429,GDF1;INHBA,GO_Biological_Process_2023
GO_Biological_Process_2023,DNA Damage Response (GO:0006974),12/384,0.9318494033285868,0.9877828944509338,0,0,0.6795239304764323,0.0479635590789331,SETX;FAM111A;POLQ;CDKN1A;NSMCE4A;MGMT;HTRA2;NUPR2;BAZ1B;MACROH2A1;FNIP2;FOXO1,GO_Biological_Process_2023
GO_Biological_Process_2023,Regulation Of Macroautophagy (GO:0016241),2/96,0.9342531536695248,0.9877828944509338,0,0,0.4497905474167514,0.0305892813359521,UBQLN1;VPS26B,GO_Biological_Process_2023
GO_Biological_Process_2023,DNA-templated Transcription Initiation (GO:0006352),1/59,0.934368601201366,0.9877828944509338,0,0,0.3647701149425287,0.0247621532038214,TAF10,GO_Biological_Process_2023
GO_Biological_Process_2023,Regulation Of Multicellular Organismal Development (GO:2000026),1/59,0.934368601201366,0.9877828944509338,0,0,0.3647701149425287,0.0247621532038214,TFPT,GO_Biological_Process_2023
GO_Biological_Process_2023,Regulation Of Type I Interferon Production (GO:0032479),1/59,0.934368601201366,0.9877828944509338,0,0,0.3647701149425287,0.0247621532038214,DDX3X,GO_Biological_Process_2023
GO_Biological_Process_2023,Transcription Preinitiation Complex Assembly (GO:0070897),1/59,0.934368601201366,0.9877828944509338,0,0,0.3647701149425287,0.0247621532038214,TAF10,GO_Biological_Process_2023
GO_Biological_Process_2023,Heart Morphogenesis (GO:0003007),1/59,0.934368601201366,0.9877828944509338,0,0,0.3647701149425287,0.0247621532038214,TBX19,GO_Biological_Process_2023
GO_Biological_Process_2023,Negative Regulation Of Protein-Containing Complex Assembly (GO:0031333),1/59,0.934368601201366,0.9877828944509338,0,0,0.3647701149425287,0.0247621532038214,DDX3X,GO_Biological_Process_2023
GO_Biological_Process_2023,Regulation Of Cell Death (GO:0010941),1/59,0.934368601201366,0.9877828944509338,0,0,0.3647701149425287,0.0247621532038214,HSPA1B,GO_Biological_Process_2023
GO_Biological_Process_2023,Monocarboxylic Acid Metabolic Process (GO:0032787),2/97,0.9366904282892936,0.9888987781726012,0,0,0.4450324922428429,0.0291062096987861,GAMT;ACADSB,GO_Biological_Process_2023
GO_Biological_Process_2023,Modification-Dependent Protein Catabolic Process (GO:0019941),5/192,0.9371708750426362,0.9888987781726012,0,0,0.5643621084797555,0.0366212593522436,RNF11;HACE1;KLHL15;RNF19B;RNF6,GO_Biological_Process_2023
GO_Biological_Process_2023,Regulation Of Extrinsic Apoptotic Signaling Pathway (GO:2001236),1/60,0.9373339519642964,0.9888987781726012,0,0,0.3585687382297551,0.0232050106600872,TLR4,GO_Biological_Process_2023
GO_Biological_Process_2023,Sterol Metabolic Process (GO:0016125),1/60,0.9373339519642964,0.9888987781726012,0,0,0.3585687382297551,0.0232050106600872,APOE,GO_Biological_Process_2023
GO_Biological_Process_2023,Histone Acetylation (GO:0016573),1/60,0.9373339519642964,0.9888987781726012,0,0,0.3585687382297551,0.0232050106600872,TAF10,GO_Biological_Process_2023
GO_Biological_Process_2023,Synapse Organization (GO:0050808),3/131,0.938269685449202,0.9893698404103576,0,0,0.4951367622494432,0.0315490549768106,C1QA;TNC;DRD2,GO_Biological_Process_2023
GO_Biological_Process_2023,Phosphatidylinositol Biosynthetic Process (GO:0006661),2/98,0.9390418544736796,0.9893698404103576,0,0,0.4403735632183908,0.0276973953611874,DPM3;SOCS5,GO_Biological_Process_2023
GO_Biological_Process_2023,Positive Regulation Of Cold-Induced Thermogenesis (GO:0120162),2/98,0.9390418544736796,0.9893698404103576,0,0,0.4403735632183908,0.0276973953611874,CNKSR2;GADD45G,GO_Biological_Process_2023
GO_Biological_Process_2023,Epithelial Cell Differentiation (GO:0030855),3/132,0.9402988715682354,0.9893698404103576,0,0,0.4912725954317087,0.03024151563095,ANXA4;EDF1;KRT9,GO_Biological_Process_2023
GO_Biological_Process_2023,Axon Development (GO:0061564),2/99,0.9413102095477176,0.9893698404103576,0,0,0.4358106945861954,0.0263589352691906,S100A6;DRD2,GO_Biological_Process_2023
GO_Biological_Process_2023,Negative Regulation Of Cell Motility (GO:2000146),3/133,0.9422661488307352,0.9893698404103576,0,0,0.487467877334247,0.0289885000890306,NKX2-1;DRD2;SRGAP1,GO_Biological_Process_2023
GO_Biological_Process_2023,Positive Regulation Of MAPK Cascade (GO:0043410),9/310,0.9424253949334012,0.9893698404103576,0,0,0.6301193331644891,0.0373651434782476,NDRG4;CALCR;APOE;CARTPT;OPRM1;ADRA2C;HRAS;TLR4;MT3,GO_Biological_Process_2023
GO_Biological_Process_2023,Cell Junction Organization (GO:0034330),1/62,0.9428691589302868,0.9893698404103576,0,0,0.346775956284153,0.0204000512680959,C1QA,GO_Biological_Process_2023
GO_Biological_Process_2023,mRNA Export From Nucleus (GO:0006406),1/62,0.9428691589302868,0.9893698404103576,0,0,0.346775956284153,0.0204000512680959,PABPN1,GO_Biological_Process_2023
GO_Biological_Process_2023,Negative Regulation Of Kinase Activity (GO:0033673),1/62,0.9428691589302868,0.9893698404103576,0,0,0.346775956284153,0.0204000512680959,CAMK2N2,GO_Biological_Process_2023
GO_Biological_Process_2023,Phosphatidylinositol-Mediated Signaling (GO:0048015),1/62,0.9428691589302868,0.9893698404103576,0,0,0.346775956284153,0.0204000512680959,PLCG1,GO_Biological_Process_2023
GO_Biological_Process_2023,Protein Lipidation (GO:0006497),1/62,0.9428691589302868,0.9893698404103576,0,0,0.346775956284153,0.0204000512680959,DPM3,GO_Biological_Process_2023
GO_Biological_Process_2023,Regulation Of T Cell Activation (GO:0050863),1/62,0.9428691589302868,0.9893698404103576,0,0,0.346775956284153,0.0204000512680959,CYRIB,GO_Biological_Process_2023
GO_Biological_Process_2023,Response To UV (GO:0009411),2/100,0.9434981952914856,0.9893698404103576,0,0,0.431340945722004,0.0250871461031666,CIRBP;COPS9,GO_Biological_Process_2023
GO_Biological_Process_2023,Positive Regulation Of Cell Differentiation (GO:0045597),8/283,0.9438215658839546,0.9893698404103576,0,0,0.6132220299297567,0.0354553632446228,XKR8;PCP4;ZBTB16;PLA2G3;TENT5A;VHL;ADRA2C;MACROH2A1,GO_Biological_Process_2023
GO_Biological_Process_2023,Endomembrane System Organization (GO:0010256),5/196,0.9438947492520602,0.9893698404103576,0,0,0.5524261406133134,0.0318974242663622,TMED9;HACE1;PLEKHF1;VAPA;PLEKHJ1,GO_Biological_Process_2023
GO_Biological_Process_2023,Cytokine-Mediated Signaling Pathway (GO:0019221),7/257,0.9472387061134496,0.9903770489779496,0,0,0.5903489932885906,0.0319993665472845,NFKBIA;EGR1;IL1R1;IRAK3;MT3;IL12RB2;SOCS5,GO_Biological_Process_2023
GO_Biological_Process_2023,Protein Catabolic Process (GO:0030163),2/102,0.9476434940164852,0.9903770489779496,0,0,0.4226696329254727,0.0227298662262367,HTRA2;APOE,GO_Biological_Process_2023
GO_Biological_Process_2023,Regulation Of Protein Kinase B Signaling (GO:0051896),3/136,0.9478129950983588,0.9903770489779496,0,0,0.4763970058777232,0.0255339547047876,P2RY12;CALCR;DRD2,GO_Biological_Process_2023
GO_Biological_Process_2023,Regulation Of Secretion By Cell (GO:1903530),1/64,0.9479159240507374,0.9903770489779496,0,0,0.335731922398589,0.0179581220440377,RAB13,GO_Biological_Process_2023
GO_Biological_Process_2023,Cellular Response To Virus (GO:0098586),1/64,0.9479159240507374,0.9903770489779496,0,0,0.335731922398589,0.0179581220440377,DDX3X,GO_Biological_Process_2023
GO_Biological_Process_2023,Response To Metal Ion (GO:0010038),1/64,0.9479159240507374,0.9903770489779496,0,0,0.335731922398589,0.0179581220440377,ITPR3,GO_Biological_Process_2023
GO_Biological_Process_2023,Endocytic Recycling (GO:0032456),1/64,0.9479159240507374,0.9903770489779496,0,0,0.335731922398589,0.0179581220440377,RAB13,GO_Biological_Process_2023
GO_Biological_Process_2023,Positive Regulation Of T Cell Differentiation (GO:0045582),1/64,0.9479159240507374,0.9903770489779496,0,0,0.335731922398589,0.0179581220440377,VSIR,GO_Biological_Process_2023
GO_Biological_Process_2023,Supramolecular Fiber Organization (GO:0097435),9/316,0.9499293061247488,0.990438155937279,0,0,0.6176071047749814,0.0317250637402336,MYO1E;FUS;STMN1;PXDN;FYN;VHL;HNRNPA1;CGNL1;KRT9,GO_Biological_Process_2023
GO_Biological_Process_2023,RNA Export From Nucleus (GO:0006405),1/65,0.9502697486860568,0.990438155937279,0,0,0.33046875,0.0168570089243521,HNRNPA1,GO_Biological_Process_2023
GO_Biological_Process_2023,Canonical Wnt Signaling Pathway (GO:0060070),1/65,0.9502697486860568,0.990438155937279,0,0,0.33046875,0.0168570089243521,WNT9A,GO_Biological_Process_2023
GO_Biological_Process_2023,Cellular Response To Light Stimulus (GO:0071482),1/65,0.9502697486860568,0.990438155937279,0,0,0.33046875,0.0168570089243521,COPS9,GO_Biological_Process_2023
GO_Biological_Process_2023,Monocarboxylic Acid Biosynthetic Process (GO:0072330),1/65,0.9502697486860568,0.990438155937279,0,0,0.33046875,0.0168570089243521,GAMT,GO_Biological_Process_2023
GO_Biological_Process_2023,Positive Regulation Of T Cell Proliferation (GO:0042102),1/65,0.9502697486860568,0.990438155937279,0,0,0.33046875,0.0168570089243521,IGFBP2,GO_Biological_Process_2023
GO_Biological_Process_2023,Regulation Of Endocytosis (GO:0030100),1/66,0.9525173050528544,0.9911644632520226,0,0,0.3253675213675214,0.0158281551498201,APOE,GO_Biological_Process_2023
GO_Biological_Process_2023,Peptidyl-Threonine Modification (GO:0018210),1/66,0.9525173050528544,0.9911644632520226,0,0,0.3253675213675214,0.0158281551498201,MAPK1,GO_Biological_Process_2023
GO_Biological_Process_2023,Lysosomal Transport (GO:0007041),2/105,0.9533219967704556,0.9911644632520226,0,0,0.4102940700022679,0.0196131050142725,PLEKHF1;HSPA1A,GO_Biological_Process_2023
GO_Biological_Process_2023,Regulation Of Neurogenesis (GO:0050767),1/67,0.9546633858975228,0.9911644632520226,0,0,0.3204208754208754,0.0148663994997719,OPRM1,GO_Biological_Process_2023
GO_Biological_Process_2023,Negative Regulation Of Cellular Catabolic Process (GO:0031330),1/67,0.9546633858975228,0.9911644632520226,0,0,0.3204208754208754,0.0148663994997719,VHL,GO_Biological_Process_2023
GO_Biological_Process_2023,Peptidyl-Tyrosine Phosphorylation (GO:0018108),1/67,0.9546633858975228,0.9911644632520226,0,0,0.3204208754208754,0.0148663994997719,FYN,GO_Biological_Process_2023
GO_Biological_Process_2023,Positive Regulation Of Cell Growth (GO:0030307),2/106,0.9550804174301596,0.9911644632520226,0,0,0.4063275434243176,0.0186747063463432,DDX3X;ISLR2,GO_Biological_Process_2023
GO_Biological_Process_2023,Regulation Of MAPK Cascade (GO:0043408),5/204,0.9554284353735418,0.9911644632520226,0,0,0.5299937185929648,0.0241652839043943,MAPK1;CARTPT;ADRA2C;HRAS;DUSP9,GO_Biological_Process_2023
GO_Biological_Process_2023,Regulation Of Angiogenesis (GO:0045765),5/205,0.9567070769860336,0.9911644632520226,0,0,0.5273158482142857,0.0233379548486446,SEMA6A;PTGIS;ITGB8;PLCG1;ANGPTL4,GO_Biological_Process_2023
GO_Biological_Process_2023,Skin Development (GO:0043588),1/68,0.9567125677706824,0.9911644632520226,0,0,0.3156218905472637,0.0139669882113431,KRT9,GO_Biological_Process_2023
GO_Biological_Process_2023,Intermediate Filament Organization (GO:0045109),1/68,0.9567125677706824,0.9911644632520226,0,0,0.3156218905472637,0.0139669882113431,KRT9,GO_Biological_Process_2023
GO_Biological_Process_2023,Response To Tumor Necrosis Factor (GO:0034612),2/108,0.958408982924776,0.9911644632520226,0,0,0.3986190106407539,0.0169336061666329,NFKBIA;ZFAND6,GO_Biological_Process_2023
GO_Biological_Process_2023,Positive Regulation Of Metabolic Process (GO:0009893),2/108,0.958408982924776,0.9911644632520226,0,0,0.3986190106407539,0.0169336061666329,CNKSR2;GADD45G,GO_Biological_Process_2023
GO_Biological_Process_2023,DNA-templated DNA Replication (GO:0006261),1/69,0.958669221144191,0.9911644632520226,0,0,0.3109640522875817,0.0131255389619374,CDC45,GO_Biological_Process_2023
GO_Biological_Process_2023,Regulation Of Heart Contraction (GO:0008016),1/69,0.958669221144191,0.9911644632520226,0,0,0.3109640522875817,0.0131255389619374,TMEM65,GO_Biological_Process_2023
GO_Biological_Process_2023,Phospholipid Metabolic Process (GO:0006644),1/69,0.958669221144191,0.9911644632520226,0,0,0.3109640522875817,0.0131255389619374,PLA2G3,GO_Biological_Process_2023
GO_Biological_Process_2023,Extracellular Matrix Organization (GO:0030198),4/176,0.9594630391896508,0.9911644632520226,0,0,0.4907054522828031,0.0203061204030631,ECM2;CREB3L1;PXDN;DMP1,GO_Biological_Process_2023
GO_Biological_Process_2023,Intracellular Protein Transport (GO:0006886),9/325,0.959566729774377,0.9911644632520226,0,0,0.5997296645285803,0.0247528940600052,ARL4D;TMED9;RPL11;RAB24;ROMO1;VPS26B;CALR;KPNA3;KPNB1,GO_Biological_Process_2023
GO_Biological_Process_2023,Cell-Matrix Adhesion (GO:0007160),2/109,0.9599833475869426,0.9911644632520226,0,0,0.3948728077926668,0.0161263452231309,ECM2;ITGB8,GO_Biological_Process_2023
GO_Biological_Process_2023,Negative Regulation Of Epithelial Cell Proliferation (GO:0050680),1/70,0.9605375196212146,0.9911644632520226,0,0,0.3064412238325282,0.0123380085500997,APOE,GO_Biological_Process_2023
GO_Biological_Process_2023,Positive Regulation Of Protein Transport (GO:0051222),1/70,0.9605375196212146,0.9911644632520226,0,0,0.3064412238325282,0.0123380085500997,CEP131,GO_Biological_Process_2023
GO_Biological_Process_2023,Regulation Of G Protein-Coupled Receptor Signaling Pathway (GO:0008277),1/70,0.9605375196212146,0.9911644632520226,0,0,0.3064412238325282,0.0123380085500997,CALCR,GO_Biological_Process_2023
GO_Biological_Process_2023,Regulation Of Notch Signaling Pathway (GO:0008593),1/70,0.9605375196212146,0.9911644632520226,0,0,0.3064412238325282,0.0123380085500997,DTX1,GO_Biological_Process_2023
GO_Biological_Process_2023,Regulation Of Actin Filament Polymerization (GO:0030833),1/70,0.9605375196212146,0.9911644632520226,0,0,0.3064412238325282,0.0123380085500997,CYRIB,GO_Biological_Process_2023
GO_Biological_Process_2023,Regulation Of Cellular Biosynthetic Process (GO:0031326),1/70,0.9605375196212146,0.9911644632520226,0,0,0.3064412238325282,0.0123380085500997,RBM3,GO_Biological_Process_2023
GO_Biological_Process_2023,Myeloid Leukocyte Differentiation (GO:0002573),1/71,0.9623214487216702,0.991698170847138,0,0,0.302047619047619,0.0116006637231426,CBFA2T3,GO_Biological_Process_2023
GO_Biological_Process_2023,Negative Regulation Of Cellular Response To Growth Factor Stimulus (GO:0090288),1/71,0.9623214487216702,0.991698170847138,0,0,0.302047619047619,0.0116006637231426,CREB3L1,GO_Biological_Process_2023
GO_Biological_Process_2023,Positive Regulation Of Transcription By RNA Polymerase II (GO:0045944),32/938,0.9629557828555696,0.991698170847138,0,0,0.7394457611575559,0.0279124390759891,DDX3X;BEX1;FOXO1;DBP;DDRGK1;NKX2-1;MEF2D;HRAS;EGR1;JUND;PRRX1;EGR4;TAF10;ATAD2;ANKRD23;PTOV1;NME2;FOS;INHBA;BAZ1B;FOSL2;SETX;SEM1;NFKBIA;POMC;THAP3;NR4A3;MAFF;RFXAP;PTMA;TLR4;TLR3,GO_Biological_Process_2023
GO_Biological_Process_2023,Negative Regulation Of Cell Adhesion (GO:0007162),1/72,0.964024814350518,0.991698170847138,0,0,0.2977777777777777,0.0109100547833347,SEMA6A,GO_Biological_Process_2023
GO_Biological_Process_2023,Plasma Membrane Organization (GO:0007009),1/72,0.964024814350518,0.991698170847138,0,0,0.2977777777777777,0.0109100547833347,TRIM72,GO_Biological_Process_2023
GO_Biological_Process_2023,Positive Regulation Of Cell Migration (GO:0030335),7/272,0.9642905766547424,0.991698170847138,0,0,0.5564898062555401,0.0202354171899043,DOCK5;SEMA6A;MIEN1;DDRGK1;PLCG1;HRAS;VSIR,GO_Biological_Process_2023
GO_Biological_Process_2023,Positive Regulation Of Multicellular Organismal Process (GO:0051240),11/387,0.964518077930368,0.991698170847138,0,0,0.615446449916328,0.0222340514124663,CNKSR2;RPS19;ZBTB16;CFL1;S100A13;DPF2;NME2;APOE;INHBA;MACROH2A1;GADD45G,GO_Biological_Process_2023
GO_Biological_Process_2023,Positive Regulation Of DNA-templated Transcription (GO:0045893),44/1243,0.9648261772234876,0.991698170847138,0,0,0.7664886043698415,0.0274459035742879,DDX3X;BEX1;RNF6;FOXO1;TFPT;DBP;DDRGK1;NKX2-1;PCBD2;APOE;VHL;MEF2D;HRAS;EGR1;TAF15;JUND;PRRX1;EGR4;ZBTB16;TAF10;ATAD2;ANKRD23;PTOV1;NME2;EDF1;FOS;INHBA;BAZ1B;HNRNPAB;MT3;FLI1;FOSL2;SETX;FOSL1;SEM1;NFKBIA;POMC;THAP3;NR4A3;MAFF;RFXAP;PTMA;TLR4;TLR3,GO_Biological_Process_2023
GO_Biological_Process_2023,DNA Replication (GO:0006260),1/73,0.965651250948488,0.991698170847138,0,0,0.2936265432098765,0.0102629916811919,FAM111A,GO_Biological_Process_2023
GO_Biological_Process_2023,Monocarboxylic Acid Transport (GO:0015718),1/73,0.965651250948488,0.991698170847138,0,0,0.2936265432098765,0.0102629916811919,SLC26A6,GO_Biological_Process_2023
GO_Biological_Process_2023,Positive Regulation Of Secretion By Cell (GO:1903532),1/73,0.965651250948488,0.991698170847138,0,0,0.2936265432098765,0.0102629916811919,GRK2,GO_Biological_Process_2023
GO_Biological_Process_2023,Protein Tetramerization (GO:0051262),1/73,0.965651250948488,0.991698170847138,0,0,0.2936265432098765,0.0102629916811919,CBY1,GO_Biological_Process_2023
GO_Biological_Process_2023,Phosphate-Containing Compound Metabolic Process (GO:0006796),4/184,0.9685569435955456,0.9942071915685152,0,0,0.4686981295676948,0.0149739688767607,NT5C;HKDC1;PLA2G3;GCK,GO_Biological_Process_2023
GO_Biological_Process_2023,Transcription Initiation At RNA Polymerase II Promoter (GO:0006367),1/76,0.9701029178110966,0.9942071915685152,0,0,0.281837037037037,0.008554631228952,TAF10,GO_Biological_Process_2023
GO_Biological_Process_2023,Regulation Of Ras Protein Signal Transduction (GO:0046578),1/76,0.9701029178110966,0.9942071915685152,0,0,0.281837037037037,0.008554631228952,EPS8L2,GO_Biological_Process_2023
GO_Biological_Process_2023,Regulation Of Immune Response (GO:0050776),1/77,0.9714548153174372,0.9942071915685152,0,0,0.2781140350877193,0.0080543274843278,RSAD2,GO_Biological_Process_2023
GO_Biological_Process_2023,Regulation Of Transcription Elongation By RNA Polymerase II (GO:0034243),1/77,0.9714548153174372,0.9942071915685152,0,0,0.2781140350877193,0.0080543274843278,VHL,GO_Biological_Process_2023
GO_Biological_Process_2023,Negative Regulation Of Blood Vessel Morphogenesis (GO:2000181),1/77,0.9714548153174372,0.9942071915685152,0,0,0.2781140350877193,0.0080543274843278,SEMA6A,GO_Biological_Process_2023
GO_Biological_Process_2023,Positive Regulation Of Endothelial Cell Proliferation (GO:0001938),1/77,0.9714548153174372,0.9942071915685152,0,0,0.2781140350877193,0.0080543274843278,PLCG1,GO_Biological_Process_2023
GO_Biological_Process_2023,Positive Regulation Of Cell Cycle Process (GO:0090068),2/118,0.9717992949612038,0.9942071915685152,0,0,0.3640635188523647,0.0104143946522492,DBF4;DRD2,GO_Biological_Process_2023
GO_Biological_Process_2023,Negative Regulation Of Cellular Process (GO:0048523),16/537,0.9726525487570652,0.9942071915685152,0,0,0.6446707223180108,0.0178756575609379,CDKN1A;NDUFA13;DDX3X;HTRA2;WNT9A;INHBA;OPRM1;CBFA2T3;MT3;FABP3;NUPR2;VHL;DRD2;HRAS;HSPA1B;HSPA1A,GO_Biological_Process_2023
GO_Biological_Process_2023,Regulation Of Innate Immune Response (GO:0045088),1/78,0.9727456418095316,0.9942071915685152,0,0,0.2744877344877345,0.0075848227842493,IRAK3,GO_Biological_Process_2023
GO_Biological_Process_2023,Long-Chain Fatty Acid Metabolic Process (GO:0001676),1/78,0.9727456418095316,0.9942071915685152,0,0,0.2744877344877345,0.0075848227842493,PTGR1,GO_Biological_Process_2023
GO_Biological_Process_2023,Cellular Response To Tumor Necrosis Factor (GO:0071356),2/119,0.9728823649025514,0.9942071915685152,0,0,0.3609328503655534,0.0099228032736671,NFKBIA;ZFAND6,GO_Biological_Process_2023
GO_Biological_Process_2023,Positive Regulation Of Cell Motility (GO:2000147),5/221,0.9730865289434598,0.9942071915685152,0,0,0.4878420552248677,0.0133094390071629,MIEN1;DDRGK1;PHPT1;HRAS;VSIR,GO_Biological_Process_2023
GO_Biological_Process_2023,Vesicle Fusion (GO:0006906),1/79,0.9739781529918607,0.9943333746435046,0,0,0.2709544159544159,0.0071440940801085,RAB13,GO_Biological_Process_2023
GO_Biological_Process_2023,Positive Regulation Of Cytoskeleton Organization (GO:0051495),1/79,0.9739781529918607,0.9943333746435046,0,0,0.2709544159544159,0.0071440940801085,PFDN2,GO_Biological_Process_2023
GO_Biological_Process_2023,Wound Healing (GO:0042060),1/80,0.9751549807047754,0.994750293555817,0,0,0.2675105485232067,0.0067302620565159,TRIM72,GO_Biological_Process_2023
GO_Biological_Process_2023,Positive Regulation Of Immune Response (GO:0050778),1/80,0.9751549807047754,0.994750293555817,0,0,0.2675105485232067,0.0067302620565159,RSAD2,GO_Biological_Process_2023
GO_Biological_Process_2023,Histone Modification (GO:0016570),1/81,0.9762786378296848,0.995112359583092,0,0,0.2641527777777778,0.0063415801190833,TAF10,GO_Biological_Process_2023
GO_Biological_Process_2023,Positive Regulation Of Growth (GO:0045927),1/81,0.9762786378296848,0.995112359583092,0,0,0.2641527777777778,0.0063415801190833,DDX3X,GO_Biological_Process_2023
GO_Biological_Process_2023,Cellular Response To Organic Substance (GO:0071310),1/82,0.9773515241659848,0.9955029802095258,0,0,0.260877914951989,0.005976424003845,GDF1,GO_Biological_Process_2023
GO_Biological_Process_2023,Negative Regulation Of Transcription By RNA Polymerase II (GO:0000122),24/763,0.9781427565275944,0.9955029802095258,0,0,0.6798919307579196,0.0150253749177541,CBX8;URI1;JUND;ZBTB16;PLK1;BMI1;MACROH2A1;N4BP2L2;DRAP1;UXT;NR4A3;MAFF;MXI1;NKX2-1;ERF;DPF2;FOSB;INSM2;NUPR2;CALR;ZBED6;FNIP2;HSPA1A;MXD4,GO_Biological_Process_2023
GO_Biological_Process_2023,Regulation Of Epithelial To Mesenchymal Transition (GO:0010717),1/83,0.9783759313225688,0.9955029802095258,0,0,0.2576829268292683,0.0056332824669985,NKX2-1,GO_Biological_Process_2023
GO_Biological_Process_2023,Regulation Of Cell Division (GO:0051302),1/83,0.9783759313225688,0.9955029802095258,0,0,0.2576829268292683,0.0056332824669985,PLK1,GO_Biological_Process_2023
GO_Biological_Process_2023,Response To Cytokine (GO:0034097),2/125,0.9785844282090548,0.9955029802095258,0,0,0.3432178481962795,0.0074300529349501,IL1R1;IRAK3,GO_Biological_Process_2023
GO_Biological_Process_2023,Cytosolic Transport (GO:0016482),2/127,0.9802128836118136,0.9960618266272993,0,0,0.3376907675194661,0.0067489197571094,VPS26B;PLEKHJ1,GO_Biological_Process_2023
GO_Biological_Process_2023,Regulation Of Anatomical Structure Morphogenesis (GO:0022603),2/127,0.9802128836118136,0.9960618266272993,0,0,0.3376907675194661,0.0067489197571094,CFL1;CYRIB,GO_Biological_Process_2023
GO_Biological_Process_2023,Nuclear-Transcribed mRNA Catabolic Process (GO:0000956),1/85,0.9802879622427032,0.9960618266272993,0,0,0.251521164021164,0.0050075125839542,PNRC1,GO_Biological_Process_2023
GO_Biological_Process_2023,Exocytosis (GO:0006887),1/86,0.9811796708125136,0.996576762547508,0,0,0.2485490196078431,0.0047223532067322,CDK16,GO_Biological_Process_2023
GO_Biological_Process_2023,Regulation Of Intracellular Signal Transduction (GO:1902531),7/297,0.9819566470742992,0.9966763452213876,0,0,0.5078415490241457,0.009246839451414,NFKBIA;ZFAND6;RPL11;ARHGEF3;SGK1;STYXL1;MOB3B,GO_Biological_Process_2023
GO_Biological_Process_2023,Golgi Organization (GO:0007030),2/130,0.9824326122074086,0.9966763452213876,0,0,0.3297239988876529,0.0058438717599666,TMED9;HACE1,GO_Biological_Process_2023
GO_Biological_Process_2023,Positive Regulation Of Peptidyl-Tyrosine Phosphorylation (GO:0050731),2/130,0.9824326122074086,0.9966763452213876,0,0,0.3297239988876529,0.0058438717599666,CTF1;PARP14,GO_Biological_Process_2023
GO_Biological_Process_2023,Organelle Organization (GO:0006996),11/418,0.9828920426515774,0.9967518599392612,0,0,0.5676283024597631,0.0097949878731475,FMNL3;TMED9;HACE1;MREG;SEMA6A;PLEKHF1;VAPA;CFL1;APOE;BRWD1;BRWD3,GO_Biological_Process_2023
GO_Biological_Process_2023,Regulation Of Peptidyl-Tyrosine Phosphorylation (GO:0050730),1/90,0.9843612858687324,0.997850966763566,0,0,0.2373283395755306,0.0037408378480562,FYN,GO_Biological_Process_2023
GO_Biological_Process_2023,Regulation Of Endothelial Cell Proliferation (GO:0001936),1/93,0.9863895580092292,0.9991246344624,0,0,0.2295531400966183,0.0031457762947022,APOE,GO_Biological_Process_2023
GO_Biological_Process_2023,Positive Regulation Of Cellular Component Biogenesis (GO:0044089),1/93,0.9863895580092292,0.9991246344624,0,0,0.2295531400966183,0.0031457762947022,FNIP2,GO_Biological_Process_2023
GO_Biological_Process_2023,Cell Junction Assembly (GO:0034329),1/95,0.9875935145089718,0.9999529171152632,0,0,0.224645390070922,0.0028044929203212,DRD2,GO_Biological_Process_2023
GO_Biological_Process_2023,Positive Regulation Of Supramolecular Fiber Organization (GO:1902905),1/96,0.9881549799619064,0.9999772621572992,0,0,0.2222690058479532,0.0026484977336106,APOE,GO_Biological_Process_2023
GO_Biological_Process_2023,Regulation Of Cell Adhesion (GO:0030155),2/144,0.9899702137944936,0.9999772621572992,0,0,0.2969966629588431,0.0029938521057838,TNC;GPR4,GO_Biological_Process_2023
GO_Biological_Process_2023,Proteasome-Mediated Ubiquitin-Dependent Protein Catabolic Process (GO:0043161),7/319,0.990392542572306,0.9999772621572992,0,0,0.471480095221706,0.0045516248940684,KLHDC2;ANAPC13;TRIM72;KLHL15;UBQLN1;CALR;SEC61B,GO_Biological_Process_2023
GO_Biological_Process_2023,Visual Perception (GO:0007601),1/101,0.9906036562107036,0.9999772621572992,0,0,0.2111,0.0019929461099382,GPR179,GO_Biological_Process_2023
GO_Biological_Process_2023,Sensory Perception Of Light Stimulus (GO:0050953),1/102,0.99102899292988,0.9999772621572992,0,0,0.208998899889989,0.0018833912547878,GPR179,GO_Biological_Process_2023
GO_Biological_Process_2023,Negative Regulation Of Protein Phosphorylation (GO:0001933),2/149,0.991805311773066,0.9999772621572992,0,0,0.2868190657798158,0.0023600761271959,CDKN1A;CAMK2N2,GO_Biological_Process_2023
GO_Biological_Process_2023,Cellular Component Assembly (GO:0022607),5/260,0.9920965034642392,0.9999772621572992,0,0,0.4123774509803921,0.0032721716546542,RSPH1;SLC2A1;PAWR;KPNA3;SHANK1,GO_Biological_Process_2023
GO_Biological_Process_2023,Response To Calcium Ion (GO:0051592),1/106,0.992546450928538,0.9999772621572992,0,0,0.200994708994709,0.0015037349956703,ITPR3,GO_Biological_Process_2023
GO_Biological_Process_2023,Positive Regulation Of T Cell Activation (GO:0050870),1/107,0.9928839030836268,0.9999772621572992,0,0,0.1990880503144654,0.0014217946966377,CYRIB,GO_Biological_Process_2023
GO_Biological_Process_2023,Regulation Of Cell Differentiation (GO:0045595),3/193,0.9931574112864971,0.9999772621572992,0,0,0.3324756769429141,0.0022828134288426,CEBPD;UQCC2;VHL,GO_Biological_Process_2023
GO_Biological_Process_2023,Glycerophospholipid Biosynthetic Process (GO:0046474),1/108,0.9932060877388522,0.9999772621572992,0,0,0.1972170301142263,0.0013444474168701,CHKA,GO_Biological_Process_2023
GO_Biological_Process_2023,Negative Regulation Of Developmental Process (GO:0051093),1/109,0.9935136949772024,0.9999772621572992,0,0,0.195380658436214,0.0012714264482046,HUWE1,GO_Biological_Process_2023
GO_Biological_Process_2023,Regulation Of Wnt Signaling Pathway (GO:0030111),1/109,0.9935136949772024,0.9999772621572992,0,0,0.195380658436214,0.0012714264482046,CBY1,GO_Biological_Process_2023
GO_Biological_Process_2023,Negative Regulation Of DNA-templated Transcription (GO:0045892),31/1025,0.9945570497480958,0.9999772621572992,0,0,0.6490147783251231,0.0035422039399945,URI1;NDUFA13;CBY1;BMI1;N4BP2L2;MACROH2A1;FOXO1;UXT;PRDX5;CREB3L1;MXI1;NKX2-1;DPF2;FLNA;ZBED6;FNIP2;CBX8;JUND;ZBTB16;PLK1;CBFA2T3;DRAP1;NR4A3;MAFF;ERF;FOSB;INSM2;NUPR2;CALR;MXD4;HSPA1A,GO_Biological_Process_2023
GO_Biological_Process_2023,Protein Autophosphorylation (GO:0046777),2/162,0.9951741705699644,0.9999772621572992,0,0,0.2633342602892102,0.0012738824712321,FYN;MAP3K9,GO_Biological_Process_2023
GO_Biological_Process_2023,Vesicle-Mediated Transport (GO:0016192),9/411,0.995812419732372,0.9999772621572992,0,0,0.4692707984739977,0.001969235184787,ARL4D;MYO1E;PLEKHF1;SLC10A7;ZFYVE9;BLOC1S1;RAB13;RHOV;CDK16,GO_Biological_Process_2023
GO_Biological_Process_2023,Regulation Of Cytokine Production (GO:0001817),2/167,0.9960690388784617,0.9999772621572992,0,0,0.2552870192469748,0.0010055009373789,S100A13;CIDEA,GO_Biological_Process_2023
GO_Biological_Process_2023,Membrane Organization (GO:0061024),2/167,0.9960690388784617,0.9999772621572992,0,0,0.2552870192469748,0.0010055009373789,HACE1;VAPA,GO_Biological_Process_2023
GO_Biological_Process_2023,Fatty Acid Metabolic Process (GO:0006631),1/122,0.9964489571254888,0.9999772621572992,0,0,0.1742699724517906,0.0006199415159772446,ACADSB,GO_Biological_Process_2023
GO_Biological_Process_2023,Cell-Cell Adhesion Via Plasma-Membrane Adhesion Molecules (GO:0098742),2/172,0.9968003055044172,0.9999772621572992,0,0,0.2477131453248707,0.000793877148148292,CLDN22;SCARF2,GO_Biological_Process_2023
GO_Biological_Process_2023,Positive Regulation Of Hydrolase Activity (GO:0051345),2/176,0.9972874285406552,0.9999772621572992,0,0,0.2419674478667229,0.0006572458098376957,NDUFA13;HRAS,GO_Biological_Process_2023
GO_Biological_Process_2023,Proteolysis (GO:0006508),6/330,0.9975339809007168,0.9999772621572992,0,0,0.388475067246017,0.0009591700879819912,FAM111A;F12;KLK13;HTRA2;LNPEP;VHL,GO_Biological_Process_2023
GO_Biological_Process_2023,Ubiquitin-Dependent Protein Catabolic Process (GO:0006511),7/367,0.99775977673577,0.9999772621572992,0,0,0.4075720855083271,0.0009140767184825076,KLHDC2;TRIM72;RNF11;HACE1;KLHL15;RNF19B;RNF6,GO_Biological_Process_2023
GO_Biological_Process_2023,Positive Regulation Of Signal Transduction (GO:0009967),4/266,0.9981147109606652,0.9999772621572992,0,0,0.3206106870229007,0.0006050143069286589,PTGIS;FLNA;MT3;SHANK1,GO_Biological_Process_2023
GO_Biological_Process_2023,Regulation Of Transcription By RNA Polymerase II (GO:0006357),67/2028,0.9982209766525716,0.9999772621572992,0,0,0.7020875905089289,0.0012501425618684,DDX3X;HMGB3;HR;HIF3A;BMI1;N4BP2L2;UXT;DBP;ZXDB;CREB3L1;DPF2;HRAS;ANXA4;EN2;PTOV1;NME2;FOS;BAZ1B;THAP3;ERF;NUPR2;PTMA;TLR4;TLR3;URI1;BEX1;CEBPD;MACROH2A1;FOXO1;DDRGK1;MXI1;NKX2-1;ZBED6;MEF2D;FNIP2;CBX8;EGR1;JUND;PRRX1;EGR4;IRX5;FUS;ZBTB16;TAF10;ATAD2;PLK1;ANKRD23;INHBA;TBX19;FLI1;FOSL2;SETX;DRAP1;FOSL1;SEM1;NFKBIA;POMC;NR4A3;MAFF;RFXAP;FOSB;INSM2;CALR;BRWD1;BRWD3;MXD4;HSPA1A,GO_Biological_Process_2023
GO_Biological_Process_2023,Negative Regulation Of Nucleic Acid-Templated Transcription (GO:1903507),9/456,0.9988790269204216,0.9999772621572992,0,0,0.4210130315707105,0.0004722089908009268,NDUFA13;CREB3L1;ZBTB16;NKX2-1;CBY1;CALR;ZBED6;CBFA2T3;FOXO1,GO_Biological_Process_2023
GO_Biological_Process_2023,Regulation Of GTPase Activity (GO:0043087),2/214,0.9994447919392584,0.9999772621572992,0,0,0.1981971582680966,0.00011007121892880248,ADAP2;HRAS,GO_Biological_Process_2023
GO_Biological_Process_2023,Regulation Of Nucleic Acid-Templated Transcription (GO:1903506),8/452,0.9995530915885666,0.9999772621572992,0,0,0.376401037095326,0.00016825438950214398,FUS;TAF10;NKX2-1;EDF1;RNF6;CALR;VHL;SRSF10,GO_Biological_Process_2023
GO_Biological_Process_2023,Proteasomal Protein Catabolic Process (GO:0010498),2/220,0.9995686405360856,0.9999772621572992,0,0,0.1926809604963721,8.313268715122943e-05,KLHDC2;TRIM72,GO_Biological_Process_2023
GO_Biological_Process_2023,Regulation Of DNA-templated Transcription (GO:0006355),59/1922,0.999667575431075,0.9999772621572992,0,0,0.6482813840726334,0.00021554048710442175,NDUFA13;CBY1;HMGB3;HR;HIF3A;DBP;ZXDB;CREB3L1;DPF2;HRAS;ANXA4;EN2;NME2;EDF1;FOS;BAZ1B;CBFA2T3;ERF;NUPR2;URI1;CEBPD;RNF6;FOXO1;TFPT;MXI1;NKX2-1;PCBD2;APOE;VHL;ZBED6;SRSF10;POLR2K;POLR2L;CDK17;EGR1;TAF15;JUND;EGR4;IRX5;FUS;ZBTB16;TAF10;ATAD2;INHBA;HNRNPAB;MT3;TBX19;FLI1;FOSL2;FOSL1;NR4A3;MAFF;RFXAP;FOSB;CALR;BRWD1;BRWD3;MXD4;CDK16,GO_Biological_Process_2023
GO_Biological_Process_2023,Sensory Perception Of Smell (GO:0007608),2/230,0.9997168471533072,0.9999772621572992,0,0,0.1841324668735242,5.214501501696941e-05,MKKS;DRD2,GO_Biological_Process_2023
GO_Biological_Process_2023,Positive Regulation Of GTPase Activity (GO:0043547),1/234,0.9999772621572992,0.9999772621572992,0,0,0.0899666189794945,2.045670087818404e-06,HRAS,GO_Biological_Process_2023
GO_Molecular_Function_2023,Oxidoreduction-Driven Active Transmembrane Transporter Activity (GO:0015453),22/54,3.706779912517891e-16,1.7792543580085879e-13,0,0,14.913040386803186,529.8781898152241,COX8A;NDUFB9;NDUFA8;COX7B;NDUFB8;NDUFB6;UQCRB;NDUFA5;NDUFA12;COX4I1;NDUFA3;NDUFB3;NDUFA2;NDUFB2;NDUFA1;NDUFB1;UQCR10;COX5B;COX7C;COX7A1;NDUFS6;NDUFS5,GO_Molecular_Function_2023
GO_Molecular_Function_2023,NADH Dehydrogenase (Ubiquinone) Activity (GO:0008137),13/33,7.158844108211545e-10,1.718122585970771e-07,0,0,13.965484234234234,294.07821777118346,NDUFB9;NDUFA8;NDUFB8;NDUFB6;NDUFA5;NDUFA12;NDUFA3;NDUFB3;NDUFA2;NDUFB2;NDUFB1;NDUFS6;NDUFS5,GO_Molecular_Function_2023
GO_Molecular_Function_2023,NADH Dehydrogenase (Quinone) Activity (GO:0050136),13/34,1.111420819271791e-09,1.7782733108348656e-07,0,0,13.29976404976405,274.209569349161,NDUFB9;NDUFA8;NDUFB8;NDUFB6;NDUFA5;NDUFA12;NDUFA3;NDUFB3;NDUFA2;NDUFB2;NDUFB1;NDUFS6;NDUFS5,GO_Molecular_Function_2023
GO_Molecular_Function_2023,Active Monoatomic Ion Transmembrane Transporter Activity (GO:0022853),9/24,5.209117202814897e-07,6.250940643377877e-05,0,0,12.836771300448431,185.7183668317745,COX8A;COX7B;UQCRB;COX4I1;UQCR10;COX5B;COX7A1;COX7C;SLC18A2,GO_Molecular_Function_2023
GO_Molecular_Function_2023,Cytochrome-C Oxidase Activity (GO:0004129),6/12,6.013803759402271e-06,0.000577325160902618,0,0,21.33296089385475,256.4531889668549,COX8A;COX7B;COX4I1;COX5B;COX7A1;COX7C,GO_Molecular_Function_2023
GO_Molecular_Function_2023,Proton Transmembrane Transporter Activity (GO:0015078),9/45,0.00015066246923169398,0.0120529975385355,0,0,5.342769058295964,47.01887094066231,COX8A;COX7B;UQCRB;COX4I1;UQCR10;COX5B;COX7A1;COX7C;SLC18A2,GO_Molecular_Function_2023
GO_Molecular_Function_2023,RNA Binding (GO:0003723),90/1411,0.0004975838261542436,0.0341200337934338,0,0,1.4934880069745018,11.359091212868313,YWHAE;RPL30;RBM26;DDX3X;CCDC124;HMGB3;GPATCH4;RPL8;IFIT1;AFF2;MRPL41;RPS15;RBM3;MRPL2;SNRPD2;RPS19;SNRNP70;RPL36AL;RPS18;RPL36;HABP4;RPL35;ARL6IP4;RPL38;SNRPD3;RPL37;SEC61B;MRPS28;NANOS1;MRPS26;RPS9;RPL21;CIRBP;MRPS21;EDF1;TENT5A;RPP25L;RPL37A;NHP2;SNRPG;S100A4;FLYWCH2;TLR7;SRSF5;SNRPF;KPNB1;TLR3;ANKRD17;CSTB;RPL11;MRPL14;DDX60;MRPL54;MRPL20;HNRNPDL;PABPN1;FLNA;LLPH;HNRNPA1;SRSF10;CPSF4;RPL41;TAF15;FUS;MRPL27;HUWE1;PDAP1;RPL35A;RPL23A;TBCA;CCDC9B;NPM3;HSPE1;HNRNPAB;LSM4;SETX;LSM8;LSM7;RPS28;RPS27;EIF3G;PIN4;CALR;SLIRP;FAU;RPS21;HSPA1B;R3HDM2;HSPA1A;RPS23,GO_Molecular_Function_2023
GO_Molecular_Function_2023,Ubiquitin Ligase Inhibitor Activity (GO:1990948),3/7,0.002782625426746,0.1669575256047634,0,0,15.94793986636971,93.8434257926332,RPS15;RPL11;RPL37,GO_Molecular_Function_2023
GO_Molecular_Function_2023,Alpha-Actinin Binding (GO:0051393),5/23,0.0031346396838757,0.1671807831400374,0,0,5.915488591269841,34.10421762688212,PDLIM2;NRAP;CACNA1D;KCNA5;PRICKLE4,GO_Molecular_Function_2023
GO_Molecular_Function_2023,Ubiquitin-Protein Transferase Inhibitor Activity (GO:0055105),3/8,0.0043036461408394,0.2065750147602958,0,0,12.757683741648108,69.50759489043587,RPS15;RPL11;RPL37,GO_Molecular_Function_2023
GO_Molecular_Function_2023,RNA Polymerase II Activity (GO:0001055),3/10,0.0086190641348562,0.3447625653942495,0,0,9.111676741966274,43.3148954481625,POLR2J;POLR2K;POLR2L,GO_Molecular_Function_2023
GO_Molecular_Function_2023,Carbohydrate:Monoatomic Cation Symporter Activity (GO:0005402),3/10,0.0086190641348562,0.3447625653942495,0,0,9.111676741966274,43.3148954481625,SLC23A2;SLC5A11;SLC5A3,GO_Molecular_Function_2023
GO_Molecular_Function_2023,C3HC4-type RING Finger Domain Binding (GO:0055131),2/5,0.01851124090199,0.5943082832616952,0,0,14.160919540229886,56.493248342538976,HSPA1B;HSPA1A,GO_Molecular_Function_2023
GO_Molecular_Function_2023,Double-Stranded Methylated DNA Binding (GO:0010385),2/5,0.01851124090199,0.5943082832616952,0,0,14.160919540229886,56.493248342538976,EGR1;MACROH2A1,GO_Molecular_Function_2023
GO_Molecular_Function_2023,U6 snRNA Binding (GO:0017070),3/13,0.0185721338519279,0.5943082832616952,0,0,6.3771714922049,25.419998655467992,LSM8;LSM7;LSM4,GO_Molecular_Function_2023
GO_Molecular_Function_2023,Muscle Alpha-Actinin Binding (GO:0051371),3/14,0.0228600053313176,0.685800159939529,0,0,5.7971249240737,21.903661956675972,PDLIM2;NRAP;PRICKLE4,GO_Molecular_Function_2023
GO_Molecular_Function_2023,Glucose:Sodium Symporter Activity (GO:0005412),2/6,0.0269443388994842,0.760781333632496,0,0,10.620133481646274,38.38097191019597,SLC5A11;SLC5A3,GO_Molecular_Function_2023
GO_Molecular_Function_2023,Protein Phosphatase Inhibitor Activity (GO:0004864),4/27,0.0314605224858748,0.8389472662899957,0,0,3.6985119480393593,12.793233357992962,PPP1R14A;PPP1R17;BOD1;STYXL1,GO_Molecular_Function_2023
GO_Molecular_Function_2023,Signal Sequence Binding (GO:0005048),5/41,0.0359721490612479,0.8659679097967996,0,0,2.954954117063492,9.825252807669733,BRAP;NFKBIA;KDELR2;KPNA3;KPNB1,GO_Molecular_Function_2023
GO_Molecular_Function_2023,Voltage-Gated Channel Activity (GO:0022832),2/7,0.0366090459494798,0.8659679097967996,0,0,8.495661846496107,28.09906098339329,TMEM266;KCNA3,GO_Molecular_Function_2023
GO_Molecular_Function_2023,Promoter-Specific Chromatin Binding (GO:1990841),5/42,0.0393759431441647,0.8659679097967996,0,0,2.874939671814672,9.299280521547551,EGR1;RBL1;TAF10;BMI1;MACROH2A1,GO_Molecular_Function_2023
GO_Molecular_Function_2023,Metal Ion Transmembrane Transporter Activity (GO:0046873),4/29,0.0396901958656866,0.8659679097967996,0,0,3.402274247491639,10.977951865979072,MRS2;SLC23A2;ASIC4;KCNA1,GO_Molecular_Function_2023
GO_Molecular_Function_2023,snRNA Binding (GO:0017069),5/43,0.0429691358442932,0.8967471828374234,0,0,2.7991365131578947,8.809647308813144,LSM8;LSM7;SNRNP70;SNRPD3;LSM4,GO_Molecular_Function_2023
GO_Molecular_Function_2023,Ligand-Gated Monoatomic Anion Channel Activity (GO:0099095),3/18,0.0448700862908488,0.8974017258169776,0,0,4.25033407572383,13.192968693110483,GABRB2;GLRA1;GLRA3,GO_Molecular_Function_2023
GO_Molecular_Function_2023,RAGE Receptor Binding (GO:0050786),2/8,0.0473775326474602,0.9096486268312368,0,0,7.079347423062663,21.589228571315868,S100A13;S100A4,GO_Molecular_Function_2023
GO_Molecular_Function_2023,cAMP Response Element Binding (GO:0035497),2/9,0.0591309655736946,0.9926234344516522,0,0,6.067694263467344,17.159442651259134,NR4A3;CREB3L1,GO_Molecular_Function_2023
GO_Molecular_Function_2023,Eukaryotic Initiation Factor 4E Binding (GO:0008190),2/9,0.0591309655736946,0.9926234344516522,0,0,6.067694263467344,17.159442651259134,DDX3X;EIF4EBP1,GO_Molecular_Function_2023
GO_Molecular_Function_2023,Interleukin-1 Binding (GO:0019966),2/9,0.0591309655736946,0.9926234344516522,0,0,6.067694263467344,17.159442651259134,IL1R1;PXDN,GO_Molecular_Function_2023
GO_Molecular_Function_2023,Amyloid-Beta Binding (GO:0001540),7/79,0.0650268077633739,0.9926234344516522,0,0,2.069180338056177,5.654978130899107,C1QA;CALCR;PFDN1;PFDN2;APOE;TLR4;PFDN6,GO_Molecular_Function_2023
GO_Molecular_Function_2023,Sodium Ion Transmembrane Transporter Activity (GO:0015081),4/34,0.0651020666061162,0.9926234344516522,0,0,2.8344853214418437,7.743244124593653,SLC23A2;ASIC4;SLC9A7;SLC9B2,GO_Molecular_Function_2023
GO_Molecular_Function_2023,Protein Serine/Threonine Phosphatase Inhibitor Activity (GO:0004865),2/10,0.0717589577250126,0.9926234344516522,0,0,5.308954393770857,13.986135540985051,PPP1R14A;PPP1R17,GO_Molecular_Function_2023
GO_Molecular_Function_2023,Phosphatase Inhibitor Activity (GO:0019212),3/22,0.0742493224371748,0.9926234344516522,0,0,3.3548235845739067,8.723637095070822,URI1;BOD1;STYXL1,GO_Molecular_Function_2023
GO_Molecular_Function_2023,Disordered Domain Specific Binding (GO:0097718),3/23,0.0826445873966639,0.9926234344516522,0,0,3.186915367483296,7.945636340750049,KCNA1;FYN;HSPA1A,GO_Molecular_Function_2023
GO_Molecular_Function_2023,Calcium Channel Regulator Activity (GO:0005246),4/37,0.0835768467040065,0.9926234344516522,0,0,2.5763994459646637,6.394594441811376,YWHAE;NPY;PHPT1;SGK1,GO_Molecular_Function_2023
GO_Molecular_Function_2023,RNA Polymerase I Activity (GO:0001054),2/11,0.0851590499933341,0.9926234344516522,0,0,4.718823384006921,11.623569005148935,POLR2K;POLR2L,GO_Molecular_Function_2023
GO_Molecular_Function_2023,Ionotropic Glutamate Receptor Binding (GO:0035255),2/11,0.0851590499933341,0.9926234344516522,0,0,4.718823384006921,11.623569005148935,NETO2;SHANK1,GO_Molecular_Function_2023
GO_Molecular_Function_2023,Organic Acid:Sodium Symporter Activity (GO:0005343),2/11,0.0851590499933341,0.9926234344516522,0,0,4.718823384006921,11.623569005148935,SLC23A2;SLC38A2,GO_Molecular_Function_2023
GO_Molecular_Function_2023,Glucose Transmembrane Transporter Activity (GO:0005355),3/24,0.0914260803029348,0.9926234344516522,0,0,3.03499840916322,7.260397548041978,SLC2A1;SLC5A11;SLC5A3,GO_Molecular_Function_2023
GO_Molecular_Function_2023,Nuclear Localization Sequence Binding (GO:0008139),3/24,0.0914260803029348,0.9926234344516522,0,0,3.03499840916322,7.260397548041978,NFKBIA;KPNA3;KPNB1,GO_Molecular_Function_2023
GO_Molecular_Function_2023,LRR Domain Binding (GO:0030275),2/12,0.0992362222444778,0.9926234344516522,0,0,4.246718576195773,9.810990881399912,PAWR;POLR2J,GO_Molecular_Function_2023
GO_Molecular_Function_2023,poly(A) Binding (GO:0008143),3/25,0.1005752417208599,0.9926234344516522,0,0,2.896892083417696,6.653724141919724,DDX3X;HNRNPDL;PABPN1,GO_Molecular_Function_2023
GO_Molecular_Function_2023,Chloride Transmembrane Transporter Activity (GO:0015108),5/55,0.1009123826638307,0.9926234344516522,0,0,2.1260044642857143,4.875996845141255,GABRB2;GLRA1;GLRA3;SLC12A5;SLC26A6,GO_Molecular_Function_2023
GO_Molecular_Function_2023,Inhibitory Extracellular Ligand-Gated Monoatomic Ion Channel Activity (GO:0005237),2/13,0.1139024321235043,0.9926234344516522,0,0,3.86045100616847,8.38649416634098,GLRA1;GLRA3,GO_Molecular_Function_2023
GO_Molecular_Function_2023,Single-Stranded RNA Binding (GO:0003727),4/43,0.1271548493238485,0.9926234344516522,0,0,2.1793442529228484,4.494569855576692,DDX3X;TLR7;DDX60;HNRNPA1,GO_Molecular_Function_2023
GO_Molecular_Function_2023,Transmembrane-Ephrin Receptor Activity (GO:0005005),2/14,0.1290761804411166,0.9926234344516522,0,0,3.538561364479051,7.244682466121727,EPHA6;EPHA10,GO_Molecular_Function_2023
GO_Molecular_Function_2023,Nucleoside Diphosphate Kinase Activity (GO:0004550),2/14,0.1290761804411166,0.9926234344516522,0,0,3.538561364479051,7.244682466121727,NME2;NME3,GO_Molecular_Function_2023
GO_Molecular_Function_2023,Sodium:Proton Antiporter Activity (GO:0015385),2/14,0.1290761804411166,0.9926234344516522,0,0,3.538561364479051,7.244682466121727,SLC9A7;SLC9B2,GO_Molecular_Function_2023
GO_Molecular_Function_2023,Delayed Rectifier Potassium Channel Activity (GO:0005251),3/28,0.1300349851282066,0.9926234344516522,0,0,2.5488641425389758,5.19955986390717,KCNG1;KCNA3;KCNA5,GO_Molecular_Function_2023
GO_Molecular_Function_2023,Copper Ion Binding (GO:0005507),4/45,0.1434356928359755,0.9926234344516522,0,0,2.0728172499116297,4.025138477784439,CCS;COX17;S100A13;MT3,GO_Molecular_Function_2023
GO_Molecular_Function_2023,Potassium Channel Regulator Activity (GO:0015459),4/45,0.1434356928359755,0.9926234344516522,0,0,2.0728172499116297,4.025138477784439,YWHAE;FLNA;SGK1;SLC5A3,GO_Molecular_Function_2023
GO_Molecular_Function_2023,RNA Polymerase III Activity (GO:0001056),2/15,0.1446821012618343,0.9926234344516522,0,0,3.266193206126465,6.314258103413552,POLR2K;POLR2L,GO_Molecular_Function_2023
GO_Molecular_Function_2023,Adrenergic Receptor Binding (GO:0031690),2/15,0.1446821012618343,0.9926234344516522,0,0,3.266193206126465,6.314258103413552,GRK2;ADRA2C,GO_Molecular_Function_2023
GO_Molecular_Function_2023,Ephrin Receptor Activity (GO:0005003),2/15,0.1446821012618343,0.9926234344516522,0,0,3.266193206126465,6.314258103413552,EPHA6;EPHA10,GO_Molecular_Function_2023
GO_Molecular_Function_2023,Voltage-Gated Potassium Channel Activity (GO:0005249),6/80,0.1515324083279009,0.9926234344516522,0,0,1.7235391816397403,3.2522421873352427,KCNG1;KCNJ6;KCNH5;KCNA1;KCNA3;KCNA5,GO_Molecular_Function_2023
GO_Molecular_Function_2023,rRNA Binding (GO:0019843),4/46,0.1518680803933048,0.9926234344516522,0,0,2.023358284227849,3.813510417567191,RPS9;RPL11;CIRBP;MRPS18C,GO_Molecular_Function_2023
GO_Molecular_Function_2023,Hexose Transmembrane Transporter Activity (GO:0015149),2/16,0.1606505758308024,0.9926234344516522,0,0,3.032734784681392,5.545427153764131,SLC2A1;SLC5A3,GO_Molecular_Function_2023
GO_Molecular_Function_2023,Poly-Purine Tract Binding (GO:0070717),3/31,0.1620942476039472,0.9926234344516522,0,0,2.275413617562838,4.140291052143741,DDX3X;HNRNPDL;PABPN1,GO_Molecular_Function_2023
GO_Molecular_Function_2023,Potassium Ion Transmembrane Transporter Activity (GO:0015079),3/31,0.1620942476039472,0.9926234344516522,0,0,2.275413617562838,4.140291052143741,KCNG1;SLC12A5;KCNA1,GO_Molecular_Function_2023
GO_Molecular_Function_2023,Protein Serine/Threonine Kinase Inhibitor Activity (GO:0030291),3/32,0.1732646028119672,0.9926234344516522,0,0,2.1968358805007298,3.850911288344258,CDKN1A;PRKAR2B;MACROH2A1,GO_Molecular_Function_2023
GO_Molecular_Function_2023,RNA Polymerase Binding (GO:0070063),2/17,0.1769173685372898,0.9926234344516522,0,0,2.8304041527623287,4.902465196421762,PABPN1;TAF10,GO_Molecular_Function_2023
GO_Molecular_Function_2023,Histone Acetyltransferase Binding (GO:0035035),2/17,0.1769173685372898,0.9926234344516522,0,0,2.8304041527623287,4.902465196421762,SEM1;EGR1,GO_Molecular_Function_2023
GO_Molecular_Function_2023,Neuropeptide Receptor Binding (GO:0071855),2/17,0.1769173685372898,0.9926234344516522,0,0,2.8304041527623287,4.902465196421762,NPY;SHANK1,GO_Molecular_Function_2023
GO_Molecular_Function_2023,5'-3' RNA Polymerase Activity (GO:0034062),2/18,0.1934232841058967,0.9926234344516522,0,0,2.653364849833148,4.359144946036397,POLR2J;POLR2L,GO_Molecular_Function_2023
GO_Molecular_Function_2023,Glutamate Receptor Binding (GO:0035254),2/18,0.1934232841058967,0.9926234344516522,0,0,2.653364849833148,4.359144946036397,NETO2;SHANK1,GO_Molecular_Function_2023
GO_Molecular_Function_2023,Nucleobase-Containing Compound Kinase Activity (GO:0019205),2/18,0.1934232841058967,0.9926234344516522,0,0,2.653364849833148,4.359144946036397,NME2;NME3,GO_Molecular_Function_2023
GO_Molecular_Function_2023,"Oxidoreductase Activity, Acting On The CH-CH Group Of Donors, NAD Or NADP As Acceptor (GO:0016628)",2/18,0.1934232841058967,0.9926234344516522,0,0,2.653364849833148,4.359144946036397,PTGR1;TM7SF2,GO_Molecular_Function_2023
GO_Molecular_Function_2023,DNA-directed 5'-3' RNA Polymerase Activity (GO:0003899),3/34,0.1962123641196418,0.9926234344516522,0,0,2.054889000646598,3.3465053373156537,POLR2J;POLR2K;POLR2L,GO_Molecular_Function_2023
GO_Molecular_Function_2023,Solute:Sodium Symporter Activity (GO:0015370),3/34,0.1962123641196418,0.9926234344516522,0,0,2.054889000646598,3.3465053373156537,SLC4A7;SLC5A11;SLC5A3,GO_Molecular_Function_2023
GO_Molecular_Function_2023,Protein Kinase Activator Activity (GO:0030295),6/88,0.2051900435488925,0.9926234344516522,0,0,1.5547349775173729,2.4624183116256466,UXT;CDKN1A;DDX3X;DBF4;MT3;MOB3B,GO_Molecular_Function_2023
GO_Molecular_Function_2023,Telomerase Activity (GO:0003720),1/5,0.2058671829946707,0.9926234344516522,0,0,5.304166666666666,8.383363039546449,PTGES3,GO_Molecular_Function_2023
GO_Molecular_Function_2023,Thiamine Transmembrane Transporter Activity (GO:0015234),1/5,0.2058671829946707,0.9926234344516522,0,0,5.304166666666666,8.383363039546449,SLC19A3,GO_Molecular_Function_2023
GO_Molecular_Function_2023,ADP-D-ribose Modification-Dependent Protein Binding (GO:0160002),1/5,0.2058671829946707,0.9926234344516522,0,0,5.304166666666666,8.383363039546449,MACROH2A1,GO_Molecular_Function_2023
GO_Molecular_Function_2023,DNA-methyltransferase Activity (GO:0009008),1/5,0.2058671829946707,0.9926234344516522,0,0,5.304166666666666,8.383363039546449,MGMT,GO_Molecular_Function_2023
GO_Molecular_Function_2023,G Protein-Coupled Opioid Receptor Activity (GO:0004985),1/5,0.2058671829946707,0.9926234344516522,0,0,5.304166666666666,8.383363039546449,OPRM1,GO_Molecular_Function_2023
GO_Molecular_Function_2023,G Protein-Coupled Receptor Kinase Activity (GO:0004703),1/5,0.2058671829946707,0.9926234344516522,0,0,5.304166666666666,8.383363039546449,GRK2,GO_Molecular_Function_2023
GO_Molecular_Function_2023,"N,N-dimethylaniline Monooxygenase Activity (GO:0004499)",1/5,0.2058671829946707,0.9926234344516522,0,0,5.304166666666666,8.383363039546449,FMO2,GO_Molecular_Function_2023
GO_Molecular_Function_2023,RNA-directed DNA Polymerase Activity (GO:0003964),1/5,0.2058671829946707,0.9926234344516522,0,0,5.304166666666666,8.383363039546449,PTGES3,GO_Molecular_Function_2023
GO_Molecular_Function_2023,[Heparan Sulfate]-Glucosamine 3-Sulfotransferase 1 Activity (GO:0008467),1/5,0.2058671829946707,0.9926234344516522,0,0,5.304166666666666,8.383363039546449,HS3ST2,GO_Molecular_Function_2023
GO_Molecular_Function_2023,"alpha-N-acetylneuraminate Alpha-2,8-Sialyltransferase Activity (GO:0003828)",1/5,0.2058671829946707,0.9926234344516522,0,0,5.304166666666666,8.383363039546449,ST8SIA4,GO_Molecular_Function_2023
GO_Molecular_Function_2023,Annealing Activity (GO:0140666),1/5,0.2058671829946707,0.9926234344516522,0,0,5.304166666666666,8.383363039546449,DDX3X,GO_Molecular_Function_2023
GO_Molecular_Function_2023,Epinephrine Binding (GO:0051379),1/5,0.2058671829946707,0.9926234344516522,0,0,5.304166666666666,8.383363039546449,ADRA2C,GO_Molecular_Function_2023
GO_Molecular_Function_2023,Melanocortin Receptor Activity (GO:0004977),1/5,0.2058671829946707,0.9926234344516522,0,0,5.304166666666666,8.383363039546449,OPRM1,GO_Molecular_Function_2023
GO_Molecular_Function_2023,Neurotrophin TRK Receptor Binding (GO:0005167),1/5,0.2058671829946707,0.9926234344516522,0,0,5.304166666666666,8.383363039546449,PLCG1,GO_Molecular_Function_2023
GO_Molecular_Function_2023,Neurotrophin TRKA Receptor Binding (GO:0005168),1/5,0.2058671829946707,0.9926234344516522,0,0,5.304166666666666,8.383363039546449,PLCG1,GO_Molecular_Function_2023
GO_Molecular_Function_2023,Phosphatidylcholine-Sterol O-acyltransferase Activator Activity (GO:0060228),1/5,0.2058671829946707,0.9926234344516522,0,0,5.304166666666666,8.383363039546449,APOE,GO_Molecular_Function_2023
GO_Molecular_Function_2023,Protein Carboxyl O-methyltransferase Activity (GO:0051998),1/5,0.2058671829946707,0.9926234344516522,0,0,5.304166666666666,8.383363039546449,PCMTD2,GO_Molecular_Function_2023
GO_Molecular_Function_2023,rDNA Binding (GO:0000182),1/5,0.2058671829946707,0.9926234344516522,0,0,5.304166666666666,8.383363039546449,MACROH2A1,GO_Molecular_Function_2023
GO_Molecular_Function_2023,MAP Kinase Kinase Kinase Activity (GO:0004709),2/19,0.2101138446624048,0.9926234344516522,0,0,2.497153700189753,3.8958239155139656,MAP3K9;MAP3K6,GO_Molecular_Function_2023
GO_Molecular_Function_2023,Antiporter Activity (GO:0015297),4/53,0.215495739499416,0.9926234344516522,0,0,1.7336700566514232,2.6608613169358977,SLC35D3;SLC25A4;SLC18A2;SLC26A6,GO_Molecular_Function_2023
GO_Molecular_Function_2023,Basal RNA Polymerase II Transcription Machinery Binding (GO:0001099),3/36,0.2198413328046475,0.9926234344516522,0,0,1.930147803199028,2.923882869752912,DRAP1;URI1;LLPH,GO_Molecular_Function_2023
GO_Molecular_Function_2023,Actinin Binding (GO:0042805),2/20,0.2269389855561014,0.9926234344516522,0,0,2.35829934495118,3.497532640166656,CACNA1D;KCNA5,GO_Molecular_Function_2023
GO_Molecular_Function_2023,Fibroblast Growth Factor Binding (GO:0017134),2/20,0.2269389855561014,0.9926234344516522,0,0,2.35829934495118,3.497532640166656,RPS19;S100A13,GO_Molecular_Function_2023
GO_Molecular_Function_2023,Phosphatidic Acid Binding (GO:0070300),2/20,0.2269389855561014,0.9926234344516522,0,0,2.35829934495118,3.497532640166656,UQCC3;CIDEA,GO_Molecular_Function_2023
GO_Molecular_Function_2023,"Phosphotransferase Activity, Phosphate Group As Acceptor (GO:0016776)",2/20,0.2269389855561014,0.9926234344516522,0,0,2.35829934495118,3.497532640166656,NME2;NME3,GO_Molecular_Function_2023
GO_Molecular_Function_2023,Sialyltransferase Activity (GO:0008373),2/20,0.2269389855561014,0.9926234344516522,0,0,2.35829934495118,3.497532640166656,ST8SIA4;ST3GAL1,GO_Molecular_Function_2023
GO_Molecular_Function_2023,Sphingosine N-acyltransferase Activity (GO:0050291),1/6,0.2416517634220459,0.9926234344516522,0,0,4.243111111111111,6.026310732321328,GDF1,GO_Molecular_Function_2023
GO_Molecular_Function_2023,Sphingosine-1-Phosphate Phosphatase Activity (GO:0042392),1/6,0.2416517634220459,0.9926234344516522,0,0,4.243111111111111,6.026310732321328,SGPP1,GO_Molecular_Function_2023
GO_Molecular_Function_2023,L-serine Transmembrane Transporter Activity (GO:0015194),1/6,0.2416517634220459,0.9926234344516522,0,0,4.243111111111111,6.026310732321328,SLC38A2,GO_Molecular_Function_2023
GO_Molecular_Function_2023,Aminophospholipid Flippase Activity (GO:0015247),1/6,0.2416517634220459,0.9926234344516522,0,0,4.243111111111111,6.026310732321328,ATP11C,GO_Molecular_Function_2023
GO_Molecular_Function_2023,"Beta-Galactoside (CMP) Alpha-2,3-Sialyltransferase Activity (GO:0003836)",1/6,0.2416517634220459,0.9926234344516522,0,0,4.243111111111111,6.026310732321328,ST3GAL1,GO_Molecular_Function_2023
GO_Molecular_Function_2023,Insulin-Like Growth Factor II Binding (GO:0031995),1/6,0.2416517634220459,0.9926234344516522,0,0,4.243111111111111,6.026310732321328,IGFBP2,GO_Molecular_Function_2023
GO_Molecular_Function_2023,Monosaccharide Transmembrane Transporter Activity (GO:0015145),1/6,0.2416517634220459,0.9926234344516522,0,0,4.243111111111111,6.026310732321328,SLC5A3,GO_Molecular_Function_2023
GO_Molecular_Function_2023,"Oxidoreductase Activity, Acting On The CH-CH Group Of Donors, With A Flavin As Acceptor (GO:0052890)",1/6,0.2416517634220459,0.9926234344516522,0,0,4.243111111111111,6.026310732321328,ACADSB,GO_Molecular_Function_2023
GO_Molecular_Function_2023,Telomerase RNA Binding (GO:0070034),2/21,0.2438527691271309,0.9926234344516522,0,0,2.234061237632457,3.152686310029919,NHP2;SNRPD3,GO_Molecular_Function_2023
GO_Molecular_Function_2023,Metal Cation:Proton Antiporter Activity (GO:0051139),2/21,0.2438527691271309,0.9926234344516522,0,0,2.234061237632457,3.152686310029919,SLC9A7;SLC9B2,GO_Molecular_Function_2023
GO_Molecular_Function_2023,Fibroblast Growth Factor Receptor Binding (GO:0005104),2/22,0.2608131150271476,0.9926234344516522,0,0,2.1222469410456064,2.8521962435584127,FGF23;FGF22,GO_Molecular_Function_2023
GO_Molecular_Function_2023,"3',5'-cyclic-GMP Phosphodiesterase Activity (GO:0047555)",1/7,0.2758255553737471,0.9926234344516522,0,0,3.535740740740741,4.55398690318193,PDE3A,GO_Molecular_Function_2023
GO_Molecular_Function_2023,S-methyltransferase Activity (GO:0008172),1/7,0.2758255553737471,0.9926234344516522,0,0,3.535740740740741,4.55398690318193,MGMT,GO_Molecular_Function_2023
GO_Molecular_Function_2023,U1 snRNA Binding (GO:0030619),1/7,0.2758255553737471,0.9926234344516522,0,0,3.535740740740741,4.55398690318193,SNRNP70,GO_Molecular_Function_2023
GO_Molecular_Function_2023,Dehydroascorbic Acid Transmembrane Transporter Activity (GO:0033300),1/7,0.2758255553737471,0.9926234344516522,0,0,3.535740740740741,4.55398690318193,SLC2A1,GO_Molecular_Function_2023
GO_Molecular_Function_2023,Glycogen Binding (GO:2001069),1/7,0.2758255553737471,0.9926234344516522,0,0,3.535740740740741,4.55398690318193,PPP1R3G,GO_Molecular_Function_2023
GO_Molecular_Function_2023,Histone Ubiquitin Ligase Activity (GO:0140852),1/7,0.2758255553737471,0.9926234344516522,0,0,3.535740740740741,4.55398690318193,HUWE1,GO_Molecular_Function_2023
GO_Molecular_Function_2023,Immunoglobulin Receptor Binding (GO:0034987),1/7,0.2758255553737471,0.9926234344516522,0,0,3.535740740740741,4.55398690318193,IGHM,GO_Molecular_Function_2023
GO_Molecular_Function_2023,Manganese Ion Transmembrane Transporter Activity (GO:0005384),1/7,0.2758255553737471,0.9926234344516522,0,0,3.535740740740741,4.55398690318193,ATP2C2,GO_Molecular_Function_2023
GO_Molecular_Function_2023,Neutral L-amino Acid:Sodium Symporter Activity (GO:0005295),1/7,0.2758255553737471,0.9926234344516522,0,0,3.535740740740741,4.55398690318193,SLC38A2,GO_Molecular_Function_2023
GO_Molecular_Function_2023,poly(G) Binding (GO:0034046),1/7,0.2758255553737471,0.9926234344516522,0,0,3.535740740740741,4.55398690318193,HNRNPDL,GO_Molecular_Function_2023
GO_Molecular_Function_2023,Actin Monomer Binding (GO:0003785),2/23,0.2777815465957159,0.9926234344516522,0,0,2.0210816250860746,2.588844436680987,COBL;TMSB10,GO_Molecular_Function_2023
GO_Molecular_Function_2023,Protein Phosphatase 2A Binding (GO:0051721),2/23,0.2777815465957159,0.9926234344516522,0,0,2.0210816250860746,2.588844436680987,BOD1;FOXO1,GO_Molecular_Function_2023
GO_Molecular_Function_2023,mRNA 5'-UTR Binding (GO:0048027),2/24,0.2947229521904305,0.9926234344516522,0,0,1.9291131560319548,2.356835177855648,RPL41;DDX3X,GO_Molecular_Function_2023
GO_Molecular_Function_2023,Monoatomic Anion Transmembrane Transporter Activity (GO:0008509),2/24,0.2947229521904305,0.9926234344516522,0,0,1.9291131560319548,2.356835177855648,SLC12A5;SLC26A6,GO_Molecular_Function_2023
GO_Molecular_Function_2023,5S rRNA Binding (GO:0008097),1/8,0.3084609886130892,0.9926234344516522,0,0,3.0304761904761905,3.564324569190298,RPL11,GO_Molecular_Function_2023
GO_Molecular_Function_2023,Tropomyosin Binding (GO:0005523),1/8,0.3084609886130892,0.9926234344516522,0,0,3.0304761904761905,3.564324569190298,S100A6,GO_Molecular_Function_2023
GO_Molecular_Function_2023,L-glutamine Transmembrane Transporter Activity (GO:0015186),1/8,0.3084609886130892,0.9926234344516522,0,0,3.0304761904761905,3.564324569190298,SLC38A2,GO_Molecular_Function_2023
GO_Molecular_Function_2023,P-type Calcium Transporter Activity (GO:0005388),1/8,0.3084609886130892,0.9926234344516522,0,0,3.0304761904761905,3.564324569190298,ATP2C2,GO_Molecular_Function_2023
GO_Molecular_Function_2023,RNA Polymerase II CTD Heptapeptide Repeat Kinase Activity (GO:0008353),1/8,0.3084609886130892,0.9926234344516522,0,0,3.0304761904761905,3.564324569190298,MAPK1,GO_Molecular_Function_2023
GO_Molecular_Function_2023,Activin Receptor Activity (GO:0017002),1/8,0.3084609886130892,0.9926234344516522,0,0,3.0304761904761905,3.564324569190298,ACVR1C,GO_Molecular_Function_2023
GO_Molecular_Function_2023,cAMP-dependent Protein Kinase Inhibitor Activity (GO:0004862),1/8,0.3084609886130892,0.9926234344516522,0,0,3.0304761904761905,3.564324569190298,PRKAR2B,GO_Molecular_Function_2023
GO_Molecular_Function_2023,Chloride:Monoatomic Cation Symporter Activity (GO:0015377),1/8,0.3084609886130892,0.9926234344516522,0,0,3.0304761904761905,3.564324569190298,SLC12A5,GO_Molecular_Function_2023
GO_Molecular_Function_2023,Cuprous Ion Binding (GO:1903136),1/8,0.3084609886130892,0.9926234344516522,0,0,3.0304761904761905,3.564324569190298,COX17,GO_Molecular_Function_2023
GO_Molecular_Function_2023,Cyclic-Nucleotide Phosphodiesterase Activity (GO:0004112),1/8,0.3084609886130892,0.9926234344516522,0,0,3.0304761904761905,3.564324569190298,PDE3A,GO_Molecular_Function_2023
GO_Molecular_Function_2023,Leucine Zipper Domain Binding (GO:0043522),1/8,0.3084609886130892,0.9926234344516522,0,0,3.0304761904761905,3.564324569190298,PAWR,GO_Molecular_Function_2023
GO_Molecular_Function_2023,Long-Chain Fatty Acid Binding (GO:0036041),1/8,0.3084609886130892,0.9926234344516522,0,0,3.0304761904761905,3.564324569190298,FABP3,GO_Molecular_Function_2023
GO_Molecular_Function_2023,Nuclear Glucocorticoid Receptor Binding (GO:0035259),1/8,0.3084609886130892,0.9926234344516522,0,0,3.0304761904761905,3.564324569190298,NR4A3,GO_Molecular_Function_2023
GO_Molecular_Function_2023,Phosphoserine Residue Binding (GO:0050815),1/8,0.3084609886130892,0.9926234344516522,0,0,3.0304761904761905,3.564324569190298,YWHAE,GO_Molecular_Function_2023
GO_Molecular_Function_2023,Potassium:Chloride Symporter Activity (GO:0015379),1/8,0.3084609886130892,0.9926234344516522,0,0,3.0304761904761905,3.564324569190298,SLC12A5,GO_Molecular_Function_2023
GO_Molecular_Function_2023,Serine Transmembrane Transporter Activity (GO:0022889),1/8,0.3084609886130892,0.9926234344516522,0,0,3.0304761904761905,3.564324569190298,SLC38A2,GO_Molecular_Function_2023
GO_Molecular_Function_2023,Nuclear Androgen Receptor Binding (GO:0050681),2/25,0.3116053605847153,0.9926234344516522,0,0,1.845141945156454,2.151468280940726,RNF6;CALR,GO_Molecular_Function_2023
GO_Molecular_Function_2023,Ubiquitin Ligase-Substrate Adaptor Activity (GO:1990756),3/44,0.3183249560192683,0.9926234344516522,0,0,1.5528817426258894,1.777556623191978,KLHDC2;KLHL15;VHL,GO_Molecular_Function_2023
GO_Molecular_Function_2023,NF-kappaB Binding (GO:0051059),2/26,0.3283997299289451,0.9926234344516522,0,0,1.768168335187245,1.968897388882891,NFKBIA;ANXA4,GO_Molecular_Function_2023
GO_Molecular_Function_2023,Protein Serine/Threonine/Tyrosine Kinase Activity (GO:0004712),2/26,0.3283997299289451,0.9926234344516522,0,0,1.768168335187245,1.968897388882891,MAP3K9;SGK1,GO_Molecular_Function_2023
GO_Molecular_Function_2023,Protein Kinase Inhibitor Activity (GO:0004860),3/45,0.3308170444895457,0.9926234344516522,0,0,1.5158288259624562,1.6767943738519375,CDKN1A;CAMK2N2;MACROH2A1,GO_Molecular_Function_2023
GO_Molecular_Function_2023,Protein Phosphorylated Amino Acid Binding (GO:0045309),3/45,0.3308170444895457,0.9926234344516522,0,0,1.5158288259624562,1.6767943738519375,YWHAE;UXT;SHC3,GO_Molecular_Function_2023
GO_Molecular_Function_2023,ADP Transmembrane Transporter Activity (GO:0015217),1/9,0.3396272395853655,0.9926234344516522,0,0,2.651527777777778,2.863402392297936,SLC25A4,GO_Molecular_Function_2023
GO_Molecular_Function_2023,DNA N-glycosylase Activity (GO:0019104),1/9,0.3396272395853655,0.9926234344516522,0,0,2.651527777777778,2.863402392297936,NTHL1,GO_Molecular_Function_2023
GO_Molecular_Function_2023,G Protein-Coupled Purinergic Nucleotide Receptor Activity (GO:0045028),1/9,0.3396272395853655,0.9926234344516522,0,0,2.651527777777778,2.863402392297936,P2RY12,GO_Molecular_Function_2023
GO_Molecular_Function_2023,G-quadruplex DNA Binding (GO:0051880),1/9,0.3396272395853655,0.9926234344516522,0,0,2.651527777777778,2.863402392297936,NME2,GO_Molecular_Function_2023
GO_Molecular_Function_2023,G-rich Strand Telomeric DNA Binding (GO:0098505),1/9,0.3396272395853655,0.9926234344516522,0,0,2.651527777777778,2.863402392297936,HNRNPA1,GO_Molecular_Function_2023
GO_Molecular_Function_2023,MAP Kinase Tyrosine Phosphatase Activity (GO:0033550),1/9,0.3396272395853655,0.9926234344516522,0,0,2.651527777777778,2.863402392297936,DUSP9,GO_Molecular_Function_2023
GO_Molecular_Function_2023,MAP Kinase Tyrosine/Serine/Threonine Phosphatase Activity (GO:0017017),1/9,0.3396272395853655,0.9926234344516522,0,0,2.651527777777778,2.863402392297936,DUSP9,GO_Molecular_Function_2023
GO_Molecular_Function_2023,RNA Polymerase II General Transcription Initiation Factor Binding (GO:0001091),1/9,0.3396272395853655,0.9926234344516522,0,0,2.651527777777778,2.863402392297936,DRAP1,GO_Molecular_Function_2023
GO_Molecular_Function_2023,Amino Acid:Monoatomic Cation Symporter Activity (GO:0005416),1/9,0.3396272395853655,0.9926234344516522,0,0,2.651527777777778,2.863402392297936,SLC38A2,GO_Molecular_Function_2023
GO_Molecular_Function_2023,Cardiolipin Binding (GO:1901612),1/9,0.3396272395853655,0.9926234344516522,0,0,2.651527777777778,2.863402392297936,UQCC3,GO_Molecular_Function_2023
GO_Molecular_Function_2023,Cytidylyltransferase Activity (GO:0070567),1/9,0.3396272395853655,0.9926234344516522,0,0,2.651527777777778,2.863402392297936,CMAS,GO_Molecular_Function_2023
GO_Molecular_Function_2023,Glycine Binding (GO:0016594),1/9,0.3396272395853655,0.9926234344516522,0,0,2.651527777777778,2.863402392297936,GLRA1,GO_Molecular_Function_2023
GO_Molecular_Function_2023,Lipase Inhibitor Activity (GO:0055102),1/9,0.3396272395853655,0.9926234344516522,0,0,2.651527777777778,2.863402392297936,ANXA4,GO_Molecular_Function_2023
GO_Molecular_Function_2023,Oxalate Transmembrane Transporter Activity (GO:0019531),1/9,0.3396272395853655,0.9926234344516522,0,0,2.651527777777778,2.863402392297936,SLC26A6,GO_Molecular_Function_2023
GO_Molecular_Function_2023,Phospholipase Inhibitor Activity (GO:0004859),1/9,0.3396272395853655,0.9926234344516522,0,0,2.651527777777778,2.863402392297936,ANXA4,GO_Molecular_Function_2023
GO_Molecular_Function_2023,Protein Tyrosine/Threonine Phosphatase Activity (GO:0008330),1/9,0.3396272395853655,0.9926234344516522,0,0,2.651527777777778,2.863402392297936,DUSP9,GO_Molecular_Function_2023
GO_Molecular_Function_2023,Purine Nucleobase Transmembrane Transporter Activity (GO:0005345),1/9,0.3396272395853655,0.9926234344516522,0,0,2.651527777777778,2.863402392297936,SLC25A4,GO_Molecular_Function_2023
GO_Molecular_Function_2023,siRNA Binding (GO:0035197),1/9,0.3396272395853655,0.9926234344516522,0,0,2.651527777777778,2.863402392297936,TLR7,GO_Molecular_Function_2023
GO_Molecular_Function_2023,Small Ribosomal Subunit rRNA Binding (GO:0070181),1/9,0.3396272395853655,0.9926234344516522,0,0,2.651527777777778,2.863402392297936,MRPS18C,GO_Molecular_Function_2023
GO_Molecular_Function_2023,GDP Binding (GO:0019003),4/67,0.3569241358208593,0.9926234344516522,0,0,1.3474190865495212,1.3881542933700852,RAP1B;ARL3;NME2;HRAS,GO_Molecular_Function_2023
GO_Molecular_Function_2023,Zinc Ion Binding (GO:0008270),17/341,0.3689459303294705,0.9926234344516522,0,0,1.11437559354226,1.111149672274073,TIMM8B;EGR1;RNF11;TIMM13;LNPEP;TIMM10;BMI1;BAZ1B;MT3;GLRA1;RPS27;RPS29;S100A13;CALR;ADA;KPNB1;POLR2L,GO_Molecular_Function_2023
GO_Molecular_Function_2023,ATP Transmembrane Transporter Activity (GO:0005347),1/10,0.3693903775787431,0.9926234344516522,0,0,2.3567901234567903,2.347130254310979,SLC25A4,GO_Molecular_Function_2023
GO_Molecular_Function_2023,Transferrin Receptor Binding (GO:1990459),1/10,0.3693903775787431,0.9926234344516522,0,0,2.3567901234567903,2.347130254310979,F3,GO_Molecular_Function_2023
GO_Molecular_Function_2023,JUN Kinase Kinase Kinase Activity (GO:0004706),1/10,0.3693903775787431,0.9926234344516522,0,0,2.3567901234567903,2.347130254310979,MAP3K9,GO_Molecular_Function_2023
GO_Molecular_Function_2023,acyl-CoA Dehydrogenase Activity (GO:0003995),1/10,0.3693903775787431,0.9926234344516522,0,0,2.3567901234567903,2.347130254310979,ACADSB,GO_Molecular_Function_2023
GO_Molecular_Function_2023,cAMP-dependent Protein Kinase Regulator Activity (GO:0008603),1/10,0.3693903775787431,0.9926234344516522,0,0,2.3567901234567903,2.347130254310979,PRKAR2B,GO_Molecular_Function_2023
GO_Molecular_Function_2023,Calcium Channel Inhibitor Activity (GO:0019855),1/10,0.3693903775787431,0.9926234344516522,0,0,2.3567901234567903,2.347130254310979,PHPT1,GO_Molecular_Function_2023
GO_Molecular_Function_2023,Diacylglycerol Kinase Activity (GO:0004143),1/10,0.3693903775787431,0.9926234344516522,0,0,2.3567901234567903,2.347130254310979,DGKI,GO_Molecular_Function_2023
GO_Molecular_Function_2023,Filamin Binding (GO:0031005),1/10,0.3693903775787431,0.9926234344516522,0,0,2.3567901234567903,2.347130254310979,RFLNB,GO_Molecular_Function_2023
GO_Molecular_Function_2023,Glycerophospholipid Flippase Activity (GO:0140333),1/10,0.3693903775787431,0.9926234344516522,0,0,2.3567901234567903,2.347130254310979,ATP11C,GO_Molecular_Function_2023
GO_Molecular_Function_2023,"Inositol 1,4,5 Trisphosphate Binding (GO:0070679)",1/10,0.3693903775787431,0.9926234344516522,0,0,2.3567901234567903,2.347130254310979,ITPR3,GO_Molecular_Function_2023
GO_Molecular_Function_2023,Ligand-Gated Monoatomic Ion Channel Activity Involved In Regulation Of Presynaptic Membrane Potential (GO:0099507),1/10,0.3693903775787431,0.9926234344516522,0,0,2.3567901234567903,2.347130254310979,GLRA1,GO_Molecular_Function_2023
GO_Molecular_Function_2023,Magnesium Ion Transmembrane Transporter Activity (GO:0015095),1/10,0.3693903775787431,0.9926234344516522,0,0,2.3567901234567903,2.347130254310979,MRS2,GO_Molecular_Function_2023
GO_Molecular_Function_2023,Phospholipase Activator Activity (GO:0016004),1/10,0.3693903775787431,0.9926234344516522,0,0,2.3567901234567903,2.347130254310979,FYN,GO_Molecular_Function_2023
GO_Molecular_Function_2023,Histone Demethylase Activity (GO:0032452),2/29,0.3780040368967788,0.9926234344516522,0,0,1.5714579985992667,1.5287935484896291,HR;UTY,GO_Molecular_Function_2023
GO_Molecular_Function_2023,DNA-(apurinic Or Apyrimidinic Site) Endonuclease Activity (GO:0003906),1/11,0.3978135039141263,0.9926234344516522,0,0,2.121,1.9550783412591732,NTHL1,GO_Molecular_Function_2023
GO_Molecular_Function_2023,MAP Kinase Activity (GO:0004707),1/11,0.3978135039141263,0.9926234344516522,0,0,2.121,1.9550783412591732,MAPK1,GO_Molecular_Function_2023
GO_Molecular_Function_2023,P-type Ion Transporter Activity (GO:0015662),1/11,0.3978135039141263,0.9926234344516522,0,0,2.121,1.9550783412591732,ATP2C2,GO_Molecular_Function_2023
GO_Molecular_Function_2023,Carbohydrate Kinase Activity (GO:0019200),1/11,0.3978135039141263,0.9926234344516522,0,0,2.121,1.9550783412591732,NAGK,GO_Molecular_Function_2023
GO_Molecular_Function_2023,Ligand-Gated Sodium Channel Activity (GO:0015280),1/11,0.3978135039141263,0.9926234344516522,0,0,2.121,1.9550783412591732,ASIC4,GO_Molecular_Function_2023
GO_Molecular_Function_2023,Monoamine Transmembrane Transporter Activity (GO:0008504),1/11,0.3978135039141263,0.9926234344516522,0,0,2.121,1.9550783412591732,SLC18A2,GO_Molecular_Function_2023
GO_Molecular_Function_2023,Monoatomic Cation:Bicarbonate Symporter Activity (GO:0140410),1/11,0.3978135039141263,0.9926234344516522,0,0,2.121,1.9550783412591732,SLC4A7,GO_Molecular_Function_2023
GO_Molecular_Function_2023,Phospholipid Scramblase Activity (GO:0017128),1/11,0.3978135039141263,0.9926234344516522,0,0,2.121,1.9550783412591732,XKR8,GO_Molecular_Function_2023
GO_Molecular_Function_2023,poly(A) RNA Polymerase Activity (GO:1990817),1/11,0.3978135039141263,0.9926234344516522,0,0,2.121,1.9550783412591732,TENT5A,GO_Molecular_Function_2023
GO_Molecular_Function_2023,Single-Stranded Telomeric DNA Binding (GO:0043047),1/11,0.3978135039141263,0.9926234344516522,0,0,2.121,1.9550783412591732,HNRNPA1,GO_Molecular_Function_2023
GO_Molecular_Function_2023,GTP Binding (GO:0005525),10/201,0.419994631815688,0.9926234344516522,0,0,1.1110523501448455,0.963852745385826,RAP1B;GLUD1;ARL4D;GNA14;RAB37;ARL3;RAB13;RHOV;RND2;HRAS,GO_Molecular_Function_2023
GO_Molecular_Function_2023,5'-Nucleotidase Activity (GO:0008253),1/12,0.4249568851803802,0.9926234344516522,0,0,1.928080808080808,1.6499890121582963,NT5C,GO_Molecular_Function_2023
GO_Molecular_Function_2023,Titin Binding (GO:0031432),1/12,0.4249568851803802,0.9926234344516522,0,0,1.928080808080808,1.6499890121582963,ANKRD23,GO_Molecular_Function_2023
GO_Molecular_Function_2023,GABA-gated Chloride Ion Channel Activity (GO:0022851),1/12,0.4249568851803802,0.9926234344516522,0,0,1.928080808080808,1.6499890121582963,GABRB2,GO_Molecular_Function_2023
GO_Molecular_Function_2023,NAD+ Binding (GO:0070403),1/12,0.4249568851803802,0.9926234344516522,0,0,1.928080808080808,1.6499890121582963,GLUD1,GO_Molecular_Function_2023
GO_Molecular_Function_2023,Insulin-Like Growth Factor I Binding (GO:0031994),1/12,0.4249568851803802,0.9926234344516522,0,0,1.928080808080808,1.6499890121582963,IGFBP2,GO_Molecular_Function_2023
GO_Molecular_Function_2023,Intracellular Ligand-Gated Monoatomic Ion Channel Activity (GO:0005217),1/12,0.4249568851803802,0.9926234344516522,0,0,1.928080808080808,1.6499890121582963,ITPR3,GO_Molecular_Function_2023
GO_Molecular_Function_2023,Lipase Activator Activity (GO:0060229),1/12,0.4249568851803802,0.9926234344516522,0,0,1.928080808080808,1.6499890121582963,FYN,GO_Molecular_Function_2023
GO_Molecular_Function_2023,Platelet-Derived Growth Factor Receptor Binding (GO:0005161),1/12,0.4249568851803802,0.9926234344516522,0,0,1.928080808080808,1.6499890121582963,IL1R1,GO_Molecular_Function_2023
GO_Molecular_Function_2023,Potassium:Proton Antiporter Activity (GO:0015386),1/12,0.4249568851803802,0.9926234344516522,0,0,1.928080808080808,1.6499890121582963,SLC9A7,GO_Molecular_Function_2023
GO_Molecular_Function_2023,Protein Kinase A Catalytic Subunit Binding (GO:0034236),1/12,0.4249568851803802,0.9926234344516522,0,0,1.928080808080808,1.6499890121582963,PRKAR2B,GO_Molecular_Function_2023
GO_Molecular_Function_2023,Inorganic Anion Transmembrane Transporter Activity (GO:0015103),2/32,0.4260122567569792,0.9926234344516522,0,0,1.414089729328884,1.2066246110992245,SLC12A5;SLC26A6,GO_Molecular_Function_2023
GO_Molecular_Function_2023,Hormone Activity (GO:0005179),4/74,0.4288911899666851,0.9926234344516522,0,0,1.2122312470138557,1.0262168213725922,POMC;NPPC;NPY;INHBA,GO_Molecular_Function_2023
GO_Molecular_Function_2023,Monoatomic Anion Channel Activity (GO:0005253),3/53,0.4295066385887419,0.9926234344516522,0,0,1.272761692650334,1.0756339194234252,GABRB2;GLRA1;GLRA3,GO_Molecular_Function_2023
GO_Molecular_Function_2023,Guanyl Ribonucleotide Binding (GO:0032561),11/226,0.440233006499642,0.9926234344516522,0,0,1.0855709432976222,0.8906579093066804,RAP1B;GLUD1;ARL4D;GNA14;RAB37;ARL3;RAB13;NME2;RHOV;RND2;HRAS,GO_Molecular_Function_2023
GO_Molecular_Function_2023,Actin Binding (GO:0003779),9/183,0.4423868948459014,0.9926234344516522,0,0,1.0973983299829906,0.895005652090209,PLEKHH2;TLNRD1;PDLIM2;NRAP;COBL;PAWR;EPS8L2;TMSB10;PRICKLE4,GO_Molecular_Function_2023
GO_Molecular_Function_2023,G Protein-Coupled Receptor Binding (GO:0001664),7/140,0.444145159059196,0.9926234344516522,0,0,1.1165665842458494,0.9062097219892796,POMC;GNA14;GRK2;FLNA;WNT9A;HSPA1B;HSPA1A,GO_Molecular_Function_2023
GO_Molecular_Function_2023,Voltage-Gated Monoatomic Cation Channel Activity (GO:0022843),4/76,0.4491164274033919,0.9926234344516522,0,0,1.1784342871299394,0.9433049717824942,KCNH5;KCNA1;CACNA1D;OPRM1,GO_Molecular_Function_2023
GO_Molecular_Function_2023,Sulfate Transmembrane Transporter Activity (GO:0015116),1/13,0.4508780803562779,0.9926234344516522,0,0,1.7673148148148148,1.407769298291689,SLC26A6,GO_Molecular_Function_2023
GO_Molecular_Function_2023,"3',5'-cyclic-AMP Phosphodiesterase Activity (GO:0004115)",1/13,0.4508780803562779,0.9926234344516522,0,0,1.7673148148148148,1.407769298291689,PDE3A,GO_Molecular_Function_2023
GO_Molecular_Function_2023,"4 Iron, 4 Sulfur Cluster Binding (GO:0051539)",1/13,0.4508780803562779,0.9926234344516522,0,0,1.7673148148148148,1.407769298291689,RSAD2,GO_Molecular_Function_2023
GO_Molecular_Function_2023,5'-3' Exonuclease Activity (GO:0008409),1/13,0.4508780803562779,0.9926234344516522,0,0,1.7673148148148148,1.407769298291689,TRIR,GO_Molecular_Function_2023
GO_Molecular_Function_2023,Transmembrane Receptor Protein Tyrosine Kinase Adaptor Activity (GO:0005068),1/13,0.4508780803562779,0.9926234344516522,0,0,1.7673148148148148,1.407769298291689,UXT,GO_Molecular_Function_2023
GO_Molecular_Function_2023,Chloride Channel Regulator Activity (GO:0017081),1/13,0.4508780803562779,0.9926234344516522,0,0,1.7673148148148148,1.407769298291689,SGK1,GO_Molecular_Function_2023
GO_Molecular_Function_2023,Heparan Sulfate Sulfotransferase Activity (GO:0034483),1/13,0.4508780803562779,0.9926234344516522,0,0,1.7673148148148148,1.407769298291689,HS3ST2,GO_Molecular_Function_2023
GO_Molecular_Function_2023,Lipid Phosphatase Activity (GO:0042577),1/13,0.4508780803562779,0.9926234344516522,0,0,1.7673148148148148,1.407769298291689,SGPP1,GO_Molecular_Function_2023
GO_Molecular_Function_2023,Phosphatidylglycerol Binding (GO:1901611),1/13,0.4508780803562779,0.9926234344516522,0,0,1.7673148148148148,1.407769298291689,UQCC3,GO_Molecular_Function_2023
GO_Molecular_Function_2023,Ribosomal Large Subunit Binding (GO:0043023),1/13,0.4508780803562779,0.9926234344516522,0,0,1.7673148148148148,1.407769298291689,RBM3,GO_Molecular_Function_2023
GO_Molecular_Function_2023,Sodium:Chloride Symporter Activity (GO:0015378),1/13,0.4508780803562779,0.9926234344516522,0,0,1.7673148148148148,1.407769298291689,SLC18A2,GO_Molecular_Function_2023
GO_Molecular_Function_2023,"Phosphotransferase Activity, Alcohol Group As Acceptor (GO:0016773)",4/77,0.4591442915960575,0.9926234344516522,0,0,1.1622302652677876,0.9046692966256852,NADK2;CHKA;DGKI;GCK,GO_Molecular_Function_2023
GO_Molecular_Function_2023,Histone Deacetylase Binding (GO:0042826),5/99,0.4624898931176394,0.9926234344516522,0,0,1.1282413563829787,0.8700214058717742,BEX4;YWHAE;MEF2D;HSPA1B;HSPA1A,GO_Molecular_Function_2023
GO_Molecular_Function_2023,Core Promoter Sequence-Specific DNA Binding (GO:0001046),2/35,0.4720091818702366,0.9926234344516522,0,0,1.2853338726531165,0.9649731971832576,DRAP1;FOS,GO_Molecular_Function_2023
GO_Molecular_Function_2023,1-Phosphatidylinositol Binding (GO:0005545),1/14,0.4756320623414167,0.9926234344516522,0,0,1.6312820512820514,1.2122231501687917,ZFYVE9,GO_Molecular_Function_2023
GO_Molecular_Function_2023,1-Phosphatidylinositol-3-Kinase Regulator Activity (GO:0046935),1/14,0.4756320623414167,0.9926234344516522,0,0,1.6312820512820514,1.2122231501687917,SOCS5,GO_Molecular_Function_2023
GO_Molecular_Function_2023,MAP Kinase Kinase Activity (GO:0004708),1/14,0.4756320623414167,0.9926234344516522,0,0,1.6312820512820514,1.2122231501687917,MAP3K9,GO_Molecular_Function_2023
GO_Molecular_Function_2023,MAP Kinase Phosphatase Activity (GO:0033549),1/14,0.4756320623414167,0.9926234344516522,0,0,1.6312820512820514,1.2122231501687917,DUSP9,GO_Molecular_Function_2023
GO_Molecular_Function_2023,SUMO Binding (GO:0032183),1/14,0.4756320623414167,0.9926234344516522,0,0,1.6312820512820514,1.2122231501687917,HABP4,GO_Molecular_Function_2023
GO_Molecular_Function_2023,Alanine Transmembrane Transporter Activity (GO:0022858),1/14,0.4756320623414167,0.9926234344516522,0,0,1.6312820512820514,1.2122231501687917,SLC38A2,GO_Molecular_Function_2023
GO_Molecular_Function_2023,"Beta-1,3-Galactosyltransferase Activity (GO:0048531)",1/14,0.4756320623414167,0.9926234344516522,0,0,1.6312820512820514,1.2122231501687917,C1GALT1,GO_Molecular_Function_2023
GO_Molecular_Function_2023,Endopeptidase Activator Activity (GO:0061133),1/14,0.4756320623414167,0.9926234344516522,0,0,1.6312820512820514,1.2122231501687917,VSIR,GO_Molecular_Function_2023
GO_Molecular_Function_2023,Nucleotidase Activity (GO:0008252),1/14,0.4756320623414167,0.9926234344516522,0,0,1.6312820512820514,1.2122231501687917,NT5C,GO_Molecular_Function_2023
GO_Molecular_Function_2023,Purinergic Nucleotide Receptor Activity (GO:0001614),1/14,0.4756320623414167,0.9926234344516522,0,0,1.6312820512820514,1.2122231501687917,P2RY12,GO_Molecular_Function_2023
GO_Molecular_Function_2023,Solute:Inorganic Anion Antiporter Activity (GO:0005452),1/14,0.4756320623414167,0.9926234344516522,0,0,1.6312820512820514,1.2122231501687917,SLC26A6,GO_Molecular_Function_2023
GO_Molecular_Function_2023,Amino Acid Binding (GO:0016597),2/36,0.4868425779853735,0.9999904887786326,0,0,1.2474645030425964,0.8979429834422732,GLRA1;GLUD1,GO_Molecular_Function_2023
GO_Molecular_Function_2023,Acidic Amino Acid Transmembrane Transporter Activity (GO:0015172),1/15,0.4992713340757176,0.9999904887786326,0,0,1.5146825396825396,1.0521069369478795,SLC38A2,GO_Molecular_Function_2023
GO_Molecular_Function_2023,Insulin-Like Growth Factor Binding (GO:0005520),1/15,0.4992713340757176,0.9999904887786326,0,0,1.5146825396825396,1.0521069369478795,IGFBP2,GO_Molecular_Function_2023
GO_Molecular_Function_2023,Peptidoglycan Binding (GO:0042834),1/15,0.4992713340757176,0.9999904887786326,0,0,1.5146825396825396,1.0521069369478795,IGHM,GO_Molecular_Function_2023
GO_Molecular_Function_2023,Phospholipase Binding (GO:0043274),1/15,0.4992713340757176,0.9999904887786326,0,0,1.5146825396825396,1.0521069369478795,FYN,GO_Molecular_Function_2023
GO_Molecular_Function_2023,Receptor Tyrosine Kinase Binding (GO:0030971),3/59,0.5000025196553655,0.9999904887786326,0,0,1.1360364301622654,0.7874347237542108,UXT;SHC3;SOCS5,GO_Molecular_Function_2023
GO_Molecular_Function_2023,N-acyltransferase Activity (GO:0016410),2/37,0.5014127369874103,0.9999904887786326,0,0,1.2117590974098205,0.8365084359223295,GDF1;SLC38A2,GO_Molecular_Function_2023
GO_Molecular_Function_2023,Methyltransferase Activity (GO:0008168),2/37,0.5014127369874103,0.9999904887786326,0,0,1.2117590974098205,0.8365084359223295,GAMT;MGMT,GO_Molecular_Function_2023
GO_Molecular_Function_2023,Sulfotransferase Activity (GO:0008146),2/38,0.515713253675113,0.9999904887786326,0,0,1.17803732542331,0.7801014742208203,SULT1A1;HS3ST2,GO_Molecular_Function_2023
GO_Molecular_Function_2023,Alpha-Tubulin Binding (GO:0043014),2/38,0.515713253675113,0.9999904887786326,0,0,1.17803732542331,0.7801014742208203,BEX4;FYN,GO_Molecular_Function_2023
GO_Molecular_Function_2023,"3',5'-Cyclic-Nucleotide Phosphodiesterase Activity (GO:0004114)",1/16,0.521846039392957,0.9999904887786326,0,0,1.4136296296296296,0.9194002246365308,PDE3A,GO_Molecular_Function_2023
GO_Molecular_Function_2023,Transmembrane Receptor Protein Phosphatase Activity (GO:0019198),1/16,0.521846039392957,0.9999904887786326,0,0,1.4136296296296296,0.9194002246365308,PTPRA,GO_Molecular_Function_2023
GO_Molecular_Function_2023,Transmembrane Receptor Protein Tyrosine Phosphatase Activity (GO:0005001),1/16,0.521846039392957,0.9999904887786326,0,0,1.4136296296296296,0.9194002246365308,PTPRA,GO_Molecular_Function_2023
GO_Molecular_Function_2023,Calcium-Dependent Phospholipase A2 Activity (GO:0047498),1/16,0.521846039392957,0.9999904887786326,0,0,1.4136296296296296,0.9194002246365308,PLA2G3,GO_Molecular_Function_2023
GO_Molecular_Function_2023,Four-Way Junction DNA Binding (GO:0000400),1/16,0.521846039392957,0.9999904887786326,0,0,1.4136296296296296,0.9194002246365308,HMGB3,GO_Molecular_Function_2023
GO_Molecular_Function_2023,Phosphatidylinositol-5-Phosphate Binding (GO:0010314),1/16,0.521846039392957,0.9999904887786326,0,0,1.4136296296296296,0.9194002246365308,PLEKHF1,GO_Molecular_Function_2023
GO_Molecular_Function_2023,Ribosomal Small Subunit Binding (GO:0043024),1/16,0.521846039392957,0.9999904887786326,0,0,1.4136296296296296,0.9194002246365308,DDX3X,GO_Molecular_Function_2023
GO_Molecular_Function_2023,Phosphatidylinositol Binding (GO:0035091),5/106,0.5228677638275033,0.9999904887786326,0,0,1.0496596534653466,0.6806273331665004,MYO1E;MREG;PLEKHF1;ZFYVE9;ITPR3,GO_Molecular_Function_2023
GO_Molecular_Function_2023,Tau Protein Binding (GO:0048156),2/39,0.5297388323319493,0.9999904887786326,0,0,1.1461383519225563,0.7282232577020078,FYN;APOE,GO_Molecular_Function_2023
GO_Molecular_Function_2023,Phosphotyrosine Residue Binding (GO:0001784),2/39,0.5297388323319493,0.9999904887786326,0,0,1.1461383519225563,0.7282232577020078,UXT;SHC3,GO_Molecular_Function_2023
GO_Molecular_Function_2023,Ribosome Binding (GO:0043022),4/85,0.5367187068011391,0.9999904887786326,0,0,1.0470016653591532,0.6515293953232574,RBM3;DDX3X;SEC61G;SEC61B,GO_Molecular_Function_2023
GO_Molecular_Function_2023,Ubiquitin-Like Protein Ligase Binding (GO:0044389),13/289,0.5424156062287538,0.9999904887786326,0,0,0.998412814988902,0.6107518530123881,YWHAE;CDKN1A;RPL11;DTX1;FOXO1;NFKBIA;MAP1LC3A;PRKAR2B;DDRGK1;BAG1;CALR;HSPA1B;HSPA1A,GO_Molecular_Function_2023
GO_Molecular_Function_2023,"DNA Binding, Bending (GO:0008301)",1/17,0.54340406883758,0.9999904887786326,0,0,1.325208333333333,0.8082473378553748,HMGB3,GO_Molecular_Function_2023
GO_Molecular_Function_2023,Calcium-Release Channel Activity (GO:0015278),1/17,0.54340406883758,0.9999904887786326,0,0,1.325208333333333,0.8082473378553748,ITPR3,GO_Molecular_Function_2023
GO_Molecular_Function_2023,Phosphatidylinositol 3-Kinase Regulator Activity (GO:0035014),1/17,0.54340406883758,0.9999904887786326,0,0,1.325208333333333,0.8082473378553748,SOCS5,GO_Molecular_Function_2023
GO_Molecular_Function_2023,Protein Phosphatase 1 Binding (GO:0008157),1/17,0.54340406883758,0.9999904887786326,0,0,1.325208333333333,0.8082473378553748,PPP1R3G,GO_Molecular_Function_2023
GO_Molecular_Function_2023,Solute:Potassium Antiporter Activity (GO:0022821),1/17,0.54340406883758,0.9999904887786326,0,0,1.325208333333333,0.8082473378553748,SLC9A7,GO_Molecular_Function_2023
GO_Molecular_Function_2023,Transmitter-Gated Monoatomic Ion Channel Activity (GO:0022824),2/40,0.5434852000663929,0.9999904887786326,0,0,1.1159182717639482,0.680434294774487,GABRB2;GLRA3,GO_Molecular_Function_2023
GO_Molecular_Function_2023,Chloride Channel Activity (GO:0005254),3/64,0.5551985858826611,0.9999904887786326,0,0,1.0426448574245135,0.6135229054193824,GABRB2;GLRA1;GLRA3,GO_Molecular_Function_2023
GO_Molecular_Function_2023,GABA-A Receptor Activity (GO:0004890),1/18,0.5639911607782555,0.9999904887786326,0,0,1.24718954248366,0.7142862790281297,GABRB2,GO_Molecular_Function_2023
GO_Molecular_Function_2023,TBP-class Protein Binding (GO:0017025),1/18,0.5639911607782555,0.9999904887786326,0,0,1.24718954248366,0.7142862790281297,DRAP1,GO_Molecular_Function_2023
GO_Molecular_Function_2023,Amino Acid:Sodium Symporter Activity (GO:0005283),1/18,0.5639911607782555,0.9999904887786326,0,0,1.24718954248366,0.7142862790281297,SLC38A2,GO_Molecular_Function_2023
GO_Molecular_Function_2023,Hormone Receptor Binding (GO:0051427),1/18,0.5639911607782555,0.9999904887786326,0,0,1.24718954248366,0.7142862790281297,NPPC,GO_Molecular_Function_2023
GO_Molecular_Function_2023,"Hydrolase Activity, Hydrolyzing N-glycosyl Compounds (GO:0016799)",1/18,0.5639911607782555,0.9999904887786326,0,0,1.24718954248366,0.7142862790281297,NTHL1,GO_Molecular_Function_2023
GO_Molecular_Function_2023,Ligand-Gated Calcium Channel Activity (GO:0099604),1/18,0.5639911607782555,0.9999904887786326,0,0,1.24718954248366,0.7142862790281297,ITPR3,GO_Molecular_Function_2023
GO_Molecular_Function_2023,Double-Stranded RNA Binding (GO:0003725),3/65,0.5657934509973308,0.9999904887786326,0,0,1.0257741217041454,0.5842052324100585,TLR7;DDX60;TLR3,GO_Molecular_Function_2023
GO_Molecular_Function_2023,Ubiquitin Protein Ligase Binding (GO:0031625),12/271,0.5660836582030746,0.9999904887786326,0,0,0.981884986384424,0.5587057200971914,NFKBIA;YWHAE;CDKN1A;MAP1LC3A;PRKAR2B;RPL11;BAG1;DTX1;CALR;HSPA1B;FOXO1;HSPA1A,GO_Molecular_Function_2023
GO_Molecular_Function_2023,Endopeptidase Regulator Activity (GO:0061135),2/42,0.5701278432102205,0.9999904887786326,0,0,1.0600111234705227,0.5956145866049887,CSTB;VSIR,GO_Molecular_Function_2023
GO_Molecular_Function_2023,Regulatory RNA Binding (GO:0061980),2/42,0.5701278432102205,0.9999904887786326,0,0,1.0600111234705227,0.5956145866049887,TLR7;HNRNPA1,GO_Molecular_Function_2023
GO_Molecular_Function_2023,Transition Metal Ion Binding (GO:0046914),20/456,0.5817931298701711,0.9999904887786326,0,0,0.9717377042351788,0.5263323418687359,TIMM8B;EGR1;RNF11;COX17;TIMM13;LNPEP;TIMM10;BAZ1B;BMI1;MT3;GLRA1;CCS;RPS27;NUDT8;RPS29;S100A13;CALR;ADA;KPNB1;POLR2L,GO_Molecular_Function_2023
GO_Molecular_Function_2023,DNA Polymerase Binding (GO:0070182),1/19,0.5836509982601489,0.9999904887786326,0,0,1.1778395061728395,0.6342101326059947,PTGES3,GO_Molecular_Function_2023
GO_Molecular_Function_2023,R-SMAD Binding (GO:0070412),1/19,0.5836509982601489,0.9999904887786326,0,0,1.1778395061728395,0.6342101326059947,FOS,GO_Molecular_Function_2023
GO_Molecular_Function_2023,Cysteine-Type Endopeptidase Inhibitor Activity Involved In Apoptotic Process (GO:0043027),1/19,0.5836509982601489,0.9999904887786326,0,0,1.1778395061728395,0.6342101326059947,PRDX5,GO_Molecular_Function_2023
GO_Molecular_Function_2023,Metalloaminopeptidase Activity (GO:0070006),1/19,0.5836509982601489,0.9999904887786326,0,0,1.1778395061728395,0.6342101326059947,LNPEP,GO_Molecular_Function_2023
GO_Molecular_Function_2023,Kinase Activator Activity (GO:0019209),2/44,0.595624497777401,0.9999904887786326,0,0,1.0094284654907568,0.5230301585762392,MT3;MOB3B,GO_Molecular_Function_2023
GO_Molecular_Function_2023,Signaling Receptor Complex Adaptor Activity (GO:0030159),2/44,0.595624497777401,0.9999904887786326,0,0,1.0094284654907568,0.5230301585762392,UXT;SHANK1,GO_Molecular_Function_2023
GO_Molecular_Function_2023,Tau-Protein Kinase Activity (GO:0050321),1/20,0.6024253007889407,0.9999904887786326,0,0,1.1157894736842104,0.5654727364216774,FYN,GO_Molecular_Function_2023
GO_Molecular_Function_2023,DNA-directed DNA Polymerase Activity (GO:0003887),1/20,0.6024253007889407,0.9999904887786326,0,0,1.1157894736842104,0.5654727364216774,POLQ,GO_Molecular_Function_2023
GO_Molecular_Function_2023,RNA Stem-Loop Binding (GO:0035613),1/20,0.6024253007889407,0.9999904887786326,0,0,1.1157894736842104,0.5654727364216774,DDX3X,GO_Molecular_Function_2023
GO_Molecular_Function_2023,Cysteine-Type Endopeptidase Activator Activity Involved In Apoptotic Process (GO:0008656),1/20,0.6024253007889407,0.9999904887786326,0,0,1.1157894736842104,0.5654727364216774,BEX3,GO_Molecular_Function_2023
GO_Molecular_Function_2023,Phosphatidylinositol Phospholipase C Activity (GO:0004435),1/20,0.6024253007889407,0.9999904887786326,0,0,1.1157894736842104,0.5654727364216774,PLCG1,GO_Molecular_Function_2023
GO_Molecular_Function_2023,Damaged DNA Binding (GO:0003684),2/45,0.6079411143338995,0.9999904887786326,0,0,0.9859016478257496,0.4906608239471267,POLQ;NTHL1,GO_Molecular_Function_2023
GO_Molecular_Function_2023,Exonuclease Activity (GO:0004527),2/46,0.6199701622451909,0.9999904887786326,0,0,0.963444230963697,0.460607201877948,TRIR;REXO5,GO_Molecular_Function_2023
GO_Molecular_Function_2023,Transforming Growth Factor Beta Binding (GO:0050431),1/21,0.6203539132010867,0.9999904887786326,0,0,1.0599444444444444,0.5060865183821718,NRROS,GO_Molecular_Function_2023
GO_Molecular_Function_2023,DNA Polymerase Activity (GO:0034061),1/21,0.6203539132010867,0.9999904887786326,0,0,1.0599444444444444,0.5060865183821718,POLQ,GO_Molecular_Function_2023
GO_Molecular_Function_2023,GABA Receptor Activity (GO:0016917),1/21,0.6203539132010867,0.9999904887786326,0,0,1.0599444444444444,0.5060865183821718,GABRB2,GO_Molecular_Function_2023
GO_Molecular_Function_2023,Ephrin Receptor Binding (GO:0046875),1/21,0.6203539132010867,0.9999904887786326,0,0,1.0599444444444444,0.5060865183821718,FYN,GO_Molecular_Function_2023
GO_Molecular_Function_2023,Lipid Kinase Activity (GO:0001727),1/21,0.6203539132010867,0.9999904887786326,0,0,1.0599444444444444,0.5060865183821718,DGKI,GO_Molecular_Function_2023
GO_Molecular_Function_2023,"Oxidoreductase Activity, Acting On Single Donors With Incorporation Of Molecular Oxygen, Incorporation Of Two Atoms Of Oxygen (GO:0016702)",1/21,0.6203539132010867,0.9999904887786326,0,0,1.0599444444444444,0.5060865183821718,PTGS2,GO_Molecular_Function_2023
GO_Molecular_Function_2023,Methylated Histone Binding (GO:0035064),3/71,0.6260033687525448,0.9999904887786326,0,0,0.9349698676798114,0.4379394433154939,ZCWPW2;CBX8;DPF2,GO_Molecular_Function_2023
GO_Molecular_Function_2023,Voltage-Gated Calcium Channel Activity (GO:0005245),2/47,0.6317125263405784,0.9999904887786326,0,0,0.9419849215177356,0.4326733164421292,CACNA1D;OPRM1,GO_Molecular_Function_2023
GO_Molecular_Function_2023,Single-Stranded DNA Binding (GO:0003697),4/96,0.6333055627495289,0.9999904887786326,0,0,0.9212835054044884,0.4208443797664132,IGHM;FAM111A;CDC45;HNRNPA1,GO_Molecular_Function_2023
GO_Molecular_Function_2023,Bicarbonate Transmembrane Transporter Activity (GO:0015106),1/22,0.6374748891236101,0.9999904887786326,0,0,1.009417989417989,0.4544807515859362,SLC26A6,GO_Molecular_Function_2023
GO_Molecular_Function_2023,Cysteine-Type Endopeptidase Inhibitor Activity (GO:0004869),1/22,0.6374748891236101,0.9999904887786326,0,0,1.009417989417989,0.4544807515859362,CSTB,GO_Molecular_Function_2023
GO_Molecular_Function_2023,Low-Density Lipoprotein Particle Receptor Binding (GO:0050750),1/22,0.6374748891236101,0.9999904887786326,0,0,1.009417989417989,0.4544807515859362,APOE,GO_Molecular_Function_2023
GO_Molecular_Function_2023,Peptidase Activator Activity Involved In Apoptotic Process (GO:0016505),1/22,0.6374748891236101,0.9999904887786326,0,0,1.009417989417989,0.4544807515859362,BEX3,GO_Molecular_Function_2023
GO_Molecular_Function_2023,Semaphorin Receptor Binding (GO:0030215),1/22,0.6374748891236101,0.9999904887786326,0,0,1.009417989417989,0.4544807515859362,SEMA6A,GO_Molecular_Function_2023
GO_Molecular_Function_2023,Single-Stranded DNA Helicase Activity (GO:0017116),1/22,0.6374748891236101,0.9999904887786326,0,0,1.009417989417989,0.4544807515859362,POLQ,GO_Molecular_Function_2023
GO_Molecular_Function_2023,N-acetyltransferase Activity (GO:0008080),1/23,0.6538245717686761,0.9999904887786326,0,0,0.9634848484848484,0.4094003228816074,SLC38A2,GO_Molecular_Function_2023
GO_Molecular_Function_2023,Acetylation-Dependent Protein Binding (GO:0140033),1/23,0.6538245717686761,0.9999904887786326,0,0,0.9634848484848484,0.4094003228816074,DPF2,GO_Molecular_Function_2023
GO_Molecular_Function_2023,High Voltage-Gated Calcium Channel Activity (GO:0008331),1/23,0.6538245717686761,0.9999904887786326,0,0,0.9634848484848484,0.4094003228816074,CACNA1D,GO_Molecular_Function_2023
GO_Molecular_Function_2023,Ligand-Gated Monoatomic Ion Channel Activity (GO:0015276),1/23,0.6538245717686761,0.9999904887786326,0,0,0.9634848484848484,0.4094003228816074,GLRA1,GO_Molecular_Function_2023
GO_Molecular_Function_2023,Lysine-Acetylated Histone Binding (GO:0070577),1/23,0.6538245717686761,0.9999904887786326,0,0,0.9634848484848484,0.4094003228816074,DPF2,GO_Molecular_Function_2023
GO_Molecular_Function_2023,Phospholipase C Activity (GO:0004629),1/23,0.6538245717686761,0.9999904887786326,0,0,0.9634848484848484,0.4094003228816074,PLCG1,GO_Molecular_Function_2023
GO_Molecular_Function_2023,Protein Tyrosine/Serine/Threonine Phosphatase Activity (GO:0008138),1/23,0.6538245717686761,0.9999904887786326,0,0,0.9634848484848484,0.4094003228816074,DUSP9,GO_Molecular_Function_2023
GO_Molecular_Function_2023,Pyrophosphatase Activity (GO:0016462),2/49,0.6543432124132224,0.9999904887786326,0,0,0.9018057889380636,0.3824768251199464,DDX3X;NUDT3,GO_Molecular_Function_2023
GO_Molecular_Function_2023,S-adenosylmethionine-dependent Methyltransferase Activity (GO:0008757),2/50,0.6652356362592108,0.9999904887786326,0,0,0.8829718205413423,0.3599116410902729,PCMTD2;GAMT,GO_Molecular_Function_2023
GO_Molecular_Function_2023,Notch Binding (GO:0005112),1/24,0.6694376706983981,0.9999904887786326,0,0,0.9215458937198068,0.3698322329165462,DTX1,GO_Molecular_Function_2023
GO_Molecular_Function_2023,Chemorepellent Activity (GO:0045499),1/24,0.6694376706983981,0.9999904887786326,0,0,0.9215458937198068,0.3698322329165462,SEMA6A,GO_Molecular_Function_2023
GO_Molecular_Function_2023,Peptidase Activator Activity (GO:0016504),1/24,0.6694376706983981,0.9999904887786326,0,0,0.9215458937198068,0.3698322329165462,VSIR,GO_Molecular_Function_2023
GO_Molecular_Function_2023,Protein Tyrosine Phosphatase Activity (GO:0004725),3/76,0.67160560531707,0.9999904887786326,0,0,0.8707020166580224,0.3466125482165896,EYA1;PTPRA;DUSP9,GO_Molecular_Function_2023
GO_Molecular_Function_2023,Cadherin Binding (GO:0045296),13/319,0.6839180763508635,0.9999904887786326,0,0,0.8990939468880645,0.3415812008477305,YWHAE;DDX3X;IST1;RPL23A;F11R;CCS;VAPA;EFHD2;FLNA;CTNNA3;EPS8L2;FYN;HSPA1A,GO_Molecular_Function_2023
GO_Molecular_Function_2023,Transcription Regulatory Region Nucleic Acid Binding (GO:0001067),9/224,0.683992455324855,0.9999904887786326,0,0,0.8862029408697466,0.3365873136447927,EGR1;JUND;CREB3L1;ANKRD23;NKX2-1;FOS;ZBED6;MACROH2A1;FLI1,GO_Molecular_Function_2023
GO_Molecular_Function_2023,MHC Class II Protein Complex Binding (GO:0023026),1/25,0.6843473350162578,0.9999904887786326,0,0,0.8831018518518519,0.3349514280819962,YWHAE,GO_Molecular_Function_2023
GO_Molecular_Function_2023,Adenylyltransferase Activity (GO:0070566),1/25,0.6843473350162578,0.9999904887786326,0,0,0.8831018518518519,0.3349514280819962,TENT5A,GO_Molecular_Function_2023
GO_Molecular_Function_2023,Ferrous Iron Binding (GO:0008198),1/25,0.6843473350162578,0.9999904887786326,0,0,0.8831018518518519,0.3349514280819962,F3,GO_Molecular_Function_2023
GO_Molecular_Function_2023,Phosphatidylinositol-4-Phosphate Binding (GO:0070273),1/25,0.6843473350162578,0.9999904887786326,0,0,0.8831018518518519,0.3349514280819962,PLEKHF1,GO_Molecular_Function_2023
GO_Molecular_Function_2023,Channel Activity (GO:0015267),2/52,0.6861877519228056,0.9999904887786326,0,0,0.8475639599555062,0.319195975755524,TMEM266;ASIC4,GO_Molecular_Function_2023
GO_Molecular_Function_2023,Protein Kinase Regulator Activity (GO:0019887),4/103,0.6875482269889025,0.9999904887786326,0,0,0.8558269427834645,0.3206127165762297,CDKN1A;PRKAR2B;MT3;MOB3B,GO_Molecular_Function_2023
GO_Molecular_Function_2023,Polyubiquitin Modification-Dependent Protein Binding (GO:0031593),2/53,0.6962536675085664,0.9999904887786326,0,0,0.8309014373268774,0.3008205702671019,ZFAND6;UBQLN1,GO_Molecular_Function_2023
GO_Molecular_Function_2023,Potassium Channel Activity (GO:0005267),3/79,0.6969392430615035,0.9999904887786326,0,0,0.8362003282147462,0.3019160163806175,KCNG1;KCNH5;KCNA1,GO_Molecular_Function_2023
GO_Molecular_Function_2023,NAD Binding (GO:0051287),1/26,0.6985852238557548,0.9999904887786326,0,0,0.8477333333333333,0.3040803342038978,GLUD1,GO_Molecular_Function_2023
GO_Molecular_Function_2023,NAD+ ADP-ribosyltransferase Activity (GO:0003950),1/26,0.6985852238557548,0.9999904887786326,0,0,0.8477333333333333,0.3040803342038978,PARP14,GO_Molecular_Function_2023
GO_Molecular_Function_2023,Inward Rectifier Potassium Channel Activity (GO:0005242),1/26,0.6985852238557548,0.9999904887786326,0,0,0.8477333333333333,0.3040803342038978,KCNJ6,GO_Molecular_Function_2023
GO_Molecular_Function_2023,Neuropeptide Activity (GO:0160041),1/26,0.6985852238557548,0.9999904887786326,0,0,0.8477333333333333,0.3040803342038978,NPY,GO_Molecular_Function_2023
GO_Molecular_Function_2023,Neuropeptide Hormone Activity (GO:0005184),1/26,0.6985852238557548,0.9999904887786326,0,0,0.8477333333333333,0.3040803342038978,NPY,GO_Molecular_Function_2023
GO_Molecular_Function_2023,RNA Polymerase II-specific DNA-binding Transcription Factor Binding (GO:0061629),9/228,0.7038545252535449,0.9999904887786326,0,0,0.8698322992812826,0.3054708247250159,NFKBIA;MKKS;BEX1;PRRX1;DDRGK1;ANXA4;NKX2-1;FOS;MEF2D,GO_Molecular_Function_2023
GO_Molecular_Function_2023,Magnesium Ion Binding (GO:0000287),6/155,0.7039368395273014,0.9999904887786326,0,0,0.8526114506392711,0.2993234401254053,NUDT8;IDH2;PLK1;IRAK3;MAP3K6;NUDT3,GO_Molecular_Function_2023
GO_Molecular_Function_2023,ADP Binding (GO:0043531),1/27,0.7121815727347449,0.9999904887786326,0,0,0.81508547008547,0.2766582519496079,GLUD1,GO_Molecular_Function_2023
GO_Molecular_Function_2023,Voltage-Gated Monoatomic Ion Channel Activity (GO:0005244),1/27,0.7121815727347449,0.9999904887786326,0,0,0.81508547008547,0.2766582519496079,KCNA3,GO_Molecular_Function_2023
GO_Molecular_Function_2023,Acetyltransferase Activity (GO:0016407),1/27,0.7121815727347449,0.9999904887786326,0,0,0.81508547008547,0.2766582519496079,SLC38A2,GO_Molecular_Function_2023
GO_Molecular_Function_2023,Carboxy-Lyase Activity (GO:0016831),1/27,0.7121815727347449,0.9999904887786326,0,0,0.81508547008547,0.2766582519496079,ODC1,GO_Molecular_Function_2023
GO_Molecular_Function_2023,Histone Acetyltransferase Activity (GO:0004402),1/27,0.7121815727347449,0.9999904887786326,0,0,0.81508547008547,0.2766582519496079,TAF10,GO_Molecular_Function_2023
GO_Molecular_Function_2023,Lipoprotein Particle Receptor Binding (GO:0070325),1/27,0.7121815727347449,0.9999904887786326,0,0,0.81508547008547,0.2766582519496079,APOE,GO_Molecular_Function_2023
GO_Molecular_Function_2023,"Oxidoreductase Activity, Acting On Paired Donors, With Incorporation Or Reduction Of Molecular Oxygen, NAD(P)H As One Donor, And Incorporation Of One Atom Of Oxygen (GO:0016709)",1/27,0.7121815727347449,0.9999904887786326,0,0,0.81508547008547,0.2766582519496079,FMO2,GO_Molecular_Function_2023
GO_Molecular_Function_2023,"Hydrolase Activity, Acting On Carbon-Nitrogen (But Not Peptide) Bonds, In Linear Amides (GO:0016811)",2/56,0.7248537795587097,0.9999904887786326,0,0,0.784616652247353,0.2524781266686733,PFDN1;ASPA,GO_Molecular_Function_2023
GO_Molecular_Function_2023,Protein Serine/Threonine Kinase Activator Activity (GO:0043539),2/56,0.7248537795587097,0.9999904887786326,0,0,0.784616652247353,0.2524781266686733,DDX3X;DBF4,GO_Molecular_Function_2023
GO_Molecular_Function_2023,Ubiquitin Conjugating Enzyme Binding (GO:0031624),1/28,0.7251652577729478,0.9999904887786326,0,0,0.7848559670781893,0.2522179452503473,RNF19B,GO_Molecular_Function_2023
GO_Molecular_Function_2023,Dicarboxylic Acid Transmembrane Transporter Activity (GO:0005310),1/28,0.7251652577729478,0.9999904887786326,0,0,0.7848559670781893,0.2522179452503473,SLC26A6,GO_Molecular_Function_2023
GO_Molecular_Function_2023,Glutathione Transferase Activity (GO:0004364),1/28,0.7251652577729478,0.9999904887786326,0,0,0.7848559670781893,0.2522179452503473,MGST3,GO_Molecular_Function_2023
GO_Molecular_Function_2023,Neuropeptide Binding (GO:0042923),1/28,0.7251652577729478,0.9999904887786326,0,0,0.7848559670781893,0.2522179452503473,OPRM1,GO_Molecular_Function_2023
GO_Molecular_Function_2023,Chromatin DNA Binding (GO:0031490),3/83,0.7283739403303674,0.9999904887786326,0,0,0.7942232739420936,0.2517216870397685,HR;UTY;MACROH2A1,GO_Molecular_Function_2023
GO_Molecular_Function_2023,Transcription Cis-Regulatory Region Binding (GO:0000976),19/474,0.7324155238768434,0.9999904887786326,0,0,0.8826991602501807,0.2748789361721916,EGR1;JUND;ANKRD23;HIF3A;FOS;MACROH2A1;FLI1;FOSL2;SETX;DRAP1;PRDX5;DBP;RBL1;CREB3L1;RFXAP;MXI1;NKX2-1;ZBED6;MEF2D,GO_Molecular_Function_2023
GO_Molecular_Function_2023,Aminopeptidase Activity (GO:0004177),1/29,0.7375638570196849,0.9999904887786326,0,0,0.7567857142857143,0.2303675456759671,LNPEP,GO_Molecular_Function_2023
GO_Molecular_Function_2023,Gamma-Tubulin Binding (GO:0043015),1/29,0.7375638570196849,0.9999904887786326,0,0,0.7567857142857143,0.2303675456759671,DDX3X,GO_Molecular_Function_2023
GO_Molecular_Function_2023,miRNA Binding (GO:0035198),1/29,0.7375638570196849,0.9999904887786326,0,0,0.7567857142857143,0.2303675456759671,HNRNPA1,GO_Molecular_Function_2023
GO_Molecular_Function_2023,Protein Tyrosine Kinase Activator Activity (GO:0030296),1/29,0.7375638570196849,0.9999904887786326,0,0,0.7567857142857143,0.2303675456759671,UXT,GO_Molecular_Function_2023
GO_Molecular_Function_2023,Nuclease Activity (GO:0004518),2/58,0.7426292043719153,0.9999904887786326,0,0,0.7565151755919275,0.2251074534115685,NTHL1;REXO5,GO_Molecular_Function_2023
GO_Molecular_Function_2023,Growth Factor Activity (GO:0008083),3/85,0.7431046708068831,0.9999904887786326,0,0,0.7747704926937911,0.2300435904733888,INHBA;FGF23;FGF22,GO_Molecular_Function_2023
GO_Molecular_Function_2023,General Transcription Initiation Factor Binding (GO:0140296),1/30,0.7494037080519473,0.9999904887786326,0,0,0.7306513409961686,0.2107764317493301,DRAP1,GO_Molecular_Function_2023
GO_Molecular_Function_2023,pre-mRNA Binding (GO:0036002),1/30,0.7494037080519473,0.9999904887786326,0,0,0.7306513409961686,0.2107764317493301,HNRNPA1,GO_Molecular_Function_2023
GO_Molecular_Function_2023,Receptor Antagonist Activity (GO:0048019),1/30,0.7494037080519473,0.9999904887786326,0,0,0.7306513409961686,0.2107764317493301,PXDN,GO_Molecular_Function_2023
GO_Molecular_Function_2023,Carboxylic Acid Transmembrane Transporter Activity (GO:0046943),2/59,0.7511424102644225,0.9999904887786326,0,0,0.7432039498077786,0.2126752554162091,SLC23A2;SLC38A2,GO_Molecular_Function_2023
GO_Molecular_Function_2023,Heme Binding (GO:0020037),3/87,0.757192112966261,0.9999904887786326,0,0,0.7562440343620744,0.2103404117652894,PTGIS;PXDN;PTGS2,GO_Molecular_Function_2023
GO_Molecular_Function_2023,RNA Polymerase II Complex Binding (GO:0000993),1/31,0.7607099644293381,0.9999904887786326,0,0,0.7062592592592593,0.1931641095508496,URI1,GO_Molecular_Function_2023
GO_Molecular_Function_2023,Adenyl Nucleotide Binding (GO:0030554),1/31,0.7607099644293381,0.9999904887786326,0,0,0.7062592592592593,0.1931641095508496,TM7SF2,GO_Molecular_Function_2023
GO_Molecular_Function_2023,Kinesin Binding (GO:0019894),1/31,0.7607099644293381,0.9999904887786326,0,0,0.7062592592592593,0.1931641095508496,AP1AR,GO_Molecular_Function_2023
GO_Molecular_Function_2023,Phospholipase A2 Activity (GO:0004623),1/31,0.7607099644293381,0.9999904887786326,0,0,0.7062592592592593,0.1931641095508496,PLA2G3,GO_Molecular_Function_2023
GO_Molecular_Function_2023,snoRNA Binding (GO:0030515),1/31,0.7607099644293381,0.9999904887786326,0,0,0.7062592592592593,0.1931641095508496,NHP2,GO_Molecular_Function_2023
GO_Molecular_Function_2023,Nuclear Receptor Binding (GO:0016922),4/115,0.7667778929108647,0.9999904887786326,0,0,0.7628230236925889,0.2025738316988649,NR4A3;TAF10;RNF6;CALR,GO_Molecular_Function_2023
GO_Molecular_Function_2023,Protein Phosphatase Binding (GO:0019903),4/115,0.7667778929108647,0.9999904887786326,0,0,0.7628230236925889,0.2025738316988649,PPP1R3G;BOD1;FOXO1;STYXL1,GO_Molecular_Function_2023
GO_Molecular_Function_2023,Protein Phosphatase Regulator Activity (GO:0019888),2/61,0.7674425505402832,0.9999904887786326,0,0,0.7179351822175298,0.1900314515916202,BOD1;STYXL1,GO_Molecular_Function_2023
GO_Molecular_Function_2023,Beta-Tubulin Binding (GO:0048487),1/32,0.7715066484657439,0.9999904887786326,0,0,0.6834408602150538,0.1772913864627847,UXT,GO_Molecular_Function_2023
GO_Molecular_Function_2023,Monocarboxylic Acid Transmembrane Transporter Activity (GO:0008028),1/32,0.7715066484657439,0.9999904887786326,0,0,0.6834408602150538,0.1772913864627847,SLC26A6,GO_Molecular_Function_2023
GO_Molecular_Function_2023,PDZ Domain Binding (GO:0030165),2/62,0.7752388532211935,0.9999904887786326,0,0,0.7059325176121617,0.1797191942385361,F11R;SLC26A6,GO_Molecular_Function_2023
GO_Molecular_Function_2023,DNA Binding (GO:0003677),34/846,0.7799908085384253,0.9999904887786326,0,0,0.883173959238868,0.2194450097266287,IGHM;RNF11;DDX3X;HMGB3;HR;DDX60;MACROH2A1;FOXO1;RPS15;TFPT;CDC45;NTHL1;H2BC21;SPATA24;NKX2-1;UTY;HNRNPA1;EGR1;POLQ;EGR4;ZBTB16;HUWE1;NME2;FLI1;SETX;DRAP1;FAM111A;H2AJ;RPS27;NR4A3;MAFF;ERF;FOSB;CALR,GO_Molecular_Function_2023
GO_Molecular_Function_2023,DNA Secondary Structure Binding (GO:0000217),1/33,0.7818167022553222,0.9999904887786326,0,0,0.6620486111111111,0.1629533097411785,HMGB3,GO_Molecular_Function_2023
GO_Molecular_Function_2023,RNA Polymerase Core Enzyme Binding (GO:0043175),1/33,0.7818167022553222,0.9999904887786326,0,0,0.6620486111111111,0.1629533097411785,URI1,GO_Molecular_Function_2023
GO_Molecular_Function_2023,Frizzled Binding (GO:0005109),1/33,0.7818167022553222,0.9999904887786326,0,0,0.6620486111111111,0.1629533097411785,WNT9A,GO_Molecular_Function_2023
GO_Molecular_Function_2023,Tubulin Binding (GO:0015631),12/322,0.7885221073246966,0.9999904887786326,0,0,0.8181283791139011,0.1943830778838295,UXT;BEX4;MAP1LC3A;DDX3X;KIF3B;VAPA;CEP57L1;ARL3;STMN1;PLK1;FYN;TBCA,GO_Molecular_Function_2023
GO_Molecular_Function_2023,Ubiquitin-Like Protein Conjugating Enzyme Binding (GO:0044390),1/34,0.7916620357493415,0.9999904887786326,0,0,0.6419528619528619,0.1499734774761227,RNF19B,GO_Molecular_Function_2023
GO_Molecular_Function_2023,Kinase Inhibitor Activity (GO:0019210),1/34,0.7916620357493415,0.9999904887786326,0,0,0.6419528619528619,0.1499734774761227,CDKN1A,GO_Molecular_Function_2023
GO_Molecular_Function_2023,Nuclear Estrogen Receptor Binding (GO:0030331),1/34,0.7916620357493415,0.9999904887786326,0,0,0.6419528619528619,0.1499734774761227,TAF10,GO_Molecular_Function_2023
GO_Molecular_Function_2023,Nucleosomal DNA Binding (GO:0031492),1/34,0.7916620357493415,0.9999904887786326,0,0,0.6419528619528619,0.1499734774761227,MACROH2A1,GO_Molecular_Function_2023
GO_Molecular_Function_2023,Sodium Channel Regulator Activity (GO:0017080),1/34,0.7916620357493415,0.9999904887786326,0,0,0.6419528619528619,0.1499734774761227,SGK1,GO_Molecular_Function_2023
GO_Molecular_Function_2023,Hsp90 Protein Binding (GO:0051879),1/35,0.8010635739531571,0.9999904887786326,0,0,0.6230392156862745,0.1381994229625559,PTGES3,GO_Molecular_Function_2023
GO_Molecular_Function_2023,NADP Binding (GO:0050661),1/35,0.8010635739531571,0.9999904887786326,0,0,0.6230392156862745,0.1381994229625559,TM7SF2,GO_Molecular_Function_2023
GO_Molecular_Function_2023,Chemoattractant Activity (GO:0042056),1/35,0.8010635739531571,0.9999904887786326,0,0,0.6230392156862745,0.1381994229625559,S100A4,GO_Molecular_Function_2023
GO_Molecular_Function_2023,Ion Channel Inhibitor Activity (GO:0008200),1/35,0.8010635739531571,0.9999904887786326,0,0,0.6230392156862745,0.1381994229625559,PHPT1,GO_Molecular_Function_2023
GO_Molecular_Function_2023,Neuropeptide Receptor Activity (GO:0008188),1/36,0.8100413002178746,0.9999904887786326,0,0,0.6052063492063492,0.1274988486352991,OPRM1,GO_Molecular_Function_2023
GO_Molecular_Function_2023,Non-Membrane Spanning Protein Tyrosine Kinase Activity (GO:0004715),1/36,0.8100413002178746,0.9999904887786326,0,0,0.6052063492063492,0.1274988486352991,FYN,GO_Molecular_Function_2023
GO_Molecular_Function_2023,"Phosphatidylinositol-3,4,5-Trisphosphate Binding (GO:0005547)",1/36,0.8100413002178746,0.9999904887786326,0,0,0.6052063492063492,0.1274988486352991,ADAP2,GO_Molecular_Function_2023
GO_Molecular_Function_2023,Growth Factor Receptor Binding (GO:0070851),3/96,0.8130057158959361,0.9999904887786326,0,0,0.6827358287233278,0.1413380178436295,IL1R1;FYN;FGF22,GO_Molecular_Function_2023
GO_Molecular_Function_2023,Calcium Ion Transmembrane Transporter Activity (GO:0015085),2/68,0.8173671947452675,0.9999904887786326,0,0,0.6415545892742778,0.1293802881939626,CACNA1D;ATP2C2,GO_Molecular_Function_2023
GO_Molecular_Function_2023,Methylation-Dependent Protein Binding (GO:0140034),2/68,0.8173671947452675,0.9999904887786326,0,0,0.6415545892742778,0.1293802881939626,ZCWPW2;CBX8,GO_Molecular_Function_2023
GO_Molecular_Function_2023,Transmembrane Receptor Protein Kinase Activity (GO:0019199),1/37,0.8186142993318479,0.9999904887786326,0,0,0.5883641975308642,0.1177565325736887,MERTK,GO_Molecular_Function_2023
GO_Molecular_Function_2023,Monoatomic Ion Channel Activity (GO:0005216),1/37,0.8186142993318479,0.9999904887786326,0,0,0.5883641975308642,0.1177565325736887,ASIC4,GO_Molecular_Function_2023
GO_Molecular_Function_2023,Peptidase Inhibitor Activity (GO:0030414),1/37,0.8186142993318479,0.9999904887786326,0,0,0.5883641975308642,0.1177565325736887,CSTB,GO_Molecular_Function_2023
GO_Molecular_Function_2023,Sodium Channel Activity (GO:0005272),1/37,0.8186142993318479,0.9999904887786326,0,0,0.5883641975308642,0.1177565325736887,ASIC4,GO_Molecular_Function_2023
GO_Molecular_Function_2023,DNA-binding Transcription Factor Binding (GO:0140297),10/282,0.8217603197698427,0.9999904887786326,0,0,0.7768452498844656,0.1524997784419823,MKKS;BEX1;PRRX1;DDRGK1;NKX2-1;FLNA;FOS;VHL;PTMA;MEF2D,GO_Molecular_Function_2023
GO_Molecular_Function_2023,Protein Tyrosine Kinase Activity (GO:0004713),3/99,0.8290260818302735,0.9999904887786326,0,0,0.6612959354120267,0.123995409915267,FYN;BAZ1B;MERTK,GO_Molecular_Function_2023
GO_Molecular_Function_2023,Pentosyltransferase Activity (GO:0016763),1/39,0.8346182011100352,0.9999904887786326,0,0,0.5573391812865497,0.1007562804027563,PARP14,GO_Molecular_Function_2023
GO_Molecular_Function_2023,Acetylglucosaminyltransferase Activity (GO:0008375),1/40,0.8420831331878124,0.9999904887786326,0,0,0.543019943019943,0.0933323871172092,GCNT7,GO_Molecular_Function_2023
GO_Molecular_Function_2023,Monoatomic Ion Gated Channel Activity (GO:0022839),1/40,0.8420831331878124,0.9999904887786326,0,0,0.543019943019943,0.0933323871172092,KCNA3,GO_Molecular_Function_2023
GO_Molecular_Function_2023,Phosphatidylinositol-3-Phosphate Binding (GO:0032266),1/40,0.8420831331878124,0.9999904887786326,0,0,0.543019943019943,0.0933323871172092,PLEKHF1,GO_Molecular_Function_2023
GO_Molecular_Function_2023,GTPase Activity (GO:0003924),9/265,0.8486485817879162,0.9999904887786326,0,0,0.7426560748318386,0.121877361603386,RAP1B;GNA14;DDX3X;RAB37;RAB24;RAB13;RHOV;RND2;HRAS,GO_Molecular_Function_2023
GO_Molecular_Function_2023,Protein Serine/Threonine Kinase Activity (GO:0004674),12/342,0.8489917400949655,0.9999904887786326,0,0,0.7677267614275488,0.1256813403200482,SRPK3;GRK2;ACVR1C;PLK1;LRRK1;MAPK1;IRAK3;FYN;MAP3K9;SGK1;MAP3K6;CDK16,GO_Molecular_Function_2023
GO_Molecular_Function_2023,2-Oxoglutarate-Dependent Dioxygenase Activity (GO:0016706),1/41,0.849211469276519,0.9999904887786326,0,0,0.5294166666666666,0.0865315888225348,UTY,GO_Molecular_Function_2023
GO_Molecular_Function_2023,Translation Initiation Factor Activity (GO:0003743),1/41,0.849211469276519,0.9999904887786326,0,0,0.5294166666666666,0.0865315888225348,EIF3G,GO_Molecular_Function_2023
GO_Molecular_Function_2023,Neutral L-amino Acid Transmembrane Transporter Activity (GO:0015175),1/41,0.849211469276519,0.9999904887786326,0,0,0.5294166666666666,0.0865315888225348,SLC38A2,GO_Molecular_Function_2023
GO_Molecular_Function_2023,3'-5' Exonuclease Activity (GO:0008408),1/42,0.8560183703563137,0.9999904887786326,0,0,0.5164769647696477,0.0802932868499874,TRIR,GO_Molecular_Function_2023
GO_Molecular_Function_2023,Transcription Corepressor Binding (GO:0001222),1/42,0.8560183703563137,0.9999904887786326,0,0,0.5164769647696477,0.0802932868499874,ZBTB16,GO_Molecular_Function_2023
GO_Molecular_Function_2023,Ligand-Gated Monoatomic Cation Channel Activity (GO:0099094),2/75,0.8574734578201209,0.9999904887786326,0,0,0.5798223292242523,0.0891564114159963,ASIC4;KCNJ6,GO_Molecular_Function_2023
GO_Molecular_Function_2023,Monoatomic Cation Channel Activity (GO:0005261),3/105,0.8575561654892652,0.9999904887786326,0,0,0.6221996593737718,0.0956125524269717,KCNG1;KCNA1;CACNA1D,GO_Molecular_Function_2023
GO_Molecular_Function_2023,Kinase Activity (GO:0016301),3/106,0.8618835532662433,0.9999904887786326,0,0,0.6161264514454992,0.0915780207046969,NADK2;CHKA;GCK,GO_Molecular_Function_2023
GO_Molecular_Function_2023,Protein Heterodimerization Activity (GO:0046982),6/190,0.8620193821620264,0.9999904887786326,0,0,0.6891547243138207,0.1023239867499563,YWHAE;VAPA;BDKRB2;IRAK3;ADRA2C;TLR4,GO_Molecular_Function_2023
GO_Molecular_Function_2023,Cytokine Receptor Activity (GO:0004896),2/76,0.8624969014594432,0.9999904887786326,0,0,0.571956828908998,0.0846059832952017,IL1R1;IL12RB2,GO_Molecular_Function_2023
GO_Molecular_Function_2023,Ribonucleoside Triphosphate Phosphatase Activity (GO:0017111),9/270,0.8630252489539215,0.9999904887786326,0,0,0.7282356579557755,0.1072773641555549,RAP1B;GNA14;DDX3X;RAB37;RAB24;RAB13;RHOV;RND2;HRAS,GO_Molecular_Function_2023
GO_Molecular_Function_2023,"DNA-binding Transcription Activator Activity, RNA Polymerase II-specific (GO:0001228)",12/348,0.864255284119999,0.9999904887786326,0,0,0.7537763136750764,0.1099662299646596,EGR1;NR4A3;DBP;EGR4;PRRX1;CREB3L1;ZBTB16;MAFF;RFXAP;FOS;FOXO1;FOSL2,GO_Molecular_Function_2023
GO_Molecular_Function_2023,G Protein-Coupled Peptide Receptor Activity (GO:0008528),2/77,0.8673576363916523,0.9999904887786326,0,0,0.5643010752688172,0.0803022373147688,CYSLTR2;BDKRB2,GO_Molecular_Function_2023
GO_Molecular_Function_2023,Purine Ribonucleoside Triphosphate Binding (GO:0035639),17/476,0.8676816922856024,0.9999904887786326,0,0,0.7809619574325457,0.1108422004676789,NDUFA13;ARL3;PLK1;IRAK3;RND2;GCK;RAP1B;GLUD1;ARL4D;GNA14;RAB37;RAB13;RHOV;MAP3K6;HRAS;HSPA1B;HSPA1A,GO_Molecular_Function_2023
GO_Molecular_Function_2023,Phosphoric Diester Hydrolase Activity (GO:0008081),1/44,0.8687251317797705,0.9999904887786326,0,0,0.4924031007751938,0.0692951536093281,PLCG1,GO_Molecular_Function_2023
GO_Molecular_Function_2023,G Protein-Coupled Receptor Activity (GO:0004930),8/250,0.8802024681741525,0.9999904887786326,0,0,0.6980648385514516,0.0890753913255692,P2RY12;CYSLTR2;CALCRL;NPY;GPR4;OPRM1;ADGRL4;DRD2,GO_Molecular_Function_2023
GO_Molecular_Function_2023,Cyclin-Dependent Protein Serine/Threonine Kinase Regulator Activity (GO:0016538),1/46,0.8803116049251208,0.9999904887786326,0,0,0.4704691358024691,0.0599750938316572,CDKN1A,GO_Molecular_Function_2023
GO_Molecular_Function_2023,Hydro-Lyase Activity (GO:0016836),1/46,0.8803116049251208,0.9999904887786326,0,0,0.4704691358024691,0.0599750938316572,PCBD2,GO_Molecular_Function_2023
GO_Molecular_Function_2023,Calcium-Dependent Phospholipid Binding (GO:0005544),1/47,0.8857159161546925,0.9999904887786326,0,0,0.4602173913043478,0.0558515298404509,ANXA4,GO_Molecular_Function_2023
GO_Molecular_Function_2023,Manganese Ion Binding (GO:0030145),1/48,0.890876459626226,0.9999904887786326,0,0,0.4504018912529551,0.0520437199735102,NUDT8,GO_Molecular_Function_2023
GO_Molecular_Function_2023,Phosphatase Activity (GO:0016791),2/83,0.8933490413458055,0.9999904887786326,0,0,0.5223362034633818,0.0589079857115985,NT5C;SGPP1,GO_Molecular_Function_2023
GO_Molecular_Function_2023,Ubiquitin Protein Ligase Activity (GO:0061630),10/311,0.8982880846991392,0.9999904887786326,0,0,0.70091837533698,0.0751836276091215,BRAP;TRIM72;RNF11;HACE1;HUWE1;RNF19B;DTX1;LONRF3;TRIM59;RNF6,GO_Molecular_Function_2023
GO_Molecular_Function_2023,Guanyl-Nucleotide Exchange Factor Activity (GO:0005085),6/203,0.8993805485804346,0.9999904887786326,0,0,0.6432351189632193,0.0682144617053693,P2RY12;DOCK5;ARHGEF3;LAMTOR2;EPS8L2;LAMTOR4,GO_Molecular_Function_2023
GO_Molecular_Function_2023,Transmembrane Receptor Protein Tyrosine Kinase Activity (GO:0004714),1/50,0.9005096839729961,0.9999904887786326,0,0,0.4319727891156462,0.0452683121578446,MERTK,GO_Molecular_Function_2023
GO_Molecular_Function_2023,Protein Tyrosine Kinase Binding (GO:1990782),2/85,0.9009041062075728,0.9999904887786326,0,0,0.5096961818352386,0.0531900879071042,SHC3;SOCS5,GO_Molecular_Function_2023
GO_Molecular_Function_2023,Exopeptidase Activity (GO:0008238),1/52,0.9092933474628416,0.9999904887786326,0,0,0.4149891067538126,0.0394602859780681,LNPEP,GO_Molecular_Function_2023
GO_Molecular_Function_2023,Syntaxin Binding (GO:0019905),1/53,0.913390248108182,0.9999904887786326,0,0,0.4069871794871795,0.0368698048518369,TMED9,GO_Molecular_Function_2023
GO_Molecular_Function_2023,Serine-Type Endopeptidase Inhibitor Activity (GO:0004867),1/53,0.913390248108182,0.9999904887786326,0,0,0.4069871794871795,0.0368698048518369,SERPINA9,GO_Molecular_Function_2023
GO_Molecular_Function_2023,Ubiquitin-Like Protein Ligase Activity (GO:0061659),10/319,0.9138096249826424,0.9999904887786326,0,0,0.6824810492555908,0.0615140760065816,BRAP;TRIM72;RNF11;HACE1;HUWE1;RNF19B;DTX1;LONRF3;TRIM59;RNF6,GO_Molecular_Function_2023
GO_Molecular_Function_2023,Receptor Ligand Activity (GO:0048018),10/319,0.9138096249826424,0.9999904887786326,0,0,0.6824810492555908,0.0615140760065816,POMC;NPPC;SEMA6A;GDF1;S100A4;WNT9A;INHBA;FGF23;FGF22;HSPA1A,GO_Molecular_Function_2023
GO_Molecular_Function_2023,Microtubule Binding (GO:0008017),7/239,0.917488786933096,0.9999904887786326,0,0,0.6367594306873409,0.0548344877222413,UXT;MAP1LC3A;KIF3B;VAPA;CEP57L1;ARL3;PLK1,GO_Molecular_Function_2023
GO_Molecular_Function_2023,Calcium Channel Activity (GO:0005262),2/91,0.9206764170022532,0.9999904887786326,0,0,0.47518466210896,0.039272417233183,CACNA1D;OPRM1,GO_Molecular_Function_2023
GO_Molecular_Function_2023,Protein Serine/Threonine Phosphatase Activity (GO:0004722),1/55,0.9210378273383648,0.9999904887786326,0,0,0.3918724279835391,0.0322331419137957,PPM1B,GO_Molecular_Function_2023
GO_Molecular_Function_2023,Amino Acid Transmembrane Transporter Activity (GO:0015171),1/56,0.9246047938978478,0.9999904887786326,0,0,0.3847272727272727,0.0301583410175659,SLC38A2,GO_Molecular_Function_2023
GO_Molecular_Function_2023,Iron Ion Binding (GO:0005506),1/56,0.9246047938978478,0.9999904887786326,0,0,0.3847272727272727,0.0301583410175659,F3,GO_Molecular_Function_2023
GO_Molecular_Function_2023,Serine-Type Endopeptidase Activity (GO:0004252),3/125,0.9246970634797516,0.9999904887786326,0,0,0.5196520500931031,0.0406830882230197,F12;KLK13;HTRA2,GO_Molecular_Function_2023
GO_Molecular_Function_2023,mRNA 3'-UTR Binding (GO:0003730),2/93,0.926397308439344,0.9999904887786326,0,0,0.4646921487855859,0.0355266802030678,RPL41;CIRBP,GO_Molecular_Function_2023
GO_Molecular_Function_2023,Metalloexopeptidase Activity (GO:0008235),1/57,0.9280107955066318,0.9999904887786326,0,0,0.3778373015873016,0.0282289476702995,LNPEP,GO_Molecular_Function_2023
GO_Molecular_Function_2023,Endonuclease Activity (GO:0004519),1/58,0.9312630881502564,0.9999904887786326,0,0,0.3711890838206628,0.0264336571162604,NTHL1,GO_Molecular_Function_2023
GO_Molecular_Function_2023,SH3 Domain Binding (GO:0017124),1/59,0.934368601201366,0.9999904887786326,0,0,0.3647701149425287,0.0247621532038214,SHANK1,GO_Molecular_Function_2023
GO_Molecular_Function_2023,Secondary Active Transmembrane Transporter Activity (GO:0015291),1/60,0.9373339519642964,0.9999904887786326,0,0,0.3585687382297551,0.0232050106600872,SLC35D3,GO_Molecular_Function_2023
GO_Molecular_Function_2023,Metal Ion Binding (GO:0046872),17/521,0.9379530836514116,0.9999904887786326,0,0,0.7095161782661783,0.0454483061759301,ANXA4;PLK1;IDH2;DMP1;IRAK3;HSPE1;NUDT3;PCP4;NUDT8;ACVR1C;S100A13;S100A6;EFHD2;APOE;CALR;CASQ1;MAP3K6,GO_Molecular_Function_2023
GO_Molecular_Function_2023,UDP-glycosyltransferase Activity (GO:0008194),1/61,0.94016545963956,0.9999904887786326,0,0,0.3525740740740741,0.0217536082317674,GCNT7,GO_Molecular_Function_2023
GO_Molecular_Function_2023,Transcription Coregulator Binding (GO:0001221),2/99,0.9413102095477176,0.9999904887786326,0,0,0.4358106945861954,0.0263589352691906,ZBTB16;FOS,GO_Molecular_Function_2023
GO_Molecular_Function_2023,mRNA Binding (GO:0003729),8/282,0.9424501262165812,0.9999904887786326,0,0,0.615492762033987,0.0364816578158649,NANOS1;RPL41;DDX3X;SNRNP70;CIRBP;RPL35;CALR;HNRNPAB,GO_Molecular_Function_2023
GO_Molecular_Function_2023,Nucleosome Binding (GO:0031491),1/62,0.9428691589302868,0.9999904887786326,0,0,0.346775956284153,0.0204000512680959,MACROH2A1,GO_Molecular_Function_2023
GO_Molecular_Function_2023,L-amino Acid Transmembrane Transporter Activity (GO:0015179),1/63,0.945450812622704,0.9999904887786326,0,0,0.3411648745519713,0.0191371028392508,SLC38A2,GO_Molecular_Function_2023
GO_Molecular_Function_2023,Small GTPase Binding (GO:0031267),5/199,0.948503937321197,0.9999904887786326,0,0,0.5437971741531664,0.0287501968825438,DOCK5;HACE1;KIF3B;FLNA;CYRIB,GO_Molecular_Function_2023
GO_Molecular_Function_2023,Kinase Binding (GO:0019900),14/460,0.9565498684012316,0.9999904887786326,0,0,0.6601129417950364,0.0293237715258145,CDKN1A;PLK1;KCNA5;IRAK3;MACROH2A1;PRAM1;UXT;CNKSR2;NR4A3;RPS19;CAMK2N2;UBQLN1;FLNA;PLCG1,GO_Molecular_Function_2023
GO_Molecular_Function_2023,Serine-Type Peptidase Activity (GO:0008236),3/142,0.9574491788469855,0.9999904887786326,0,0,0.4556889009950169,0.0198145547288533,F12;KLK13;HTRA2,GO_Molecular_Function_2023
GO_Molecular_Function_2023,Double-Stranded DNA Binding (GO:0003690),21/650,0.9598397980524458,0.9999904887786326,0,0,0.7007334874981934,0.028722284667195,EGR1;CPSF4;JUND;CEBPD;IRX5;EGR4;EN2;UNCX;HMGB3;FOS;DDX60;MACROH2A1;TBX19;FLI1;FOSL1;DBP;NTHL1;CREB3L1;MAFF;FOSB;MEF2D,GO_Molecular_Function_2023
GO_Molecular_Function_2023,Phosphatidylinositol Phosphate Binding (GO:1901981),2/109,0.9599833475869426,0.9999904887786326,0,0,0.3948728077926668,0.0161263452231309,ADAP2;PLEKHF1,GO_Molecular_Function_2023
GO_Molecular_Function_2023,Endopeptidase Inhibitor Activity (GO:0004866),2/112,0.9643707755103976,0.9999904887786326,0,0,0.3840428759227424,0.0139328590999311,CSTB;SERPINA9,GO_Molecular_Function_2023
GO_Molecular_Function_2023,Phosphatase Binding (GO:0019902),2/112,0.9643707755103976,0.9999904887786326,0,0,0.3840428759227424,0.0139328590999311,MAPK1;STYXL1,GO_Molecular_Function_2023
GO_Molecular_Function_2023,"DNA-binding Transcription Repressor Activity, RNA Polymerase II-specific (GO:0001227)",6/243,0.9651416196921884,0.9999904887786326,0,0,0.5335407679796337,0.0189302570725546,CREB3L1;ZBTB16;MXI1;ERF;INSM2;ZBED6,GO_Molecular_Function_2023
GO_Molecular_Function_2023,"Phosphatidylinositol-4,5-Bisphosphate Binding (GO:0005546)",1/73,0.965651250948488,0.9999904887786326,0,0,0.2936265432098765,0.0102629916811919,ADAP2,GO_Molecular_Function_2023
GO_Molecular_Function_2023,ATP Binding (GO:0005524),7/279,0.9703890354918135,0.9999904887786326,0,0,0.5419668706408738,0.0162905596328343,NDUFA13;PLK1;IRAK3;MAP3K6;GCK;HSPA1B;HSPA1A,GO_Molecular_Function_2023
GO_Molecular_Function_2023,Adenyl Ribonucleotide Binding (GO:0032559),8/309,0.9706794213137112,0.9999904887786326,0,0,0.5594788554761471,0.0166495415155441,GLUD1;NDUFA13;PLK1;IRAK3;MAP3K6;GCK;HSPA1B;HSPA1A,GO_Molecular_Function_2023
GO_Molecular_Function_2023,Phospholipase Activity (GO:0004620),1/77,0.9714548153174372,0.9999904887786326,0,0,0.2781140350877193,0.0080543274843278,PLCG1,GO_Molecular_Function_2023
GO_Molecular_Function_2023,Ubiquitin Binding (GO:0043130),1/80,0.9751549807047754,0.9999904887786326,0,0,0.2675105485232067,0.0067302620565159,RNF19B,GO_Molecular_Function_2023
GO_Molecular_Function_2023,GTPase Binding (GO:0051020),5/225,0.9761665034048204,0.9999904887786326,0,0,0.4788707386363636,0.0115513723306867,DOCK5;HACE1;KIF3B;FLNA;CYRIB,GO_Molecular_Function_2023
GO_Molecular_Function_2023,Metallopeptidase Activity (GO:0008237),2/124,0.9777222399881884,0.9999904887786326,0,0,0.3460493444446471,0.0077963732005891,PMPCB;LNPEP,GO_Molecular_Function_2023
GO_Molecular_Function_2023,Protease Binding (GO:0002020),2/125,0.9785844282090548,0.9999904887786326,0,0,0.3432178481962795,0.0074300529349501,CSTB;BDKRB2,GO_Molecular_Function_2023
GO_Molecular_Function_2023,Sequence-Specific Double-Stranded DNA Binding (GO:1990837),22/715,0.980111807709924,0.9999904887786326,0,0,0.6647525145818661,0.0133539635347396,EGR1;CPSF4;JUND;CEBPD;IRX5;EGR4;ANKRD23;EN2;UNCX;FOS;MACROH2A1;TBX19;FLI1;FOSL1;CDC45;DBP;CREB3L1;MAFF;NKX2-1;FOSB;ZBED6;MEF2D,GO_Molecular_Function_2023
GO_Molecular_Function_2023,Ubiquitin-Protein Transferase Activity (GO:0004842),11/412,0.9802212628734022,0.9999904887786326,0,0,0.5763064249488637,0.0115128471482261,BRAP;TRIM72;RNF11;HACE1;HUWE1;RNF19B;DTX1;TRIM59;LONRF3;RNF6;VHL,GO_Molecular_Function_2023
GO_Molecular_Function_2023,Protein Homodimerization Activity (GO:0042803),20/662,0.9803675292112538,0.9999904887786326,0,0,0.652649743105576,0.0129405745186171,CHKA;ZBTB16;ODC1;CEP131;CIDEA;CBY1;IRAK3;TIMM10;F11R;ADRA2C;GLUD1;NADK2;TMEM266;NR4A3;S100A13;S100A6;FLNA;FYN;MAP3K9;APOE,GO_Molecular_Function_2023
GO_Molecular_Function_2023,Ubiquitin-Like Protein Transferase Activity (GO:0019787),5/240,0.9850229507324724,0.9999904887786326,0,0,0.4479483282674772,0.0067596916108751,BRAP;HACE1;HUWE1;RNF6;VHL,GO_Molecular_Function_2023
GO_Molecular_Function_2023,Phosphatidylinositol Bisphosphate Binding (GO:1902936),1/93,0.9863895580092292,0.9999904887786326,0,0,0.2295531400966183,0.0031457762947022,ADAP2,GO_Molecular_Function_2023
GO_Molecular_Function_2023,"Oxidoreductase Activity, Acting On The CH-OH Group Of Donors, NAD Or NADP As Acceptor (GO:0016616)",1/95,0.9875935145089718,0.9999904887786326,0,0,0.224645390070922,0.0028044929203212,PTGR1,GO_Molecular_Function_2023
GO_Molecular_Function_2023,Cytokine Activity (GO:0005125),3/178,0.9881123827791888,0.9999904887786326,0,0,0.3612599427298759,0.0043202498357558,GDF1;INHBA;WNT9A,GO_Molecular_Function_2023
GO_Molecular_Function_2023,Hexosyltransferase Activity (GO:0016758),1/96,0.9881549799619064,0.9999904887786326,0,0,0.2222690058479532,0.0026484977336106,GCNT7,GO_Molecular_Function_2023
GO_Molecular_Function_2023,Calcium Ion Binding (GO:0005509),8/346,0.9891529490041332,0.9999904887786326,0,0,0.4972534571983275,0.0054231999354218,PCP4;ANXA4;S100A13;S100A6;EFHD2;DMP1;CALR;CASQ1,GO_Molecular_Function_2023
GO_Molecular_Function_2023,Cytokine Receptor Binding (GO:0005126),1/100,0.9901581703664636,0.9999904887786326,0,0,0.2132435465768799,0.002109102478051,PXDN,GO_Molecular_Function_2023
GO_Molecular_Function_2023,Metalloendopeptidase Activity (GO:0004222),1/101,0.9906036562107036,0.9999904887786326,0,0,0.2111,0.0019929461099382,PMPCB,GO_Molecular_Function_2023
GO_Molecular_Function_2023,Carboxylic Ester Hydrolase Activity (GO:0052689),1/104,0.9918228195432892,0.9999904887786326,0,0,0.2049190938511327,0.0016825490771774,APMAP,GO_Molecular_Function_2023
GO_Molecular_Function_2023,Protein Kinase Binding (GO:0019901),13/511,0.9926771510818432,0.9999904887786326,0,0,0.5468111183472629,0.0040189483075009,CDKN1A;PLK1;KCNA5;IRAK3;MACROH2A1;PRAM1;UXT;CNKSR2;NR4A3;RPS19;PRKAR2B;CAMK2N2;PLCG1,GO_Molecular_Function_2023
GO_Molecular_Function_2023,GTPase Activator Activity (GO:0005096),3/211,0.996518870812009,0.9999904887786326,0,0,0.3034146393695391,0.0010580682636903,ADAP2;ELMOD3;SRGAP1,GO_Molecular_Function_2023
GO_Molecular_Function_2023,Sequence-Specific DNA Binding (GO:0043565),19/717,0.9966031279936396,0.9999904887786326,0,0,0.5678988883041277,0.0019323636934411,EGR1;CPSF4;JUND;CEBPD;IRX5;EGR4;EN2;UNCX;FOS;TBX19;FLI1;FOXO1;FOSL1;DBP;CREB3L1;MAFF;ERF;FOSB;MEF2D,GO_Molecular_Function_2023
GO_Molecular_Function_2023,GTPase Regulator Activity (GO:0030695),9/424,0.9971157754097172,0.9999904887786326,0,0,0.4542546869090713,0.0013120655950373,P2RY12;DOCK5;ADAP2;ARHGEF3;ELMOD3;LAMTOR2;EPS8L2;LAMTOR4;SRGAP1,GO_Molecular_Function_2023
GO_Molecular_Function_2023,Endopeptidase Activity (GO:0004175),4/335,0.9998532690124864,0.9999904887786326,0,0,0.2528468510341622,3.7103190302428025e-05,F12;KLK13;PMPCB;HTRA2,GO_Molecular_Function_2023
GO_Molecular_Function_2023,RNA Polymerase II Cis-Regulatory Region Sequence-Specific DNA Binding (GO:0000978),25/1122,0.9999826433574744,0.9999904887786326,0,0,0.4683279013332334,8.128670511603321e-06,CEBPD;HIF3A;FOXO1;DBP;CREB3L1;MXI1;NKX2-1;UTY;MEF2D;EGR1;JUND;PRRX1;EGR4;IRX5;ZBTB16;EN2;FOS;TBX19;FOSL2;FOSL1;NR4A3;MAFF;FOSB;INSM2;MXD4,GO_Molecular_Function_2023
GO_Molecular_Function_2023,Cis-Regulatory Region Sequence-Specific DNA Binding (GO:0000987),24/1098,0.9999846234344432,0.9999904887786326,0,0,0.459285400329972,7.062286364413803e-06,EGR1;JUND;PRRX1;EGR4;CEBPD;IRX5;ZBTB16;EN2;FOS;HIF3A;TBX19;FOXO1;FOSL2;FOSL1;NR4A3;DBP;MXI1;MAFF;NKX2-1;FOSB;INSM2;UTY;MEF2D;MXD4,GO_Molecular_Function_2023
GO_Molecular_Function_2023,RNA Polymerase II Transcription Regulatory Region Sequence-Specific DNA Binding (GO:0000977),27/1225,0.9999904887786326,0.9999904887786326,0,0,0.4616074464305498,4.390471487241159e-06,CEBPD;HIF3A;MACROH2A1;FOXO1;DBP;MXI1;NKX2-1;UTY;MEF2D;EGR1;JUND;PRRX1;EGR4;IRX5;ZBTB16;EN2;FOS;TBX19;FOSL2;FOSL1;NR4A3;RBL1;MAFF;RFXAP;FOSB;INSM2;MXD4,GO_Molecular_Function_2023
GO_Cellular_Component_2023,Mitochondrial Inner Membrane (GO:0005743),51/370,1.0356568230698205e-12,2.0070434907128292e-10,0,0,3.5322884012539184,97.47697872158643,MRS2;COX7B;NDUFA13;NDUFA12;COX4I1;MICOS13;COX6A1;COX7C;MRPL41;MRPL2;PMPCB;COX8A;MRPS28;MRPS26;RSAD2;MRPS21;MRPS18C;SLC9B2;MRPL52;SMDT1;NDUFS6;NDUFS5;SLC25A4;NDUFB9;NDUFB8;UQCRB;NDUFB6;NDUFB3;TIMM13;NDUFB2;NDUFB1;MRPL14;TMEM160;UQCR11;TIMM10;UQCR10;COX5B;MRPL54;MRPL20;TMEM65;NDUFA8;UQCC3;NDUFA5;UQCC2;NDUFA3;NDUFA2;MRPL27;NDUFA1;COQ7;UQCRQ;NDUFAF2,GO_Cellular_Component_2023
GO_Cellular_Component_2023,Organelle Inner Membrane (GO:0019866),53/398,1.464995248695496e-12,2.0070434907128292e-10,0,0,3.397463768115942,92.57806478517077,MRS2;COX7B;NDUFA13;NDUFA12;COX4I1;MICOS13;COX6A1;COX7C;TM7SF2;MRPL41;MRPL2;PMPCB;COX8A;MRPS28;MRPS26;RSAD2;MRPS21;SLC9B2;MRPS18C;MRPL52;SMDT1;NDUFS6;NDUFS5;SLC25A4;NDUFB9;NDUFB8;UQCRB;NDUFB6;NDUFB3;TIMM13;NDUFB2;NDUFB1;MRPL14;TMEM160;UQCR11;TIMM10;UQCR10;PTGS2;COX5B;MRPL54;MRPL20;TMEM65;NDUFA8;NDUFA5;UQCC3;UQCC2;NDUFA3;NDUFA2;MRPL27;NDUFA1;COQ7;UQCRQ;NDUFAF2,GO_Cellular_Component_2023
GO_Cellular_Component_2023,Mitochondrial Respiratory Chain Complex I (GO:0005747),15/41,1.2035680446909508e-10,8.244441106133012e-09,0,0,12.419473866990796,283.66774317274934,NDUFB9;NDUFA8;NDUFA13;NDUFB8;NDUFB6;NDUFA5;NDUFA12;NDUFA3;NDUFB3;NDUFA2;NDUFB2;NDUFA1;NDUFB1;NDUFS6;NDUFS5,GO_Cellular_Component_2023
GO_Cellular_Component_2023,Respiratory Chain Complex I (GO:0045271),15/41,1.2035680446909508e-10,8.244441106133012e-09,0,0,12.419473866990796,283.66774317274934,NDUFB9;NDUFA8;NDUFA13;NDUFB8;NDUFB6;NDUFA5;NDUFA12;NDUFA3;NDUFB3;NDUFA2;NDUFB2;NDUFA1;NDUFB1;NDUFS6;NDUFS5,GO_Cellular_Component_2023
GO_Cellular_Component_2023,Polysomal Ribosome (GO:0042788),11/28,1.549073260492822e-08,8.488921467500664e-07,0,0,13.873231989424983,249.48266227360205,RPL30;RPL41;RPS28;RPL36AL;RPS29;RPL11;RPL36;RPL38;RPL8;RPS21;RPS23,GO_Cellular_Component_2023
GO_Cellular_Component_2023,Mitochondrial Membrane (GO:0031966),54/540,3.687912774281082e-08,1.5698684145512929e-06,0,0,2.441689623507805,41.79103197307609,MRS2;COX7B;NDUFA13;NDUFA12;COX4I1;MICOS13;COX6A1;COX7C;MRPL41;MRPL2;PMPCB;COX8A;MRPS28;MRPS26;RSAD2;MRPS21;SLC9B2;MRPS18C;MRPL52;SMDT1;NDUFS6;NDUFS5;SLC25A4;NDUFB9;NDUFB8;UQCRB;NDUFB6;NDUFB3;TIMM13;NDUFB2;NDUFB1;MRPL14;TMEM160;UQCR11;TIMM10;UQCR10;COX5B;MRPL54;PRICKLE4;MRPL20;TMEM65;NDUFA8;FIS1;NDUFA5;UQCC3;UQCC2;NDUFA3;NDUFA2;MRPL27;NDUFA1;COQ7;UQCRQ;NDUFAF2;TOMM7,GO_Cellular_Component_2023
GO_Cellular_Component_2023,Cytosolic Large Ribosomal Subunit (GO:0022625),14/52,4.583557414748301e-08,1.5698684145512929e-06,0,0,7.91710674657331,133.78489533771796,RPL30;RPL41;RPL21;RPL11;RPL35A;RPL23A;RPL8;RPL36AL;RPL37A;RPL36;RPL35;RPLP2;RPL38;RPL37,GO_Cellular_Component_2023
GO_Cellular_Component_2023,Large Ribosomal Subunit (GO:0015934),14/52,4.583557414748301e-08,1.5698684145512929e-06,0,0,7.91710674657331,133.78489533771796,RPL30;RPL41;RPL21;RPL11;RPL35A;RPL23A;RPL8;RPL36AL;RPL37A;RPL36;RPL35;RPLP2;RPL38;RPL37,GO_Cellular_Component_2023
GO_Cellular_Component_2023,Ribosome (GO:0005840),15/61,5.751395352812029e-08,1.7509803629672174e-06,0,0,7.012341741093336,116.90441984586786,RPL30;RPS9;RPL41;RPL11;RPL8;RPS28;RPS27;RPS19;RPL36AL;RPS18;RPS29;RPL36;RPL38;RPS21;RPS23,GO_Cellular_Component_2023
GO_Cellular_Component_2023,Mitochondrial Respiratory Chain Complex IV (GO:0005751),7/17,4.810255499509837e-06,0.00013180100068656953,0,0,14.946644295302011,183.01807753514385,COX8A;COX7B;COX4I1;COX5B;COX6A1;COX6A2;COX7C,GO_Cellular_Component_2023
GO_Cellular_Component_2023,Cytosolic Small Ribosomal Subunit (GO:0022627),10/41,1.027257531817792e-05,0.00025588051247097727,0,0,6.90344303247529,79.29317313290593,RPS15;RPS9;RPS28;RPS27;RPS19;RPS18;RPS29;FAU;RPS21;RPS23,GO_Cellular_Component_2023
GO_Cellular_Component_2023,Respiratory Chain Complex IV (GO:0045277),7/19,1.151301720252941e-05,0.0002628805594577548,0,0,12.45423191648024,141.62992678014746,COX8A;COX7B;COX4I1;COX5B;COX6A1;COX6A2;COX7C,GO_Cellular_Component_2023
GO_Cellular_Component_2023,Small Ribosomal Subunit (GO:0015935),10/42,1.2942230945694832e-05,0.0002727824060861834,0,0,6.687359708193042,75.26633300236129,RPS15;RPS9;RPS28;RPS27;RPS19;RPS18;RPS29;FAU;RPS21;RPS23,GO_Cellular_Component_2023
GO_Cellular_Component_2023,U4 snRNP (GO:0005687),5/10,3.826316605190456e-05,0.0007488648213015607,0,0,21.310267857142858,216.74722123814368,SNRPD2;SNRPG;SNRPE;SNRPD3;SNRPF,GO_Cellular_Component_2023
GO_Cellular_Component_2023,U7 snRNP (GO:0005683),4/6,5.706434148930681e-05,0.001042375304538,0,0,42.57971014492754,416.0604471895239,SNRPG;SNRPE;SNRPD3;SNRPF,GO_Cellular_Component_2023
GO_Cellular_Component_2023,U1 snRNP (GO:0005685),6/18,9.570411392812856e-05,0.0016389329510192,0,0,10.663128491620112,98.67924908801096,SNRPD2;SNRNP70;SNRPG;SNRPE;SNRPD3;SNRPF,GO_Cellular_Component_2023
GO_Cellular_Component_2023,U4/U6 X U5 tri-snRNP Complex (GO:0046540),8/35,0.00013074925169176025,0.002107370291973,0,0,6.328066027954046,56.587016676964495,LSM8;LSM7;SNRPD2;SNRPG;SNRPE;SNRPD3;SNRPF;LSM4,GO_Cellular_Component_2023
GO_Cellular_Component_2023,Spliceosomal tri-snRNP Complex (GO:0097526),8/36,0.00016152565145528193,0.0024587793610415,0,0,6.101743721004639,53.27338839237602,LSM8;LSM7;SNRPD2;SNRPG;SNRPE;SNRPD3;SNRPF;LSM4,GO_Cellular_Component_2023
GO_Cellular_Component_2023,Mitochondrial Envelope (GO:0005740),16/146,0.0009134534004271404,0.012931566442054,0,0,2.6380182529335072,18.461585619016883,TIMM8B;NDUFA8;NDUFA13;NDUFB6;UQCC2;COX17;NDUFA2;CIDEA;TIMM13;NDUFA1;HTRA2;TIMM10;SLC9B2;ADAP2;BLOC1S1;SLC25A4,GO_Cellular_Component_2023
GO_Cellular_Component_2023,Spliceosomal snRNP Complex (GO:0097525),9/57,0.0009439099592740152,0.012931566442054,0,0,4.004554372197309,27.893642501415776,LSM8;LSM7;SNRPD2;SNRNP70;SNRPG;SNRPE;SNRPD3;SNRPF;LSM4,GO_Cellular_Component_2023
GO_Cellular_Component_2023,Mitochondrial Respiratory Chain Complex III (GO:0005750),4/11,0.0010469635614276,0.0130394552650535,0,0,12.162446249402771,83.45701741428692,UQCRB;UQCRQ;UQCR11;UQCR10,GO_Cellular_Component_2023
GO_Cellular_Component_2023,Respiratory Chain Complex III (GO:0045275),4/11,0.0010469635614276,0.0130394552650535,0,0,12.162446249402771,83.45701741428692,UQCRB;UQCRQ;UQCR11;UQCR10,GO_Cellular_Component_2023
GO_Cellular_Component_2023,U5 snRNP (GO:0005682),5/19,0.0012579109222273,0.0149855475082734,0,0,7.607222576530612,50.80333683913224,SNRPD2;SNRPG;SNRPE;SNRPD3;SNRPF,GO_Cellular_Component_2023
GO_Cellular_Component_2023,U12-type Spliceosomal Complex (GO:0005689),6/28,0.0013206752651276,0.0150777092768741,0,0,5.8132046724225495,38.53929208663063,LSM7;SNRPD2;SNRPG;SNRPE;SNRPD3;SNRPF,GO_Cellular_Component_2023
GO_Cellular_Component_2023,U2-type Precatalytic Spliceosome (GO:0071005),8/49,0.0014356249284979,0.0157344492163374,0,0,4.164203971267036,27.259524790471865,LSM8;LSM7;SNRPD2;SNRPG;SNRPE;SNRPD3;SNRPF;LSM4,GO_Cellular_Component_2023
GO_Cellular_Component_2023,Precatalytic Spliceosome (GO:0071011),8/52,0.0021275336720528,0.0224209317747103,0,0,3.8796701618650102,23.87080303249418,LSM8;LSM7;SNRPD2;SNRPG;SNRPE;SNRPD3;SNRPF;LSM4,GO_Cellular_Component_2023
GO_Cellular_Component_2023,U6 snRNP (GO:0005688),3/7,0.002782625426746,0.0282384950714229,0,0,15.94793986636971,93.8434257926332,LSM8;LSM7;LSM4,GO_Cellular_Component_2023
GO_Cellular_Component_2023,U2 snRNP (GO:0005686),5/25,0.0045942338928076,0.0449578602367601,0,0,5.323381696428571,28.6555148747993,SNRPD2;SNRPG;SNRPE;SNRPD3;SNRPF,GO_Cellular_Component_2023
GO_Cellular_Component_2023,Mitochondrial Intermembrane Space (GO:0005758),8/62,0.0064473509800448,0.0609163506390447,0,0,3.159553730662353,15.9370605283501,TIMM8B;NDUFA8;BLOC1S1;UQCC2;COX17;TIMM13;HTRA2;TIMM10,GO_Cellular_Component_2023
GO_Cellular_Component_2023,U2-type Spliceosomal Complex (GO:0005684),10/90,0.0072095296992746,0.0658470379200417,0,0,2.66820987654321,13.160549143672611,LSM8;LSM7;SNRPD2;CCDC12;SNRNP70;SNRPG;SNRPE;SNRPD3;SNRPF;LSM4,GO_Cellular_Component_2023
GO_Cellular_Component_2023,U2-type Catalytic Step 2 Spliceosome (GO:0071007),5/29,0.008853042615445,0.0782494734397401,0,0,4.435221354166667,20.96526508770476,SNRPD2;SNRPG;SNRPE;SNRPD3;SNRPF,GO_Cellular_Component_2023
GO_Cellular_Component_2023,Organelle Envelope Lumen (GO:0031970),8/68,0.011144616339422,0.0954257774063015,0,0,2.842702500933184,12.7830610164153,TIMM8B;NDUFA8;BLOC1S1;UQCC2;COX17;TIMM13;HTRA2;TIMM10,GO_Cellular_Component_2023
GO_Cellular_Component_2023,Rough Endoplasmic Reticulum Membrane (GO:0030867),2/5,0.01851124090199,0.1536993941559175,0,0,14.160919540229886,56.493248342538976,RPS28;RPS29,GO_Cellular_Component_2023
GO_Cellular_Component_2023,"RNA Polymerase II, Core Complex (GO:0005665)",3/14,0.0228600053313176,0.1842247488465009,0,0,5.7971249240737,21.903661956675972,POLR2J;POLR2K;POLR2L,GO_Cellular_Component_2023
GO_Cellular_Component_2023,Intercalated Disc (GO:0014704),4/31,0.0490297102689326,0.3838325889625015,0,0,3.1499236136917297,9.498055492844273,TMEM65;NRAP;KCNA5;CTNNA3,GO_Cellular_Component_2023
GO_Cellular_Component_2023,Ficolin-1-Rich Granule Lumen (GO:1904813),10/123,0.0511790631244351,0.3895295360026449,0,0,1.8857205287883756,5.605162378744746,CSTB;DDX3X;NME2;HUWE1;MAPK1;PDAP1;PLEKHO2;KPNB1;HSPA1B;HSPA1A,GO_Cellular_Component_2023
GO_Cellular_Component_2023,Mitochondrial Outer Membrane Translocase Complex (GO:0005742),3/21,0.0662580619784241,0.4906678103267088,0,0,3.541388270230141,9.612029425192365,TOMM7;MICOS13;PRICKLE4,GO_Cellular_Component_2023
GO_Cellular_Component_2023,Golgi Medial Cisterna (GO:0005797),2/10,0.0717589577250126,0.5174198530698279,0,0,5.308954393770857,13.986135540985051,SLC10A7;ST3GAL1,GO_Cellular_Component_2023
GO_Cellular_Component_2023,RNA Polymerase I Complex (GO:0005736),2/12,0.0992362222444778,0.6971980742304338,0,0,4.246718576195773,9.810990881399912,POLR2K;POLR2L,GO_Cellular_Component_2023
GO_Cellular_Component_2023,Cytoplasmic Side Of Endoplasmic Reticulum Membrane (GO:0098554),2/13,0.1139024321235043,0.780231660046005,0,0,3.86045100616847,8.38649416634098,RPS28;RPS29,GO_Cellular_Component_2023
GO_Cellular_Component_2023,Cell-Substrate Junction (GO:0030055),23/395,0.1262427509279124,0.8355909133090276,0,0,1.3187382124574425,2.7291928620645334,YWHAE;RPL30;RPS9;TNC;NME2;RPL8;RPS15;RPS19;PTPRA;RPS18;RPS29;NRAP;CFL1;RPL37A;RPLP2;FLNA;ITGB8;MAPK1;RPL38;CALR;SCARF2;HSPA1B;HSPA1A,GO_Cellular_Component_2023
GO_Cellular_Component_2023,Glutamatergic Synapse (GO:0098978),6/78,0.1392171816637235,0.8355909133090276,0,0,1.7716014897579144,3.493102279312832,SH3GL3;APOE;DRD2;NPTX2;HRAS;DYNLL2,GO_Cellular_Component_2023
GO_Cellular_Component_2023,Sarcoplasmic Reticulum (GO:0016529),4/45,0.1434356928359755,0.8355909133090276,0,0,2.0728172499116297,4.025138477784439,JSRP1;CCDC78;ITPR3;CASQ1,GO_Cellular_Component_2023
GO_Cellular_Component_2023,TIM23 Mitochondrial Import Inner Membrane Translocase Complex (GO:0005744),2/15,0.1446821012618343,0.8355909133090276,0,0,3.266193206126465,6.314258103413552,ROMO1;TIMM10,GO_Cellular_Component_2023
GO_Cellular_Component_2023,U2-type Prespliceosome (GO:0071004),2/15,0.1446821012618343,0.8355909133090276,0,0,3.266193206126465,6.314258103413552,SNRNP70;SNRPG,GO_Cellular_Component_2023
GO_Cellular_Component_2023,Prespliceosome (GO:0071010),2/15,0.1446821012618343,0.8355909133090276,0,0,3.266193206126465,6.314258103413552,SNRNP70;SNRPG,GO_Cellular_Component_2023
GO_Cellular_Component_2023,trans-Golgi Network Transport Vesicle (GO:0030140),2/15,0.1446821012618343,0.8355909133090276,0,0,3.266193206126465,6.314258103413552,TMED9;RAB13,GO_Cellular_Component_2023
GO_Cellular_Component_2023,Asymmetric Synapse (GO:0032279),9/133,0.1463808899227493,0.8355909133090276,0,0,1.543966078403009,2.966797548768602,RPL30;RPS27;RPS19;RPS18;RPL38;FYN;NETO2;RPL8;SHANK1,GO_Cellular_Component_2023
GO_Cellular_Component_2023,Focal Adhesion (GO:0005925),22/387,0.1568031171339669,0.8768174305042233,0,0,1.2846104695560023,2.3800804065864103,YWHAE;RPL30;RPS9;TNC;NME2;RPL8;RPS15;RPS19;PTPRA;RPS18;RPS29;CFL1;RPL37A;RPLP2;FLNA;ITGB8;MAPK1;RPL38;CALR;SCARF2;HSPA1B;HSPA1A,GO_Cellular_Component_2023
GO_Cellular_Component_2023,RNA Polymerase III Complex (GO:0005666),2/17,0.1769173685372898,0.9279952602893592,0,0,2.8304041527623287,4.902465196421762,POLR2K;POLR2L,GO_Cellular_Component_2023
GO_Cellular_Component_2023,Germ Plasm (GO:0060293),2/17,0.1769173685372898,0.9279952602893592,0,0,2.8304041527623287,4.902465196421762,DDX3X;SNRPG,GO_Cellular_Component_2023
GO_Cellular_Component_2023,Activin Receptor Complex (GO:0048179),1/5,0.2058671829946707,0.9279952602893592,0,0,5.304166666666666,8.383363039546449,ACVR1C,GO_Cellular_Component_2023
GO_Cellular_Component_2023,Cortical Granule (GO:0060473),1/5,0.2058671829946707,0.9279952602893592,0,0,5.304166666666666,8.383363039546449,CALR,GO_Cellular_Component_2023
GO_Cellular_Component_2023,Insulin-Responsive Compartment (GO:0032593),1/5,0.2058671829946707,0.9279952602893592,0,0,5.304166666666666,8.383363039546449,RAB13,GO_Cellular_Component_2023
GO_Cellular_Component_2023,Neuronal Dense Core Vesicle (GO:0098992),1/5,0.2058671829946707,0.9279952602893592,0,0,5.304166666666666,8.383363039546449,NPY,GO_Cellular_Component_2023
GO_Cellular_Component_2023,Sex Chromosome (GO:0000803),1/5,0.2058671829946707,0.9279952602893592,0,0,5.304166666666666,8.383363039546449,MACROH2A1,GO_Cellular_Component_2023
GO_Cellular_Component_2023,Uniplex Complex (GO:1990246),1/5,0.2058671829946707,0.9279952602893592,0,0,5.304166666666666,8.383363039546449,SMDT1,GO_Cellular_Component_2023
GO_Cellular_Component_2023,Aggresome (GO:0016235),3/35,0.2079511252011216,0.9279952602893592,0,0,1.9905693207126949,3.126093972720719,UBQLN1;HSPA1B;HSPA1A,GO_Cellular_Component_2023
GO_Cellular_Component_2023,Ficolin-1-Rich Granule (GO:0101002),11/184,0.2087094168990012,0.9279952602893592,0,0,1.3521205429629148,2.1185191575822317,CSTB;DDX3X;CD93;NME2;HUWE1;MAPK1;PDAP1;PLEKHO2;KPNB1;HSPA1B;HSPA1A,GO_Cellular_Component_2023
GO_Cellular_Component_2023,Endolysosome Membrane (GO:0036020),2/19,0.2101138446624048,0.9279952602893592,0,0,2.497153700189753,3.8958239155139656,TLR7;TLR3,GO_Cellular_Component_2023
GO_Cellular_Component_2023,Nuclear Outer Membrane (GO:0005640),2/19,0.2101138446624048,0.9279952602893592,0,0,2.497153700189753,3.8958239155139656,ITPR3;PTGS2,GO_Cellular_Component_2023
GO_Cellular_Component_2023,Smooth Endoplasmic Reticulum (GO:0005790),2/19,0.2101138446624048,0.9279952602893592,0,0,2.497153700189753,3.8958239155139656,SLMAP;CASQ1,GO_Cellular_Component_2023
GO_Cellular_Component_2023,Small-Subunit Processome (GO:0032040),5/73,0.2320354375938791,0.9279952602893592,0,0,1.5617614233193278,2.281522868318751,RPS9;RPS28;RPS27;RPS19;RPS23,GO_Cellular_Component_2023
GO_Cellular_Component_2023,Voltage-Gated Potassium Channel Complex (GO:0008076),5/73,0.2320354375938791,0.9279952602893592,0,0,1.5617614233193278,2.281522868318751,KCNG1;KCNJ6;KCNA1;KCNA3;KCNA5,GO_Cellular_Component_2023
GO_Cellular_Component_2023,Postsynaptic Density (GO:0014069),9/151,0.2413992835719312,0.9279952602893592,0,0,1.3469730941704037,1.9144568163235811,RPL30;RPS27;RPS19;RPS18;RPL38;FYN;NETO2;RPL8;SHANK1,GO_Cellular_Component_2023
GO_Cellular_Component_2023,COPI-coated Vesicle (GO:0030137),1/6,0.2416517634220459,0.9279952602893592,0,0,4.243111111111111,6.026310732321328,KDELR2,GO_Cellular_Component_2023
GO_Cellular_Component_2023,TIM22 Mitochondrial Import Inner Membrane Insertion Complex (GO:0042721),1/6,0.2416517634220459,0.9279952602893592,0,0,4.243111111111111,6.026310732321328,TIMM10,GO_Cellular_Component_2023
GO_Cellular_Component_2023,X Chromosome (GO:0000805),1/6,0.2416517634220459,0.9279952602893592,0,0,4.243111111111111,6.026310732321328,MACROH2A1,GO_Cellular_Component_2023
GO_Cellular_Component_2023,Chloride Channel Complex (GO:0034707),1/6,0.2416517634220459,0.9279952602893592,0,0,4.243111111111111,6.026310732321328,GLRA3,GO_Cellular_Component_2023
GO_Cellular_Component_2023,Low-Density Lipoprotein Particle (GO:0034362),1/6,0.2416517634220459,0.9279952602893592,0,0,4.243111111111111,6.026310732321328,APOE,GO_Cellular_Component_2023
GO_Cellular_Component_2023,Endocytic Vesicle Lumen (GO:0071682),2/21,0.2438527691271309,0.9279952602893592,0,0,2.234061237632457,3.152686310029919,APOE;CALR,GO_Cellular_Component_2023
GO_Cellular_Component_2023,Pericentric Heterochromatin (GO:0005721),2/21,0.2438527691271309,0.9279952602893592,0,0,2.234061237632457,3.152686310029919,BAZ1B;MACROH2A1,GO_Cellular_Component_2023
GO_Cellular_Component_2023,Mitochondrial Ribosome (GO:0005761),2/22,0.2608131150271476,0.9604353509089368,0,0,2.1222469410456064,2.8521962435584127,MRPL20;MRPL14,GO_Cellular_Component_2023
GO_Cellular_Component_2023,Extrinsic Component Of Cytoplasmic Side Of Plasma Membrane (GO:0031234),5/77,0.2661078353682305,0.9604353509089368,0,0,1.4746868799603174,1.9522696178299896,GNA14;S100A6;FYN;GNG13;CDK16,GO_Cellular_Component_2023
GO_Cellular_Component_2023,HFE-transferrin Receptor Complex (GO:1990712),1/7,0.2758255553737471,0.9604353509089368,0,0,3.535740740740741,4.55398690318193,F3,GO_Cellular_Component_2023
GO_Cellular_Component_2023,MICOS Complex (GO:0061617),1/7,0.2758255553737471,0.9604353509089368,0,0,3.535740740740741,4.55398690318193,MICOS13,GO_Cellular_Component_2023
GO_Cellular_Component_2023,Cytolytic Granule (GO:0044194),1/7,0.2758255553737471,0.9604353509089368,0,0,3.535740740740741,4.55398690318193,RNF19B,GO_Cellular_Component_2023
GO_Cellular_Component_2023,Ribonuclease MRP Complex (GO:0000172),1/7,0.2758255553737471,0.9604353509089368,0,0,3.535740740740741,4.55398690318193,RPP25L,GO_Cellular_Component_2023
GO_Cellular_Component_2023,P Granule (GO:0043186),2/24,0.2947229521904305,0.9604353509089368,0,0,1.9291131560319548,2.356835177855648,DDX3X;SNRPG,GO_Cellular_Component_2023
GO_Cellular_Component_2023,Heterotrimeric G-protein Complex (GO:0005834),2/24,0.2947229521904305,0.9604353509089368,0,0,1.9291131560319548,2.356835177855648,GNA14;GNG13,GO_Cellular_Component_2023
GO_Cellular_Component_2023,Bicellular Tight Junction (GO:0005923),5/81,0.3011964612077021,0.9604353509089368,0,0,1.3967780780075187,1.6761232626153648,CLDN22;VAPA;RAB13;F11R;CGNL1,GO_Cellular_Component_2023
GO_Cellular_Component_2023,Potassium Channel Complex (GO:0034705),5/81,0.3011964612077021,0.9604353509089368,0,0,1.3967780780075187,1.6761232626153648,KCNG1;KCNJ6;KCNA1;KCNA3;KCNA5,GO_Cellular_Component_2023
GO_Cellular_Component_2023,9+0 Non-Motile Cilium (GO:0097731),1/8,0.3084609886130892,0.9604353509089368,0,0,3.0304761904761905,3.564324569190298,DYNLL2,GO_Cellular_Component_2023
GO_Cellular_Component_2023,BLOC-1 Complex (GO:0031083),1/8,0.3084609886130892,0.9604353509089368,0,0,3.0304761904761905,3.564324569190298,BLOC1S1,GO_Cellular_Component_2023
GO_Cellular_Component_2023,Golgi Trans Cisterna (GO:0000138),1/8,0.3084609886130892,0.9604353509089368,0,0,3.0304761904761905,3.564324569190298,ST3GAL1,GO_Cellular_Component_2023
GO_Cellular_Component_2023,Smc5-Smc6 Complex (GO:0030915),1/8,0.3084609886130892,0.9604353509089368,0,0,3.0304761904761905,3.564324569190298,NSMCE4A,GO_Cellular_Component_2023
GO_Cellular_Component_2023,Chylomicron (GO:0042627),1/8,0.3084609886130892,0.9604353509089368,0,0,3.0304761904761905,3.564324569190298,APOE,GO_Cellular_Component_2023
GO_Cellular_Component_2023,Platelet Dense Tubular Network Membrane (GO:0031095),1/8,0.3084609886130892,0.9604353509089368,0,0,3.0304761904761905,3.564324569190298,ITPR3,GO_Cellular_Component_2023
GO_Cellular_Component_2023,Cortical Actin Cytoskeleton (GO:0030864),3/44,0.3183249560192683,0.9800116623514552,0,0,1.5528817426258894,1.777556623191978,PLEKHH2;SLC2A1;COBL,GO_Cellular_Component_2023
GO_Cellular_Component_2023,Autolysosome (GO:0044754),1/9,0.3396272395853655,0.9998878635888828,0,0,2.651527777777778,2.863402392297936,MAP1LC3A,GO_Cellular_Component_2023
GO_Cellular_Component_2023,Perisynaptic Extracellular Matrix (GO:0098966),1/9,0.3396272395853655,0.9998878635888828,0,0,2.651527777777778,2.863402392297936,TNC,GO_Cellular_Component_2023
GO_Cellular_Component_2023,Endolysosome (GO:0036019),2/28,0.3616216508078527,0.9998878635888828,0,0,1.6319842560109523,1.6599838463420926,TLR7;TLR3,GO_Cellular_Component_2023
GO_Cellular_Component_2023,CD40 Receptor Complex (GO:0035631),1/10,0.3693903775787431,0.9998878635888828,0,0,2.3567901234567903,2.347130254310979,HTRA2,GO_Cellular_Component_2023
GO_Cellular_Component_2023,Nuclear Inclusion Body (GO:0042405),1/10,0.3693903775787431,0.9998878635888828,0,0,2.3567901234567903,2.347130254310979,PABPN1,GO_Cellular_Component_2023
GO_Cellular_Component_2023,Platelet Dense Tubular Network (GO:0031094),1/10,0.3693903775787431,0.9998878635888828,0,0,2.3567901234567903,2.347130254310979,ITPR3,GO_Cellular_Component_2023
GO_Cellular_Component_2023,Serine-Type Endopeptidase Complex (GO:1905370),1/10,0.3693903775787431,0.9998878635888828,0,0,2.3567901234567903,2.347130254310979,HTRA2,GO_Cellular_Component_2023
GO_Cellular_Component_2023,Vesicle Membrane (GO:0012506),4/69,0.3776008602601875,0.9998878635888828,0,0,1.305822828230855,1.271763791127182,TRIM72;MREG;ANXA4;SLC26A6,GO_Cellular_Component_2023
GO_Cellular_Component_2023,Non-Motile Cilium (GO:0097730),2/30,0.3942077128270267,0.9998878635888828,0,0,1.5152550452884157,1.41051655367999,DRD2;DYNLL2,GO_Cellular_Component_2023
GO_Cellular_Component_2023,MLL3/4 Complex (GO:0044666),1/11,0.3978135039141263,0.9998878635888828,0,0,2.121,1.9550783412591732,UTY,GO_Cellular_Component_2023
GO_Cellular_Component_2023,Early Phagosome (GO:0032009),1/11,0.3978135039141263,0.9998878635888828,0,0,2.121,1.9550783412591732,TLR7,GO_Cellular_Component_2023
GO_Cellular_Component_2023,Tight Junction (GO:0070160),5/93,0.4090529401963155,0.9998878635888828,0,0,1.2055473823051948,1.0776516961812994,CLDN22;VAPA;RAB13;F11R;CGNL1,GO_Cellular_Component_2023
GO_Cellular_Component_2023,Melanosome (GO:0042470),2/31,0.4102155332572325,0.9998878635888828,0,0,1.4629281577231406,1.3035751481652975,MREG;APOE,GO_Cellular_Component_2023
GO_Cellular_Component_2023,Nuclear Inner Membrane (GO:0005637),2/31,0.4102155332572325,0.9998878635888828,0,0,1.4629281577231406,1.3035751481652975,PTGS2;TM7SF2,GO_Cellular_Component_2023
GO_Cellular_Component_2023,Cytoplasmic Vesicle Lumen (GO:0060205),6/115,0.4164967218288655,0.9998878635888828,0,0,1.167956537337912,1.0229859038444726,POMC;CSTB;DDX3X;NME2;HUWE1;F3,GO_Cellular_Component_2023
GO_Cellular_Component_2023,Sarcolemma (GO:0042383),3/52,0.4173928179393094,0.9998878635888828,0,0,1.2988045997909186,1.1348012844681072,TRIM72;CCDC78;SLC2A1,GO_Cellular_Component_2023
GO_Cellular_Component_2023,MIB Complex (GO:0140275),1/12,0.4249568851803802,0.9998878635888828,0,0,1.928080808080808,1.6499890121582963,MICOS13,GO_Cellular_Component_2023
GO_Cellular_Component_2023,SAM Complex (GO:0001401),1/12,0.4249568851803802,0.9998878635888828,0,0,1.928080808080808,1.6499890121582963,MICOS13,GO_Cellular_Component_2023
GO_Cellular_Component_2023,SUMO Ligase Complex (GO:0106068),1/12,0.4249568851803802,0.9998878635888828,0,0,1.928080808080808,1.6499890121582963,NSMCE4A,GO_Cellular_Component_2023
GO_Cellular_Component_2023,Set1C/COMPASS Complex (GO:0048188),1/12,0.4249568851803802,0.9998878635888828,0,0,1.928080808080808,1.6499890121582963,BOD1,GO_Cellular_Component_2023
GO_Cellular_Component_2023,Serine-Type Peptidase Complex (GO:1905286),1/12,0.4249568851803802,0.9998878635888828,0,0,1.928080808080808,1.6499890121582963,HTRA2,GO_Cellular_Component_2023
GO_Cellular_Component_2023,Dendrite (GO:0030425),13/270,0.4432336126774368,0.9998878635888828,0,0,1.0733077435412066,0.8733057599392934,EPHA6;EPHA10;KCNA1;COBL;OPRM1;RBM3;TMEM266;KIF3B;FYN;APOE;DRD2;SLC18A2;SHANK1,GO_Cellular_Component_2023
GO_Cellular_Component_2023,Nuclear Membrane (GO:0031965),11/227,0.4460215949315034,0.9998878635888828,0,0,1.0804879317519769,0.8723728919227003,BRAP;ANKRD17;KLHDC2;ANXA4;CEP131;HABP4;ITPR3;RNF6;PTGS2;KPNB1;TM7SF2,GO_Cellular_Component_2023
GO_Cellular_Component_2023,Cytoplasmic Stress Granule (GO:0010494),4/76,0.4491164274033919,0.9998878635888828,0,0,1.1784342871299394,0.9433049717824942,DDX3X;HABP4;CIRBP;KPNB1,GO_Cellular_Component_2023
GO_Cellular_Component_2023,ISWI-type Complex (GO:0031010),1/13,0.4508780803562779,0.9998878635888828,0,0,1.7673148148148148,1.407769298291689,BAZ1B,GO_Cellular_Component_2023
GO_Cellular_Component_2023,Glial Cell Projection (GO:0097386),1/13,0.4508780803562779,0.9998878635888828,0,0,1.7673148148148148,1.407769298291689,FYN,GO_Cellular_Component_2023
GO_Cellular_Component_2023,mRNA Cleavage And Polyadenylation Specificity Factor Complex (GO:0005847),1/13,0.4508780803562779,0.9998878635888828,0,0,1.7673148148148148,1.407769298291689,CPSF4,GO_Cellular_Component_2023
GO_Cellular_Component_2023,Ino80 Complex (GO:0031011),1/14,0.4756320623414167,0.9998878635888828,0,0,1.6312820512820514,1.2122231501687917,TFPT,GO_Cellular_Component_2023
GO_Cellular_Component_2023,Endopeptidase Complex (GO:1905369),1/14,0.4756320623414167,0.9998878635888828,0,0,1.6312820512820514,1.2122231501687917,HTRA2,GO_Cellular_Component_2023
GO_Cellular_Component_2023,nBAF Complex (GO:0071565),1/14,0.4756320623414167,0.9998878635888828,0,0,1.6312820512820514,1.2122231501687917,DPF2,GO_Cellular_Component_2023
GO_Cellular_Component_2023,Triglyceride-Rich Plasma Lipoprotein Particle (GO:0034385),1/14,0.4756320623414167,0.9998878635888828,0,0,1.6312820512820514,1.2122231501687917,APOE,GO_Cellular_Component_2023
GO_Cellular_Component_2023,Very-Low-Density Lipoprotein Particle (GO:0034361),1/14,0.4756320623414167,0.9998878635888828,0,0,1.6312820512820514,1.2122231501687917,APOE,GO_Cellular_Component_2023
GO_Cellular_Component_2023,Azurophil Granule Membrane (GO:0035577),3/58,0.4885483764257988,0.9998878635888828,0,0,1.156752379024094,0.8286011415377346,RAP1B;VAPA;RAB37,GO_Cellular_Component_2023
GO_Cellular_Component_2023,Vesicle (GO:0031982),11/235,0.4920246448264438,0.9998878635888828,0,0,1.0414576645264848,0.7386293458094382,MYO1E;MYL6;VAPA;ANXA4;CFL1;EPS8L2;APOE;F3;HSPA1B;SLC26A6;HSPA1A,GO_Cellular_Component_2023
GO_Cellular_Component_2023,PRC1 Complex (GO:0035102),1/15,0.4992713340757176,0.9998878635888828,0,0,1.5146825396825396,1.0521069369478795,CBX8,GO_Cellular_Component_2023
GO_Cellular_Component_2023,Axonal Growth Cone (GO:0044295),1/15,0.4992713340757176,0.9998878635888828,0,0,1.5146825396825396,1.0521069369478795,COBL,GO_Cellular_Component_2023
GO_Cellular_Component_2023,Chitosome (GO:0045009),1/15,0.4992713340757176,0.9998878635888828,0,0,1.5146825396825396,1.0521069369478795,MREG,GO_Cellular_Component_2023
GO_Cellular_Component_2023,Melanosome Membrane (GO:0033162),1/15,0.4992713340757176,0.9998878635888828,0,0,1.5146825396825396,1.0521069369478795,MREG,GO_Cellular_Component_2023
GO_Cellular_Component_2023,Myosin Filament (GO:0032982),1/15,0.4992713340757176,0.9998878635888828,0,0,1.5146825396825396,1.0521069369478795,MYH7B,GO_Cellular_Component_2023
GO_Cellular_Component_2023,Pigment Granule Membrane (GO:0090741),1/15,0.4992713340757176,0.9998878635888828,0,0,1.5146825396825396,1.0521069369478795,MREG,GO_Cellular_Component_2023
GO_Cellular_Component_2023,Secondary Lysosome (GO:0005767),1/15,0.4992713340757176,0.9998878635888828,0,0,1.5146825396825396,1.0521069369478795,MAP1LC3A,GO_Cellular_Component_2023
GO_Cellular_Component_2023,Lipid Droplet (GO:0005811),4/82,0.5082429115076352,0.9998878635888828,0,0,1.0874424720578566,0.7359764689396968,RAP1B;RSAD2;PLIN4;CIDEA,GO_Cellular_Component_2023
GO_Cellular_Component_2023,Serine/Threonine Protein Kinase Complex (GO:1902554),3/60,0.5113246511264186,0.9998878635888828,0,0,1.1160473566990974,0.7485893955317747,CDKN1A;ACVR1C;CDK16,GO_Cellular_Component_2023
GO_Cellular_Component_2023,COPI-coated Vesicle Membrane (GO:0030663),1/16,0.521846039392957,0.9998878635888828,0,0,1.4136296296296296,0.9194002246365308,KDELR2,GO_Cellular_Component_2023
GO_Cellular_Component_2023,Dense Core Granule (GO:0031045),1/16,0.521846039392957,0.9998878635888828,0,0,1.4136296296296296,0.9194002246365308,NPY,GO_Cellular_Component_2023
GO_Cellular_Component_2023,Apical Junction Complex (GO:0043296),5/106,0.5228677638275033,0.9998878635888828,0,0,1.0496596534653466,0.6806273331665004,CLDN22;VAPA;RAB13;F11R;CGNL1,GO_Cellular_Component_2023
GO_Cellular_Component_2023,Caveola (GO:0005901),3/62,0.5335531309820164,0.9998878635888828,0,0,1.078101996904609,0.6772600344914637,PTGIS;MAPK1;KCNA5,GO_Cellular_Component_2023
GO_Cellular_Component_2023,Neuron Projection (GO:0043005),25/557,0.5371749808600349,0.9998878635888828,0,0,0.9960152950870328,0.618955167941705,GABRB2;EPHA10;KCNA1;KCNA3;RNF6;PTGS2;RBM3;GLRA1;TMEM266;GLRA3;CALCR;KIF3B;STMN1;FYN;APOE;DRD2;SLC18A2;SEMA6A;SLC12A5;EPHA6;COBL;OPRM1;SETX;RAB13;SHANK1,GO_Cellular_Component_2023
GO_Cellular_Component_2023,Endoribonuclease Complex (GO:1902555),1/17,0.54340406883758,0.9998878635888828,0,0,1.325208333333333,0.8082473378553748,RPP25L,GO_Cellular_Component_2023
GO_Cellular_Component_2023,Transcription Factor TFTC Complex (GO:0033276),1/17,0.54340406883758,0.9998878635888828,0,0,1.325208333333333,0.8082473378553748,TAF10,GO_Cellular_Component_2023
GO_Cellular_Component_2023,Cyclin-Dependent Protein Kinase Holoenzyme Complex (GO:0000307),2/40,0.5434852000663929,0.9998878635888828,0,0,1.1159182717639482,0.680434294774487,CDKN1A;CDK16,GO_Cellular_Component_2023
GO_Cellular_Component_2023,GABA-A Receptor Complex (GO:1902711),1/18,0.5639911607782555,0.9998878635888828,0,0,1.24718954248366,0.7142862790281297,GABRB2,GO_Cellular_Component_2023
GO_Cellular_Component_2023,High-Density Lipoprotein Particle (GO:0034364),1/18,0.5639911607782555,0.9998878635888828,0,0,1.24718954248366,0.7142862790281297,APOE,GO_Cellular_Component_2023
GO_Cellular_Component_2023,Recycling Endosome (GO:0055037),7/159,0.5788458834910598,0.9998878635888828,0,0,0.976017014011539,0.5336070594357032,SLC9A7;RAB13;ATP11C;PLA2G3;F3;PLEKHJ1;SLC9B2,GO_Cellular_Component_2023
GO_Cellular_Component_2023,Axon (GO:0030424),9/205,0.5793736971938352,0.9998878635888828,0,0,0.9730884506268876,0.5311190633635464,SETX;SEMA6A;CALCR;KCNA3;COBL;RNF6;OPRM1;DRD2;SLC18A2,GO_Cellular_Component_2023
GO_Cellular_Component_2023,Specific Granule Membrane (GO:0035579),4/90,0.5822436536197898,0.9998878635888828,0,0,0.9858702133727412,0.5332239450390336,CD53;CD93;RAB37;LAMTOR2,GO_Cellular_Component_2023
GO_Cellular_Component_2023,Spindle Microtubule (GO:0005876),3/68,0.5966313041622122,0.9998878635888828,0,0,0.9782765119068014,0.5052367129335862,KIF3B;BOD1;PLK1,GO_Cellular_Component_2023
GO_Cellular_Component_2023,Anaphase-Promoting Complex (GO:0005680),1/20,0.6024253007889407,0.9998878635888828,0,0,1.1157894736842104,0.5654727364216774,ANAPC13,GO_Cellular_Component_2023
GO_Cellular_Component_2023,Basement Membrane (GO:0005604),2/46,0.6199701622451909,0.9998878635888828,0,0,0.963444230963697,0.460607201877948,PXDN;TNC,GO_Cellular_Component_2023
GO_Cellular_Component_2023,Cytoplasmic Dynein Complex (GO:0005868),1/21,0.6203539132010867,0.9998878635888828,0,0,1.0599444444444444,0.5060865183821718,DYNLL2,GO_Cellular_Component_2023
GO_Cellular_Component_2023,Nuclear Chromosome (GO:0000228),4/95,0.6250808133698709,0.9998878635888828,0,0,0.931456503362858,0.4376675062285757,SETX;TFPT;CDC45;MACROH2A1,GO_Cellular_Component_2023
GO_Cellular_Component_2023,Golgi-associated Vesicle (GO:0005798),2/47,0.6317125263405784,0.9998878635888828,0,0,0.9419849215177356,0.4326733164421292,TMED9;RAB13,GO_Cellular_Component_2023
GO_Cellular_Component_2023,Cell-Cell Contact Zone (GO:0044291),2/47,0.6317125263405784,0.9998878635888828,0,0,0.9419849215177356,0.4326733164421292,TMEM65;KCNA5,GO_Cellular_Component_2023
GO_Cellular_Component_2023,Tertiary Granule Membrane (GO:0070821),3/72,0.6354610684073846,0.9998878635888828,0,0,0.9213711629708532,0.417753786854473,CD53;CD93;LAMTOR2,GO_Cellular_Component_2023
GO_Cellular_Component_2023,Mitochondrial Matrix (GO:0005759),15/355,0.6377522863505016,0.9998878635888828,0,0,0.9340890983933076,0.4201582616351335,LIPT2;NDUFB8;UQCC2;GLRX5;IDH2;MRPL14;HSPE1;ACADSB;MRPL20;GLUD1;NADK2;PRDX5;SMDT1;BLOC1S1;CASQ1,GO_Cellular_Component_2023
GO_Cellular_Component_2023,Motile Cilium (GO:0031514),3/73,0.6447506260644367,0.9998878635888828,0,0,0.9081609926821508,0.3985842885336782,MKKS;RSPH1;SPA17,GO_Cellular_Component_2023
GO_Cellular_Component_2023,Nucleolus (GO:0005730),33/771,0.6459067665500292,0.9998878635888828,0,0,0.9458759506949908,0.4134424819449673,CSTB;CDKN1A;RPL11;GPATCH4;MACROH2A1;SNAPC5;HIRIP3;RPS19;DDRGK1;MXI1;RPL36;NKX2-1;S100A13;HABP4;FLNA;RPL35;LLPH;ZBED6;POLR2K;POLR2L;RPS9;TAF15;EN2;RPL23A;EDF1;TBCA;BAZ1B;NPM3;REXO5;PPM1B;PIN4;SRSF5;BRWD1,GO_Cellular_Component_2023
GO_Cellular_Component_2023,Cul2-RING Ubiquitin Ligase Complex (GO:0031462),1/23,0.6538245717686761,0.9998878635888828,0,0,0.9634848484848484,0.4094003228816074,KLHDC2,GO_Cellular_Component_2023
GO_Cellular_Component_2023,Golgi-associated Vesicle Membrane (GO:0030660),1/23,0.6538245717686761,0.9998878635888828,0,0,0.9634848484848484,0.4094003228816074,KDELR2,GO_Cellular_Component_2023
GO_Cellular_Component_2023,SAGA Complex (GO:0000124),1/23,0.6538245717686761,0.9998878635888828,0,0,0.9634848484848484,0.4094003228816074,TAF10,GO_Cellular_Component_2023
GO_Cellular_Component_2023,Heterochromatin (GO:0000792),2/49,0.6543432124132224,0.9998878635888828,0,0,0.9018057889380636,0.3824768251199464,BAZ1B;MACROH2A1,GO_Cellular_Component_2023
GO_Cellular_Component_2023,Cytoplasmic Side Of Plasma Membrane (GO:0009898),5/124,0.6620676912732417,0.9998878635888828,0,0,0.8900435174069627,0.3670427993122304,MIEN1;S100A6;HTRA2;FYN;CDK16,GO_Cellular_Component_2023
GO_Cellular_Component_2023,Excitatory Synapse (GO:0060076),1/24,0.6694376706983981,0.9998878635888828,0,0,0.9215458937198068,0.3698322329165462,SHANK1,GO_Cellular_Component_2023
GO_Cellular_Component_2023,Pigment Granule (GO:0048770),1/24,0.6694376706983981,0.9998878635888828,0,0,0.9215458937198068,0.3698322329165462,MREG,GO_Cellular_Component_2023
GO_Cellular_Component_2023,INO80-type Complex (GO:0097346),1/25,0.6843473350162578,0.9998878635888828,0,0,0.8831018518518519,0.3349514280819962,TFPT,GO_Cellular_Component_2023
GO_Cellular_Component_2023,Endosome Lumen (GO:0031904),1/25,0.6843473350162578,0.9998878635888828,0,0,0.8831018518518519,0.3349514280819962,LNPEP,GO_Cellular_Component_2023
GO_Cellular_Component_2023,Endoplasmic reticulum-Golgi Intermediate Compartment Membrane (GO:0033116),2/52,0.6861877519228056,0.9998878635888828,0,0,0.8475639599555062,0.319195975755524,TMED9;CALR,GO_Cellular_Component_2023
GO_Cellular_Component_2023,Clathrin-Coated Vesicle (GO:0030136),3/78,0.6886632854138125,0.9998878635888828,0,0,0.8473942093541202,0.3160804363816266,MYO1E;TMED9;RAB13,GO_Cellular_Component_2023
GO_Cellular_Component_2023,Endoplasmic Reticulum Tubular Network (GO:0071782),1/26,0.6985852238557548,0.9998878635888828,0,0,0.8477333333333333,0.3040803342038978,KPNB1,GO_Cellular_Component_2023
GO_Cellular_Component_2023,Golgi Cisterna Membrane (GO:0032580),1/27,0.7121815727347449,0.9998878635888828,0,0,0.81508547008547,0.2766582519496079,ST3GAL1,GO_Cellular_Component_2023
GO_Cellular_Component_2023,Lumenal Side Of Endoplasmic Reticulum Membrane (GO:0098553),1/27,0.7121815727347449,0.9998878635888828,0,0,0.81508547008547,0.2766582519496079,CALR,GO_Cellular_Component_2023
GO_Cellular_Component_2023,Sarcoplasmic Reticulum Membrane (GO:0033017),1/27,0.7121815727347449,0.9998878635888828,0,0,0.81508547008547,0.2766582519496079,CASQ1,GO_Cellular_Component_2023
GO_Cellular_Component_2023,Plasma Membrane Raft (GO:0044853),3/82,0.720763723322097,0.9998878635888828,0,0,0.8043190211722252,0.2633693589939841,PTGIS;MAPK1;KCNA5,GO_Cellular_Component_2023
GO_Cellular_Component_2023,Autophagosome (GO:0005776),3/83,0.7283739403303674,0.9998878635888828,0,0,0.7942232739420936,0.2517216870397685,MAP1LC3A;RAB24;UBQLN1,GO_Cellular_Component_2023
GO_Cellular_Component_2023,Intracellular Non-Membrane-Bounded Organelle (GO:0043232),50/1195,0.729603719199833,0.9998878635888828,0,0,0.9212896207390228,0.290440001000289,CDKN1A;GPATCH4;UXT;SNAPC5;RPS19;RPL36AL;RPS18;RPL36;HABP4;RPL35;RPS9;CCDC78;RSAD2;EN2;EDF1;BAZ1B;DYNLL2;REXO5;PPM1B;PLIN4;SRSF5;CSTB;RPL11;HTRA2;MACROH2A1;RAP1B;HIRIP3;DDRGK1;MXI1;NKX2-1;S100A13;FLNA;MAPK1;LLPH;VHL;HNRNPA1;ZBED6;TAF15;FUS;PLK1;CIDEA;RPL23A;TBCA;NPM3;FANCE;MYO1E;RPS27;PIN4;BRWD1;RPS23,GO_Cellular_Component_2023
GO_Cellular_Component_2023,Nuclear Lumen (GO:0031981),32/780,0.7343891353907264,0.9998878635888828,0,0,0.903417167683058,0.278899545415748,CSTB;CDKN1A;RPL11;GPATCH4;MACROH2A1;SNAPC5;HIRIP3;RPS19;DDRGK1;MXI1;RPL36;NKX2-1;S100A13;HABP4;FLNA;RPL35;LLPH;ZBED6;RPS9;TAF15;EN2;RPL23A;EDF1;TBCA;BAZ1B;NPM3;REXO5;SETX;PPM1B;PIN4;SRSF5;BRWD1,GO_Cellular_Component_2023
GO_Cellular_Component_2023,SWI/SNF Complex (GO:0016514),1/29,0.7375638570196849,0.9998878635888828,0,0,0.7567857142857143,0.2303675456759671,DPF2,GO_Cellular_Component_2023
GO_Cellular_Component_2023,Clathrin-Coated Endocytic Vesicle (GO:0045334),3/85,0.7431046708068831,0.9998878635888828,0,0,0.7747704926937911,0.2300435904733888,MYO1E;APOE;F3,GO_Cellular_Component_2023
GO_Cellular_Component_2023,Late Endosome Membrane (GO:0031902),3/85,0.7431046708068831,0.9998878635888828,0,0,0.7747704926937911,0.2300435904733888,MREG;LAMTOR2;LAMTOR4,GO_Cellular_Component_2023
GO_Cellular_Component_2023,Rough Endoplasmic Reticulum (GO:0005791),1/30,0.7494037080519473,0.9998878635888828,0,0,0.7306513409961686,0.2107764317493301,F12,GO_Cellular_Component_2023
GO_Cellular_Component_2023,Calcium Channel Complex (GO:0034704),2/59,0.7511424102644225,0.9998878635888828,0,0,0.7432039498077786,0.2126752554162091,SMDT1;CACNA1D,GO_Cellular_Component_2023
GO_Cellular_Component_2023,cis-Golgi Network (GO:0005801),2/60,0.7594119769984938,0.9998878635888828,0,0,0.73035173180929,0.2010007279573351,SLC10A7;KDELR2,GO_Cellular_Component_2023
GO_Cellular_Component_2023,Synaptic Membrane (GO:0097060),1/31,0.7607099644293381,0.9998878635888828,0,0,0.7062592592592593,0.1931641095508496,TMEM240,GO_Cellular_Component_2023
GO_Cellular_Component_2023,Clathrin-Coated Vesicle Membrane (GO:0030665),3/90,0.7771460521452749,0.9998878635888828,0,0,0.7300514553413716,0.1840656664747531,APOE;F3;SLC18A2,GO_Cellular_Component_2023
GO_Cellular_Component_2023,Cortical Cytoskeleton (GO:0030863),2/63,0.7828056671334522,0.9998878635888828,0,0,0.6943233829938548,0.1700195249733986,PLEKHH2;SLC2A1,GO_Cellular_Component_2023
GO_Cellular_Component_2023,Organelle Outer Membrane (GO:0031968),6/170,0.7829420913962687,0.9998878635888828,0,0,0.7740155334514239,0.1893989253216285,FIS1;RSAD2;TOMM7;ITPR3;PTGS2;PRICKLE4,GO_Cellular_Component_2023
GO_Cellular_Component_2023,Cul3-RING Ubiquitin Ligase Complex (GO:0031463),1/35,0.8010635739531571,0.9998878635888828,0,0,0.6230392156862745,0.1381994229625559,GAN,GO_Cellular_Component_2023
GO_Cellular_Component_2023,Cul4-RING E3 Ubiquitin Ligase Complex (GO:0080008),1/35,0.8010635739531571,0.9998878635888828,0,0,0.6230392156862745,0.1381994229625559,DCAF10,GO_Cellular_Component_2023
GO_Cellular_Component_2023,Autophagosome Membrane (GO:0000421),1/35,0.8010635739531571,0.9998878635888828,0,0,0.6230392156862745,0.1381994229625559,MAP1LC3A,GO_Cellular_Component_2023
GO_Cellular_Component_2023,Supramolecular Fiber (GO:0099512),1/36,0.8100413002178746,0.9998878635888828,0,0,0.6052063492063492,0.1274988486352991,MYH7B,GO_Cellular_Component_2023
GO_Cellular_Component_2023,Clathrin-Coated Endocytic Vesicle Membrane (GO:0030669),2/68,0.8173671947452675,0.9998878635888828,0,0,0.6415545892742778,0.1293802881939626,APOE;F3,GO_Cellular_Component_2023
GO_Cellular_Component_2023,Cilium (GO:0005929),9/257,0.823202943305167,0.9998878635888828,0,0,0.7669381961521771,0.1492097579979681,MKKS;RSPH1;GRK2;KIF3B;ARL3;SPA17;DRD2;CYRIB;DYNLL2,GO_Cellular_Component_2023
GO_Cellular_Component_2023,SAGA-type Complex (GO:0070461),1/38,0.8268007975572924,0.9998878635888828,0,0,0.5724324324324325,0.1088717752700517,TAF10,GO_Cellular_Component_2023
GO_Cellular_Component_2023,Ciliary Membrane (GO:0060170),1/38,0.8268007975572924,0.9998878635888828,0,0,0.5724324324324325,0.1088717752700517,DRD2,GO_Cellular_Component_2023
GO_Cellular_Component_2023,Azurophil Granule (GO:0042582),5/155,0.8327567157328672,0.9998878635888828,0,0,0.7049479166666667,0.1290151529129716,RAP1B;VAPA;IST1;RAB37;MAPK1,GO_Cellular_Component_2023
GO_Cellular_Component_2023,Keratin Filament (GO:0045095),1/39,0.8346182011100352,0.9998878635888828,0,0,0.5573391812865497,0.1007562804027563,KRT9,GO_Cellular_Component_2023
GO_Cellular_Component_2023,Actin Filament (GO:0005884),2/71,0.8356614530126554,0.9998878635888828,0,0,0.613564185649111,0.1101542264793682,COBL;PAWR,GO_Cellular_Component_2023
GO_Cellular_Component_2023,Brush Border Membrane (GO:0031526),1/40,0.8420831331878124,0.9998878635888828,0,0,0.543019943019943,0.0933323871172092,SLC26A6,GO_Cellular_Component_2023
GO_Cellular_Component_2023,Specific Granule (GO:0042581),5/159,0.8485630959426774,0.9998878635888828,0,0,0.6864926368274582,0.1127295293379974,CD53;CD93;RAB37;LAMTOR2;KPNB1,GO_Cellular_Component_2023
GO_Cellular_Component_2023,Transcription Factor TFIID Complex (GO:0005669),1/42,0.8560183703563137,0.9998878635888828,0,0,0.5164769647696477,0.0802932868499874,TAF10,GO_Cellular_Component_2023
GO_Cellular_Component_2023,Chromosome (GO:0005694),5/164,0.8665603774837765,0.9998878635888828,0,0,0.6647293351302785,0.0952048569622524,SETX;PIN4;LLPH;FANCE;MACROH2A1,GO_Cellular_Component_2023
GO_Cellular_Component_2023,Cell-Cell Junction (GO:0005911),10/299,0.870722583092145,0.9998878635888828,0,0,0.7304882737408689,0.1011228480865727,TMEM47;CD53;RAP1B;MYO1E;PDLIM2;NRAP;FLNA;CTNNA3;F11R;PRICKLE4,GO_Cellular_Component_2023
GO_Cellular_Component_2023,Phagocytic Vesicle Membrane (GO:0030670),1/45,0.874652024596808,0.9998878635888828,0,0,0.4811868686868686,0.0644449521146719,CALR,GO_Cellular_Component_2023
GO_Cellular_Component_2023,Lysosomal Membrane (GO:0005765),12/356,0.8826816380672118,0.9998878635888828,0,0,0.7359327177126115,0.091837551033971,RAP1B;SZT2;PLEKHF1;VAPA;BLOC1S1;RAB37;ATP11C;LNPEP;TLR7;LAMTOR2;LAMTOR4;TLR3,GO_Cellular_Component_2023
GO_Cellular_Component_2023,Secretory Granule Membrane (GO:0030667),9/279,0.8861224887043981,0.9998878635888828,0,0,0.7036248131539611,0.0850683024136951,CD53;RAP1B;CD93;VAPA;RAB37;RAB24;LAMTOR2;ITPR3;SLC18A2,GO_Cellular_Component_2023
GO_Cellular_Component_2023,Basolateral Plasma Membrane (GO:0016323),5/171,0.8887019288026488,0.9998878635888828,0,0,0.6364632637693631,0.0750984567506873,SLC4A7;SLC23A2;NDRG4;SLC2A1;SLC26A6,GO_Cellular_Component_2023
GO_Cellular_Component_2023,P-body (GO:0000932),2/83,0.8933490413458055,0.9998878635888828,0,0,0.5223362034633818,0.0589079857115985,LSM4;PNRC1,GO_Cellular_Component_2023
GO_Cellular_Component_2023,Voltage-Gated Calcium Channel Complex (GO:0005891),1/49,0.8958042191194495,0.9998878635888828,0,0,0.4409953703703703,0.0485242179266815,CACNA1D,GO_Cellular_Component_2023
GO_Cellular_Component_2023,cullin-RING Ubiquitin Ligase Complex (GO:0031461),5/174,0.897180028816273,0.9998878635888828,0,0,0.6250660397295013,0.0678188752519358,KLHDC2;ANAPC13;GAN;DCAF10;FBXO32,GO_Cellular_Component_2023
GO_Cellular_Component_2023,Endoplasmic Reticulum Lumen (GO:0005788),9/284,0.8975039886437056,0.9998878635888828,0,0,0.6906481858948227,0.0746851163174501,TNC;MAPK1;DMP1;APOE;CALR;CASQ1;PTGS2;F3;FGF23,GO_Cellular_Component_2023
GO_Cellular_Component_2023,Multivesicular Body (GO:0005771),1/50,0.9005096839729961,0.9998878635888828,0,0,0.4319727891156462,0.0452683121578446,APOE,GO_Cellular_Component_2023
GO_Cellular_Component_2023,Late Endosome (GO:0005770),6/205,0.9042825048500698,0.9998878635888828,0,0,0.6367030684146991,0.0640609000075399,MREG;MAPK1;LAMTOR2;VPS26B;LAMTOR4;F3,GO_Cellular_Component_2023
GO_Cellular_Component_2023,Golgi Cisterna (GO:0031985),1/51,0.9050028713459752,0.9998878635888828,0,0,0.4233111111111111,0.0422537139782196,SLC10A7,GO_Cellular_Component_2023
GO_Cellular_Component_2023,Secretory Granule Lumen (GO:0034774),10/316,0.9082401159872058,0.9998878635888828,0,0,0.6892820727243385,0.0663409804094222,POMC;CSTB;DDX3X;IST1;NME2;HUWE1;MAPK1;CYRIB;F3;KPNB1,GO_Cellular_Component_2023
GO_Cellular_Component_2023,Adherens Junction (GO:0005912),4/150,0.910598971808355,0.9998878635888828,0,0,0.5788854782303263,0.0542141794702863,MYO1E;PDLIM2;CTNNA3;PRICKLE4,GO_Cellular_Component_2023
GO_Cellular_Component_2023,Mitochondrial Outer Membrane (GO:0005741),4/151,0.9131831387976708,0.9998878635888828,0,0,0.5749171463457178,0.0522133016368279,FIS1;RSAD2;TOMM7;PRICKLE4,GO_Cellular_Component_2023
GO_Cellular_Component_2023,Cation Channel Complex (GO:0034703),1/53,0.913390248108182,0.9998878635888828,0,0,0.4069871794871795,0.0368698048518369,KCNA5,GO_Cellular_Component_2023
GO_Cellular_Component_2023,Exocytic Vesicle Membrane (GO:0099501),1/53,0.913390248108182,0.9998878635888828,0,0,0.4069871794871795,0.0368698048518369,SLC18A2,GO_Cellular_Component_2023
GO_Cellular_Component_2023,Microbody Membrane (GO:0031903),1/53,0.913390248108182,0.9998878635888828,0,0,0.4069871794871795,0.0368698048518369,FIS1,GO_Cellular_Component_2023
GO_Cellular_Component_2023,Peroxisomal Membrane (GO:0005778),1/53,0.913390248108182,0.9998878635888828,0,0,0.4069871794871795,0.0368698048518369,FIS1,GO_Cellular_Component_2023
GO_Cellular_Component_2023,Tertiary Granule Lumen (GO:1904724),1/53,0.913390248108182,0.9998878635888828,0,0,0.4069871794871795,0.0368698048518369,CSTB,GO_Cellular_Component_2023
GO_Cellular_Component_2023,Azurophil Granule Lumen (GO:0035578),2/89,0.9145388081322172,0.9998878635888828,0,0,0.4861595898380064,0.0434312495612018,IST1;MAPK1,GO_Cellular_Component_2023
GO_Cellular_Component_2023,Synaptic Vesicle Membrane (GO:0030672),1/54,0.9173022975524268,0.9998878635888828,0,0,0.3992872117400419,0.0344657541108902,SLC18A2,GO_Cellular_Component_2023
GO_Cellular_Component_2023,Golgi Membrane (GO:0000139),14/427,0.9174729216316738,0.9998878635888828,0,0,0.7141191982114535,0.0615086666713028,TMED9;HACE1;C1GALT1;SLC2A1;ATP2C2;HS3ST2;VAPA;SLC9A7;ST8SIA4;KDELR2;TLR7;ST3GAL1;HRAS;TLR3,GO_Cellular_Component_2023
GO_Cellular_Component_2023,Coated Vesicle Membrane (GO:0030662),1/55,0.9210378273383648,0.9998878635888828,0,0,0.3918724279835391,0.0322331419137957,KDELR2,GO_Cellular_Component_2023
GO_Cellular_Component_2023,trans-Golgi Network (GO:0005802),7/241,0.921392367167855,0.9998878635888828,0,0,0.6312501195051531,0.0516800120150251,SLC10A7;SLC9A7;RAB13;CBY1;ATP2C2;ST3GAL1;PLEKHJ1,GO_Cellular_Component_2023
GO_Cellular_Component_2023,Microtubule (GO:0005874),5/185,0.9236496108673016,0.9998878635888828,0,0,0.5865265376984127,0.0465833970641767,BEX4;KIF3B;BOD1;ARL3;PLK1,GO_Cellular_Component_2023
GO_Cellular_Component_2023,Extracellular Membrane-Bounded Organelle (GO:0065010),1/57,0.9280107955066318,0.9998878635888828,0,0,0.3778373015873016,0.0282289476702995,APOE,GO_Cellular_Component_2023
GO_Cellular_Component_2023,Microvillus (GO:0005902),1/58,0.9312630881502564,0.9998878635888828,0,0,0.3711890838206628,0.0264336571162604,MYO1E,GO_Cellular_Component_2023
GO_Cellular_Component_2023,Peroxisome (GO:0005777),3/129,0.9340187629505142,0.9998878635888828,0,0,0.5030491038286139,0.0343375040939745,FIS1;SZT2;PRDX5,GO_Cellular_Component_2023
GO_Cellular_Component_2023,Vacuolar Membrane (GO:0005774),1/59,0.934368601201366,0.9998878635888828,0,0,0.3647701149425287,0.0247621532038214,MAP1LC3A,GO_Cellular_Component_2023
GO_Cellular_Component_2023,Condensed Chromosome (GO:0000793),1/60,0.9373339519642964,0.9998878635888828,0,0,0.3585687382297551,0.0232050106600872,NSMCE4A,GO_Cellular_Component_2023
GO_Cellular_Component_2023,Extracellular Vesicle (GO:1903561),1/60,0.9373339519642964,0.9998878635888828,0,0,0.3585687382297551,0.0232050106600872,APOE,GO_Cellular_Component_2023
GO_Cellular_Component_2023,Ficolin-1-Rich Granule Membrane (GO:0101003),1/60,0.9373339519642964,0.9998878635888828,0,0,0.3585687382297551,0.0232050106600872,CD93,GO_Cellular_Component_2023
GO_Cellular_Component_2023,Sperm Flagellum (GO:0036126),1/60,0.9373339519642964,0.9998878635888828,0,0,0.3585687382297551,0.0232050106600872,TEKT4,GO_Cellular_Component_2023
GO_Cellular_Component_2023,Transport Vesicle Membrane (GO:0030658),1/60,0.9373339519642964,0.9998878635888828,0,0,0.3585687382297551,0.0232050106600872,SLC18A2,GO_Cellular_Component_2023
GO_Cellular_Component_2023,Tertiary Granule (GO:0070820),4/162,0.9375010522503244,0.9998878635888828,0,0,0.5345808108603926,0.0345004549481029,CD53;CSTB;CD93;LAMTOR2,GO_Cellular_Component_2023
GO_Cellular_Component_2023,Early Endosome (GO:0005769),9/307,0.9383164802945057,0.9998878635888828,0,0,0.6365643904053933,0.04052877387249,PLEKHF1;ZFYVE9;MAPK1;LNPEP;VPS26B;APOE;F3;TLR3;PLEKHJ1,GO_Cellular_Component_2023
GO_Cellular_Component_2023,Cytoplasmic Vesicle Membrane (GO:0030659),12/389,0.93846217884003,0.9998878635888828,0,0,0.6703326540415869,0.0425746524099786,TRIM72;MREG;PLEKHF1;CD93;RAB24;LAMTOR2;ITPR3;TLR7;F3;TLR4;SLC18A2;TLR3,GO_Cellular_Component_2023
GO_Cellular_Component_2023,SCF Ubiquitin Ligase Complex (GO:0019005),1/61,0.94016545963956,0.9998878635888828,0,0,0.3525740740740741,0.0217536082317674,FBXO32,GO_Cellular_Component_2023
GO_Cellular_Component_2023,Specific Granule Lumen (GO:0035580),1/61,0.94016545963956,0.9998878635888828,0,0,0.3525740740740741,0.0217536082317674,KPNB1,GO_Cellular_Component_2023
GO_Cellular_Component_2023,Intracellular Organelle Lumen (GO:0070013),30/856,0.940909835000736,0.9998878635888828,0,0,0.7619612868790708,0.0464095093088247,LIPT2;CSTB;NDUFB8;DDX3X;TNC;DMP1;PTGS2;NADK2;PRDX5;BLOC1S1;MAPK1;APOE;FGF23;UQCC2;GLRX5;IDH2;HUWE1;NME2;PDAP1;HSPE1;F3;ACADSB;GLUD1;SMDT1;CALR;PLEKHO2;CASQ1;KPNB1;HSPA1B;HSPA1A,GO_Cellular_Component_2023
GO_Cellular_Component_2023,Phagocytic Vesicle (GO:0045335),2/100,0.9434981952914856,0.9998878635888828,0,0,0.431340945722004,0.0250871461031666,TLR7;CALR,GO_Cellular_Component_2023
GO_Cellular_Component_2023,trans-Golgi Network Membrane (GO:0032588),2/100,0.9434981952914856,0.9998878635888828,0,0,0.431340945722004,0.0250871461031666,ATP2C2;ST3GAL1,GO_Cellular_Component_2023
GO_Cellular_Component_2023,Endocytic Vesicle (GO:0030139),5/196,0.9438947492520602,0.9998878635888828,0,0,0.5524261406133134,0.0318974242663622,MYO1E;RAB13;APOE;CALR;F3,GO_Cellular_Component_2023
GO_Cellular_Component_2023,Lytic Vacuole Membrane (GO:0098852),8/287,0.949023127027018,0.9998878635888828,0,0,0.6043018780077625,0.031618349804274,SZT2;PLEKHF1;BLOC1S1;ATP11C;LNPEP;LAMTOR2;LAMTOR4;TLR3,GO_Cellular_Component_2023
GO_Cellular_Component_2023,Collagen-Containing Extracellular Matrix (GO:0062023),11/373,0.9515102720593348,0.9998878635888828,0,0,0.6397262399900676,0.0317974626741684,C1QA;CSTB;LAMB3;ANXA4;F12;PXDN;TNC;S100A6;S100A4;APOE;ANGPTL4,GO_Cellular_Component_2023
GO_Cellular_Component_2023,Platelet Alpha Granule Lumen (GO:0031093),1/66,0.9525173050528544,0.9998878635888828,0,0,0.3253675213675214,0.0158281551498201,CYRIB,GO_Cellular_Component_2023
GO_Cellular_Component_2023,Cell Projection Membrane (GO:0031253),2/105,0.9533219967704556,0.9998878635888828,0,0,0.4102940700022679,0.0196131050142725,DRD2;SLC26A6,GO_Cellular_Component_2023
GO_Cellular_Component_2023,Intermediate Filament (GO:0005882),1/69,0.958669221144191,0.9998878635888828,0,0,0.3109640522875817,0.0131255389619374,KRT9,GO_Cellular_Component_2023
GO_Cellular_Component_2023,9+2 Motile Cilium (GO:0097729),1/70,0.9605375196212146,0.9998878635888828,0,0,0.3064412238325282,0.0123380085500997,TEKT4,GO_Cellular_Component_2023
GO_Cellular_Component_2023,Recycling Endosome Membrane (GO:0055038),1/70,0.9605375196212146,0.9998878635888828,0,0,0.3064412238325282,0.0123380085500997,SLC9A7,GO_Cellular_Component_2023
GO_Cellular_Component_2023,Actin Cytoskeleton (GO:0015629),9/327,0.9614690784885924,0.9998878635888828,0,0,0.5958943227007361,0.0234144006158784,MYO1E;PLEKHH2;CFL1;ANKRD23;SLC2A1;PAWR;FLNA;COBL;NPM3,GO_Cellular_Component_2023
GO_Cellular_Component_2023,Spindle (GO:0005819),5/210,0.9626115954470164,0.9998878635888828,0,0,0.5143183797909407,0.0195982439267147,KIF3B;BOD1;ARL3;PLK1;MAPK1,GO_Cellular_Component_2023
GO_Cellular_Component_2023,Endosome Membrane (GO:0010008),10/361,0.9662595858265152,0.9998878635888828,0,0,0.599473685893439,0.0205755905368247,MREG;PLEKHF1;ZFYVE9;SLC9A7;TLR7;LAMTOR2;LAMTOR4;F3;TLR4;TLR3,GO_Cellular_Component_2023
GO_Cellular_Component_2023,COPII-coated ER To Golgi Transport Vesicle (GO:0030134),1/76,0.9701029178110966,0.9998878635888828,0,0,0.281837037037037,0.008554631228952,TMED9,GO_Cellular_Component_2023
GO_Cellular_Component_2023,Coated Vesicle (GO:0030135),1/79,0.9739781529918607,0.9998878635888828,0,0,0.2709544159544159,0.0071440940801085,TMED9,GO_Cellular_Component_2023
GO_Cellular_Component_2023,Lytic Vacuole (GO:0000323),5/223,0.9746700291532698,0.9998878635888828,0,0,0.483315244102228,0.0124000794003711,CALCRL;PLEKHF1;TLR7;LAMTOR4;ADA,GO_Cellular_Component_2023
GO_Cellular_Component_2023,Intermediate Filament Cytoskeleton (GO:0045111),1/81,0.9762786378296848,0.9998878635888828,0,0,0.2641527777777778,0.0063415801190833,DDX60,GO_Cellular_Component_2023
GO_Cellular_Component_2023,Endocytic Vesicle Membrane (GO:0030666),3/159,0.9764665604806688,0.9998878635888828,0,0,0.4056664382388213,0.0096608543477443,APOE;CALR;F3,GO_Cellular_Component_2023
GO_Cellular_Component_2023,Cytoskeleton (GO:0005856),18/599,0.9765816358064288,0.9998878635888828,0,0,0.6497252559826753,0.0153964950430584,ARL3;PLK1;ANKRD23;PAWR;HTRA2;TBCA;NPM3;DDX60;DYNLL2;HYPK;UXT;MYO1E;KIF3B;CFL1;FLNA;MAPK1;TEKT4;CDK16,GO_Cellular_Component_2023
GO_Cellular_Component_2023,Actin-Based Cell Projection (GO:0098858),1/84,0.9793540474984672,0.9998878635888828,0,0,0.2545649263721553,0.0053107487292483,MYO1E,GO_Cellular_Component_2023
GO_Cellular_Component_2023,Endoplasmic Reticulum Membrane (GO:0005789),25/801,0.9822618575544232,0.9998878635888828,0,0,0.6738616838487973,0.0120603375900618,NDRG4;MGST3;HTRA2;ITPR3;PTGS2;TM7SF2;DDRGK1;SEC61B;EMC7;HRAS;OST4;TMED9;PTGIS;RSAD2;GDF1;FMO2;SGPP1;DPM3;TMEM258;VAPA;KDELR2;TLR7;CALR;CASQ1;TLR3,GO_Cellular_Component_2023
GO_Cellular_Component_2023,Membrane Raft (GO:0045121),3/169,0.9835306897565276,0.9998878635888828,0,0,0.3810274505594762,0.0063275083556179,RAP1B;KCNA5;FYN,GO_Cellular_Component_2023
GO_Cellular_Component_2023,Platelet Alpha Granule (GO:0031091),1/89,0.9836201880320408,0.9998878635888828,0,0,0.2400378787878788,0.0039643321965252,CYRIB,GO_Cellular_Component_2023
GO_Cellular_Component_2023,Bounding Membrane Of Organelle (GO:0098588),25/819,0.987277227472722,0.9998878635888828,0,0,0.6579382468973926,0.0084245045473578,PLEKHF1;SLC2A1;ITPR3;ATP2C2;RAB24;ST8SIA4;DRD2;ST3GAL1;HRAS;SLC18A2;TMED9;HACE1;CD93;C1GALT1;F3;HS3ST2;VAPA;SLC9A7;KDELR2;LAMTOR2;TLR7;CALR;CASQ1;TLR4;TLR3,GO_Cellular_Component_2023
GO_Cellular_Component_2023,Microtubule Cytoskeleton (GO:0015630),8/342,0.9878790484852592,0.9998878635888828,0,0,0.5033158766453655,0.006137941791372,BEX4;KIF3B;ARL3;PLK1;TEKT4;TBCA;HYPK;CDK16,GO_Cellular_Component_2023
GO_Cellular_Component_2023,Golgi Lumen (GO:0005796),1/100,0.9901581703664636,0.9998878635888828,0,0,0.2132435465768799,0.002109102478051,FGF23,GO_Cellular_Component_2023
GO_Cellular_Component_2023,Vacuolar Lumen (GO:0005775),2/161,0.9949725608798716,0.9998878635888828,0,0,0.2650044423923157,0.0013356539805588,IST1;MAPK1,GO_Cellular_Component_2023
GO_Cellular_Component_2023,Early Endosome Membrane (GO:0031901),1/116,0.9953105363162498,0.9998878635888828,0,0,0.1834202898550724,0.0008621659197348895,ZFYVE9,GO_Cellular_Component_2023
GO_Cellular_Component_2023,Lysosome (GO:0005764),12/503,0.995773279618126,0.9998878635888828,0,0,0.5115613094188074,0.0021668090938815,SZT2;CALCRL;PLEKHF1;BLOC1S1;RNF19B;ATP11C;LNPEP;LAMTOR2;TLR7;LAMTOR4;ADA;TLR3,GO_Cellular_Component_2023
GO_Cellular_Component_2023,Polymeric Cytoskeletal Fiber (GO:0099513),4/265,0.9980453483465412,0.9998878635888828,0,0,0.3218561659341269,0.0006297323412959027,BEX4;KIF3B;PAWR;COBL,GO_Cellular_Component_2023
GO_Cellular_Component_2023,Mitotic Spindle (GO:0072686),1/143,0.9986582560158628,0.9998878635888828,0,0,0.1483333333333333,0.0001991589977390637,MAPK1,GO_Cellular_Component_2023
GO_Cellular_Component_2023,Nucleus (GO:0005634),166/4487,0.9988653231294434,0.9998878635888828,0,0,0.7724175715183088,0.0008769419698396706,RPL30;CMAS;NUDT3;UXT;RPS15;SNRPD2;RPL36AL;RPS18;ZXDB;CREB3L1;SPATA24;CFL1;HABP4;DPF2;ARL6IP4;TEKT4;SNRPD3;KPNA3;GAMT;RPS9;NFKBIL1;CIRBP;MOB3B;KRT9;PCP4;BOLA2;S100A6;ERF;SNRPG;S100A4;SNRPE;NUPR2;SNRPF;KPNB1;DGKI;ANKRD17;BEX4;URI1;BEX1;KLHL15;ARL3;HTRA2;MACROH2A1;FOXO1;PRDX5;NTHL1;SWI5;BAG1;NKX2-1;S100A13;APOE;ZBED6;CDK17;KLHDC2;CBX8;EGR1;SRPK3;HACE1;JUND;FUS;ZBTB16;PLK1;ANKRD23;CIDEA;FBXO32;FANCE;PARP14;LSM4;COQ7;FLI1;FOSL2;GADD45G;SETX;DRAP1;FOSL1;COPRS;SEM1;NFKBIA;FAM111A;LSM8;LSM7;CDAN1;RPS27;NR4A3;MAFF;RFXAP;PIN4;CALR;BRWD1;BRWD3;CDK16;COPS9;YWHAE;CDKN1A;RBM26;DDX3X;CCDC124;CBY1;BMI1;N4BP2L2;ZCWPW2;SNAPC5;RBM3;DBP;SNRNP70;H2BC21;MKKS;PTGIS;ANXA4;EN2;NME2;PAWR;IRAK3;EDF1;FOS;BAZ1B;DUSP9;DYNLL2;CBFA2T3;REXO5;PPM1B;NSMCE4A;RPL37A;PFDN2;SGK1;PTMA;CSTB;CEBPD;RNF6;PRICKLE4;NT5C;TFPT;CDC45;HIRIP3;PABPN1;MXI1;FLNA;MAPK1;FYN;VHL;HNRNPA1;MEF2D;SRSF10;POLR2J;POLR2K;POLR2L;TAF15;EYA1;IRX5;MGMT;TAF10;PTGES3;ATAD2;HUWE1;RPL23A;HNRNPAB;HYPK;PNRC1;FABP3;CCS;RSPH1;EIF3G;FOSB;INSM2;HSPA1B;HSPA1A,GO_Cellular_Component_2023
GO_Cellular_Component_2023,Intracellular Membrane-Bounded Organelle (GO:0043231),187/5175,0.9998878635888828,0.9998878635888828,0,0,0.7409258410661779,8.308942348300591e-05,RPL30;CMAS;ZFYVE9;TMEM91;NUDT3;TM7SF2;UXT;RPS15;SNRPD2;RPL36AL;RPS18;ZXDB;CREB3L1;SPATA24;CFL1;HABP4;DPF2;ARL6IP4;TEKT4;SNRPD3;KPNA3;GAMT;RPS9;IST1;NFKBIL1;CIRBP;MOB3B;KRT9;PCP4;SLC9A7;BOLA2;S100A6;ERF;SNRPG;S100A4;KDELR2;SNRPE;NUPR2;SNRPF;KPNB1;DGKI;ANKRD17;BEX4;URI1;BEX1;KLHL15;ARL3;MGST3;HTRA2;MACROH2A1;FOXO1;PRDX5;ADAP2;NTHL1;SWI5;BAG1;NKX2-1;S100A13;APOE;ZBED6;CDK17;KLHDC2;CBX8;EGR1;SRPK3;CPSF4;HACE1;SLC10A7;JUND;FUS;ZBTB16;PLK1;ANKRD23;CIDEA;GDF1;FBXO32;FANCE;PARP14;LSM4;COQ7;FLI1;FOSL2;GADD45G;SETX;DRAP1;FOSL1;COPRS;SEM1;NFKBIA;FAM111A;LSM8;LSM7;CDAN1;RPS27;NR4A3;SYNDIG1L;MAFF;RFXAP;PIN4;CALR;BRWD1;BRWD3;CDK16;COPS9;YWHAE;CDKN1A;RBM26;DDX3X;CCDC124;CBY1;BMI1;N4BP2L2;ZCWPW2;SNAPC5;RBM3;MAP1LC3A;DBP;SNRNP70;H2BC21;BDKRB2;SLC18A2;MKKS;PTGIS;ANXA4;EN2;NME2;PAWR;IRAK3;EDF1;FOS;BAZ1B;DUSP9;DYNLL2;CBFA2T3;REXO5;PPM1B;NSMCE4A;RPL37A;PFDN2;SGK1;PTMA;CSTB;CEBPD;RNF6;PRICKLE4;NT5C;GLRA1;TFPT;GLRA3;CDC45;HIRIP3;PABPN1;FAM241B;FAM241A;MXI1;FLNA;MAPK1;FYN;VHL;HNRNPA1;MEF2D;SRSF10;POLR2J;POLR2K;POLR2L;TAF15;EYA1;IRX5;MGMT;TAF10;PTGES3;ATAD2;HUWE1;RPL23A;HNRNPAB;HYPK;PNRC1;FMNL3;FABP3;CCS;RSPH1;EIF3G;FOSB;INSM2;LAMTOR4;HSPA1B;HSPA1A,GO_Cellular_Component_2023
KEGG_2021_Human,Ribosome,32/158,6.304592485629277e-13,1.670717008691758e-10,0,0,5.544924836064077,155.7698465376017,RPL30;RPL11;RPL36A;MRPL14;RPL8;RPS15;MRPL20;MRPL2;RPS19;RPL36AL;RPS18;RPL36;RPL35;RPLP2;RPL38;RPL37;RPS9;RPL41;RPL21;RPL23;MRPL27;MRPS21;RPL35A;RPL23A;MRPS18C;RPS28;RPS27;RPS29;RPL37A;FAU;RPS21;RPS23,KEGG_2021_Human
KEGG_2021_Human,Oxidative phosphorylation,28/133,6.552735451076452e-12,8.682374472676298e-10,0,0,5.801909125620466,149.405765616916,NDUFB9;NDUFA13;COX7B;NDUFB8;UQCRB;NDUFB6;NDUFA12;COX4I1;COX17;NDUFB3;NDUFB2;NDUFB1;UQCR11;UQCR10;COX6A1;COX5B;COX6A2;COX7A1;COX7C;COX8A;NDUFA8;NDUFA5;NDUFA3;NDUFA2;NDUFA1;UQCRQ;NDUFS6;NDUFS5,KEGG_2021_Human
KEGG_2021_Human,Non-alcoholic fatty liver disease,28/155,2.938183477852837e-10,2.5953954054366728e-08,0,0,4.791297994967124,105.15969301687208,NDUFB9;NDUFA13;COX7B;NDUFB8;UQCRB;NDUFB6;NDUFA12;COX4I1;NDUFB3;NDUFB2;NDUFB1;UQCR11;UQCR10;COX6A1;COX5B;COX6A2;COX7A1;COX7C;COX8A;NDUFA8;NDUFA5;NDUFA3;NDUFA2;NDUFA1;FOS;UQCRQ;NDUFS6;NDUFS5,KEGG_2021_Human
KEGG_2021_Human,Prion disease,38/273,6.233371930801939e-10,4.1296089041562854e-08,0,0,3.5345874115529696,74.91887973461564,C1QA;NDUFB9;COX7B;NDUFA13;NDUFB8;UQCRB;NDUFB6;NDUFA12;COX4I1;NDUFB3;NDUFB2;NDUFB1;UQCR11;CACNA1D;ITPR3;UQCR10;COX5B;COX6A1;COX7C;COX6A2;COX7A1;CREB3L1;MAPK1;FYN;COX8A;EGR1;NDUFA8;NDUFA5;NDUFA3;NDUFA2;NDUFA1;SEM1;UQCRQ;NDUFS6;NDUFS5;SLC25A4;HSPA1B;HSPA1A,KEGG_2021_Human
KEGG_2021_Human,Coronavirus disease,34/232,1.2806691075177394e-09,5.6562885582033496e-08,0,0,3.743513567042979,76.65174638923105,C1QA;RPL30;RPL11;RPL36A;RPL8;RPS15;RPS19;RPL36AL;RPS18;RPL36;RPL35;RPLP2;MAPK1;RPL38;RPL37;PLCG1;RPL41;RPS9;RPL21;RPL23;RPL35A;RPL23A;FOS;NFKBIA;RPS28;RPS27;RPS29;RPL37A;TLR7;FAU;RPS21;TLR4;TLR3;RPS23,KEGG_2021_Human
KEGG_2021_Human,Thermogenesis,34/232,1.2806691075177394e-09,5.6562885582033496e-08,0,0,3.743513567042979,76.65174638923105,NDUFB9;COX7B;NDUFA13;NDUFB8;UQCRB;NDUFB6;NDUFA12;COX4I1;COX17;NDUFB3;NDUFB2;NDUFB1;UQCR11;UQCR10;COX5B;COX6A1;COX7C;COX6A2;COX7A1;CREB3L1;COX14;HRAS;COX8A;NDUFA8;NDUFA5;NDUFA3;NDUFA2;NDUFA1;NDUFAF8;ADCY9;UQCRQ;NDUFS6;NDUFS5;NDUFAF2,KEGG_2021_Human
KEGG_2021_Human,Parkinson disease,34/249,8.176055821193876e-09,3.09522113230911e-07,0,0,3.4444140446876426,64.14207114491062,NDUFB9;COX7B;NDUFA13;NDUFB8;UQCRB;NDUFB6;NDUFA12;COX4I1;NDUFB3;NDUFB2;HTRA2;NDUFB1;UQCR11;ITPR3;UQCR10;COX5B;COX6A1;COX7C;COX6A2;COX7A1;PLCG1;DRD2;SLC18A2;COX8A;NDUFA8;NDUFA5;NDUFA3;NDUFA2;NDUFA1;SEM1;UQCRQ;NDUFS6;NDUFS5;SLC25A4,KEGG_2021_Human
KEGG_2021_Human,Diabetic cardiomyopathy,29/203,3.7218551144624566e-08,1.2328645066656888e-06,0,0,3.617163608562691,61.876859205648216,NDUFB9;COX7B;NDUFA13;NDUFB8;UQCRB;NDUFB6;NDUFA12;COX4I1;NDUFB3;SLC2A1;NDUFB2;NDUFB1;UQCR11;UQCR10;COX5B;COX6A1;COX7C;COX6A2;COX7A1;COX8A;NDUFA8;NDUFA5;NDUFA3;NDUFA2;NDUFA1;UQCRQ;NDUFS6;NDUFS5;SLC25A4,KEGG_2021_Human
KEGG_2021_Human,Retrograde endocannabinoid signaling,23/148,2.0314381763235065e-07,5.981456852508102e-06,0,0,3.9763280182232346,61.27263669861544,GABRB2;NDUFB9;NDUFA8;NDUFA13;NDUFB8;KCNJ6;NDUFB6;NDUFA5;NDUFA12;NDUFA3;NDUFB3;NDUFA2;NDUFB2;NDUFA1;NDUFB1;CACNA1D;ITPR3;PTGS2;GNG13;ADCY9;NDUFS6;NDUFS5;MAPK1,KEGG_2021_Human
KEGG_2021_Human,Huntington disease,33/306,3.373890486210373e-06,8.940809788457488e-05,0,0,2.6217400111409326,33.03246653817481,NDUFB9;COX7B;NDUFA13;NDUFB8;UQCRB;NDUFB6;NDUFA12;COX4I1;NDUFB3;NDUFB2;NDUFB1;UQCR11;UQCR10;COX5B;COX6A1;COX7C;COX6A2;COX7A1;CREB3L1;POLR2J;POLR2K;POLR2L;COX8A;NDUFA8;NDUFA5;NDUFA3;NDUFA2;NDUFA1;SEM1;UQCRQ;NDUFS6;NDUFS5;SLC25A4,KEGG_2021_Human
KEGG_2021_Human,Alzheimer disease,36/369,1.2039532004022474e-05,0.00029004327100599594,0,0,2.34538353382284,26.566898057477164,NDUFB9;COX7B;NDUFA13;NDUFB8;UQCRB;NDUFB6;NDUFA12;COX4I1;NDUFB3;NDUFB2;NDUFB1;UQCR11;CACNA1D;ITPR3;UQCR10;COX5B;PTGS2;COX6A1;COX7C;COX6A2;COX7A1;MAPK1;APOE;HRAS;COX8A;NDUFA8;NDUFA5;NDUFA3;NDUFA2;NDUFA1;WNT9A;SEM1;UQCRQ;NDUFS6;NDUFS5;SLC25A4,KEGG_2021_Human
KEGG_2021_Human,Cardiac muscle contraction,14/87,3.2354682786763905e-05,0.0007144992448743695,0,0,4.113666198205433,42.53017378518184,COX8A;COX7B;UQCRB;COX4I1;CACNA1D;UQCR11;UQCR10;COX6A1;COX5B;COX6A2;COX7C;COX7A1;SLC9A7;UQCRQ,KEGG_2021_Human
KEGG_2021_Human,Amyotrophic lateral sclerosis,34/364,5.065627387094367e-05,0.0010326086596769,0,0,2.230421865715984,22.05987029388415,NDUFB9;COX7B;NDUFA13;NDUFB8;UQCRB;NDUFB6;NDUFA12;COX4I1;NDUFB3;NDUFB2;NDUFB1;UQCR11;ITPR3;UQCR10;COX5B;COX6A1;COX7C;COX6A2;COX7A1;UBQLN1;HNRNPA1;COX8A;NDUFA8;NDUFA5;FUS;NDUFA3;NDUFA2;NDUFA1;SETX;SEM1;CCS;UQCRQ;NDUFS6;NDUFS5,KEGG_2021_Human
KEGG_2021_Human,Pathways of neurodegeneration,39/475,0.0002358261372690986,0.0044638518840222,0,0,1.936655207645969,16.175749421724106,NDUFB9;NDUFB8;COX7B;NDUFA13;UQCRB;NDUFB6;NDUFA12;COX4I1;NDUFB3;NDUFB2;NDUFB1;HTRA2;ITPR3;UQCR11;CACNA1D;UQCR10;PTGS2;COX5B;COX6A1;COX7C;COX6A2;COX7A1;MAPK1;PLCG1;HRAS;COX8A;NDUFA8;NDUFA5;FUS;NDUFA3;NDUFA2;NDUFA1;WNT9A;SEM1;CCS;UQCRQ;NDUFS6;NDUFS5;SLC25A4,KEGG_2021_Human
KEGG_2021_Human,Spliceosome,16/150,0.0012201047460208,0.0215551838463682,0,0,2.558731764904292,17.166067171155827,CCDC12;FUS;LSM4;LSM8;LSM7;SNRPD2;SNRNP70;SNRPG;SNRPE;SNRPD3;SNRPF;SRSF5;HNRNPA1;SRSF10;HSPA1B;HSPA1A,KEGG_2021_Human
KEGG_2021_Human,Estrogen signaling pathway,14/137,0.0035661647150775,0.0590646030934721,0,0,2.4350280932347093,13.724462569283864,KCNJ6;SHC3;ITPR3;FOS;OPRM1;KRT9;POMC;ADCY9;CREB3L1;MAPK1;HRAS;HSPA1B;FKBP5;HSPA1A,KEGG_2021_Human
KEGG_2021_Human,"Neomycin, kanamycin and gentamicin biosynthesis",2/5,0.01851124090199,0.2885575787663158,0,0,14.160919540229886,56.493248342538976,HKDC1;GCK,KEGG_2021_Human
KEGG_2021_Human,"Parathyroid hormone synthesis, secretion and action",10/106,0.0212316963240814,0.3125777514378653,0,0,2.221637673026562,8.558326173879705,EGR1;CDKN1A;ADCY9;JUND;CREB3L1;MAPK1;ITPR3;FOS;FGF23;MEF2D,KEGG_2021_Human
KEGG_2021_Human,Cholinergic synapse,10/113,0.0313809092767451,0.4376811030703924,0,0,2.069889836880128,7.165038664710513,KCNJ6;ADCY9;CREB3L1;MAPK1;CACNA1D;ITPR3;FYN;FOS;HRAS;GNG13,KEGG_2021_Human
KEGG_2021_Human,Osteoclast differentiation,10/127,0.0610105000580711,0.7408768577440744,0,0,1.8208677467936727,5.092437757016399,FOSL1;NFKBIA;CALCR;JUND;IL1R1;MAPK1;FOSB;FYN;FOS;FOSL2,KEGG_2021_Human
KEGG_2021_Human,Serotonergic synapse,9/113,0.0690049598532202,0.7408768577440744,0,0,1.8428229561917904,4.926928877319132,GABRB2;KCNJ6;MAPK1;CACNA1D;ITPR3;PTGS2;HRAS;SLC18A2;GNG13,KEGG_2021_Human
KEGG_2021_Human,Circadian entrainment,8/97,0.0711422463857777,0.7408768577440744,0,0,1.9135095688060697,5.057547267575944,GUCY1A2;KCNJ6;ADCY9;MAPK1;CACNA1D;ITPR3;FOS;GNG13,KEGG_2021_Human
KEGG_2021_Human,Vibrio cholerae infection,5/50,0.0734783562550462,0.7408768577440744,0,0,2.3628472222222223,6.168837384069529,ADCY9;SEC61G;KDELR2;SEC61B;PLCG1,KEGG_2021_Human
KEGG_2021_Human,cGMP-PKG signaling pathway,12/167,0.0750351063664606,0.7408768577440744,0,0,1.6497550709387132,4.2725343465429,NPPC;GUCY1A2;ADCY9;CREB3L1;PDE3A;BDKRB2;MAPK1;CACNA1D;ITPR3;ADRA2C;SLC25A4;MEF2D,KEGG_2021_Human
KEGG_2021_Human,Vascular smooth muscle contraction,10/133,0.0779180914108853,0.7408768577440744,0,0,1.7314974496546311,4.418949644441285,NPPC;GUCY1A2;PPP1R14A;MYL6;ADCY9;CALCRL;PLA2G3;MAPK1;CACNA1D;ITPR3,KEGG_2021_Human
KEGG_2021_Human,Alcoholism,13/186,0.0780644179620006,0.7408768577440744,0,0,1.601559652137687,4.084330932438551,SHC3;H2BC6;MACROH2A1;GNG13;H2AJ;CREB3L1;H2BC21;NPY;MAPK1;FOSB;DRD2;HRAS;SLC18A2,KEGG_2021_Human
KEGG_2021_Human,Thyroid cancer,4/37,0.0835768467040065,0.7408768577440744,0,0,2.5763994459646637,6.394594441811376,CDKN1A;MAPK1;HRAS;GADD45G,KEGG_2021_Human
KEGG_2021_Human,Oxytocin signaling pathway,11/154,0.088462835402522,0.7408768577440744,0,0,1.638375108038029,3.973342673045291,GUCY1A2;MYL6;CDKN1A;KCNJ6;ADCY9;MAPK1;CACNA1D;ITPR3;FOS;PTGS2;HRAS,KEGG_2021_Human
KEGG_2021_Human,"Growth hormone synthesis, secretion and action",9/119,0.0887466210202347,0.7408768577440744,0,0,1.7417549938850387,4.218478210798359,ADCY9;SHC3;CREB3L1;MAPK1;CACNA1D;ITPR3;PLCG1;FOS;HRAS,KEGG_2021_Human
KEGG_2021_Human,Neurotrophin signaling pathway,9/119,0.0887466210202347,0.7408768577440744,0,0,1.7417549938850387,4.218478210798359,RAP1B;NFKBIA;YWHAE;BEX3;SHC3;MAPK1;IRAK3;PLCG1;HRAS,KEGG_2021_Human
KEGG_2021_Human,Chagas disease,8/102,0.0892695566855308,0.7408768577440744,0,0,1.811250625431846,4.3761531447890265,NFKBIA;C1QA;GNA14;BDKRB2;MAPK1;CALR;FOS;TLR4,KEGG_2021_Human
KEGG_2021_Human,Renal cell carcinoma,6/69,0.0901468127234104,0.7408768577440744,0,0,2.025645118382549,4.874341621046605,RAP1B;CDKN1A;SLC2A1;MAPK1;VHL;HRAS,KEGG_2021_Human
KEGG_2021_Human,Central carbon metabolism in cancer,6/70,0.0950558987294284,0.7408768577440744,0,0,1.9938896648044693,4.692200913849018,HKDC1;IDH2;SLC2A1;MAPK1;HRAS;GCK,KEGG_2021_Human
KEGG_2021_Human,Prolactin signaling pathway,6/70,0.0950558987294284,0.7408768577440744,0,0,1.9938896648044693,4.692200913849018,SHC3;MAPK1;FOS;HRAS;GCK;SOCS5,KEGG_2021_Human
KEGG_2021_Human,Melanoma,6/72,0.1052930764158857,0.7828638246633304,0,0,1.9332656170645,4.3517956220409015,CDKN1A;MAPK1;HRAS;FGF23;FGF22;GADD45G,KEGG_2021_Human
KEGG_2021_Human,GABAergic synapse,7/89,0.1063513120297354,0.7828638246633304,0,0,1.815886397119005,4.069414854425564,GABRB2;KCNJ6;ADCY9;SLC12A5;CACNA1D;SLC38A2;GNG13,KEGG_2021_Human
KEGG_2021_Human,Morphine addiction,7/91,0.1159903358802639,0.806058605978852,0,0,1.7724645786726323,3.8183289874893087,GABRB2;KCNJ6;ADCY9;GRK2;PDE3A;OPRM1;GNG13,KEGG_2021_Human
KEGG_2021_Human,HIF-1 signaling pathway,8/109,0.1187180265716352,0.806058605978852,0,0,1.6850975131107735,3.590949746823395,CDKN1A;HKDC1;EIF4EBP1;SLC2A1;MAPK1;PLCG1;VHL;TLR4,KEGG_2021_Human
KEGG_2021_Human,Endometrial cancer,5/58,0.1194986250863483,0.806058605978852,0,0,2.00534871967655,4.260263916187763,CDKN1A;MAPK1;CTNNA3;HRAS;GADD45G,KEGG_2021_Human
KEGG_2021_Human,Glioma,6/75,0.1216692235439776,0.806058605978852,0,0,1.848919115861064,3.894654190359931,CDKN1A;SHC3;MAPK1;PLCG1;HRAS;GADD45G,KEGG_2021_Human
KEGG_2021_Human,Chronic myeloid leukemia,6/76,0.127391588547361,0.8179083435213131,0,0,1.8224102154828408,3.755057226656884,NFKBIA;CDKN1A;SHC3;MAPK1;HRAS;GADD45G,KEGG_2021_Human
KEGG_2021_Human,IL-17 signaling pathway,7/94,0.1312681545450892,0.8179083435213131,0,0,1.711075111213968,3.474360371480288,FOSL1;NFKBIA;JUND;MAPK1;FOSB;FOS;PTGS2,KEGG_2021_Human
KEGG_2021_Human,Long-term depression,5/60,0.1327172029110055,0.8179083435213131,0,0,1.932224025974026,3.902193484926575,GUCY1A2;PPP1R17;MAPK1;ITPR3;HRAS,KEGG_2021_Human
KEGG_2021_Human,Glutamatergic synapse,8/114,0.1425469964788366,0.8585216833384476,0,0,1.605189207462655,3.127042663681781,ADCY9;GRK2;MAPK1;CACNA1D;ITPR3;SLC38A2;GNG13;SHANK1,KEGG_2021_Human
KEGG_2021_Human,Type II diabetes mellitus,4/46,0.1518680803933048,0.874624979399271,0,0,2.023358284227849,3.813510417567191,HKDC1;MAPK1;CACNA1D;GCK,KEGG_2021_Human
KEGG_2021_Human,Choline metabolism in cancer,7/98,0.1531002837789869,0.874624979399271,0,0,1.6355188435725347,3.0693162648043755,CHKA;EIF4EBP1;MAPK1;PLCG1;FOS;HRAS;DGKI,KEGG_2021_Human
KEGG_2021_Human,GnRH secretion,5/64,0.1609854976953267,0.874624979399271,0,0,1.8008474576271187,3.28914162141767,KCNJ6;MAPK1;CACNA1D;ITPR3;HRAS,KEGG_2021_Human
KEGG_2021_Human,RNA polymerase,3/31,0.1620942476039472,0.874624979399271,0,0,2.275413617562838,4.140291052143741,POLR2J;POLR2K;POLR2L,KEGG_2021_Human
KEGG_2021_Human,Cellular senescence,10/156,0.1668246265071079,0.874624979399271,0,0,1.4569592423473705,2.6091403264001585,CDKN1A;RBL1;EIF4EBP1;MAPK1;CACNA1D;ITPR3;HRAS;SLC25A4;FOXO1;GADD45G,KEGG_2021_Human
KEGG_2021_Human,Cortisol synthesis and secretion,5/65,0.1684060921540384,0.874624979399271,0,0,1.7707403273809523,3.1543560941903444,POMC;ADCY9;CREB3L1;CACNA1D;ITPR3,KEGG_2021_Human
KEGG_2021_Human,Amino sugar and nucleotide sugar metabolism,4/48,0.1692721385572518,0.874624979399271,0,0,1.9311847572717136,3.43026223591792,CMAS;NAGK;HKDC1;GCK,KEGG_2021_Human
KEGG_2021_Human,MAPK signaling pathway,17/294,0.1761411955425587,0.874624979399271,0,0,1.3067203554568176,2.2690798569497663,JUND;IL1R1;CACNA1D;FOS;DUSP9;GADD45G;RAP1B;PPM1B;STMN1;FLNA;MAPK1;MAP3K6;HRAS;FGF23;HSPA1B;FGF22;HSPA1A,KEGG_2021_Human
KEGG_2021_Human,Longevity regulating pathway,7/102,0.1764893790456772,0.874624979399271,0,0,1.5663252089956434,2.716782585203906,ADCY9;CREB3L1;EIF4EBP1;HRAS;FOXO1;HSPA1B;HSPA1A,KEGG_2021_Human
KEGG_2021_Human,Cocaine addiction,4/49,0.1782254675002288,0.874624979399271,0,0,1.888170444692184,3.2565386285469624,CREB3L1;FOSB;DRD2;SLC18A2,KEGG_2021_Human
KEGG_2021_Human,ErbB signaling pathway,6/85,0.1843028581243183,0.8758731393558818,0,0,1.6140301251679514,2.72960724590135,CDKN1A;SHC3;EIF4EBP1;MAPK1;PLCG1;HRAS,KEGG_2021_Human
KEGG_2021_Human,Human T-cell leukemia virus 1 infection,13/219,0.1902091796506364,0.8758731393558818,0,0,1.342653940348115,2.2283099229506256,EGR1;CDKN1A;IL1R1;SLC2A1;FOS;FOSL1;NFKBIA;ADCY9;CREB3L1;MAPK1;CALR;HRAS;SLC25A4,KEGG_2021_Human
KEGG_2021_Human,Insulin secretion,6/86,0.191170259789771,0.8758731393558818,0,0,1.5937709497206705,2.637038807287255,ADCY9;CREB3L1;SLC2A1;CACNA1D;ITPR3;GCK,KEGG_2021_Human
KEGG_2021_Human,Chemical carcinogenesis,14/239,0.191771391562655,0.8758731393558818,0,0,1.323993486158086,2.1865107444555862,MGST3;PTGES3;CACNA1D;FOS;PTGS2;SULT1A1;ADCY9;CREB3L1;EIF4EBP1;MAPK1;HRAS;KPNA3;KPNB1;FGF22,KEGG_2021_Human
KEGG_2021_Human,Cell cycle,8/124,0.1965220042047825,0.8758731393558818,0,0,1.4660385372823106,2.385216659614924,YWHAE;ANAPC13;CDKN1A;DBF4;RBL1;CDC45;PLK1;GADD45G,KEGG_2021_Human
KEGG_2021_Human,Amphetamine addiction,5/69,0.1993466998421341,0.8758731393558818,0,0,1.6597202845982142,2.67664710164825,CREB3L1;FOSB;CACNA1D;FOS;SLC18A2,KEGG_2021_Human
KEGG_2021_Human,Gap junction,6/88,0.2051900435488925,0.8758731393558818,0,0,1.5547349775173729,2.4624183116256466,GUCY1A2;ADCY9;MAPK1;ITPR3;DRD2;HRAS,KEGG_2021_Human
KEGG_2021_Human,D-Glutamine and D-glutamate metabolism,1/5,0.2058671829946707,0.8758731393558818,0,0,5.304166666666666,8.383363039546449,GLUD1,KEGG_2021_Human
KEGG_2021_Human,PD-L1 expression and PD-1 checkpoint pathway in cancer,6/89,0.2123350126979331,0.8758731393558818,0,0,1.5359224607928923,2.380050090649195,NFKBIA;MAPK1;FOS;PLCG1;HRAS;TLR4,KEGG_2021_Human
KEGG_2021_Human,Breast cancer,9/147,0.2185776018109139,0.8758731393558818,0,0,1.3863082472216806,2.1080399653653625,CDKN1A;SHC3;MAPK1;FOS;WNT9A;FGF23;HRAS;FGF22;GADD45G,KEGG_2021_Human
KEGG_2021_Human,Mucin type O-glycan biosynthesis,3/36,0.2198413328046475,0.8758731393558818,0,0,1.930147803199028,2.923882869752912,GALNT15;C1GALT1;ST3GAL1,KEGG_2021_Human
KEGG_2021_Human,Non-small cell lung cancer,5/72,0.2237191557250574,0.8758731393558818,0,0,1.5851545842217485,2.37355306461278,CDKN1A;MAPK1;PLCG1;HRAS;GADD45G,KEGG_2021_Human
KEGG_2021_Human,Purine metabolism,8/129,0.2262500396690933,0.8758731393558818,0,0,1.4050882437322425,2.0881220423939757,NT5C;GUCY1A2;ADCY9;PDE3A;NME2;NME3;XDH;ADA,KEGG_2021_Human
KEGG_2021_Human,Relaxin signaling pathway,8/129,0.2262500396690933,0.8758731393558818,0,0,1.4050882437322425,2.0881220423939757,NFKBIA;ADCY9;SHC3;CREB3L1;MAPK1;FOS;HRAS;GNG13,KEGG_2021_Human
KEGG_2021_Human,Gastric cancer,9/149,0.2298833376603757,0.8758731393558818,0,0,1.3663597053171044,2.008799256493508,CDKN1A;SHC3;MAPK1;CTNNA3;WNT9A;FGF23;HRAS;FGF22;GADD45G,KEGG_2021_Human
KEGG_2021_Human,FoxO signaling pathway,8/131,0.2385750470341381,0.8758731393558818,0,0,1.3820956126694526,1.9806416331240213,CDKN1A;PLK1;MAPK1;FBXO32;SGK1;HRAS;FOXO1;GADD45G,KEGG_2021_Human
KEGG_2021_Human,Caffeine metabolism,1/6,0.2416517634220459,0.8758731393558818,0,0,4.243111111111111,6.026310732321328,XDH,KEGG_2021_Human
KEGG_2021_Human,GnRH signaling pathway,6/93,0.2417264033333924,0.8758731393558818,0,0,1.464997110383356,2.0802208260936124,EGR1;ADCY9;MAPK1;CACNA1D;ITPR3;HRAS,KEGG_2021_Human
KEGG_2021_Human,Dopaminergic synapse,8/132,0.2448219488779552,0.8758731393558818,0,0,1.3708774338041396,1.929131724492959,KCNJ6;CREB3L1;CACNA1D;ITPR3;FOS;DRD2;SLC18A2;GNG13,KEGG_2021_Human
KEGG_2021_Human,Legionellosis,4/57,0.254644759790511,0.8758731393558818,0,0,1.6024904818998338,2.192023981153885,NFKBIA;TLR4;HSPA1B;HSPA1A,KEGG_2021_Human
KEGG_2021_Human,Pertussis,5/76,0.2574801698001229,0.8758731393558818,0,0,1.4955357142857142,2.0291616595095374,C1QA;CFL1;MAPK1;FOS;TLR4,KEGG_2021_Human
KEGG_2021_Human,mTOR signaling pathway,9/154,0.2590370343632822,0.8758731393558818,0,0,1.3188959331993195,1.7815438377125508,DDIT4;EIF4EBP1;MAPK1;LAMTOR2;WNT9A;SGK1;LAMTOR4;HRAS;FNIP2,KEGG_2021_Human
KEGG_2021_Human,Cushing syndrome,9/155,0.2650062040712742,0.8758731393558818,0,0,1.3097932919712514,1.7394081659169152,RAP1B;POMC;CDKN1A;ADCY9;CREB3L1;MAPK1;CACNA1D;ITPR3;WNT9A,KEGG_2021_Human
KEGG_2021_Human,Leishmaniasis,5/77,0.2661078353682305,0.8758731393558818,0,0,1.4746868799603174,1.9522696178299896,NFKBIA;MAPK1;FOS;PTGS2;TLR4,KEGG_2021_Human
KEGG_2021_Human,Prostate cancer,6/97,0.2722282559676949,0.8758731393558818,0,0,1.4003069556142185,1.821959527910516,NFKBIA;CDKN1A;CREB3L1;MAPK1;HRAS;FOXO1,KEGG_2021_Human
KEGG_2021_Human,VEGF signaling pathway,4/59,0.2747376016776647,0.8758731393558818,0,0,1.544055944055944,1.9948258028722168,MAPK1;PLCG1;PTGS2;HRAS,KEGG_2021_Human
KEGG_2021_Human,Insulin signaling pathway,8/137,0.2768113765222258,0.8758731393558818,0,0,1.3173954182834622,1.6920876476994802,SHC3;PRKAR2B;HKDC1;EIF4EBP1;MAPK1;HRAS;FOXO1;GCK,KEGG_2021_Human
KEGG_2021_Human,Hepatitis C,9/157,0.2770685537852295,0.8758731393558818,0,0,1.2919570355108472,1.6582143448324622,NFKBIA;YWHAE;CLDN22;CDKN1A;RSAD2;MAPK1;IFIT1;HRAS;TLR3,KEGG_2021_Human
KEGG_2021_Human,Protein export,2/23,0.2777815465957159,0.8758731393558818,0,0,2.0210816250860746,2.588844436680987,SEC61G;SEC61B,KEGG_2021_Human
KEGG_2021_Human,Inflammatory mediator regulation of TRP channels,6/98,0.2799974710714812,0.8758731393558818,0,0,1.3850133592421667,1.7630869761990131,ASIC4;ADCY9;IL1R1;BDKRB2;ITPR3;PLCG1,KEGG_2021_Human
KEGG_2021_Human,Bladder cancer,3/41,0.2809404409254715,0.8758731393558818,0,0,1.6757414136677995,2.1275423898679477,CDKN1A;MAPK1;HRAS,KEGG_2021_Human
KEGG_2021_Human,Arachidonic acid metabolism,4/61,0.2950797809181348,0.900636072283223,0,0,1.4897220755344325,1.8182199685140936,PTGIS;PTGES3;PLA2G3;PTGS2,KEGG_2021_Human
KEGG_2021_Human,AGE-RAGE signaling pathway in diabetic complications,6/100,0.295680521843926,0.900636072283223,0,0,1.3554023535005348,1.6515248662105029,EGR1;MAPK1;PLCG1;HRAS;F3;FOXO1,KEGG_2021_Human
KEGG_2021_Human,Melanogenesis,6/101,0.3035864252968783,0.9135930236323946,0,0,1.3410643928256396,1.5986680397969937,POMC;ADCY9;CREB3L1;MAPK1;WNT9A;HRAS,KEGG_2021_Human
KEGG_2021_Human,Hepatitis B,9/162,0.3078616061003503,0.9135930236323946,0,0,1.2494064890530203,1.4719319416173091,NFKBIA;CDKN1A;DDX3X;CREB3L1;MAPK1;FOS;HRAS;TLR4;TLR3,KEGG_2021_Human
KEGG_2021_Human,Human cytomegalovirus infection,12/225,0.3158727829932177,0.9135930236323946,0,0,1.1968503937007875,1.3792692224542489,NFKBIA;CDKN1A;ADCY9;IL1R1;CREB3L1;EIF4EBP1;MAPK1;ITPR3;CALR;PTGS2;HRAS;GNG13,KEGG_2021_Human
KEGG_2021_Human,Vasopressin-regulated water reabsorption,3/44,0.3183249560192683,0.9135930236323946,0,0,1.5528817426258894,1.777556623191978,ADCY9;CREB3L1;DYNLL2,KEGG_2021_Human
KEGG_2021_Human,Platelet activation,7/124,0.3257681887907852,0.9135930236323946,0,0,1.2703302166389414,1.4247632802279957,RAP1B;P2RY12;GUCY1A2;ADCY9;MAPK1;ITPR3;FYN,KEGG_2021_Human
KEGG_2021_Human,NF-kappa B signaling pathway,6/104,0.3275144801701037,0.9135930236323946,0,0,1.2998061794550222,1.450873566859475,NFKBIA;IL1R1;PLCG1;PTGS2;TLR4;GADD45G,KEGG_2021_Human
KEGG_2021_Human,T cell receptor signaling pathway,6/104,0.3275144801701037,0.9135930236323946,0,0,1.2998061794550222,1.450873566859475,NFKBIA;MAPK1;FYN;PLCG1;FOS;HRAS,KEGG_2021_Human
KEGG_2021_Human,Toll-like receptor signaling pathway,6/104,0.3275144801701037,0.9135930236323946,0,0,1.2998061794550222,1.450873566859475,NFKBIA;MAPK1;TLR7;FOS;TLR4;TLR3,KEGG_2021_Human
KEGG_2021_Human,Colorectal cancer,5/86,0.3459399405687489,0.9549383776116503,0,0,1.3102127425044092,1.390777856585779,CDKN1A;MAPK1;FOS;HRAS;GADD45G,KEGG_2021_Human
KEGG_2021_Human,Acute myeloid leukemia,4/67,0.3569241358208593,0.9621560381629778,0,0,1.3474190865495212,1.3881542933700852,ZBTB16;EIF4EBP1;MAPK1;HRAS,KEGG_2021_Human
KEGG_2021_Human,Long-term potentiation,4/67,0.3569241358208593,0.9621560381629778,0,0,1.3474190865495212,1.3881542933700852,RAP1B;MAPK1;ITPR3;HRAS,KEGG_2021_Human
KEGG_2021_Human,Transcriptional misregulation in cancer,10/192,0.3651803457185148,0.9621560381629778,0,0,1.1665494998828332,1.1751399115672094,CDKN1A;NR4A3;TAF15;EYA1;FUS;ZBTB16;BMI1;FOXO1;FLI1;GADD45G,KEGG_2021_Human
KEGG_2021_Human,Fc epsilon RI signaling pathway,4/68,0.3672672880846759,0.9621560381629778,0,0,1.3262959866220736,1.3285047874981908,MAPK1;FYN;PLCG1;HRAS,KEGG_2021_Human
KEGG_2021_Human,Kaposi sarcoma-associated herpesvirus infection,10/193,0.3712430357546618,0.9621560381629778,0,0,1.1601135827001037,1.1495546325332575,NFKBIA;CDKN1A;MAPK1;ITPR3;PLCG1;FOS;PTGS2;HRAS;TLR3;GNG13,KEGG_2021_Human
KEGG_2021_Human,Influenza A,9/172,0.3713825640714165,0.9621560381629778,0,0,1.172136785055985,1.161027949705482,NFKBIA;CPSF4;RSAD2;PABPN1;MAPK1;TLR7;SLC25A4;TLR4;TLR3,KEGG_2021_Human
KEGG_2021_Human,Adipocytokine signaling pathway,4/69,0.3776008602601875,0.9621560381629778,0,0,1.305822828230855,1.271763791127182,NFKBIA;POMC;NPY;SLC2A1,KEGG_2021_Human
KEGG_2021_Human,Renin secretion,4/69,0.3776008602601875,0.9621560381629778,0,0,1.305822828230855,1.271763791127182,GUCY1A2;PDE3A;CACNA1D;ITPR3,KEGG_2021_Human
KEGG_2021_Human,cAMP signaling pathway,11/216,0.3822960140746054,0.9637734222657668,0,0,1.1391285283639354,1.0953405012139106,RAP1B;NFKBIA;POMC;ADCY9;CREB3L1;NPY;PDE3A;MAPK1;CACNA1D;FOS;DRD2,KEGG_2021_Human
KEGG_2021_Human,Toxoplasmosis,6/112,0.3921944418543538,0.9637734222657668,0,0,1.201201644355434,1.1243217805964596,NFKBIA;LAMB3;MAPK1;TLR4;HSPA1B;HSPA1A,KEGG_2021_Human
KEGG_2021_Human,Cholesterol metabolism,3/50,0.392924799739007,0.9637734222657668,0,0,1.3542150405155664,1.2650224222758757,VAPA;ANGPTL4;APOE,KEGG_2021_Human
KEGG_2021_Human,Ubiquinone and other terpenoid-quinone biosynthesis,1/11,0.3978135039141263,0.9637734222657668,0,0,2.121,1.9550783412591732,COQ7,KEGG_2021_Human
KEGG_2021_Human,Small cell lung cancer,5/92,0.4000568922612617,0.9637734222657668,0,0,1.2194683908045978,1.1172141508555022,NFKBIA;CDKN1A;LAMB3;PTGS2;GADD45G,KEGG_2021_Human
KEGG_2021_Human,Th1 and Th2 cell differentiation,5/92,0.4000568922612617,0.9637734222657668,0,0,1.2194683908045978,1.1172141508555022,NFKBIA;MAPK1;FOS;PLCG1;IL12RB2,KEGG_2021_Human
KEGG_2021_Human,Galactose metabolism,2/31,0.4102155332572325,0.9793433902087084,0,0,1.4629281577231406,1.3035751481652975,HKDC1;GCK,KEGG_2021_Human
KEGG_2021_Human,TGF-beta signaling pathway,5/94,0.4180302010774062,0.98908931504922,0,0,1.1919392054574638,1.0396112793446188,RBL1;ACVR1C;ZFYVE9;MAPK1;INHBA,KEGG_2021_Human
KEGG_2021_Human,Apelin signaling pathway,7/137,0.4219620230607985,0.9895569567355008,0,0,1.1425141972121835,0.9858069062129818,EGR1;ADCY9;MAPK1;ITPR3;HRAS;MEF2D;GNG13,KEGG_2021_Human
KEGG_2021_Human,PPAR signaling pathway,4/74,0.4288911899666851,0.9918681393498272,0,0,1.2122312470138557,1.0262168213725922,FABP3;PLIN4;DBI;ANGPTL4,KEGG_2021_Human
KEGG_2021_Human,Viral carcinogenesis,10/203,0.4321974355520813,0.9918681393498272,0,0,1.0994225501997523,0.9222756383296632,NFKBIA;YWHAE;CDKN1A;DDX3X;RBL1;H2BC6;CREB3L1;H2BC21;MAPK1;HRAS,KEGG_2021_Human
KEGG_2021_Human,Regulation of lipolysis in adipocytes,3/55,0.4534512158392694,0.9918681393498272,0,0,1.2236808291930787,0.9677695056012214,ADCY9;NPY;PTGS2,KEGG_2021_Human
KEGG_2021_Human,Aldosterone synthesis and secretion,5/98,0.4536679935028304,0.9918681393498272,0,0,1.1404329877112136,0.9013864189536858,POMC;ADCY9;CREB3L1;CACNA1D;ITPR3,KEGG_2021_Human
KEGG_2021_Human,Apoptosis,7/142,0.458854733289161,0.9918681393498272,0,0,1.0999088574032645,0.8568527625927228,NFKBIA;HTRA2;MAPK1;ITPR3;FOS;HRAS;GADD45G,KEGG_2021_Human
KEGG_2021_Human,Pyrimidine metabolism,3/56,0.4652665160863192,0.9918681393498272,0,0,1.200529478505694,0.918578989422616,NT5C;NME2;NME3,KEGG_2021_Human
KEGG_2021_Human,Signaling pathways regulating pluripotency of stem cells,7/143,0.4661788292845781,0.9918681393498272,0,0,1.091763718910383,0.8332187469773132,ACVR1C;MAPK1;INHBA;WNT9A;BMI1;HRAS;DUSP9,KEGG_2021_Human
KEGG_2021_Human,Antigen processing and presentation,4/78,0.4691088992848938,0.9918681393498272,0,0,1.1464641899424508,0.8677820677182758,RFXAP;CALR;HSPA1B;HSPA1A,KEGG_2021_Human
KEGG_2021_Human,Nicotinate and nicotinamide metabolism,2/35,0.4720091818702366,0.9918681393498272,0,0,1.2853338726531165,0.9649731971832576,NT5C;NADK2,KEGG_2021_Human
KEGG_2021_Human,Glutathione metabolism,3/57,0.4769677197395832,0.9918681393498272,0,0,1.1782355852511754,0.8722554197415636,MGST3;ODC1;IDH2,KEGG_2021_Human
KEGG_2021_Human,RNA degradation,4/79,0.4790054822294601,0.9918681393498272,0,0,1.1311185432924564,0.8325521534489567,LSM8;LSM7;PAN3;LSM4,KEGG_2021_Human
KEGG_2021_Human,Neutrophil extracellular trap formation,9/189,0.480816929219175,0.9918681393498272,0,0,1.0604820627802691,0.7765578064887296,H2AJ;H2BC6;H2BC21;MAPK1;TLR7;PLCG1;MACROH2A1;SLC25A4;TLR4,KEGG_2021_Human
KEGG_2021_Human,Human immunodeficiency virus 1 infection,10/212,0.4867404528337032,0.9918681393498272,0,0,1.0499383271660498,0.7559810555440802,NFKBIA;CFL1;MAPK1;ITPR3;PLCG1;CALR;FOS;HRAS;TLR4;GNG13,KEGG_2021_Human
KEGG_2021_Human,Starch and sucrose metabolism,2/36,0.4868425779853735,0.9918681393498272,0,0,1.2474645030425964,0.8979429834422732,HKDC1;GCK,KEGG_2021_Human
KEGG_2021_Human,Hepatocellular carcinoma,8/168,0.4875915952782398,0.9918681393498272,0,0,1.060414333706607,0.7616713519701093,CDKN1A;SHC3;MGST3;MAPK1;PLCG1;WNT9A;HRAS;GADD45G,KEGG_2021_Human
KEGG_2021_Human,B cell receptor signaling pathway,4/81,0.4985766742105815,0.9918681393498272,0,0,1.101623014666493,0.7667272954986014,NFKBIA;MAPK1;FOS;HRAS,KEGG_2021_Human
KEGG_2021_Human,Chemokine signaling pathway,9/192,0.4998101898118395,0.9918681393498272,0,0,1.0429317062412704,0.7233011649928285,RAP1B;NFKBIA;ADCY9;SHC3;GRK2;MAPK1;PLCG1;HRAS;GNG13,KEGG_2021_Human
KEGG_2021_Human,"Alanine, aspartate and glutamate metabolism",2/37,0.5014127369874103,0.9918681393498272,0,0,1.2117590974098205,0.8365084359223295,GLUD1;ASPA,KEGG_2021_Human
KEGG_2021_Human,Aldosterone-regulated sodium reabsorption,2/37,0.5014127369874103,0.9918681393498272,0,0,1.2117590974098205,0.8365084359223295,MAPK1;SGK1,KEGG_2021_Human
KEGG_2021_Human,Phospholipase D signaling pathway,7/148,0.5024056845494114,0.9918681393498272,0,0,1.0527710346359496,0.7246721509054668,ADCY9;SHC3;MAPK1;FYN;PLCG1;HRAS;DGKI,KEGG_2021_Human
KEGG_2021_Human,C-type lectin receptor signaling pathway,5/104,0.5058945467900491,0.9918681393498272,0,0,1.0709776334776335,0.7297931154390104,NFKBIA;MAPK1;ITPR3;PTGS2;HRAS,KEGG_2021_Human
KEGG_2021_Human,Primary immunodeficiency,2/38,0.515713253675113,0.9918681393498272,0,0,1.17803732542331,0.7801014742208203,RFXAP;ADA,KEGG_2021_Human
KEGG_2021_Human,Calcium signaling pathway,11/240,0.520333158414428,0.9918681393498272,0,0,1.0184485550267406,0.6653381657130331,GNA14;ADCY9;CYSLTR2;BDKRB2;CACNA1D;ITPR3;PLCG1;CASQ1;FGF23;SLC25A4;FGF22,KEGG_2021_Human
KEGG_2021_Human,Oocyte meiosis,6/129,0.5270953801500993,0.9918681393498272,0,0,1.0342553481400736,0.6623099858970863,YWHAE;ANAPC13;ADCY9;PLK1;MAPK1;ITPR3,KEGG_2021_Human
KEGG_2021_Human,Glucagon signaling pathway,5/107,0.5312594675026063,0.9918681393498272,0,0,1.039314163165266,0.6573711321824935,CREB3L1;SLC2A1;ITPR3;FOXO1;GCK,KEGG_2021_Human
KEGG_2021_Human,Th17 cell differentiation,5/107,0.5312594675026063,0.9918681393498272,0,0,1.039314163165266,0.6573711321824935,NFKBIA;IL1R1;MAPK1;PLCG1;FOS,KEGG_2021_Human
KEGG_2021_Human,Complement and coagulation cascades,4/85,0.5367187068011391,0.9918681393498272,0,0,1.0470016653591532,0.6515293953232574,C1QA;F12;BDKRB2;F3,KEGG_2021_Human
KEGG_2021_Human,Drug metabolism,5/108,0.5395844135021158,0.9918681393498272,0,0,1.0291695561719834,0.6349523742217515,MGST3;NME2;NME3;FMO2;XDH,KEGG_2021_Human
KEGG_2021_Human,Nitrogen metabolism,1/17,0.54340406883758,0.9918681393498272,0,0,1.325208333333333,0.8082473378553748,GLUD1,KEGG_2021_Human
KEGG_2021_Human,Basal cell carcinoma,3/63,0.5444506799093705,0.9918681393498272,0,0,1.0600779510022271,0.6445039870420364,CDKN1A;WNT9A;GADD45G,KEGG_2021_Human
KEGG_2021_Human,Cytosolic DNA-sensing pathway,3/63,0.5444506799093705,0.9918681393498272,0,0,1.0600779510022271,0.6445039870420364,NFKBIA;POLR2K;POLR2L,KEGG_2021_Human
KEGG_2021_Human,Focal adhesion,9/201,0.5554544641416909,0.9918681393498272,0,0,0.9935713284753364,0.5841887887126668,RAP1B;SHC3;LAMB3;TNC;FLNA;ITGB8;MAPK1;FYN;HRAS,KEGG_2021_Human
KEGG_2021_Human,ECM-receptor interaction,4/88,0.5643408537939372,0.9918681393498272,0,0,1.0094494877103573,0.5775028815733383,LAMB3;TNC;ITGB8;DMP1,KEGG_2021_Human
KEGG_2021_Human,Systemic lupus erythematosus,6/135,0.5718875704821889,0.9918681393498272,0,0,0.9858386384305574,0.5508993110341318,C1QA;H2AJ;H2BC6;H2BC21;SNRPD3;MACROH2A1,KEGG_2021_Human
KEGG_2021_Human,TNF signaling pathway,5/112,0.5721693490573256,0.9918681393498272,0,0,0.990487316421896,0.5530091426035902,NFKBIA;CREB3L1;MAPK1;FOS;PTGS2,KEGG_2021_Human
KEGG_2021_Human,Axon guidance,8/182,0.5789682004461817,0.9918681393498272,0,0,0.9743728359784274,0.5325022813336324,EPHA6;SEMA6A;CFL1;MAPK1;FYN;PLCG1;SRGAP1;HRAS,KEGG_2021_Human
KEGG_2021_Human,Leukocyte transendothelial migration,5/114,0.5880032631964843,0.9918681393498272,0,0,0.9722108453473132,0.5162661072473488,RAP1B;CLDN22;CTNNA3;PLCG1;F11R,KEGG_2021_Human
KEGG_2021_Human,Mitophagy,3/68,0.5966313041622122,0.9918681393498272,0,0,0.9782765119068014,0.5052367129335862,FIS1;TOMM7;HRAS,KEGG_2021_Human
KEGG_2021_Human,Measles,6/139,0.6005544467611317,0.9918681393498272,0,0,0.9559877346998782,0.4874600316359839,NFKBIA;TLR7;FOS;TLR4;HSPA1B;HSPA1A,KEGG_2021_Human
KEGG_2021_Human,Ras signaling pathway,10/232,0.6021249931720514,0.9918681393498272,0,0,0.9543381765603988,0.4841264286679558,BRAP;RAP1B;SHC3;PLA2G3;MAPK1;PLCG1;HRAS;FGF23;FGF22;GNG13,KEGG_2021_Human
KEGG_2021_Human,Steroid biosynthesis,1/20,0.6024253007889407,0.9918681393498272,0,0,1.1157894736842104,0.5654727364216774,TM7SF2,KEGG_2021_Human
KEGG_2021_Human,Basal transcription factors,2/45,0.6079411143338995,0.9918681393498272,0,0,0.9859016478257496,0.4906608239471267,TAF15;TAF10,KEGG_2021_Human
KEGG_2021_Human,Epithelial cell signaling in Helicobacter pylori infection,3/70,0.6163783813002158,0.9918681393498272,0,0,0.9489745038726192,0.4592033045572188,NFKBIA;PLCG1;F11R,KEGG_2021_Human
KEGG_2021_Human,Adherens junction,3/71,0.6260033687525448,0.9918681393498272,0,0,0.9349698676798114,0.4379394433154939,MAPK1;CTNNA3;FYN,KEGG_2021_Human
KEGG_2021_Human,Sphingolipid signaling pathway,5/119,0.6261375032616807,0.9918681393498272,0,0,0.9293252662907268,0.4350964083642544,BDKRB2;MAPK1;FYN;HRAS;SGPP1,KEGG_2021_Human
KEGG_2021_Human,Carbohydrate digestion and absorption,2/47,0.6317125263405784,0.9918681393498272,0,0,0.9419849215177356,0.4326733164421292,HKDC1;CACNA1D,KEGG_2021_Human
KEGG_2021_Human,Other types of O-glycan biosynthesis,2/47,0.6317125263405784,0.9918681393498272,0,0,0.9419849215177356,0.4326733164421292,GALNT15;C1GALT1,KEGG_2021_Human
KEGG_2021_Human,PI3K-Akt signaling pathway,15/354,0.6334391926984795,0.9918681393498272,0,0,0.9368944645318524,0.4277778335075335,YWHAE;CDKN1A;LAMB3;TNC;GNG13;CREB3L1;DDIT4;EIF4EBP1;ITGB8;MAPK1;SGK1;HRAS;TLR4;FGF23;FGF22,KEGG_2021_Human
KEGG_2021_Human,Lipid and atherosclerosis,9/215,0.6364466386472121,0.9918681393498272,0,0,0.9253613566110844,0.4181288782651622,RAP1B;NFKBIA;MAPK1;PLCG1;FOS;HRAS;TLR4;HSPA1B;HSPA1A,KEGG_2021_Human
KEGG_2021_Human,Arginine biosynthesis,1/22,0.6374748891236101,0.9918681393498272,0,0,1.009417989417989,0.4544807515859362,GLUD1,KEGG_2021_Human
KEGG_2021_Human,Histidine metabolism,1/22,0.6374748891236101,0.9918681393498272,0,0,1.009417989417989,0.4544807515859362,ASPA,KEGG_2021_Human
KEGG_2021_Human,Thyroid hormone signaling pathway,5/121,0.6407816404549438,0.9918681393498272,0,0,0.913206203817734,0.4064375205210423,SLC2A1;MAPK1;PLCG1;HRAS;FOXO1,KEGG_2021_Human
KEGG_2021_Human,Proximal tubule bicarbonate reclamation,1/23,0.6538245717686761,0.9918681393498272,0,0,0.9634848484848484,0.4094003228816074,GLUD1,KEGG_2021_Human
KEGG_2021_Human,Renin-angiotensin system,1/23,0.6538245717686761,0.9918681393498272,0,0,0.9634848484848484,0.4094003228816074,LNPEP,KEGG_2021_Human
KEGG_2021_Human,Protein processing in endoplasmic reticulum,7/171,0.6552026033349869,0.9918681393498272,0,0,0.9040282097451848,0.3822328662730559,SEC61G;BAG1;UBQLN1;CALR;SEC61B;HSPA1B;HSPA1A,KEGG_2021_Human
KEGG_2021_Human,Thyroid hormone synthesis,3/75,0.6628231453669045,0.9918681393498272,0,0,0.8828414996288048,0.3630659830422563,ADCY9;CREB3L1;ITPR3,KEGG_2021_Human
KEGG_2021_Human,Progesterone-mediated oocyte maturation,4/100,0.6650222476887218,0.9918681393498272,0,0,0.8827108881456708,0.3600884752384778,ANAPC13;ADCY9;PLK1;MAPK1,KEGG_2021_Human
KEGG_2021_Human,Arginine and proline metabolism,2/50,0.6652356362592108,0.9918681393498272,0,0,0.8829718205413423,0.3599116410902729,GAMT;ODC1,KEGG_2021_Human
KEGG_2021_Human,Pathogenic Escherichia coli infection,8/197,0.6675678033220799,0.9918681393498272,0,0,0.8963306611682872,0.3622200519186196,CLDN22;NFKBIA;MYO1E;IL1R1;MAPK1;FYN;FOS;TLR4,KEGG_2021_Human
KEGG_2021_Human,Vitamin digestion and absorption,1/24,0.6694376706983981,0.9918681393498272,0,0,0.9215458937198068,0.3698322329165462,SLC19A3,KEGG_2021_Human
KEGG_2021_Human,Pancreatic cancer,3/76,0.67160560531707,0.9918681393498272,0,0,0.8707020166580224,0.3466125482165896,CDKN1A;MAPK1;GADD45G,KEGG_2021_Human
KEGG_2021_Human,Ovarian steroidogenesis,2/51,0.6758494952120372,0.9918681393498272,0,0,0.8649065855485687,0.3388573124048285,ADCY9;PTGS2,KEGG_2021_Human
KEGG_2021_Human,Amoebiasis,4/102,0.6801606746276703,0.9918681393498272,0,0,0.8646053739221441,0.3332415832292118,GNA14;LAMB3;IL1R1;TLR4,KEGG_2021_Human
KEGG_2021_Human,Pancreatic secretion,4/102,0.6801606746276703,0.9918681393498272,0,0,0.8646053739221441,0.3332415832292118,RAP1B;ADCY9;PLA2G3;ITPR3,KEGG_2021_Human
KEGG_2021_Human,Arrhythmogenic right ventricular cardiomyopathy,3/77,0.6802188937386967,0.9918681393498272,0,0,0.8588906278215855,0.330965455672752,ITGB8;CACNA1D;CTNNA3,KEGG_2021_Human
KEGG_2021_Human,alpha-Linolenic acid metabolism,1/25,0.6843473350162578,0.9918681393498272,0,0,0.8831018518518519,0.3349514280819962,PLA2G3,KEGG_2021_Human
KEGG_2021_Human,Pathways in cancer,22/531,0.6881616198926923,0.9918681393498272,0,0,0.9141035870821236,0.3416293559469547,CDKN1A;LAMB3;ZBTB16;MGST3;SLC2A1;FOS;WNT9A;PTGS2;FOXO1;GADD45G;GNG13;NFKBIA;ADCY9;BDKRB2;MAPK1;CTNNA3;PLCG1;VHL;HRAS;FGF23;FGF22;IL12RB2,KEGG_2021_Human
KEGG_2021_Human,Endocrine and other factor-regulated calcium reabsorption,2/53,0.6962536675085664,0.9918681393498272,0,0,0.8309014373268774,0.3008205702671019,ADCY9;BDKRB2,KEGG_2021_Human
KEGG_2021_Human,Glycosaminoglycan biosynthesis,2/53,0.6962536675085664,0.9918681393498272,0,0,0.8309014373268774,0.3008205702671019,ST3GAL1;HS3ST2,KEGG_2021_Human
KEGG_2021_Human,Folate biosynthesis,1/26,0.6985852238557548,0.9918681393498272,0,0,0.8477333333333333,0.3040803342038978,PCBD2,KEGG_2021_Human
KEGG_2021_Human,Maturity onset diabetes of the young,1/26,0.6985852238557548,0.9918681393498272,0,0,0.8477333333333333,0.3040803342038978,GCK,KEGG_2021_Human
KEGG_2021_Human,Natural killer cell mediated cytotoxicity,5/131,0.7084663140801688,0.9918681393498272,0,0,0.8402866354875284,0.2896071134790275,SHC3;MAPK1;FYN;PLCG1;HRAS,KEGG_2021_Human
KEGG_2021_Human,Proteoglycans in cancer,8/205,0.7099183357158252,0.9918681393498272,0,0,0.85956764684148,0.2944924621863543,CDKN1A;FLNA;MAPK1;ITPR3;PLCG1;WNT9A;HRAS;TLR4,KEGG_2021_Human
KEGG_2021_Human,Peroxisome,3/82,0.720763723322097,0.9918681393498272,0,0,0.8043190211722252,0.2633693589939841,PRDX5;IDH2;XDH,KEGG_2021_Human
KEGG_2021_Human,Insulin resistance,4/108,0.7226647863293009,0.9918681393498272,0,0,0.8144670268416088,0.2645468778263767,NFKBIA;CREB3L1;SLC2A1;FOXO1,KEGG_2021_Human
KEGG_2021_Human,Ribosome biogenesis in eukaryotes,4/108,0.7226647863293009,0.9918681393498272,0,0,0.8144670268416088,0.2645468778263767,NHP2;GAR1;RPP25L;REXO5,KEGG_2021_Human
KEGG_2021_Human,Necroptosis,6/159,0.7267305933455749,0.9918681393498272,0,0,0.8301456895607405,0.2649820419179949,GLUD1;H2AJ;MACROH2A1;SLC25A4;TLR4;TLR3,KEGG_2021_Human
KEGG_2021_Human,Human papillomavirus infection,13/331,0.7327101074749662,0.9918681393498272,0,0,0.8646134341889059,0.2688992248064226,CDKN1A;LAMB3;TNC;WNT9A;PTGS2;FOXO1;RBL1;CREB3L1;EIF4EBP1;ITGB8;MAPK1;HRAS;TLR3,KEGG_2021_Human
KEGG_2021_Human,Rap1 signaling pathway,8/210,0.7345190913001016,0.9918681393498272,0,0,0.8380694732407171,0.2585773614731761,RAP1B;ADCY9;MAPK1;PLCG1;DRD2;HRAS;FGF23;FGF22,KEGG_2021_Human
KEGG_2021_Human,Linoleic acid metabolism,1/29,0.7375638570196849,0.9918681393498272,0,0,0.7567857142857143,0.2303675456759671,PLA2G3,KEGG_2021_Human
KEGG_2021_Human,Yersinia infection,5/137,0.744531282478509,0.9918681393498272,0,0,0.8018381358225108,0.2365425785299689,NFKBIA;MAPK1;PLCG1;FOS;TLR4,KEGG_2021_Human
KEGG_2021_Human,Citrate cycle (TCA cycle),1/30,0.7494037080519473,0.9918681393498272,0,0,0.7306513409961686,0.2107764317493301,IDH2,KEGG_2021_Human
KEGG_2021_Human,Tight junction,6/169,0.7782205438310094,0.9918681393498272,0,0,0.7788052232923193,0.1952817646315627,CLDN22;MYL6;RAB13;CACNA1D;F11R;CGNL1,KEGG_2021_Human
KEGG_2021_Human,Base excision repair,1/33,0.7818167022553222,0.9918681393498272,0,0,0.6620486111111111,0.1629533097411785,NTHL1,KEGG_2021_Human
KEGG_2021_Human,Fructose and mannose metabolism,1/33,0.7818167022553222,0.9918681393498272,0,0,0.6620486111111111,0.1629533097411785,HKDC1,KEGG_2021_Human
KEGG_2021_Human,Salivary secretion,3/93,0.7957321357574307,0.9918681393498272,0,0,0.7056050482553823,0.1612255762470141,GUCY1A2;ADCY9;ITPR3,KEGG_2021_Human
KEGG_2021_Human,Inflammatory bowel disease,2/65,0.7972701689412677,0.9918681393498272,0,0,0.6722107456256511,0.152297192665477,TLR4;IL12RB2,KEGG_2021_Human
KEGG_2021_Human,DNA replication,1/36,0.8100413002178746,0.9918681393498272,0,0,0.6052063492063492,0.1274988486352991,RNASEH2C,KEGG_2021_Human
KEGG_2021_Human,Glycolysis / Gluconeogenesis,2/67,0.8108749740031751,0.9918681393498272,0,0,0.6514588859416446,0.1365727525714655,HKDC1;GCK,KEGG_2021_Human
KEGG_2021_Human,Dilated cardiomyopathy,3/96,0.8130057158959361,0.9918681393498272,0,0,0.6827358287233278,0.1413380178436295,ADCY9;ITGB8;CACNA1D,KEGG_2021_Human
KEGG_2021_Human,Fc gamma R-mediated phagocytosis,3/97,0.818482069548872,0.9918681393498272,0,0,0.6754371416386296,0.1352926186255844,CFL1;MAPK1;PLCG1,KEGG_2021_Human
KEGG_2021_Human,Phosphatidylinositol signaling system,3/97,0.818482069548872,0.9918681393498272,0,0,0.6754371416386296,0.1352926186255844,ITPR3;PLCG1;DGKI,KEGG_2021_Human
KEGG_2021_Human,Glycerophospholipid metabolism,3/98,0.8238214259735679,0.9918681393498272,0,0,0.6682921111241356,0.129516005962496,CHKA;PLA2G3;DGKI,KEGG_2021_Human
KEGG_2021_Human,mRNA surveillance pathway,3/98,0.8238214259735679,0.9918681393498272,0,0,0.6682921111241356,0.129516005962496,CPSF4;PABPN1;FUS,KEGG_2021_Human
KEGG_2021_Human,RIG-I-like receptor signaling pathway,2/70,0.8297556029497983,0.9918681393498272,0,0,0.6226199044690178,0.1161958642642816,NFKBIA;DDX3X,KEGG_2021_Human
KEGG_2021_Human,"Glycine, serine and threonine metabolism",1/40,0.8420831331878124,0.9918681393498272,0,0,0.543019943019943,0.0933323871172092,GAMT,KEGG_2021_Human
KEGG_2021_Human,Nicotine addiction,1/40,0.8420831331878124,0.9918681393498272,0,0,0.543019943019943,0.0933323871172092,GABRB2,KEGG_2021_Human
KEGG_2021_Human,Neuroactive ligand-receptor interaction,12/341,0.8463231455809248,0.9918681393498272,0,0,0.770101305725842,0.128494501390403,POMC;GABRB2;GLRA1;GLRA3;CYSLTR2;CALCRL;CALCR;NPY;BDKRB2;OPRM1;DRD2;ADRA2C,KEGG_2021_Human
KEGG_2021_Human,p53 signaling pathway,2/73,0.8469203368759276,0.9918681393498272,0,0,0.5962180200222469,0.0990608143796431,CDKN1A;GADD45G,KEGG_2021_Human
KEGG_2021_Human,Ferroptosis,1/41,0.849211469276519,0.9918681393498272,0,0,0.5294166666666666,0.0865315888225348,MAP1LC3A,KEGG_2021_Human
KEGG_2021_Human,Homologous recombination,1/41,0.849211469276519,0.9918681393498272,0,0,0.5294166666666666,0.0865315888225348,SEM1,KEGG_2021_Human
KEGG_2021_Human,JAK-STAT signaling pathway,5/162,0.8595891125865734,0.9918681393498272,0,0,0.6732683121019108,0.1018660207487965,CDKN1A;CTF1;HRAS;SOCS5;IL12RB2,KEGG_2021_Human
KEGG_2021_Human,Gastric acid secretion,2/76,0.8624969014594432,0.9918681393498272,0,0,0.571956828908998,0.0846059832952017,ADCY9;ITPR3,KEGG_2021_Human
KEGG_2021_Human,Fat digestion and absorption,1/43,0.8625183153275051,0.9918681393498272,0,0,0.5041534391534391,0.074563736631704,PLA2G3,KEGG_2021_Human
KEGG_2021_Human,Fatty acid degradation,1/43,0.8625183153275051,0.9918681393498272,0,0,0.5041534391534391,0.074563736631704,ACADSB,KEGG_2021_Human
KEGG_2021_Human,Regulation of actin cytoskeleton,7/218,0.8654549146133341,0.9918681393498272,0,0,0.7009128789083622,0.1012819092122439,CFL1;BDKRB2;ITGB8;MAPK1;HRAS;FGF23;FGF22,KEGG_2021_Human
KEGG_2021_Human,Bacterial invasion of epithelial cells,2/77,0.8673576363916523,0.9918681393498272,0,0,0.5643010752688172,0.0803022373147688,SHC3;CTNNA3,KEGG_2021_Human
KEGG_2021_Human,Shigellosis,8/246,0.8694428279290685,0.9918681393498272,0,0,0.7099475848570111,0.0993235840954426,NFKBIA;IL1R1;HKDC1;MAPK1;ITPR3;PLCG1;TLR4;FOXO1,KEGG_2021_Human
KEGG_2021_Human,Glycosphingolipid biosynthesis,1/45,0.874652024596808,0.9918681393498272,0,0,0.4811868686868686,0.0644449521146719,ST3GAL1,KEGG_2021_Human
KEGG_2021_Human,Fluid shear stress and atherosclerosis,4/139,0.877356057354739,0.9918681393498272,0,0,0.626417275692638,0.0819619236543292,NPPC;IL1R1;MGST3;FOS,KEGG_2021_Human
KEGG_2021_Human,Salmonella infection,8/249,0.877583435528364,0.9918681393498272,0,0,0.7009985456268906,0.0915386647855017,NFKBIA;FLNA;MAPK1;FOS;HRAS;DYNLL2;TLR4;KPNA3,KEGG_2021_Human
KEGG_2021_Human,Proteasome,1/46,0.8803116049251208,0.9918681393498272,0,0,0.4704691358024691,0.0599750938316572,SEM1,KEGG_2021_Human
KEGG_2021_Human,Endocytosis,8/252,0.8853019006634804,0.9918681393498272,0,0,0.6922695647384943,0.0843368206705555,SH3GL3;GRK2;ZFYVE9;IST1;VPS26B;HRAS;HSPA1B;HSPA1A,KEGG_2021_Human
KEGG_2021_Human,Spinocerebellar ataxia,4/143,0.8905206595037708,0.9918681393498272,0,0,0.6082625538365294,0.0705274206394501,SEM1;BEAN1;ITPR3;SLC25A4,KEGG_2021_Human
KEGG_2021_Human,"Valine, leucine and isoleucine degradation",1/48,0.890876459626226,0.9918681393498272,0,0,0.4504018912529551,0.0520437199735102,ACADSB,KEGG_2021_Human
KEGG_2021_Human,Ether lipid metabolism,1/49,0.8958042191194495,0.9918681393498272,0,0,0.4409953703703703,0.0485242179266815,PLA2G3,KEGG_2021_Human
KEGG_2021_Human,Sphingolipid metabolism,1/49,0.8958042191194495,0.9918681393498272,0,0,0.4409953703703703,0.0485242179266815,SGPP1,KEGG_2021_Human
KEGG_2021_Human,Cysteine and methionine metabolism,1/50,0.9005096839729961,0.9918681393498272,0,0,0.4319727891156462,0.0452683121578446,MAT2A,KEGG_2021_Human
KEGG_2021_Human,Malaria,1/50,0.9005096839729961,0.9918681393498272,0,0,0.4319727891156462,0.0452683121578446,TLR4,KEGG_2021_Human
KEGG_2021_Human,N-Glycan biosynthesis,1/50,0.9005096839729961,0.9918681393498272,0,0,0.4319727891156462,0.0452683121578446,DPM3,KEGG_2021_Human
KEGG_2021_Human,Taste transduction,2/86,0.9044916201244178,0.9918681393498272,0,0,0.5036018856930982,0.0505526847695792,ITPR3;GNG13,KEGG_2021_Human
KEGG_2021_Human,Cell adhesion molecules,4/148,0.9052246987165536,0.9918681393498272,0,0,0.5869874891614022,0.0584475653620869,CLDN22;ITGB8;F11R;VSIR,KEGG_2021_Human
KEGG_2021_Human,Adrenergic signaling in cardiomyocytes,4/150,0.910598971808355,0.9918681393498272,0,0,0.5788854782303263,0.0542141794702863,ADCY9;CREB3L1;MAPK1;CACNA1D,KEGG_2021_Human
KEGG_2021_Human,AMPK signaling pathway,3/120,0.911353165288848,0.9918681393498272,0,0,0.5420021700645309,0.050311237144439,CREB3L1;EIF4EBP1;FOXO1,KEGG_2021_Human
KEGG_2021_Human,NOD-like receptor signaling pathway,5/181,0.9148147509404412,0.9918681393498272,0,0,0.5999835125811688,0.0534187473797806,NFKBIA;YWHAE;MAPK1;ITPR3;TLR4,KEGG_2021_Human
KEGG_2021_Human,Phagosome,4/152,0.9157005383934248,0.9918681393498272,0,0,0.5710024405676579,0.0502858386405538,SEC61G;CALR;SEC61B;TLR4,KEGG_2021_Human
KEGG_2021_Human,Fanconi anemia pathway,1/54,0.9173022975524268,0.9918681393498272,0,0,0.3992872117400419,0.0344657541108902,FANCE,KEGG_2021_Human
KEGG_2021_Human,Bile secretion,2/90,0.9176613590808652,0.9918681393498272,0,0,0.4806097684295682,0.0412972817061558,ADCY9;SLC2A1,KEGG_2021_Human
KEGG_2021_Human,Hypertrophic cardiomyopathy,2/90,0.9176613590808652,0.9918681393498272,0,0,0.4806097684295682,0.0412972817061558,ITGB8;CACNA1D,KEGG_2021_Human
KEGG_2021_Human,Hedgehog signaling pathway,1/56,0.9246047938978478,0.9918681393498272,0,0,0.3847272727272727,0.0301583410175659,GRK2,KEGG_2021_Human
KEGG_2021_Human,RNA transport,5/186,0.9257274308057644,0.9918681393498272,0,0,0.583255228887135,0.0450129782494344,FUS;EIF4EBP1;EIF3G;RPP25L;KPNB1,KEGG_2021_Human
KEGG_2021_Human,Rheumatoid arthritis,2/93,0.926397308439344,0.9918681393498272,0,0,0.4646921487855859,0.0355266802030678,FOS;TLR4,KEGG_2021_Human
KEGG_2021_Human,Staphylococcus aureus infection,2/95,0.9317271766594806,0.9918681393498272,0,0,0.4546509263578408,0.0321507475805429,C1QA;KRT9,KEGG_2021_Human
KEGG_2021_Human,Notch signaling pathway,1/59,0.934368601201366,0.9918681393498272,0,0,0.3647701149425287,0.0247621532038214,DTX1,KEGG_2021_Human
KEGG_2021_Human,Mineral absorption,1/60,0.9373339519642964,0.9918681393498272,0,0,0.3585687382297551,0.0232050106600872,SLC26A6,KEGG_2021_Human
KEGG_2021_Human,Viral myocarditis,1/60,0.9373339519642964,0.9918681393498272,0,0,0.3585687382297551,0.0232050106600872,FYN,KEGG_2021_Human
KEGG_2021_Human,Glycerolipid metabolism,1/61,0.94016545963956,0.9918681393498272,0,0,0.3525740740740741,0.0217536082317674,DGKI,KEGG_2021_Human
KEGG_2021_Human,MicroRNAs in cancer,9/310,0.9424253949334012,0.9918681393498272,0,0,0.6301193331644891,0.0373651434782476,CDKN1A;STMN1;DDIT4;TNC;MAPK1;PLCG1;BMI1;PTGS2;HRAS,KEGG_2021_Human
KEGG_2021_Human,Wnt signaling pathway,4/166,0.9446847293448728,0.9918681393498272,0,0,0.5212711782760092,0.0296624291470158,FOSL1;CBY1;WNT9A;PRICKLE4,KEGG_2021_Human
KEGG_2021_Human,Autophagy,3/137,0.9495489365361006,0.9918681393498272,0,0,0.4728168733171559,0.0244768835623384,DDIT4;MAPK1;HRAS,KEGG_2021_Human
KEGG_2021_Human,Epstein-Barr virus infection,5/202,0.952767293002834,0.9918681393498272,0,0,0.5354310188542422,0.0259066096637194,NFKBIA;SEM1;CDKN1A;CALR;GADD45G,KEGG_2021_Human
KEGG_2021_Human,Ubiquitin mediated proteolysis,3/140,0.9544391529592676,0.9918681393498272,0,0,0.462390063888934,0.0215618892756102,ANAPC13;HUWE1;VHL,KEGG_2021_Human
KEGG_2021_Human,Inositol phosphate metabolism,1/73,0.965651250948488,0.9991379654245188,0,0,0.2936265432098765,0.0102629916811919,PLCG1,KEGG_2021_Human
KEGG_2021_Human,Metabolism of xenobiotics by cytochrome P450,1/76,0.9701029178110966,0.9991379654245188,0,0,0.281837037037037,0.008554631228952,MGST3,KEGG_2021_Human
KEGG_2021_Human,Synaptic vesicle cycle,1/78,0.9727456418095316,0.9991379654245188,0,0,0.2744877344877345,0.0075848227842493,SLC18A2,KEGG_2021_Human
KEGG_2021_Human,Hippo signaling pathway,3/163,0.9795832355994348,0.9999957957845108,0,0,0.3954412583518931,0.0081571889960069,YWHAE;CTNNA3;WNT9A,KEGG_2021_Human
KEGG_2021_Human,Tuberculosis,3/180,0.9889494523393632,0.9999957957845108,0,0,0.3571401608093315,0.0039685623720329,RFXAP;MAPK1;TLR4,KEGG_2021_Human
KEGG_2021_Human,Hematopoietic cell lineage,1/99,0.9896915820569104,0.9999957957845108,0,0,0.2154308390022675,0.0022322766164418,IL1R1,KEGG_2021_Human
KEGG_2021_Human,Protein digestion and absorption,1/103,0.9914350909835612,0.9999957957845108,0,0,0.2069389978213507,0.0017800475896507,SLC38A2,KEGG_2021_Human
KEGG_2021_Human,Cytokine-cytokine receptor interaction,6/295,0.9925029446198468,0.9999957957845108,0,0,0.4363341130076743,0.0032835449059289,CTF1;ACVR1C;IL1R1;GDF1;INHBA;IL12RB2,KEGG_2021_Human
KEGG_2021_Human,Herpes simplex virus 1 infection,5/498,0.9999943417605816,0.9999957957845108,0,0,0.2106047160243407,1.191655277258795e-06,NFKBIA;EIF4EBP1;SRSF5;CALR;TLR3,KEGG_2021_Human
KEGG_2021_Human,Olfactory transduction,2/440,0.9999957957845108,0.9999957957845108,0,0,0.0947831431169081,3.9848959608536566e-07,GRK2;GNG13,KEGG_2021_Human
Reactome_2022,Respiratory Electron Transport R-HSA-611105,27/90,1.395858495626908e-15,1.56196565660651e-12,0,0,9.33442301405688,319.28642924530686,NDUFB9;COX7B;NDUFA13;NDUFB8;NDUFB6;UQCRB;NDUFA12;COX4I1;NDUFB3;NDUFB2;NDUFB1;UQCR11;UQCR10;COX6A1;COX5B;COX7C;COX14;COX8A;NDUFA8;NDUFA5;NDUFA3;NDUFA2;NDUFA1;NDUFS6;UQCRQ;NDUFS5;NDUFAF2,Reactome_2022
Reactome_2022,Influenza Infection R-HSA-168255,34/157,1.496057717231853e-14,8.370442927912217e-12,0,0,6.050055794675594,192.5935910764049,RPL30;RPL11;RPL36A;RPL8;RPS15;RPS19;PABPN1;RPL36AL;RPL36;RPL35;RPLP2;RPL38;RPL37;KPNA3;POLR2J;POLR2K;POLR2L;CPSF4;RPS9;RPL41;RPL21;RPL23;RPL35A;RPL23A;RPS28;RPS27;RPS29;RPL37A;CALR;FAU;RPS21;KPNB1;RPS23;HSPA1A,Reactome_2022
Reactome_2022,Peptide Chain Elongation R-HSA-156902,25/86,3.5505981977563643e-14,1.324373127763124e-11,0,0,8.906916685380642,275.8389726850415,RPL30;RPL11;RPL36A;RPL8;RPS15;RPS19;RPL36AL;RPL36;RPL35;RPLP2;RPL38;RPL37;RPS9;RPL41;RPL21;RPL23;RPL35A;RPL23A;RPS28;RPS27;RPS29;RPL37A;FAU;RPS21;RPS23,Reactome_2022
Reactome_2022,Eukaryotic Translation Elongation R-HSA-156842,25/90,1.1282302912857861e-13,1.680372690708855e-11,0,0,8.357042500878118,249.1481396813843,RPL30;RPL11;RPL36A;RPL8;RPS15;RPS19;RPL36AL;RPL36;RPL35;RPLP2;RPL38;RPL37;RPS9;RPL41;RPL21;RPL23;RPL35A;RPL23A;RPS28;RPS27;RPS29;RPL37A;FAU;RPS21;RPS23,Reactome_2022
Reactome_2022,Eukaryotic Translation Termination R-HSA-72764,25/90,1.1282302912857861e-13,1.680372690708855e-11,0,0,8.357042500878118,249.1481396813843,RPL30;RPL11;RPL36A;RPL8;RPS15;RPS19;RPL36AL;RPL36;RPL35;RPLP2;RPL38;RPL37;RPS9;RPL41;RPL21;RPL23;RPL35A;RPL23A;RPS28;RPS27;RPS29;RPL37A;FAU;RPS21;RPS23,Reactome_2022
Reactome_2022,Selenocysteine Synthesis R-HSA-2408557,25/90,1.1282302912857861e-13,1.680372690708855e-11,0,0,8.357042500878118,249.1481396813843,RPL30;RPL11;RPL36A;RPL8;RPS15;RPS19;RPL36AL;RPL36;RPL35;RPLP2;RPL38;RPL37;RPS9;RPL41;RPL21;RPL23;RPL35A;RPL23A;RPS28;RPS27;RPS29;RPL37A;FAU;RPS21;RPS23,Reactome_2022
Reactome_2022,Viral mRNA Translation R-HSA-192823,25/90,1.1282302912857861e-13,1.680372690708855e-11,0,0,8.357042500878118,249.1481396813843,RPL30;RPL11;RPL36A;RPL8;RPS15;RPS19;RPL36AL;RPL36;RPL35;RPLP2;RPL38;RPL37;RPS9;RPL41;RPL21;RPL23;RPL35A;RPL23A;RPS28;RPS27;RPS29;RPL37A;FAU;RPS21;RPS23,Reactome_2022
Reactome_2022,Formation Of A Pool Of Free 40S Subunits R-HSA-72689,26/98,1.2013388316059734e-13,1.680372690708855e-11,0,0,7.852412698412698,233.61060939814124,RPL30;RPL11;RPL36A;RPL8;RPS15;RPS19;RPL36AL;RPL36;RPL35;RPLP2;RPL38;RPL37;RPS9;RPL41;RPL21;RPL23;RPL35A;RPL23A;RPS28;RPS27;RPS29;RPL37A;EIF3G;FAU;RPS21;RPS23,Reactome_2022
Reactome_2022,Nonsense Mediated Decay (NMD) Independent Of Exon Junction Complex (EJC) R-HSA-975956,25/92,1.9599957334599678e-13,2.194130143620889e-11,0,0,8.106726640768759,237.208203665953,RPL30;RPL11;RPL36A;RPL8;RPS15;RPS19;RPL36AL;RPL36;RPL35;RPLP2;RPL38;RPL37;RPS9;RPL41;RPL21;RPL23;RPL35A;RPL23A;RPS28;RPS27;RPS29;RPL37A;FAU;RPS21;RPS23,Reactome_2022
Reactome_2022,SRP-dependent Cotranslational Protein Targeting To Membrane R-HSA-1799339,27/108,1.960795481341277e-13,2.194130143620889e-11,0,0,7.253241800152555,212.23171161362023,RPL30;RPL11;RPL36A;RPL8;RPS15;RPS19;RPL36AL;SEC61G;RPL36;RPL35;RPLP2;RPL38;RPL37;SEC61B;RPS9;RPL41;RPL21;RPL23;RPL35A;RPL23A;RPS28;RPS27;RPS29;RPL37A;FAU;RPS21;RPS23,Reactome_2022
Reactome_2022,"Respiratory Electron Transport, ATP Synthesis By Chemiosmotic Coupling, Heat Production By Uncoupling Proteins R-HSA-163200",27/112,5.06313588670535e-13,5.1505900520211693e-11,0,0,6.910459011980078,195.64629079678724,NDUFB9;NDUFA13;COX7B;NDUFB8;UQCRB;NDUFB6;NDUFA12;COX4I1;NDUFB3;NDUFB2;NDUFB1;UQCR11;UQCR10;COX6A1;COX5B;COX7C;COX14;COX8A;NDUFA8;NDUFA5;NDUFA3;NDUFA2;NDUFA1;UQCRQ;NDUFS6;NDUFS5;NDUFAF2,Reactome_2022
Reactome_2022,Response Of EIF2AK4 (GCN2) To Amino Acid Deficiency R-HSA-9633012,25/98,9.363605559199438e-13,8.731562183953475e-11,0,0,7.438074685682117,206.01068682871008,RPL30;RPL11;RPL36A;RPL8;RPS15;RPS19;RPL36AL;RPL36;RPL35;RPLP2;RPL38;RPL37;RPS9;RPL41;RPL21;RPL23;RPL35A;RPL23A;RPS28;RPS27;RPS29;RPL37A;FAU;RPS21;RPS23,Reactome_2022
Reactome_2022,Cap-dependent Translation Initiation R-HSA-72737,27/116,1.2499493643437837e-12,1.0759179528466878e-10,0,0,6.598488159823105,180.85082289642543,RPL30;RPL11;RPL36A;RPL8;RPS15;RPS19;RPL36AL;RPL36;EIF4EBP1;RPL35;RPLP2;RPL38;RPL37;RPS9;RPL41;RPL21;RPL23;RPL35A;RPL23A;RPS28;RPS27;RPS29;RPL37A;EIF3G;FAU;RPS21;RPS23,Reactome_2022
Reactome_2022,L13a-mediated Translational Silencing Of Ceruloplasmin Expression R-HSA-156827,26/108,1.4141958168046117e-12,1.1303465135745431e-10,0,0,6.8911777003484325,188.02206282619807,RPL30;RPL11;RPL36A;RPL8;RPS15;RPS19;RPL36AL;RPL36;RPL35;RPLP2;RPL38;RPL37;RPS9;RPL41;RPL21;RPL23;RPL35A;RPL23A;RPS28;RPS27;RPS29;RPL37A;EIF3G;FAU;RPS21;RPS23,Reactome_2022
Reactome_2022,GTP Hydrolysis And Joining Of 60S Ribosomal Subunit R-HSA-72706,26/109,1.7789971060942622e-12,1.3271318411463196e-10,0,0,6.807793459552496,184.18465689564368,RPL30;RPL11;RPL36A;RPL8;RPS15;RPS19;RPL36AL;RPL36;RPL35;RPLP2;RPL38;RPL37;RPS9;RPL41;RPL21;RPL23;RPL35A;RPL23A;RPS28;RPS27;RPS29;RPL37A;EIF3G;FAU;RPS21;RPS23,Reactome_2022
Reactome_2022,Influenza Viral RNA Transcription And Replication R-HSA-168273,28/137,1.3924886335905449e-11,9.738717381173871e-10,0,0,5.587818027050033,139.68060659709766,RPL30;RPL11;RPL36A;RPL8;RPS15;RPS19;RPL36AL;RPL36;RPL35;RPLP2;RPL38;RPL37;POLR2J;POLR2K;POLR2L;RPS9;RPL41;RPL21;RPL23;RPL35A;RPL23A;RPS28;RPS27;RPS29;RPL37A;FAU;RPS21;RPS23,Reactome_2022
Reactome_2022,Nonsense Mediated Decay (NMD) Enhanced By Exon Junction Complex (EJC) R-HSA-975957,25/112,2.278655456516429e-11,1.499891444612873e-09,0,0,6.236550674434472,152.82574170046666,RPL30;RPL11;RPL36A;RPL8;RPS15;RPS19;RPL36AL;RPL36;RPL35;RPLP2;RPL38;RPL37;RPS9;RPL41;RPL21;RPL23;RPL35A;RPL23A;RPS28;RPS27;RPS29;RPL37A;FAU;RPS21;RPS23,Reactome_2022
Reactome_2022,Selenoamino Acid Metabolism R-HSA-2408522,25/114,3.4392519952857824e-11,2.138068323735994e-09,0,0,6.095762146631778,146.86630693982016,RPL30;RPL11;RPL36A;RPL8;RPS15;RPS19;RPL36AL;RPL36;RPL35;RPLP2;RPL38;RPL37;RPS9;RPL41;RPL21;RPL23;RPL35A;RPL23A;RPS28;RPS27;RPS29;RPL37A;FAU;RPS21;RPS23,Reactome_2022
Reactome_2022,Cellular Response To Starvation R-HSA-9711097,29/153,4.214276604882e-11,2.481987116243661e-09,0,0,5.089107354246819,121.57856130770196,RPL30;RPL11;RPL36A;RPL8;RPS15;RPS19;RPL36AL;RPL36;RPL35;RPLP2;RPL38;RPL37;FNIP2;RPS9;SZT2;RPL41;RPL21;RPL23;RPL35A;RPL23A;RPS28;RPS27;RPS29;RPL37A;LAMTOR2;FAU;LAMTOR4;RPS21;RPS23,Reactome_2022
Reactome_2022,Complex I Biogenesis R-HSA-6799198,16/51,4.1054310005514277e-10,2.2969886448085243e-08,0,0,9.847425343018564,212.8377235030925,NDUFB9;NDUFA8;NDUFA13;NDUFB8;NDUFB6;NDUFA5;NDUFA12;NDUFA3;NDUFB3;NDUFA2;NDUFB2;NDUFA1;NDUFB1;NDUFS6;NDUFS5;NDUFAF2,Reactome_2022
Reactome_2022,Citric Acid (TCA) Cycle And Respiratory Electron Transport R-HSA-1428517,28/163,9.759907427250876e-10,5.200636386235112e-08,0,0,4.50546858427729,93.47751588936562,NDUFB9;NDUFA13;COX7B;NDUFB8;UQCRB;NDUFB6;NDUFA12;COX4I1;NDUFB3;NDUFB2;NDUFB1;UQCR11;UQCR10;COX6A1;COX5B;COX7C;COX14;COX8A;NDUFA8;NDUFA5;NDUFA3;IDH2;NDUFA2;NDUFA1;UQCRQ;NDUFS6;NDUFS5;NDUFAF2,Reactome_2022
Reactome_2022,Translation R-HSA-72766,37/281,4.93422500429237e-09,2.509726263546892e-07,0,0,3.3092127732240435,63.29554507665933,RPL30;RPL11;RPL36A;MRPL14;RPL8;MRPL54;RPS15;MRPL41;MRPL20;RPS19;RPL36AL;SEC61G;RPL36;EIF4EBP1;RPL35;RPLP2;RPL38;RPL37;SEC61B;RPL41;MRPS26;RPS9;RPL21;RPL23;MRPS21;RPL35A;RPL23A;MRPS18C;MRPL52;RPS28;RPS27;RPS29;RPL37A;EIF3G;FAU;RPS21;RPS23,Reactome_2022
Reactome_2022,SARS-CoV-2 Modulates Host Translation Machinery R-HSA-9754678,14/47,1.0923767846481353e-08,5.314650530527231e-07,0,0,9.119059820299956,167.17356727382298,RPS9;RPS15;RPS28;RPS27;RPS19;SNRPD2;RPS29;SNRPG;SNRPE;SNRPD3;FAU;SNRPF;RPS21;RPS23,Reactome_2022
Reactome_2022,rRNA Processing In Nucleus And Cytosol R-HSA-8868773,28/189,2.8747784307324972e-08,1.340365443329027e-06,0,0,3.7726978435181033,65.51178563592707,RPL30;RPL11;TSR3;RPL36A;RPL8;RPS15;RPS19;RPL36AL;RPL36;GAR1;RPL35;RPLP2;RPL38;RPL37;RPS9;RPL41;RPL21;RPL23;RPL35A;RPL23A;RPS28;RPS27;RPS29;RPL37A;NHP2;FAU;RPS21;RPS23,Reactome_2022
Reactome_2022,Regulation Of Expression Of SLITs And ROBOs R-HSA-9010553,26/167,3.1849248986881775e-08,1.425572384652828e-06,0,0,3.995201621073962,68.96617731320372,RPL30;RPL11;RPL36A;RPL8;RPS15;RPS19;RPL36AL;RPL36;RPL35;RPLP2;RPL38;RPL37;RPS9;RPL41;RPL21;RPL23;RPL35A;RPL23A;SEM1;RPS28;RPS27;RPS29;RPL37A;FAU;RPS21;RPS23,Reactome_2022
Reactome_2022,rRNA Processing R-HSA-72312,28/199,8.855495058985322e-08,3.8112688350017593e-06,0,0,3.550196606445476,57.65392393124366,RPL30;RPL11;TSR3;RPL36A;RPL8;RPS15;RPS19;RPL36AL;RPL36;GAR1;RPL35;RPLP2;RPL38;RPL37;RPL41;RPS9;RPL21;RPL23;RPL35A;RPL23A;RPS28;RPS27;RPS29;RPL37A;NHP2;FAU;RPS21;RPS23,Reactome_2022
Reactome_2022,Major Pathway Of rRNA Processing In Nucleolus And Cytosol R-HSA-6791226,25/179,4.958075861367637e-07,2.0548469958779205e-05,0,0,3.510829923501156,50.96699155161522,RPL30;RPL11;RPL36A;RPL8;RPS15;RPS19;RPL36AL;RPL36;RPL35;RPLP2;RPL38;RPL37;RPS9;RPL41;RPL21;RPL23;RPL35A;RPL23A;RPS28;RPS27;RPS29;RPL37A;FAU;RPS21;RPS23,Reactome_2022
Reactome_2022,Signaling By ROBO Receptors R-HSA-376176,27/209,8.510099809077553e-07,3.401000602270637e-05,0,0,3.210947519299922,44.87890608331379,RPL30;RPL11;RPL36A;RPL8;RPS15;RPS19;RPL36AL;RPL36;RPL35;RPLP2;RPL38;RPL37;SRGAP1;RPL41;RPS9;RPL21;RPL23;RPL35A;RPL23A;SEM1;RPS28;RPS27;RPS29;RPL37A;FAU;RPS21;RPS23,Reactome_2022
Reactome_2022,NGF-stimulated Transcription R-HSA-9031628,10/39,6.322341714336462e-06,0.00024395518546008624,0,0,7.380316575718875,88.35287605898702,FOSL1;SH3GL3;EGR1;JUND;EGR4;FOSB;FOS;SGK1;MEF2D;F3,Reactome_2022
Reactome_2022,Cellular Responses To Stimuli R-HSA-8953897,60/736,6.755899082914356e-06,0.00025199503579270547,0,0,1.9443252256752668,23.147375543654857,YWHAE;RPL30;CDKN1A;COX7B;COX4I1;HIF3A;RPL8;COX6A1;COX7C;RPS15;RPS19;RPL36AL;CREB3L1;H2BC21;RPL36;RPL35;RPLP2;RPL38;RPL37;COX8A;RPS9;SZT2;RPL21;RPL23;FOS;DYNLL2;H2AJ;RPL37A;TLR4;FKBP5;RPL11;RPL36A;COX5B;PRDX5;BAG1;MAPK1;COX14;VHL;MEF2D;FNIP2;CBX8;RPL41;PTGES3;RPL35A;RPL23A;HSPA12B;MT3;SEM1;RPS28;CCS;RPS27;RPS29;LAMTOR2;CALR;FAU;LAMTOR4;RPS21;HSPA1B;HSPA1A;RPS23,Reactome_2022
Reactome_2022,Cellular Responses To Stress R-HSA-2262752,59/722,7.499453966831168e-06,0.0002707060964156153,0,0,1.9484671632219488,22.99323815492697,YWHAE;RPL30;CDKN1A;COX7B;COX4I1;HIF3A;RPL8;COX6A1;COX7C;RPS15;RPS19;RPL36AL;CREB3L1;H2BC21;RPL36;RPL35;RPLP2;RPL38;RPL37;COX8A;RPS9;SZT2;RPL21;RPL23;FOS;DYNLL2;H2AJ;RPL37A;TLR4;FKBP5;RPL11;RPL36A;COX5B;PRDX5;BAG1;MAPK1;COX14;VHL;MEF2D;FNIP2;CBX8;RPL41;PTGES3;RPL35A;RPL23A;HSPA12B;SEM1;RPS28;CCS;RPS27;RPS29;LAMTOR2;CALR;FAU;LAMTOR4;RPS21;HSPA1B;HSPA1A;RPS23,Reactome_2022
Reactome_2022,"mRNA Activation Upon Binding Of Cap-Binding Complex And eIFs, Subsequent Binding To 43S R-HSA-72662",11/58,4.7594536515330656e-05,0.0016643214487704,0,0,5.010088453263208,49.864371194827065,RPS15;RPS9;RPS28;RPS27;RPS19;RPS29;EIF4EBP1;EIF3G;FAU;RPS21;RPS23,Reactome_2022
Reactome_2022,"Formation Of Ternary Complex, And Subsequently, 43S Complex R-HSA-72695",10/50,6.516729842357838e-05,0.0022097638465449,0,0,5.347643097643098,51.54354020659625,RPS15;RPS9;RPS28;RPS27;RPS19;RPS29;EIF3G;FAU;RPS21;RPS23,Reactome_2022
Reactome_2022,Nuclear Events (Kinase And Transcription Factor Activation) R-HSA-198725,11/61,7.726479354772404e-05,0.0025429207052912,0,0,4.708741573033707,44.58364673651285,FOSL1;SH3GL3;EGR1;JUND;EGR4;MAPK1;FOSB;FOS;SGK1;F3;MEF2D,Reactome_2022
Reactome_2022,Ribosomal Scanning And Start Codon Recognition R-HSA-72702,10/57,0.00020601323202121543,0.0064035779619927,0,0,4.549514053060152,38.61431971072301,RPS15;RPS9;RPS28;RPS27;RPS19;RPS29;EIF3G;FAU;RPS21;RPS23,Reactome_2022
Reactome_2022,Translation Initiation Complex Formation R-HSA-72649,10/57,0.00020601323202121543,0.0064035779619927,0,0,4.549514053060152,38.61431971072301,RPS15;RPS9;RPS28;RPS27;RPS19;RPS29;EIF3G;FAU;RPS21;RPS23,Reactome_2022
Reactome_2022,Metabolism Of Amino Acids And Derivatives R-HSA-71291,32/364,0.0002539161737546915,0.0076792486062567,0,0,2.0815505982503084,17.23212988710012,LIPT2;RPL30;RPL11;RPL36A;RPL8;RPS15;RPS19;RPL36AL;RPL36;RPL35;RPLP2;RPL38;RPL37;GAMT;RPL41;RPS9;RPL21;RPL23;RPL35A;RPL23A;ACADSB;SEM1;GLUD1;RPS28;RPS27;RPS29;RPL37A;FAU;RPS21;SERINC2;ASPA;RPS23,Reactome_2022
Reactome_2022,TP53 Regulates Metabolic Genes R-HSA-5628897,12/81,0.0002616619562562455,0.007705256027651,0,0,3.7227955201252017,30.70731925366984,YWHAE;COX8A;COX7B;PRDX5;COX4I1;DDIT4;COX14;LAMTOR2;COX6A1;COX5B;LAMTOR4;COX7C,Reactome_2022
Reactome_2022,Infectious Disease R-HSA-5663205,66/961,0.00042939170613388953,0.0123202389529185,0,0,1.60768608035326,12.464616844970603,YWHAE;SH3GL3;RPL30;RPL8;RPS15;CYSLTR2;SNRPD2;RPS19;RPL36AL;H2BC21;RPL36;RPLP2;RPL35;RPL38;SNRPD3;RPL37;KPNA3;RPS9;RPL21;IL1R1;RPL23;DYNLL2;ADCY9;RPL37A;SNRPG;SNRPE;TLR7;SNRPF;SLC25A4;KPNB1;CALCRL;CEBPD;RPL11;RPL36A;ITPR3;CALCR;PABPN1;PRKAR2B;MAPK1;FYN;VHL;PLCG1;ST3GAL1;POLR2J;POLR2K;POLR2L;CPSF4;RPL41;TAF15;TAF10;PTGES3;RPL35A;RPL23A;PARP14;GNG13;SEM1;POMC;MYO1E;RPS28;RPS27;RPS29;CALR;FAU;RPS21;HSPA1A;RPS23,Reactome_2022
Reactome_2022,Metabolism Of RNA R-HSA-8953854,49/666,0.0005334490805110748,0.0149232380272973,0,0,1.7227421797125269,12.982838199146414,RPL30;RPL8;RPS15;RPS19;SNRPD2;SNRNP70;RPL36AL;RPL36;RPL35;RPLP2;RPL38;RPL37;SNRPD3;RPS9;RPL21;RPL23;RPL37A;NHP2;SNRPG;SNRPE;SNRPF;SRSF5;RPL11;TSR3;RPL36A;PABPN1;GAR1;HNRNPA1;SRSF10;POLR2J;POLR2K;POLR2L;CPSF4;RPL41;FUS;RPL35A;RPL23A;LSM4;SEM1;LSM8;LSM7;RPS28;RPS27;PAN3;RPS29;FAU;RPS21;HSPA1A;RPS23,Reactome_2022
Reactome_2022,Signaling By NTRK1 (TRKA) R-HSA-187037,14/114,0.0006086107890211224,0.016445586272863,0,0,2.9987147688838784,22.203478501799587,SH3GL3;EGR1;SHC3;JUND;EGR4;FOS;F3;FOSL1;MAPK1;FOSB;PLCG1;SGK1;HRAS;MEF2D,Reactome_2022
Reactome_2022,Mitochondrial Protein Import R-HSA-1268020,10/65,0.0006172606107777011,0.016445586272863,0,0,3.88613406795225,28.7193827561848,TIMM8B;NDUFB8;COX17;TIMM13;TOMM7;PMPCB;HSCB;TIMM10;SLC25A4;TOMM6,Reactome_2022
Reactome_2022,SLBP Independent Processing Of Histone Pre-mRNAs R-HSA-111367,4/10,0.0006908097137359809,0.0179771178993154,0,0,14.190263842437757,103.27171902346154,SNRPG;SNRPE;SNRPD3;SNRPF,Reactome_2022
Reactome_2022,Signaling By NTRKs R-HSA-166520,15/132,0.0008984357451291866,0.0228488545181718,0,0,2.7467152862186723,19.267810469316203,SH3GL3;EGR1;SHC3;JUND;EGR4;FOS;F3;FOSL1;MAPK1;FOSB;FYN;PLCG1;SGK1;HRAS;MEF2D,Reactome_2022
Reactome_2022,SLBP Dependent Processing Of Replication-Dependent Histone Pre-mRNAs R-HSA-77588,4/11,0.0010469635614276,0.0260344938941677,0,0,12.162446249402771,83.45701741428692,SNRPG;SNRPE;SNRPD3;SNRPF,Reactome_2022
Reactome_2022,Axon Guidance R-HSA-422475,39/519,0.001297786881505,0.0315700765305261,0,0,1.7549811484918794,11.665526178705491,RPL30;SHC3;EPHA10;RPL11;RPL36A;CACNA1D;RPL8;RPS15;RPS19;RPL36AL;RPL36;ST8SIA4;RPL35;RPLP2;MAPK1;RPL38;FYN;RPL37;PLCG1;SRGAP1;HRAS;RPL41;RPS9;SEMA6A;EPHA6;RPL21;RPL23;RPL35A;RPL23A;SEM1;MYL6;RPS28;RPS27;PTPRA;RPS29;RPL37A;FAU;RPS21;RPS23,Reactome_2022
Reactome_2022,mRNA Splicing - Major Pathway R-HSA-72163,18/181,0.0014049979396577,0.033450908393128,0,0,2.3681676382105064,15.55346064089006,CPSF4;FUS;LSM4;LSM8;LSM7;SNRPD2;PABPN1;SNRNP70;SNRPG;SNRPE;SNRPD3;SNRPF;SRSF5;HNRNPA1;POLR2J;SRSF10;POLR2K;POLR2L,Reactome_2022
Reactome_2022,mRNA Splicing - Minor Pathway R-HSA-72165,8/49,0.0014356249284979,0.0334680061456082,0,0,4.164203971267036,27.259524790471865,SNRPD2;SNRPG;SNRPE;SNRPD3;SNRPF;POLR2J;POLR2K;POLR2L,Reactome_2022
Reactome_2022,Processing Of Capped Intronless Pre-mRNA R-HSA-75067,6/29,0.001602514183588,0.0365961912537762,0,0,5.560165168812242,35.78623229818047,CPSF4;PABPN1;SNRPG;SNRPE;SNRPD3;SNRPF,Reactome_2022
Reactome_2022,mRNA Splicing R-HSA-72172,18/189,0.0022757608927151,0.0509315287789657,0,0,2.256422483161471,13.731325495586908,CPSF4;FUS;LSM4;LSM8;LSM7;SNRPD2;PABPN1;SNRNP70;SNRPG;SNRPE;SNRPD3;SNRPF;SRSF5;HNRNPA1;POLR2J;SRSF10;POLR2K;POLR2L,Reactome_2022
Reactome_2022,Signaling By FGFR2 In Disease R-HSA-5655253,7/42,0.0024969148008156,0.0547852482767206,0,0,4.264876957494407,25.558125536846838,PLCG1;FGF23;HRAS;POLR2J;FGF22;POLR2K;POLR2L,Reactome_2022
Reactome_2022,Nervous System Development R-HSA-9675108,39/545,0.0030786839449226,0.066250910276317,0,0,1.6624794805718843,9.61453954972284,RPL30;SHC3;EPHA10;RPL11;RPL36A;CACNA1D;RPL8;RPS15;RPS19;RPL36AL;RPL36;ST8SIA4;RPL35;RPLP2;MAPK1;RPL38;FYN;RPL37;PLCG1;SRGAP1;HRAS;RPL41;RPS9;SEMA6A;EPHA6;RPL21;RPL23;RPL35A;RPL23A;SEM1;MYL6;RPS28;RPS27;PTPRA;RPS29;RPL37A;FAU;RPS21;RPS23,Reactome_2022
Reactome_2022,Signaling By Activin R-HSA-1502540,4/15,0.0037490481703107,0.0791544321241075,0,0,7.73811695550826,43.22708132021323,DRAP1;ACVR1C;MAPK1;INHBA,Reactome_2022
Reactome_2022,Signaling By FGFR2 R-HSA-5654738,9/72,0.0049064511683614,0.1016725714332684,0,0,3.048686739269699,16.210490467456516,MAPK1;PLCG1;HNRNPA1;HRAS;FGF23;POLR2J;FGF22;POLR2K;POLR2L,Reactome_2022
Reactome_2022,Protein Localization R-HSA-9609507,15/164,0.0073330647803498,0.1491945361674818,0,0,2.153180723256624,10.583662137409185,TIMM8B;FIS1;NDUFB8;ZFAND6;COX17;TIMM13;HSCB;TIMM10;VAPA;SEC61G;TOMM7;PMPCB;SEC61B;SLC25A4;TOMM6,Reactome_2022
Reactome_2022,Cytoprotection By HMOX1 R-HSA-9707564,7/57,0.0136934107792278,0.2736236903920713,0,0,2.9830648769574943,12.799855668327798,COX8A;COX7B;COX4I1;COX14;COX6A1;COX5B;COX7C,Reactome_2022
Reactome_2022,Signaling By FGFR R-HSA-190236,9/86,0.0152336767551955,0.2945223922439847,0,0,2.4925455710209072,10.42942564469944,MAPK1;PLCG1;HNRNPA1;HRAS;FGF23;POLR2J;FGF22;POLR2K;POLR2L,Reactome_2022
Reactome_2022,FGFR2 Mutant Receptor Activation R-HSA-1839126,5/33,0.0152656825291788,0.2945223922439847,0,0,3.8008211096938775,15.89559618091246,FGF23;POLR2J;FGF22;POLR2K;POLR2L,Reactome_2022
Reactome_2022,SARS-CoV-2-host Interactions R-HSA-9705683,16/196,0.0160575779130048,0.3045496556720757,0,0,1.900213433772756,7.850873171276288,YWHAE;RPS9;RPS15;RPS28;RPS27;RPS19;SNRPD2;RPS29;SNRPG;TLR7;SNRPE;SNRPD3;FAU;SNRPF;RPS21;RPS23,Reactome_2022
Reactome_2022,Opioid Signaling R-HSA-111885,9/88,0.0174943578128256,0.3262697732091976,0,0,2.429187716410285,9.828194372203276,POMC;GNA14;ADCY9;GRK2;PRKAR2B;MAPK1;ITPR3;OPRM1;GNG13,Reactome_2022
Reactome_2022,PLC Beta Mediated Events R-HSA-112043,6/47,0.0182781272658539,0.3340980414407563,0,0,3.1161738656492712,12.471084134335705,GNA14;GRK2;ADCY9;PRKAR2B;MAPK1;ITPR3,Reactome_2022
Reactome_2022,Estrogen-stimulated Signaling Thru PRKCZ R-HSA-9634635,2/5,0.01851124090199,0.3340980414407563,0,0,14.160919540229886,56.493248342538976,MAPK1;HRAS,Reactome_2022
Reactome_2022,Signaling By FGFR In Disease R-HSA-1226099,7/61,0.0193806392023089,0.3442370677362488,0,0,2.7615171099511144,10.889989399544865,PLCG1;HRAS;FGF23;POLR2J;FGF22;POLR2K;POLR2L,Reactome_2022
Reactome_2022,G-protein Activation R-HSA-202040,4/24,0.0211741867338443,0.3702174211745604,0,0,4.253957636566332,16.39888947577121,POMC;GNA14;OPRM1;GNG13,Reactome_2022
Reactome_2022,MAP2K And MAPK Activation R-HSA-5674135,5/37,0.0242105074078746,0.4167931967601798,0,0,3.3250209263392856,12.372298293819412,RAP1B;CNKSR2;MAPK1;LAMTOR2;HRAS,Reactome_2022
Reactome_2022,Processing Of Capped Intron-Containing Pre-mRNA R-HSA-72203,18/242,0.0260669413613235,0.4369668873698965,0,0,1.7177135576767513,6.264651442086881,CPSF4;FUS;LSM4;LSM8;LSM7;SNRPD2;PABPN1;SNRNP70;SNRPG;SNRPE;SNRPD3;SNRPF;SRSF5;HNRNPA1;SRSF10;POLR2J;POLR2K;POLR2L,Reactome_2022
Reactome_2022,FCGR3A-mediated IL10 Synthesis R-HSA-9664323,5/38,0.0268780169132374,0.4369668873698965,0,0,3.2240936147186146,11.65976220273713,ADCY9;PRKAR2B;ITPR3;FYN;PLCG1,Reactome_2022
Reactome_2022,HSP90 Chaperone Cycle For Steroid Hormone Receptors (SHR) In Presence Of Ligand R-HSA-3371497,5/38,0.0268780169132374,0.4369668873698965,0,0,3.2240936147186146,11.65976220273713,PTGES3;DYNLL2;HSPA1B;FKBP5;HSPA1A,Reactome_2022
Reactome_2022,NADE Modulates Death Signaling R-HSA-205025,2/6,0.0269443388994842,0.4369668873698965,0,0,10.620133481646274,38.38097191019597,YWHAE;BEX3,Reactome_2022
Reactome_2022,Synthesis Of Prostaglandins (PG) And Thromboxanes (TX) R-HSA-2162123,3/15,0.0276377541105175,0.4375110988100103,0,0,5.3137527839643655,19.0687873165428,PTGIS;PTGES3;PTGS2,Reactome_2022
Reactome_2022,FGFR2 Alternative Splicing R-HSA-6803529,4/26,0.0277598641782937,0.4375110988100103,0,0,3.8668288233505614,13.859348802285243,HNRNPA1;POLR2J;POLR2K;POLR2L,Reactome_2022
Reactome_2022,G-protein Mediated Events R-HSA-112040,6/52,0.0287268771436611,0.4464635489410675,0,0,2.7767306290988585,9.857177449875929,GNA14;ADCY9;GRK2;PRKAR2B;MAPK1;ITPR3,Reactome_2022
Reactome_2022,DAG And IP3 Signaling R-HSA-1489509,5/39,0.029725533808688,0.4533255488117417,0,0,3.1291032037815127,11.001141078862403,GRK2;ADCY9;PRKAR2B;ITPR3;PLCG1,Reactome_2022
Reactome_2022,RNA Polymerase II Transcription Termination R-HSA-73856,7/67,0.030721396977515,0.4533255488117417,0,0,2.48458240119314,8.653293393150959,CPSF4;PABPN1;SNRPG;SNRPE;SNRPD3;SNRPF;SRSF5,Reactome_2022
Reactome_2022,Mitochondrial Translation Elongation R-HSA-5389840,8/82,0.0311939832515675,0.4533255488117417,0,0,2.303199055718653,7.9864119305359536,MRPL41;MRPL52;MRPL20;MRPS26;MRPS21;MRPL14;MRPL54;MRPS18C,Reactome_2022
Reactome_2022,Mitochondrial Translation Initiation R-HSA-5368286,8/82,0.0311939832515675,0.4533255488117417,0,0,2.303199055718653,7.9864119305359536,MRPL41;MRPL52;MRPL20;MRPS26;MRPS21;MRPL14;MRPL54;MRPS18C,Reactome_2022
Reactome_2022,Mitochondrial Translation Termination R-HSA-5419276,8/82,0.0311939832515675,0.4533255488117417,0,0,2.303199055718653,7.9864119305359536,MRPL41;MRPL52;MRPL20;MRPS26;MRPS21;MRPL14;MRPL54;MRPS18C,Reactome_2022
Reactome_2022,Phospholipase C-mediated Cascade: FGFR1 R-HSA-5654219,3/16,0.0329028335089825,0.4720291114942495,0,0,4.904745588487237,16.745765221732366,PLCG1;FGF23;FGF22,Reactome_2022
Reactome_2022,Signaling By MAPK Mutants R-HSA-9652817,2/7,0.0366090459494798,0.5185509166768094,0,0,8.495661846496107,28.09906098339329,MAPK1;DUSP9,Reactome_2022
Reactome_2022,Downstream Signaling Of Activated FGFR2 R-HSA-5654696,4/29,0.0396901958656866,0.535100351490402,0,0,3.402274247491639,10.977951865979072,PLCG1;FGF23;HRAS;FGF22,Reactome_2022
Reactome_2022,FCERI Mediated MAPK Activation R-HSA-2871796,4/29,0.0396901958656866,0.535100351490402,0,0,3.402274247491639,10.977951865979072,MAPK1;PLCG1;FOS;HRAS,Reactome_2022
Reactome_2022,"FOXO-mediated Transcription Of Oxidative Stress, Metabolic And Neuronal Genes R-HSA-9615017",4/29,0.0396901958656866,0.535100351490402,0,0,3.402274247491639,10.977951865979072,POMC;NPY;FBXO32;FOXO1,Reactome_2022
Reactome_2022,HSF1 Activation R-HSA-3371511,4/29,0.0396901958656866,0.535100351490402,0,0,3.402274247491639,10.977951865979072,YWHAE;PTGES3;HSPA1B;HSPA1A,Reactome_2022
Reactome_2022,NCAM Signaling For Neurite Out-Growth R-HSA-375165,6/57,0.0424919825680212,0.5641531074096617,0,0,2.503844889911272,7.908243519342023,PTPRA;ST8SIA4;MAPK1;CACNA1D;FYN;HRAS,Reactome_2022
Reactome_2022,Voltage Gated Potassium Channels R-HSA-1296072,5/43,0.0429691358442932,0.5641531074096617,0,0,2.7991365131578947,8.809647308813144,KCNG1;KCNH5;KCNA1;KCNA3;KCNA5,Reactome_2022
Reactome_2022,Downstream Signaling Of Activated FGFR1 R-HSA-5654687,4/30,0.0442212943129766,0.5641531074096617,0,0,3.27124603378784,10.20154050480984,PLCG1;FGF23;HRAS;FGF22,Reactome_2022
Reactome_2022,Mitochondrial Translation R-HSA-5368287,8/88,0.0446473234251692,0.5641531074096617,0,0,2.129787234042553,6.621425276724434,MRPL41;MRPL52;MRPL20;MRPS26;MRPS21;MRPL14;MRPL54;MRPS18C,Reactome_2022
Reactome_2022,Phospholipase C-mediated Cascade; FGFR2 R-HSA-5654221,3/18,0.0448700862908488,0.5641531074096617,0,0,4.25033407572383,13.192968693110483,PLCG1;FGF23;FGF22,Reactome_2022
Reactome_2022,VEGFR2 Mediated Cell Proliferation R-HSA-5218921,3/18,0.0448700862908488,0.5641531074096617,0,0,4.25033407572383,13.192968693110483,ITPR3;PLCG1;HRAS,Reactome_2022
Reactome_2022,Integration Of Energy Metabolism R-HSA-163685,9/105,0.0473424460122329,0.5886244120854294,0,0,1.9972323430493275,6.092253697523214,GNA14;CYSLTR2;ADCY9;PRKAR2B;SLC2A1;CACNA1D;ITPR3;ADRA2C;GNG13,Reactome_2022
Reactome_2022,B-WICH Complex Positively Regulates rRNA Expression R-HSA-5250924,6/59,0.0489830999111201,0.5899381267842545,0,0,2.4091071993253927,7.266541718962824,MYO1E;H2AJ;H2BC21;BAZ1B;POLR2K;POLR2L,Reactome_2022
Reactome_2022,Diseases Associated With TLR Signaling Cascade R-HSA-5602358,4/31,0.0490297102689326,0.5899381267842545,0,0,3.1499236136917297,9.498055492844273,NFKBIA;NDUFA2;TLR4;TLR3,Reactome_2022
Reactome_2022,Nicotinate Metabolism R-HSA-196807,4/31,0.0490297102689326,0.5899381267842545,0,0,3.1499236136917297,9.498055492844273,NADK2;PTGIS;PTGS2;PARP14,Reactome_2022
Reactome_2022,Nicotinamide Salvaging R-HSA-197264,3/19,0.0515535548674127,0.6072466094382623,0,0,3.984479398663697,11.814515780734444,PTGIS;PARP14;PTGS2,Reactome_2022
Reactome_2022,Signaling By FGFR2 IIIa TM R-HSA-8851708,3/19,0.0515535548674127,0.6072466094382623,0,0,3.984479398663697,11.814515780734444,POLR2J;POLR2K;POLR2L,Reactome_2022
Reactome_2022,Glucagon Signaling In Metabolic Regulation R-HSA-163359,4/32,0.0541141804256821,0.626818735213242,0,0,3.037267080745341,8.858672404117343,CYSLTR2;ADCY9;PRKAR2B;GNG13,Reactome_2022
Reactome_2022,SARS-CoV-2 Infection R-HSA-9694516,19/283,0.0547449758205025,0.626818735213242,0,0,1.5369039029753315,4.464812930117302,YWHAE;RPS9;PARP14;RPS15;RPS28;RPS27;RPS19;SNRPD2;RPS29;SNRPG;TLR7;SNRPE;SNRPD3;FAU;SNRPF;VHL;ST3GAL1;RPS21;RPS23,Reactome_2022
Reactome_2022,HIV Transcription Initiation R-HSA-167161,5/46,0.0548956533073259,0.626818735213242,0,0,2.593913327526133,7.528369403660412,TAF15;TAF10;POLR2J;POLR2K;POLR2L,Reactome_2022
Reactome_2022,Regulation Of Insulin Secretion R-HSA-422356,7/77,0.0581643171849627,0.6524493986235065,0,0,2.1285234899328858,6.054549348487313,GNA14;PRKAR2B;SLC2A1;CACNA1D;ITPR3;ADRA2C;GNG13,Reactome_2022
Reactome_2022,SHC-mediated cascade:FGFR1 R-HSA-5654688,3/20,0.0586876045294997,0.6524493986235065,0,0,3.749901742434168,10.632946666400478,FGF23;HRAS;FGF22,Reactome_2022
Reactome_2022,TRIF-mediated Programmed Cell Death R-HSA-2562578,2/9,0.0591309655736946,0.6524493986235065,0,0,6.067694263467344,17.159442651259134,NDUFA2;TLR4,Reactome_2022
Reactome_2022,Signaling By High-Kinase Activity BRAF Mutants R-HSA-6802948,4/33,0.0594725993383357,0.6524493986235065,0,0,2.932379963864222,8.275878820554793,RAP1B;CNKSR2;MAPK1;HRAS,Reactome_2022
Reactome_2022,Inhibition Of DNA Recombination At Telomere R-HSA-9670095,5/48,0.0638056671451683,0.6931897236450808,0,0,2.4730066445182723,6.805499791583736,H2AJ;H2BC21;POLR2J;POLR2K;POLR2L,Reactome_2022
Reactome_2022,Signaling By FGFR3 In Disease R-HSA-5655332,3/21,0.0662580619784241,0.7129112630178526,0,0,3.541388270230141,9.612029425192365,PLCG1;FGF23;HRAS,Reactome_2022
Reactome_2022,Signaling By FGFR1 R-HSA-5654736,5/49,0.0685472116442749,0.7288157176070061,0,0,2.4166751217532467,6.477251324179048,MAPK1;PLCG1;HRAS;FGF23;FGF22,Reactome_2022
Reactome_2022,Ca-dependent Events R-HSA-111996,4/35,0.0709989351141763,0.7288157176070061,0,0,2.7429064624015536,7.2552355530174015,GRK2;ADCY9;PRKAR2B;MAPK1,Reactome_2022
Reactome_2022,Activation Of AP-1 Family Of Transcription Factors R-HSA-450341,2/10,0.0717589577250126,0.7288157176070061,0,0,5.308954393770857,13.986135540985051,MAPK1;FOS,Reactome_2022
Reactome_2022,Calcitonin-like Ligand Receptors R-HSA-419812,2/10,0.0717589577250126,0.7288157176070061,0,0,5.308954393770857,13.986135540985051,CALCR;CALCRL,Reactome_2022
Reactome_2022,Signaling By FGFR4 In Disease R-HSA-5655291,2/10,0.0717589577250126,0.7288157176070061,0,0,5.308954393770857,13.986135540985051,PLCG1;HRAS,Reactome_2022
Reactome_2022,FRS-mediated FGFR1 Signaling R-HSA-5654693,3/22,0.0742493224371748,0.7288157176070061,0,0,3.3548235845739067,8.723637095070822,FGF23;HRAS;FGF22,Reactome_2022
Reactome_2022,Insertion Of Tail-Anchored Proteins Into Endoplasmic Reticulum Membrane R-HSA-9609523,3/22,0.0742493224371748,0.7288157176070061,0,0,3.3548235845739067,8.723637095070822,VAPA;SEC61G;SEC61B,Reactome_2022
Reactome_2022,PINK1-PRKN Mediated Mitophagy R-HSA-5205685,3/22,0.0742493224371748,0.7288157176070061,0,0,3.3548235845739067,8.723637095070822,MAP1LC3A;TOMM7;TOMM6,Reactome_2022
Reactome_2022,SHC-mediated cascade:FGFR2 R-HSA-5654699,3/22,0.0742493224371748,0.7288157176070061,0,0,3.3548235845739067,8.723637095070822,FGF23;HRAS;FGF22,Reactome_2022
Reactome_2022,Signaling By NODAL R-HSA-1181150,3/22,0.0742493224371748,0.7288157176070061,0,0,3.3548235845739067,8.723637095070822,DRAP1;ACVR1C;MAPK1,Reactome_2022
Reactome_2022,Translocation Of SLC2A4 (GLUT4) To Plasma Membrane R-HSA-1445148,5/51,0.0785975695634208,0.7647885247084169,0,0,2.3113596661490683,5.878745693320068,YWHAE;MYO1E;KIF3B;RAB13;LNPEP,Reactome_2022
Reactome_2022,Abortive Elongation Of HIV-1 Transcript In Absence Of Tat R-HSA-167242,3/23,0.0826445873966639,0.7889699059599741,0,0,3.186915367483296,7.945636340750049,POLR2J;POLR2K;POLR2L,Reactome_2022
Reactome_2022,Signaling By NTRK2 (TRKB) R-HSA-9006115,3/23,0.0826445873966639,0.7889699059599741,0,0,3.186915367483296,7.945636340750049,FYN;PLCG1;HRAS,Reactome_2022
Reactome_2022,ESR-mediated Signaling R-HSA-8939211,13/188,0.0832447096287668,0.7889699059599741,0,0,1.583088803088803,3.9355123802042367,JUND;PTGES3;FOS;GNG13;H2AJ;H2BC21;MAPK1;FOSB;HRAS;POLR2J;POLR2K;FKBP5;POLR2L,Reactome_2022
Reactome_2022,Metabolism Of Non-Coding RNA R-HSA-194441,5/52,0.0839029658706317,0.7889699059599741,0,0,2.2620630699088147,5.605605636125313,SNRPD2;SNRPG;SNRPE;SNRPD3;SNRPF,Reactome_2022
Reactome_2022,Estrogen-dependent Gene Expression R-HSA-9018519,9/119,0.0887466210202347,0.8180231004670906,0,0,1.7417549938850387,4.218478210798359,H2AJ;JUND;H2BC21;PTGES3;FOSB;FOS;POLR2J;POLR2K;POLR2L,Reactome_2022
Reactome_2022,Signaling By RAF1 Mutants R-HSA-9656223,4/38,0.0902473018873757,0.8180231004670906,0,0,2.5004918355301986,6.014186909095441,RAP1B;CNKSR2;MAPK1;HRAS,Reactome_2022
Reactome_2022,Downstream Signaling Of Activated FGFR3 R-HSA-5654708,3/24,0.0914260803029348,0.8180231004670906,0,0,3.03499840916322,7.260397548041978,PLCG1;FGF23;HRAS,Reactome_2022
Reactome_2022,FRS-mediated FGFR2 Signaling R-HSA-5654700,3/24,0.0914260803029348,0.8180231004670906,0,0,3.03499840916322,7.260397548041978,FGF23;HRAS;FGF22,Reactome_2022
Reactome_2022,MicroRNA (miRNA) Biogenesis R-HSA-203927,3/24,0.0914260803029348,0.8180231004670906,0,0,3.03499840916322,7.260397548041978,POLR2J;POLR2K;POLR2L,Reactome_2022
Reactome_2022,mTORC1-mediated Signaling R-HSA-166208,3/24,0.0914260803029348,0.8180231004670906,0,0,3.03499840916322,7.260397548041978,EIF4EBP1;LAMTOR2;LAMTOR4,Reactome_2022
Reactome_2022,Signaling By Receptor Tyrosine Kinases R-HSA-9006934,29/496,0.0921098397308788,0.8180231004670906,0,0,1.3268569632438167,3.1642533294870447,GABRB2;SH3GL3;SHC3;ITPR3;RAP1B;STMN1;MAPK1;FYN;PLCG1;APOE;HNRNPA1;MEF2D;POLR2J;HRAS;FGF23;POLR2K;FGF22;POLR2L;EGR1;JUND;EGR4;LAMB3;FOS;F3;FOSL1;PXDN;FOSB;SGK1;MXD4,Reactome_2022
Reactome_2022,Signaling By FGFR3 R-HSA-5654741,4/39,0.0971640798015505,0.8561150023459455,0,0,2.4289218028348465,5.662677010520533,MAPK1;PLCG1;FGF23;HRAS,Reactome_2022
Reactome_2022,PECAM1 Interactions R-HSA-210990,2/12,0.0992362222444778,0.8608165324927958,0,0,4.246718576195773,9.810990881399912,FYN;PLCG1,Reactome_2022
Reactome_2022,Peptide Hormone Biosynthesis R-HSA-209952,2/12,0.0992362222444778,0.8608165324927958,0,0,4.246718576195773,9.810990881399912,POMC;INHBA,Reactome_2022
Reactome_2022,Signaling By FGFR4 R-HSA-5654743,4/40,0.1043205310864012,0.8979590329667921,0,0,2.361327883067013,5.3372789290727765,MAPK1;PLCG1;FGF23;HRAS,Reactome_2022
Reactome_2022,Interleukin-4 And Interleukin-13 Signaling R-HSA-6785807,8/107,0.1098281321276956,0.9104058681871527,0,0,1.7193208682570384,3.797702248471556,POMC;CDKN1A;CEBPD;FOS;OPRM1;PTGS2;FOXO1;SOCS5,Reactome_2022
Reactome_2022,Attenuation Phase R-HSA-3371568,3/26,0.1100729058678466,0.9104058681871527,0,0,2.770795003389174,6.114070479657091,PTGES3;HSPA1B;HSPA1A,Reactome_2022
Reactome_2022,Downstream Signaling Of Activated FGFR4 R-HSA-5654716,3/26,0.1100729058678466,0.9104058681871527,0,0,2.770795003389174,6.114070479657091,PLCG1;FGF23;HRAS,Reactome_2022
Reactome_2022,Paradoxical Activation Of RAF Signaling By Kinase Inactive BRAF R-HSA-6802955,4/41,0.1117095493609284,0.9104058681871527,0,0,2.2973876886920364,5.035536293856041,RAP1B;CNKSR2;MAPK1;HRAS,Reactome_2022
Reactome_2022,Signaling By ERBB4 R-HSA-1236394,5/57,0.1131337214994087,0.9104058681871527,0,0,2.0440204326923075,4.454298224712513,GABRB2;STMN1;APOE;HRAS;MXD4,Reactome_2022
Reactome_2022,FGFRL1 Modulation Of FGFR1 Signaling R-HSA-5658623,2/13,0.1139024321235043,0.9104058681871527,0,0,3.86045100616847,8.38649416634098,FGF23;FGF22,Reactome_2022
Reactome_2022,Mitochondrial Iron-Sulfur Cluster Biogenesis R-HSA-1362409,2/13,0.1139024321235043,0.9104058681871527,0,0,3.86045100616847,8.38649416634098,GLRX5;HSCB,Reactome_2022
Reactome_2022,"PTK6 Regulates RHO GTPases, RAS GTPase And MAP Kinases R-HSA-8849471",2/13,0.1139024321235043,0.9104058681871527,0,0,3.86045100616847,8.38649416634098,PXDN;HRAS,Reactome_2022
Reactome_2022,Phospholipase C-mediated Cascade; FGFR3 R-HSA-5654227,2/13,0.1139024321235043,0.9104058681871527,0,0,3.86045100616847,8.38649416634098,PLCG1;FGF23,Reactome_2022
Reactome_2022,Trafficking And Processing Of Endosomal TLR R-HSA-1679131,2/13,0.1139024321235043,0.9104058681871527,0,0,3.86045100616847,8.38649416634098,TLR7;TLR3,Reactome_2022
Reactome_2022,Positive Epigenetic Regulation Of rRNA Expression R-HSA-5250913,6/74,0.1160771632498262,0.9212081253656428,0,0,1.8762076897798223,4.040413463685699,MYO1E;H2AJ;H2BC21;BAZ1B;POLR2K;POLR2L,Reactome_2022
Reactome_2022,NS1 Mediated Effects On Host Pathways R-HSA-168276,4/42,0.1193236169400649,0.9317187170031614,0,0,2.2368127677052163,4.755276067200992,CPSF4;PABPN1;KPNA3;KPNB1,Reactome_2022
Reactome_2022,RNA Pol II CTD Phosphorylation And Interaction With CE R-HSA-77075,3/27,0.1198994595607285,0.9317187170031614,0,0,2.655206013363029,5.631962053516792,POLR2J;POLR2K;POLR2L,Reactome_2022
Reactome_2022,RNA Polymerase III Transcription Initiation From Type 3 Promoter R-HSA-76071,3/27,0.1198994595607285,0.9317187170031614,0,0,2.655206013363029,5.631962053516792,SNAPC5;POLR2K;POLR2L,Reactome_2022
Reactome_2022,Telomere Maintenance R-HSA-157579,7/92,0.1209751523537929,0.9331483101323356,0,0,1.751519936833794,3.699508052256655,H2AJ;H2BC21;NHP2;GAR1;POLR2J;POLR2K;POLR2L,Reactome_2022
Reactome_2022,Transcriptional Regulation By TP53 R-HSA-3700989,21/354,0.1217512540476505,0.9331483101323356,0,0,1.3448198198198198,2.8318882477542684,COX8A;YWHAE;CDKN1A;COX7B;TAF15;COX4I1;TAF10;FOS;COX5B;COX6A1;COX7C;PRDX5;RBL1;DDIT4;LAMTOR2;COX14;SGK1;LAMTOR4;POLR2J;POLR2K;POLR2L,Reactome_2022
Reactome_2022,Metabolism R-HSA-1430728,103/2049,0.1266935594146871,0.9448645997302804,0,0,1.137710025320238,2.3504907388684964,RPL30;NDUFA13;NDUFA12;COX6A1;RPL8;NUDT3;TM7SF2;RPS15;CYSLTR2;RPS19;RPL36AL;RPL36;RPL35;RPL38;RPL37;GAMT;RPS9;RPL21;RPL23;ADCY9;KPNB1;LIPT2;UQCRB;MGST3;PLA2G3;CACNA1D;ITPR3;SULT1A1;PRKAR2B;SLC19A3;COX14;APOE;PLCG1;ST3GAL1;RPL41;CHKA;IDH2;CIDEA;PARP14;ACADSB;COQ7;GNG13;SEM1;GLUD1;RPS28;RPS27;UQCRQ;RPS29;NDUFAF2;SERINC2;RPS21;ADA;RPS23;COX7B;COX4I1;SLC2A1;DBI;HSCB;COX7C;NADK2;RPLP2;COX8A;PTGIS;GLRX5;NME2;NME3;PTGR1;ADRA2C;NDUFS6;NDUFS5;RPL37A;ANGPTL4;ASPA;NDUFB9;NDUFB8;NDUFB6;NDUFB3;RPL11;NDUFB2;RPL36A;NDUFB1;UQCR11;UQCR10;PTGS2;COX5B;NT5C;GNA14;MAT2A;XDH;NDUFA8;NDUFA5;NDUFA3;PTGES3;NDUFA2;NDUFA1;RPL35A;RPL23A;SGPP1;HS3ST2;POMC;FABP3;VAPA;FAU,Reactome_2022
Reactome_2022,Smooth Muscle Contraction R-HSA-445355,4/43,0.1271548493238485,0.9448645997302804,0,0,2.1793442529228484,4.494569855576692,TRIM72;GUCY1A2;MYL6;PXDN,Reactome_2022
Reactome_2022,Constitutive Signaling By EGFRvIII R-HSA-5637810,2/14,0.1290761804411166,0.9448645997302804,0,0,3.538561364479051,7.244682466121727,PLCG1;HRAS,Reactome_2022
Reactome_2022,Golgi Cisternae Pericentriolar Stack Reorganization R-HSA-162658,2/14,0.1290761804411166,0.9448645997302804,0,0,3.538561364479051,7.244682466121727,PLK1;MAPK1,Reactome_2022
Reactome_2022,"Adrenaline,noradrenaline Inhibits Insulin Secretion R-HSA-400042",3/28,0.1300349851282066,0.9448645997302804,0,0,2.5488641425389758,5.19955986390717,CACNA1D;ADRA2C;GNG13,Reactome_2022
Reactome_2022,DAP12 Signaling R-HSA-2424491,3/28,0.1300349851282066,0.9448645997302804,0,0,2.5488641425389758,5.19955986390717,FYN;PLCG1;HRAS,Reactome_2022
Reactome_2022,Mitophagy R-HSA-5205647,3/28,0.1300349851282066,0.9448645997302804,0,0,2.5488641425389758,5.19955986390717,MAP1LC3A;TOMM7;TOMM6,Reactome_2022
Reactome_2022,Prefoldin Mediated Transfer Of Substrate To CCT/TriC R-HSA-389957,3/28,0.1300349851282066,0.9448645997302804,0,0,2.5488641425389758,5.19955986390717,PFDN1;PFDN2;PFDN6,Reactome_2022
Reactome_2022,Disease R-HSA-1643685,88/1736,0.1309640903671262,0.9454762394891244,0,0,1.1461863647762691,2.3300044494485936,YWHAE;SH3GL3;RPL30;CDKN1A;ZFYVE9;SLC2A1;RPL8;RPS15;CYSLTR2;SNRPD2;RPS19;RPL36AL;H2BC21;RPL36;RPLP2;RPL35;RPL38;SNRPD3;RPL37;KPNA3;HRAS;RPS9;RPL21;IL1R1;RPL23;DUSP9;DYNLL2;CNKSR2;PPM1B;H2AJ;DPM3;ADCY9;SLC9A7;RPL37A;SNRPG;SNRPE;TLR7;SNRPF;SLC25A4;TLR4;KPNB1;TLR3;CALCRL;CEBPD;RPL11;RPL36A;ITPR3;FOXO1;RAP1B;CALCR;PABPN1;PRKAR2B;NTHL1;MAPK1;FYN;VHL;PLCG1;FGF23;ST3GAL1;POLR2J;FGF22;POLR2K;POLR2L;CPSF4;RPL41;TAF15;TAF10;F12;PTGES3;NDUFA2;C1GALT1;RPL35A;RPL23A;PARP14;GNG13;SEM1;NFKBIA;POMC;MYO1E;RPS28;RPS27;RPS29;CALR;FAU;RPS21;ADA;HSPA1A;RPS23,Reactome_2022
Reactome_2022,Transcriptional Regulation By MECP2 R-HSA-8986944,5/60,0.1327172029110055,0.9519907054962512,0,0,1.932224025974026,3.902193484926575,GAMT;OPRM1;SGK1;PVALB;FKBP5,Reactome_2022
Reactome_2022,Regulation Of PTEN Gene Transcription R-HSA-8943724,5/61,0.1395623192284641,0.9752968151324858,0,0,1.8976203762755104,3.736877624997636,CBX8;EGR1;MAPK1;LAMTOR2;LAMTOR4,Reactome_2022
Reactome_2022,Developmental Biology R-HSA-1266738,56/1073,0.1398880802488868,0.9752968151324858,0,0,1.1783025838846124,2.3176182022469445,RPL30;CDKN1A;HIF3A;RPL8;RPS15;RPS19;RPL36AL;H2BC21;RPL36;RPLP2;RPL35;RPL38;RPL37;HRAS;RPS9;EPHA6;SEMA6A;RPL21;RPL23;KRT9;MYL6;H2AJ;RPL37A;ANGPTL4;SHC3;EPHA10;CEBPD;RPL11;RPL36A;CACNA1D;FOXO1;ACVR1C;ST8SIA4;MAPK1;FYN;PLCG1;MEF2D;SRGAP1;POLR2J;POLR2K;POLR2L;RPL41;LGI2;KLK13;RPL35A;RPL23A;FLI1;DRAP1;SEM1;RPS28;RPS27;PTPRA;RPS29;FAU;RPS21;RPS23,Reactome_2022
Reactome_2022,PIWI-interacting RNA (piRNA) Biogenesis R-HSA-5601884,3/29,0.1404593887087527,0.9752968151324858,0,0,2.450702415624465,4.810329084094505,POLR2J;POLR2K;POLR2L,Reactome_2022
Reactome_2022,mRNA Capping R-HSA-72086,3/29,0.1404593887087527,0.9752968151324858,0,0,2.450702415624465,4.810329084094505,POLR2J;POLR2K;POLR2L,Reactome_2022
Reactome_2022,EPHA-mediated Growth Cone Collapse R-HSA-3928663,2/15,0.1446821012618343,0.9752968151324858,0,0,3.266193206126465,6.314258103413552,MYL6;FYN,Reactome_2022
Reactome_2022,IRAK2 Mediated Activation Of TAK1 Complex Upon TLR7/8 Or 9 Stimulation R-HSA-975163,2/15,0.1446821012618343,0.9752968151324858,0,0,3.266193206126465,6.314258103413552,NDUFA2;TLR4,Reactome_2022
Reactome_2022,Phospholipase C-mediated Cascade; FGFR4 R-HSA-5654228,2/15,0.1446821012618343,0.9752968151324858,0,0,3.266193206126465,6.314258103413552,PLCG1;FGF23,Reactome_2022
Reactome_2022,Signaling By ERBB2 ECD Mutants R-HSA-9665348,2/15,0.1446821012618343,0.9752968151324858,0,0,3.266193206126465,6.314258103413552,PLCG1;HRAS,Reactome_2022
Reactome_2022,Signaling By FLT3 ITD And TKD Mutants R-HSA-9703648,2/15,0.1446821012618343,0.9752968151324858,0,0,3.266193206126465,6.314258103413552,CDKN1A;HRAS,Reactome_2022
Reactome_2022,mRNA Decay By 5 To 3 Exoribonuclease R-HSA-430039,2/15,0.1446821012618343,0.9752968151324858,0,0,3.266193206126465,6.314258103413552,LSM7;LSM4,Reactome_2022
Reactome_2022,RHO GTPases Activate PKNs R-HSA-5625740,5/62,0.1465586097428637,0.9820304449237396,0,0,1.8642308897243107,3.5799382509775266,YWHAE;PPP1R14A;H2AJ;MYL6;H2BC21,Reactome_2022
Reactome_2022,Synthesis Of Substrates In N-glycan Biosythesis R-HSA-446219,5/63,0.1537013116314628,0.9859837808304196,0,0,1.8319927647783247,3.430853631886169,DPM3;CMAS;NAGK;ST8SIA4;ST3GAL1,Reactome_2022
Reactome_2022,Regulation Of HSF1-mediated Heat Shock Response R-HSA-3371453,6/81,0.1578663185746141,0.9859837808304196,0,0,1.7004692737430167,3.139077653866998,YWHAE;BAG1;MAPK1;HSPA12B;HSPA1B;HSPA1A,Reactome_2022
Reactome_2022,Cellular Response To Heat Stress R-HSA-3371556,7/99,0.1588068908217528,0.9859837808304196,0,0,1.6176563563855657,2.976595007879628,YWHAE;PTGES3;BAG1;MAPK1;HSPA12B;HSPA1B;HSPA1A,Reactome_2022
Reactome_2022,Caspase Activation Via Death Receptors In Presence Of Ligand R-HSA-140534,2/16,0.1606505758308024,0.9859837808304196,0,0,3.032734784681392,5.545427153764131,NDUFA2;TLR4,Reactome_2022
Reactome_2022,Cell-extracellular Matrix Interactions R-HSA-446353,2/16,0.1606505758308024,0.9859837808304196,0,0,3.032734784681392,5.545427153764131,PXDN;FLNA,Reactome_2022
Reactome_2022,FGFR1 Ligand Binding And Activation R-HSA-190242,2/16,0.1606505758308024,0.9859837808304196,0,0,3.032734784681392,5.545427153764131,FGF23;FGF22,Reactome_2022
Reactome_2022,PKA Activation In Glucagon Signaling R-HSA-164378,2/16,0.1606505758308024,0.9859837808304196,0,0,3.032734784681392,5.545427153764131,ADCY9;PRKAR2B,Reactome_2022
Reactome_2022,Processing Of SMDT1 R-HSA-8949664,2/16,0.1606505758308024,0.9859837808304196,0,0,3.032734784681392,5.545427153764131,SMDT1;PMPCB,Reactome_2022
Reactome_2022,Signaling By NTRK3 (TRKC) R-HSA-9034015,2/16,0.1606505758308024,0.9859837808304196,0,0,3.032734784681392,5.545427153764131,PLCG1;HRAS,Reactome_2022
Reactome_2022,TRAF6-mediated Induction Of TAK1 Complex Within TLR4 Complex R-HSA-937072,2/16,0.1606505758308024,0.9859837808304196,0,0,3.032734784681392,5.545427153764131,NDUFA2;TLR4,Reactome_2022
Reactome_2022,Pausing And Recovery Of Tat-mediated HIV Elongation R-HSA-167238,3/31,0.1620942476039472,0.9859837808304196,0,0,2.275413617562838,4.140291052143741,POLR2J;POLR2K;POLR2L,Reactome_2022
Reactome_2022,SARS-CoV Infections R-HSA-9679506,21/369,0.1622570584688968,0.9859837808304196,0,0,1.285824843260188,2.338366883607908,YWHAE;RPS9;IL1R1;PTGES3;PARP14;RPS15;RPS28;RPS27;RPS19;SNRPD2;RPS29;SNRPG;TLR7;SNRPE;SNRPD3;FAU;SNRPF;VHL;ST3GAL1;RPS21;RPS23,Reactome_2022
Reactome_2022,FOXO-mediated Transcription R-HSA-9614085,5/65,0.1684060921540384,0.9859837808304196,0,0,1.7707403273809523,3.1543560941903444,POMC;CDKN1A;NPY;FBXO32;FOXO1,Reactome_2022
Reactome_2022,Signaling By TGFB Family Members R-HSA-9006936,8/119,0.1685451729082753,0.9859837808304196,0,0,1.532479848269322,2.728659256760974,DRAP1;RBL1;ACVR1C;ZFYVE9;ITGB8;MAPK1;INHBA;F11R,Reactome_2022
Reactome_2022,Antiviral Mechanism By IFN-stimulated Genes R-HSA-1169410,6/83,0.1708710517230345,0.9859837808304196,0,0,1.6561271131103534,2.9261217150615604,PPM1B;FLNA;PLCG1;IFIT1;KPNA3;KPNB1,Reactome_2022
Reactome_2022,Nuclear Signaling By ERBB4 R-HSA-1251985,3/32,0.1732646028119672,0.9859837808304196,0,0,2.1968358805007298,3.850911288344258,STMN1;APOE;MXD4,Reactome_2022
Reactome_2022,Thrombin Signaling Thru Proteinase Activated Receptors (PARs) R-HSA-456926,3/32,0.1732646028119672,0.9859837808304196,0,0,2.1968358805007298,3.850911288344258,GNA14;MAPK1;GNG13,Reactome_2022
Reactome_2022,Potassium Channels R-HSA-1296071,7/102,0.1764893790456772,0.9859837808304196,0,0,1.5663252089956434,2.716782585203906,KCNG1;KCNJ6;KCNH5;KCNA1;KCNA3;KCNA5;GNG13,Reactome_2022
Reactome_2022,Activated Point Mutants Of FGFR2 R-HSA-2033519,2/17,0.1769173685372898,0.9859837808304196,0,0,2.8304041527623287,4.902465196421762,FGF23;FGF22,Reactome_2022
Reactome_2022,Activation Of IRF3/IRF7 Mediated By TBK1/IKK Epsilon R-HSA-936964,2/17,0.1769173685372898,0.9859837808304196,0,0,2.8304041527623287,4.902465196421762,NDUFA2;TLR4,Reactome_2022
Reactome_2022,FOXO-mediated Transcription Of Cell Cycle Genes R-HSA-9617828,2/17,0.1769173685372898,0.9859837808304196,0,0,2.8304041527623287,4.902465196421762,CDKN1A;FOXO1,Reactome_2022
Reactome_2022,Gastrin-CREB Signaling Pathway Via PKC And MAPK R-HSA-881907,2/17,0.1769173685372898,0.9859837808304196,0,0,2.8304041527623287,4.902465196421762,MAPK1;HRAS,Reactome_2022
Reactome_2022,MyD88 Deficiency (TLR2/4) R-HSA-5602498,2/17,0.1769173685372898,0.9859837808304196,0,0,2.8304041527623287,4.902465196421762,NDUFA2;TLR4,Reactome_2022
Reactome_2022,PKA Activation R-HSA-163615,2/17,0.1769173685372898,0.9859837808304196,0,0,2.8304041527623287,4.902465196421762,ADCY9;PRKAR2B,Reactome_2022
Reactome_2022,Purine Catabolism R-HSA-74259,2/17,0.1769173685372898,0.9859837808304196,0,0,2.8304041527623287,4.902465196421762,NT5C;XDH,Reactome_2022
Reactome_2022,RIP-mediated NFkB Activation Via ZBP1 R-HSA-1810476,2/17,0.1769173685372898,0.9859837808304196,0,0,2.8304041527623287,4.902465196421762,NFKBIA;TLR3,Reactome_2022
Reactome_2022,RNA Polymerase III Chain Elongation R-HSA-73780,2/17,0.1769173685372898,0.9859837808304196,0,0,2.8304041527623287,4.902465196421762,POLR2K;POLR2L,Reactome_2022
Reactome_2022,SHC-mediated cascade:FGFR3 R-HSA-5654704,2/17,0.1769173685372898,0.9859837808304196,0,0,2.8304041527623287,4.902465196421762,FGF23;HRAS,Reactome_2022
Reactome_2022,Signaling By EGFR R-HSA-177929,4/49,0.1782254675002288,0.9859837808304196,0,0,1.888170444692184,3.2565386285469624,SH3GL3;PXDN;PLCG1;HRAS,Reactome_2022
Reactome_2022,CaM Pathway R-HSA-111997,3/33,0.1846438061488215,0.9859837808304196,0,0,2.123496659242761,3.587279565562544,GRK2;ADCY9;PRKAR2B,Reactome_2022
Reactome_2022,Cooperation Of Prefoldin And TriC/CCT In Actin And Tubulin Folding R-HSA-389958,3/33,0.1846438061488215,0.9859837808304196,0,0,2.123496659242761,3.587279565562544,PFDN1;PFDN2;PFDN6,Reactome_2022
Reactome_2022,Formation Of Early Elongation Complex R-HSA-113418,3/33,0.1846438061488215,0.9859837808304196,0,0,2.123496659242761,3.587279565562544,POLR2J;POLR2K;POLR2L,Reactome_2022
Reactome_2022,HIV Elongation Arrest And Recovery R-HSA-167287,3/33,0.1846438061488215,0.9859837808304196,0,0,2.123496659242761,3.587279565562544,POLR2J;POLR2K;POLR2L,Reactome_2022
Reactome_2022,Negative Regulation Of FGFR1 Signaling R-HSA-5654726,3/33,0.1846438061488215,0.9859837808304196,0,0,2.123496659242761,3.587279565562544,MAPK1;FGF23;FGF22,Reactome_2022
Reactome_2022,Sialic Acid Metabolism R-HSA-4085001,3/33,0.1846438061488215,0.9859837808304196,0,0,2.123496659242761,3.587279565562544,CMAS;ST8SIA4;ST3GAL1,Reactome_2022
Reactome_2022,Signal Amplification R-HSA-392518,3/33,0.1846438061488215,0.9859837808304196,0,0,2.123496659242761,3.587279565562544,P2RY12;GNA14;GNG13,Reactome_2022
Reactome_2022,Signaling To ERKs R-HSA-187687,3/33,0.1846438061488215,0.9859837808304196,0,0,2.123496659242761,3.587279565562544,SHC3;MAPK1;HRAS,Reactome_2022
Reactome_2022,Antigen processing-Cross Presentation R-HSA-1236975,7/104,0.1887233777038216,0.9859837808304196,0,0,1.533868401024009,2.55768406155236,SEM1;SEC61G;NDUFA2;LNPEP;CALR;SEC61B;TLR4,Reactome_2022
Reactome_2022,Constitutive Signaling By Ligand-Responsive EGFR Cancer Variants R-HSA-1236382,2/18,0.1934232841058967,0.9859837808304196,0,0,2.653364849833148,4.359144946036397,PLCG1;HRAS,Reactome_2022
Reactome_2022,IRAK4 Deficiency (TLR2/4) R-HSA-5603041,2/18,0.1934232841058967,0.9859837808304196,0,0,2.653364849833148,4.359144946036397,NDUFA2;TLR4,Reactome_2022
Reactome_2022,MECP2 Regulates Neuronal Receptors And Channels R-HSA-9022699,2/18,0.1934232841058967,0.9859837808304196,0,0,2.653364849833148,4.359144946036397,OPRM1;FKBP5,Reactome_2022
Reactome_2022,Regulation Of TLR By Endogenous Ligand R-HSA-5686938,2/18,0.1934232841058967,0.9859837808304196,0,0,2.653364849833148,4.359144946036397,NDUFA2;TLR4,Reactome_2022
Reactome_2022,Signaling By FLT3 Fusion Proteins R-HSA-9703465,2/18,0.1934232841058967,0.9859837808304196,0,0,2.653364849833148,4.359144946036397,CDKN1A;HRAS,Reactome_2022
Reactome_2022,Negative Regulation Of FGFR2 Signaling R-HSA-5654727,3/34,0.1962123641196418,0.9859837808304196,0,0,2.054889000646598,3.3465053373156537,MAPK1;FGF23;FGF22,Reactome_2022
Reactome_2022,Transcription Of HIV Genome R-HSA-167172,5/69,0.1993466998421341,0.9859837808304196,0,0,1.6597202845982142,2.67664710164825,TAF15;TAF10;POLR2J;POLR2K;POLR2L,Reactome_2022
Reactome_2022,Chylomicron Clearance R-HSA-8964026,1/5,0.2058671829946707,0.9859837808304196,0,0,5.304166666666666,8.383363039546449,APOE,Reactome_2022
Reactome_2022,Diseases Of Base Excision Repair R-HSA-9605308,1/5,0.2058671829946707,0.9859837808304196,0,0,5.304166666666666,8.383363039546449,NTHL1,Reactome_2022
Reactome_2022,Dopamine Receptors R-HSA-390651,1/5,0.2058671829946707,0.9859837808304196,0,0,5.304166666666666,8.383363039546449,DRD2,Reactome_2022
Reactome_2022,Extrinsic Pathway Of Fibrin Clot Formation R-HSA-140834,1/5,0.2058671829946707,0.9859837808304196,0,0,5.304166666666666,8.383363039546449,F3,Reactome_2022
Reactome_2022,Leukotriene Receptors R-HSA-391906,1/5,0.2058671829946707,0.9859837808304196,0,0,5.304166666666666,8.383363039546449,CYSLTR2,Reactome_2022
Reactome_2022,Reelin Signaling Pathway R-HSA-8866376,1/5,0.2058671829946707,0.9859837808304196,0,0,5.304166666666666,8.383363039546449,FYN,Reactome_2022
Reactome_2022,SARS-CoV-1 Genome Replication And Transcription R-HSA-9679514,1/5,0.2058671829946707,0.9859837808304196,0,0,5.304166666666666,8.383363039546449,VHL,Reactome_2022
Reactome_2022,SARS-CoV-2 Genome Replication And Transcription R-HSA-9694682,1/5,0.2058671829946707,0.9859837808304196,0,0,5.304166666666666,8.383363039546449,VHL,Reactome_2022
Reactome_2022,TFAP2 (AP-2) Family Regulates Transcription Of Cell Cycle Factors R-HSA-8866911,1/5,0.2058671829946707,0.9859837808304196,0,0,5.304166666666666,8.383363039546449,CDKN1A,Reactome_2022
Reactome_2022,VLDL Clearance R-HSA-8964046,1/5,0.2058671829946707,0.9859837808304196,0,0,5.304166666666666,8.383363039546449,APOBR,Reactome_2022
Reactome_2022,Vitamin B1 (Thiamin) Metabolism R-HSA-196819,1/5,0.2058671829946707,0.9859837808304196,0,0,5.304166666666666,8.383363039546449,SLC19A3,Reactome_2022
Reactome_2022,RNA Polymerase III Transcription Initiation R-HSA-76046,3/35,0.2079511252011216,0.9859837808304196,0,0,1.9905693207126949,3.126093972720719,SNAPC5;POLR2K;POLR2L,Reactome_2022
Reactome_2022,Biosynthesis Of Specialized Proresolving Mediators (SPMs) R-HSA-9018678,2/19,0.2101138446624048,0.9859837808304196,0,0,2.497153700189753,3.8958239155139656,PTGR1;PTGS2,Reactome_2022
Reactome_2022,FRS-mediated FGFR3 Signaling R-HSA-5654706,2/19,0.2101138446624048,0.9859837808304196,0,0,2.497153700189753,3.8958239155139656,FGF23;HRAS,Reactome_2022
Reactome_2022,PKA-mediated Phosphorylation Of CREB R-HSA-111931,2/19,0.2101138446624048,0.9859837808304196,0,0,2.497153700189753,3.8958239155139656,ADCY9;PRKAR2B,Reactome_2022
Reactome_2022,SHC-mediated cascade:FGFR4 R-HSA-5654719,2/19,0.2101138446624048,0.9859837808304196,0,0,2.497153700189753,3.8958239155139656,FGF23;HRAS,Reactome_2022
Reactome_2022,Scavenging By Class A Receptors R-HSA-3000480,2/19,0.2101138446624048,0.9859837808304196,0,0,2.497153700189753,3.8958239155139656,APOE;CALR,Reactome_2022
Reactome_2022,Signaling By KIT In Disease R-HSA-9669938,2/19,0.2101138446624048,0.9859837808304196,0,0,2.497153700189753,3.8958239155139656,FYN;HRAS,Reactome_2022
Reactome_2022,Signaling To RAS R-HSA-167044,2/19,0.2101138446624048,0.9859837808304196,0,0,2.497153700189753,3.8958239155139656,SHC3;HRAS,Reactome_2022
Reactome_2022,Anti-inflammatory Response Favoring Leishmania Infection R-HSA-9662851,10/165,0.2111057523306315,0.9859837808304196,0,0,1.3717099308497158,2.1335522427331983,POMC;CYSLTR2;ADCY9;CALCRL;CALCR;PRKAR2B;ITPR3;FYN;PLCG1;GNG13,Reactome_2022
Reactome_2022,ER-Phagosome Pathway R-HSA-1236974,6/89,0.2123350126979331,0.9859837808304196,0,0,1.5359224607928923,2.380050090649195,SEM1;SEC61G;NDUFA2;SEC61B;CALR;TLR4,Reactome_2022
Reactome_2022,Insulin Receptor Signaling Cascade R-HSA-74751,4/53,0.215495739499416,0.9859837808304196,0,0,1.7336700566514232,2.6608613169358977,MAPK1;HRAS;FGF23;FGF22,Reactome_2022
Reactome_2022,HSF1-dependent Transactivation R-HSA-3371571,3/36,0.2198413328046475,0.9859837808304196,0,0,1.930147803199028,2.923882869752912,PTGES3;HSPA1B;HSPA1A,Reactome_2022
Reactome_2022,Signaling By FGFR1 In Disease R-HSA-5655302,3/36,0.2198413328046475,0.9859837808304196,0,0,1.930147803199028,2.923882869752912,PLCG1;FGF23;HRAS,Reactome_2022
Reactome_2022,Transcriptional Regulation By AP-2 (TFAP2) Family Of Transcription Factors R-HSA-8864260,3/36,0.2198413328046475,0.9859837808304196,0,0,1.930147803199028,2.923882869752912,CDKN1A;ATAD2;APOE,Reactome_2022
Reactome_2022,Intracellular Signaling By Second Messengers R-HSA-9006925,17/306,0.2199814849834999,0.9859837808304196,0,0,1.2516635613521427,1.8952838535596208,CBX8;EGR1;CDKN1A;ITPR3;FOXO1;SEM1;ADCY9;GRK2;VAPA;PRKAR2B;MAPK1;LAMTOR2;FYN;PLCG1;LAMTOR4;FGF23;FGF22,Reactome_2022
Reactome_2022,CD209 (DC-SIGN) Signaling R-HSA-5621575,2/20,0.2269389855561014,0.9859837808304196,0,0,2.35829934495118,3.497532640166656,FYN;HRAS,Reactome_2022
Reactome_2022,FGFR2 Ligand Binding And Activation R-HSA-190241,2/20,0.2269389855561014,0.9859837808304196,0,0,2.35829934495118,3.497532640166656,FGF23;FGF22,Reactome_2022
Reactome_2022,Processing Of Intronless Pre-mRNAs R-HSA-77595,2/20,0.2269389855561014,0.9859837808304196,0,0,2.35829934495118,3.497532640166656,CPSF4;PABPN1,Reactome_2022
Reactome_2022,Fc Epsilon Receptor (FCERI) Signaling R-HSA-2454202,8/130,0.2323836821262297,0.9859837808304196,0,0,1.393497696106328,2.0336224217169105,NFKBIA;SEM1;MAPK1;ITPR3;FYN;PLCG1;FOS;HRAS,Reactome_2022
Reactome_2022,Amino Acids Regulate mTORC1 R-HSA-9639288,4/55,0.2348729397626921,0.9859837808304196,0,0,1.6655081207510876,2.412839257126397,SZT2;LAMTOR2;LAMTOR4;FNIP2,Reactome_2022
Reactome_2022,Activated NTRK2 Signals Thru FYN R-HSA-9032500,1/6,0.2416517634220459,0.9859837808304196,0,0,4.243111111111111,6.026310732321328,FYN,Reactome_2022
Reactome_2022,Biosynthesis Of EPA-derived SPMs R-HSA-9018679,1/6,0.2416517634220459,0.9859837808304196,0,0,4.243111111111111,6.026310732321328,PTGS2,Reactome_2022
Reactome_2022,Classical Antibody-Mediated Complement Activation R-HSA-173623,1/6,0.2416517634220459,0.9859837808304196,0,0,4.243111111111111,6.026310732321328,C1QA,Reactome_2022
Reactome_2022,FGFR1b Ligand Binding And Activation R-HSA-190370,1/6,0.2416517634220459,0.9859837808304196,0,0,4.243111111111111,6.026310732321328,FGF22,Reactome_2022
Reactome_2022,FLT3 Signaling Thru SRC Family Kinases R-HSA-9706374,1/6,0.2416517634220459,0.9859837808304196,0,0,4.243111111111111,6.026310732321328,FYN,Reactome_2022
Reactome_2022,Lipid Particle Organization R-HSA-8964572,1/6,0.2416517634220459,0.9859837808304196,0,0,4.243111111111111,6.026310732321328,CIDEA,Reactome_2022
Reactome_2022,Negative Feedback Regulation Of MAPK Pathway R-HSA-5674499,1/6,0.2416517634220459,0.9859837808304196,0,0,4.243111111111111,6.026310732321328,MAPK1,Reactome_2022
Reactome_2022,Phosphorylation Of Emi1 R-HSA-176417,1/6,0.2416517634220459,0.9859837808304196,0,0,4.243111111111111,6.026310732321328,PLK1,Reactome_2022
Reactome_2022,RAS Signaling Downstream Of NF1 Loss-Of-Function Variants R-HSA-6802953,1/6,0.2416517634220459,0.9859837808304196,0,0,4.243111111111111,6.026310732321328,HRAS,Reactome_2022
Reactome_2022,SMAD2/3 Phosphorylation Motif Mutants In Cancer R-HSA-3304356,1/6,0.2416517634220459,0.9859837808304196,0,0,4.243111111111111,6.026310732321328,ZFYVE9,Reactome_2022
Reactome_2022,SOS-mediated Signaling R-HSA-112412,1/6,0.2416517634220459,0.9859837808304196,0,0,4.243111111111111,6.026310732321328,HRAS,Reactome_2022
Reactome_2022,Scavenging By Class F Receptors R-HSA-3000484,1/6,0.2416517634220459,0.9859837808304196,0,0,4.243111111111111,6.026310732321328,CALR,Reactome_2022
Reactome_2022,Suppression Of Apoptosis R-HSA-9635465,1/6,0.2416517634220459,0.9859837808304196,0,0,4.243111111111111,6.026310732321328,MAPK1,Reactome_2022
Reactome_2022,Synthesis Of 15-Eicosatetraenoic Acid Derivatives R-HSA-2142770,1/6,0.2416517634220459,0.9859837808304196,0,0,4.243111111111111,6.026310732321328,PTGS2,Reactome_2022
Reactome_2022,Synthesis Of Lipoxins (LX) R-HSA-2142700,1/6,0.2416517634220459,0.9859837808304196,0,0,4.243111111111111,6.026310732321328,PTGR1,Reactome_2022
Reactome_2022,TLR3-mediated TICAM1-dependent Programmed Cell Death R-HSA-9013957,1/6,0.2416517634220459,0.9859837808304196,0,0,4.243111111111111,6.026310732321328,TLR3,Reactome_2022
Reactome_2022,Virus Assembly And Release R-HSA-168268,1/6,0.2416517634220459,0.9859837808304196,0,0,4.243111111111111,6.026310732321328,CALR,Reactome_2022
Reactome_2022,Azathioprine ADME R-HSA-9748787,2/21,0.2438527691271309,0.9859837808304196,0,0,2.234061237632457,3.152686310029919,NME2;XDH,Reactome_2022
Reactome_2022,FRS-mediated FGFR4 Signaling R-HSA-5654712,2/21,0.2438527691271309,0.9859837808304196,0,0,2.234061237632457,3.152686310029919,FGF23;HRAS,Reactome_2022
Reactome_2022,Nitric Oxide Stimulates Guanylate Cyclase R-HSA-392154,2/21,0.2438527691271309,0.9859837808304196,0,0,2.234061237632457,3.152686310029919,NANOS1;GUCY1A2,Reactome_2022
Reactome_2022,PI-3K cascade:FGFR1 R-HSA-5654689,2/21,0.2438527691271309,0.9859837808304196,0,0,2.234061237632457,3.152686310029919,FGF23;FGF22,Reactome_2022
Reactome_2022,RHO GTPases Activate PAKs R-HSA-5627123,2/21,0.2438527691271309,0.9859837808304196,0,0,2.234061237632457,3.152686310029919,MYL6;FLNA,Reactome_2022
Reactome_2022,Signaling By ERBB2 TMD/JMD Mutants R-HSA-9665686,2/21,0.2438527691271309,0.9859837808304196,0,0,2.234061237632457,3.152686310029919,PLCG1;HRAS,Reactome_2022
Reactome_2022,ZBP1(DAI) Mediated Induction Of Type I IFNs R-HSA-1606322,2/21,0.2438527691271309,0.9859837808304196,0,0,2.234061237632457,3.152686310029919,NFKBIA;TLR3,Reactome_2022
Reactome_2022,Assembly Of ORC Complex At Origin Of Replication R-HSA-68616,3/38,0.2440033035185953,0.9859837808304196,0,0,1.819662742602609,2.566768070528889,H2AJ;H2BC21;KPNB1,Reactome_2022
Reactome_2022,ISG15 Antiviral Mechanism R-HSA-1169408,5/75,0.2489217105686722,0.9859837808304196,0,0,1.5169802295918366,2.1095382643569165,PPM1B;PLCG1;IFIT1;KPNA3;KPNB1,Reactome_2022
Reactome_2022,G Alpha (S) Signaling Events R-HSA-418555,9/153,0.2531116276573069,0.9859837808304196,0,0,1.328125,1.8247437043691477,POMC;CYSLTR2;ADCY9;CALCRL;CALCR;GRK2;PRKAR2B;PDE3A;GNG13,Reactome_2022
Reactome_2022,Transcriptional Regulation By Small RNAs R-HSA-5578749,5/76,0.2574801698001229,0.9859837808304196,0,0,1.4955357142857142,2.0291616595095374,H2AJ;H2BC21;POLR2J;POLR2K;POLR2L,Reactome_2022
Reactome_2022,ADP Signaling Thru P2Y Purinoceptor 12 R-HSA-392170,2/22,0.2608131150271476,0.9859837808304196,0,0,2.1222469410456064,2.8521962435584127,P2RY12;GNG13,Reactome_2022
Reactome_2022,Mitochondrial Calcium Ion Transport R-HSA-8949215,2/22,0.2608131150271476,0.9859837808304196,0,0,2.1222469410456064,2.8521962435584127,SMDT1;PMPCB,Reactome_2022
Reactome_2022,RNA Polymerase III Transcription Termination R-HSA-73980,2/22,0.2608131150271476,0.9859837808304196,0,0,2.1222469410456064,2.8521962435584127,POLR2K;POLR2L,Reactome_2022
Reactome_2022,Response Of Mtb To Phagocytosis R-HSA-9637690,2/22,0.2608131150271476,0.9859837808304196,0,0,2.1222469410456064,2.8521962435584127,MAPK1;KPNB1,Reactome_2022
Reactome_2022,Protein Folding R-HSA-391251,6/96,0.2645125556629244,0.9859837808304196,0,0,1.4159404096834265,1.883011800920417,GNA14;PFDN1;PFDN2;TBCA;PFDN6;GNG13,Reactome_2022
Reactome_2022,Biosynthesis Of N-glycan Precursor (Dolichol LLO) And Transfer To Protein R-HSA-446193,5/77,0.2661078353682305,0.9859837808304196,0,0,1.4746868799603174,1.9522696178299896,DPM3;CMAS;NAGK;ST8SIA4;ST3GAL1,Reactome_2022
Reactome_2022,RNA Polymerase III Abortive And Retractive Initiation R-HSA-749476,3/40,0.2685576930752198,0.9859837808304196,0,0,1.7211220128814784,2.262741066653743,SNAPC5;POLR2K;POLR2L,Reactome_2022
Reactome_2022,Arachidonic Acid Metabolism R-HSA-2142753,4/59,0.2747376016776647,0.9859837808304196,0,0,1.544055944055944,1.9948258028722168,PTGIS;PTGES3;PTGR1;PTGS2,Reactome_2022
Reactome_2022,GABA Receptor Activation R-HSA-977443,4/59,0.2747376016776647,0.9859837808304196,0,0,1.544055944055944,1.9948258028722168,GABRB2;KCNJ6;ADCY9;GNG13,Reactome_2022
Reactome_2022,RNA Polymerase I Promoter Escape R-HSA-73772,4/59,0.2747376016776647,0.9859837808304196,0,0,1.544055944055944,1.9948258028722168,H2AJ;H2BC21;POLR2K;POLR2L,Reactome_2022
Reactome_2022,Transcriptional Regulation Of Granulopoiesis R-HSA-9616222,4/59,0.2747376016776647,0.9859837808304196,0,0,1.544055944055944,1.9948258028722168,CDKN1A;H2AJ;H2BC21;FLI1,Reactome_2022
Reactome_2022,Oncogenic MAPK Signaling R-HSA-6802957,5/78,0.2747989756490945,0.9859837808304196,0,0,1.4544092465753424,1.8786828889909528,CNKSR2;RAP1B;MAPK1;HRAS;DUSP9,Reactome_2022
Reactome_2022,Activated NTRK2 Signals Thru RAS R-HSA-9026519,1/7,0.2758255553737471,0.9859837808304196,0,0,3.535740740740741,4.55398690318193,HRAS,Reactome_2022
Reactome_2022,Activated NTRK3 Signals Thru RAS R-HSA-9034864,1/7,0.2758255553737471,0.9859837808304196,0,0,3.535740740740741,4.55398690318193,HRAS,Reactome_2022
Reactome_2022,"Activation Of NIMA Kinases NEK9, NEK6, NEK7 R-HSA-2980767",1/7,0.2758255553737471,0.9859837808304196,0,0,3.535740740740741,4.55398690318193,PLK1,Reactome_2022
Reactome_2022,Anchoring Fibril Formation R-HSA-2214320,1/7,0.2758255553737471,0.9859837808304196,0,0,3.535740740740741,4.55398690318193,LAMB3,Reactome_2022
Reactome_2022,Aryl Hydrocarbon Receptor Signaling R-HSA-8937144,1/7,0.2758255553737471,0.9859837808304196,0,0,3.535740740740741,4.55398690318193,PTGES3,Reactome_2022
Reactome_2022,Cation-coupled Chloride Cotransporters R-HSA-426117,1/7,0.2758255553737471,0.9859837808304196,0,0,3.535740740740741,4.55398690318193,SLC12A5,Reactome_2022
Reactome_2022,Erythropoietin Activates Phospholipase C Gamma (PLCG) R-HSA-9027277,1/7,0.2758255553737471,0.9859837808304196,0,0,3.535740740740741,4.55398690318193,PLCG1,Reactome_2022
Reactome_2022,IkBA Variant Leads To EDA-ID R-HSA-5603029,1/7,0.2758255553737471,0.9859837808304196,0,0,3.535740740740741,4.55398690318193,NFKBIA,Reactome_2022
Reactome_2022,Inactivation Of CDC42 And RAC1 R-HSA-428543,1/7,0.2758255553737471,0.9859837808304196,0,0,3.535740740740741,4.55398690318193,SRGAP1,Reactome_2022
Reactome_2022,LTC4-CYSLTR Mediated IL4 Production R-HSA-9664535,1/7,0.2758255553737471,0.9859837808304196,0,0,3.535740740740741,4.55398690318193,CYSLTR2,Reactome_2022
Reactome_2022,Loss Of Function Of SMAD2/3 In Cancer R-HSA-3304349,1/7,0.2758255553737471,0.9859837808304196,0,0,3.535740740740741,4.55398690318193,ZFYVE9,Reactome_2022
Reactome_2022,Loss Of Function Of TGFBR1 In Cancer R-HSA-3656534,1/7,0.2758255553737471,0.9859837808304196,0,0,3.535740740740741,4.55398690318193,ZFYVE9,Reactome_2022
Reactome_2022,RSK Activation R-HSA-444257,1/7,0.2758255553737471,0.9859837808304196,0,0,3.535740740740741,4.55398690318193,MAPK1,Reactome_2022
Reactome_2022,RUNX3 Regulates CDKN1A Transcription R-HSA-8941855,1/7,0.2758255553737471,0.9859837808304196,0,0,3.535740740740741,4.55398690318193,CDKN1A,Reactome_2022
Reactome_2022,Vitamin C (Ascorbate) Metabolism R-HSA-196836,1/7,0.2758255553737471,0.9859837808304196,0,0,3.535740740740741,4.55398690318193,SLC2A1,Reactome_2022
Reactome_2022,IKK Complex Recruitment Mediated By RIP1 R-HSA-937041,2/23,0.2777815465957159,0.9859837808304196,0,0,2.0210816250860746,2.588844436680987,NDUFA2;TLR4,Reactome_2022
Reactome_2022,PI-3K cascade:FGFR2 R-HSA-5654695,2/23,0.2777815465957159,0.9859837808304196,0,0,2.0210816250860746,2.588844436680987,FGF23;FGF22,Reactome_2022
Reactome_2022,RAF-independent MAPK1/3 Activation R-HSA-112409,2/23,0.2777815465957159,0.9859837808304196,0,0,2.0210816250860746,2.588844436680987,MAPK1;DUSP9,Reactome_2022
Reactome_2022,Telomere Extension By Telomerase R-HSA-171319,2/23,0.2777815465957159,0.9859837808304196,0,0,2.0210816250860746,2.588844436680987,GAR1;NHP2,Reactome_2022
Reactome_2022,MTOR Signaling R-HSA-165159,3/41,0.2809404409254715,0.9859837808304196,0,0,1.6757414136677995,2.1275423898679477,EIF4EBP1;LAMTOR2;LAMTOR4,Reactome_2022
Reactome_2022,Negative Regulation Of MAPK Pathway R-HSA-5675221,3/41,0.2809404409254715,0.9859837808304196,0,0,1.6757414136677995,2.1275423898679477,MAPK1;HRAS;DUSP9,Reactome_2022
Reactome_2022,Chromosome Maintenance R-HSA-73886,7/118,0.2824862033243111,0.9859837808304196,0,0,1.3394199568696212,1.6931950129356204,H2AJ;H2BC21;NHP2;GAR1;POLR2J;POLR2K;POLR2L,Reactome_2022
Reactome_2022,Signaling By Nuclear Receptors R-HSA-9006931,14/260,0.2845488335997072,0.9859837808304196,0,0,1.209622276606081,1.5203142337898918,JUND;PTGES3;FOS;GNG13;H2AJ;H2BC21;FOSB;MAPK1;APOE;HRAS;POLR2J;POLR2K;FKBP5;POLR2L,Reactome_2022
Reactome_2022,rRNA Modification In Nucleus And Cytosol R-HSA-6790901,4/60,0.2848819153251472,0.9859837808304196,0,0,1.5164038859691034,1.9041188151585204,RPS9;TSR3;NHP2;GAR1,Reactome_2022
Reactome_2022,RNA Polymerase II Pre-transcription Events R-HSA-674695,5/80,0.2923489223444244,0.9859837808304196,0,0,1.4154761904761906,1.7407628820287495,TAF15;TAF10;POLR2J;POLR2K;POLR2L,Reactome_2022
Reactome_2022,Activation Of GABAB Receptors R-HSA-991365,3/42,0.2933725035721102,0.9859837808304196,0,0,1.6326880246702071,2.0021851359966183,KCNJ6;ADCY9;GNG13,Reactome_2022
Reactome_2022,Cleavage Of Damaged Pyrimidine R-HSA-110329,3/42,0.2933725035721102,0.9859837808304196,0,0,1.6326880246702071,2.0021851359966183,H2AJ;NTHL1;H2BC21,Reactome_2022
Reactome_2022,Glucagon-like Peptide-1 (GLP1) Regulates Insulin Secretion R-HSA-381676,3/42,0.2933725035721102,0.9859837808304196,0,0,1.6326880246702071,2.0021851359966183,PRKAR2B;ITPR3;GNG13,Reactome_2022
Reactome_2022,Vasopressin Regulates Renal Water Homeostasis Via Aquaporins R-HSA-432040,3/42,0.2933725035721102,0.9859837808304196,0,0,1.6326880246702071,2.0021851359966183,ADCY9;PRKAR2B;GNG13,Reactome_2022
Reactome_2022,Estrogen-dependent Nuclear Events Downstream Of ESR-membrane Signaling R-HSA-9634638,2/24,0.2947229521904305,0.9859837808304196,0,0,1.9291131560319548,2.356835177855648,MAPK1;FOS,Reactome_2022
Reactome_2022,Signaling By EGFR In Cancer R-HSA-1643713,2/24,0.2947229521904305,0.9859837808304196,0,0,1.9291131560319548,2.356835177855648,PLCG1;HRAS,Reactome_2022
Reactome_2022,Signaling By ERBB2 KD Mutants R-HSA-9664565,2/24,0.2947229521904305,0.9859837808304196,0,0,1.9291131560319548,2.356835177855648,PLCG1;HRAS,Reactome_2022
Reactome_2022,Signaling By Erythropoietin R-HSA-9006335,2/24,0.2947229521904305,0.9859837808304196,0,0,1.9291131560319548,2.356835177855648,PLCG1;HRAS,Reactome_2022
Reactome_2022,Thromboxane Signaling Thru TP Receptor R-HSA-428930,2/24,0.2947229521904305,0.9859837808304196,0,0,1.9291131560319548,2.356835177855648,GNA14;GNG13,Reactome_2022
Reactome_2022,Selective Autophagy R-HSA-9663891,4/61,0.2950797809181348,0.9859837808304196,0,0,1.4897220755344325,1.8182199685140936,MAP1LC3A;TOMM7;DYNLL2;TOMM6,Reactome_2022
Reactome_2022,Senescence-Associated Secretory Phenotype (SASP) R-HSA-2559582,5/81,0.3011964612077021,0.9859837808304196,0,0,1.3967780780075187,1.6761232626153648,CDKN1A;H2AJ;H2BC21;MAPK1;FOS,Reactome_2022
Reactome_2022,TRAF6 Mediated Induction Of NFkB And MAP Kinases Upon TLR7/8 Or 9 Activation R-HSA-975138,6/101,0.3035864252968783,0.9859837808304196,0,0,1.3410643928256396,1.5986680397969937,NFKBIA;NDUFA2;MAPK1;TLR7;FOS;TLR4,Reactome_2022
Reactome_2022,Signaling By BRAF And RAF1 Fusions R-HSA-6802952,4/62,0.3053226193190385,0.9859837808304196,0,0,1.463960327528543,1.7368224663073075,CNKSR2;RAP1B;MAPK1;HRAS,Reactome_2022
Reactome_2022,TP53 Regulates Transcription Of DNA Repair Genes R-HSA-6796648,4/62,0.3053226193190385,0.9859837808304196,0,0,1.463960327528543,1.7368224663073075,FOS;POLR2J;POLR2K;POLR2L,Reactome_2022
Reactome_2022,Cellular Response To Chemical Stress R-HSA-9711123,10/182,0.3054709921841393,0.9859837808304196,0,0,1.2350246652572234,1.4646163147035978,SEM1;COX8A;PRDX5;COX7B;CCS;COX4I1;COX14;COX6A1;COX5B;COX7C,Reactome_2022
Reactome_2022,Condensation Of Prophase Chromosomes R-HSA-2299718,3/43,0.3058388265555228,0.9859837808304196,0,0,1.5917873051224944,1.8857856870293497,H2AJ;H2BC21;PLK1,Reactome_2022
Reactome_2022,DAP12 Interactions R-HSA-2172127,3/43,0.3058388265555228,0.9859837808304196,0,0,1.5917873051224944,1.8857856870293497,FYN;PLCG1;HRAS,Reactome_2022
Reactome_2022,Formation Of HIV-1 Elongation Complex Containing HIV-1 Tat R-HSA-167200,3/43,0.3058388265555228,0.9859837808304196,0,0,1.5917873051224944,1.8857856870293497,POLR2J;POLR2K;POLR2L,Reactome_2022
Reactome_2022,GPER1 Signaling R-HSA-9634597,3/43,0.3058388265555228,0.9859837808304196,0,0,1.5917873051224944,1.8857856870293497,ADCY9;PRKAR2B;GNG13,Reactome_2022
Reactome_2022,CREB3 Factors Activate Genes R-HSA-8874211,1/8,0.3084609886130892,0.9859837808304196,0,0,3.0304761904761905,3.564324569190298,CREB3L1,Reactome_2022
Reactome_2022,DNA Damage Reversal R-HSA-73942,1/8,0.3084609886130892,0.9859837808304196,0,0,3.0304761904761905,3.564324569190298,MGMT,Reactome_2022
Reactome_2022,EGFR Transactivation By Gastrin R-HSA-2179392,1/8,0.3084609886130892,0.9859837808304196,0,0,3.0304761904761905,3.564324569190298,HRAS,Reactome_2022
Reactome_2022,Fatty Acids Bound To GPR40 (FFAR1) Regulate Insulin Secretion R-HSA-434316,1/8,0.3084609886130892,0.9859837808304196,0,0,3.0304761904761905,3.564324569190298,GNA14,Reactome_2022
Reactome_2022,Formyl Peptide Receptors Bind Formyl Peptides And Many Other Ligands R-HSA-444473,1/8,0.3084609886130892,0.9859837808304196,0,0,3.0304761904761905,3.564324569190298,HEBP1,Reactome_2022
Reactome_2022,Nef And Signal Transduction R-HSA-164944,1/8,0.3084609886130892,0.9859837808304196,0,0,3.0304761904761905,3.564324569190298,FYN,Reactome_2022
Reactome_2022,Regulation Of Cytoskeletal Remodeling And Cell Spreading By IPP Complex Components R-HSA-446388,1/8,0.3084609886130892,0.9859837808304196,0,0,3.0304761904761905,3.564324569190298,PXDN,Reactome_2022
Reactome_2022,SHC-related Events Triggered By IGF1R R-HSA-2428933,1/8,0.3084609886130892,0.9859837808304196,0,0,3.0304761904761905,3.564324569190298,HRAS,Reactome_2022
Reactome_2022,Signaling By TGF-beta Receptor Complex In Cancer R-HSA-3304351,1/8,0.3084609886130892,0.9859837808304196,0,0,3.0304761904761905,3.564324569190298,ZFYVE9,Reactome_2022
Reactome_2022,Sodium/Proton Exchangers R-HSA-425986,1/8,0.3084609886130892,0.9859837808304196,0,0,3.0304761904761905,3.564324569190298,SLC9A7,Reactome_2022
Reactome_2022,Synthesis Of UDP-N-acetyl-glucosamine R-HSA-446210,1/8,0.3084609886130892,0.9859837808304196,0,0,3.0304761904761905,3.564324569190298,NAGK,Reactome_2022
Reactome_2022,Ubiquinol Biosynthesis R-HSA-2142789,1/8,0.3084609886130892,0.9859837808304196,0,0,3.0304761904761905,3.564324569190298,COQ7,Reactome_2022
Reactome_2022,MyD88 Dependent Cascade Initiated On Endosome R-HSA-975155,6/102,0.3115299897276709,0.9859837808304196,0,0,1.3270251396648045,1.5476559017054772,NFKBIA;NDUFA2;MAPK1;TLR7;FOS;TLR4,Reactome_2022
Reactome_2022,ADP Signaling Thru P2Y Purinoceptor 1 R-HSA-418592,2/25,0.3116053605847153,0.9859837808304196,0,0,1.845141945156454,2.151468280940726,GNA14;GNG13,Reactome_2022
Reactome_2022,Signaling By ERBB2 In Cancer R-HSA-1227990,2/25,0.3116053605847153,0.9859837808304196,0,0,1.845141945156454,2.151468280940726,PLCG1;HRAS,Reactome_2022
Reactome_2022,Cytosolic Sensors Of Pathogen-Associated DNA R-HSA-1834949,4/63,0.3156020287763499,0.9859837808304196,0,0,1.4390718591160745,1.6596430968059974,NFKBIA;TLR3;POLR2K;POLR2L,Reactome_2022
Reactome_2022,Signaling By MET R-HSA-6806834,4/63,0.3156020287763499,0.9859837808304196,0,0,1.4390718591160745,1.6596430968059974,RAP1B;SH3GL3;LAMB3;HRAS,Reactome_2022
Reactome_2022,"Base-Excision Repair, AP Site Formation R-HSA-73929",3/44,0.3183249560192683,0.9859837808304196,0,0,1.5528817426258894,1.777556623191978,H2AJ;NTHL1;H2BC21,Reactome_2022
Reactome_2022,Interleukin-12 Signaling R-HSA-9020591,3/44,0.3183249560192683,0.9859837808304196,0,0,1.5528817426258894,1.777556623191978,RAP1B;HNRNPDL;IL12RB2,Reactome_2022
Reactome_2022,Toll Like Receptor 7/8 (TLR7/8) Cascade R-HSA-168181,6/103,0.3195073022868148,0.9859837808304196,0,0,1.3132753556413062,1.498414545983359,NFKBIA;NDUFA2;MAPK1;TLR7;FOS;TLR4,Reactome_2022
Reactome_2022,Caspase Activation Via Extrinsic Apoptotic Signaling Pathway R-HSA-5357769,2/26,0.3283997299289451,0.9859837808304196,0,0,1.768168335187245,1.968897388882891,NDUFA2;TLR4,Reactome_2022
Reactome_2022,Constitutive Signaling By AKT1 E17K In Cancer R-HSA-5674400,2/26,0.3283997299289451,0.9859837808304196,0,0,1.768168335187245,1.968897388882891,CDKN1A;FOXO1,Reactome_2022
Reactome_2022,Infection With Mycobacterium Tuberculosis R-HSA-9635486,2/26,0.3283997299289451,0.9859837808304196,0,0,1.768168335187245,1.968897388882891,MAPK1;KPNB1,Reactome_2022
Reactome_2022,RNA Polymerase III Transcription Initiation From Type 2 Promoter R-HSA-76066,2/26,0.3283997299289451,0.9859837808304196,0,0,1.768168335187245,1.968897388882891,POLR2K;POLR2L,Reactome_2022
Reactome_2022,Role Of Phospholipids In Phagocytosis R-HSA-2029485,2/26,0.3283997299289451,0.9859837808304196,0,0,1.768168335187245,1.968897388882891,ITPR3;PLCG1,Reactome_2022
Reactome_2022,Formation Of HIV Elongation Complex In Absence Of HIV Tat R-HSA-167152,3/45,0.3308170444895457,0.9859837808304196,0,0,1.5158288259624562,1.6767943738519375,POLR2J;POLR2K;POLR2L,Reactome_2022
Reactome_2022,ATF6 (ATF6-alpha) Activates Chaperone Genes R-HSA-381183,1/9,0.3396272395853655,0.9859837808304196,0,0,2.651527777777778,2.863402392297936,CALR,Reactome_2022
Reactome_2022,Activated NTRK2 Signals Thru FRS2 And FRS3 R-HSA-9028731,1/9,0.3396272395853655,0.9859837808304196,0,0,2.651527777777778,2.863402392297936,HRAS,Reactome_2022
Reactome_2022,Adenylate Cyclase Activating Pathway R-HSA-170660,1/9,0.3396272395853655,0.9859837808304196,0,0,2.651527777777778,2.863402392297936,ADCY9,Reactome_2022
Reactome_2022,Adrenoceptors R-HSA-390696,1/9,0.3396272395853655,0.9859837808304196,0,0,2.651527777777778,2.863402392297936,ADRA2C,Reactome_2022
Reactome_2022,Chylomicron Assembly R-HSA-8963888,1/9,0.3396272395853655,0.9859837808304196,0,0,2.651527777777778,2.863402392297936,APOE,Reactome_2022
Reactome_2022,Chylomicron Remodeling R-HSA-8963901,1/9,0.3396272395853655,0.9859837808304196,0,0,2.651527777777778,2.863402392297936,APOE,Reactome_2022
Reactome_2022,Displacement Of DNA Glycosylase By APEX1 R-HSA-110357,1/9,0.3396272395853655,0.9859837808304196,0,0,2.651527777777778,2.863402392297936,NTHL1,Reactome_2022
Reactome_2022,EGFR Interacts With Phospholipase C-gamma R-HSA-212718,1/9,0.3396272395853655,0.9859837808304196,0,0,2.651527777777778,2.863402392297936,PLCG1,Reactome_2022
Reactome_2022,GP1b-IX-V Activation Signaling R-HSA-430116,1/9,0.3396272395853655,0.9859837808304196,0,0,2.651527777777778,2.863402392297936,FLNA,Reactome_2022
Reactome_2022,MAPK1 (ERK2) Activation R-HSA-112411,1/9,0.3396272395853655,0.9859837808304196,0,0,2.651527777777778,2.863402392297936,MAPK1,Reactome_2022
Reactome_2022,MET Activates RAS Signaling R-HSA-8851805,1/9,0.3396272395853655,0.9859837808304196,0,0,2.651527777777778,2.863402392297936,HRAS,Reactome_2022
Reactome_2022,Maturation Of Protein 3A R-HSA-9683673,1/9,0.3396272395853655,0.9859837808304196,0,0,2.651527777777778,2.863402392297936,ST3GAL1,Reactome_2022
Reactome_2022,Multifunctional Anion Exchangers R-HSA-427601,1/9,0.3396272395853655,0.9859837808304196,0,0,2.651527777777778,2.863402392297936,SLC26A6,Reactome_2022
Reactome_2022,OAS Antiviral Response R-HSA-8983711,1/9,0.3396272395853655,0.9859837808304196,0,0,2.651527777777778,2.863402392297936,FLNA,Reactome_2022
Reactome_2022,Phase 3 - Rapid Repolarisation R-HSA-5576890,1/9,0.3396272395853655,0.9859837808304196,0,0,2.651527777777778,2.863402392297936,KCNA5,Reactome_2022
Reactome_2022,Serine Biosynthesis R-HSA-977347,1/9,0.3396272395853655,0.9859837808304196,0,0,2.651527777777778,2.863402392297936,SERINC2,Reactome_2022
Reactome_2022,TRAF6 Mediated IRF7 Activation In TLR7/8 Or 9 Signaling R-HSA-975110,1/9,0.3396272395853655,0.9859837808304196,0,0,2.651527777777778,2.863402392297936,TLR7,Reactome_2022
Reactome_2022,Type I Hemidesmosome Assembly R-HSA-446107,1/9,0.3396272395853655,0.9859837808304196,0,0,2.651527777777778,2.863402392297936,LAMB3,Reactome_2022
Reactome_2022,Toll Like Receptor 9 (TLR9) Cascade R-HSA-168138,6/106,0.343603078196199,0.9859837808304196,0,0,1.2736759776536313,1.360627455192834,NFKBIA;NDUFA2;MAPK1;TLR7;FOS;TLR4,Reactome_2022
Reactome_2022,CREB1 Phosphorylation Thru NMDA Receptor-Mediated Activation Of RAS Signaling R-HSA-442742,2/27,0.3450797490465983,0.9859837808304196,0,0,1.6973526140155728,1.805948779380913,MAPK1;HRAS,Reactome_2022
Reactome_2022,Effects Of PIP2 Hydrolysis R-HSA-114508,2/27,0.3450797490465983,0.9859837808304196,0,0,1.6973526140155728,1.805948779380913,ITPR3;DGKI,Reactome_2022
Reactome_2022,Endogenous Sterols R-HSA-211976,2/27,0.3450797490465983,0.9859837808304196,0,0,1.6973526140155728,1.805948779380913,POMC;PTGIS,Reactome_2022
Reactome_2022,FLT3 Signaling In Disease R-HSA-9682385,2/27,0.3450797490465983,0.9859837808304196,0,0,1.6973526140155728,1.805948779380913,CDKN1A;HRAS,Reactome_2022
Reactome_2022,RNA Polymerase III Transcription Initiation From Type 1 Promoter R-HSA-76061,2/27,0.3450797490465983,0.9859837808304196,0,0,1.6973526140155728,1.805948779380913,POLR2K;POLR2L,Reactome_2022
Reactome_2022,Cell Junction Organization R-HSA-446728,5/86,0.3459399405687489,0.9859837808304196,0,0,1.3102127425044092,1.390777856585779,CLDN22;LAMB3;PXDN;FLNA;F11R,Reactome_2022
Reactome_2022,Fcgamma Receptor (FCGR) Dependent Phagocytosis R-HSA-2029480,5/87,0.354952503464999,0.9859837808304196,0,0,1.2941664851916377,1.3404604918012724,MYO1E;MAPK1;ITPR3;FYN;PLCG1,Reactome_2022
Reactome_2022,G Alpha (Z) Signaling Events R-HSA-418597,3/47,0.3557667553145588,0.9859837808304196,0,0,1.4467756630896942,1.4952136320750649,ADCY9;ADRA2C;GNG13,Reactome_2022
Reactome_2022,IRS-mediated Signaling R-HSA-112399,3/47,0.3557667553145588,0.9859837808304196,0,0,1.4467756630896942,1.4952136320750649,FGF23;HRAS;FGF22,Reactome_2022
Reactome_2022,Viral Messenger RNA Synthesis R-HSA-168325,3/47,0.3557667553145588,0.9859837808304196,0,0,1.4467756630896942,1.4952136320750649,POLR2J;POLR2K;POLR2L,Reactome_2022
Reactome_2022,Downstream Signal Transduction R-HSA-186763,2/28,0.3616216508078527,0.9859837808304196,0,0,1.6319842560109523,1.6599838463420926,PLCG1;HRAS,Reactome_2022
Reactome_2022,Interconversion Of Nucleotide Di- And Triphosphates R-HSA-499943,2/28,0.3616216508078527,0.9859837808304196,0,0,1.6319842560109523,1.6599838463420926,NME2;NME3,Reactome_2022
Reactome_2022,MET Promotes Cell Motility R-HSA-8875878,2/28,0.3616216508078527,0.9859837808304196,0,0,1.6319842560109523,1.6599838463420926,RAP1B;LAMB3,Reactome_2022
Reactome_2022,AKT Phosphorylates Targets In Nucleus R-HSA-198693,1/10,0.3693903775787431,0.9859837808304196,0,0,2.3567901234567903,2.347130254310979,FOXO1,Reactome_2022
Reactome_2022,Acetylcholine Regulates Insulin Secretion R-HSA-399997,1/10,0.3693903775787431,0.9859837808304196,0,0,2.3567901234567903,2.347130254310979,GNA14,Reactome_2022
Reactome_2022,Bicarbonate Transporters R-HSA-425381,1/10,0.3693903775787431,0.9859837808304196,0,0,2.3567901234567903,2.347130254310979,SLC4A7,Reactome_2022
Reactome_2022,Competing Endogenous RNAs (ceRNAs) Regulate PTEN Translation R-HSA-8948700,1/10,0.3693903775787431,0.9859837808304196,0,0,2.3567901234567903,2.347130254310979,VAPA,Reactome_2022
Reactome_2022,Constitutive Signaling By Overexpressed ERBB2 R-HSA-9634285,1/10,0.3693903775787431,0.9859837808304196,0,0,2.3567901234567903,2.347130254310979,HRAS,Reactome_2022
Reactome_2022,Creatine Metabolism R-HSA-71288,1/10,0.3693903775787431,0.9859837808304196,0,0,2.3567901234567903,2.347130254310979,GAMT,Reactome_2022
Reactome_2022,Crosslinking Of Collagen Fibrils R-HSA-2243919,1/10,0.3693903775787431,0.9859837808304196,0,0,2.3567901234567903,2.347130254310979,PXDN,Reactome_2022
Reactome_2022,FGFR2b Ligand Binding And Activation R-HSA-190377,1/10,0.3693903775787431,0.9859837808304196,0,0,2.3567901234567903,2.347130254310979,FGF22,Reactome_2022
Reactome_2022,Glucocorticoid Biosynthesis R-HSA-194002,1/10,0.3693903775787431,0.9859837808304196,0,0,2.3567901234567903,2.347130254310979,POMC,Reactome_2022
Reactome_2022,Glycoprotein Hormones R-HSA-209822,1/10,0.3693903775787431,0.9859837808304196,0,0,2.3567901234567903,2.347130254310979,INHBA,Reactome_2022
Reactome_2022,HDL Remodeling R-HSA-8964058,1/10,0.3693903775787431,0.9859837808304196,0,0,2.3567901234567903,2.347130254310979,APOE,Reactome_2022
Reactome_2022,Organic Cation Transport R-HSA-549127,1/10,0.3693903775787431,0.9859837808304196,0,0,2.3567901234567903,2.347130254310979,SLC22A15,Reactome_2022
Reactome_2022,RHOBTB3 ATPase Cycle R-HSA-9706019,1/10,0.3693903775787431,0.9859837808304196,0,0,2.3567901234567903,2.347130254310979,VHL,Reactome_2022
Reactome_2022,Receptor Mediated Mitophagy R-HSA-8934903,1/10,0.3693903775787431,0.9859837808304196,0,0,2.3567901234567903,2.347130254310979,MAP1LC3A,Reactome_2022
Reactome_2022,Regulation Of FOXO Transcriptional Activity By Acetylation R-HSA-9617629,1/10,0.3693903775787431,0.9859837808304196,0,0,2.3567901234567903,2.347130254310979,FOXO1,Reactome_2022
Reactome_2022,Role Of Second Messengers In Netrin-1 Signaling R-HSA-418890,1/10,0.3693903775787431,0.9859837808304196,0,0,2.3567901234567903,2.347130254310979,PLCG1,Reactome_2022
Reactome_2022,STAT5 Activation Downstream Of FLT3 ITD Mutants R-HSA-9702518,1/10,0.3693903775787431,0.9859837808304196,0,0,2.3567901234567903,2.347130254310979,CDKN1A,Reactome_2022
Reactome_2022,Signal Attenuation R-HSA-74749,1/10,0.3693903775787431,0.9859837808304196,0,0,2.3567901234567903,2.347130254310979,MAPK1,Reactome_2022
Reactome_2022,Synthesis Of Pyrophosphates In Cytosol R-HSA-1855167,1/10,0.3693903775787431,0.9859837808304196,0,0,2.3567901234567903,2.347130254310979,NUDT3,Reactome_2022
Reactome_2022,ADORA2B Mediated Anti-Inflammatory Cytokine Production R-HSA-9660821,7/131,0.3774114767429355,0.9859837808304196,0,0,1.1981760121238365,1.167525754910011,POMC;CYSLTR2;ADCY9;CALCRL;CALCR;PRKAR2B;GNG13,Reactome_2022
Reactome_2022,Loss Of Nlp From Mitotic Centrosomes R-HSA-380259,4/69,0.3776008602601875,0.9859837808304196,0,0,1.305822828230855,1.271763791127182,YWHAE;PRKAR2B;CEP131;PLK1,Reactome_2022
Reactome_2022,Activation Of G Protein Gated Potassium Channels R-HSA-1296041,2/29,0.3780040368967788,0.9859837808304196,0,0,1.5714579985992667,1.5287935484896291,KCNJ6;GNG13,Reactome_2022
Reactome_2022,Energy Dependent Regulation Of mTOR By LKB1-AMPK R-HSA-380972,2/29,0.3780040368967788,0.9859837808304196,0,0,1.5714579985992667,1.5287935484896291,LAMTOR2;LAMTOR4,Reactome_2022
Reactome_2022,FCERI Mediated Ca+2 Mobilization R-HSA-2871809,2/29,0.3780040368967788,0.9859837808304196,0,0,1.5714579985992667,1.5287935484896291,ITPR3;PLCG1,Reactome_2022
Reactome_2022,G1/S-Specific Transcription R-HSA-69205,2/29,0.3780040368967788,0.9859837808304196,0,0,1.5714579985992667,1.5287935484896291,CDC45;RBL1,Reactome_2022
Reactome_2022,Negative Regulation Of FGFR3 Signaling R-HSA-5654732,2/29,0.3780040368967788,0.9859837808304196,0,0,1.5714579985992667,1.5287935484896291,MAPK1;FGF23,Reactome_2022
Reactome_2022,EPH-ephrin Mediated Repulsion Of Cells R-HSA-3928665,3/49,0.3805893496793196,0.9859837808304196,0,0,1.383727123075433,1.3367278730920649,EPHA6;EPHA10;FYN,Reactome_2022
Reactome_2022,Signaling By ERBB2 R-HSA-1227986,3/49,0.3805893496793196,0.9859837808304196,0,0,1.383727123075433,1.3367278730920649,FYN;PLCG1;HRAS,Reactome_2022
Reactome_2022,Chaperonin-mediated Protein Folding R-HSA-390466,5/90,0.3820260995632051,0.9859837808304196,0,0,1.2482930672268908,1.2011904125890325,GNA14;PFDN1;PFDN2;PFDN6;GNG13,Reactome_2022
Reactome_2022,Activation Of HOX Genes During Differentiation R-HSA-5619507,5/91,0.3910464433167862,0.9859837808304196,0,0,1.2337131436877076,1.158368980668891,H2AJ;H2BC21;POLR2J;POLR2K;POLR2L,Reactome_2022
Reactome_2022,EPH-Ephrin Signaling R-HSA-2682334,5/91,0.3910464433167862,0.9859837808304196,0,0,1.2337131436877076,1.158368980668891,MYL6;EPHA6;EPHA10;FYN;HRAS,Reactome_2022
Reactome_2022,Signaling By TGF-beta Receptor Complex R-HSA-170834,5/91,0.3910464433167862,0.9859837808304196,0,0,1.2337131436877076,1.158368980668891,RBL1;ZFYVE9;ITGB8;MAPK1;F11R,Reactome_2022
Reactome_2022,MyD88:MAL(TIRAP) Cascade Initiated On Plasma Membrane R-HSA-166058,6/112,0.3921944418543538,0.9859837808304196,0,0,1.201201644355434,1.1243217805964596,NFKBIA;NDUFA2;MAPK1;IRAK3;FOS;TLR4,Reactome_2022
Reactome_2022,Aquaporin-mediated Transport R-HSA-445717,3/50,0.392924799739007,0.9859837808304196,0,0,1.3542150405155664,1.2650224222758757,ADCY9;PRKAR2B;GNG13,Reactome_2022
Reactome_2022,Activation Of BH3-only Proteins R-HSA-114452,2/30,0.3942077128270267,0.9859837808304196,0,0,1.5152550452884157,1.41051655367999,YWHAE;DYNLL2,Reactome_2022
Reactome_2022,MAPK Targets/ Nuclear Events Mediated By MAP Kinases R-HSA-450282,2/30,0.3942077128270267,0.9859837808304196,0,0,1.5152550452884157,1.41051655367999,MAPK1;FOS,Reactome_2022
Reactome_2022,RNA Polymerase I Transcription Termination R-HSA-73863,2/30,0.3942077128270267,0.9859837808304196,0,0,1.5152550452884157,1.41051655367999,POLR2K;POLR2L,Reactome_2022
Reactome_2022,Tight Junction Interactions R-HSA-420029,2/30,0.3942077128270267,0.9859837808304196,0,0,1.5152550452884157,1.41051655367999,CLDN22;F11R,Reactome_2022
Reactome_2022,Translation Of Structural Proteins R-HSA-9683701,2/30,0.3942077128270267,0.9859837808304196,0,0,1.5152550452884157,1.41051655367999,PARP14;ST3GAL1,Reactome_2022
Reactome_2022,ATF6 (ATF6-alpha) Activates Chaperones R-HSA-381033,1/11,0.3978135039141263,0.9859837808304196,0,0,2.121,1.9550783412591732,CALR,Reactome_2022
Reactome_2022,Androgen Biosynthesis R-HSA-193048,1/11,0.3978135039141263,0.9859837808304196,0,0,2.121,1.9550783412591732,POMC,Reactome_2022
Reactome_2022,Aspartate And Asparagine Metabolism R-HSA-8963693,1/11,0.3978135039141263,0.9859837808304196,0,0,2.121,1.9550783412591732,ASPA,Reactome_2022
Reactome_2022,CLEC7A (Dectin-1) Induces NFAT Activation R-HSA-5607763,1/11,0.3978135039141263,0.9859837808304196,0,0,2.121,1.9550783412591732,ITPR3,Reactome_2022
Reactome_2022,Endosomal/Vacuolar Pathway R-HSA-1236977,1/11,0.3978135039141263,0.9859837808304196,0,0,2.121,1.9550783412591732,LNPEP,Reactome_2022
Reactome_2022,Formation Of Apoptosome R-HSA-111458,1/11,0.3978135039141263,0.9859837808304196,0,0,2.121,1.9550783412591732,MAPK1,Reactome_2022
Reactome_2022,Free Fatty Acids Regulate Insulin Secretion R-HSA-400451,1/11,0.3978135039141263,0.9859837808304196,0,0,2.121,1.9550783412591732,GNA14,Reactome_2022
Reactome_2022,MET Activates RAP1 And RAC1 R-HSA-8875555,1/11,0.3978135039141263,0.9859837808304196,0,0,2.121,1.9550783412591732,RAP1B,Reactome_2022
Reactome_2022,Metallothioneins Bind Metals R-HSA-5661231,1/11,0.3978135039141263,0.9859837808304196,0,0,2.121,1.9550783412591732,MT3,Reactome_2022
Reactome_2022,Regulation Of PTEN mRNA Translation R-HSA-8943723,1/11,0.3978135039141263,0.9859837808304196,0,0,2.121,1.9550783412591732,VAPA,Reactome_2022
Reactome_2022,Regulation Of Gene Expression By Hypoxia-inducible Factor R-HSA-1234158,1/11,0.3978135039141263,0.9859837808304196,0,0,2.121,1.9550783412591732,HIF3A,Reactome_2022
Reactome_2022,Regulation Of Signaling By NODAL R-HSA-1433617,1/11,0.3978135039141263,0.9859837808304196,0,0,2.121,1.9550783412591732,ACVR1C,Reactome_2022
Reactome_2022,SUMOylation Of Immune Response Proteins R-HSA-4755510,1/11,0.3978135039141263,0.9859837808304196,0,0,2.121,1.9550783412591732,NFKBIA,Reactome_2022
Reactome_2022,Signaling By PDGFRA Extracellular Domain Mutants R-HSA-9673770,1/11,0.3978135039141263,0.9859837808304196,0,0,2.121,1.9550783412591732,HRAS,Reactome_2022
Reactome_2022,Signaling By Activated Point Mutants Of FGFR1 R-HSA-1839122,1/11,0.3978135039141263,0.9859837808304196,0,0,2.121,1.9550783412591732,FGF23,Reactome_2022
Reactome_2022,"TICAM1,TRAF6-dependent Induction Of TAK1 Complex R-HSA-9014325",1/11,0.3978135039141263,0.9859837808304196,0,0,2.121,1.9550783412591732,TLR3,Reactome_2022
Reactome_2022,Unwinding Of DNA R-HSA-176974,1/11,0.3978135039141263,0.9859837808304196,0,0,2.121,1.9550783412591732,CDC45,Reactome_2022
Reactome_2022,Class B/2 (Secretin Family Receptors) R-HSA-373080,5/92,0.4000568922612617,0.9859837808304196,0,0,1.2194683908045978,1.1172141508555022,CYSLTR2;CALCRL;CALCR;WNT9A;GNG13,Reactome_2022
Reactome_2022,IRS-related Events Triggered By IGF1R R-HSA-2428928,3/51,0.4051958416496898,0.9859837808304196,0,0,1.325932628062361,1.1978273410761144,HRAS;FGF23;FGF22,Reactome_2022
Reactome_2022,Macroautophagy R-HSA-1632852,6/114,0.408404579825182,0.9859837808304196,0,0,1.1788330229671011,1.055641410443463,MAP1LC3A;TOMM7;LAMTOR2;LAMTOR4;DYNLL2;TOMM6,Reactome_2022
Reactome_2022,AURKA Activation By TPX2 R-HSA-8854518,4/72,0.4084761044037649,0.9859837808304196,0,0,1.248016263361532,1.1173762451492584,YWHAE;PRKAR2B;CEP131;PLK1,Reactome_2022
Reactome_2022,Interferon Alpha/Beta Signaling R-HSA-909733,4/72,0.4084761044037649,0.9859837808304196,0,0,1.248016263361532,1.1173762451492584,EGR1;RSAD2;IFIT1;KPNB1,Reactome_2022
Reactome_2022,Oxidative Stress Induced Senescence R-HSA-2559580,5/93,0.4090529401963155,0.9859837808304196,0,0,1.2055473823051948,1.0776516961812994,CBX8;H2AJ;H2BC21;MAPK1;FOS,Reactome_2022
Reactome_2022,VEGFA-VEGFR2 Pathway R-HSA-4420097,5/93,0.4090529401963155,0.9859837808304196,0,0,1.2055473823051948,1.0776516961812994,PXDN;ITPR3;FYN;PLCG1;HRAS,Reactome_2022
Reactome_2022,Antigen Activates B Cell Receptor Leading To Second Messenger Generation R-HSA-983695,2/31,0.4102155332572325,0.9859837808304196,0,0,1.4629281577231406,1.3035751481652975,ITPR3;FYN,Reactome_2022
Reactome_2022,Negative Regulation Of FGFR4 Signaling R-HSA-5654733,2/31,0.4102155332572325,0.9859837808304196,0,0,1.4629281577231406,1.3035751481652975,MAPK1;FGF23,Reactome_2022
Reactome_2022,Formation Of TC-NER Pre-Incision Complex R-HSA-6781823,3/52,0.4173928179393094,0.9859837808304196,0,0,1.2988045997909186,1.1348012844681072,POLR2J;POLR2K;POLR2L,Reactome_2022
Reactome_2022,IGF1R Signaling Cascade R-HSA-2428924,3/52,0.4173928179393094,0.9859837808304196,0,0,1.2988045997909186,1.1348012844681072,HRAS;FGF23;FGF22,Reactome_2022
Reactome_2022,SARS-CoV-1 Infection R-HSA-9678108,3/52,0.4173928179393094,0.9859837808304196,0,0,1.2988045997909186,1.1348012844681072,VHL;PARP14;ST3GAL1,Reactome_2022
Reactome_2022,Transcriptional Activation Of Mitochondrial Biogenesis R-HSA-2151201,3/52,0.4173928179393094,0.9859837808304196,0,0,1.2988045997909186,1.1348012844681072,GLUD1;IDH2;MEF2D,Reactome_2022
Reactome_2022,Extra-nuclear Estrogen Signaling R-HSA-9009391,4/73,0.4187045456851824,0.9859837808304196,0,0,1.2298644434750294,1.07070737758193,MAPK1;FOS;HRAS;GNG13,Reactome_2022
Reactome_2022,Epigenetic Regulation Of Gene Expression R-HSA-212165,6/116,0.4245759154579687,0.9859837808304196,0,0,1.15727780599289,0.9913987600503176,MYO1E;H2AJ;H2BC21;BAZ1B;POLR2K;POLR2L,Reactome_2022
Reactome_2022,ALK Mutants Bind TKIs R-HSA-9700645,1/12,0.4249568851803802,0.9859837808304196,0,0,1.928080808080808,1.6499890121582963,PPM1B,Reactome_2022
Reactome_2022,Butyrophilin (BTN) Family Interactions R-HSA-8851680,1/12,0.4249568851803802,0.9859837808304196,0,0,1.928080808080808,1.6499890121582963,XDH,Reactome_2022
Reactome_2022,CD28 Dependent Vav1 Pathway R-HSA-389359,1/12,0.4249568851803802,0.9859837808304196,0,0,1.928080808080808,1.6499890121582963,FYN,Reactome_2022
Reactome_2022,CREB1 Phosphorylation Thru Activation Of Adenylate Cyclase R-HSA-442720,1/12,0.4249568851803802,0.9859837808304196,0,0,1.928080808080808,1.6499890121582963,PRKAR2B,Reactome_2022
Reactome_2022,Eicosanoids R-HSA-211979,1/12,0.4249568851803802,0.9859837808304196,0,0,1.928080808080808,1.6499890121582963,PTGIS,Reactome_2022
Reactome_2022,FGFR1c Ligand Binding And Activation R-HSA-190373,1/12,0.4249568851803802,0.9859837808304196,0,0,1.928080808080808,1.6499890121582963,FGF23,Reactome_2022
Reactome_2022,FGFR3 Mutant Receptor Activation R-HSA-2033514,1/12,0.4249568851803802,0.9859837808304196,0,0,1.928080808080808,1.6499890121582963,FGF23,Reactome_2022
Reactome_2022,Frs2-mediated Activation R-HSA-170968,1/12,0.4249568851803802,0.9859837808304196,0,0,1.928080808080808,1.6499890121582963,MAPK1,Reactome_2022
Reactome_2022,GRB2 Events In EGFR Signaling R-HSA-179812,1/12,0.4249568851803802,0.9859837808304196,0,0,1.928080808080808,1.6499890121582963,HRAS,Reactome_2022
Reactome_2022,Interleukin-35 Signaling R-HSA-8984722,1/12,0.4249568851803802,0.9859837808304196,0,0,1.928080808080808,1.6499890121582963,IL12RB2,Reactome_2022
Reactome_2022,Maturation Of Nucleoprotein R-HSA-9683610,1/12,0.4249568851803802,0.9859837808304196,0,0,1.928080808080808,1.6499890121582963,PARP14,Reactome_2022
Reactome_2022,P2Y Receptors R-HSA-417957,1/12,0.4249568851803802,0.9859837808304196,0,0,1.928080808080808,1.6499890121582963,P2RY12,Reactome_2022
Reactome_2022,Platelet Adhesion To Exposed Collagen R-HSA-75892,1/12,0.4249568851803802,0.9859837808304196,0,0,1.928080808080808,1.6499890121582963,FYN,Reactome_2022
Reactome_2022,Pyrimidine Catabolism R-HSA-73621,1/12,0.4249568851803802,0.9859837808304196,0,0,1.928080808080808,1.6499890121582963,NT5C,Reactome_2022
Reactome_2022,Regulation Of Localization Of FOXO Transcription Factors R-HSA-9614399,1/12,0.4249568851803802,0.9859837808304196,0,0,1.928080808080808,1.6499890121582963,FOXO1,Reactome_2022
Reactome_2022,TICAM1-dependent Activation Of IRF3/IRF7 R-HSA-9013973,1/12,0.4249568851803802,0.9859837808304196,0,0,1.928080808080808,1.6499890121582963,TLR3,Reactome_2022
Reactome_2022,Transport Of Nucleosides And Free Purine And Pyrimidine Bases Across Plasma Membrane R-HSA-83936,1/12,0.4249568851803802,0.9859837808304196,0,0,1.928080808080808,1.6499890121582963,SLC25A4,Reactome_2022
Reactome_2022,p38MAPK Events R-HSA-171007,1/12,0.4249568851803802,0.9859837808304196,0,0,1.928080808080808,1.6499890121582963,HRAS,Reactome_2022
Reactome_2022,Activation Of Pre-Replicative Complex R-HSA-68962,2/32,0.4260122567569792,0.9859837808304196,0,0,1.414089729328884,1.2066246110992245,CDC45;DBF4,Reactome_2022
Reactome_2022,RNA Polymerase I Promoter Opening R-HSA-73728,2/32,0.4260122567569792,0.9859837808304196,0,0,1.414089729328884,1.2066246110992245,H2AJ;H2BC21,Reactome_2022
Reactome_2022,Metabolism Of Nucleotides R-HSA-15869,5/95,0.4269844117845084,0.9859837808304196,0,0,1.1786334325396826,1.003026212348877,NT5C;NME2;NME3;XDH;ADA,Reactome_2022
Reactome_2022,NoRC Negatively Regulates rRNA Expression R-HSA-427413,4/74,0.4288911899666851,0.9859837808304196,0,0,1.2122312470138557,1.0262168213725922,H2AJ;H2BC21;POLR2K;POLR2L,Reactome_2022
Reactome_2022,RNA Polymerase II Transcribes snRNA Genes R-HSA-6807505,4/74,0.4288911899666851,0.9859837808304196,0,0,1.2122312470138557,1.0262168213725922,SNAPC5;POLR2J;POLR2K;POLR2L,Reactome_2022
Reactome_2022,Signaling By Type 1 Insulin-like Growth Factor 1 Receptor (IGF1R) R-HSA-2404192,3/53,0.4295066385887419,0.9859837808304196,0,0,1.272761692650334,1.0756339194234252,HRAS;FGF23;FGF22,Reactome_2022
Reactome_2022,Neurotransmitter Receptors And Postsynaptic Signal Transmission R-HSA-112314,9/182,0.4359421367971003,0.9859837808304196,0,0,1.1037999948158324,0.916425263606379,GABRB2;GLRA1;KCNJ6;ADCY9;GLRA3;PRKAR2B;MAPK1;HRAS;GNG13,Reactome_2022
Reactome_2022,Leishmania Infection R-HSA-9658195,12/247,0.4363251549061053,0.9859837808304196,0,0,1.0835411531005432,0.8986538665374924,POMC;MYO1E;ADCY9;CYSLTR2;CALCRL;CALCR;PRKAR2B;MAPK1;ITPR3;FYN;PLCG1;GNG13,Reactome_2022
Reactome_2022,PTEN Regulation R-HSA-6807070,7/139,0.4367642543096273,0.9859837808304196,0,0,1.1250847400176258,0.9319771003153432,CBX8;SEM1;EGR1;VAPA;MAPK1;LAMTOR2;LAMTOR4,Reactome_2022
Reactome_2022,Class I MHC Mediated Antigen Processing And Presentation R-HSA-983169,18/378,0.4387876553981679,0.9859837808304196,0,0,1.0610985277463194,0.8740689655305462,ANAPC13;HACE1;ZBTB16;NDUFA2;HUWE1;RNF19B;KLHL11;LNPEP;ASB11;RNF6;FBXO32;SEM1;GAN;SEC61G;CALR;SEC61B;VHL;TLR4,Reactome_2022
Reactome_2022,Interleukin-12 Family Signaling R-HSA-447115,3/54,0.4415287687131423,0.9859837808304196,0,0,1.247740075985851,1.0200426094774595,RAP1B;HNRNPDL;IL12RB2,Reactome_2022
Reactome_2022,Glucagon-type Ligand Receptors R-HSA-420092,2/33,0.4415844092690655,0.9859837808304196,0,0,1.368402167282644,1.118512896706513,CYSLTR2;GNG13,Reactome_2022
Reactome_2022,Packaging Of Telomere Ends R-HSA-171306,2/33,0.4415844092690655,0.9859837808304196,0,0,1.368402167282644,1.118512896706513,H2AJ;H2BC21,Reactome_2022
Reactome_2022,Plasma Lipoprotein Remodeling R-HSA-8963899,2/33,0.4415844092690655,0.9859837808304196,0,0,1.368402167282644,1.118512896706513,APOE;ANGPTL4,Reactome_2022
Reactome_2022,Toll-like Receptor Cascades R-HSA-168898,8/162,0.4467699819082379,0.9859837808304196,0,0,1.102078212940475,0.8879569783942262,NFKBIA;NDUFA2;MAPK1;IRAK3;TLR7;FOS;TLR4;TLR3,Reactome_2022
Reactome_2022,Adenylate Cyclase Inhibitory Pathway R-HSA-170670,1/13,0.4508780803562779,0.9859837808304196,0,0,1.7673148148148148,1.407769298291689,ADCY9,Reactome_2022
Reactome_2022,Advanced Glycosylation Endproduct Receptor Signaling R-HSA-879415,1/13,0.4508780803562779,0.9859837808304196,0,0,1.7673148148148148,1.407769298291689,MAPK1,Reactome_2022
Reactome_2022,Apoptosis Induced DNA Fragmentation R-HSA-140342,1/13,0.4508780803562779,0.9859837808304196,0,0,1.7673148148148148,1.407769298291689,KPNB1,Reactome_2022
Reactome_2022,Chk1/Chk2(Cds1) Mediated Inactivation Of Cyclin B:Cdk1 Complex R-HSA-75035,1/13,0.4508780803562779,0.9859837808304196,0,0,1.7673148148148148,1.407769298291689,YWHAE,Reactome_2022
Reactome_2022,Cytochrome C-Mediated Apoptotic Response R-HSA-111461,1/13,0.4508780803562779,0.9859837808304196,0,0,1.7673148148148148,1.407769298291689,MAPK1,Reactome_2022
Reactome_2022,ERKs Are Inactivated R-HSA-202670,1/13,0.4508780803562779,0.9859837808304196,0,0,1.7673148148148148,1.407769298291689,MAPK1,Reactome_2022
Reactome_2022,Erythropoietin Activates RAS R-HSA-9027284,1/13,0.4508780803562779,0.9859837808304196,0,0,1.7673148148148148,1.407769298291689,HRAS,Reactome_2022
Reactome_2022,FCGR Activation R-HSA-2029481,1/13,0.4508780803562779,0.9859837808304196,0,0,1.7673148148148148,1.407769298291689,FYN,Reactome_2022
Reactome_2022,FGFR2c Ligand Binding And Activation R-HSA-190375,1/13,0.4508780803562779,0.9859837808304196,0,0,1.7673148148148148,1.407769298291689,FGF23,Reactome_2022
Reactome_2022,FGFR3 Ligand Binding And Activation R-HSA-190239,1/13,0.4508780803562779,0.9859837808304196,0,0,1.7673148148148148,1.407769298291689,FGF23,Reactome_2022
Reactome_2022,Glutamate And Glutamine Metabolism R-HSA-8964539,1/13,0.4508780803562779,0.9859837808304196,0,0,1.7673148148148148,1.407769298291689,GLUD1,Reactome_2022
Reactome_2022,Mitotic Telophase/Cytokinesis R-HSA-68884,1/13,0.4508780803562779,0.9859837808304196,0,0,1.7673148148148148,1.407769298291689,PLK1,Reactome_2022
Reactome_2022,NF-kB Is Activated And Signals Survival R-HSA-209560,1/13,0.4508780803562779,0.9859837808304196,0,0,1.7673148148148148,1.407769298291689,NFKBIA,Reactome_2022
Reactome_2022,Purine Salvage R-HSA-74217,1/13,0.4508780803562779,0.9859837808304196,0,0,1.7673148148148148,1.407769298291689,ADA,Reactome_2022
Reactome_2022,SARS-CoV-2 Targets Host Intracellular Signaling And Regulatory Pathways R-HSA-9755779,1/13,0.4508780803562779,0.9859837808304196,0,0,1.7673148148148148,1.407769298291689,YWHAE,Reactome_2022
Reactome_2022,SHC1 Events In EGFR Signaling R-HSA-180336,1/13,0.4508780803562779,0.9859837808304196,0,0,1.7673148148148148,1.407769298291689,HRAS,Reactome_2022
Reactome_2022,SHC1 Events In ERBB4 Signaling R-HSA-1250347,1/13,0.4508780803562779,0.9859837808304196,0,0,1.7673148148148148,1.407769298291689,HRAS,Reactome_2022
Reactome_2022,Suppression Of Phagosomal Maturation R-HSA-9637687,1/13,0.4508780803562779,0.9859837808304196,0,0,1.7673148148148148,1.407769298291689,KPNB1,Reactome_2022
Reactome_2022,Synthesis Of PE R-HSA-1483213,1/13,0.4508780803562779,0.9859837808304196,0,0,1.7673148148148148,1.407769298291689,CHKA,Reactome_2022
Reactome_2022,TFAP2 (AP-2) Family Regulates Transcription Of Growth Factors And Their Receptors R-HSA-8866910,1/13,0.4508780803562779,0.9859837808304196,0,0,1.7673148148148148,1.407769298291689,ATAD2,Reactome_2022
Reactome_2022,Intrinsic Pathway For Apoptosis R-HSA-109606,3/55,0.4534512158392694,0.9859837808304196,0,0,1.2236808291930787,0.9677695056012214,YWHAE;MAPK1;DYNLL2,Reactome_2022
Reactome_2022,Signaling By ALK Fusions And Activated Point Mutants R-HSA-9725370,3/55,0.4534512158392694,0.9859837808304196,0,0,1.2236808291930787,0.9677695056012214,PPM1B;MAPK1;PLCG1,Reactome_2022
Reactome_2022,Cell-Cell Communication R-HSA-1500931,6/120,0.4567011687235242,0.9859837808304196,0,0,1.1164363422522787,0.874980188469539,CLDN22;LAMB3;PXDN;FLNA;FYN;F11R,Reactome_2022
Reactome_2022,DNA Methylation R-HSA-5334118,2/34,0.4569201560447624,0.9859837808304196,0,0,1.3255700778642936,1.0382482785561145,H2AJ;H2BC21,Reactome_2022
Reactome_2022,Detoxification Of Reactive Oxygen Species R-HSA-3299685,2/34,0.4569201560447624,0.9859837808304196,0,0,1.3255700778642936,1.0382482785561145,PRDX5;CCS,Reactome_2022
Reactome_2022,EPHB-mediated Forward Signaling R-HSA-3928662,2/34,0.4569201560447624,0.9859837808304196,0,0,1.3255700778642936,1.0382482785561145,FYN;HRAS,Reactome_2022
Reactome_2022,Negative Epigenetic Regulation Of rRNA Expression R-HSA-5250941,4/77,0.4591442915960575,0.9859837808304196,0,0,1.1622302652677876,0.9046692966256852,H2AJ;H2BC21;POLR2K;POLR2L,Reactome_2022
Reactome_2022,Signaling By Insulin Receptor R-HSA-74752,4/77,0.4591442915960575,0.9859837808304196,0,0,1.1622302652677876,0.9046692966256852,MAPK1;HRAS;FGF23;FGF22,Reactome_2022
Reactome_2022,Deadenylation-dependent mRNA Decay R-HSA-429914,3/56,0.4652665160863192,0.9859837808304196,0,0,1.200529478505694,0.918578989422616,LSM7;PAN3;LSM4,Reactome_2022
Reactome_2022,RNA Polymerase I Promoter Clearance R-HSA-73854,4/78,0.4691088992848938,0.9859837808304196,0,0,1.1464641899424508,0.8677820677182758,H2AJ;H2BC21;POLR2K;POLR2L,Reactome_2022
Reactome_2022,Gene And Protein Expression By JAK-STAT Signaling After Interleukin-12 Stimulation R-HSA-8950505,2/35,0.4720091818702366,0.9859837808304196,0,0,1.2853338726531165,0.9649731971832576,RAP1B;HNRNPDL,Reactome_2022
Reactome_2022,Inwardly Rectifying K+ Channels R-HSA-1296065,2/35,0.4720091818702366,0.9859837808304196,0,0,1.2853338726531165,0.9649731971832576,KCNJ6;GNG13,Reactome_2022
Reactome_2022,Nucleotide Catabolism R-HSA-8956319,2/35,0.4720091818702366,0.9859837808304196,0,0,1.2853338726531165,0.9649731971832576,NT5C;XDH,Reactome_2022
Reactome_2022,Plasma Lipoprotein Clearance R-HSA-8964043,2/35,0.4720091818702366,0.9859837808304196,0,0,1.2853338726531165,0.9649731971832576,APOBR;APOE,Reactome_2022
Reactome_2022,Metabolism Of Water-Soluble Vitamins And Cofactors R-HSA-196849,6/122,0.4726075884554626,0.9859837808304196,0,0,1.0970718551338856,0.8222442284080973,NADK2;PTGIS;SLC19A3;SLC2A1;PARP14;PTGS2,Reactome_2022
Reactome_2022,"Platelet Activation, Signaling And Aggregation R-HSA-76002",12/254,0.4749351065427207,0.9859837808304196,0,0,1.051808606568807,0.7831526042274394,P2RY12;RAP1B;GNA14;HABP4;FLNA;MAPK1;ITPR3;FYN;CYRIB;ADRA2C;DGKI;GNG13,Reactome_2022
Reactome_2022,AKT Phosphorylates Targets In Cytosol R-HSA-198323,1/14,0.4756320623414167,0.9859837808304196,0,0,1.6312820512820514,1.2122231501687917,CDKN1A,Reactome_2022
Reactome_2022,Creation Of C4 And C2 Activators R-HSA-166786,1/14,0.4756320623414167,0.9859837808304196,0,0,1.6312820512820514,1.2122231501687917,C1QA,Reactome_2022
Reactome_2022,DCC Mediated Attractive Signaling R-HSA-418885,1/14,0.4756320623414167,0.9859837808304196,0,0,1.6312820512820514,1.2122231501687917,FYN,Reactome_2022
Reactome_2022,FGFR4 Ligand Binding And Activation R-HSA-190322,1/14,0.4756320623414167,0.9859837808304196,0,0,1.6312820512820514,1.2122231501687917,FGF23,Reactome_2022
Reactome_2022,LGI-ADAM Interactions R-HSA-5682910,1/14,0.4756320623414167,0.9859837808304196,0,0,1.6312820512820514,1.2122231501687917,LGI2,Reactome_2022
Reactome_2022,Methylation R-HSA-156581,1/14,0.4756320623414167,0.9859837808304196,0,0,1.6312820512820514,1.2122231501687917,MAT2A,Reactome_2022
Reactome_2022,Physiological Factors R-HSA-5578768,1/14,0.4756320623414167,0.9859837808304196,0,0,1.6312820512820514,1.2122231501687917,NPPC,Reactome_2022
Reactome_2022,Prolonged ERK Activation Events R-HSA-169893,1/14,0.4756320623414167,0.9859837808304196,0,0,1.6312820512820514,1.2122231501687917,MAPK1,Reactome_2022
Reactome_2022,Response To Metal Ions R-HSA-5660526,1/14,0.4756320623414167,0.9859837808304196,0,0,1.6312820512820514,1.2122231501687917,MT3,Reactome_2022
Reactome_2022,Role Of LAT2/NTAL/LAB On Calcium Mobilization R-HSA-2730905,1/14,0.4756320623414167,0.9859837808304196,0,0,1.6312820512820514,1.2122231501687917,FYN,Reactome_2022
Reactome_2022,SEMA3A-Plexin Repulsion Signaling By Inhibiting Integrin Adhesion R-HSA-399955,1/14,0.4756320623414167,0.9859837808304196,0,0,1.6312820512820514,1.2122231501687917,FYN,Reactome_2022
Reactome_2022,Synthesis Of Bile Acids And Bile Salts Via 24-Hydroxycholesterol R-HSA-193775,1/14,0.4756320623414167,0.9859837808304196,0,0,1.6312820512820514,1.2122231501687917,PTGIS,Reactome_2022
Reactome_2022,TP53 Regulates Transcription Of Genes Involved In G1 Cell Cycle Arrest R-HSA-6804116,1/14,0.4756320623414167,0.9859837808304196,0,0,1.6312820512820514,1.2122231501687917,CDKN1A,Reactome_2022
Reactome_2022,RNA Polymerase I Transcription R-HSA-73864,4/79,0.4790054822294601,0.9859837808304196,0,0,1.1311185432924564,0.8325521534489567,H2AJ;H2BC21;POLR2K;POLR2L,Reactome_2022
Reactome_2022,G Alpha (Q) Signaling Events R-HSA-416476,10/212,0.4867404528337032,0.9859837808304196,0,0,1.0499383271660498,0.7559810555440802,GNA14;CYSLTR2;GRK2;BDKRB2;MAPK1;GPR4;ITPR3;HRAS;DGKI;GNG13,Reactome_2022
Reactome_2022,Activated PKN1 Stimulates Transcription Of Androgen Receptor Regulated KLK2 And KLK3 R-HSA-5625886,2/36,0.4868425779853735,0.9859837808304196,0,0,1.2474645030425964,0.8979429834422732,H2AJ;H2BC21,Reactome_2022
Reactome_2022,Activation Of ATR In Response To Replication Stress R-HSA-176187,2/36,0.4868425779853735,0.9859837808304196,0,0,1.2474645030425964,0.8979429834422732,CDC45;DBF4,Reactome_2022
Reactome_2022,Platelet Aggregation (Plug Formation) R-HSA-76009,2/36,0.4868425779853735,0.9859837808304196,0,0,1.2474645030425964,0.8979429834422732,RAP1B;ADRA2C,Reactome_2022
Reactome_2022,SMAD2/SMAD3:SMAD4 Heterotrimer Regulates Transcription R-HSA-2173796,2/36,0.4868425779853735,0.9859837808304196,0,0,1.2474645030425964,0.8979429834422732,RBL1;MAPK1,Reactome_2022
Reactome_2022,Formation Of RNA Pol II Elongation Complex R-HSA-112382,3/58,0.4885483764257988,0.9859837808304196,0,0,1.156752379024094,0.8286011415377346,POLR2J;POLR2K;POLR2L,Reactome_2022
Reactome_2022,mRNA 3-End Processing R-HSA-72187,3/58,0.4885483764257988,0.9859837808304196,0,0,1.156752379024094,0.8286011415377346,CPSF4;PABPN1;SRSF5,Reactome_2022
Reactome_2022,Signaling By VEGF R-HSA-194138,5/102,0.4886869736696353,0.9859837808304196,0,0,1.09317470544919,0.7827493061178801,PXDN;ITPR3;FYN;PLCG1;HRAS,Reactome_2022
Reactome_2022,Recruitment Of NuMA To Mitotic Centrosomes R-HSA-380320,4/80,0.488829507427145,0.9859837808304196,0,0,1.1161767294490406,0.7988940131528628,YWHAE;PRKAR2B;CEP131;PLK1,Reactome_2022
Reactome_2022,Centrosome Maturation R-HSA-380287,4/81,0.4985766742105815,0.9859837808304196,0,0,1.101623014666493,0.7667272954986014,YWHAE;PRKAR2B;CEP131;PLK1,Reactome_2022
Reactome_2022,Activation Of BAD And Translocation To Mitochondria R-HSA-111447,1/15,0.4992713340757176,0.9859837808304196,0,0,1.5146825396825396,1.0521069369478795,YWHAE,Reactome_2022
Reactome_2022,Defects Of Contact Activation System (CAS) And Kallikrein/Kinin System (KKS) R-HSA-9651496,1/15,0.4992713340757176,0.9859837808304196,0,0,1.5146825396825396,1.0521069369478795,F12,Reactome_2022
Reactome_2022,Diseases Associated With Glycosylation Precursor Biosynthesis R-HSA-5609975,1/15,0.4992713340757176,0.9859837808304196,0,0,1.5146825396825396,1.0521069369478795,DPM3,Reactome_2022
Reactome_2022,Eicosanoid Ligand-Binding Receptors R-HSA-391903,1/15,0.4992713340757176,0.9859837808304196,0,0,1.5146825396825396,1.0521069369478795,CYSLTR2,Reactome_2022
Reactome_2022,Elevation Of Cytosolic Ca2+ Levels R-HSA-139853,1/15,0.4992713340757176,0.9859837808304196,0,0,1.5146825396825396,1.0521069369478795,ITPR3,Reactome_2022
Reactome_2022,GRB2 Events In ERBB2 Signaling R-HSA-1963640,1/15,0.4992713340757176,0.9859837808304196,0,0,1.5146825396825396,1.0521069369478795,HRAS,Reactome_2022
Reactome_2022,GRB2:SOS Provides Linkage To MAPK Signaling For Integrins R-HSA-354194,1/15,0.4992713340757176,0.9859837808304196,0,0,1.5146825396825396,1.0521069369478795,RAP1B,Reactome_2022
Reactome_2022,InlB-mediated Entry Of Listeria Monocytogenes Into Host Cell R-HSA-8875360,1/15,0.4992713340757176,0.9859837808304196,0,0,1.5146825396825396,1.0521069369478795,SH3GL3,Reactome_2022
Reactome_2022,Negative Regulation Of TCF-dependent Signaling By WNT Ligand Antagonists R-HSA-3772470,1/15,0.4992713340757176,0.9859837808304196,0,0,1.5146825396825396,1.0521069369478795,WNT9A,Reactome_2022
Reactome_2022,Organic Cation/Anion/Zwitterion Transport R-HSA-549132,1/15,0.4992713340757176,0.9859837808304196,0,0,1.5146825396825396,1.0521069369478795,SLC22A15,Reactome_2022
Reactome_2022,Synthesis Of Bile Acids And Bile Salts Via 27-Hydroxycholesterol R-HSA-193807,1/15,0.4992713340757176,0.9859837808304196,0,0,1.5146825396825396,1.0521069369478795,PTGIS,Reactome_2022
Reactome_2022,p130Cas Linkage To MAPK Signaling For Integrins R-HSA-372708,1/15,0.4992713340757176,0.9859837808304196,0,0,1.5146825396825396,1.0521069369478795,RAP1B,Reactome_2022
Reactome_2022,O-linked Glycosylation Of Mucins R-HSA-913709,3/59,0.5000025196553655,0.9859837808304196,0,0,1.1360364301622654,0.7874347237542108,C1GALT1;GCNT7;ST3GAL1,Reactome_2022
Reactome_2022,Role Of GTSE1 In G2/M Progression After G2 Checkpoint R-HSA-8852276,3/59,0.5000025196553655,0.9859837808304196,0,0,1.1360364301622654,0.7874347237542108,SEM1;CDKN1A;PLK1,Reactome_2022
Reactome_2022,Cleavage Of Damaged Purine R-HSA-110331,2/37,0.5014127369874103,0.9859837808304196,0,0,1.2117590974098205,0.8365084359223295,H2AJ;H2BC21,Reactome_2022
Reactome_2022,Cooperation Of PDCL (PhLP1) And TRiC/CCT In G-protein Beta Folding R-HSA-6814122,2/37,0.5014127369874103,0.9859837808304196,0,0,1.2117590974098205,0.8365084359223295,GNA14;GNG13,Reactome_2022
Reactome_2022,FLT3 Signaling R-HSA-9607240,2/37,0.5014127369874103,0.9859837808304196,0,0,1.2117590974098205,0.8365084359223295,FYN;HRAS,Reactome_2022
Reactome_2022,Formation Of Fibrin Clot (Clotting Cascade) R-HSA-140877,2/37,0.5014127369874103,0.9859837808304196,0,0,1.2117590974098205,0.8365084359223295,F12;F3,Reactome_2022
Reactome_2022,NCAM1 Interactions R-HSA-419037,2/37,0.5014127369874103,0.9859837808304196,0,0,1.2117590974098205,0.8365084359223295,ST8SIA4;CACNA1D,Reactome_2022
Reactome_2022,SIRT1 Negatively Regulates rRNA Expression R-HSA-427359,2/37,0.5014127369874103,0.9859837808304196,0,0,1.2117590974098205,0.8365084359223295,H2AJ;H2BC21,Reactome_2022
Reactome_2022,Neddylation R-HSA-8951664,11/237,0.5033995537627707,0.9859837808304196,0,0,1.0321318484637565,0.7084254543480546,SEM1;WSB2;GAN;ZBTB16;KLHL11;ASB11;HIF3A;DCAF10;VHL;FBXO32;SOCS5,Reactome_2022
Reactome_2022,Transport Of Inorganic Cations/Anions And Amino Acids/Oligopeptides R-HSA-425393,5/104,0.5058945467900491,0.9859837808304196,0,0,1.0709776334776335,0.7297931154390104,SLC4A7;SLC12A5;SLC9A7;SLC38A2;SLC26A6,Reactome_2022
Reactome_2022,FCGR3A-mediated Phagocytosis R-HSA-9664422,3/60,0.5113246511264186,0.9859837808304196,0,0,1.1160473566990974,0.7485893955317747,MYO1E;MAPK1;FYN,Reactome_2022
Reactome_2022,Recruitment And ATM-mediated Phosphorylation Of Repair And Signal Proteins At DNA Double Strand Breaks R-HSA-5693565,3/60,0.5113246511264186,0.9859837808304196,0,0,1.1160473566990974,0.7485893955317747,EYA1;H2BC21;BAZ1B,Reactome_2022
Reactome_2022,DNA Replication Pre-Initiation R-HSA-69002,6/127,0.5117440305240111,0.9859837808304196,0,0,1.0514612863013066,0.7044062158871368,SEM1;H2AJ;DBF4;CDC45;H2BC21;KPNB1,Reactome_2022
Reactome_2022,PI3K/AKT Signaling In Cancer R-HSA-2219528,5/105,0.5144118863331487,0.9859837808304196,0,0,1.0602120535714286,0.7047558176773454,CDKN1A;FYN;FGF23;FOXO1;FGF22,Reactome_2022
Reactome_2022,Platelet Homeostasis R-HSA-418346,4/83,0.5178243745258572,0.9859837808304196,0,0,1.07362093052792,0.7065704829787042,NANOS1;GUCY1A2;ITPR3;GNG13,Reactome_2022
Reactome_2022,Autophagy R-HSA-9612973,6/128,0.5194436460314322,0.9859837808304196,0,0,1.042787801080685,0.6830228309241313,MAP1LC3A;TOMM7;LAMTOR2;LAMTOR4;DYNLL2;TOMM6,Reactome_2022
Reactome_2022,CRMPs In Sema3A Signaling R-HSA-399956,1/16,0.521846039392957,0.9859837808304196,0,0,1.4136296296296296,0.9194002246365308,FYN,Reactome_2022
Reactome_2022,FOXO-mediated Transcription Of Cell Death Genes R-HSA-9614657,1/16,0.521846039392957,0.9859837808304196,0,0,1.4136296296296296,0.9194002246365308,FOXO1,Reactome_2022
Reactome_2022,Nucleotide-like (Purinergic) Receptors R-HSA-418038,1/16,0.521846039392957,0.9859837808304196,0,0,1.4136296296296296,0.9194002246365308,P2RY12,Reactome_2022
Reactome_2022,Plasma Lipoprotein Assembly R-HSA-8963898,1/16,0.521846039392957,0.9859837808304196,0,0,1.4136296296296296,0.9194002246365308,APOE,Reactome_2022
Reactome_2022,Polo-like Kinase Mediated Events R-HSA-156711,1/16,0.521846039392957,0.9859837808304196,0,0,1.4136296296296296,0.9194002246365308,PLK1,Reactome_2022
Reactome_2022,Rap1 Signaling R-HSA-392517,1/16,0.521846039392957,0.9859837808304196,0,0,1.4136296296296296,0.9194002246365308,RAP1B,Reactome_2022
Reactome_2022,Regulation Of KIT Signaling R-HSA-1433559,1/16,0.521846039392957,0.9859837808304196,0,0,1.4136296296296296,0.9194002246365308,FYN,Reactome_2022
Reactome_2022,SUMOylation Of DNA Methylation Proteins R-HSA-4655427,1/16,0.521846039392957,0.9859837808304196,0,0,1.4136296296296296,0.9194002246365308,CBX8,Reactome_2022
Reactome_2022,Sema3A PAK Dependent Axon Repulsion R-HSA-399954,1/16,0.521846039392957,0.9859837808304196,0,0,1.4136296296296296,0.9194002246365308,FYN,Reactome_2022
Reactome_2022,Spry Regulation Of FGF Signaling R-HSA-1295596,1/16,0.521846039392957,0.9859837808304196,0,0,1.4136296296296296,0.9194002246365308,MAPK1,Reactome_2022
Reactome_2022,TGF-beta Receptor Signaling In EMT (Epithelial To Mesenchymal Transition) R-HSA-2173791,1/16,0.521846039392957,0.9859837808304196,0,0,1.4136296296296296,0.9194002246365308,F11R,Reactome_2022
Reactome_2022,Transcription Of E2F Targets Under Negative Control By P107 (RBL1) And P130 (RBL2) In Complex With HDAC1 R-HSA-1362300,1/16,0.521846039392957,0.9859837808304196,0,0,1.4136296296296296,0.9194002246365308,RBL1,Reactome_2022
Reactome_2022,p75NTR Signals Via NF-kB R-HSA-193639,1/16,0.521846039392957,0.9859837808304196,0,0,1.4136296296296296,0.9194002246365308,NFKBIA,Reactome_2022
Reactome_2022,DNA Damage/Telomere Stress Induced Senescence R-HSA-2559586,3/61,0.522509724783234,0.9859837808304196,0,0,1.096747561631211,0.7119116558757839,CDKN1A;H2AJ;H2BC21,Reactome_2022
Reactome_2022,DNA Double Strand Break Response R-HSA-5693606,3/61,0.522509724783234,0.9859837808304196,0,0,1.096747561631211,0.7119116558757839,EYA1;H2BC21;BAZ1B,Reactome_2022
Reactome_2022,Post NMDA Receptor Activation Events R-HSA-438064,3/61,0.522509724783234,0.9859837808304196,0,0,1.096747561631211,0.7119116558757839,PRKAR2B;MAPK1;HRAS,Reactome_2022
Reactome_2022,MyD88-independent TLR4 Cascade R-HSA-166166,5/107,0.5312594675026063,0.9999959402805172,0,0,1.039314163165266,0.6573711321824935,NFKBIA;NDUFA2;MAPK1;FOS;TLR4,Reactome_2022
Reactome_2022,RAB Geranylgeranylation R-HSA-8873719,3/62,0.5335531309820164,0.9999959402805172,0,0,1.078101996904609,0.6772600344914637,RAB37;RAB24;RAB13,Reactome_2022
Reactome_2022,Gene Silencing By RNA R-HSA-211000,5/108,0.5395844135021158,0.9999959402805172,0,0,1.0291695561719834,0.6349523742217515,H2AJ;H2BC21;POLR2J;POLR2K;POLR2L,Reactome_2022
Reactome_2022,Aberrant Regulation Of Mitotic G1/S Transition In Cancer Due To RB1 Defects R-HSA-9659787,1/17,0.54340406883758,0.9999959402805172,0,0,1.325208333333333,0.8082473378553748,CDKN1A,Reactome_2022
Reactome_2022,Biosynthesis Of DHA-derived SPMs R-HSA-9018677,1/17,0.54340406883758,0.9999959402805172,0,0,1.325208333333333,0.8082473378553748,PTGS2,Reactome_2022
Reactome_2022,Formation Of Senescence-Associated Heterochromatin Foci (SAHF) R-HSA-2559584,1/17,0.54340406883758,0.9999959402805172,0,0,1.325208333333333,0.8082473378553748,CDKN1A,Reactome_2022
Reactome_2022,GAB1 Signalosome R-HSA-180292,1/17,0.54340406883758,0.9999959402805172,0,0,1.325208333333333,0.8082473378553748,PXDN,Reactome_2022
Reactome_2022,IL-6-type Cytokine Receptor Ligand Interactions R-HSA-6788467,1/17,0.54340406883758,0.9999959402805172,0,0,1.325208333333333,0.8082473378553748,CTF1,Reactome_2022
Reactome_2022,MET Activates PTK2 Signaling R-HSA-8874081,1/17,0.54340406883758,0.9999959402805172,0,0,1.325208333333333,0.8082473378553748,LAMB3,Reactome_2022
Reactome_2022,Tie2 Signaling R-HSA-210993,1/17,0.54340406883758,0.9999959402805172,0,0,1.325208333333333,0.8082473378553748,HRAS,Reactome_2022
Reactome_2022,Amine Ligand-Binding Receptors R-HSA-375280,2/40,0.5434852000663929,0.9999959402805172,0,0,1.1159182717639482,0.680434294774487,DRD2;ADRA2C,Reactome_2022
Reactome_2022,RET Signaling R-HSA-8853659,2/40,0.5434852000663929,0.9999959402805172,0,0,1.1159182717639482,0.680434294774487,SHC3;PLCG1,Reactome_2022
Reactome_2022,G Alpha (I) Signaling Events R-HSA-418594,14/312,0.5448682932493961,0.9999959402805172,0,0,0.9957930737044408,0.6046566846181758,P2RY12;ITPR3;OPRM1;ADRA2C;GNG13;HEBP1;POMC;GNA14;ADCY9;GRK2;PRKAR2B;NPY;BDKRB2;MAPK1,Reactome_2022
Reactome_2022,"Transport Of Bile Salts And Organic Acids, Metal Ions And Amine Compounds R-HSA-425366",4/86,0.5460249829320165,0.9999959402805172,0,0,1.0341789705522473,0.6257719200197507,SLC22A15;SLC5A11;SLC5A3;SLC18A2,Reactome_2022
Reactome_2022,Signaling By B Cell Receptor (BCR) R-HSA-983705,5/109,0.547840144744827,0.9999959402805172,0,0,1.0192200377747254,0.6133378168575684,NFKBIA;SEM1;ITPR3;FYN;HRAS,Reactome_2022
Reactome_2022,PIP3 Activates AKT Signaling R-HSA-1257604,12/268,0.5503984114489942,0.9999959402805172,0,0,0.9935496344206974,0.5932612821839774,CBX8;SEM1;EGR1;CDKN1A;VAPA;MAPK1;LAMTOR2;FYN;LAMTOR4;FGF23;FOXO1;FGF22,Reactome_2022
Reactome_2022,Transmission Across Chemical Synapses R-HSA-112315,11/246,0.553640789797365,0.9999959402805172,0,0,0.9921300502032034,0.5865861736070668,GABRB2;GLRA1;KCNJ6;ADCY9;GLRA3;PRKAR2B;MAPK1;HRAS;SLC38A2;SLC18A2;GNG13,Reactome_2022
Reactome_2022,Gap-filling DNA Repair Synthesis And Ligation In TC-NER R-HSA-6782210,3/64,0.5551985858826611,0.9999959402805172,0,0,1.0426448574245135,0.6135229054193824,POLR2J;POLR2K;POLR2L,Reactome_2022
Reactome_2022,Oxygen-dependent Proline Hydroxylation Of Hypoxia-inducible Factor Alpha R-HSA-1234176,3/64,0.5551985858826611,0.9999959402805172,0,0,1.0426448574245135,0.6135229054193824,SEM1;HIF3A;VHL,Reactome_2022
Reactome_2022,Semaphorin Interactions R-HSA-373755,3/64,0.5551985858826611,0.9999959402805172,0,0,1.0426448574245135,0.6135229054193824,MYL6;SEMA6A;FYN,Reactome_2022
Reactome_2022,Regulation Of PLK1 Activity At G2/M Transition R-HSA-2565942,4/87,0.5552332899575795,0.9999959402805172,0,0,1.021665256343098,0.6011140312457252,YWHAE;PRKAR2B;CEP131;PLK1,Reactome_2022
Reactome_2022,Binding And Uptake Of Ligands By Scavenger Receptors R-HSA-2173782,2/41,0.5569490256214714,0.9999959402805172,0,0,1.0872479393057817,0.6363461691349565,APOE;CALR,Reactome_2022
Reactome_2022,Intraflagellar Transport R-HSA-5620924,2/41,0.5569490256214714,0.9999959402805172,0,0,1.0872479393057817,0.6363461691349565,KIF3B;DYNLL2,Reactome_2022
Reactome_2022,"Sensory Perception Of Sweet, Bitter, And Umami (Glutamate) Taste R-HSA-9717207",2/41,0.5569490256214714,0.9999959402805172,0,0,1.0872479393057817,0.6363461691349565,ITPR3;GNG13,Reactome_2022
Reactome_2022,SLC-mediated Transmembrane Transport R-HSA-425407,11/247,0.5591088888400829,0.9999959402805172,0,0,0.9878737383355553,0.5743606902802141,SLC4A7;SLC22A15;SLC12A5;SLC9A7;SLC2A1;SLC5A11;SLC5A3;SLC38A2;SLC25A4;SLC18A2;SLC26A6,Reactome_2022
Reactome_2022,Activation Of SMO R-HSA-5635838,1/18,0.5639911607782555,0.9999959402805172,0,0,1.24718954248366,0.7142862790281297,GRK2,Reactome_2022
Reactome_2022,Acyl Chain Remodelling Of PG R-HSA-1482925,1/18,0.5639911607782555,0.9999959402805172,0,0,1.24718954248366,0.7142862790281297,PLA2G3,Reactome_2022
Reactome_2022,Ephrin Signaling R-HSA-3928664,1/18,0.5639911607782555,0.9999959402805172,0,0,1.24718954248366,0.7142862790281297,FYN,Reactome_2022
Reactome_2022,G Beta:Gamma Signaling Thru BTK R-HSA-8964315,1/18,0.5639911607782555,0.9999959402805172,0,0,1.24718954248366,0.7142862790281297,GNG13,Reactome_2022
Reactome_2022,Norepinephrine Neurotransmitter Release Cycle R-HSA-181430,1/18,0.5639911607782555,0.9999959402805172,0,0,1.24718954248366,0.7142862790281297,SLC18A2,Reactome_2022
Reactome_2022,PI-3K cascade:FGFR3 R-HSA-5654710,1/18,0.5639911607782555,0.9999959402805172,0,0,1.24718954248366,0.7142862790281297,FGF23,Reactome_2022
Reactome_2022,Regulation Of Signaling By CBL R-HSA-912631,1/18,0.5639911607782555,0.9999959402805172,0,0,1.24718954248366,0.7142862790281297,FYN,Reactome_2022
Reactome_2022,Serotonin Neurotransmitter Release Cycle R-HSA-181429,1/18,0.5639911607782555,0.9999959402805172,0,0,1.24718954248366,0.7142862790281297,SLC18A2,Reactome_2022
Reactome_2022,TP53 Regulates Transcription Of Genes Involved In G2 Cell Cycle Arrest R-HSA-6804114,1/18,0.5639911607782555,0.9999959402805172,0,0,1.24718954248366,0.7142862790281297,RBL1,Reactome_2022
Reactome_2022,Dual Incision In TC-NER R-HSA-6782135,3/65,0.5657934509973308,0.9999959402805172,0,0,1.0257741217041454,0.5842052324100585,POLR2J;POLR2K;POLR2L,Reactome_2022
Reactome_2022,RAF/MAP Kinase Cascade R-HSA-5673001,12/271,0.5660836582030746,0.9999959402805172,0,0,0.981884986384424,0.5587057200971914,CNKSR2;RAP1B;SEM1;SHC3;PTPRA;MAPK1;LAMTOR2;FYN;HRAS;DUSP9;FGF23;FGF22,Reactome_2022
Reactome_2022,Defective Pyroptosis R-HSA-9710421,2/42,0.5701278432102205,0.9999959402805172,0,0,1.0600111234705227,0.5956145866049887,H2AJ;H2BC21,Reactome_2022
Reactome_2022,PRC2 Methylates Histones And DNA R-HSA-212300,2/42,0.5701278432102205,0.9999959402805172,0,0,1.0600111234705227,0.5956145866049887,H2AJ;H2BC21,Reactome_2022
Reactome_2022,Signaling By SCF-KIT R-HSA-1433557,2/42,0.5701278432102205,0.9999959402805172,0,0,1.0600111234705227,0.5956145866049887,FYN;HRAS,Reactome_2022
Reactome_2022,Mitochondrial Biogenesis R-HSA-1592230,4/89,0.5733451010014072,0.9999959402805172,0,0,0.9975211489277984,0.5548885688289253,GLUD1;IDH2;MICOS13;MEF2D,Reactome_2022
Reactome_2022,Neuronal System R-HSA-112316,17/386,0.5735398639617985,0.9999959402805172,0,0,0.9761309151553054,0.5426583462108605,KCNG1;GABRB2;KCNJ6;KCNH5;KCNA1;KCNA3;KCNA5;GNG13;GLRA1;ADCY9;GLRA3;PRKAR2B;MAPK1;SLC38A2;HRAS;SLC18A2;SHANK1,Reactome_2022
Reactome_2022,Integrin Cell Surface Interactions R-HSA-216083,3/66,0.5762322490993301,0.9999959402805172,0,0,1.009438964895535,0.5564476666952292,ITGB8;ICAM4;F11R,Reactome_2022
Reactome_2022,RUNX1 Regulates Genes Involved In Megakaryocyte Differentiation And Platelet Function R-HSA-8936459,3/66,0.5762322490993301,0.9999959402805172,0,0,1.009438964895535,0.5564476666952292,H2AJ;NR4A3;H2BC21,Reactome_2022
Reactome_2022,Aflatoxin Activation And Detoxification R-HSA-5423646,1/19,0.5836509982601489,0.9999959402805172,0,0,1.1778395061728395,0.6342101326059947,MGST3,Reactome_2022
Reactome_2022,Assembly Of Active LPL And LIPC Lipase Complexes R-HSA-8963889,1/19,0.5836509982601489,0.9999959402805172,0,0,1.1778395061728395,0.6342101326059947,ANGPTL4,Reactome_2022
Reactome_2022,Defective C1GALT1C1 Causes TNPS R-HSA-5083632,1/19,0.5836509982601489,0.9999959402805172,0,0,1.1778395061728395,0.6342101326059947,C1GALT1,Reactome_2022
Reactome_2022,Initiation Of Nuclear Envelope (NE) Reformation R-HSA-2995383,1/19,0.5836509982601489,0.9999959402805172,0,0,1.1778395061728395,0.6342101326059947,KPNB1,Reactome_2022
Reactome_2022,Listeria Monocytogenes Entry Into Host Cells R-HSA-8876384,1/19,0.5836509982601489,0.9999959402805172,0,0,1.1778395061728395,0.6342101326059947,SH3GL3,Reactome_2022
Reactome_2022,Metabolism Of Cofactors R-HSA-8978934,1/19,0.5836509982601489,0.9999959402805172,0,0,1.1778395061728395,0.6342101326059947,COQ7,Reactome_2022
Reactome_2022,Na+/Cl- Dependent Neurotransmitter Transporters R-HSA-442660,1/19,0.5836509982601489,0.9999959402805172,0,0,1.1778395061728395,0.6342101326059947,SLC18A2,Reactome_2022
Reactome_2022,Nuclear Events Stimulated By ALK Signaling In Cancer R-HSA-9725371,1/19,0.5836509982601489,0.9999959402805172,0,0,1.1778395061728395,0.6342101326059947,MAPK1,Reactome_2022
Reactome_2022,Other Semaphorin Interactions R-HSA-416700,1/19,0.5836509982601489,0.9999959402805172,0,0,1.1778395061728395,0.6342101326059947,SEMA6A,Reactome_2022
Reactome_2022,Prostacyclin Signaling Thru Prostacyclin Receptor R-HSA-392851,1/19,0.5836509982601489,0.9999959402805172,0,0,1.1778395061728395,0.6342101326059947,GNG13,Reactome_2022
Reactome_2022,RAS Processing R-HSA-9648002,1/19,0.5836509982601489,0.9999959402805172,0,0,1.1778395061728395,0.6342101326059947,HRAS,Reactome_2022
Reactome_2022,RHO GTPases Activate ROCKs R-HSA-5627117,1/19,0.5836509982601489,0.9999959402805172,0,0,1.1778395061728395,0.6342101326059947,MYL6,Reactome_2022
Reactome_2022,RHO GTPases Activate CIT R-HSA-5625900,1/19,0.5836509982601489,0.9999959402805172,0,0,1.1778395061728395,0.6342101326059947,MYL6,Reactome_2022
Reactome_2022,Ras Activation Upon Ca2+ Influx Thru NMDA Receptor R-HSA-442982,1/19,0.5836509982601489,0.9999959402805172,0,0,1.1778395061728395,0.6342101326059947,HRAS,Reactome_2022
Reactome_2022,Signaling By PDGFR In Disease R-HSA-9671555,1/19,0.5836509982601489,0.9999959402805172,0,0,1.1778395061728395,0.6342101326059947,HRAS,Reactome_2022
Reactome_2022,"TICAM1, RIP1-mediated IKK Complex Recruitment R-HSA-168927",1/19,0.5836509982601489,0.9999959402805172,0,0,1.1778395061728395,0.6342101326059947,TLR3,Reactome_2022
Reactome_2022,Transcription Of E2F Targets Under Negative Control By DREAM Complex R-HSA-1362277,1/19,0.5836509982601489,0.9999959402805172,0,0,1.1778395061728395,0.6342101326059947,RBL1,Reactome_2022
Reactome_2022,Sensory Processing Of Sound By Inner Hair Cells Of Cochlea R-HSA-9662360,3/67,0.5865123101001657,0.9999959402805172,0,0,0.9936142817371938,0.5301544478267125,MYO1E;CACNA1D;EPS8L2,Reactome_2022
Reactome_2022,Organelle Biogenesis And Maintenance R-HSA-1852241,12/275,0.5866547165057872,0.9999959402805172,0,0,0.9667460768924796,0.5155839054075858,YWHAE;GLUD1;MKKS;KIF3B;PRKAR2B;ARL3;PLK1;CEP131;IDH2;MICOS13;DYNLL2;MEF2D,Reactome_2022
Reactome_2022,PI3K Cascade R-HSA-109704,2/44,0.595624497777401,0.9999959402805172,0,0,1.0094284654907568,0.5230301585762392,FGF23;FGF22,Reactome_2022
Reactome_2022,Sphingolipid De Novo Biosynthesis R-HSA-1660661,2/44,0.595624497777401,0.9999959402805172,0,0,1.0094284654907568,0.5230301585762392,VAPA;SGPP1,Reactome_2022
Reactome_2022,TGF-beta Receptor Signaling Activates SMADs R-HSA-2173789,2/44,0.595624497777401,0.9999959402805172,0,0,1.0094284654907568,0.5230301585762392,ZFYVE9;ITGB8,Reactome_2022
Reactome_2022,MAPK1/MAPK3 Signaling R-HSA-5684996,12/277,0.5967811807734884,0.9999959402805172,0,0,0.9593480060275484,0.4952200111856414,CNKSR2;RAP1B;SEM1;SHC3;PTPRA;MAPK1;LAMTOR2;FYN;HRAS;DUSP9;FGF23;FGF22,Reactome_2022
Reactome_2022,Apoptotic Factor-Mediated Response R-HSA-111471,1/20,0.6024253007889407,0.9999959402805172,0,0,1.1157894736842104,0.5654727364216774,MAPK1,Reactome_2022
Reactome_2022,Class I Peroxisomal Membrane Protein Import R-HSA-9603798,1/20,0.6024253007889407,0.9999959402805172,0,0,1.1157894736842104,0.5654727364216774,FIS1,Reactome_2022
Reactome_2022,G Beta:Gamma Signaling Thru CDC42 R-HSA-8964616,1/20,0.6024253007889407,0.9999959402805172,0,0,1.1157894736842104,0.5654727364216774,GNG13,Reactome_2022
Reactome_2022,G Beta:Gamma Signaling Thru PLC Beta R-HSA-418217,1/20,0.6024253007889407,0.9999959402805172,0,0,1.1157894736842104,0.5654727364216774,GNG13,Reactome_2022
Reactome_2022,PI-3K cascade:FGFR4 R-HSA-5654720,1/20,0.6024253007889407,0.9999959402805172,0,0,1.1157894736842104,0.5654727364216774,FGF23,Reactome_2022
Reactome_2022,Phosphorylation Of APC/C R-HSA-176412,1/20,0.6024253007889407,0.9999959402805172,0,0,1.1157894736842104,0.5654727364216774,PLK1,Reactome_2022
Reactome_2022,Regulation Of Gene Expression In Beta Cells R-HSA-210745,1/20,0.6024253007889407,0.9999959402805172,0,0,1.1157894736842104,0.5654727364216774,FOXO1,Reactome_2022
Reactome_2022,Sema4D Induced Cell Migration And Growth-Cone Collapse R-HSA-416572,1/20,0.6024253007889407,0.9999959402805172,0,0,1.1157894736842104,0.5654727364216774,MYL6,Reactome_2022
Reactome_2022,Signal Transduction By L1 R-HSA-445144,1/20,0.6024253007889407,0.9999959402805172,0,0,1.1157894736842104,0.5654727364216774,MAPK1,Reactome_2022
Reactome_2022,Signaling By Hippo R-HSA-2028269,1/20,0.6024253007889407,0.9999959402805172,0,0,1.1157894736842104,0.5654727364216774,YWHAE,Reactome_2022
Reactome_2022,Cilium Assembly R-HSA-5617833,8/186,0.6036736657667172,0.9999959402805172,0,0,0.9522755010883652,0.4806339341032475,YWHAE;MKKS;KIF3B;PRKAR2B;ARL3;CEP131;PLK1;DYNLL2,Reactome_2022
Reactome_2022,Metabolism Of Vitamins And Cofactors R-HSA-196854,8/186,0.6036736657667172,0.9999959402805172,0,0,0.9522755010883652,0.4806339341032475,NADK2;PTGIS;SLC19A3;SLC2A1;APOE;PARP14;PTGS2;COQ7,Reactome_2022
Reactome_2022,Toll Like Receptor 4 (TLR4) Cascade R-HSA-166016,6/140,0.6075578432304202,0.9999959402805172,0,0,0.9488034686900692,0.4727962574546179,NFKBIA;NDUFA2;MAPK1;IRAK3;FOS;TLR4,Reactome_2022
Reactome_2022,ERCC6 (CSB) And EHMT2 (G9a) Positively Regulate rRNA Expression R-HSA-427389,2/45,0.6079411143338995,0.9999959402805172,0,0,0.9859016478257496,0.4906608239471267,H2AJ;H2BC21,Reactome_2022
Reactome_2022,Heme Signaling R-HSA-9707616,2/45,0.6079411143338995,0.9999959402805172,0,0,0.9859016478257496,0.4906608239471267,MEF2D;TLR4,Reactome_2022
Reactome_2022,Interleukin-10 Signaling R-HSA-6783783,2/45,0.6079411143338995,0.9999959402805172,0,0,0.9859016478257496,0.4906608239471267,IL1R1;PTGS2,Reactome_2022
Reactome_2022,RNA Polymerase I Transcription Initiation R-HSA-73762,2/46,0.6199701622451909,0.9999959402805172,0,0,0.963444230963697,0.460607201877948,POLR2K;POLR2L,Reactome_2022
Reactome_2022,Branched-chain Amino Acid Catabolism R-HSA-70895,1/21,0.6203539132010867,0.9999959402805172,0,0,1.0599444444444444,0.5060865183821718,ACADSB,Reactome_2022
Reactome_2022,CTLA4 Inhibitory Signaling R-HSA-389513,1/21,0.6203539132010867,0.9999959402805172,0,0,1.0599444444444444,0.5060865183821718,FYN,Reactome_2022
Reactome_2022,Cellular Hexose Transport R-HSA-189200,1/21,0.6203539132010867,0.9999959402805172,0,0,1.0599444444444444,0.5060865183821718,SLC2A1,Reactome_2022
Reactome_2022,Citric Acid Cycle (TCA Cycle) R-HSA-71403,1/21,0.6203539132010867,0.9999959402805172,0,0,1.0599444444444444,0.5060865183821718,IDH2,Reactome_2022
Reactome_2022,Deregulated CDK5 Triggers Neurodegenerative Pathways In Alzheimers Disease Models R-HSA-8862803,1/21,0.6203539132010867,0.9999959402805172,0,0,1.0599444444444444,0.5060865183821718,YWHAE,Reactome_2022
Reactome_2022,Initial Triggering Of Complement R-HSA-166663,1/21,0.6203539132010867,0.9999959402805172,0,0,1.0599444444444444,0.5060865183821718,C1QA,Reactome_2022
Reactome_2022,Intrinsic Pathway Of Fibrin Clot Formation R-HSA-140837,1/21,0.6203539132010867,0.9999959402805172,0,0,1.0599444444444444,0.5060865183821718,F12,Reactome_2022
Reactome_2022,Negative Regulation Of MET Activity R-HSA-6807004,1/21,0.6203539132010867,0.9999959402805172,0,0,1.0599444444444444,0.5060865183821718,SH3GL3,Reactome_2022
Reactome_2022,Presynaptic Function Of Kainate Receptors R-HSA-500657,1/21,0.6203539132010867,0.9999959402805172,0,0,1.0599444444444444,0.5060865183821718,GNG13,Reactome_2022
Reactome_2022,SHC1 Events In ERBB2 Signaling R-HSA-1250196,1/21,0.6203539132010867,0.9999959402805172,0,0,1.0599444444444444,0.5060865183821718,HRAS,Reactome_2022
Reactome_2022,Synthesis Of Leukotrienes (LT) And Eoxins (EX) R-HSA-2142691,1/21,0.6203539132010867,0.9999959402805172,0,0,1.0599444444444444,0.5060865183821718,PTGR1,Reactome_2022
Reactome_2022,"Synthesis, Secretion, And Inactivation Of Glucagon-like Peptide-1 (GLP-1) R-HSA-381771",1/21,0.6203539132010867,0.9999959402805172,0,0,1.0599444444444444,0.5060865183821718,GNG13,Reactome_2022
Reactome_2022,P75 NTR Receptor-Mediated Signaling R-HSA-193704,4/95,0.6250808133698709,0.9999959402805172,0,0,0.931456503362858,0.4376675062285757,YWHAE;NFKBIA;BEX3;ARHGEF3,Reactome_2022
Reactome_2022,Diseases Of Programmed Cell Death R-HSA-9645723,3/71,0.6260033687525448,0.9999959402805172,0,0,0.9349698676798114,0.4379394433154939,YWHAE;H2AJ;H2BC21,Reactome_2022
Reactome_2022,"Plasma Lipoprotein Assembly, Remodeling, And Clearance R-HSA-174824",3/71,0.6260033687525448,0.9999959402805172,0,0,0.9349698676798114,0.4379394433154939,APOBR;ANGPTL4;APOE,Reactome_2022
Reactome_2022,Neutrophil Degranulation R-HSA-6798695,20/468,0.6285731765608891,0.9999959402805172,0,0,0.9451009404897032,0.4388130386990482,CD53;CSTB;DDX3X;CD93;IST1;NDUFA2;NME2;HUWE1;PDAP1;RAP1B;PRDX5;VAPA;RAB37;RAB24;MAPK1;LAMTOR2;PLEKHO2;HSPA1B;KPNB1;HSPA1A,Reactome_2022
Reactome_2022,Antigen Processing: Ubiquitination And Proteasome Degradation R-HSA-983168,13/307,0.630335368700678,0.9999959402805172,0,0,0.9363891953177668,0.432146675597798,ANAPC13;HACE1;ZBTB16;HUWE1;RNF19B;KLHL11;LNPEP;ASB11;RNF6;FBXO32;SEM1;GAN;VHL,Reactome_2022
Reactome_2022,Cyclin D Associated Events In G1 R-HSA-69231,2/47,0.6317125263405784,0.9999959402805172,0,0,0.9419849215177356,0.4326733164421292,CDKN1A;RBL1,Reactome_2022
Reactome_2022,Sensory Perception Of Taste R-HSA-9717189,2/47,0.6317125263405784,0.9999959402805172,0,0,0.9419849215177356,0.4326733164421292,ITPR3;GNG13,Reactome_2022
Reactome_2022,Base Excision Repair R-HSA-73884,3/72,0.6354610684073846,0.9999959402805172,0,0,0.9213711629708532,0.417753786854473,H2AJ;NTHL1;H2BC21,Reactome_2022
Reactome_2022,Cytosolic Sulfonation Of Small Molecules R-HSA-156584,1/22,0.6374748891236101,0.9999959402805172,0,0,1.009417989417989,0.4544807515859362,SULT1A1,Reactome_2022
Reactome_2022,ERK/MAPK Targets R-HSA-198753,1/22,0.6374748891236101,0.9999959402805172,0,0,1.009417989417989,0.4544807515859362,MAPK1,Reactome_2022
Reactome_2022,Laminin Interactions R-HSA-3000157,1/22,0.6374748891236101,0.9999959402805172,0,0,1.009417989417989,0.4544807515859362,LAMB3,Reactome_2022
Reactome_2022,Nephrin Family Interactions R-HSA-373753,1/22,0.6374748891236101,0.9999959402805172,0,0,1.009417989417989,0.4544807515859362,FYN,Reactome_2022
Reactome_2022,Anchoring Of Basal Body To Plasma Membrane R-HSA-5620912,4/97,0.6414130105435581,0.9999959402805172,0,0,0.9113292815957612,0.4047046633081969,YWHAE;PRKAR2B;CEP131;PLK1,Reactome_2022
Reactome_2022,Inositol Phosphate Metabolism R-HSA-1483249,2/48,0.6431695948223506,0.9999959402805172,0,0,0.9214586255259468,0.4066828470066713,PLCG1;NUDT3,Reactome_2022
Reactome_2022,Cellular Response To Hypoxia R-HSA-1234174,3/73,0.6447506260644367,0.9999959402805172,0,0,0.9081609926821508,0.3985842885336782,SEM1;HIF3A;VHL,Reactome_2022
Reactome_2022,BBSome-mediated Cargo-Targeting To Cilium R-HSA-5620922,1/23,0.6538245717686761,0.9999959402805172,0,0,0.9634848484848484,0.4094003228816074,MKKS,Reactome_2022
Reactome_2022,CD28 Dependent PI3K/Akt Signaling R-HSA-389357,1/23,0.6538245717686761,0.9999959402805172,0,0,0.9634848484848484,0.4094003228816074,FYN,Reactome_2022
Reactome_2022,Dopamine Neurotransmitter Release Cycle R-HSA-212676,1/23,0.6538245717686761,0.9999959402805172,0,0,0.9634848484848484,0.4094003228816074,SLC18A2,Reactome_2022
Reactome_2022,Glutamate Neurotransmitter Release Cycle R-HSA-210500,1/23,0.6538245717686761,0.9999959402805172,0,0,0.9634848484848484,0.4094003228816074,SLC38A2,Reactome_2022
Reactome_2022,Miscellaneous Transport And Binding Events R-HSA-5223345,1/23,0.6538245717686761,0.9999959402805172,0,0,0.9634848484848484,0.4094003228816074,MRS2,Reactome_2022
Reactome_2022,Nucleotide Salvage R-HSA-8956321,1/23,0.6538245717686761,0.9999959402805172,0,0,0.9634848484848484,0.4094003228816074,ADA,Reactome_2022
Reactome_2022,Post-chaperonin Tubulin Folding Pathway R-HSA-389977,1/23,0.6538245717686761,0.9999959402805172,0,0,0.9634848484848484,0.4094003228816074,TBCA,Reactome_2022
Reactome_2022,Triglyceride Catabolism R-HSA-163560,1/23,0.6538245717686761,0.9999959402805172,0,0,0.9634848484848484,0.4094003228816074,FABP3,Reactome_2022
Reactome_2022,Activation Of NMDA Receptors And Postsynaptic Events R-HSA-442755,3/74,0.6538714395502205,0.9999959402805172,0,0,0.8953229398663697,0.3803730468347782,PRKAR2B;MAPK1;HRAS,Reactome_2022
Reactome_2022,"Cell Death Signaling Via NRAGE, NRIF And NADE R-HSA-204998",3/74,0.6538714395502205,0.9999959402805172,0,0,0.8953229398663697,0.3803730468347782,YWHAE;BEX3;ARHGEF3,Reactome_2022
Reactome_2022,RHOG GTPase Cycle R-HSA-9013408,3/74,0.6538714395502205,0.9999959402805172,0,0,0.8953229398663697,0.3803730468347782,DOCK5;NDUFA5;HSPE1,Reactome_2022
Reactome_2022,Netrin-1 Signaling R-HSA-373752,2/49,0.6543432124132224,0.9999959402805172,0,0,0.9018057889380636,0.3824768251199464,FYN;PLCG1,Reactome_2022
Reactome_2022,RMTs Methylate Histone Arginines R-HSA-3214858,2/49,0.6543432124132224,0.9999959402805172,0,0,0.9018057889380636,0.3824768251199464,COPRS;H2AJ,Reactome_2022
Reactome_2022,TP53 Regulates Transcription Of Cell Cycle Genes R-HSA-6791312,2/49,0.6543432124132224,0.9999959402805172,0,0,0.9018057889380636,0.3824768251199464,CDKN1A;RBL1,Reactome_2022
Reactome_2022,Signaling By Interleukins R-HSA-449147,19/453,0.6589800361850501,0.9999959402805172,0,0,0.9264527623645464,0.3863882781489014,CDKN1A;CTF1;CEBPD;IL1R1;IRAK3;FOS;OPRM1;PTGS2;FOXO1;RAP1B;NFKBIA;SEM1;POMC;HNRNPDL;MAPK1;FYN;BRWD1;IL12RB2;SOCS5,Reactome_2022
Reactome_2022,Muscle Contraction R-HSA-397014,8/196,0.6620221132459028,0.9999959402805172,0,0,0.9011460294012532,0.37168337498682,NANOS1;NPPC;GUCY1A2;TRIM72;MYL6;PXDN;KCNA5;ITPR3,Reactome_2022
Reactome_2022,Sensory Processing Of Sound R-HSA-9659379,3/75,0.6628231453669045,0.9999959402805172,0,0,0.8828414996288048,0.3630659830422563,MYO1E;CACNA1D;EPS8L2,Reactome_2022
Reactome_2022,Cargo Trafficking To Periciliary Membrane R-HSA-5620920,2/50,0.6652356362592108,0.9999959402805172,0,0,0.8829718205413423,0.3599116410902729,MKKS;ARL3,Reactome_2022
Reactome_2022,Extension Of Telomeres R-HSA-180786,2/50,0.6652356362592108,0.9999959402805172,0,0,0.8829718205413423,0.3599116410902729,NHP2;GAR1,Reactome_2022
Reactome_2022,Ion Homeostasis R-HSA-5578775,2/50,0.6652356362592108,0.9999959402805172,0,0,0.8829718205413423,0.3599116410902729,NANOS1;ITPR3,Reactome_2022
Reactome_2022,Neurotransmitter Release Cycle R-HSA-112310,2/50,0.6652356362592108,0.9999959402805172,0,0,0.8829718205413423,0.3599116410902729,SLC38A2;SLC18A2,Reactome_2022
Reactome_2022,Aggrephagy R-HSA-9646399,1/24,0.6694376706983981,0.9999959402805172,0,0,0.9215458937198068,0.3698322329165462,DYNLL2,Reactome_2022
Reactome_2022,DARPP-32 Events R-HSA-180024,1/24,0.6694376706983981,0.9999959402805172,0,0,0.9215458937198068,0.3698322329165462,PRKAR2B,Reactome_2022
Reactome_2022,Defective Intrinsic Pathway For Apoptosis R-HSA-9734009,1/24,0.6694376706983981,0.9999959402805172,0,0,0.9215458937198068,0.3698322329165462,YWHAE,Reactome_2022
Reactome_2022,Growth Hormone Receptor Signaling R-HSA-982772,1/24,0.6694376706983981,0.9999959402805172,0,0,0.9215458937198068,0.3698322329165462,MAPK1,Reactome_2022
Reactome_2022,"Incretin Synthesis, Secretion, And Inactivation R-HSA-400508",1/24,0.6694376706983981,0.9999959402805172,0,0,0.9215458937198068,0.3698322329165462,GNG13,Reactome_2022
Reactome_2022,Interleukin-6 Family Signaling R-HSA-6783589,1/24,0.6694376706983981,0.9999959402805172,0,0,0.9215458937198068,0.3698322329165462,CTF1,Reactome_2022
Reactome_2022,RHO GTPases Activate NADPH Oxidases R-HSA-5668599,1/24,0.6694376706983981,0.9999959402805172,0,0,0.9215458937198068,0.3698322329165462,MAPK1,Reactome_2022
Reactome_2022,RUNX2 Regulates Osteoblast Differentiation R-HSA-8940973,1/24,0.6694376706983981,0.9999959402805172,0,0,0.9215458937198068,0.3698322329165462,MAPK1,Reactome_2022
Reactome_2022,Sema4D In Semaphorin Signaling R-HSA-400685,1/24,0.6694376706983981,0.9999959402805172,0,0,0.9215458937198068,0.3698322329165462,MYL6,Reactome_2022
Reactome_2022,Synthesis Of Bile Acids And Bile Salts Via 7Alpha-Hydroxycholesterol R-HSA-193368,1/24,0.6694376706983981,0.9999959402805172,0,0,0.9215458937198068,0.3698322329165462,PTGIS,Reactome_2022
Reactome_2022,RHO GTPase Effectors R-HSA-195258,11/269,0.6715675643689715,0.9999959402805172,0,0,0.9025825276543856,0.3593547951422409,YWHAE;FMNL3;PPP1R14A;MYL6;H2AJ;RPS27;H2BC21;PLK1;FLNA;MAPK1;DYNLL2,Reactome_2022
Reactome_2022,Diseases Of DNA Repair R-HSA-9675135,2/51,0.6758494952120372,0.9999959402805172,0,0,0.8649065855485687,0.3388573124048285,SEM1;NTHL1,Reactome_2022
Reactome_2022,Transcriptional Activity Of SMAD2/SMAD3:SMAD4 Heterotrimer R-HSA-2173793,2/51,0.6758494952120372,0.9999959402805172,0,0,0.8649065855485687,0.3388573124048285,RBL1;MAPK1,Reactome_2022
Reactome_2022,MAPK Family Signaling Cascades R-HSA-5683057,13/318,0.6796292410154829,0.9999959402805172,0,0,0.9020897947127456,0.3483941721268296,SHC3;DUSP9;FOXO1;CNKSR2;RAP1B;SEM1;PTPRA;MAPK1;LAMTOR2;FYN;HRAS;FGF23;FGF22,Reactome_2022
Reactome_2022,Transcription-Coupled Nucleotide Excision Repair (TC-NER) R-HSA-6781827,3/77,0.6802188937386967,0.9999959402805172,0,0,0.8588906278215855,0.330965455672752,POLR2J;POLR2K;POLR2L,Reactome_2022
Reactome_2022,Hemostasis R-HSA-109582,24/576,0.6832773713297728,0.9999959402805172,0,0,0.9194883743988896,0.3501911880689626,P2RY12;NANOS1;GUCY1A2;DOCK5;F12;ITPR3;F11R;ADRA2C;MERTK;CYRIB;F3;GNG13;RAP1B;GNA14;KIF3B;PRKAR2B;MAFF;HABP4;FLNA;MAPK1;FYN;PLCG1;HRAS;DGKI,Reactome_2022
Reactome_2022,Interferon Signaling R-HSA-913531,8/200,0.68387313019495,0.9999959402805172,0,0,0.8821855169839492,0.3352153764422438,EGR1;PPM1B;RSAD2;FLNA;PLCG1;IFIT1;KPNA3;KPNB1,Reactome_2022
Reactome_2022,Cyclin A/B1/B2 Associated Events During G2/M Transition R-HSA-69273,1/25,0.6843473350162578,0.9999959402805172,0,0,0.8831018518518519,0.3349514280819962,PLK1,Reactome_2022
Reactome_2022,Deadenylation Of mRNA R-HSA-429947,1/25,0.6843473350162578,0.9999959402805172,0,0,0.8831018518518519,0.3349514280819962,PAN3,Reactome_2022
Reactome_2022,Defective HDR Thru Homologous Recombination (HRR) Due To BRCA1 Loss-Of-Function R-HSA-9701192,1/25,0.6843473350162578,0.9999959402805172,0,0,0.8831018518518519,0.3349514280819962,SEM1,Reactome_2022
Reactome_2022,G Beta:Gamma Signaling Thru PI3Kgamma R-HSA-392451,1/25,0.6843473350162578,0.9999959402805172,0,0,0.8831018518518519,0.3349514280819962,GNG13,Reactome_2022
Reactome_2022,Interleukin-7 Signaling R-HSA-1266695,1/25,0.6843473350162578,0.9999959402805172,0,0,0.8831018518518519,0.3349514280819962,BRWD1,Reactome_2022
Reactome_2022,TRAF6 Mediated NF-kB Activation R-HSA-933542,1/25,0.6843473350162578,0.9999959402805172,0,0,0.8831018518518519,0.3349514280819962,NFKBIA,Reactome_2022
Reactome_2022,Termination Of O-glycan Biosynthesis R-HSA-977068,1/25,0.6843473350162578,0.9999959402805172,0,0,0.8831018518518519,0.3349514280819962,ST3GAL1,Reactome_2022
Reactome_2022,RHOD GTPase Cycle R-HSA-9013405,2/52,0.6861877519228056,0.9999959402805172,0,0,0.8475639599555062,0.319195975755524,SLC4A7;EFHD2,Reactome_2022
Reactome_2022,Signaling By Non-Receptor Tyrosine Kinases R-HSA-9006927,2/52,0.6861877519228056,0.9999959402805172,0,0,0.8475639599555062,0.319195975755524,PXDN;HRAS,Reactome_2022
Reactome_2022,Signaling By PDGF R-HSA-186797,2/52,0.6861877519228056,0.9999959402805172,0,0,0.8475639599555062,0.319195975755524,PLCG1;HRAS,Reactome_2022
Reactome_2022,Toll Like Receptor 3 (TLR3) Cascade R-HSA-168164,4/103,0.6875482269889025,0.9999959402805172,0,0,0.8558269427834645,0.3206127165762297,NFKBIA;MAPK1;FOS;TLR3,Reactome_2022
Reactome_2022,COPI-dependent Golgi-to-ER Retrograde Traffic R-HSA-6811434,3/78,0.6886632854138125,0.9999959402805172,0,0,0.8473942093541202,0.3160804363816266,TMED9;KIF3B;KDELR2,Reactome_2022
Reactome_2022,Constitutive Signaling By Aberrant PI3K In Cancer R-HSA-2219530,3/78,0.6886632854138125,0.9999959402805172,0,0,0.8473942093541202,0.3160804363816266,FYN;FGF23;FGF22,Reactome_2022
Reactome_2022,G1/S Transition R-HSA-69206,5/129,0.6956826493058912,0.9999959402805172,0,0,0.8539296514976958,0.3098583532998665,SEM1;CDKN1A;DBF4;RBL1;CDC45,Reactome_2022
Reactome_2022,Apoptosis R-HSA-109581,7/178,0.6956847193945995,0.9999959402805172,0,0,0.8667006816070751,0.3144898918508645,SEM1;YWHAE;NDUFA2;MAPK1;DYNLL2;TLR4;KPNB1,Reactome_2022
Reactome_2022,Deposition Of New CENPA-containing Nucleosomes At Centromere R-HSA-606279,2/53,0.6962536675085664,0.9999959402805172,0,0,0.8309014373268774,0.3008205702671019,H2AJ;H2BC21,Reactome_2022
Reactome_2022,Ion Transport By P-type ATPases R-HSA-936837,2/53,0.6962536675085664,0.9999959402805172,0,0,0.8309014373268774,0.3008205702671019,ATP11C;ATP2C2,Reactome_2022
Reactome_2022,Nuclear Receptor Transcription Pathway R-HSA-383280,2/53,0.6962536675085664,0.9999959402805172,0,0,0.8309014373268774,0.3008205702671019,NR4A3;NR2C2AP,Reactome_2022
Reactome_2022,Sensory Processing Of Sound By Outer Hair Cells Of Cochlea R-HSA-9662361,2/53,0.6962536675085664,0.9999959402805172,0,0,0.8309014373268774,0.3008205702671019,MYO1E;EPS8L2,Reactome_2022
Reactome_2022,Downstream Signaling Events Of B Cell Receptor (BCR) R-HSA-1168372,3/79,0.6969392430615035,0.9999959402805172,0,0,0.8362003282147462,0.3019160163806175,NFKBIA;SEM1;HRAS,Reactome_2022
Reactome_2022,Calnexin/calreticulin Cycle R-HSA-901042,1/26,0.6985852238557548,0.9999959402805172,0,0,0.8477333333333333,0.3040803342038978,CALR,Reactome_2022
Reactome_2022,Cholesterol Biosynthesis R-HSA-191273,1/26,0.6985852238557548,0.9999959402805172,0,0,0.8477333333333333,0.3040803342038978,TM7SF2,Reactome_2022
Reactome_2022,Downregulation Of TGF-beta Receptor Signaling R-HSA-2173788,1/26,0.6985852238557548,0.9999959402805172,0,0,0.8477333333333333,0.3040803342038978,ZFYVE9,Reactome_2022
Reactome_2022,HDMs Demethylate Histones R-HSA-3214842,1/26,0.6985852238557548,0.9999959402805172,0,0,0.8477333333333333,0.3040803342038978,UTY,Reactome_2022
Reactome_2022,Platelet Calcium Homeostasis R-HSA-418360,1/26,0.6985852238557548,0.9999959402805172,0,0,0.8477333333333333,0.3040803342038978,ITPR3,Reactome_2022
Reactome_2022,Signaling By ALK R-HSA-201556,1/26,0.6985852238557548,0.9999959402805172,0,0,0.8477333333333333,0.3040803342038978,PLCG1,Reactome_2022
Reactome_2022,Synthesis Of IP3 And IP4 In Cytosol R-HSA-1855204,1/26,0.6985852238557548,0.9999959402805172,0,0,0.8477333333333333,0.3040803342038978,PLCG1,Reactome_2022
Reactome_2022,WNT Ligand Biogenesis And Trafficking R-HSA-3238698,1/26,0.6985852238557548,0.9999959402805172,0,0,0.8477333333333333,0.3040803342038978,WNT9A,Reactome_2022
Reactome_2022,Metabolism Of Proteins R-HSA-392499,81/1890,0.7023044560915321,0.9999959402805172,0,0,0.944120859119039,0.3336412378681409,RPL30;CMAS;HIF3A;RPL8;MRPL41;RPS15;RPS19;RPL36AL;H2BC21;SEC61G;RPL36;RPLP2;RPL35;RPL38;RPL37;SEC61B;MRPS26;RPS9;TMED9;WSB2;RPL21;RPL23;IGFBP2;MRPS21;ADRA2C;DYNLL2;MRPS18C;MRPL52;DPM3;NSMCE4A;GAN;RAB37;RPL37A;PFDN1;KDELR2;PFDN2;PFDN6;RPL11;RPL36A;KLHL11;MRPL14;ASB11;MRPL54;MRPL20;TFPT;GNA14;RAB24;EIF4EBP1;ST8SIA4;APOE;VHL;DCAF10;FGF23;ST3GAL1;GCNT7;SOCS5;CBX8;RPL41;ZBTB16;TAF10;C1GALT1;KLK13;RPL35A;RPL23A;INHBA;TBCA;FBXO32;GNG13;SEM1;NFKBIA;POMC;RPS28;NAGK;RPS27;RPS29;RAB13;EIF3G;CALR;FAU;RPS21;RPS23,Reactome_2022
Reactome_2022,DNA Replication R-HSA-69306,6/155,0.7039368395273014,0.9999959402805172,0,0,0.8526114506392711,0.2993234401254053,SEM1;H2AJ;DBF4;CDC45;H2BC21;KPNB1,Reactome_2022
Reactome_2022,COPI-mediated Anterograde Transport R-HSA-6807878,3/80,0.7050474062956219,0.9999959402805172,0,0,0.8252971972348364,0.2884333117844819,TMED9;KDELR2;DYNLL2,Reactome_2022
Reactome_2022,AUF1 (hnRNP D0) Binds And Destabilizes mRNA R-HSA-450408,2/54,0.7060507684065503,0.9999959402805172,0,0,0.8148797809531959,0.2836336849129374,SEM1;HSPA1A,Reactome_2022
Reactome_2022,RHOJ GTPase Cycle R-HSA-9013409,2/54,0.7060507684065503,0.9999959402805172,0,0,0.8148797809531959,0.2836336849129374,FMNL3;SLC4A7,Reactome_2022
Reactome_2022,HIV Infection R-HSA-162906,9/229,0.7086937178142659,0.9999959402805172,0,0,0.865832653893192,0.2981337487558723,SEM1;TAF15;TAF10;FYN;SLC25A4;POLR2J;KPNB1;POLR2K;POLR2L,Reactome_2022
Reactome_2022,"PI5P, PP2A And IER3 Regulate PI3K/AKT Signaling R-HSA-6811558",4/106,0.7089821923414671,0.9999959402805172,0,0,0.8305244059719763,0.2856379978159887,MAPK1;FYN;FGF23;FGF22,Reactome_2022
Reactome_2022,Acyl Chain Remodelling Of PC R-HSA-1482788,1/27,0.7121815727347449,0.9999959402805172,0,0,0.81508547008547,0.2766582519496079,PLA2G3,Reactome_2022
Reactome_2022,G0 And Early G1 R-HSA-1538133,1/27,0.7121815727347449,0.9999959402805172,0,0,0.81508547008547,0.2766582519496079,RBL1,Reactome_2022
Reactome_2022,Integrin Signaling R-HSA-354192,1/27,0.7121815727347449,0.9999959402805172,0,0,0.81508547008547,0.2766582519496079,RAP1B,Reactome_2022
Reactome_2022,Postmitotic Nuclear Pore Complex (NPC) Reformation R-HSA-9615933,1/27,0.7121815727347449,0.9999959402805172,0,0,0.81508547008547,0.2766582519496079,KPNB1,Reactome_2022
Reactome_2022,Resolution Of D-loop Structures Thru Synthesis-Dependent Strand Annealing (SDSA) R-HSA-5693554,1/27,0.7121815727347449,0.9999959402805172,0,0,0.81508547008547,0.2766582519496079,SEM1,Reactome_2022
Reactome_2022,Synthesis Of PC R-HSA-1483191,1/27,0.7121815727347449,0.9999959402805172,0,0,0.81508547008547,0.2766582519496079,CHKA,Reactome_2022
Reactome_2022,Role Of Nef In HIV-1 Replication And Disease Pathogenesis R-HSA-164952,1/27,0.7121815727347449,0.9999959402805172,0,0,0.81508547008547,0.2766582519496079,FYN,Reactome_2022
Reactome_2022,Regulation Of Cholesterol Biosynthesis By SREBP (SREBF) R-HSA-1655829,2/55,0.7155828163149954,0.9999959402805172,0,0,0.7994627153860684,0.2675465459263966,KPNB1;TM7SF2,Reactome_2022
Reactome_2022,Nucleotide Excision Repair R-HSA-5696398,4/108,0.7226647863293009,0.9999959402805172,0,0,0.8144670268416088,0.2645468778263767,TFPT;POLR2J;POLR2K;POLR2L,Reactome_2022
Reactome_2022,Diseases Of Signal Transduction By Growth Factor Receptors And Second Messengers R-HSA-5663202,17/424,0.7236952554789001,0.9999959402805172,0,0,0.8831978831978832,0.2856128530034902,CDKN1A;ZFYVE9;DUSP9;FOXO1;RAP1B;CNKSR2;SEM1;PPM1B;MAPK1;FYN;PLCG1;POLR2J;HRAS;FGF23;POLR2K;FGF22;POLR2L,Reactome_2022
Reactome_2022,Meiotic Recombination R-HSA-912446,2/56,0.7248537795587097,0.9999959402805172,0,0,0.784616652247353,0.2524781266686733,H2AJ;H2BC21,Reactome_2022
Reactome_2022,"Antigen Presentation: Folding, Assembly, Peptide Loading Of Class I MHC R-HSA-983170",1/28,0.7251652577729478,0.9999959402805172,0,0,0.7848559670781893,0.2522179452503473,CALR,Reactome_2022
Reactome_2022,Keratan Sulfate Biosynthesis R-HSA-2022854,1/28,0.7251652577729478,0.9999959402805172,0,0,0.7848559670781893,0.2522179452503473,ST3GAL1,Reactome_2022
Reactome_2022,Molecules Associated With Elastic Fibres R-HSA-2129379,1/28,0.7251652577729478,0.9999959402805172,0,0,0.7848559670781893,0.2522179452503473,ITGB8,Reactome_2022
Reactome_2022,Paracetamol ADME R-HSA-9753281,1/28,0.7251652577729478,0.9999959402805172,0,0,0.7848559670781893,0.2522179452503473,SULT1A1,Reactome_2022
Reactome_2022,Recycling Pathway Of L1 R-HSA-437239,1/28,0.7251652577729478,0.9999959402805172,0,0,0.7848559670781893,0.2522179452503473,MAPK1,Reactome_2022
Reactome_2022,Cell Surface Interactions At Vascular Wall R-HSA-202733,5/134,0.7269271928598017,0.9999959402805172,0,0,0.8206153100775194,0.2617179823454338,FYN;PLCG1;F11R;MERTK;HRAS,Reactome_2022
Reactome_2022,Assembly Of Collagen Fibrils And Other Multimeric Structures R-HSA-2022090,2/57,0.7338678071673641,0.9999959402805172,0,0,0.7703104459500455,0.2383543618392379,LAMB3;PXDN,Reactome_2022
Reactome_2022,Assembly Of Pre-Replicative Complex R-HSA-68867,4/110,0.7358643973246859,0.9999959402805172,0,0,0.7990155865463495,0.2450656071153304,SEM1;H2AJ;H2BC21;KPNB1,Reactome_2022
Reactome_2022,Activation Of Kainate Receptors Upon Glutamate Binding R-HSA-451326,1/29,0.7375638570196849,0.9999959402805172,0,0,0.7567857142857143,0.2303675456759671,GNG13,Reactome_2022
Reactome_2022,Acyl Chain Remodelling Of PE R-HSA-1482839,1/29,0.7375638570196849,0.9999959402805172,0,0,0.7567857142857143,0.2303675456759671,PLA2G3,Reactome_2022
Reactome_2022,Cristae Formation R-HSA-8949613,1/29,0.7375638570196849,0.9999959402805172,0,0,0.7567857142857143,0.2303675456759671,MICOS13,Reactome_2022
Reactome_2022,Dectin-2 Family R-HSA-5621480,1/29,0.7375638570196849,0.9999959402805172,0,0,0.7567857142857143,0.2303675456759671,FYN,Reactome_2022
Reactome_2022,Myogenesis R-HSA-525793,1/29,0.7375638570196849,0.9999959402805172,0,0,0.7567857142857143,0.2303675456759671,MEF2D,Reactome_2022
Reactome_2022,Surfactant Metabolism R-HSA-5683826,1/29,0.7375638570196849,0.9999959402805172,0,0,0.7567857142857143,0.2303675456759671,ADRA2C,Reactome_2022
Reactome_2022,Late Phase Of HIV Life Cycle R-HSA-162599,5/136,0.7387582098999121,0.9999959402805172,0,0,0.8080016357688113,0.2446504497358468,TAF15;TAF10;POLR2J;POLR2K;POLR2L,Reactome_2022
Reactome_2022,Late SARS-CoV-2 Infection Events R-HSA-9772573,2/58,0.7426292043719153,0.9999959402805172,0,0,0.7565151755919275,0.2251074534115685,PARP14;ST3GAL1,Reactome_2022
Reactome_2022,DNA Repair R-HSA-73894,12/310,0.7448178669332749,0.9999959402805172,0,0,0.8516167022746318,0.2508995353984418,SEM1;TFPT;H2AJ;EYA1;NTHL1;MGMT;H2BC21;BAZ1B;FANCE;POLR2J;POLR2K;POLR2L,Reactome_2022
Reactome_2022,Golgi-to-ER Retrograde Transport R-HSA-8856688,4/112,0.7485847318711124,0.9999959402805172,0,0,0.7841364218175813,0.2270630731543071,TMED9;KIF3B;KDELR2;DYNLL2,Reactome_2022
Reactome_2022,Mitotic Prophase R-HSA-68875,4/112,0.7485847318711124,0.9999959402805172,0,0,0.7841364218175813,0.2270630731543071,H2AJ;H2BC21;PLK1;MAPK1,Reactome_2022
Reactome_2022,FGFR1 Mutant Receptor Activation R-HSA-1839124,1/30,0.7494037080519473,0.9999959402805172,0,0,0.7306513409961686,0.2107764317493301,FGF23,Reactome_2022
Reactome_2022,HS-GAG Biosynthesis R-HSA-2022928,1/30,0.7494037080519473,0.9999959402805172,0,0,0.7306513409961686,0.2107764317493301,HS3ST2,Reactome_2022
Reactome_2022,Transcriptional Regulation Of Pluripotent Stem Cells R-HSA-452723,1/30,0.7494037080519473,0.9999959402805172,0,0,0.7306513409961686,0.2107764317493301,HIF3A,Reactome_2022
Reactome_2022,SCF(Skp2)-mediated Degradation Of P27/P21 R-HSA-187577,2/59,0.7511424102644225,0.9999959402805172,0,0,0.7432039498077786,0.2126752554162091,SEM1;CDKN1A,Reactome_2022
Reactome_2022,Negative Regulation Of PI3K/AKT Network R-HSA-199418,4/113,0.7547666913864743,0.9999959402805172,0,0,0.7769015986008407,0.2185786198205339,MAPK1;FYN;FGF23;FGF22,Reactome_2022
Reactome_2022,Cellular Senescence R-HSA-2559583,6/165,0.7585622907231244,0.9999959402805172,0,0,0.7985664593654475,0.2206681572017601,CBX8;CDKN1A;H2AJ;H2BC21;MAPK1;FOS,Reactome_2022
Reactome_2022,Formation Of beta-catenin:TCF Transactivating Complex R-HSA-201722,2/60,0.7594119769984938,0.9999959402805172,0,0,0.73035173180929,0.2010007279573351,H2AJ;H2BC21,Reactome_2022
Reactome_2022,Meiotic Synapsis R-HSA-1221632,2/60,0.7594119769984938,0.9999959402805172,0,0,0.73035173180929,0.2010007279573351,H2AJ;H2BC21,Reactome_2022
Reactome_2022,Activated NOTCH1 Transmits Signal To Nucleus R-HSA-2122948,1/31,0.7607099644293381,0.9999959402805172,0,0,0.7062592592592593,0.1931641095508496,DTX1,Reactome_2022
Reactome_2022,DNA Strand Elongation R-HSA-69190,1/31,0.7607099644293381,0.9999959402805172,0,0,0.7062592592592593,0.1931641095508496,CDC45,Reactome_2022
Reactome_2022,Downregulation Of SMAD2/3:SMAD4 Transcriptional Activity R-HSA-2173795,1/31,0.7607099644293381,0.9999959402805172,0,0,0.7062592592592593,0.1931641095508496,MAPK1,Reactome_2022
Reactome_2022,EGFR Downregulation R-HSA-182971,1/31,0.7607099644293381,0.9999959402805172,0,0,0.7062592592592593,0.1931641095508496,SH3GL3,Reactome_2022
Reactome_2022,Glyoxylate Metabolism And Glycine Degradation R-HSA-389661,1/31,0.7607099644293381,0.9999959402805172,0,0,0.7062592592592593,0.1931641095508496,LIPT2,Reactome_2022
Reactome_2022,RUNX2 Regulates Bone Development R-HSA-8941326,1/31,0.7607099644293381,0.9999959402805172,0,0,0.7062592592592593,0.1931641095508496,MAPK1,Reactome_2022
Reactome_2022,Sealing Of Nuclear Envelope (NE) By ESCRT-III R-HSA-9668328,1/31,0.7607099644293381,0.9999959402805172,0,0,0.7062592592592593,0.1931641095508496,IST1,Reactome_2022
Reactome_2022,Interleukin-1 Signaling R-HSA-9020702,4/114,0.7608308085593579,0.9999959402805172,0,0,0.7697983176244045,0.2104199619641845,NFKBIA;SEM1;IL1R1;IRAK3,Reactome_2022
Reactome_2022,C-type Lectin Receptors (CLRs) R-HSA-5621481,5/141,0.7666808072751742,0.9999959402805172,0,0,0.7780905330882353,0.2067267666873675,NFKBIA;SEM1;ITPR3;FYN;HRAS,Reactome_2022
Reactome_2022,Ca2+ Pathway R-HSA-4086398,2/61,0.7674425505402832,0.9999959402805172,0,0,0.7179351822175298,0.1900314515916202,ITPR3;GNG13,Reactome_2022
Reactome_2022,Cell-cell Junction Organization R-HSA-421270,2/61,0.7674425505402832,0.9999959402805172,0,0,0.7179351822175298,0.1900314515916202,CLDN22;F11R,Reactome_2022
Reactome_2022,Peptide Hormone Metabolism R-HSA-2980736,3/89,0.7706493142485779,0.9999959402805172,0,0,0.7385792717667168,0.1924160413727467,POMC;INHBA;GNG13,Reactome_2022
Reactome_2022,G-protein Beta:Gamma Signaling R-HSA-397795,1/32,0.7715066484657439,0.9999959402805172,0,0,0.6834408602150538,0.1772913864627847,GNG13,Reactome_2022
Reactome_2022,GPVI-mediated Activation Cascade R-HSA-114604,1/32,0.7715066484657439,0.9999959402805172,0,0,0.6834408602150538,0.1772913864627847,FYN,Reactome_2022
Reactome_2022,Generation Of Second Messenger Molecules R-HSA-202433,1/32,0.7715066484657439,0.9999959402805172,0,0,0.6834408602150538,0.1772913864627847,PLCG1,Reactome_2022
Reactome_2022,RAF Activation R-HSA-5673000,1/32,0.7715066484657439,0.9999959402805172,0,0,0.6834408602150538,0.1772913864627847,HRAS,Reactome_2022
Reactome_2022,Cytokine Signaling In Immune System R-HSA-1280215,28/702,0.7743853338120713,0.9999959402805172,0,0,0.8767815201171988,0.2241804809141072,CDKN1A;CTF1;CEBPD;PTGS2;IFIT1;FOXO1;RAP1B;HNRNPDL;FLNA;MAPK1;FYN;PLCG1;KPNA3;HRAS;IL12RB2;SOCS5;EGR1;RSAD2;IL1R1;IRAK3;FOS;OPRM1;NFKBIA;SEM1;POMC;PPM1B;BRWD1;KPNB1,Reactome_2022
Reactome_2022,MAP Kinase Activation R-HSA-450294,2/62,0.7752388532211935,0.9999959402805172,0,0,0.7059325176121617,0.1797191942385361,MAPK1;FOS,Reactome_2022
Reactome_2022,Pre-NOTCH Transcription And Translation R-HSA-1912408,2/62,0.7752388532211935,0.9999959402805172,0,0,0.7059325176121617,0.1797191942385361,H2AJ;H2BC21,Reactome_2022
Reactome_2022,Regulation Of Actin Dynamics For Phagocytic Cup Formation R-HSA-2029482,2/62,0.7752388532211935,0.9999959402805172,0,0,0.7059325176121617,0.1797191942385361,MYO1E;MAPK1,Reactome_2022
Reactome_2022,Amino Acid Transport Across Plasma Membrane R-HSA-352230,1/33,0.7818167022553222,0.9999959402805172,0,0,0.6620486111111111,0.1629533097411785,SLC38A2,Reactome_2022
Reactome_2022,Keratan Sulfate/Keratin Metabolism R-HSA-1638074,1/33,0.7818167022553222,0.9999959402805172,0,0,0.6620486111111111,0.1629533097411785,ST3GAL1,Reactome_2022
Reactome_2022,Oncogene Induced Senescence R-HSA-2559585,1/33,0.7818167022553222,0.9999959402805172,0,0,0.6620486111111111,0.1629533097411785,MAPK1,Reactome_2022
Reactome_2022,Resolution Of D-loop Structures Thru Holliday Junction Intermediates R-HSA-5693568,1/33,0.7818167022553222,0.9999959402805172,0,0,0.6620486111111111,0.1629533097411785,SEM1,Reactome_2022
Reactome_2022,RHO GTPases Activate Formins R-HSA-5663220,4/119,0.7894142814841515,0.9999959402805172,0,0,0.7361349425621637,0.174069430981852,FMNL3;RPS27;PLK1;DYNLL2,Reactome_2022
Reactome_2022,CD28 Co-Stimulation R-HSA-389356,1/34,0.7916620357493415,0.9999959402805172,0,0,0.6419528619528619,0.1499734774761227,FYN,Reactome_2022
Reactome_2022,COPI-independent Golgi-to-ER Retrograde Traffic R-HSA-6811436,1/34,0.7916620357493415,0.9999959402805172,0,0,0.6419528619528619,0.1499734774761227,DYNLL2,Reactome_2022
Reactome_2022,Lysosome Vesicle Biogenesis R-HSA-432720,1/34,0.7916620357493415,0.9999959402805172,0,0,0.6419528619528619,0.1499734774761227,BLOC1S1,Reactome_2022
Reactome_2022,Nuclear Import Of Rev Protein R-HSA-180746,1/34,0.7916620357493415,0.9999959402805172,0,0,0.6419528619528619,0.1499734774761227,KPNB1,Reactome_2022
Reactome_2022,Resolution Of D-Loop Structures R-HSA-5693537,1/34,0.7916620357493415,0.9999959402805172,0,0,0.6419528619528619,0.1499734774761227,SEM1,Reactome_2022
Reactome_2022,Synthesis Of Bile Acids And Bile Salts R-HSA-192105,1/34,0.7916620357493415,0.9999959402805172,0,0,0.6419528619528619,0.1499734774761227,PTGIS,Reactome_2022
Reactome_2022,Transcriptional Regulation By E2F6 R-HSA-8953750,1/34,0.7916620357493415,0.9999959402805172,0,0,0.6419528619528619,0.1499734774761227,UXT,Reactome_2022
Reactome_2022,Adaptive Immune System R-HSA-1280218,29/733,0.7916807889533385,0.9999959402805172,0,0,0.8689777288365305,0.202990601526641,ANAPC13;RNF19B;KLHL11;ITPR3;ICAM4;ASB11;RNF6;RAP1B;KIF3B;SEC61G;FYN;PLCG1;SEC61B;VHL;HRAS;XDH;HACE1;ZBTB16;NDUFA2;HUWE1;LNPEP;FBXO32;DYNLL2;NFKBIA;SEM1;GAN;CALR;CLEC2D;TLR4,Reactome_2022
Reactome_2022,Unattached Kinetochores Signal Amplification Via A MAD2 Inhibitory Signal R-HSA-141444,3/93,0.7957321357574307,0.9999959402805172,0,0,0.7056050482553823,0.1612255762470141,RPS27;PLK1;DYNLL2,Reactome_2022
Reactome_2022,Mitotic G1 Phase And G1/S Transition R-HSA-453279,5/147,0.7971271312769004,0.9999959402805172,0,0,0.7449776785714286,0.1689170587956329,SEM1;CDKN1A;DBF4;RBL1;CDC45,Reactome_2022
Reactome_2022,Cytochrome P450 - Arranged By Substrate Type R-HSA-211897,2/65,0.7972701689412677,0.9999959402805172,0,0,0.6722107456256511,0.152297192665477,POMC;PTGIS,Reactome_2022
Reactome_2022,Regulation Of RAS By GAPs R-HSA-5658442,2/65,0.7972701689412677,0.9999959402805172,0,0,0.6722107456256511,0.152297192665477,SEM1;HRAS,Reactome_2022
Reactome_2022,p53-Dependent G1 DNA Damage Response R-HSA-69563,2/65,0.7972701689412677,0.9999959402805172,0,0,0.6722107456256511,0.152297192665477,SEM1;CDKN1A,Reactome_2022
Reactome_2022,Impaired BRCA2 Binding To RAD51 R-HSA-9709570,1/35,0.8010635739531571,0.9999959402805172,0,0,0.6230392156862745,0.1381994229625559,SEM1,Reactome_2022
Reactome_2022,Metabolism Of Steroid Hormones R-HSA-196071,1/35,0.8010635739531571,0.9999959402805172,0,0,0.6230392156862745,0.1381994229625559,POMC,Reactome_2022
Reactome_2022,N-glycan Trimming In ER And Calnexin/Calreticulin Cycle R-HSA-532668,1/35,0.8010635739531571,0.9999959402805172,0,0,0.6230392156862745,0.1381994229625559,CALR,Reactome_2022
Reactome_2022,RUNX1 Interacts With Co-Factors Whose Precise Effect On RUNX1 Targets Is Not Known R-HSA-8939243,1/35,0.8010635739531571,0.9999959402805172,0,0,0.6230392156862745,0.1381994229625559,CBX8,Reactome_2022
Reactome_2022,Transport Of Ribonucleoproteins Into Host Nucleus R-HSA-168271,1/35,0.8010635739531571,0.9999959402805172,0,0,0.6230392156862745,0.1381994229625559,KPNB1,Reactome_2022
Reactome_2022,G2/M Checkpoints R-HSA-69481,5/148,0.8018850097307608,0.9999959402805172,0,0,0.7397290209790209,0.1633248155052832,SEM1;YWHAE;DBF4;CDC45;H2BC21,Reactome_2022
Reactome_2022,Activation Of NF-kappaB In B Cells R-HSA-1169091,2/66,0.8041775923134163,0.9999959402805172,0,0,0.6616726918798665,0.1442017361865155,NFKBIA;SEM1,Reactome_2022
Reactome_2022,HIV Life Cycle R-HSA-162587,5/149,0.8065543441993558,0.9999959402805172,0,0,0.7345532614087301,0.1579171990285068,TAF15;TAF10;POLR2J;POLR2K;POLR2L,Reactome_2022
Reactome_2022,Drug ADME R-HSA-9748784,3/95,0.8073900951602426,0.9999959402805172,0,0,0.690193182918563,0.1476656845314886,SULT1A1;NME2;XDH,Reactome_2022
Reactome_2022,Aberrant Regulation Of Mitotic Cell Cycle Due To RB1 Defects R-HSA-9687139,1/36,0.8100413002178746,0.9999959402805172,0,0,0.6052063492063492,0.1274988486352991,CDKN1A,Reactome_2022
Reactome_2022,Export Of Viral Ribonucleoproteins From Nucleus R-HSA-168274,1/36,0.8100413002178746,0.9999959402805172,0,0,0.6052063492063492,0.1274988486352991,HSPA1A,Reactome_2022
Reactome_2022,Glutathione Conjugation R-HSA-156590,1/36,0.8100413002178746,0.9999959402805172,0,0,0.6052063492063492,0.1274988486352991,MGST3,Reactome_2022
Reactome_2022,Mitochondrial Fatty Acid Beta-Oxidation R-HSA-77289,1/36,0.8100413002178746,0.9999959402805172,0,0,0.6052063492063492,0.1274988486352991,DBI,Reactome_2022
Reactome_2022,NR1H3 And NR1H2 Regulate Gene Expression Linked To Cholesterol Transport And Efflux R-HSA-9029569,1/36,0.8100413002178746,0.9999959402805172,0,0,0.6052063492063492,0.1274988486352991,APOE,Reactome_2022
Reactome_2022,RHO GTPases Activate WASPs And WAVEs R-HSA-5663213,1/36,0.8100413002178746,0.9999959402805172,0,0,0.6052063492063492,0.1274988486352991,MAPK1,Reactome_2022
Reactome_2022,RHOH GTPase Cycle R-HSA-9013407,1/36,0.8100413002178746,0.9999959402805172,0,0,0.6052063492063492,0.1274988486352991,SLC4A7,Reactome_2022
Reactome_2022,ROS And RNS Production In Phagocytes R-HSA-1222556,1/36,0.8100413002178746,0.9999959402805172,0,0,0.6052063492063492,0.1274988486352991,NANOS1,Reactome_2022
Reactome_2022,Regulation Of TP53 Degradation R-HSA-6804757,1/36,0.8100413002178746,0.9999959402805172,0,0,0.6052063492063492,0.1274988486352991,SGK1,Reactome_2022
Reactome_2022,Regulation Of IGF Transport And Uptake By IGFBPs R-HSA-381426,4/123,0.8102581732941887,0.9999959402805172,0,0,0.711241018146389,0.1496467813769887,IGFBP2;KLK13;APOE;FGF23,Reactome_2022
Reactome_2022,G1/S DNA Damage Checkpoints R-HSA-69615,2/67,0.8108749740031751,0.9999959402805172,0,0,0.6514588859416446,0.1365727525714655,SEM1;CDKN1A,Reactome_2022
Reactome_2022,MyD88 Cascade Initiated On Plasma Membrane R-HSA-975871,3/96,0.8130057158959361,0.9999959402805172,0,0,0.6827358287233278,0.1413380178436295,NFKBIA;MAPK1;FOS,Reactome_2022
Reactome_2022,EML4 And NUDC In Mitotic Spindle Formation R-HSA-9648025,3/97,0.818482069548872,0.9999959402805172,0,0,0.6754371416386296,0.1352926186255844,RPS27;PLK1;DYNLL2,Reactome_2022
Reactome_2022,Potential Therapeutics For SARS R-HSA-9679191,3/97,0.818482069548872,0.9999959402805172,0,0,0.6754371416386296,0.1352926186255844,IL1R1;PTGES3;TLR7,Reactome_2022
Reactome_2022,DNA Damage Recognition In GG-NER R-HSA-5696394,1/37,0.8186142993318479,0.9999959402805172,0,0,0.5883641975308642,0.1177565325736887,TFPT,Reactome_2022
Reactome_2022,Early SARS-CoV-2 Infection Events R-HSA-9772572,1/37,0.8186142993318479,0.9999959402805172,0,0,0.5883641975308642,0.1177565325736887,VHL,Reactome_2022
Reactome_2022,Interactions Of Rev With Host Cellular Proteins R-HSA-177243,1/37,0.8186142993318479,0.9999959402805172,0,0,0.5883641975308642,0.1177565325736887,KPNB1,Reactome_2022
Reactome_2022,RHOV GTPase Cycle R-HSA-9013424,1/37,0.8186142993318479,0.9999959402805172,0,0,0.5883641975308642,0.1177565325736887,RHOV,Reactome_2022
Reactome_2022,Regulation Of TP53 Expression And Degradation R-HSA-6806003,1/37,0.8186142993318479,0.9999959402805172,0,0,0.5883641975308642,0.1177565325736887,SGK1,Reactome_2022
Reactome_2022,Triglyceride Metabolism R-HSA-8979227,1/37,0.8186142993318479,0.9999959402805172,0,0,0.5883641975308642,0.1177565325736887,FABP3,Reactome_2022
Reactome_2022,Interleukin-17 Signaling R-HSA-448424,2/69,0.823659122342403,0.9999959402805172,0,0,0.6319459432536981,0.1225965784330229,MAPK1;FOS,Reactome_2022
Reactome_2022,Hedgehog Off State R-HSA-5610787,3/98,0.8238214259735679,0.9999959402805172,0,0,0.6682921111241356,0.129516005962496,SEM1;ADCY9;PRKAR2B,Reactome_2022
Reactome_2022,RUNX1 Regulates Transcription Of Genes Involved In Differentiation Of HSCs R-HSA-8939236,3/98,0.8238214259735679,0.9999959402805172,0,0,0.6682921111241356,0.129516005962496,SEM1;H2AJ;H2BC21,Reactome_2022
Reactome_2022,Cardiac Conduction R-HSA-5576891,4/126,0.8247605744894502,0.9999959402805172,0,0,0.6936418297786794,0.133638524526111,NANOS1;NPPC;ITPR3;KCNA5,Reactome_2022
Reactome_2022,Diseases Of Mitotic Cell Cycle R-HSA-9675126,1/38,0.8268007975572924,0.9999959402805172,0,0,0.5724324324324325,0.1088717752700517,CDKN1A,Reactome_2022
Reactome_2022,Fanconi Anemia Pathway R-HSA-6783310,1/38,0.8268007975572924,0.9999959402805172,0,0,0.5724324324324325,0.1088717752700517,FANCE,Reactome_2022
Reactome_2022,Interactions Of Vpr With Host Cellular Proteins R-HSA-176033,1/38,0.8268007975572924,0.9999959402805172,0,0,0.5724324324324325,0.1088717752700517,SLC25A4,Reactome_2022
Reactome_2022,Resolution Of Abasic Sites (AP Sites) R-HSA-73933,1/38,0.8268007975572924,0.9999959402805172,0,0,0.5724324324324325,0.1088717752700517,NTHL1,Reactome_2022
Reactome_2022,CLEC7A (Dectin-1) Signaling R-HSA-5607764,3/99,0.8290260818302735,0.9999959402805172,0,0,0.6612959354120267,0.123995409915267,NFKBIA;SEM1;ITPR3,Reactome_2022
Reactome_2022,Programmed Cell Death R-HSA-5357801,7/208,0.8324904489943856,0.9999959402805172,0,0,0.7361737175420437,0.1349653262365398,SEM1;YWHAE;NDUFA2;MAPK1;DYNLL2;TLR4;KPNB1,Reactome_2022
Reactome_2022,G2/M Transition R-HSA-69275,6/182,0.833774243245566,0.9999959402805172,0,0,0.7207846622651092,0.1310333212667865,SEM1;YWHAE;CDKN1A;PRKAR2B;CEP131;PLK1,Reactome_2022
Reactome_2022,Stimuli-sensing Channels R-HSA-2672351,3/100,0.8340983559514699,0.9999959402805172,0,0,0.6544440107455284,0.1187187291144562,ASIC4;SGK1;SLC9B2,Reactome_2022
Reactome_2022,Elastic Fibre Formation R-HSA-1566948,1/39,0.8346182011100352,0.9999959402805172,0,0,0.5573391812865497,0.1007562804027563,ITGB8,Reactome_2022
Reactome_2022,SUMOylation Of Ubiquitinylation Proteins R-HSA-3232142,1/39,0.8346182011100352,0.9999959402805172,0,0,0.5573391812865497,0.1007562804027563,VHL,Reactome_2022
Reactome_2022,Mitotic G2-G2/M Phases R-HSA-453274,6/184,0.8412400498292285,0.9999959402805172,0,0,0.7126106333563492,0.1231948620760579,SEM1;YWHAE;CDKN1A;PRKAR2B;CEP131;PLK1,Reactome_2022
Reactome_2022,Presynaptic Phase Of Homologous DNA Pairing And Strand Exchange R-HSA-5693616,1/40,0.8420831331878124,0.9999959402805172,0,0,0.543019943019943,0.0933323871172092,SEM1,Reactome_2022
Reactome_2022,Host Interactions Of HIV Factors R-HSA-162909,4/130,0.8426575336552267,0.9999959402805172,0,0,0.6714798888711933,0.1149537650057798,SEM1;FYN;SLC25A4;KPNB1,Reactome_2022
Reactome_2022,APC/C:Cdh1 Mediated Degradation Of Cdc20 And APC/C:Cdh1 Targets In Late Mitosis/Early G1 R-HSA-174178,2/73,0.8469203368759276,0.9999959402805172,0,0,0.5962180200222469,0.0990608143796431,SEM1;PLK1,Reactome_2022
Reactome_2022,Mitotic Prometaphase R-HSA-68877,6/186,0.8484322777862692,0.9999959402805172,0,0,0.7046182495344506,0.115814586711866,YWHAE;RPS27;PRKAR2B;CEP131;PLK1;DYNLL2,Reactome_2022
Reactome_2022,Defective Homologous Recombination Repair (HRR) Due To BRCA2 Loss Of Function R-HSA-9701190,1/41,0.849211469276519,0.9999959402805172,0,0,0.5294166666666666,0.0865315888225348,SEM1,Reactome_2022
Reactome_2022,Non-integrin membrane-ECM Interactions R-HSA-3000171,1/41,0.849211469276519,0.9999959402805172,0,0,0.5294166666666666,0.0865315888225348,LAMB3,Reactome_2022
Reactome_2022,Regulation Of Beta-Cell Development R-HSA-186712,1/41,0.849211469276519,0.9999959402805172,0,0,0.5294166666666666,0.0865315888225348,FOXO1,Reactome_2022
Reactome_2022,Cargo Recognition For Clathrin-Mediated Endocytosis R-HSA-8856825,3/104,0.8531105418028372,0.9999959402805172,0,0,0.6283931288451785,0.0998303958657019,SH3GL3;GRK2;UBQLN1,Reactome_2022
Reactome_2022,Phase I - Functionalization Of Compounds R-HSA-211945,3/104,0.8531105418028372,0.9999959402805172,0,0,0.6283931288451785,0.0998303958657019,POMC;PTGIS;PTGES3,Reactome_2022
Reactome_2022,Activation Of Gene Expression By SREBF (SREBP) R-HSA-2426168,1/42,0.8560183703563137,0.9999959402805172,0,0,0.5164769647696477,0.0802932868499874,TM7SF2,Reactome_2022
Reactome_2022,Deactivation Of Beta-Catenin Transactivating Complex R-HSA-3769402,1/42,0.8560183703563137,0.9999959402805172,0,0,0.5164769647696477,0.0802932868499874,CBY1,Reactome_2022
Reactome_2022,Kinesins R-HSA-983189,1/42,0.8560183703563137,0.9999959402805172,0,0,0.5164769647696477,0.0802932868499874,KIF3B,Reactome_2022
Reactome_2022,RHOF GTPase Cycle R-HSA-9035034,1/42,0.8560183703563137,0.9999959402805172,0,0,0.5164769647696477,0.0802932868499874,SLC4A7,Reactome_2022
Reactome_2022,Transport Of Mature mRNA Derived From An Intronless Transcript R-HSA-159231,1/42,0.8560183703563137,0.9999959402805172,0,0,0.5164769647696477,0.0802932868499874,CPSF4,Reactome_2022
Reactome_2022,Nuclear Envelope (NE) Reassembly R-HSA-2995410,2/75,0.8574734578201209,0.9999959402805172,0,0,0.5798223292242523,0.0891564114159963,IST1;KPNB1,Reactome_2022
Reactome_2022,HATs Acetylate Histones R-HSA-3214847,3/106,0.8618835532662433,0.9999959402805172,0,0,0.6161264514454992,0.0915780207046969,H2BC21;TAF10;KDELR2,Reactome_2022
Reactome_2022,Resolution Of Sister Chromatid Cohesion R-HSA-2500257,3/106,0.8618835532662433,0.9999959402805172,0,0,0.6161264514454992,0.0915780207046969,RPS27;PLK1;DYNLL2,Reactome_2022
Reactome_2022,Activation Of APC/C And APC/C:Cdc20 Mediated Degradation Of Mitotic Proteins R-HSA-176814,2/76,0.8624969014594432,0.9999959402805172,0,0,0.571956828908998,0.0846059832952017,SEM1;PLK1,Reactome_2022
Reactome_2022,SUMOylation Of DNA Damage Response And Repair Proteins R-HSA-3108214,2/76,0.8624969014594432,0.9999959402805172,0,0,0.571956828908998,0.0846059832952017,CBX8;NSMCE4A,Reactome_2022
Reactome_2022,Homologous DNA Pairing And Strand Exchange R-HSA-5693579,1/43,0.8625183153275051,0.9999959402805172,0,0,0.5041534391534391,0.074563736631704,SEM1,Reactome_2022
Reactome_2022,RND2 GTPase Cycle R-HSA-9696270,1/43,0.8625183153275051,0.9999959402805172,0,0,0.5041534391534391,0.074563736631704,RND2,Reactome_2022
Reactome_2022,Retinoid Metabolism And Transport R-HSA-975634,1/43,0.8625183153275051,0.9999959402805172,0,0,0.5041534391534391,0.074563736631704,APOE,Reactome_2022
Reactome_2022,SUMOylation Of Transcription Cofactors R-HSA-3899300,1/43,0.8625183153275051,0.9999959402805172,0,0,0.5041534391534391,0.074563736631704,CBX8,Reactome_2022
Reactome_2022,Transport Of Mature mRNAs Derived From Intronless Transcripts R-HSA-159234,1/43,0.8625183153275051,0.9999959402805172,0,0,0.5041534391534391,0.074563736631704,CPSF4,Reactome_2022
Reactome_2022,"Transport Of Vitamins, Nucleosides, And Related Molecules R-HSA-425397",1/43,0.8625183153275051,0.9999959402805172,0,0,0.5041534391534391,0.074563736631704,SLC25A4,Reactome_2022
Reactome_2022,Signaling By Hedgehog R-HSA-5358351,4/135,0.8628424475883504,0.9999959402805172,0,0,0.6456806828529364,0.0952528599763057,SEM1;ADCY9;GRK2;PRKAR2B,Reactome_2022
Reactome_2022,Cell Cycle Checkpoints R-HSA-69620,9/271,0.8657648761308423,0.9999959402805172,0,0,0.7254176222914456,0.1045630837332537,SEM1;YWHAE;CDKN1A;RPS27;DBF4;CDC45;H2BC21;PLK1;DYNLL2,Reactome_2022
Reactome_2022,O-linked Glycosylation R-HSA-5173105,3/107,0.8660950682035102,0.9999959402805172,0,0,0.6101700359773856,0.0877184092043239,C1GALT1;ST3GAL1;GCNT7,Reactome_2022
Reactome_2022,Phase II - Conjugation Of Compounds R-HSA-156580,3/107,0.8660950682035102,0.9999959402805172,0,0,0.6101700359773856,0.0877184092043239,SULT1A1;MAT2A;MGST3,Reactome_2022
Reactome_2022,Factors Involved In Megakaryocyte Development And Platelet Production R-HSA-983231,4/136,0.866602567875131,0.9999959402805172,0,0,0.6407553798858147,0.0917400275417616,DOCK5;KIF3B;PRKAR2B;MAFF,Reactome_2022
Reactome_2022,G2/M DNA Damage Checkpoint R-HSA-69473,2/77,0.8673576363916523,0.9999959402805172,0,0,0.5643010752688172,0.0803022373147688,YWHAE;H2BC21,Reactome_2022
Reactome_2022,"Interleukin-3, Interleukin-5 And GM-CSF Signaling R-HSA-512988",1/44,0.8687251317797705,0.9999959402805172,0,0,0.4924031007751938,0.0692951536093281,FYN,Reactome_2022
Reactome_2022,FCERI Mediated NF-kB Activation R-HSA-2871837,2/78,0.872060107487114,0.9999959402805172,0,0,0.5568467888296939,0.0762306141138873,NFKBIA;SEM1,Reactome_2022
Reactome_2022,G Alpha (12/13) Signaling Events R-HSA-416482,2/78,0.872060107487114,0.9999959402805172,0,0,0.5568467888296939,0.0762306141138873,ARHGEF3;GNG13,Reactome_2022
Reactome_2022,Pre-NOTCH Expression And Processing R-HSA-1912422,2/78,0.872060107487114,0.9999959402805172,0,0,0.5568467888296939,0.0762306141138873,H2AJ;H2BC21,Reactome_2022
Reactome_2022,Bile Acid And Bile Salt Metabolism R-HSA-194068,1/45,0.874652024596808,0.9999959402805172,0,0,0.4811868686868686,0.0644449521146719,PTGIS,Reactome_2022
Reactome_2022,Regulation Of Complement Cascade R-HSA-977606,1/45,0.874652024596808,0.9999959402805172,0,0,0.4811868686868686,0.0644449521146719,C1QA,Reactome_2022
Reactome_2022,TAK1-dependent IKK And NF-kappa-B Activation R-HSA-445989,1/45,0.874652024596808,0.9999959402805172,0,0,0.4811868686868686,0.0644449521146719,NFKBIA,Reactome_2022
Reactome_2022,Amyloid Fiber Formation R-HSA-977225,2/79,0.8766086894554096,0.9999959402805172,0,0,0.5495861202201581,0.0723775123784302,H2BC21;APOE,Reactome_2022
Reactome_2022,Death Receptor Signaling R-HSA-73887,4/139,0.877356057354739,0.9999959402805172,0,0,0.626417275692638,0.0819619236543292,NFKBIA;YWHAE;BEX3;ARHGEF3,Reactome_2022
Reactome_2022,Mitotic Spindle Checkpoint R-HSA-69618,3/110,0.878057890960465,0.9999959402805172,0,0,0.5929687987844223,0.0771112947322084,RPS27;PLK1;DYNLL2,Reactome_2022
Reactome_2022,Transport Of Small Molecules R-HSA-382551,26/706,0.8802488925176417,0.9999959402805172,0,0,0.8048638655462185,0.1026608521414658,MRS2;SLC5A11;SLC2A1;ATP2C2;SLC5A3;ASIC4;SLC22A15;PRKAR2B;PMPCB;APOE;SLC38A2;SLC18A2;SLC12A5;ATP11C;APOBR;SLC9B2;GNG13;SEM1;SLC4A7;SMDT1;ADCY9;SLC9A7;ANGPTL4;SGK1;SLC25A4;SLC26A6,Reactome_2022
Reactome_2022,NR1H2 And NR1H3-mediated Signaling R-HSA-9024446,1/46,0.8803116049251208,0.9999959402805172,0,0,0.4704691358024691,0.0599750938316572,APOE,Reactome_2022
Reactome_2022,Regulation Of APC/C Activators Between G1/S And Early Anaphase R-HSA-176408,2/80,0.8810076848876512,0.9999959402805172,0,0,0.5425116226006104,0.0687302170718062,SEM1;PLK1,Reactome_2022
Reactome_2022,Metabolism Of Fat-Soluble Vitamins R-HSA-6806667,1/47,0.8857159161546925,0.9999959402805172,0,0,0.4602173913043478,0.0558515298404509,APOE,Reactome_2022
Reactome_2022,SUMOylation Of RNA Binding Proteins R-HSA-4570464,1/47,0.8857159161546925,0.9999959402805172,0,0,0.4602173913043478,0.0558515298404509,CBX8,Reactome_2022
Reactome_2022,Cyclin E Associated Events During G1/S Transition R-HSA-69202,2/82,0.8893737492656556,0.9999959402805172,0,0,0.5288932146829811,0.062006232733255,SEM1;CDKN1A,Reactome_2022
Reactome_2022,Cross-presentation Of Soluble Exogenous Antigens (Endosomes) R-HSA-1236978,1/48,0.890876459626226,0.9999959402805172,0,0,0.4504018912529551,0.0520437199735102,SEM1,Reactome_2022
Reactome_2022,Retrograde Transport At Trans-Golgi-Network R-HSA-6811440,1/48,0.890876459626226,0.9999959402805172,0,0,0.4504018912529551,0.0520437199735102,NAA38,Reactome_2022
Reactome_2022,Asparagine N-linked Glycosylation R-HSA-446203,9/282,0.893070375845234,0.9999959402805172,0,0,0.6957817966786577,0.0786858888497373,TMED9;DPM3;CMAS;NAGK;ST8SIA4;KDELR2;CALR;ST3GAL1;DYNLL2,Reactome_2022
Reactome_2022,Transport Of Mature Transcript To Cytoplasm R-HSA-72202,2/83,0.8933490413458055,0.9999959402805172,0,0,0.5223362034633818,0.0589079857115985,CPSF4;SRSF5,Reactome_2022
Reactome_2022,Fatty Acid Metabolism R-HSA-8978868,5/173,0.8944181899512509,0.9999959402805172,0,0,0.628819887329932,0.0701648795450598,PTGIS;PTGES3;DBI;PTGR1;PTGS2,Reactome_2022
Reactome_2022,Regulation Of Activated PAK-2p34 By Proteasome Mediated Degradation R-HSA-211733,1/49,0.8958042191194495,0.9999959402805172,0,0,0.4409953703703703,0.0485242179266815,SEM1,Reactome_2022
Reactome_2022,Cyclin A:Cdk2-associated Events At S Phase Entry R-HSA-69656,2/84,0.8971911898372272,0.9999959402805172,0,0,0.5159391193466996,0.0559723240214746,SEM1;CDKN1A,Reactome_2022
Reactome_2022,Transcriptional Regulation Of White Adipocyte Differentiation R-HSA-381340,2/84,0.8971911898372272,0.9999959402805172,0,0,0.5159391193466996,0.0559723240214746,CEBPD;ANGPTL4,Reactome_2022
Reactome_2022,GPCR Downstream Signaling R-HSA-388396,22/619,0.8991483690639926,0.9999959402805172,0,0,0.7756720652942376,0.0824595410767598,P2RY12;CALCRL;GPR4;ITPR3;OPRM1;ADRA2C;GNG13;HEBP1;POMC;GNA14;ADCY9;CYSLTR2;CALCR;GRK2;PRKAR2B;NPY;PDE3A;ARHGEF3;BDKRB2;MAPK1;HRAS;DGKI,Reactome_2022
Reactome_2022,TCR Signaling R-HSA-202403,3/116,0.899169088542598,0.9999959402805172,0,0,0.5613063444823304,0.0596579828987046,NFKBIA;SEM1;PLCG1,Reactome_2022
Reactome_2022,Ion Channel Transport R-HSA-983712,5/175,0.8998790986066852,0.9999959402805172,0,0,0.6213563550420168,0.0655499014137509,ASIC4;ATP11C;ATP2C2;SGK1;SLC9B2,Reactome_2022
Reactome_2022,Regulation Of Ornithine Decarboxylase (ODC) R-HSA-350562,1/50,0.9005096839729961,0.9999959402805172,0,0,0.4319727891156462,0.0452683121578446,SEM1,Reactome_2022
Reactome_2022,Hedgehog On State R-HSA-5632684,2/85,0.9009041062075728,0.9999959402805172,0,0,0.5096961818352386,0.0531900879071042,SEM1;GRK2,Reactome_2022
Reactome_2022,RHOA GTPase Cycle R-HSA-8980692,4/147,0.9024317419957084,0.9999959402805172,0,0,0.5911234807555877,0.0606860510588488,FMNL3;DDRGK1;ARHGEF3;SRGAP1,Reactome_2022
Reactome_2022,Autodegradation Of E3 Ubiquitin Ligase COP1 R-HSA-349425,1/51,0.9050028713459752,0.9999959402805172,0,0,0.4233111111111111,0.0422537139782196,SEM1,Reactome_2022
Reactome_2022,GSK3B And BTRC:CUL1-mediated-degradation Of NFE2L2 R-HSA-9762114,1/51,0.9050028713459752,0.9999959402805172,0,0,0.4233111111111111,0.0422537139782196,SEM1,Reactome_2022
Reactome_2022,Nonhomologous End-Joining (NHEJ) R-HSA-5693571,1/51,0.9050028713459752,0.9999959402805172,0,0,0.4233111111111111,0.0422537139782196,H2BC21,Reactome_2022
Reactome_2022,Ubiquitin Mediated Degradation Of Phosphorylated Cdc25A R-HSA-69601,1/51,0.9050028713459752,0.9999959402805172,0,0,0.4233111111111111,0.0422537139782196,SEM1,Reactome_2022
Reactome_2022,Ubiquitin-dependent Degradation Of Cyclin D R-HSA-75815,1/51,0.9050028713459752,0.9999959402805172,0,0,0.4233111111111111,0.0422537139782196,SEM1,Reactome_2022
Reactome_2022,Vpu Mediated Degradation Of CD4 R-HSA-180534,1/51,0.9050028713459752,0.9999959402805172,0,0,0.4233111111111111,0.0422537139782196,SEM1,Reactome_2022
Reactome_2022,DNA Double-Strand Break Repair R-HSA-5693532,4/149,0.9079466315509211,0.9999959402805172,0,0,0.5829085457271365,0.0562912905253719,SEM1;EYA1;H2BC21;BAZ1B,Reactome_2022
Reactome_2022,APC/C-mediated Degradation Of Cell Cycle Proteins R-HSA-174143,2/87,0.9079574790899336,0.9999959402805172,0,0,0.4976509847543021,0.0480520497552945,SEM1;PLK1,Reactome_2022
Reactome_2022,Transcriptional Regulation By RUNX2 R-HSA-8878166,3/119,0.90843910740651,0.9999959402805172,0,0,0.5467034021964519,0.0524985165684323,SEM1;CDKN1A;MAPK1,Reactome_2022
Reactome_2022,Apoptotic Execution Phase R-HSA-75153,1/52,0.9092933474628416,0.9999959402805172,0,0,0.4149891067538126,0.0394602859780681,KPNB1,Reactome_2022
Reactome_2022,Regulation Of Apoptosis R-HSA-169911,1/52,0.9092933474628416,0.9999959402805172,0,0,0.4149891067538126,0.0394602859780681,SEM1,Reactome_2022
Reactome_2022,Meiosis R-HSA-1500620,2/88,0.911305347788972,0.9999959402805172,0,0,0.4918384768605944,0.0456806096946979,H2AJ;H2BC21,Reactome_2022
Reactome_2022,Regulation Of mRNA Stability By Proteins That Bind AU-rich Elements R-HSA-450531,2/88,0.911305347788972,0.9999959402805172,0,0,0.4918384768605944,0.0456806096946979,SEM1;HSPA1A,Reactome_2022
Reactome_2022,Heparan Sulfate/Heparin (HS-GAG) Metabolism R-HSA-1638091,1/53,0.913390248108182,0.9999959402805172,0,0,0.4069871794871795,0.0368698048518369,HS3ST2,Reactome_2022
Reactome_2022,Negative Regulation Of NOTCH4 Signaling R-HSA-9604323,1/53,0.913390248108182,0.9999959402805172,0,0,0.4069871794871795,0.0368698048518369,SEM1,Reactome_2022
Reactome_2022,Nuclear Envelope Breakdown R-HSA-2980766,1/53,0.913390248108182,0.9999959402805172,0,0,0.4069871794871795,0.0368698048518369,PLK1,Reactome_2022
Reactome_2022,Vif-mediated Degradation Of APOBEC3G R-HSA-180585,1/53,0.913390248108182,0.9999959402805172,0,0,0.4069871794871795,0.0368698048518369,SEM1,Reactome_2022
Reactome_2022,HCMV Infection R-HSA-9609646,3/121,0.9141827516453096,0.9999959402805172,0,0,0.5373806198331509,0.0482163581160731,CEBPD;H2BC21;DYNLL2,Reactome_2022
Reactome_2022,RAB GEFs Exchange GTP For GDP On RABs R-HSA-8876198,2/89,0.9145388081322172,0.9999959402805172,0,0,0.4861595898380064,0.0434312495612018,YWHAE;RAB13,Reactome_2022
Reactome_2022,Sphingolipid Metabolism R-HSA-428157,2/89,0.9145388081322172,0.9999959402805172,0,0,0.4861595898380064,0.0434312495612018,VAPA;SGPP1,Reactome_2022
Reactome_2022,Unfolded Protein Response (UPR) R-HSA-381119,2/89,0.9145388081322172,0.9999959402805172,0,0,0.4861595898380064,0.0434312495612018,CREB3L1;CALR,Reactome_2022
Reactome_2022,Intra-Golgi And Retrograde Golgi-to-ER Traffic R-HSA-6811442,5/181,0.9148147509404412,0.9999959402805172,0,0,0.5999835125811688,0.0534187473797806,TMED9;KIF3B;KDELR2;NAA38;DYNLL2,Reactome_2022
Reactome_2022,Chromatin Modifying Enzymes R-HSA-3247509,7/238,0.9154749271747692,0.9999959402805172,0,0,0.6395498610263711,0.0564801206448494,COPRS;H2AJ;H2BC21;TAF10;KDELR2;UTY;BRWD1,Reactome_2022
Reactome_2022,Interleukin-1 Family Signaling R-HSA-446652,4/152,0.9157005383934248,0.9999959402805172,0,0,0.5710024405676579,0.0502858386405538,NFKBIA;SEM1;IL1R1;IRAK3,Reactome_2022
Reactome_2022,Degradation Of AXIN R-HSA-4641257,1/54,0.9173022975524268,0.9999959402805172,0,0,0.3992872117400419,0.0344657541108902,SEM1,Reactome_2022
Reactome_2022,FBXL7 Down-Regulates AURKA During Mitotic Entry And In Early Mitosis R-HSA-8854050,1/54,0.9173022975524268,0.9999959402805172,0,0,0.3992872117400419,0.0344657541108902,SEM1,Reactome_2022
Reactome_2022,Pyruvate Metabolism And Citric Acid (TCA) Cycle R-HSA-71406,1/54,0.9173022975524268,0.9999959402805172,0,0,0.3992872117400419,0.0344657541108902,IDH2,Reactome_2022
Reactome_2022,Regulation Of RUNX3 Expression And Activity R-HSA-8941858,1/54,0.9173022975524268,0.9999959402805172,0,0,0.3992872117400419,0.0344657541108902,SEM1,Reactome_2022
Reactome_2022,SCF-beta-TrCP Mediated Degradation Of Emi1 R-HSA-174113,1/54,0.9173022975524268,0.9999959402805172,0,0,0.3992872117400419,0.0344657541108902,SEM1,Reactome_2022
Reactome_2022,Collagen Formation R-HSA-1474290,2/90,0.9176613590808652,0.9999959402805172,0,0,0.4806097684295682,0.0412972817061558,LAMB3;PXDN,Reactome_2022
Reactome_2022,MAPK6/MAPK4 Signaling R-HSA-5687128,2/90,0.9176613590808652,0.9999959402805172,0,0,0.4806097684295682,0.0412972817061558,SEM1;FOXO1,Reactome_2022
Reactome_2022,Regulation Of TP53 Activity Thru Phosphorylation R-HSA-6804756,2/90,0.9176613590808652,0.9999959402805172,0,0,0.4806097684295682,0.0412972817061558,TAF15;TAF10,Reactome_2022
Reactome_2022,Metabolism Of Steroids R-HSA-8957322,4/153,0.9181525629206282,0.9999959402805172,0,0,0.5671402811758808,0.0484290793407626,POMC;PTGIS;KPNB1;TM7SF2,Reactome_2022
Reactome_2022,"Signaling By Rho GTPases, Miro GTPases And RHOBTB3 R-HSA-9716542",23/660,0.920640971802027,0.9999959402805172,0,0,0.7592287309176343,0.0627769362215227,YWHAE;PPP1R14A;DOCK5;NDUFA5;PLK1;KCTD3;RND2;HSPE1;DYNLL2;FMNL3;SLC4A7;MYL6;H2AJ;RPS27;DDRGK1;H2BC21;EFHD2;ARHGEF3;FLNA;MAPK1;RHOV;VHL;SRGAP1,Reactome_2022
Reactome_2022,HCMV Late Events R-HSA-9610379,2/91,0.9206764170022532,0.9999959402805172,0,0,0.47518466210896,0.039272417233183,CEBPD;H2BC21,Reactome_2022
Reactome_2022,Complement Cascade R-HSA-166658,1/55,0.9210378273383648,0.9999959402805172,0,0,0.3918724279835391,0.0322331419137957,C1QA,Reactome_2022
Reactome_2022,Degradation Of DVL R-HSA-4641258,1/55,0.9210378273383648,0.9999959402805172,0,0,0.3918724279835391,0.0322331419137957,SEM1,Reactome_2022
Reactome_2022,Golgi Associated Vesicle Biogenesis R-HSA-432722,1/55,0.9210378273383648,0.9999959402805172,0,0,0.3918724279835391,0.0322331419137957,BLOC1S1,Reactome_2022
Reactome_2022,Hh Mutants Are Degraded By ERAD R-HSA-5362768,1/55,0.9210378273383648,0.9999959402805172,0,0,0.3918724279835391,0.0322331419137957,SEM1,Reactome_2022
Reactome_2022,Stabilization Of P53 R-HSA-69541,1/56,0.9246047938978478,0.9999959402805172,0,0,0.3847272727272727,0.0301583410175659,SEM1,Reactome_2022
Reactome_2022,Platelet Degranulation R-HSA-114608,3/125,0.9246970634797516,0.9999959402805172,0,0,0.5196520500931031,0.0406830882230197,HABP4;FLNA;CYRIB,Reactome_2022
Reactome_2022,Signaling By GPCR R-HSA-372790,24/689,0.9250701133084664,0.9999959402805172,0,0,0.7585943193216793,0.0590836846014001,P2RY12;CALCRL;GPR4;ITPR3;WNT9A;OPRM1;ADRA2C;GNG13;HEBP1;POMC;GNA14;ADCY9;CYSLTR2;CALCR;GRK2;PRKAR2B;NPY;PDE3A;ARHGEF3;BDKRB2;MAPK1;DRD2;HRAS;DGKI,Reactome_2022
Reactome_2022,M Phase R-HSA-68886,12/380,0.926130532706346,0.9999959402805172,0,0,0.68705678094586,0.0527247993592945,SEM1;YWHAE;H2AJ;RPS27;PRKAR2B;IST1;H2BC21;PLK1;CEP131;MAPK1;DYNLL2;KPNB1,Reactome_2022
Reactome_2022,Class A/1 (Rhodopsin-like Receptors) R-HSA-373076,10/327,0.92728199864483,0.9999959402805172,0,0,0.6649743137650603,0.0502039341751161,P2RY12;HEBP1;POMC;CYSLTR2;NPY;BDKRB2;GPR4;OPRM1;DRD2;ADRA2C,Reactome_2022
Reactome_2022,NRAGE Signals Death Thru JNK R-HSA-193648,1/57,0.9280107955066318,0.9999959402805172,0,0,0.3778373015873016,0.0282289476702995,ARHGEF3,Reactome_2022
Reactome_2022,Neurexins And Neuroligins R-HSA-6794361,1/57,0.9280107955066318,0.9999959402805172,0,0,0.3778373015873016,0.0282289476702995,SHANK1,Reactome_2022
Reactome_2022,SUMOylation Of Chromatin Organization Proteins R-HSA-4551638,1/57,0.9280107955066318,0.9999959402805172,0,0,0.3778373015873016,0.0282289476702995,CBX8,Reactome_2022
Reactome_2022,tRNA Processing In Nucleus R-HSA-6784531,1/57,0.9280107955066318,0.9999959402805172,0,0,0.3778373015873016,0.0282289476702995,CPSF4,Reactome_2022
Reactome_2022,Downstream TCR Signaling R-HSA-202424,2/94,0.929109565139497,0.9999959402805172,0,0,0.459616965710693,0.0337949958529533,NFKBIA;SEM1,Reactome_2022
Reactome_2022,Hh Mutants Abrogate Ligand Secretion R-HSA-5387390,1/58,0.9312630881502564,0.9999959402805172,0,0,0.3711890838206628,0.0264336571162604,SEM1,Reactome_2022
Reactome_2022,Metabolism Of Polyamines R-HSA-351202,1/58,0.9312630881502564,0.9999959402805172,0,0,0.3711890838206628,0.0264336571162604,SEM1,Reactome_2022
Reactome_2022,NIK To Noncanonical NF-kB Signaling R-HSA-5676590,1/58,0.9312630881502564,0.9999959402805172,0,0,0.3711890838206628,0.0264336571162604,SEM1,Reactome_2022
Reactome_2022,Biological Oxidations R-HSA-211859,6/218,0.9313882800210982,0.9999959402805172,0,0,0.5972488668704543,0.0424518711401489,SULT1A1;POMC;PTGIS;MAT2A;MGST3;PTGES3,Reactome_2022
Reactome_2022,Signaling By Rho GTPases R-HSA-194315,22/644,0.9314527505257106,0.9999959402805172,0,0,0.7434895690440394,0.052795056232038,YWHAE;PPP1R14A;DOCK5;NDUFA5;PLK1;KCTD3;RND2;HSPE1;DYNLL2;FMNL3;SLC4A7;MYL6;H2AJ;RPS27;DDRGK1;H2BC21;EFHD2;ARHGEF3;FLNA;MAPK1;RHOV;SRGAP1,Reactome_2022
Reactome_2022,Transcriptional Regulation By RUNX3 R-HSA-8878159,2/95,0.9317271766594806,0.9999959402805172,0,0,0.4546509263578408,0.0321507475805429,SEM1;CDKN1A,Reactome_2022
Reactome_2022,UCH Proteinases R-HSA-5689603,2/95,0.9317271766594806,0.9999959402805172,0,0,0.4546509263578408,0.0321507475805429,SEM1;TFPT,Reactome_2022
Reactome_2022,HCMV Early Events R-HSA-9609690,2/96,0.9342531536695248,0.9999959402805172,0,0,0.4497905474167514,0.0305892813359521,H2BC21;DYNLL2,Reactome_2022
Reactome_2022,Degradation Of GLI1 By Proteasome R-HSA-5610780,1/59,0.934368601201366,0.9999959402805172,0,0,0.3647701149425287,0.0247621532038214,SEM1,Reactome_2022
Reactome_2022,Degradation Of GLI2 By Proteasome R-HSA-5610783,1/59,0.934368601201366,0.9999959402805172,0,0,0.3647701149425287,0.0247621532038214,SEM1,Reactome_2022
Reactome_2022,GLI3 Is Processed To GLI3R By Proteasome R-HSA-5610785,1/59,0.934368601201366,0.9999959402805172,0,0,0.3647701149425287,0.0247621532038214,SEM1,Reactome_2022
Reactome_2022,RHOQ GTPase Cycle R-HSA-9013406,1/59,0.934368601201366,0.9999959402805172,0,0,0.3647701149425287,0.0247621532038214,SLC4A7,Reactome_2022
Reactome_2022,Response To Elevated Platelet Cytosolic Ca2+ R-HSA-76005,3/130,0.9361768929434672,0.9999959402805172,0,0,0.4990617820879294,0.0329135398344881,HABP4;FLNA;CYRIB,Reactome_2022
Reactome_2022,Defective CFTR Causes Cystic Fibrosis R-HSA-5678895,1/60,0.9373339519642964,0.9999959402805172,0,0,0.3585687382297551,0.0232050106600872,SEM1,Reactome_2022
Reactome_2022,HDACs Deacetylate Histones R-HSA-3214815,1/60,0.9373339519642964,0.9999959402805172,0,0,0.3585687382297551,0.0232050106600872,H2BC21,Reactome_2022
Reactome_2022,Dectin-1 Mediated Noncanonical NF-kB Signaling R-HSA-5607761,1/61,0.94016545963956,0.9999959402805172,0,0,0.3525740740740741,0.0217536082317674,SEM1,Reactome_2022
Reactome_2022,SLC Transporter Disorders R-HSA-5619102,2/99,0.9413102095477176,0.9999959402805172,0,0,0.4358106945861954,0.0263589352691906,SLC9A7;SLC2A1,Reactome_2022
Reactome_2022,ER To Golgi Anterograde Transport R-HSA-199977,3/133,0.9422661488307352,0.9999959402805172,0,0,0.487467877334247,0.0289885000890306,TMED9;KDELR2;DYNLL2,Reactome_2022
Reactome_2022,Asymmetric Localization Of PCP Proteins R-HSA-4608870,1/62,0.9428691589302868,0.9999959402805172,0,0,0.346775956284153,0.0204000512680959,SEM1,Reactome_2022
Reactome_2022,Peptide Ligand-Binding Receptors R-HSA-375276,5/196,0.9438947492520602,0.9999959402805172,0,0,0.5524261406133134,0.0318974242663622,HEBP1;POMC;NPY;BDKRB2;OPRM1,Reactome_2022
Reactome_2022,Autodegradation Of Cdh1 By Cdh1:APC/C R-HSA-174084,1/63,0.945450812622704,0.9999959402805172,0,0,0.3411648745519713,0.0191371028392508,SEM1,Reactome_2022
Reactome_2022,Peroxisomal Protein Import R-HSA-9033241,1/63,0.945450812622704,0.9999959402805172,0,0,0.3411648745519713,0.0191371028392508,ZFAND6,Reactome_2022
Reactome_2022,TCF Dependent Signaling In Response To WNT R-HSA-201681,5/198,0.9470070951394184,0.9999959402805172,0,0,0.5466436898593634,0.0297640347756951,SEM1;H2AJ;H2BC21;CBY1;WNT9A,Reactome_2022
Reactome_2022,Hedgehog Ligand Biogenesis R-HSA-5358346,1/64,0.9479159240507374,0.9999959402805172,0,0,0.335731922398589,0.0179581220440377,SEM1,Reactome_2022
Reactome_2022,SUMO E3 Ligases SUMOylate Target Proteins R-HSA-3108232,4/168,0.94798624800546,0.9999959402805172,0,0,0.5148598308725563,0.0275013836515469,CBX8;NFKBIA;NSMCE4A;VHL,Reactome_2022
Reactome_2022,Separation Of Sister Chromatids R-HSA-2467813,4/170,0.9511063071671826,0.9999959402805172,0,0,0.5086029737679816,0.0254959812762031,SEM1;RPS27;PLK1;DYNLL2,Reactome_2022
Reactome_2022,MHC Class II Antigen Presentation R-HSA-2132295,2/104,0.9514978965274892,0.9999959402805172,0,0,0.4143383716111584,0.0205999935099963,KIF3B;DYNLL2,Reactome_2022
Reactome_2022,Mitotic Anaphase R-HSA-68882,6/232,0.9527774877153994,0.9999959402805172,0,0,0.5598358629554556,0.0270814377377014,SEM1;RPS27;IST1;PLK1;DYNLL2;KPNB1,Reactome_2022
Reactome_2022,Mitotic Metaphase And Anaphase R-HSA-2555396,6/233,0.9540466961043924,0.9999959402805172,0,0,0.5573400930278345,0.0262187610765348,SEM1;RPS27;IST1;PLK1;DYNLL2;KPNB1,Reactome_2022
Reactome_2022,APC/C:Cdc20 Mediated Degradation Of Securin R-HSA-174154,1/67,0.9546633858975228,0.9999959402805172,0,0,0.3204208754208754,0.0148663994997719,SEM1,Reactome_2022
Reactome_2022,HDR Thru Homologous Recombination (HRR) R-HSA-5685942,1/67,0.9546633858975228,0.9999959402805172,0,0,0.3204208754208754,0.0148663994997719,SEM1,Reactome_2022
Reactome_2022,Regulation Of PTEN Stability And Activity R-HSA-8948751,1/67,0.9546633858975228,0.9999959402805172,0,0,0.3204208754208754,0.0148663994997719,SEM1,Reactome_2022
Reactome_2022,GPCR Ligand Binding R-HSA-500792,14/458,0.9547525901602076,0.9999959402805172,0,0,0.6631575205419625,0.0307062091736687,P2RY12;CALCRL;GPR4;WNT9A;OPRM1;ADRA2C;GNG13;HEBP1;POMC;CYSLTR2;CALCR;NPY;BDKRB2;DRD2,Reactome_2022
Reactome_2022,Post-translational Protein Phosphorylation R-HSA-8957275,2/106,0.9550804174301596,0.9999959402805172,0,0,0.4063275434243176,0.0186747063463432,APOE;FGF23,Reactome_2022
Reactome_2022,Transcriptional Regulation By RUNX1 R-HSA-8878171,5/204,0.9554284353735418,0.9999959402805172,0,0,0.5299937185929648,0.0241652839043943,CBX8;SEM1;H2AJ;NR4A3;H2BC21,Reactome_2022
Reactome_2022,Costimulation By CD28 Family R-HSA-388841,1/68,0.9567125677706824,0.9999959402805172,0,0,0.3156218905472637,0.0139669882113431,FYN,Reactome_2022
Reactome_2022,SUMOylation R-HSA-2990846,4/174,0.9568364773917116,0.9999959402805172,0,0,0.4965309200603318,0.0219083206503768,CBX8;NFKBIA;NSMCE4A;VHL,Reactome_2022
Reactome_2022,Beta-catenin Independent WNT Signaling R-HSA-3858494,3/142,0.9574491788469855,0.9999959402805172,0,0,0.4556889009950169,0.0198145547288533,SEM1;ITPR3;GNG13,Reactome_2022
Reactome_2022,Clathrin-mediated Endocytosis R-HSA-8856828,3/142,0.9574491788469855,0.9999959402805172,0,0,0.4556889009950169,0.0198145547288533,SH3GL3;GRK2;UBQLN1,Reactome_2022
Reactome_2022,Circadian Clock R-HSA-400253,1/69,0.958669221144191,0.9999959402805172,0,0,0.3109640522875817,0.0131255389619374,MEF2D,Reactome_2022
Reactome_2022,Diseases Associated With O-glycosylation Of Proteins R-HSA-3906995,1/69,0.958669221144191,0.9999959402805172,0,0,0.3109640522875817,0.0131255389619374,C1GALT1,Reactome_2022
Reactome_2022,Orc1 Removal From Chromatin R-HSA-68949,1/69,0.958669221144191,0.9999959402805172,0,0,0.3109640522875817,0.0131255389619374,SEM1,Reactome_2022
Reactome_2022,RHOB GTPase Cycle R-HSA-9013026,1/69,0.958669221144191,0.9999959402805172,0,0,0.3109640522875817,0.0131255389619374,ARHGEF3,Reactome_2022
Reactome_2022,Signal Transduction R-HSA-162582,95/2465,0.959178990606218,0.9999959402805172,0,0,0.8319748510642753,0.0346746972038846,YWHAE;SH3GL3;GABRB2;DOCK5;CDKN1A;ZFYVE9;CBY1;F11R;RND2;HEBP1;CYSLTR2;H2BC21;STMN1;EFHD2;BDKRB2;ITGB8;HRAS;FOS;WNT9A;KCTD3;OPRM1;ADRA2C;DUSP9;DYNLL2;F3;CNKSR2;MYL6;H2AJ;ADCY9;RBL1;PXDN;ARHGEF3;RHOV;SGK1;DGKI;FKBP5;BEX3;SHC3;CALCRL;DTX1;ITPR3;FOXO1;RAP1B;GNA14;CALCR;GRK2;ACVR1C;PRKAR2B;DDRGK1;NPY;EIF4EBP1;FLNA;MAPK1;FYN;APOE;VHL;PLCG1;HNRNPA1;DRD2;MEF2D;FGF23;SRGAP1;POLR2J;FGF22;POLR2K;POLR2L;P2RY12;CBX8;PPP1R14A;EGR1;JUND;NDUFA5;EGR4;LAMB3;PTGES3;PLK1;GPR4;INHBA;HSPE1;GNG13;DRAP1;FOSL1;SEM1;NFKBIA;SLC4A7;FMNL3;POMC;RPS27;VAPA;PTPRA;PDE3A;FOSB;LAMTOR2;LAMTOR4;MXD4,Reactome_2022
Reactome_2022,Innate Immune System R-HSA-168249,36/1035,0.9606922805966256,0.9999959402805172,0,0,0.7540488465343956,0.0302382099049948,CSTB;C1QA;DDX3X;ITPR3;RAP1B;PRDX5;RAB24;MAPK1;FYN;PLCG1;HRAS;POLR2K;POLR2L;CD53;NANOS1;CD93;IST1;NDUFA2;HUWE1;NME2;PDAP1;IRAK3;FOS;SEM1;NFKBIA;MYO1E;VAPA;RAB37;LAMTOR2;TLR7;PLEKHO2;TLR4;KPNB1;HSPA1B;TLR3;HSPA1A,Reactome_2022
Reactome_2022,Immune System R-HSA-168256,73/1943,0.9609007250295172,0.9999959402805172,0,0,0.8122897775711075,0.0323975110245688,CDKN1A;DDX3X;RNF19B;ICAM4;IFIT1;SEC61G;SEC61B;KPNA3;HRAS;CD53;NANOS1;RSAD2;CD93;IST1;IL1R1;NME2;IRAK3;FOS;OPRM1;DYNLL2;PPM1B;GAN;RAB37;TLR7;PLEKHO2;TLR4;KPNB1;TLR3;ANAPC13;CSTB;C1QA;CTF1;CEBPD;KLHL11;ASB11;RNF6;ITPR3;PTGS2;FOXO1;RAP1B;PRDX5;HNRNPDL;KIF3B;RAB24;FLNA;MAPK1;FYN;VHL;PLCG1;XDH;POLR2K;IL12RB2;SOCS5;POLR2L;EGR1;HACE1;ZBTB16;NDUFA2;HUWE1;PDAP1;LNPEP;FBXO32;SEM1;NFKBIA;POMC;MYO1E;VAPA;LAMTOR2;CALR;BRWD1;CLEC2D;HSPA1B;HSPA1A,Reactome_2022
Reactome_2022,RNA Polymerase II Transcription R-HSA-73857,47/1312,0.9622144830258236,0.9999959402805172,0,0,0.7758865510825597,0.0298855189092344,YWHAE;COX7B;CDKN1A;COX4I1;COX5B;COX6A1;COX7C;FOXO1;UXT;SNAPC5;PRDX5;PABPN1;H2BC21;NPY;MAPK1;COX14;SNRPD3;APOE;POLR2J;POLR2K;NR2C2AP;POLR2L;COX8A;GAMT;CBX8;CPSF4;TAF15;TAF10;ATAD2;FOS;OPRM1;FBXO32;SEM1;POMC;H2AJ;NR4A3;RBL1;DDIT4;SNRPG;LAMTOR2;SNRPE;SRSF5;SNRPF;LAMTOR4;SGK1;PVALB;FKBP5,Reactome_2022
Reactome_2022,trans-Golgi Network Vesicle Budding R-HSA-199992,1/71,0.9623214487216702,0.9999959402805172,0,0,0.302047619047619,0.0116006637231426,BLOC1S1,Reactome_2022
Reactome_2022,Cell Cycle R-HSA-1640170,21/654,0.9625850344903164,0.9999959402805172,0,0,0.696154674709177,0.0265463751537953,YWHAE;CDKN1A;IST1;PLK1;CEP131;DYNLL2;SEM1;H2AJ;DBF4;CDC45;RPS27;RBL1;PRKAR2B;H2BC21;GAR1;NHP2;MAPK1;POLR2J;KPNB1;POLR2K;POLR2L,Reactome_2022
Reactome_2022,"Cell Cycle, Mitotic R-HSA-69278",16/523,0.9637684078142004,0.9999959402805172,0,0,0.6629715062570343,0.0244664689217953,YWHAE;CDKN1A;IST1;PLK1;CEP131;DYNLL2;SEM1;H2AJ;DBF4;CDC45;RPS27;RBL1;PRKAR2B;H2BC21;MAPK1;KPNB1,Reactome_2022
Reactome_2022,CDK-mediated Phosphorylation And Removal Of Cdc6 R-HSA-69017,1/72,0.964024814350518,0.9999959402805172,0,0,0.2977777777777777,0.0109100547833347,SEM1,Reactome_2022
Reactome_2022,Cdc20:Phospho-APC/C Mediated Degradation Of Cyclin A R-HSA-174184,1/72,0.964024814350518,0.9999959402805172,0,0,0.2977777777777777,0.0109100547833347,SEM1,Reactome_2022
Reactome_2022,Regulation Of RUNX2 Expression And Activity R-HSA-8939902,1/72,0.964024814350518,0.9999959402805172,0,0,0.2977777777777777,0.0109100547833347,SEM1,Reactome_2022
Reactome_2022,APC:Cdc20 Mediated Degradation Of Cell Cycle Proteins Before Cycle Checkpoint Satisfied R-HSA-179419,1/73,0.965651250948488,0.9999959402805172,0,0,0.2936265432098765,0.0102629916811919,SEM1,Reactome_2022
Reactome_2022,RHOC GTPase Cycle R-HSA-9013106,1/73,0.965651250948488,0.9999959402805172,0,0,0.2936265432098765,0.0102629916811919,FMNL3,Reactome_2022
Reactome_2022,Reproduction R-HSA-1474165,2/113,0.9657276798075928,0.9999959402805172,0,0,0.3805629879044784,0.0132715212963444,H2AJ;H2BC21,Reactome_2022
Reactome_2022,CDC42 GTPase Cycle R-HSA-9013148,3/149,0.9665788078330634,0.9999959402805172,0,0,0.4336806297098575,0.014741864629817,FMNL3;KCTD3;SRGAP1,Reactome_2022
Reactome_2022,HDR Thru Homologous Recombination (HRR) Or Single Strand Annealing (SSA) R-HSA-5693567,2/114,0.9670348117818216,0.9999959402805172,0,0,0.3771452407436834,0.0126422043033765,SEM1;H2BC21,Reactome_2022
Reactome_2022,Formation Of Cornified Envelope R-HSA-6809371,1/74,0.9672042290883875,0.9999959402805172,0,0,0.2895890410958904,0.0096565224093222,KLK13,Reactome_2022
Reactome_2022,Signaling By NOTCH1 R-HSA-1980143,1/74,0.9672042290883875,0.9999959402805172,0,0,0.2895890410958904,0.0096565224093222,DTX1,Reactome_2022
Reactome_2022,Transport Of Mature mRNA Derived From An Intron-Containing Transcript R-HSA-159236,1/74,0.9672042290883875,0.9999959402805172,0,0,0.2895890410958904,0.0096565224093222,SRSF5,Reactome_2022
Reactome_2022,APC/C:Cdc20 Mediated Degradation Of Mitotic Proteins R-HSA-176409,1/75,0.9686870631102912,0.9999959402805172,0,0,0.2856606606606606,0.0090879132866557,SEM1,Reactome_2022
Reactome_2022,ABC Transporter Disorders R-HSA-5619084,1/77,0.9714548153174372,0.9999959402805172,0,0,0.2781140350877193,0.0080543274843278,SEM1,Reactome_2022
Reactome_2022,Nuclear Events Mediated By NFE2L2 R-HSA-9759194,1/78,0.9727456418095316,0.9999959402805172,0,0,0.2744877344877345,0.0075848227842493,SEM1,Reactome_2022
Reactome_2022,Homology Directed Repair R-HSA-5693538,2/119,0.9728823649025514,0.9999959402805172,0,0,0.3609328503655534,0.0099228032736671,SEM1;H2BC21,Reactome_2022
Reactome_2022,Synthesis Of DNA R-HSA-69239,2/119,0.9728823649025514,0.9999959402805172,0,0,0.3609328503655534,0.0099228032736671,SEM1;CDC45,Reactome_2022
Reactome_2022,Glycosaminoglycan Metabolism R-HSA-1630316,2/120,0.9739252225320838,0.9999959402805172,0,0,0.3578552440564846,0.0094548046078313,ST3GAL1;HS3ST2,Reactome_2022
Reactome_2022,Regulation Of TP53 Activity R-HSA-5633007,3/157,0.9747433623230092,0.9999959402805172,0,0,0.4109782199982645,0.0105132588178433,TAF15;TAF10;SGK1,Reactome_2022
Reactome_2022,Processing Of DNA Double-Strand Break Ends R-HSA-5693607,1/80,0.9751549807047754,0.9999959402805172,0,0,0.2675105485232067,0.0067302620565159,H2BC21,Reactome_2022
Reactome_2022,Rab Regulation Of Trafficking R-HSA-9007101,2/122,0.975895933659761,0.9999959402805172,0,0,0.3518539117538005,0.0085849974536993,YWHAE;RAB13,Reactome_2022
Reactome_2022,DDX58/IFIH1-mediated Induction Of Interferon-Alpha/Beta R-HSA-168928,1/81,0.9762786378296848,0.9999959402805172,0,0,0.2641527777777778,0.0063415801190833,NFKBIA,Reactome_2022
Reactome_2022,Signaling By NOTCH4 R-HSA-9013694,1/81,0.9762786378296848,0.9999959402805172,0,0,0.2641527777777778,0.0063415801190833,SEM1,Reactome_2022
Reactome_2022,Immunoregulatory Interactions Between A Lymphoid And A non-Lymphoid Cell R-HSA-198933,2/123,0.9768264894446632,0.9999959402805172,0,0,0.3489276422838967,0.0081810405308511,ICAM4;CLEC2D,Reactome_2022
Reactome_2022,Global Genome Nucleotide Excision Repair (GG-NER) R-HSA-5696399,1/82,0.9773515241659848,0.9999959402805172,0,0,0.260877914951989,0.005976424003845,TFPT,Reactome_2022
Reactome_2022,S Phase R-HSA-69242,3/161,0.9780775810672458,0.9999959402805172,0,0,0.4004891319669589,0.0088773565785383,SEM1;CDKN1A;CDC45,Reactome_2022
Reactome_2022,Degradation Of Beta-Catenin By Destruction Complex R-HSA-195253,1/84,0.9793540474984672,0.9999959402805172,0,0,0.2545649263721553,0.0053107487292483,SEM1,Reactome_2022
Reactome_2022,Glycerophospholipid Biosynthesis R-HSA-1483206,2/127,0.9802128836118136,0.9999959402805172,0,0,0.3376907675194661,0.0067489197571094,CHKA;PLA2G3,Reactome_2022
Reactome_2022,Transport To Golgi And Subsequent Modification R-HSA-948021,3/164,0.9802985780835488,0.9999959402805172,0,0,0.3929643514227614,0.007819236968887,TMED9;KDELR2;DYNLL2,Reactome_2022
Reactome_2022,Signaling By WNT R-HSA-195721,7/294,0.9803777435520432,0.9999959402805172,0,0,0.5132318437278333,0.0101708842907642,SEM1;H2AJ;H2BC21;CBY1;ITPR3;WNT9A;GNG13,Reactome_2022
Reactome_2022,RHO GTPase Cycle R-HSA-9012999,12/441,0.9803935619700624,0.9999959402805172,0,0,0.5874440520109812,0.0116320936895596,FMNL3;SLC4A7;DOCK5;NDUFA5;DDRGK1;EFHD2;ARHGEF3;RHOV;KCTD3;RND2;HSPE1;SRGAP1,Reactome_2022
Reactome_2022,Ub-specific Processing Proteases R-HSA-5689880,4/201,0.9819335154552212,0.9999959402805172,0,0,0.4278672846317958,0.0078007377566315,NFKBIA;SEM1;H2BC21;TAF10,Reactome_2022
Reactome_2022,PCP/CE Pathway R-HSA-4086400,1/88,0.9828440052983508,0.9999959402805172,0,0,0.2428097062579821,0.0042017889207953,SEM1,Reactome_2022
Reactome_2022,Protein-protein Interactions At Synapses R-HSA-6794362,1/88,0.9828440052983508,0.9999959402805172,0,0,0.2428097062579821,0.0042017889207953,SHANK1,Reactome_2022
Reactome_2022,Signaling By NOTCH R-HSA-157118,4/203,0.9830937194911702,0.9999959402805172,0,0,0.4235222937429623,0.007221403711087,SEM1;H2AJ;H2BC21;DTX1,Reactome_2022
Reactome_2022,Switching Of Origins To A Post-Replicative State R-HSA-69052,1/90,0.9843612858687324,0.9999959402805172,0,0,0.2373283395755306,0.0037408378480562,SEM1,Reactome_2022
Reactome_2022,Post-translational Modification: Synthesis Of GPI-anchored Proteins R-HSA-163125,1/92,0.985744492214293,0.9999959402805172,0,0,0.2320879120879121,0.0033323399759222,DPM3,Reactome_2022
Reactome_2022,Disorders Of Transmembrane Transporters R-HSA-5619115,3/176,0.9872145080123826,0.9999959402805172,0,0,0.3654749797237277,0.0047029063886791,SEM1;SLC9A7;SLC2A1,Reactome_2022
Reactome_2022,Generic Transcription Pathway R-HSA-212436,39/1190,0.9881258518171095,0.9999959402805172,0,0,0.7055017225009625,0.00842736550028,YWHAE;COX7B;CDKN1A;COX4I1;COX5B;COX6A1;COX7C;FOXO1;UXT;PRDX5;H2BC21;NPY;MAPK1;COX14;APOE;POLR2J;POLR2K;NR2C2AP;POLR2L;COX8A;GAMT;CBX8;TAF15;TAF10;ATAD2;FOS;OPRM1;FBXO32;SEM1;POMC;H2AJ;NR4A3;RBL1;DDIT4;LAMTOR2;LAMTOR4;SGK1;PVALB;FKBP5,Reactome_2022
Reactome_2022,Gene Expression (Transcription) R-HSA-74160,49/1449,0.98875129212128,0.9999959402805172,0,0,0.7270715962441314,0.0082249633169224,YWHAE;COX7B;CDKN1A;COX4I1;COX6A1;COX7C;UXT;SNAPC5;H2BC21;SNRPD3;COX8A;GAMT;FOS;OPRM1;BAZ1B;H2AJ;RBL1;DDIT4;SNRPG;SNRPE;SRSF5;SNRPF;SGK1;PVALB;FKBP5;COX5B;FOXO1;PRDX5;PABPN1;NPY;MAPK1;COX14;APOE;POLR2J;POLR2K;NR2C2AP;POLR2L;CBX8;CPSF4;TAF15;TAF10;ATAD2;FBXO32;SEM1;POMC;MYO1E;NR4A3;LAMTOR2;LAMTOR4,Reactome_2022
Reactome_2022,Visual Phototransduction R-HSA-2187338,1/98,0.9892028929194704,0.9999959402805172,0,0,0.2176632302405498,0.0023629125945404,APOE,Reactome_2022
Reactome_2022,Diseases Of Glycosylation R-HSA-3781865,2/143,0.9895577483859797,0.9999959402805172,0,0,0.2991188002429807,0.0031398962492703,DPM3;C1GALT1,Reactome_2022
Reactome_2022,L1CAM Interactions R-HSA-373760,1/99,0.9896915820569104,0.9999959402805172,0,0,0.2154308390022675,0.0022322766164418,MAPK1,Reactome_2022
Reactome_2022,KEAP1-NFE2L2 Pathway R-HSA-9755511,1/100,0.9901581703664636,0.9999959402805172,0,0,0.2132435465768799,0.002109102478051,SEM1,Reactome_2022
Reactome_2022,TNFR2 Non-Canonical NF-kB Pathway R-HSA-5668541,1/100,0.9901581703664636,0.9999959402805172,0,0,0.2132435465768799,0.002109102478051,SEM1,Reactome_2022
Reactome_2022,ABC-family Proteins Mediated Transport R-HSA-382556,1/102,0.99102899292988,0.9999959402805172,0,0,0.208998899889989,0.0018833912547878,SEM1,Reactome_2022
Reactome_2022,tRNA Processing R-HSA-72306,1/105,0.9921930086550772,0.9999959402805172,0,0,0.2029380341880342,0.0015905523007386,CPSF4,Reactome_2022
Reactome_2022,Degradation Of Extracellular Matrix R-HSA-1474228,1/109,0.9935136949772024,0.9999959402805172,0,0,0.195380658436214,0.0012714264482046,LAMB3,Reactome_2022
Reactome_2022,PPARA Activates Gene Expression R-HSA-1989781,1/116,0.9953105363162498,0.9999959402805172,0,0,0.1834202898550724,0.0008621659197348895,ANGPTL4,Reactome_2022
Reactome_2022,Regulation Of Lipid Metabolism By PPARalpha R-HSA-400206,1/118,0.995725661461839,0.9999959402805172,0,0,0.1802659069325736,0.0007721689470071363,ANGPTL4,Reactome_2022
Reactome_2022,Deubiquitination R-HSA-5688426,5/279,0.9957728154480354,0.9999959402805172,0,0,0.3833949752346194,0.0016241164602003,NFKBIA;SEM1;TFPT;H2BC21;TAF10,Reactome_2022
Reactome_2022,Diseases Of Metabolism R-HSA-5668914,4/247,0.9962782278039294,0.9999959402805172,0,0,0.3460276825816278,0.0012902386874389,POMC;DPM3;C1GALT1;ADA,Reactome_2022
Reactome_2022,SARS-CoV-2 Activates/Modulates Innate And Adaptive Immune Responses R-HSA-9705671,1/121,0.9962804993424632,0.9999959402805172,0,0,0.1757314814814815,0.0006548519784824973,TLR7,Reactome_2022
Reactome_2022,Extracellular Matrix Organization R-HSA-1474244,5/291,0.9971763158561197,0.9999959402805172,0,0,0.3670743319180819,0.0010379681083426,LAMB3;PXDN;ITGB8;ICAM4;F11R,Reactome_2022
Reactome_2022,RAC1 GTPase Cycle R-HSA-9013149,2/178,0.9975028236553026,0.9999959402805172,0,0,0.2391925371625038,0.0005980529786773209,DOCK5;SRGAP1,Reactome_2022
Reactome_2022,Vesicle-mediated Transport R-HSA-5653656,15/637,0.9986291688708616,0.9999959402805172,0,0,0.5029196576978072,0.000689890892293024,YWHAE;SH3GL3;TMED9;LNPEP;DYNLL2;MYO1E;GRK2;KIF3B;BLOC1S1;RAB13;UBQLN1;KDELR2;NAA38;APOE;CALR,Reactome_2022
Reactome_2022,Membrane Trafficking R-HSA-199991,13/599,0.999267924520384,0.9999959402805172,0,0,0.4624976939396734,0.0003387072158685783,YWHAE;SH3GL3;TMED9;LNPEP;DYNLL2;MYO1E;GRK2;KIF3B;BLOC1S1;RAB13;UBQLN1;KDELR2;NAA38,Reactome_2022
Reactome_2022,Keratinization R-HSA-6805567,2/208,0.9992856181644568,0.9999959402805172,0,0,0.2040346879488536,0.000145810763375094,KLK13;KRT9,Reactome_2022
Reactome_2022,Phospholipid Metabolism R-HSA-1483257,2/208,0.9992856181644568,0.9999959402805172,0,0,0.2040346879488536,0.000145810763375094,CHKA;PLA2G3,Reactome_2022
Reactome_2022,Metabolism Of Carbohydrates R-HSA-71387,3/285,0.9998043564553684,0.9999959402805172,0,0,0.2229185423873383,4.361684061256728e-05,SLC2A1;ST3GAL1;HS3ST2,Reactome_2022
Reactome_2022,Metabolism Of Lipids R-HSA-556833,15/732,0.999893321052484,0.9999959402805172,0,0,0.4340413876479311,4.630554837018053e-05,PTGIS;CHKA;PTGES3;CIDEA;PLA2G3;DBI;PTGR1;PTGS2;SGPP1;TM7SF2;POMC;FABP3;VAPA;ANGPTL4;KPNB1,Reactome_2022
Reactome_2022,Post-translational Protein Modification R-HSA-597592,33/1383,0.9999872737126464,0.9999959402805172,0,0,0.4998438300051203,6.361196689865407e-06,CMAS;KLHL11;ASB11;HIF3A;TFPT;H2BC21;RAB24;ST8SIA4;APOE;VHL;DCAF10;FGF23;ST3GAL1;GCNT7;SOCS5;CBX8;TMED9;WSB2;ZBTB16;TAF10;C1GALT1;FBXO32;DYNLL2;SEM1;NFKBIA;DPM3;NSMCE4A;NAGK;GAN;RAB37;RAB13;KDELR2;CALR,Reactome_2022
Reactome_2022,Sensory Perception R-HSA-9709957,6/616,0.9999952881755578,0.9999959402805172,0,0,0.2031944317245169,9.574187455090772e-07,MYO1E;ITPR3;CACNA1D;EPS8L2;APOE;GNG13,Reactome_2022
Reactome_2022,Olfactory Signaling Pathway R-HSA-381753,1/401,0.9999959402805172,0.9999959402805172,0,0,0.0519416666666666,2.1086902417675186e-07,GNG13,Reactome_2022
