Gene_set,Term,Overlap,P-value,Adjusted P-value,Old P-value,Old Adjusted P-value,Odds Ratio,Combined Score,Genes,Database
GO_Biological_Process_2023,Negative Regulation Of Signaling (GO:0023057),4/28,0.0007365347697575421,0.6110347236581227,0,0,11.193970420932878,80.74831137888285,BRAP;AP1AR;OPRM1;SOCS5,GO_Biological_Process_2023
GO_Biological_Process_2023,Response To Reactive Oxygen Species (GO:0000302),5/66,0.0029796778939887,0.6110347236581227,0,0,5.513698630136986,32.06734081661495,MAPK1;FYN;ROMO1;FOS;MT3,GO_Biological_Process_2023
GO_Biological_Process_2023,Aerobic Electron Transport Chain (GO:0019646),5/68,0.0033931949013364,0.6110347236581227,0,0,5.338116981952599,30.35244429384853,NDUFS6;NDUFB1;UQCR11;COX5B;COX6A2,GO_Biological_Process_2023
GO_Biological_Process_2023,Energy Derivation By Oxidation Of Organic Compounds (GO:0015980),4/43,0.0037294362184782,0.6110347236581227,0,0,6.883346460138269,38.48821937358181,NR4A3;UQCR11;COX5B;MT3,GO_Biological_Process_2023
GO_Biological_Process_2023,Mitochondrial ATP Synthesis Coupled Electron Transport (GO:0042775),5/70,0.0038464363290856,0.6110347236581227,0,0,5.173340358271865,28.76691875629465,NDUFS6;NDUFB1;UQCR11;COX5B;COX6A2,GO_Biological_Process_2023
GO_Biological_Process_2023,Negative Regulation Of Cell Communication (GO:0010648),3/22,0.0040500269182016,0.6110347236581227,0,0,10.571428571428571,58.2383356578288,BRAP;OPRM1;SOCS5,GO_Biological_Process_2023
GO_Biological_Process_2023,"Blood Coagulation, Intrinsic Pathway (GO:0007597)",2/7,0.0043935355727965,0.6110347236581227,0,0,26.70915254237288,144.96715740142128,F12;FLNA,GO_Biological_Process_2023
GO_Biological_Process_2023,Cellular Response To Leptin Stimulus (GO:0044320),2/7,0.0043935355727965,0.6110347236581227,0,0,26.70915254237288,144.96715740142128,NR4A3;MT3,GO_Biological_Process_2023
GO_Biological_Process_2023,Positive Regulation Of Vascular Associated Smooth Muscle Cell Migration (GO:1904754),2/7,0.0043935355727965,0.6110347236581227,0,0,26.70915254237288,144.96715740142128,DOCK5;NR4A3,GO_Biological_Process_2023
GO_Biological_Process_2023,Cellular Response To Reactive Oxygen Species (GO:0034614),5/73,0.0046052529543971,0.6110347236581227,0,0,4.944349315068493,26.60335668179244,MAPK1;FYN;ROMO1;FOS;MT3,GO_Biological_Process_2023
GO_Biological_Process_2023,ERK1 And ERK2 Cascade (GO:0070371),3/24,0.0052077928529579,0.6110347236581227,0,0,9.563654033041788,50.2818593116153,MAPK1;DUSP9;MT3,GO_Biological_Process_2023
GO_Biological_Process_2023,Leptin-Mediated Signaling Pathway (GO:0033210),2/8,0.0058007936109597,0.6110347236581227,0,0,22.25649717514124,114.6156309404142,MKKS;MT3,GO_Biological_Process_2023
GO_Biological_Process_2023,Cellular Response To Steroid Hormone Stimulus (GO:0071383),3/25,0.0058536856356341,0.6110347236581227,0,0,9.12847866419295,46.92662232316352,URI1;MAPK1;HSPA1B,GO_Biological_Process_2023
GO_Biological_Process_2023,Cellular Response To Organic Cyclic Compound (GO:0071407),7/152,0.0077204939216198,0.6269216086575488,0,0,3.2557907253269915,15.83576542226916,RAP1B;EGR1;URI1;NR4A3;PDE3A;SLC26A6;HSPA1B,GO_Biological_Process_2023
GO_Biological_Process_2023,Cellular Respiration (GO:0045333),5/85,0.008715375001224,0.6269216086575488,0,0,4.200128424657534,19.9198086757795,NR4A3;NDUFS6;NDUFB1;UQCR11;COX5B,GO_Biological_Process_2023
GO_Biological_Process_2023,Regulation Of Protein Modification By Small Protein Conjugation Or Removal (GO:1903320),3/29,0.008903065988699,0.6269216086575488,0,0,7.722527472527473,36.46082897508127,EGR1;UBQLN1;HSPA1B,GO_Biological_Process_2023
GO_Biological_Process_2023,Negative Regulation Of Sprouting Angiogenesis (GO:1903671),2/10,0.0091416889745102,0.6269216086575488,0,0,16.690677966101696,78.36123291363853,SEMA6A;CREB3L1,GO_Biological_Process_2023
GO_Biological_Process_2023,Regulation Of Calcium Ion Import Across Plasma Membrane (GO:1905664),2/10,0.0091416889745102,0.6269216086575488,0,0,16.690677966101696,78.36123291363853,CALCR;FYN,GO_Biological_Process_2023
GO_Biological_Process_2023,Positive Regulation Of Cellular Metabolic Process (GO:0031325),4/56,0.0095540408239382,0.6269216086575488,0,0,5.159096875820425,23.9938817879568,LIPT2;CDKN1A;ROMO1;MT3,GO_Biological_Process_2023
GO_Biological_Process_2023,Intestinal Absorption (GO:0050892),2/11,0.0110643701914129,0.6269216086575488,0,0,14.835404896421846,66.81903789267928,F11R;SLC26A6,GO_Biological_Process_2023
GO_Biological_Process_2023,Regulation Of Vascular Associated Smooth Muscle Cell Migration (GO:1904752),2/12,0.0131481080198668,0.6269216086575488,0,0,13.351186440677964,57.830362431461886,DOCK5;NR4A3,GO_Biological_Process_2023
GO_Biological_Process_2023,Regulation Of Oxidoreductase Activity (GO:0051341),2/13,0.0153877282708395,0.6269216086575488,0,0,12.136825885978428,50.66135598750169,SZT2;MT3,GO_Biological_Process_2023
GO_Biological_Process_2023,MAPK Cascade (GO:0000165),5/98,0.0154634609797187,0.6269216086575488,0,0,3.610620120783621,15.053669627179191,BRAP;MAPK1;MT3;HRAS;DUSP9,GO_Biological_Process_2023
GO_Biological_Process_2023,Regulation Of Vascular Associated Smooth Muscle Cell Proliferation (GO:1904705),3/37,0.0173582594207084,0.6269216086575488,0,0,5.903061224489796,23.929161592932623,CDKN1A;NR4A3;MEF2D,GO_Biological_Process_2023
GO_Biological_Process_2023,"Blood Coagulation, Fibrin Clot Formation (GO:0072378)",2/14,0.0177781739975614,0.6269216086575488,0,0,11.124858757062148,44.83077508442057,F12;FLNA,GO_Biological_Process_2023
GO_Biological_Process_2023,Protein Activation Cascade (GO:0072376),2/14,0.0177781739975614,0.6269216086575488,0,0,11.124858757062148,44.83077508442057,F12;FLNA,GO_Biological_Process_2023
GO_Biological_Process_2023,Phagosome Maturation (GO:0090382),2/15,0.0203145031832484,0.6269216086575488,0,0,10.26857887874837,40.0106982249504,SLC4A7;MREG,GO_Biological_Process_2023
GO_Biological_Process_2023,Pigment Granule Transport (GO:0051904),2/15,0.0203145031832484,0.6269216086575488,0,0,10.26857887874837,40.0106982249504,MKKS;MREG,GO_Biological_Process_2023
GO_Biological_Process_2023,Positive Regulation Of Transmembrane Transport (GO:0034764),2/15,0.0203145031832484,0.6269216086575488,0,0,10.26857887874837,40.0106982249504,NR4A3;SLC26A6,GO_Biological_Process_2023
GO_Biological_Process_2023,Protein Localization To Cell-Cell Junction (GO:0150105),2/15,0.0203145031832484,0.6269216086575488,0,0,10.26857887874837,40.0106982249504,F11R;CGNL1,GO_Biological_Process_2023
GO_Biological_Process_2023,Melanosome Transport (GO:0032402),2/15,0.0203145031832484,0.6269216086575488,0,0,10.26857887874837,40.0106982249504,MKKS;MREG,GO_Biological_Process_2023
GO_Biological_Process_2023,Ras Protein Signal Transduction (GO:0007265),6/144,0.0207180708171969,0.6269216086575488,0,0,2.9232033467802183,11.332525573095962,RAP1B;BRAP;CNKSR2;CDKN1A;HACE1;HRAS,GO_Biological_Process_2023
GO_Biological_Process_2023,Response To Amino Acid Starvation (GO:1990928),3/41,0.0228080568394199,0.6269216086575488,0,0,5.280612244897959,19.96410145677297,CDKN1A;SZT2;MAPK1,GO_Biological_Process_2023
GO_Biological_Process_2023,Negative Regulation Of Inflammatory Response To Antigenic Stimulus (GO:0002862),2/16,0.0229918864617598,0.6269216086575488,0,0,9.53462469733656,35.97045754832829,FYN;PLCG1,GO_Biological_Process_2023
GO_Biological_Process_2023,Negative Regulation Of Phosphatase Activity (GO:0010923),2/16,0.0229918864617598,0.6269216086575488,0,0,9.53462469733656,35.97045754832829,URI1;STYXL1,GO_Biological_Process_2023
GO_Biological_Process_2023,Positive Regulation Of Collagen Metabolic Process (GO:0010714),2/16,0.0229918864617598,0.6269216086575488,0,0,9.53462469733656,35.97045754832829,CREB3L1;VSIR,GO_Biological_Process_2023
GO_Biological_Process_2023,Establishment Of Melanosome Localization (GO:0032401),2/16,0.0229918864617598,0.6269216086575488,0,0,9.53462469733656,35.97045754832829,MKKS;MREG,GO_Biological_Process_2023
GO_Biological_Process_2023,Positive Regulation Of Smooth Muscle Cell Migration (GO:0014911),2/16,0.0229918864617598,0.6269216086575488,0,0,9.53462469733656,35.97045754832829,DOCK5;NR4A3,GO_Biological_Process_2023
GO_Biological_Process_2023,"Mitochondrial Electron Transport, Cytochrome C To Oxygen (GO:0006123)",2/16,0.0229918864617598,0.6269216086575488,0,0,9.53462469733656,35.97045754832829,COX5B;COX6A2,GO_Biological_Process_2023
GO_Biological_Process_2023,Cellular Response To Amino Acid Starvation (GO:0034198),3/42,0.0242993030404573,0.6269216086575488,0,0,5.144950287807431,19.125362860560195,CDKN1A;SZT2;MAPK1,GO_Biological_Process_2023
GO_Biological_Process_2023,Regulation Of Establishment Of Cell Polarity (GO:2000114),2/17,0.0258056048846204,0.6269216086575488,0,0,8.898531073446328,32.543383642146736,RAP1B;CYRIB,GO_Biological_Process_2023
GO_Biological_Process_2023,Regulation Of Inflammatory Response To Antigenic Stimulus (GO:0002861),2/17,0.0258056048846204,0.6269216086575488,0,0,8.898531073446328,32.543383642146736,FYN;PLCG1,GO_Biological_Process_2023
GO_Biological_Process_2023,Cellular Response To Growth Factor Stimulus (GO:0071363),6/155,0.0284341032001863,0.6269216086575488,0,0,2.705874212966166,9.6333614742377,SLC4A7;URI1;SEMA6A;ACVR1C;PDE3A;PLCG1,GO_Biological_Process_2023
GO_Biological_Process_2023,Regulation Of Establishment Or Maintenance Of Cell Polarity (GO:0032878),2/18,0.02875104771008,0.6269216086575488,0,0,8.341949152542373,29.606253826802,RAP1B;CYRIB,GO_Biological_Process_2023
GO_Biological_Process_2023,Melanosome Localization (GO:0032400),2/18,0.02875104771008,0.6269216086575488,0,0,8.341949152542373,29.606253826802,MKKS;MREG,GO_Biological_Process_2023
GO_Biological_Process_2023,Cellular Response To Oxidative Stress (GO:0034599),5/117,0.0304938813901646,0.6269216086575488,0,0,2.9951993639921723,10.453932356860411,MAPK1;ROMO1;FOS;MT3;HSPA1B,GO_Biological_Process_2023
GO_Biological_Process_2023,Negative Regulation Of Protein Dephosphorylation (GO:0035308),2/19,0.0318237102633425,0.6269216086575488,0,0,7.850847457627118,27.066139388033328,BOD1;STYXL1,GO_Biological_Process_2023
GO_Biological_Process_2023,Bicarbonate Transport (GO:0015701),2/19,0.0318237102633425,0.6269216086575488,0,0,7.850847457627118,27.066139388033328,SLC4A7;SLC26A6,GO_Biological_Process_2023
GO_Biological_Process_2023,Regulation Of Transcription Involved In G1/S Transition Of Mitotic Cell Cycle (GO:0000083),2/19,0.0318237102633425,0.6269216086575488,0,0,7.850847457627118,27.066139388033328,CDK17;CDK16,GO_Biological_Process_2023
GO_Biological_Process_2023,Gastrulation (GO:0007369),2/19,0.0318237102633425,0.6269216086575488,0,0,7.850847457627118,27.066139388033328,MKKS;NR4A3,GO_Biological_Process_2023
GO_Biological_Process_2023,Regulation Of Intrinsic Apoptotic Signaling Pathway (GO:2001242),3/48,0.0343243338579614,0.6269216086575488,0,0,4.457596371882087,15.030572480106628,URI1;UBQLN1;STYXL1,GO_Biological_Process_2023
GO_Biological_Process_2023,Negative Regulation Of Small GTPase Mediated Signal Transduction (GO:0051058),2/20,0.0350191918236849,0.6269216086575488,0,0,7.414312617702448,24.851730698558228,CYRIB;CGNL1,GO_Biological_Process_2023
GO_Biological_Process_2023,Regulation Of Phosphatase Activity (GO:0010921),2/20,0.0350191918236849,0.6269216086575488,0,0,7.414312617702448,24.851730698558228,PPP1R17;URI1,GO_Biological_Process_2023
GO_Biological_Process_2023,Positive Regulation Of Vascular Associated Smooth Muscle Cell Proliferation (GO:1904707),2/20,0.0350191918236849,0.6269216086575488,0,0,7.414312617702448,24.851730698558228,NR4A3;MEF2D,GO_Biological_Process_2023
GO_Biological_Process_2023,Positive Regulation Of Proteasomal Ubiquitin-Dependent Protein Catabolic Process (GO:0032436),4/83,0.0351294135135137,0.6269216086575488,0,0,3.391195403292003,11.356152027472168,UBQLN1;RNF19B;HSPA1B;SOCS5,GO_Biological_Process_2023
GO_Biological_Process_2023,Positive Regulation Of miRNA Metabolic Process (GO:2000630),3/49,0.0361732708455155,0.6269216086575488,0,0,4.3604702750665485,14.474296807324182,EGR1;FOS;HRAS,GO_Biological_Process_2023
GO_Biological_Process_2023,Chaperone-Mediated Protein Complex Assembly (GO:0051131),2/21,0.0383331935348982,0.6269216086575488,0,0,7.023728813559322,22.90746368347716,MKKS;PFDN6,GO_Biological_Process_2023
GO_Biological_Process_2023,Response To Cadmium Ion (GO:0046686),2/21,0.0383331935348982,0.6269216086575488,0,0,7.023728813559322,22.90746368347716,MAPK1;FOS,GO_Biological_Process_2023
GO_Biological_Process_2023,Regulation Of Substrate Adhesion-Dependent Cell Spreading (GO:1900024),3/51,0.0400216699381675,0.6269216086575488,0,0,4.178358843537415,13.447355262577116,DOCK5;FLNA;AP1AR,GO_Biological_Process_2023
GO_Biological_Process_2023,Negative Regulation Of Extrinsic Apoptotic Signaling Pathway In Absence Of Ligand (GO:2001240),2/22,0.0417615163779334,0.6269216086575488,0,0,6.672203389830509,21.189450243723243,EYA1;HSPA1B,GO_Biological_Process_2023
GO_Biological_Process_2023,Fc Receptor Mediated Stimulatory Signaling Pathway (GO:0002431),2/22,0.0417615163779334,0.6269216086575488,0,0,6.672203389830509,21.189450243723243,NR4A3;FYN,GO_Biological_Process_2023
GO_Biological_Process_2023,Fc-epsilon Receptor Signaling Pathway (GO:0038095),2/22,0.0417615163779334,0.6269216086575488,0,0,6.672203389830509,21.189450243723243,NR4A3;PLCG1,GO_Biological_Process_2023
GO_Biological_Process_2023,Negative Regulation Of Signal Transduction In Absence Of Ligand (GO:1901099),2/22,0.0417615163779334,0.6269216086575488,0,0,6.672203389830509,21.189450243723243,EYA1;HSPA1B,GO_Biological_Process_2023
GO_Biological_Process_2023,Cellular Response To Cadmium Ion (GO:0071276),2/22,0.0417615163779334,0.6269216086575488,0,0,6.672203389830509,21.189450243723243,MAPK1;FOS,GO_Biological_Process_2023
GO_Biological_Process_2023,Regulation Of Cardiac Muscle Cell Membrane Repolarization (GO:0099623),2/22,0.0417615163779334,0.6269216086575488,0,0,6.672203389830509,21.189450243723243,FLNA;CACNA1D,GO_Biological_Process_2023
GO_Biological_Process_2023,Positive Regulation Of Protein Targeting To Membrane (GO:0090314),2/23,0.0453000591617324,0.6269216086575488,0,0,6.354156577885392,19.662600381866767,FYN;HRAS,GO_Biological_Process_2023
GO_Biological_Process_2023,Regulation Of Cell Junction Assembly (GO:1901888),2/23,0.0453000591617324,0.6269216086575488,0,0,6.354156577885392,19.662600381866767,RAP1B;F11R,GO_Biological_Process_2023
GO_Biological_Process_2023,Regulation Of Cysteine-Type Endopeptidase Activity (GO:2000116),2/24,0.0489448165631959,0.6269216086575488,0,0,6.065023112480739,18.298549597853285,FYN;MT3,GO_Biological_Process_2023
GO_Biological_Process_2023,Regulation Of Reactive Oxygen Species Metabolic Process (GO:2000377),3/56,0.0505052909244136,0.6269216086575488,0,0,3.783211397766654,11.29544792762334,CDKN1A;ROMO1;MT3,GO_Biological_Process_2023
GO_Biological_Process_2023,Regulation Of Chondrocyte Differentiation (GO:0032330),2/25,0.0526918772123331,0.6269216086575488,0,0,5.8010316875460575,17.074141573596137,ZBTB16;WNT9A,GO_Biological_Process_2023
GO_Biological_Process_2023,Activation Of Protein Kinase B Activity (GO:0032148),2/25,0.0526918772123331,0.6269216086575488,0,0,5.8010316875460575,17.074141573596137,ADRA2C;MT3,GO_Biological_Process_2023
GO_Biological_Process_2023,Negative Regulation Of Signaling Receptor Activity (GO:2000272),2/25,0.0526918772123331,0.6269216086575488,0,0,5.8010316875460575,17.074141573596137,CALCR;SOCS5,GO_Biological_Process_2023
GO_Biological_Process_2023,Negative Regulation Of Stress Fiber Assembly (GO:0051497),2/25,0.0526918772123331,0.6269216086575488,0,0,5.8010316875460575,17.074141573596137,F11R;CGNL1,GO_Biological_Process_2023
GO_Biological_Process_2023,Regulation Of Potassium Ion Transmembrane Transporter Activity (GO:1901016),2/26,0.0565374217750985,0.6269216086575488,0,0,5.559039548022599,15.970300817523182,KCNG1;CACNA1D,GO_Biological_Process_2023
GO_Biological_Process_2023,Positive Regulation Of Adenylate Cyclase Activity (GO:0045762),2/26,0.0565374217750985,0.6269216086575488,0,0,5.559039548022599,15.970300817523182,CALCR;CACNA1D,GO_Biological_Process_2023
GO_Biological_Process_2023,Negative Regulation Of Catalytic Activity (GO:0043086),2/26,0.0565374217750985,0.6269216086575488,0,0,5.559039548022599,15.970300817523182,IFIT1;MT3,GO_Biological_Process_2023
GO_Biological_Process_2023,Regulation Of Extrinsic Apoptotic Signaling Pathway In Absence Of Ligand (GO:2001239),2/27,0.0604777211280351,0.6269216086575488,0,0,5.336406779661017,14.971183706673964,EYA1;HSPA1B,GO_Biological_Process_2023
GO_Biological_Process_2023,Regulation Of Protein Targeting To Membrane (GO:0090313),2/28,0.0645091345121922,0.6269216086575488,0,0,5.13089960886571,14.06353130367151,FYN;HRAS,GO_Biological_Process_2023
GO_Biological_Process_2023,Establishment Of Endothelial Barrier (GO:0061028),2/28,0.0645091345121922,0.6269216086575488,0,0,5.13089960886571,14.06353130367151,RAP1B;F11R,GO_Biological_Process_2023
GO_Biological_Process_2023,Protein Insertion Into Mitochondrial Membrane (GO:0051204),2/28,0.0645091345121922,0.6269216086575488,0,0,5.13089960886571,14.06353130367151,TOMM7;ROMO1,GO_Biological_Process_2023
GO_Biological_Process_2023,Negative Regulation Of Actin Filament Bundle Assembly (GO:0032232),2/28,0.0645091345121922,0.6269216086575488,0,0,5.13089960886571,14.06353130367151,F11R;CGNL1,GO_Biological_Process_2023
GO_Biological_Process_2023,Negative Regulation Of Cytoskeleton Organization (GO:0051494),2/28,0.0645091345121922,0.6269216086575488,0,0,5.13089960886571,14.06353130367151,PLEKHH2;CYRIB,GO_Biological_Process_2023
GO_Biological_Process_2023,G1/S Transition Of Mitotic Cell Cycle (GO:0000082),3/63,0.0671715604866841,0.6269216086575488,0,0,3.3406462585034014,9.021433020298236,CDK17;CDKN1A;CDK16,GO_Biological_Process_2023
GO_Biological_Process_2023,RNA Biosynthetic Process (GO:0032774),2/29,0.0686281077548068,0.6269216086575488,0,0,4.9406151914626495,13.236170415609896,TAF10;NKX2-1,GO_Biological_Process_2023
GO_Biological_Process_2023,Response To Steroid Hormone (GO:0048545),2/29,0.0686281077548068,0.6269216086575488,0,0,4.9406151914626495,13.236170415609896,URI1;HSPA1B,GO_Biological_Process_2023
GO_Biological_Process_2023,Positive Regulation Of Endopeptidase Activity (GO:0010950),2/29,0.0686281077548068,0.6269216086575488,0,0,4.9406151914626495,13.236170415609896,FYN;VSIR,GO_Biological_Process_2023
GO_Biological_Process_2023,Negative Regulation Of Cell Death (GO:0060548),3/64,0.0697335075169457,0.6269216086575488,0,0,3.2857142857142856,8.750101395003128,FYN;MT3;HSPA1B,GO_Biological_Process_2023
GO_Biological_Process_2023,Cellular Response To Organonitrogen Compound (GO:0071417),4/105,0.0713560415783775,0.6269216086575488,0,0,2.649545500625148,6.994994236372786,RAP1B;EGR1;PDE3A;SLC26A6,GO_Biological_Process_2023
GO_Biological_Process_2023,Regulation Of Epinephrine Secretion (GO:0014060),1/5,0.0720839991361056,0.6269216086575488,0,0,16.63766891891892,43.75579123938747,ADRA2C,GO_Biological_Process_2023
GO_Biological_Process_2023,Regulation Of Glutamate Receptor Signaling Pathway (GO:1900449),1/5,0.0720839991361056,0.6269216086575488,0,0,16.63766891891892,43.75579123938747,FYN,GO_Biological_Process_2023
GO_Biological_Process_2023,PML Body Organization (GO:0030578),1/5,0.0720839991361056,0.6269216086575488,0,0,16.63766891891892,43.75579123938747,HABP4,GO_Biological_Process_2023
GO_Biological_Process_2023,RNA Decapping (GO:0110154),1/5,0.0720839991361056,0.6269216086575488,0,0,16.63766891891892,43.75579123938747,NUDT3,GO_Biological_Process_2023
GO_Biological_Process_2023,"Negative Regulation Of Nuclear-Transcribed mRNA Catabolic Process, Nonsense-Mediated Decay (GO:2000623)",1/5,0.0720839991361056,0.6269216086575488,0,0,16.63766891891892,43.75579123938747,HNRNPAB,GO_Biological_Process_2023
GO_Biological_Process_2023,Regulation Of Hormone Biosynthetic Process (GO:0046885),1/5,0.0720839991361056,0.6269216086575488,0,0,16.63766891891892,43.75579123938747,EGR1,GO_Biological_Process_2023
GO_Biological_Process_2023,Regulation Of Immature T Cell Proliferation In Thymus (GO:0033084),1/5,0.0720839991361056,0.6269216086575488,0,0,16.63766891891892,43.75579123938747,TMEM131L,GO_Biological_Process_2023
GO_Biological_Process_2023,Regulation Of Macrophage Proliferation (GO:0120040),1/5,0.0720839991361056,0.6269216086575488,0,0,16.63766891891892,43.75579123938747,MAPK1,GO_Biological_Process_2023
GO_Biological_Process_2023,Amylin Receptor Signaling Pathway (GO:0097647),1/5,0.0720839991361056,0.6269216086575488,0,0,16.63766891891892,43.75579123938747,CALCR,GO_Biological_Process_2023
GO_Biological_Process_2023,Regulation Of Ribonuclease Activity (GO:0060700),1/5,0.0720839991361056,0.6269216086575488,0,0,16.63766891891892,43.75579123938747,PDE3A,GO_Biological_Process_2023
GO_Biological_Process_2023,Cellular Heat Acclimation (GO:0070370),1/5,0.0720839991361056,0.6269216086575488,0,0,16.63766891891892,43.75579123938747,HSPA1B,GO_Biological_Process_2023
GO_Biological_Process_2023,Phagosome Acidification (GO:0090383),1/5,0.0720839991361056,0.6269216086575488,0,0,16.63766891891892,43.75579123938747,SLC4A7,GO_Biological_Process_2023
GO_Biological_Process_2023,Regulation Of Stress Granule Assembly (GO:0062028),1/5,0.0720839991361056,0.6269216086575488,0,0,16.63766891891892,43.75579123938747,STYXL1,GO_Biological_Process_2023
GO_Biological_Process_2023,Regulation Of Type B Pancreatic Cell Proliferation (GO:0061469),1/5,0.0720839991361056,0.6269216086575488,0,0,16.63766891891892,43.75579123938747,NR4A3,GO_Biological_Process_2023
GO_Biological_Process_2023,Regulation Of Voltage-Gated Sodium Channel Activity (GO:1905150),1/5,0.0720839991361056,0.6269216086575488,0,0,16.63766891891892,43.75579123938747,SLMAP,GO_Biological_Process_2023
GO_Biological_Process_2023,Response To cGMP (GO:0070305),1/5,0.0720839991361056,0.6269216086575488,0,0,16.63766891891892,43.75579123938747,PDE3A,GO_Biological_Process_2023
GO_Biological_Process_2023,Response To Catecholamine (GO:0071869),1/5,0.0720839991361056,0.6269216086575488,0,0,16.63766891891892,43.75579123938747,NR4A3,GO_Biological_Process_2023
GO_Biological_Process_2023,Positive Regulation Of Autophagy Of Mitochondrion In Response To Mitochondrial Depolarization (GO:1904925),1/5,0.0720839991361056,0.6269216086575488,0,0,16.63766891891892,43.75579123938747,TOMM7,GO_Biological_Process_2023
GO_Biological_Process_2023,Response To Heparin (GO:0071503),1/5,0.0720839991361056,0.6269216086575488,0,0,16.63766891891892,43.75579123938747,EGR1,GO_Biological_Process_2023
GO_Biological_Process_2023,Embryonic Skeletal Joint Development (GO:0072498),1/5,0.0720839991361056,0.6269216086575488,0,0,16.63766891891892,43.75579123938747,WNT9A,GO_Biological_Process_2023
GO_Biological_Process_2023,Positive Regulation Of Endothelial Cell Development (GO:1901552),1/5,0.0720839991361056,0.6269216086575488,0,0,16.63766891891892,43.75579123938747,F11R,GO_Biological_Process_2023
GO_Biological_Process_2023,Positive Regulation Of Establishment Of Endothelial Barrier (GO:1903142),1/5,0.0720839991361056,0.6269216086575488,0,0,16.63766891891892,43.75579123938747,F11R,GO_Biological_Process_2023
GO_Biological_Process_2023,Positive Regulation Of Fever Generation (GO:0031622),1/5,0.0720839991361056,0.6269216086575488,0,0,16.63766891891892,43.75579123938747,PTGS2,GO_Biological_Process_2023
GO_Biological_Process_2023,Epithelial Tube Branching Involved In Lung Morphogenesis (GO:0060441),1/5,0.0720839991361056,0.6269216086575488,0,0,16.63766891891892,43.75579123938747,NKX2-1,GO_Biological_Process_2023
GO_Biological_Process_2023,Synaptic Vesicle Uncoating (GO:0016191),1/5,0.0720839991361056,0.6269216086575488,0,0,16.63766891891892,43.75579123938747,SH3GL3,GO_Biological_Process_2023
GO_Biological_Process_2023,Glutamate Catabolic Process (GO:0006538),1/5,0.0720839991361056,0.6269216086575488,0,0,16.63766891891892,43.75579123938747,GLUD1,GO_Biological_Process_2023
GO_Biological_Process_2023,Heat Acclimation (GO:0010286),1/5,0.0720839991361056,0.6269216086575488,0,0,16.63766891891892,43.75579123938747,HSPA1B,GO_Biological_Process_2023
GO_Biological_Process_2023,Inner Ear Auditory Receptor Cell Differentiation (GO:0042491),1/5,0.0720839991361056,0.6269216086575488,0,0,16.63766891891892,43.75579123938747,SLC4A7,GO_Biological_Process_2023
GO_Biological_Process_2023,Positive Regulation Of Tau-Protein Kinase Activity (GO:1902949),1/5,0.0720839991361056,0.6269216086575488,0,0,16.63766891891892,43.75579123938747,EGR1,GO_Biological_Process_2023
GO_Biological_Process_2023,Negative Regulation Of T Cell Differentiation In Thymus (GO:0033085),1/5,0.0720839991361056,0.6269216086575488,0,0,16.63766891891892,43.75579123938747,TMEM131L,GO_Biological_Process_2023
GO_Biological_Process_2023,Negative Regulation Of Actin Filament Depolymerization (GO:0030835),1/5,0.0720839991361056,0.6269216086575488,0,0,16.63766891891892,43.75579123938747,PLEKHH2,GO_Biological_Process_2023
GO_Biological_Process_2023,Response To Epidermal Growth Factor (GO:0070849),2/30,0.0728311715138091,0.6269216086575488,0,0,4.763922518159807,12.479624952611555,MAPK1;PLCG1,GO_Biological_Process_2023
GO_Biological_Process_2023,Prostaglandin Metabolic Process (GO:0006693),2/30,0.0728311715138091,0.6269216086575488,0,0,4.763922518159807,12.479624952611555,PTGS2;PTGR1,GO_Biological_Process_2023
GO_Biological_Process_2023,Negative Regulation Of Axon Extension (GO:0030517),2/30,0.0728311715138091,0.6269216086575488,0,0,4.763922518159807,12.479624952611555,SEMA6A;MT3,GO_Biological_Process_2023
GO_Biological_Process_2023,Negative Regulation Of Developmental Growth (GO:0048640),2/31,0.077114939568385,0.6269216086575488,0,0,4.599415546464056,11.78581030514412,CDKN1A;MT3,GO_Biological_Process_2023
GO_Biological_Process_2023,Cellular Response To cAMP (GO:0071320),2/31,0.077114939568385,0.6269216086575488,0,0,4.599415546464056,11.78581030514412,RAP1B;SLC26A6,GO_Biological_Process_2023
GO_Biological_Process_2023,Regulation Of Transcription By RNA Polymerase I (GO:0006356),2/32,0.0814761071134711,0.6269216086575488,0,0,4.445875706214689,11.147790881806404,FLNA;BAZ1B,GO_Biological_Process_2023
GO_Biological_Process_2023,Transition Metal Ion Transport (GO:0000041),2/32,0.0814761071134711,0.6269216086575488,0,0,4.445875706214689,11.147790881806404,ATP2C2;MT3,GO_Biological_Process_2023
GO_Biological_Process_2023,Cellular Response To Oxygen-Containing Compound (GO:1901701),10/406,0.0822665259922616,0.6269216086575488,0,0,1.6987822475627354,4.243202984461356,RAP1B;EGR1;NR4A3;PDE3A;MAPK1;ROMO1;WNT9A;FOS;MT3;SLC26A6,GO_Biological_Process_2023
GO_Biological_Process_2023,Cytoskeleton Organization (GO:0007010),4/111,0.0836164007940306,0.6269216086575488,0,0,2.500207329909732,6.204303483369159,FMNL3;SEMA6A;BRWD1;BRWD3,GO_Biological_Process_2023
GO_Biological_Process_2023,Small GTPase Mediated Signal Transduction (GO:0007264),4/112,0.0857542703311615,0.6269216086575488,0,0,2.4769308557704464,6.084009453063413,BRAP;CNKSR2;CDKN1A;HRAS,GO_Biological_Process_2023
GO_Biological_Process_2023,SA Node Cell Action Potential (GO:0086015),1/6,0.0858669719166811,0.6269216086575488,0,0,13.30945945945946,32.67413760292951,CACNA1D,GO_Biological_Process_2023
GO_Biological_Process_2023,Regulation Of Ketone Biosynthetic Process (GO:0010566),1/6,0.0858669719166811,0.6269216086575488,0,0,13.30945945945946,32.67413760292951,EGR1,GO_Biological_Process_2023
GO_Biological_Process_2023,Aggrephagy (GO:0035973),1/6,0.0858669719166811,0.6269216086575488,0,0,13.30945945945946,32.67413760292951,UBQLN1,GO_Biological_Process_2023
GO_Biological_Process_2023,Negative Regulation Of Type 2 Immune Response (GO:0002829),1/6,0.0858669719166811,0.6269216086575488,0,0,13.30945945945946,32.67413760292951,SOCS5,GO_Biological_Process_2023
GO_Biological_Process_2023,Antigen Processing And Presentation Of Exogenous Peptide Antigen Via MHC Class I (GO:0042590),1/6,0.0858669719166811,0.6269216086575488,0,0,13.30945945945946,32.67413760292951,LNPEP,GO_Biological_Process_2023
GO_Biological_Process_2023,Regulation Of Norepinephrine Secretion (GO:0014061),1/6,0.0858669719166811,0.6269216086575488,0,0,13.30945945945946,32.67413760292951,ADRA2C,GO_Biological_Process_2023
GO_Biological_Process_2023,Regulation Of Nuclease Activity (GO:0032069),1/6,0.0858669719166811,0.6269216086575488,0,0,13.30945945945946,32.67413760292951,PDE3A,GO_Biological_Process_2023
GO_Biological_Process_2023,Regulation Of Nucleotide-Binding Oligomerization Domain Containing 2 Signaling Pathway (GO:0070432),1/6,0.0858669719166811,0.6269216086575488,0,0,13.30945945945946,32.67413760292951,HSPA1B,GO_Biological_Process_2023
GO_Biological_Process_2023,Nucleotide Catabolic Process (GO:0009166),1/6,0.0858669719166811,0.6269216086575488,0,0,13.30945945945946,32.67413760292951,NUDT3,GO_Biological_Process_2023
GO_Biological_Process_2023,Calcitonin Family Receptor Signaling Pathway (GO:0097646),1/6,0.0858669719166811,0.6269216086575488,0,0,13.30945945945946,32.67413760292951,CALCR,GO_Biological_Process_2023
GO_Biological_Process_2023,Regulation Of Prostaglandin Biosynthetic Process (GO:0031392),1/6,0.0858669719166811,0.6269216086575488,0,0,13.30945945945946,32.67413760292951,PTGS2,GO_Biological_Process_2023
GO_Biological_Process_2023,Podocyte Development (GO:0072015),1/6,0.0858669719166811,0.6269216086575488,0,0,13.30945945945946,32.67413760292951,MYO1E,GO_Biological_Process_2023
GO_Biological_Process_2023,Cellular Response To Monoamine Stimulus (GO:0071868),1/6,0.0858669719166811,0.6269216086575488,0,0,13.30945945945946,32.67413760292951,NR4A3,GO_Biological_Process_2023
GO_Biological_Process_2023,Positive Regulation Of ER-associated Ubiquitin-Dependent Protein Catabolic Process (GO:1903071),1/6,0.0858669719166811,0.6269216086575488,0,0,13.30945945945946,32.67413760292951,UBQLN1,GO_Biological_Process_2023
GO_Biological_Process_2023,Clathrin Coat Disassembly (GO:0072318),1/6,0.0858669719166811,0.6269216086575488,0,0,13.30945945945946,32.67413760292951,SH3GL3,GO_Biological_Process_2023
GO_Biological_Process_2023,Cytolysis By Host Of Symbiont Cells (GO:0051838),1/6,0.0858669719166811,0.6269216086575488,0,0,13.30945945945946,32.67413760292951,ROMO1,GO_Biological_Process_2023
GO_Biological_Process_2023,Positive Regulation Of Hormone Metabolic Process (GO:0032352),1/6,0.0858669719166811,0.6269216086575488,0,0,13.30945945945946,32.67413760292951,EGR1,GO_Biological_Process_2023
GO_Biological_Process_2023,Positive Regulation Of Mast Cell Activation (GO:0033005),1/6,0.0858669719166811,0.6269216086575488,0,0,13.30945945945946,32.67413760292951,NR4A3,GO_Biological_Process_2023
GO_Biological_Process_2023,Glomerular Epithelial Cell Development (GO:0072310),1/6,0.0858669719166811,0.6269216086575488,0,0,13.30945945945946,32.67413760292951,MYO1E,GO_Biological_Process_2023
GO_Biological_Process_2023,Transepithelial Chloride Transport (GO:0030321),1/6,0.0858669719166811,0.6269216086575488,0,0,13.30945945945946,32.67413760292951,SLC26A6,GO_Biological_Process_2023
GO_Biological_Process_2023,Positive Regulation Of Mitophagy In Response To Mitochondrial Depolarization (GO:0098779),1/6,0.0858669719166811,0.6269216086575488,0,0,13.30945945945946,32.67413760292951,TOMM7,GO_Biological_Process_2023
GO_Biological_Process_2023,Positive Regulation Of Necrotic Cell Death (GO:0010940),1/6,0.0858669719166811,0.6269216086575488,0,0,13.30945945945946,32.67413760292951,MT3,GO_Biological_Process_2023
GO_Biological_Process_2023,Positive Regulation Of Unsaturated Fatty Acid Biosynthetic Process (GO:2001280),1/6,0.0858669719166811,0.6269216086575488,0,0,13.30945945945946,32.67413760292951,PTGS2,GO_Biological_Process_2023
GO_Biological_Process_2023,Locomotor Rhythm (GO:0045475),1/6,0.0858669719166811,0.6269216086575488,0,0,13.30945945945946,32.67413760292951,EGR1,GO_Biological_Process_2023
GO_Biological_Process_2023,"Negative Regulation Of CD4-positive, Alpha-Beta T Cell Proliferation (GO:2000562)",1/6,0.0858669719166811,0.6269216086575488,0,0,13.30945945945946,32.67413760292951,VSIR,GO_Biological_Process_2023
GO_Biological_Process_2023,Regulation Of T-helper 1 Cell Differentiation (GO:0045625),1/6,0.0858669719166811,0.6269216086575488,0,0,13.30945945945946,32.67413760292951,SOCS5,GO_Biological_Process_2023
GO_Biological_Process_2023,Regulation Of Atrial Cardiac Muscle Cell Membrane Repolarization (GO:0060372),1/6,0.0858669719166811,0.6269216086575488,0,0,13.30945945945946,32.67413760292951,FLNA,GO_Biological_Process_2023
GO_Biological_Process_2023,Negative Regulation Of Catecholamine Secretion (GO:0033604),1/6,0.0858669719166811,0.6269216086575488,0,0,13.30945945945946,32.67413760292951,ADRA2C,GO_Biological_Process_2023
GO_Biological_Process_2023,Regulation Of Potassium Ion Transmembrane Transport (GO:1901379),2/33,0.0859114490981879,0.6269216086575488,0,0,4.3022416621104425,10.559586172885274,FLNA;CACNA1D,GO_Biological_Process_2023
GO_Biological_Process_2023,Carboxylic Acid Metabolic Process (GO:0019752),2/33,0.0859114490981879,0.6269216086575488,0,0,4.3022416621104425,10.559586172885274,LIPT2;GLUD1,GO_Biological_Process_2023
GO_Biological_Process_2023,Regulation Of Sprouting Angiogenesis (GO:1903670),2/33,0.0859114490981879,0.6269216086575488,0,0,4.3022416621104425,10.559586172885274,SEMA6A;CREB3L1,GO_Biological_Process_2023
GO_Biological_Process_2023,Positive Regulation Of RNA Metabolic Process (GO:0051254),2/33,0.0859114490981879,0.6269216086575488,0,0,4.3022416621104425,10.559586172885274,HABP4;HRAS,GO_Biological_Process_2023
GO_Biological_Process_2023,Negative Regulation Of Supramolecular Fiber Organization (GO:1902904),3/71,0.0888562963769565,0.6269216086575488,0,0,2.946428571428572,7.132522360212839,PLEKHH2;CYRIB;PFDN6,GO_Biological_Process_2023
GO_Biological_Process_2023,Semaphorin-Plexin Signaling Pathway (GO:0071526),2/34,0.0904178186133482,0.6269216086575488,0,0,4.167584745762712,10.016014442492637,SEMA6A;FLNA,GO_Biological_Process_2023
GO_Biological_Process_2023,"Mitochondrial Electron Transport, NADH To Ubiquinone (GO:0006120)",2/34,0.0904178186133482,0.6269216086575488,0,0,4.167584745762712,10.016014442492637,NDUFS6;NDUFB1,GO_Biological_Process_2023
GO_Biological_Process_2023,Purine Nucleotide Metabolic Process (GO:0006163),2/34,0.0904178186133482,0.6269216086575488,0,0,4.167584745762712,10.016014442492637,SLC4A7;NADK2,GO_Biological_Process_2023
GO_Biological_Process_2023,Protein Stabilization (GO:0050821),6/208,0.0905348544145363,0.6269216086575488,0,0,1.990507298152496,4.781239078324828,URI1;BAG1;FLNA;MT3;HSPA1B;PFDN6,GO_Biological_Process_2023
GO_Biological_Process_2023,Cellular Response To Hypoxia (GO:0071456),3/72,0.0917507513943108,0.6269216086575488,0,0,2.9035788228334813,6.935719508345233,UBQLN1;PTGS2;MT3,GO_Biological_Process_2023
GO_Biological_Process_2023,Cellular Response To Decreased Oxygen Levels (GO:0036294),3/73,0.0946839829716473,0.6269216086575488,0,0,2.8619533527696794,6.746226286173125,UBQLN1;PTGS2;MT3,GO_Biological_Process_2023
GO_Biological_Process_2023,One-Carbon Compound Transport (GO:0019755),2/35,0.0949921452806694,0.6269216086575488,0,0,4.0410888546481765,9.51256585256114,SLC4A7;SLC26A6,GO_Biological_Process_2023
GO_Biological_Process_2023,Positive Regulation Of Cell Development (GO:0010720),2/35,0.0949921452806694,0.6269216086575488,0,0,4.0410888546481765,9.51256585256114,PDE3A;OPRM1,GO_Biological_Process_2023
GO_Biological_Process_2023,Positive Regulation Of Substrate Adhesion-Dependent Cell Spreading (GO:1900026),2/35,0.0949921452806694,0.6269216086575488,0,0,4.0410888546481765,9.51256585256114,DOCK5;FLNA,GO_Biological_Process_2023
GO_Biological_Process_2023,Regulation Of Axon Extension (GO:0030516),2/35,0.0949921452806694,0.6269216086575488,0,0,4.0410888546481765,9.51256585256114,ISLR2;MT3,GO_Biological_Process_2023
GO_Biological_Process_2023,7-Methylguanosine Cap Hypermethylation (GO:0036261),1/7,0.0994458977149,0.6269216086575488,0,0,11.090653153153154,25.598797073929436,SNRPF,GO_Biological_Process_2023
GO_Biological_Process_2023,DNA Ligation (GO:0006266),1/7,0.0994458977149,0.6269216086575488,0,0,11.090653153153154,25.598797073929436,MGMT,GO_Biological_Process_2023
GO_Biological_Process_2023,Negative Regulation Of Muscle Cell Differentiation (GO:0051148),1/7,0.0994458977149,0.6269216086575488,0,0,11.090653153153154,25.598797073929436,ZBED6,GO_Biological_Process_2023
GO_Biological_Process_2023,RNA Capping (GO:0036260),1/7,0.0994458977149,0.6269216086575488,0,0,11.090653153153154,25.598797073929436,SNRPF,GO_Biological_Process_2023
GO_Biological_Process_2023,Adenylate Cyclase-Inhibiting G Protein-Coupled Acetylcholine Receptor Signaling Pathway (GO:0007197),1/7,0.0994458977149,0.6269216086575488,0,0,11.090653153153154,25.598797073929436,OPRM1,GO_Biological_Process_2023
GO_Biological_Process_2023,Regulation Of Oxidative Stress-Induced Cell Death (GO:1903201),1/7,0.0994458977149,0.6269216086575488,0,0,11.090653153153154,25.598797073929436,UBQLN1,GO_Biological_Process_2023
GO_Biological_Process_2023,Positive Regulation Of DNA Demethylation (GO:1901537),1/7,0.0994458977149,0.6269216086575488,0,0,11.090653153153154,25.598797073929436,HNRNPAB,GO_Biological_Process_2023
GO_Biological_Process_2023,"Endonucleolytic Cleavage In ITS1 To Separate SSU-rRNA From 5.8S rRNA And LSU-rRNA From Tricistronic rRNA Transcript (SSU-rRNA, 5.8S rRNA, LSU-rRNA) (GO:0000447)",1/7,0.0994458977149,0.6269216086575488,0,0,11.090653153153154,25.598797073929436,RPS21,GO_Biological_Process_2023
GO_Biological_Process_2023,Stress-Induced Premature Senescence (GO:0090400),1/7,0.0994458977149,0.6269216086575488,0,0,11.090653153153154,25.598797073929436,CDKN1A,GO_Biological_Process_2023
GO_Biological_Process_2023,Thyroid Gland Development (GO:0030878),1/7,0.0994458977149,0.6269216086575488,0,0,11.090653153153154,25.598797073929436,NKX2-1,GO_Biological_Process_2023
GO_Biological_Process_2023,Positive Regulation Of Microtubule Nucleation (GO:0090063),1/7,0.0994458977149,0.6269216086575488,0,0,11.090653153153154,25.598797073929436,HSPA1B,GO_Biological_Process_2023
GO_Biological_Process_2023,Positive Regulation Of Plasminogen Activation (GO:0010756),1/7,0.0994458977149,0.6269216086575488,0,0,11.090653153153154,25.598797073929436,F12,GO_Biological_Process_2023
GO_Biological_Process_2023,Intracellular pH Elevation (GO:0051454),1/7,0.0994458977149,0.6269216086575488,0,0,11.090653153153154,25.598797073929436,SLC26A6,GO_Biological_Process_2023
GO_Biological_Process_2023,Protein Retention In ER Lumen (GO:0006621),1/7,0.0994458977149,0.6269216086575488,0,0,11.090653153153154,25.598797073929436,KDELR2,GO_Biological_Process_2023
GO_Biological_Process_2023,"Negative Regulation Of CD8-positive, Alpha-Beta T Cell Activation (GO:2001186)",1/7,0.0994458977149,0.6269216086575488,0,0,11.090653153153154,25.598797073929436,VSIR,GO_Biological_Process_2023
GO_Biological_Process_2023,Regulation Of T-helper 2 Cell Differentiation (GO:0045628),1/7,0.0994458977149,0.6269216086575488,0,0,11.090653153153154,25.598797073929436,SOCS5,GO_Biological_Process_2023
GO_Biological_Process_2023,Negative Regulation Of Appetite (GO:0032099),1/7,0.0994458977149,0.6269216086575488,0,0,11.090653153153154,25.598797073929436,MKKS,GO_Biological_Process_2023
GO_Biological_Process_2023,Negative Regulation Of cAMP-dependent Protein Kinase Activity (GO:2000480),1/7,0.0994458977149,0.6269216086575488,0,0,11.090653153153154,25.598797073929436,PRKAR2B,GO_Biological_Process_2023
GO_Biological_Process_2023,Negative Regulation Of Sequestering Of Calcium Ion (GO:0051283),2/36,0.0996314337200453,0.6269216086575488,0,0,3.922033898305085,9.04529878719821,FLNA;PLCG1,GO_Biological_Process_2023
GO_Biological_Process_2023,Regulation Of Phosphoprotein Phosphatase Activity (GO:0043666),2/37,0.1043327619670129,0.6269216086575488,0,0,3.809782082324455,8.61075461079646,BOD1;STYXL1,GO_Biological_Process_2023
GO_Biological_Process_2023,Monoatomic Cation Homeostasis (GO:0055080),3/77,0.1067916707899162,0.6269216086575488,0,0,2.7067015995587425,6.0545540725813405,ITPR3;MT3;SLC9B2,GO_Biological_Process_2023
GO_Biological_Process_2023,Response To cAMP (GO:0051591),2/38,0.1090932799923998,0.6269216086575488,0,0,3.7037664783427497,8.205887165575705,RAP1B;SLC26A6,GO_Biological_Process_2023
GO_Biological_Process_2023,Response To Peptide (GO:1901652),2/38,0.1090932799923998,0.6269216086575488,0,0,3.7037664783427497,8.205887165575705,CALCR;FYN,GO_Biological_Process_2023
GO_Biological_Process_2023,Regulation Of Cell Motility (GO:2000145),4/123,0.1109699953880012,0.6269216086575488,0,0,2.2467089224768406,4.939379289687105,HACE1;FLNA;FYN;CYRIB,GO_Biological_Process_2023
GO_Biological_Process_2023,Heart Development (GO:0007507),5/171,0.1117751804588334,0.6269216086575488,0,0,2.015287176101667,4.41602975005018,CDKN1A;MKKS;ADAP2;MEF2D;TBX19,GO_Biological_Process_2023
GO_Biological_Process_2023,Regulation Of Dendritic Spine Maintenance (GO:1902950),1/8,0.1128237866851389,0.6269216086575488,0,0,9.505791505791503,20.740953478322734,FYN,GO_Biological_Process_2023
GO_Biological_Process_2023,Regulation Of Epidermis Development (GO:0045682),1/8,0.1128237866851389,0.6269216086575488,0,0,9.505791505791503,20.740953478322734,SGPP1,GO_Biological_Process_2023
GO_Biological_Process_2023,Regulation Of Helicase Activity (GO:0051095),1/8,0.1128237866851389,0.6269216086575488,0,0,9.505791505791503,20.740953478322734,IFIT1,GO_Biological_Process_2023
GO_Biological_Process_2023,Acid Secretion (GO:0046717),1/8,0.1128237866851389,0.6269216086575488,0,0,9.505791505791503,20.740953478322734,SLC26A6,GO_Biological_Process_2023
GO_Biological_Process_2023,Negative Regulation Of Regulated Secretory Pathway (GO:1903306),1/8,0.1128237866851389,0.6269216086575488,0,0,9.505791505791503,20.740953478322734,RAP1B,GO_Biological_Process_2023
GO_Biological_Process_2023,Adult Heart Development (GO:0007512),1/8,0.1128237866851389,0.6269216086575488,0,0,9.505791505791503,20.740953478322734,MEF2D,GO_Biological_Process_2023
GO_Biological_Process_2023,Regulation Of miRNA Metabolic Process (GO:2000628),1/8,0.1128237866851389,0.6269216086575488,0,0,9.505791505791503,20.740953478322734,HRAS,GO_Biological_Process_2023
GO_Biological_Process_2023,Regulation Of Necrotic Cell Death (GO:0010939),1/8,0.1128237866851389,0.6269216086575488,0,0,9.505791505791503,20.740953478322734,MT3,GO_Biological_Process_2023
GO_Biological_Process_2023,Cyclooxygenase Pathway (GO:0019371),1/8,0.1128237866851389,0.6269216086575488,0,0,9.505791505791503,20.740953478322734,PTGS2,GO_Biological_Process_2023
GO_Biological_Process_2023,Positive Regulation Of Calcium Ion Import Across Plasma Membrane (GO:1905665),1/8,0.1128237866851389,0.6269216086575488,0,0,9.505791505791503,20.740953478322734,CALCR,GO_Biological_Process_2023
GO_Biological_Process_2023,Response To Leptin (GO:0044321),1/8,0.1128237866851389,0.6269216086575488,0,0,9.505791505791503,20.740953478322734,NR4A3,GO_Biological_Process_2023
GO_Biological_Process_2023,Response To Misfolded Protein (GO:0051788),1/8,0.1128237866851389,0.6269216086575488,0,0,9.505791505791503,20.740953478322734,F12,GO_Biological_Process_2023
GO_Biological_Process_2023,Detection Of Mechanical Stimulus Involved In Sensory Perception Of Sound (GO:0050910),1/8,0.1128237866851389,0.6269216086575488,0,0,9.505791505791503,20.740953478322734,MKKS,GO_Biological_Process_2023
GO_Biological_Process_2023,Tricarboxylic Acid Metabolic Process (GO:0072350),1/8,0.1128237866851389,0.6269216086575488,0,0,9.505791505791503,20.740953478322734,GLUD1,GO_Biological_Process_2023
GO_Biological_Process_2023,Ubiquitin-Dependent Protein Catabolic Process Via The C-end Degron Rule Pathway (GO:0140627),1/8,0.1128237866851389,0.6269216086575488,0,0,9.505791505791503,20.740953478322734,KLHDC2,GO_Biological_Process_2023
GO_Biological_Process_2023,Inner Ear Receptor Cell Development (GO:0060119),1/8,0.1128237866851389,0.6269216086575488,0,0,9.505791505791503,20.740953478322734,SLC4A7,GO_Biological_Process_2023
GO_Biological_Process_2023,Interleukin-12-Mediated Signaling Pathway (GO:0035722),1/8,0.1128237866851389,0.6269216086575488,0,0,9.505791505791503,20.740953478322734,IL12RB2,GO_Biological_Process_2023
GO_Biological_Process_2023,Positive Regulation Of Tumor Necrosis Factor-Mediated Signaling Pathway (GO:1903265),1/8,0.1128237866851389,0.6269216086575488,0,0,9.505791505791503,20.740953478322734,HSPA1B,GO_Biological_Process_2023
GO_Biological_Process_2023,Manganese Ion Transport (GO:0006828),1/8,0.1128237866851389,0.6269216086575488,0,0,9.505791505791503,20.740953478322734,ATP2C2,GO_Biological_Process_2023
GO_Biological_Process_2023,"Regulation Of CD8-positive, Alpha-Beta T Cell Proliferation (GO:2000564)",1/8,0.1128237866851389,0.6269216086575488,0,0,9.505791505791503,20.740953478322734,VSIR,GO_Biological_Process_2023
GO_Biological_Process_2023,Regulation Of DNA Demethylation (GO:1901535),1/8,0.1128237866851389,0.6269216086575488,0,0,9.505791505791503,20.740953478322734,HNRNPAB,GO_Biological_Process_2023
GO_Biological_Process_2023,Regulation Of ER-associated Ubiquitin-Dependent Protein Catabolic Process (GO:1903069),1/8,0.1128237866851389,0.6269216086575488,0,0,9.505791505791503,20.740953478322734,UBQLN1,GO_Biological_Process_2023
GO_Biological_Process_2023,Negative Regulation Of cAMP-mediated Signaling (GO:0043951),1/8,0.1128237866851389,0.6269216086575488,0,0,9.505791505791503,20.740953478322734,PDE3A,GO_Biological_Process_2023
GO_Biological_Process_2023,Regulation Of Monoatomic Cation Transmembrane Transport (GO:1904062),2/39,0.1139102082011102,0.6269216086575488,0,0,3.603481447549244,7.828004142331894,SLMAP;CACNA1D,GO_Biological_Process_2023
GO_Biological_Process_2023,Release Of Sequestered Calcium Ion Into Cytosol (GO:0051209),2/39,0.1139102082011102,0.6269216086575488,0,0,3.603481447549244,7.828004142331894,FLNA;PLCG1,GO_Biological_Process_2023
GO_Biological_Process_2023,Cellular Response To Starvation (GO:0009267),4/126,0.1183628135972769,0.6269216086575488,0,0,2.1911262798634814,4.675864971657375,SZT2;CDKN1A;MAPK1;NUPR2,GO_Biological_Process_2023
GO_Biological_Process_2023,Positive Regulation Of Intracellular Protein Transport (GO:0090316),4/126,0.1183628135972769,0.6269216086575488,0,0,2.1911262798634814,4.675864971657375,TOMM7;FLNA;FYN;HRAS,GO_Biological_Process_2023
GO_Biological_Process_2023,Positive Regulation Of Wound Healing (GO:0090303),2/40,0.1187808360105693,0.6269216086575488,0,0,3.5084745762711864,7.474718067939242,F12;HRAS,GO_Biological_Process_2023
GO_Biological_Process_2023,[2Fe-2S] Cluster Assembly (GO:0044571),1/9,0.1260036048961789,0.6269216086575488,0,0,8.31714527027027,17.228507006165213,GLRX5,GO_Biological_Process_2023
GO_Biological_Process_2023,Negative Regulation Of Transcription By RNA Polymerase I (GO:0016479),1/9,0.1260036048961789,0.6269216086575488,0,0,8.31714527027027,17.228507006165213,FLNA,GO_Biological_Process_2023
GO_Biological_Process_2023,Negative Regulation Of Vascular Endothelial Growth Factor Signaling Pathway (GO:1900747),1/9,0.1260036048961789,0.6269216086575488,0,0,8.31714527027027,17.228507006165213,SEMA6A,GO_Biological_Process_2023
GO_Biological_Process_2023,Regulation Of Postsynaptic Neurotransmitter Receptor Activity (GO:0098962),1/9,0.1260036048961789,0.6269216086575488,0,0,8.31714527027027,17.228507006165213,NPTX2,GO_Biological_Process_2023
GO_Biological_Process_2023,Ornithine Metabolic Process (GO:0006591),1/9,0.1260036048961789,0.6269216086575488,0,0,8.31714527027027,17.228507006165213,ODC1,GO_Biological_Process_2023
GO_Biological_Process_2023,Phosphatidylethanolamine Biosynthetic Process (GO:0006646),1/9,0.1260036048961789,0.6269216086575488,0,0,8.31714527027027,17.228507006165213,CHKA,GO_Biological_Process_2023
GO_Biological_Process_2023,Regulation Of Tau-Protein Kinase Activity (GO:1902947),1/9,0.1260036048961789,0.6269216086575488,0,0,8.31714527027027,17.228507006165213,EGR1,GO_Biological_Process_2023
GO_Biological_Process_2023,Response To Type I Interferon (GO:0034340),1/9,0.1260036048961789,0.6269216086575488,0,0,8.31714527027027,17.228507006165213,IFIT1,GO_Biological_Process_2023
GO_Biological_Process_2023,Dicarboxylic Acid Biosynthetic Process (GO:0043650),1/9,0.1260036048961789,0.6269216086575488,0,0,8.31714527027027,17.228507006165213,GLUD1,GO_Biological_Process_2023
GO_Biological_Process_2023,Positive Regulation Of Myoblast Fusion (GO:1901741),1/9,0.1260036048961789,0.6269216086575488,0,0,8.31714527027027,17.228507006165213,CD53,GO_Biological_Process_2023
GO_Biological_Process_2023,Positive Regulation Of Protein Kinase A Signaling (GO:0010739),1/9,0.1260036048961789,0.6269216086575488,0,0,8.31714527027027,17.228507006165213,CALCR,GO_Biological_Process_2023
GO_Biological_Process_2023,Positive Regulation Of Vascular Endothelial Growth Factor Receptor Signaling Pathway (GO:0030949),1/9,0.1260036048961789,0.6269216086575488,0,0,8.31714527027027,17.228507006165213,MT3,GO_Biological_Process_2023
GO_Biological_Process_2023,rRNA 3'-End Processing (GO:0031125),1/9,0.1260036048961789,0.6269216086575488,0,0,8.31714527027027,17.228507006165213,RPS21,GO_Biological_Process_2023
GO_Biological_Process_2023,"Regulation Of CD4-positive, Alpha-Beta T Cell Proliferation (GO:2000561)",1/9,0.1260036048961789,0.6269216086575488,0,0,8.31714527027027,17.228507006165213,VSIR,GO_Biological_Process_2023
GO_Biological_Process_2023,Negative Regulation Of Alpha-Beta T Cell Proliferation (GO:0046642),1/9,0.1260036048961789,0.6269216086575488,0,0,8.31714527027027,17.228507006165213,VSIR,GO_Biological_Process_2023
GO_Biological_Process_2023,Calcium Ion Transmembrane Import Into Cytosol (GO:0097553),3/83,0.126004308869065,0.6269216086575488,0,0,2.502933673469388,5.184674864256468,FLNA;CACNA1D;PLCG1,GO_Biological_Process_2023
GO_Biological_Process_2023,Positive Regulation Of Ubiquitin-Dependent Protein Catabolic Process (GO:2000060),3/83,0.126004308869065,0.6269216086575488,0,0,2.502933673469388,5.184674864256468,RNF19B;HSPA1B;SOCS5,GO_Biological_Process_2023
GO_Biological_Process_2023,Regulation Of Neurotransmitter Receptor Activity (GO:0099601),2/42,0.1286726845557973,0.6269216086575488,0,0,3.33271186440678,6.833670448665363,OPRM1;NPTX2,GO_Biological_Process_2023
GO_Biological_Process_2023,Positive Regulation Of Calcium Ion Transmembrane Transport (GO:1904427),2/42,0.1286726845557973,0.6269216086575488,0,0,3.33271186440678,6.833670448665363,CALCR;PLCG1,GO_Biological_Process_2023
GO_Biological_Process_2023,Stress-Activated MAPK Cascade (GO:0051403),2/42,0.1286726845557973,0.6269216086575488,0,0,3.33271186440678,6.833670448665363,MAPK1;DUSP9,GO_Biological_Process_2023
GO_Biological_Process_2023,Negative Regulation Of Intracellular Signal Transduction (GO:1902532),6/231,0.1306273537892247,0.6269216086575488,0,0,1.7849255441008018,3.633049298989277,URI1;PPM1B;PDE3A;CYRIB;DUSP9;CGNL1,GO_Biological_Process_2023
GO_Biological_Process_2023,Response To Amyloid-Beta (GO:1904645),2/43,0.133688816402019,0.6269216086575488,0,0,3.251260851591567,6.5423185838859625,CALCR;FYN,GO_Biological_Process_2023
GO_Biological_Process_2023,Ephrin Receptor Signaling Pathway (GO:0048013),2/43,0.133688816402019,0.6269216086575488,0,0,3.251260851591567,6.5423185838859625,EPHA10;FYN,GO_Biological_Process_2023
GO_Biological_Process_2023,Positive Regulation Of miRNA Transcription (GO:1902895),2/43,0.133688816402019,0.6269216086575488,0,0,3.251260851591567,6.5423185838859625,EGR1;FOS,GO_Biological_Process_2023
GO_Biological_Process_2023,Negative Regulation Of Binding (GO:0051100),3/86,0.1360439925129581,0.6269216086575488,0,0,2.412097369068109,4.811596284091443,CDKN1A;HABP4;IFIT1,GO_Biological_Process_2023
GO_Biological_Process_2023,Establishment Of Protein Localization To Mitochondrion (GO:0072655),2/44,0.1387484673544144,0.6269216086575488,0,0,3.173688458434221,6.268328501717036,TOMM7;ROMO1,GO_Biological_Process_2023
GO_Biological_Process_2023,Positive Regulation Of Leukocyte Cell-Cell Adhesion (GO:1903039),2/44,0.1387484673544144,0.6269216086575488,0,0,3.173688458434221,6.268328501717036,NR4A3;CYRIB,GO_Biological_Process_2023
GO_Biological_Process_2023,Negative Regulation Of Dephosphorylation (GO:0035305),1/10,0.1389882749155145,0.6269216086575488,0,0,7.392642642642643,14.58838744208992,URI1,GO_Biological_Process_2023
GO_Biological_Process_2023,Negative Regulation Of Inclusion Body Assembly (GO:0090084),1/10,0.1389882749155145,0.6269216086575488,0,0,7.392642642642643,14.58838744208992,HSPA1B,GO_Biological_Process_2023
GO_Biological_Process_2023,Negative Regulation Of Interferon-Beta Production (GO:0032688),1/10,0.1389882749155145,0.6269216086575488,0,0,7.392642642642643,14.58838744208992,PPM1B,GO_Biological_Process_2023
GO_Biological_Process_2023,Negative Regulation Of Interleukin-17 Production (GO:0032700),1/10,0.1389882749155145,0.6269216086575488,0,0,7.392642642642643,14.58838744208992,VSIR,GO_Biological_Process_2023
GO_Biological_Process_2023,Rap Protein Signal Transduction (GO:0032486),1/10,0.1389882749155145,0.6269216086575488,0,0,7.392642642642643,14.58838744208992,RAP1B,GO_Biological_Process_2023
GO_Biological_Process_2023,Negative Regulation Of Oxidoreductase Activity (GO:0051354),1/10,0.1389882749155145,0.6269216086575488,0,0,7.392642642642643,14.58838744208992,MT3,GO_Biological_Process_2023
GO_Biological_Process_2023,Regulation Of Inclusion Body Assembly (GO:0090083),1/10,0.1389882749155145,0.6269216086575488,0,0,7.392642642642643,14.58838744208992,HSPA1B,GO_Biological_Process_2023
GO_Biological_Process_2023,Regulation Of Microtubule Nucleation (GO:0010968),1/10,0.1389882749155145,0.6269216086575488,0,0,7.392642642642643,14.58838744208992,HSPA1B,GO_Biological_Process_2023
GO_Biological_Process_2023,"Regulation Of Nuclear-Transcribed mRNA Catabolic Process, Nonsense-Mediated Decay (GO:2000622)",1/10,0.1389882749155145,0.6269216086575488,0,0,7.392642642642643,14.58838744208992,HNRNPAB,GO_Biological_Process_2023
GO_Biological_Process_2023,Basement Membrane Organization (GO:0071711),1/10,0.1389882749155145,0.6269216086575488,0,0,7.392642642642643,14.58838744208992,PXDN,GO_Biological_Process_2023
GO_Biological_Process_2023,Cellular Response To Interleukin-12 (GO:0071349),1/10,0.1389882749155145,0.6269216086575488,0,0,7.392642642642643,14.58838744208992,IL12RB2,GO_Biological_Process_2023
GO_Biological_Process_2023,Positive Regulation Of MHC Class II Biosynthetic Process (GO:0045348),1/10,0.1389882749155145,0.6269216086575488,0,0,7.392642642642643,14.58838744208992,RFXAP,GO_Biological_Process_2023
GO_Biological_Process_2023,Removal Of Superoxide Radicals (GO:0019430),1/10,0.1389882749155145,0.6269216086575488,0,0,7.392642642642643,14.58838744208992,MT3,GO_Biological_Process_2023
GO_Biological_Process_2023,Response To Corticosteroid (GO:0031960),1/10,0.1389882749155145,0.6269216086575488,0,0,7.392642642642643,14.58838744208992,CALCR,GO_Biological_Process_2023
GO_Biological_Process_2023,Diol Metabolic Process (GO:0034311),1/10,0.1389882749155145,0.6269216086575488,0,0,7.392642642642643,14.58838744208992,SGPP1,GO_Biological_Process_2023
GO_Biological_Process_2023,Positive Regulation Of Chondrocyte Differentiation (GO:0032332),1/10,0.1389882749155145,0.6269216086575488,0,0,7.392642642642643,14.58838744208992,ZBTB16,GO_Biological_Process_2023
GO_Biological_Process_2023,Engulfment Of Apoptotic Cell (GO:0043652),1/10,0.1389882749155145,0.6269216086575488,0,0,7.392642642642643,14.58838744208992,XKR8,GO_Biological_Process_2023
GO_Biological_Process_2023,Steroid Hormone Mediated Signaling Pathway (GO:0043401),1/10,0.1389882749155145,0.6269216086575488,0,0,7.392642642642643,14.58838744208992,MAPK1,GO_Biological_Process_2023
GO_Biological_Process_2023,Establishment Of Endothelial Intestinal Barrier (GO:0090557),1/10,0.1389882749155145,0.6269216086575488,0,0,7.392642642642643,14.58838744208992,F11R,GO_Biological_Process_2023
GO_Biological_Process_2023,Positive Regulation Of Integrin Activation (GO:0033625),1/10,0.1389882749155145,0.6269216086575488,0,0,7.392642642642643,14.58838744208992,RAP1B,GO_Biological_Process_2023
GO_Biological_Process_2023,Positive Regulation Of Transcription From RNA Polymerase II Promoter In Response To Endoplasmic Reticulum Stress (GO:1990440),1/10,0.1389882749155145,0.6269216086575488,0,0,7.392642642642643,14.58838744208992,CREB3L1,GO_Biological_Process_2023
GO_Biological_Process_2023,Positive Regulation Of Transforming Growth Factor Beta Production (GO:0071636),1/10,0.1389882749155145,0.6269216086575488,0,0,7.392642642642643,14.58838744208992,PTGS2,GO_Biological_Process_2023
GO_Biological_Process_2023,Mast Cell Activation Involved In Immune Response (GO:0002279),1/10,0.1389882749155145,0.6269216086575488,0,0,7.392642642642643,14.58838744208992,NR4A3,GO_Biological_Process_2023
GO_Biological_Process_2023,Mast Cell Degranulation (GO:0043303),1/10,0.1389882749155145,0.6269216086575488,0,0,7.392642642642643,14.58838744208992,NR4A3,GO_Biological_Process_2023
GO_Biological_Process_2023,Mesonephros Development (GO:0001823),1/10,0.1389882749155145,0.6269216086575488,0,0,7.392642642642643,14.58838744208992,ZBTB16,GO_Biological_Process_2023
GO_Biological_Process_2023,Negative Regulation Of T-helper Cell Differentiation (GO:0045623),1/10,0.1389882749155145,0.6269216086575488,0,0,7.392642642642643,14.58838744208992,SOCS5,GO_Biological_Process_2023
GO_Biological_Process_2023,Negative Regulation Of Alpha-Beta T Cell Activation (GO:0046636),1/10,0.1389882749155145,0.6269216086575488,0,0,7.392642642642643,14.58838744208992,VSIR,GO_Biological_Process_2023
GO_Biological_Process_2023,Regulation Of Type II Interferon Production (GO:0032649),3/87,0.1394501900242749,0.6269216086575488,0,0,2.383260447035957,4.695137005848643,CYRIB;VSIR;IL12RB2,GO_Biological_Process_2023
GO_Biological_Process_2023,Zymogen Activation (GO:0031638),2/45,0.1438492509825431,0.6269216086575488,0,0,3.099724083563264,6.010332128344648,F12;VSIR,GO_Biological_Process_2023
GO_Biological_Process_2023,Positive Regulation Of Blood Vessel Endothelial Cell Migration (GO:0043536),2/46,0.1489888416966394,0.6269216086575488,0,0,3.0291217257318954,5.767095975055279,PLCG1;PTGS2,GO_Biological_Process_2023
GO_Biological_Process_2023,Protein Sumoylation (GO:0016925),2/46,0.1489888416966394,0.6269216086575488,0,0,3.0291217257318954,5.767095975055279,NSMCE4A;EYA1,GO_Biological_Process_2023
GO_Biological_Process_2023,Positive Regulation Of Proteasomal Protein Catabolic Process (GO:1901800),3/90,0.149838071050735,0.6269216086575488,0,0,2.300727187426695,4.367240564183813,RNF19B;HSPA1B;SOCS5,GO_Biological_Process_2023
GO_Biological_Process_2023,Regulation Of Cytoplasmic Transport (GO:1903649),1/11,0.1517806764271846,0.6269216086575488,0,0,6.65304054054054,12.543101865269112,MAPK1,GO_Biological_Process_2023
GO_Biological_Process_2023,Actin Crosslink Formation (GO:0051764),1/11,0.1517806764271846,0.6269216086575488,0,0,6.65304054054054,12.543101865269112,FLNA,GO_Biological_Process_2023
GO_Biological_Process_2023,Negative Regulation Of Reactive Oxygen Species Biosynthetic Process (GO:1903427),1/11,0.1517806764271846,0.6269216086575488,0,0,6.65304054054054,12.543101865269112,FYN,GO_Biological_Process_2023
GO_Biological_Process_2023,Negative Regulation Of Vascular Permeability (GO:0043116),1/11,0.1517806764271846,0.6269216086575488,0,0,6.65304054054054,12.543101865269112,PDE3A,GO_Biological_Process_2023
GO_Biological_Process_2023,Brain Morphogenesis (GO:0048854),1/11,0.1517806764271846,0.6269216086575488,0,0,6.65304054054054,12.543101865269112,MKKS,GO_Biological_Process_2023
GO_Biological_Process_2023,Regulation Of Phospholipase C Activity (GO:1900274),1/11,0.1517806764271846,0.6269216086575488,0,0,6.65304054054054,12.543101865269112,HRAS,GO_Biological_Process_2023
GO_Biological_Process_2023,Regulation Of Stress-Activated Protein Kinase Signaling Cascade (GO:0070302),1/11,0.1517806764271846,0.6269216086575488,0,0,6.65304054054054,12.543101865269112,MAPK1,GO_Biological_Process_2023
GO_Biological_Process_2023,Podocyte Differentiation (GO:0072112),1/11,0.1517806764271846,0.6269216086575488,0,0,6.65304054054054,12.543101865269112,MYO1E,GO_Biological_Process_2023
GO_Biological_Process_2023,Polyamine Metabolic Process (GO:0006595),1/11,0.1517806764271846,0.6269216086575488,0,0,6.65304054054054,12.543101865269112,ODC1,GO_Biological_Process_2023
GO_Biological_Process_2023,Cellular Response To Superoxide (GO:0071451),1/11,0.1517806764271846,0.6269216086575488,0,0,6.65304054054054,12.543101865269112,MT3,GO_Biological_Process_2023
GO_Biological_Process_2023,Central Nervous System Projection Neuron Axonogenesis (GO:0021952),1/11,0.1517806764271846,0.6269216086575488,0,0,6.65304054054054,12.543101865269112,SZT2,GO_Biological_Process_2023
GO_Biological_Process_2023,Positive Regulation Of Behavior (GO:0048520),1/11,0.1517806764271846,0.6269216086575488,0,0,6.65304054054054,12.543101865269112,NR4A3,GO_Biological_Process_2023
GO_Biological_Process_2023,Positive Regulation Of Circadian Rhythm (GO:0042753),1/11,0.1517806764271846,0.6269216086575488,0,0,6.65304054054054,12.543101865269112,NKX2-1,GO_Biological_Process_2023
GO_Biological_Process_2023,Positive Regulation Of Coagulation (GO:0050820),1/11,0.1517806764271846,0.6269216086575488,0,0,6.65304054054054,12.543101865269112,F12,GO_Biological_Process_2023
GO_Biological_Process_2023,Sphingoid Metabolic Process (GO:0046519),1/11,0.1517806764271846,0.6269216086575488,0,0,6.65304054054054,12.543101865269112,SGPP1,GO_Biological_Process_2023
GO_Biological_Process_2023,Positive Regulation Of Hemostasis (GO:1900048),1/11,0.1517806764271846,0.6269216086575488,0,0,6.65304054054054,12.543101865269112,F12,GO_Biological_Process_2023
GO_Biological_Process_2023,Sulfate Transport (GO:0008272),1/11,0.1517806764271846,0.6269216086575488,0,0,6.65304054054054,12.543101865269112,SLC26A6,GO_Biological_Process_2023
GO_Biological_Process_2023,Glutamine Family Amino Acid Biosynthetic Process (GO:0009084),1/11,0.1517806764271846,0.6269216086575488,0,0,6.65304054054054,12.543101865269112,GLUD1,GO_Biological_Process_2023
GO_Biological_Process_2023,Positive Regulation Of Platelet Aggregation (GO:1901731),1/11,0.1517806764271846,0.6269216086575488,0,0,6.65304054054054,12.543101865269112,F11R,GO_Biological_Process_2023
GO_Biological_Process_2023,Positive Regulation Of Vascular Permeability (GO:0043117),1/11,0.1517806764271846,0.6269216086575488,0,0,6.65304054054054,12.543101865269112,PDE3A,GO_Biological_Process_2023
GO_Biological_Process_2023,Maintenance Of Protein Localization In Endoplasmic Reticulum (GO:0035437),1/11,0.1517806764271846,0.6269216086575488,0,0,6.65304054054054,12.543101865269112,KDELR2,GO_Biological_Process_2023
GO_Biological_Process_2023,Mast Cell Mediated Immunity (GO:0002448),1/11,0.1517806764271846,0.6269216086575488,0,0,6.65304054054054,12.543101865269112,NR4A3,GO_Biological_Process_2023
GO_Biological_Process_2023,Melanocyte Differentiation (GO:0030318),1/11,0.1517806764271846,0.6269216086575488,0,0,6.65304054054054,12.543101865269112,MREG,GO_Biological_Process_2023
GO_Biological_Process_2023,"Negative Regulation Of CD4-positive, Alpha-Beta T Cell Activation (GO:2000515)",1/11,0.1517806764271846,0.6269216086575488,0,0,6.65304054054054,12.543101865269112,VSIR,GO_Biological_Process_2023
GO_Biological_Process_2023,Regulation Of Actin Filament Depolymerization (GO:0030834),1/11,0.1517806764271846,0.6269216086575488,0,0,6.65304054054054,12.543101865269112,PLEKHH2,GO_Biological_Process_2023
GO_Biological_Process_2023,Negative Regulation Of Amyloid Fibril Formation (GO:1905907),1/11,0.1517806764271846,0.6269216086575488,0,0,6.65304054054054,12.543101865269112,PFDN6,GO_Biological_Process_2023
GO_Biological_Process_2023,Negative Regulation Of Cellular Response To Vascular Endothelial Growth Factor Stimulus (GO:1902548),1/11,0.1517806764271846,0.6269216086575488,0,0,6.65304054054054,12.543101865269112,SEMA6A,GO_Biological_Process_2023
GO_Biological_Process_2023,Negative Regulation Of Hydrolase Activity (GO:0051346),2/47,0.1541649734094164,0.6269216086575488,0,0,2.9616572504708096,5.537505316610555,URI1;HRAS,GO_Biological_Process_2023
GO_Biological_Process_2023,Positive Regulation Of Smooth Muscle Cell Proliferation (GO:0048661),2/47,0.1541649734094164,0.6269216086575488,0,0,2.9616572504708096,5.537505316610555,NR4A3;MEF2D,GO_Biological_Process_2023
GO_Biological_Process_2023,Sensory Perception Of Sound (GO:0007605),3/92,0.1568975361878555,0.6269216086575488,0,0,2.248796147672552,4.165135495565938,MKKS;EYA1;CACNA1D,GO_Biological_Process_2023
GO_Biological_Process_2023,Cellular Response To Mechanical Stimulus (GO:0071260),2/48,0.1593754384561273,0.6269216086575488,0,0,2.897126013264554,5.320550519323724,HABP4;F11R,GO_Biological_Process_2023
GO_Biological_Process_2023,Positive Regulation Of Reactive Oxygen Species Metabolic Process (GO:2000379),2/48,0.1593754384561273,0.6269216086575488,0,0,2.897126013264554,5.320550519323724,CDKN1A;ROMO1,GO_Biological_Process_2023
GO_Biological_Process_2023,Cytoplasmic Translation (GO:0002181),3/93,0.1604654788702736,0.6269216086575488,0,0,2.2236961451247166,4.068644456385784,RPL35A;RPL38;RPS21,GO_Biological_Process_2023
GO_Biological_Process_2023,Regulation Of Signal Transduction (GO:0009966),5/193,0.1604922572891336,0.6269216086575488,0,0,1.7774519090644127,3.251865293427316,BRAP;IGFBP2;DTX1;FYN;SOCS5,GO_Biological_Process_2023
GO_Biological_Process_2023,Peptidyl-Lysine Modification (GO:0018205),3/94,0.1640579860770038,0.6269216086575488,0,0,2.199147790984526,3.9750373501096767,LIPT2;NSMCE4A;EYA1,GO_Biological_Process_2023
GO_Biological_Process_2023,Cellular Response To Hormone Stimulus (GO:0032870),3/94,0.1640579860770038,0.6269216086575488,0,0,2.199147790984526,3.9750373501096767,URI1;NR4A3;HSPA1B,GO_Biological_Process_2023
GO_Biological_Process_2023,Negative Regulation Of Epidermal Growth Factor-Activated Receptor Activity (GO:0007175),1/12,0.1643836467653726,0.6269216086575488,0,0,6.047911547911548,10.919820445487462,SOCS5,GO_Biological_Process_2023
GO_Biological_Process_2023,Negative Regulation Of Substrate Adhesion-Dependent Cell Spreading (GO:1900025),1/12,0.1643836467653726,0.6269216086575488,0,0,6.047911547911548,10.919820445487462,AP1AR,GO_Biological_Process_2023
GO_Biological_Process_2023,Nuclear Body Organization (GO:0030575),1/12,0.1643836467653726,0.6269216086575488,0,0,6.047911547911548,10.919820445487462,HABP4,GO_Biological_Process_2023
GO_Biological_Process_2023,Biogenic Amine Metabolic Process (GO:0006576),1/12,0.1643836467653726,0.6269216086575488,0,0,6.047911547911548,10.919820445487462,ODC1,GO_Biological_Process_2023
GO_Biological_Process_2023,Calcium Ion Import (GO:0070509),1/12,0.1643836467653726,0.6269216086575488,0,0,6.047911547911548,10.919820445487462,CACNA1D,GO_Biological_Process_2023
GO_Biological_Process_2023,Cellular Component Maintenance (GO:0043954),1/12,0.1643836467653726,0.6269216086575488,0,0,6.047911547911548,10.919820445487462,FYN,GO_Biological_Process_2023
GO_Biological_Process_2023,Positive Regulation Of ERAD Pathway (GO:1904294),1/12,0.1643836467653726,0.6269216086575488,0,0,6.047911547911548,10.919820445487462,UBQLN1,GO_Biological_Process_2023
GO_Biological_Process_2023,Positive Regulation Of T-helper Cell Differentiation (GO:0045624),1/12,0.1643836467653726,0.6269216086575488,0,0,6.047911547911548,10.919820445487462,SOCS5,GO_Biological_Process_2023
GO_Biological_Process_2023,Positive Regulation Of Fatty Acid Oxidation (GO:0046321),1/12,0.1643836467653726,0.6269216086575488,0,0,6.047911547911548,10.919820445487462,NR4A3,GO_Biological_Process_2023
GO_Biological_Process_2023,Positive Regulation Of Integrin-Mediated Signaling Pathway (GO:2001046),1/12,0.1643836467653726,0.6269216086575488,0,0,6.047911547911548,10.919820445487462,FLNA,GO_Biological_Process_2023
GO_Biological_Process_2023,Positive Regulation Of Neuron Migration (GO:2001224),1/12,0.1643836467653726,0.6269216086575488,0,0,6.047911547911548,10.919820445487462,SEMA6A,GO_Biological_Process_2023
GO_Biological_Process_2023,Positive Regulation Of Ruffle Assembly (GO:1900029),1/12,0.1643836467653726,0.6269216086575488,0,0,6.047911547911548,10.919820445487462,HRAS,GO_Biological_Process_2023
GO_Biological_Process_2023,Positive Regulation Of Vascular Endothelial Cell Proliferation (GO:1905564),1/12,0.1643836467653726,0.6269216086575488,0,0,6.047911547911548,10.919820445487462,PLCG1,GO_Biological_Process_2023
GO_Biological_Process_2023,Protein Insertion Into Mitochondrial Inner Membrane (GO:0045039),1/12,0.1643836467653726,0.6269216086575488,0,0,6.047911547911548,10.919820445487462,ROMO1,GO_Biological_Process_2023
GO_Biological_Process_2023,Mesoderm Morphogenesis (GO:0048332),1/12,0.1643836467653726,0.6269216086575488,0,0,6.047911547911548,10.919820445487462,TBX19,GO_Biological_Process_2023
GO_Biological_Process_2023,"Mitochondrial Electron Transport, Ubiquinol To Cytochrome C (GO:0006122)",1/12,0.1643836467653726,0.6269216086575488,0,0,6.047911547911548,10.919820445487462,UQCR11,GO_Biological_Process_2023
GO_Biological_Process_2023,Actin Filament Organization (GO:0007015),4/144,0.1668155913204592,0.6269216086575488,0,0,1.9076548025353488,3.416354736583988,MYO1E;NRAP;FLNA;CGNL1,GO_Biological_Process_2023
GO_Biological_Process_2023,Regulation Of Epithelial Cell Migration (GO:0010632),2/50,0.1698908219814068,0.6269216086575488,0,0,2.776129943502825,4.920965916510137,DOCK5;PLCG1,GO_Biological_Process_2023
GO_Biological_Process_2023,Positive Regulation Of Cell Death (GO:0010942),2/50,0.1698908219814068,0.6269216086575488,0,0,2.776129943502825,4.920965916510137,FYN;MT3,GO_Biological_Process_2023
GO_Biological_Process_2023,Positive Regulation Of Fat Cell Differentiation (GO:0045600),2/50,0.1698908219814068,0.6269216086575488,0,0,2.776129943502825,4.920965916510137,ZBTB16;PTGS2,GO_Biological_Process_2023
GO_Biological_Process_2023,Negative Regulation Of Cell Projection Organization (GO:0031345),2/50,0.1698908219814068,0.6269216086575488,0,0,2.776129943502825,4.920965916510137,FYN;MT3,GO_Biological_Process_2023
GO_Biological_Process_2023,Cellular Response To Transforming Growth Factor Beta Stimulus (GO:0071560),3/96,0.1713139797867877,0.6269216086575488,0,0,2.151634847487382,3.796037415649297,ZFYVE9;PDE3A;FOS,GO_Biological_Process_2023
GO_Biological_Process_2023,Negative Regulation Of Fibroblast Growth Factor Receptor Signaling Pathway (GO:0040037),1/13,0.1767999816212336,0.6269216086575488,0,0,5.543637387387387,9.605661362247778,CREB3L1,GO_Biological_Process_2023
GO_Biological_Process_2023,Regulation Of Myoblast Fusion (GO:1901739),1/13,0.1767999816212336,0.6269216086575488,0,0,5.543637387387387,9.605661362247778,CD53,GO_Biological_Process_2023
GO_Biological_Process_2023,Outer Mitochondrial Membrane Organization (GO:0007008),1/13,0.1767999816212336,0.6269216086575488,0,0,5.543637387387387,9.605661362247778,TOMM7,GO_Biological_Process_2023
GO_Biological_Process_2023,Regulation Of Response To Stress (GO:0080134),1/13,0.1767999816212336,0.6269216086575488,0,0,5.543637387387387,9.605661362247778,OPRM1,GO_Biological_Process_2023
GO_Biological_Process_2023,Regulation Of Trophoblast Cell Migration (GO:1901163),1/13,0.1767999816212336,0.6269216086575488,0,0,5.543637387387387,9.605661362247778,ACVR1C,GO_Biological_Process_2023
GO_Biological_Process_2023,Positive Regulation Of Brown Fat Cell Differentiation (GO:0090336),1/13,0.1767999816212336,0.6269216086575488,0,0,5.543637387387387,9.605661362247778,PTGS2,GO_Biological_Process_2023
GO_Biological_Process_2023,Cytoplasmic Sequestering Of Protein (GO:0051220),1/13,0.1767999816212336,0.6269216086575488,0,0,5.543637387387387,9.605661362247778,FLNA,GO_Biological_Process_2023
GO_Biological_Process_2023,Positive Regulation Of Cyclase Activity (GO:0031281),1/13,0.1767999816212336,0.6269216086575488,0,0,5.543637387387387,9.605661362247778,CACNA1D,GO_Biological_Process_2023
GO_Biological_Process_2023,"Endonucleolytic Cleavage Of Tricistronic rRNA Transcript (SSU-rRNA, 5.8S rRNA, LSU-rRNA) (GO:0000479)",1/13,0.1767999816212336,0.6269216086575488,0,0,5.543637387387387,9.605661362247778,RPS21,GO_Biological_Process_2023
GO_Biological_Process_2023,Positive Regulation Of Macrophage Chemotaxis (GO:0010759),1/13,0.1767999816212336,0.6269216086575488,0,0,5.543637387387387,9.605661362247778,MAPK1,GO_Biological_Process_2023
GO_Biological_Process_2023,Glomerular Filtration (GO:0003094),1/13,0.1767999816212336,0.6269216086575488,0,0,5.543637387387387,9.605661362247778,MYO1E,GO_Biological_Process_2023
GO_Biological_Process_2023,Glutamine Metabolic Process (GO:0006541),1/13,0.1767999816212336,0.6269216086575488,0,0,5.543637387387387,9.605661362247778,GLUD1,GO_Biological_Process_2023
GO_Biological_Process_2023,Inhibitory Synapse Assembly (GO:1904862),1/13,0.1767999816212336,0.6269216086575488,0,0,5.543637387387387,9.605661362247778,LGI2,GO_Biological_Process_2023
GO_Biological_Process_2023,Killing By Host Of Symbiont Cells (GO:0051873),1/13,0.1767999816212336,0.6269216086575488,0,0,5.543637387387387,9.605661362247778,ROMO1,GO_Biological_Process_2023
GO_Biological_Process_2023,Protein Insertion Into Mitochondrial Outer Membrane (GO:0045040),1/13,0.1767999816212336,0.6269216086575488,0,0,5.543637387387387,9.605661362247778,TOMM7,GO_Biological_Process_2023
GO_Biological_Process_2023,Membrane Depolarization During Action Potential (GO:0086010),1/13,0.1767999816212336,0.6269216086575488,0,0,5.543637387387387,9.605661362247778,CACNA1D,GO_Biological_Process_2023
GO_Biological_Process_2023,Microvillus Organization (GO:0032528),1/13,0.1767999816212336,0.6269216086575488,0,0,5.543637387387387,9.605661362247778,RAP1B,GO_Biological_Process_2023
GO_Biological_Process_2023,Regulation Of cAMP-dependent Protein Kinase Activity (GO:2000479),1/13,0.1767999816212336,0.6269216086575488,0,0,5.543637387387387,9.605661362247778,PRKAR2B,GO_Biological_Process_2023
GO_Biological_Process_2023,Negative Regulation Of Cartilage Development (GO:0061037),1/13,0.1767999816212336,0.6269216086575488,0,0,5.543637387387387,9.605661362247778,WNT9A,GO_Biological_Process_2023
GO_Biological_Process_2023,Negative Regulation Of Response To Stimulus (GO:0048585),2/52,0.1805184511909753,0.6269216086575488,0,0,2.664813559322034,4.561953714292904,BRAP;SOCS5,GO_Biological_Process_2023
GO_Biological_Process_2023,Adenylate Cyclase-Inhibiting G Protein-Coupled Receptor Signaling Pathway (GO:0007193),2/52,0.1805184511909753,0.6269216086575488,0,0,2.664813559322034,4.561953714292904,FLNA;OPRM1,GO_Biological_Process_2023
GO_Biological_Process_2023,Cellular Response To Ionizing Radiation (GO:0071479),2/52,0.1805184511909753,0.6269216086575488,0,0,2.664813559322034,4.561953714292904,CDKN1A;HRAS,GO_Biological_Process_2023
GO_Biological_Process_2023,Gonad Development (GO:0008406),2/53,0.1858694242687772,0.6269216086575488,0,0,2.6124293785310733,4.395963317222639,MKKS;IRX5,GO_Biological_Process_2023
GO_Biological_Process_2023,Proton Motive Force-Driven Mitochondrial ATP Synthesis (GO:0042776),2/53,0.1858694242687772,0.6269216086575488,0,0,2.6124293785310733,4.395963317222639,NDUFS6;NDUFB1,GO_Biological_Process_2023
GO_Biological_Process_2023,Regulation Of Feeding Behavior (GO:0060259),1/14,0.1890324355650668,0.6269216086575488,0,0,5.116943866943867,8.52399269044241,NR4A3,GO_Biological_Process_2023
GO_Biological_Process_2023,Regulation Of Integrin Activation (GO:0033623),1/14,0.1890324355650668,0.6269216086575488,0,0,5.116943866943867,8.52399269044241,RAP1B,GO_Biological_Process_2023
GO_Biological_Process_2023,Cellular Response To Exogenous dsRNA (GO:0071360),1/14,0.1890324355650668,0.6269216086575488,0,0,5.116943866943867,8.52399269044241,IFIT1,GO_Biological_Process_2023
GO_Biological_Process_2023,Ceramide Transport (GO:0035627),1/14,0.1890324355650668,0.6269216086575488,0,0,5.116943866943867,8.52399269044241,SGPP1,GO_Biological_Process_2023
GO_Biological_Process_2023,Positive Regulation Of Acute Inflammatory Response (GO:0002675),1/14,0.1890324355650668,0.6269216086575488,0,0,5.116943866943867,8.52399269044241,PTGS2,GO_Biological_Process_2023
GO_Biological_Process_2023,Detection Of Mechanical Stimulus Involved In Sensory Perception (GO:0050974),1/14,0.1890324355650668,0.6269216086575488,0,0,5.116943866943867,8.52399269044241,MKKS,GO_Biological_Process_2023
GO_Biological_Process_2023,Embryonic Cranial Skeleton Morphogenesis (GO:0048701),1/14,0.1890324355650668,0.6269216086575488,0,0,5.116943866943867,8.52399269044241,IRX5,GO_Biological_Process_2023
GO_Biological_Process_2023,Positive Regulation Of Histone Acetylation (GO:0035066),1/14,0.1890324355650668,0.6269216086575488,0,0,5.116943866943867,8.52399269044241,BAZ1B,GO_Biological_Process_2023
GO_Biological_Process_2023,Positive Regulation Of Lyase Activity (GO:0051349),1/14,0.1890324355650668,0.6269216086575488,0,0,5.116943866943867,8.52399269044241,CACNA1D,GO_Biological_Process_2023
GO_Biological_Process_2023,"Positive Regulation Of Nuclear-Transcribed mRNA Catabolic Process, Deadenylation-Dependent Decay (GO:1900153)",1/14,0.1890324355650668,0.6269216086575488,0,0,5.116943866943867,8.52399269044241,NANOS1,GO_Biological_Process_2023
GO_Biological_Process_2023,Prostanoid Biosynthetic Process (GO:0046457),1/14,0.1890324355650668,0.6269216086575488,0,0,5.116943866943867,8.52399269044241,PTGS2,GO_Biological_Process_2023
GO_Biological_Process_2023,Protein Homotrimerization (GO:0070207),1/14,0.1890324355650668,0.6269216086575488,0,0,5.116943866943867,8.52399269044241,PXDN,GO_Biological_Process_2023
GO_Biological_Process_2023,Protein Localization To Vacuole (GO:0072665),1/14,0.1890324355650668,0.6269216086575488,0,0,5.116943866943867,8.52399269044241,SZT2,GO_Biological_Process_2023
GO_Biological_Process_2023,Protein Maturation By Iron-Sulfur Cluster Transfer (GO:0097428),1/14,0.1890324355650668,0.6269216086575488,0,0,5.116943866943867,8.52399269044241,GLRX5,GO_Biological_Process_2023
GO_Biological_Process_2023,Microvillus Assembly (GO:0030033),1/14,0.1890324355650668,0.6269216086575488,0,0,5.116943866943867,8.52399269044241,RAP1B,GO_Biological_Process_2023
GO_Biological_Process_2023,Protein Trimerization (GO:0070206),1/14,0.1890324355650668,0.6269216086575488,0,0,5.116943866943867,8.52399269044241,PXDN,GO_Biological_Process_2023
GO_Biological_Process_2023,Regulation Of MHC Class II Biosynthetic Process (GO:0045346),1/14,0.1890324355650668,0.6269216086575488,0,0,5.116943866943867,8.52399269044241,RFXAP,GO_Biological_Process_2023
GO_Biological_Process_2023,Negative Regulation Of Chondrocyte Differentiation (GO:0032331),1/14,0.1890324355650668,0.6269216086575488,0,0,5.116943866943867,8.52399269044241,WNT9A,GO_Biological_Process_2023
GO_Biological_Process_2023,Negative Regulation Of Defense Response To Virus (GO:0050687),1/14,0.1890324355650668,0.6269216086575488,0,0,5.116943866943867,8.52399269044241,PPM1B,GO_Biological_Process_2023
GO_Biological_Process_2023,ERBB Signaling Pathway (GO:0038127),2/54,0.1912426423571763,0.6269216086575488,0,0,2.562059973924381,4.238191066736222,MAPK1;PLCG1,GO_Biological_Process_2023
GO_Biological_Process_2023,Negative Regulation Of Protein Modification By Small Protein Conjugation Or Removal (GO:1903321),2/54,0.1912426423571763,0.6269216086575488,0,0,2.562059973924381,4.238191066736222,HSPA1B;COPS9,GO_Biological_Process_2023
GO_Biological_Process_2023,Calcium Ion Homeostasis (GO:0055074),3/102,0.1936014251004342,0.6269216086575488,0,0,2.020614306328592,3.317755223659446,SLC10A7;ITPR3;ATP2C2,GO_Biological_Process_2023
GO_Biological_Process_2023,Negative Regulation Of Cell Differentiation (GO:0045596),5/207,0.1952634427241794,0.6269216086575488,0,0,1.653075410280754,2.700142704867036,ZBTB16;NKX2-1;DTX1;WNT9A;ZBED6,GO_Biological_Process_2023
GO_Biological_Process_2023,Negative Regulation Of Endoplasmic Reticulum Stress-Induced Intrinsic Apoptotic Signaling Pathway (GO:1902236),1/15,0.2010837226592623,0.6269216086575488,0,0,4.751206563706564,7.621096522393087,CREB3L1,GO_Biological_Process_2023
GO_Biological_Process_2023,DNA Alkylation (GO:0006305),1/15,0.2010837226592623,0.6269216086575488,0,0,4.751206563706564,7.621096522393087,FOS,GO_Biological_Process_2023
GO_Biological_Process_2023,Regulation Of Dephosphorylation (GO:0035303),1/15,0.2010837226592623,0.6269216086575488,0,0,4.751206563706564,7.621096522393087,PPP1R17,GO_Biological_Process_2023
GO_Biological_Process_2023,Adenylate Cyclase-Activating Adrenergic Receptor Signaling Pathway (GO:0071880),1/15,0.2010837226592623,0.6269216086575488,0,0,4.751206563706564,7.621096522393087,ADRA2C,GO_Biological_Process_2023
GO_Biological_Process_2023,Regulation Of mRNA Metabolic Process (GO:1903311),1/15,0.2010837226592623,0.6269216086575488,0,0,4.751206563706564,7.621096522393087,SRPK3,GO_Biological_Process_2023
GO_Biological_Process_2023,Oogenesis (GO:0048477),1/15,0.2010837226592623,0.6269216086575488,0,0,4.751206563706564,7.621096522393087,NANOS1,GO_Biological_Process_2023
GO_Biological_Process_2023,Cardiac Myofibril Assembly (GO:0055003),1/15,0.2010837226592623,0.6269216086575488,0,0,4.751206563706564,7.621096522393087,NRAP,GO_Biological_Process_2023
GO_Biological_Process_2023,Platelet-Derived Growth Factor Receptor Signaling Pathway (GO:0048008),1/15,0.2010837226592623,0.6269216086575488,0,0,4.751206563706564,7.621096522393087,NR4A3,GO_Biological_Process_2023
GO_Biological_Process_2023,Renal Filtration (GO:0097205),1/15,0.2010837226592623,0.6269216086575488,0,0,4.751206563706564,7.621096522393087,MYO1E,GO_Biological_Process_2023
GO_Biological_Process_2023,Positive Regulation Of Cell Activation (GO:0050867),1/15,0.2010837226592623,0.6269216086575488,0,0,4.751206563706564,7.621096522393087,FLNA,GO_Biological_Process_2023
GO_Biological_Process_2023,Positive Regulation Of Collagen Biosynthetic Process (GO:0032967),1/15,0.2010837226592623,0.6269216086575488,0,0,4.751206563706564,7.621096522393087,CREB3L1,GO_Biological_Process_2023
GO_Biological_Process_2023,Positive Regulation Of Endothelial Cell Apoptotic Process (GO:2000353),1/15,0.2010837226592623,0.6269216086575488,0,0,4.751206563706564,7.621096522393087,PLCG1,GO_Biological_Process_2023
GO_Biological_Process_2023,Epiboly Involved In Wound Healing (GO:0090505),1/15,0.2010837226592623,0.6269216086575488,0,0,4.751206563706564,7.621096522393087,FLNA,GO_Biological_Process_2023
GO_Biological_Process_2023,Glutamine Family Amino Acid Catabolic Process (GO:0009065),1/15,0.2010837226592623,0.6269216086575488,0,0,4.751206563706564,7.621096522393087,GLUD1,GO_Biological_Process_2023
GO_Biological_Process_2023,Positive Regulation Of Potassium Ion Transport (GO:0043268),1/15,0.2010837226592623,0.6269216086575488,0,0,4.751206563706564,7.621096522393087,FLNA,GO_Biological_Process_2023
GO_Biological_Process_2023,Positive Regulation Of Syncytium Formation By Plasma Membrane Fusion (GO:0060143),1/15,0.2010837226592623,0.6269216086575488,0,0,4.751206563706564,7.621096522393087,CD53,GO_Biological_Process_2023
GO_Biological_Process_2023,Positive Regulation Of Transcription By RNA Polymerase III (GO:0045945),1/15,0.2010837226592623,0.6269216086575488,0,0,4.751206563706564,7.621096522393087,BAZ1B,GO_Biological_Process_2023
GO_Biological_Process_2023,Regulation Of Amyloid Fibril Formation (GO:1905906),1/15,0.2010837226592623,0.6269216086575488,0,0,4.751206563706564,7.621096522393087,PFDN6,GO_Biological_Process_2023
GO_Biological_Process_2023,Regulation Of Bicellular Tight Junction Assembly (GO:2000810),1/15,0.2010837226592623,0.6269216086575488,0,0,4.751206563706564,7.621096522393087,F11R,GO_Biological_Process_2023
GO_Biological_Process_2023,Regulation Of Cation Channel Activity (GO:2001257),2/56,0.2020485331454002,0.6269216086575488,0,0,2.46691776522285,3.9452116921470672,KCNG1;SLMAP,GO_Biological_Process_2023
GO_Biological_Process_2023,Regulation Of Neuron Death (GO:1901214),2/58,0.2129220481496945,0.6269216086575488,0,0,2.378571428571429,3.679243624364996,EGR1;FYN,GO_Biological_Process_2023
GO_Biological_Process_2023,Positive Regulation Of Type II Interferon Production (GO:0032729),2/58,0.2129220481496945,0.6269216086575488,0,0,2.378571428571429,3.679243624364996,CYRIB;IL12RB2,GO_Biological_Process_2023
GO_Biological_Process_2023,Muscle Organ Development (GO:0007517),2/58,0.2129220481496945,0.6269216086575488,0,0,2.378571428571429,3.679243624364996,CTF1;MEF2D,GO_Biological_Process_2023
GO_Biological_Process_2023,Negative Regulation Of Interleukin-10 Production (GO:0032693),1/16,0.2129565170625368,0.6269216086575488,0,0,4.434234234234234,6.8582849991057975,VSIR,GO_Biological_Process_2023
GO_Biological_Process_2023,DNA-templated Transcription Termination (GO:0006353),1/16,0.2129565170625368,0.6269216086575488,0,0,4.434234234234234,6.8582849991057975,NKX2-1,GO_Biological_Process_2023
GO_Biological_Process_2023,Regulation Of Establishment Of Endothelial Barrier (GO:1903140),1/16,0.2129565170625368,0.6269216086575488,0,0,4.434234234234234,6.8582849991057975,F11R,GO_Biological_Process_2023
GO_Biological_Process_2023,Regulation Of Fatty Acid Oxidation (GO:0046320),1/16,0.2129565170625368,0.6269216086575488,0,0,4.434234234234234,6.8582849991057975,NR4A3,GO_Biological_Process_2023
GO_Biological_Process_2023,Regulation Of Fibrinolysis (GO:0051917),1/16,0.2129565170625368,0.6269216086575488,0,0,4.434234234234234,6.8582849991057975,F12,GO_Biological_Process_2023
GO_Biological_Process_2023,Activin Receptor Signaling Pathway (GO:0032924),1/16,0.2129565170625368,0.6269216086575488,0,0,4.434234234234234,6.8582849991057975,ACVR1C,GO_Biological_Process_2023
GO_Biological_Process_2023,Apoptotic Nuclear Changes (GO:0030262),1/16,0.2129565170625368,0.6269216086575488,0,0,4.434234234234234,6.8582849991057975,ACVR1C,GO_Biological_Process_2023
GO_Biological_Process_2023,Regulation Of Plasminogen Activation (GO:0010755),1/16,0.2129565170625368,0.6269216086575488,0,0,4.434234234234234,6.8582849991057975,F12,GO_Biological_Process_2023
GO_Biological_Process_2023,Regulation Of Protein Kinase A Signaling (GO:0010738),1/16,0.2129565170625368,0.6269216086575488,0,0,4.434234234234234,6.8582849991057975,CALCR,GO_Biological_Process_2023
GO_Biological_Process_2023,Regulation Of Steroid Biosynthetic Process (GO:0050810),1/16,0.2129565170625368,0.6269216086575488,0,0,4.434234234234234,6.8582849991057975,EGR1,GO_Biological_Process_2023
GO_Biological_Process_2023,Cellular Response To Gamma Radiation (GO:0071480),1/16,0.2129565170625368,0.6269216086575488,0,0,4.434234234234234,6.8582849991057975,HRAS,GO_Biological_Process_2023
GO_Biological_Process_2023,Regulation Of Transforming Growth Factor Beta Production (GO:0071634),1/16,0.2129565170625368,0.6269216086575488,0,0,4.434234234234234,6.8582849991057975,PTGS2,GO_Biological_Process_2023
GO_Biological_Process_2023,Positive Regulation Of Cell Migration Involved In Sprouting Angiogenesis (GO:0090050),1/16,0.2129565170625368,0.6269216086575488,0,0,4.434234234234234,6.8582849991057975,PTGS2,GO_Biological_Process_2023
GO_Biological_Process_2023,Dicarboxylic Acid Catabolic Process (GO:0043649),1/16,0.2129565170625368,0.6269216086575488,0,0,4.434234234234234,6.8582849991057975,GLUD1,GO_Biological_Process_2023
GO_Biological_Process_2023,Positive Regulation Of Homotypic Cell-Cell Adhesion (GO:0034112),1/16,0.2129565170625368,0.6269216086575488,0,0,4.434234234234234,6.8582849991057975,F11R,GO_Biological_Process_2023
GO_Biological_Process_2023,Positive Regulation Of Muscle Hypertrophy (GO:0014742),1/16,0.2129565170625368,0.6269216086575488,0,0,4.434234234234234,6.8582849991057975,NR4A3,GO_Biological_Process_2023
GO_Biological_Process_2023,Positive Regulation Of Myeloid Leukocyte Cytokine Production Involved In Immune Response (GO:0061081),1/16,0.2129565170625368,0.6269216086575488,0,0,4.434234234234234,6.8582849991057975,NR4A3,GO_Biological_Process_2023
GO_Biological_Process_2023,Heart Process (GO:0003015),1/16,0.2129565170625368,0.6269216086575488,0,0,4.434234234234234,6.8582849991057975,FYN,GO_Biological_Process_2023
GO_Biological_Process_2023,Positive Regulation Of Telomere Capping (GO:1904355),1/16,0.2129565170625368,0.6269216086575488,0,0,4.434234234234234,6.8582849991057975,MAPK1,GO_Biological_Process_2023
GO_Biological_Process_2023,Prostanoid Metabolic Process (GO:0006692),1/16,0.2129565170625368,0.6269216086575488,0,0,4.434234234234234,6.8582849991057975,PTGR1,GO_Biological_Process_2023
GO_Biological_Process_2023,Protein Localization To Endoplasmic Reticulum (GO:0070972),1/16,0.2129565170625368,0.6269216086575488,0,0,4.434234234234234,6.8582849991057975,KDELR2,GO_Biological_Process_2023
GO_Biological_Process_2023,Membrane Depolarization During Cardiac Muscle Cell Action Potential (GO:0086012),1/16,0.2129565170625368,0.6269216086575488,0,0,4.434234234234234,6.8582849991057975,CACNA1D,GO_Biological_Process_2023
GO_Biological_Process_2023,Regulation Of Golgi Organization (GO:1903358),1/16,0.2129565170625368,0.6269216086575488,0,0,4.434234234234234,6.8582849991057975,MAPK1,GO_Biological_Process_2023
GO_Biological_Process_2023,Regulation Of NMDA Receptor Activity (GO:2000310),1/16,0.2129565170625368,0.6269216086575488,0,0,4.434234234234234,6.8582849991057975,OPRM1,GO_Biological_Process_2023
GO_Biological_Process_2023,Negative Regulation Of ATP-dependent Activity (GO:0032780),1/16,0.2129565170625368,0.6269216086575488,0,0,4.434234234234234,6.8582849991057975,IFIT1,GO_Biological_Process_2023
GO_Biological_Process_2023,Aerobic Respiration (GO:0009060),2/59,0.2183799731712457,0.6269216086575488,0,0,2.336723163841808,3.5553680775508423,NDUFS6;NDUFB1,GO_Biological_Process_2023
GO_Biological_Process_2023,Regulation Of miRNA Transcription (GO:1902893),2/59,0.2183799731712457,0.6269216086575488,0,0,2.336723163841808,3.5553680775508423,EGR1;FOS,GO_Biological_Process_2023
GO_Biological_Process_2023,Protein Targeting To Mitochondrion (GO:0006626),2/59,0.2183799731712457,0.6269216086575488,0,0,2.336723163841808,3.5553680775508423,TOMM7;ROMO1,GO_Biological_Process_2023
GO_Biological_Process_2023,Regulation Of Proteasomal Ubiquitin-Dependent Protein Catabolic Process (GO:0032434),3/109,0.2204385886646932,0.6269216086575488,0,0,1.8865036580670005,2.852650345161056,RNF19B;HSPA1B;SOCS5,GO_Biological_Process_2023
GO_Biological_Process_2023,Proton Motive Force-Driven ATP Synthesis (GO:0015986),2/60,0.2238498656897219,0.6269216086575488,0,0,2.2963179427235536,3.437082068317523,NDUFS6;NDUFB1,GO_Biological_Process_2023
GO_Biological_Process_2023,"DNA Damage Response, Signal Transduction By P53 Class Mediator Resulting In Cell Cycle Arrest (GO:0006977)",1/17,0.2246534536052364,0.6269216086575488,0,0,4.156883445945946,6.207042857614634,CDKN1A,GO_Biological_Process_2023
GO_Biological_Process_2023,Regulation Of Delayed Rectifier Potassium Channel Activity (GO:1902259),1/17,0.2246534536052364,0.6269216086575488,0,0,4.156883445945946,6.207042857614634,KCNG1,GO_Biological_Process_2023
GO_Biological_Process_2023,DNA Replication Checkpoint Signaling (GO:0000076),1/17,0.2246534536052364,0.6269216086575488,0,0,4.156883445945946,6.207042857614634,CDC45,GO_Biological_Process_2023
GO_Biological_Process_2023,Negative Regulation Of Interleukin-8 Production (GO:0032717),1/17,0.2246534536052364,0.6269216086575488,0,0,4.156883445945946,6.207042857614634,ANXA4,GO_Biological_Process_2023
GO_Biological_Process_2023,G Protein-Coupled Acetylcholine Receptor Signaling Pathway (GO:0007213),1/17,0.2246534536052364,0.6269216086575488,0,0,4.156883445945946,6.207042857614634,OPRM1,GO_Biological_Process_2023
GO_Biological_Process_2023,Regulation Of Glucose Transmembrane Transport (GO:0010827),1/17,0.2246534536052364,0.6269216086575488,0,0,4.156883445945946,6.207042857614634,NR4A3,GO_Biological_Process_2023
GO_Biological_Process_2023,Rac Protein Signal Transduction (GO:0016601),1/17,0.2246534536052364,0.6269216086575488,0,0,4.156883445945946,6.207042857614634,HACE1,GO_Biological_Process_2023
GO_Biological_Process_2023,Androgen Receptor Signaling Pathway (GO:0030521),1/17,0.2246534536052364,0.6269216086575488,0,0,4.156883445945946,6.207042857614634,MAPK1,GO_Biological_Process_2023
GO_Biological_Process_2023,Negative Regulation Of Vascular Associated Smooth Muscle Cell Proliferation (GO:1904706),1/17,0.2246534536052364,0.6269216086575488,0,0,4.156883445945946,6.207042857614634,CDKN1A,GO_Biological_Process_2023
GO_Biological_Process_2023,Nicotinamide Nucleotide Metabolic Process (GO:0046496),1/17,0.2246534536052364,0.6269216086575488,0,0,4.156883445945946,6.207042857614634,NADK2,GO_Biological_Process_2023
GO_Biological_Process_2023,Regulation Of Oxidative Phosphorylation (GO:0002082),1/17,0.2246534536052364,0.6269216086575488,0,0,4.156883445945946,6.207042857614634,COX7A1,GO_Biological_Process_2023
GO_Biological_Process_2023,cGMP-mediated Signaling (GO:0019934),1/17,0.2246534536052364,0.6269216086575488,0,0,4.156883445945946,6.207042857614634,PDE3A,GO_Biological_Process_2023
GO_Biological_Process_2023,Carbohydrate Derivative Transport (GO:1901264),1/17,0.2246534536052364,0.6269216086575488,0,0,4.156883445945946,6.207042857614634,SLC10A7,GO_Biological_Process_2023
GO_Biological_Process_2023,Regulation Of Protein Sumoylation (GO:0033233),1/17,0.2246534536052364,0.6269216086575488,0,0,4.156883445945946,6.207042857614634,EGR1,GO_Biological_Process_2023
GO_Biological_Process_2023,Regulation Of Receptor Recycling (GO:0001919),1/17,0.2246534536052364,0.6269216086575488,0,0,4.156883445945946,6.207042857614634,AP1AR,GO_Biological_Process_2023
GO_Biological_Process_2023,Peptidyl-Threonine Dephosphorylation (GO:0035970),1/17,0.2246534536052364,0.6269216086575488,0,0,4.156883445945946,6.207042857614634,PPM1B,GO_Biological_Process_2023
GO_Biological_Process_2023,Cellular Response To dsRNA (GO:0071359),1/17,0.2246534536052364,0.6269216086575488,0,0,4.156883445945946,6.207042857614634,IFIT1,GO_Biological_Process_2023
GO_Biological_Process_2023,Positive Regulation Of Cardiac Muscle Hypertrophy (GO:0010613),1/17,0.2246534536052364,0.6269216086575488,0,0,4.156883445945946,6.207042857614634,NR4A3,GO_Biological_Process_2023
GO_Biological_Process_2023,Positive Regulation Of Cartilage Development (GO:0061036),1/17,0.2246534536052364,0.6269216086575488,0,0,4.156883445945946,6.207042857614634,ZBTB16,GO_Biological_Process_2023
GO_Biological_Process_2023,Sensory Perception Of Taste (GO:0050909),1/17,0.2246534536052364,0.6269216086575488,0,0,4.156883445945946,6.207042857614634,ITPR3,GO_Biological_Process_2023
GO_Biological_Process_2023,Positive Regulation Of Fatty Acid Metabolic Process (GO:0045923),1/17,0.2246534536052364,0.6269216086575488,0,0,4.156883445945946,6.207042857614634,NR4A3,GO_Biological_Process_2023
GO_Biological_Process_2023,Extracellular Matrix Assembly (GO:0085029),1/17,0.2246534536052364,0.6269216086575488,0,0,4.156883445945946,6.207042857614634,PXDN,GO_Biological_Process_2023
GO_Biological_Process_2023,Positive Regulation Of Leukocyte Proliferation (GO:0070665),1/17,0.2246534536052364,0.6269216086575488,0,0,4.156883445945946,6.207042857614634,MAPK1,GO_Biological_Process_2023
GO_Biological_Process_2023,Filopodium Assembly (GO:0046847),1/17,0.2246534536052364,0.6269216086575488,0,0,4.156883445945946,6.207042857614634,FMNL3,GO_Biological_Process_2023
GO_Biological_Process_2023,Transcription By RNA Polymerase I (GO:0006360),1/17,0.2246534536052364,0.6269216086575488,0,0,4.156883445945946,6.207042857614634,NKX2-1,GO_Biological_Process_2023
GO_Biological_Process_2023,Transepithelial Transport (GO:0070633),1/17,0.2246534536052364,0.6269216086575488,0,0,4.156883445945946,6.207042857614634,SLC26A6,GO_Biological_Process_2023
GO_Biological_Process_2023,Positive Regulation Of Peptidyl-Lysine Acetylation (GO:2000758),1/17,0.2246534536052364,0.6269216086575488,0,0,4.156883445945946,6.207042857614634,BAZ1B,GO_Biological_Process_2023
GO_Biological_Process_2023,Positive Regulation Of Potassium Ion Transmembrane Transport (GO:1901381),1/17,0.2246534536052364,0.6269216086575488,0,0,4.156883445945946,6.207042857614634,FLNA,GO_Biological_Process_2023
GO_Biological_Process_2023,Positive Regulation Of Regulatory T Cell Differentiation (GO:0045591),1/17,0.2246534536052364,0.6269216086575488,0,0,4.156883445945946,6.207042857614634,VSIR,GO_Biological_Process_2023
GO_Biological_Process_2023,Intracellular Zinc Ion Homeostasis (GO:0006882),1/17,0.2246534536052364,0.6269216086575488,0,0,4.156883445945946,6.207042857614634,MT3,GO_Biological_Process_2023
GO_Biological_Process_2023,Positive Regulation Of Transcription From RNA Polymerase II Promoter In Response To Stress (GO:0036003),1/17,0.2246534536052364,0.6269216086575488,0,0,4.156883445945946,6.207042857614634,CREB3L1,GO_Biological_Process_2023
GO_Biological_Process_2023,Prostaglandin Biosynthetic Process (GO:0001516),1/17,0.2246534536052364,0.6269216086575488,0,0,4.156883445945946,6.207042857614634,PTGS2,GO_Biological_Process_2023
GO_Biological_Process_2023,Megakaryocyte Differentiation (GO:0030219),1/17,0.2246534536052364,0.6269216086575488,0,0,4.156883445945946,6.207042857614634,FLNA,GO_Biological_Process_2023
GO_Biological_Process_2023,Purine-Containing Compound Biosynthetic Process (GO:0072522),1/17,0.2246534536052364,0.6269216086575488,0,0,4.156883445945946,6.207042857614634,SLC4A7,GO_Biological_Process_2023
GO_Biological_Process_2023,Regulation Of Adenylate Cyclase Activity (GO:0045761),1/17,0.2246534536052364,0.6269216086575488,0,0,4.156883445945946,6.207042857614634,CACNA1D,GO_Biological_Process_2023
GO_Biological_Process_2023,Regulation Of Aerobic Respiration (GO:1903715),1/17,0.2246534536052364,0.6269216086575488,0,0,4.156883445945946,6.207042857614634,COX7A1,GO_Biological_Process_2023
GO_Biological_Process_2023,Regulation Of Brown Fat Cell Differentiation (GO:0090335),1/17,0.2246534536052364,0.6269216086575488,0,0,4.156883445945946,6.207042857614634,PTGS2,GO_Biological_Process_2023
GO_Biological_Process_2023,Regulation Of Cartilage Development (GO:0061035),1/17,0.2246534536052364,0.6269216086575488,0,0,4.156883445945946,6.207042857614634,ZBTB16,GO_Biological_Process_2023
GO_Biological_Process_2023,Negative Regulation Of Intrinsic Apoptotic Signaling Pathway (GO:2001243),2/61,0.2293301730810291,0.6269216086575488,0,0,2.257282390117782,3.32405714060122,URI1;CREB3L1,GO_Biological_Process_2023
GO_Biological_Process_2023,Calcium Ion Transport (GO:0006816),3/112,0.232164439255826,0.6269216086575488,0,0,1.8343006927541656,2.67864648626202,CACNA1D;FYN;ATP2C2,GO_Biological_Process_2023
GO_Biological_Process_2023,Spliceosomal Complex Assembly (GO:0000245),2/62,0.2348193857890836,0.6269216086575488,0,0,2.21954802259887,3.215988874302972,SRPK3;SNRPF,GO_Biological_Process_2023
GO_Biological_Process_2023,Fat Cell Differentiation (GO:0045444),2/62,0.2348193857890836,0.6269216086575488,0,0,2.21954802259887,3.215988874302972,MKKS;NR4A3,GO_Biological_Process_2023
GO_Biological_Process_2023,Regulation Of Collagen Biosynthetic Process (GO:0032965),1/18,0.2361771283788427,0.6269216086575488,0,0,3.9121621621621614,5.64592763145937,CREB3L1,GO_Biological_Process_2023
GO_Biological_Process_2023,Regulation Of Defense Response To Virus (GO:0050688),1/18,0.2361771283788427,0.6269216086575488,0,0,3.9121621621621614,5.64592763145937,PPM1B,GO_Biological_Process_2023
GO_Biological_Process_2023,Regulation Of Epidermal Cell Differentiation (GO:0045604),1/18,0.2361771283788427,0.6269216086575488,0,0,3.9121621621621614,5.64592763145937,SGPP1,GO_Biological_Process_2023
GO_Biological_Process_2023,Adrenergic Receptor Signaling Pathway (GO:0071875),1/18,0.2361771283788427,0.6269216086575488,0,0,3.9121621621621614,5.64592763145937,ADRA2C,GO_Biological_Process_2023
GO_Biological_Process_2023,Regulation Of Nervous System Process (GO:0031644),1/18,0.2361771283788427,0.6269216086575488,0,0,3.9121621621621614,5.64592763145937,NPTX2,GO_Biological_Process_2023
GO_Biological_Process_2023,Regulation Of Oxidative Stress-Induced Intrinsic Apoptotic Signaling Pathway (GO:1902175),1/18,0.2361771283788427,0.6269216086575488,0,0,3.9121621621621614,5.64592763145937,UBQLN1,GO_Biological_Process_2023
GO_Biological_Process_2023,Cardiac Muscle Cell Contraction (GO:0086003),1/18,0.2361771283788427,0.6269216086575488,0,0,3.9121621621621614,5.64592763145937,CACNA1D,GO_Biological_Process_2023
GO_Biological_Process_2023,Regulation Of Protein Neddylation (GO:2000434),1/18,0.2361771283788427,0.6269216086575488,0,0,3.9121621621621614,5.64592763145937,COPS9,GO_Biological_Process_2023
GO_Biological_Process_2023,Regulation Of Synaptic Vesicle Exocytosis (GO:2000300),1/18,0.2361771283788427,0.6269216086575488,0,0,3.9121621621621614,5.64592763145937,RAP1B,GO_Biological_Process_2023
GO_Biological_Process_2023,Regulation Of Vascular Endothelial Cell Proliferation (GO:1905562),1/18,0.2361771283788427,0.6269216086575488,0,0,3.9121621621621614,5.64592763145937,PLCG1,GO_Biological_Process_2023
GO_Biological_Process_2023,Response To Ethanol (GO:0045471),1/18,0.2361771283788427,0.6269216086575488,0,0,3.9121621621621614,5.64592763145937,OPRM1,GO_Biological_Process_2023
GO_Biological_Process_2023,Positive Regulation Of Cation Transmembrane Transport (GO:1904064),1/18,0.2361771283788427,0.6269216086575488,0,0,3.9121621621621614,5.64592763145937,FLNA,GO_Biological_Process_2023
GO_Biological_Process_2023,Energy Reserve Metabolic Process (GO:0006112),1/18,0.2361771283788427,0.6269216086575488,0,0,3.9121621621621614,5.64592763145937,MT3,GO_Biological_Process_2023
GO_Biological_Process_2023,Positive Regulation Of Macrophage Migration (GO:1905523),1/18,0.2361771283788427,0.6269216086575488,0,0,3.9121621621621614,5.64592763145937,MAPK1,GO_Biological_Process_2023
GO_Biological_Process_2023,Vesicle Transport Along Actin Filament (GO:0030050),1/18,0.2361771283788427,0.6269216086575488,0,0,3.9121621621621614,5.64592763145937,MYO1E,GO_Biological_Process_2023
GO_Biological_Process_2023,Intracellular Lipid Transport (GO:0032365),1/18,0.2361771283788427,0.6269216086575488,0,0,3.9121621621621614,5.64592763145937,SGPP1,GO_Biological_Process_2023
GO_Biological_Process_2023,Protein Autoprocessing (GO:0016540),1/18,0.2361771283788427,0.6269216086575488,0,0,3.9121621621621614,5.64592763145937,F12,GO_Biological_Process_2023
GO_Biological_Process_2023,Maintenance Of Protein Localization In Organelle (GO:0072595),1/18,0.2361771283788427,0.6269216086575488,0,0,3.9121621621621614,5.64592763145937,KDELR2,GO_Biological_Process_2023
GO_Biological_Process_2023,Protein Import Into Mitochondrial Matrix (GO:0030150),1/18,0.2361771283788427,0.6269216086575488,0,0,3.9121621621621614,5.64592763145937,ROMO1,GO_Biological_Process_2023
GO_Biological_Process_2023,"Protein Localization To Chromosome, Centromeric Region (GO:0071459)",1/18,0.2361771283788427,0.6269216086575488,0,0,3.9121621621621614,5.64592763145937,BOD1,GO_Biological_Process_2023
GO_Biological_Process_2023,Myoblast Fusion (GO:0007520),1/18,0.2361771283788427,0.6269216086575488,0,0,3.9121621621621614,5.64592763145937,DOCK5,GO_Biological_Process_2023
GO_Biological_Process_2023,Regulation Of cAMP-mediated Signaling (GO:0043949),1/18,0.2361771283788427,0.6269216086575488,0,0,3.9121621621621614,5.64592763145937,PDE3A,GO_Biological_Process_2023
GO_Biological_Process_2023,Regulation Of Cell Cycle G2/M Phase Transition (GO:1902749),1/18,0.2361771283788427,0.6269216086575488,0,0,3.9121621621621614,5.64592763145937,CDKN1A,GO_Biological_Process_2023
GO_Biological_Process_2023,Regulation Of Cytoskeleton Organization (GO:0051493),3/114,0.2400440704821063,0.6269216086575488,0,0,1.8010663724949438,2.5700005837116646,MAPK1;F11R;HRAS,GO_Biological_Process_2023
GO_Biological_Process_2023,Oxidative Phosphorylation (GO:0006119),2/63,0.2403160365514063,0.6269216086575488,0,0,2.183050847457627,3.1125947779035754,NDUFS6;NDUFB1,GO_Biological_Process_2023
GO_Biological_Process_2023,Regulation Of Early Endosome To Late Endosome Transport (GO:2000641),1/19,0.24753009920291,0.6269216086575488,0,0,3.694632132132132,5.15853069720956,MAPK1,GO_Biological_Process_2023
GO_Biological_Process_2023,Regulation Of Fibroblast Growth Factor Receptor Signaling Pathway (GO:0040036),1/19,0.24753009920291,0.6269216086575488,0,0,3.694632132132132,5.15853069720956,CREB3L1,GO_Biological_Process_2023
GO_Biological_Process_2023,Regulation Of Granulocyte Chemotaxis (GO:0071622),1/19,0.24753009920291,0.6269216086575488,0,0,3.694632132132132,5.15853069720956,MAPK1,GO_Biological_Process_2023
GO_Biological_Process_2023,Regulation Of Insulin-Like Growth Factor Receptor Signaling Pathway (GO:0043567),1/19,0.24753009920291,0.6269216086575488,0,0,3.694632132132132,5.15853069720956,IGFBP2,GO_Biological_Process_2023
GO_Biological_Process_2023,Regulation Of Integrin-Mediated Signaling Pathway (GO:2001044),1/19,0.24753009920291,0.6269216086575488,0,0,3.694632132132132,5.15853069720956,FLNA,GO_Biological_Process_2023
GO_Biological_Process_2023,Regulation Of Neuroinflammatory Response (GO:0150077),1/19,0.24753009920291,0.6269216086575488,0,0,3.694632132132132,5.15853069720956,PTGS2,GO_Biological_Process_2023
GO_Biological_Process_2023,Nucleotide Biosynthetic Process (GO:0009165),1/19,0.24753009920291,0.6269216086575488,0,0,3.694632132132132,5.15853069720956,SLC4A7,GO_Biological_Process_2023
GO_Biological_Process_2023,Cardiac Ventricle Development (GO:0003231),1/19,0.24753009920291,0.6269216086575488,0,0,3.694632132132132,5.15853069720956,TMEM65,GO_Biological_Process_2023
GO_Biological_Process_2023,Phosphatidylcholine Biosynthetic Process (GO:0006656),1/19,0.24753009920291,0.6269216086575488,0,0,3.694632132132132,5.15853069720956,CHKA,GO_Biological_Process_2023
GO_Biological_Process_2023,Cellular Response To Catecholamine Stimulus (GO:0071870),1/19,0.24753009920291,0.6269216086575488,0,0,3.694632132132132,5.15853069720956,NR4A3,GO_Biological_Process_2023
GO_Biological_Process_2023,Cellular Response To Lectin (GO:1990858),1/19,0.24753009920291,0.6269216086575488,0,0,3.694632132132132,5.15853069720956,FYN,GO_Biological_Process_2023
GO_Biological_Process_2023,Regulation Of Vascular Endothelial Growth Factor Signaling Pathway (GO:1900746),1/19,0.24753009920291,0.6269216086575488,0,0,3.694632132132132,5.15853069720956,SEMA6A,GO_Biological_Process_2023
GO_Biological_Process_2023,Positive Regulation Of Activated T Cell Proliferation (GO:0042104),1/19,0.24753009920291,0.6269216086575488,0,0,3.694632132132132,5.15853069720956,IGFBP2,GO_Biological_Process_2023
GO_Biological_Process_2023,Cortical Actin Cytoskeleton Organization (GO:0030866),1/19,0.24753009920291,0.6269216086575488,0,0,3.694632132132132,5.15853069720956,FMNL3,GO_Biological_Process_2023
GO_Biological_Process_2023,Positive Regulation Of Axon Extension (GO:0045773),1/19,0.24753009920291,0.6269216086575488,0,0,3.694632132132132,5.15853069720956,ISLR2,GO_Biological_Process_2023
GO_Biological_Process_2023,Sphingosine Metabolic Process (GO:0006670),1/19,0.24753009920291,0.6269216086575488,0,0,3.694632132132132,5.15853069720956,SGPP1,GO_Biological_Process_2023
GO_Biological_Process_2023,Stimulatory C-type Lectin Receptor Signaling Pathway (GO:0002223),1/19,0.24753009920291,0.6269216086575488,0,0,3.694632132132132,5.15853069720956,FYN,GO_Biological_Process_2023
GO_Biological_Process_2023,Fluid Transport (GO:0042044),1/19,0.24753009920291,0.6269216086575488,0,0,3.694632132132132,5.15853069720956,SLC26A6,GO_Biological_Process_2023
GO_Biological_Process_2023,Receptor Clustering (GO:0043113),1/19,0.24753009920291,0.6269216086575488,0,0,3.694632132132132,5.15853069720956,FLNA,GO_Biological_Process_2023
GO_Biological_Process_2023,Regulation Of Acute Inflammatory Response (GO:0002673),1/19,0.24753009920291,0.6269216086575488,0,0,3.694632132132132,5.15853069720956,F12,GO_Biological_Process_2023
GO_Biological_Process_2023,Negative Regulation Of Axon Extension Involved In Axon Guidance (GO:0048843),1/19,0.24753009920291,0.6269216086575488,0,0,3.694632132132132,5.15853069720956,SEMA6A,GO_Biological_Process_2023
GO_Biological_Process_2023,Negative Regulation Of Cyclin-Dependent Protein Serine/Threonine Kinase Activity (GO:0045736),1/19,0.24753009920291,0.6269216086575488,0,0,3.694632132132132,5.15853069720956,CDKN1A,GO_Biological_Process_2023
GO_Biological_Process_2023,Metal Ion Transport (GO:0030001),4/171,0.2496725688505386,0.6269216086575488,0,0,1.5970243812715863,2.216038927391128,KCNG1;CACNA1D;FYN;SLC9B2,GO_Biological_Process_2023
GO_Biological_Process_2023,Antimicrobial Humoral Immune Response Mediated By Antimicrobial Peptide (GO:0061844),2/65,0.251325988957145,0.6269216086575488,0,0,2.113532418617164,2.918797615569803,H2BC21;ROMO1,GO_Biological_Process_2023
GO_Biological_Process_2023,Generation Of Neurons (GO:0048699),4/172,0.2529073254048609,0.6269216086575488,0,0,1.5874370225906065,2.1823007271005093,CTF1;IRX5;INSM2;WNT9A,GO_Biological_Process_2023
GO_Biological_Process_2023,Neuron Differentiation (GO:0030182),4/173,0.2561508549285335,0.6269216086575488,0,0,1.577963123775673,2.149167992505834,CTF1;IRX5;INSM2;WNT9A,GO_Biological_Process_2023
GO_Biological_Process_2023,Negative Regulation Of Endopeptidase Activity (GO:0010951),2/66,0.2568365591298232,0.6269216086575488,0,0,2.080402542372881,2.827923116447534,SERPINA9;MT3,GO_Biological_Process_2023
GO_Biological_Process_2023,Negative Regulation Of Immune Response (GO:0050777),2/66,0.2568365591298232,0.6269216086575488,0,0,2.080402542372881,2.827923116447534,FYN;PLCG1,GO_Biological_Process_2023
GO_Biological_Process_2023,DNA Methylation (GO:0006306),1/20,0.2587148864025256,0.6269216086575488,0,0,3.5,4.732100269175356,FOS,GO_Biological_Process_2023
GO_Biological_Process_2023,DNA Unwinding Involved In DNA Replication (GO:0006268),1/20,0.2587148864025256,0.6269216086575488,0,0,3.5,4.732100269175356,CDC45,GO_Biological_Process_2023
GO_Biological_Process_2023,Fc-gamma Receptor Signaling Pathway Involved In Phagocytosis (GO:0038096),1/20,0.2587148864025256,0.6269216086575488,0,0,3.5,4.732100269175356,FYN,GO_Biological_Process_2023
GO_Biological_Process_2023,Negative Regulation Of Phosphate Metabolic Process (GO:0045936),1/20,0.2587148864025256,0.6269216086575488,0,0,3.5,4.732100269175356,CDKN1A,GO_Biological_Process_2023
GO_Biological_Process_2023,Negative Regulation Of Phosphoprotein Phosphatase Activity (GO:0032515),1/20,0.2587148864025256,0.6269216086575488,0,0,3.5,4.732100269175356,STYXL1,GO_Biological_Process_2023
GO_Biological_Process_2023,Actin Filament-Based Transport (GO:0099515),1/20,0.2587148864025256,0.6269216086575488,0,0,3.5,4.732100269175356,MYO1E,GO_Biological_Process_2023
GO_Biological_Process_2023,Activation Of Adenylate Cyclase Activity (GO:0007190),1/20,0.2587148864025256,0.6269216086575488,0,0,3.5,4.732100269175356,CALCR,GO_Biological_Process_2023
GO_Biological_Process_2023,Regulation Of Macrophage Chemotaxis (GO:0010758),1/20,0.2587148864025256,0.6269216086575488,0,0,3.5,4.732100269175356,MAPK1,GO_Biological_Process_2023
GO_Biological_Process_2023,Ameboidal-Type Cell Migration (GO:0001667),1/20,0.2587148864025256,0.6269216086575488,0,0,3.5,4.732100269175356,NANOS1,GO_Biological_Process_2023
GO_Biological_Process_2023,Regulation Of Mitotic Spindle Assembly (GO:1901673),1/20,0.2587148864025256,0.6269216086575488,0,0,3.5,4.732100269175356,HSPA1B,GO_Biological_Process_2023
GO_Biological_Process_2023,Cellular Response To Copper Ion (GO:0071280),1/20,0.2587148864025256,0.6269216086575488,0,0,3.5,4.732100269175356,MT3,GO_Biological_Process_2023
GO_Biological_Process_2023,Sensory Perception Of Pain (GO:0019233),1/20,0.2587148864025256,0.6269216086575488,0,0,3.5,4.732100269175356,OPRM1,GO_Biological_Process_2023
GO_Biological_Process_2023,Endothelial Cell Development (GO:0001885),1/20,0.2587148864025256,0.6269216086575488,0,0,3.5,4.732100269175356,RAP1B,GO_Biological_Process_2023
GO_Biological_Process_2023,Stress-Activated Protein Kinase Signaling Cascade (GO:0031098),1/20,0.2587148864025256,0.6269216086575488,0,0,3.5,4.732100269175356,MAPK1,GO_Biological_Process_2023
GO_Biological_Process_2023,Glutamate Metabolic Process (GO:0006536),1/20,0.2587148864025256,0.6269216086575488,0,0,3.5,4.732100269175356,GLUD1,GO_Biological_Process_2023
GO_Biological_Process_2023,Positive Regulation Of Phospholipase Activity (GO:0010518),1/20,0.2587148864025256,0.6269216086575488,0,0,3.5,4.732100269175356,HRAS,GO_Biological_Process_2023
GO_Biological_Process_2023,Hydrogen Peroxide Catabolic Process (GO:0042744),1/20,0.2587148864025256,0.6269216086575488,0,0,3.5,4.732100269175356,PXDN,GO_Biological_Process_2023
GO_Biological_Process_2023,Positive Regulation Of Protein Processing (GO:0010954),1/20,0.2587148864025256,0.6269216086575488,0,0,3.5,4.732100269175356,F12,GO_Biological_Process_2023
GO_Biological_Process_2023,Intracellular Monoatomic Ion Homeostasis (GO:0006873),1/20,0.2587148864025256,0.6269216086575488,0,0,3.5,4.732100269175356,MT3,GO_Biological_Process_2023
GO_Biological_Process_2023,Leukotriene Metabolic Process (GO:0006691),1/20,0.2587148864025256,0.6269216086575488,0,0,3.5,4.732100269175356,PTGR1,GO_Biological_Process_2023
GO_Biological_Process_2023,Mesoderm Formation (GO:0001707),1/20,0.2587148864025256,0.6269216086575488,0,0,3.5,4.732100269175356,TBX19,GO_Biological_Process_2023
GO_Biological_Process_2023,Regulation Of Calcium Ion Transmembrane Transport (GO:1903169),1/20,0.2587148864025256,0.6269216086575488,0,0,3.5,4.732100269175356,FYN,GO_Biological_Process_2023
GO_Biological_Process_2023,Negative Regulation Of Cyclin-Dependent Protein Kinase Activity (GO:1904030),1/20,0.2587148864025256,0.6269216086575488,0,0,3.5,4.732100269175356,CDKN1A,GO_Biological_Process_2023
GO_Biological_Process_2023,Neuropeptide Signaling Pathway (GO:0007218),2/68,0.2678623502589553,0.6387940689277211,0,0,2.017154596815614,2.6571615401508475,CYSLTR2;OPRM1,GO_Biological_Process_2023
GO_Biological_Process_2023,DNA Replication Initiation (GO:0006270),1/21,0.2697339730991777,0.6387940689277211,0,0,3.324831081081081,4.356589638274103,CDC45,GO_Biological_Process_2023
GO_Biological_Process_2023,Negative Regulation Of Reactive Oxygen Species Metabolic Process (GO:2000378),1/21,0.2697339730991777,0.6387940689277211,0,0,3.324831081081081,4.356589638274103,MT3,GO_Biological_Process_2023
GO_Biological_Process_2023,Peptide Catabolic Process (GO:0043171),1/21,0.2697339730991777,0.6387940689277211,0,0,3.324831081081081,4.356589638274103,LNPEP,GO_Biological_Process_2023
GO_Biological_Process_2023,Positive Regulation Of Blood Coagulation (GO:0030194),1/21,0.2697339730991777,0.6387940689277211,0,0,3.324831081081081,4.356589638274103,F12,GO_Biological_Process_2023
GO_Biological_Process_2023,Sulfur Compound Transport (GO:0072348),1/21,0.2697339730991777,0.6387940689277211,0,0,3.324831081081081,4.356589638274103,SLC26A6,GO_Biological_Process_2023
GO_Biological_Process_2023,Innate Immune Response In Mucosa (GO:0002227),1/21,0.2697339730991777,0.6387940689277211,0,0,3.324831081081081,4.356589638274103,H2BC21,GO_Biological_Process_2023
GO_Biological_Process_2023,Positive Regulation Of Translational Initiation (GO:0045948),1/21,0.2697339730991777,0.6387940689277211,0,0,3.324831081081081,4.356589638274103,HABP4,GO_Biological_Process_2023
GO_Biological_Process_2023,"Maturation Of 5.8S rRNA From Tricistronic rRNA Transcript (SSU-rRNA, 5.8S rRNA, LSU-rRNA) (GO:0000466)",1/21,0.2697339730991777,0.6387940689277211,0,0,3.324831081081081,4.356589638274103,RPS21,GO_Biological_Process_2023
GO_Biological_Process_2023,Purine Nucleotide Biosynthetic Process (GO:0006164),1/21,0.2697339730991777,0.6387940689277211,0,0,3.324831081081081,4.356589638274103,SLC4A7,GO_Biological_Process_2023
GO_Biological_Process_2023,Negative Regulation Of GTPase Activity (GO:0034260),1/21,0.2697339730991777,0.6387940689277211,0,0,3.324831081081081,4.356589638274103,HRAS,GO_Biological_Process_2023
GO_Biological_Process_2023,Regulation Of Cardiac Conduction (GO:1903779),1/21,0.2697339730991777,0.6387940689277211,0,0,3.324831081081081,4.356589638274103,TMEM65,GO_Biological_Process_2023
GO_Biological_Process_2023,Regulation Of Cell-Substrate Junction Assembly (GO:0090109),1/21,0.2697339730991777,0.6387940689277211,0,0,3.324831081081081,4.356589638274103,FYN,GO_Biological_Process_2023
GO_Biological_Process_2023,Regulation Of Endopeptidase Activity (GO:0052548),2/69,0.2733750694744824,0.6420916807420026,0,0,1.9869466228181127,2.5768920291719493,SERPINA9;VSIR,GO_Biological_Process_2023
GO_Biological_Process_2023,Regulation Of Monoatomic Ion Transmembrane Transporter Activity (GO:0032412),2/69,0.2733750694744824,0.6420916807420026,0,0,1.9869466228181127,2.5768920291719493,CACNA1D;OPRM1,GO_Biological_Process_2023
GO_Biological_Process_2023,Positive Regulation Of ERK1 And ERK2 Cascade (GO:0070374),4/179,0.2757788673430082,0.6420916807420026,0,0,1.5233934666016578,1.9623683424732927,CALCR;OPRM1;MT3;HRAS,GO_Biological_Process_2023
GO_Biological_Process_2023,Negative Regulation Of Extrinsic Apoptotic Signaling Pathway (GO:2001237),2/70,0.278886064062495,0.6420916807420026,0,0,1.957627118644068,2.4997957726007307,EYA1;HSPA1B,GO_Biological_Process_2023
GO_Biological_Process_2023,Regulation Of Actin Filament-Based Process (GO:0032970),2/70,0.278886064062495,0.6420916807420026,0,0,1.957627118644068,2.4997957726007307,F11R;HRAS,GO_Biological_Process_2023
GO_Biological_Process_2023,Negative Regulation Of Growth (GO:0045926),3/124,0.2800151493878979,0.6420916807420026,0,0,1.6513745994265474,2.10205383784491,CDKN1A;MT3;HSPA1B,GO_Biological_Process_2023
GO_Biological_Process_2023,Neuron Projection Guidance (GO:0097485),3/124,0.2800151493878979,0.6420916807420026,0,0,1.6513745994265474,2.10205383784491,SEMA6A;EPHA10;FYN,GO_Biological_Process_2023
GO_Biological_Process_2023,NAD Metabolic Process (GO:0019674),1/22,0.2805898059543165,0.6420916807420026,0,0,3.1663449163449164,4.023985664453448,NADK2,GO_Biological_Process_2023
GO_Biological_Process_2023,Negative Regulation Of Myeloid Cell Differentiation (GO:0045638),1/22,0.2805898059543165,0.6420916807420026,0,0,3.1663449163449164,4.023985664453448,ZBTB16,GO_Biological_Process_2023
GO_Biological_Process_2023,Regulation Of Histone Acetylation (GO:0035065),1/22,0.2805898059543165,0.6420916807420026,0,0,3.1663449163449164,4.023985664453448,BAZ1B,GO_Biological_Process_2023
GO_Biological_Process_2023,Regulation Of Mononuclear Cell Migration (GO:0071675),1/22,0.2805898059543165,0.6420916807420026,0,0,3.1663449163449164,4.023985664453448,MAPK1,GO_Biological_Process_2023
GO_Biological_Process_2023,Oxoacid Metabolic Process (GO:0043436),1/22,0.2805898059543165,0.6420916807420026,0,0,3.1663449163449164,4.023985664453448,LIPT2,GO_Biological_Process_2023
GO_Biological_Process_2023,Regulation Of Regulatory T Cell Differentiation (GO:0045589),1/22,0.2805898059543165,0.6420916807420026,0,0,3.1663449163449164,4.023985664453448,VSIR,GO_Biological_Process_2023
GO_Biological_Process_2023,Regulation Of Telomere Capping (GO:1904353),1/22,0.2805898059543165,0.6420916807420026,0,0,3.1663449163449164,4.023985664453448,MAPK1,GO_Biological_Process_2023
GO_Biological_Process_2023,Regulation Of Vascular Endothelial Growth Factor Receptor Signaling Pathway (GO:0030947),1/22,0.2805898059543165,0.6420916807420026,0,0,3.1663449163449164,4.023985664453448,MT3,GO_Biological_Process_2023
GO_Biological_Process_2023,Response To Gamma Radiation (GO:0010332),1/22,0.2805898059543165,0.6420916807420026,0,0,3.1663449163449164,4.023985664453448,HRAS,GO_Biological_Process_2023
GO_Biological_Process_2023,Inositol Phosphate Metabolic Process (GO:0043647),1/22,0.2805898059543165,0.6420916807420026,0,0,3.1663449163449164,4.023985664453448,NUDT3,GO_Biological_Process_2023
GO_Biological_Process_2023,Mitochondrial Cytochrome C Oxidase Assembly (GO:0033617),1/22,0.2805898059543165,0.6420916807420026,0,0,3.1663449163449164,4.023985664453448,PET117,GO_Biological_Process_2023
GO_Biological_Process_2023,Negative Regulation Of Axonogenesis (GO:0050771),1/22,0.2805898059543165,0.6420916807420026,0,0,3.1663449163449164,4.023985664453448,MT3,GO_Biological_Process_2023
GO_Biological_Process_2023,Regulation Of Catabolic Process (GO:0009894),1/22,0.2805898059543165,0.6420916807420026,0,0,3.1663449163449164,4.023985664453448,ODC1,GO_Biological_Process_2023
GO_Biological_Process_2023,Negative Regulation Of Cell Growth (GO:0030308),3/125,0.2840513805984762,0.6437678624819535,0,0,1.6377551020408163,2.0612788000334348,CDKN1A;MT3;HSPA1B,GO_Biological_Process_2023
GO_Biological_Process_2023,Regulation Of Hydrolase Activity (GO:0051336),2/71,0.2843941733128248,0.6437678624819535,0,0,1.92915745517072,2.425711142127528,PPP1R17;ADAP2,GO_Biological_Process_2023
GO_Biological_Process_2023,Negative Regulation Of Protein Binding (GO:0032091),2/71,0.2843941733128248,0.6437678624819535,0,0,1.92915745517072,2.425711142127528,CDKN1A;IFIT1,GO_Biological_Process_2023
GO_Biological_Process_2023,Positive Regulation Of Cell-Substrate Adhesion (GO:0010811),2/71,0.2843941733128248,0.6437678624819535,0,0,1.92915745517072,2.425711142127528,DOCK5;FLNA,GO_Biological_Process_2023
GO_Biological_Process_2023,Response To Ionizing Radiation (GO:0010212),2/72,0.2898982710607514,0.6437678624819535,0,0,1.901501210653753,2.3544867301502697,CDKN1A;EYA1,GO_Biological_Process_2023
GO_Biological_Process_2023,Second-Messenger-Mediated Signaling (GO:0019932),2/72,0.2898982710607514,0.6437678624819535,0,0,1.901501210653753,2.3544867301502697,CNKSR2;PLCG1,GO_Biological_Process_2023
GO_Biological_Process_2023,Transforming Growth Factor Beta Receptor Signaling Pathway (GO:0007179),2/72,0.2898982710607514,0.6437678624819535,0,0,1.901501210653753,2.3544867301502697,ZFYVE9;FOS,GO_Biological_Process_2023
GO_Biological_Process_2023,Negative Regulation Of Epidermal Growth Factor Receptor Signaling Pathway (GO:0042059),1/23,0.2912847955518935,0.6437678624819535,0,0,3.0222665847665846,3.727826238446421,SOCS5,GO_Biological_Process_2023
GO_Biological_Process_2023,Negative Regulation Of Neuron Differentiation (GO:0045665),1/23,0.2912847955518935,0.6437678624819535,0,0,3.0222665847665846,3.727826238446421,DTX1,GO_Biological_Process_2023
GO_Biological_Process_2023,Negative Regulation Of Oxidative Stress-Induced Cell Death (GO:1903202),1/23,0.2912847955518935,0.6437678624819535,0,0,3.0222665847665846,3.727826238446421,FYN,GO_Biological_Process_2023
GO_Biological_Process_2023,U2-type Prespliceosome Assembly (GO:1903241),1/23,0.2912847955518935,0.6437678624819535,0,0,3.0222665847665846,3.727826238446421,SNRPF,GO_Biological_Process_2023
GO_Biological_Process_2023,Negative Regulation Of Protein Depolymerization (GO:1901880),1/23,0.2912847955518935,0.6437678624819535,0,0,3.0222665847665846,3.727826238446421,PLEKHH2,GO_Biological_Process_2023
GO_Biological_Process_2023,Negative Regulation Of Protein Tyrosine Kinase Activity (GO:0061099),1/23,0.2912847955518935,0.6437678624819535,0,0,3.0222665847665846,3.727826238446421,SOCS5,GO_Biological_Process_2023
GO_Biological_Process_2023,"Regulation Of Nuclear-Transcribed mRNA Catabolic Process, Deadenylation-Dependent Decay (GO:1900151)",1/23,0.2912847955518935,0.6437678624819535,0,0,3.0222665847665846,3.727826238446421,NANOS1,GO_Biological_Process_2023
GO_Biological_Process_2023,Endocrine System Development (GO:0035270),1/23,0.2912847955518935,0.6437678624819535,0,0,3.0222665847665846,3.727826238446421,NKX2-1,GO_Biological_Process_2023
GO_Biological_Process_2023,Positive Regulation Of Epithelial Cell Apoptotic Process (GO:1904037),1/23,0.2912847955518935,0.6437678624819535,0,0,3.0222665847665846,3.727826238446421,PLCG1,GO_Biological_Process_2023
GO_Biological_Process_2023,Zinc Ion Transport (GO:0006829),1/23,0.2912847955518935,0.6437678624819535,0,0,3.0222665847665846,3.727826238446421,MT3,GO_Biological_Process_2023
GO_Biological_Process_2023,Protein Localization To Cell Junction (GO:1902414),1/23,0.2912847955518935,0.6437678624819535,0,0,3.0222665847665846,3.727826238446421,CGNL1,GO_Biological_Process_2023
GO_Biological_Process_2023,Negative Regulation Of Actin Filament Polymerization (GO:0030837),1/23,0.2912847955518935,0.6437678624819535,0,0,3.0222665847665846,3.727826238446421,CYRIB,GO_Biological_Process_2023
GO_Biological_Process_2023,Regulation Of Axon Extension Involved In Axon Guidance (GO:0048841),1/23,0.2912847955518935,0.6437678624819535,0,0,3.0222665847665846,3.727826238446421,SEMA6A,GO_Biological_Process_2023
GO_Biological_Process_2023,Regulation Of Cardiac Muscle Hypertrophy (GO:0010611),1/23,0.2912847955518935,0.6437678624819535,0,0,3.0222665847665846,3.727826238446421,NR4A3,GO_Biological_Process_2023
GO_Biological_Process_2023,Regulation Of ERK1 And ERK2 Cascade (GO:0070372),5/244,0.2970272722262262,0.6542676155344018,0,0,1.394509084656388,1.6928382521006402,SEMA6A;CALCR;OPRM1;HRAS;MT3,GO_Biological_Process_2023
GO_Biological_Process_2023,Regulation Of Endoplasmic Reticulum Stress-Induced Intrinsic Apoptotic Signaling Pathway (GO:1902235),1/24,0.3018213171146172,0.6542676155344018,0,0,2.890716803760282,3.462847768105973,CREB3L1,GO_Biological_Process_2023
GO_Biological_Process_2023,Fc-gamma Receptor Signaling Pathway (GO:0038094),1/24,0.3018213171146172,0.6542676155344018,0,0,2.890716803760282,3.462847768105973,FYN,GO_Biological_Process_2023
GO_Biological_Process_2023,Regulation Of Muscle Cell Differentiation (GO:0051147),1/24,0.3018213171146172,0.6542676155344018,0,0,2.890716803760282,3.462847768105973,ZBED6,GO_Biological_Process_2023
GO_Biological_Process_2023,Regulation Of Ruffle Assembly (GO:1900027),1/24,0.3018213171146172,0.6542676155344018,0,0,2.890716803760282,3.462847768105973,HRAS,GO_Biological_Process_2023
GO_Biological_Process_2023,Response To Copper Ion (GO:0046688),1/24,0.3018213171146172,0.6542676155344018,0,0,2.890716803760282,3.462847768105973,MT3,GO_Biological_Process_2023
GO_Biological_Process_2023,Dicarboxylic Acid Transport (GO:0006835),1/24,0.3018213171146172,0.6542676155344018,0,0,2.890716803760282,3.462847768105973,SLC26A6,GO_Biological_Process_2023
GO_Biological_Process_2023,Secondary Alcohol Biosynthetic Process (GO:1902653),1/24,0.3018213171146172,0.6542676155344018,0,0,2.890716803760282,3.462847768105973,TM7SF2,GO_Biological_Process_2023
GO_Biological_Process_2023,Positive Regulation Of Peptidyl-Threonine Phosphorylation (GO:0010800),1/24,0.3018213171146172,0.6542676155344018,0,0,2.890716803760282,3.462847768105973,MAPK1,GO_Biological_Process_2023
GO_Biological_Process_2023,Positive Regulation Of Vascular Endothelial Growth Factor Production (GO:0010575),1/24,0.3018213171146172,0.6542676155344018,0,0,2.890716803760282,3.462847768105973,PTGS2,GO_Biological_Process_2023
GO_Biological_Process_2023,Lipid Translocation (GO:0034204),1/24,0.3018213171146172,0.6542676155344018,0,0,2.890716803760282,3.462847768105973,ATP11C,GO_Biological_Process_2023
GO_Biological_Process_2023,Protein Kinase B Signaling (GO:0043491),1/24,0.3018213171146172,0.6542676155344018,0,0,2.890716803760282,3.462847768105973,MT3,GO_Biological_Process_2023
GO_Biological_Process_2023,Transmembrane Receptor Protein Serine/Threonine Kinase Signaling Pathway (GO:0007178),3/130,0.3042965523027853,0.6585812144734922,0,0,1.5728748192190265,1.871331830255314,ACVR1C;ZFYVE9;FOS,GO_Biological_Process_2023
GO_Biological_Process_2023,Regulation Of Stress Fiber Assembly (GO:0051492),2/75,0.3063757369047144,0.6593270110025723,0,0,1.8230787090782448,2.156598255507547,F11R;CGNL1,GO_Biological_Process_2023
GO_Biological_Process_2023,Phosphorylation (GO:0016310),8/429,0.3067144979140616,0.6593270110025723,0,0,1.2678332196368838,1.4983733984172782,CDK17;ACVR1C;EPHA10;TAF10;MAPK1;FYN;FNIP2;CDK16,GO_Biological_Process_2023
GO_Biological_Process_2023,Negative Regulation Of Response To Endoplasmic Reticulum Stress (GO:1903573),1/25,0.3122017108146386,0.6593270110025723,0,0,2.7701295045045047,3.224723798147461,CREB3L1,GO_Biological_Process_2023
GO_Biological_Process_2023,Regulation Of Platelet Aggregation (GO:0090330),1/25,0.3122017108146386,0.6593270110025723,0,0,2.7701295045045047,3.224723798147461,F11R,GO_Biological_Process_2023
GO_Biological_Process_2023,Peptide Hormone Secretion (GO:0030072),1/25,0.3122017108146386,0.6593270110025723,0,0,2.7701295045045047,3.224723798147461,CDK16,GO_Biological_Process_2023
GO_Biological_Process_2023,Phosphatidylethanolamine Metabolic Process (GO:0046337),1/25,0.3122017108146386,0.6593270110025723,0,0,2.7701295045045047,3.224723798147461,CHKA,GO_Biological_Process_2023
GO_Biological_Process_2023,Cellular Response To Hexose Stimulus (GO:0071331),1/25,0.3122017108146386,0.6593270110025723,0,0,2.7701295045045047,3.224723798147461,SLC26A6,GO_Biological_Process_2023
GO_Biological_Process_2023,Cholesterol Biosynthetic Process (GO:0006695),1/25,0.3122017108146386,0.6593270110025723,0,0,2.7701295045045047,3.224723798147461,TM7SF2,GO_Biological_Process_2023
GO_Biological_Process_2023,Sodium Ion Homeostasis (GO:0055078),1/25,0.3122017108146386,0.6593270110025723,0,0,2.7701295045045047,3.224723798147461,SLC9B2,GO_Biological_Process_2023
GO_Biological_Process_2023,Positive Regulation Of Peptidase Activity (GO:0010952),1/25,0.3122017108146386,0.6593270110025723,0,0,2.7701295045045047,3.224723798147461,VSIR,GO_Biological_Process_2023
GO_Biological_Process_2023,"Wound Healing, Spreading Of Cells (GO:0044319)",1/25,0.3122017108146386,0.6593270110025723,0,0,2.7701295045045047,3.224723798147461,FLNA,GO_Biological_Process_2023
GO_Biological_Process_2023,Purine Ribonucleotide Catabolic Process (GO:0009154),1/25,0.3122017108146386,0.6593270110025723,0,0,2.7701295045045047,3.224723798147461,NUDT3,GO_Biological_Process_2023
GO_Biological_Process_2023,Myotube Differentiation (GO:0014902),1/25,0.3122017108146386,0.6593270110025723,0,0,2.7701295045045047,3.224723798147461,DOCK5,GO_Biological_Process_2023
GO_Biological_Process_2023,Negative Regulation Of TORC1 Signaling (GO:1904262),1/25,0.3122017108146386,0.6593270110025723,0,0,2.7701295045045047,3.224723798147461,SZT2,GO_Biological_Process_2023
GO_Biological_Process_2023,Regulation Of Cell Cycle Phase Transition (GO:1901987),1/25,0.3122017108146386,0.6593270110025723,0,0,2.7701295045045047,3.224723798147461,CDKN1A,GO_Biological_Process_2023
GO_Biological_Process_2023,Circulatory System Development (GO:0072359),3/132,0.3124150833269373,0.6593270110025723,0,0,1.548330960291093,1.8013632006483995,CDKN1A;MKKS;ADAP2,GO_Biological_Process_2023
GO_Biological_Process_2023,Protein Ubiquitination (GO:0016567),8/434,0.3176643481723719,0.6619318669888361,0,0,1.252627645921666,1.436463232308279,BRAP;HACE1;WSB2;RNF19B;DTX1;LNPEP;FANCE;FBXO32,GO_Biological_Process_2023
GO_Biological_Process_2023,Fc Receptor Signaling Pathway (GO:0038093),1/26,0.3224282823691472,0.6619318669888361,0,0,2.659189189189189,3.009868560834495,PLCG1,GO_Biological_Process_2023
GO_Biological_Process_2023,Regulation Of Epidermal Growth Factor-Activated Receptor Activity (GO:0007176),1/26,0.3224282823691472,0.6619318669888361,0,0,2.659189189189189,3.009868560834495,SOCS5,GO_Biological_Process_2023
GO_Biological_Process_2023,Negative Regulation Of Protein Polymerization (GO:0032272),1/26,0.3224282823691472,0.6619318669888361,0,0,2.659189189189189,3.009868560834495,CYRIB,GO_Biological_Process_2023
GO_Biological_Process_2023,Regulation Of Keratinocyte Differentiation (GO:0045616),1/26,0.3224282823691472,0.6619318669888361,0,0,2.659189189189189,3.009868560834495,SGPP1,GO_Biological_Process_2023
GO_Biological_Process_2023,Regulation Of Myeloid Cell Differentiation (GO:0045637),1/26,0.3224282823691472,0.6619318669888361,0,0,2.659189189189189,3.009868560834495,ZBTB16,GO_Biological_Process_2023
GO_Biological_Process_2023,cAMP-mediated Signaling (GO:0019933),1/26,0.3224282823691472,0.6619318669888361,0,0,2.659189189189189,3.009868560834495,PDE3A,GO_Biological_Process_2023
GO_Biological_Process_2023,Regulation Of Transcription By RNA Polymerase III (GO:0006359),1/26,0.3224282823691472,0.6619318669888361,0,0,2.659189189189189,3.009868560834495,BAZ1B,GO_Biological_Process_2023
GO_Biological_Process_2023,Regulation Of Vascular Endothelial Growth Factor Production (GO:0010574),1/26,0.3224282823691472,0.6619318669888361,0,0,2.659189189189189,3.009868560834495,PTGS2,GO_Biological_Process_2023
GO_Biological_Process_2023,Respiratory Chain Complex IV Assembly (GO:0008535),1/26,0.3224282823691472,0.6619318669888361,0,0,2.659189189189189,3.009868560834495,PET117,GO_Biological_Process_2023
GO_Biological_Process_2023,Response To Glucocorticoid (GO:0051384),1/26,0.3224282823691472,0.6619318669888361,0,0,2.659189189189189,3.009868560834495,CALCR,GO_Biological_Process_2023
GO_Biological_Process_2023,Dendritic Spine Organization (GO:0097061),1/26,0.3224282823691472,0.6619318669888361,0,0,2.659189189189189,3.009868560834495,FYN,GO_Biological_Process_2023
GO_Biological_Process_2023,Positive Regulation Of Erythrocyte Differentiation (GO:0045648),1/26,0.3224282823691472,0.6619318669888361,0,0,2.659189189189189,3.009868560834495,HSPA1B,GO_Biological_Process_2023
GO_Biological_Process_2023,Histone H3-K4 Methylation (GO:0051568),1/26,0.3224282823691472,0.6619318669888361,0,0,2.659189189189189,3.009868560834495,BOD1,GO_Biological_Process_2023
GO_Biological_Process_2023,Protein Localization To Cell Surface (GO:0034394),1/26,0.3224282823691472,0.6619318669888361,0,0,2.659189189189189,3.009868560834495,FLNA,GO_Biological_Process_2023
GO_Biological_Process_2023,Mitotic G1 DNA Damage Checkpoint Signaling (GO:0031571),1/26,0.3224282823691472,0.6619318669888361,0,0,2.659189189189189,3.009868560834495,CDKN1A,GO_Biological_Process_2023
GO_Biological_Process_2023,Cellular Response To Metal Ion (GO:0071248),3/135,0.3246026566760504,0.6619318669888361,0,0,1.5129097093382808,1.7022555630757406,MAPK1;FOS;MT3,GO_Biological_Process_2023
GO_Biological_Process_2023,Protein Phosphorylation (GO:0006468),9/500,0.3261259539665914,0.6619318669888361,0,0,1.2227596741344195,1.3700675011768562,CDK17;SRPK3;ACVR1C;EPHA10;TAF10;MAPK1;FYN;FNIP2;CDK16,GO_Biological_Process_2023
GO_Biological_Process_2023,Regulation Of Neuron Differentiation (GO:0045664),2/79,0.3282269593818957,0.6619318669888361,0,0,1.728021131410962,1.9251018732771017,DTX1;ADRA2C,GO_Biological_Process_2023
GO_Biological_Process_2023,Cellular Response To UV (GO:0034644),2/79,0.3282269593818957,0.6619318669888361,0,0,1.728021131410962,1.9251018732771017,CDKN1A;COPS9,GO_Biological_Process_2023
GO_Biological_Process_2023,Positive Regulation Of Protein Localization To Membrane (GO:1905477),2/79,0.3282269593818957,0.6619318669888361,0,0,1.728021131410962,1.9251018732771017,FYN;HRAS,GO_Biological_Process_2023
GO_Biological_Process_2023,Regulation Of Insulin Secretion Involved In Cellular Response To Glucose Stimulus (GO:0061178),1/27,0.3325033036257741,0.6619318669888361,0,0,2.5567827442827444,2.815287499129384,CDK16,GO_Biological_Process_2023
GO_Biological_Process_2023,Regulation Of Mitochondrial Fission (GO:0090140),1/27,0.3325033036257741,0.6619318669888361,0,0,2.5567827442827444,2.815287499129384,CYRIB,GO_Biological_Process_2023
GO_Biological_Process_2023,Cellular Response To Epidermal Growth Factor Stimulus (GO:0071364),1/27,0.3325033036257741,0.6619318669888361,0,0,2.5567827442827444,2.815287499129384,PLCG1,GO_Biological_Process_2023
GO_Biological_Process_2023,Chaperone Cofactor-Dependent Protein Refolding (GO:0051085),1/27,0.3325033036257741,0.6619318669888361,0,0,2.5567827442827444,2.815287499129384,HSPA1B,GO_Biological_Process_2023
GO_Biological_Process_2023,Respiratory Tube Development (GO:0030323),1/27,0.3325033036257741,0.6619318669888361,0,0,2.5567827442827444,2.815287499129384,NKX2-1,GO_Biological_Process_2023
GO_Biological_Process_2023,Cortical Cytoskeleton Organization (GO:0030865),1/27,0.3325033036257741,0.6619318669888361,0,0,2.5567827442827444,2.815287499129384,FMNL3,GO_Biological_Process_2023
GO_Biological_Process_2023,Positive Regulation Of Nitric Oxide Biosynthetic Process (GO:0045429),1/27,0.3325033036257741,0.6619318669888361,0,0,2.5567827442827444,2.815287499129384,PTGS2,GO_Biological_Process_2023
GO_Biological_Process_2023,Positive Regulation Of Response To Wounding (GO:1903036),1/27,0.3325033036257741,0.6619318669888361,0,0,2.5567827442827444,2.815287499129384,HRAS,GO_Biological_Process_2023
GO_Biological_Process_2023,Iron-Sulfur Cluster Assembly (GO:0016226),1/27,0.3325033036257741,0.6619318669888361,0,0,2.5567827442827444,2.815287499129384,GLRX5,GO_Biological_Process_2023
GO_Biological_Process_2023,mRNA Modification (GO:0016556),1/27,0.3325033036257741,0.6619318669888361,0,0,2.5567827442827444,2.815287499129384,HNRNPAB,GO_Biological_Process_2023
GO_Biological_Process_2023,Metallo-Sulfur Cluster Assembly (GO:0031163),1/27,0.3325033036257741,0.6619318669888361,0,0,2.5567827442827444,2.815287499129384,GLRX5,GO_Biological_Process_2023
GO_Biological_Process_2023,Monoubiquitinated Histone H2A Deubiquitination (GO:0035522),1/27,0.3325033036257741,0.6619318669888361,0,0,2.5567827442827444,2.815287499129384,TAF10,GO_Biological_Process_2023
GO_Biological_Process_2023,Monoubiquitinated Histone Deubiquitination (GO:0035521),1/27,0.3325033036257741,0.6619318669888361,0,0,2.5567827442827444,2.815287499129384,TAF10,GO_Biological_Process_2023
GO_Biological_Process_2023,Myeloid Cell Development (GO:0061515),1/27,0.3325033036257741,0.6619318669888361,0,0,2.5567827442827444,2.815287499129384,FLNA,GO_Biological_Process_2023
GO_Biological_Process_2023,Negative Regulation Of NIK/NF-kappaB Signaling (GO:1901223),1/27,0.3325033036257741,0.6619318669888361,0,0,2.5567827442827444,2.815287499129384,PPM1B,GO_Biological_Process_2023
GO_Biological_Process_2023,Protein Localization To Plasma Membrane (GO:0072659),3/137,0.3327287895507954,0.6619318669888361,0,0,1.490176667681998,1.63983148427544,SLMAP;FLNA;F11R,GO_Biological_Process_2023
GO_Biological_Process_2023,Negative Regulation Of Cellular Biosynthetic Process (GO:0031327),3/137,0.3327287895507954,0.6619318669888361,0,0,1.490176667681998,1.63983148427544,NANOS1;CDKN1A;FYN,GO_Biological_Process_2023
GO_Biological_Process_2023,Negative Regulation Of Cell Population Proliferation (GO:0008285),7/379,0.3331590429103063,0.6619318669888361,0,0,1.2543288839451243,1.3786771499918784,CDKN1A;ACVR1C;NUPR2;WNT9A;OPRM1;HRAS;HSPA1B,GO_Biological_Process_2023
GO_Biological_Process_2023,Negative Regulation Of Protein Serine/Threonine Kinase Activity (GO:0071901),2/80,0.3336623321857541,0.6619318669888361,0,0,1.7057800956106042,1.8723082060284124,CDKN1A;PRKAR2B,GO_Biological_Process_2023
GO_Biological_Process_2023,Calcium Ion Transmembrane Transport (GO:0070588),2/80,0.3336623321857541,0.6619318669888361,0,0,1.7057800956106042,1.8723082060284124,CACNA1D;ATP2C2,GO_Biological_Process_2023
GO_Biological_Process_2023,Regulation Of Interleukin-8 Production (GO:0032677),2/81,0.3390849945846996,0.6619318669888361,0,0,1.6841021240077236,1.8213639944824849,ANXA4;HSPA1B,GO_Biological_Process_2023
GO_Biological_Process_2023,Activation Of Protein Kinase Activity (GO:0032147),2/81,0.3390849945846996,0.6619318669888361,0,0,1.6841021240077236,1.8213639944824849,ADRA2C;MT3,GO_Biological_Process_2023
GO_Biological_Process_2023,Regulation Of Chemotaxis (GO:0050920),1/28,0.3424290129890663,0.6619318669888361,0,0,2.461961961961962,2.638462240892674,CYRIB,GO_Biological_Process_2023
GO_Biological_Process_2023,Negative Regulation Of Type II Interferon Production (GO:0032689),1/28,0.3424290129890663,0.6619318669888361,0,0,2.461961961961962,2.638462240892674,VSIR,GO_Biological_Process_2023
GO_Biological_Process_2023,Apoptotic Cell Clearance (GO:0043277),1/28,0.3424290129890663,0.6619318669888361,0,0,2.461961961961962,2.638462240892674,XKR8,GO_Biological_Process_2023
GO_Biological_Process_2023,"Nuclear-Transcribed mRNA Catabolic Process, Nonsense-Mediated Decay (GO:0000184)",1/28,0.3424290129890663,0.6619318669888361,0,0,2.461961961961962,2.638462240892674,PNRC1,GO_Biological_Process_2023
GO_Biological_Process_2023,Regulation Of Platelet Activation (GO:0010543),1/28,0.3424290129890663,0.6619318669888361,0,0,2.461961961961962,2.638462240892674,FLNA,GO_Biological_Process_2023
GO_Biological_Process_2023,Regulation Of Protein Localization To Membrane (GO:1905475),1/28,0.3424290129890663,0.6619318669888361,0,0,2.461961961961962,2.638462240892674,FYN,GO_Biological_Process_2023
GO_Biological_Process_2023,Regulation Of Sodium Ion Transmembrane Transport (GO:1902305),1/28,0.3424290129890663,0.6619318669888361,0,0,2.461961961961962,2.638462240892674,SLMAP,GO_Biological_Process_2023
GO_Biological_Process_2023,Determination Of Bilateral Symmetry (GO:0009855),1/28,0.3424290129890663,0.6619318669888361,0,0,2.461961961961962,2.638462240892674,MKKS,GO_Biological_Process_2023
GO_Biological_Process_2023,Positive Regulation Of Fibroblast Proliferation (GO:0048146),1/28,0.3424290129890663,0.6619318669888361,0,0,2.461961961961962,2.638462240892674,CDKN1A,GO_Biological_Process_2023
GO_Biological_Process_2023,Sterol Biosynthetic Process (GO:0016126),1/28,0.3424290129890663,0.6619318669888361,0,0,2.461961961961962,2.638462240892674,TM7SF2,GO_Biological_Process_2023
GO_Biological_Process_2023,Vascular Endothelial Growth Factor Receptor Signaling Pathway (GO:0048010),1/28,0.3424290129890663,0.6619318669888361,0,0,2.461961961961962,2.638462240892674,FYN,GO_Biological_Process_2023
GO_Biological_Process_2023,Positive Regulation Of Nitric Oxide Metabolic Process (GO:1904407),1/28,0.3424290129890663,0.6619318669888361,0,0,2.461961961961962,2.638462240892674,PTGS2,GO_Biological_Process_2023
GO_Biological_Process_2023,Positive Regulation Of Protein Import Into Nucleus (GO:0042307),1/28,0.3424290129890663,0.6619318669888361,0,0,2.461961961961962,2.638462240892674,FLNA,GO_Biological_Process_2023
GO_Biological_Process_2023,Membrane Fusion (GO:0061025),1/28,0.3424290129890663,0.6619318669888361,0,0,2.461961961961962,2.638462240892674,HACE1,GO_Biological_Process_2023
GO_Biological_Process_2023,Mucosal Immune Response (GO:0002385),1/28,0.3424290129890663,0.6619318669888361,0,0,2.461961961961962,2.638462240892674,H2BC21,GO_Biological_Process_2023
GO_Biological_Process_2023,Negative Regulation Of Cation Channel Activity (GO:2001258),1/28,0.3424290129890663,0.6619318669888361,0,0,2.461961961961962,2.638462240892674,UBQLN1,GO_Biological_Process_2023
GO_Biological_Process_2023,Regulation Of Phosphorylation (GO:0042325),2/82,0.3444941268594777,0.6649765720459619,0,0,1.662966101694915,1.7721867834070024,CDKN1A;FNIP2,GO_Biological_Process_2023
GO_Biological_Process_2023,Organic Substance Transport (GO:0071702),4/201,0.3493070623804629,0.6671448696482454,0,0,1.3517437327835624,1.4217693417112882,CHKA;ARRDC2;CACNA1D;FYN,GO_Biological_Process_2023
GO_Biological_Process_2023,JNK Cascade (GO:0007254),1/29,0.3522076158553304,0.6671448696482454,0,0,2.3739140926640925,2.4772611595576275,DUSP9,GO_Biological_Process_2023
GO_Biological_Process_2023,Regulation Of Neuron Migration (GO:2001222),1/29,0.3522076158553304,0.6671448696482454,0,0,2.3739140926640925,2.4772611595576275,SEMA6A,GO_Biological_Process_2023
GO_Biological_Process_2023,Cardiac Muscle Cell Action Potential (GO:0086001),1/29,0.3522076158553304,0.6671448696482454,0,0,2.3739140926640925,2.4772611595576275,CACNA1D,GO_Biological_Process_2023
GO_Biological_Process_2023,Regulation Of Spindle Assembly (GO:0090169),1/29,0.3522076158553304,0.6671448696482454,0,0,2.3739140926640925,2.4772611595576275,HSPA1B,GO_Biological_Process_2023
GO_Biological_Process_2023,Positive Regulation Of Calcium Ion Transport (GO:0051928),1/29,0.3522076158553304,0.6671448696482454,0,0,2.3739140926640925,2.4772611595576275,CACNA1D,GO_Biological_Process_2023
GO_Biological_Process_2023,Positive Regulation Of Microtubule Polymerization (GO:0031116),1/29,0.3522076158553304,0.6671448696482454,0,0,2.3739140926640925,2.4772611595576275,HSPA1B,GO_Biological_Process_2023
GO_Biological_Process_2023,Integrated Stress Response Signaling (GO:0140467),1/29,0.3522076158553304,0.6671448696482454,0,0,2.3739140926640925,2.4772611595576275,FOS,GO_Biological_Process_2023
GO_Biological_Process_2023,Positive Regulation Of Viral Genome Replication (GO:0045070),1/29,0.3522076158553304,0.6671448696482454,0,0,2.3739140926640925,2.4772611595576275,IFIT1,GO_Biological_Process_2023
GO_Biological_Process_2023,Maintenance Of Blood-Brain Barrier (GO:0035633),1/29,0.3522076158553304,0.6671448696482454,0,0,2.3739140926640925,2.4772611595576275,F11R,GO_Biological_Process_2023
GO_Biological_Process_2023,Morphogenesis Of An Epithelium (GO:0002009),1/29,0.3522076158553304,0.6671448696482454,0,0,2.3739140926640925,2.4772611595576275,RIPK4,GO_Biological_Process_2023
GO_Biological_Process_2023,Negative Regulation Of DNA Binding (GO:0043392),1/29,0.3522076158553304,0.6671448696482454,0,0,2.3739140926640925,2.4772611595576275,HABP4,GO_Biological_Process_2023
GO_Biological_Process_2023,Regulation Of Blood Coagulation (GO:0030193),1/29,0.3522076158553304,0.6671448696482454,0,0,2.3739140926640925,2.4772611595576275,F12,GO_Biological_Process_2023
GO_Biological_Process_2023,Protein Localization To Cell Periphery (GO:1990778),3/142,0.3530219236516044,0.6671448696482454,0,0,1.4362061371311114,1.4954139036237408,SLMAP;FLNA;F11R,GO_Biological_Process_2023
GO_Biological_Process_2023,Regulation Of Protein Phosphorylation (GO:0001932),5/265,0.3583078808661308,0.6671448696482454,0,0,1.2804926238145415,1.3142498151714606,CDKN1A;FYN;HRAS;MT3;FNIP2,GO_Biological_Process_2023
GO_Biological_Process_2023,Regulation Of MAPK Cascade (GO:0043408),4/204,0.3594138816634737,0.6671448696482454,0,0,1.3312627986348122,1.362255502948046,MAPK1;ADRA2C;HRAS;DUSP9,GO_Biological_Process_2023
GO_Biological_Process_2023,Calcium-Mediated Signaling (GO:0019722),2/85,0.3606325473327098,0.6671448696482454,0,0,1.602613845211354,1.6344989910624714,CNKSR2;PLCG1,GO_Biological_Process_2023
GO_Biological_Process_2023,Defense Response To Gram-positive Bacterium (GO:0050830),2/85,0.3606325473327098,0.6671448696482454,0,0,1.602613845211354,1.6344989910624714,H2BC21;ROMO1,GO_Biological_Process_2023
GO_Biological_Process_2023,mRNA Metabolic Process (GO:0016071),2/85,0.3606325473327098,0.6671448696482454,0,0,1.602613845211354,1.6344989910624714,HNRNPAB;HSPA1B,GO_Biological_Process_2023
GO_Biological_Process_2023,Negative Regulation Of Cell Cycle (GO:0045786),2/85,0.3606325473327098,0.6671448696482454,0,0,1.602613845211354,1.6344989910624714,CDKN1A;NUPR2,GO_Biological_Process_2023
GO_Biological_Process_2023,Negative Regulation Of Epithelial To Mesenchymal Transition (GO:0010719),1/30,0.3618412852329467,0.6671448696482454,0,0,2.2919384902143523,2.3298691597647085,NKX2-1,GO_Biological_Process_2023
GO_Biological_Process_2023,Regulation Of Potassium Ion Transport (GO:0043266),1/30,0.3618412852329467,0.6671448696482454,0,0,2.2919384902143523,2.3298691597647085,CACNA1D,GO_Biological_Process_2023
GO_Biological_Process_2023,Cardiac Muscle Cell Action Potential Involved In Contraction (GO:0086002),1/30,0.3618412852329467,0.6671448696482454,0,0,2.2919384902143523,2.3298691597647085,CACNA1D,GO_Biological_Process_2023
GO_Biological_Process_2023,"Phagocytosis, Engulfment (GO:0006911)",1/30,0.3618412852329467,0.6671448696482454,0,0,2.2919384902143523,2.3298691597647085,XKR8,GO_Biological_Process_2023
GO_Biological_Process_2023,Phospholipid Dephosphorylation (GO:0046839),1/30,0.3618412852329467,0.6671448696482454,0,0,2.2919384902143523,2.3298691597647085,SGPP1,GO_Biological_Process_2023
GO_Biological_Process_2023,Embryonic Skeletal System Morphogenesis (GO:0048704),1/30,0.3618412852329467,0.6671448696482454,0,0,2.2919384902143523,2.3298691597647085,IRX5,GO_Biological_Process_2023
GO_Biological_Process_2023,Positive Regulation Of Protein Targeting To Mitochondrion (GO:1903955),1/30,0.3618412852329467,0.6671448696482454,0,0,2.2919384902143523,2.3298691597647085,TOMM7,GO_Biological_Process_2023
GO_Biological_Process_2023,Innate Immune Response Activating Cell Surface Receptor Signaling Pathway (GO:0002220),1/30,0.3618412852329467,0.6671448696482454,0,0,2.2919384902143523,2.3298691597647085,FYN,GO_Biological_Process_2023
GO_Biological_Process_2023,"Maturation Of SSU-rRNA From Tricistronic rRNA Transcript (SSU-rRNA, 5.8S rRNA, LSU-rRNA) (GO:0000462)",1/30,0.3618412852329467,0.6671448696482454,0,0,2.2919384902143523,2.3298691597647085,RPS21,GO_Biological_Process_2023
GO_Biological_Process_2023,Mitotic G2 DNA Damage Checkpoint Signaling (GO:0007095),1/30,0.3618412852329467,0.6671448696482454,0,0,2.2919384902143523,2.3298691597647085,CDKN1A,GO_Biological_Process_2023
GO_Biological_Process_2023,Negative Regulation Of Blood Coagulation (GO:0030195),1/30,0.3618412852329467,0.6671448696482454,0,0,2.2919384902143523,2.3298691597647085,F12,GO_Biological_Process_2023
GO_Biological_Process_2023,Negative Regulation Of Calcium Ion Transmembrane Transporter Activity (GO:1901020),1/30,0.3618412852329467,0.6671448696482454,0,0,2.2919384902143523,2.3298691597647085,UBQLN1,GO_Biological_Process_2023
GO_Biological_Process_2023,Regulation Of Cell Migration Involved In Sprouting Angiogenesis (GO:0090049),1/30,0.3618412852329467,0.6671448696482454,0,0,2.2919384902143523,2.3298691597647085,PTGS2,GO_Biological_Process_2023
GO_Biological_Process_2023,Negative Regulation Of Angiogenesis (GO:0016525),2/86,0.3659798928559327,0.673859856995252,0,0,1.583454398708636,1.5916517594666018,SEMA6A;CREB3L1,GO_Biological_Process_2023
GO_Biological_Process_2023,Regulation Of Insulin Secretion (GO:0050796),2/87,0.3713100024571782,0.67546614468159,0,0,1.5647457627118644,1.550221759908824,GLUD1;CDK16,GO_Biological_Process_2023
GO_Biological_Process_2023,Phospholipid Translocation (GO:0045332),1/31,0.3713321620725616,0.67546614468159,0,0,2.215427927927928,2.1947320678912816,ATP11C,GO_Biological_Process_2023
GO_Biological_Process_2023,Positive Regulation Of Rho Protein Signal Transduction (GO:0035025),1/31,0.3713321620725616,0.67546614468159,0,0,2.215427927927928,2.1947320678912816,F11R,GO_Biological_Process_2023
GO_Biological_Process_2023,Positive Regulation Of Glucose Transmembrane Transport (GO:0010828),1/31,0.3713321620725616,0.67546614468159,0,0,2.215427927927928,2.1947320678912816,NR4A3,GO_Biological_Process_2023
GO_Biological_Process_2023,Glutamine Family Amino Acid Metabolic Process (GO:0009064),1/31,0.3713321620725616,0.67546614468159,0,0,2.215427927927928,2.1947320678912816,GLUD1,GO_Biological_Process_2023
GO_Biological_Process_2023,Leukocyte Cell-Cell Adhesion (GO:0007159),1/31,0.3713321620725616,0.67546614468159,0,0,2.215427927927928,2.1947320678912816,F11R,GO_Biological_Process_2023
GO_Biological_Process_2023,Negative Chemotaxis (GO:0050919),1/31,0.3713321620725616,0.67546614468159,0,0,2.215427927927928,2.1947320678912816,SEMA6A,GO_Biological_Process_2023
GO_Biological_Process_2023,Negative Regulation Of DNA Biosynthetic Process (GO:2000279),1/31,0.3713321620725616,0.67546614468159,0,0,2.215427927927928,2.1947320678912816,CDKN1A,GO_Biological_Process_2023
GO_Biological_Process_2023,Negative Regulation Of Chemotaxis (GO:0050922),1/31,0.3713321620725616,0.67546614468159,0,0,2.215427927927928,2.1947320678912816,SEMA6A,GO_Biological_Process_2023
GO_Biological_Process_2023,Negative Regulation Of Protein Metabolic Process (GO:0051248),3/147,0.3732413081775794,0.6774638373662792,0,0,1.385983560090703,1.3659285577370657,NANOS1;FLNA;PFDN6,GO_Biological_Process_2023
GO_Biological_Process_2023,Positive Regulation Of Cell Migration (GO:0030335),5/272,0.3789036504916122,0.6774638373662792,0,0,1.246472731004053,1.2096685377212546,DOCK5;SEMA6A;PLCG1;HRAS;VSIR,GO_Biological_Process_2023
GO_Biological_Process_2023,'De Novo' Post-Translational Protein Folding (GO:0051084),1/32,0.3806823558331693,0.6774638373662792,0,0,2.143853530950305,2.070512222999164,HSPA1B,GO_Biological_Process_2023
GO_Biological_Process_2023,Respiratory System Development (GO:0060541),1/32,0.3806823558331693,0.6774638373662792,0,0,2.143853530950305,2.070512222999164,NKX2-1,GO_Biological_Process_2023
GO_Biological_Process_2023,Female Gamete Generation (GO:0007292),1/32,0.3806823558331693,0.6774638373662792,0,0,2.143853530950305,2.070512222999164,NANOS1,GO_Biological_Process_2023
GO_Biological_Process_2023,Histone Lysine Methylation (GO:0034968),1/32,0.3806823558331693,0.6774638373662792,0,0,2.143853530950305,2.070512222999164,BOD1,GO_Biological_Process_2023
GO_Biological_Process_2023,Intracellular pH Reduction (GO:0051452),1/32,0.3806823558331693,0.6774638373662792,0,0,2.143853530950305,2.070512222999164,SLC4A7,GO_Biological_Process_2023
GO_Biological_Process_2023,Positive Regulation Of Telomere Maintenance Via Telomerase (GO:0032212),1/32,0.3806823558331693,0.6774638373662792,0,0,2.143853530950305,2.070512222999164,MAPK1,GO_Biological_Process_2023
GO_Biological_Process_2023,Left/Right Pattern Formation (GO:0060972),1/32,0.3806823558331693,0.6774638373662792,0,0,2.143853530950305,2.070512222999164,MKKS,GO_Biological_Process_2023
GO_Biological_Process_2023,Mesenchymal Cell Migration (GO:0090497),1/32,0.3806823558331693,0.6774638373662792,0,0,2.143853530950305,2.070512222999164,SEMA6A,GO_Biological_Process_2023
GO_Biological_Process_2023,Protein Transmembrane Import Into Intracellular Organelle (GO:0044743),1/32,0.3806823558331693,0.6774638373662792,0,0,2.143853530950305,2.070512222999164,ROMO1,GO_Biological_Process_2023
GO_Biological_Process_2023,Purine Ribonucleoside Triphosphate Metabolic Process (GO:0009205),1/32,0.3806823558331693,0.6774638373662792,0,0,2.143853530950305,2.070512222999164,HSPA1B,GO_Biological_Process_2023
GO_Biological_Process_2023,Negative Regulation Of G1/S Transition Of Mitotic Cell Cycle (GO:2000134),1/32,0.3806823558331693,0.6774638373662792,0,0,2.143853530950305,2.070512222999164,CDKN1A,GO_Biological_Process_2023
GO_Biological_Process_2023,Axon Guidance (GO:0007411),3/149,0.3812972958208035,0.6774638373662792,0,0,1.3668577019849035,1.3178912606457198,SEMA6A;EPHA10;FYN,GO_Biological_Process_2023
GO_Biological_Process_2023,Organic Anion Transport (GO:0015711),2/89,0.3819158699964655,0.6774638373662792,0,0,1.5286187414767192,1.4713795060692454,SLC4A7;SLC26A6,GO_Biological_Process_2023
GO_Biological_Process_2023,Cellular Response To Chemical Stress (GO:0062197),2/89,0.3819158699964655,0.6774638373662792,0,0,1.5286187414767192,1.4713795060692454,MT3;HSPA1B,GO_Biological_Process_2023
GO_Biological_Process_2023,Positive Regulation Of DNA Repair (GO:0045739),2/89,0.3819158699964655,0.6774638373662792,0,0,1.5286187414767192,1.4713795060692454,EYA1;MGMT,GO_Biological_Process_2023
GO_Biological_Process_2023,Sensory Perception Of Mechanical Stimulus (GO:0050954),2/89,0.3819158699964655,0.6774638373662792,0,0,1.5286187414767192,1.4713795060692454,EYA1;CACNA1D,GO_Biological_Process_2023
GO_Biological_Process_2023,Positive Regulation Of Peptidyl-Serine Phosphorylation (GO:0033138),2/89,0.3819158699964655,0.6774638373662792,0,0,1.5286187414767192,1.4713795060692454,CALCR;FNIP2,GO_Biological_Process_2023
GO_Biological_Process_2023,protein-RNA Complex Assembly (GO:0022618),3/150,0.3853169806369515,0.6800592329125761,0,0,1.35748993474941,1.2946231601609453,SRPK3;RPL38;SNRPF,GO_Biological_Process_2023
GO_Biological_Process_2023,Mitochondrial Respiratory Chain Complex Assembly (GO:0033108),2/90,0.3871903641651507,0.6800592329125761,0,0,1.511171032357473,1.4338577237863266,NDUFB1;PET117,GO_Biological_Process_2023
GO_Biological_Process_2023,Actin Filament Bundle Assembly (GO:0051017),1/33,0.3898939448828181,0.6800592329125761,0,0,2.076752533783784,1.956052741972613,PAWR,GO_Biological_Process_2023
GO_Biological_Process_2023,Actin Filament Bundle Organization (GO:0061572),1/33,0.3898939448828181,0.6800592329125761,0,0,2.076752533783784,1.956052741972613,PAWR,GO_Biological_Process_2023
GO_Biological_Process_2023,Positive Regulation Of T Cell Mediated Cytotoxicity (GO:0001916),1/33,0.3898939448828181,0.6800592329125761,0,0,2.076752533783784,1.956052741972613,CYRIB,GO_Biological_Process_2023
GO_Biological_Process_2023,Positive Regulation Of Establishment Of Protein Localization To Mitochondrion (GO:1903749),1/33,0.3898939448828181,0.6800592329125761,0,0,2.076752533783784,1.956052741972613,TOMM7,GO_Biological_Process_2023
GO_Biological_Process_2023,Positive Regulation Of Release Of Sequestered Calcium Ion Into Cytosol (GO:0051281),1/33,0.3898939448828181,0.6800592329125761,0,0,2.076752533783784,1.956052741972613,PLCG1,GO_Biological_Process_2023
GO_Biological_Process_2023,Positive Regulation Of Reproductive Process (GO:2000243),1/33,0.3898939448828181,0.6800592329125761,0,0,2.076752533783784,1.956052741972613,PDE3A,GO_Biological_Process_2023
GO_Biological_Process_2023,Inositol Lipid-Mediated Signaling (GO:0048017),1/33,0.3898939448828181,0.6800592329125761,0,0,2.076752533783784,1.956052741972613,PLCG1,GO_Biological_Process_2023
GO_Biological_Process_2023,Positive Regulation Of Telomerase Activity (GO:0051973),1/33,0.3898939448828181,0.6800592329125761,0,0,2.076752533783784,1.956052741972613,MAPK1,GO_Biological_Process_2023
GO_Biological_Process_2023,Lung Development (GO:0030324),1/33,0.3898939448828181,0.6800592329125761,0,0,2.076752533783784,1.956052741972613,NKX2-1,GO_Biological_Process_2023
GO_Biological_Process_2023,Monoubiquitinated Protein Deubiquitination (GO:0035520),1/33,0.3898939448828181,0.6800592329125761,0,0,2.076752533783784,1.956052741972613,TAF10,GO_Biological_Process_2023
GO_Biological_Process_2023,Regulation Of Activated T Cell Proliferation (GO:0046006),1/33,0.3898939448828181,0.6800592329125761,0,0,2.076752533783784,1.956052741972613,IGFBP2,GO_Biological_Process_2023
GO_Biological_Process_2023,Regulation Of Epithelial Cell Proliferation (GO:0050678),2/91,0.3924450937492061,0.6818651157135246,0,0,1.494115406589221,1.3975337548329214,NR4A3;HRAS,GO_Biological_Process_2023
GO_Biological_Process_2023,Regulation Of RNA Metabolic Process (GO:0051252),2/91,0.3924450937492061,0.6818651157135246,0,0,1.494115406589221,1.3975337548329214,TAF10;PDE3A,GO_Biological_Process_2023
GO_Biological_Process_2023,Regulation Of Actin Cytoskeleton Organization (GO:0032956),2/91,0.3924450937492061,0.6818651157135246,0,0,1.494115406589221,1.3975337548329214,F11R;HRAS,GO_Biological_Process_2023
GO_Biological_Process_2023,ATP Metabolic Process (GO:0046034),1/34,0.3989689770645088,0.6818651157135246,0,0,2.013718263718264,1.85034855682918,HSPA1B,GO_Biological_Process_2023
GO_Biological_Process_2023,Regulation Of Interleukin-17 Production (GO:0032660),1/34,0.3989689770645088,0.6818651157135246,0,0,2.013718263718264,1.85034855682918,VSIR,GO_Biological_Process_2023
GO_Biological_Process_2023,Cellular Response To Amyloid-Beta (GO:1904646),1/34,0.3989689770645088,0.6818651157135246,0,0,2.013718263718264,1.85034855682918,FYN,GO_Biological_Process_2023
GO_Biological_Process_2023,Cellular Response To Hydrogen Peroxide (GO:0070301),1/34,0.3989689770645088,0.6818651157135246,0,0,2.013718263718264,1.85034855682918,FYN,GO_Biological_Process_2023
GO_Biological_Process_2023,Cellular Response To Vascular Endothelial Growth Factor Stimulus (GO:0035924),1/34,0.3989689770645088,0.6818651157135246,0,0,2.013718263718264,1.85034855682918,SEMA6A,GO_Biological_Process_2023
GO_Biological_Process_2023,Embryonic Skeletal System Development (GO:0048706),1/34,0.3989689770645088,0.6818651157135246,0,0,2.013718263718264,1.85034855682918,WNT9A,GO_Biological_Process_2023
GO_Biological_Process_2023,Superoxide Metabolic Process (GO:0006801),1/34,0.3989689770645088,0.6818651157135246,0,0,2.013718263718264,1.85034855682918,MT3,GO_Biological_Process_2023
GO_Biological_Process_2023,Positive Regulation Of Neuron Death (GO:1901216),1/34,0.3989689770645088,0.6818651157135246,0,0,2.013718263718264,1.85034855682918,FYN,GO_Biological_Process_2023
GO_Biological_Process_2023,Histone Deubiquitination (GO:0016578),1/34,0.3989689770645088,0.6818651157135246,0,0,2.013718263718264,1.85034855682918,TAF10,GO_Biological_Process_2023
GO_Biological_Process_2023,Inner Mitochondrial Membrane Organization (GO:0007007),1/34,0.3989689770645088,0.6818651157135246,0,0,2.013718263718264,1.85034855682918,ROMO1,GO_Biological_Process_2023
GO_Biological_Process_2023,Positive Regulation Of Transcription By RNA Polymerase I (GO:0045943),1/34,0.3989689770645088,0.6818651157135246,0,0,2.013718263718264,1.85034855682918,BAZ1B,GO_Biological_Process_2023
GO_Biological_Process_2023,Regulation Of DNA Biosynthetic Process (GO:2000278),1/34,0.3989689770645088,0.6818651157135246,0,0,2.013718263718264,1.85034855682918,CDKN1A,GO_Biological_Process_2023
GO_Biological_Process_2023,Negative Regulation Of Cell Cycle Process (GO:0010948),1/34,0.3989689770645088,0.6818651157135246,0,0,2.013718263718264,1.85034855682918,BAZ1B,GO_Biological_Process_2023
GO_Biological_Process_2023,Regulation Of Peptidyl-Serine Phosphorylation (GO:0033135),2/93,0.4028929757136177,0.6877053686080242,0,0,1.461128701806668,1.3282891941466108,CALCR;FNIP2,GO_Biological_Process_2023
GO_Biological_Process_2023,Regulation Of mRNA Processing (GO:0050684),1/35,0.4079094699448333,0.6893314454733983,0,0,1.954391891891892,1.7525227857992751,SRPK3,GO_Biological_Process_2023
GO_Biological_Process_2023,Cellular Response To Amino Acid Stimulus (GO:0071230),1/35,0.4079094699448333,0.6893314454733983,0,0,1.954391891891892,1.7525227857992751,FYN,GO_Biological_Process_2023
GO_Biological_Process_2023,Regulation Of Sodium Ion Transport (GO:0002028),1/35,0.4079094699448333,0.6893314454733983,0,0,1.954391891891892,1.7525227857992751,SLMAP,GO_Biological_Process_2023
GO_Biological_Process_2023,Platelet Aggregation (GO:0070527),1/35,0.4079094699448333,0.6893314454733983,0,0,1.954391891891892,1.7525227857992751,FLNA,GO_Biological_Process_2023
GO_Biological_Process_2023,Response To Exogenous dsRNA (GO:0043330),1/35,0.4079094699448333,0.6893314454733983,0,0,1.954391891891892,1.7525227857992751,IFIT1,GO_Biological_Process_2023
GO_Biological_Process_2023,Positive Regulation Of Telomere Maintenance Via Telomere Lengthening (GO:1904358),1/35,0.4079094699448333,0.6893314454733983,0,0,1.954391891891892,1.7525227857992751,MAPK1,GO_Biological_Process_2023
GO_Biological_Process_2023,Regulation Of G2/M Transition Of Mitotic Cell Cycle (GO:0010389),1/35,0.4079094699448333,0.6893314454733983,0,0,1.954391891891892,1.7525227857992751,CDKN1A,GO_Biological_Process_2023
GO_Biological_Process_2023,Negative Regulation Of Cell Cycle G1/S Phase Transition (GO:1902807),1/35,0.4079094699448333,0.6893314454733983,0,0,1.954391891891892,1.7525227857992751,CDKN1A,GO_Biological_Process_2023
GO_Biological_Process_2023,Central Nervous System Development (GO:0007417),5/283,0.4112195712485241,0.6913026008396872,0,0,1.1964743273874052,1.0632205533316104,SH3GL3;PPP1R17;SZT2;ZBTB16;NKX2-1,GO_Biological_Process_2023
GO_Biological_Process_2023,T Cell Receptor Signaling Pathway (GO:0050852),2/95,0.4132551594461696,0.6913026008396872,0,0,1.4295607800255148,1.2632886476299316,FYN;PLCG1,GO_Biological_Process_2023
GO_Biological_Process_2023,Positive Regulation Of Epithelial Cell Migration (GO:0010634),2/95,0.4132551594461696,0.6913026008396872,0,0,1.4295607800255148,1.2632886476299316,DOCK5;PLCG1,GO_Biological_Process_2023
GO_Biological_Process_2023,"DNA Damage Response, Signal Transduction By P53 Class Mediator (GO:0030330)",1/36,0.4167174115599588,0.6913026008396872,0,0,1.8984555984555984,1.6618073311561778,CDKN1A,GO_Biological_Process_2023
GO_Biological_Process_2023,Regulation Of Erythrocyte Differentiation (GO:0045646),1/36,0.4167174115599588,0.6913026008396872,0,0,1.8984555984555984,1.6618073311561778,HSPA1B,GO_Biological_Process_2023
GO_Biological_Process_2023,Negative Regulation Of Organelle Assembly (GO:1902116),1/36,0.4167174115599588,0.6913026008396872,0,0,1.8984555984555984,1.6618073311561778,STYXL1,GO_Biological_Process_2023
GO_Biological_Process_2023,Neural Crest Cell Migration (GO:0001755),1/36,0.4167174115599588,0.6913026008396872,0,0,1.8984555984555984,1.6618073311561778,SEMA6A,GO_Biological_Process_2023
GO_Biological_Process_2023,Regulation Of Peptidyl-Threonine Phosphorylation (GO:0010799),1/36,0.4167174115599588,0.6913026008396872,0,0,1.8984555984555984,1.6618073311561778,MAPK1,GO_Biological_Process_2023
GO_Biological_Process_2023,Positive Regulation Of RNA Splicing (GO:0033120),1/36,0.4167174115599588,0.6913026008396872,0,0,1.8984555984555984,1.6618073311561778,HABP4,GO_Biological_Process_2023
GO_Biological_Process_2023,Positive Regulation Of Myeloid Cell Differentiation (GO:0045639),1/36,0.4167174115599588,0.6913026008396872,0,0,1.8984555984555984,1.6618073311561778,HSPA1B,GO_Biological_Process_2023
GO_Biological_Process_2023,Positive Regulation Of Phospholipase C Activity (GO:0010863),1/36,0.4167174115599588,0.6913026008396872,0,0,1.8984555984555984,1.6618073311561778,HRAS,GO_Biological_Process_2023
GO_Biological_Process_2023,Histone H3 Acetylation (GO:0043966),1/36,0.4167174115599588,0.6913026008396872,0,0,1.8984555984555984,1.6618073311561778,TAF10,GO_Biological_Process_2023
GO_Biological_Process_2023,Positive Regulation Of Signaling Receptor Activity (GO:2000273),1/36,0.4167174115599588,0.6913026008396872,0,0,1.8984555984555984,1.6618073311561778,ADRA2C,GO_Biological_Process_2023
GO_Biological_Process_2023,Interstrand Cross-Link Repair (GO:0036297),1/36,0.4167174115599588,0.6913026008396872,0,0,1.8984555984555984,1.6618073311561778,FANCE,GO_Biological_Process_2023
GO_Biological_Process_2023,Regulation Of T Cell Mediated Cytotoxicity (GO:0001914),1/36,0.4167174115599588,0.6913026008396872,0,0,1.8984555984555984,1.6618073311561778,CYRIB,GO_Biological_Process_2023
GO_Biological_Process_2023,Peptide Biosynthetic Process (GO:0043043),3/158,0.4172289122129385,0.6913060242649055,0,0,1.286899275839368,1.1249047265668464,RPL35A;RPL38;RPS21,GO_Biological_Process_2023
GO_Biological_Process_2023,Negative Regulation Of Smooth Muscle Cell Proliferation (GO:0048662),1/37,0.4253947605046453,0.6988628208290603,0,0,1.8456268768768769,1.5775268587404352,CDKN1A,GO_Biological_Process_2023
GO_Biological_Process_2023,Regulation Of Ossification (GO:0030278),1/37,0.4253947605046453,0.6988628208290603,0,0,1.8456268768768769,1.5775268587404352,ZBTB16,GO_Biological_Process_2023
GO_Biological_Process_2023,Calcium Ion Import Across Plasma Membrane (GO:0098703),1/37,0.4253947605046453,0.6988628208290603,0,0,1.8456268768768769,1.5775268587404352,CACNA1D,GO_Biological_Process_2023
GO_Biological_Process_2023,Regulation Of Sodium Ion Transmembrane Transporter Activity (GO:2000649),1/37,0.4253947605046453,0.6988628208290603,0,0,1.8456268768768769,1.5775268587404352,SLMAP,GO_Biological_Process_2023
GO_Biological_Process_2023,Spliceosomal snRNP Assembly (GO:0000387),1/37,0.4253947605046453,0.6988628208290603,0,0,1.8456268768768769,1.5775268587404352,SNRPF,GO_Biological_Process_2023
GO_Biological_Process_2023,Muscle Tissue Development (GO:0060537),1/37,0.4253947605046453,0.6988628208290603,0,0,1.8456268768768769,1.5775268587404352,SRPK3,GO_Biological_Process_2023
GO_Biological_Process_2023,Regulation Of Cellular Component Biogenesis (GO:0044087),1/37,0.4253947605046453,0.6988628208290603,0,0,1.8456268768768769,1.5775268587404352,RAP1B,GO_Biological_Process_2023
GO_Biological_Process_2023,Negative Regulation Of Macromolecule Biosynthetic Process (GO:0010558),2/98,0.4286290187912429,0.7010253059202883,0,0,1.384675141242938,1.1730462282669702,NANOS1;CDKN1A,GO_Biological_Process_2023
GO_Biological_Process_2023,Positive Regulation Of Protein-Containing Complex Assembly (GO:0031334),2/98,0.4286290187912429,0.7010253059202883,0,0,1.384675141242938,1.1730462282669702,RAP1B;FNIP2,GO_Biological_Process_2023
GO_Biological_Process_2023,Positive Regulation Of Protein Modification Process (GO:0031401),4/225,0.4297240106107314,0.7010253059202883,0,0,1.2034654765030193,1.0164615180067678,EGR1;CDKN1A;HRAS;MT3,GO_Biological_Process_2023
GO_Biological_Process_2023,Protein Polyubiquitination (GO:0000209),4/226,0.4330325603208532,0.7010253059202883,0,0,1.1979829659010546,1.0026426868407048,HACE1;WSB2;RNF19B;LNPEP,GO_Biological_Process_2023
GO_Biological_Process_2023,Negative Regulation Of Type I Interferon Production (GO:0032480),1/38,0.4339434465534577,0.7010253059202883,0,0,1.7956537618699782,1.4990854914842158,PPM1B,GO_Biological_Process_2023
GO_Biological_Process_2023,Regulation Of Protein Import Into Nucleus (GO:0042306),1/38,0.4339434465534577,0.7010253059202883,0,0,1.7956537618699782,1.4990854914842158,FLNA,GO_Biological_Process_2023
GO_Biological_Process_2023,Regulation Of Telomere Maintenance (GO:0032204),1/38,0.4339434465534577,0.7010253059202883,0,0,1.7956537618699782,1.4990854914842158,NSMCE4A,GO_Biological_Process_2023
GO_Biological_Process_2023,Cellular Response To Type I Interferon (GO:0071357),1/38,0.4339434465534577,0.7010253059202883,0,0,1.7956537618699782,1.4990854914842158,IFIT1,GO_Biological_Process_2023
GO_Biological_Process_2023,Connective Tissue Development (GO:0061448),1/38,0.4339434465534577,0.7010253059202883,0,0,1.7956537618699782,1.4990854914842158,ZBTB16,GO_Biological_Process_2023
GO_Biological_Process_2023,Positive Regulation Of Axonogenesis (GO:0050772),1/38,0.4339434465534577,0.7010253059202883,0,0,1.7956537618699782,1.4990854914842158,ISLR2,GO_Biological_Process_2023
GO_Biological_Process_2023,Response To Transforming Growth Factor Beta (GO:0071559),1/38,0.4339434465534577,0.7010253059202883,0,0,1.7956537618699782,1.4990854914842158,PDE3A,GO_Biological_Process_2023
GO_Biological_Process_2023,Positive Regulation Of Myoblast Differentiation (GO:0045663),1/38,0.4339434465534577,0.7010253059202883,0,0,1.7956537618699782,1.4990854914842158,XKR8,GO_Biological_Process_2023
GO_Biological_Process_2023,Heart Looping (GO:0001947),1/38,0.4339434465534577,0.7010253059202883,0,0,1.7956537618699782,1.4990854914842158,MKKS,GO_Biological_Process_2023
GO_Biological_Process_2023,mRNA Transcription By RNA Polymerase II (GO:0042789),1/38,0.4339434465534577,0.7010253059202883,0,0,1.7956537618699782,1.4990854914842158,TAF10,GO_Biological_Process_2023
GO_Biological_Process_2023,Regulation Of Cell Growth (GO:0001558),4/227,0.4363359358989543,0.7040521581627599,0,0,1.1925496257977624,0.9890324900786804,URI1;CDKN1A;MT3;HSPA1B,GO_Biological_Process_2023
GO_Biological_Process_2023,Antimicrobial Humoral Response (GO:0019730),2/100,0.4387599969995228,0.7053934296337132,0,0,1.356278104462124,1.1173055905524882,H2BC21;ROMO1,GO_Biological_Process_2023
GO_Biological_Process_2023,Regulation Of Organelle Organization (GO:0033043),2/100,0.4387599969995228,0.7053934296337132,0,0,1.356278104462124,1.1173055905524882,MAPK1;F11R,GO_Biological_Process_2023
GO_Biological_Process_2023,Negative Regulation Of Protein Secretion (GO:0050709),1/39,0.442365371126227,0.7053934296337132,0,0,1.7483108108108107,1.4259557020425715,OPRM1,GO_Biological_Process_2023
GO_Biological_Process_2023,Regulation Of Mitotic Spindle Organization (GO:0060236),1/39,0.442365371126227,0.7053934296337132,0,0,1.7483108108108107,1.4259557020425715,HSPA1B,GO_Biological_Process_2023
GO_Biological_Process_2023,Regulation Of Nitric Oxide Biosynthetic Process (GO:0045428),1/39,0.442365371126227,0.7053934296337132,0,0,1.7483108108108107,1.4259557020425715,PTGS2,GO_Biological_Process_2023
GO_Biological_Process_2023,Regulation Of Protein Targeting To Mitochondrion (GO:1903214),1/39,0.442365371126227,0.7053934296337132,0,0,1.7483108108108107,1.4259557020425715,TOMM7,GO_Biological_Process_2023
GO_Biological_Process_2023,Positive Regulation Of Intrinsic Apoptotic Signaling Pathway (GO:2001244),1/39,0.442365371126227,0.7053934296337132,0,0,1.7483108108108107,1.4259557020425715,STYXL1,GO_Biological_Process_2023
GO_Biological_Process_2023,Vesicle Cytoskeletal Trafficking (GO:0099518),1/39,0.442365371126227,0.7053934296337132,0,0,1.7483108108108107,1.4259557020425715,MYO1E,GO_Biological_Process_2023
GO_Biological_Process_2023,Internal Peptidyl-Lysine Acetylation (GO:0018393),1/39,0.442365371126227,0.7053934296337132,0,0,1.7483108108108107,1.4259557020425715,TAF10,GO_Biological_Process_2023
GO_Biological_Process_2023,Negative Regulation Of Cell-Substrate Adhesion (GO:0010812),1/39,0.442365371126227,0.7053934296337132,0,0,1.7483108108108107,1.4259557020425715,AP1AR,GO_Biological_Process_2023
GO_Biological_Process_2023,Hemopoiesis (GO:0030097),2/101,0.4437887502522582,0.7068325517515428,0,0,1.3425098442047594,1.0906638814813672,ZBTB16;GLRX5,GO_Biological_Process_2023
GO_Biological_Process_2023,Regulation Of RNA Splicing (GO:0043484),2/102,0.4487924949374235,0.7086313871705536,0,0,1.3290169491525423,1.0648012659963533,TAF10;HABP4,GO_Biological_Process_2023
GO_Biological_Process_2023,Negative Regulation Of Mitotic Cell Cycle Phase Transition (GO:1901991),1/40,0.4506624076110447,0.7086313871705536,0,0,1.7033957033957037,1.357668995258711,CDKN1A,GO_Biological_Process_2023
GO_Biological_Process_2023,Notch Signaling Pathway (GO:0007219),1/40,0.4506624076110447,0.7086313871705536,0,0,1.7033957033957037,1.357668995258711,DTX1,GO_Biological_Process_2023
GO_Biological_Process_2023,Nucleic Acid-Templated Transcription (GO:0097659),1/40,0.4506624076110447,0.7086313871705536,0,0,1.7033957033957037,1.357668995258711,DTX1,GO_Biological_Process_2023
GO_Biological_Process_2023,Cellular Response To Heat (GO:0034605),1/40,0.4506624076110447,0.7086313871705536,0,0,1.7033957033957037,1.357668995258711,HSPA1B,GO_Biological_Process_2023
GO_Biological_Process_2023,Cyclic-Nucleotide-Mediated Signaling (GO:0019935),1/40,0.4506624076110447,0.7086313871705536,0,0,1.7033957033957037,1.357668995258711,PDE3A,GO_Biological_Process_2023
GO_Biological_Process_2023,Positive Regulation Of Insulin Secretion (GO:0032024),1/40,0.4506624076110447,0.7086313871705536,0,0,1.7033957033957037,1.357668995258711,GLUD1,GO_Biological_Process_2023
GO_Biological_Process_2023,Synaptic Vesicle Endocytosis (GO:0048488),1/40,0.4506624076110447,0.7086313871705536,0,0,1.7033957033957037,1.357668995258711,SH3GL3,GO_Biological_Process_2023
GO_Biological_Process_2023,Positive Regulation Of Monoatomic Ion Transport (GO:0043270),1/40,0.4506624076110447,0.7086313871705536,0,0,1.7033957033957037,1.357668995258711,CACNA1D,GO_Biological_Process_2023
GO_Biological_Process_2023,Protein Deacetylation (GO:0006476),1/40,0.4506624076110447,0.7086313871705536,0,0,1.7033957033957037,1.357668995258711,FLNA,GO_Biological_Process_2023
GO_Biological_Process_2023,Protein Localization To Chromosome (GO:0034502),1/40,0.4506624076110447,0.7086313871705536,0,0,1.7033957033957037,1.357668995258711,BOD1,GO_Biological_Process_2023
GO_Biological_Process_2023,Regulation Of Cell Cycle (GO:0051726),5/298,0.454860481574952,0.7118748391605719,0,0,1.1343447566506148,0.8935965765066507,CDKN1A;JUND;NUPR2;INSM2;HRAS,GO_Biological_Process_2023
GO_Biological_Process_2023,Positive Regulation Of Macromolecule Metabolic Process (GO:0010604),6/364,0.4559451310157023,0.7118748391605719,0,0,1.114150780395093,0.8750348633476824,EGR1;CALCR;NKX2-1;MT3;VSIR;HSPA1B,GO_Biological_Process_2023
GO_Biological_Process_2023,Protein Modification By Small Protein Conjugation (GO:0032446),6/364,0.4559451310157023,0.7118748391605719,0,0,1.114150780395093,0.8750348633476824,BRAP;HACE1;NSMCE4A;EYA1;DTX1;FBXO32,GO_Biological_Process_2023
GO_Biological_Process_2023,Regulation Of Chemokine Production (GO:0032642),1/41,0.4588364018658979,0.7118748391605719,0,0,1.6607263513513513,1.2938080543866215,EGR1,GO_Biological_Process_2023
GO_Biological_Process_2023,DNA Duplex Unwinding (GO:0032508),1/41,0.4588364018658979,0.7118748391605719,0,0,1.6607263513513513,1.2938080543866215,CDC45,GO_Biological_Process_2023
GO_Biological_Process_2023,Negative Regulation Of mRNA Catabolic Process (GO:1902373),1/41,0.4588364018658979,0.7118748391605719,0,0,1.6607263513513513,1.2938080543866215,HNRNPAB,GO_Biological_Process_2023
GO_Biological_Process_2023,Regulation Of Heart Rate By Cardiac Conduction (GO:0086091),1/41,0.4588364018658979,0.7118748391605719,0,0,1.6607263513513513,1.2938080543866215,CACNA1D,GO_Biological_Process_2023
GO_Biological_Process_2023,Cellular Response To Retinoic Acid (GO:0071300),1/41,0.4588364018658979,0.7118748391605719,0,0,1.6607263513513513,1.2938080543866215,WNT9A,GO_Biological_Process_2023
GO_Biological_Process_2023,Positive Regulation Of Ossification (GO:0045778),1/41,0.4588364018658979,0.7118748391605719,0,0,1.6607263513513513,1.2938080543866215,ZBTB16,GO_Biological_Process_2023
GO_Biological_Process_2023,Positive Regulation Of Viral Process (GO:0048524),1/41,0.4588364018658979,0.7118748391605719,0,0,1.6607263513513513,1.2938080543866215,IFIT1,GO_Biological_Process_2023
GO_Biological_Process_2023,Protein Localization To Lysosome (GO:0061462),1/41,0.4588364018658979,0.7118748391605719,0,0,1.6607263513513513,1.2938080543866215,SZT2,GO_Biological_Process_2023
GO_Biological_Process_2023,Regulation Of Neuron Apoptotic Process (GO:0043523),2/105,0.4636500840101372,0.7118748391605719,0,0,1.2901102517689649,0.9916111735817728,EGR1;MT3,GO_Biological_Process_2023
GO_Biological_Process_2023,Intrinsic Apoptotic Signaling Pathway (GO:0097193),2/105,0.4636500840101372,0.7118748391605719,0,0,1.2901102517689649,0.9916111735817728,CDKN1A;FNIP2,GO_Biological_Process_2023
GO_Biological_Process_2023,Negative Regulation Of MAPK Cascade (GO:0043409),2/105,0.4636500840101372,0.7118748391605719,0,0,1.2901102517689649,0.9916111735817728,SEMA6A;DUSP9,GO_Biological_Process_2023
GO_Biological_Process_2023,Regulation Of Cell Migration (GO:0030334),7/434,0.4660550220772267,0.7118748391605719,0,0,1.089655172413793,0.8318989616173624,HACE1;NKX2-1;FLNA;FYN;CYRIB;HRAS;VSIR,GO_Biological_Process_2023
GO_Biological_Process_2023,Regulation Of Cell Population Proliferation (GO:0042127),12/766,0.4665831817895555,0.7118748391605719,0,0,1.0581599888314952,0.8066554266608,CDKN1A;JUND;CTF1;NR4A3;NUPR2;ROMO1;WNT9A;OPRM1;HRAS;HSPA1B;IL12RB2;COPS9,GO_Biological_Process_2023
GO_Biological_Process_2023,DNA Integrity Checkpoint Signaling (GO:0031570),1/42,0.4668891723308099,0.7118748391605719,0,0,1.6201384311140408,1.2340000937884972,CDC45,GO_Biological_Process_2023
GO_Biological_Process_2023,Branching Morphogenesis Of An Epithelial Tube (GO:0048754),1/42,0.4668891723308099,0.7118748391605719,0,0,1.6201384311140408,1.2340000937884972,NKX2-1,GO_Biological_Process_2023
GO_Biological_Process_2023,Cellular Response To Glucose Starvation (GO:0042149),1/42,0.4668891723308099,0.7118748391605719,0,0,1.6201384311140408,1.2340000937884972,SZT2,GO_Biological_Process_2023
GO_Biological_Process_2023,Collagen Fibril Organization (GO:0030199),1/42,0.4668891723308099,0.7118748391605719,0,0,1.6201384311140408,1.2340000937884972,PXDN,GO_Biological_Process_2023
GO_Biological_Process_2023,Determination Of Heart Left/Right Asymmetry (GO:0061371),1/42,0.4668891723308099,0.7118748391605719,0,0,1.6201384311140408,1.2340000937884972,MKKS,GO_Biological_Process_2023
GO_Biological_Process_2023,Embryonic Heart Tube Morphogenesis (GO:0003143),1/42,0.4668891723308099,0.7118748391605719,0,0,1.6201384311140408,1.2340000937884972,MKKS,GO_Biological_Process_2023
GO_Biological_Process_2023,Substantia Nigra Development (GO:0021762),1/42,0.4668891723308099,0.7118748391605719,0,0,1.6201384311140408,1.2340000937884972,GLUD1,GO_Biological_Process_2023
GO_Biological_Process_2023,Positive Regulation Of Neuron Differentiation (GO:0045666),1/42,0.4668891723308099,0.7118748391605719,0,0,1.6201384311140408,1.2340000937884972,ADRA2C,GO_Biological_Process_2023
GO_Biological_Process_2023,Lipid Modification (GO:0030258),1/42,0.4668891723308099,0.7118748391605719,0,0,1.6201384311140408,1.2340000937884972,SGPP1,GO_Biological_Process_2023
GO_Biological_Process_2023,Lysosome Localization (GO:0032418),1/42,0.4668891723308099,0.7118748391605719,0,0,1.6201384311140408,1.2340000937884972,NR4A3,GO_Biological_Process_2023
GO_Biological_Process_2023,Negative Regulation Of I-kappaB kinase/NF-kappaB Signaling (GO:0043124),1/42,0.4668891723308099,0.7118748391605719,0,0,1.6201384311140408,1.2340000937884972,PPM1B,GO_Biological_Process_2023
GO_Biological_Process_2023,Regulation Of Cellular Response To Stress (GO:0080135),2/107,0.4734237914687462,0.7175213222638797,0,0,1.265407586763519,0.9462266519617772,TAF10;OPRM1,GO_Biological_Process_2023
GO_Biological_Process_2023,Regulation Of Chromosome Organization (GO:0033044),1/43,0.4748225109749182,0.7175213222638797,0,0,1.581483268983269,1.1779112051028695,NSMCE4A,GO_Biological_Process_2023
GO_Biological_Process_2023,Regulation Of Endothelial Cell Apoptotic Process (GO:2000351),1/43,0.4748225109749182,0.7175213222638797,0,0,1.581483268983269,1.1779112051028695,PLCG1,GO_Biological_Process_2023
GO_Biological_Process_2023,Positive Regulation Of T Cell Mediated Immunity (GO:0002711),1/43,0.4748225109749182,0.7175213222638797,0,0,1.581483268983269,1.1779112051028695,CYRIB,GO_Biological_Process_2023
GO_Biological_Process_2023,Intracellular Steroid Hormone Receptor Signaling Pathway (GO:0030518),1/43,0.4748225109749182,0.7175213222638797,0,0,1.581483268983269,1.1779112051028695,MAPK1,GO_Biological_Process_2023
GO_Biological_Process_2023,Learning (GO:0007612),1/43,0.4748225109749182,0.7175213222638797,0,0,1.581483268983269,1.1779112051028695,FYN,GO_Biological_Process_2023
GO_Biological_Process_2023,mRNA Catabolic Process (GO:0006402),1/43,0.4748225109749182,0.7175213222638797,0,0,1.581483268983269,1.1779112051028695,HSPA1B,GO_Biological_Process_2023
GO_Biological_Process_2023,mRNA Transcription (GO:0009299),1/43,0.4748225109749182,0.7175213222638797,0,0,1.581483268983269,1.1779112051028695,TAF10,GO_Biological_Process_2023
GO_Biological_Process_2023,Positive Regulation Of DNA Metabolic Process (GO:0051054),2/108,0.4782703257609749,0.7211122040270745,0,0,1.253405820275024,0.9244860261966936,EYA1;HNRNPAB,GO_Biological_Process_2023
GO_Biological_Process_2023,Neural Crest Cell Development (GO:0014032),1/44,0.482638183086201,0.7211122040270745,0,0,1.5446260213702074,1.125241535558234,SEMA6A,GO_Biological_Process_2023
GO_Biological_Process_2023,Autophagosome Maturation (GO:0097352),1/44,0.482638183086201,0.7211122040270745,0,0,1.5446260213702074,1.125241535558234,UBQLN1,GO_Biological_Process_2023
GO_Biological_Process_2023,Bone Development (GO:0060348),1/44,0.482638183086201,0.7211122040270745,0,0,1.5446260213702074,1.125241535558234,SLC10A7,GO_Biological_Process_2023
GO_Biological_Process_2023,Phosphatidylinositol Phosphate Biosynthetic Process (GO:0046854),1/44,0.482638183086201,0.7211122040270745,0,0,1.5446260213702074,1.125241535558234,SOCS5,GO_Biological_Process_2023
GO_Biological_Process_2023,Positive Regulation Of Biosynthetic Process (GO:0009891),1/44,0.482638183086201,0.7211122040270745,0,0,1.5446260213702074,1.125241535558234,CREB3L1,GO_Biological_Process_2023
GO_Biological_Process_2023,Positive Regulation Of Cytokine-Mediated Signaling Pathway (GO:0001961),1/44,0.482638183086201,0.7211122040270745,0,0,1.5446260213702074,1.125241535558234,HSPA1B,GO_Biological_Process_2023
GO_Biological_Process_2023,Positive Regulation Of Nucleocytoplasmic Transport (GO:0046824),1/44,0.482638183086201,0.7211122040270745,0,0,1.5446260213702074,1.125241535558234,FLNA,GO_Biological_Process_2023
GO_Biological_Process_2023,Mitotic Spindle Assembly (GO:0090307),1/44,0.482638183086201,0.7211122040270745,0,0,1.5446260213702074,1.125241535558234,FLNA,GO_Biological_Process_2023
GO_Biological_Process_2023,Cellular Response To Salt (GO:1902075),2/109,0.4830896083938308,0.7211122040270745,0,0,1.241628385870426,0.9033506034283464,EGR1;FYN,GO_Biological_Process_2023
GO_Biological_Process_2023,Cellular Response To Cytokine Stimulus (GO:0071345),5/308,0.4834725654282148,0.7211122040270745,0,0,1.096342510963425,0.7967786587279216,EGR1;IFIT1;SLC26A6;IL12RB2;SOCS5,GO_Biological_Process_2023
GO_Biological_Process_2023,Adenylate Cyclase-Activating G Protein-Coupled Receptor Signaling Pathway (GO:0007189),2/110,0.4878813783242082,0.7211122040270745,0,0,1.2300690521029505,0.8827996227732985,CALCR;ADRA2C,GO_Biological_Process_2023
GO_Biological_Process_2023,Sensory Perception Of Chemical Stimulus (GO:0007606),2/110,0.4878813783242082,0.7211122040270745,0,0,1.2300690521029505,0.8827996227732985,MKKS;ITPR3,GO_Biological_Process_2023
GO_Biological_Process_2023,Positive Regulation Of MAPK Cascade (GO:0043410),5/310,0.4891351712715953,0.7211122040270745,0,0,1.0890410958904109,0.7787911521238675,CALCR;OPRM1;ADRA2C;HRAS;MT3,GO_Biological_Process_2023
GO_Biological_Process_2023,Positive Regulation Of Protein Phosphorylation (GO:0001934),6/377,0.4895837031686513,0.7211122040270745,0,0,1.0743879734348514,0.7673277126545386,CDKN1A;CALCR;MAPK1;HRAS;MT3;FNIP2,GO_Biological_Process_2023
GO_Biological_Process_2023,Negative Regulation Of Response To Biotic Stimulus (GO:0002832),1/45,0.490337928189702,0.7211122040270745,0,0,1.5094441031941033,1.075721153394038,PPM1B,GO_Biological_Process_2023
GO_Biological_Process_2023,Organic Hydroxy Compound Transport (GO:0015850),1/45,0.490337928189702,0.7211122040270745,0,0,1.5094441031941033,1.075721153394038,SLC5A11,GO_Biological_Process_2023
GO_Biological_Process_2023,Regulation Of Protein Modification Process (GO:0031399),1/45,0.490337928189702,0.7211122040270745,0,0,1.5094441031941033,1.075721153394038,FNIP2,GO_Biological_Process_2023
GO_Biological_Process_2023,Regulation Of Telomerase Activity (GO:0051972),1/45,0.490337928189702,0.7211122040270745,0,0,1.5094441031941033,1.075721153394038,MAPK1,GO_Biological_Process_2023
GO_Biological_Process_2023,Determination Of Left/Right Symmetry (GO:0007368),1/45,0.490337928189702,0.7211122040270745,0,0,1.5094441031941033,1.075721153394038,MKKS,GO_Biological_Process_2023
GO_Biological_Process_2023,Epidermal Growth Factor Receptor Signaling Pathway (GO:0007173),1/45,0.490337928189702,0.7211122040270745,0,0,1.5094441031941033,1.075721153394038,PLCG1,GO_Biological_Process_2023
GO_Biological_Process_2023,Positive Regulation Of mRNA Catabolic Process (GO:0061014),1/45,0.490337928189702,0.7211122040270745,0,0,1.5094441031941033,1.075721153394038,NANOS1,GO_Biological_Process_2023
GO_Biological_Process_2023,Regulation Of Apoptotic Signaling Pathway (GO:2001233),1/45,0.490337928189702,0.7211122040270745,0,0,1.5094441031941033,1.075721153394038,STYXL1,GO_Biological_Process_2023
GO_Biological_Process_2023,Negative Regulation Of Inflammatory Response (GO:0050728),2/111,0.4926453878553385,0.7211122040270745,0,0,1.2187218162027678,0.8628131927303123,FYN;PLCG1,GO_Biological_Process_2023
GO_Biological_Process_2023,Double-Strand Break Repair Via Homologous Recombination (GO:0000724),2/111,0.4926453878553385,0.7211122040270745,0,0,1.2187218162027678,0.8628131927303123,NSMCE4A;CDC45,GO_Biological_Process_2023
GO_Biological_Process_2023,Mitotic Sister Chromatid Segregation (GO:0000070),2/111,0.4926453878553385,0.7211122040270745,0,0,1.2187218162027678,0.8628131927303123,BOD1;FLNA,GO_Biological_Process_2023
GO_Biological_Process_2023,Regulation Of Protein Serine/Threonine Kinase Activity (GO:0071900),2/112,0.4973814029218329,0.7211122040270745,0,0,1.2075808936825887,0.8433722462903562,CDKN1A;HRAS,GO_Biological_Process_2023
GO_Biological_Process_2023,Regulation Of Fibroblast Proliferation (GO:0048145),1/46,0.4979234599656366,0.7211122040270745,0,0,1.475825825825826,1.029106495916669,CDKN1A,GO_Biological_Process_2023
GO_Biological_Process_2023,Regulation Of Interleukin-10 Production (GO:0032653),1/46,0.4979234599656366,0.7211122040270745,0,0,1.475825825825826,1.029106495916669,VSIR,GO_Biological_Process_2023
GO_Biological_Process_2023,Antiviral Innate Immune Response (GO:0140374),1/46,0.4979234599656366,0.7211122040270745,0,0,1.475825825825826,1.029106495916669,IFIT1,GO_Biological_Process_2023
GO_Biological_Process_2023,Cardiac Conduction (GO:0061337),1/46,0.4979234599656366,0.7211122040270745,0,0,1.475825825825826,1.029106495916669,CACNA1D,GO_Biological_Process_2023
GO_Biological_Process_2023,Response To Hydrogen Peroxide (GO:0042542),1/46,0.4979234599656366,0.7211122040270745,0,0,1.475825825825826,1.029106495916669,FYN,GO_Biological_Process_2023
GO_Biological_Process_2023,Epithelial Cell Migration (GO:0010631),1/46,0.4979234599656366,0.7211122040270745,0,0,1.475825825825826,1.029106495916669,NANOS1,GO_Biological_Process_2023
GO_Biological_Process_2023,Positive Regulation Of Peptide Hormone Secretion (GO:0090277),1/46,0.4979234599656366,0.7211122040270745,0,0,1.475825825825826,1.029106495916669,GLUD1,GO_Biological_Process_2023
GO_Biological_Process_2023,Homotypic Cell-Cell Adhesion (GO:0034109),1/46,0.4979234599656366,0.7211122040270745,0,0,1.475825825825826,1.029106495916669,FLNA,GO_Biological_Process_2023
GO_Biological_Process_2023,Intracellular Protein Transmembrane Transport (GO:0065002),1/46,0.4979234599656366,0.7211122040270745,0,0,1.475825825825826,1.029106495916669,ROMO1,GO_Biological_Process_2023
GO_Biological_Process_2023,Mitotic G2/M Transition Checkpoint (GO:0044818),1/46,0.4979234599656366,0.7211122040270745,0,0,1.475825825825826,1.029106495916669,CDKN1A,GO_Biological_Process_2023
GO_Biological_Process_2023,Negative Regulation Of Cellular Metabolic Process (GO:0031324),1/46,0.4979234599656366,0.7211122040270745,0,0,1.475825825825826,1.029106495916669,MT3,GO_Biological_Process_2023
GO_Biological_Process_2023,Negative Regulation Of Cold-Induced Thermogenesis (GO:0120163),1/46,0.4979234599656366,0.7211122040270745,0,0,1.475825825825826,1.029106495916669,LNPEP,GO_Biological_Process_2023
GO_Biological_Process_2023,Negative Regulation Of Programmed Cell Death (GO:0043069),6/381,0.4998047141434296,0.7230650288834051,0,0,1.0627079037800686,0.7370281319876433,MGMT;ANXA4;BAG1;FLNA;MT3;HSPA1B,GO_Biological_Process_2023
GO_Biological_Process_2023,Regulation Of Protein Ubiquitination (GO:0031396),2/113,0.5020892022329526,0.7255964296380369,0,0,1.1966407085051154,0.824458501468522,UBQLN1;HSPA1B,GO_Biological_Process_2023
GO_Biological_Process_2023,Negative Regulation Of Tumor Necrosis Factor Production (GO:0032720),1/47,0.5053964669751628,0.7265074212767966,0,0,1.4436692126909518,0.9851773024746344,VSIR,GO_Biological_Process_2023
GO_Biological_Process_2023,Regulation Of Wound Healing (GO:0061041),1/47,0.5053964669751628,0.7265074212767966,0,0,1.4436692126909518,0.9851773024746344,HRAS,GO_Biological_Process_2023
GO_Biological_Process_2023,Epithelial To Mesenchymal Transition (GO:0001837),1/47,0.5053964669751628,0.7265074212767966,0,0,1.4436692126909518,0.9851773024746344,HNRNPAB,GO_Biological_Process_2023
GO_Biological_Process_2023,Positive Regulation Of Lymphocyte Activation (GO:0051251),1/47,0.5053964669751628,0.7265074212767966,0,0,1.4436692126909518,0.9851773024746344,CYRIB,GO_Biological_Process_2023
GO_Biological_Process_2023,Protein Monoubiquitination (GO:0006513),1/47,0.5053964669751628,0.7265074212767966,0,0,1.4436692126909518,0.9851773024746344,FANCE,GO_Biological_Process_2023
GO_Biological_Process_2023,Response To Endoplasmic Reticulum Stress (GO:0034976),2/114,0.5067685772976356,0.7269397033751496,0,0,1.1858958837772398,0.8060544219906529,CREB3L1;UBQLN1,GO_Biological_Process_2023
GO_Biological_Process_2023,Negative Regulation Of Canonical Wnt Signaling Pathway (GO:0090090),2/114,0.5067685772976356,0.7269397033751496,0,0,1.1858958837772398,0.8060544219906529,IGFBP2;TMEM131L,GO_Biological_Process_2023
GO_Biological_Process_2023,DNA Damage Response (GO:0006974),6/384,0.5074244218594502,0.7271118695493917,0,0,1.0541100747286314,0.7151161822087526,CDKN1A;NSMCE4A;MGMT;NUPR2;BAZ1B;FNIP2,GO_Biological_Process_2023
GO_Biological_Process_2023,Cellular Response To Radiation (GO:0071478),1/48,0.5127586128883126,0.7286119414231692,0,0,1.4128809660724555,0.9437339609998968,CDKN1A,GO_Biological_Process_2023
GO_Biological_Process_2023,Regulation Of Tumor Necrosis Factor-Mediated Signaling Pathway (GO:0010803),1/48,0.5127586128883126,0.7286119414231692,0,0,1.4128809660724555,0.9437339609998968,HSPA1B,GO_Biological_Process_2023
GO_Biological_Process_2023,Cytoplasmic Microtubule Organization (GO:0031122),1/48,0.5127586128883126,0.7286119414231692,0,0,1.4128809660724555,0.9437339609998968,FYN,GO_Biological_Process_2023
GO_Biological_Process_2023,"Retrograde Vesicle-Mediated Transport, Golgi To Endoplasmic Reticulum (GO:0006890)",1/48,0.5127586128883126,0.7286119414231692,0,0,1.4128809660724555,0.9437339609998968,KDELR2,GO_Biological_Process_2023
GO_Biological_Process_2023,Post-Translational Protein Modification (GO:0043687),1/48,0.5127586128883126,0.7286119414231692,0,0,1.4128809660724555,0.9437339609998968,BAZ1B,GO_Biological_Process_2023
GO_Biological_Process_2023,Regulation Of DNA Binding (GO:0051101),1/48,0.5127586128883126,0.7286119414231692,0,0,1.4128809660724555,0.9437339609998968,HABP4,GO_Biological_Process_2023
GO_Biological_Process_2023,Negative Regulation Of ERK1 And ERK2 Cascade (GO:0070373),1/48,0.5127586128883126,0.7286119414231692,0,0,1.4128809660724555,0.9437339609998968,SEMA6A,GO_Biological_Process_2023
GO_Biological_Process_2023,Macromolecule Biosynthetic Process (GO:0009059),3/183,0.5127666942219061,0.7286119414231692,0,0,1.1067460317460318,0.7392336629415323,RPL35A;RPL38;RPS21,GO_Biological_Process_2023
GO_Biological_Process_2023,Positive Regulation Of Cytokine Production (GO:0001819),5/320,0.5170998658549539,0.7313671682707275,0,0,1.0539247662535334,0.6950836808791618,EGR1;PTGS2;CYRIB;HSPA1B;IL12RB2,GO_Biological_Process_2023
GO_Biological_Process_2023,Negative Regulation Of Tumor Necrosis Factor Superfamily Cytokine Production (GO:1903556),1/49,0.5200115368245155,0.7313671682707275,0,0,1.383375563063063,0.9045952035427076,VSIR,GO_Biological_Process_2023
GO_Biological_Process_2023,Antibacterial Humoral Response (GO:0019731),1/49,0.5200115368245155,0.7313671682707275,0,0,1.383375563063063,0.9045952035427076,H2BC21,GO_Biological_Process_2023
GO_Biological_Process_2023,Fatty Acid Beta-Oxidation (GO:0006635),1/49,0.5200115368245155,0.7313671682707275,0,0,1.383375563063063,0.9045952035427076,ECHDC2,GO_Biological_Process_2023
GO_Biological_Process_2023,Positive Regulation Of Nervous System Development (GO:0051962),1/49,0.5200115368245155,0.7313671682707275,0,0,1.383375563063063,0.9045952035427076,OPRM1,GO_Biological_Process_2023
GO_Biological_Process_2023,Unsaturated Fatty Acid Metabolic Process (GO:0033559),1/49,0.5200115368245155,0.7313671682707275,0,0,1.383375563063063,0.9045952035427076,PTGR1,GO_Biological_Process_2023
GO_Biological_Process_2023,Intrinsic Apoptotic Signaling Pathway In Response To DNA Damage (GO:0008630),1/49,0.5200115368245155,0.7313671682707275,0,0,1.383375563063063,0.9045952035427076,FNIP2,GO_Biological_Process_2023
GO_Biological_Process_2023,Negative Regulation Of DNA Metabolic Process (GO:0051053),1/49,0.5200115368245155,0.7313671682707275,0,0,1.383375563063063,0.9045952035427076,CDKN1A,GO_Biological_Process_2023
GO_Biological_Process_2023,Negative Regulation Of T Cell Activation (GO:0050868),1/49,0.5200115368245155,0.7313671682707275,0,0,1.383375563063063,0.9045952035427076,VSIR,GO_Biological_Process_2023
GO_Biological_Process_2023,Protein Maturation (GO:0051604),2/117,0.520634255379162,0.7313671682707275,0,0,1.154782608695652,0.7537352566086489,LIPT2;F12,GO_Biological_Process_2023
GO_Biological_Process_2023,Protein Processing (GO:0016485),2/117,0.520634255379162,0.7313671682707275,0,0,1.154782608695652,0.7537352566086489,F12;VSIR,GO_Biological_Process_2023
GO_Biological_Process_2023,Negative Regulation Of Macromolecule Metabolic Process (GO:0010605),3/186,0.5236839876240039,0.731443609984249,0,0,1.08843537414966,0.7040727658651813,CREB3L1;AP1AR;HRAS,GO_Biological_Process_2023
GO_Biological_Process_2023,Regulation Of Protein Binding (GO:0043393),2/118,0.5251980906829247,0.731443609984249,0,0,1.144769140853302,0.7372081702845619,CDKN1A;IFIT1,GO_Biological_Process_2023
GO_Biological_Process_2023,Regulation Of Small GTPase Mediated Signal Transduction (GO:0051056),2/118,0.5251980906829247,0.731443609984249,0,0,1.144769140853302,0.7372081702845619,CYRIB;CGNL1,GO_Biological_Process_2023
GO_Biological_Process_2023,Ribonucleoprotein Complex Biogenesis (GO:0022613),2/118,0.5251980906829247,0.731443609984249,0,0,1.144769140853302,0.7372081702845619,RPL35A;RPL38,GO_Biological_Process_2023
GO_Biological_Process_2023,"G Protein-Coupled Receptor Signaling Pathway, Coupled To Cyclic Nucleotide Second Messenger (GO:0007187)",1/50,0.5271568537690461,0.731443609984249,0,0,1.3550744622173194,0.8675960989751744,OPRM1,GO_Biological_Process_2023
GO_Biological_Process_2023,Regulation Of Interferon-Beta Production (GO:0032648),1/50,0.5271568537690461,0.731443609984249,0,0,1.3550744622173194,0.8675960989751744,PPM1B,GO_Biological_Process_2023
GO_Biological_Process_2023,Regulation Of Mitochondrion Organization (GO:0010821),1/50,0.5271568537690461,0.731443609984249,0,0,1.3550744622173194,0.8675960989751744,CYRIB,GO_Biological_Process_2023
GO_Biological_Process_2023,Nucleocytoplasmic Transport (GO:0006913),1/50,0.5271568537690461,0.731443609984249,0,0,1.3550744622173194,0.8675960989751744,CDAN1,GO_Biological_Process_2023
GO_Biological_Process_2023,Positive Regulation Of Developmental Growth (GO:0048639),1/50,0.5271568537690461,0.731443609984249,0,0,1.3550744622173194,0.8675960989751744,ISLR2,GO_Biological_Process_2023
GO_Biological_Process_2023,Mitotic Metaphase Plate Congression (GO:0007080),1/50,0.5271568537690461,0.731443609984249,0,0,1.3550744622173194,0.8675960989751744,BOD1,GO_Biological_Process_2023
GO_Biological_Process_2023,Pyruvate Metabolic Process (GO:0006090),1/50,0.5271568537690461,0.731443609984249,0,0,1.3550744622173194,0.8675960989751744,NR4A3,GO_Biological_Process_2023
GO_Biological_Process_2023,Regulation Of TORC1 Signaling (GO:1903432),1/50,0.5271568537690461,0.731443609984249,0,0,1.3550744622173194,0.8675960989751744,SZT2,GO_Biological_Process_2023
GO_Biological_Process_2023,Axonogenesis (GO:0007409),3/188,0.5308876111776827,0.7318578996637578,0,0,1.076558190843905,0.6816819594453207,SEMA6A;EPHA10;FYN,GO_Biological_Process_2023
GO_Biological_Process_2023,Cytokine-Mediated Signaling Pathway (GO:0019221),4/257,0.5321846548482675,0.7318578996637578,0,0,1.0495217796004264,0.6620013474261859,EGR1;MT3;IL12RB2;SOCS5,GO_Biological_Process_2023
GO_Biological_Process_2023,RNA Modification (GO:0009451),1/51,0.5341961548522766,0.7318578996637578,0,0,1.3279054054054054,0.8325863000390515,HNRNPAB,GO_Biological_Process_2023
GO_Biological_Process_2023,SMAD Protein Signal Transduction (GO:0060395),1/51,0.5341961548522766,0.7318578996637578,0,0,1.3279054054054054,0.8325863000390515,FOS,GO_Biological_Process_2023
GO_Biological_Process_2023,Amide Biosynthetic Process (GO:0043604),1/51,0.5341961548522766,0.7318578996637578,0,0,1.3279054054054054,0.8325863000390515,GLUD1,GO_Biological_Process_2023
GO_Biological_Process_2023,Regulation Of Release Of Sequestered Calcium Ion Into Cytosol (GO:0051279),1/51,0.5341961548522766,0.7318578996637578,0,0,1.3279054054054054,0.8325863000390515,PLCG1,GO_Biological_Process_2023
GO_Biological_Process_2023,Regulation Of Stress-Activated MAPK Cascade (GO:0032872),1/51,0.5341961548522766,0.7318578996637578,0,0,1.3279054054054054,0.8325863000390515,MAPK1,GO_Biological_Process_2023
GO_Biological_Process_2023,Regulation Of Telomere Maintenance Via Telomerase (GO:0032210),1/51,0.5341961548522766,0.7318578996637578,0,0,1.3279054054054054,0.8325863000390515,MAPK1,GO_Biological_Process_2023
GO_Biological_Process_2023,Positive Regulation Of Ras Protein Signal Transduction (GO:0046579),1/51,0.5341961548522766,0.7318578996637578,0,0,1.3279054054054054,0.8325863000390515,F11R,GO_Biological_Process_2023
GO_Biological_Process_2023,Sensory Perception (GO:0007600),1/51,0.5341961548522766,0.7318578996637578,0,0,1.3279054054054054,0.8325863000390515,OPRM1,GO_Biological_Process_2023
GO_Biological_Process_2023,Positive Regulation Of Leukocyte Mediated Cytotoxicity (GO:0001912),1/51,0.5341961548522766,0.7318578996637578,0,0,1.3279054054054054,0.8325863000390515,CYRIB,GO_Biological_Process_2023
GO_Biological_Process_2023,Metaphase Plate Congression (GO:0051310),1/51,0.5341961548522766,0.7318578996637578,0,0,1.3279054054054054,0.8325863000390515,BOD1,GO_Biological_Process_2023
GO_Biological_Process_2023,Endocytosis (GO:0006897),3/189,0.5344666017441297,0.7318578996637578,0,0,1.0707153829273646,0.670788235412983,MYO1E;ZFYVE9;MAPK1,GO_Biological_Process_2023
GO_Biological_Process_2023,Intracellular Monoatomic Cation Homeostasis (GO:0030003),3/190,0.538030189112471,0.7322170369116843,0,0,1.0649350649350648,0.6600899968548316,SLC10A7;ATP2C2;MT3,GO_Biological_Process_2023
GO_Biological_Process_2023,Arachidonic Acid Metabolic Process (GO:0019369),1/52,0.5411310078362416,0.7322170369116843,0,0,1.3018018018018018,0.7994285074687554,PTGS2,GO_Biological_Process_2023
GO_Biological_Process_2023,Cartilage Development (GO:0051216),1/52,0.5411310078362416,0.7322170369116843,0,0,1.3018018018018018,0.7994285074687554,ZBTB16,GO_Biological_Process_2023
GO_Biological_Process_2023,Cell Cycle G1/S Phase Transition (GO:0044843),1/52,0.5411310078362416,0.7322170369116843,0,0,1.3018018018018018,0.7994285074687554,CDKN1A,GO_Biological_Process_2023
GO_Biological_Process_2023,Fatty Acid Oxidation (GO:0019395),1/52,0.5411310078362416,0.7322170369116843,0,0,1.3018018018018018,0.7994285074687554,ECHDC2,GO_Biological_Process_2023
GO_Biological_Process_2023,Icosanoid Metabolic Process (GO:0006690),1/52,0.5411310078362416,0.7322170369116843,0,0,1.3018018018018018,0.7994285074687554,PTGR1,GO_Biological_Process_2023
GO_Biological_Process_2023,Positive Regulation Of Telomere Maintenance (GO:0032206),1/52,0.5411310078362416,0.7322170369116843,0,0,1.3018018018018018,0.7994285074687554,MAPK1,GO_Biological_Process_2023
GO_Biological_Process_2023,Positive Regulation Of Transcription Initiation By RNA Polymerase II (GO:0060261),1/52,0.5411310078362416,0.7322170369116843,0,0,1.3018018018018018,0.7994285074687554,TAF10,GO_Biological_Process_2023
GO_Biological_Process_2023,Regulation Of Protein Catabolic Process (GO:0042176),2/122,0.5431592165142257,0.7322170369116843,0,0,1.1063841807909605,0.6752846667018307,ODC1;FLNA,GO_Biological_Process_2023
GO_Biological_Process_2023,Protein Localization To Membrane (GO:0072657),3/192,0.5451106143419974,0.7322170369116843,0,0,1.0535579311089516,0.6392637035169412,SLMAP;FLNA;F11R,GO_Biological_Process_2023
GO_Biological_Process_2023,Organonitrogen Compound Biosynthetic Process (GO:1901566),2/123,0.547575326657666,0.7322170369116843,0,0,1.0971844796189942,0.6607851062871067,CHKA;SGPP1,GO_Biological_Process_2023
GO_Biological_Process_2023,Positive Regulation Of Epithelial Cell Proliferation (GO:0050679),2/123,0.547575326657666,0.7322170369116843,0,0,1.0971844796189942,0.6607851062871067,NR4A3;HRAS,GO_Biological_Process_2023
GO_Biological_Process_2023,Modulation Of Chemical Synaptic Transmission (GO:0050804),2/123,0.547575326657666,0.7322170369116843,0,0,1.0971844796189942,0.6607851062871067,TPRG1L;NPTX2,GO_Biological_Process_2023
GO_Biological_Process_2023,Regulation Of Cyclin-Dependent Protein Kinase Activity (GO:1904029),1/53,0.5479629574337679,0.7322170369116843,0,0,1.276702182952183,0.7679971216123657,CDKN1A,GO_Biological_Process_2023
GO_Biological_Process_2023,Negative Regulation Of Metabolic Process (GO:0009892),1/53,0.5479629574337679,0.7322170369116843,0,0,1.276702182952183,0.7679971216123657,LNPEP,GO_Biological_Process_2023
GO_Biological_Process_2023,NADH Dehydrogenase Complex Assembly (GO:0010257),1/53,0.5479629574337679,0.7322170369116843,0,0,1.276702182952183,0.7679971216123657,NDUFB1,GO_Biological_Process_2023
GO_Biological_Process_2023,Actin Cytoskeleton Reorganization (GO:0031532),1/53,0.5479629574337679,0.7322170369116843,0,0,1.276702182952183,0.7679971216123657,FLNA,GO_Biological_Process_2023
GO_Biological_Process_2023,Negative Regulation Of Viral Genome Replication (GO:0045071),1/53,0.5479629574337679,0.7322170369116843,0,0,1.276702182952183,0.7679971216123657,IFIT1,GO_Biological_Process_2023
GO_Biological_Process_2023,Positive Regulation Of Chemokine Production (GO:0032722),1/53,0.5479629574337679,0.7322170369116843,0,0,1.276702182952183,0.7679971216123657,EGR1,GO_Biological_Process_2023
GO_Biological_Process_2023,Spermatid Development (GO:0007286),1/53,0.5479629574337679,0.7322170369116843,0,0,1.276702182952183,0.7679971216123657,MKKS,GO_Biological_Process_2023
GO_Biological_Process_2023,Mitochondrial Respiratory Chain Complex I Assembly (GO:0032981),1/53,0.5479629574337679,0.7322170369116843,0,0,1.276702182952183,0.7679971216123657,NDUFB1,GO_Biological_Process_2023
GO_Biological_Process_2023,Mitochondrial Transport (GO:0006839),1/53,0.5479629574337679,0.7322170369116843,0,0,1.276702182952183,0.7679971216123657,TOMM7,GO_Biological_Process_2023
GO_Biological_Process_2023,Negative Regulation Of Cysteine-Type Endopeptidase Activity (GO:2000117),1/53,0.5479629574337679,0.7322170369116843,0,0,1.276702182952183,0.7679971216123657,MT3,GO_Biological_Process_2023
GO_Biological_Process_2023,Regulation Of DNA Metabolic Process (GO:0051052),2/124,0.5519615564683712,0.7322170369116843,0,0,1.088135593220339,0.6466538244955878,NSMCE4A;TAF10,GO_Biological_Process_2023
GO_Biological_Process_2023,Regulation Of Focal Adhesion Assembly (GO:0051893),1/54,0.554693525383354,0.7322170369116843,0,0,1.2525497195308517,0.738177055838285,FYN,GO_Biological_Process_2023
GO_Biological_Process_2023,Negative Regulation Of Neuron Projection Development (GO:0010977),1/54,0.554693525383354,0.7322170369116843,0,0,1.2525497195308517,0.738177055838285,MT3,GO_Biological_Process_2023
GO_Biological_Process_2023,Negative Regulation Of Protein Catabolic Process (GO:0042177),1/54,0.554693525383354,0.7322170369116843,0,0,1.2525497195308517,0.738177055838285,FLNA,GO_Biological_Process_2023
GO_Biological_Process_2023,Negative Regulation Of Protein Ubiquitination (GO:0031397),1/54,0.554693525383354,0.7322170369116843,0,0,1.2525497195308517,0.738177055838285,HSPA1B,GO_Biological_Process_2023
GO_Biological_Process_2023,Regulation Of Myoblast Differentiation (GO:0045661),1/54,0.554693525383354,0.7322170369116843,0,0,1.2525497195308517,0.738177055838285,XKR8,GO_Biological_Process_2023
GO_Biological_Process_2023,Nucleosome Assembly (GO:0006334),1/54,0.554693525383354,0.7322170369116843,0,0,1.2525497195308517,0.738177055838285,H2BC21,GO_Biological_Process_2023
GO_Biological_Process_2023,Peptidyl-Tyrosine Modification (GO:0018212),1/54,0.554693525383354,0.7322170369116843,0,0,1.2525497195308517,0.738177055838285,FYN,GO_Biological_Process_2023
GO_Biological_Process_2023,Regulation Of Smooth Muscle Cell Proliferation (GO:0048660),1/54,0.554693525383354,0.7322170369116843,0,0,1.2525497195308517,0.738177055838285,NR4A3,GO_Biological_Process_2023
GO_Biological_Process_2023,Ribosomal Large Subunit Biogenesis (GO:0042273),1/54,0.554693525383354,0.7322170369116843,0,0,1.2525497195308517,0.738177055838285,RPL35A,GO_Biological_Process_2023
GO_Biological_Process_2023,Positive Regulation Of Leukocyte Chemotaxis (GO:0002690),1/54,0.554693525383354,0.7322170369116843,0,0,1.2525497195308517,0.738177055838285,MAPK1,GO_Biological_Process_2023
GO_Biological_Process_2023,Mesenchymal Cell Differentiation (GO:0048762),1/54,0.554693525383354,0.7322170369116843,0,0,1.2525497195308517,0.738177055838285,HNRNPAB,GO_Biological_Process_2023
GO_Biological_Process_2023,Negative Regulation Of TOR Signaling (GO:0032007),1/54,0.554693525383354,0.7322170369116843,0,0,1.2525497195308517,0.738177055838285,SZT2,GO_Biological_Process_2023
GO_Biological_Process_2023,Regulation Of Blood Vessel Endothelial Cell Migration (GO:0043535),1/54,0.554693525383354,0.7322170369116843,0,0,1.2525497195308517,0.738177055838285,PLCG1,GO_Biological_Process_2023
GO_Biological_Process_2023,Phosphatidylcholine Metabolic Process (GO:0046470),1/55,0.5613242111155465,0.7388137288882606,0,0,1.2292917917917918,0.7098626879520755,CHKA,GO_Biological_Process_2023
GO_Biological_Process_2023,"Regulation Of Synaptic Transmission, Glutamatergic (GO:0051966)",1/55,0.5613242111155465,0.7388137288882606,0,0,1.2292917917917918,0.7098626879520755,TPRG1L,GO_Biological_Process_2023
GO_Biological_Process_2023,Positive Regulation Of Tyrosine Phosphorylation Of STAT Protein (GO:0042531),1/55,0.5613242111155465,0.7388137288882606,0,0,1.2292917917917918,0.7098626879520755,CTF1,GO_Biological_Process_2023
GO_Biological_Process_2023,Negative Regulation Of Signal Transduction (GO:0009968),4/267,0.5623428591939309,0.7394372673703141,0,0,1.009096925732231,0.5808801319456735,BRAP;SEMA6A;CREB3L1;SOCS5,GO_Biological_Process_2023
GO_Biological_Process_2023,Regulation Of Response To External Stimulus (GO:0032101),2/127,0.5649401187740045,0.7421333409257735,0,0,1.0618576271186442,0.6063584412995854,CYRIB;PTGS2,GO_Biological_Process_2023
GO_Biological_Process_2023,RNA Polymerase II Preinitiation Complex Assembly (GO:0051123),1/56,0.5678564920426711,0.742203813972116,0,0,1.2068796068796068,0.6829569334277433,TAF10,GO_Biological_Process_2023
GO_Biological_Process_2023,Peptide Metabolic Process (GO:0006518),1/56,0.5678564920426711,0.742203813972116,0,0,1.2068796068796068,0.6829569334277433,LNPEP,GO_Biological_Process_2023
GO_Biological_Process_2023,Cellular Response To Peptide (GO:1901653),1/56,0.5678564920426711,0.742203813972116,0,0,1.2068796068796068,0.6829569334277433,FYN,GO_Biological_Process_2023
GO_Biological_Process_2023,Positive Regulation Of DNA-templated Transcription Initiation (GO:2000144),1/56,0.5678564920426711,0.742203813972116,0,0,1.2068796068796068,0.6829569334277433,TAF10,GO_Biological_Process_2023
GO_Biological_Process_2023,Mitotic DNA Damage Checkpoint Signaling (GO:0044773),1/56,0.5678564920426711,0.742203813972116,0,0,1.2068796068796068,0.6829569334277433,CDKN1A,GO_Biological_Process_2023
GO_Biological_Process_2023,DNA-templated Transcription (GO:0006351),3/199,0.569388315048422,0.742203813972116,0,0,1.0155664306538943,0.5719595248207332,TAF10;NKX2-1;DTX1,GO_Biological_Process_2023
GO_Biological_Process_2023,Positive Regulation Of Gene Expression (GO:0010628),7/480,0.5724087081796411,0.742203813972116,0,0,0.9813370270467304,0.5474899076922224,EGR1;CALCR;HABP4;NKX2-1;MT3;VSIR;HSPA1B,GO_Biological_Process_2023
GO_Biological_Process_2023,Regulation Of DNA Repair (GO:0006282),2/129,0.5734416991483284,0.742203813972116,0,0,1.0450286934472175,0.5811394172081666,EYA1;TAF10,GO_Biological_Process_2023
GO_Biological_Process_2023,RNA Catabolic Process (GO:0006401),1/57,0.5742918236335459,0.742203813972116,0,0,1.1852678571428572,0.6573704241389675,HSPA1B,GO_Biological_Process_2023
GO_Biological_Process_2023,Regulation Of Transcription Initiation By RNA Polymerase II (GO:0060260),1/57,0.5742918236335459,0.742203813972116,0,0,1.1852678571428572,0.6573704241389675,TAF10,GO_Biological_Process_2023
GO_Biological_Process_2023,Striated Muscle Contraction (GO:0006941),1/57,0.5742918236335459,0.742203813972116,0,0,1.1852678571428572,0.6573704241389675,CCDC78,GO_Biological_Process_2023
GO_Biological_Process_2023,Positive Regulation Of Interleukin-1 Beta Production (GO:0032731),1/57,0.5742918236335459,0.742203813972116,0,0,1.1852678571428572,0.6573704241389675,EGR1,GO_Biological_Process_2023
GO_Biological_Process_2023,Post-Transcriptional Regulation Of Gene Expression (GO:0010608),1/57,0.5742918236335459,0.742203813972116,0,0,1.1852678571428572,0.6573704241389675,NANOS1,GO_Biological_Process_2023
GO_Biological_Process_2023,Membrane Lipid Biosynthetic Process (GO:0046467),1/57,0.5742918236335459,0.742203813972116,0,0,1.1852678571428572,0.6573704241389675,SGPP1,GO_Biological_Process_2023
GO_Biological_Process_2023,Monoatomic Anion Transport (GO:0006820),1/57,0.5742918236335459,0.742203813972116,0,0,1.1852678571428572,0.6573704241389675,SLC26A6,GO_Biological_Process_2023
GO_Biological_Process_2023,Myeloid Cell Differentiation (GO:0030099),1/57,0.5742918236335459,0.742203813972116,0,0,1.1852678571428572,0.6573704241389675,ZBTB16,GO_Biological_Process_2023
GO_Biological_Process_2023,Regulation Of Calcium Ion Transport (GO:0051924),1/57,0.5742918236335459,0.742203813972116,0,0,1.1852678571428572,0.6573704241389675,CACNA1D,GO_Biological_Process_2023
GO_Biological_Process_2023,Positive Regulation Of Cell Population Proliferation (GO:0008284),7/483,0.579014515843599,0.7468408867452055,0,0,0.975,0.5327670379022363,CDKN1A;CTF1;NR4A3;ROMO1;HRAS;IL12RB2;COPS9,GO_Biological_Process_2023
GO_Biological_Process_2023,Peptidyl-Threonine Phosphorylation (GO:0018107),1/58,0.5806316400266704,0.7468408867452055,0,0,1.1644144144144144,0.6330207774991018,MAPK1,GO_Biological_Process_2023
GO_Biological_Process_2023,Selective Autophagy (GO:0061912),1/58,0.5806316400266704,0.7468408867452055,0,0,1.1644144144144144,0.6330207774991018,UBQLN1,GO_Biological_Process_2023
GO_Biological_Process_2023,Glycosaminoglycan Biosynthetic Process (GO:0006024),1/58,0.5806316400266704,0.7468408867452055,0,0,1.1644144144144144,0.6330207774991018,SLC10A7,GO_Biological_Process_2023
GO_Biological_Process_2023,Inorganic Anion Transport (GO:0015698),1/58,0.5806316400266704,0.7468408867452055,0,0,1.1644144144144144,0.6330207774991018,SLC26A6,GO_Biological_Process_2023
GO_Biological_Process_2023,Plasma Membrane Bounded Cell Projection Assembly (GO:0120031),4/275,0.5856939373863376,0.749898841459341,0,0,0.9789050791531806,0.5236730220808364,RAP1B;FMNL3;MKKS;FLNA,GO_Biological_Process_2023
GO_Biological_Process_2023,DNA-templated Transcription Initiation (GO:0006352),1/59,0.5868773541855713,0.749898841459341,0,0,1.1442800559179869,0.6098319466132389,TAF10,GO_Biological_Process_2023
GO_Biological_Process_2023,Phospholipid Transport (GO:0015914),1/59,0.5868773541855713,0.749898841459341,0,0,1.1442800559179869,0.6098319466132389,ATP11C,GO_Biological_Process_2023
GO_Biological_Process_2023,Transcription Preinitiation Complex Assembly (GO:0070897),1/59,0.5868773541855713,0.749898841459341,0,0,1.1442800559179869,0.6098319466132389,TAF10,GO_Biological_Process_2023
GO_Biological_Process_2023,Heart Morphogenesis (GO:0003007),1/59,0.5868773541855713,0.749898841459341,0,0,1.1442800559179869,0.6098319466132389,TBX19,GO_Biological_Process_2023
GO_Biological_Process_2023,protein-DNA Complex Assembly (GO:0065004),1/59,0.5868773541855713,0.749898841459341,0,0,1.1442800559179869,0.6098319466132389,H2BC21,GO_Biological_Process_2023
GO_Biological_Process_2023,Regulation Of Cell Death (GO:0010941),1/59,0.5868773541855713,0.749898841459341,0,0,1.1442800559179869,0.6098319466132389,HSPA1B,GO_Biological_Process_2023
GO_Biological_Process_2023,Organelle Organization (GO:0006996),6/418,0.590379325819011,0.753663918284476,0,0,0.9654188769892904,0.5087661167233044,FMNL3;HACE1;MREG;SEMA6A;BRWD1;BRWD3,GO_Biological_Process_2023
GO_Biological_Process_2023,Negative Regulation Of Peptidase Activity (GO:0010466),1/60,0.5930303580724188,0.7542101179983808,0,0,1.124828218048557,0.587733640415199,SERPINA9,GO_Biological_Process_2023
GO_Biological_Process_2023,Response To Retinoic Acid (GO:0032526),1/60,0.5930303580724188,0.7542101179983808,0,0,1.124828218048557,0.587733640415199,WNT9A,GO_Biological_Process_2023
GO_Biological_Process_2023,Histone Acetylation (GO:0016573),1/60,0.5930303580724188,0.7542101179983808,0,0,1.124828218048557,0.587733640415199,TAF10,GO_Biological_Process_2023
GO_Biological_Process_2023,protein-DNA Complex Organization (GO:0071824),1/60,0.5930303580724188,0.7542101179983808,0,0,1.124828218048557,0.587733640415199,CDAN1,GO_Biological_Process_2023
GO_Biological_Process_2023,Antigen Receptor-Mediated Signaling Pathway (GO:0050851),2/134,0.5941651948485623,0.7549458515070215,0,0,1.0051874678993322,0.5232984773337729,FYN;PLCG1,GO_Biological_Process_2023
GO_Biological_Process_2023,Regulation Of Canonical Wnt Signaling Pathway (GO:0060828),3/207,0.5961391814119495,0.7567454342151688,0,0,0.9753401360544216,0.5045250314446242,PPM1B;IGFBP2;TMEM131L,GO_Biological_Process_2023
GO_Biological_Process_2023,Negative Regulation Of Viral Process (GO:0048525),1/61,0.5990920234990778,0.7576587846116015,0,0,1.106024774774775,0.5666608040267536,IFIT1,GO_Biological_Process_2023
GO_Biological_Process_2023,Autophagosome Organization (GO:1905037),1/61,0.5990920234990778,0.7576587846116015,0,0,1.106024774774775,0.5666608040267536,UBQLN1,GO_Biological_Process_2023
GO_Biological_Process_2023,Positive Regulation Of Interleukin-8 Production (GO:0032757),1/61,0.5990920234990778,0.7576587846116015,0,0,1.106024774774775,0.5666608040267536,HSPA1B,GO_Biological_Process_2023
GO_Biological_Process_2023,Fatty Acid Catabolic Process (GO:0009062),1/61,0.5990920234990778,0.7576587846116015,0,0,1.106024774774775,0.5666608040267536,ECHDC2,GO_Biological_Process_2023
GO_Biological_Process_2023,Regulation Of Apoptotic Process (GO:0042981),10/705,0.6036561713040748,0.7602513361976679,0,0,0.9529491389466824,0.4810015504899247,EGR1;ACVR1C;MGMT;ANXA4;BAG1;PAWR;FLNA;FYN;MT3;HSPA1B,GO_Biological_Process_2023
GO_Biological_Process_2023,RNA Methylation (GO:0001510),1/62,0.6050637016164195,0.7602513361976679,0,0,1.087837837837838,0.5465531558455933,SNRPF,GO_Biological_Process_2023
GO_Biological_Process_2023,Phosphatidylinositol-Mediated Signaling (GO:0048015),1/62,0.6050637016164195,0.7602513361976679,0,0,1.087837837837838,0.5465531558455933,PLCG1,GO_Biological_Process_2023
GO_Biological_Process_2023,Positive Regulation Of Apoptotic Signaling Pathway (GO:2001235),1/62,0.6050637016164195,0.7602513361976679,0,0,1.087837837837838,0.5465531558455933,STYXL1,GO_Biological_Process_2023
GO_Biological_Process_2023,Glycerophospholipid Metabolic Process (GO:0006650),1/62,0.6050637016164195,0.7602513361976679,0,0,1.087837837837838,0.5465531558455933,PLCG1,GO_Biological_Process_2023
GO_Biological_Process_2023,Protein-Containing Complex Disassembly (GO:0032984),1/62,0.6050637016164195,0.7602513361976679,0,0,1.087837837837838,0.5465531558455933,UBQLN1,GO_Biological_Process_2023
GO_Biological_Process_2023,Regulation Of T Cell Activation (GO:0050863),1/62,0.6050637016164195,0.7602513361976679,0,0,1.087837837837838,0.5465531558455933,CYRIB,GO_Biological_Process_2023
GO_Biological_Process_2023,"mRNA Splicing, Via Spliceosome (GO:0000398)",3/211,0.6091038304957708,0.7646197021117122,0,0,0.9563873626373628,0.474144846386474,SRPK3;LSM7;SNRPF,GO_Biological_Process_2023
GO_Biological_Process_2023,Phosphatidylinositol Metabolic Process (GO:0046488),1/63,0.6109467240346047,0.7656893106740215,0,0,1.0702375762859633,0.527354769250715,PLCG1,GO_Biological_Process_2023
GO_Biological_Process_2023,Transmembrane Receptor Protein Tyrosine Kinase Signaling Pathway (GO:0007169),4/284,0.611084394590984,0.7656893106740215,0,0,0.9470014627011214,0.4664173535935718,NR4A3;EPHA10;MAPK1;FYN,GO_Biological_Process_2023
GO_Biological_Process_2023,Intracellular Calcium Ion Homeostasis (GO:0006874),2/139,0.6141291785125834,0.7683772569196796,0,0,0.9682543610045776,0.4720723987061967,SLC10A7;ATP2C2,GO_Biological_Process_2023
GO_Biological_Process_2023,Protein Modification Process (GO:0036211),10/711,0.6143620661443274,0.7683772569196796,0,0,0.944494425584158,0.4601301430236729,CDK17;PPM1B;ACVR1C;EPHA10;TAF10;MAPK1;FYN;BAZ1B;FNIP2;CDK16,GO_Biological_Process_2023
GO_Biological_Process_2023,Positive Regulation Of T Cell Differentiation (GO:0045582),1/64,0.616742402554883,0.768521065442586,0,0,1.0531960531960531,0.5090136990628251,VSIR,GO_Biological_Process_2023
GO_Biological_Process_2023,Response To Metal Ion (GO:0010038),1/64,0.616742402554883,0.768521065442586,0,0,1.0531960531960531,0.5090136990628251,ITPR3,GO_Biological_Process_2023
GO_Biological_Process_2023,Positive Regulation Of Cysteine-Type Endopeptidase Activity (GO:2001056),1/64,0.616742402554883,0.768521065442586,0,0,1.0531960531960531,0.5090136990628251,FYN,GO_Biological_Process_2023
GO_Biological_Process_2023,Positive Regulation Of Interleukin-1 Production (GO:0032732),1/64,0.616742402554883,0.768521065442586,0,0,1.0531960531960531,0.5090136990628251,EGR1,GO_Biological_Process_2023
GO_Biological_Process_2023,Negative Regulation Of Wnt Signaling Pathway (GO:0030178),2/140,0.6180308935195712,0.7692781456753675,0,0,0.9611888970768852,0.4625402772160215,IGFBP2;TMEM131L,GO_Biological_Process_2023
GO_Biological_Process_2023,Autophagosome Assembly (GO:0000045),1/65,0.6224520294410858,0.7692781456753675,0,0,1.0366870777027026,0.4914816442675155,UBQLN1,GO_Biological_Process_2023
GO_Biological_Process_2023,Canonical Wnt Signaling Pathway (GO:0060070),1/65,0.6224520294410858,0.7692781456753675,0,0,1.0366870777027026,0.4914816442675155,WNT9A,GO_Biological_Process_2023
GO_Biological_Process_2023,Cellular Response To Light Stimulus (GO:0071482),1/65,0.6224520294410858,0.7692781456753675,0,0,1.0366870777027026,0.4914816442675155,COPS9,GO_Biological_Process_2023
GO_Biological_Process_2023,Regulation Of Translational Initiation (GO:0006446),1/65,0.6224520294410858,0.7692781456753675,0,0,1.0366870777027026,0.4914816442675155,HABP4,GO_Biological_Process_2023
GO_Biological_Process_2023,Positive Regulation Of DNA Biosynthetic Process (GO:2000573),1/65,0.6224520294410858,0.7692781456753675,0,0,1.0366870777027026,0.4914816442675155,MAPK1,GO_Biological_Process_2023
GO_Biological_Process_2023,Regulation Of Tyrosine Phosphorylation Of STAT Protein (GO:0042509),1/65,0.6224520294410858,0.7692781456753675,0,0,1.0366870777027026,0.4914816442675155,CTF1,GO_Biological_Process_2023
GO_Biological_Process_2023,Positive Regulation Of T Cell Proliferation (GO:0042102),1/65,0.6224520294410858,0.7692781456753675,0,0,1.0366870777027026,0.4914816442675155,IGFBP2,GO_Biological_Process_2023
GO_Biological_Process_2023,Regulation Of Cell-Matrix Adhesion (GO:0001952),1/65,0.6224520294410858,0.7692781456753675,0,0,1.0366870777027026,0.4914816442675155,FYN,GO_Biological_Process_2023
GO_Biological_Process_2023,Nervous System Development (GO:0007399),6/433,0.6245950434231128,0.7712242710875015,0,0,0.930780559646539,0.438073517661851,SH3GL3;PPP1R17;SZT2;SEMA6A;ACVR1C;ZBTB16,GO_Biological_Process_2023
GO_Biological_Process_2023,Peptidyl-Threonine Modification (GO:0018210),1/66,0.6280768782984846,0.774114735559531,0,0,1.0206860706860708,0.4747136428496731,MAPK1,GO_Biological_Process_2023
GO_Biological_Process_2023,Cellular Response To Type II Interferon (GO:0071346),1/66,0.6280768782984846,0.774114735559531,0,0,1.0206860706860708,0.4747136428496731,SLC26A6,GO_Biological_Process_2023
GO_Biological_Process_2023,DNA Repair (GO:0006281),4/291,0.6301604413302739,0.7759779663204915,0,0,0.923570893436872,0.4264873274926444,NSMCE4A;EYA1;MGMT;FANCE,GO_Biological_Process_2023
GO_Biological_Process_2023,Regulation Of Neurogenesis (GO:0050767),1/67,0.6336182035542568,0.7774140164766062,0,0,1.0051699426699428,0.4586677984004672,OPRM1,GO_Biological_Process_2023
GO_Biological_Process_2023,Peptidyl-Tyrosine Phosphorylation (GO:0018108),1/67,0.6336182035542568,0.7774140164766062,0,0,1.0051699426699428,0.4586677984004672,FYN,GO_Biological_Process_2023
GO_Biological_Process_2023,Regulation Of Viral Genome Replication (GO:0045069),1/67,0.6336182035542568,0.7774140164766062,0,0,1.0051699426699428,0.4586677984004672,IFIT1,GO_Biological_Process_2023
GO_Biological_Process_2023,Cholesterol Metabolic Process (GO:0008203),1/67,0.6336182035542568,0.7774140164766062,0,0,1.0051699426699428,0.4586677984004672,TM7SF2,GO_Biological_Process_2023
GO_Biological_Process_2023,Positive Regulation Of Protein Kinase Activity (GO:0045860),2/145,0.6370857339889533,0.7809623676811288,0,0,0.92734384259808,0.4180939379287641,EGR1;CDKN1A,GO_Biological_Process_2023
GO_Biological_Process_2023,Regulation Of Cold-Induced Thermogenesis (GO:0120161),2/146,0.6408062863131736,0.7848141972265132,0,0,0.9208568738229757,0.4098071602268401,CNKSR2;LNPEP,GO_Biological_Process_2023
GO_Biological_Process_2023,DNA-templated DNA Replication (GO:0006261),1/69,0.6444552100314924,0.7864947883441835,0,0,0.9755067567567568,0.4285888493926687,CDC45,GO_Biological_Process_2023
GO_Biological_Process_2023,Regulation Of Heart Contraction (GO:0008016),1/69,0.6444552100314924,0.7864947883441835,0,0,0.9755067567567568,0.4285888493926687,TMEM65,GO_Biological_Process_2023
GO_Biological_Process_2023,Response To Molecule Of Bacterial Origin (GO:0002237),1/69,0.6444552100314924,0.7864947883441835,0,0,0.9755067567567568,0.4285888493926687,CYRIB,GO_Biological_Process_2023
GO_Biological_Process_2023,Dephosphorylation (GO:0016311),2/147,0.6444968346637672,0.7864947883441835,0,0,0.914459380479252,0.4017086254019102,PPM1B;SGPP1,GO_Biological_Process_2023
GO_Biological_Process_2023,Sulfur Compound Biosynthetic Process (GO:0044272),1/70,0.6497533088560522,0.789360107535956,0,0,0.9613200156678418,0.4144851537208948,SLC10A7,GO_Biological_Process_2023
GO_Biological_Process_2023,Protein K48-linked Ubiquitination (GO:0070936),1/70,0.6497533088560522,0.789360107535956,0,0,0.9613200156678418,0.4144851537208948,HACE1,GO_Biological_Process_2023
GO_Biological_Process_2023,Regulation Of G Protein-Coupled Receptor Signaling Pathway (GO:0008277),1/70,0.6497533088560522,0.789360107535956,0,0,0.9613200156678418,0.4144851537208948,CALCR,GO_Biological_Process_2023
GO_Biological_Process_2023,Regulation Of Notch Signaling Pathway (GO:0008593),1/70,0.6497533088560522,0.789360107535956,0,0,0.9613200156678418,0.4144851537208948,DTX1,GO_Biological_Process_2023
GO_Biological_Process_2023,Regulation Of Actin Filament Polymerization (GO:0030833),1/70,0.6497533088560522,0.789360107535956,0,0,0.9613200156678418,0.4144851537208948,CYRIB,GO_Biological_Process_2023
GO_Biological_Process_2023,Skeletal System Development (GO:0001501),2/149,0.6517881935581258,0.7904169603738845,0,0,0.9019255159690996,0.3860562531387168,SLC10A7;ZBTB16,GO_Biological_Process_2023
GO_Biological_Process_2023,Negative Regulation Of DNA-binding Transcription Factor Activity (GO:0043433),2/149,0.6517881935581258,0.7904169603738845,0,0,0.9019255159690996,0.3860562531387168,ANXA4;FLNA,GO_Biological_Process_2023
GO_Biological_Process_2023,Synapse Assembly (GO:0007416),1/71,0.6549727204019646,0.7914496719371914,0,0,0.94753861003861,0.4009620418908443,LGI2,GO_Biological_Process_2023
GO_Biological_Process_2023,Kidney Development (GO:0001822),1/71,0.6549727204019646,0.7914496719371914,0,0,0.94753861003861,0.4009620418908443,ZBTB16,GO_Biological_Process_2023
GO_Biological_Process_2023,Protein Autoubiquitination (GO:0051865),1/71,0.6549727204019646,0.7914496719371914,0,0,0.94753861003861,0.4009620418908443,RNF19B,GO_Biological_Process_2023
GO_Biological_Process_2023,Negative Regulation Of Cellular Response To Growth Factor Stimulus (GO:0090288),1/71,0.6549727204019646,0.7914496719371914,0,0,0.94753861003861,0.4009620418908443,CREB3L1,GO_Biological_Process_2023
GO_Biological_Process_2023,Positive Regulation Of Protein Localization To Nucleus (GO:1900182),1/72,0.6601146093215183,0.7952617170566433,0,0,0.9341454130186524,0.3879896452918701,FLNA,GO_Biological_Process_2023
GO_Biological_Process_2023,Negative Regulation Of Catabolic Process (GO:0009895),1/72,0.6601146093215183,0.7952617170566433,0,0,0.9341454130186524,0.3879896452918701,FLNA,GO_Biological_Process_2023
GO_Biological_Process_2023,Negative Regulation Of Cell Adhesion (GO:0007162),1/72,0.6601146093215183,0.7952617170566433,0,0,0.9341454130186524,0.3879896452918701,SEMA6A,GO_Biological_Process_2023
GO_Biological_Process_2023,Apoptotic Process (GO:0006915),3/228,0.661057639528293,0.7952617170566433,0,0,0.8833560090702948,0.3656336332952059,SEMA6A;ZBTB16;PAWR,GO_Biological_Process_2023
GO_Biological_Process_2023,Cellular Response To Lipid (GO:0071396),3/228,0.661057639528293,0.7952617170566433,0,0,0.8833560090702948,0.3656336332952059,URI1;WNT9A;HSPA1B,GO_Biological_Process_2023
GO_Biological_Process_2023,Positive Regulation Of NF-kappaB Transcription Factor Activity (GO:0051092),2/152,0.6625020344182658,0.7962934107223975,0,0,0.8837514124293785,0.3638684275002049,RIPK4;HSPA1B,GO_Biological_Process_2023
GO_Biological_Process_2023,Ubiquitin-Dependent ERAD Pathway (GO:0030433),1/73,0.6651801232380199,0.7973934869558242,0,0,0.9211242492492492,0.3755399734619334,UBQLN1,GO_Biological_Process_2023
GO_Biological_Process_2023,Monocarboxylic Acid Transport (GO:0015718),1/73,0.6651801232380199,0.7973934869558242,0,0,0.9211242492492492,0.3755399734619334,SLC26A6,GO_Biological_Process_2023
GO_Biological_Process_2023,Regulation Of Rho Protein Signal Transduction (GO:0035023),1/73,0.6651801232380199,0.7973934869558242,0,0,0.9211242492492492,0.3755399734619334,F11R,GO_Biological_Process_2023
GO_Biological_Process_2023,Regulation Of Cellular Component Organization (GO:0051128),2/153,0.6660141309008955,0.7976885927912756,0,0,0.8778538556515882,0.3567987758332757,RAP1B;URI1,GO_Biological_Process_2023
GO_Biological_Process_2023,Epithelium Development (GO:0060429),2/154,0.6694967870105197,0.7977379148796431,0,0,0.8720338983050847,0.3498852130729547,ANXA4;RIPK4,GO_Biological_Process_2023
GO_Biological_Process_2023,Negative Regulation Of Multicellular Organismal Process (GO:0051241),3/231,0.6696904966691068,0.7977379148796431,0,0,0.8715986394557823,0.3494584260728052,ACVR1C;NKX2-1;LNPEP,GO_Biological_Process_2023
GO_Biological_Process_2023,Positive Regulation Of Phosphorylation (GO:0042327),3/231,0.6696904966691068,0.7977379148796431,0,0,0.8715986394557823,0.3494584260728052,CDKN1A;HRAS;MT3,GO_Biological_Process_2023
GO_Biological_Process_2023,Negative Regulation Of Neuron Apoptotic Process (GO:0043524),1/74,0.6701703927507686,0.7977379148796431,0,0,0.9084598296927064,0.3635867740523307,MT3,GO_Biological_Process_2023
GO_Biological_Process_2023,Gland Development (GO:0048732),1/74,0.6701703927507686,0.7977379148796431,0,0,0.9084598296927064,0.3635867740523307,NKX2-1,GO_Biological_Process_2023
GO_Biological_Process_2023,Import Into Nucleus (GO:0051170),1/74,0.6701703927507686,0.7977379148796431,0,0,0.9084598296927064,0.3635867740523307,CDAN1,GO_Biological_Process_2023
GO_Biological_Process_2023,Regulation Of Cell Cycle G1/S Phase Transition (GO:1902806),1/74,0.6701703927507686,0.7977379148796431,0,0,0.9084598296927064,0.3635867740523307,CDKN1A,GO_Biological_Process_2023
GO_Biological_Process_2023,Regulation Of Fat Cell Differentiation (GO:0045598),1/75,0.675086531922827,0.8000807194928176,0,0,0.8961376917457998,0.3521054042625127,ZBTB16,GO_Biological_Process_2023
GO_Biological_Process_2023,Negative Regulation Of Phosphorylation (GO:0042326),1/75,0.675086531922827,0.8000807194928176,0,0,0.8961376917457998,0.3521054042625127,CDKN1A,GO_Biological_Process_2023
GO_Biological_Process_2023,Nucleosome Organization (GO:0034728),1/75,0.675086531922827,0.8000807194928176,0,0,0.8961376917457998,0.3521054042625127,H2BC21,GO_Biological_Process_2023
GO_Biological_Process_2023,Defense Response To Gram-negative Bacterium (GO:0050829),1/75,0.675086531922827,0.8000807194928176,0,0,0.8961376917457998,0.3521054042625127,ROMO1,GO_Biological_Process_2023
GO_Biological_Process_2023,Positive Regulation Of Neurogenesis (GO:0050769),1/75,0.675086531922827,0.8000807194928176,0,0,0.8961376917457998,0.3521054042625127,OPRM1,GO_Biological_Process_2023
GO_Biological_Process_2023,Translation (GO:0006412),3/234,0.6781620456511052,0.8023652644906081,0,0,0.8601466560650234,0.3340543088953277,RPL35A;RPL38;RPS21,GO_Biological_Process_2023
GO_Biological_Process_2023,Wnt Signaling Pathway (GO:0016055),1/76,0.6799296382624809,0.8023652644906081,0,0,0.8841441441441441,0.3410727139332979,WNT9A,GO_Biological_Process_2023
GO_Biological_Process_2023,Transcription Initiation At RNA Polymerase II Promoter (GO:0006367),1/76,0.6799296382624809,0.8023652644906081,0,0,0.8841441441441441,0.3410727139332979,TAF10,GO_Biological_Process_2023
GO_Biological_Process_2023,Positive Regulation Of Protein Secretion (GO:0050714),1/76,0.6799296382624809,0.8023652644906081,0,0,0.8841441441441441,0.3410727139332979,GLUD1,GO_Biological_Process_2023
GO_Biological_Process_2023,Peptidyl-Serine Phosphorylation (GO:0018105),2/158,0.6831349938534327,0.8023652644906081,0,0,0.8495002172968275,0.3237129233731854,SRPK3;MAPK1,GO_Biological_Process_2023
GO_Biological_Process_2023,Actomyosin Structure Organization (GO:0031032),1/77,0.684700793132,0.8023652644906081,0,0,0.8724662162162162,0.3304669379474362,F11R,GO_Biological_Process_2023
GO_Biological_Process_2023,Negative Regulation Of Transforming Growth Factor Beta Receptor Signaling Pathway (GO:0030512),1/77,0.684700793132,0.8023652644906081,0,0,0.8724662162162162,0.3304669379474362,NKX2-1,GO_Biological_Process_2023
GO_Biological_Process_2023,Positive Regulation Of JNK Cascade (GO:0046330),1/77,0.684700793132,0.8023652644906081,0,0,0.8724662162162162,0.3304669379474362,HRAS,GO_Biological_Process_2023
GO_Biological_Process_2023,Chloride Transport (GO:0006821),1/77,0.684700793132,0.8023652644906081,0,0,0.8724662162162162,0.3304669379474362,SLC26A6,GO_Biological_Process_2023
GO_Biological_Process_2023,Positive Regulation Of Endothelial Cell Proliferation (GO:0001938),1/77,0.684700793132,0.8023652644906081,0,0,0.8724662162162162,0.3304669379474362,PLCG1,GO_Biological_Process_2023
GO_Biological_Process_2023,Sphingolipid Biosynthetic Process (GO:0030148),1/77,0.684700793132,0.8023652644906081,0,0,0.8724662162162162,0.3304669379474362,SGPP1,GO_Biological_Process_2023
GO_Biological_Process_2023,Positive Regulation Of Response To Stimulus (GO:0048584),1/77,0.684700793132,0.8023652644906081,0,0,0.8724662162162162,0.3304669379474362,EYA1,GO_Biological_Process_2023
GO_Biological_Process_2023,Negative Regulation Of Blood Vessel Morphogenesis (GO:2000181),1/77,0.684700793132,0.8023652644906081,0,0,0.8724662162162162,0.3304669379474362,SEMA6A,GO_Biological_Process_2023
GO_Biological_Process_2023,Protein Transport (GO:0015031),4/313,0.6861164905757262,0.8033305243410358,0,0,0.8568430586390094,0.3227795101240419,SLC10A7;ARRDC2;RAB24;ROMO1,GO_Biological_Process_2023
GO_Biological_Process_2023,Negative Regulation Of Cellular Process (GO:0048523),7/537,0.6886102936624681,0.8037089699266411,0,0,0.8732010409889395,0.3257736518377698,CDKN1A;NUPR2;WNT9A;OPRM1;HRAS;MT3;HSPA1B,GO_Biological_Process_2023
GO_Biological_Process_2023,Negative Regulation Of Protein Modification Process (GO:0031400),1/78,0.6894010618972809,0.8037089699266411,0,0,0.8610916110916111,0.3202675979272938,CDKN1A,GO_Biological_Process_2023
GO_Biological_Process_2023,Organonitrogen Compound Catabolic Process (GO:1901565),1/78,0.6894010618972809,0.8037089699266411,0,0,0.8610916110916111,0.3202675979272938,LNPEP,GO_Biological_Process_2023
GO_Biological_Process_2023,Cellular Response To Nutrient Levels (GO:0031669),1/78,0.6894010618972809,0.8037089699266411,0,0,0.8610916110916111,0.3202675979272938,NUPR2,GO_Biological_Process_2023
GO_Biological_Process_2023,Long-Chain Fatty Acid Metabolic Process (GO:0001676),1/78,0.6894010618972809,0.8037089699266411,0,0,0.8610916110916111,0.3202675979272938,PTGR1,GO_Biological_Process_2023
GO_Biological_Process_2023,Supramolecular Fiber Organization (GO:0097435),4/316,0.6932670800896951,0.8056464821360751,0,0,0.848472915025816,0.3108295312772712,MYO1E;PXDN;FYN;CGNL1,GO_Biological_Process_2023
GO_Biological_Process_2023,Regulation Of Cyclin-Dependent Protein Serine/Threonine Kinase Activity (GO:0000079),1/79,0.6940314941909151,0.8056464821360751,0,0,0.8500086625086625,0.3104554118792934,CDKN1A,GO_Biological_Process_2023
GO_Biological_Process_2023,Positive Regulation Of Catabolic Process (GO:0009896),1/79,0.6940314941909151,0.8056464821360751,0,0,0.8500086625086625,0.3104554118792934,VSIR,GO_Biological_Process_2023
GO_Biological_Process_2023,Positive Regulation Of Protein Modification By Small Protein Conjugation Or Removal (GO:1903322),1/79,0.6940314941909151,0.8056464821360751,0,0,0.8500086625086625,0.3104554118792934,UBQLN1,GO_Biological_Process_2023
GO_Biological_Process_2023,Negative Regulation Of Cellular Component Organization (GO:0051129),1/79,0.6940314941909151,0.8056464821360751,0,0,0.8500086625086625,0.3104554118792934,HSPA1B,GO_Biological_Process_2023
GO_Biological_Process_2023,Regulation Of Macromolecule Metabolic Process (GO:0060255),2/162,0.6963105070339015,0.8069114927796792,0,0,0.828093220338983,0.2997362803118213,UNCX;HNRNPAB,GO_Biological_Process_2023
GO_Biological_Process_2023,Mitochondrion Organization (GO:0007005),2/162,0.6963105070339015,0.8069114927796792,0,0,0.828093220338983,0.2997362803118213,TOMM7;COX7A1,GO_Biological_Process_2023
GO_Biological_Process_2023,Response To Type II Interferon (GO:0034341),1/80,0.6985931242253246,0.8085742947001084,0,0,0.8392062949024974,0.3010122111243866,SLC26A6,GO_Biological_Process_2023
GO_Biological_Process_2023,Adenylate Cyclase-Modulating G Protein-Coupled Receptor Signaling Pathway (GO:0007188),2/163,0.6995329565054733,0.8085742947001084,0,0,0.8229076744920518,0.2940597800200625,CALCR;CACNA1D,GO_Biological_Process_2023
GO_Biological_Process_2023,Nitrogen Compound Transport (GO:0071705),2/163,0.6995329565054733,0.8085742947001084,0,0,0.8229076744920518,0.2940597800200625,ARRDC2;SLC26A6,GO_Biological_Process_2023
GO_Biological_Process_2023,Negative Regulation Of Transcription By RNA Polymerase II (GO:0000122),10/763,0.7006531061807526,0.809179800074282,0,0,0.8768642040432926,0.3119377501945676,URI1;JUND;NR4A3;ZBTB16;NKX2-1;NUPR2;INSM2;ZBED6;FNIP2;MXD4,GO_Biological_Process_2023
GO_Biological_Process_2023,Cellular Response To Interleukin-1 (GO:0071347),1/81,0.7030869709259846,0.8092358096238855,0,0,0.8286739864864865,0.2919208641150724,EGR1,GO_Biological_Process_2023
GO_Biological_Process_2023,Spindle Assembly (GO:0051225),1/81,0.7030869709259846,0.8092358096238855,0,0,0.8286739864864865,0.2919208641150724,FLNA,GO_Biological_Process_2023
GO_Biological_Process_2023,Histone Modification (GO:0016570),1/81,0.7030869709259846,0.8092358096238855,0,0,0.8286739864864865,0.2919208641150724,TAF10,GO_Biological_Process_2023
GO_Biological_Process_2023,Negative Regulation Of NF-kappaB Transcription Factor Activity (GO:0032088),1/81,0.7030869709259846,0.8092358096238855,0,0,0.8286739864864865,0.2919208641150724,ANXA4,GO_Biological_Process_2023
GO_Biological_Process_2023,Negative Regulation Of Apoptotic Signaling Pathway (GO:2001234),1/82,0.7075140380848327,0.8136411437975576,0,0,0.8184017350684017,0.2831652062706801,URI1,GO_Biological_Process_2023
GO_Biological_Process_2023,Peptidyl-Serine Modification (GO:0018209),2/166,0.709030861790056,0.8146950715064404,0,0,0.8077304671351798,0.2777431490684863,SRPK3;MAPK1,GO_Biological_Process_2023
GO_Biological_Process_2023,Regulation Of Epithelial To Mesenchymal Transition (GO:0010717),1/83,0.711875314846399,0.8158908802758137,0,0,0.8083800263678312,0.2747299749346639,NKX2-1,GO_Biological_Process_2023
GO_Biological_Process_2023,Phospholipase C-activating G Protein-Coupled Receptor Signaling Pathway (GO:0007200),1/83,0.711875314846399,0.8158908802758137,0,0,0.8083800263678312,0.2747299749346639,OPRM1,GO_Biological_Process_2023
GO_Biological_Process_2023,Regulation Of NIK/NF-kappaB Signaling (GO:1901222),1/83,0.711875314846399,0.8158908802758137,0,0,0.8083800263678312,0.2747299749346639,PPM1B,GO_Biological_Process_2023
GO_Biological_Process_2023,Double-Strand Break Repair (GO:0006302),2/168,0.71522290033829,0.8173634142218481,0,0,0.7979170920972024,0.2674307193465281,NSMCE4A;EYA1,GO_Biological_Process_2023
GO_Biological_Process_2023,Regulation Of Interleukin-1 Beta Production (GO:0032651),1/84,0.7161717756151639,0.8173634142218481,0,0,0.798599804623901,0.2666007500281833,EGR1,GO_Biological_Process_2023
GO_Biological_Process_2023,Positive Regulation Of Double-Strand Break Repair (GO:2000781),1/84,0.7161717756151639,0.8173634142218481,0,0,0.798599804623901,0.2666007500281833,MGMT,GO_Biological_Process_2023
GO_Biological_Process_2023,Positive Regulation Of Protein Ubiquitination (GO:0031398),1/84,0.7161717756151639,0.8173634142218481,0,0,0.798599804623901,0.2666007500281833,UBQLN1,GO_Biological_Process_2023
GO_Biological_Process_2023,Purine Ribonucleotide Metabolic Process (GO:0009150),1/84,0.7161717756151639,0.8173634142218481,0,0,0.798599804623901,0.2666007500281833,HSPA1B,GO_Biological_Process_2023
GO_Biological_Process_2023,Brain Development (GO:0007420),2/169,0.7182773535807642,0.8177267594352303,0,0,0.7930985486653811,0.2624359117757956,MKKS;NKX2-1,GO_Biological_Process_2023
GO_Biological_Process_2023,Nuclear-Transcribed mRNA Catabolic Process (GO:0000956),1/85,0.7204043804282972,0.8177267594352303,0,0,0.7890524453024453,0.2587638987303992,PNRC1,GO_Biological_Process_2023
GO_Biological_Process_2023,Positive Regulation Of Canonical Wnt Signaling Pathway (GO:0090263),1/85,0.7204043804282972,0.8177267594352303,0,0,0.7890524453024453,0.2587638987303992,PPM1B,GO_Biological_Process_2023
GO_Biological_Process_2023,Positive Regulation Of Endothelial Cell Migration (GO:0010595),1/85,0.7204043804282972,0.8177267594352303,0,0,0.7890524453024453,0.2587638987303992,PLCG1,GO_Biological_Process_2023
GO_Biological_Process_2023,Positive Regulation Of Protein Localization (GO:1903829),1/85,0.7204043804282972,0.8177267594352303,0,0,0.7890524453024453,0.2587638987303992,FYN,GO_Biological_Process_2023
GO_Biological_Process_2023,Mitotic Spindle Organization (GO:0007052),1/85,0.7204043804282972,0.8177267594352303,0,0,0.7890524453024453,0.2587638987303992,FLNA,GO_Biological_Process_2023
GO_Biological_Process_2023,Protein-Containing Complex Assembly (GO:0065003),4/328,0.7207083303496945,0.8177267594352303,0,0,0.8165423671680782,0.2674345753818742,MKKS;RPL38;COX7A1;PFDN6,GO_Biological_Process_2023
GO_Biological_Process_2023,Negative Regulation Of Apoptotic Process (GO:0043066),6/482,0.7241472419642319,0.819372516783947,0,0,0.8328424153166422,0.2688086630345118,MGMT;ANXA4;BAG1;FLNA;MT3;HSPA1B,GO_Biological_Process_2023
GO_Biological_Process_2023,Positive Regulation Of Nucleic Acid-Templated Transcription (GO:1903508),7/557,0.724219869250901,0.819372516783947,0,0,0.8405705329153605,0.2712186948377614,EGR1;ZBTB16;TAF10;NKX2-1;FOS;MT3;HNRNPAB,GO_Biological_Process_2023
GO_Biological_Process_2023,Regulation Of Mitotic Cell Cycle Phase Transition (GO:1901990),1/86,0.7245740752695183,0.819372516783947,0,0,0.7797297297297298,0.2512065244180986,CDKN1A,GO_Biological_Process_2023
GO_Biological_Process_2023,Exocytosis (GO:0006887),1/86,0.7245740752695183,0.819372516783947,0,0,0.7797297297297298,0.2512065244180986,CDK16,GO_Biological_Process_2023
GO_Biological_Process_2023,Regulation Of Double-Strand Break Repair (GO:2000779),1/88,0.7327284488093485,0.8249339904739666,0,0,0.7617272444858652,0.2368820231991045,MGMT,GO_Biological_Process_2023
GO_Biological_Process_2023,Negative Regulation Of Neuron Death (GO:1901215),1/88,0.7327284488093485,0.8249339904739666,0,0,0.7617272444858652,0.2368820231991045,MT3,GO_Biological_Process_2023
GO_Biological_Process_2023,Negative Regulation Of Protein Kinase Activity (GO:0006469),1/88,0.7327284488093485,0.8249339904739666,0,0,0.7617272444858652,0.2368820231991045,CDKN1A,GO_Biological_Process_2023
GO_Biological_Process_2023,Positive Regulation Of Plasma Membrane Bounded Cell Projection Assembly (GO:0120034),1/88,0.7327284488093485,0.8249339904739666,0,0,0.7617272444858652,0.2368820231991045,HRAS,GO_Biological_Process_2023
GO_Biological_Process_2023,Regulation Of Neuron Projection Development (GO:0010975),2/174,0.7331395670682416,0.8249339904739666,0,0,0.7698462751281041,0.2389750571058989,MT3;STYXL1,GO_Biological_Process_2023
GO_Biological_Process_2023,Positive Regulation Of Cellular Biosynthetic Process (GO:0031328),2/174,0.7331395670682416,0.8249339904739666,0,0,0.7698462751281041,0.2389750571058989,EGR1;PTGS2,GO_Biological_Process_2023
GO_Biological_Process_2023,ERAD Pathway (GO:0036503),1/89,0.7367149503039678,0.8262166839359375,0,0,0.7530328624078624,0.2300923778589078,UBQLN1,GO_Biological_Process_2023
GO_Biological_Process_2023,Cellular Response To Peptide Hormone Stimulus (GO:0071375),1/89,0.7367149503039678,0.8262166839359375,0,0,0.7530328624078624,0.2300923778589078,NR4A3,GO_Biological_Process_2023
GO_Biological_Process_2023,Regulation Of Vesicle-Mediated Transport (GO:0060627),1/89,0.7367149503039678,0.8262166839359375,0,0,0.7530328624078624,0.2300923778589078,MAPK1,GO_Biological_Process_2023
GO_Biological_Process_2023,Sodium Ion Transport (GO:0006814),1/89,0.7367149503039678,0.8262166839359375,0,0,0.7530328624078624,0.2300923778589078,SLC9B2,GO_Biological_Process_2023
GO_Biological_Process_2023,Negative Regulation Of Gene Expression (GO:0010629),4/336,0.737973788198789,0.8269450293854308,0,0,0.7965376865825075,0.2420255644373274,NANOS1;CREB3L1;HRAS;HSPA1B,GO_Biological_Process_2023
GO_Biological_Process_2023,Extracellular Matrix Organization (GO:0030198),2/176,0.7388957978708304,0.8272950476161031,0,0,0.7609195402298851,0.2302530142565705,CREB3L1;PXDN,GO_Biological_Process_2023
GO_Biological_Process_2023,Regulation Of Peptidyl-Tyrosine Phosphorylation (GO:0050730),1/90,0.7406421877586344,0.8285667343680684,0,0,0.744533859702399,0.2235370947650941,FYN,GO_Biological_Process_2023
GO_Biological_Process_2023,Positive Regulation Of Transcription By RNA Polymerase II (GO:0045944),12/938,0.7418558866726028,0.8292408881505124,0,0,0.8537910651358418,0.2549422489694567,EGR1;JUND;NR4A3;TAF10;ANKRD23;RFXAP;PTOV1;NKX2-1;FOS;BAZ1B;HRAS;MEF2D,GO_Biological_Process_2023
GO_Biological_Process_2023,Positive Regulation Of MAP Kinase Activity (GO:0043406),1/91,0.7445110392236103,0.8301963352115644,0,0,0.7362237237237237,0.2172063177334098,HRAS,GO_Biological_Process_2023
GO_Biological_Process_2023,rRNA Metabolic Process (GO:0016072),1/91,0.7445110392236103,0.8301963352115644,0,0,0.7362237237237237,0.2172063177334098,RPL35A,GO_Biological_Process_2023
GO_Biological_Process_2023,Negative Regulation Of Cytokine Production (GO:0001818),2/178,0.7445460132295313,0.8301963352115644,0,0,0.752195685670262,0.2218831531536159,ANXA4;VSIR,GO_Biological_Process_2023
GO_Biological_Process_2023,Positive Regulation Of Neuron Projection Development (GO:0010976),1/92,0.7483223698485341,0.8337220491662238,0,0,0.7280962280962281,0.2110906909758012,STYXL1,GO_Biological_Process_2023
GO_Biological_Process_2023,"RNA Splicing, Via Transesterification Reactions With Bulged Adenosine As Nucleophile (GO:0000377)",2/180,0.7500914365684576,0.8350074482554527,0,0,0.743667872786136,0.2138492558006999,LSM7;SNRPF,GO_Biological_Process_2023
GO_Biological_Process_2023,Positive Regulation Of Cellular Component Biogenesis (GO:0044089),1/93,0.7520770320182287,0.8351624651789987,0,0,0.7201454171562868,0.2051813290912438,FNIP2,GO_Biological_Process_2023
GO_Biological_Process_2023,Positive Regulation Of Protein Kinase B Signaling (GO:0051897),1/93,0.7520770320182287,0.8351624651789987,0,0,0.7201454171562868,0.2051813290912438,CALCR,GO_Biological_Process_2023
GO_Biological_Process_2023,Negative Regulation Of Amide Metabolic Process (GO:0034249),1/93,0.7520770320182287,0.8351624651789987,0,0,0.7201454171562868,0.2051813290912438,NANOS1,GO_Biological_Process_2023
GO_Biological_Process_2023,Sphingolipid Metabolic Process (GO:0006665),1/94,0.7557758655208049,0.8378985698625264,0,0,0.7123655913978495,0.1994697891094803,SGPP1,GO_Biological_Process_2023
GO_Biological_Process_2023,Muscle Contraction (GO:0006936),1/94,0.7557758655208049,0.8378985698625264,0,0,0.7123655913978495,0.1994697891094803,SLMAP,GO_Biological_Process_2023
GO_Biological_Process_2023,Recombinational Repair (GO:0000725),1/95,0.7594196976195435,0.8412510446283433,0,0,0.7047512938470385,0.1939480445458209,NSMCE4A,GO_Biological_Process_2023
GO_Biological_Process_2023,Regulation Of Macroautophagy (GO:0016241),1/96,0.7630093435588914,0.8432371208764344,0,0,0.6972972972972973,0.1886084608226599,UBQLN1,GO_Biological_Process_2023
GO_Biological_Process_2023,Regulation Of Protein Metabolic Process (GO:0051246),1/96,0.7630093435588914,0.8432371208764344,0,0,0.6972972972972973,0.1886084608226599,ODC1,GO_Biological_Process_2023
GO_Biological_Process_2023,Chromatin Organization (GO:0006325),3/268,0.7630767755609886,0.8432371208764344,0,0,0.7484790142472083,0.202386202690475,CDAN1;H2BC21;BAZ1B,GO_Biological_Process_2023
GO_Biological_Process_2023,Regulation Of Defense Response (GO:0031347),1/97,0.7665456064030914,0.8463811130097602,0,0,0.6899985923423423,0.1834437729547006,PTGS2,GO_Biological_Process_2023
GO_Biological_Process_2023,Protein Localization (GO:0008104),4/351,0.7681595281440967,0.8474693669354808,0,0,0.761515082963677,0.2008555798579962,CDAN1;RAB24;FLNA;ROMO1,GO_Biological_Process_2023
GO_Biological_Process_2023,RNA Splicing (GO:0008380),1/98,0.7700292773997405,0.8474693669354808,0,0,0.6828503761493452,0.1784470642502486,SNRPF,GO_Biological_Process_2023
GO_Biological_Process_2023,Phosphatidylinositol Biosynthetic Process (GO:0006661),1/98,0.7700292773997405,0.8474693669354808,0,0,0.6828503761493452,0.1784470642502486,SOCS5,GO_Biological_Process_2023
GO_Biological_Process_2023,Positive Regulation Of Cold-Induced Thermogenesis (GO:0120162),1/98,0.7700292773997405,0.8474693669354808,0,0,0.6828503761493452,0.1784470642502486,CNKSR2,GO_Biological_Process_2023
GO_Biological_Process_2023,Response To UV (GO:0009411),1/100,0.7768419503727892,0.852892011857504,0,0,0.668987168987169,0.1689315423580777,COPS9,GO_Biological_Process_2023
GO_Biological_Process_2023,Protein Complex Oligomerization (GO:0051259),1/100,0.7768419503727892,0.852892011857504,0,0,0.668987168987169,0.1689315423580777,PXDN,GO_Biological_Process_2023
GO_Biological_Process_2023,ncRNA Processing (GO:0034470),1/100,0.7768419503727892,0.852892011857504,0,0,0.668987168987169,0.1689315423580777,RPL35A,GO_Biological_Process_2023
GO_Biological_Process_2023,Visual Perception (GO:0007601),1/101,0.7801724771427524,0.8549473480772971,0,0,0.6622635135135135,0.1644004662539181,GPR179,GO_Biological_Process_2023
GO_Biological_Process_2023,rRNA Processing (GO:0006364),1/101,0.7801724771427524,0.8549473480772971,0,0,0.6622635135135135,0.1644004662539181,RPL35A,GO_Biological_Process_2023
GO_Biological_Process_2023,Transcription By RNA Polymerase II (GO:0006366),2/192,0.7812341279409348,0.8549473480772971,0,0,0.696271186440678,0.171895705099384,TAF10;DTX1,GO_Biological_Process_2023
GO_Biological_Process_2023,Modification-Dependent Protein Catabolic Process (GO:0019941),2/192,0.7812341279409348,0.8549473480772971,0,0,0.696271186440678,0.171895705099384,HACE1;RNF19B,GO_Biological_Process_2023
GO_Biological_Process_2023,Sensory Perception Of Light Stimulus (GO:0050953),1/102,0.7834534618452021,0.8566852117034159,0,0,0.6556729997324057,0.1600128102421413,GPR179,GO_Biological_Process_2023
GO_Biological_Process_2023,Regulation Of DNA-templated Transcription (GO:0006355),25/1922,0.7859847148919521,0.8587610773819476,0,0,0.8627205494744024,0.2077585798644179,URI1;HIF3A;CREB3L1;NKX2-1;ZBED6;HRAS;CDK17;EGR1;JUND;IRX5;ANXA4;ZBTB16;TAF10;FOS;BAZ1B;MT3;TBX19;HNRNPAB;NR4A3;RFXAP;NUPR2;BRWD1;BRWD3;CDK16;MXD4,GO_Biological_Process_2023
GO_Biological_Process_2023,Inorganic Cation Import Across Plasma Membrane (GO:0098659),1/103,0.7866856389249005,0.8588354079011182,0,0,0.6492117117117117,0.1557631279270961,CACNA1D,GO_Biological_Process_2023
GO_Biological_Process_2023,Positive Regulation Of Kinase Activity (GO:0033674),1/104,0.7898697320017177,0.8600913725448253,0,0,0.6428758855943322,0.151646220448658,CDKN1A,GO_Biological_Process_2023
GO_Biological_Process_2023,Positive Regulation Of Vasculature Development (GO:1904018),1/104,0.7898697320017177,0.8600913725448253,0,0,0.6428758855943322,0.151646220448658,PLCG1,GO_Biological_Process_2023
GO_Biological_Process_2023,Macroautophagy (GO:0016236),1/104,0.7898697320017177,0.8600913725448253,0,0,0.6428758855943322,0.151646220448658,UBQLN1,GO_Biological_Process_2023
GO_Biological_Process_2023,Monoatomic Cation Transmembrane Transport (GO:0098655),3/281,0.7903713644534982,0.8600913725448253,0,0,0.7130010277492291,0.1677351761631486,KCNG1;CACNA1D;ATP2C2,GO_Biological_Process_2023
GO_Biological_Process_2023,Positive Regulation Of Stress-Activated MAPK Cascade (GO:0032874),1/105,0.7930064541647907,0.8613453322579457,0,0,0.6366619022869023,0.1476571231118489,HRAS,GO_Biological_Process_2023
GO_Biological_Process_2023,Golgi Vesicle Transport (GO:0048193),2/197,0.7931763526224749,0.8613453322579457,0,0,0.6782442416340722,0.1571557666427234,SLC10A7;KDELR2,GO_Biological_Process_2023
GO_Biological_Process_2023,Positive Regulation Of Cell Differentiation (GO:0045597),3/283,0.7943309009453008,0.8613453322579457,0,0,0.70783527696793,0.1629827198070957,XKR8;ZBTB16;ADRA2C,GO_Biological_Process_2023
GO_Biological_Process_2023,Response To Calcium Ion (GO:0051592),1/106,0.796096507695943,0.8613453322579457,0,0,0.6305662805662806,0.1437910932970128,ITPR3,GO_Biological_Process_2023
GO_Biological_Process_2023,Positive Regulation Of Cell Growth (GO:0030307),1/106,0.796096507695943,0.8613453322579457,0,0,0.6305662805662806,0.1437910932970128,ISLR2,GO_Biological_Process_2023
GO_Biological_Process_2023,Regulation Of G1/S Transition Of Mitotic Cell Cycle (GO:2000045),1/106,0.796096507695943,0.8613453322579457,0,0,0.6305662805662806,0.1437910932970128,CDKN1A,GO_Biological_Process_2023
GO_Biological_Process_2023,Inorganic Cation Transmembrane Transport (GO:0098662),3/284,0.796287266427917,0.8613453322579457,0,0,0.705279976759387,0.1606594432743644,KCNG1;CACNA1D;ATP2C2,GO_Biological_Process_2023
GO_Biological_Process_2023,Anterograde Trans-Synaptic Signaling (GO:0098916),2/199,0.7977902852450478,0.8613453322579457,0,0,0.6712896842467522,0.1516507280098375,MAPK1;NPTX2,GO_Biological_Process_2023
GO_Biological_Process_2023,Negative Regulation Of Translation (GO:0017148),1/107,0.7991405846077773,0.8613453322579457,0,0,0.6245856705762366,0.1400435984674094,NANOS1,GO_Biological_Process_2023
GO_Biological_Process_2023,Positive Regulation Of T Cell Activation (GO:0050870),1/107,0.7991405846077773,0.8613453322579457,0,0,0.6245856705762366,0.1400435984674094,CYRIB,GO_Biological_Process_2023
GO_Biological_Process_2023,Positive Regulation Of Autophagy (GO:0010508),1/107,0.7991405846077773,0.8613453322579457,0,0,0.6245856705762366,0.1400435984674094,CDK16,GO_Biological_Process_2023
GO_Biological_Process_2023,Monoatomic Ion Transport (GO:0006811),1/107,0.7991405846077773,0.8613453322579457,0,0,0.6245856705762366,0.1400435984674094,SLC26A6,GO_Biological_Process_2023
GO_Biological_Process_2023,Positive Regulation Of Metabolic Process (GO:0009893),1/108,0.8021393668676192,0.8618393672520659,0,0,0.6187168476888103,0.13641030515267,CNKSR2,GO_Biological_Process_2023
GO_Biological_Process_2023,Glycerophospholipid Biosynthetic Process (GO:0046474),1/108,0.8021393668676192,0.8618393672520659,0,0,0.6187168476888103,0.13641030515267,CHKA,GO_Biological_Process_2023
GO_Biological_Process_2023,Positive Regulation Of Translation (GO:0045727),1/108,0.8021393668676192,0.8618393672520659,0,0,0.6187168476888103,0.13641030515267,HABP4,GO_Biological_Process_2023
GO_Biological_Process_2023,Lipid Transport (GO:0006869),1/108,0.8021393668676192,0.8618393672520659,0,0,0.6187168476888103,0.13641030515267,CHKA,GO_Biological_Process_2023
GO_Biological_Process_2023,DNA Metabolic Process (GO:0006259),3/288,0.8039584174521696,0.8622824899029484,0,0,0.6952380952380952,0.151706327077234,NSMCE4A;CDC45;MGMT,GO_Biological_Process_2023
GO_Biological_Process_2023,Positive Regulation Of Wnt Signaling Pathway (GO:0030177),1/109,0.8050935259447572,0.8622824899029484,0,0,0.6129567067067067,0.1328870691111261,PPM1B,GO_Biological_Process_2023
GO_Biological_Process_2023,Positive Regulation Of Cysteine-Type Endopeptidase Activity Involved In Apoptotic Process (GO:0043280),1/109,0.8050935259447572,0.8622824899029484,0,0,0.6129567067067067,0.1328870691111261,ACVR1C,GO_Biological_Process_2023
GO_Biological_Process_2023,Extracellular Structure Organization (GO:0043062),1/109,0.8050935259447572,0.8622824899029484,0,0,0.6129567067067067,0.1328870691111261,PXDN,GO_Biological_Process_2023
GO_Biological_Process_2023,External Encapsulating Structure Organization (GO:0045229),1/110,0.8080037238570331,0.8632550370155754,0,0,0.6073022563848252,0.1294699249438597,PXDN,GO_Biological_Process_2023
GO_Biological_Process_2023,Regulation Of JNK Cascade (GO:0046328),1/110,0.8080037238570331,0.8632550370155754,0,0,0.6073022563848252,0.1294699249438597,HRAS,GO_Biological_Process_2023
GO_Biological_Process_2023,Defense Response To Bacterium (GO:0042742),2/204,0.8089294306038032,0.8632550370155754,0,0,0.654505789562007,0.1387837613077117,H2BC21;ROMO1,GO_Biological_Process_2023
GO_Biological_Process_2023,RNA Metabolic Process (GO:0016070),1/111,0.8108706124514333,0.8632550370155754,0,0,0.6017506142506143,0.1261550776448226,NUDT3,GO_Biological_Process_2023
GO_Biological_Process_2023,Negative Regulation Of Transmembrane Receptor Protein Serine/Threonine Kinase Signaling Pathway (GO:0090101),1/111,0.8108706124514333,0.8632550370155754,0,0,0.6017506142506143,0.1261550776448226,NKX2-1,GO_Biological_Process_2023
GO_Biological_Process_2023,Regulation Of Transforming Growth Factor Beta Receptor Signaling Pathway (GO:0017015),1/111,0.8108706124514333,0.8632550370155754,0,0,0.6017506142506143,0.1261550776448226,NKX2-1,GO_Biological_Process_2023
GO_Biological_Process_2023,Mitotic Cell Cycle Phase Transition (GO:0044772),1/111,0.8108706124514333,0.8632550370155754,0,0,0.6017506142506143,0.1261550776448226,CDKN1A,GO_Biological_Process_2023
GO_Biological_Process_2023,Regulation Of Angiogenesis (GO:0045765),2/205,0.8110907680138973,0.8632550370155754,0,0,0.6512482257660516,0.1363552991744356,SEMA6A;PLCG1,GO_Biological_Process_2023
GO_Biological_Process_2023,Regulation Of Transcription By RNA Polymerase II (GO:0006357),26/2028,0.8130956367902937,0.864670235040318,0,0,0.848277184070542,0.1755140987493252,URI1;HIF3A;CREB3L1;NKX2-1;ZBED6;HRAS;MEF2D;FNIP2;EGR1;JUND;IRX5;ANXA4;ZBTB16;TAF10;ANKRD23;PTOV1;FOS;BAZ1B;TBX19;NR4A3;RFXAP;NUPR2;INSM2;BRWD1;BRWD3;MXD4,GO_Biological_Process_2023
GO_Biological_Process_2023,Negative Regulation Of Defense Response (GO:0031348),1/112,0.8136948343010215,0.864670235040318,0,0,0.5962990017044071,0.1229388934507574,PPM1B,GO_Biological_Process_2023
GO_Biological_Process_2023,Positive Regulation Of Cellular Component Organization (GO:0051130),1/113,0.8164770221439726,0.8669478239822932,0,0,0.5909447393822393,0.1198178922869689,FNIP2,GO_Biological_Process_2023
GO_Biological_Process_2023,Gene Expression (GO:0010467),3/296,0.8185756497711697,0.8684966041747281,0,0,0.675976875391795,0.1353234467072648,RPL35A;RPL38;RPS21,GO_Biological_Process_2023
GO_Biological_Process_2023,Regulation Of MAP Kinase Activity (GO:0043405),1/114,0.819217799524178,0.8684988702768042,0,0,0.5856852427648888,0.1167887397809687,HRAS,GO_Biological_Process_2023
GO_Biological_Process_2023,Endoplasmic Reticulum To Golgi Vesicle-Mediated Transport (GO:0006888),1/115,0.8219177807180087,0.87068105264195,0,0,0.5805180180180181,0.1138482402421253,KDELR2,GO_Biological_Process_2023
GO_Biological_Process_2023,Cellular Response To Molecule Of Bacterial Origin (GO:0071219),1/117,0.8271977667281316,0.8749083160172054,0,0,0.5704508387698043,0.1082210700541864,CYRIB,GO_Biological_Process_2023
GO_Biological_Process_2023,Positive Regulation Of Protein Serine/Threonine Kinase Activity (GO:0071902),1/117,0.8271977667281316,0.8749083160172054,0,0,0.5704508387698043,0.1082210700541864,HRAS,GO_Biological_Process_2023
GO_Biological_Process_2023,mRNA Processing (GO:0006397),2/214,0.8295830572759223,0.8755508275788911,0,0,0.6233130796290374,0.116454857366175,LSM7;SNRPF,GO_Biological_Process_2023
GO_Biological_Process_2023,Regulation Of GTPase Activity (GO:0043087),2/214,0.8295830572759223,0.8755508275788911,0,0,0.6233130796290374,0.116454857366175,ADAP2;HRAS,GO_Biological_Process_2023
GO_Biological_Process_2023,Positive Regulation Of Cell Projection Organization (GO:0031346),1/118,0.8297789551735959,0.8755508275788911,0,0,0.5655463155463155,0.1055286422506278,STYXL1,GO_Biological_Process_2023
GO_Biological_Process_2023,Positive Regulation Of DNA-templated Transcription (GO:0045893),15/1243,0.8307496178312777,0.8755508275788911,0,0,0.800254695405087,0.1483886927829088,EGR1;JUND;ZBTB16;TAF10;ANKRD23;PTOV1;FOS;BAZ1B;MT3;HNRNPAB;NR4A3;RFXAP;NKX2-1;HRAS;MEF2D,GO_Biological_Process_2023
GO_Biological_Process_2023,Regulation Of Protein Kinase Activity (GO:0045859),1/119,0.8323217152371183,0.8755508275788911,0,0,0.5607249198350893,0.1029133411806517,CDKN1A,GO_Biological_Process_2023
GO_Biological_Process_2023,Regulation Of Protein-Containing Complex Assembly (GO:0043254),1/119,0.8323217152371183,0.8755508275788911,0,0,0.5607249198350893,0.1029133411806517,FNIP2,GO_Biological_Process_2023
GO_Biological_Process_2023,Positive Regulation Of Angiogenesis (GO:0045766),1/119,0.8323217152371183,0.8755508275788911,0,0,0.5607249198350893,0.1029133411806517,PLCG1,GO_Biological_Process_2023
GO_Biological_Process_2023,Negative Regulation Of DNA-templated Transcription (GO:0045892),12/1025,0.8383249637957926,0.8811827853376379,0,0,0.7768483400010391,0.1369967920274514,URI1;JUND;NR4A3;CREB3L1;ZBTB16;NKX2-1;FLNA;NUPR2;INSM2;ZBED6;FNIP2;MXD4,GO_Biological_Process_2023
GO_Biological_Process_2023,Positive Regulation Of Macromolecule Biosynthetic Process (GO:0010557),1/122,0.8397250850171506,0.8812892036877598,0,0,0.5467388876479785,0.0955047427945498,RFXAP,GO_Biological_Process_2023
GO_Biological_Process_2023,Potassium Ion Transport (GO:0006813),1/122,0.8397250850171506,0.8812892036877598,0,0,0.5467388876479785,0.0955047427945498,KCNG1,GO_Biological_Process_2023
GO_Biological_Process_2023,Positive Regulation Of Cell Motility (GO:2000147),2/221,0.8428242650943234,0.8838582130857782,0,0,0.6031731290147822,0.1031406787796825,HRAS;VSIR,GO_Biological_Process_2023
GO_Biological_Process_2023,Enzyme-Linked Receptor Protein Signaling Pathway (GO:0007167),1/124,0.8444787541000505,0.8842265966927225,0,0,0.5377938914524281,0.0909063674426981,FYN,GO_Biological_Process_2023
GO_Biological_Process_2023,Protein Dephosphorylation (GO:0006470),1/124,0.8444787541000505,0.8842265966927225,0,0,0.5377938914524281,0.0909063674426981,PPM1B,GO_Biological_Process_2023
GO_Biological_Process_2023,Regulation Of Tumor Necrosis Factor Production (GO:0032680),1/127,0.8513470581161361,0.8900446516668695,0,0,0.5249088374088374,0.0844764187894037,VSIR,GO_Biological_Process_2023
GO_Biological_Process_2023,Regulation Of Anatomical Structure Morphogenesis (GO:0022603),1/127,0.8513470581161361,0.8900446516668695,0,0,0.5249088374088374,0.0844764187894037,CYRIB,GO_Biological_Process_2023
GO_Biological_Process_2023,Cilium Organization (GO:0044782),2/228,0.85512797787157,0.8925921710604813,0,0,0.584280785960702,0.0914423616480235,MKKS;FLNA,GO_Biological_Process_2023
GO_Biological_Process_2023,Protein Homooligomerization (GO:0051260),1/129,0.855757121996821,0.8925921710604813,0,0,0.5166543496621622,0.0804785655909566,PXDN,GO_Biological_Process_2023
GO_Biological_Process_2023,Protein Targeting (GO:0006605),1/129,0.855757121996821,0.8925921710604813,0,0,0.5166543496621622,0.0804785655909566,TOMM7,GO_Biological_Process_2023
GO_Biological_Process_2023,Golgi Organization (GO:0007030),1/130,0.8579130083869939,0.8927821720714345,0,0,0.5126230882044835,0.078560807482717,HACE1,GO_Biological_Process_2023
GO_Biological_Process_2023,Positive Regulation Of Peptidyl-Tyrosine Phosphorylation (GO:0050731),1/130,0.8579130083869939,0.8927821720714345,0,0,0.5126230882044835,0.078560807482717,CTF1,GO_Biological_Process_2023
GO_Biological_Process_2023,Regulation Of Cell Cycle Process (GO:0010564),1/130,0.8579130083869939,0.8927821720714345,0,0,0.5126230882044835,0.078560807482717,INSM2,GO_Biological_Process_2023
GO_Biological_Process_2023,Organelle Assembly (GO:0070925),3/322,0.8598446762737461,0.8940684233030113,0,0,0.6200499008380782,0.0936297145207799,MKKS;UBQLN1;FLNA,GO_Biological_Process_2023
GO_Biological_Process_2023,Regulation Of I-kappaB kinase/NF-kappaB Signaling (GO:0043122),2/232,0.8617588971785404,0.8940684233030113,0,0,0.5740014738393515,0.0853997952558383,PPM1B;FLNA,GO_Biological_Process_2023
GO_Biological_Process_2023,Plasma Membrane Bounded Cell Projection Organization (GO:0120036),1/132,0.8621289099937675,0.8940684233030113,0,0,0.5047452032184857,0.0748791891084229,CDK16,GO_Biological_Process_2023
GO_Biological_Process_2023,Epithelial Cell Differentiation (GO:0030855),1/132,0.8621289099937675,0.8940684233030113,0,0,0.5047452032184857,0.0748791891084229,ANXA4,GO_Biological_Process_2023
GO_Biological_Process_2023,Vesicle-Mediated Transport (GO:0016192),4/411,0.8624433058980411,0.8940684233030113,0,0,0.6472398554309817,0.0957823495637149,MYO1E;SLC10A7;ZFYVE9;CDK16,GO_Biological_Process_2023
GO_Biological_Process_2023,Negative Regulation Of Cell Motility (GO:2000146),1/133,0.8641898719182729,0.8951951573993102,0,0,0.5008957821457821,0.0731121384263953,NKX2-1,GO_Biological_Process_2023
GO_Biological_Process_2023,Inflammatory Response (GO:0006954),2/236,0.868111607185486,0.8985716635779593,0,0,0.5640735911922352,0.0797797443544465,FOS;F11R,GO_Biological_Process_2023
GO_Biological_Process_2023,Regulation Of Protein Kinase B Signaling (GO:0051896),1/136,0.8701903355709616,0.8999582708577308,0,0,0.4896896896896897,0.0680880776500497,CALCR,GO_Biological_Process_2023
GO_Biological_Process_2023,Proteolysis (GO:0006508),3/330,0.8707776047429627,0.8999582708577308,0,0,0.6046308431629532,0.0836619643871478,F12;KLK13;LNPEP,GO_Biological_Process_2023
GO_Biological_Process_2023,Potassium Ion Transmembrane Transport (GO:0071805),1/137,0.8721311802893825,0.900671241744819,0,0,0.4860641891891892,0.0665010811856046,KCNG1,GO_Biological_Process_2023
GO_Biological_Process_2023,Regulation Of Autophagy (GO:0010506),2/241,0.8756761916848653,0.9036445567424808,0,0,0.5521310545351393,0.0733003117741517,UBQLN1;CDK16,GO_Biological_Process_2023
GO_Biological_Process_2023,Cilium Assembly (GO:0060271),2/243,0.8785888094989965,0.9059612572113512,0,0,0.547492791335537,0.0708665275568224,MKKS;FLNA,GO_Biological_Process_2023
GO_Biological_Process_2023,Positive Regulation Of Programmed Cell Death (GO:0043068),2/245,0.8814385038694815,0.9082096049740974,0,0,0.5429308781474507,0.0685178999673362,ACVR1C;PAWR,GO_Biological_Process_2023
GO_Biological_Process_2023,Positive Regulation Of DNA-binding Transcription Factor Activity (GO:0051091),2/246,0.8828401186008784,0.9086279468819232,0,0,0.5406779661016949,0.0673745090342815,RIPK4;HSPA1B,GO_Biological_Process_2023
GO_Biological_Process_2023,Positive Regulation Of Transferase Activity (GO:0051347),1/143,0.8831836860259814,0.9086279468819232,0,0,0.465383517320137,0.0578109062238957,MAPK1,GO_Biological_Process_2023
GO_Biological_Process_2023,Negative Regulation Of Response To External Stimulus (GO:0032102),1/146,0.8883474973857495,0.9125568160124616,0,0,0.4556849953401677,0.0539495885918381,PPM1B,GO_Biological_Process_2023
GO_Biological_Process_2023,Positive Regulation Of Cellular Catabolic Process (GO:0031331),1/146,0.8883474973857495,0.9125568160124616,0,0,0.4556849953401677,0.0539495885918381,CDK16,GO_Biological_Process_2023
GO_Biological_Process_2023,Defense Response To Symbiont (GO:0140546),1/148,0.8916630046088211,0.9152698163798564,0,0,0.4494392351535208,0.0515358556579645,IFIT1,GO_Biological_Process_2023
GO_Biological_Process_2023,Positive Regulation Of Intracellular Signal Transduction (GO:1902533),5/525,0.8930327355559039,0.915548400807392,0,0,0.6316846680716544,0.0714637756537676,CALCR;FLNA;ADRA2C;HRAS;STYXL1,GO_Biological_Process_2023
GO_Biological_Process_2023,Negative Regulation Of Protein Phosphorylation (GO:0001933),1/149,0.8932837749955689,0.915548400807392,0,0,0.4463796566837107,0.0503743778857614,CDKN1A,GO_Biological_Process_2023
GO_Biological_Process_2023,Neuron Development (GO:0048666),1/150,0.8948803779450143,0.916492583299158,0,0,0.4433611463812806,0.0492420057306532,CDK16,GO_Biological_Process_2023
GO_Biological_Process_2023,Ribosome Biogenesis (GO:0042254),1/155,0.9025132653785144,0.9236127459416622,0,0,0.4288566163566163,0.0439886338514354,RPL35A,GO_Biological_Process_2023
GO_Biological_Process_2023,Positive Regulation Of Signal Transduction (GO:0009967),2/266,0.9078454827011528,0.9283694951209226,0,0,0.4992039034411916,0.0482635765677467,FLNA;MT3,GO_Biological_Process_2023
GO_Biological_Process_2023,Negative Regulation Of Nucleic Acid-Templated Transcription (GO:1903507),4/456,0.90972372531842,0.929589680163476,0,0,0.5814431121447341,0.0550128470685231,CREB3L1;ZBTB16;NKX2-1;ZBED6,GO_Biological_Process_2023
GO_Biological_Process_2023,Ubiquitin-Dependent Protein Catabolic Process (GO:0006511),3/367,0.9121230786999214,0.9300421502398766,0,0,0.5421338865216416,0.0498656609960366,KLHDC2;HACE1;RNF19B,GO_Biological_Process_2023
GO_Biological_Process_2023,Positive Regulation Of Apoptotic Process (GO:0043065),2/270,0.912208320838544,0.9300421502398766,0,0,0.4916519099418163,0.0451763664519242,ACVR1C;PAWR,GO_Biological_Process_2023
GO_Biological_Process_2023,Protein Autophosphorylation (GO:0046777),1/162,0.9122801088848936,0.9300421502398766,0,0,0.4100637904985731,0.0376472181338939,FYN,GO_Biological_Process_2023
GO_Biological_Process_2023,Regulation Of Gene Expression (GO:0010468),12/1127,0.9134830707856848,0.9300421502398766,0,0,0.7019306112815672,0.0635180067689035,NANOS1;EGR1;CALCR;CREB3L1;TAF10;NKX2-1;UNCX;HRAS;MT3;HNRNPAB;VSIR;HSPA1B,GO_Biological_Process_2023
GO_Biological_Process_2023,Negative Regulation Of Cell Migration (GO:0030336),1/163,0.9135933576048308,0.9300421502398766,0,0,0.4075116783450117,0.036826712470543,NKX2-1,GO_Biological_Process_2023
GO_Biological_Process_2023,Chemical Synaptic Transmission (GO:0007268),2/273,0.9153529035650556,0.9311348501782462,0,0,0.4861342172743761,0.0429964330661773,MAPK1;NPTX2,GO_Biological_Process_2023
GO_Biological_Process_2023,Membrane Organization (GO:0061024),1/167,0.9186532866725896,0.9337921423331116,0,0,0.3976107131227613,0.0337358774515548,HACE1,GO_Biological_Process_2023
GO_Biological_Process_2023,Positive Regulation Of I-kappaB kinase/NF-kappaB Signaling (GO:0043123),1/175,0.9279042052193908,0.942489525810414,0,0,0.3791744330537434,0.028372401375075,FLNA,GO_Biological_Process_2023
GO_Biological_Process_2023,Positive Regulation Of Hydrolase Activity (GO:0051345),1/176,0.9289842480185706,0.9428807962312642,0,0,0.376988416988417,0.0277702848066568,HRAS,GO_Biological_Process_2023
GO_Biological_Process_2023,Endosomal Transport (GO:0016197),1/180,0.9331455353616122,0.9463964809310222,0,0,0.3684886003321757,0.0254972384772243,ZFYVE9,GO_Biological_Process_2023
GO_Biological_Process_2023,RNA Processing (GO:0006396),1/183,0.936106195742064,0.9486901475892312,0,0,0.3623589248589248,0.0239252379052916,SNRPF,GO_Biological_Process_2023
GO_Biological_Process_2023,Defense Response To Virus (GO:0051607),1/189,0.9416411788408396,0.9535873729007608,0,0,0.35068645773433,0.0210871242877482,IFIT1,GO_Biological_Process_2023
GO_Biological_Process_2023,Positive Regulation Of Cellular Process (GO:0048522),5/594,0.9426530905433756,0.9539002564260708,0,0,0.5556783031374282,0.0328166616333332,CTF1;ROMO1;HRAS;IL12RB2;COPS9,GO_Biological_Process_2023
GO_Biological_Process_2023,Neuron Projection Development (GO:0031175),1/192,0.9442267510040144,0.9547807012760416,0,0,0.3451252299419838,0.0198063708878586,CDK16,GO_Biological_Process_2023
GO_Biological_Process_2023,Regulation Of Programmed Cell Death (GO:0043067),1/195,0.9466981338921516,0.9565669156304168,0,0,0.3397359988854834,0.0186090383267129,FYN,GO_Biological_Process_2023
GO_Biological_Process_2023,Endomembrane System Organization (GO:0010256),1/196,0.947497428072237,0.9566622097425788,0,0,0.3379764379764379,0.018227426360304,HACE1,GO_Biological_Process_2023
GO_Biological_Process_2023,Regulation Of Translation (GO:0006417),1/202,0.9520484493300692,0.9598717958851716,0,0,0.3277867419658464,0.016107228531103,NANOS1,GO_Biological_Process_2023
GO_Biological_Process_2023,Proteasome-Mediated Ubiquitin-Dependent Protein Catabolic Process (GO:0043161),2/319,0.9520909633466772,0.9598717958851716,0,0,0.4146072822541838,0.0203550197343714,KLHDC2;UBQLN1,GO_Biological_Process_2023
GO_Biological_Process_2023,Intracellular Protein Transport (GO:0006886),2/325,0.9555745022752326,0.9626685965757168,0,0,0.4067796610169492,0.0184851035840852,RAB24;ROMO1,GO_Biological_Process_2023
GO_Biological_Process_2023,Proteasomal Protein Catabolic Process (GO:0010498),1/220,0.9634743541031622,0.9699070463783316,0,0,0.3005676909786499,0.0111839461202961,KLHDC2,GO_Biological_Process_2023
GO_Biological_Process_2023,Chromatin Remodeling (GO:0006338),1/228,0.967638521450174,0.9733769263216356,0,0,0.2898559352303845,0.0095353007593267,BAZ1B,GO_Biological_Process_2023
GO_Biological_Process_2023,Sensory Perception Of Smell (GO:0007608),1/230,0.9686033944503338,0.9736257824215576,0,0,0.2872949368582556,0.0091647212783859,MKKS,GO_Biological_Process_2023
GO_Biological_Process_2023,Positive Regulation Of Developmental Process (GO:0051094),1/233,0.9699972019679676,0.9740368952730166,0,0,0.2835362301957129,0.0086371067459928,ZBTB16,GO_Biological_Process_2023
GO_Biological_Process_2023,Positive Regulation Of GTPase Activity (GO:0043547),1/234,0.970447960507825,0.9740368952730166,0,0,0.282304837025867,0.0084684391036133,HRAS,GO_Biological_Process_2023
GO_Biological_Process_2023,Regulation Of Inflammatory Response (GO:0050727),1/240,0.9730142299803454,0.97589084263365,0,0,0.2751328734592333,0.0075266922765905,PTGS2,GO_Biological_Process_2023
GO_Biological_Process_2023,Positive Regulation Of Multicellular Organismal Process (GO:0051240),2/387,0.9799233394218506,0.9815150255280812,0,0,0.340180497468633,0.0068991787128931,CNKSR2;ZBTB16,GO_Biological_Process_2023
GO_Biological_Process_2023,Cellular Component Assembly (GO:0022607),1/260,0.980068430059359,0.9815150255280812,0,0,0.2536262130856725,0.0051062269154069,PAWR,GO_Biological_Process_2023
GO_Biological_Process_2023,Regulation Of Intracellular Signal Transduction (GO:1902531),1/297,0.9886301363919509,0.9893592146636264,0,0,0.2215006391526661,0.0025328586270923,STYXL1,GO_Biological_Process_2023
GO_Biological_Process_2023,Regulation Of Nucleic Acid-Templated Transcription (GO:1903506),2/452,0.9914699764822056,0.9914699764822056,0,0,0.2900640301318267,0.0024848661133338,TAF10;NKX2-1,GO_Biological_Process_2023
GO_Molecular_Function_2023,Phosphatase Inhibitor Activity (GO:0019212),3/22,0.0040500269182016,0.5450521951286207,0,0,10.571428571428571,58.2383356578288,URI1;BOD1;STYXL1,GO_Molecular_Function_2023
GO_Molecular_Function_2023,Protein Phosphatase Inhibitor Activity (GO:0004864),3/27,0.007283748607133,0.5450521951286207,0,0,8.366921768707483,41.18290621737294,PPP1R17;BOD1;STYXL1,GO_Molecular_Function_2023
GO_Molecular_Function_2023,cAMP Response Element Binding (GO:0035497),2/9,0.0073853581744065,0.5450521951286207,0,0,19.07602905569007,93.6300314728367,NR4A3;CREB3L1,GO_Molecular_Function_2023
GO_Molecular_Function_2023,Oxidoreduction-Driven Active Transmembrane Transporter Activity (GO:0015453),4/54,0.0084177945193609,0.5450521951286207,0,0,5.366006825938567,25.635600818529745,NDUFS6;NDUFB1;COX5B;COX7A1,GO_Molecular_Function_2023
GO_Molecular_Function_2023,Cytochrome-C Oxidase Activity (GO:0004129),2/12,0.0131481080198668,0.597065863553077,0,0,13.351186440677964,57.830362431461886,COX5B;COX7A1,GO_Molecular_Function_2023
GO_Molecular_Function_2023,"Oxidoreductase Activity, Acting On The CH-CH Group Of Donors, NAD Or NADP As Acceptor (GO:0016628)",2/18,0.02875104771008,0.597065863553077,0,0,8.341949152542373,29.606253826802,PTGR1;TM7SF2,GO_Molecular_Function_2023
GO_Molecular_Function_2023,Alpha-Actinin Binding (GO:0051393),2/23,0.0453000591617324,0.597065863553077,0,0,6.354156577885392,19.662600381866767,NRAP;CACNA1D,GO_Molecular_Function_2023
GO_Molecular_Function_2023,Active Monoatomic Ion Transmembrane Transporter Activity (GO:0022853),2/24,0.0489448165631959,0.597065863553077,0,0,6.065023112480739,18.298549597853285,COX5B;COX7A1,GO_Molecular_Function_2023
GO_Molecular_Function_2023,Transcription Regulatory Region Nucleic Acid Binding (GO:0001067),7/224,0.0503744291010957,0.597065863553077,0,0,2.167519466073415,6.477136845054506,EGR1;JUND;CREB3L1;ANKRD23;NKX2-1;FOS;ZBED6,GO_Molecular_Function_2023
GO_Molecular_Function_2023,C3HC4-type RING Finger Domain Binding (GO:0055131),1/5,0.0720839991361056,0.597065863553077,0,0,16.63766891891892,43.75579123938747,HSPA1B,GO_Molecular_Function_2023
GO_Molecular_Function_2023,DNA-methyltransferase Activity (GO:0009008),1/5,0.0720839991361056,0.597065863553077,0,0,16.63766891891892,43.75579123938747,MGMT,GO_Molecular_Function_2023
GO_Molecular_Function_2023,G Protein-Coupled Opioid Receptor Activity (GO:0004985),1/5,0.0720839991361056,0.597065863553077,0,0,16.63766891891892,43.75579123938747,OPRM1,GO_Molecular_Function_2023
GO_Molecular_Function_2023,Melanocortin Receptor Activity (GO:0004977),1/5,0.0720839991361056,0.597065863553077,0,0,16.63766891891892,43.75579123938747,OPRM1,GO_Molecular_Function_2023
GO_Molecular_Function_2023,Neurotrophin TRK Receptor Binding (GO:0005167),1/5,0.0720839991361056,0.597065863553077,0,0,16.63766891891892,43.75579123938747,PLCG1,GO_Molecular_Function_2023
GO_Molecular_Function_2023,Neurotrophin TRKA Receptor Binding (GO:0005168),1/5,0.0720839991361056,0.597065863553077,0,0,16.63766891891892,43.75579123938747,PLCG1,GO_Molecular_Function_2023
GO_Molecular_Function_2023,Double-Stranded Methylated DNA Binding (GO:0010385),1/5,0.0720839991361056,0.597065863553077,0,0,16.63766891891892,43.75579123938747,EGR1,GO_Molecular_Function_2023
GO_Molecular_Function_2023,Epinephrine Binding (GO:0051379),1/5,0.0720839991361056,0.597065863553077,0,0,16.63766891891892,43.75579123938747,ADRA2C,GO_Molecular_Function_2023
GO_Molecular_Function_2023,Phosphatidylinositol Binding (GO:0035091),4/106,0.073331041083238,0.597065863553077,0,0,2.6234357224118314,6.854437509767548,MYO1E;MREG;ZFYVE9;ITPR3,GO_Molecular_Function_2023
GO_Molecular_Function_2023,Protein Serine/Threonine Kinase Inhibitor Activity (GO:0030291),2/32,0.0814761071134711,0.597065863553077,0,0,4.445875706214689,11.147790881806404,CDKN1A;PRKAR2B,GO_Molecular_Function_2023
GO_Molecular_Function_2023,Sphingosine-1-Phosphate Phosphatase Activity (GO:0042392),1/6,0.0858669719166811,0.597065863553077,0,0,13.30945945945946,32.67413760292951,SGPP1,GO_Molecular_Function_2023
GO_Molecular_Function_2023,Glucose:Sodium Symporter Activity (GO:0005412),1/6,0.0858669719166811,0.597065863553077,0,0,13.30945945945946,32.67413760292951,SLC5A11,GO_Molecular_Function_2023
GO_Molecular_Function_2023,Insulin-Like Growth Factor II Binding (GO:0031995),1/6,0.0858669719166811,0.597065863553077,0,0,13.30945945945946,32.67413760292951,IGFBP2,GO_Molecular_Function_2023
GO_Molecular_Function_2023,Aminophospholipid Flippase Activity (GO:0015247),1/6,0.0858669719166811,0.597065863553077,0,0,13.30945945945946,32.67413760292951,ATP11C,GO_Molecular_Function_2023
GO_Molecular_Function_2023,NADH Dehydrogenase (Ubiquinone) Activity (GO:0008137),2/33,0.0859114490981879,0.597065863553077,0,0,4.3022416621104425,10.559586172885274,NDUFS6;NDUFB1,GO_Molecular_Function_2023
GO_Molecular_Function_2023,NADH Dehydrogenase (Quinone) Activity (GO:0050136),2/34,0.0904178186133482,0.597065863553077,0,0,4.167584745762712,10.016014442492637,NDUFS6;NDUFB1,GO_Molecular_Function_2023
GO_Molecular_Function_2023,Solute:Sodium Symporter Activity (GO:0015370),2/34,0.0904178186133482,0.597065863553077,0,0,4.167584745762712,10.016014442492637,SLC4A7;SLC5A11,GO_Molecular_Function_2023
GO_Molecular_Function_2023,"3',5'-cyclic-GMP Phosphodiesterase Activity (GO:0047555)",1/7,0.0994458977149,0.597065863553077,0,0,11.090653153153154,25.598797073929436,PDE3A,GO_Molecular_Function_2023
GO_Molecular_Function_2023,Voltage-Gated Channel Activity (GO:0022832),1/7,0.0994458977149,0.597065863553077,0,0,11.090653153153154,25.598797073929436,TMEM266,GO_Molecular_Function_2023
GO_Molecular_Function_2023,Manganese Ion Transmembrane Transporter Activity (GO:0005384),1/7,0.0994458977149,0.597065863553077,0,0,11.090653153153154,25.598797073929436,ATP2C2,GO_Molecular_Function_2023
GO_Molecular_Function_2023,S-methyltransferase Activity (GO:0008172),1/7,0.0994458977149,0.597065863553077,0,0,11.090653153153154,25.598797073929436,MGMT,GO_Molecular_Function_2023
GO_Molecular_Function_2023,Leucine Zipper Domain Binding (GO:0043522),1/8,0.1128237866851389,0.597065863553077,0,0,9.505791505791503,20.740953478322734,PAWR,GO_Molecular_Function_2023
GO_Molecular_Function_2023,P-type Calcium Transporter Activity (GO:0005388),1/8,0.1128237866851389,0.597065863553077,0,0,9.505791505791503,20.740953478322734,ATP2C2,GO_Molecular_Function_2023
GO_Molecular_Function_2023,RNA Polymerase II CTD Heptapeptide Repeat Kinase Activity (GO:0008353),1/8,0.1128237866851389,0.597065863553077,0,0,9.505791505791503,20.740953478322734,MAPK1,GO_Molecular_Function_2023
GO_Molecular_Function_2023,Nuclear Glucocorticoid Receptor Binding (GO:0035259),1/8,0.1128237866851389,0.597065863553077,0,0,9.505791505791503,20.740953478322734,NR4A3,GO_Molecular_Function_2023
GO_Molecular_Function_2023,Activin Receptor Activity (GO:0017002),1/8,0.1128237866851389,0.597065863553077,0,0,9.505791505791503,20.740953478322734,ACVR1C,GO_Molecular_Function_2023
GO_Molecular_Function_2023,cAMP-dependent Protein Kinase Inhibitor Activity (GO:0004862),1/8,0.1128237866851389,0.597065863553077,0,0,9.505791505791503,20.740953478322734,PRKAR2B,GO_Molecular_Function_2023
GO_Molecular_Function_2023,Cyclic-Nucleotide Phosphodiesterase Activity (GO:0004112),1/8,0.1128237866851389,0.597065863553077,0,0,9.505791505791503,20.740953478322734,PDE3A,GO_Molecular_Function_2023
GO_Molecular_Function_2023,Signal Sequence Binding (GO:0005048),2/41,0.1237025204207087,0.597065863553077,0,0,3.4183398522381574,7.143905133527414,BRAP;KDELR2,GO_Molecular_Function_2023
GO_Molecular_Function_2023,Interleukin-1 Binding (GO:0019966),1/9,0.1260036048961789,0.597065863553077,0,0,8.31714527027027,17.228507006165213,PXDN,GO_Molecular_Function_2023
GO_Molecular_Function_2023,Lipase Inhibitor Activity (GO:0055102),1/9,0.1260036048961789,0.597065863553077,0,0,8.31714527027027,17.228507006165213,ANXA4,GO_Molecular_Function_2023
GO_Molecular_Function_2023,MAP Kinase Tyrosine Phosphatase Activity (GO:0033550),1/9,0.1260036048961789,0.597065863553077,0,0,8.31714527027027,17.228507006165213,DUSP9,GO_Molecular_Function_2023
GO_Molecular_Function_2023,MAP Kinase Tyrosine/Serine/Threonine Phosphatase Activity (GO:0017017),1/9,0.1260036048961789,0.597065863553077,0,0,8.31714527027027,17.228507006165213,DUSP9,GO_Molecular_Function_2023
GO_Molecular_Function_2023,Oxalate Transmembrane Transporter Activity (GO:0019531),1/9,0.1260036048961789,0.597065863553077,0,0,8.31714527027027,17.228507006165213,SLC26A6,GO_Molecular_Function_2023
GO_Molecular_Function_2023,Phospholipase Inhibitor Activity (GO:0004859),1/9,0.1260036048961789,0.597065863553077,0,0,8.31714527027027,17.228507006165213,ANXA4,GO_Molecular_Function_2023
GO_Molecular_Function_2023,Protein Tyrosine/Threonine Phosphatase Activity (GO:0008330),1/9,0.1260036048961789,0.597065863553077,0,0,8.31714527027027,17.228507006165213,DUSP9,GO_Molecular_Function_2023
GO_Molecular_Function_2023,Cytidylyltransferase Activity (GO:0070567),1/9,0.1260036048961789,0.597065863553077,0,0,8.31714527027027,17.228507006165213,CMAS,GO_Molecular_Function_2023
GO_Molecular_Function_2023,Promoter-Specific Chromatin Binding (GO:1990841),2/42,0.1286726845557973,0.597065863553077,0,0,3.33271186440678,6.833670448665363,EGR1;TAF10,GO_Molecular_Function_2023
GO_Molecular_Function_2023,Glycerophospholipid Flippase Activity (GO:0140333),1/10,0.1389882749155145,0.597065863553077,0,0,7.392642642642643,14.58838744208992,ATP11C,GO_Molecular_Function_2023
GO_Molecular_Function_2023,"Inositol 1,4,5 Trisphosphate Binding (GO:0070679)",1/10,0.1389882749155145,0.597065863553077,0,0,7.392642642642643,14.58838744208992,ITPR3,GO_Molecular_Function_2023
GO_Molecular_Function_2023,Magnesium Ion Transmembrane Transporter Activity (GO:0015095),1/10,0.1389882749155145,0.597065863553077,0,0,7.392642642642643,14.58838744208992,MRS2,GO_Molecular_Function_2023
GO_Molecular_Function_2023,Phospholipase Activator Activity (GO:0016004),1/10,0.1389882749155145,0.597065863553077,0,0,7.392642642642643,14.58838744208992,FYN,GO_Molecular_Function_2023
GO_Molecular_Function_2023,cAMP-dependent Protein Kinase Regulator Activity (GO:0008603),1/10,0.1389882749155145,0.597065863553077,0,0,7.392642642642643,14.58838744208992,PRKAR2B,GO_Molecular_Function_2023
GO_Molecular_Function_2023,Carbohydrate:Monoatomic Cation Symporter Activity (GO:0005402),1/10,0.1389882749155145,0.597065863553077,0,0,7.392642642642643,14.58838744208992,SLC5A11,GO_Molecular_Function_2023
GO_Molecular_Function_2023,Protein Serine/Threonine Phosphatase Inhibitor Activity (GO:0004865),1/10,0.1389882749155145,0.597065863553077,0,0,7.392642642642643,14.58838744208992,PPP1R17,GO_Molecular_Function_2023
GO_Molecular_Function_2023,Proton Transmembrane Transporter Activity (GO:0015078),2/45,0.1438492509825431,0.597065863553077,0,0,3.099724083563264,6.010332128344648,COX5B;COX7A1,GO_Molecular_Function_2023
GO_Molecular_Function_2023,MAP Kinase Activity (GO:0004707),1/11,0.1517806764271846,0.597065863553077,0,0,6.65304054054054,12.543101865269112,MAPK1,GO_Molecular_Function_2023
GO_Molecular_Function_2023,P-type Ion Transporter Activity (GO:0015662),1/11,0.1517806764271846,0.597065863553077,0,0,6.65304054054054,12.543101865269112,ATP2C2,GO_Molecular_Function_2023
GO_Molecular_Function_2023,Monoatomic Cation:Bicarbonate Symporter Activity (GO:0140410),1/11,0.1517806764271846,0.597065863553077,0,0,6.65304054054054,12.543101865269112,SLC4A7,GO_Molecular_Function_2023
GO_Molecular_Function_2023,Phospholipid Scramblase Activity (GO:0017128),1/11,0.1517806764271846,0.597065863553077,0,0,6.65304054054054,12.543101865269112,XKR8,GO_Molecular_Function_2023
GO_Molecular_Function_2023,Voltage-Gated Calcium Channel Activity (GO:0005245),2/47,0.1541649734094164,0.597065863553077,0,0,2.9616572504708096,5.537505316610555,CACNA1D;OPRM1,GO_Molecular_Function_2023
GO_Molecular_Function_2023,Titin Binding (GO:0031432),1/12,0.1643836467653726,0.597065863553077,0,0,6.047911547911548,10.919820445487462,ANKRD23,GO_Molecular_Function_2023
GO_Molecular_Function_2023,Insulin-Like Growth Factor I Binding (GO:0031994),1/12,0.1643836467653726,0.597065863553077,0,0,6.047911547911548,10.919820445487462,IGFBP2,GO_Molecular_Function_2023
GO_Molecular_Function_2023,Intracellular Ligand-Gated Monoatomic Ion Channel Activity (GO:0005217),1/12,0.1643836467653726,0.597065863553077,0,0,6.047911547911548,10.919820445487462,ITPR3,GO_Molecular_Function_2023
GO_Molecular_Function_2023,LRR Domain Binding (GO:0030275),1/12,0.1643836467653726,0.597065863553077,0,0,6.047911547911548,10.919820445487462,PAWR,GO_Molecular_Function_2023
GO_Molecular_Function_2023,Lipase Activator Activity (GO:0060229),1/12,0.1643836467653726,0.597065863553077,0,0,6.047911547911548,10.919820445487462,FYN,GO_Molecular_Function_2023
GO_Molecular_Function_2023,NAD+ Binding (GO:0070403),1/12,0.1643836467653726,0.597065863553077,0,0,6.047911547911548,10.919820445487462,GLUD1,GO_Molecular_Function_2023
GO_Molecular_Function_2023,Protein Kinase A Catalytic Subunit Binding (GO:0034236),1/12,0.1643836467653726,0.597065863553077,0,0,6.047911547911548,10.919820445487462,PRKAR2B,GO_Molecular_Function_2023
GO_Molecular_Function_2023,Transcription Cis-Regulatory Region Binding (GO:0000976),10/474,0.1695137914052431,0.597065863553077,0,0,1.444716448396011,2.564113077571124,EGR1;JUND;CREB3L1;ANKRD23;RFXAP;NKX2-1;HIF3A;FOS;ZBED6;MEF2D,GO_Molecular_Function_2023
GO_Molecular_Function_2023,Sulfate Transmembrane Transporter Activity (GO:0015116),1/13,0.1767999816212336,0.597065863553077,0,0,5.543637387387387,9.605661362247778,SLC26A6,GO_Molecular_Function_2023
GO_Molecular_Function_2023,"3',5'-cyclic-AMP Phosphodiesterase Activity (GO:0004115)",1/13,0.1767999816212336,0.597065863553077,0,0,5.543637387387387,9.605661362247778,PDE3A,GO_Molecular_Function_2023
GO_Molecular_Function_2023,Lipid Phosphatase Activity (GO:0042577),1/13,0.1767999816212336,0.597065863553077,0,0,5.543637387387387,9.605661362247778,SGPP1,GO_Molecular_Function_2023
GO_Molecular_Function_2023,U6 snRNA Binding (GO:0017070),1/13,0.1767999816212336,0.597065863553077,0,0,5.543637387387387,9.605661362247778,LSM7,GO_Molecular_Function_2023
GO_Molecular_Function_2023,Antiporter Activity (GO:0015297),2/53,0.1858694242687772,0.597065863553077,0,0,2.6124293785310733,4.395963317222639,SLC35D3;SLC26A6,GO_Molecular_Function_2023
GO_Molecular_Function_2023,1-Phosphatidylinositol Binding (GO:0005545),1/14,0.1890324355650668,0.597065863553077,0,0,5.116943866943867,8.52399269044241,ZFYVE9,GO_Molecular_Function_2023
GO_Molecular_Function_2023,1-Phosphatidylinositol-3-Kinase Regulator Activity (GO:0046935),1/14,0.1890324355650668,0.597065863553077,0,0,5.116943866943867,8.52399269044241,SOCS5,GO_Molecular_Function_2023
GO_Molecular_Function_2023,Transmembrane-Ephrin Receptor Activity (GO:0005005),1/14,0.1890324355650668,0.597065863553077,0,0,5.116943866943867,8.52399269044241,EPHA10,GO_Molecular_Function_2023
GO_Molecular_Function_2023,MAP Kinase Phosphatase Activity (GO:0033549),1/14,0.1890324355650668,0.597065863553077,0,0,5.116943866943867,8.52399269044241,DUSP9,GO_Molecular_Function_2023
GO_Molecular_Function_2023,Muscle Alpha-Actinin Binding (GO:0051371),1/14,0.1890324355650668,0.597065863553077,0,0,5.116943866943867,8.52399269044241,NRAP,GO_Molecular_Function_2023
GO_Molecular_Function_2023,SUMO Binding (GO:0032183),1/14,0.1890324355650668,0.597065863553077,0,0,5.116943866943867,8.52399269044241,HABP4,GO_Molecular_Function_2023
GO_Molecular_Function_2023,Endopeptidase Activator Activity (GO:0061133),1/14,0.1890324355650668,0.597065863553077,0,0,5.116943866943867,8.52399269044241,VSIR,GO_Molecular_Function_2023
GO_Molecular_Function_2023,Sodium:Proton Antiporter Activity (GO:0015385),1/14,0.1890324355650668,0.597065863553077,0,0,5.116943866943867,8.52399269044241,SLC9B2,GO_Molecular_Function_2023
GO_Molecular_Function_2023,Solute:Inorganic Anion Antiporter Activity (GO:0005452),1/14,0.1890324355650668,0.597065863553077,0,0,5.116943866943867,8.52399269044241,SLC26A6,GO_Molecular_Function_2023
GO_Molecular_Function_2023,Protein Kinase Regulator Activity (GO:0019887),3/103,0.1973847851425611,0.598628553663781,0,0,2.0003061224489795,3.245697176820707,CDKN1A;PRKAR2B;MT3,GO_Molecular_Function_2023
GO_Molecular_Function_2023,Insulin-Like Growth Factor Binding (GO:0005520),1/15,0.2010837226592623,0.598628553663781,0,0,4.751206563706564,7.621096522393087,IGFBP2,GO_Molecular_Function_2023
GO_Molecular_Function_2023,Adrenergic Receptor Binding (GO:0031690),1/15,0.2010837226592623,0.598628553663781,0,0,4.751206563706564,7.621096522393087,ADRA2C,GO_Molecular_Function_2023
GO_Molecular_Function_2023,Phospholipase Binding (GO:0043274),1/15,0.2010837226592623,0.598628553663781,0,0,4.751206563706564,7.621096522393087,FYN,GO_Molecular_Function_2023
GO_Molecular_Function_2023,Ephrin Receptor Activity (GO:0005003),1/15,0.2010837226592623,0.598628553663781,0,0,4.751206563706564,7.621096522393087,EPHA10,GO_Molecular_Function_2023
GO_Molecular_Function_2023,"3',5'-Cyclic-Nucleotide Phosphodiesterase Activity (GO:0004114)",1/16,0.2129565170625368,0.6267697490817845,0,0,4.434234234234234,6.8582849991057975,PDE3A,GO_Molecular_Function_2023
GO_Molecular_Function_2023,Histone Acetyltransferase Binding (GO:0035035),1/17,0.2246534536052364,0.632448309606046,0,0,4.156883445945946,6.207042857614634,EGR1,GO_Molecular_Function_2023
GO_Molecular_Function_2023,RNA Polymerase Binding (GO:0070063),1/17,0.2246534536052364,0.632448309606046,0,0,4.156883445945946,6.207042857614634,TAF10,GO_Molecular_Function_2023
GO_Molecular_Function_2023,Phosphatidylinositol 3-Kinase Regulator Activity (GO:0035014),1/17,0.2246534536052364,0.632448309606046,0,0,4.156883445945946,6.207042857614634,SOCS5,GO_Molecular_Function_2023
GO_Molecular_Function_2023,Calcium-Release Channel Activity (GO:0015278),1/17,0.2246534536052364,0.632448309606046,0,0,4.156883445945946,6.207042857614634,ITPR3,GO_Molecular_Function_2023
GO_Molecular_Function_2023,Protein Phosphatase Regulator Activity (GO:0019888),2/61,0.2293301730810291,0.6386722024514684,0,0,2.257282390117782,3.32405714060122,BOD1;STYXL1,GO_Molecular_Function_2023
GO_Molecular_Function_2023,PDZ Domain Binding (GO:0030165),2/62,0.2348193857890836,0.6438934342117925,0,0,2.21954802259887,3.215988874302972,F11R;SLC26A6,GO_Molecular_Function_2023
GO_Molecular_Function_2023,Ligand-Gated Calcium Channel Activity (GO:0099604),1/18,0.2361771283788427,0.6438934342117925,0,0,3.9121621621621614,5.64592763145937,ITPR3,GO_Molecular_Function_2023
GO_Molecular_Function_2023,Metalloaminopeptidase Activity (GO:0070006),1/19,0.24753009920291,0.656905219602402,0,0,3.694632132132132,5.15853069720956,LNPEP,GO_Molecular_Function_2023
GO_Molecular_Function_2023,R-SMAD Binding (GO:0070412),1/19,0.24753009920291,0.656905219602402,0,0,3.694632132132132,5.15853069720956,FOS,GO_Molecular_Function_2023
GO_Molecular_Function_2023,RNA Polymerase II-specific DNA-binding Transcription Factor Binding (GO:0061629),5/228,0.2516472234942315,0.656905219602402,0,0,1.495792124823392,2.0637848992105225,MKKS;ANXA4;NKX2-1;FOS;MEF2D,GO_Molecular_Function_2023
GO_Molecular_Function_2023,Tau-Protein Kinase Activity (GO:0050321),1/20,0.2587148864025256,0.656905219602402,0,0,3.5,4.732100269175356,FYN,GO_Molecular_Function_2023
GO_Molecular_Function_2023,Actinin Binding (GO:0042805),1/20,0.2587148864025256,0.656905219602402,0,0,3.5,4.732100269175356,CACNA1D,GO_Molecular_Function_2023
GO_Molecular_Function_2023,Phosphatidylinositol Phospholipase C Activity (GO:0004435),1/20,0.2587148864025256,0.656905219602402,0,0,3.5,4.732100269175356,PLCG1,GO_Molecular_Function_2023
GO_Molecular_Function_2023,GDP Binding (GO:0019003),2/67,0.262349102706626,0.656905219602402,0,0,2.0482920469361146,2.740777002108947,RAP1B;HRAS,GO_Molecular_Function_2023
GO_Molecular_Function_2023,Calcium Ion Transmembrane Transporter Activity (GO:0015085),2/68,0.2678623502589553,0.656905219602402,0,0,2.017154596815614,2.6571615401508475,CACNA1D;ATP2C2,GO_Molecular_Function_2023
GO_Molecular_Function_2023,Metal Cation:Proton Antiporter Activity (GO:0051139),1/21,0.2697339730991777,0.656905219602402,0,0,3.324831081081081,4.356589638274103,SLC9B2,GO_Molecular_Function_2023
GO_Molecular_Function_2023,"Oxidoreductase Activity, Acting On Single Donors With Incorporation Of Molecular Oxygen, Incorporation Of Two Atoms Of Oxygen (GO:0016702)",1/21,0.2697339730991777,0.656905219602402,0,0,3.324831081081081,4.356589638274103,PTGS2,GO_Molecular_Function_2023
GO_Molecular_Function_2023,Ephrin Receptor Binding (GO:0046875),1/21,0.2697339730991777,0.656905219602402,0,0,3.324831081081081,4.356589638274103,FYN,GO_Molecular_Function_2023
GO_Molecular_Function_2023,Bicarbonate Transmembrane Transporter Activity (GO:0015106),1/22,0.2805898059543165,0.656905219602402,0,0,3.1663449163449164,4.023985664453448,SLC26A6,GO_Molecular_Function_2023
GO_Molecular_Function_2023,Semaphorin Receptor Binding (GO:0030215),1/22,0.2805898059543165,0.656905219602402,0,0,3.1663449163449164,4.023985664453448,SEMA6A,GO_Molecular_Function_2023
GO_Molecular_Function_2023,Actin Binding (GO:0003779),4/183,0.2890006410184729,0.656905219602402,0,0,1.489046084618758,1.848392175174426,PLEKHH2;TLNRD1;NRAP;PAWR,GO_Molecular_Function_2023
GO_Molecular_Function_2023,High Voltage-Gated Calcium Channel Activity (GO:0008331),1/23,0.2912847955518935,0.656905219602402,0,0,3.0222665847665846,3.727826238446421,CACNA1D,GO_Molecular_Function_2023
GO_Molecular_Function_2023,Phospholipase C Activity (GO:0004629),1/23,0.2912847955518935,0.656905219602402,0,0,3.0222665847665846,3.727826238446421,PLCG1,GO_Molecular_Function_2023
GO_Molecular_Function_2023,Protein Phosphatase 2A Binding (GO:0051721),1/23,0.2912847955518935,0.656905219602402,0,0,3.0222665847665846,3.727826238446421,BOD1,GO_Molecular_Function_2023
GO_Molecular_Function_2023,Protein Tyrosine/Serine/Threonine Phosphatase Activity (GO:0008138),1/23,0.2912847955518935,0.656905219602402,0,0,3.0222665847665846,3.727826238446421,DUSP9,GO_Molecular_Function_2023
GO_Molecular_Function_2023,Disordered Domain Specific Binding (GO:0097718),1/23,0.2912847955518935,0.656905219602402,0,0,3.0222665847665846,3.727826238446421,FYN,GO_Molecular_Function_2023
GO_Molecular_Function_2023,Glucose Transmembrane Transporter Activity (GO:0005355),1/24,0.3018213171146172,0.656905219602402,0,0,2.890716803760282,3.462847768105973,SLC5A11,GO_Molecular_Function_2023
GO_Molecular_Function_2023,Notch Binding (GO:0005112),1/24,0.3018213171146172,0.656905219602402,0,0,2.890716803760282,3.462847768105973,DTX1,GO_Molecular_Function_2023
GO_Molecular_Function_2023,Monoatomic Anion Transmembrane Transporter Activity (GO:0008509),1/24,0.3018213171146172,0.656905219602402,0,0,2.890716803760282,3.462847768105973,SLC26A6,GO_Molecular_Function_2023
GO_Molecular_Function_2023,Peptidase Activator Activity (GO:0016504),1/24,0.3018213171146172,0.656905219602402,0,0,2.890716803760282,3.462847768105973,VSIR,GO_Molecular_Function_2023
GO_Molecular_Function_2023,Chemorepellent Activity (GO:0045499),1/24,0.3018213171146172,0.656905219602402,0,0,2.890716803760282,3.462847768105973,SEMA6A,GO_Molecular_Function_2023
GO_Molecular_Function_2023,Voltage-Gated Monoatomic Cation Channel Activity (GO:0022843),2/76,0.3118531929578039,0.6572593722651786,0,0,1.7983508932661476,2.095479350478964,CACNA1D;OPRM1,GO_Molecular_Function_2023
GO_Molecular_Function_2023,Protein Tyrosine Phosphatase Activity (GO:0004725),2/76,0.3118531929578039,0.6572593722651786,0,0,1.7983508932661476,2.095479350478964,EYA1;DUSP9,GO_Molecular_Function_2023
GO_Molecular_Function_2023,"Phosphotransferase Activity, Alcohol Group As Acceptor (GO:0016773)",2/77,0.3173214997976573,0.6572593722651786,0,0,1.7742824858757065,2.036592096505108,NADK2;CHKA,GO_Molecular_Function_2023
GO_Molecular_Function_2023,NAD Binding (GO:0051287),1/26,0.3224282823691472,0.6572593722651786,0,0,2.659189189189189,3.009868560834495,GLUD1,GO_Molecular_Function_2023
GO_Molecular_Function_2023,NF-kappaB Binding (GO:0051059),1/26,0.3224282823691472,0.6572593722651786,0,0,2.659189189189189,3.009868560834495,ANXA4,GO_Molecular_Function_2023
GO_Molecular_Function_2023,Amyloid-Beta Binding (GO:0001540),2/79,0.3282269593818957,0.6572593722651786,0,0,1.728021131410962,1.9251018732771017,CALCR;PFDN6,GO_Molecular_Function_2023
GO_Molecular_Function_2023,ADP Binding (GO:0043531),1/27,0.3325033036257741,0.6572593722651786,0,0,2.5567827442827444,2.815287499129384,GLUD1,GO_Molecular_Function_2023
GO_Molecular_Function_2023,Histone Acetyltransferase Activity (GO:0004402),1/27,0.3325033036257741,0.6572593722651786,0,0,2.5567827442827444,2.815287499129384,TAF10,GO_Molecular_Function_2023
GO_Molecular_Function_2023,Carboxy-Lyase Activity (GO:0016831),1/27,0.3325033036257741,0.6572593722651786,0,0,2.5567827442827444,2.815287499129384,ODC1,GO_Molecular_Function_2023
GO_Molecular_Function_2023,Ubiquitin Conjugating Enzyme Binding (GO:0031624),1/28,0.3424290129890663,0.6572593722651786,0,0,2.461961961961962,2.638462240892674,RNF19B,GO_Molecular_Function_2023
GO_Molecular_Function_2023,Neuropeptide Binding (GO:0042923),1/28,0.3424290129890663,0.6572593722651786,0,0,2.461961961961962,2.638462240892674,OPRM1,GO_Molecular_Function_2023
GO_Molecular_Function_2023,Delayed Rectifier Potassium Channel Activity (GO:0005251),1/28,0.3424290129890663,0.6572593722651786,0,0,2.461961961961962,2.638462240892674,KCNG1,GO_Molecular_Function_2023
GO_Molecular_Function_2023,Dicarboxylic Acid Transmembrane Transporter Activity (GO:0005310),1/28,0.3424290129890663,0.6572593722651786,0,0,2.461961961961962,2.638462240892674,SLC26A6,GO_Molecular_Function_2023
GO_Molecular_Function_2023,Small GTPase Binding (GO:0031267),4/199,0.3425709269715669,0.6572593722651786,0,0,1.3657477903211692,1.4630935900960738,DOCK5;HACE1;FLNA;CYRIB,GO_Molecular_Function_2023
GO_Molecular_Function_2023,G Protein-Coupled Receptor Binding (GO:0001664),3/140,0.3449106359536031,0.6572593722651786,0,0,1.4573216147772978,1.551275025210583,FLNA;WNT9A;HSPA1B,GO_Molecular_Function_2023
GO_Molecular_Function_2023,Metal Ion Transmembrane Transporter Activity (GO:0046873),1/29,0.3522076158553304,0.6572593722651786,0,0,2.3739140926640925,2.4772611595576275,MRS2,GO_Molecular_Function_2023
GO_Molecular_Function_2023,Aminopeptidase Activity (GO:0004177),1/29,0.3522076158553304,0.6572593722651786,0,0,2.3739140926640925,2.4772611595576275,LNPEP,GO_Molecular_Function_2023
GO_Molecular_Function_2023,Receptor Antagonist Activity (GO:0048019),1/30,0.3618412852329467,0.6572593722651786,0,0,2.2919384902143523,2.3298691597647085,PXDN,GO_Molecular_Function_2023
GO_Molecular_Function_2023,Heme Binding (GO:0020037),2/87,0.3713100024571782,0.6572593722651786,0,0,1.5647457627118644,1.550221759908824,PXDN;PTGS2,GO_Molecular_Function_2023
GO_Molecular_Function_2023,Kinesin Binding (GO:0019894),1/31,0.3713321620725616,0.6572593722651786,0,0,2.215427927927928,2.1947320678912816,AP1AR,GO_Molecular_Function_2023
GO_Molecular_Function_2023,RNA Polymerase II Complex Binding (GO:0000993),1/31,0.3713321620725616,0.6572593722651786,0,0,2.215427927927928,2.1947320678912816,URI1,GO_Molecular_Function_2023
GO_Molecular_Function_2023,Adenyl Nucleotide Binding (GO:0030554),1/31,0.3713321620725616,0.6572593722651786,0,0,2.215427927927928,2.1947320678912816,TM7SF2,GO_Molecular_Function_2023
GO_Molecular_Function_2023,Potassium Ion Transmembrane Transporter Activity (GO:0015079),1/31,0.3713321620725616,0.6572593722651786,0,0,2.215427927927928,2.1947320678912816,KCNG1,GO_Molecular_Function_2023
GO_Molecular_Function_2023,Sequence-Specific Double-Stranded DNA Binding (GO:1990837),12/715,0.3739751658194893,0.6572593722651786,0,0,1.1379800853485065,1.1192783901274006,EGR1;JUND;CDC45;IRX5;CREB3L1;ANKRD23;NKX2-1;UNCX;FOS;ZBED6;MEF2D;TBX19,GO_Molecular_Function_2023
GO_Molecular_Function_2023,Ubiquitin Protein Ligase Binding (GO:0031625),5/271,0.3759609260009828,0.6572593722651786,0,0,1.2512230919765166,1.2240340907658154,CDKN1A;PRKAR2B;BAG1;DTX1;HSPA1B,GO_Molecular_Function_2023
GO_Molecular_Function_2023,Protein Kinase Activator Activity (GO:0030295),2/88,0.3766222092597651,0.6572593722651786,0,0,1.5464722112731573,1.5101497412422678,CDKN1A;MT3,GO_Molecular_Function_2023
GO_Molecular_Function_2023,Inorganic Anion Transmembrane Transporter Activity (GO:0015103),1/32,0.3806823558331693,0.6572593722651786,0,0,2.143853530950305,2.070512222999164,SLC26A6,GO_Molecular_Function_2023
GO_Molecular_Function_2023,Monocarboxylic Acid Transmembrane Transporter Activity (GO:0008028),1/32,0.3806823558331693,0.6572593722651786,0,0,2.143853530950305,2.070512222999164,SLC26A6,GO_Molecular_Function_2023
GO_Molecular_Function_2023,Frizzled Binding (GO:0005109),1/33,0.3898939448828181,0.6572593722651786,0,0,2.076752533783784,1.956052741972613,WNT9A,GO_Molecular_Function_2023
GO_Molecular_Function_2023,RNA Polymerase Core Enzyme Binding (GO:0043175),1/33,0.3898939448828181,0.6572593722651786,0,0,2.076752533783784,1.956052741972613,URI1,GO_Molecular_Function_2023
GO_Molecular_Function_2023,Calcium Channel Activity (GO:0005262),2/91,0.3924450937492061,0.6572593722651786,0,0,1.494115406589221,1.3975337548329214,CACNA1D;OPRM1,GO_Molecular_Function_2023
GO_Molecular_Function_2023,Protein Homodimerization Activity (GO:0042803),11/662,0.3952215213564816,0.6572593722651786,0,0,1.1256055772184803,1.0449096276280871,GLUD1;TMEM266;NADK2;NR4A3;CHKA;ZBTB16;ODC1;FLNA;FYN;F11R;ADRA2C,GO_Molecular_Function_2023
GO_Molecular_Function_2023,Ubiquitin-Like Protein Conjugating Enzyme Binding (GO:0044390),1/34,0.3989689770645088,0.6572593722651786,0,0,2.013718263718264,1.85034855682918,RNF19B,GO_Molecular_Function_2023
GO_Molecular_Function_2023,Kinase Inhibitor Activity (GO:0019210),1/34,0.3989689770645088,0.6572593722651786,0,0,2.013718263718264,1.85034855682918,CDKN1A,GO_Molecular_Function_2023
GO_Molecular_Function_2023,Nuclear Estrogen Receptor Binding (GO:0030331),1/34,0.3989689770645088,0.6572593722651786,0,0,2.013718263718264,1.85034855682918,TAF10,GO_Molecular_Function_2023
GO_Molecular_Function_2023,Sodium Ion Transmembrane Transporter Activity (GO:0015081),1/34,0.3989689770645088,0.6572593722651786,0,0,2.013718263718264,1.85034855682918,SLC9B2,GO_Molecular_Function_2023
GO_Molecular_Function_2023,NADP Binding (GO:0050661),1/35,0.4079094699448333,0.6572593722651786,0,0,1.954391891891892,1.7525227857992751,TM7SF2,GO_Molecular_Function_2023
GO_Molecular_Function_2023,Core Promoter Sequence-Specific DNA Binding (GO:0001046),1/35,0.4079094699448333,0.6572593722651786,0,0,1.954391891891892,1.7525227857992751,FOS,GO_Molecular_Function_2023
GO_Molecular_Function_2023,DNA-binding Transcription Factor Binding (GO:0140297),5/282,0.4082887381672569,0.6572593722651786,0,0,1.2008555462143315,1.0757031776999515,MKKS;NKX2-1;FLNA;FOS;MEF2D,GO_Molecular_Function_2023
GO_Molecular_Function_2023,"DNA-binding Transcription Activator Activity, RNA Polymerase II-specific (GO:0001228)",6/348,0.4139050917154215,0.6572593722651786,0,0,1.1672394043528065,1.0296435641393902,EGR1;NR4A3;CREB3L1;ZBTB16;RFXAP;FOS,GO_Molecular_Function_2023
GO_Molecular_Function_2023,Neuropeptide Receptor Activity (GO:0008188),1/36,0.4167174115599588,0.6572593722651786,0,0,1.8984555984555984,1.6618073311561778,OPRM1,GO_Molecular_Function_2023
GO_Molecular_Function_2023,Non-Membrane Spanning Protein Tyrosine Kinase Activity (GO:0004715),1/36,0.4167174115599588,0.6572593722651786,0,0,1.8984555984555984,1.6618073311561778,FYN,GO_Molecular_Function_2023
GO_Molecular_Function_2023,Amino Acid Binding (GO:0016597),1/36,0.4167174115599588,0.6572593722651786,0,0,1.8984555984555984,1.6618073311561778,GLUD1,GO_Molecular_Function_2023
GO_Molecular_Function_2023,"Phosphatidylinositol-3,4,5-Trisphosphate Binding (GO:0005547)",1/36,0.4167174115599588,0.6572593722651786,0,0,1.8984555984555984,1.6618073311561778,ADAP2,GO_Molecular_Function_2023
GO_Molecular_Function_2023,Basal RNA Polymerase II Transcription Machinery Binding (GO:0001099),1/36,0.4167174115599588,0.6572593722651786,0,0,1.8984555984555984,1.6618073311561778,URI1,GO_Molecular_Function_2023
GO_Molecular_Function_2023,Methyltransferase Activity (GO:0008168),1/37,0.4253947605046453,0.6572593722651786,0,0,1.8456268768768769,1.5775268587404352,MGMT,GO_Molecular_Function_2023
GO_Molecular_Function_2023,Ubiquitin-Like Protein Ligase Binding (GO:0044389),5/289,0.4287572593511921,0.6572593722651786,0,0,1.170834941153772,0.9915383704771668,CDKN1A;PRKAR2B;BAG1;DTX1;HSPA1B,GO_Molecular_Function_2023
GO_Molecular_Function_2023,GTPase Binding (GO:0051020),4/225,0.4297240106107314,0.6572593722651786,0,0,1.2034654765030193,1.0164615180067678,DOCK5;HACE1;FLNA;CYRIB,GO_Molecular_Function_2023
GO_Molecular_Function_2023,Transcription Coregulator Binding (GO:0001221),2/99,0.4337066193765687,0.6572593722651786,0,0,1.3703302463742792,1.1447560265082508,ZBTB16;FOS,GO_Molecular_Function_2023
GO_Molecular_Function_2023,Histone Deacetylase Binding (GO:0042826),2/99,0.4337066193765687,0.6572593722651786,0,0,1.3703302463742792,1.1447560265082508,MEF2D;HSPA1B,GO_Molecular_Function_2023
GO_Molecular_Function_2023,Protein Tyrosine Kinase Activity (GO:0004713),2/99,0.4337066193765687,0.6572593722651786,0,0,1.3703302463742792,1.1447560265082508,FYN;BAZ1B,GO_Molecular_Function_2023
GO_Molecular_Function_2023,Alpha-Tubulin Binding (GO:0043014),1/38,0.4339434465534577,0.6572593722651786,0,0,1.7956537618699782,1.4990854914842158,FYN,GO_Molecular_Function_2023
GO_Molecular_Function_2023,Tau Protein Binding (GO:0048156),1/39,0.442365371126227,0.6661199483819348,0,0,1.7483108108108107,1.4259557020425715,FYN,GO_Molecular_Function_2023
GO_Molecular_Function_2023,Monoatomic Cation Channel Activity (GO:0005261),2/105,0.4636500840101372,0.6895143340040648,0,0,1.2901102517689649,0.9916111735817728,KCNG1;CACNA1D,GO_Molecular_Function_2023
GO_Molecular_Function_2023,Transcription Corepressor Binding (GO:0001222),1/42,0.4668891723308099,0.6895143340040648,0,0,1.6201384311140408,1.2340000937884972,ZBTB16,GO_Molecular_Function_2023
GO_Molecular_Function_2023,Endopeptidase Regulator Activity (GO:0061135),1/42,0.4668891723308099,0.6895143340040648,0,0,1.6201384311140408,1.2340000937884972,VSIR,GO_Molecular_Function_2023
GO_Molecular_Function_2023,Kinase Activity (GO:0016301),2/106,0.4685502810220672,0.6895143340040648,0,0,1.277640156453716,0.9685941549634944,NADK2;CHKA,GO_Molecular_Function_2023
GO_Molecular_Function_2023,snRNA Binding (GO:0017069),1/43,0.4748225109749182,0.6896373055139031,0,0,1.581483268983269,1.1779112051028695,LSM7,GO_Molecular_Function_2023
GO_Molecular_Function_2023,Ubiquitin Ligase-Substrate Adaptor Activity (GO:1990756),1/44,0.482638183086201,0.6896373055139031,0,0,1.5446260213702074,1.125241535558234,KLHDC2,GO_Molecular_Function_2023
GO_Molecular_Function_2023,Kinase Activator Activity (GO:0019209),1/44,0.482638183086201,0.6896373055139031,0,0,1.5446260213702074,1.125241535558234,MT3,GO_Molecular_Function_2023
GO_Molecular_Function_2023,Phosphoric Diester Hydrolase Activity (GO:0008081),1/44,0.482638183086201,0.6896373055139031,0,0,1.5446260213702074,1.125241535558234,PLCG1,GO_Molecular_Function_2023
GO_Molecular_Function_2023,"DNA-binding Transcription Repressor Activity, RNA Polymerase II-specific (GO:0001227)",4/243,0.4883394841584541,0.6896373055139031,0,0,1.1117997343881645,0.7968762899481172,CREB3L1;ZBTB16;INSM2;ZBED6,GO_Molecular_Function_2023
GO_Molecular_Function_2023,Potassium Channel Regulator Activity (GO:0015459),1/45,0.490337928189702,0.6896373055139031,0,0,1.5094441031941033,1.075721153394038,FLNA,GO_Molecular_Function_2023
GO_Molecular_Function_2023,Protein Kinase Inhibitor Activity (GO:0004860),1/45,0.490337928189702,0.6896373055139031,0,0,1.5094441031941033,1.075721153394038,CDKN1A,GO_Molecular_Function_2023
GO_Molecular_Function_2023,Copper Ion Binding (GO:0005507),1/45,0.490337928189702,0.6896373055139031,0,0,1.5094441031941033,1.075721153394038,MT3,GO_Molecular_Function_2023
GO_Molecular_Function_2023,Phosphatase Binding (GO:0019902),2/112,0.4973814029218329,0.6896373055139031,0,0,1.2075808936825887,0.8433722462903562,MAPK1;STYXL1,GO_Molecular_Function_2023
GO_Molecular_Function_2023,Cyclin-Dependent Protein Serine/Threonine Kinase Regulator Activity (GO:0016538),1/46,0.4979234599656366,0.6896373055139031,0,0,1.475825825825826,1.029106495916669,CDKN1A,GO_Molecular_Function_2023
GO_Molecular_Function_2023,Exonuclease Activity (GO:0004527),1/46,0.4979234599656366,0.6896373055139031,0,0,1.475825825825826,1.029106495916669,REXO5,GO_Molecular_Function_2023
GO_Molecular_Function_2023,Calcium-Dependent Phospholipid Binding (GO:0005544),1/47,0.5053964669751628,0.6962642816306764,0,0,1.4436692126909518,0.9851773024746344,ANXA4,GO_Molecular_Function_2023
GO_Molecular_Function_2023,Nuclear Receptor Binding (GO:0016922),2/115,0.5114193319389493,0.6971452998536204,0,0,1.175341232938353,0.7881431814521592,NR4A3;TAF10,GO_Molecular_Function_2023
GO_Molecular_Function_2023,Protein Phosphatase Binding (GO:0019903),2/115,0.5114193319389493,0.6971452998536204,0,0,1.175341232938353,0.7881431814521592,BOD1;STYXL1,GO_Molecular_Function_2023
GO_Molecular_Function_2023,Pyrophosphatase Activity (GO:0016462),1/49,0.5200115368245155,0.7051465342280079,0,0,1.383375563063063,0.9045952035427076,NUDT3,GO_Molecular_Function_2023
GO_Molecular_Function_2023,Channel Activity (GO:0015267),1/52,0.5411310078362416,0.7261809897906041,0,0,1.3018018018018018,0.7994285074687554,TMEM266,GO_Molecular_Function_2023
GO_Molecular_Function_2023,Exopeptidase Activity (GO:0008238),1/52,0.5411310078362416,0.7261809897906041,0,0,1.3018018018018018,0.7994285074687554,LNPEP,GO_Molecular_Function_2023
GO_Molecular_Function_2023,Polyubiquitin Modification-Dependent Protein Binding (GO:0031593),1/53,0.5479629574337679,0.7278072101299788,0,0,1.276702182952183,0.7679971216123657,UBQLN1,GO_Molecular_Function_2023
GO_Molecular_Function_2023,Serine-Type Endopeptidase Inhibitor Activity (GO:0004867),1/53,0.5479629574337679,0.7278072101299788,0,0,1.276702182952183,0.7679971216123657,SERPINA9,GO_Molecular_Function_2023
GO_Molecular_Function_2023,Serine-Type Endopeptidase Activity (GO:0004252),2/125,0.5563178169033843,0.7342574276713463,0,0,1.0792338431858894,0.6328794914389247,F12;KLK13,GO_Molecular_Function_2023
GO_Molecular_Function_2023,Chloride Transmembrane Transporter Activity (GO:0015108),1/55,0.5613242111155465,0.7342574276713463,0,0,1.2292917917917918,0.7098626879520755,SLC26A6,GO_Molecular_Function_2023
GO_Molecular_Function_2023,Protein Serine/Threonine Phosphatase Activity (GO:0004722),1/55,0.5613242111155465,0.7342574276713463,0,0,1.2292917917917918,0.7098626879520755,PPM1B,GO_Molecular_Function_2023
GO_Molecular_Function_2023,Metalloexopeptidase Activity (GO:0008235),1/57,0.5742918236335459,0.7424608766487688,0,0,1.1852678571428572,0.6573704241389675,LNPEP,GO_Molecular_Function_2023
GO_Molecular_Function_2023,GTP Binding (GO:0005525),3/201,0.5761772194006792,0.7424608766487688,0,0,1.0052051123479695,0.5542097796428084,RAP1B;GLUD1;HRAS,GO_Molecular_Function_2023
GO_Molecular_Function_2023,Protein Serine/Threonine Kinase Activity (GO:0004674),5/342,0.5761955065884268,0.7424608766487688,0,0,0.9840047152554774,0.5424899221999235,SRPK3;ACVR1C;MAPK1;FYN;CDK16,GO_Molecular_Function_2023
GO_Molecular_Function_2023,Nuclease Activity (GO:0004518),1/58,0.5806316400266704,0.7444732414203349,0,0,1.1644144144144144,0.6330207774991018,REXO5,GO_Molecular_Function_2023
GO_Molecular_Function_2023,Receptor Tyrosine Kinase Binding (GO:0030971),1/59,0.5868773541855713,0.7487745553402118,0,0,1.1442800559179869,0.6098319466132389,SOCS5,GO_Molecular_Function_2023
GO_Molecular_Function_2023,Secondary Active Transmembrane Transporter Activity (GO:0015291),1/60,0.5930303580724188,0.7529159938272375,0,0,1.124828218048557,0.587733640415199,SLC35D3,GO_Molecular_Function_2023
GO_Molecular_Function_2023,Serine-Type Peptidase Activity (GO:0008236),2/142,0.6257434507597136,0.7905734329110528,0,0,0.947360774818402,0.4441367663373901,F12;KLK13,GO_Molecular_Function_2023
GO_Molecular_Function_2023,Guanyl Ribonucleotide Binding (GO:0032561),3/226,0.6552127883937112,0.8237869523979185,0,0,0.8913700009151643,0.3768669830619568,RAP1B;GLUD1;HRAS,GO_Molecular_Function_2023
GO_Molecular_Function_2023,"Phosphatidylinositol-4,5-Bisphosphate Binding (GO:0005546)",1/73,0.6651801232380199,0.8322785116842858,0,0,0.9211242492492492,0.3755399734619334,ADAP2,GO_Molecular_Function_2023
GO_Molecular_Function_2023,Cytokine Receptor Activity (GO:0004896),1/76,0.6799296382624809,0.8358437768256255,0,0,0.8841441441441441,0.3410727139332979,IL12RB2,GO_Molecular_Function_2023
GO_Molecular_Function_2023,Ubiquitin Protein Ligase Activity (GO:0061630),4/311,0.681284978932387,0.8358437768256255,0,0,0.8625140354192838,0.3310109695368392,BRAP;HACE1;RNF19B;DTX1,GO_Molecular_Function_2023
GO_Molecular_Function_2023,Kinase Binding (GO:0019900),6/460,0.6818683366907773,0.8358437768256255,0,0,0.8741995549298334,0.3347473522902486,CNKSR2;CDKN1A;NR4A3;UBQLN1;FLNA;PLCG1,GO_Molecular_Function_2023
GO_Molecular_Function_2023,G Protein-Coupled Peptide Receptor Activity (GO:0008528),1/77,0.684700793132,0.8358437768256255,0,0,0.8724662162162162,0.3304669379474362,CYSLTR2,GO_Molecular_Function_2023
GO_Molecular_Function_2023,Phospholipase Activity (GO:0004620),1/77,0.684700793132,0.8358437768256255,0,0,0.8724662162162162,0.3304669379474362,PLCG1,GO_Molecular_Function_2023
GO_Molecular_Function_2023,Potassium Channel Activity (GO:0005267),1/79,0.6940314941909151,0.8358437768256255,0,0,0.8500086625086625,0.3104554118792934,KCNG1,GO_Molecular_Function_2023
GO_Molecular_Function_2023,Ubiquitin Binding (GO:0043130),1/80,0.6985931242253246,0.8358437768256255,0,0,0.8392062949024974,0.3010122111243866,RNF19B,GO_Molecular_Function_2023
GO_Molecular_Function_2023,Voltage-Gated Potassium Channel Activity (GO:0005249),1/80,0.6985931242253246,0.8358437768256255,0,0,0.8392062949024974,0.3010122111243866,KCNG1,GO_Molecular_Function_2023
GO_Molecular_Function_2023,Ubiquitin-Like Protein Ligase Activity (GO:0061659),4/319,0.7003015427457943,0.8358437768256255,0,0,0.8402622027195406,0.2993385877436613,BRAP;HACE1;RNF19B;DTX1,GO_Molecular_Function_2023
GO_Molecular_Function_2023,Cadherin Binding (GO:0045296),4/319,0.7003015427457943,0.8358437768256255,0,0,0.8402622027195406,0.2993385877436613,EFHD2;FLNA;FYN;F11R,GO_Molecular_Function_2023
GO_Molecular_Function_2023,Phosphatase Activity (GO:0016791),1/83,0.711875314846399,0.8457601217670521,0,0,0.8083800263678312,0.2747299749346639,SGPP1,GO_Molecular_Function_2023
GO_Molecular_Function_2023,Protein Tyrosine Kinase Binding (GO:1990782),1/85,0.7204043804282972,0.8519850891823241,0,0,0.7890524453024453,0.2587638987303992,SOCS5,GO_Molecular_Function_2023
GO_Molecular_Function_2023,Zinc Ion Binding (GO:0008270),4/341,0.7483503338584996,0.8744222123086409,0,0,0.784517069910169,0.2274189854262858,EGR1;LNPEP;BAZ1B;MT3,GO_Molecular_Function_2023
GO_Molecular_Function_2023,Phosphatidylinositol Bisphosphate Binding (GO:1902936),1/93,0.7520770320182287,0.8744222123086409,0,0,0.7201454171562868,0.2051813290912438,ADAP2,GO_Molecular_Function_2023
GO_Molecular_Function_2023,Double-Stranded DNA Binding (GO:0003690),8/650,0.7531633413440313,0.8744222123086409,0,0,0.821869374467764,0.2329779036993029,EGR1;JUND;IRX5;CREB3L1;UNCX;FOS;MEF2D;TBX19,GO_Molecular_Function_2023
GO_Molecular_Function_2023,GTPase Activity (GO:0003924),3/265,0.7563850386808841,0.8744222123086409,0,0,0.7571662252687335,0.2114043854586958,RAP1B;RAB24;HRAS,GO_Molecular_Function_2023
GO_Molecular_Function_2023,"Oxidoreductase Activity, Acting On The CH-OH Group Of Donors, NAD Or NADP As Acceptor (GO:0016616)",1/95,0.7594196976195435,0.8744222123086409,0,0,0.7047512938470385,0.1939480445458209,PTGR1,GO_Molecular_Function_2023
GO_Molecular_Function_2023,Growth Factor Receptor Binding (GO:0070851),1/96,0.7630093435588914,0.8744222123086409,0,0,0.6972972972972973,0.1886084608226599,FYN,GO_Molecular_Function_2023
GO_Molecular_Function_2023,Single-Stranded DNA Binding (GO:0003697),1/96,0.7630093435588914,0.8744222123086409,0,0,0.6972972972972973,0.1886084608226599,CDC45,GO_Molecular_Function_2023
GO_Molecular_Function_2023,Ribonucleoside Triphosphate Phosphatase Activity (GO:0017111),3/270,0.7674548908708189,0.8756423644737537,0,0,0.7427959948024153,0.1965999572977487,RAP1B;RAB24;HRAS,GO_Molecular_Function_2023
GO_Molecular_Function_2023,Cytokine Receptor Binding (GO:0005126),1/100,0.7768419503727892,0.8824651980111948,0,0,0.668987168987169,0.1689315423580777,PXDN,GO_Molecular_Function_2023
GO_Molecular_Function_2023,Carboxylic Ester Hydrolase Activity (GO:0052689),1/104,0.7898697320017177,0.8933461161067463,0,0,0.6428758855943322,0.151646220448658,APMAP,GO_Molecular_Function_2023
GO_Molecular_Function_2023,Phosphatidylinositol Phosphate Binding (GO:1901981),1/109,0.8050935259447572,0.9066053183464876,0,0,0.6129567067067067,0.1328870691111261,ADAP2,GO_Molecular_Function_2023
GO_Molecular_Function_2023,Endopeptidase Inhibitor Activity (GO:0004866),1/112,0.8136948343010215,0.9123245111859938,0,0,0.5962990017044071,0.1229388934507574,SERPINA9,GO_Molecular_Function_2023
GO_Molecular_Function_2023,GTPase Activator Activity (GO:0005096),2/211,0.8236074092111867,0.9194582714900748,0,0,0.6323574730354391,0.1227161181769035,ADAP2;ELMOD3,GO_Molecular_Function_2023
GO_Molecular_Function_2023,Sequence-Specific DNA Binding (GO:0043565),8/717,0.8393690501642057,0.93303254932416,0,0,0.7415874007447499,0.1298555135950302,EGR1;JUND;IRX5;CREB3L1;UNCX;FOS;MEF2D;TBX19,GO_Molecular_Function_2023
GO_Molecular_Function_2023,Metallopeptidase Activity (GO:0008237),1/124,0.8444787541000505,0.9347008432133038,0,0,0.5377938914524281,0.0909063674426981,LNPEP,GO_Molecular_Function_2023
GO_Molecular_Function_2023,RNA Polymerase II Cis-Regulatory Region Sequence-Specific DNA Binding (GO:0000978),13/1122,0.8563926162692771,0.943853989845714,0,0,0.7674786319358895,0.1189794065057909,EGR1;JUND;IRX5;ZBTB16;HIF3A;FOS;TBX19;NR4A3;CREB3L1;NKX2-1;INSM2;MEF2D;MXD4,GO_Molecular_Function_2023
GO_Molecular_Function_2023,Ubiquitin-Protein Transferase Activity (GO:0004842),4/412,0.8636896561871282,0.9478628006460432,0,0,0.6456200227531286,0.0946103001919297,BRAP;HACE1;RNF19B;DTX1,GO_Molecular_Function_2023
GO_Molecular_Function_2023,Ubiquitin-Like Protein Transferase Activity (GO:0019787),2/240,0.8741959195126795,0.9553449078218732,0,0,0.5544794188861986,0.0745501816276455,BRAP;HACE1,GO_Molecular_Function_2023
GO_Molecular_Function_2023,Protein Kinase Binding (GO:0019901),5/511,0.8793264985093852,0.9569141307308014,0,0,0.6496358763333153,0.0835425286970555,CNKSR2;CDKN1A;NR4A3;PRKAR2B;PLCG1,GO_Molecular_Function_2023
GO_Molecular_Function_2023,G Protein-Coupled Receptor Activity (GO:0004930),2/250,0.8882950467832263,0.9626293603215716,0,0,0.5318480043739748,0.0629981041593891,CYSLTR2;OPRM1,GO_Molecular_Function_2023
GO_Molecular_Function_2023,Cis-Regulatory Region Sequence-Specific DNA Binding (GO:0000987),12/1098,0.8958263789749412,0.9667459673104574,0,0,0.7217989725695454,0.0794041364980106,EGR1;JUND;NR4A3;IRX5;ZBTB16;NKX2-1;INSM2;HIF3A;FOS;MEF2D;TBX19;MXD4,GO_Molecular_Function_2023
GO_Molecular_Function_2023,Magnesium Ion Binding (GO:0000287),1/155,0.9025132653785144,0.9699208951578226,0,0,0.4288566163566163,0.0439886338514354,NUDT3,GO_Molecular_Function_2023
GO_Molecular_Function_2023,Transition Metal Ion Binding (GO:0046914),4/456,0.90972372531842,0.9736299374275652,0,0,0.5814431121447341,0.0550128470685231,EGR1;LNPEP;BAZ1B;MT3,GO_Molecular_Function_2023
GO_Molecular_Function_2023,RNA Polymerase II Transcription Regulatory Region Sequence-Specific DNA Binding (GO:0000977),13/1225,0.92328262574081,0.9764853488367627,0,0,0.6983655231720355,0.0557434578057456,EGR1;JUND;IRX5;ZBTB16;HIF3A;FOS;TBX19;NR4A3;RFXAP;NKX2-1;INSM2;MEF2D;MXD4,GO_Molecular_Function_2023
GO_Molecular_Function_2023,mRNA Binding (GO:0003729),2/282,0.9241650932460794,0.9764853488367627,0,0,0.4702905569007264,0.0370892535889232,NANOS1;HNRNPAB,GO_Molecular_Function_2023
GO_Molecular_Function_2023,Purine Ribonucleoside Triphosphate Binding (GO:0035639),4/476,0.9256641048201262,0.9764853488367627,0,0,0.5562272227685544,0.0429651310025291,RAP1B;GLUD1;HRAS;HSPA1B,GO_Molecular_Function_2023
GO_Molecular_Function_2023,Cytokine Activity (GO:0005125),1/178,0.9310961938951792,0.9764853488367627,0,0,0.3726904870972667,0.0266073741180683,WNT9A,GO_Molecular_Function_2023
GO_Molecular_Function_2023,Protein Heterodimerization Activity (GO:0046982),1/190,0.9425160435502704,0.9764853488367627,0,0,0.3488130988130988,0.0206505507900099,ADRA2C,GO_Molecular_Function_2023
GO_Molecular_Function_2023,Adenyl Ribonucleotide Binding (GO:0032559),2/309,0.9457003121220549,0.9764853488367627,0,0,0.4283332413183901,0.0239136542190957,GLUD1;HSPA1B,GO_Molecular_Function_2023
GO_Molecular_Function_2023,Receptor Ligand Activity (GO:0048018),2/319,0.9520909633466772,0.9764853488367627,0,0,0.4146072822541838,0.0203550197343714,SEMA6A;WNT9A,GO_Molecular_Function_2023
GO_Molecular_Function_2023,Metal Ion Binding (GO:0046872),4/521,0.9526673892270788,0.9764853488367627,0,0,0.5066245931833036,0.0245659482344817,ACVR1C;ANXA4;EFHD2;NUDT3,GO_Molecular_Function_2023
GO_Molecular_Function_2023,Guanyl-Nucleotide Exchange Factor Activity (GO:0005085),1/203,0.9527677627356842,0.9764853488367627,0,0,0.3261473106770136,0.0157803427096746,DOCK5,GO_Molecular_Function_2023
GO_Molecular_Function_2023,GTPase Regulator Activity (GO:0030695),3/424,0.9528244068928684,0.9764853488367627,0,0,0.4673517863202288,0.0225846093054817,DOCK5;ADAP2;ELMOD3,GO_Molecular_Function_2023
GO_Molecular_Function_2023,Tubulin Binding (GO:0015631),2/322,0.953864066624328,0.9764853488367627,0,0,0.4106567796610169,0.0193970056553627,CEP57L1;FYN,GO_Molecular_Function_2023
GO_Molecular_Function_2023,Endopeptidase Activity (GO:0004175),2/335,0.9608493746240404,0.97976373239223,0,0,0.3943604621570723,0.0157498184624238,F12;KLK13,GO_Molecular_Function_2023
GO_Molecular_Function_2023,Calcium Ion Binding (GO:0005509),2/346,0.9659586527218178,0.9811109453135324,0,0,0.3815333070555775,0.0132141192726187,ANXA4;EFHD2,GO_Molecular_Function_2023
GO_Molecular_Function_2023,Microtubule Binding (GO:0008017),1/239,0.9726024914818782,0.9840001769289314,0,0,0.2763030888030888,0.0076756498911529,CEP57L1,GO_Molecular_Function_2023
GO_Molecular_Function_2023,RNA Binding (GO:0003723),13/1411,0.9792898876666772,0.986910820644628,0,0,0.5993597493401036,0.0125431457418547,NANOS1;RBM26;RPL35A;IFIT1;CCDC9B;HNRNPAB;LSM7;HABP4;FLNA;RPL38;SNRPF;RPS21;HSPA1B,GO_Molecular_Function_2023
GO_Molecular_Function_2023,ATP Binding (GO:0005524),1/279,0.9850580118257836,0.9876659054637142,0,0,0.2360611510791367,0.0035538402662293,HSPA1B,GO_Molecular_Function_2023
GO_Molecular_Function_2023,DNA Binding (GO:0003677),6/846,0.9876659054637142,0.9876659054637142,0,0,0.4630093274423171,0.0057463118945447,EGR1;NR4A3;CDC45;ZBTB16;H2BC21;NKX2-1,GO_Molecular_Function_2023
GO_Cellular_Component_2023,Mitochondrial Respiratory Chain Complex IV (GO:0005751),2/17,0.0258056048846204,0.7641181461051969,0,0,8.898531073446328,32.543383642146736,COX5B;COX6A2,GO_Cellular_Component_2023
GO_Cellular_Component_2023,Nuclear Outer Membrane (GO:0005640),2/19,0.0318237102633425,0.7641181461051969,0,0,7.850847457627118,27.066139388033328,ITPR3;PTGS2,GO_Cellular_Component_2023
GO_Cellular_Component_2023,Respiratory Chain Complex IV (GO:0045277),2/19,0.0318237102633425,0.7641181461051969,0,0,7.850847457627118,27.066139388033328,COX5B;COX6A2,GO_Cellular_Component_2023
GO_Cellular_Component_2023,Nuclear Membrane (GO:0031965),7/227,0.0533799798493571,0.7641181461051969,0,0,2.137633228840125,6.263948361038759,BRAP;KLHDC2;ANXA4;HABP4;ITPR3;PTGS2;TM7SF2,GO_Cellular_Component_2023
GO_Cellular_Component_2023,Serine/Threonine Protein Kinase Complex (GO:1902554),3/60,0.0597531202195316,0.7641181461051969,0,0,3.517006802721089,9.90928578166106,CDKN1A;ACVR1C;CDK16,GO_Cellular_Component_2023
GO_Cellular_Component_2023,U12-type Spliceosomal Complex (GO:0005689),2/28,0.0645091345121922,0.7641181461051969,0,0,5.13089960886571,14.06353130367151,LSM7;SNRPF,GO_Cellular_Component_2023
GO_Cellular_Component_2023,Polysomal Ribosome (GO:0042788),2/28,0.0645091345121922,0.7641181461051969,0,0,5.13089960886571,14.06353130367151,RPL38;RPS21,GO_Cellular_Component_2023
GO_Cellular_Component_2023,Activin Receptor Complex (GO:0048179),1/5,0.0720839991361056,0.7641181461051969,0,0,16.63766891891892,43.75579123938747,ACVR1C,GO_Cellular_Component_2023
GO_Cellular_Component_2023,Organelle Inner Membrane (GO:0019866),10/398,0.0743360767307726,0.7641181461051969,0,0,1.7345271022666044,4.508311538112932,MRS2;TMEM65;NDUFS6;NDUFB1;TMEM160;UQCR11;PTGS2;COX5B;TM7SF2;SLC9B2,GO_Cellular_Component_2023
GO_Cellular_Component_2023,Intercalated Disc (GO:0014704),2/31,0.077114939568385,0.7641181461051969,0,0,4.599415546464056,11.78581030514412,TMEM65;NRAP,GO_Cellular_Component_2023
GO_Cellular_Component_2023,Nuclear Inner Membrane (GO:0005637),2/31,0.077114939568385,0.7641181461051969,0,0,4.599415546464056,11.78581030514412,PTGS2;TM7SF2,GO_Cellular_Component_2023
GO_Cellular_Component_2023,Vesicle Membrane (GO:0012506),3/69,0.0831862642689582,0.7641181461051969,0,0,3.036023500309214,7.549597780059154,MREG;ANXA4;SLC26A6,GO_Cellular_Component_2023
GO_Cellular_Component_2023,COPI-coated Vesicle (GO:0030137),1/6,0.0858669719166811,0.7641181461051969,0,0,13.30945945945946,32.67413760292951,KDELR2,GO_Cellular_Component_2023
GO_Cellular_Component_2023,U7 snRNP (GO:0005683),1/6,0.0858669719166811,0.7641181461051969,0,0,13.30945945945946,32.67413760292951,SNRPF,GO_Cellular_Component_2023
GO_Cellular_Component_2023,U4/U6 X U5 tri-snRNP Complex (GO:0046540),2/35,0.0949921452806694,0.7641181461051969,0,0,4.0410888546481765,9.51256585256114,LSM7;SNRPF,GO_Cellular_Component_2023
GO_Cellular_Component_2023,Aggresome (GO:0016235),2/35,0.0949921452806694,0.7641181461051969,0,0,4.0410888546481765,9.51256585256114,UBQLN1;HSPA1B,GO_Cellular_Component_2023
GO_Cellular_Component_2023,U6 snRNP (GO:0005688),1/7,0.0994458977149,0.7641181461051969,0,0,11.090653153153154,25.598797073929436,LSM7,GO_Cellular_Component_2023
GO_Cellular_Component_2023,Cytolytic Granule (GO:0044194),1/7,0.0994458977149,0.7641181461051969,0,0,11.090653153153154,25.598797073929436,RNF19B,GO_Cellular_Component_2023
GO_Cellular_Component_2023,Spliceosomal tri-snRNP Complex (GO:0097526),2/36,0.0996314337200453,0.7641181461051969,0,0,3.922033898305085,9.04529878719821,LSM7;SNRPF,GO_Cellular_Component_2023
GO_Cellular_Component_2023,Extrinsic Component Of Cytoplasmic Side Of Plasma Membrane (GO:0031234),3/77,0.1067916707899162,0.7641181461051969,0,0,2.7067015995587425,6.0545540725813405,FYN;GNG13;CDK16,GO_Cellular_Component_2023
GO_Cellular_Component_2023,Glutamatergic Synapse (GO:0098978),3/78,0.1099089835504511,0.7641181461051969,0,0,2.6704761904761907,5.89668562762182,SH3GL3;NPTX2;HRAS,GO_Cellular_Component_2023
GO_Cellular_Component_2023,Smc5-Smc6 Complex (GO:0030915),1/8,0.1128237866851389,0.7641181461051969,0,0,9.505791505791503,20.740953478322734,NSMCE4A,GO_Cellular_Component_2023
GO_Cellular_Component_2023,Platelet Dense Tubular Network Membrane (GO:0031095),1/8,0.1128237866851389,0.7641181461051969,0,0,9.505791505791503,20.740953478322734,ITPR3,GO_Cellular_Component_2023
GO_Cellular_Component_2023,Cyclin-Dependent Protein Kinase Holoenzyme Complex (GO:0000307),2/40,0.1187808360105693,0.7641181461051969,0,0,3.5084745762711864,7.474718067939242,CDKN1A;CDK16,GO_Cellular_Component_2023
GO_Cellular_Component_2023,Mitochondrial Respiratory Chain Complex I (GO:0005747),2/41,0.1237025204207087,0.7641181461051969,0,0,3.4183398522381574,7.143905133527414,NDUFS6;NDUFB1,GO_Cellular_Component_2023
GO_Cellular_Component_2023,Respiratory Chain Complex I (GO:0045271),2/41,0.1237025204207087,0.7641181461051969,0,0,3.4183398522381574,7.143905133527414,NDUFS6;NDUFB1,GO_Cellular_Component_2023
GO_Cellular_Component_2023,Golgi Medial Cisterna (GO:0005797),1/10,0.1389882749155145,0.7641181461051969,0,0,7.392642642642643,14.58838744208992,SLC10A7,GO_Cellular_Component_2023
GO_Cellular_Component_2023,U4 snRNP (GO:0005687),1/10,0.1389882749155145,0.7641181461051969,0,0,7.392642642642643,14.58838744208992,SNRPF,GO_Cellular_Component_2023
GO_Cellular_Component_2023,Platelet Dense Tubular Network (GO:0031094),1/10,0.1389882749155145,0.7641181461051969,0,0,7.392642642642643,14.58838744208992,ITPR3,GO_Cellular_Component_2023
GO_Cellular_Component_2023,Sarcoplasmic Reticulum (GO:0016529),2/45,0.1438492509825431,0.7641181461051969,0,0,3.099724083563264,6.010332128344648,CCDC78;ITPR3,GO_Cellular_Component_2023
GO_Cellular_Component_2023,Mitochondrial Respiratory Chain Complex III (GO:0005750),1/11,0.1517806764271846,0.7641181461051969,0,0,6.65304054054054,12.543101865269112,UQCR11,GO_Cellular_Component_2023
GO_Cellular_Component_2023,Respiratory Chain Complex III (GO:0045275),1/11,0.1517806764271846,0.7641181461051969,0,0,6.65304054054054,12.543101865269112,UQCR11,GO_Cellular_Component_2023
GO_Cellular_Component_2023,SUMO Ligase Complex (GO:0106068),1/12,0.1643836467653726,0.7641181461051969,0,0,6.047911547911548,10.919820445487462,NSMCE4A,GO_Cellular_Component_2023
GO_Cellular_Component_2023,Set1C/COMPASS Complex (GO:0048188),1/12,0.1643836467653726,0.7641181461051969,0,0,6.047911547911548,10.919820445487462,BOD1,GO_Cellular_Component_2023
GO_Cellular_Component_2023,U2-type Precatalytic Spliceosome (GO:0071005),2/49,0.164618086220565,0.7641181461051969,0,0,2.835340786152181,5.115315198069341,LSM7;SNRPF,GO_Cellular_Component_2023
GO_Cellular_Component_2023,ISWI-type Complex (GO:0031010),1/13,0.1767999816212336,0.7641181461051969,0,0,5.543637387387387,9.605661362247778,BAZ1B,GO_Cellular_Component_2023
GO_Cellular_Component_2023,Glial Cell Projection (GO:0097386),1/13,0.1767999816212336,0.7641181461051969,0,0,5.543637387387387,9.605661362247778,FYN,GO_Cellular_Component_2023
GO_Cellular_Component_2023,Large Ribosomal Subunit (GO:0015934),2/52,0.1805184511909753,0.7641181461051969,0,0,2.664813559322034,4.561953714292904,RPL35A;RPL38,GO_Cellular_Component_2023
GO_Cellular_Component_2023,Precatalytic Spliceosome (GO:0071011),2/52,0.1805184511909753,0.7641181461051969,0,0,2.664813559322034,4.561953714292904,LSM7;SNRPF,GO_Cellular_Component_2023
GO_Cellular_Component_2023,Cytosolic Large Ribosomal Subunit (GO:0022625),2/52,0.1805184511909753,0.7641181461051969,0,0,2.664813559322034,4.561953714292904,RPL35A;RPL38,GO_Cellular_Component_2023
GO_Cellular_Component_2023,Mitochondrial Inner Membrane (GO:0005743),8/370,0.1866771182442239,0.7641181461051969,0,0,1.47898067254201,2.482283882930492,MRS2;TMEM65;NDUFS6;NDUFB1;TMEM160;UQCR11;COX5B;SLC9B2,GO_Cellular_Component_2023
GO_Cellular_Component_2023,Melanosome Membrane (GO:0033162),1/15,0.2010837226592623,0.7641181461051969,0,0,4.751206563706564,7.621096522393087,MREG,GO_Cellular_Component_2023
GO_Cellular_Component_2023,TIM23 Mitochondrial Import Inner Membrane Translocase Complex (GO:0005744),1/15,0.2010837226592623,0.7641181461051969,0,0,4.751206563706564,7.621096522393087,ROMO1,GO_Cellular_Component_2023
GO_Cellular_Component_2023,Pigment Granule Membrane (GO:0090741),1/15,0.2010837226592623,0.7641181461051969,0,0,4.751206563706564,7.621096522393087,MREG,GO_Cellular_Component_2023
GO_Cellular_Component_2023,Chitosome (GO:0045009),1/15,0.2010837226592623,0.7641181461051969,0,0,4.751206563706564,7.621096522393087,MREG,GO_Cellular_Component_2023
GO_Cellular_Component_2023,Spliceosomal snRNP Complex (GO:0097525),2/57,0.2074776875017411,0.7712757513651681,0,0,2.4219414483821264,3.809063546974767,LSM7;SNRPF,GO_Cellular_Component_2023
GO_Cellular_Component_2023,COPI-coated Vesicle Membrane (GO:0030663),1/16,0.2129565170625368,0.7747992429296551,0,0,4.434234234234234,6.8582849991057975,KDELR2,GO_Cellular_Component_2023
GO_Cellular_Component_2023,cis-Golgi Network (GO:0005801),2/60,0.2238498656897219,0.7839947054386823,0,0,2.2963179427235536,3.437082068317523,SLC10A7;KDELR2,GO_Cellular_Component_2023
GO_Cellular_Component_2023,Transcription Factor TFTC Complex (GO:0033276),1/17,0.2246534536052364,0.7839947054386823,0,0,4.156883445945946,6.207042857614634,TAF10,GO_Cellular_Component_2023
GO_Cellular_Component_2023,Ribosome (GO:0005840),2/61,0.2293301730810291,0.7843091919371198,0,0,2.257282390117782,3.32405714060122,RPL38;RPS21,GO_Cellular_Component_2023
GO_Cellular_Component_2023,U1 snRNP (GO:0005685),1/18,0.2361771283788427,0.7918880186820023,0,0,3.9121621621621614,5.64592763145937,SNRPF,GO_Cellular_Component_2023
GO_Cellular_Component_2023,U5 snRNP (GO:0005682),1/19,0.24753009920291,0.7986348483716532,0,0,3.694632132132132,5.15853069720956,SNRPF,GO_Cellular_Component_2023
GO_Cellular_Component_2023,Smooth Endoplasmic Reticulum (GO:0005790),1/19,0.24753009920291,0.7986348483716532,0,0,3.694632132132132,5.15853069720956,SLMAP,GO_Cellular_Component_2023
GO_Cellular_Component_2023,Mitochondrial Outer Membrane Translocase Complex (GO:0005742),1/21,0.2697339730991777,0.8386274436356252,0,0,3.324831081081081,4.356589638274103,TOMM7,GO_Cellular_Component_2023
GO_Cellular_Component_2023,Pericentric Heterochromatin (GO:0005721),1/21,0.2697339730991777,0.8386274436356252,0,0,3.324831081081081,4.356589638274103,BAZ1B,GO_Cellular_Component_2023
GO_Cellular_Component_2023,Cell-Cell Junction (GO:0005911),6/299,0.2854186480279025,0.8442322040571828,0,0,1.365891418317441,1.7125522509937263,CD53;RAP1B;MYO1E;NRAP;FLNA;F11R,GO_Cellular_Component_2023
GO_Cellular_Component_2023,Cul2-RING Ubiquitin Ligase Complex (GO:0031462),1/23,0.2912847955518935,0.8442322040571828,0,0,3.0222665847665846,3.727826238446421,KLHDC2,GO_Cellular_Component_2023
GO_Cellular_Component_2023,Golgi-associated Vesicle Membrane (GO:0030660),1/23,0.2912847955518935,0.8442322040571828,0,0,3.0222665847665846,3.727826238446421,KDELR2,GO_Cellular_Component_2023
GO_Cellular_Component_2023,SAGA Complex (GO:0000124),1/23,0.2912847955518935,0.8442322040571828,0,0,3.0222665847665846,3.727826238446421,TAF10,GO_Cellular_Component_2023
GO_Cellular_Component_2023,Heterotrimeric G-protein Complex (GO:0005834),1/24,0.3018213171146172,0.8460892660098285,0,0,2.890716803760282,3.462847768105973,GNG13,GO_Cellular_Component_2023
GO_Cellular_Component_2023,Pigment Granule (GO:0048770),1/24,0.3018213171146172,0.8460892660098285,0,0,2.890716803760282,3.462847768105973,MREG,GO_Cellular_Component_2023
GO_Cellular_Component_2023,U2 snRNP (GO:0005686),1/25,0.3122017108146386,0.8474046436397333,0,0,2.7701295045045047,3.224723798147461,SNRPF,GO_Cellular_Component_2023
GO_Cellular_Component_2023,Endosome Lumen (GO:0031904),1/25,0.3122017108146386,0.8474046436397333,0,0,2.7701295045045047,3.224723798147461,LNPEP,GO_Cellular_Component_2023
GO_Cellular_Component_2023,Bicellular Tight Junction (GO:0005923),2/81,0.3390849945846996,0.8989179449442014,0,0,1.6841021240077236,1.8213639944824849,F11R;CGNL1,GO_Cellular_Component_2023
GO_Cellular_Component_2023,Lipid Droplet (GO:0005811),2/82,0.3444941268594777,0.8989179449442014,0,0,1.662966101694915,1.7721867834070024,RAP1B;PLIN4,GO_Cellular_Component_2023
GO_Cellular_Component_2023,Autophagosome (GO:0005776),2/83,0.3498889363472123,0.8989179449442014,0,0,1.6423519564762503,1.7246986617066784,RAB24;UBQLN1,GO_Cellular_Component_2023
GO_Cellular_Component_2023,U2-type Catalytic Step 2 Spliceosome (GO:0071007),1/29,0.3522076158553304,0.8989179449442014,0,0,2.3739140926640925,2.4772611595576275,SNRPF,GO_Cellular_Component_2023
GO_Cellular_Component_2023,Rough Endoplasmic Reticulum (GO:0005791),1/30,0.3618412852329467,0.9099244084534394,0,0,2.2919384902143523,2.3298691597647085,F12,GO_Cellular_Component_2023
GO_Cellular_Component_2023,Melanosome (GO:0042470),1/31,0.3713321620725616,0.9202579668754788,0,0,2.215427927927928,2.1947320678912816,MREG,GO_Cellular_Component_2023
GO_Cellular_Component_2023,U2-type Spliceosomal Complex (GO:0005684),2/90,0.3871903641651507,0.9458507467462968,0,0,1.511171032357473,1.4338577237863266,LSM7;SNRPF,GO_Cellular_Component_2023
GO_Cellular_Component_2023,Tight Junction (GO:0070160),2/93,0.4028929757136177,0.9606924201310488,0,0,1.461128701806668,1.3282891941466108,F11R;CGNL1,GO_Cellular_Component_2023
GO_Cellular_Component_2023,Cul4-RING E3 Ubiquitin Ligase Complex (GO:0080008),1/35,0.4079094699448333,0.9606924201310488,0,0,1.954391891891892,1.7525227857992751,DCAF10,GO_Cellular_Component_2023
GO_Cellular_Component_2023,Mitochondrial Membrane (GO:0031966),9/540,0.4101201559623775,0.9606924201310488,0,0,1.128295668549906,1.005655682440327,MRS2;TMEM65;NDUFS6;TOMM7;NDUFB1;TMEM160;UQCR11;COX5B;SLC9B2,GO_Cellular_Component_2023
GO_Cellular_Component_2023,SAGA-type Complex (GO:0070461),1/38,0.4339434465534577,0.981781504703306,0,0,1.7956537618699782,1.4990854914842158,TAF10,GO_Cellular_Component_2023
GO_Cellular_Component_2023,Brush Border Membrane (GO:0031526),1/40,0.4506624076110447,0.981781504703306,0,0,1.7033957033957037,1.357668995258711,SLC26A6,GO_Cellular_Component_2023
GO_Cellular_Component_2023,Cytosolic Small Ribosomal Subunit (GO:0022627),1/41,0.4588364018658979,0.981781504703306,0,0,1.6607263513513513,1.2938080543866215,RPS21,GO_Cellular_Component_2023
GO_Cellular_Component_2023,Vesicle (GO:0031982),4/235,0.4625544490495791,0.981781504703306,0,0,1.1507764135750485,0.8872382593565251,MYO1E;ANXA4;HSPA1B;SLC26A6,GO_Cellular_Component_2023
GO_Cellular_Component_2023,Organelle Outer Membrane (GO:0031968),3/170,0.4640152082292393,0.981781504703306,0,0,1.1936942441647318,0.916563742484614,TOMM7;ITPR3;PTGS2,GO_Cellular_Component_2023
GO_Cellular_Component_2023,Small Ribosomal Subunit (GO:0015935),1/42,0.4668891723308099,0.981781504703306,0,0,1.6201384311140408,1.2340000937884972,RPS21,GO_Cellular_Component_2023
GO_Cellular_Component_2023,Transcription Factor TFIID Complex (GO:0005669),1/42,0.4668891723308099,0.981781504703306,0,0,1.6201384311140408,1.2340000937884972,TAF10,GO_Cellular_Component_2023
GO_Cellular_Component_2023,Apical Junction Complex (GO:0043296),2/106,0.4685502810220672,0.981781504703306,0,0,1.277640156453716,0.9685941549634944,F11R;CGNL1,GO_Cellular_Component_2023
GO_Cellular_Component_2023,cullin-RING Ubiquitin Ligase Complex (GO:0031461),3/174,0.479251739469814,0.981781504703306,0,0,1.1655328798185942,0.8572835453358543,KLHDC2;DCAF10;FBXO32,GO_Cellular_Component_2023
GO_Cellular_Component_2023,Cortical Actin Cytoskeleton (GO:0030864),1/44,0.482638183086201,0.981781504703306,0,0,1.5446260213702074,1.125241535558234,PLEKHH2,GO_Cellular_Component_2023
GO_Cellular_Component_2023,Basement Membrane (GO:0005604),1/46,0.4979234599656366,0.981781504703306,0,0,1.475825825825826,1.029106495916669,PXDN,GO_Cellular_Component_2023
GO_Cellular_Component_2023,Cell-Cell Contact Zone (GO:0044291),1/47,0.5053964669751628,0.981781504703306,0,0,1.4436692126909518,0.9851773024746344,TMEM65,GO_Cellular_Component_2023
GO_Cellular_Component_2023,Heterochromatin (GO:0000792),1/49,0.5200115368245155,0.981781504703306,0,0,1.383375563063063,0.9045952035427076,BAZ1B,GO_Cellular_Component_2023
GO_Cellular_Component_2023,Voltage-Gated Calcium Channel Complex (GO:0005891),1/49,0.5200115368245155,0.981781504703306,0,0,1.383375563063063,0.9045952035427076,CACNA1D,GO_Cellular_Component_2023
GO_Cellular_Component_2023,Golgi Cisterna (GO:0031985),1/51,0.5341961548522766,0.981781504703306,0,0,1.3279054054054054,0.8325863000390515,SLC10A7,GO_Cellular_Component_2023
GO_Cellular_Component_2023,Actin Cytoskeleton (GO:0015629),5/327,0.5362915006404293,0.981781504703306,0,0,1.0306411129073427,0.6421692068776628,MYO1E;PLEKHH2;ANKRD23;PAWR;FLNA,GO_Cellular_Component_2023
GO_Cellular_Component_2023,Sarcolemma (GO:0042383),1/52,0.5411310078362416,0.981781504703306,0,0,1.3018018018018018,0.7994285074687554,CCDC78,GO_Cellular_Component_2023
GO_Cellular_Component_2023,Ficolin-1-Rich Granule Lumen (GO:1904813),2/123,0.547575326657666,0.981781504703306,0,0,1.0971844796189942,0.6607851062871067,MAPK1;HSPA1B,GO_Cellular_Component_2023
GO_Cellular_Component_2023,Cytoplasmic Side Of Plasma Membrane (GO:0009898),2/124,0.5519615564683712,0.981781504703306,0,0,1.088135593220339,0.6466538244955878,FYN;CDK16,GO_Cellular_Component_2023
GO_Cellular_Component_2023,Coated Vesicle Membrane (GO:0030662),1/55,0.5613242111155465,0.981781504703306,0,0,1.2292917917917918,0.7098626879520755,KDELR2,GO_Cellular_Component_2023
GO_Cellular_Component_2023,Dendrite (GO:0030425),4/270,0.5711831599111464,0.981781504703306,0,0,0.9975621647976596,0.5586800520696716,TMEM266;EPHA10;FYN;OPRM1,GO_Cellular_Component_2023
GO_Cellular_Component_2023,Microvillus (GO:0005902),1/58,0.5806316400266704,0.981781504703306,0,0,1.1644144144144144,0.6330207774991018,MYO1E,GO_Cellular_Component_2023
GO_Cellular_Component_2023,Azurophil Granule Membrane (GO:0035577),1/58,0.5806316400266704,0.981781504703306,0,0,1.1644144144144144,0.6330207774991018,RAP1B,GO_Cellular_Component_2023
GO_Cellular_Component_2023,Calcium Channel Complex (GO:0034704),1/59,0.5868773541855713,0.981781504703306,0,0,1.1442800559179869,0.6098319466132389,CACNA1D,GO_Cellular_Component_2023
GO_Cellular_Component_2023,Axon (GO:0030424),3/205,0.5895532994263649,0.981781504703306,0,0,0.985097999595878,0.5205160782526466,SEMA6A;CALCR;OPRM1,GO_Cellular_Component_2023
GO_Cellular_Component_2023,Asymmetric Synapse (GO:0032279),2/133,0.5900812314404251,0.981781504703306,0,0,1.0129124078147238,0.5343063026309198,RPL38;FYN,GO_Cellular_Component_2023
GO_Cellular_Component_2023,Condensed Chromosome (GO:0000793),1/60,0.5930303580724188,0.981781504703306,0,0,1.124828218048557,0.587733640415199,NSMCE4A,GO_Cellular_Component_2023
GO_Cellular_Component_2023,Secretory Granule Membrane (GO:0030667),4/279,0.5970963152514757,0.981781504703306,0,0,0.9644678870617436,0.4973537585723456,CD53;RAP1B;RAB24;ITPR3,GO_Cellular_Component_2023
GO_Cellular_Component_2023,SCF Ubiquitin Ligase Complex (GO:0019005),1/61,0.5990920234990778,0.981781504703306,0,0,1.106024774774775,0.5666608040267536,FBXO32,GO_Cellular_Component_2023
GO_Cellular_Component_2023,Caveola (GO:0005901),1/62,0.6050637016164195,0.981781504703306,0,0,1.087837837837838,0.5465531558455933,MAPK1,GO_Cellular_Component_2023
GO_Cellular_Component_2023,Cortical Cytoskeleton (GO:0030863),1/63,0.6109467240346047,0.981781504703306,0,0,1.0702375762859633,0.527354769250715,PLEKHH2,GO_Cellular_Component_2023
GO_Cellular_Component_2023,Platelet Alpha Granule Lumen (GO:0031093),1/66,0.6280768782984846,0.981781504703306,0,0,1.0206860706860708,0.4747136428496731,CYRIB,GO_Cellular_Component_2023
GO_Cellular_Component_2023,Spindle Microtubule (GO:0005876),1/68,0.6390772415419782,0.981781504703306,0,0,0.990116982654296,0.4433050302344656,BOD1,GO_Cellular_Component_2023
GO_Cellular_Component_2023,Mitochondrial Envelope (GO:0005740),2/146,0.6408062863131736,0.981781504703306,0,0,0.9208568738229757,0.4098071602268401,ADAP2;SLC9B2,GO_Cellular_Component_2023
GO_Cellular_Component_2023,Actin Filament (GO:0005884),1/71,0.6549727204019646,0.981781504703306,0,0,0.94753861003861,0.4009620418908443,PAWR,GO_Cellular_Component_2023
GO_Cellular_Component_2023,Postsynaptic Density (GO:0014069),2/151,0.6589604047264737,0.981781504703306,0,0,0.8897281310431123,0.3710983345212418,RPL38;FYN,GO_Cellular_Component_2023
GO_Cellular_Component_2023,Tertiary Granule Membrane (GO:0070821),1/72,0.6601146093215183,0.981781504703306,0,0,0.9341454130186524,0.3879896452918701,CD53,GO_Cellular_Component_2023
GO_Cellular_Component_2023,Motile Cilium (GO:0031514),1/73,0.6651801232380199,0.981781504703306,0,0,0.9211242492492492,0.3755399734619334,MKKS,GO_Cellular_Component_2023
GO_Cellular_Component_2023,Voltage-Gated Potassium Channel Complex (GO:0008076),1/73,0.6651801232380199,0.981781504703306,0,0,0.9211242492492492,0.3755399734619334,KCNG1,GO_Cellular_Component_2023
GO_Cellular_Component_2023,Azurophil Granule (GO:0042582),2/155,0.6729500993558836,0.981781504703306,0,0,0.8662900188323918,0.343123701287492,RAP1B;MAPK1,GO_Cellular_Component_2023
GO_Cellular_Component_2023,Cytoplasmic Stress Granule (GO:0010494),1/76,0.6799296382624809,0.981781504703306,0,0,0.8841441441441441,0.3410727139332979,HABP4,GO_Cellular_Component_2023
GO_Cellular_Component_2023,Recycling Endosome (GO:0055037),2/159,0.6864719681473259,0.981781504703306,0,0,0.8440462053330454,0.3175216471177842,ATP11C;SLC9B2,GO_Cellular_Component_2023
GO_Cellular_Component_2023,Clathrin-Coated Vesicle (GO:0030136),1/78,0.6894010618972809,0.981781504703306,0,0,0.8610916110916111,0.3202675979272938,MYO1E,GO_Cellular_Component_2023
GO_Cellular_Component_2023,Cell-Substrate Junction (GO:0030055),5/395,0.7011184451885702,0.981781504703306,0,0,0.8479539866526168,0.301090178932233,NRAP;FLNA;MAPK1;RPL38;HSPA1B,GO_Cellular_Component_2023
GO_Cellular_Component_2023,Potassium Channel Complex (GO:0034705),1/81,0.7030869709259846,0.981781504703306,0,0,0.8286739864864865,0.2919208641150724,KCNG1,GO_Cellular_Component_2023
GO_Cellular_Component_2023,Plasma Membrane Raft (GO:0044853),1/82,0.7075140380848327,0.981781504703306,0,0,0.8184017350684017,0.2831652062706801,MAPK1,GO_Cellular_Component_2023
GO_Cellular_Component_2023,P-body (GO:0000932),1/83,0.711875314846399,0.981781504703306,0,0,0.8083800263678312,0.2747299749346639,PNRC1,GO_Cellular_Component_2023
GO_Cellular_Component_2023,Actin-Based Cell Projection (GO:0098858),1/84,0.7161717756151639,0.981781504703306,0,0,0.798599804623901,0.2666007500281833,MYO1E,GO_Cellular_Component_2023
GO_Cellular_Component_2023,Membrane Raft (GO:0045121),2/169,0.7182773535807642,0.981781504703306,0,0,0.7930985486653811,0.2624359117757956,RAP1B;FYN,GO_Cellular_Component_2023
GO_Cellular_Component_2023,Late Endosome Membrane (GO:0031902),1/85,0.7204043804282972,0.981781504703306,0,0,0.7890524453024453,0.2587638987303992,MREG,GO_Cellular_Component_2023
GO_Cellular_Component_2023,Clathrin-Coated Endocytic Vesicle (GO:0045334),1/85,0.7204043804282972,0.981781504703306,0,0,0.7890524453024453,0.2587638987303992,MYO1E,GO_Cellular_Component_2023
GO_Cellular_Component_2023,Neuron Projection (GO:0043005),7/557,0.724219869250901,0.981781504703306,0,0,0.8405705329153605,0.2712186948377614,TMEM266;SEMA6A;CALCR;EPHA10;FYN;OPRM1;PTGS2,GO_Cellular_Component_2023
GO_Cellular_Component_2023,Basolateral Plasma Membrane (GO:0016323),2/171,0.7243038216313973,0.981781504703306,0,0,0.7836325343496139,0.2527562319214477,SLC4A7;SLC26A6,GO_Cellular_Component_2023
GO_Cellular_Component_2023,Platelet Alpha Granule (GO:0031091),1/89,0.7367149503039678,0.981781504703306,0,0,0.7530328624078624,0.2300923778589078,CYRIB,GO_Cellular_Component_2023
GO_Cellular_Component_2023,Azurophil Granule Lumen (GO:0035578),1/89,0.7367149503039678,0.981781504703306,0,0,0.7530328624078624,0.2300923778589078,MAPK1,GO_Cellular_Component_2023
GO_Cellular_Component_2023,Specific Granule Membrane (GO:0035579),1/90,0.7406421877586344,0.981781504703306,0,0,0.744533859702399,0.2235370947650941,CD53,GO_Cellular_Component_2023
GO_Cellular_Component_2023,Nuclear Chromosome (GO:0000228),1/95,0.7594196976195435,0.9919274515319138,0,0,0.7047512938470385,0.1939480445458209,CDC45,GO_Cellular_Component_2023
GO_Cellular_Component_2023,Ficolin-1-Rich Granule (GO:0101002),2/184,0.7608728998013279,0.9919274515319138,0,0,0.7271745203948594,0.1987287629003214,MAPK1;HSPA1B,GO_Cellular_Component_2023
GO_Cellular_Component_2023,Mitochondrial Matrix (GO:0005759),4/355,0.7757356123715805,0.9919274515319138,0,0,0.7526812714526026,0.1911385334368759,LIPT2;GLUD1;NADK2;GLRX5,GO_Cellular_Component_2023
GO_Cellular_Component_2023,trans-Golgi Network Membrane (GO:0032588),1/100,0.7768419503727892,0.9919274515319138,0,0,0.668987168987169,0.1689315423580777,ATP2C2,GO_Cellular_Component_2023
GO_Cellular_Component_2023,Lysosomal Membrane (GO:0005765),4/356,0.7775989826808258,0.9919274515319138,0,0,0.7505041886441204,0.1887850763849508,RAP1B;SZT2;ATP11C;LNPEP,GO_Cellular_Component_2023
GO_Cellular_Component_2023,Intracellular Non-Membrane-Bounded Organelle (GO:0043232),15/1195,0.7847137241685498,0.9919274515319138,0,0,0.8349711503786513,0.2024273249051052,CDKN1A;CCDC78;BAZ1B;FANCE;REXO5;RAP1B;MYO1E;PPM1B;HABP4;NKX2-1;PLIN4;FLNA;MAPK1;ZBED6;BRWD1,GO_Cellular_Component_2023
GO_Cellular_Component_2023,Cell Projection Membrane (GO:0031253),1/105,0.7930064541647907,0.9919274515319138,0,0,0.6366619022869023,0.1476571231118489,SLC26A6,GO_Cellular_Component_2023
GO_Cellular_Component_2023,Lytic Vacuole Membrane (GO:0098852),3/287,0.8020636282205967,0.9919274515319138,0,0,0.697722046565105,0.153894694006758,SZT2;ATP11C;LNPEP,GO_Cellular_Component_2023
GO_Cellular_Component_2023,Late Endosome (GO:0005770),2/205,0.8110907680138973,0.9919274515319138,0,0,0.6512482257660516,0.1363552991744356,MREG;MAPK1,GO_Cellular_Component_2023
GO_Cellular_Component_2023,Nucleolus (GO:0005730),9/771,0.8127601468677896,0.9919274515319138,0,0,0.7767798556430446,0.1610414056410248,CDKN1A;PPM1B;HABP4;NKX2-1;FLNA;ZBED6;BAZ1B;BRWD1;REXO5,GO_Cellular_Component_2023
GO_Cellular_Component_2023,Spindle (GO:0005819),2/210,0.8215742036904637,0.9919274515319138,0,0,0.6354302477183833,0.124883024637328,BOD1;MAPK1,GO_Cellular_Component_2023
GO_Cellular_Component_2023,Nuclear Lumen (GO:0031981),9/780,0.8230180288639752,0.9919274515319138,0,0,0.7673476005188068,0.1494617957775536,CDKN1A;PPM1B;HABP4;NKX2-1;FLNA;ZBED6;BAZ1B;BRWD1;REXO5,GO_Cellular_Component_2023
GO_Cellular_Component_2023,Early Endosome Membrane (GO:0031901),1/116,0.824577571045749,0.9919274515319138,0,0,0.5754406580493537,0.1109933297681323,ZFYVE9,GO_Cellular_Component_2023
GO_Cellular_Component_2023,Focal Adhesion (GO:0005925),4/387,0.8295065822752261,0.9919274515319138,0,0,0.6886534365838227,0.1287260162287348,FLNA;MAPK1;RPL38;HSPA1B,GO_Cellular_Component_2023
GO_Cellular_Component_2023,Early Endosome (GO:0005769),3/307,0.837157926545968,0.9941250377733368,0,0,0.6511479591836735,0.1157366951991482,ZFYVE9;MAPK1;LNPEP,GO_Cellular_Component_2023
GO_Cellular_Component_2023,Peroxisome (GO:0005777),1/129,0.855757121996821,0.9942629940019168,0,0,0.5166543496621622,0.0804785655909566,SZT2,GO_Cellular_Component_2023
GO_Cellular_Component_2023,trans-Golgi Network (GO:0005802),2/241,0.8756761916848653,0.9942629940019168,0,0,0.5521310545351393,0.0733003117741517,SLC10A7;ATP2C2,GO_Cellular_Component_2023
GO_Cellular_Component_2023,Golgi Membrane (GO:0000139),4/427,0.8812574348898029,0.9942629940019168,0,0,0.6222415865869501,0.0786547514915786,HACE1;KDELR2;ATP2C2;HRAS,GO_Cellular_Component_2023
GO_Cellular_Component_2023,Mitotic Spindle (GO:0072686),1/143,0.8831836860259814,0.9942629940019168,0,0,0.465383517320137,0.0578109062238957,MAPK1,GO_Cellular_Component_2023
GO_Cellular_Component_2023,Cytoskeleton (GO:0005856),6/599,0.8833534860810617,0.9942629940019168,0,0,0.6644529823890405,0.082411993437969,MYO1E;ANKRD23;PAWR;FLNA;MAPK1;CDK16,GO_Cellular_Component_2023
GO_Cellular_Component_2023,Adherens Junction (GO:0005912),1/150,0.8948803779450143,0.9942629940019168,0,0,0.4433611463812806,0.0492420057306532,MYO1E,GO_Cellular_Component_2023
GO_Cellular_Component_2023,Mitochondrial Outer Membrane (GO:0005741),1/151,0.8964531724452254,0.9942629940019168,0,0,0.4403828828828829,0.0481379098911688,TOMM7,GO_Cellular_Component_2023
GO_Cellular_Component_2023,Cilium (GO:0005929),2/257,0.8972794281849463,0.9942629940019168,0,0,0.5170621468926554,0.0560433067924796,MKKS;CYRIB,GO_Cellular_Component_2023
GO_Cellular_Component_2023,Specific Granule (GO:0042581),1/159,0.908219806842684,0.9942629940019168,0,0,0.4179139582620595,0.0402320968530787,CD53,GO_Cellular_Component_2023
GO_Cellular_Component_2023,Vacuolar Lumen (GO:0005775),1/161,0.9109469683992508,0.9942629940019168,0,0,0.412647804054054,0.0384879065937965,MAPK1,GO_Cellular_Component_2023
GO_Cellular_Component_2023,Tertiary Granule (GO:0070820),1/162,0.9122801088848936,0.9942629940019168,0,0,0.4100637904985731,0.0376472181338939,CD53,GO_Cellular_Component_2023
GO_Cellular_Component_2023,Chromosome (GO:0005694),1/164,0.9148870105095072,0.9942629940019168,0,0,0.4049908804510032,0.0360258451541866,FANCE,GO_Cellular_Component_2023
GO_Cellular_Component_2023,Collagen-Containing Extracellular Matrix (GO:0062023),3/373,0.9175684669368508,0.9942629940019168,0,0,0.533177054605626,0.0458681974937126,ANXA4;F12;PXDN,GO_Cellular_Component_2023
GO_Cellular_Component_2023,Endoplasmic Reticulum Lumen (GO:0005788),2/284,0.9260026612750084,0.9942629940019168,0,0,0.466907080177906,0.0358949620676124,MAPK1;PTGS2,GO_Cellular_Component_2023
GO_Cellular_Component_2023,Cytoplasmic Vesicle Membrane (GO:0030659),3/389,0.9306220733314358,0.9942629940019168,0,0,0.5106534841916041,0.0367170172329701,MREG;RAB24;ITPR3,GO_Cellular_Component_2023
GO_Cellular_Component_2023,Microtubule (GO:0005874),1/185,0.9380070000570072,0.9942629940019168,0,0,0.3583835193889542,0.0229357809007414,BOD1,GO_Cellular_Component_2023
GO_Cellular_Component_2023,Lysosome (GO:0005764),4/503,0.9431726104804672,0.9942629940019168,0,0,0.5253920810905086,0.030738572867664,SZT2;RNF19B;ATP11C;LNPEP,GO_Cellular_Component_2023
GO_Cellular_Component_2023,Endocytic Vesicle (GO:0030139),1/196,0.947497428072237,0.9942629940019168,0,0,0.3379764379764379,0.018227426360304,MYO1E,GO_Cellular_Component_2023
GO_Cellular_Component_2023,Secretory Granule Lumen (GO:0034774),2/316,0.950253070677498,0.9942629940019168,0,0,0.4186332721580481,0.0213615747248908,MAPK1;CYRIB,GO_Cellular_Component_2023
GO_Cellular_Component_2023,Endosome Membrane (GO:0010008),2/361,0.9719048592190428,0.9942629940019168,0,0,0.3653085312308201,0.0104103290084109,MREG;ZFYVE9,GO_Cellular_Component_2023
GO_Cellular_Component_2023,Intracellular Organelle Lumen (GO:0070013),7/856,0.9727345180158712,0.9942629940019168,0,0,0.5360383412534016,0.0148182883596537,LIPT2;GLUD1;NADK2;GLRX5;MAPK1;PTGS2;HSPA1B,GO_Cellular_Component_2023
GO_Cellular_Component_2023,Nucleus (GO:0005634),53/4487,0.9784029459643192,0.9942629940019168,0,0,0.7479988834416617,0.0163315709630044,CDKN1A;CMAS;RBM26;NUDT3;CREB3L1;H2BC21;HABP4;MKKS;ANXA4;PAWR;FOS;BAZ1B;DUSP9;REXO5;PPM1B;NSMCE4A;NUPR2;SNRPF;URI1;CDC45;BAG1;NKX2-1;FLNA;MAPK1;FYN;ZBED6;MEF2D;CDK17;KLHDC2;SRPK3;EGR1;JUND;HACE1;EYA1;IRX5;MGMT;ZBTB16;TAF10;ANKRD23;FANCE;FBXO32;HNRNPAB;PNRC1;LSM7;CDAN1;NR4A3;RFXAP;INSM2;BRWD1;HSPA1B;BRWD3;CDK16;COPS9,GO_Cellular_Component_2023
GO_Cellular_Component_2023,Endoplasmic Reticulum Membrane (GO:0005789),6/801,0.9807725654177591,0.9942629940019168,0,0,0.4903844906957142,0.0095206608223146,KDELR2;ITPR3;PTGS2;HRAS;SGPP1;TM7SF2,GO_Cellular_Component_2023
GO_Cellular_Component_2023,Polymeric Cytoskeletal Fiber (GO:0099513),1/265,0.9815233611051036,0.9942629940019168,0,0,0.2487587018837019,0.0046392164846419,PAWR,GO_Cellular_Component_2023
GO_Cellular_Component_2023,Bounding Membrane Of Organelle (GO:0098588),6/819,0.9838753179379678,0.9942629940019168,0,0,0.4790707700891441,0.007787822044231,HACE1;RAB24;KDELR2;ITPR3;ATP2C2;HRAS,GO_Cellular_Component_2023
GO_Cellular_Component_2023,Intracellular Membrane-Bounded Organelle (GO:0043231),60/5175,0.9910538517204356,0.9942629940019168,0,0,0.722026306346437,0.0064884210557177,CDKN1A;CMAS;RBM26;ZFYVE9;NUDT3;TM7SF2;CREB3L1;H2BC21;HABP4;MKKS;ANXA4;PAWR;FOS;BAZ1B;DUSP9;REXO5;PPM1B;NSMCE4A;KDELR2;NUPR2;SNRPF;URI1;ADAP2;CDC45;BAG1;FAM241A;NKX2-1;FLNA;MAPK1;FYN;ZBED6;MEF2D;CDK17;KLHDC2;SRPK3;EGR1;SLC10A7;JUND;HACE1;EYA1;IRX5;MGMT;ZBTB16;TAF10;ANKRD23;FANCE;FBXO32;HNRNPAB;PNRC1;FMNL3;LSM7;CDAN1;NR4A3;RFXAP;INSM2;BRWD1;HSPA1B;BRWD3;CDK16;COPS9,GO_Cellular_Component_2023
GO_Cellular_Component_2023,Microtubule Cytoskeleton (GO:0015630),1/342,0.9942629940019168,0.9942629940019168,0,0,0.1918245224696837,0.0011036673448972,CDK16,GO_Cellular_Component_2023
KEGG_2021_Human,"Parathyroid hormone synthesis, secretion and action",8/106,0.00018432428134085904,0.0197377502399523,0,0,5.537744509568533,47.61803475683749,EGR1;CDKN1A;JUND;CREB3L1;MAPK1;ITPR3;FOS;MEF2D,KEGG_2021_Human
KEGG_2021_Human,Prion disease,13/273,0.0002371844406188201,0.0197377502399523,0,0,3.42306338028169,28.571188944417912,EGR1;NDUFB1;UQCR11;CACNA1D;ITPR3;COX5B;COX6A2;COX7A1;NDUFS6;CREB3L1;MAPK1;FYN;HSPA1B,KEGG_2021_Human
KEGG_2021_Human,Cholinergic synapse,8/113,0.00028605435130365787,0.0197377502399523,0,0,5.166716098203987,42.1569350774903,CREB3L1;MAPK1;CACNA1D;ITPR3;FYN;FOS;HRAS;GNG13,KEGG_2021_Human
KEGG_2021_Human,Estrogen signaling pathway,8/137,0.0010296180630342,0.0532827347620232,0,0,4.200316515114938,28.892160074543984,CREB3L1;MAPK1;ITPR3;FOS;OPRM1;HRAS;HSPA1B;FKBP5,KEGG_2021_Human
KEGG_2021_Human,"Growth hormone synthesis, secretion and action",7/119,0.002017599780662,0.0835286309194079,0,0,4.222198275862069,26.20231524319381,CREB3L1;MAPK1;CACNA1D;ITPR3;PLCG1;FOS;HRAS,KEGG_2021_Human
KEGG_2021_Human,Retrograde endocannabinoid signaling,7/148,0.0067059106263981,0.1442044064423457,0,0,3.3488383467840546,16.760152158288204,NDUFS6;NDUFB1;MAPK1;CACNA1D;ITPR3;PTGS2;GNG13,KEGG_2021_Human
KEGG_2021_Human,Serotonergic synapse,6/113,0.0068451637146479,0.1442044064423457,0,0,3.776086328162636,18.82081820012769,MAPK1;CACNA1D;ITPR3;PTGS2;HRAS;GNG13,KEGG_2021_Human
KEGG_2021_Human,Oxytocin signaling pathway,7/154,0.0082683201163948,0.1442044064423457,0,0,3.2111658456486043,15.398580392008451,CDKN1A;MAPK1;CACNA1D;ITPR3;FOS;PTGS2;HRAS,KEGG_2021_Human
KEGG_2021_Human,Kaposi sarcoma-associated herpesvirus infection,8/193,0.0083737609622207,0.1442044064423457,0,0,2.9204900402132234,13.96768799039691,CDKN1A;MAPK1;ITPR3;PLCG1;FOS;PTGS2;HRAS;GNG13,KEGG_2021_Human
KEGG_2021_Human,Cushing syndrome,7/155,0.0085527236271315,0.1442044064423457,0,0,3.18930568499534,15.18589654076735,RAP1B;CDKN1A;CREB3L1;MAPK1;CACNA1D;ITPR3;WNT9A,KEGG_2021_Human
KEGG_2021_Human,Non-alcoholic fatty liver disease,7/155,0.0085527236271315,0.1442044064423457,0,0,3.18930568499534,15.18589654076735,NDUFS6;NDUFB1;UQCR11;FOS;COX5B;COX6A2;COX7A1,KEGG_2021_Human
KEGG_2021_Human,Alzheimer disease,12/369,0.00945500401706,0.1442044064423457,0,0,2.281704260651629,10.635505345340103,NDUFS6;NDUFB1;MAPK1;UQCR11;CACNA1D;ITPR3;WNT9A;PTGS2;COX5B;HRAS;COX6A2;COX7A1,KEGG_2021_Human
KEGG_2021_Human,Cardiac muscle contraction,5/87,0.0095867229036543,0.1442044064423457,0,0,4.097268626795857,19.041548572718547,CACNA1D;UQCR11;COX5B;COX6A2;COX7A1,KEGG_2021_Human
KEGG_2021_Human,VEGF signaling pathway,4/59,0.0114379250111236,0.1442044064423457,0,0,4.8769469438411415,21.80395529874491,MAPK1;PLCG1;PTGS2;HRAS,KEGG_2021_Human
KEGG_2021_Human,Long-term depression,4/60,0.012115139941145,0.1442044064423457,0,0,4.78961482203803,21.13800409444118,PPP1R17;MAPK1;ITPR3;HRAS,KEGG_2021_Human
KEGG_2021_Human,cGMP-PKG signaling pathway,7/167,0.0125504080872265,0.1442044064423457,0,0,2.9482974137931035,12.907652260232306,CREB3L1;PDE3A;MAPK1;CACNA1D;ITPR3;ADRA2C;MEF2D,KEGG_2021_Human
KEGG_2021_Human,GnRH signaling pathway,5/93,0.0125564570631523,0.1442044064423457,0,0,3.816741905354919,16.707864936561162,EGR1;MAPK1;CACNA1D;ITPR3;HRAS,KEGG_2021_Human
KEGG_2021_Human,MAPK signaling pathway,10/294,0.0128381836689828,0.1442044064423457,0,0,2.382465524856456,10.376427027824802,RAP1B;PPM1B;JUND;FLNA;MAPK1;CACNA1D;FOS;HRAS;DUSP9;HSPA1B,KEGG_2021_Human
KEGG_2021_Human,Oxidative phosphorylation,6/133,0.0145637798825064,0.1442044064423457,0,0,3.178180047081744,13.441215190011588,NDUFS6;NDUFB1;UQCR11;COX5B;COX6A2;COX7A1,KEGG_2021_Human
KEGG_2021_Human,Circadian entrainment,5/97,0.0148493185405569,0.1442044064423457,0,0,3.650052114353782,15.365994151810304,MAPK1;CACNA1D;ITPR3;FOS;GNG13,KEGG_2021_Human
KEGG_2021_Human,GnRH secretion,4/64,0.015078689304774,0.1442044064423457,0,0,4.469397042093288,18.746764487739167,MAPK1;CACNA1D;ITPR3;HRAS,KEGG_2021_Human
KEGG_2021_Human,Choline metabolism in cancer,5/98,0.0154634609797187,0.1442044064423457,0,0,3.610620120783621,15.053669627179191,CHKA;MAPK1;PLCG1;FOS;HRAS,KEGG_2021_Human
KEGG_2021_Human,Apelin signaling pathway,6/137,0.0166303991311906,0.1442044064423457,0,0,3.0805068072715827,12.619366942645772,EGR1;MAPK1;ITPR3;HRAS;MEF2D;GNG13,KEGG_2021_Human
KEGG_2021_Human,Thyroid cancer,3/37,0.0173582594207084,0.1442044064423457,0,0,5.903061224489796,23.929161592932623,CDKN1A;MAPK1;HRAS,KEGG_2021_Human
KEGG_2021_Human,Long-term potentiation,4/67,0.0175766848535747,0.1442044064423457,0,0,4.255918522130126,17.198941237382535,RAP1B;MAPK1;ITPR3;HRAS,KEGG_2021_Human
KEGG_2021_Human,Fc epsilon RI signaling pathway,4/68,0.0184631546804862,0.1442044064423457,0,0,4.189206484641638,16.72322084360333,MAPK1;FYN;PLCG1;HRAS,KEGG_2021_Human
KEGG_2021_Human,Renal cell carcinoma,4/69,0.0193769061060378,0.1442044064423457,0,0,4.124547125229719,16.26586649162239,RAP1B;CDKN1A;MAPK1;HRAS,KEGG_2021_Human
KEGG_2021_Human,T cell receptor signaling pathway,5/104,0.0195059100501723,0.1442044064423457,0,0,3.390756883907569,13.349537954182171,MAPK1;FYN;PLCG1;FOS;HRAS,KEGG_2021_Human
KEGG_2021_Human,Prolactin signaling pathway,4/70,0.0203181484282757,0.1450295422294162,0,0,4.061847140345434,15.82593447472429,MAPK1;FOS;HRAS;SOCS5,KEGG_2021_Human
KEGG_2021_Human,Non-small cell lung cancer,4/72,0.0222838824152829,0.1486992370347936,0,0,3.9419795221843,14.994862884369269,CDKN1A;MAPK1;PLCG1;HRAS,KEGG_2021_Human
KEGG_2021_Human,Bladder cancer,3/41,0.0228080568394199,0.1486992370347936,0,0,5.280612244897959,19.96410145677297,CDKN1A;MAPK1;HRAS,KEGG_2021_Human
KEGG_2021_Human,Thermogenesis,8/232,0.0229873216672144,0.1486992370347936,0,0,2.4071922886801778,9.081885028807928,NDUFS6;CREB3L1;NDUFB1;UQCR11;COX5B;HRAS;COX6A2;COX7A1,KEGG_2021_Human
KEGG_2021_Human,Glioma,4/75,0.025443203383009,0.1574726294734942,0,0,3.774840167283565,13.85859573067315,CDKN1A;MAPK1;PLCG1;HRAS,KEGG_2021_Human
KEGG_2021_Human,Pathways of neurodegeneration,13/475,0.0258650695753565,0.1574726294734942,0,0,1.9063852813852813,6.967574904181052,NDUFB1;UQCR11;CACNA1D;ITPR3;WNT9A;PTGS2;COX5B;COX6A2;COX7A1;NDUFS6;MAPK1;PLCG1;HRAS,KEGG_2021_Human
KEGG_2021_Human,Parkinson disease,8/249,0.0330477255498737,0.1945969616258501,0,0,2.235437694726414,7.622401114989129,NDUFS6;NDUFB1;UQCR11;ITPR3;PLCG1;COX5B;COX6A2;COX7A1,KEGG_2021_Human
KEGG_2021_Human,Proteoglycans in cancer,7/205,0.0338429498479739,0.1945969616258501,0,0,2.3778300243817485,8.051390903899525,CDKN1A;FLNA;MAPK1;ITPR3;PLCG1;WNT9A;HRAS,KEGG_2021_Human
KEGG_2021_Human,ErbB signaling pathway,4/85,0.0378414806366681,0.2117077430213595,0,0,3.30712510007163,10.828683109262425,CDKN1A;MAPK1;PLCG1;HRAS,KEGG_2021_Human
KEGG_2021_Human,Colorectal cancer,4/86,0.0392413648039677,0.2137621714321399,0,0,3.2666278198618164,10.57741883536474,CDKN1A;MAPK1;FOS;HRAS,KEGG_2021_Human
KEGG_2021_Human,Osteoclast differentiation,5/127,0.0411544300191102,0.2184350516398926,0,0,2.7482876712328768,8.768202126952456,CALCR;JUND;MAPK1;FYN;FOS,KEGG_2021_Human
KEGG_2021_Human,Relaxin signaling pathway,5/129,0.043525213004072,0.2202104722012044,0,0,2.703684268669907,8.47446825528184,CREB3L1;MAPK1;FOS;HRAS;GNG13,KEGG_2021_Human
KEGG_2021_Human,PD-L1 expression and PD-1 checkpoint pathway in cancer,4/89,0.0436165669577264,0.2202104722012044,0,0,3.150853242320819,9.869475034292778,MAPK1;FOS;PLCG1;HRAS,KEGG_2021_Human
KEGG_2021_Human,Dopaminergic synapse,5/132,0.0472323990368829,0.2322966937565377,0,0,2.6394132240319275,8.057271295767677,CREB3L1;CACNA1D;ITPR3;FOS;GNG13,KEGG_2021_Human
KEGG_2021_Human,Th1 and Th2 cell differentiation,4/92,0.048254868751358,0.2322966937565377,0,0,3.042972385975799,9.224036060954552,MAPK1;FOS;PLCG1;IL12RB2,KEGG_2021_Human
KEGG_2021_Human,Human cytomegalovirus infection,7/225,0.0513640676441711,0.2368668681741111,0,0,2.157465991774755,6.405120470725613,CDKN1A;CREB3L1;MAPK1;ITPR3;PTGS2;HRAS;GNG13,KEGG_2021_Human
KEGG_2021_Human,IL-17 signaling pathway,4/94,0.0514927974291545,0.2368668681741111,0,0,2.975047402351157,8.824922787318723,JUND;MAPK1;FOS;PTGS2,KEGG_2021_Human
KEGG_2021_Human,Endometrial cancer,3/58,0.0550356249025642,0.247660312061539,0,0,3.645269016697588,10.570458424343284,CDKN1A;MAPK1;HRAS,KEGG_2021_Human
KEGG_2021_Human,Prostate cancer,4/97,0.0565671011722476,0.2491359562267077,0,0,2.878637748174245,8.268390983046945,CDKN1A;CREB3L1;MAPK1;HRAS,KEGG_2021_Human
KEGG_2021_Human,Coronavirus disease,7/232,0.0586346048540264,0.2528617334329888,0,0,2.0895938697318006,5.926987220889624,RPL36A;MAPK1;RPL35A;RPL38;PLCG1;FOS;RPS21,KEGG_2021_Human
KEGG_2021_Human,AGE-RAGE signaling pathway in diabetic complications,4/100,0.0619002851576648,0.2582675492758174,0,0,2.7882536973833902,7.757564457838692,EGR1;MAPK1;PLCG1;HRAS,KEGG_2021_Human
KEGG_2021_Human,Signaling pathways regulating pluripotency of stem cells,5/143,0.0623834660086515,0.2582675492758174,0,0,2.427660313678777,6.735434311432987,ACVR1C;MAPK1;WNT9A;HRAS;DUSP9,KEGG_2021_Human
KEGG_2021_Human,Melanogenesis,4/101,0.0637350601736469,0.258689361881273,0,0,2.759368072903839,7.596596796212633,CREB3L1;MAPK1;WNT9A;HRAS,KEGG_2021_Human
KEGG_2021_Human,Breast cancer,5/147,0.0684992622531496,0.2710871725722797,0,0,2.3587931699787767,6.323764807376471,CDKN1A;MAPK1;FOS;WNT9A;HRAS,KEGG_2021_Human
KEGG_2021_Human,C-type lectin receptor signaling pathway,4/104,0.0694087929774436,0.2710871725722797,0,0,2.6761774744027305,7.139350297335882,MAPK1;ITPR3;PTGS2;HRAS,KEGG_2021_Human
KEGG_2021_Human,D-Glutamine and D-glutamate metabolism,1/5,0.0720839991361056,0.2722580592458564,0,0,16.63766891891892,43.75579123938747,GLUD1,KEGG_2021_Human
KEGG_2021_Human,Cortisol synthesis and secretion,3/65,0.0723390978672565,0.2722580592458564,0,0,3.2325543120473994,8.489950011109801,CREB3L1;CACNA1D;ITPR3,KEGG_2021_Human
KEGG_2021_Human,Acute myeloid leukemia,3/67,0.0776789050716154,0.2871345241040071,0,0,3.131218112244898,8.00079943872129,ZBTB16;MAPK1;HRAS,KEGG_2021_Human
KEGG_2021_Human,Diabetic cardiomyopathy,6/203,0.0828448949708187,0.2878217807097218,0,0,2.041551101575174,5.085065176448666,NDUFS6;NDUFB1;UQCR11;COX5B;COX6A2;COX7A1,KEGG_2021_Human
KEGG_2021_Human,Amphetamine addiction,3/69,0.0831862642689582,0.2878217807097218,0,0,3.036023500309214,7.549597780059154,CREB3L1;CACNA1D;FOS,KEGG_2021_Human
KEGG_2021_Human,Renin secretion,3/69,0.0831862642689582,0.2878217807097218,0,0,3.036023500309214,7.549597780059154,PDE3A;CACNA1D;ITPR3,KEGG_2021_Human
KEGG_2021_Human,Cellular senescence,5/156,0.0834266031042672,0.2878217807097218,0,0,2.2171822552844054,5.507010764663272,CDKN1A;MAPK1;CACNA1D;ITPR3;HRAS,KEGG_2021_Human
KEGG_2021_Human,TNF signaling pathway,4/112,0.0857542703311615,0.2910021960418104,0,0,2.4769308557704464,6.084009453063413,CREB3L1;MAPK1;FOS;PTGS2,KEGG_2021_Human
KEGG_2021_Human,Glutamatergic synapse,4/114,0.0901092346162372,0.3001742334007283,0,0,2.431647533354018,5.852325455045553,MAPK1;CACNA1D;ITPR3;GNG13,KEGG_2021_Human
KEGG_2021_Human,Melanoma,3/72,0.0917507513943108,0.3001742334007283,0,0,2.9035788228334813,6.935719508345233,CDKN1A;MAPK1;HRAS,KEGG_2021_Human
KEGG_2021_Human,Hepatitis B,5/162,0.0942576095219678,0.3001742334007283,0,0,2.131794782305209,5.034710299874723,CDKN1A;CREB3L1;MAPK1;FOS;HRAS,KEGG_2021_Human
KEGG_2021_Human,JAK-STAT signaling pathway,5/162,0.0942576095219678,0.3001742334007283,0,0,2.131794782305209,5.034710299874723,CDKN1A;CTF1;HRAS;SOCS5;IL12RB2,KEGG_2021_Human
KEGG_2021_Human,Human immunodeficiency virus 1 infection,6/212,0.0969570309572342,0.3023653356893671,0,0,1.951456310679612,4.553698670558944,MAPK1;ITPR3;PLCG1;FOS;HRAS;GNG13,KEGG_2021_Human
KEGG_2021_Human,Neurotrophin signaling pathway,4/119,0.1014487205194391,0.3023653356893671,0,0,2.3253301676806646,5.320824732769012,RAP1B;MAPK1;PLCG1;HRAS,KEGG_2021_Human
KEGG_2021_Human,Sphingolipid signaling pathway,4/119,0.1014487205194391,0.3023653356893671,0,0,2.3253301676806646,5.320824732769012,MAPK1;FYN;HRAS;SGPP1,KEGG_2021_Human
KEGG_2021_Human,Lipid and atherosclerosis,6/215,0.1019292615670066,0.3023653356893671,0,0,1.923149015932521,4.391465046050127,RAP1B;MAPK1;PLCG1;FOS;HRAS;HSPA1B,KEGG_2021_Human
KEGG_2021_Human,cAMP signaling pathway,6/216,0.1036160156698145,0.3023653356893671,0,0,1.9138929798723612,4.338916668189439,RAP1B;CREB3L1;PDE3A;MAPK1;CACNA1D;FOS,KEGG_2021_Human
KEGG_2021_Human,Chronic myeloid leukemia,3/76,0.1037098494393481,0.3023653356893671,0,0,2.74391948560246,6.218155609862707,CDKN1A;MAPK1;HRAS,KEGG_2021_Human
KEGG_2021_Human,Hepatocellular carcinoma,5/168,0.1057703632071975,0.3028202171714062,0,0,2.052693503655769,4.611345000757759,CDKN1A;MAPK1;PLCG1;WNT9A;HRAS,KEGG_2021_Human
KEGG_2021_Human,Leishmaniasis,3/77,0.1067916707899162,0.3028202171714062,0,0,2.7067015995587425,6.0545540725813405,MAPK1;FOS;PTGS2,KEGG_2021_Human
KEGG_2021_Human,Human T-cell leukemia virus 1 infection,6/219,0.1087634591887907,0.3042437304335091,0,0,1.8866463385121728,4.185675558275709,EGR1;CDKN1A;CREB3L1;MAPK1;FOS;HRAS,KEGG_2021_Human
KEGG_2021_Human,Platelet activation,4/124,0.1134107147791867,0.3130135727905553,0,0,2.227872582480091,4.849498040858072,RAP1B;MAPK1;ITPR3;FYN,KEGG_2021_Human
KEGG_2021_Human,B cell receptor signaling pathway,3/81,0.1194671400975214,0.3253907631603543,0,0,2.5673731030873888,5.454933379430418,MAPK1;FOS;HRAS,KEGG_2021_Human
KEGG_2021_Human,FoxO signaling pathway,4/131,0.1311425539662729,0.3472848599499067,0,0,2.1043239902179462,4.274871791287759,CDKN1A;MAPK1;FBXO32;HRAS,KEGG_2021_Human
KEGG_2021_Human,Natural killer cell mediated cytotoxicity,4/131,0.1311425539662729,0.3472848599499067,0,0,2.1043239902179462,4.274871791287759,MAPK1;FYN;PLCG1;HRAS,KEGG_2021_Human
KEGG_2021_Human,Ras signaling pathway,6/232,0.1325386663576938,0.3472848599499067,0,0,1.7769364109114132,3.590976772581421,BRAP;RAP1B;MAPK1;PLCG1;HRAS;GNG13,KEGG_2021_Human
KEGG_2021_Human,Axon guidance,5/182,0.1351450152724069,0.3476679808664484,0,0,1.8889791811779275,3.780615948024712,SEMA6A;MAPK1;FYN;PLCG1;HRAS,KEGG_2021_Human
KEGG_2021_Human,Insulin secretion,3/86,0.1360439925129581,0.3476679808664484,0,0,2.412097369068109,4.811596284091443,CREB3L1;CACNA1D;ITPR3,KEGG_2021_Human
KEGG_2021_Human,Gap junction,3/88,0.142885060279567,0.3594925538315727,0,0,2.3551020408163263,4.582356769600202,MAPK1;ITPR3;HRAS,KEGG_2021_Human
KEGG_2021_Human,Alcoholism,5/186,0.1441443573334325,0.3594925538315727,0,0,1.846855369711648,3.577248039944022,CREB3L1;H2BC21;MAPK1;HRAS;GNG13,KEGG_2021_Human
KEGG_2021_Human,Chemical carcinogenesis,6/239,0.1462862458969756,0.3604911059604043,0,0,1.722932613601168,3.3118038205231404,CREB3L1;MAPK1;CACNA1D;FOS;PTGS2;HRAS,KEGG_2021_Human
KEGG_2021_Human,Type II diabetes mellitus,2/46,0.1489888416966394,0.3628316497788749,0,0,3.0291217257318954,5.767095975055279,MAPK1;CACNA1D,KEGG_2021_Human
KEGG_2021_Human,Morphine addiction,3/91,0.1533548392322059,0.3691215316403095,0,0,2.274466604823748,4.264626776718776,PDE3A;OPRM1;GNG13,KEGG_2021_Human
KEGG_2021_Human,Chemokine signaling pathway,5/192,0.1581118337215813,0.3761971216134177,0,0,1.7870485678704855,3.296126534539748,RAP1B;MAPK1;PLCG1;HRAS;GNG13,KEGG_2021_Human
KEGG_2021_Human,Apoptosis,4/142,0.1611151305345353,0.3789867275073729,0,0,1.9354998268783696,3.5335183033690094,MAPK1;ITPR3;FOS;HRAS,KEGG_2021_Human
KEGG_2021_Human,TGF-beta signaling pathway,3/94,0.1640579860770038,0.3815730687408966,0,0,2.199147790984526,3.9750373501096767,ACVR1C;ZFYVE9;MAPK1,KEGG_2021_Human
KEGG_2021_Human,Vibrio cholerae infection,2/50,0.1698908219814068,0.3906496045720548,0,0,2.776129943502825,4.920965916510137,KDELR2;PLCG1,KEGG_2021_Human
KEGG_2021_Human,Huntington disease,7/306,0.1717348503191159,0.3906496045720548,0,0,1.566462922384961,2.7597999525126293,NDUFS6;CREB3L1;NDUFB1;UQCR11;COX5B;COX6A2;COX7A1,KEGG_2021_Human
KEGG_2021_Human,Amyotrophic lateral sclerosis,8/364,0.1757604794606647,0.3910827936859989,0,0,1.5043738579370942,2.6155542187565644,NDUFS6;UBQLN1;NDUFB1;UQCR11;ITPR3;COX5B;COX6A2;COX7A1,KEGG_2021_Human
KEGG_2021_Human,Phospholipase D signaling pathway,4/148,0.1784269193996052,0.3910827936859989,0,0,1.8542851725445584,3.1960017482502807,MAPK1;FYN;PLCG1;HRAS,KEGG_2021_Human
KEGG_2021_Human,Aldosterone synthesis and secretion,3/98,0.1786601138343831,0.3910827936859989,0,0,2.106122448979592,3.6273116861751,CREB3L1;CACNA1D;ITPR3,KEGG_2021_Human
KEGG_2021_Human,Focal adhesion,5/201,0.1800442770028129,0.3910827936859989,0,0,1.7042039418507129,2.9219470863911083,RAP1B;FLNA;MAPK1;FYN;HRAS,KEGG_2021_Human
KEGG_2021_Human,Gastric cancer,4/149,0.1813717304051009,0.3910827936859989,0,0,1.8414028480640223,3.14365508562647,CDKN1A;MAPK1;WNT9A;HRAS,KEGG_2021_Human
KEGG_2021_Human,Viral carcinogenesis,5/203,0.1850669334079,0.3949366517055185,0,0,1.686816798118168,2.845723560319853,CDKN1A;CREB3L1;H2BC21;MAPK1;HRAS,KEGG_2021_Human
KEGG_2021_Human,Longevity regulating pathway,3/102,0.1936014251004342,0.4089336224060191,0,0,2.020614306328592,3.317755223659446,CREB3L1;HRAS;HSPA1B,KEGG_2021_Human
KEGG_2021_Human,mTOR signaling pathway,4/154,0.1963316198092073,0.4105115686919789,0,0,1.7795676905574516,2.8970474205564245,MAPK1;WNT9A;HRAS;FNIP2,KEGG_2021_Human
KEGG_2021_Human,Hepatitis C,4/157,0.2054846059052033,0.4253531342237708,0,0,1.7444065225635192,2.760321246920065,CDKN1A;MAPK1;IFIT1;HRAS,KEGG_2021_Human
KEGG_2021_Human,Ribosome,4/158,0.2085631699773255,0.4274512493594691,0,0,1.7329905589291257,2.71648576743047,RPL36A;RPL35A;RPL38;RPS21,KEGG_2021_Human
KEGG_2021_Human,Th17 cell differentiation,3/107,0.2126908741583986,0.4316373622626326,0,0,1.9229788069073783,2.9766086291801632,MAPK1;PLCG1;FOS,KEGG_2021_Human
KEGG_2021_Human,HIF-1 signaling pathway,3/109,0.2204385886646932,0.4430173578018593,0,0,1.8865036580670005,2.852650345161056,CDKN1A;MAPK1;PLCG1,KEGG_2021_Human
KEGG_2021_Human,Nitrogen metabolism,1/17,0.2246534536052364,0.447146777848884,0,0,4.156883445945946,6.207042857614634,GLUD1,KEGG_2021_Human
KEGG_2021_Human,Leukocyte transendothelial migration,3/114,0.2400440704821063,0.4692964110013312,0,0,1.8010663724949438,2.5700005837116646,RAP1B;PLCG1;F11R,KEGG_2021_Human
KEGG_2021_Human,Basal cell carcinoma,2/63,0.2403160365514063,0.4692964110013312,0,0,2.183050847457627,3.1125947779035754,CDKN1A;WNT9A,KEGG_2021_Human
KEGG_2021_Human,Steroid biosynthesis,1/20,0.2587148864025256,0.5005044998628301,0,0,3.5,4.732100269175356,TM7SF2,KEGG_2021_Human
KEGG_2021_Human,Pathways in cancer,10/531,0.266344015891947,0.5042171177406808,0,0,1.282845238652551,1.6971612920428605,CDKN1A;ZBTB16;MAPK1;PLCG1;WNT9A;FOS;PTGS2;HRAS;GNG13;IL12RB2,KEGG_2021_Human
KEGG_2021_Human,Mitophagy,2/68,0.2678623502589553,0.5042171177406808,0,0,2.017154596815614,2.6571615401508475,TOMM7;HRAS,KEGG_2021_Human
KEGG_2021_Human,Thyroid hormone signaling pathway,3/121,0.2679414635336951,0.5042171177406808,0,0,1.6936181252161882,2.230472616884571,MAPK1;PLCG1;HRAS,KEGG_2021_Human
KEGG_2021_Human,Central carbon metabolism in cancer,2/70,0.278886064062495,0.5140007949782612,0,0,1.957627118644068,2.4997957726007307,MAPK1;HRAS,KEGG_2021_Human
KEGG_2021_Human,Epithelial cell signaling in Helicobacter pylori infection,2/70,0.278886064062495,0.5140007949782612,0,0,1.957627118644068,2.4997957726007307,PLCG1;F11R,KEGG_2021_Human
KEGG_2021_Human,Arginine biosynthesis,1/22,0.2805898059543165,0.5140007949782612,0,0,3.1663449163449164,4.023985664453448,GLUD1,KEGG_2021_Human
KEGG_2021_Human,Adherens junction,2/71,0.2843941733128248,0.5163999462785503,0,0,1.92915745517072,2.425711142127528,MAPK1;FYN,KEGG_2021_Human
KEGG_2021_Human,Proximal tubule bicarbonate reclamation,1/23,0.2912847955518935,0.5197926955107065,0,0,3.0222665847665846,3.727826238446421,GLUD1,KEGG_2021_Human
KEGG_2021_Human,Renin-angiotensin system,1/23,0.2912847955518935,0.5197926955107065,0,0,3.0222665847665846,3.727826238446421,LNPEP,KEGG_2021_Human
KEGG_2021_Human,Thyroid hormone synthesis,2/75,0.3063757369047144,0.5420493806775717,0,0,1.8230787090782448,2.156598255507547,CREB3L1;ITPR3,KEGG_2021_Human
KEGG_2021_Human,Pancreatic cancer,2/76,0.3118531929578039,0.5424673188425665,0,0,1.7983508932661476,2.095479350478964,CDKN1A;MAPK1,KEGG_2021_Human
KEGG_2021_Human,Pertussis,2/76,0.3118531929578039,0.5424673188425665,0,0,1.7983508932661476,2.095479350478964,MAPK1;FOS,KEGG_2021_Human
KEGG_2021_Human,Vascular smooth muscle contraction,3/133,0.3164767766908341,0.5457928904160375,0,0,1.536342229199372,1.7675700547159223,MAPK1;CACNA1D;ITPR3,KEGG_2021_Human
KEGG_2021_Human,Transcriptional misregulation in cancer,4/192,0.3190383562335291,0.5457928904160375,0,0,1.4171084162370198,1.618966928757467,CDKN1A;NR4A3;EYA1;ZBTB16,KEGG_2021_Human
KEGG_2021_Human,Antigen processing and presentation,2/78,0.32277972340433,0.5476672356122649,0,0,1.750847457627119,1.979832321268577,RFXAP;HSPA1B,KEGG_2021_Human
KEGG_2021_Human,RNA degradation,2/79,0.3282269593818957,0.5509988754961173,0,0,1.728021131410962,1.9251018732771017,LSM7;PAN3,KEGG_2021_Human
KEGG_2021_Human,Insulin signaling pathway,3/137,0.3327287895507954,0.5509988754961173,0,0,1.490176667681998,1.63983148427544,PRKAR2B;MAPK1;HRAS,KEGG_2021_Human
KEGG_2021_Human,Yersinia infection,3/137,0.3327287895507954,0.5509988754961173,0,0,1.490176667681998,1.63983148427544,MAPK1;PLCG1;FOS,KEGG_2021_Human
KEGG_2021_Human,Pathogenic Escherichia coli infection,4/197,0.3358385971279091,0.5517348381387078,0,0,1.3800420873932342,1.5057978707588031,MYO1E;MAPK1;FYN;FOS,KEGG_2021_Human
KEGG_2021_Human,Taste transduction,2/86,0.3659798928559327,0.5965184080407723,0,0,1.583454398708636,1.5916517594666018,ITPR3;GNG13,KEGG_2021_Human
KEGG_2021_Human,Human papillomavirus infection,6/331,0.3689223070249323,0.5966165433918827,0,0,1.229373513084853,1.2258934113688509,CDKN1A;CREB3L1;MAPK1;WNT9A;PTGS2;HRAS,KEGG_2021_Human
KEGG_2021_Human,Rap1 signaling pathway,4/210,0.3796121665826341,0.604247083271583,0,0,1.292090526525067,1.2515255533749574,RAP1B;MAPK1;PLCG1;HRAS,KEGG_2021_Human
KEGG_2021_Human,GABAergic synapse,2/89,0.3819158699964655,0.604247083271583,0,0,1.5286187414767192,1.4713795060692454,CACNA1D;GNG13,KEGG_2021_Human
KEGG_2021_Human,Adrenergic signaling in cardiomyocytes,3/150,0.3853169806369515,0.604247083271583,0,0,1.35748993474941,1.2946231601609453,CREB3L1;MAPK1;CACNA1D,KEGG_2021_Human
KEGG_2021_Human,Spliceosome,3/150,0.3853169806369515,0.604247083271583,0,0,1.35748993474941,1.2946231601609453,LSM7;SNRPF;HSPA1B,KEGG_2021_Human
KEGG_2021_Human,Small cell lung cancer,2/92,0.397679482541693,0.6189447585423342,0,0,1.4774387947269303,1.3623594889919692,CDKN1A;PTGS2,KEGG_2021_Human
KEGG_2021_Human,Nicotinate and nicotinamide metabolism,1/35,0.4079094699448333,0.6301288080491081,0,0,1.954391891891892,1.7525227857992751,NADK2,KEGG_2021_Human
KEGG_2021_Human,Fc gamma R-mediated phagocytosis,2/97,0.4235276141848074,0.6380921407569681,0,0,1.399322033898305,1.2022087217947328,MAPK1;PLCG1,KEGG_2021_Human
KEGG_2021_Human,Phosphatidylinositol signaling system,2/97,0.4235276141848074,0.6380921407569681,0,0,1.399322033898305,1.2022087217947328,ITPR3;PLCG1,KEGG_2021_Human
KEGG_2021_Human,"Alanine, aspartate and glutamate metabolism",1/37,0.4253947605046453,0.6380921407569681,0,0,1.8456268768768769,1.5775268587404352,GLUD1,KEGG_2021_Human
KEGG_2021_Human,Aldosterone-regulated sodium reabsorption,1/37,0.4253947605046453,0.6380921407569681,0,0,1.8456268768768769,1.5775268587404352,MAPK1,KEGG_2021_Human
KEGG_2021_Human,Inflammatory mediator regulation of TRP channels,2/98,0.4286290187912429,0.6383180351783257,0,0,1.384675141242938,1.1730462282669702,ITPR3;PLCG1,KEGG_2021_Human
KEGG_2021_Human,Primary immunodeficiency,1/38,0.4339434465534577,0.6416163816897554,0,0,1.7956537618699782,1.4990854914842158,RFXAP,KEGG_2021_Human
KEGG_2021_Human,Chagas disease,2/102,0.4487924949374235,0.6542256792397653,0,0,1.3290169491525423,1.0648012659963533,MAPK1;FOS,KEGG_2021_Human
KEGG_2021_Human,Pancreatic secretion,2/102,0.4487924949374235,0.6542256792397653,0,0,1.3290169491525423,1.0648012659963533,RAP1B;ITPR3,KEGG_2021_Human
KEGG_2021_Human,NF-kappa B signaling pathway,2/104,0.4587235049372781,0.6569405805373858,0,0,1.302824858757062,1.0153013610427837,PLCG1;PTGS2,KEGG_2021_Human
KEGG_2021_Human,Toll-like receptor signaling pathway,2/104,0.4587235049372781,0.6569405805373858,0,0,1.302824858757062,1.0153013610427837,MAPK1;FOS,KEGG_2021_Human
KEGG_2021_Human,Tight junction,3/169,0.4601757689754635,0.6569405805373858,0,0,1.200946643717728,0.9321108416682358,CACNA1D;F11R;CGNL1,KEGG_2021_Human
KEGG_2021_Human,Protein processing in endoplasmic reticulum,3/171,0.4678427538578098,0.6633113017025112,0,0,1.186528182701652,0.9013141399143476,BAG1;UBQLN1;HSPA1B,KEGG_2021_Human
KEGG_2021_Human,Glucagon signaling pathway,2/107,0.4734237914687462,0.6666579920682345,0,0,1.265407586763519,0.9462266519617772,CREB3L1;ITPR3,KEGG_2021_Human
KEGG_2021_Human,Calcium signaling pathway,4/240,0.4787262237772929,0.6695697859587814,0,0,1.1261063226702146,0.8295196496939686,CYSLTR2;CACNA1D;ITPR3;PLCG1,KEGG_2021_Human
KEGG_2021_Human,Vasopressin-regulated water reabsorption,1/44,0.482638183086201,0.6705107644217693,0,0,1.5446260213702074,1.125241535558234,CREB3L1,KEGG_2021_Human
KEGG_2021_Human,MicroRNAs in cancer,5/310,0.4891351712715953,0.6721851068560816,0,0,1.0890410958904109,0.7787911521238675,CDKN1A;MAPK1;PLCG1;PTGS2;HRAS,KEGG_2021_Human
KEGG_2021_Human,Basal transcription factors,1/45,0.490337928189702,0.6721851068560816,0,0,1.5094441031941033,1.075721153394038,TAF10,KEGG_2021_Human
KEGG_2021_Human,Toxoplasmosis,2/112,0.4973814029218329,0.677354936873812,0,0,1.2075808936825887,0.8433722462903562,MAPK1;HSPA1B,KEGG_2021_Human
KEGG_2021_Human,Carbohydrate digestion and absorption,1/47,0.5053964669751628,0.6812809374852831,0,0,1.4436692126909518,0.9851773024746344,CACNA1D,KEGG_2021_Human
KEGG_2021_Human,Salmonella infection,4/249,0.5073450889588302,0.6812809374852831,0,0,1.084237654106011,0.7357244856602356,FLNA;MAPK1;FOS;HRAS,KEGG_2021_Human
KEGG_2021_Human,Amino sugar and nucleotide sugar metabolism,1/48,0.5127586128883126,0.6812809374852831,0,0,1.4128809660724555,0.9437339609998968,CMAS,KEGG_2021_Human
KEGG_2021_Human,Endocytosis,4/252,0.5167299394536594,0.6812809374852831,0,0,1.0709567323571507,0.7070830129944863,SH3GL3;ZFYVE9;HRAS;HSPA1B,KEGG_2021_Human
KEGG_2021_Human,Cocaine addiction,1/49,0.5200115368245155,0.6812809374852831,0,0,1.383375563063063,0.9045952035427076,CREB3L1,KEGG_2021_Human
KEGG_2021_Human,Sphingolipid metabolism,1/49,0.5200115368245155,0.6812809374852831,0,0,1.383375563063063,0.9045952035427076,SGPP1,KEGG_2021_Human
KEGG_2021_Human,Arginine and proline metabolism,1/50,0.5271568537690461,0.686298545472909,0,0,1.3550744622173194,0.8675960989751744,ODC1,KEGG_2021_Human
KEGG_2021_Human,Ovarian steroidogenesis,1/51,0.5341961548522766,0.6871713450995954,0,0,1.3279054054054054,0.8325863000390515,PTGS2,KEGG_2021_Human
KEGG_2021_Human,Neutrophil extracellular trap formation,3/189,0.5344666017441297,0.6871713450995954,0,0,1.0707153829273646,0.670788235412983,H2BC21;MAPK1;PLCG1,KEGG_2021_Human
KEGG_2021_Human,Cell cycle,2/124,0.5519615564683712,0.7044267469592287,0,0,1.088135593220339,0.6466538244955878,CDKN1A;CDC45,KEGG_2021_Human
KEGG_2021_Human,Fanconi anemia pathway,1/54,0.554693525383354,0.7044267469592287,0,0,1.2525497195308517,0.738177055838285,FANCE,KEGG_2021_Human
KEGG_2021_Human,Regulation of lipolysis in adipocytes,1/55,0.5613242111155465,0.7085006811031593,0,0,1.2292917917917918,0.7098626879520755,PTGS2,KEGG_2021_Human
KEGG_2021_Human,Oocyte meiosis,2/129,0.5734416991483284,0.711846751449964,0,0,1.0450286934472175,0.5811394172081666,MAPK1;ITPR3,KEGG_2021_Human
KEGG_2021_Human,Glutathione metabolism,1/57,0.5742918236335459,0.711846751449964,0,0,1.1852678571428572,0.6573704241389675,ODC1,KEGG_2021_Human
KEGG_2021_Human,Legionellosis,1/57,0.5742918236335459,0.711846751449964,0,0,1.1852678571428572,0.6573704241389675,HSPA1B,KEGG_2021_Human
KEGG_2021_Human,Notch signaling pathway,1/59,0.5868773541855713,0.7221016712999452,0,0,1.1442800559179869,0.6098319466132389,DTX1,KEGG_2021_Human
KEGG_2021_Human,Mineral absorption,1/60,0.5930303580724188,0.7221016712999452,0,0,1.124828218048557,0.587733640415199,SLC26A6,KEGG_2021_Human
KEGG_2021_Human,Viral myocarditis,1/60,0.5930303580724188,0.7221016712999452,0,0,1.124828218048557,0.587733640415199,FYN,KEGG_2021_Human
KEGG_2021_Human,Arachidonic acid metabolism,1/61,0.5990920234990778,0.7252166600251994,0,0,1.106024774774775,0.5666608040267536,PTGS2,KEGG_2021_Human
KEGG_2021_Human,Autophagy,2/137,0.6062347223832986,0.7260367653691048,0,0,0.9826993094789706,0.4918292485986966,MAPK1;HRAS,KEGG_2021_Human
KEGG_2021_Human,PI3K-Akt signaling pathway,5/354,0.6067843498012325,0.7260367653691048,0,0,0.9495819758998312,0.4743938948006184,CDKN1A;CREB3L1;MAPK1;HRAS;GNG13,KEGG_2021_Human
KEGG_2021_Human,Measles,2/139,0.6141291785125834,0.7306019537477286,0,0,0.9682543610045776,0.4720723987061967,FOS;HSPA1B,KEGG_2021_Human
KEGG_2021_Human,Inflammatory bowel disease,1/65,0.6224520294410858,0.7362718291103129,0,0,1.0366870777027026,0.4914816442675155,IL12RB2,KEGG_2021_Human
KEGG_2021_Human,Spinocerebellar ataxia,2/143,0.6295543714265879,0.7404417891210436,0,0,0.9405938213727612,0.4352532601340231,BEAN1;ITPR3,KEGG_2021_Human
KEGG_2021_Human,Cell adhesion molecules,2/148,0.648157446386252,0.7580146406890065,0,0,0.9081495240306476,0.3937932853621038,F11R;VSIR,KEGG_2021_Human
KEGG_2021_Human,Inositol phosphate metabolism,1/73,0.6651801232380199,0.7692306453087716,0,0,0.9211242492492492,0.3755399734619334,PLCG1,KEGG_2021_Human
KEGG_2021_Human,p53 signaling pathway,1/73,0.6651801232380199,0.7692306453087716,0,0,0.9211242492492492,0.3755399734619334,CDKN1A,KEGG_2021_Human
KEGG_2021_Human,PPAR signaling pathway,1/74,0.6701703927507686,0.7706959516633839,0,0,0.9084598296927064,0.3635867740523307,PLIN4,KEGG_2021_Human
KEGG_2021_Human,Gastric acid secretion,1/76,0.6799296382624809,0.7775990890626163,0,0,0.8841441441441441,0.3410727139332979,ITPR3,KEGG_2021_Human
KEGG_2021_Human,Arrhythmogenic right ventricular cardiomyopathy,1/77,0.684700793132,0.7787530998809011,0,0,0.8724662162162162,0.3304669379474362,CACNA1D,KEGG_2021_Human
KEGG_2021_Human,Shigellosis,3/246,0.7104410321060229,0.8036136264805833,0,0,0.8171663727219283,0.2793641201889173,MAPK1;ITPR3;PLCG1,KEGG_2021_Human
KEGG_2021_Human,Complement and coagulation cascades,1/85,0.7204043804282972,0.8104549279818344,0,0,0.7890524453024453,0.2587638987303992,F12,KEGG_2021_Human
KEGG_2021_Human,Hypertrophic cardiomyopathy,1/90,0.7406421877586344,0.8201832868978036,0,0,0.744533859702399,0.2235370947650941,CACNA1D,KEGG_2021_Human
KEGG_2021_Human,Neuroactive ligand-receptor interaction,4/341,0.7483503338584996,0.8201832868978036,0,0,0.784517069910169,0.2274189854262858,CYSLTR2;CALCR;OPRM1;ADRA2C,KEGG_2021_Human
KEGG_2021_Human,Tuberculosis,2/180,0.7500914365684576,0.8201832868978036,0,0,0.743667872786136,0.2138492558006999,RFXAP;MAPK1,KEGG_2021_Human
KEGG_2021_Human,Rheumatoid arthritis,1/93,0.7520770320182287,0.8201832868978036,0,0,0.7201454171562868,0.2051813290912438,FOS,KEGG_2021_Human
KEGG_2021_Human,Salivary secretion,1/93,0.7520770320182287,0.8201832868978036,0,0,0.7201454171562868,0.2051813290912438,ITPR3,KEGG_2021_Human
KEGG_2021_Human,NOD-like receptor signaling pathway,2/181,0.7528252391815589,0.8201832868978036,0,0,0.7394754284632137,0.2099534640210016,MAPK1;ITPR3,KEGG_2021_Human
KEGG_2021_Human,Dilated cardiomyopathy,1/96,0.7630093435588914,0.8269263566318876,0,0,0.6972972972972973,0.1886084608226599,CACNA1D,KEGG_2021_Human
KEGG_2021_Human,Glycerophospholipid metabolism,1/98,0.7700292773997405,0.8301878146965952,0,0,0.6828503761493452,0.1784470642502486,CHKA,KEGG_2021_Human
KEGG_2021_Human,Progesterone-mediated oocyte maturation,1/100,0.7768419503727892,0.8331931799335097,0,0,0.668987168987169,0.1689315423580777,MAPK1,KEGG_2021_Human
KEGG_2021_Human,Insulin resistance,1/108,0.8021393668676192,0.851501789444088,0,0,0.6187168476888103,0.13641030515267,CREB3L1,KEGG_2021_Human
KEGG_2021_Human,Ribosome biogenesis in eukaryotes,1/108,0.8021393668676192,0.851501789444088,0,0,0.6187168476888103,0.13641030515267,REXO5,KEGG_2021_Human
KEGG_2021_Human,Cytokine-cytokine receptor interaction,3/295,0.8168003841483438,0.8626412220342201,0,0,0.6783268101761253,0.1372665808402061,CTF1;ACVR1C;IL12RB2,KEGG_2021_Human
KEGG_2021_Human,AMPK signaling pathway,1/120,0.8348266170801342,0.875325114073383,0,0,0.555984555984556,0.100372570141752,CREB3L1,KEGG_2021_Human
KEGG_2021_Human,Regulation of actin cytoskeleton,2/218,0.8372675004180186,0.875325114073383,0,0,0.6116446955430006,0.1086352329260655,MAPK1;HRAS,KEGG_2021_Human
KEGG_2021_Human,Purine metabolism,1/129,0.855757121996821,0.8901594183585022,0,0,0.5166543496621622,0.0804785655909566,PDE3A,KEGG_2021_Human
KEGG_2021_Human,Systemic lupus erythematosus,1/135,0.8682201320277412,0.898607836648712,0,0,0.4933693021379589,0.0697180102377275,H2BC21,KEGG_2021_Human
KEGG_2021_Human,Fluid shear stress and atherosclerosis,1/139,0.8759265311664594,0.902073591798294,0,0,0.4789708186447317,0.0634507300417619,FOS,KEGG_2021_Human
KEGG_2021_Human,Necroptosis,1/159,0.908219806842684,0.9307004951308692,0,0,0.4179139582620595,0.0402320968530787,GLUD1,KEGG_2021_Human
KEGG_2021_Human,Hippo signaling pathway,1/163,0.9135933576048308,0.9309081119534598,0,0,0.4075116783450117,0.036826712470543,WNT9A,KEGG_2021_Human
KEGG_2021_Human,Wnt signaling pathway,1/166,0.9174166900410908,0.9309081119534598,0,0,0.40004095004095,0.034480931316011,WNT9A,KEGG_2021_Human
KEGG_2021_Human,Influenza A,1/172,0.924564862305058,0.9335850073031562,0,0,0.3858858858858859,0.0302658293081992,MAPK1,KEGG_2021_Human
KEGG_2021_Human,Epstein-Barr virus infection,1/202,0.9520484493300692,0.9566700437442928,0,0,0.3277867419658464,0.016107228531103,CDKN1A,KEGG_2021_Human
KEGG_2021_Human,Olfactory transduction,1/440,0.9987120734746924,0.9987120734746924,0,0,0.1482484762666995,0.00019105620452375524,GNG13,KEGG_2021_Human
Reactome_2022,Signaling By NTRKs R-HSA-166520,9/132,0.0001601809029191242,0.0539912182434766,0,0,4.974593495934959,43.47400099938923,SH3GL3;EGR1;JUND;MAPK1;FYN;PLCG1;FOS;HRAS;MEF2D,Reactome_2022
Reactome_2022,NGF-stimulated Transcription R-HSA-9031628,5/39,0.0002657875253934934,0.0539912182434766,0,0,9.905821917808218,81.55278287902517,SH3GL3;EGR1;JUND;FOS;MEF2D,Reactome_2022
Reactome_2022,Nuclear Events (Kinase And Transcription Factor Activation) R-HSA-198725,6/61,0.0002851802128258699,0.0539912182434766,0,0,7.365698219306466,60.12169597744982,SH3GL3;EGR1;JUND;MAPK1;FOS;MEF2D,Reactome_2022
Reactome_2022,Signaling By NTRK1 (TRKA) R-HSA-187037,8/114,0.0003037480632544397,0.0539912182434766,0,0,5.117712345759614,41.44994870466572,SH3GL3;EGR1;JUND;MAPK1;PLCG1;FOS;HRAS;MEF2D,Reactome_2022
Reactome_2022,FCERI Mediated MAPK Activation R-HSA-2871796,4/29,0.0008444783514028974,0.120084821569492,0,0,10.74566552901024,76.04483401392162,MAPK1;PLCG1;FOS;HRAS,Reactome_2022
Reactome_2022,Signaling By High-Kinase Activity BRAF Mutants R-HSA-6802948,4/33,0.0013887249754229,0.1527834493881019,0,0,9.261621748852535,60.93562921607592,RAP1B;CNKSR2;MAPK1;HRAS,Reactome_2022
Reactome_2022,Estrogen-stimulated Signaling Thru PRKCZ R-HSA-9634635,2/5,0.0021337375634418,0.1527834493881019,0,0,44.51977401129943,273.7912727993365,MAPK1;HRAS,Reactome_2022
Reactome_2022,MAP2K And MAPK Activation R-HSA-5674135,4/37,0.0021396109177305,0.1527834493881019,0,0,8.137346157823973,50.02133510801847,RAP1B;CNKSR2;MAPK1;HRAS,Reactome_2022
Reactome_2022,VEGFR2 Mediated Cell Proliferation R-HSA-5218921,3/18,0.0022421151605062,0.1527834493881019,0,0,13.393197278911565,81.70299803210588,ITPR3;PLCG1;HRAS,Reactome_2022
Reactome_2022,Signaling By RAF1 Mutants R-HSA-9656223,4/38,0.0023637383168342,0.1527834493881019,0,0,7.897610921501706,47.7608879788747,RAP1B;CNKSR2;MAPK1;HRAS,Reactome_2022
Reactome_2022,FCGR3A-mediated IL10 Synthesis R-HSA-9664323,4/38,0.0023637383168342,0.1527834493881019,0,0,7.897610921501706,47.7608879788747,PRKAR2B;ITPR3;FYN;PLCG1,Reactome_2022
Reactome_2022,Paradoxical Activation Of RAF Signaling By Kinase Inactive BRAF R-HSA-6802955,4/41,0.0031320644045163,0.1855748159675921,0,0,7.256157181071857,41.83945899177178,RAP1B;CNKSR2;MAPK1;HRAS,Reactome_2022
Reactome_2022,Signaling By MAPK Mutants R-HSA-9652817,2/7,0.0043935355727965,0.2278990107823559,0,0,26.70915254237288,144.96715740142128,MAPK1;DUSP9,Reactome_2022
Reactome_2022,Signaling By NTRK2 (TRKB) R-HSA-9006115,3/23,0.0046068807219084,0.2278990107823559,0,0,10.04234693877551,54.02987802126027,FYN;PLCG1;HRAS,Reactome_2022
Reactome_2022,Integration Of Energy Metabolism R-HSA-163685,6/105,0.0048079960080665,0.2278990107823559,0,0,4.082890763303134,21.792327017642908,CYSLTR2;PRKAR2B;CACNA1D;ITPR3;ADRA2C;GNG13,Reactome_2022
Reactome_2022,Regulation Of Insulin Secretion R-HSA-422356,5/77,0.0057750116457085,0.2408445315039513,0,0,4.668711948249619,24.063545182375552,PRKAR2B;CACNA1D;ITPR3;ADRA2C;GNG13,Reactome_2022
Reactome_2022,Signaling By EGFR R-HSA-177929,4/49,0.0059740112185103,0.2408445315039513,0,0,5.963746681835419,30.53639089298746,SH3GL3;PXDN;PLCG1;HRAS,Reactome_2022
Reactome_2022,Oncogenic MAPK Signaling R-HSA-6802957,5/78,0.0060973299114924,0.2408445315039513,0,0,4.604522424469882,23.482623818168936,CNKSR2;RAP1B;MAPK1;HRAS;DUSP9,Reactome_2022
Reactome_2022,"Adrenaline,noradrenaline Inhibits Insulin Secretion R-HSA-400042",3/28,0.0080694167325403,0.286867764841811,0,0,8.031836734693877,38.71083528748416,CACNA1D;ADRA2C;GNG13,Reactome_2022
Reactome_2022,DAP12 Signaling R-HSA-2424491,3/28,0.0080694167325403,0.286867764841811,0,0,8.031836734693877,38.71083528748416,FYN;PLCG1;HRAS,Reactome_2022
Reactome_2022,Activation Of AP-1 Family Of Transcription Factors R-HSA-450341,2/10,0.0091416889745102,0.2888853379173144,0,0,16.690677966101696,78.36123291363853,MAPK1;FOS,Reactome_2022
Reactome_2022,Signaling By FGFR4 In Disease R-HSA-5655291,2/10,0.0091416889745102,0.2888853379173144,0,0,16.690677966101696,78.36123291363853,PLCG1;HRAS,Reactome_2022
Reactome_2022,Fcgamma Receptor (FCGR) Dependent Phagocytosis R-HSA-2029480,5/87,0.0095867229036543,0.2888853379173144,0,0,4.097268626795857,19.041548572718547,MYO1E;MAPK1;ITPR3;FYN;PLCG1,Reactome_2022
Reactome_2022,Opioid Signaling R-HSA-111885,5/88,0.0100440883885519,0.2888853379173144,0,0,4.047697639874567,18.622530070460005,PRKAR2B;MAPK1;ITPR3;OPRM1;GNG13,Reactome_2022
Reactome_2022,NCAM Signaling For Neurite Out-Growth R-HSA-375165,4/57,0.010157712303703,0.2888853379173144,0,0,5.061497842745831,23.229855849747068,MAPK1;CACNA1D;FYN;HRAS,Reactome_2022
Reactome_2022,Glucagon Signaling In Metabolic Regulation R-HSA-163359,3/32,0.0116974977488405,0.2891808186590551,0,0,6.92258972554539,30.794311951659257,CYSLTR2;PRKAR2B;GNG13,Reactome_2022
Reactome_2022,Anti-inflammatory Response Favoring Leishmania Infection R-HSA-9662851,7/165,0.011805487938475,0.2891808186590551,0,0,2.9859231776516806,13.25508262835871,CYSLTR2;CALCR;PRKAR2B;ITPR3;FYN;PLCG1;GNG13,Reactome_2022
Reactome_2022,Leishmania Infection R-HSA-9658195,9/247,0.0118291769060111,0.2891808186590551,0,0,2.555803571428572,11.340576286576509,MYO1E;CYSLTR2;CALCR;PRKAR2B;MAPK1;ITPR3;FYN;PLCG1;GNG13,Reactome_2022
Reactome_2022,VEGFA-VEGFR2 Pathway R-HSA-4420097,5/93,0.0125564570631523,0.2891808186590551,0,0,3.816741905354919,16.707864936561162,PXDN;ITPR3;FYN;PLCG1;HRAS,Reactome_2022
Reactome_2022,Hemostasis R-HSA-109582,16/576,0.0126457718276149,0.2891808186590551,0,0,1.946415861718353,8.506678873047182,NANOS1;DOCK5;F12;ITPR3;F11R;CYRIB;ADRA2C;GNG13;RAP1B;PRKAR2B;HABP4;FLNA;MAPK1;FYN;PLCG1;HRAS,Reactome_2022
Reactome_2022,Fc Epsilon Receptor (FCERI) Signaling R-HSA-2454202,6/130,0.0131362428701459,0.2891808186590551,0,0,3.25557033588294,14.104368585121442,MAPK1;ITPR3;FYN;PLCG1;FOS;HRAS,Reactome_2022
Reactome_2022,PECAM1 Interactions R-HSA-210990,2/12,0.0131481080198668,0.2891808186590551,0,0,13.351186440677964,57.830362431461886,FYN;PLCG1,Reactome_2022
Reactome_2022,Signaling By BRAF And RAF1 Fusions R-HSA-6802952,4/62,0.0135453812927409,0.2891808186590551,0,0,4.623984935859715,19.89104063746612,CNKSR2;RAP1B;MAPK1;HRAS,Reactome_2022
Reactome_2022,"Platelet Activation, Signaling And Aggregation R-HSA-76002",9/254,0.0139811039017476,0.2891808186590551,0,0,2.481887755102041,10.597781290262184,RAP1B;HABP4;FLNA;MAPK1;ITPR3;FYN;CYRIB;ADRA2C;GNG13,Reactome_2022
Reactome_2022,Cellular Responses To Stimuli R-HSA-8953897,19/736,0.0142353426906707,0.2891808186590551,0,0,1.809768921264662,7.695187194232806,CDKN1A;SZT2;RPL36A;RPL35A;HIF3A;FOS;COX5B;HSPA12B;MT3;CREB3L1;H2BC21;BAG1;MAPK1;RPL38;RPS21;MEF2D;FNIP2;HSPA1B;FKBP5,Reactome_2022
Reactome_2022,"PTK6 Regulates RHO GTPases, RAS GTPase And MAP Kinases R-HSA-8849471",2/13,0.0153877282708395,0.3039076333490818,0,0,12.136825885978428,50.66135598750169,PXDN;HRAS,Reactome_2022
Reactome_2022,Constitutive Signaling By EGFRvIII R-HSA-5637810,2/14,0.0177781739975614,0.3249511497662773,0,0,11.124858757062148,44.83077508442057,PLCG1;HRAS,Reactome_2022
Reactome_2022,Signaling By VEGF R-HSA-194138,5/102,0.0180891806577259,0.3249511497662773,0,0,3.461022454455585,13.887149343567362,PXDN;ITPR3;FYN;PLCG1;HRAS,Reactome_2022
Reactome_2022,DAG And IP3 Signaling R-HSA-1489509,3/39,0.0199801766384338,0.3249511497662773,0,0,5.574546485260771,21.813282147763413,PRKAR2B;ITPR3;PLCG1,Reactome_2022
Reactome_2022,Signaling By FGFR3 R-HSA-5654741,3/39,0.0199801766384338,0.3249511497662773,0,0,5.574546485260771,21.813282147763413,MAPK1;PLCG1;HRAS,Reactome_2022
Reactome_2022,Signaling By Activin R-HSA-1502540,2/15,0.0203145031832484,0.3249511497662773,0,0,10.26857887874837,40.0106982249504,ACVR1C;MAPK1,Reactome_2022
Reactome_2022,Signaling By ERBB2 ECD Mutants R-HSA-9665348,2/15,0.0203145031832484,0.3249511497662773,0,0,10.26857887874837,40.0106982249504,PLCG1;HRAS,Reactome_2022
Reactome_2022,Signaling By FLT3 ITD And TKD Mutants R-HSA-9703648,2/15,0.0203145031832484,0.3249511497662773,0,0,10.26857887874837,40.0106982249504,CDKN1A;HRAS,Reactome_2022
Reactome_2022,Signaling By FGFR4 R-HSA-5654743,3/40,0.0213683473853255,0.3249511497662773,0,0,5.423607280750138,20.858350480522475,MAPK1;PLCG1;HRAS,Reactome_2022
Reactome_2022,Interleukin-4 And Interleukin-13 Signaling R-HSA-6785807,5/107,0.0217644226436538,0.3249511497662773,0,0,3.290525114155251,12.59441455970717,CDKN1A;FOS;OPRM1;PTGS2;SOCS5,Reactome_2022
Reactome_2022,ESR-mediated Signaling R-HSA-8939211,7/188,0.022524174081056,0.3249511497662773,0,0,2.6034292246142123,9.875239590315262,JUND;H2BC21;MAPK1;FOS;HRAS;FKBP5;GNG13,Reactome_2022
Reactome_2022,Negative Regulation Of MAPK Pathway R-HSA-5675221,3/41,0.0228080568394199,0.3249511497662773,0,0,5.280612244897959,19.96410145677297,MAPK1;HRAS;DUSP9,Reactome_2022
Reactome_2022,Cellular Responses To Stress R-HSA-2262752,18/722,0.0228908908559148,0.3249511497662773,0,0,1.7411107038123168,6.576203380910371,CDKN1A;SZT2;RPL36A;RPL35A;HIF3A;FOS;COX5B;HSPA12B;CREB3L1;H2BC21;BAG1;MAPK1;RPL38;RPS21;MEF2D;FNIP2;HSPA1B;FKBP5,Reactome_2022
Reactome_2022,Cell-extracellular Matrix Interactions R-HSA-446353,2/16,0.0229918864617598,0.3249511497662773,0,0,9.53462469733656,35.97045754832829,PXDN;FLNA,Reactome_2022
Reactome_2022,Signaling By NTRK3 (TRKC) R-HSA-9034015,2/16,0.0229918864617598,0.3249511497662773,0,0,9.53462469733656,35.97045754832829,PLCG1;HRAS,Reactome_2022
Reactome_2022,Extra-nuclear Estrogen Signaling R-HSA-9009391,4/73,0.023308732261716,0.3249511497662773,0,0,3.884651530889845,14.602122354194012,MAPK1;FOS;HRAS;GNG13,Reactome_2022
Reactome_2022,Glucagon-like Peptide-1 (GLP1) Regulates Insulin Secretion R-HSA-381676,3/42,0.0242993030404573,0.3322462396493307,0,0,5.144950287807431,19.125362860560195,PRKAR2B;ITPR3;GNG13,Reactome_2022
Reactome_2022,Gastrin-CREB Signaling Pathway Via PKC And MAPK R-HSA-881907,2/17,0.0258056048846204,0.3402536053112705,0,0,8.898531073446328,32.543383642146736,MAPK1;HRAS,Reactome_2022
Reactome_2022,DAP12 Interactions R-HSA-2172127,3/43,0.0258420459730078,0.3402536053112705,0,0,5.016071428571428,18.337515287369136,FYN;PLCG1;HRAS,Reactome_2022
Reactome_2022,Cellular Response To Starvation R-HSA-9711097,6/153,0.026908804189542,0.3478574505229886,0,0,2.7429693526895296,9.91666190819318,SZT2;RPL36A;RPL35A;RPL38;RPS21;FNIP2,Reactome_2022
Reactome_2022,Constitutive Signaling By Ligand-Responsive EGFR Cancer Variants R-HSA-1236382,2/18,0.02875104771008,0.3524481883080498,0,0,8.341949152542373,29.606253826802,PLCG1;HRAS,Reactome_2022
Reactome_2022,Signaling By FLT3 Fusion Proteins R-HSA-9703465,2/18,0.02875104771008,0.3524481883080498,0,0,8.341949152542373,29.606253826802,CDKN1A;HRAS,Reactome_2022
Reactome_2022,MECP2 Regulates Neuronal Receptors And Channels R-HSA-9022699,2/18,0.02875104771008,0.3524481883080498,0,0,8.341949152542373,29.606253826802,OPRM1;FKBP5,Reactome_2022
Reactome_2022,Biosynthesis Of Specialized Proresolving Mediators (SPMs) R-HSA-9018678,2/19,0.0318237102633425,0.3671700952756814,0,0,7.850847457627118,27.066139388033328,PTGR1;PTGS2,Reactome_2022
Reactome_2022,Signaling By KIT In Disease R-HSA-9669938,2/19,0.0318237102633425,0.3671700952756814,0,0,7.850847457627118,27.066139388033328,FYN;HRAS,Reactome_2022
Reactome_2022,PLC Beta Mediated Events R-HSA-112043,3/47,0.0325259360743925,0.3671700952756814,0,0,4.559137291280148,15.61831628896632,PRKAR2B;MAPK1;ITPR3,Reactome_2022
Reactome_2022,Regulation Of HSF1-mediated Heat Shock Response R-HSA-3371453,4/81,0.0325340590750603,0.3671700952756814,0,0,3.479632994991357,11.91937066479308,BAG1;MAPK1;HSPA12B;HSPA1B,Reactome_2022
Reactome_2022,Senescence-Associated Secretory Phenotype (SASP) R-HSA-2559582,4/81,0.0325340590750603,0.3671700952756814,0,0,3.479632994991357,11.91937066479308,CDKN1A;H2BC21;MAPK1;FOS,Reactome_2022
Reactome_2022,Cytokine Signaling In Immune System R-HSA-1280215,17/702,0.033677277493947,0.3727419647994431,0,0,1.6856412930135558,5.715894878586494,EGR1;CDKN1A;CTF1;FOS;OPRM1;IFIT1;PTGS2;RAP1B;PPM1B;FLNA;MAPK1;FYN;PLCG1;BRWD1;HRAS;IL12RB2;SOCS5,Reactome_2022
Reactome_2022,Signaling By Receptor Tyrosine Kinases R-HSA-9006934,13/496,0.0348754797222515,0.3727419647994431,0,0,1.8215087627212552,6.112931100260493,EGR1;SH3GL3;JUND;ITPR3;FOS;RAP1B;PXDN;MAPK1;FYN;PLCG1;HRAS;MEF2D;MXD4,Reactome_2022
Reactome_2022,CD209 (DC-SIGN) Signaling R-HSA-5621575,2/20,0.0350191918236849,0.3727419647994431,0,0,7.414312617702448,24.851730698558228,FYN;HRAS,Reactome_2022
Reactome_2022,Antiviral Mechanism By IFN-stimulated Genes R-HSA-1169410,4/83,0.0351294135135137,0.3727419647994431,0,0,3.391195403292003,11.356152027472168,PPM1B;FLNA;PLCG1;IFIT1,Reactome_2022
Reactome_2022,Signaling By ERBB2 R-HSA-1227986,3/49,0.0361732708455155,0.3727419647994431,0,0,4.3604702750665485,14.474296807324182,FYN;PLCG1;HRAS,Reactome_2022
Reactome_2022,Signaling By FGFR1 R-HSA-5654736,3/49,0.0361732708455155,0.3727419647994431,0,0,4.3604702750665485,14.474296807324182,MAPK1;PLCG1;HRAS,Reactome_2022
Reactome_2022,Signaling By ERBB2 TMD/JMD Mutants R-HSA-9665686,2/21,0.0383331935348982,0.3838718394832768,0,0,7.023728813559322,22.90746368347716,PLCG1;HRAS,Reactome_2022
Reactome_2022,Signaling By FGFR3 In Disease R-HSA-5655332,2/21,0.0383331935348982,0.3838718394832768,0,0,7.023728813559322,22.90746368347716,PLCG1;HRAS,Reactome_2022
Reactome_2022,Peptide Chain Elongation R-HSA-156902,4/86,0.0392413648039677,0.3875084774391811,0,0,3.2666278198618164,10.57741883536474,RPL36A;RPL35A;RPL38;RPS21,Reactome_2022
Reactome_2022,Signaling By NODAL R-HSA-1181150,2/22,0.0417615163779334,0.3910085907464308,0,0,6.672203389830509,21.189450243723243,ACVR1C;MAPK1,Reactome_2022
Reactome_2022,G-protein Mediated Events R-HSA-112040,3/52,0.0420205193033213,0.3910085907464308,0,0,4.092877967513536,12.972774648756952,PRKAR2B;MAPK1;ITPR3,Reactome_2022
Reactome_2022,Respiratory Electron Transport R-HSA-611105,4/90,0.0451334652047591,0.3910085907464308,0,0,3.114056671164378,9.647756397310443,NDUFS6;NDUFB1;UQCR11;COX5B,Reactome_2022
Reactome_2022,Selenocysteine Synthesis R-HSA-2408557,4/90,0.0451334652047591,0.3910085907464308,0,0,3.114056671164378,9.647756397310443,RPL36A;RPL35A;RPL38;RPS21,Reactome_2022
Reactome_2022,Eukaryotic Translation Elongation R-HSA-156842,4/90,0.0451334652047591,0.3910085907464308,0,0,3.114056671164378,9.647756397310443,RPL36A;RPL35A;RPL38;RPS21,Reactome_2022
Reactome_2022,Eukaryotic Translation Termination R-HSA-72764,4/90,0.0451334652047591,0.3910085907464308,0,0,3.114056671164378,9.647756397310443,RPL36A;RPL35A;RPL38;RPS21,Reactome_2022
Reactome_2022,Viral mRNA Translation R-HSA-192823,4/90,0.0451334652047591,0.3910085907464308,0,0,3.114056671164378,9.647756397310443,RPL36A;RPL35A;RPL38;RPS21,Reactome_2022
Reactome_2022,RAF-independent MAPK1/3 Activation R-HSA-112409,2/23,0.0453000591617324,0.3910085907464308,0,0,6.354156577885392,19.662600381866767,MAPK1;DUSP9,Reactome_2022
Reactome_2022,Class B/2 (Secretin Family Receptors) R-HSA-373080,4/92,0.048254868751358,0.3910085907464308,0,0,3.042972385975799,9.224036060954552,CYSLTR2;CALCR;WNT9A;GNG13,Reactome_2022
Reactome_2022,Nonsense Mediated Decay (NMD) Independent Of Exon Junction Complex (EJC) R-HSA-975956,4/92,0.048254868751358,0.3910085907464308,0,0,3.042972385975799,9.224036060954552,RPL36A;RPL35A;RPL38;RPS21,Reactome_2022
Reactome_2022,Signaling By ALK Fusions And Activated Point Mutants R-HSA-9725370,3/55,0.0483114713228252,0.3910085907464308,0,0,3.8561616954474096,11.684502511928372,PPM1B;MAPK1;PLCG1,Reactome_2022
Reactome_2022,Downstream Signaling Of Activated FGFR3 R-HSA-5654708,2/24,0.0489448165631959,0.3910085907464308,0,0,6.065023112480739,18.298549597853285,PLCG1;HRAS,Reactome_2022
Reactome_2022,Signaling By EGFR In Cancer R-HSA-1643713,2/24,0.0489448165631959,0.3910085907464308,0,0,6.065023112480739,18.298549597853285,PLCG1;HRAS,Reactome_2022
Reactome_2022,Signaling By ERBB2 KD Mutants R-HSA-9664565,2/24,0.0489448165631959,0.3910085907464308,0,0,6.065023112480739,18.298549597853285,PLCG1;HRAS,Reactome_2022
Reactome_2022,Signaling By Erythropoietin R-HSA-9006335,2/24,0.0489448165631959,0.3910085907464308,0,0,6.065023112480739,18.298549597853285,PLCG1;HRAS,Reactome_2022
Reactome_2022,Estrogen-dependent Nuclear Events Downstream Of ESR-membrane Signaling R-HSA-9634638,2/24,0.0489448165631959,0.3910085907464308,0,0,6.065023112480739,18.298549597853285,MAPK1;FOS,Reactome_2022
Reactome_2022,G-protein Activation R-HSA-202040,2/24,0.0489448165631959,0.3910085907464308,0,0,6.065023112480739,18.298549597853285,OPRM1;GNG13,Reactome_2022
Reactome_2022,Signaling By ERBB2 In Cancer R-HSA-1227990,2/25,0.0526918772123331,0.4162658299774315,0,0,5.8010316875460575,17.074141573596137,PLCG1;HRAS,Reactome_2022
Reactome_2022,Role Of Phospholipids In Phagocytosis R-HSA-2029485,2/26,0.0565374217750985,0.4299965972203295,0,0,5.559039548022599,15.970300817523182,ITPR3;PLCG1,Reactome_2022
Reactome_2022,Downstream Signaling Of Activated FGFR4 R-HSA-5654716,2/26,0.0565374217750985,0.4299965972203295,0,0,5.559039548022599,15.970300817523182,PLCG1;HRAS,Reactome_2022
Reactome_2022,B-WICH Complex Positively Regulates rRNA Expression R-HSA-5250924,3/59,0.0573712186726721,0.4299965972203295,0,0,3.5799927113702625,10.232379982919785,MYO1E;H2BC21;BAZ1B,Reactome_2022
Reactome_2022,Response Of EIF2AK4 (GCN2) To Amino Acid Deficiency R-HSA-9633012,4/98,0.0583161939649828,0.4299965972203295,0,0,2.8478687096071456,8.093288183877737,RPL36A;RPL35A;RPL38;RPS21,Reactome_2022
Reactome_2022,Formation Of A Pool Of Free 40S Subunits R-HSA-72689,4/98,0.0583161939649828,0.4299965972203295,0,0,2.8478687096071456,8.093288183877737,RPL36A;RPL35A;RPL38;RPS21,Reactome_2022
Reactome_2022,Recruitment And ATM-mediated Phosphorylation Of Repair And Signal Proteins At DNA Double Strand Breaks R-HSA-5693565,3/60,0.0597531202195316,0.4299965972203295,0,0,3.517006802721089,9.90928578166106,EYA1;H2BC21;BAZ1B,Reactome_2022
Reactome_2022,FCGR3A-mediated Phagocytosis R-HSA-9664422,3/60,0.0597531202195316,0.4299965972203295,0,0,3.517006802721089,9.90928578166106,MYO1E;MAPK1;FYN,Reactome_2022
Reactome_2022,Cellular Response To Heat Stress R-HSA-3371556,4/99,0.0600939578141699,0.4299965972203295,0,0,2.8177474402730374,7.923071807044376,BAG1;MAPK1;HSPA12B;HSPA1B,Reactome_2022
Reactome_2022,CREB1 Phosphorylation Thru NMDA Receptor-Mediated Activation Of RAS Signaling R-HSA-442742,2/27,0.0604777211280351,0.4299965972203295,0,0,5.336406779661017,14.971183706673964,MAPK1;HRAS,Reactome_2022
Reactome_2022,FLT3 Signaling In Disease R-HSA-9682385,2/27,0.0604777211280351,0.4299965972203295,0,0,5.336406779661017,14.971183706673964,CDKN1A;HRAS,Reactome_2022
Reactome_2022,Post NMDA Receptor Activation Events R-HSA-438064,3/61,0.0621808261618619,0.4334369353047434,0,0,3.456192821956369,9.600296482718772,PRKAR2B;MAPK1;HRAS,Reactome_2022
Reactome_2022,DNA Double Strand Break Response R-HSA-5693606,3/61,0.0621808261618619,0.4334369353047434,0,0,3.456192821956369,9.600296482718772,EYA1;H2BC21;BAZ1B,Reactome_2022
Reactome_2022,Downstream Signal Transduction R-HSA-186763,2/28,0.0645091345121922,0.4453009188171716,0,0,5.13089960886571,14.06353130367151,PLCG1;HRAS,Reactome_2022
Reactome_2022,Signaling By MET R-HSA-6806834,3/63,0.0671715604866841,0.4592209567887733,0,0,3.3406462585034014,9.021433020298236,RAP1B;SH3GL3;HRAS,Reactome_2022
Reactome_2022,Downstream Signaling Of Activated FGFR2 R-HSA-5654696,2/29,0.0686281077548068,0.4592709797655011,0,0,4.9406151914626495,13.236170415609896,PLCG1;HRAS,Reactome_2022
Reactome_2022,FCERI Mediated Ca+2 Mobilization R-HSA-2871809,2/29,0.0686281077548068,0.4592709797655011,0,0,4.9406151914626495,13.236170415609896,ITPR3;PLCG1,Reactome_2022
Reactome_2022,Reelin Signaling Pathway R-HSA-8866376,1/5,0.0720839991361056,0.4592709797655011,0,0,16.63766891891892,43.75579123938747,FYN,Reactome_2022
Reactome_2022,TFAP2 (AP-2) Family Regulates Transcription Of Cell Cycle Factors R-HSA-8866911,1/5,0.0720839991361056,0.4592709797655011,0,0,16.63766891891892,43.75579123938747,CDKN1A,Reactome_2022
Reactome_2022,Leukotriene Receptors R-HSA-391906,1/5,0.0720839991361056,0.4592709797655011,0,0,16.63766891891892,43.75579123938747,CYSLTR2,Reactome_2022
Reactome_2022,Downstream Signaling Of Activated FGFR1 R-HSA-5654687,2/30,0.0728311715138091,0.4592709797655011,0,0,4.763922518159807,12.479624952611555,PLCG1;HRAS,Reactome_2022
Reactome_2022,MAPK Targets/ Nuclear Events Mediated By MAP Kinases R-HSA-450282,2/30,0.0728311715138091,0.4592709797655011,0,0,4.763922518159807,12.479624952611555,MAPK1;FOS,Reactome_2022
Reactome_2022,Signaling By Interleukins R-HSA-449147,11/453,0.0764103526835922,0.4592709797655011,0,0,1.6760355029585798,4.310155056291219,RAP1B;CDKN1A;CTF1;MAPK1;FYN;FOS;OPRM1;PTGS2;BRWD1;IL12RB2;SOCS5,Reactome_2022
Reactome_2022,Antigen Activates B Cell Receptor Leading To Second Messenger Generation R-HSA-983695,2/31,0.077114939568385,0.4592709797655011,0,0,4.599415546464056,11.78581030514412,ITPR3;FYN,Reactome_2022
Reactome_2022,Nicotinate Metabolism R-HSA-196807,2/31,0.077114939568385,0.4592709797655011,0,0,4.599415546464056,11.78581030514412,NADK2;PTGS2,Reactome_2022
Reactome_2022,SRP-dependent Cotranslational Protein Targeting To Membrane R-HSA-1799339,4/108,0.0773636390381624,0.4592709797655011,0,0,2.57272249934366,6.584210183628601,RPL36A;RPL35A;RPL38;RPS21,Reactome_2022
Reactome_2022,L13a-mediated Translational Silencing Of Ceruloplasmin Expression R-HSA-156827,4/108,0.0773636390381624,0.4592709797655011,0,0,2.57272249934366,6.584210183628601,RPL36A;RPL35A;RPL38;RPS21,Reactome_2022
Reactome_2022,G Alpha (S) Signaling Events R-HSA-418555,5/153,0.0782729600729311,0.4592709797655011,0,0,2.262472232506479,5.763768088812555,CYSLTR2;CALCR;PRKAR2B;PDE3A;GNG13,Reactome_2022
Reactome_2022,GTP Hydrolysis And Joining Of 60S Ribosomal Subunit R-HSA-72706,4/109,0.0794208931983685,0.4592709797655011,0,0,2.548090362424833,6.454297107253641,RPL36A;RPL35A;RPL38;RPS21,Reactome_2022
Reactome_2022,Thrombin Signaling Thru Proteinase Activated Receptors (PARs) R-HSA-456926,2/32,0.0814761071134711,0.4592709797655011,0,0,4.445875706214689,11.147790881806404,MAPK1;GNG13,Reactome_2022
Reactome_2022,"Respiratory Electron Transport, ATP Synthesis By Chemiosmotic Coupling, Heat Production By Uncoupling Proteins R-HSA-163200",4/112,0.0857542703311615,0.4592709797655011,0,0,2.4769308557704464,6.084009453063413,NDUFS6;NDUFB1;UQCR11;COX5B,Reactome_2022
Reactome_2022,Nonsense Mediated Decay (NMD) Enhanced By Exon Junction Complex (EJC) R-HSA-975957,4/112,0.0857542703311615,0.4592709797655011,0,0,2.4769308557704464,6.084009453063413,RPL36A;RPL35A;RPL38;RPS21,Reactome_2022
Reactome_2022,Activated NTRK2 Signals Thru FYN R-HSA-9032500,1/6,0.0858669719166811,0.4592709797655011,0,0,13.30945945945946,32.67413760292951,FYN,Reactome_2022
Reactome_2022,RAS Signaling Downstream Of NF1 Loss-Of-Function Variants R-HSA-6802953,1/6,0.0858669719166811,0.4592709797655011,0,0,13.30945945945946,32.67413760292951,HRAS,Reactome_2022
Reactome_2022,Biosynthesis Of EPA-derived SPMs R-HSA-9018679,1/6,0.0858669719166811,0.4592709797655011,0,0,13.30945945945946,32.67413760292951,PTGS2,Reactome_2022
Reactome_2022,SMAD2/3 Phosphorylation Motif Mutants In Cancer R-HSA-3304356,1/6,0.0858669719166811,0.4592709797655011,0,0,13.30945945945946,32.67413760292951,ZFYVE9,Reactome_2022
Reactome_2022,SOS-mediated Signaling R-HSA-112412,1/6,0.0858669719166811,0.4592709797655011,0,0,13.30945945945946,32.67413760292951,HRAS,Reactome_2022
Reactome_2022,FLT3 Signaling Thru SRC Family Kinases R-HSA-9706374,1/6,0.0858669719166811,0.4592709797655011,0,0,13.30945945945946,32.67413760292951,FYN,Reactome_2022
Reactome_2022,Suppression Of Apoptosis R-HSA-9635465,1/6,0.0858669719166811,0.4592709797655011,0,0,13.30945945945946,32.67413760292951,MAPK1,Reactome_2022
Reactome_2022,Synthesis Of 15-Eicosatetraenoic Acid Derivatives R-HSA-2142770,1/6,0.0858669719166811,0.4592709797655011,0,0,13.30945945945946,32.67413760292951,PTGS2,Reactome_2022
Reactome_2022,Synthesis Of Lipoxins (LX) R-HSA-2142700,1/6,0.0858669719166811,0.4592709797655011,0,0,13.30945945945946,32.67413760292951,PTGR1,Reactome_2022
Reactome_2022,Negative Feedback Regulation Of MAPK Pathway R-HSA-5674499,1/6,0.0858669719166811,0.4592709797655011,0,0,13.30945945945946,32.67413760292951,MAPK1,Reactome_2022
Reactome_2022,Signaling To ERKs R-HSA-187687,2/33,0.0859114490981879,0.4592709797655011,0,0,4.3022416621104425,10.559586172885274,MAPK1;HRAS,Reactome_2022
Reactome_2022,Glucagon-type Ligand Receptors R-HSA-420092,2/33,0.0859114490981879,0.4592709797655011,0,0,4.3022416621104425,10.559586172885274,CYSLTR2;GNG13,Reactome_2022
Reactome_2022,Selenoamino Acid Metabolism R-HSA-2408522,4/114,0.0901092346162372,0.4691254925493527,0,0,2.431647533354018,5.852325455045553,RPL36A;RPL35A;RPL38;RPS21,Reactome_2022
Reactome_2022,EPHB-mediated Forward Signaling R-HSA-3928662,2/34,0.0904178186133482,0.4691254925493527,0,0,4.167584745762712,10.016014442492637,FYN;HRAS,Reactome_2022
Reactome_2022,Signaling By FGFR2 R-HSA-5654738,3/72,0.0917507513943108,0.4691254925493527,0,0,2.9035788228334813,6.935719508345233,MAPK1;PLCG1;HRAS,Reactome_2022
Reactome_2022,Signaling By Nuclear Receptors R-HSA-9006931,7/260,0.0937878138560188,0.4691254925493527,0,0,1.855663077552133,4.391835564038328,JUND;H2BC21;MAPK1;FOS;HRAS;GNG13;FKBP5,Reactome_2022
Reactome_2022,Cap-dependent Translation Initiation R-HSA-72737,4/116,0.0945684216369616,0.4691254925493527,0,0,2.3879814724524624,5.631891127194496,RPL36A;RPL35A;RPL38;RPS21,Reactome_2022
Reactome_2022,Ca-dependent Events R-HSA-111996,2/35,0.0949921452806694,0.4691254925493527,0,0,4.0410888546481765,9.51256585256114,PRKAR2B;MAPK1,Reactome_2022
Reactome_2022,Activation Of NMDA Receptors And Postsynaptic Events R-HSA-442755,3/74,0.0976553453996057,0.4691254925493527,0,0,2.8215004311583787,6.563687158722263,PRKAR2B;MAPK1;HRAS,Reactome_2022
Reactome_2022,Positive Epigenetic Regulation Of rRNA Expression R-HSA-5250913,3/74,0.0976553453996057,0.4691254925493527,0,0,2.8215004311583787,6.563687158722263,MYO1E;H2BC21;BAZ1B,Reactome_2022
Reactome_2022,Activated NTRK2 Signals Thru RAS R-HSA-9026519,1/7,0.0994458977149,0.4691254925493527,0,0,11.090653153153154,25.598797073929436,HRAS,Reactome_2022
Reactome_2022,Activated NTRK3 Signals Thru RAS R-HSA-9034864,1/7,0.0994458977149,0.4691254925493527,0,0,11.090653153153154,25.598797073929436,HRAS,Reactome_2022
Reactome_2022,RSK Activation R-HSA-444257,1/7,0.0994458977149,0.4691254925493527,0,0,11.090653153153154,25.598797073929436,MAPK1,Reactome_2022
Reactome_2022,RUNX3 Regulates CDKN1A Transcription R-HSA-8941855,1/7,0.0994458977149,0.4691254925493527,0,0,11.090653153153154,25.598797073929436,CDKN1A,Reactome_2022
Reactome_2022,Erythropoietin Activates Phospholipase C Gamma (PLCG) R-HSA-9027277,1/7,0.0994458977149,0.4691254925493527,0,0,11.090653153153154,25.598797073929436,PLCG1,Reactome_2022
Reactome_2022,LTC4-CYSLTR Mediated IL4 Production R-HSA-9664535,1/7,0.0994458977149,0.4691254925493527,0,0,11.090653153153154,25.598797073929436,CYSLTR2,Reactome_2022
Reactome_2022,Loss Of Function Of SMAD2/3 In Cancer R-HSA-3304349,1/7,0.0994458977149,0.4691254925493527,0,0,11.090653153153154,25.598797073929436,ZFYVE9,Reactome_2022
Reactome_2022,Loss Of Function Of TGFBR1 In Cancer R-HSA-3656534,1/7,0.0994458977149,0.4691254925493527,0,0,11.090653153153154,25.598797073929436,ZFYVE9,Reactome_2022
Reactome_2022,Platelet Aggregation (Plug Formation) R-HSA-76009,2/36,0.0996314337200453,0.4691254925493527,0,0,3.922033898305085,9.04529878719821,RAP1B;ADRA2C,Reactome_2022
Reactome_2022,Signaling By FGFR1 In Disease R-HSA-5655302,2/36,0.0996314337200453,0.4691254925493527,0,0,3.922033898305085,9.04529878719821,PLCG1;HRAS,Reactome_2022
Reactome_2022,ISG15 Antiviral Mechanism R-HSA-1169408,3/75,0.1006641867509793,0.4706551393107204,0,0,2.7821712018140587,6.387768219473754,PPM1B;PLCG1;IFIT1,Reactome_2022
Reactome_2022,Signaling By TGFB Family Members R-HSA-9006936,4/119,0.1014487205194391,0.4706551393107204,0,0,2.3253301676806646,5.320824732769012,ACVR1C;ZFYVE9;MAPK1;F11R,Reactome_2022
Reactome_2022,Diseases Of Signal Transduction By Growth Factor Receptors And Second Messengers R-HSA-5663202,10/424,0.1019421820729267,0.4706551393107204,0,0,1.6234072278610985,3.706806031441251,CNKSR2;RAP1B;CDKN1A;PPM1B;ZFYVE9;MAPK1;FYN;PLCG1;HRAS;DUSP9,Reactome_2022
Reactome_2022,Cell-Cell Communication R-HSA-1500931,4/120,0.1037922914521673,0.4755166266573472,0,0,2.305166529363305,5.222040288717692,PXDN;FLNA;FYN;F11R,Reactome_2022
Reactome_2022,FLT3 Signaling R-HSA-9607240,2/37,0.1043327619670129,0.4755166266573472,0,0,3.809782082324455,8.61075461079646,FYN;HRAS,Reactome_2022
Reactome_2022,HSP90 Chaperone Cycle For Steroid Hormone Receptors (SHR) In Presence Of Ligand R-HSA-3371497,2/38,0.1090932799923998,0.489132392275206,0,0,3.7037664783427497,8.205887165575705,HSPA1B;FKBP5,Reactome_2022
Reactome_2022,CREB3 Factors Activate Genes R-HSA-8874211,1/8,0.1128237866851389,0.489132392275206,0,0,9.505791505791503,20.740953478322734,CREB3L1,Reactome_2022
Reactome_2022,Regulation Of Cytoskeletal Remodeling And Cell Spreading By IPP Complex Components R-HSA-446388,1/8,0.1128237866851389,0.489132392275206,0,0,9.505791505791503,20.740953478322734,PXDN,Reactome_2022
Reactome_2022,DNA Damage Reversal R-HSA-73942,1/8,0.1128237866851389,0.489132392275206,0,0,9.505791505791503,20.740953478322734,MGMT,Reactome_2022
Reactome_2022,SHC-related Events Triggered By IGF1R R-HSA-2428933,1/8,0.1128237866851389,0.489132392275206,0,0,9.505791505791503,20.740953478322734,HRAS,Reactome_2022
Reactome_2022,EGFR Transactivation By Gastrin R-HSA-2179392,1/8,0.1128237866851389,0.489132392275206,0,0,9.505791505791503,20.740953478322734,HRAS,Reactome_2022
Reactome_2022,Signaling By TGF-beta Receptor Complex In Cancer R-HSA-3304351,1/8,0.1128237866851389,0.489132392275206,0,0,9.505791505791503,20.740953478322734,ZFYVE9,Reactome_2022
Reactome_2022,Nef And Signal Transduction R-HSA-164944,1/8,0.1128237866851389,0.489132392275206,0,0,9.505791505791503,20.740953478322734,FYN,Reactome_2022
Reactome_2022,"Sensory Perception Of Sweet, Bitter, And Umami (Glutamate) Taste R-HSA-9717207",2/41,0.1237025204207087,0.5123365650526213,0,0,3.4183398522381574,7.143905133527414,ITPR3;GNG13,Reactome_2022
Reactome_2022,OAS Antiviral Response R-HSA-8983711,1/9,0.1260036048961789,0.5123365650526213,0,0,8.31714527027027,17.228507006165213,FLNA,Reactome_2022
Reactome_2022,Activated NTRK2 Signals Thru FRS2 And FRS3 R-HSA-9028731,1/9,0.1260036048961789,0.5123365650526213,0,0,8.31714527027027,17.228507006165213,HRAS,Reactome_2022
Reactome_2022,Adrenoceptors R-HSA-390696,1/9,0.1260036048961789,0.5123365650526213,0,0,8.31714527027027,17.228507006165213,ADRA2C,Reactome_2022
Reactome_2022,EGFR Interacts With Phospholipase C-gamma R-HSA-212718,1/9,0.1260036048961789,0.5123365650526213,0,0,8.31714527027027,17.228507006165213,PLCG1,Reactome_2022
Reactome_2022,GP1b-IX-V Activation Signaling R-HSA-430116,1/9,0.1260036048961789,0.5123365650526213,0,0,8.31714527027027,17.228507006165213,FLNA,Reactome_2022
Reactome_2022,MAPK1 (ERK2) Activation R-HSA-112411,1/9,0.1260036048961789,0.5123365650526213,0,0,8.31714527027027,17.228507006165213,MAPK1,Reactome_2022
Reactome_2022,MET Activates RAS Signaling R-HSA-8851805,1/9,0.1260036048961789,0.5123365650526213,0,0,8.31714527027027,17.228507006165213,HRAS,Reactome_2022
Reactome_2022,Multifunctional Anion Exchangers R-HSA-427601,1/9,0.1260036048961789,0.5123365650526213,0,0,8.31714527027027,17.228507006165213,SLC26A6,Reactome_2022
Reactome_2022,Platelet Homeostasis R-HSA-418346,3/83,0.126004308869065,0.5123365650526213,0,0,2.502933673469388,5.184674864256468,NANOS1;ITPR3;GNG13,Reactome_2022
Reactome_2022,Signaling By FGFR2 In Disease R-HSA-5655253,2/42,0.1286726845557973,0.5123365650526213,0,0,3.33271186440678,6.833670448665363,PLCG1;HRAS,Reactome_2022
Reactome_2022,Signaling By SCF-KIT R-HSA-1433557,2/42,0.1286726845557973,0.5123365650526213,0,0,3.33271186440678,6.833670448665363,FYN;HRAS,Reactome_2022
Reactome_2022,Vasopressin Regulates Renal Water Homeostasis Via Aquaporins R-HSA-432040,2/42,0.1286726845557973,0.5123365650526213,0,0,3.33271186440678,6.833670448665363,PRKAR2B;GNG13,Reactome_2022
Reactome_2022,ADORA2B Mediated Anti-Inflammatory Cytokine Production R-HSA-9660821,4/131,0.1311425539662729,0.5123365650526213,0,0,2.1043239902179462,4.274871791287759,CYSLTR2;CALCR;PRKAR2B;GNG13,Reactome_2022
Reactome_2022,GPER1 Signaling R-HSA-9634597,2/43,0.133688816402019,0.5123365650526213,0,0,3.251260851591567,6.5423185838859625,PRKAR2B;GNG13,Reactome_2022
Reactome_2022,Cell Junction Organization R-HSA-446728,3/86,0.1360439925129581,0.5123365650526213,0,0,2.412097369068109,4.811596284091443,PXDN;FLNA;F11R,Reactome_2022
Reactome_2022,Signaling By FGFR R-HSA-190236,3/86,0.1360439925129581,0.5123365650526213,0,0,2.412097369068109,4.811596284091443,MAPK1;PLCG1;HRAS,Reactome_2022
Reactome_2022,Interleukin-12 Signaling R-HSA-9020591,2/44,0.1387484673544144,0.5123365650526213,0,0,3.173688458434221,6.268328501717036,RAP1B;IL12RB2,Reactome_2022
Reactome_2022,Organic Cation Transport R-HSA-549127,1/10,0.1389882749155145,0.5123365650526213,0,0,7.392642642642643,14.58838744208992,SLC22A15,Reactome_2022
Reactome_2022,Bicarbonate Transporters R-HSA-425381,1/10,0.1389882749155145,0.5123365650526213,0,0,7.392642642642643,14.58838744208992,SLC4A7,Reactome_2022
Reactome_2022,Calcitonin-like Ligand Receptors R-HSA-419812,1/10,0.1389882749155145,0.5123365650526213,0,0,7.392642642642643,14.58838744208992,CALCR,Reactome_2022
Reactome_2022,Constitutive Signaling By Overexpressed ERBB2 R-HSA-9634285,1/10,0.1389882749155145,0.5123365650526213,0,0,7.392642642642643,14.58838744208992,HRAS,Reactome_2022
Reactome_2022,Crosslinking Of Collagen Fibrils R-HSA-2243919,1/10,0.1389882749155145,0.5123365650526213,0,0,7.392642642642643,14.58838744208992,PXDN,Reactome_2022
Reactome_2022,Role Of Second Messengers In Netrin-1 Signaling R-HSA-418890,1/10,0.1389882749155145,0.5123365650526213,0,0,7.392642642642643,14.58838744208992,PLCG1,Reactome_2022
Reactome_2022,SLBP Independent Processing Of Histone Pre-mRNAs R-HSA-111367,1/10,0.1389882749155145,0.5123365650526213,0,0,7.392642642642643,14.58838744208992,SNRPF,Reactome_2022
Reactome_2022,STAT5 Activation Downstream Of FLT3 ITD Mutants R-HSA-9702518,1/10,0.1389882749155145,0.5123365650526213,0,0,7.392642642642643,14.58838744208992,CDKN1A,Reactome_2022
Reactome_2022,Signal Attenuation R-HSA-74749,1/10,0.1389882749155145,0.5123365650526213,0,0,7.392642642642643,14.58838744208992,MAPK1,Reactome_2022
Reactome_2022,Synthesis Of Pyrophosphates In Cytosol R-HSA-1855167,1/10,0.1389882749155145,0.5123365650526213,0,0,7.392642642642643,14.58838744208992,NUDT3,Reactome_2022
Reactome_2022,Cell Surface Interactions At Vascular Wall R-HSA-202733,4/134,0.1390730760269422,0.5123365650526213,0,0,2.055447624048307,4.05489613393319,FYN;PLCG1;F11R;HRAS,Reactome_2022
Reactome_2022,Neddylation R-HSA-8951664,6/237,0.1422935315481732,0.5194848156118252,0,0,1.7380282947293255,3.388917466960241,WSB2;ZBTB16;HIF3A;DCAF10;FBXO32;SOCS5,Reactome_2022
Reactome_2022,Influenza Viral RNA Transcription And Replication R-HSA-168273,4/137,0.1471909871357838,0.5194848156118252,0,0,2.008776206728425,3.8488640319001584,RPL36A;RPL35A;RPL38;RPS21,Reactome_2022
Reactome_2022,Axon Guidance R-HSA-422475,11/519,0.1517759298617509,0.5194848156118252,0,0,1.4532858873410055,2.739952535205826,SEMA6A;EPHA10;RPL36A;MAPK1;RPL35A;RPL38;CACNA1D;FYN;PLCG1;RPS21;HRAS,Reactome_2022
Reactome_2022,CLEC7A (Dectin-1) Induces NFAT Activation R-HSA-5607763,1/11,0.1517806764271846,0.5194848156118252,0,0,6.65304054054054,12.543101865269112,ITPR3,Reactome_2022
Reactome_2022,Regulation Of Gene Expression By Hypoxia-inducible Factor R-HSA-1234158,1/11,0.1517806764271846,0.5194848156118252,0,0,6.65304054054054,12.543101865269112,HIF3A,Reactome_2022
Reactome_2022,Regulation Of Signaling By NODAL R-HSA-1433617,1/11,0.1517806764271846,0.5194848156118252,0,0,6.65304054054054,12.543101865269112,ACVR1C,Reactome_2022
Reactome_2022,SLBP Dependent Processing Of Replication-Dependent Histone Pre-mRNAs R-HSA-77588,1/11,0.1517806764271846,0.5194848156118252,0,0,6.65304054054054,12.543101865269112,SNRPF,Reactome_2022
Reactome_2022,Endosomal/Vacuolar Pathway R-HSA-1236977,1/11,0.1517806764271846,0.5194848156118252,0,0,6.65304054054054,12.543101865269112,LNPEP,Reactome_2022
Reactome_2022,Signaling By PDGFRA Extracellular Domain Mutants R-HSA-9673770,1/11,0.1517806764271846,0.5194848156118252,0,0,6.65304054054054,12.543101865269112,HRAS,Reactome_2022
Reactome_2022,Formation Of Apoptosome R-HSA-111458,1/11,0.1517806764271846,0.5194848156118252,0,0,6.65304054054054,12.543101865269112,MAPK1,Reactome_2022
Reactome_2022,Unwinding Of DNA R-HSA-176974,1/11,0.1517806764271846,0.5194848156118252,0,0,6.65304054054054,12.543101865269112,CDC45,Reactome_2022
Reactome_2022,MET Activates RAP1 And RAC1 R-HSA-8875555,1/11,0.1517806764271846,0.5194848156118252,0,0,6.65304054054054,12.543101865269112,RAP1B,Reactome_2022
Reactome_2022,Metallothioneins Bind Metals R-HSA-5661231,1/11,0.1517806764271846,0.5194848156118252,0,0,6.65304054054054,12.543101865269112,MT3,Reactome_2022
Reactome_2022,EPH-Ephrin Signaling R-HSA-2682334,3/91,0.1533548392322059,0.5194848156118252,0,0,2.274466604823748,4.264626776718776,EPHA10;FYN;HRAS,Reactome_2022
Reactome_2022,Signaling By TGF-beta Receptor Complex R-HSA-170834,3/91,0.1533548392322059,0.5194848156118252,0,0,2.274466604823748,4.264626776718776,ZFYVE9;MAPK1;F11R,Reactome_2022
Reactome_2022,SARS-CoV-2 Modulates Host Translation Machinery R-HSA-9754678,2/47,0.1541649734094164,0.5194848156118252,0,0,2.9616572504708096,5.537505316610555,SNRPF;RPS21,Reactome_2022
Reactome_2022,Sensory Perception Of Taste R-HSA-9717189,2/47,0.1541649734094164,0.5194848156118252,0,0,2.9616572504708096,5.537505316610555,ITPR3;GNG13,Reactome_2022
Reactome_2022,G Alpha (Z) Signaling Events R-HSA-418597,2/47,0.1541649734094164,0.5194848156118252,0,0,2.9616572504708096,5.537505316610555,ADRA2C;GNG13,Reactome_2022
Reactome_2022,Inositol Phosphate Metabolism R-HSA-1483249,2/48,0.1593754384561273,0.5248585618960615,0,0,2.897126013264554,5.320550519323724,PLCG1;NUDT3,Reactome_2022
Reactome_2022,Oxidative Stress Induced Senescence R-HSA-2559580,3/93,0.1604654788702736,0.5248585618960615,0,0,2.2236961451247166,4.068644456385784,H2BC21;MAPK1;FOS,Reactome_2022
Reactome_2022,ALK Mutants Bind TKIs R-HSA-9700645,1/12,0.1643836467653726,0.5248585618960615,0,0,6.047911547911548,10.919820445487462,PPM1B,Reactome_2022
Reactome_2022,Platelet Adhesion To Exposed Collagen R-HSA-75892,1/12,0.1643836467653726,0.5248585618960615,0,0,6.047911547911548,10.919820445487462,FYN,Reactome_2022
Reactome_2022,CD28 Dependent Vav1 Pathway R-HSA-389359,1/12,0.1643836467653726,0.5248585618960615,0,0,6.047911547911548,10.919820445487462,FYN,Reactome_2022
Reactome_2022,CREB1 Phosphorylation Thru Activation Of Adenylate Cyclase R-HSA-442720,1/12,0.1643836467653726,0.5248585618960615,0,0,6.047911547911548,10.919820445487462,PRKAR2B,Reactome_2022
Reactome_2022,Frs2-mediated Activation R-HSA-170968,1/12,0.1643836467653726,0.5248585618960615,0,0,6.047911547911548,10.919820445487462,MAPK1,Reactome_2022
Reactome_2022,GRB2 Events In EGFR Signaling R-HSA-179812,1/12,0.1643836467653726,0.5248585618960615,0,0,6.047911547911548,10.919820445487462,HRAS,Reactome_2022
Reactome_2022,Interleukin-35 Signaling R-HSA-8984722,1/12,0.1643836467653726,0.5248585618960615,0,0,6.047911547911548,10.919820445487462,IL12RB2,Reactome_2022
Reactome_2022,p38MAPK Events R-HSA-171007,1/12,0.1643836467653726,0.5248585618960615,0,0,6.047911547911548,10.919820445487462,HRAS,Reactome_2022
Reactome_2022,EPH-ephrin Mediated Repulsion Of Cells R-HSA-3928665,2/49,0.164618086220565,0.5248585618960615,0,0,2.835340786152181,5.115315198069341,EPHA10;FYN,Reactome_2022
Reactome_2022,Netrin-1 Signaling R-HSA-373752,2/49,0.164618086220565,0.5248585618960615,0,0,2.835340786152181,5.115315198069341,FYN;PLCG1,Reactome_2022
Reactome_2022,Aquaporin-mediated Transport R-HSA-445717,2/50,0.1698908219814068,0.5256269368041747,0,0,2.776129943502825,4.920965916510137,PRKAR2B;GNG13,Reactome_2022
Reactome_2022,Ion Homeostasis R-HSA-5578775,2/50,0.1698908219814068,0.5256269368041747,0,0,2.776129943502825,4.920965916510137,NANOS1;ITPR3,Reactome_2022
Reactome_2022,Intracellular Signaling By Second Messengers R-HSA-9006925,7/306,0.1717348503191159,0.5256269368041747,0,0,1.566462922384961,2.7597999525126293,EGR1;CDKN1A;PRKAR2B;MAPK1;ITPR3;FYN;PLCG1,Reactome_2022
Reactome_2022,Complex I Biogenesis R-HSA-6799198,2/51,0.1751916057792945,0.5256269368041747,0,0,2.719335869941197,4.736743206106594,NDUFS6;NDUFB1,Reactome_2022
Reactome_2022,Translocation Of SLC2A4 (GLUT4) To Plasma Membrane R-HSA-1445148,2/51,0.1751916057792945,0.5256269368041747,0,0,2.719335869941197,4.736743206106594,MYO1E;LNPEP,Reactome_2022
Reactome_2022,Phospholipase C-mediated Cascade; FGFR3 R-HSA-5654227,1/13,0.1767999816212336,0.5256269368041747,0,0,5.543637387387387,9.605661362247778,PLCG1,Reactome_2022
Reactome_2022,Advanced Glycosylation Endproduct Receptor Signaling R-HSA-879415,1/13,0.1767999816212336,0.5256269368041747,0,0,5.543637387387387,9.605661362247778,MAPK1,Reactome_2022
Reactome_2022,Cytochrome C-Mediated Apoptotic Response R-HSA-111461,1/13,0.1767999816212336,0.5256269368041747,0,0,5.543637387387387,9.605661362247778,MAPK1,Reactome_2022
Reactome_2022,SHC1 Events In EGFR Signaling R-HSA-180336,1/13,0.1767999816212336,0.5256269368041747,0,0,5.543637387387387,9.605661362247778,HRAS,Reactome_2022
Reactome_2022,SHC1 Events In ERBB4 Signaling R-HSA-1250347,1/13,0.1767999816212336,0.5256269368041747,0,0,5.543637387387387,9.605661362247778,HRAS,Reactome_2022
Reactome_2022,ERKs Are Inactivated R-HSA-202670,1/13,0.1767999816212336,0.5256269368041747,0,0,5.543637387387387,9.605661362247778,MAPK1,Reactome_2022
Reactome_2022,Erythropoietin Activates RAS R-HSA-9027284,1/13,0.1767999816212336,0.5256269368041747,0,0,5.543637387387387,9.605661362247778,HRAS,Reactome_2022
Reactome_2022,FCGR Activation R-HSA-2029481,1/13,0.1767999816212336,0.5256269368041747,0,0,5.543637387387387,9.605661362247778,FYN,Reactome_2022
Reactome_2022,Synthesis Of PE R-HSA-1483213,1/13,0.1767999816212336,0.5256269368041747,0,0,5.543637387387387,9.605661362247778,CHKA,Reactome_2022
Reactome_2022,Glutamate And Glutamine Metabolism R-HSA-8964539,1/13,0.1767999816212336,0.5256269368041747,0,0,5.543637387387387,9.605661362247778,GLUD1,Reactome_2022
Reactome_2022,Mitochondrial Iron-Sulfur Cluster Biogenesis R-HSA-1362409,1/13,0.1767999816212336,0.5256269368041747,0,0,5.543637387387387,9.605661362247778,GLRX5,Reactome_2022
Reactome_2022,Interferon Signaling R-HSA-913531,5/200,0.1775525042680905,0.5256269368041747,0,0,1.7130312609764664,2.9609555458398797,EGR1;PPM1B;FLNA;PLCG1;IFIT1,Reactome_2022
Reactome_2022,RHOD GTPase Cycle R-HSA-9013405,2/52,0.1805184511909753,0.5256269368041747,0,0,2.664813559322034,4.561953714292904,SLC4A7;EFHD2,Reactome_2022
Reactome_2022,Signaling By Non-Receptor Tyrosine Kinases R-HSA-9006927,2/52,0.1805184511909753,0.5256269368041747,0,0,2.664813559322034,4.561953714292904,PXDN;HRAS,Reactome_2022
Reactome_2022,Signaling By PDGF R-HSA-186797,2/52,0.1805184511909753,0.5256269368041747,0,0,2.664813559322034,4.561953714292904,PLCG1;HRAS,Reactome_2022
Reactome_2022,Transcriptional Activation Of Mitochondrial Biogenesis R-HSA-2151201,2/52,0.1805184511909753,0.5256269368041747,0,0,2.664813559322034,4.561953714292904,GLUD1;MEF2D,Reactome_2022
Reactome_2022,Insulin Receptor Signaling Cascade R-HSA-74751,2/53,0.1858694242687772,0.5256269368041747,0,0,2.6124293785310733,4.395963317222639,MAPK1;HRAS,Reactome_2022
Reactome_2022,Ion Transport By P-type ATPases R-HSA-936837,2/53,0.1858694242687772,0.5256269368041747,0,0,2.6124293785310733,4.395963317222639,ATP11C;ATP2C2,Reactome_2022
Reactome_2022,AKT Phosphorylates Targets In Cytosol R-HSA-198323,1/14,0.1890324355650668,0.5256269368041747,0,0,5.116943866943867,8.52399269044241,CDKN1A,Reactome_2022
Reactome_2022,Prolonged ERK Activation Events R-HSA-169893,1/14,0.1890324355650668,0.5256269368041747,0,0,5.116943866943867,8.52399269044241,MAPK1,Reactome_2022
Reactome_2022,DCC Mediated Attractive Signaling R-HSA-418885,1/14,0.1890324355650668,0.5256269368041747,0,0,5.116943866943867,8.52399269044241,FYN,Reactome_2022
Reactome_2022,Response To Metal Ions R-HSA-5660526,1/14,0.1890324355650668,0.5256269368041747,0,0,5.116943866943867,8.52399269044241,MT3,Reactome_2022
Reactome_2022,Role Of LAT2/NTAL/LAB On Calcium Mobilization R-HSA-2730905,1/14,0.1890324355650668,0.5256269368041747,0,0,5.116943866943867,8.52399269044241,FYN,Reactome_2022
Reactome_2022,SEMA3A-Plexin Repulsion Signaling By Inhibiting Integrin Adhesion R-HSA-399955,1/14,0.1890324355650668,0.5256269368041747,0,0,5.116943866943867,8.52399269044241,FYN,Reactome_2022
Reactome_2022,TP53 Regulates Transcription Of Genes Involved In G1 Cell Cycle Arrest R-HSA-6804116,1/14,0.1890324355650668,0.5256269368041747,0,0,5.116943866943867,8.52399269044241,CDKN1A,Reactome_2022
Reactome_2022,Golgi Cisternae Pericentriolar Stack Reorganization R-HSA-162658,1/14,0.1890324355650668,0.5256269368041747,0,0,5.116943866943867,8.52399269044241,MAPK1,Reactome_2022
Reactome_2022,LGI-ADAM Interactions R-HSA-5682910,1/14,0.1890324355650668,0.5256269368041747,0,0,5.116943866943867,8.52399269044241,LGI2,Reactome_2022
Reactome_2022,Nervous System Development R-HSA-9675108,11/545,0.1893013612662223,0.5256269368041747,0,0,1.380653990204552,2.2979812521673724,SEMA6A;EPHA10;RPL36A;MAPK1;RPL35A;RPL38;CACNA1D;FYN;PLCG1;RPS21;HRAS,Reactome_2022
Reactome_2022,RHOJ GTPase Cycle R-HSA-9013409,2/54,0.1912426423571763,0.5256269368041747,0,0,2.562059973924381,4.238191066736222,FMNL3;SLC4A7,Reactome_2022
Reactome_2022,Interleukin-12 Family Signaling R-HSA-447115,2/54,0.1912426423571763,0.5256269368041747,0,0,2.562059973924381,4.238191066736222,RAP1B;IL12RB2,Reactome_2022
Reactome_2022,Amino Acids Regulate mTORC1 R-HSA-9639288,2/55,0.19663627304609,0.5256269368041747,0,0,2.513591301566997,4.088103853566556,SZT2;FNIP2,Reactome_2022
Reactome_2022,Organic Cation/Anion/Zwitterion Transport R-HSA-549132,1/15,0.2010837226592623,0.5256269368041747,0,0,4.751206563706564,7.621096522393087,SLC22A15,Reactome_2022
Reactome_2022,Phospholipase C-mediated Cascade; FGFR4 R-HSA-5654228,1/15,0.2010837226592623,0.5256269368041747,0,0,4.751206563706564,7.621096522393087,PLCG1,Reactome_2022
Reactome_2022,Defects Of Contact Activation System (CAS) And Kallikrein/Kinin System (KKS) R-HSA-9651496,1/15,0.2010837226592623,0.5256269368041747,0,0,4.751206563706564,7.621096522393087,F12,Reactome_2022
Reactome_2022,EPHA-mediated Growth Cone Collapse R-HSA-3928663,1/15,0.2010837226592623,0.5256269368041747,0,0,4.751206563706564,7.621096522393087,FYN,Reactome_2022
Reactome_2022,Eicosanoid Ligand-Binding Receptors R-HSA-391903,1/15,0.2010837226592623,0.5256269368041747,0,0,4.751206563706564,7.621096522393087,CYSLTR2,Reactome_2022
Reactome_2022,Elevation Of Cytosolic Ca2+ Levels R-HSA-139853,1/15,0.2010837226592623,0.5256269368041747,0,0,4.751206563706564,7.621096522393087,ITPR3,Reactome_2022
Reactome_2022,Synthesis Of Prostaglandins (PG) And Thromboxanes (TX) R-HSA-2162123,1/15,0.2010837226592623,0.5256269368041747,0,0,4.751206563706564,7.621096522393087,PTGS2,Reactome_2022
Reactome_2022,GRB2 Events In ERBB2 Signaling R-HSA-1963640,1/15,0.2010837226592623,0.5256269368041747,0,0,4.751206563706564,7.621096522393087,HRAS,Reactome_2022
Reactome_2022,GRB2:SOS Provides Linkage To MAPK Signaling For Integrins R-HSA-354194,1/15,0.2010837226592623,0.5256269368041747,0,0,4.751206563706564,7.621096522393087,RAP1B,Reactome_2022
Reactome_2022,InlB-mediated Entry Of Listeria Monocytogenes Into Host Cell R-HSA-8875360,1/15,0.2010837226592623,0.5256269368041747,0,0,4.751206563706564,7.621096522393087,SH3GL3,Reactome_2022
Reactome_2022,mRNA Decay By 5 To 3 Exoribonuclease R-HSA-430039,1/15,0.2010837226592623,0.5256269368041747,0,0,4.751206563706564,7.621096522393087,LSM7,Reactome_2022
Reactome_2022,p130Cas Linkage To MAPK Signaling For Integrins R-HSA-372708,1/15,0.2010837226592623,0.5256269368041747,0,0,4.751206563706564,7.621096522393087,RAP1B,Reactome_2022
Reactome_2022,Negative Regulation Of TCF-dependent Signaling By WNT Ligand Antagonists R-HSA-3772470,1/15,0.2010837226592623,0.5256269368041747,0,0,4.751206563706564,7.621096522393087,WNT9A,Reactome_2022
Reactome_2022,Deadenylation-dependent mRNA Decay R-HSA-429914,2/56,0.2020485331454002,0.5262143115984599,0,0,2.46691776522285,3.9452116921470672,LSM7;PAN3,Reactome_2022
Reactome_2022,Influenza Infection R-HSA-168255,4/157,0.2054846059052033,0.5312704688823287,0,0,1.7444065225635192,2.760321246920065,RPL36A;RPL35A;RPL38;RPS21,Reactome_2022
Reactome_2022,Signaling By ERBB4 R-HSA-1236394,2/57,0.2074776875017411,0.5312704688823287,0,0,2.4219414483821264,3.809063546974767,HRAS;MXD4,Reactome_2022
Reactome_2022,G Alpha (Q) Signaling Events R-HSA-416476,5/212,0.2082768852238331,0.5312704688823287,0,0,1.6127324465621071,2.530194817572196,CYSLTR2;MAPK1;ITPR3;HRAS;GNG13,Reactome_2022
Reactome_2022,HATs Acetylate Histones R-HSA-3214847,3/106,0.2088397358703925,0.5312704688823287,0,0,1.941747572815534,3.0411420100715305,H2BC21;TAF10;KDELR2,Reactome_2022
Reactome_2022,PKA Activation In Glucagon Signaling R-HSA-164378,1/16,0.2129565170625368,0.5312704688823287,0,0,4.434234234234234,6.8582849991057975,PRKAR2B,Reactome_2022
Reactome_2022,Phospholipase C-mediated Cascade: FGFR1 R-HSA-5654219,1/16,0.2129565170625368,0.5312704688823287,0,0,4.434234234234234,6.8582849991057975,PLCG1,Reactome_2022
Reactome_2022,CRMPs In Sema3A Signaling R-HSA-399956,1/16,0.2129565170625368,0.5312704688823287,0,0,4.434234234234234,6.8582849991057975,FYN,Reactome_2022
Reactome_2022,Rap1 Signaling R-HSA-392517,1/16,0.2129565170625368,0.5312704688823287,0,0,4.434234234234234,6.8582849991057975,RAP1B,Reactome_2022
Reactome_2022,Regulation Of KIT Signaling R-HSA-1433559,1/16,0.2129565170625368,0.5312704688823287,0,0,4.434234234234234,6.8582849991057975,FYN,Reactome_2022
Reactome_2022,Sema3A PAK Dependent Axon Repulsion R-HSA-399954,1/16,0.2129565170625368,0.5312704688823287,0,0,4.434234234234234,6.8582849991057975,FYN,Reactome_2022
Reactome_2022,Spry Regulation Of FGF Signaling R-HSA-1295596,1/16,0.2129565170625368,0.5312704688823287,0,0,4.434234234234234,6.8582849991057975,MAPK1,Reactome_2022
Reactome_2022,TGF-beta Receptor Signaling In EMT (Epithelial To Mesenchymal Transition) R-HSA-2173791,1/16,0.2129565170625368,0.5312704688823287,0,0,4.434234234234234,6.8582849991057975,F11R,Reactome_2022
Reactome_2022,RAF/MAP Kinase Cascade R-HSA-5673001,6/271,0.2164586842849135,0.5324286850444104,0,0,1.5123905854892044,2.314495378392018,CNKSR2;RAP1B;MAPK1;FYN;HRAS;DUSP9,Reactome_2022
Reactome_2022,Arachidonic Acid Metabolism R-HSA-2142753,2/59,0.2183799731712457,0.5324286850444104,0,0,2.336723163841808,3.5553680775508423,PTGR1;PTGS2,Reactome_2022
Reactome_2022,Transcriptional Regulation Of Granulopoiesis R-HSA-9616222,2/59,0.2183799731712457,0.5324286850444104,0,0,2.336723163841808,3.5553680775508423,CDKN1A;H2BC21,Reactome_2022
Reactome_2022,Signaling By B Cell Receptor (BCR) R-HSA-983705,3/109,0.2204385886646932,0.5324286850444104,0,0,1.8865036580670005,2.852650345161056,ITPR3;FYN;HRAS,Reactome_2022
Reactome_2022,Transcriptional Regulation By MECP2 R-HSA-8986944,2/60,0.2238498656897219,0.5324286850444104,0,0,2.2963179427235536,3.437082068317523,OPRM1;FKBP5,Reactome_2022
Reactome_2022,Citric Acid (TCA) Cycle And Respiratory Electron Transport R-HSA-1428517,4/163,0.2241482066555508,0.5324286850444104,0,0,1.6780646961598729,2.509458173328391,NDUFS6;NDUFB1;UQCR11;COX5B,Reactome_2022
Reactome_2022,Aberrant Regulation Of Mitotic G1/S Transition In Cancer Due To RB1 Defects R-HSA-9659787,1/17,0.2246534536052364,0.5324286850444104,0,0,4.156883445945946,6.207042857614634,CDKN1A,Reactome_2022
Reactome_2022,PKA Activation R-HSA-163615,1/17,0.2246534536052364,0.5324286850444104,0,0,4.156883445945946,6.207042857614634,PRKAR2B,Reactome_2022
Reactome_2022,Biosynthesis Of DHA-derived SPMs R-HSA-9018677,1/17,0.2246534536052364,0.5324286850444104,0,0,4.156883445945946,6.207042857614634,PTGS2,Reactome_2022
Reactome_2022,SHC-mediated cascade:FGFR3 R-HSA-5654704,1/17,0.2246534536052364,0.5324286850444104,0,0,4.156883445945946,6.207042857614634,HRAS,Reactome_2022
Reactome_2022,FOXO-mediated Transcription Of Cell Cycle Genes R-HSA-9617828,1/17,0.2246534536052364,0.5324286850444104,0,0,4.156883445945946,6.207042857614634,CDKN1A,Reactome_2022
Reactome_2022,Formation Of Senescence-Associated Heterochromatin Foci (SAHF) R-HSA-2559584,1/17,0.2246534536052364,0.5324286850444104,0,0,4.156883445945946,6.207042857614634,CDKN1A,Reactome_2022
Reactome_2022,GAB1 Signalosome R-HSA-180292,1/17,0.2246534536052364,0.5324286850444104,0,0,4.156883445945946,6.207042857614634,PXDN,Reactome_2022
Reactome_2022,Tie2 Signaling R-HSA-210993,1/17,0.2246534536052364,0.5324286850444104,0,0,4.156883445945946,6.207042857614634,HRAS,Reactome_2022
Reactome_2022,IL-6-type Cytokine Receptor Ligand Interactions R-HSA-6788467,1/17,0.2246534536052364,0.5324286850444104,0,0,4.156883445945946,6.207042857614634,CTF1,Reactome_2022
Reactome_2022,Ca2+ Pathway R-HSA-4086398,2/61,0.2293301730810291,0.5361575478653816,0,0,2.257282390117782,3.32405714060122,ITPR3;GNG13,Reactome_2022
Reactome_2022,Regulation Of PTEN Gene Transcription R-HSA-8943724,2/61,0.2293301730810291,0.5361575478653816,0,0,2.257282390117782,3.32405714060122,EGR1;MAPK1,Reactome_2022
Reactome_2022,DNA Damage/Telomere Stress Induced Senescence R-HSA-2559586,2/61,0.2293301730810291,0.5361575478653816,0,0,2.257282390117782,3.32405714060122,CDKN1A;H2BC21,Reactome_2022
Reactome_2022,Signaling By FGFR In Disease R-HSA-1226099,2/61,0.2293301730810291,0.5361575478653816,0,0,2.257282390117782,3.32405714060122,PLCG1;HRAS,Reactome_2022
Reactome_2022,Cellular Senescence R-HSA-2559583,4/165,0.2304659024057577,0.5361575478653816,0,0,1.657049583448159,2.431972725675709,CDKN1A;H2BC21;MAPK1;FOS,Reactome_2022
Reactome_2022,MAPK1/MAPK3 Signaling R-HSA-5684996,6/277,0.2307513497142148,0.5361575478653816,0,0,1.4784494236694945,2.1680197557217142,CNKSR2;RAP1B;MAPK1;FYN;HRAS;DUSP9,Reactome_2022
Reactome_2022,Regulation Of Actin Dynamics For Phagocytic Cup Formation R-HSA-2029482,2/62,0.2348193857890836,0.5379693171952432,0,0,2.21954802259887,3.215988874302972,MYO1E;MAPK1,Reactome_2022
Reactome_2022,MAP Kinase Activation R-HSA-450294,2/62,0.2348193857890836,0.5379693171952432,0,0,2.21954802259887,3.215988874302972,MAPK1;FOS,Reactome_2022
Reactome_2022,Phospholipase C-mediated Cascade; FGFR2 R-HSA-5654221,1/18,0.2361771283788427,0.5379693171952432,0,0,3.9121621621621614,5.64592763145937,PLCG1,Reactome_2022
Reactome_2022,Regulation Of Signaling By CBL R-HSA-912631,1/18,0.2361771283788427,0.5379693171952432,0,0,3.9121621621621614,5.64592763145937,FYN,Reactome_2022
Reactome_2022,Ephrin Signaling R-HSA-3928664,1/18,0.2361771283788427,0.5379693171952432,0,0,3.9121621621621614,5.64592763145937,FYN,Reactome_2022
Reactome_2022,G Beta:Gamma Signaling Thru BTK R-HSA-8964315,1/18,0.2361771283788427,0.5379693171952432,0,0,3.9121621621621614,5.64592763145937,GNG13,Reactome_2022
Reactome_2022,Regulation Of Expression Of SLITs And ROBOs R-HSA-9010553,4/167,0.2368275615782153,0.5379693171952432,0,0,1.6365501790238488,2.3573245037017463,RPL36A;RPL35A;RPL38;RPS21,Reactome_2022
Reactome_2022,Semaphorin Interactions R-HSA-373755,2/64,0.2458186994702554,0.5391598645294012,0,0,2.147731000546747,3.013612397329707,SEMA6A;FYN,Reactome_2022
Reactome_2022,Other Semaphorin Interactions R-HSA-416700,1/19,0.24753009920291,0.5391598645294012,0,0,3.694632132132132,5.15853069720956,SEMA6A,Reactome_2022
Reactome_2022,PKA-mediated Phosphorylation Of CREB R-HSA-111931,1/19,0.24753009920291,0.5391598645294012,0,0,3.694632132132132,5.15853069720956,PRKAR2B,Reactome_2022
Reactome_2022,Prostacyclin Signaling Thru Prostacyclin Receptor R-HSA-392851,1/19,0.24753009920291,0.5391598645294012,0,0,3.694632132132132,5.15853069720956,GNG13,Reactome_2022
Reactome_2022,RAS Processing R-HSA-9648002,1/19,0.24753009920291,0.5391598645294012,0,0,3.694632132132132,5.15853069720956,HRAS,Reactome_2022
Reactome_2022,Ras Activation Upon Ca2+ Influx Thru NMDA Receptor R-HSA-442982,1/19,0.24753009920291,0.5391598645294012,0,0,3.694632132132132,5.15853069720956,HRAS,Reactome_2022
Reactome_2022,SHC-mediated cascade:FGFR4 R-HSA-5654719,1/19,0.24753009920291,0.5391598645294012,0,0,3.694632132132132,5.15853069720956,HRAS,Reactome_2022
Reactome_2022,Signaling By PDGFR In Disease R-HSA-9671555,1/19,0.24753009920291,0.5391598645294012,0,0,3.694632132132132,5.15853069720956,HRAS,Reactome_2022
Reactome_2022,Signaling To RAS R-HSA-167044,1/19,0.24753009920291,0.5391598645294012,0,0,3.694632132132132,5.15853069720956,HRAS,Reactome_2022
Reactome_2022,FRS-mediated FGFR3 Signaling R-HSA-5654706,1/19,0.24753009920291,0.5391598645294012,0,0,3.694632132132132,5.15853069720956,HRAS,Reactome_2022
Reactome_2022,Listeria Monocytogenes Entry Into Host Cells R-HSA-8876384,1/19,0.24753009920291,0.5391598645294012,0,0,3.694632132132132,5.15853069720956,SH3GL3,Reactome_2022
Reactome_2022,Nicotinamide Salvaging R-HSA-197264,1/19,0.24753009920291,0.5391598645294012,0,0,3.694632132132132,5.15853069720956,PTGS2,Reactome_2022
Reactome_2022,Nuclear Events Stimulated By ALK Signaling In Cancer R-HSA-9725371,1/19,0.24753009920291,0.5391598645294012,0,0,3.694632132132132,5.15853069720956,MAPK1,Reactome_2022
Reactome_2022,Epigenetic Regulation Of Gene Expression R-HSA-212165,3/116,0.2479680389607794,0.5391598645294012,0,0,1.7690084883510926,2.466803468027217,MYO1E;H2BC21;BAZ1B,Reactome_2022
Reactome_2022,FOXO-mediated Transcription R-HSA-9614085,2/65,0.251325988957145,0.5447950553308845,0,0,2.113532418617164,2.918797615569803,CDKN1A;FBXO32,Reactome_2022
Reactome_2022,RUNX1 Regulates Genes Involved In Megakaryocyte Differentiation And Platelet Function R-HSA-8936459,2/66,0.2568365591298232,0.5507373779407058,0,0,2.080402542372881,2.827923116447534,NR4A3;H2BC21,Reactome_2022
Reactome_2022,Apoptotic Factor-Mediated Response R-HSA-111471,1/20,0.2587148864025256,0.5507373779407058,0,0,3.5,4.732100269175356,MAPK1,Reactome_2022
Reactome_2022,SHC-mediated cascade:FGFR1 R-HSA-5654688,1/20,0.2587148864025256,0.5507373779407058,0,0,3.5,4.732100269175356,HRAS,Reactome_2022
Reactome_2022,Signal Transduction By L1 R-HSA-445144,1/20,0.2587148864025256,0.5507373779407058,0,0,3.5,4.732100269175356,MAPK1,Reactome_2022
Reactome_2022,G Beta:Gamma Signaling Thru CDC42 R-HSA-8964616,1/20,0.2587148864025256,0.5507373779407058,0,0,3.5,4.732100269175356,GNG13,Reactome_2022
Reactome_2022,G Beta:Gamma Signaling Thru PLC Beta R-HSA-418217,1/20,0.2587148864025256,0.5507373779407058,0,0,3.5,4.732100269175356,GNG13,Reactome_2022
Reactome_2022,Estrogen-dependent Gene Expression R-HSA-9018519,3/119,0.2599269139779572,0.5516657786218734,0,0,1.7229943701618575,2.321484713589297,JUND;H2BC21;FOS,Reactome_2022
Reactome_2022,Sensory Processing Of Sound By Inner Hair Cells Of Cochlea R-HSA-9662360,2/67,0.262349102706626,0.5526825788862115,0,0,2.0482920469361146,2.740777002108947,MYO1E;CACNA1D,Reactome_2022
Reactome_2022,Infectious Disease R-HSA-5663205,17/961,0.2628645167308694,0.5526825788862115,0,0,1.20650348062954,1.6120292379963452,SH3GL3;TAF10;RPL36A;RPL35A;ITPR3;GNG13;MYO1E;CYSLTR2;CALCR;PRKAR2B;H2BC21;MAPK1;RPL38;FYN;PLCG1;SNRPF;RPS21,Reactome_2022
Reactome_2022,Presynaptic Function Of Kainate Receptors R-HSA-500657,1/21,0.2697339730991777,0.5526825788862115,0,0,3.324831081081081,4.356589638274103,GNG13,Reactome_2022
Reactome_2022,RHO GTPases Activate PAKs R-HSA-5627123,1/21,0.2697339730991777,0.5526825788862115,0,0,3.324831081081081,4.356589638274103,FLNA,Reactome_2022
Reactome_2022,CTLA4 Inhibitory Signaling R-HSA-389513,1/21,0.2697339730991777,0.5526825788862115,0,0,3.324831081081081,4.356589638274103,FYN,Reactome_2022
Reactome_2022,SHC1 Events In ERBB2 Signaling R-HSA-1250196,1/21,0.2697339730991777,0.5526825788862115,0,0,3.324831081081081,4.356589638274103,HRAS,Reactome_2022
Reactome_2022,FRS-mediated FGFR4 Signaling R-HSA-5654712,1/21,0.2697339730991777,0.5526825788862115,0,0,3.324831081081081,4.356589638274103,HRAS,Reactome_2022
Reactome_2022,Synthesis Of Leukotrienes (LT) And Eoxins (EX) R-HSA-2142691,1/21,0.2697339730991777,0.5526825788862115,0,0,3.324831081081081,4.356589638274103,PTGR1,Reactome_2022
Reactome_2022,"Synthesis, Secretion, And Inactivation Of Glucagon-like Peptide-1 (GLP-1) R-HSA-381771",1/21,0.2697339730991777,0.5526825788862115,0,0,3.324831081081081,4.356589638274103,GNG13,Reactome_2022
Reactome_2022,Intrinsic Pathway Of Fibrin Clot Formation R-HSA-140837,1/21,0.2697339730991777,0.5526825788862115,0,0,3.324831081081081,4.356589638274103,F12,Reactome_2022
Reactome_2022,Negative Regulation Of MET Activity R-HSA-6807004,1/21,0.2697339730991777,0.5526825788862115,0,0,3.324831081081081,4.356589638274103,SH3GL3,Reactome_2022
Reactome_2022,Nitric Oxide Stimulates Guanylate Cyclase R-HSA-392154,1/21,0.2697339730991777,0.5526825788862115,0,0,3.324831081081081,4.356589638274103,NANOS1,Reactome_2022
Reactome_2022,Interleukin-17 Signaling R-HSA-448424,2/69,0.2733750694744824,0.5585335471159684,0,0,1.9869466228181127,2.5768920291719493,MAPK1;FOS,Reactome_2022
Reactome_2022,Major Pathway Of rRNA Processing In Nucleolus And Cytosol R-HSA-6791226,4/179,0.2757788673430082,0.5603914382964018,0,0,1.5233934666016578,1.9623683424732927,RPL36A;RPL35A;RPL38;RPS21,Reactome_2022
Reactome_2022,ADP Signaling Thru P2Y Purinoceptor 12 R-HSA-392170,1/22,0.2805898059543165,0.5603914382964018,0,0,3.1663449163449164,4.023985664453448,GNG13,Reactome_2022
Reactome_2022,PINK1-PRKN Mediated Mitophagy R-HSA-5205685,1/22,0.2805898059543165,0.5603914382964018,0,0,3.1663449163449164,4.023985664453448,TOMM7,Reactome_2022
Reactome_2022,Response Of Mtb To Phagocytosis R-HSA-9637690,1/22,0.2805898059543165,0.5603914382964018,0,0,3.1663449163449164,4.023985664453448,MAPK1,Reactome_2022
Reactome_2022,SHC-mediated cascade:FGFR2 R-HSA-5654699,1/22,0.2805898059543165,0.5603914382964018,0,0,3.1663449163449164,4.023985664453448,HRAS,Reactome_2022
Reactome_2022,ERK/MAPK Targets R-HSA-198753,1/22,0.2805898059543165,0.5603914382964018,0,0,3.1663449163449164,4.023985664453448,MAPK1,Reactome_2022
Reactome_2022,FRS-mediated FGFR1 Signaling R-HSA-5654693,1/22,0.2805898059543165,0.5603914382964018,0,0,3.1663449163449164,4.023985664453448,HRAS,Reactome_2022
Reactome_2022,Nephrin Family Interactions R-HSA-373753,1/22,0.2805898059543165,0.5603914382964018,0,0,3.1663449163449164,4.023985664453448,FYN,Reactome_2022
Reactome_2022,Platelet Degranulation R-HSA-114608,3/125,0.2840513805984762,0.5657157748053686,0,0,1.6377551020408163,2.0612788000334348,HABP4;FLNA;CYRIB,Reactome_2022
Reactome_2022,Neurotransmitter Receptors And Postsynaptic Signal Transmission R-HSA-112314,4/182,0.2856863254697884,0.5673826184609486,0,0,1.4974882079993863,1.8761443253886172,PRKAR2B;MAPK1;HRAS;GNG13,Reactome_2022
Reactome_2022,Interferon Alpha/Beta Signaling R-HSA-909733,2/72,0.2898982710607514,0.5721090873961223,0,0,1.901501210653753,2.3544867301502697,EGR1;IFIT1,Reactome_2022
Reactome_2022,BBSome-mediated Cargo-Targeting To Cilium R-HSA-5620922,1/23,0.2912847955518935,0.5721090873961223,0,0,3.0222665847665846,3.727826238446421,MKKS,Reactome_2022
Reactome_2022,CD28 Dependent PI3K/Akt Signaling R-HSA-389357,1/23,0.2912847955518935,0.5721090873961223,0,0,3.0222665847665846,3.727826238446421,FYN,Reactome_2022
Reactome_2022,Miscellaneous Transport And Binding Events R-HSA-5223345,1/23,0.2912847955518935,0.5721090873961223,0,0,3.0222665847665846,3.727826238446421,MRS2,Reactome_2022
Reactome_2022,RHO GTPases Activate NADPH Oxidases R-HSA-5668599,1/24,0.3018213171146172,0.5799863688337643,0,0,2.890716803760282,3.462847768105973,MAPK1,Reactome_2022
Reactome_2022,RUNX2 Regulates Osteoblast Differentiation R-HSA-8940973,1/24,0.3018213171146172,0.5799863688337643,0,0,2.890716803760282,3.462847768105973,MAPK1,Reactome_2022
Reactome_2022,DARPP-32 Events R-HSA-180024,1/24,0.3018213171146172,0.5799863688337643,0,0,2.890716803760282,3.462847768105973,PRKAR2B,Reactome_2022
Reactome_2022,FRS-mediated FGFR2 Signaling R-HSA-5654700,1/24,0.3018213171146172,0.5799863688337643,0,0,2.890716803760282,3.462847768105973,HRAS,Reactome_2022
Reactome_2022,Thromboxane Signaling Thru TP Receptor R-HSA-428930,1/24,0.3018213171146172,0.5799863688337643,0,0,2.890716803760282,3.462847768105973,GNG13,Reactome_2022
Reactome_2022,Growth Hormone Receptor Signaling R-HSA-982772,1/24,0.3018213171146172,0.5799863688337643,0,0,2.890716803760282,3.462847768105973,MAPK1,Reactome_2022
Reactome_2022,"Incretin Synthesis, Secretion, And Inactivation R-HSA-400508",1/24,0.3018213171146172,0.5799863688337643,0,0,2.890716803760282,3.462847768105973,GNG13,Reactome_2022
Reactome_2022,Interleukin-6 Family Signaling R-HSA-6783589,1/24,0.3018213171146172,0.5799863688337643,0,0,2.890716803760282,3.462847768105973,CTF1,Reactome_2022
Reactome_2022,Response To Elevated Platelet Cytosolic Ca2+ R-HSA-76005,3/130,0.3042965523027853,0.5831667080519686,0,0,1.5728748192190265,1.871331830255314,HABP4;FLNA;CYRIB,Reactome_2022
Reactome_2022,Sensory Processing Of Sound R-HSA-9659379,2/75,0.3063757369047144,0.5855729810194945,0,0,1.8230787090782448,2.156598255507547,MYO1E;CACNA1D,Reactome_2022
Reactome_2022,rRNA Processing In Nucleus And Cytosol R-HSA-8868773,4/189,0.3089900772113201,0.5887942079289338,0,0,1.4403099345078867,1.6915664072447691,RPL36A;RPL35A;RPL38;RPS21,Reactome_2022
Reactome_2022,ADP Signaling Thru P2Y Purinoceptor 1 R-HSA-418592,1/25,0.3122017108146386,0.5887942079289338,0,0,2.7701295045045047,3.224723798147461,GNG13,Reactome_2022
Reactome_2022,Deadenylation Of mRNA R-HSA-429947,1/25,0.3122017108146386,0.5887942079289338,0,0,2.7701295045045047,3.224723798147461,PAN3,Reactome_2022
Reactome_2022,G Beta:Gamma Signaling Thru PI3Kgamma R-HSA-392451,1/25,0.3122017108146386,0.5887942079289338,0,0,2.7701295045045047,3.224723798147461,GNG13,Reactome_2022
Reactome_2022,Interleukin-7 Signaling R-HSA-1266695,1/25,0.3122017108146386,0.5887942079289338,0,0,2.7701295045045047,3.224723798147461,BRWD1,Reactome_2022
Reactome_2022,Signaling By Insulin Receptor R-HSA-74752,2/77,0.3173214997976573,0.5908415174341847,0,0,1.7742824858757065,2.036592096505108,MAPK1;HRAS,Reactome_2022
Reactome_2022,G Alpha (I) Signaling Events R-HSA-418594,6/312,0.3189669658870104,0.5908415174341847,0,0,1.306987399770905,1.493452334086574,PRKAR2B;MAPK1;ITPR3;OPRM1;ADRA2C;GNG13,Reactome_2022
Reactome_2022,Platelet Calcium Homeostasis R-HSA-418360,1/26,0.3224282823691472,0.5908415174341847,0,0,2.659189189189189,3.009868560834495,ITPR3,Reactome_2022
Reactome_2022,Attenuation Phase R-HSA-3371568,1/26,0.3224282823691472,0.5908415174341847,0,0,2.659189189189189,3.009868560834495,HSPA1B,Reactome_2022
Reactome_2022,Cholesterol Biosynthesis R-HSA-191273,1/26,0.3224282823691472,0.5908415174341847,0,0,2.659189189189189,3.009868560834495,TM7SF2,Reactome_2022
Reactome_2022,Constitutive Signaling By AKT1 E17K In Cancer R-HSA-5674400,1/26,0.3224282823691472,0.5908415174341847,0,0,2.659189189189189,3.009868560834495,CDKN1A,Reactome_2022
Reactome_2022,Downregulation Of TGF-beta Receptor Signaling R-HSA-2173788,1/26,0.3224282823691472,0.5908415174341847,0,0,2.659189189189189,3.009868560834495,ZFYVE9,Reactome_2022
Reactome_2022,Signaling By ALK R-HSA-201556,1/26,0.3224282823691472,0.5908415174341847,0,0,2.659189189189189,3.009868560834495,PLCG1,Reactome_2022
Reactome_2022,Synthesis Of IP3 And IP4 In Cytosol R-HSA-1855204,1/26,0.3224282823691472,0.5908415174341847,0,0,2.659189189189189,3.009868560834495,PLCG1,Reactome_2022
Reactome_2022,Infection With Mycobacterium Tuberculosis R-HSA-9635486,1/26,0.3224282823691472,0.5908415174341847,0,0,2.659189189189189,3.009868560834495,MAPK1,Reactome_2022
Reactome_2022,WNT Ligand Biogenesis And Trafficking R-HSA-3238698,1/26,0.3224282823691472,0.5908415174341847,0,0,2.659189189189189,3.009868560834495,WNT9A,Reactome_2022
Reactome_2022,Developmental Biology R-HSA-1266738,18/1073,0.3309133518543418,0.6015517783153318,0,0,1.1403760892829842,1.2611404514693656,CDKN1A;SEMA6A;EPHA10;LGI2;KLK13;RPL36A;RPL35A;CACNA1D;HIF3A;ACVR1C;H2BC21;MAPK1;RPL38;FYN;PLCG1;RPS21;HRAS;MEF2D,Reactome_2022
Reactome_2022,Effects Of PIP2 Hydrolysis R-HSA-114508,1/27,0.3325033036257741,0.6015517783153318,0,0,2.5567827442827444,2.815287499129384,ITPR3,Reactome_2022
Reactome_2022,Synthesis Of PC R-HSA-1483191,1/27,0.3325033036257741,0.6015517783153318,0,0,2.5567827442827444,2.815287499129384,CHKA,Reactome_2022
Reactome_2022,Role Of Nef In HIV-1 Replication And Disease Pathogenesis R-HSA-164952,1/27,0.3325033036257741,0.6015517783153318,0,0,2.5567827442827444,2.815287499129384,FYN,Reactome_2022
Reactome_2022,Integrin Signaling R-HSA-354192,1/27,0.3325033036257741,0.6015517783153318,0,0,2.5567827442827444,2.815287499129384,RAP1B,Reactome_2022
Reactome_2022,MAPK Family Signaling Cascades R-HSA-5683057,6/318,0.3346566253227145,0.6039108137168783,0,0,1.2814565159925986,1.402746723613827,CNKSR2;RAP1B;MAPK1;FYN;HRAS;DUSP9,Reactome_2022
Reactome_2022,Prefoldin Mediated Transfer Of Substrate To CCT/TriC R-HSA-389957,1/28,0.3424290129890663,0.6104459375357997,0,0,2.461961961961962,2.638462240892674,PFDN6,Reactome_2022
Reactome_2022,Recycling Pathway Of L1 R-HSA-437239,1/28,0.3424290129890663,0.6104459375357997,0,0,2.461961961961962,2.638462240892674,MAPK1,Reactome_2022
Reactome_2022,MET Promotes Cell Motility R-HSA-8875878,1/28,0.3424290129890663,0.6104459375357997,0,0,2.461961961961962,2.638462240892674,RAP1B,Reactome_2022
Reactome_2022,Mitophagy R-HSA-5205647,1/28,0.3424290129890663,0.6104459375357997,0,0,2.461961961961962,2.638462240892674,TOMM7,Reactome_2022
Reactome_2022,rRNA Processing R-HSA-72312,4/199,0.3425709269715669,0.6104459375357997,0,0,1.3657477903211692,1.4630935900960738,RPL36A;RPL35A;RPL38;RPS21,Reactome_2022
Reactome_2022,C-type Lectin Receptors (CLRs) R-HSA-5621481,3/141,0.3489675554888484,0.610779548471073,0,0,1.446687370600414,1.5230382139024707,ITPR3;FYN;HRAS,Reactome_2022
Reactome_2022,Activation Of G Protein Gated Potassium Channels R-HSA-1296041,1/29,0.3522076158553304,0.610779548471073,0,0,2.3739140926640925,2.4772611595576275,GNG13,Reactome_2022
Reactome_2022,Activation Of Kainate Receptors Upon Glutamate Binding R-HSA-451326,1/29,0.3522076158553304,0.610779548471073,0,0,2.3739140926640925,2.4772611595576275,GNG13,Reactome_2022
Reactome_2022,Processing Of Capped Intronless Pre-mRNA R-HSA-75067,1/29,0.3522076158553304,0.610779548471073,0,0,2.3739140926640925,2.4772611595576275,SNRPF,Reactome_2022
Reactome_2022,Dectin-2 Family R-HSA-5621480,1/29,0.3522076158553304,0.610779548471073,0,0,2.3739140926640925,2.4772611595576275,FYN,Reactome_2022
Reactome_2022,"FOXO-mediated Transcription Of Oxidative Stress, Metabolic And Neuronal Genes R-HSA-9615017",1/29,0.3522076158553304,0.610779548471073,0,0,2.3739140926640925,2.4772611595576275,FBXO32,Reactome_2022
Reactome_2022,Surfactant Metabolism R-HSA-5683826,1/29,0.3522076158553304,0.610779548471073,0,0,2.3739140926640925,2.4772611595576275,ADRA2C,Reactome_2022
Reactome_2022,G1/S-Specific Transcription R-HSA-69205,1/29,0.3522076158553304,0.610779548471073,0,0,2.3739140926640925,2.4772611595576275,CDC45,Reactome_2022
Reactome_2022,HSF1 Activation R-HSA-3371511,1/29,0.3522076158553304,0.610779548471073,0,0,2.3739140926640925,2.4772611595576275,HSPA1B,Reactome_2022
Reactome_2022,Myogenesis R-HSA-525793,1/29,0.3522076158553304,0.610779548471073,0,0,2.3739140926640925,2.4772611595576275,MEF2D,Reactome_2022
Reactome_2022,Negative Regulation Of FGFR3 Signaling R-HSA-5654732,1/29,0.3522076158553304,0.610779548471073,0,0,2.3739140926640925,2.4772611595576275,MAPK1,Reactome_2022
Reactome_2022,Tight Junction Interactions R-HSA-420029,1/30,0.3618412852329467,0.6244396936908376,0,0,2.2919384902143523,2.3298691597647085,F11R,Reactome_2022
Reactome_2022,Transcriptional Regulation Of Pluripotent Stem Cells R-HSA-452723,1/30,0.3618412852329467,0.6244396936908376,0,0,2.2919384902143523,2.3298691597647085,HIF3A,Reactome_2022
Reactome_2022,"Transport Of Bile Salts And Organic Acids, Metal Ions And Amine Compounds R-HSA-425366",2/86,0.3659798928559327,0.6286123029371222,0,0,1.583454398708636,1.5916517594666018,SLC22A15;SLC5A11,Reactome_2022
Reactome_2022,Activated NOTCH1 Transmits Signal To Nucleus R-HSA-2122948,1/31,0.3713321620725616,0.6286123029371222,0,0,2.215427927927928,2.1947320678912816,DTX1,Reactome_2022
Reactome_2022,RUNX2 Regulates Bone Development R-HSA-8941326,1/31,0.3713321620725616,0.6286123029371222,0,0,2.215427927927928,2.1947320678912816,MAPK1,Reactome_2022
Reactome_2022,DNA Strand Elongation R-HSA-69190,1/31,0.3713321620725616,0.6286123029371222,0,0,2.215427927927928,2.1947320678912816,CDC45,Reactome_2022
Reactome_2022,Downregulation Of SMAD2/3:SMAD4 Transcriptional Activity R-HSA-2173795,1/31,0.3713321620725616,0.6286123029371222,0,0,2.215427927927928,2.1947320678912816,MAPK1,Reactome_2022
Reactome_2022,EGFR Downregulation R-HSA-182971,1/31,0.3713321620725616,0.6286123029371222,0,0,2.215427927927928,2.1947320678912816,SH3GL3,Reactome_2022
Reactome_2022,Glyoxylate Metabolism And Glycine Degradation R-HSA-389661,1/31,0.3713321620725616,0.6286123029371222,0,0,2.215427927927928,2.1947320678912816,LIPT2,Reactome_2022
Reactome_2022,Negative Regulation Of FGFR4 Signaling R-HSA-5654733,1/31,0.3713321620725616,0.6286123029371222,0,0,2.215427927927928,2.1947320678912816,MAPK1,Reactome_2022
Reactome_2022,Signaling By ROBO Receptors R-HSA-376176,4/209,0.3762488335639162,0.6314934501569465,0,0,1.298460001664863,1.269250576612326,RPL36A;RPL35A;RPL38;RPS21,Reactome_2022
Reactome_2022,Activation Of Pre-Replicative Complex R-HSA-68962,1/32,0.3806823558331693,0.6314934501569465,0,0,2.143853530950305,2.070512222999164,CDC45,Reactome_2022
Reactome_2022,RAF Activation R-HSA-5673000,1/32,0.3806823558331693,0.6314934501569465,0,0,2.143853530950305,2.070512222999164,HRAS,Reactome_2022
Reactome_2022,RNA Polymerase I Promoter Opening R-HSA-73728,1/32,0.3806823558331693,0.6314934501569465,0,0,2.143853530950305,2.070512222999164,H2BC21,Reactome_2022
Reactome_2022,G-protein Beta:Gamma Signaling R-HSA-397795,1/32,0.3806823558331693,0.6314934501569465,0,0,2.143853530950305,2.070512222999164,GNG13,Reactome_2022
Reactome_2022,GPVI-mediated Activation Cascade R-HSA-114604,1/32,0.3806823558331693,0.6314934501569465,0,0,2.143853530950305,2.070512222999164,FYN,Reactome_2022
Reactome_2022,Generation Of Second Messenger Molecules R-HSA-202433,1/32,0.3806823558331693,0.6314934501569465,0,0,2.143853530950305,2.070512222999164,PLCG1,Reactome_2022
Reactome_2022,Nuclear Signaling By ERBB4 R-HSA-1251985,1/32,0.3806823558331693,0.6314934501569465,0,0,2.143853530950305,2.070512222999164,MXD4,Reactome_2022
Reactome_2022,DNA Double-Strand Break Repair R-HSA-5693532,3/149,0.3812972958208035,0.6314934501569465,0,0,1.3668577019849035,1.3178912606457198,EYA1;H2BC21;BAZ1B,Reactome_2022
Reactome_2022,Mitochondrial Biogenesis R-HSA-1592230,2/89,0.3819158699964655,0.6314934501569465,0,0,1.5286187414767192,1.4713795060692454,GLUD1;MEF2D,Reactome_2022
Reactome_2022,Chaperonin-mediated Protein Folding R-HSA-390466,2/90,0.3871903641651507,0.6329100338166294,0,0,1.511171032357473,1.4338577237863266,PFDN6;GNG13,Reactome_2022
Reactome_2022,Oncogene Induced Senescence R-HSA-2559585,1/33,0.3898939448828181,0.6329100338166294,0,0,2.076752533783784,1.956052741972613,MAPK1,Reactome_2022
Reactome_2022,Packaging Of Telomere Ends R-HSA-171306,1/33,0.3898939448828181,0.6329100338166294,0,0,2.076752533783784,1.956052741972613,H2BC21,Reactome_2022
Reactome_2022,CaM Pathway R-HSA-111997,1/33,0.3898939448828181,0.6329100338166294,0,0,2.076752533783784,1.956052741972613,PRKAR2B,Reactome_2022
Reactome_2022,Cooperation Of Prefoldin And TriC/CCT In Actin And Tubulin Folding R-HSA-389958,1/33,0.3898939448828181,0.6329100338166294,0,0,2.076752533783784,1.956052741972613,PFDN6,Reactome_2022
Reactome_2022,Sialic Acid Metabolism R-HSA-4085001,1/33,0.3898939448828181,0.6329100338166294,0,0,2.076752533783784,1.956052741972613,CMAS,Reactome_2022
Reactome_2022,Signal Amplification R-HSA-392518,1/33,0.3898939448828181,0.6329100338166294,0,0,2.076752533783784,1.956052741972613,GNG13,Reactome_2022
Reactome_2022,Negative Regulation Of FGFR1 Signaling R-HSA-5654726,1/33,0.3898939448828181,0.6329100338166294,0,0,2.076752533783784,1.956052741972613,MAPK1,Reactome_2022
Reactome_2022,CD28 Co-Stimulation R-HSA-389356,1/34,0.3989689770645088,0.643235697716249,0,0,2.013718263718264,1.85034855682918,FYN,Reactome_2022
Reactome_2022,DNA Methylation R-HSA-5334118,1/34,0.3989689770645088,0.643235697716249,0,0,2.013718263718264,1.85034855682918,H2BC21,Reactome_2022
Reactome_2022,Negative Regulation Of FGFR2 Signaling R-HSA-5654727,1/34,0.3989689770645088,0.643235697716249,0,0,2.013718263718264,1.85034855682918,MAPK1,Reactome_2022
Reactome_2022,Gene And Protein Expression By JAK-STAT Signaling After Interleukin-12 Stimulation R-HSA-8950505,1/35,0.4079094699448333,0.6546808874283894,0,0,1.954391891891892,1.7525227857992751,RAP1B,Reactome_2022
Reactome_2022,Inwardly Rectifying K+ Channels R-HSA-1296065,1/35,0.4079094699448333,0.6546808874283894,0,0,1.954391891891892,1.7525227857992751,GNG13,Reactome_2022
Reactome_2022,Aberrant Regulation Of Mitotic Cell Cycle Due To RB1 Defects R-HSA-9687139,1/36,0.4167174115599588,0.6552520287980248,0,0,1.8984555984555984,1.6618073311561778,CDKN1A,Reactome_2022
Reactome_2022,Activated PKN1 Stimulates Transcription Of Androgen Receptor Regulated KLK2 And KLK3 R-HSA-5625886,1/36,0.4167174115599588,0.6552520287980248,0,0,1.8984555984555984,1.6618073311561778,H2BC21,Reactome_2022
Reactome_2022,Activation Of ATR In Response To Replication Stress R-HSA-176187,1/36,0.4167174115599588,0.6552520287980248,0,0,1.8984555984555984,1.6618073311561778,CDC45,Reactome_2022
Reactome_2022,RHO GTPases Activate WASPs And WAVEs R-HSA-5663213,1/36,0.4167174115599588,0.6552520287980248,0,0,1.8984555984555984,1.6618073311561778,MAPK1,Reactome_2022
Reactome_2022,RHOH GTPase Cycle R-HSA-9013407,1/36,0.4167174115599588,0.6552520287980248,0,0,1.8984555984555984,1.6618073311561778,SLC4A7,Reactome_2022
Reactome_2022,ROS And RNS Production In Phagocytes R-HSA-1222556,1/36,0.4167174115599588,0.6552520287980248,0,0,1.8984555984555984,1.6618073311561778,NANOS1,Reactome_2022
Reactome_2022,SMAD2/SMAD3:SMAD4 Heterotrimer Regulates Transcription R-HSA-2173796,1/36,0.4167174115599588,0.6552520287980248,0,0,1.8984555984555984,1.6618073311561778,MAPK1,Reactome_2022
Reactome_2022,Transcriptional Regulation By AP-2 (TFAP2) Family Of Transcription Factors R-HSA-8864260,1/36,0.4167174115599588,0.6552520287980248,0,0,1.8984555984555984,1.6618073311561778,CDKN1A,Reactome_2022
Reactome_2022,HSF1-dependent Transactivation R-HSA-3371571,1/36,0.4167174115599588,0.6552520287980248,0,0,1.8984555984555984,1.6618073311561778,HSPA1B,Reactome_2022
Reactome_2022,Protein Folding R-HSA-391251,2/96,0.4184028425798921,0.6552520287980248,0,0,1.4142805625676165,1.2322776063996286,PFDN6;GNG13,Reactome_2022
Reactome_2022,MyD88 Cascade Initiated On Plasma Membrane R-HSA-975871,2/96,0.4184028425798921,0.6552520287980248,0,0,1.4142805625676165,1.2322776063996286,MAPK1;FOS,Reactome_2022
Reactome_2022,Cleavage Of Damaged Purine R-HSA-110331,1/37,0.4253947605046453,0.6589448250954311,0,0,1.8456268768768769,1.5775268587404352,H2BC21,Reactome_2022
Reactome_2022,Cooperation Of PDCL (PhLP1) And TRiC/CCT In G-protein Beta Folding R-HSA-6814122,1/37,0.4253947605046453,0.6589448250954311,0,0,1.8456268768768769,1.5775268587404352,GNG13,Reactome_2022
Reactome_2022,SIRT1 Negatively Regulates rRNA Expression R-HSA-427359,1/37,0.4253947605046453,0.6589448250954311,0,0,1.8456268768768769,1.5775268587404352,H2BC21,Reactome_2022
Reactome_2022,Formation Of Fibrin Clot (Clotting Cascade) R-HSA-140877,1/37,0.4253947605046453,0.6589448250954311,0,0,1.8456268768768769,1.5775268587404352,F12,Reactome_2022
Reactome_2022,NCAM1 Interactions R-HSA-419037,1/37,0.4253947605046453,0.6589448250954311,0,0,1.8456268768768769,1.5775268587404352,CACNA1D,Reactome_2022
Reactome_2022,Assembly Of ORC Complex At Origin Of Replication R-HSA-68616,1/38,0.4339434465534577,0.6678220573582434,0,0,1.7956537618699782,1.4990854914842158,H2BC21,Reactome_2022
Reactome_2022,Diseases Of Mitotic Cell Cycle R-HSA-9675126,1/38,0.4339434465534577,0.6678220573582434,0,0,1.7956537618699782,1.4990854914842158,CDKN1A,Reactome_2022
Reactome_2022,Fanconi Anemia Pathway R-HSA-6783310,1/38,0.4339434465534577,0.6678220573582434,0,0,1.7956537618699782,1.4990854914842158,FANCE,Reactome_2022
Reactome_2022,GPCR Downstream Signaling R-HSA-388396,10/619,0.4384389705702418,0.6732831707892913,0,0,1.092440340307696,0.9007549186393616,CYSLTR2;CALCR;PRKAR2B;PDE3A;MAPK1;ITPR3;OPRM1;ADRA2C;HRAS;GNG13,Reactome_2022
Reactome_2022,TRAF6 Mediated Induction Of NFkB And MAP Kinases Upon TLR7/8 Or 9 Activation R-HSA-975138,2/101,0.4437887502522582,0.6800297444598181,0,0,1.3425098442047594,1.0906638814813672,MAPK1;FOS,Reactome_2022
Reactome_2022,Signaling By GPCR R-HSA-372790,11/689,0.4465992290026013,0.6828646275717195,0,0,1.0792489221692765,0.8699757201427405,CYSLTR2;CALCR;PRKAR2B;PDE3A;MAPK1;ITPR3;WNT9A;OPRM1;ADRA2C;HRAS;GNG13,Reactome_2022
Reactome_2022,Potassium Channels R-HSA-1296071,2/102,0.4487924949374235,0.6832003663357202,0,0,1.3290169491525423,1.0648012659963533,KCNG1;GNG13,Reactome_2022
Reactome_2022,MyD88 Dependent Cascade Initiated On Endosome R-HSA-975155,2/102,0.4487924949374235,0.6832003663357202,0,0,1.3290169491525423,1.0648012659963533,MAPK1;FOS,Reactome_2022
Reactome_2022,Amine Ligand-Binding Receptors R-HSA-375280,1/40,0.4506624076110447,0.6832003663357202,0,0,1.7033957033957037,1.357668995258711,ADRA2C,Reactome_2022
Reactome_2022,RET Signaling R-HSA-8853659,1/40,0.4506624076110447,0.6832003663357202,0,0,1.7033957033957037,1.357668995258711,PLCG1,Reactome_2022
Reactome_2022,Toll Like Receptor 3 (TLR3) Cascade R-HSA-168164,2/103,0.4537708635541234,0.6849916857473074,0,0,1.3157912401409633,1.039689440756468,MAPK1;FOS,Reactome_2022
Reactome_2022,Toll Like Receptor 7/8 (TLR7/8) Cascade R-HSA-168181,2/103,0.4537708635541234,0.6849916857473074,0,0,1.3157912401409633,1.039689440756468,MAPK1;FOS,Reactome_2022
Reactome_2022,Metabolism Of Amino Acids And Derivatives R-HSA-71291,6/364,0.4559451310157023,0.686815652864755,0,0,1.114150780395093,0.8750348633476824,LIPT2;GLUD1;RPL36A;RPL35A;RPL38;RPS21,Reactome_2022
Reactome_2022,Cargo Recognition For Clathrin-Mediated Endocytosis R-HSA-8856825,2/104,0.4587235049372781,0.6880852574059172,0,0,1.302824858757062,1.0153013610427837,SH3GL3;UBQLN1,Reactome_2022
Reactome_2022,Transport Of Inorganic Cations/Anions And Amino Acids/Oligopeptides R-HSA-425393,2/104,0.4587235049372781,0.6880852574059172,0,0,1.302824858757062,1.0153013610427837,SLC4A7;SLC26A6,Reactome_2022
Reactome_2022,PI3K/AKT Signaling In Cancer R-HSA-2219528,2/105,0.4636500840101372,0.6897292956660244,0,0,1.2901102517689649,0.9916111735817728,CDKN1A;FYN,Reactome_2022
Reactome_2022,Activation Of GABAB Receptors R-HSA-991365,1/42,0.4668891723308099,0.6897292956660244,0,0,1.6201384311140408,1.2340000937884972,GNG13,Reactome_2022
Reactome_2022,PRC2 Methylates Histones And DNA R-HSA-212300,1/42,0.4668891723308099,0.6897292956660244,0,0,1.6201384311140408,1.2340000937884972,H2BC21,Reactome_2022
Reactome_2022,Activation Of Gene Expression By SREBF (SREBP) R-HSA-2426168,1/42,0.4668891723308099,0.6897292956660244,0,0,1.6201384311140408,1.2340000937884972,TM7SF2,Reactome_2022
Reactome_2022,RHOF GTPase Cycle R-HSA-9035034,1/42,0.4668891723308099,0.6897292956660244,0,0,1.6201384311140408,1.2340000937884972,SLC4A7,Reactome_2022
Reactome_2022,Cleavage Of Damaged Pyrimidine R-HSA-110329,1/42,0.4668891723308099,0.6897292956660244,0,0,1.6201384311140408,1.2340000937884972,H2BC21,Reactome_2022
Reactome_2022,Defective Pyroptosis R-HSA-9710421,1/42,0.4668891723308099,0.6897292956660244,0,0,1.6201384311140408,1.2340000937884972,H2BC21,Reactome_2022
Reactome_2022,"PI5P, PP2A And IER3 Regulate PI3K/AKT Signaling R-HSA-6811558",2/106,0.4685502810220672,0.6897292956660244,0,0,1.277640156453716,0.9685941549634944,MAPK1;FYN,Reactome_2022
Reactome_2022,Toll Like Receptor 9 (TLR9) Cascade R-HSA-168138,2/106,0.4685502810220672,0.6897292956660244,0,0,1.277640156453716,0.9685941549634944,MAPK1;FOS,Reactome_2022
Reactome_2022,Chromatin Modifying Enzymes R-HSA-3247509,4/238,0.4722791811973295,0.6918008305392763,0,0,1.1358478457454566,0.8520959964736677,H2BC21;TAF10;KDELR2;BRWD1,Reactome_2022
Reactome_2022,MyD88-independent TLR4 Cascade R-HSA-166166,2/107,0.4734237914687462,0.6918008305392763,0,0,1.265407586763519,0.9462266519617772,MAPK1;FOS,Reactome_2022
Reactome_2022,Condensation Of Prophase Chromosomes R-HSA-2299718,1/43,0.4748225109749182,0.6918008305392763,0,0,1.581483268983269,1.1779112051028695,H2BC21,Reactome_2022
Reactome_2022,Smooth Muscle Contraction R-HSA-445355,1/43,0.4748225109749182,0.6918008305392763,0,0,1.581483268983269,1.1779112051028695,PXDN,Reactome_2022
Reactome_2022,Voltage Gated Potassium Channels R-HSA-1296072,1/43,0.4748225109749182,0.6918008305392763,0,0,1.581483268983269,1.1779112051028695,KCNG1,Reactome_2022
Reactome_2022,Antigen Processing: Ubiquitination And Proteasome Degradation R-HSA-983168,5/307,0.4806332607737015,0.6952104008884321,0,0,1.1000294838065865,0.8059374277678476,HACE1;ZBTB16;RNF19B;LNPEP;FBXO32,Reactome_2022
Reactome_2022,"Base-Excision Repair, AP Site Formation R-HSA-73929",1/44,0.482638183086201,0.6952104008884321,0,0,1.5446260213702074,1.125241535558234,H2BC21,Reactome_2022
Reactome_2022,Sphingolipid De Novo Biosynthesis R-HSA-1660661,1/44,0.482638183086201,0.6952104008884321,0,0,1.5446260213702074,1.125241535558234,SGPP1,Reactome_2022
Reactome_2022,TGF-beta Receptor Signaling Activates SMADs R-HSA-2173789,1/44,0.482638183086201,0.6952104008884321,0,0,1.5446260213702074,1.125241535558234,ZFYVE9,Reactome_2022
Reactome_2022,"Interleukin-3, Interleukin-5 And GM-CSF Signaling R-HSA-512988",1/44,0.482638183086201,0.6952104008884321,0,0,1.5446260213702074,1.125241535558234,FYN,Reactome_2022
Reactome_2022,Ion Channel Transport R-HSA-983712,3/175,0.483029448718545,0.6952104008884321,0,0,1.1586971998101567,0.843158063248075,ATP11C;ATP2C2;SLC9B2,Reactome_2022
Reactome_2022,DNA Repair R-HSA-73894,5/310,0.4891351712715953,0.7000607769937313,0,0,1.0890410958904109,0.7787911521238675,EYA1;MGMT;H2BC21;BAZ1B;FANCE,Reactome_2022
Reactome_2022,ERCC6 (CSB) And EHMT2 (G9a) Positively Regulate rRNA Expression R-HSA-427389,1/45,0.490337928189702,0.7000607769937313,0,0,1.5094441031941033,1.075721153394038,H2BC21,Reactome_2022
Reactome_2022,Heme Signaling R-HSA-9707616,1/45,0.490337928189702,0.7000607769937313,0,0,1.5094441031941033,1.075721153394038,MEF2D,Reactome_2022
Reactome_2022,Interleukin-10 Signaling R-HSA-6783783,1/45,0.490337928189702,0.7000607769937313,0,0,1.5094441031941033,1.075721153394038,PTGS2,Reactome_2022
Reactome_2022,Mitotic Prophase R-HSA-68875,2/112,0.4973814029218329,0.7052262550509315,0,0,1.2075808936825887,0.8433722462903562,H2BC21;MAPK1,Reactome_2022
Reactome_2022,MyD88:MAL(TIRAP) Cascade Initiated On Plasma Membrane R-HSA-166058,2/112,0.4973814029218329,0.7052262550509315,0,0,1.2075808936825887,0.8433722462903562,MAPK1;FOS,Reactome_2022
Reactome_2022,Transmission Across Chemical Synapses R-HSA-112315,4/246,0.4978803890329821,0.7052262550509315,0,0,1.0978478549064958,0.7656340587003865,PRKAR2B;MAPK1;HRAS;GNG13,Reactome_2022
Reactome_2022,HIV Transcription Initiation R-HSA-167161,1/46,0.4979234599656366,0.7052262550509315,0,0,1.475825825825826,1.029106495916669,TAF10,Reactome_2022
Reactome_2022,SLC-mediated Transmembrane Transport R-HSA-425407,4/247,0.501043940436592,0.7082350728636518,0,0,1.0932737819351397,0.7555193937233134,SLC4A7;SLC22A15;SLC5A11;SLC26A6,Reactome_2022
Reactome_2022,Negative Regulation Of PI3K/AKT Network R-HSA-199418,2/113,0.5020892022329526,0.7083044102929154,0,0,1.1966407085051154,0.824458501468522,MAPK1;FYN,Reactome_2022
Reactome_2022,Cyclin D Associated Events In G1 R-HSA-69231,1/47,0.5053964669751628,0.7101519526073928,0,0,1.4436692126909518,0.9851773024746344,CDKN1A,Reactome_2022
Reactome_2022,IRS-mediated Signaling R-HSA-112399,1/47,0.5053964669751628,0.7101519526073928,0,0,1.4436692126909518,0.9851773024746344,HRAS,Reactome_2022
Reactome_2022,Inhibition Of DNA Recombination At Telomere R-HSA-9670095,1/48,0.5127586128883126,0.7190756878966278,0,0,1.4128809660724555,0.9437339609998968,H2BC21,Reactome_2022
Reactome_2022,TP53 Regulates Transcription Of Cell Cycle Genes R-HSA-6791312,1/49,0.5200115368245155,0.726381537686111,0,0,1.383375563063063,0.9045952035427076,CDKN1A,Reactome_2022
Reactome_2022,mRNA Splicing - Minor Pathway R-HSA-72165,1/49,0.5200115368245155,0.726381537686111,0,0,1.383375563063063,0.9045952035427076,SNRPF,Reactome_2022
Reactome_2022,Cargo Trafficking To Periciliary Membrane R-HSA-5620920,1/50,0.5271568537690461,0.7334804755964613,0,0,1.3550744622173194,0.8675960989751744,MKKS,Reactome_2022
Reactome_2022,"Formation Of Ternary Complex, And Subsequently, 43S Complex R-HSA-72695",1/50,0.5271568537690461,0.7334804755964613,0,0,1.3550744622173194,0.8675960989751744,RPS21,Reactome_2022
Reactome_2022,Transcriptional Regulation By RUNX2 R-HSA-8878166,2/119,0.5297326382809028,0.735624816050238,0,0,1.1349268434014197,0.7211130588737029,CDKN1A;MAPK1,Reactome_2022
Reactome_2022,Transcriptional Activity Of SMAD2/SMAD3:SMAD4 Heterotrimer R-HSA-2173793,1/51,0.5341961548522766,0.7375018759222691,0,0,1.3279054054054054,0.8325863000390515,MAPK1,Reactome_2022
Reactome_2022,IRS-related Events Triggered By IGF1R R-HSA-2428928,1/51,0.5341961548522766,0.7375018759222691,0,0,1.3279054054054054,0.8325863000390515,HRAS,Reactome_2022
Reactome_2022,Nonhomologous End-Joining (NHEJ) R-HSA-5693571,1/51,0.5341961548522766,0.7375018759222691,0,0,1.3279054054054054,0.8325863000390515,H2BC21,Reactome_2022
Reactome_2022,IGF1R Signaling Cascade R-HSA-2428924,1/52,0.5411310078362416,0.7441859701577712,0,0,1.3018018018018018,0.7994285074687554,HRAS,Reactome_2022
Reactome_2022,Metabolism Of Non-Coding RNA R-HSA-194441,1/52,0.5411310078362416,0.7441859701577712,0,0,1.3018018018018018,0.7994285074687554,SNRPF,Reactome_2022
Reactome_2022,Metabolism Of Water-Soluble Vitamins And Cofactors R-HSA-196849,2/122,0.5431592165142257,0.7449362576202848,0,0,1.1063841807909605,0.6752846667018307,NADK2;PTGS2,Reactome_2022
Reactome_2022,Regulation Of IGF Transport And Uptake By IGFBPs R-HSA-381426,2/123,0.547575326657666,0.7449362576202848,0,0,1.0971844796189942,0.6607851062871067,IGFBP2;KLK13,Reactome_2022
Reactome_2022,Deposition Of New CENPA-containing Nucleosomes At Centromere R-HSA-606279,1/53,0.5479629574337679,0.7449362576202848,0,0,1.276702182952183,0.7679971216123657,H2BC21,Reactome_2022
Reactome_2022,Sensory Processing Of Sound By Outer Hair Cells Of Cochlea R-HSA-9662361,1/53,0.5479629574337679,0.7449362576202848,0,0,1.276702182952183,0.7679971216123657,MYO1E,Reactome_2022
Reactome_2022,Signaling By Type 1 Insulin-like Growth Factor 1 Receptor (IGF1R) R-HSA-2404192,1/53,0.5479629574337679,0.7449362576202848,0,0,1.276702182952183,0.7679971216123657,HRAS,Reactome_2022
Reactome_2022,Nuclear Receptor Transcription Pathway R-HSA-383280,1/53,0.5479629574337679,0.7449362576202848,0,0,1.276702182952183,0.7679971216123657,NR4A3,Reactome_2022
Reactome_2022,Muscle Contraction R-HSA-397014,3/196,0.5590809321940933,0.7573083759073123,0,0,1.0315110500158613,0.5997834837827798,NANOS1;PXDN;ITPR3,Reactome_2022
Reactome_2022,Cardiac Conduction R-HSA-5576891,2/126,0.5606440279561659,0.7573083759073123,0,0,1.070475669764899,0.6194511989589522,NANOS1;ITPR3,Reactome_2022
Reactome_2022,Regulation Of Cholesterol Biosynthesis By SREBP (SREBF) R-HSA-1655829,1/55,0.5613242111155465,0.7573083759073123,0,0,1.2292917917917918,0.7098626879520755,TM7SF2,Reactome_2022
Reactome_2022,Intrinsic Pathway For Apoptosis R-HSA-109606,1/55,0.5613242111155465,0.7573083759073123,0,0,1.2292917917917918,0.7098626879520755,MAPK1,Reactome_2022
Reactome_2022,DNA Replication Pre-Initiation R-HSA-69002,2/127,0.5649401187740045,0.7597896362196526,0,0,1.0618576271186442,0.6063584412995854,CDC45;H2BC21,Reactome_2022
Reactome_2022,PIP3 Activates AKT Signaling R-HSA-1257604,4/268,0.5653005872857894,0.7597896362196526,0,0,1.005222877236529,0.5733767934490673,EGR1;CDKN1A;MAPK1;FYN,Reactome_2022
Reactome_2022,Meiotic Recombination R-HSA-912446,1/56,0.5678564920426711,0.7603752078276558,0,0,1.2068796068796068,0.6829569334277433,H2BC21,Reactome_2022
Reactome_2022,RHO GTPase Effectors R-HSA-195258,4/269,0.5682473826802552,0.7603752078276558,0,0,1.0013780668426815,0.5659773033952872,FMNL3;H2BC21;FLNA;MAPK1,Reactome_2022
Reactome_2022,Signal Transduction R-HSA-162582,36/2465,0.5696560699355551,0.7603752078276558,0,0,0.98090600644511,0.5519778668147447,SH3GL3;DOCK5;CDKN1A;ZFYVE9;DTX1;ITPR3;F11R;RAP1B;CYSLTR2;CALCR;ACVR1C;PRKAR2B;H2BC21;EFHD2;FLNA;MAPK1;FYN;PLCG1;HRAS;MEF2D;EGR1;JUND;WNT9A;FOS;KCTD3;OPRM1;ADRA2C;DUSP9;GNG13;CNKSR2;SLC4A7;FMNL3;PXDN;PDE3A;FKBP5;MXD4,Reactome_2022
Reactome_2022,G1/S Transition R-HSA-69206,2/129,0.5734416991483284,0.7603752078276558,0,0,1.0450286934472175,0.5811394172081666,CDKN1A;CDC45,Reactome_2022
Reactome_2022,Assembly Of Collagen Fibrils And Other Multimeric Structures R-HSA-2022090,1/57,0.5742918236335459,0.7603752078276558,0,0,1.1852678571428572,0.6573704241389675,PXDN,Reactome_2022
Reactome_2022,Cytoprotection By HMOX1 R-HSA-9707564,1/57,0.5742918236335459,0.7603752078276558,0,0,1.1852678571428572,0.6573704241389675,COX5B,Reactome_2022
Reactome_2022,Ribosomal Scanning And Start Codon Recognition R-HSA-72702,1/57,0.5742918236335459,0.7603752078276558,0,0,1.1852678571428572,0.6573704241389675,RPS21,Reactome_2022
Reactome_2022,Translation Initiation Complex Formation R-HSA-72649,1/57,0.5742918236335459,0.7603752078276558,0,0,1.1852678571428572,0.6573704241389675,RPS21,Reactome_2022
Reactome_2022,"mRNA Activation Upon Binding Of Cap-Binding Complex And eIFs, Subsequent Binding To 43S R-HSA-72662",1/58,0.5806316400266704,0.7670400713712153,0,0,1.1644144144144144,0.6330207774991018,RPS21,Reactome_2022
Reactome_2022,Organelle Biogenesis And Maintenance R-HSA-1852241,4/275,0.5856939373863376,0.7670400713712153,0,0,0.9789050791531806,0.5236730220808364,GLUD1;MKKS;PRKAR2B;MEF2D,Reactome_2022
Reactome_2022,RHOQ GTPase Cycle R-HSA-9013406,1/59,0.5868773541855713,0.7670400713712153,0,0,1.1442800559179869,0.6098319466132389,SLC4A7,Reactome_2022
Reactome_2022,RNA Polymerase I Promoter Escape R-HSA-73772,1/59,0.5868773541855713,0.7670400713712153,0,0,1.1442800559179869,0.6098319466132389,H2BC21,Reactome_2022
Reactome_2022,SCF(Skp2)-mediated Degradation Of P27/P21 R-HSA-187577,1/59,0.5868773541855713,0.7670400713712153,0,0,1.1442800559179869,0.6098319466132389,CDKN1A,Reactome_2022
Reactome_2022,GABA Receptor Activation R-HSA-977443,1/59,0.5868773541855713,0.7670400713712153,0,0,1.1442800559179869,0.6098319466132389,GNG13,Reactome_2022
Reactome_2022,Role Of GTSE1 In G2/M Progression After G2 Checkpoint R-HSA-8852276,1/59,0.5868773541855713,0.7670400713712153,0,0,1.1442800559179869,0.6098319466132389,CDKN1A,Reactome_2022
Reactome_2022,Formation Of beta-catenin:TCF Transactivating Complex R-HSA-201722,1/60,0.5930303580724188,0.7708310504378241,0,0,1.124828218048557,0.587733640415199,H2BC21,Reactome_2022
Reactome_2022,HDACs Deacetylate Histones R-HSA-3214815,1/60,0.5930303580724188,0.7708310504378241,0,0,1.124828218048557,0.587733640415199,H2BC21,Reactome_2022
Reactome_2022,Meiotic Synapsis R-HSA-1221632,1/60,0.5930303580724188,0.7708310504378241,0,0,1.124828218048557,0.587733640415199,H2BC21,Reactome_2022
Reactome_2022,Disease R-HSA-1643685,25/1736,0.5946453077820484,0.7714607847804693,0,0,0.9664970605425104,0.5023756738802572,SH3GL3;CDKN1A;ZFYVE9;RPL36A;ITPR3;RAP1B;CYSLTR2;CALCR;PRKAR2B;H2BC21;MAPK1;RPL38;FYN;PLCG1;HRAS;F12;TAF10;RPL35A;DUSP9;GNG13;CNKSR2;MYO1E;PPM1B;SNRPF;RPS21,Reactome_2022
Reactome_2022,Immune System R-HSA-168256,28/1943,0.5959774449080507,0.7714607847804693,0,0,0.9668611140768923,0.500401344923543,CDKN1A;CTF1;RNF19B;ITPR3;IFIT1;PTGS2;RAP1B;RAB24;FLNA;MAPK1;FYN;PLCG1;HRAS;IL12RB2;SOCS5;CD53;NANOS1;EGR1;HACE1;ZBTB16;LNPEP;FOS;OPRM1;FBXO32;MYO1E;PPM1B;BRWD1;HSPA1B,Reactome_2022
Reactome_2022,Cell-cell Junction Organization R-HSA-421270,1/61,0.5990920234990778,0.7714607847804693,0,0,1.106024774774775,0.5666608040267536,F11R,Reactome_2022
Reactome_2022,Selective Autophagy R-HSA-9663891,1/61,0.5990920234990778,0.7714607847804693,0,0,1.106024774774775,0.5666608040267536,TOMM7,Reactome_2022
Reactome_2022,Factors Involved In Megakaryocyte Development And Platelet Production R-HSA-983231,2/136,0.6022419379191215,0.7714607847804693,0,0,0.9900834809005818,0.5020673967694607,DOCK5;PRKAR2B,Reactome_2022
Reactome_2022,Translation R-HSA-72766,4/281,0.602727237871175,0.7714607847804693,0,0,0.95740565049716,0.4847254107984421,RPL36A;RPL35A;RPL38;RPS21,Reactome_2022
Reactome_2022,Pre-NOTCH Transcription And Translation R-HSA-1912408,1/62,0.6050637016164195,0.7714607847804693,0,0,1.087837837837838,0.5465531558455933,H2BC21,Reactome_2022
Reactome_2022,RAB Geranylgeranylation R-HSA-8873719,1/62,0.6050637016164195,0.7714607847804693,0,0,1.087837837837838,0.5465531558455933,RAB24,Reactome_2022
Reactome_2022,RHO GTPases Activate PKNs R-HSA-5625740,1/62,0.6050637016164195,0.7714607847804693,0,0,1.087837837837838,0.5465531558455933,H2BC21,Reactome_2022
Reactome_2022,TP53 Regulates Transcription Of DNA Repair Genes R-HSA-6796648,1/62,0.6050637016164195,0.7714607847804693,0,0,1.087837837837838,0.5465531558455933,FOS,Reactome_2022
Reactome_2022,Transport Of Small Molecules R-HSA-382551,10/706,0.605450236156824,0.7714607847804693,0,0,0.9515298970723698,0.4774614366420377,MRS2;SLC4A7;SLC22A15;PRKAR2B;SLC5A11;ATP11C;ATP2C2;SLC26A6;GNG13;SLC9B2,Reactome_2022
Reactome_2022,Synthesis Of Substrates In N-glycan Biosythesis R-HSA-446219,1/63,0.6109467240346047,0.7770717724304185,0,0,1.0702375762859633,0.527354769250715,CMAS,Reactome_2022
Reactome_2022,PTEN Regulation R-HSA-6807070,2/139,0.6141291785125834,0.7797247248615121,0,0,0.9682543610045776,0.4720723987061967,EGR1;MAPK1,Reactome_2022
Reactome_2022,Oxygen-dependent Proline Hydroxylation Of Hypoxia-inducible Factor Alpha R-HSA-1234176,1/64,0.616742402554883,0.7816467882647448,0,0,1.0531960531960531,0.5090136990628251,HIF3A,Reactome_2022
Reactome_2022,Toll Like Receptor 4 (TLR4) Cascade R-HSA-166016,2/140,0.6180308935195712,0.7818860592391729,0,0,0.9611888970768852,0.4625402772160215,MAPK1;FOS,Reactome_2022
Reactome_2022,Regulation Of RAS By GAPs R-HSA-5658442,1/65,0.6224520294410858,0.7832980405886938,0,0,1.0366870777027026,0.4914816442675155,HRAS,Reactome_2022
Reactome_2022,p53-Dependent G1 DNA Damage Response R-HSA-69563,1/65,0.6224520294410858,0.7832980405886938,0,0,1.0366870777027026,0.4914816442675155,CDKN1A,Reactome_2022
Reactome_2022,Mitochondrial Protein Import R-HSA-1268020,1/65,0.6224520294410858,0.7832980405886938,0,0,1.0366870777027026,0.4914816442675155,TOMM7,Reactome_2022
Reactome_2022,Beta-catenin Independent WNT Signaling R-HSA-3858494,2/142,0.6257434507597136,0.7846624223812282,0,0,0.947360774818402,0.4441367663373901,ITPR3;GNG13,Reactome_2022
Reactome_2022,Clathrin-mediated Endocytosis R-HSA-8856828,2/142,0.6257434507597136,0.7846624223812282,0,0,0.947360774818402,0.4441367663373901,SH3GL3;UBQLN1,Reactome_2022
Reactome_2022,Integrin Cell Surface Interactions R-HSA-216083,1/66,0.6280768782984846,0.7862018670250397,0,0,1.0206860706860708,0.4747136428496731,F11R,Reactome_2022
Reactome_2022,RNA Polymerase II Transcription Termination R-HSA-73856,1/67,0.6336182035542568,0.7903553381176783,0,0,1.0051699426699428,0.4586677984004672,SNRPF,Reactome_2022
Reactome_2022,G1/S DNA Damage Checkpoints R-HSA-69615,1/67,0.6336182035542568,0.7903553381176783,0,0,1.0051699426699428,0.4586677984004672,CDKN1A,Reactome_2022
Reactome_2022,Signaling By WNT R-HSA-195721,4/294,0.6381511099514319,0.794377480308298,0,0,0.9138754854654584,0.4104947497841603,H2BC21;ITPR3;WNT9A;GNG13,Reactome_2022
Reactome_2022,Costimulation By CD28 Family R-HSA-388841,1/68,0.6390772415419782,0.794377480308298,0,0,0.990116982654296,0.4433050302344656,FYN,Reactome_2022
Reactome_2022,Circadian Clock R-HSA-400253,1/69,0.6444552100314924,0.7955507802880876,0,0,0.9755067567567568,0.4285888493926687,MEF2D,Reactome_2022
Reactome_2022,Transcription Of HIV Genome R-HSA-167172,1/69,0.6444552100314924,0.7955507802880876,0,0,0.9755067567567568,0.4285888493926687,TAF10,Reactome_2022
Reactome_2022,Loss Of Nlp From Mitotic Centrosomes R-HSA-380259,1/69,0.6444552100314924,0.7955507802880876,0,0,0.9755067567567568,0.4285888493926687,PRKAR2B,Reactome_2022
Reactome_2022,Mitotic G1 Phase And G1/S Transition R-HSA-453279,2/147,0.6444968346637672,0.7955507802880876,0,0,0.914459380479252,0.4017086254019102,CDKN1A;CDC45,Reactome_2022
Reactome_2022,G2/M Checkpoints R-HSA-69481,2/148,0.648157446386252,0.7986827458936311,0,0,0.9081495240306476,0.3937932853621038,CDC45;H2BC21,Reactome_2022
Reactome_2022,CDC42 GTPase Cycle R-HSA-9013148,2/149,0.6517881935581258,0.8010730623078475,0,0,0.9019255159690996,0.3860562531387168,FMNL3;KCTD3,Reactome_2022
Reactome_2022,Adaptive Immune System R-HSA-1280218,10/733,0.6523506372380362,0.8010730623078475,0,0,0.9146943870150024,0.3907328134708073,RAP1B;HACE1;ZBTB16;RNF19B;LNPEP;ITPR3;FYN;PLCG1;FBXO32;HRAS,Reactome_2022
Reactome_2022,Diseases Of Programmed Cell Death R-HSA-9645723,1/71,0.6549727204019646,0.8029062141479256,0,0,0.94753861003861,0.4009620418908443,H2BC21,Reactome_2022
Reactome_2022,AURKA Activation By TPX2 R-HSA-8854518,1/72,0.6601146093215183,0.8064286722123704,0,0,0.9341454130186524,0.3879896452918701,PRKAR2B,Reactome_2022
Reactome_2022,Base Excision Repair R-HSA-73884,1/72,0.6601146093215183,0.8064286722123704,0,0,0.9341454130186524,0.3879896452918701,H2BC21,Reactome_2022
Reactome_2022,Class I MHC Mediated Antigen Processing And Presentation R-HSA-983169,5/378,0.6640003795393996,0.8084496882431318,0,0,0.887381101031988,0.3633582092809021,HACE1;ZBTB16;RNF19B;LNPEP;FBXO32,Reactome_2022
Reactome_2022,RHOC GTPase Cycle R-HSA-9013106,1/73,0.6651801232380199,0.8084496882431318,0,0,0.9211242492492492,0.3755399734619334,FMNL3,Reactome_2022
Reactome_2022,Cellular Response To Hypoxia R-HSA-1234174,1/73,0.6651801232380199,0.8084496882431318,0,0,0.9211242492492492,0.3755399734619334,HIF3A,Reactome_2022
Reactome_2022,RHOG GTPase Cycle R-HSA-9013408,1/74,0.6701703927507686,0.8089832754597563,0,0,0.9084598296927064,0.3635867740523307,DOCK5,Reactome_2022
Reactome_2022,Signaling By NOTCH1 R-HSA-1980143,1/74,0.6701703927507686,0.8089832754597563,0,0,0.9084598296927064,0.3635867740523307,DTX1,Reactome_2022
Reactome_2022,Formation Of Cornified Envelope R-HSA-6809371,1/74,0.6701703927507686,0.8089832754597563,0,0,0.9084598296927064,0.3635867740523307,KLK13,Reactome_2022
Reactome_2022,NoRC Negatively Regulates rRNA Expression R-HSA-427413,1/74,0.6701703927507686,0.8089832754597563,0,0,0.9084598296927064,0.3635867740523307,H2BC21,Reactome_2022
Reactome_2022,DNA Replication R-HSA-69306,2/155,0.6729500993558836,0.8109618993932767,0,0,0.8662900188323918,0.343123701287492,CDC45;H2BC21,Reactome_2022
Reactome_2022,GPCR Ligand Binding R-HSA-500792,6/458,0.6778258907717595,0.8129291511034464,0,0,0.8781589271051912,0.3414851151327221,CYSLTR2;CALCR;WNT9A;OPRM1;ADRA2C;GNG13,Reactome_2022
Reactome_2022,SUMOylation Of DNA Damage Response And Repair Proteins R-HSA-3108214,1/76,0.6799296382624809,0.8129291511034464,0,0,0.8841441441441441,0.3410727139332979,NSMCE4A,Reactome_2022
Reactome_2022,Transcriptional Regulation By Small RNAs R-HSA-5578749,1/76,0.6799296382624809,0.8129291511034464,0,0,0.8841441441441441,0.3410727139332979,H2BC21,Reactome_2022
Reactome_2022,Neuronal System R-HSA-112316,5/386,0.6818287380268028,0.8129291511034464,0,0,0.8683888828964873,0.3325727694205897,KCNG1;PRKAR2B;MAPK1;HRAS;GNG13,Reactome_2022
Reactome_2022,Biosynthesis Of N-glycan Precursor (Dolichol LLO) And Transfer To Protein R-HSA-446193,1/77,0.684700793132,0.8129291511034464,0,0,0.8724662162162162,0.3304669379474362,CMAS,Reactome_2022
Reactome_2022,G2/M DNA Damage Checkpoint R-HSA-69473,1/77,0.684700793132,0.8129291511034464,0,0,0.8724662162162162,0.3304669379474362,H2BC21,Reactome_2022
Reactome_2022,Negative Epigenetic Regulation Of rRNA Expression R-HSA-5250941,1/77,0.684700793132,0.8129291511034464,0,0,0.8724662162162162,0.3304669379474362,H2BC21,Reactome_2022
Reactome_2022,Pre-NOTCH Expression And Processing R-HSA-1912422,1/78,0.6894010618972809,0.8129291511034464,0,0,0.8610916110916111,0.3202675979272938,H2BC21,Reactome_2022
Reactome_2022,COPI-dependent Golgi-to-ER Retrograde Traffic R-HSA-6811434,1/78,0.6894010618972809,0.8129291511034464,0,0,0.8610916110916111,0.3202675979272938,KDELR2,Reactome_2022
Reactome_2022,RNA Polymerase I Promoter Clearance R-HSA-73854,1/78,0.6894010618972809,0.8129291511034464,0,0,0.8610916110916111,0.3202675979272938,H2BC21,Reactome_2022
Reactome_2022,Constitutive Signaling By Aberrant PI3K In Cancer R-HSA-2219530,1/78,0.6894010618972809,0.8129291511034464,0,0,0.8610916110916111,0.3202675979272938,FYN,Reactome_2022
Reactome_2022,G Alpha (12/13) Signaling Events R-HSA-416482,1/78,0.6894010618972809,0.8129291511034464,0,0,0.8610916110916111,0.3202675979272938,GNG13,Reactome_2022
Reactome_2022,S Phase R-HSA-69242,2/161,0.6930596067517999,0.8129291511034464,0,0,0.8333439931776996,0.305536634036106,CDKN1A;CDC45,Reactome_2022
Reactome_2022,Amyloid Fiber Formation R-HSA-977225,1/79,0.6940314941909151,0.8129291511034464,0,0,0.8500086625086625,0.3104554118792934,H2BC21,Reactome_2022
Reactome_2022,RNA Polymerase I Transcription R-HSA-73864,1/79,0.6940314941909151,0.8129291511034464,0,0,0.8500086625086625,0.3104554118792934,H2BC21,Reactome_2022
Reactome_2022,Downstream Signaling Events Of B Cell Receptor (BCR) R-HSA-1168372,1/79,0.6940314941909151,0.8129291511034464,0,0,0.8500086625086625,0.3104554118792934,HRAS,Reactome_2022
Reactome_2022,Toll-like Receptor Cascades R-HSA-168898,2/162,0.6963105070339015,0.8129291511034464,0,0,0.828093220338983,0.2997362803118213,MAPK1;FOS,Reactome_2022
Reactome_2022,Processing Of DNA Double-Strand Break Ends R-HSA-5693607,1/80,0.6985931242253246,0.8129291511034464,0,0,0.8392062949024974,0.3010122111243866,H2BC21,Reactome_2022
Reactome_2022,COPI-mediated Anterograde Transport R-HSA-6807878,1/80,0.6985931242253246,0.8129291511034464,0,0,0.8392062949024974,0.3010122111243866,KDELR2,Reactome_2022
Reactome_2022,RNA Polymerase II Pre-transcription Events R-HSA-674695,1/80,0.6985931242253246,0.8129291511034464,0,0,0.8392062949024974,0.3010122111243866,TAF10,Reactome_2022
Reactome_2022,Recruitment Of NuMA To Mitotic Centrosomes R-HSA-380320,1/80,0.6985931242253246,0.8129291511034464,0,0,0.8392062949024974,0.3010122111243866,PRKAR2B,Reactome_2022
Reactome_2022,Centrosome Maturation R-HSA-380287,1/81,0.7030869709259846,0.8154891294100735,0,0,0.8286739864864865,0.2919208641150724,PRKAR2B,Reactome_2022
Reactome_2022,TP53 Regulates Metabolic Genes R-HSA-5628897,1/81,0.7030869709259846,0.8154891294100735,0,0,0.8286739864864865,0.2919208641150724,COX5B,Reactome_2022
Reactome_2022,Cyclin E Associated Events During G1/S Transition R-HSA-69202,1/82,0.7075140380848327,0.8192874284663129,0,0,0.8184017350684017,0.2831652062706801,CDKN1A,Reactome_2022
Reactome_2022,Cyclin A:Cdk2-associated Events At S Phase Entry R-HSA-69656,1/84,0.7161717756151639,0.8279644430282626,0,0,0.798599804623901,0.2666007500281833,CDKN1A,Reactome_2022
Reactome_2022,Regulation Of PLK1 Activity At G2/M Transition R-HSA-2565942,1/87,0.728681792021494,0.8410596657910426,0,0,0.7706238214959146,0.243916419815331,PRKAR2B,Reactome_2022
Reactome_2022,Fatty Acid Metabolism R-HSA-8978868,2/173,0.7302213196838445,0.8414705969128257,0,0,0.7743879472693032,0.2434734661450583,PTGR1;PTGS2,Reactome_2022
Reactome_2022,Meiosis R-HSA-1500620,1/88,0.7327284488093485,0.8429934095525028,0,0,0.7617272444858652,0.2368820231991045,H2BC21,Reactome_2022
Reactome_2022,Peptide Hormone Metabolism R-HSA-2980736,1/89,0.7367149503039678,0.8434852329567167,0,0,0.7530328624078624,0.2300923778589078,GNG13,Reactome_2022
Reactome_2022,Sphingolipid Metabolism R-HSA-428157,1/89,0.7367149503039678,0.8434852329567167,0,0,0.7530328624078624,0.2300923778589078,SGPP1,Reactome_2022
Reactome_2022,Unfolded Protein Response (UPR) R-HSA-381119,1/89,0.7367149503039678,0.8434852329567167,0,0,0.7530328624078624,0.2300923778589078,CREB3L1,Reactome_2022
Reactome_2022,Collagen Formation R-HSA-1474290,1/90,0.7406421877586344,0.8452593828192442,0,0,0.744533859702399,0.2235370947650941,PXDN,Reactome_2022
Reactome_2022,Regulation Of TP53 Activity Thru Phosphorylation R-HSA-6804756,1/90,0.7406421877586344,0.8452593828192442,0,0,0.744533859702399,0.2235370947650941,TAF10,Reactome_2022
Reactome_2022,Signaling By Rho GTPases R-HSA-194315,8/644,0.7440838214704225,0.8456027937507777,0,0,0.8298840068768906,0.2453150296482545,SLC4A7;FMNL3;DOCK5;H2BC21;EFHD2;FLNA;MAPK1;KCTD3,Reactome_2022
Reactome_2022,Activation Of HOX Genes During Differentiation R-HSA-5619507,1/91,0.7445110392236103,0.8456027937507777,0,0,0.7362237237237237,0.2172063177334098,H2BC21,Reactome_2022
Reactome_2022,HCMV Late Events R-HSA-9610379,1/91,0.7445110392236103,0.8456027937507777,0,0,0.7362237237237237,0.2172063177334098,H2BC21,Reactome_2022
Reactome_2022,Telomere Maintenance R-HSA-157579,1/92,0.7483223698485341,0.8485760844693904,0,0,0.7280962280962281,0.2110906909758012,H2BC21,Reactome_2022
Reactome_2022,mRNA Splicing - Major Pathway R-HSA-72163,2/181,0.7528252391815589,0.8523228424491852,0,0,0.7394754284632137,0.2099534640210016,LSM7;SNRPF,Reactome_2022
Reactome_2022,G2/M Transition R-HSA-69275,2/182,0.7555333115572694,0.8540289102022554,0,0,0.7353295668549906,0.2061359714774159,CDKN1A;PRKAR2B,Reactome_2022
Reactome_2022,Transcriptional Regulation By RUNX3 R-HSA-8878159,1/95,0.7594196976195435,0.8556990209312659,0,0,0.7047512938470385,0.1939480445458209,CDKN1A,Reactome_2022
Reactome_2022,Mitotic G2-G2/M Phases R-HSA-453274,2/184,0.7608728998013279,0.8556990209312659,0,0,0.7271745203948594,0.1987287629003214,CDKN1A;PRKAR2B,Reactome_2022
Reactome_2022,HCMV Early Events R-HSA-9609690,1/96,0.7630093435588914,0.8556990209312659,0,0,0.6972972972972973,0.1886084608226599,H2BC21,Reactome_2022
Reactome_2022,Cilium Assembly R-HSA-5617833,2/186,0.766111478653022,0.8556990209312659,0,0,0.7191967575534267,0.1916138562191838,MKKS;PRKAR2B,Reactome_2022
Reactome_2022,Metabolism Of Vitamins And Cofactors R-HSA-196854,2/186,0.766111478653022,0.8556990209312659,0,0,0.7191967575534267,0.1916138562191838,NADK2;PTGS2,Reactome_2022
Reactome_2022,Anchoring Of Basal Body To Plasma Membrane R-HSA-5620912,1/97,0.7665456064030914,0.8556990209312659,0,0,0.6899985923423423,0.1834437729547006,PRKAR2B,Reactome_2022
Reactome_2022,"Signaling By Rho GTPases, Miro GTPases And RHOBTB3 R-HSA-9716542",8/660,0.767791527979035,0.8556990209312659,0,0,0.8088394506124356,0.2137253346838778,SLC4A7;FMNL3;DOCK5;H2BC21;EFHD2;FLNA;MAPK1;KCTD3,Reactome_2022
Reactome_2022,Cell Cycle Checkpoints R-HSA-69620,3/271,0.7696192207009077,0.8556990209312659,0,0,0.7399862930246726,0.1937723704138719,CDKN1A;CDC45;H2BC21,Reactome_2022
Reactome_2022,RUNX1 Regulates Transcription Of Genes Involved In Differentiation Of HSCs R-HSA-8939236,1/98,0.7700292773997405,0.8556990209312659,0,0,0.6828503761493452,0.1784470642502486,H2BC21,Reactome_2022
Reactome_2022,Hedgehog Off State R-HSA-5610787,1/98,0.7700292773997405,0.8556990209312659,0,0,0.6828503761493452,0.1784470642502486,PRKAR2B,Reactome_2022
Reactome_2022,CLEC7A (Dectin-1) Signaling R-HSA-5607764,1/99,0.7734611360023497,0.8556990209312659,0,0,0.6758480419194705,0.173611746721152,ITPR3,Reactome_2022
Reactome_2022,L1CAM Interactions R-HSA-373760,1/99,0.7734611360023497,0.8556990209312659,0,0,0.6758480419194705,0.173611746721152,MAPK1,Reactome_2022
Reactome_2022,mRNA Splicing R-HSA-72172,2/189,0.7737827819788938,0.8556990209312659,0,0,0.7075500770416024,0.1814611853772417,LSM7;SNRPF,Reactome_2022
Reactome_2022,Transcriptional Regulation By TP53 R-HSA-3700989,4/354,0.7738600147099917,0.8556990209312659,0,0,0.754870794734276,0.1935219087643627,CDKN1A;TAF10;FOS;COX5B,Reactome_2022
Reactome_2022,Stimuli-sensing Channels R-HSA-2672351,1/100,0.7768419503727892,0.8576624638432502,0,0,0.668987168987169,0.1689315423580777,SLC9B2,Reactome_2022
Reactome_2022,RHO GTPase Cycle R-HSA-9012999,5/441,0.786931444405248,0.8674546619722966,0,0,0.756684365967073,0.1813122769248561,SLC4A7;FMNL3;DOCK5;EFHD2;KCTD3,Reactome_2022
Reactome_2022,Antigen processing-Cross Presentation R-HSA-1236975,1/104,0.7898697320017177,0.8690626636275509,0,0,0.6428758855943322,0.151646220448658,LNPEP,Reactome_2022
Reactome_2022,SARS-CoV-2-host Interactions R-HSA-9705683,2/196,0.7908348007975042,0.8690626636275509,0,0,0.681775292678665,0.1599896046255424,SNRPF;RPS21,Reactome_2022
Reactome_2022,TCF Dependent Signaling In Response To WNT R-HSA-201681,2/198,0.7954947917410188,0.8728345631602846,0,0,0.6747492217225873,0.1543765345971526,H2BC21;WNT9A,Reactome_2022
Reactome_2022,Gene Silencing By RNA R-HSA-211000,1/108,0.8021393668676192,0.877607104330941,0,0,0.6187168476888103,0.13641030515267,H2BC21,Reactome_2022
Reactome_2022,Ub-specific Processing Proteases R-HSA-5689880,2/201,0.8023131052251922,0.877607104330941,0,0,0.6644749169576697,0.1463548144178729,H2BC21;TAF10,Reactome_2022
Reactome_2022,Signaling By NOTCH R-HSA-157118,2/203,0.8067461526872547,0.8807792115762696,0,0,0.6577957669280715,0.1412591524832278,H2BC21;DTX1,Reactome_2022
Reactome_2022,Assembly Of Pre-Replicative Complex R-HSA-68867,1/110,0.8080037238570331,0.8807792115762696,0,0,0.6073022563848252,0.1294699249438597,H2BC21,Reactome_2022
Reactome_2022,Transcriptional Regulation By RUNX1 R-HSA-8878171,2/204,0.8089294306038032,0.8807792115762696,0,0,0.654505789562007,0.1387837613077117,NR4A3;H2BC21,Reactome_2022
Reactome_2022,Golgi-to-ER Retrograde Transport R-HSA-8856688,1/112,0.8136948343010215,0.8846131914190005,0,0,0.5962990017044071,0.1229388934507574,KDELR2,Reactome_2022
Reactome_2022,Reproduction R-HSA-1474165,1/113,0.8164770221439726,0.8862826912127703,0,0,0.5909447393822393,0.1198178922869689,H2BC21,Reactome_2022
Reactome_2022,HDR Thru Homologous Recombination (HRR) Or Single Strand Annealing (SSA) R-HSA-5693567,1/114,0.819217799524178,0.8865507693480831,0,0,0.5856852427648888,0.1167887397809687,H2BC21,Reactome_2022
Reactome_2022,Macroautophagy R-HSA-1632852,1/114,0.819217799524178,0.8865507693480831,0,0,0.5856852427648888,0.1167887397809687,TOMM7,Reactome_2022
Reactome_2022,TCR Signaling R-HSA-202403,1/116,0.824577571045749,0.8909949133944188,0,0,0.5754406580493537,0.1109933297681323,PLCG1,Reactome_2022
Reactome_2022,Neutrophil Degranulation R-HSA-6798695,5/468,0.8276620418365412,0.8925803009556427,0,0,0.7115595135950767,0.1345917452385455,CD53;RAP1B;RAB24;MAPK1;HSPA1B,Reactome_2022
Reactome_2022,Chromosome Maintenance R-HSA-73886,1/118,0.8297789551735959,0.8925803009556427,0,0,0.5655463155463155,0.1055286422506278,H2BC21,Reactome_2022
Reactome_2022,RHO GTPases Activate Formins R-HSA-5663220,1/119,0.8323217152371183,0.8925803009556427,0,0,0.5607249198350893,0.1029133411806517,FMNL3,Reactome_2022
Reactome_2022,Synthesis Of DNA R-HSA-69239,1/119,0.8323217152371183,0.8925803009556427,0,0,0.5607249198350893,0.1029133411806517,CDC45,Reactome_2022
Reactome_2022,Homology Directed Repair R-HSA-5693538,1/119,0.8323217152371183,0.8925803009556427,0,0,0.5607249198350893,0.1029133411806517,H2BC21,Reactome_2022
Reactome_2022,HCMV Infection R-HSA-9609646,1/121,0.8372942224843754,0.8965605304011911,0,0,0.5513231981981982,0.0979038356884094,H2BC21,Reactome_2022
Reactome_2022,Innate Immune System R-HSA-168249,12/1035,0.8473994896019341,0.906016597153346,0,0,0.7688429284354581,0.1273073517566695,CD53;NANOS1;RAP1B;MYO1E;RAB24;MAPK1;ITPR3;FYN;PLCG1;FOS;HRAS;HSPA1B,Reactome_2022
Reactome_2022,Glycerophospholipid Biosynthesis R-HSA-1483206,1/127,0.8513470581161361,0.908870507988848,0,0,0.5249088374088374,0.0844764187894037,CHKA,Reactome_2022
Reactome_2022,Autophagy R-HSA-9612973,1/128,0.8535686357278358,0.909876011997738,0,0,0.5207490955522451,0.0824498518525414,TOMM7,Reactome_2022
Reactome_2022,HIV Infection R-HSA-162906,2/229,0.8568123333891284,0.9117730178821416,0,0,0.5816769954453819,0.089890248620047,TAF10;FYN,Reactome_2022
Reactome_2022,Host Interactions Of HIV Factors R-HSA-162909,1/130,0.8579130083869939,0.9117730178821416,0,0,0.5126230882044835,0.078560807482717,FYN,Reactome_2022
Reactome_2022,ER To Golgi Anterograde Transport R-HSA-199977,1/133,0.8641898719182729,0.9170731327371524,0,0,0.5008957821457821,0.0731121384263953,KDELR2,Reactome_2022
Reactome_2022,Class A/1 (Rhodopsin-like Receptors) R-HSA-373076,3/327,0.8667687873785886,0.9179604281764892,0,0,0.610323759133283,0.0872659336431732,CYSLTR2;OPRM1;ADRA2C,Reactome_2022
Reactome_2022,Signaling By Hedgehog R-HSA-5358351,1/135,0.8682201320277412,0.9179604281764892,0,0,0.4933693021379589,0.0697180102377275,PRKAR2B,Reactome_2022
Reactome_2022,Metabolism Of RNA R-HSA-8953854,7/666,0.8689726170655823,0.9179604281764892,0,0,0.6975459159646277,0.0979659049925846,LSM7;PAN3;RPL36A;RPL35A;RPL38;SNRPF;RPS21,Reactome_2022
Reactome_2022,Late Phase Of HIV Life Cycle R-HSA-162599,1/136,0.8701903355709616,0.9179604281764892,0,0,0.4896896896896897,0.0680880776500497,TAF10,Reactome_2022
Reactome_2022,Metabolism R-HSA-1430728,25/2049,0.8753719130647506,0.9220584150948704,0,0,0.8028202016972797,0.1068605385482733,LIPT2;RPL36A;NDUFB1;UQCR11;CACNA1D;ITPR3;PTGS2;COX5B;NUDT3;TM7SF2;NADK2;CYSLTR2;PRKAR2B;RPL38;PLCG1;CHKA;GLRX5;RPL35A;PTGR1;ADRA2C;SGPP1;GNG13;GLUD1;NDUFS6;RPS21,Reactome_2022
Reactome_2022,Processing Of Capped Intron-Containing Pre-mRNA R-HSA-72203,2/242,0.8771404391865721,0.9225545151799598,0,0,0.5498022598870056,0.0720725685519933,LSM7;SNRPF,Reactome_2022
Reactome_2022,RHOA GTPase Cycle R-HSA-8980692,1/147,0.8900177021128723,0.9345353297659224,0,0,0.452540725657164,0.0527272968200026,FMNL3,Reactome_2022
Reactome_2022,"Cell Cycle, Mitotic R-HSA-69278",5/523,0.8911602722662382,0.9345353297659224,0,0,0.6341897180938277,0.0730783081765056,CDKN1A;CDC45;PRKAR2B;H2BC21;MAPK1,Reactome_2022
Reactome_2022,HIV Life Cycle R-HSA-162587,1/149,0.8932837749955689,0.9353825685152424,0,0,0.4463796566837107,0.0503743778857614,TAF10,Reactome_2022
Reactome_2022,Metabolism Of Steroids R-HSA-8957322,1/153,0.8995287464492404,0.9405366745961912,0,0,0.4345439189189189,0.0460113647027311,TM7SF2,Reactome_2022
Reactome_2022,Regulation Of TP53 Activity R-HSA-5633007,1/157,0.9054094161773992,0.9452952935420422,0,0,0.4233151420651421,0.0420639976690049,TAF10,Reactome_2022
Reactome_2022,Protein Localization R-HSA-9609507,1/164,0.9148870105095072,0.9523933594030156,0,0,0.4049908804510032,0.0360258451541866,TOMM7,Reactome_2022
Reactome_2022,Transport To Golgi And Subsequent Modification R-HSA-948021,1/164,0.9148870105095072,0.9523933594030156,0,0,0.4049908804510032,0.0360258451541866,KDELR2,Reactome_2022
Reactome_2022,SUMO E3 Ligases SUMOylate Target Proteins R-HSA-3108232,1/168,0.9198714274554384,0.9560151225554716,0,0,0.3952095808383233,0.0330084462101775,NSMCE4A,Reactome_2022
Reactome_2022,Deubiquitination R-HSA-5688426,2/279,0.9213281464400342,0.9560151225554716,0,0,0.4754573823655387,0.0389585084191888,H2BC21;TAF10,Reactome_2022
Reactome_2022,M Phase R-HSA-68886,3/380,0.9235327361865991,0.9560151225554716,0,0,0.523087749688735,0.0416111241471334,PRKAR2B;H2BC21;MAPK1,Reactome_2022
Reactome_2022,Asparagine N-linked Glycosylation R-HSA-446203,2/282,0.9241650932460794,0.9560151225554716,0,0,0.4702905569007264,0.0370892535889232,CMAS;KDELR2,Reactome_2022
Reactome_2022,SARS-CoV-2 Infection R-HSA-9694516,2/283,0.9250891762562088,0.9560151225554716,0,0,0.4685927981181012,0.0364870435253138,SNRPF;RPS21,Reactome_2022
Reactome_2022,SUMOylation R-HSA-2990846,1/174,0.9268077920496692,0.9564010742341288,0,0,0.3813857209810967,0.0289887773887636,NSMCE4A,Reactome_2022
Reactome_2022,Apoptosis R-HSA-109581,1/178,0.9310961938951792,0.9577020006948684,0,0,0.3726904870972667,0.0266073741180683,MAPK1,Reactome_2022
Reactome_2022,RAC1 GTPase Cycle R-HSA-9013149,1/178,0.9310961938951792,0.9577020006948684,0,0,0.3726904870972667,0.0266073741180683,DOCK5,Reactome_2022
Reactome_2022,Extracellular Matrix Organization R-HSA-1474244,2/291,0.9321094015201814,0.9577020006948684,0,0,0.4554336989032901,0.0320193060883325,PXDN;F11R,Reactome_2022
Reactome_2022,Intra-Golgi And Retrograde Golgi-to-ER Traffic R-HSA-6811442,1/181,0.9341473097006096,0.9580408658361432,0,0,0.3664226726726727,0.0249611279946111,KDELR2,Reactome_2022
Reactome_2022,Cellular Response To Chemical Stress R-HSA-9711123,1/182,0.935134122208556,0.9580408658361432,0,0,0.3643795729431088,0.024437230390267,COX5B,Reactome_2022
Reactome_2022,Mitotic Prometaphase R-HSA-68877,1/186,0.9389361599821356,0.9599516875188896,0,0,0.3564280496712929,0.0224577434630609,PRKAR2B,Reactome_2022
Reactome_2022,Metabolism Of Proteins R-HSA-392499,21/1890,0.939699542212584,0.9599516875188896,0,0,0.726021820550399,0.0451549930204065,CMAS;WSB2;ZBTB16;TAF10;IGFBP2;KLK13;RPL36A;RPL35A;HIF3A;FBXO32;ADRA2C;GNG13;NSMCE4A;H2BC21;RAB24;RPL38;KDELR2;DCAF10;RPS21;PFDN6;SOCS5,Reactome_2022
Reactome_2022,Membrane Trafficking R-HSA-199991,5/599,0.9452819304733056,0.9642689419892686,0,0,0.5508567409252341,0.0309978418456657,SH3GL3;MYO1E;UBQLN1;KDELR2;LNPEP,Reactome_2022
Reactome_2022,Peptide Ligand-Binding Receptors R-HSA-375276,1/196,0.947497428072237,0.9651442283085396,0,0,0.3379764379764379,0.018227426360304,OPRM1,Reactome_2022
Reactome_2022,Phospholipid Metabolism R-HSA-1483257,1/208,0.956206173433115,0.9698467750512764,0,0,0.3181877529703616,0.014248996959596,CHKA,Reactome_2022
Reactome_2022,Programmed Cell Death R-HSA-5357801,1/208,0.956206173433115,0.9698467750512764,0,0,0.3181877529703616,0.014248996959596,MAPK1,Reactome_2022
Reactome_2022,Keratinization R-HSA-6805567,1/208,0.956206173433115,0.9698467750512764,0,0,0.3181877529703616,0.014248996959596,KLK13,Reactome_2022
Reactome_2022,Vesicle-mediated Transport R-HSA-5653656,5/637,0.961964972819598,0.974297857086516,0,0,0.5167060430032946,0.0200364341200217,SH3GL3;MYO1E;UBQLN1;KDELR2;LNPEP,Reactome_2022
Reactome_2022,Cell Cycle R-HSA-1640170,5/654,0.9678004806873935,0.9788138574235232,0,0,0.50272284019672,0.0164537807010017,CDKN1A;CDC45;PRKAR2B;H2BC21;MAPK1,Reactome_2022
Reactome_2022,SARS-CoV Infections R-HSA-9679506,2/369,0.974653803428386,0.9843449634056568,0,0,0.3571976169583891,0.0091703145759026,SNRPF;RPS21,Reactome_2022
Reactome_2022,Sensory Perception R-HSA-9709957,4/616,0.9827400058407322,0.9895891980568006,0,0,0.4258627227910504,0.0074145614286716,MYO1E;CACNA1D;ITPR3;GNG13,Reactome_2022
Reactome_2022,Gene Expression (Transcription) R-HSA-74160,13/1449,0.9845465209786872,0.9895891980568006,0,0,0.5822879477421633,0.0090686273878641,CDKN1A;TAF10;FOS;OPRM1;BAZ1B;COX5B;FBXO32;MYO1E;NR4A3;H2BC21;MAPK1;SNRPF;FKBP5,Reactome_2022
Reactome_2022,Generic Transcription Pathway R-HSA-212436,10/1190,0.984684849707672,0.9895891980568006,0,0,0.5469497431051792,0.0084414246347292,CDKN1A;NR4A3;H2BC21;TAF10;MAPK1;FOS;OPRM1;COX5B;FBXO32;FKBP5,Reactome_2022
Reactome_2022,Metabolism Of Lipids R-HSA-556833,5/732,0.9854137162084596,0.9895891980568006,0,0,0.44694842757815,0.006567330372843,CHKA;PTGR1;PTGS2;SGPP1;TM7SF2,Reactome_2022
Reactome_2022,Post-translational Protein Modification R-HSA-597592,12/1383,0.9868166619431664,0.989600347872484,0,0,0.5630004990594648,0.0074715850540896,CMAS;NSMCE4A;WSB2;ZBTB16;H2BC21;TAF10;RAB24;KDELR2;HIF3A;DCAF10;FBXO32;SOCS5,Reactome_2022
Reactome_2022,RNA Polymerase II Transcription R-HSA-73857,11/1312,0.98848761584261,0.9898798519212616,0,0,0.5440193933660498,0.0062992901459889,CDKN1A;NR4A3;H2BC21;TAF10;MAPK1;FOS;SNRPF;OPRM1;COX5B;FBXO32;FKBP5,Reactome_2022
Reactome_2022,Olfactory Signaling Pathway R-HSA-381753,1/401,0.997664752254408,0.997664752254408,0,0,0.1630320945945945,0.00038116556279445295,GNG13,Reactome_2022
