gene_symbol,group,log2FC,padj,direction
Hif3a,Acc3_accumbens_GLP_1,0.7232104932061383,3.3653978984312074e-09,UP
Arrdc2,Acc3_accumbens_GLP_1,0.9465969455884748,1.0261374077462596e-06,UP
Xdh,Acc3_accumbens_GLP_1,0.7871063246824131,1.0261374077462596e-06,UP
Plin4,Acc3_accumbens_GLP_1,1.0452815683337469,5.171704521694488e-05,UP
Sult1a1,Acc3_accumbens_GLP_1,0.5207844657307026,7.329348956813061e-05,UP
Zbtb16,Acc3_accumbens_GLP_1,0.7639335372552917,0.0001924875129194,UP
Nfkbia,Acc3_accumbens_GLP_1,0.6752762652003109,0.0002026082404342,UP
Fkbp5,Acc3_accumbens_GLP_1,0.5312424400106062,0.0002026082404342,UP
Cdkn1a,Acc3_accumbens_GLP_1,0.7544816512050618,0.0002564436471574,UP
Galnt15,Acc3_accumbens_GLP_1,0.8016905232523706,0.00036057117304,UP
Ddit4,Acc3_accumbens_GLP_1,0.5644977774120019,0.0029591518953032,UP
Cebpd,Acc3_accumbens_GLP_1,0.6814303879771819,0.0068429479510671,UP
Trim59,Acc3_accumbens_GLP_1,-0.6425611367142475,0.0079486415691106,DOWN
Pla2g3,Acc3_accumbens_GLP_1,0.5598794116870516,0.0190265562794723,UP
Ada,Acc3_accumbens_GLP_1,0.9858902237497004,0.0196821614781098,UP
Tlr7,Acc3_accumbens_GLP_1,0.6998145724315262,0.0196821614781098,UP
Smim3,Acc3_accumbens_GLP_1,0.5519509508573367,0.0247223761013847,UP
Map3k6,Acc3_accumbens_GLP_1,0.5511259163726181,0.0378374361191813,UP
Sgk1,Acc3_accumbens_GLP_1,0.7281484228562426,0.0411239780455169,UP
Arl4d,Acc3_accumbens_GLP_1,0.6856764200609967,0.0485597782314376,UP
Cdkn1a,Acc3_brainstem_GLP_1,1.0778622968225204,4.0309866271798585e-14,UP
Fkbp5,Acc3_brainstem_GLP_1,0.5640280346698718,4.923129477411949e-12,UP
Plin4,Acc3_brainstem_GLP_1,1.0561328680385345,2.5297630161045084e-11,UP
Arrdc2,Acc3_brainstem_GLP_1,1.0787258531077486,3.041385462885835e-11,UP
Hif3a,Acc3_brainstem_GLP_1,0.6183911907826265,3.1402620401151426e-11,UP
Xdh,Acc3_brainstem_GLP_1,0.9166600272826356,7.665466574516036e-10,UP
Nfkbia,Acc3_brainstem_GLP_1,0.8870098528262664,9.022975429343856e-10,UP
Trim59,Acc3_brainstem_GLP_1,-0.7465433730808878,6.3400775960578805e-09,DOWN
Hspa1b,Acc3_brainstem_GLP_1,-1.3358794505357152,1.887188338308157e-07,DOWN
Ddit4,Acc3_brainstem_GLP_1,0.6689391346587851,3.5244726347117815e-07,UP
Mt1,Acc3_brainstem_GLP_1,0.5203826027621455,7.974379113642013e-07,UP
Pla2g3,Acc3_brainstem_GLP_1,0.7912921670285753,1.6514128447307787e-06,UP
Angptl4,Acc3_brainstem_GLP_1,0.8889478326289029,1.8869992485246936e-06,UP
Sult1a1,Acc3_brainstem_GLP_1,0.6266703146433322,3.0669390564935034e-06,UP
Fmo2,Acc3_brainstem_GLP_1,0.7364897508428091,1.4563705863375152e-05,UP
Nrros,Acc3_brainstem_GLP_1,0.5280475885256788,2.262122470972745e-05,UP
Arl4d,Acc3_brainstem_GLP_1,0.9036669213248087,5.147818370108421e-05,UP
Map3k6,Acc3_brainstem_GLP_1,0.6695045793615323,5.147818370108421e-05,UP
Net1,Acc3_brainstem_GLP_1,0.6545036068616664,8.103196765966213e-05,UP
Plekhf1,Acc3_brainstem_GLP_1,0.5258417507016953,0.0001652435298019,UP
Gm19439,Acc3_brainstem_GLP_1,0.5823573323365744,0.000178240238653,UP
Gdf1,Acc3_brainstem_GLP_1,0.7797513836555605,0.0002513645810677,UP
Itgb8,Acc3_brainstem_GLP_1,-0.5256157738998501,0.000367554130933,DOWN
Hspa1a,Acc3_brainstem_GLP_1,-0.6386552717409382,0.0003899035777103,DOWN
Il1r1,Acc3_brainstem_GLP_1,0.5919826720850012,0.0005079564797871,UP
Mt2,Acc3_brainstem_GLP_1,0.5033943387031521,0.0005822985320762,UP
Gm21986,Acc3_brainstem_GLP_1,-0.6025101211398797,0.0006344169658007,DOWN
Kcna1,Acc3_brainstem_GLP_1,-0.5507930320190821,0.0006404313851288,DOWN
Cebpd,Acc3_brainstem_GLP_1,0.6218691611549924,0.0010664686263441,UP
Prrg1,Acc3_brainstem_GLP_1,-0.581763634440852,0.0011597900958505,DOWN
Klhl11,Acc3_brainstem_GLP_1,-0.6438755154222973,0.0025888971444985,DOWN
Adcy9,Acc3_brainstem_GLP_1,-0.508178989479989,0.0031871445954601,DOWN
A230103l15rik,Acc3_brainstem_GLP_1,0.5261294688420936,0.0033055598823646,UP
Ptchd1,Acc3_brainstem_GLP_1,-0.5528613915702912,0.0036238644200295,DOWN
A330074k22rik,Acc3_brainstem_GLP_1,-0.5140988728882333,0.0062551124195641,DOWN
Aff2,Acc3_brainstem_GLP_1,-0.5756330311649825,0.0092077818363279,DOWN
Gabrb2,Acc3_brainstem_GLP_1,-0.8760025646305452,0.0110292211845166,DOWN
Sgk1,Acc3_brainstem_GLP_1,0.6958244983736962,0.0142568252897174,UP
Slc9a7,Acc3_brainstem_GLP_1,-0.542453066536986,0.0164907525130435,DOWN
Kcnj6,Acc3_brainstem_GLP_1,-0.5264212649091718,0.0179431020288359,DOWN
Lancl3,Acc3_brainstem_GLP_1,-0.6296729458668605,0.0180768361558869,DOWN
Gucy1a2,Acc3_brainstem_GLP_1,-0.5112728145877042,0.0275238176741184,DOWN
Fos,Acc3_brainstem_GLP_1,-0.5046685339633656,0.0359830055744725,DOWN
Kcna5,Acc3_brainstem_GLP_1,0.725610956729666,0.0466053179045581,UP
Zbtb16,Acc3_brainstem_GLP_1_MK_801,0.6380642367341043,1.2234460443584704e-11,UP
Kcna1,Acc3_brainstem_GLP_1_MK_801,0.7631419707894431,1.00951822923125e-06,UP
Kcnh5,Acc3_brainstem_GLP_1_MK_801,0.7355547769378982,1.00951822923125e-06,UP
Dgki,Acc3_brainstem_GLP_1_MK_801,0.5349530850813269,1.5710830620899344e-06,UP
Shc3,Acc3_brainstem_GLP_1_MK_801,0.7499877617473598,9.174000172294744e-06,UP
Map3k9,Acc3_brainstem_GLP_1_MK_801,0.5359898839666767,1.5336922383969836e-05,UP
Gdf1,Acc3_brainstem_GLP_1_MK_801,-0.92048832290216,1.6386003252341998e-05,DOWN
Aff2,Acc3_brainstem_GLP_1_MK_801,0.9050257269567475,2.0349786965663003e-05,UP
Lonrf3,Acc3_brainstem_GLP_1_MK_801,0.6026050088092768,4.231113984403749e-05,UP
Itgb8,Acc3_brainstem_GLP_1_MK_801,0.5855890554932944,4.231113984403749e-05,UP
Gucy1a2,Acc3_brainstem_GLP_1_MK_801,0.8738475599698694,4.3225266235086366e-05,UP
Gm21986,Acc3_brainstem_GLP_1_MK_801,0.6659784705466756,5.2491715372713184e-05,UP
Plin4,Acc3_brainstem_GLP_1_MK_801,0.6542065336065013,0.0001480295714926,UP
A330074k22rik,Acc3_brainstem_GLP_1_MK_801,0.6834531152951463,0.0001632914194128,UP
Slc9a7,Acc3_brainstem_GLP_1_MK_801,0.8194176972074514,0.0001635029278474,UP
Adcy9,Acc3_brainstem_GLP_1_MK_801,0.6143206246598242,0.0002429834080259,UP
Epha6,Acc3_brainstem_GLP_1_MK_801,0.6642595879064925,0.0002617848694567,UP
Lingo4,Acc3_brainstem_GLP_1_MK_801,0.6192508849247131,0.0007343399718038,UP
Klhl11,Acc3_brainstem_GLP_1_MK_801,0.6730873059993395,0.001289751927015,UP
Hspa1b,Acc3_brainstem_GLP_1_MK_801,-0.8594510430157639,0.001314564413165,DOWN
Kcna3,Acc3_brainstem_GLP_1_MK_801,0.988033706422705,0.0020708572942419,UP
Kcnj6,Acc3_brainstem_GLP_1_MK_801,0.5882312916587168,0.0060216515604484,UP
Gabrb2,Acc3_brainstem_GLP_1_MK_801,0.8177453663651115,0.0183573341168238,UP
Slc6a20a,Acc3_brainstem_GLP_1_MK_801,-0.7181592932211405,0.0262073471140299,DOWN
Eps8l2,Acc3_brainstem_GLP_1_MK_801,-0.629442880655819,0.0468463650711847,DOWN
Xdh,Acc3_hypothalamus_GLP_1,0.8967628574433324,0.0020643000595941,UP
Xdh,Acc3_hypothalamus_GLP_1_MK_801,0.9917070452121696,1.955078835699492e-05,UP
Zbtb16,Acc3_hypothalamus_GLP_1_MK_801,0.8975438382796251,3.513630772852812e-05,UP
Hif3a,Acc3_hypothalamus_GLP_1_MK_801,0.9911298854018638,4.7408820214107006e-05,UP
Glra1,Acc3_hypothalamus_GLP_1_MK_801,0.7735377507400855,5.613186929992537e-05,UP
Hr,Acc3_hypothalamus_GLP_1_MK_801,0.7573147029123168,0.0003933191495165,UP
Gm50152,Acc3_hypothalamus_GLP_1_MK_801,-0.7118599522794677,0.0004067558269633,DOWN
Fkbp5,Acc3_hypothalamus_GLP_1_MK_801,0.5571633620119996,0.0004650119251824,UP
Trim59,Acc3_hypothalamus_GLP_1_MK_801,-0.8277829854290607,0.0004764922666162,DOWN
Map3k6,Acc3_hypothalamus_GLP_1_MK_801,0.8531746598358223,0.0005469093856986,UP
Hspa1b,Acc3_hypothalamus_GLP_1_MK_801,-1.503696983600912,0.0006682824606294,DOWN
C1qa,Acc3_hypothalamus_GLP_1_MK_801,0.5102561444347723,0.0008562498526704,UP
Gulp1,Acc3_hypothalamus_GLP_1_MK_801,-0.8614296777241693,0.0009235180144567,DOWN
Rps29,Acc3_hypothalamus_GLP_1_MK_801,0.7391226085103191,0.0009421567686949,UP
Hspa1a,Acc3_hypothalamus_GLP_1_MK_801,-0.8075448829630265,0.0015197003672266,DOWN
Atad2,Acc3_hypothalamus_GLP_1_MK_801,-0.5003526498781976,0.0015197003672266,DOWN
Gm44256,Acc3_hypothalamus_GLP_1_MK_801,-0.6126701788459618,0.0015978823166812,DOWN
Mrpl52,Acc3_hypothalamus_GLP_1_MK_801,0.5252634777117299,0.0017595537935671,UP
Qk,Acc3_hypothalamus_GLP_1_MK_801,-0.5768816845039981,0.002617426624994,DOWN
Aspa,Acc3_hypothalamus_GLP_1_MK_801,-0.6091134103825555,0.0026364213890148,DOWN
Mt2,Acc3_hypothalamus_GLP_1_MK_801,0.7267941249342127,0.0026404336294984,UP
Plin4,Acc3_hypothalamus_GLP_1_MK_801,1.2515993698780792,0.0032908351399286,UP
Prrx1,Acc3_hypothalamus_GLP_1_MK_801,-0.5422368624798433,0.0037195021908693,DOWN
Zfand6,Acc3_hypothalamus_GLP_1_MK_801,-0.6066988778896786,0.004208813058636,DOWN
Bmi1,Acc3_hypothalamus_GLP_1_MK_801,-0.580672333904205,0.0042585048268742,DOWN
Srsf10,Acc3_hypothalamus_GLP_1_MK_801,-0.522612807800603,0.0042585048268742,DOWN
Rnf11,Acc3_hypothalamus_GLP_1_MK_801,-0.5858434832187301,0.0052219870845631,DOWN
Gm45871,Acc3_hypothalamus_GLP_1_MK_801,-0.571079262079584,0.0056082836504523,DOWN
Tekt4,Acc3_hypothalamus_GLP_1_MK_801,0.6157435592182513,0.0059096309536353,UP
Gm10033,Acc3_hypothalamus_GLP_1_MK_801,-0.6693226879049989,0.0064544857086296,DOWN
Zmym1,Acc3_hypothalamus_GLP_1_MK_801,-0.5843304944566864,0.0065433460075065,DOWN
Sult1a1,Acc3_hypothalamus_GLP_1_MK_801,0.6357694835554295,0.0068164111663283,UP
Lipo3,Acc3_hypothalamus_GLP_1_MK_801,-0.7918420853820197,0.0082376521675442,DOWN
Ecm2,Acc3_hypothalamus_GLP_1_MK_801,-0.5708439858442825,0.0089362448220055,DOWN
Nr4a3,Acc3_hypothalamus_GLP_1_MK_801,-0.5110902645458302,0.009176229316358,DOWN
Klhl15,Acc3_hypothalamus_GLP_1_MK_801,-0.6908914678459133,0.009620155541979,DOWN
C1galt1,Acc3_hypothalamus_GLP_1_MK_801,-0.6124397773456298,0.0096806582436557,DOWN
Slc5a3,Acc3_hypothalamus_GLP_1_MK_801,-0.5270797629597093,0.0100024479258148,DOWN
Ada,Acc3_hypothalamus_GLP_1_MK_801,0.7777150857124965,0.0105296788953408,UP
Gm10010,Acc3_hypothalamus_GLP_1_MK_801,0.6864581595916938,0.0106748134135204,UP
A230103l15rik,Acc3_hypothalamus_GLP_1_MK_801,-0.5714333567234464,0.0110730790518661,DOWN
Dbf4,Acc3_hypothalamus_GLP_1_MK_801,-0.5316533199745731,0.0115762163791388,DOWN
Gm27252,Acc3_hypothalamus_GLP_1_MK_801,0.7152495274531797,0.0123398185244756,UP
Zfp976,Acc3_hypothalamus_GLP_1_MK_801,-0.5232463606782758,0.013301580014047,DOWN
Med9os,Acc3_hypothalamus_GLP_1_MK_801,0.6764982064082901,0.0141218826921726,UP
Brwd3,Acc3_hypothalamus_GLP_1_MK_801,-0.5459981250916004,0.0141322742335365,DOWN
Angptl4,Acc3_hypothalamus_GLP_1_MK_801,0.5074337612173538,0.0150056603919488,UP
Zfp938,Acc3_hypothalamus_GLP_1_MK_801,-0.5442570973488534,0.0152928072137952,DOWN
Rpl23a,Acc3_hypothalamus_GLP_1_MK_801,0.5128611313709758,0.0152972719159052,UP
Casq1,Acc3_hypothalamus_GLP_1_MK_801,0.7216878834899225,0.0160558681687619,UP
Zfp52,Acc3_hypothalamus_GLP_1_MK_801,-0.6178940619368087,0.0167270069823961,DOWN
Spata9,Acc3_hypothalamus_GLP_1_MK_801,-0.8038274653034383,0.017895749290676,DOWN
Neto2,Acc3_hypothalamus_GLP_1_MK_801,-0.5130755272817701,0.018347688035297,DOWN
Zfp654,Acc3_hypothalamus_GLP_1_MK_801,-0.5567883214544972,0.0185482760862,DOWN
4930447c04rik,Acc3_hypothalamus_GLP_1_MK_801,-0.9382913788085004,0.0206407669964408,DOWN
Hs3st2,Acc3_hypothalamus_GLP_1_MK_801,0.5867468922200401,0.0211294530736584,UP
Uty,Acc3_hypothalamus_GLP_1_MK_801,-0.5636083131541344,0.0214945659934768,DOWN
Irak3,Acc3_hypothalamus_GLP_1_MK_801,0.6180887569190388,0.0221641155333182,UP
A330076h08rik,Acc3_hypothalamus_GLP_1_MK_801,-0.7560964334461734,0.0224505808397905,DOWN
Ppp1r3g,Acc3_hypothalamus_GLP_1_MK_801,0.6471988460998557,0.0248509698921767,UP
Eif4ebp1,Acc3_hypothalamus_GLP_1_MK_801,0.6485434256757058,0.025481375603968,UP
Npy,Acc3_hypothalamus_GLP_1_MK_801,0.5209448482644886,0.0259781584179572,UP
2300009a05rik,Acc3_hypothalamus_GLP_1_MK_801,-0.6758802619617237,0.0260761882581145,DOWN
Plekhf1,Acc3_hypothalamus_GLP_1_MK_801,0.5060151535610028,0.0261906054480456,UP
St8sia4,Acc3_hypothalamus_GLP_1_MK_801,-0.7641504601329789,0.0266327735018634,DOWN
Epm2aip1,Acc3_hypothalamus_GLP_1_MK_801,-0.5918074174462591,0.0277962476615944,DOWN
Calcrl,Acc3_hypothalamus_GLP_1_MK_801,-0.6118058041070503,0.0278141555035695,DOWN
Fmo2,Acc3_hypothalamus_GLP_1_MK_801,0.5164085975980006,0.0316521142500297,UP
Prrg1,Acc3_hypothalamus_GLP_1_MK_801,-0.9263377349930374,0.0326925726306283,DOWN
Glra3,Acc3_hypothalamus_GLP_1_MK_801,-0.6471137718440998,0.0330907474283027,DOWN
Arrdc2,Acc3_hypothalamus_GLP_1_MK_801,0.5280778064533489,0.0333999929761171,UP
4930522l14rik,Acc3_hypothalamus_GLP_1_MK_801,-0.5927637715996622,0.0335302082053999,DOWN
Zxdb,Acc3_hypothalamus_GLP_1_MK_801,-1.281680502234614,0.0339440166891419,DOWN
Gm26691,Acc3_hypothalamus_GLP_1_MK_801,-0.5430207521477506,0.0350986426781316,DOWN
Tmem47,Acc3_hypothalamus_GLP_1_MK_801,-0.6639345346990806,0.0355181339274867,DOWN
1700102p08rik,Acc3_hypothalamus_GLP_1_MK_801,-0.5505451535244577,0.0402067217697418,DOWN
Tlcd4,Acc3_hypothalamus_GLP_1_MK_801,-0.571798213389204,0.0409051936143584,DOWN
Rab39,Acc3_hypothalamus_GLP_1_MK_801,-0.5275314172305079,0.0416191240851624,DOWN
Atp11c,Acc3_hypothalamus_GLP_1_MK_801,-0.5780515537961738,0.044270920202866,DOWN
Gm5141,Acc3_hypothalamus_GLP_1_MK_801,-0.6696786225832865,0.0469772736450771,DOWN
Fam241a,Acc3_hypothalamus_GLP_1_MK_801,-0.6771606065195482,0.0474801557436809,DOWN
Epha6,Acc3_hypothalamus_conjugate_2,0.612077588029612,3.376326842609526e-06,UP
Dgki,Acc3_hypothalamus_conjugate_2,0.5276800099999963,3.376326842609526e-06,UP
Oprm1,Acc3_hypothalamus_conjugate_2,0.6399517139853567,5.456385087566189e-06,UP
Kcnj6,Acc3_hypothalamus_conjugate_2,0.5061137018812915,2.397940970298361e-05,UP
A330074k22rik,Acc3_hypothalamus_conjugate_2,0.5185995861579387,3.422322740910885e-05,UP
Glra1,Acc3_hypothalamus_conjugate_2,0.8121255211368861,4.244219929864711e-05,UP
Shc3,Acc3_hypothalamus_conjugate_2,0.7993394826280767,0.0001230546466294,UP
Gm44256,Acc3_hypothalamus_conjugate_2,-0.7646892359252258,0.0001877796667284,DOWN
Hspa1a,Acc3_hypothalamus_conjugate_2,-0.982091365383572,0.0002295576691359,DOWN
Gucy1a2,Acc3_hypothalamus_conjugate_2,0.6501500731499619,0.0005884438162149,UP
Hspa1b,Acc3_hypothalamus_conjugate_2,-1.473845250635483,0.0030015455706626,DOWN
Kcna3,Acc3_hypothalamus_conjugate_2,0.5262685660078289,0.0062074710328777,UP
Aff2,Acc3_hypothalamus_conjugate_2,0.5071483218764927,0.0062730882620443,UP
Fosl2,Acc3_hypothalamus_conjugate_2,-0.5536401786736906,0.0085624566218937,DOWN
Gm10010,Acc3_hypothalamus_conjugate_2,0.7945206406017425,0.0140063304134501,UP
Map3k6,Acc3_hypothalamus_conjugate_2,0.7157996599899462,0.0153219295664636,UP
Hif3a,Acc3_hypothalamus_conjugate_2,0.7064306087823286,0.0205439501721671,UP
Gm50152,Acc3_hypothalamus_conjugate_2,-0.554064226954612,0.0222459497510059,DOWN
Ctnna3,Acc3_hypothalamus_conjugate_2,0.6381479790051049,0.034515698689574,UP
Maff,Acc3_hypothalamus_conjugate_2,-0.6423280720088571,0.0497344155554031,DOWN
Nwd2,Acc4_hypothalamus_Lira,-1.88210314150124,0.0206089013436558,DOWN
Arhgef3,Acc5_arc_IP118_PY115,0.5485842982379538,0.0022614617154432,UP
Hif3a,Acc5_arc_IP118_PY115,1.3404892738534002,0.0043071979549082,UP
F3,Acc5_arc_IP118_PY115,0.5185212985358929,0.0062441933358479,UP
Zbtb16,Acc5_arc_IP118_PY115,1.1839366225684416,0.0120177941037626,UP
Mertk,Acc5_arc_IP118_PY115,0.6590232760243064,0.0124668159506677,UP
Cdkn1a,Acc5_arc_IP118_PY115,1.2196699924152254,0.0157214506287023,UP
Fosl2,Acc5_arc_IP118_PY115,0.8518583211636914,0.0235804211336106,UP
Fam107b,Acc5_arc_IP118_PY115,0.6186959402297776,0.0235804211336106,UP
Kcng1,Acc5_arc_IP118_PY115,-0.5775703433003693,0.0251254823002243,DOWN
Arl4d,Acc5_arc_IP118_PY115,1.252298898858489,0.043902904110856,UP
Map3k6,Acc5_nts_IP118_PY115,0.9979352954828928,0.0005817116491106,UP
Arrdc2,Acc5_nts_IP118_PY115,1.0665975282324371,0.0018990985568403,UP
Mertk,Acc5_nts_IP118_PY115,0.7201266751386312,0.0018990985568403,UP
F3,Acc5_nts_IP118_PY115,0.5480252452308263,0.0018990985568403,UP
Slc2a1,Acc5_nts_IP118_PY115,0.5338352128054018,0.0018990985568403,UP
Egr4,Acc5_nts_IP118_PY115,2.4407677003448778,0.004284900080143,UP
Hif3a,Acc5_nts_IP118_PY115,0.9862538593712664,0.0047874068220904,UP
Ptgs2,Acc5_nts_IP118_PY115,1.959004279200245,0.0052783508834512,UP
Nrros,Acc5_nts_IP118_PY115,0.8861867901404199,0.0052783508834512,UP
Islr2,Acc5_nts_IP118_PY115,1.2127708739432583,0.0092660286161282,UP
Gm13889,Acc5_nts_IP118_PY115,1.1157031905628805,0.0125547367809049,UP
Cdkn1a,Acc5_nts_IP118_PY115,1.4841157029056762,0.0159645738804752,UP
Cebpd,Acc5_nts_IP118_PY115,0.7728915612673121,0.0170189498439532,UP
Tent5a,Acc5_nts_IP118_PY115,0.7830007185177369,0.0176398552801624,UP
Il1r1,Acc5_nts_IP118_PY115,0.9566349688348372,0.0184469083727497,UP
Fosl2,Acc5_nts_IP118_PY115,1.9129599705195568,0.0185144107432648,UP
Nr4a3,Acc5_nts_IP118_PY115,1.1494804028903285,0.0185144107432648,UP
Net1,Acc5_nts_IP118_PY115,0.583734513077868,0.0185144107432648,UP
Fkbp5,Acc5_nts_IP118_PY115,0.576010445373941,0.0185144107432648,UP
Smim3,Acc5_nts_IP118_PY115,0.631666187791977,0.0240649300779319,UP
Nptx2,Acc5_nts_IP118_PY115,1.3523469442702056,0.0244714198511889,UP
Plekho2,Acc5_nts_IP118_PY115,-0.5382976287400971,0.0360209735701398,DOWN
Fos,Acc5_nts_IP118_PY115,1.5129362046143422,0.0468252449143695,UP
Sult1a1,Acc5_nts_IP118_PY115,0.8615208856024891,0.049288105582861,UP
Zbtb16,Acc5_pvn_IP118_PY115,1.1594731060946444,2.617570604431246e-05,UP
Map3k6,Acc5_pvn_IP118_PY115,0.908600087696785,0.0002915104782741,UP
Hs3st2,Acc5_pvn_IP118_PY115,1.9593771716408168,0.0004417011803651,UP
Setx,Acc5_pvn_IP118_PY115,0.5146470486235808,0.0004876786752364,UP
Nptx2,Acc5_pvn_IP118_PY115,1.3746956272620354,0.0009443196589287,UP
Fkbp5,Acc5_pvn_IP118_PY115,0.6543317624357061,0.0010747245190544,UP
Fam107b,Acc5_pvn_IP118_PY115,1.2616303389225236,0.0012439971717833,UP
Plekho2,Acc5_pvn_IP118_PY115,-0.6418758046135085,0.0018162234617636,DOWN
Arl4d,Acc5_pvn_IP118_PY115,0.9712620371156342,0.0051106896028686,UP
Arhgef3,Acc5_pvn_IP118_PY115,0.5200444377325586,0.0079401041900032,UP
Lancl3,Acc5_pvn_IP118_PY115,0.5018389145158607,0.0093629929485937,UP
Irak3,Acc5_pvn_IP118_PY115,1.3752182984546235,0.0098318623204767,UP
St3gal1,Acc5_pvn_IP118_PY115,0.5863793332128603,0.0102167222774153,UP
Net1,Acc5_pvn_IP118_PY115,0.5907808186616815,0.0140884713098713,UP
Cdkn1a,Acc5_pvn_IP118_PY115,1.4819677804759148,0.0146208748772318,UP
Galnt15,Acc5_pvn_IP118_PY115,0.6285097642716405,0.0169032815142685,UP
Maff,Acc5_pvn_IP118_PY115,1.1926144722242298,0.0176401375278702,UP
Tekt4,Acc5_pvn_IP118_PY115,0.8433772830353379,0.0248157114866786,UP
Fosb,Acc5_pvn_IP118_PY115,1.745229956588727,0.0355196410494673,UP
Adap2,Acc5_pvn_IP118_PY115,0.637552228528279,0.0398379314875492,UP
Lonrf3,Acc5_pvn_IP118_PY115,0.5360864333103621,0.0403207593855752,UP
Slc2a1,Acc5_pvn_IP118_PY115,0.5319926422779415,0.0431753348948774,UP
Itpr3,Acc6_dvc_AC3174,-10.074276687836418,0.0007379563713289,DOWN
Zfp385c,Acc6_dvc_AC3174,6.407215773945922,0.0007379563713289,UP
Slc5a11,Acc6_dvc_AC3174,-43.28070939472687,0.0015514439430135,DOWN
Nadk2,Acc6_dvc_AC3174,1.3974127682885773,0.0026716915164871,UP
Xkr8,Acc6_dvc_AC3174,4.947200598517058,0.0035042515010514,UP
Lrrk1,Acc6_dvc_AC3174,10.592105779171082,0.0051618489163919,UP
Ppp1r17,Acc6_dvc_AC3174,10.5974762708402,0.0057681913852083,UP
Ccn1,Acc6_dvc_AC3174,9.546252512622068,0.0094930625675194,UP
Jsrp1,Acc6_dvc_AC3174,-9.40500023404446,0.025170200428009,DOWN
Fam167a,Acc6_dvc_AC3174,9.205600803704389,0.034731819051681,UP
Slc10a4-ps,Acc6_dvc_AC3174,6.744809588468569,0.0492314801765641,UP
Ripk4,Acc6_dvc_AC710222,16.377188577347972,6.954856616518813e-05,UP
Itpr3,Acc6_dvc_AC710222,-7.787179378440488,0.0003972268880363,DOWN
Zfp385c,Acc6_dvc_AC710222,6.0836159432608,0.0019005990581632,UP
Ccn1,Acc6_dvc_AC710222,10.02279752854774,0.0060668485423462,UP
Serpina9,Acc6_dvc_AC710222,-7.516410062958008,0.0109921001906606,DOWN
Xkr8,Acc6_dvc_AC710222,4.392526380429323,0.0330421380530738,UP
Styxl1,Acc6_dvc_AC710222,-5.900947635521525,0.0465657847596072,DOWN
Fam167a,Acc6_dvc_AC710222,9.09293074718822,0.0479341097238329,UP
Slc10a4-ps,Acc6_dvc_AC710222,6.8215941001971725,0.0479341097238329,UP
Tmem266,Acc6_dvc_AC710222,4.441734406055023,0.0479341097238329,UP
Tnc,Acc6_dvc_COMBO,-43.2808512266689,9.379798815635244e-25,DOWN
Ripk4,Acc6_dvc_COMBO,24.582666184404697,4.317310906910265e-14,UP
Zfp385c,Acc6_dvc_COMBO,7.504345557741649,2.78935343130492e-06,UP
Gm26691,Acc6_dvc_COMBO,-2.9893444169901446,1.1370589964732188e-05,DOWN
Slc5a11,Acc6_dvc_COMBO,-43.2808512266689,2.1512036916678e-05,DOWN
Xkr8,Acc6_dvc_COMBO,5.511012649949676,0.0001564080346721,UP
Ppp1r17,Acc6_dvc_COMBO,11.803622114977014,0.0003710152513004,UP
Ccn1,Acc6_dvc_COMBO,10.764367676595748,0.0005064410164385,UP
Nadk2,Acc6_dvc_COMBO,1.4077547514019637,0.0007233090563707,UP
Serpina9,Acc6_dvc_COMBO,-7.305626369839295,0.0110564539144964,DOWN
Fam167a,Acc6_dvc_COMBO,9.428694252170663,0.0154764117026112,UP
Tmem266,Acc6_dvc_COMBO,4.515156361514639,0.0194629835358072,UP
Srsf10,Acc6_dvc_COMBO,0.7678416874344836,0.0253631538086055,UP
Lipt2,Acc6_mbh_AC3174,6.960471348791523,2.1861578230015238e-10,UP
Gm5532,Acc6_mbh_AC3174,10.953341703105773,2.1602751917110063e-09,UP
Rnf19b,Acc6_mbh_AC3174,3.2595967478682977,3.6304917895985413e-07,UP
Sema6a,Acc6_mbh_AC3174,5.081708324689977,1.4226047682995425e-06,UP
N4bp2l2,Acc6_mbh_AC3174,-1.6622645671459106,2.5400220841127493e-06,DOWN
Zfp41,Acc6_mbh_AC3174,13.047595437557902,4.558560955697838e-06,UP
Cdan1,Acc6_mbh_AC3174,4.522200026335886,1.1116797840042178e-05,UP
Hspa12b,Acc6_mbh_AC3174,6.876052763642561,6.756726904208802e-05,UP
Msantd2,Acc6_mbh_AC3174,5.658111988329818,6.756726904208802e-05,UP
Fnip2,Acc6_mbh_AC3174,7.345383064577351,7.042975160351386e-05,UP
Pan3,Acc6_mbh_AC3174,3.199737939277887,8.466744218294877e-05,UP
Brwd3,Acc6_mbh_AC3174,11.941105292732766,8.707941162006947e-05,UP
Echdc2,Acc6_mbh_AC3174,11.65763217798225,0.0001120604967289,UP
Myo1e,Acc6_mbh_AC3174,13.106785393831696,0.0001160585302184,UP
Nwd2,Acc6_mbh_AC3174,12.06218437835233,0.0001977751515854,UP
C2cd4d,Acc6_mbh_AC3174,7.60661834748482,0.0001977751515854,UP
H2bc21,Acc6_mbh_AC3174,7.177879031086691,0.000253865887959,UP
Calcr,Acc6_mbh_AC3174,8.404911208717186,0.0003854666788615,UP
4732491k20rik,Acc6_mbh_AC3174,-3.0492069346434207,0.0004718737163954,DOWN
Adap2,Acc6_mbh_AC3174,7.818609935739524,0.0005166978140649,UP
Habp4,Acc6_mbh_AC3174,2.9264553364381727,0.0005575239028913,UP
Nkx2-1,Acc6_mbh_AC3174,2.764004635122728,0.0005652315536448,UP
Zfyve9,Acc6_mbh_AC3174,1.9405281158570933,0.0005652315536448,UP
Pisd-ps1,Acc6_mbh_AC3174,1.5271491317207098,0.0006623173840523,UP
Mgmt,Acc6_mbh_AC3174,10.090455623678237,0.0007364674114845,UP
Lysmd2,Acc6_mbh_AC3174,0.8779184697495378,0.0007364674114845,UP
Cdk16,Acc6_mbh_AC3174,2.65287008230564,0.0007996692413013,UP
Fance,Acc6_mbh_AC3174,2.2150843485999165,0.0007996692413013,UP
Ubqln1,Acc6_mbh_AC3174,2.475317297585689,0.0010047328493875,UP
Szt2,Acc6_mbh_AC3174,12.1813045887964,0.0010130422072622,UP
Tmem160,Acc6_mbh_AC3174,2.795879389016476,0.0013725792089334,UP
Rnf6,Acc6_mbh_AC3174,-0.7845077103439073,0.0014717197310023,DOWN
Uri1,Acc6_mbh_AC3174,1.9628495688838583,0.0018182800863958,UP
Pawr,Acc6_mbh_AC3174,10.754646140908104,0.0018560711180736,UP
Dock5,Acc6_mbh_AC3174,12.00855349258659,0.0020046571623205,UP
Efhd2,Acc6_mbh_AC3174,2.4913803428208188,0.0020857625814745,UP
Fyn,Acc6_mbh_AC3174,2.0688647434199505,0.0023507229617816,UP
Zfp771,Acc6_mbh_AC3174,5.070985876795502,0.0023694634321042,UP
Dcaf10,Acc6_mbh_AC3174,1.9380002416677449,0.0024367546809871,UP
Odc1,Acc6_mbh_AC3174,2.7168245481435416,0.0030392292282219,UP
Ap1ar,Acc6_mbh_AC3174,2.8433694739751867,0.0033965347610273,UP
Igfbp2,Acc6_mbh_AC3174,10.082483165870354,0.0034681937042532,UP
Bag1,Acc6_mbh_AC3174,2.497711711631485,0.0034863775763302,UP
Cacna1d,Acc6_mbh_AC3174,11.70091659542215,0.00355219352891,UP
Pxdn,Acc6_mbh_AC3174,7.665034905381907,0.00355219352891,UP
Acvr1c,Acc6_mbh_AC3174,7.995490287022101,0.0036212869286715,UP
Slc9b2,Acc6_mbh_AC3174,9.963594321154693,0.0043598115908737,UP
Nsmce4a,Acc6_mbh_AC3174,2.953765868807732,0.0050937802230075,UP
Rbm26,Acc6_mbh_AC3174,2.1948531854507816,0.0051123135187684,UP
Cmas,Acc6_mbh_AC3174,1.6758546527195313,0.0055118201293152,UP
Tmem131l,Acc6_mbh_AC3174,7.308869410634768,0.0056612078496745,UP
Cgnl1,Acc6_mbh_AC3174,9.956425411601028,0.0059053198667396,UP
Chka,Acc6_mbh_AC3174,2.3567105688401684,0.0059053198667396,UP
Cdc45,Acc6_mbh_AC3174,10.749930476710173,0.0060310898456706,UP
Mef2d,Acc6_mbh_AC3174,1.1978046204522763,0.0061803896245862,UP
Pde3a,Acc6_mbh_AC3174,10.977252191245848,0.0062412934995572,UP
Ccdc78,Acc6_mbh_AC3174,8.89578316314806,0.0062750794840365,UP
Nupr2,Acc6_mbh_AC3174,8.993300487776882,0.0064955154682232,UP
Ccdc9b,Acc6_mbh_AC3174,11.691148212448422,0.0068551023628507,UP
Tprg1l,Acc6_mbh_AC3174,1.8492567457624327,0.0068551023628507,UP
Map1lc3a,Acc6_mbh_AC3174,0.9651921112396352,0.0069143190431925,UP
Atp11c,Acc6_mbh_AC3174,10.992160325701304,0.0070727138655999,UP
Taf10,Acc6_mbh_AC3174,2.900382907793273,0.0079519315530857,UP
Mapk1,Acc6_mbh_AC3174,1.742139634019179,0.0079519315530857,UP
Adra2c,Acc6_mbh_AC3174,8.631541079960606,0.0084845927331663,UP
Flna,Acc6_mbh_AC3174,6.848535326747478,0.0097107158871659,UP
Kif3b,Acc6_mbh_AC3174,0.9785358979466924,0.0097107158871659,UP
Cyrib,Acc6_mbh_AC3174,1.4866488118335384,0.0098713637014097,UP
Vsir,Acc6_mbh_AC3174,10.043082197675664,0.0100594810437435,UP
Rab24,Acc6_mbh_AC3174,2.515092351754517,0.0102574078640816,UP
Cnksr2,Acc6_mbh_AC3174,1.97672435543724,0.0103229164887504,UP
Elmod3,Acc6_mbh_AC3174,-1.8011334905128318,0.0109943795144178,DOWN
Calr,Acc6_mbh_AC3174,-1.175196834427983,0.0115153880328344,DOWN
F12,Acc6_mbh_AC3174,10.201108013105376,0.0116699146093038,UP
Ctf1,Acc6_mbh_AC3174,10.690753996327375,0.0121376140779848,UP
Gm5141,Acc6_mbh_AC3174,-4.29177823931686,0.0121376140779848,DOWN
Baz1b,Acc6_mbh_AC3174,1.476176333900768,0.012539961469789,UP
Mrs2,Acc6_mbh_AC3174,5.120371297670147,0.012953717458859,UP
Fam43b,Acc6_mbh_AC3174,3.860903384016993,0.012953717458859,UP
Tlnrd1,Acc6_mbh_AC3174,2.9000811862132694,0.0130154943670842,UP
Fkbp5,Acc6_mbh_AC3174,2.356826674827724,0.0130154943670842,UP
Rexo5,Acc6_mbh_AC3174,6.1776311318978845,0.0132117208335856,UP
Hnrnpab,Acc6_mbh_AC3174,2.890750235832084,0.01507784386363,UP
Rfxap,Acc6_mbh_AC3174,2.065796663209317,0.0160265026167353,UP
Socs5,Acc6_mbh_AC3174,1.094102266224006,0.0160265026167353,UP
Bc065397,Acc6_mbh_AC3174,9.824979616870202,0.0161495646782715,UP
Plcg1,Acc6_mbh_AC3174,2.666954608554718,0.0161495646782715,UP
Apmap,Acc6_mbh_AC3174,1.95487746030956,0.0161495646782715,UP
Prkar2b,Acc6_mbh_AC3174,1.6883544070438423,0.0173235989991406,UP
Hras,Acc6_mbh_AC3174,1.698333151773179,0.0185351283303196,UP
Uncx,Acc6_mbh_AC3174,3.881328523420989,0.0193425341033848,UP
Wsb2,Acc6_mbh_AC3174,1.4256184018534332,0.0202342242673615,UP
Il12rb2,Acc6_mbh_AC3174,6.642630389734888,0.0215482081608359,UP
Glud1,Acc6_mbh_AC3174,1.6800012886710347,0.0217173857995097,UP
Jund,Acc6_mbh_AC3174,3.3404945016015413,0.0223810846845417,UP
Mreg,Acc6_mbh_AC3174,4.112436660761641,0.0228086843810113,UP
Gm12144,Acc6_mbh_AC3174,10.307662144120789,0.0231992464017004,UP
Kcnh5,Acc6_mbh_AC3174,-9.883190113091391,0.0234273803723092,DOWN
Eya1,Acc6_mbh_AC3174,7.0191842723037645,0.0241366461703928,UP
Anxa4,Acc6_mbh_AC3174,3.4963046046619035,0.0241366461703928,UP
Sh3gl3,Acc6_mbh_AC3174,1.7288918087254077,0.0241366461703928,UP
Cd53,Acc6_mbh_AC3174,9.888099982871983,0.0241658243172843,UP
Slmap,Acc6_mbh_AC3174,1.5244382149654294,0.0241658243172843,UP
Ptgr1,Acc6_mbh_AC3174,10.546023952386342,0.024348640134602,UP
9130221h12rik,Acc6_mbh_AC3174,8.678056181983422,0.0244113055627212,UP
Tm7sf2,Acc6_mbh_AC3174,9.51496217831765,0.0266274913050862,UP
Bean1,Acc6_mbh_AC3174,2.55021905288668,0.0267251782754696,UP
Ptov1,Acc6_mbh_AC3174,2.4783595559547105,0.0267251782754696,UP
Hace1,Acc6_mbh_AC3174,1.6772243521231278,0.0267251782754696,UP
Bod1,Acc6_mbh_AC3174,2.977717456326367,0.0268941737112467,UP
Dtx1,Acc6_mbh_AC3174,2.2536336804628503,0.0269811961950665,UP
Dpf2,Acc6_mbh_AC3174,-0.5722847844147025,0.0271444743890746,DOWN
Glrx5,Acc6_mbh_AC3174,2.255200862583546,0.0273632337303219,UP
Kctd3,Acc6_mbh_AC3174,1.1292822090118155,0.0281793733479762,UP
Brap,Acc6_mbh_AC3174,2.193650659442032,0.0286324165249203,UP
Ppm1b,Acc6_mbh_AC3174,1.5850986241737113,0.0306544088929032,UP
Pnrc1,Acc6_mbh_AC3174,1.5181127721247705,0.0306544088929032,UP
Slc26a6,Acc6_mbh_AC3174,10.527600748085906,0.0311954763540615,UP
Rbl1,Acc6_mbh_AC3174,10.92907341586426,0.0318186232456274,UP
Mxd4,Acc6_mbh_AC3174,1.2020907235320657,0.0318186232456274,UP
Cdk17,Acc6_mbh_AC3174,1.8426235768402524,0.0323443783857796,UP
Grk2,Acc6_mbh_AC3174,0.72986059823515,0.0323443783857796,UP
Slc4a7,Acc6_mbh_AC3174,6.114578444293217,0.032690742364893,UP
Tmem65,Acc6_mbh_AC3174,1.7211997832823116,0.0331070964955181,UP
Samd9l,Acc6_mbh_AC3174,-9.25437689910939,0.0351037319603461,DOWN
Epha10,Acc6_mbh_AC3174,8.551048908799688,0.0351037319603461,UP
Rab37,Acc6_mbh_AC3174,-11.444113866221658,0.0353803475578816,DOWN
Kcng1,Acc6_mbh_AC3174,10.603436556432476,0.0353803475578816,UP
Gpr179,Acc6_mbh_AC3174,10.24035784116804,0.0353803475578816,UP
Rap1b,Acc6_mbh_AC3174,1.7862661705037886,0.0353803475578816,UP
Nudt3,Acc6_mbh_AC3174,1.0254904833373968,0.0353803475578816,UP
Macroh2a1,Acc6_mbh_AC3174,0.7827845321490645,0.0353803475578816,UP
Gm13889,Acc6_mbh_AC3174,1.9058111057523497,0.0355796729667294,UP
Rnd2,Acc6_mbh_AC3174,0.7602427431242502,0.0362383777840898,UP
Brwd1,Acc6_mbh_AC3174,1.0091786511824623,0.0377675775919146,UP
Klhdc2,Acc6_mbh_AC3174,1.5441755421376953,0.0387497318365572,UP
Slc10a7,Acc6_mbh_AC3174,10.838682442015582,0.0401816089133181,UP
Creb3l1,Acc6_mbh_AC3174,5.294155209390242,0.0414281840952875,UP
Irx5,Acc6_mbh_AC3174,6.243213730207268,0.0420872317975803,UP
Sgpp1,Acc6_mbh_AC3174,4.261878363674599,0.0435110095083887,UP
Cep57l1,Acc6_mbh_AC3174,4.0814011620777135,0.0437501874505738,UP
Gm3604,Acc6_mbh_AC3174,3.487646457009982,0.0437501874505738,UP
Nanos1,Acc6_mbh_AC3174,2.148671978452656,0.0439301691955799,UP
Fbxo32,Acc6_mbh_AC3174,3.975417695619001,0.0441994724403341,UP
Gm14168,Acc6_mbh_AC3174,8.932874119193702,0.0444108567241634,UP
Vstm4,Acc6_mbh_AC3174,10.4607597618303,0.045949659655793,UP
Lgi2,Acc6_mbh_AC3174,5.466561955005741,0.0497245483867389,UP
Map3k9,Acc6_mbh_AC3174,-3.401008959181862,0.0497245483867389,DOWN
Gm5532,Acc6_mbh_AC710222,10.728252991100025,1.3001270222624937e-08,UP
H2bc21,Acc6_mbh_AC710222,8.60358739655384,6.678686411096543e-06,UP
Lipt2,Acc6_mbh_AC710222,5.459990185264499,8.252655842362931e-06,UP
Sema6a,Acc6_mbh_AC710222,4.772289032777825,1.8577004790760133e-05,UP
Zfp41,Acc6_mbh_AC710222,11.916749113255545,0.000135641117609,UP
Nwd2,Acc6_mbh_AC710222,12.016044403308204,0.0006234081961581,UP
Calcr,Acc6_mbh_AC710222,8.617076706474394,0.0006234081961581,UP
Echdc2,Acc6_mbh_AC710222,11.108922228960944,0.000711726754636,UP
Slc4a7,Acc6_mbh_AC710222,8.780801238753975,0.000711726754636,UP
Mgmt,Acc6_mbh_AC710222,10.52951099774186,0.0007766615532265,UP
Pan3,Acc6_mbh_AC710222,2.9573677846691764,0.0008154401417689,UP
Zfyve9,Acc6_mbh_AC710222,1.9731296016942663,0.0008154401417689,UP
Baz1b,Acc6_mbh_AC710222,1.8436374352611595,0.0012541140045625,UP
Cdan1,Acc6_mbh_AC710222,3.66636821656473,0.0025526112884852,UP
Rnf19b,Acc6_mbh_AC710222,2.351195001843582,0.0026917741313302,UP
Adap2,Acc6_mbh_AC710222,7.333622321034762,0.003146778362468,UP
Tmem131l,Acc6_mbh_AC710222,7.977198916943647,0.0032714237207955,UP
Apmap,Acc6_mbh_AC710222,2.352428969299156,0.0033839225087142,UP
Szt2,Acc6_mbh_AC710222,11.744836174944728,0.0034867111541633,UP
Pawr,Acc6_mbh_AC710222,10.7711360327895,0.0034867111541633,UP
Fmnl3,Acc6_mbh_AC710222,8.877658563842816,0.0034867111541633,UP
Cdc45,Acc6_mbh_AC710222,11.610101604046164,0.0038115647515733,UP
Myo1e,Acc6_mbh_AC710222,11.081273991696555,0.0046618141690813,UP
Islr2,Acc6_mbh_AC710222,-10.207883790819825,0.0048895276455608,DOWN
C2cd4d,Acc6_mbh_AC710222,6.527814959307756,0.0049751380534851,UP
Mreg,Acc6_mbh_AC710222,4.950855312750991,0.0049751380534851,UP
Brwd3,Acc6_mbh_AC710222,9.679433385949418,0.0068607666370462,UP
Zfp52,Acc6_mbh_AC710222,8.602626417578255,0.006931071259943,UP
Kdelr2,Acc6_mbh_AC710222,-2.6325955897154576,0.006931071259943,DOWN
Lysmd2,Acc6_mbh_AC710222,0.7886030529511232,0.006931071259943,UP
Elmod3,Acc6_mbh_AC710222,-1.9533951094023336,0.0075017152729984,DOWN
Igfbp2,Acc6_mbh_AC710222,9.790260342855598,0.0087983582607762,UP
Atad2,Acc6_mbh_AC710222,-9.278353557989778,0.0087983582607762,DOWN
Srpk3,Acc6_mbh_AC710222,11.693492506161087,0.0116763998586716,UP
Neurl1a,Acc6_mbh_AC710222,2.045800840707286,0.0116763998586716,UP
Vsir,Acc6_mbh_AC710222,10.424985857946796,0.0124036687236689,UP
Epha10,Acc6_mbh_AC710222,10.062114310527202,0.0139984949908659,UP
Dock5,Acc6_mbh_AC710222,10.74187281543114,0.0157552229488172,UP
Cgnl1,Acc6_mbh_AC710222,9.603595913769103,0.0157552229488172,UP
Nupr2,Acc6_mbh_AC710222,8.760771357109215,0.0157552229488172,UP
Ccdc78,Acc6_mbh_AC710222,8.649054552268472,0.0157552229488172,UP
Slc22a15,Acc6_mbh_AC710222,5.841376811540775,0.0157552229488172,UP
Dbf4,Acc6_mbh_AC710222,5.495966511002286,0.0157552229488172,UP
Lgi2,Acc6_mbh_AC710222,6.560420566875941,0.0167251195414624,UP
Rbm26,Acc6_mbh_AC710222,2.049218125139916,0.0202146551736956,UP
F11r,Acc6_mbh_AC710222,10.462640019464072,0.0210232834038493,UP
Plekhh2,Acc6_mbh_AC710222,9.95449246447015,0.0221301872037843,UP
Msantd2,Acc6_mbh_AC710222,4.067834372864395,0.0221301872037843,UP
Cacna1d,Acc6_mbh_AC710222,10.48980341700281,0.023902474272236,UP
Uri1,Acc6_mbh_AC710222,1.673608084344687,0.0254661798377316,UP
Tm7sf2,Acc6_mbh_AC710222,10.183718846635376,0.0266185782877226,UP
Bc065397,Acc6_mbh_AC710222,9.961111871581345,0.0268393732525404,UP
Flna,Acc6_mbh_AC710222,6.592512605612738,0.0268393732525404,UP
Tmem160,Acc6_mbh_AC710222,2.323366067816139,0.0268393732525404,UP
Gpr179,Acc6_mbh_AC710222,11.272959956443026,0.0284620825285913,UP
Acvr1c,Acc6_mbh_AC710222,7.061865339165413,0.0284620825285913,UP
Slc35d3,Acc6_mbh_AC710222,10.070148819180725,0.0291462432199291,UP
Mertk,Acc6_mbh_AC710222,7.133769696376663,0.0303688434566404,UP
Ubqln1,Acc6_mbh_AC710222,1.9934756916286045,0.0303688434566404,UP
Atp11c,Acc6_mbh_AC710222,10.066686669874334,0.0318756214095188,UP
Pxdn,Acc6_mbh_AC710222,6.633745355721279,0.0318756214095188,UP
Tbx19,Acc6_mbh_AC710222,6.145158984108118,0.0318756214095188,UP
Nkx2-1,Acc6_mbh_AC710222,2.1320284150753865,0.0318756214095188,UP
Ankrd23,Acc6_mbh_AC710222,10.35018919194531,0.0322363961874245,UP
Zfp771,Acc6_mbh_AC710222,4.229221718378762,0.0356544045728496,UP
Fance,Acc6_mbh_AC710222,1.723896467104015,0.0371743318357616,UP
Ccdc9b,Acc6_mbh_AC710222,10.470124314621229,0.0375000097845793,UP
Cd53,Acc6_mbh_AC710222,10.037593044708686,0.0375000097845793,UP
Rexo5,Acc6_mbh_AC710222,5.915394682851174,0.0375000097845793,UP
Gm14168,Acc6_mbh_AC710222,9.737371451634315,0.0375019329528669,UP
Fam241a,Acc6_mbh_AC710222,7.971456418634629,0.0415797287414919,UP
Slc9b2,Acc6_mbh_AC710222,8.478536480250918,0.0428875489113812,UP
Ptgr1,Acc6_mbh_AC710222,10.561275570096305,0.0431757390947161,UP
Eya1,Acc6_mbh_AC710222,6.99635674481576,0.0438624100257693,UP
Hspa12b,Acc6_mbh_AC710222,4.569868286533817,0.0466405637787579,UP
Lipt2,Acc6_mbh_COMBO,6.978162362763866,2.0365644854817811e-10,UP
Rnf19b,Acc6_mbh_COMBO,3.531970802330292,1.8857817018761532e-08,UP
Zfp41,Acc6_mbh_COMBO,12.268487138365662,6.915738573783356e-05,UP
H2bc21,Acc6_mbh_COMBO,7.867786834520051,6.915738573783356e-05,UP
Msantd2,Acc6_mbh_COMBO,5.816257229605047,6.915738573783356e-05,UP
Gm5532,Acc6_mbh_COMBO,8.24817947332963,0.0001089702779009,UP
Hspa12b,Acc6_mbh_COMBO,6.773600896890361,0.0001431873592962,UP
Sema6a,Acc6_mbh_COMBO,4.354631172124084,0.0001431873592962,UP
Habp4,Acc6_mbh_COMBO,3.1913282353222407,0.0001431873592962,UP
Nkx2-1,Acc6_mbh_COMBO,3.001047988124517,0.0001431873592962,UP
Ubqln1,Acc6_mbh_COMBO,2.7779833079392207,0.0001431873592962,UP
Fyn,Acc6_mbh_COMBO,2.4520639243126734,0.0001431873592962,UP
Uri1,Acc6_mbh_COMBO,2.3274659466809324,0.0001431873592962,UP
Slc4a7,Acc6_mbh_COMBO,9.131650448879936,0.000166257327082,UP
Ap1ar,Acc6_mbh_COMBO,3.373668974251641,0.0002212615954239,UP
Brwd3,Acc6_mbh_COMBO,11.41538163041879,0.0002691361449215,UP
Bag1,Acc6_mbh_COMBO,2.9325610974343483,0.0002691361449215,UP
Zfyve9,Acc6_mbh_COMBO,2.0407090730353543,0.0002691361449215,UP
C2cd4d,Acc6_mbh_COMBO,7.456995256556277,0.0003332745230027,UP
Zfp771,Acc6_mbh_COMBO,5.743230999221031,0.0003332745230027,UP
Echdc2,Acc6_mbh_COMBO,10.939008358473144,0.000380027400928,UP
Fmnl3,Acc6_mbh_COMBO,9.711953910765098,0.000380027400928,UP
Uncx,Acc6_mbh_COMBO,5.209658670456875,0.000380027400928,UP
Jund,Acc6_mbh_COMBO,4.516086895180894,0.000380027400928,UP
Tlnrd1,Acc6_mbh_COMBO,3.7360911096312894,0.000380027400928,UP
Tmem65,Acc6_mbh_COMBO,2.442260083125185,0.000380027400928,UP
Glud1,Acc6_mbh_COMBO,2.2668791756000832,0.000380027400928,UP
Brwd1,Acc6_mbh_COMBO,1.451685765083351,0.000380027400928,UP
Nwd2,Acc6_mbh_COMBO,11.567775695400604,0.0003999165507948,UP
Mgmt,Acc6_mbh_COMBO,10.390802334497517,0.0003999165507948,UP
Wsb2,Acc6_mbh_COMBO,1.8844562546835488,0.0004353230699792,UP
Cdk16,Acc6_mbh_COMBO,2.716772213638924,0.0005071076007659,UP
Calcr,Acc6_mbh_COMBO,8.157450351258541,0.0005654632201504,UP
Rbm26,Acc6_mbh_COMBO,2.505729645733214,0.0005654632201504,UP
Myo1e,Acc6_mbh_COMBO,11.972297692371724,0.0006076265312167,UP
Dcaf10,Acc6_mbh_COMBO,2.0954054022982382,0.0006076265312167,UP
Fkbp5,Acc6_mbh_COMBO,2.924159997916014,0.0006366829071186,UP
Neurl1a,Acc6_mbh_COMBO,2.358246066330692,0.0006472760775684,UP
Lysmd2,Acc6_mbh_COMBO,0.8649459365554925,0.0008846203870954,UP
Pawr,Acc6_mbh_COMBO,11.103389368391811,0.0010723753269596,UP
Mreg,Acc6_mbh_COMBO,5.210721896337428,0.0011923441652429,UP
Zfp52,Acc6_mbh_COMBO,9.247993361438182,0.0012260970715529,UP
Fnip2,Acc6_mbh_COMBO,6.297781138520686,0.0012260970715529,UP
Kif3b,Acc6_mbh_COMBO,1.13461853911446,0.0012260970715529,UP
Epha10,Acc6_mbh_COMBO,11.22486222774474,0.0015757570511148,UP
Cdan1,Acc6_mbh_COMBO,3.549820401920035,0.0016884219683615,UP
Nsmce4a,Acc6_mbh_COMBO,3.164930743324633,0.0017061650402637,UP
Ptov1,Acc6_mbh_COMBO,3.115177613543952,0.0019022517739326,UP
Cmas,Acc6_mbh_COMBO,1.7839139716174006,0.0021451860295278,UP
Odc1,Acc6_mbh_COMBO,2.762643903900005,0.0022661698650469,UP
Tmem160,Acc6_mbh_COMBO,2.693597272300257,0.0023533452305943,UP
Efhd2,Acc6_mbh_COMBO,2.46379066890672,0.002417473430007,UP
Tprg1l,Acc6_mbh_COMBO,1.9894602001961783,0.00252252308914,UP
Rexo5,Acc6_mbh_COMBO,7.06497381554981,0.0026400639428782,UP
Cgnl1,Acc6_mbh_COMBO,10.363607366008967,0.0033611475285668,UP
Cyrib,Acc6_mbh_COMBO,1.62499202515485,0.0033611475285668,UP
Cacna1d,Acc6_mbh_COMBO,11.684279432288896,0.0035610235052066,UP
Mapk1,Acc6_mbh_COMBO,1.8541587782905669,0.0035610235052066,UP
Bod1,Acc6_mbh_COMBO,3.585431404685989,0.0036564944587299,UP
Taf10,Acc6_mbh_COMBO,3.0812433333602263,0.0036564944587299,UP
Adap2,Acc6_mbh_COMBO,6.874085401347295,0.003673966579539,UP
Slc9b2,Acc6_mbh_COMBO,9.973055748833527,0.0040654593295132,UP
Fance,Acc6_mbh_COMBO,1.9951144338636395,0.0040654593295132,UP
Tmem131l,Acc6_mbh_COMBO,7.447558131399998,0.0041006604862727,UP
Szt2,Acc6_mbh_COMBO,11.063278131574489,0.0041983069291677,UP
Igfbp2,Acc6_mbh_COMBO,9.88920486757379,0.0041983069291677,UP
Atp11c,Acc6_mbh_COMBO,11.381262900832372,0.0044072165965246,UP
Dtx1,Acc6_mbh_COMBO,2.6720196953052726,0.0044072165965246,UP
Nudt3,Acc6_mbh_COMBO,1.2554164559252647,0.0044072165965246,UP
Nanos1,Acc6_mbh_COMBO,2.668564848583472,0.0049852920851459,UP
Mef2d,Acc6_mbh_COMBO,1.2106950048978726,0.0049852920851459,UP
Plcg1,Acc6_mbh_COMBO,2.949133279753214,0.0051899262170849,UP
Tm7sf2,Acc6_mbh_COMBO,11.031436955105749,0.0055469924959628,UP
Pisd-ps1,Acc6_mbh_COMBO,1.3193623287151626,0.0055469924959628,UP
Map1lc3a,Acc6_mbh_COMBO,0.9738391742379728,0.005914471566731,UP
Rnd2,Acc6_mbh_COMBO,0.9131344792632572,0.005914471566731,UP
Hras,Acc6_mbh_COMBO,1.8730242590005903,0.0063853227455933,UP
Prkar2b,Acc6_mbh_COMBO,1.842843555750164,0.006771661171809,UP
Ccdc78,Acc6_mbh_COMBO,8.811206846567188,0.0067744319277272,UP
Kdelr2,Acc6_mbh_COMBO,-2.504921831011955,0.0071870138548305,DOWN
Klhdc2,Acc6_mbh_COMBO,1.84078928968346,0.0071870138548305,UP
Dock5,Acc6_mbh_COMBO,10.894077603745496,0.0072646390286697,UP
Macroh2a1,Acc6_mbh_COMBO,0.9142505966180192,0.0081230807413498,UP
Gm14168,Acc6_mbh_COMBO,10.643583679974062,0.0087602736935029,UP
Adra2c,Acc6_mbh_COMBO,8.610361914692346,0.0087602736935029,UP
Mxd4,Acc6_mbh_COMBO,1.3729328436429074,0.0089692382402638,UP
Pan3,Acc6_mbh_COMBO,2.385761627335209,0.0099020307650964,UP
Sh3gl3,Acc6_mbh_COMBO,1.891879858992899,0.0103201630522883,UP
Hnrnpab,Acc6_mbh_COMBO,3.0099194417836275,0.0104623154079199,UP
Cdc45,Acc6_mbh_COMBO,10.088684551697003,0.0131449172132526,UP
Rfxap,Acc6_mbh_COMBO,2.1128757924227064,0.01439067365045,UP
Brap,Acc6_mbh_COMBO,2.392751826394628,0.0145316887631267,UP
Kctd3,Acc6_mbh_COMBO,1.2257077415454158,0.0149626850209529,UP
Apmap,Acc6_mbh_COMBO,1.9886037107496808,0.0154923649217282,UP
Bc065397,Acc6_mbh_COMBO,9.97852355647897,0.015972906849613,UP
Acvr1c,Acc6_mbh_COMBO,7.038775049331291,0.0175740980875285,UP
Flna,Acc6_mbh_COMBO,6.556785190348282,0.0175740980875285,UP
Bean1,Acc6_mbh_COMBO,2.7036931675686247,0.0175740980875285,UP
Gm13889,Acc6_mbh_COMBO,2.098221778672155,0.0175740980875285,UP
Slmap,Acc6_mbh_COMBO,1.5955704390412353,0.0175740980875285,UP
Rnf11,Acc6_mbh_COMBO,2.8804289279882584,0.0180648913311048,UP
Ctf1,Acc6_mbh_COMBO,10.371087357296515,0.0181906799017013,UP
F12,Acc6_mbh_COMBO,9.865737321746138,0.0181906799017013,UP
Sgpp1,Acc6_mbh_COMBO,4.753103420739248,0.0181906799017013,UP
Hace1,Acc6_mbh_COMBO,1.764441084596379,0.0181906799017013,UP
2410006h16rik,Acc6_mbh_COMBO,-1.3884128023967506,0.0181906799017013,DOWN
Anxa4,Acc6_mbh_COMBO,3.622775838615898,0.0183753845175096,UP
Baz1b,Acc6_mbh_COMBO,1.433479828315363,0.0183753845175096,UP
Dpf2,Acc6_mbh_COMBO,-0.6033357718238284,0.0183753845175096,DOWN
Pxdn,Acc6_mbh_COMBO,6.65816317720864,0.0186096585930071,UP
Irx5,Acc6_mbh_COMBO,6.883119863300368,0.0192641621702211,UP
Il12rb2,Acc6_mbh_COMBO,6.741206161125957,0.0197765114227305,UP
Slc22a15,Acc6_mbh_COMBO,5.371274962390941,0.0218662524109564,UP
Srpk3,Acc6_mbh_COMBO,10.414765764645717,0.0224702343133167,UP
Fam241a,Acc6_mbh_COMBO,8.078715293335966,0.0224702343133167,UP
Fbxo32,Acc6_mbh_COMBO,4.341412115677951,0.0225907067167545,UP
Syndig1l,Acc6_mbh_COMBO,2.3644557115718032,0.0232475626502904,UP
Shank1,Acc6_mbh_COMBO,-0.6775069658887082,0.0232475626502904,DOWN
Cdk17,Acc6_mbh_COMBO,1.9287263254996136,0.0236999570877371,UP
Socs5,Acc6_mbh_COMBO,1.0546887104727207,0.0247395751690201,UP
Slc35d3,Acc6_mbh_COMBO,9.672541479868242,0.024914843745357,UP
Ankrd23,Acc6_mbh_COMBO,10.065892731435026,0.0257871077820468,UP
Rab24,Acc6_mbh_COMBO,2.3086033132671417,0.0257871077820468,UP
Chka,Acc6_mbh_COMBO,2.0535009387461587,0.0257871077820468,UP
Slc26a6,Acc6_mbh_COMBO,10.824861643999595,0.0268529280484247,UP
Cnksr2,Acc6_mbh_COMBO,1.8068361804800244,0.0270261337906562,UP
Pde3a,Acc6_mbh_COMBO,9.566529891892834,0.0272401220380859,UP
Cd53,Acc6_mbh_COMBO,9.829697939136834,0.0274393888675705,UP
Nupr2,Acc6_mbh_COMBO,7.846613375881734,0.0274393888675705,UP
Creb3l1,Acc6_mbh_COMBO,5.599549355150715,0.0274393888675705,UP
Grk2,Acc6_mbh_COMBO,0.7497368240472344,0.0274393888675705,UP
Insm2,Acc6_mbh_COMBO,8.70427989615264,0.0299363921970349,UP
Mrs2,Acc6_mbh_COMBO,4.707688441096325,0.032672659379575,UP
9130221h12rik,Acc6_mbh_COMBO,8.49064277891088,0.0331415690591443,UP
Ccdc9b,Acc6_mbh_COMBO,10.05777474316816,0.0334921252782597,UP
Fam43b,Acc6_mbh_COMBO,3.536388257911176,0.0334943214681976,UP
Rnf6,Acc6_mbh_COMBO,-0.6020790981336658,0.0338434549457508,DOWN
Plekhh2,Acc6_mbh_COMBO,8.998045710538472,0.0340859064677731,UP
Ptgr1,Acc6_mbh_COMBO,10.24468319394188,0.0348886914529701,UP
Eya1,Acc6_mbh_COMBO,6.790570247880915,0.0350607280007866,UP
Glrx5,Acc6_mbh_COMBO,2.221429617813058,0.0350607280007866,UP
F11r,Acc6_mbh_COMBO,9.315087100362213,0.0358893205677754,UP
Rap1b,Acc6_mbh_COMBO,1.798394066964309,0.0373648114664098,UP
Cep57l1,Acc6_mbh_COMBO,4.185483810609672,0.0392650197036813,UP
Scarf2,Acc6_mbh_COMBO,4.554484217754299,0.0406954668244147,UP
Slc10a7,Acc6_mbh_COMBO,10.91299697172273,0.0425350609403147,UP
Gm12144,Acc6_mbh_COMBO,9.67707879354082,0.0431611863060031,UP
N4bp2l2,Acc6_mbh_COMBO,-0.9358216453611776,0.043514948204957,DOWN
Camk2n2,Acc6_mbh_COMBO,1.9384882527679177,0.0462500135179988,UP
Tmem91,Acc6_mbh_COMBO,-1.0264858653148374,0.0465529831631776,DOWN
Kcng1,Acc6_mbh_COMBO,10.387339526774335,0.0471133581495853,UP
Tbx19,Acc6_mbh_COMBO,5.563975916820736,0.0471133581495853,UP
Elmod3,Acc6_mbh_COMBO,-1.5507864207189297,0.047447541103541,DOWN
Pnrc1,Acc6_mbh_COMBO,1.4571392214156866,0.0475314107140419,UP
Ppm1b,Acc6_mbh_COMBO,1.5153166486592122,0.0495083091360373,UP
Gm20594,Acc8_hippocampus_YA_Ex,1.6938232268212583,0.0001104340829103,UP
Gm15421,Acc8_hippocampus_YA_Ex,1.4070572548705749,0.0006228147469498,UP
Ppp1r3g,Acc8_frontalcortex_LT_A_Ex,-0.5653893299215375,0.0218188334435693,DOWN
Slc6a20a,Acc8_frontalcortex_LT_A_Ex,0.7216211240438997,0.0453288888401503,UP
Prrx1,Acc8_hypothalamus_LT_A_Ex,0.5864681909948345,0.0003469707363834,UP
Trim59,Acc8_hypothalamus_LT_A_Ex,0.8655976582068029,0.0006927342999174,UP
Ptgs2,Acc8_hypothalamus_LT_A_Ex,1.503036947638479,0.002247745805491,UP
Clec2d,Acc8_hypothalamus_LT_A_Ex,0.8097091116627859,0.0023821059666757,UP
Aspa,Acc8_hypothalamus_LT_A_Ex,0.5891093434224034,0.004449801737344,UP
Adgrl4,Acc8_hypothalamus_LT_A_Ex,0.538614160526983,0.0058479784811262,UP
Ppp1ccb,Acc8_hypothalamus_LT_A_Ex,-0.8699361249172456,0.0062066680201358,DOWN
Hr,Acc8_hypothalamus_LT_A_Ex,-0.734121610824876,0.0062066680201358,DOWN
Pomc,Acc8_hypothalamus_LT_A_Ex,-0.7992513909171205,0.0072482862005063,DOWN
Lamb3,Acc8_hypothalamus_LT_A_Ex,-0.613785490234045,0.0075273846730204,DOWN
Zfp938,Acc8_hypothalamus_LT_A_Ex,0.5247293620082347,0.0085274665611583,UP
Gm45871,Acc8_hypothalamus_LT_A_Ex,0.5310008543802125,0.0094112636513611,UP
Tmem256,Acc8_hypothalamus_LT_A_Ex,0.5709312369453352,0.0104402167563522,UP
Ndufb1,Acc8_hypothalamus_LT_A_Ex,0.7639213321168052,0.0113511716679243,UP
Zbtb16,Acc8_hypothalamus_LT_A_Ex,-0.9587828756911362,0.0137890422153762,DOWN
Samd9l,Acc8_hypothalamus_LT_A_Ex,0.7327484754944693,0.0137890422153762,UP
Snrpe,Acc8_hypothalamus_LT_A_Ex,0.5290714358301527,0.0145361017399733,UP
D330050i16rik,Acc8_hypothalamus_LT_A_Ex,-0.8752850899807259,0.0163642147750353,DOWN
4930522l14rik,Acc8_hypothalamus_LT_A_Ex,0.5788783280777968,0.0179548733630208,UP
Mxd4,Acc8_hypothalamus_LT_A_Ex,-0.5485502772504477,0.018509185254621,DOWN
Gm3604,Acc8_hypothalamus_LT_A_Ex,0.626565885285644,0.0185752043902468,UP
Calcrl,Acc8_hypothalamus_LT_A_Ex,0.5115803998451626,0.0195889558352041,UP
Shank1,Acc8_hypothalamus_LT_A_Ex,-0.603353395668135,0.0197469253096952,DOWN
Syndig1l,Acc8_hypothalamus_LT_A_Ex,-0.51007689665292,0.0202139831319621,DOWN
Trim30a,Acc8_hypothalamus_LT_A_Ex,0.5781931298594849,0.0204578389033091,UP
Gm20346,Acc8_hypothalamus_LT_A_Ex,-0.851128047075015,0.020856797848774,DOWN
Ddx60,Acc8_hypothalamus_LT_A_Ex,0.7205222081259713,0.021348747064853,UP
Ifit1,Acc8_hypothalamus_LT_A_Ex,1.0250250040592876,0.0236805063265628,UP
Tekt4,Acc8_hypothalamus_LT_A_Ex,-0.6922727232647238,0.0236805063265628,DOWN
Fam166b,Acc8_hypothalamus_LT_A_Ex,-0.6425074544060563,0.0236805063265628,DOWN
Irgm2,Acc8_hypothalamus_LT_A_Ex,0.6115061405194406,0.0236805063265628,UP
Trim34a,Acc8_hypothalamus_LT_A_Ex,0.604700716411227,0.0236805063265628,UP
Hspa1a,Acc8_hypothalamus_LT_A_Ex,-0.5130475860864261,0.0250466435116098,DOWN
4930447c04rik,Acc8_hypothalamus_LT_A_Ex,0.6687421611452647,0.0258549041644978,UP
Bdkrb2,Acc8_hypothalamus_LT_A_Ex,-0.565469926221203,0.0266417552245678,DOWN
1110025m09rik,Acc8_hypothalamus_LT_A_Ex,-0.8852906826021312,0.0267642453774836,DOWN
Rsph1,Acc8_hypothalamus_LT_A_Ex,-0.8845565456659616,0.0294457609331504,DOWN
Ripk4,Acc8_hypothalamus_LT_A_Ex,-0.6723763886550798,0.0299998081806903,DOWN
Rps27,Acc8_hypothalamus_LT_A_Ex,0.5074880342209754,0.0301578149527107,UP
Ifi203,Acc8_hypothalamus_LT_A_Ex,0.6991534571015283,0.0304936738027877,UP
Slfn8,Acc8_hypothalamus_LT_A_Ex,0.7715644472509999,0.0307679677967259,UP
Camk2n2,Acc8_hypothalamus_LT_A_Ex,-0.6248269789455703,0.03083874630655,DOWN
Gm9833,Acc8_hypothalamus_LT_A_Ex,-0.6920469194878156,0.031680863080428,DOWN
Gbp9,Acc8_hypothalamus_LT_A_Ex,0.561288946674953,0.031680863080428,UP
Lingo4,Acc8_hypothalamus_LT_A_Ex,-0.8178542309548945,0.0324249983002368,DOWN
Cbx8,Acc8_hypothalamus_LT_A_Ex,-0.5188698729175273,0.0357448011571094,DOWN
Eps8l2,Acc8_hypothalamus_LT_A_Ex,-0.7933006316504511,0.0364774112643249,DOWN
Zfp934,Acc8_hypothalamus_LT_A_Ex,0.5711511026906809,0.0376580011668536,UP
Tlr4,Acc8_hypothalamus_LT_A_Ex,0.6722668750331906,0.0382322120802299,UP
Cox5b,Acc8_hypothalamus_LT_A_Ex,-0.6156095926615269,0.0401280935187659,DOWN
Gar1,Acc8_hypothalamus_LT_A_Ex,-0.6538710424389451,0.0437498851361897,DOWN
Srp54a,Acc8_hypothalamus_LT_A_Ex,-0.6436451183573921,0.0449859606562277,DOWN
Egr4,Acc8_hypothalamus_LT_A_Ex,-0.6155634784000386,0.0449859606562277,DOWN
Rsad2,Acc8_hypothalamus_LT_A_Ex,0.5723844702125931,0.0468279729911641,UP
A230020j21rik,Acc8_hypothalamus_LT_A_Ex,-0.7537116167348316,0.0469711036899291,DOWN
Gm27252,Acc8_hypothalamus_LT_A_Ex,-0.6752372114577658,0.0493821645815114,DOWN
Fkbp5,Acc8_frontalcortex_ST_A_Ex,0.5678594209737039,1.063724476453176e-05,UP
Plin4,Acc8_frontalcortex_ST_A_Ex,2.0923309016229625,0.0001175597895045,UP
Gm9567,Acc8_frontalcortex_ST_A_Ex,-0.63436226756224,0.0071741086985984,DOWN
Loc108168933,Acc8_frontalcortex_ST_A_Ex,-1.0741531997378917,0.0100327362100369,DOWN
Cbx8,Acc8_frontalcortex_ST_A_Ex,0.7236660289624578,0.0122770913530793,UP
Egr1,Acc8_frontalcortex_ST_A_Ex,-1.6073405188578809,0.0190962222235055,DOWN
Loc118567348,Acc8_frontalcortex_ST_A_Ex,-0.8446646534572492,0.0190962222235055,DOWN
Syna,Acc8_frontalcortex_ST_A_Ex,0.6036277775155898,0.0247934241009332,UP
A330076h08rik,Acc8_frontalcortex_ST_A_Ex,-0.8208457565031585,0.0251926695677892,DOWN
Nr4a3,Acc8_frontalcortex_ST_A_Ex,-1.3964861180683008,0.0284009178213178,DOWN
Gm42339,Acc8_frontalcortex_ST_A_Ex,-0.8351542409084041,0.0335767432235142,DOWN
Zmym1,Acc8_frontalcortex_ST_A_Ex,-0.7413735282955343,0.0335767432235142,DOWN
Gm32970,Acc8_frontalcortex_ST_A_Ex,0.5037436011735896,0.0335767432235142,UP
4933407l21rik,Acc8_frontalcortex_ST_A_Ex,0.792540118412601,0.0345238267722252,UP
Fgf22,Acc8_frontalcortex_ST_A_Ex,0.8094209127969019,0.0409790778217831,UP
3110070m22rik,Acc8_frontalcortex_ST_A_Ex,0.9634813590315142,0.0415327012885526,UP
Nrap,Acc8_frontalcortex_ST_A_Ex,0.9409878584917528,0.0415327012885526,UP
Ptgis,Acc8_frontalcortex_ST_A_Ex,0.9099994952868736,0.0415327012885526,UP
Ptgs2,Acc8_frontalcortex_ST_A_Ex,-0.5388263245534751,0.0439688414118712,DOWN
Xdh,Acc8_frontalcortex_ST_A_Ex,0.7299339450482653,0.0478508625131688,UP
Cbfa2t3,Acc8_frontalcortex_ST_A_Ex,-0.5337626691795199,0.0485502757527546,DOWN
Plin4,Acc8_frontalcortex_ST_A_Ex_KD,1.9446188130126825,0.0029132335373047,UP
Gm32970,Acc8_frontalcortex_ST_A_Ex_KD,0.5701443838319804,0.0130933250534021,UP
Inhba,Acc8_frontalcortex_ST_A_Ex_KD,-0.6320885790181106,0.0147799720116171,DOWN
Gm52604,Acc8_frontalcortex_ST_A_Ex_KD,-1.1241999397128994,0.0150943143917041,DOWN
Gm34321,Acc8_frontalcortex_ST_A_Ex_KD,-1.0824163182639124,0.0176642125604188,DOWN
Ptgis,Acc8_frontalcortex_ST_A_Ex_KD,1.0297171110277443,0.0185089819962313,UP
Gm14393,Acc8_frontalcortex_ST_A_Ex_KD,-1.000228673501533,0.0185089819962313,DOWN
Scarf2,Acc8_frontalcortex_ST_A_Ex_KD,0.7453220734116517,0.0193595213634125,UP
Gm9567,Acc8_frontalcortex_ST_A_Ex_KD,-0.5514083623274163,0.026320303730162,DOWN
Loc115490443,Acc8_frontalcortex_ST_A_Ex_KD,-1.017921651926629,0.0268773051865312,DOWN
Loc118568277,Acc8_frontalcortex_ST_A_Ex_KD,-0.7003122131183301,0.0268773051865312,DOWN
Nrap,Acc8_frontalcortex_ST_A_Ex_KD,1.022216104240045,0.026947426179387,UP
Syna,Acc8_frontalcortex_ST_A_Ex_KD,0.5658718353034783,0.0373169578959844,UP
Jsrp1,Acc8_frontalcortex_ST_A_Ex_KD,0.7319518708701143,0.0382455623289394,UP
Hkdc1,Acc8_frontalcortex_ST_A_Ex_KD,0.5846268328607739,0.0382455623289394,UP
Dbp,Acc8_frontalcortex_ST_A_Ex_KD,0.9612305759744572,0.0398515018150764,UP
Lrrk1,Acc8_frontalcortex_ST_A_Ex_KD,0.5156653962266402,0.0474574562226319,UP
3110070m22rik,Acc8_frontalcortex_ST_A_Ex_KD,0.9633088603569332,0.0478761715366962,UP
Loc108168933,Acc8_frontalcortex_ST_A_Ex_KD,-0.8570820197428368,0.0478761715366962,DOWN
Rps21,Acc8_hippocampus_ST_A_Ex,1.3051923128220522,1.1700433253463991e-101,UP
Rpl36,Acc8_hippocampus_ST_A_Ex,1.0924521102020868,1.907723479186851e-40,UP
Rpl37,Acc8_hippocampus_ST_A_Ex,1.0698246873524753,3.2771479032473677e-35,UP
Ndufa5,Acc8_hippocampus_ST_A_Ex,0.9219848227297934,2.9753142848579143e-34,UP
Rpl37a,Acc8_hippocampus_ST_A_Ex,0.8277621216736204,6.1601567727091305e-33,UP
Fus,Acc8_hippocampus_ST_A_Ex,0.8482245750332931,3.9651366425025554e-31,UP
Rps29,Acc8_hippocampus_ST_A_Ex,1.349385329324486,1.5234588970847442e-30,UP
Rpl38,Acc8_hippocampus_ST_A_Ex,1.2918350559435432,5.809010776671238e-29,UP
Pet100,Acc8_hippocampus_ST_A_Ex,1.1925560738425458,1.317708622260881e-28,UP
Rpl35a,Acc8_hippocampus_ST_A_Ex,1.0351439134677116,2.016071033369561e-28,UP
Tceal5,Acc8_hippocampus_ST_A_Ex,1.2814826963514487,1.0641581697523118e-27,UP
Lsm7,Acc8_hippocampus_ST_A_Ex,1.195628534750422,5.250113614875922e-27,UP
Uqcc2,Acc8_hippocampus_ST_A_Ex,1.0612576200483366,5.250113614875922e-27,UP
Tceal6,Acc8_hippocampus_ST_A_Ex,0.8982620518584997,5.9496454004593145e-27,UP
Snrpf,Acc8_hippocampus_ST_A_Ex,1.2900338374875515,1.1595008405745507e-26,UP
Uqcrq,Acc8_hippocampus_ST_A_Ex,0.9547144995174124,2.2274928833923686e-26,UP
Pabpn1,Acc8_hippocampus_ST_A_Ex,0.957778489963665,2.280838633102949e-26,UP
Atp5k,Acc8_hippocampus_ST_A_Ex,1.318190789646155,2.877684380231833e-26,UP
Ndufs6,Acc8_hippocampus_ST_A_Ex,1.2358135233991416,4.679579527515071e-26,UP
Ndufa13,Acc8_hippocampus_ST_A_Ex,0.8865942573729264,5.864745065425669e-26,UP
Rpl23,Acc8_hippocampus_ST_A_Ex,0.7626238522613934,1.4086604711753429e-25,UP
Naa38,Acc8_hippocampus_ST_A_Ex,1.2398478640100254,5.31918061283039e-25,UP
Gng13,Acc8_hippocampus_ST_A_Ex,1.6121277590445433,5.43678784973734e-25,UP
Ndufa2,Acc8_hippocampus_ST_A_Ex,1.0043591540287682,5.897562356210335e-25,UP
Tceal3,Acc8_hippocampus_ST_A_Ex,0.8372007039155557,1.1010737259697748e-24,UP
Drap1,Acc8_hippocampus_ST_A_Ex,0.8061198909552126,2.31112789566083e-24,UP
Cops9,Acc8_hippocampus_ST_A_Ex,1.1088526341594152,2.4073098364160087e-24,UP
Ndufs5,Acc8_hippocampus_ST_A_Ex,0.7980875945574776,3.84802366572606e-24,UP
Micos13,Acc8_hippocampus_ST_A_Ex,0.9976423988161934,7.174194266136906e-24,UP
Slirp,Acc8_hippocampus_ST_A_Ex,1.0049294237402764,7.942690222456686e-24,UP
Rpl41,Acc8_hippocampus_ST_A_Ex,0.9123956978180968,1.936381734380571e-23,UP
Rps28,Acc8_hippocampus_ST_A_Ex,1.1679534170814705,1.9977081706204294e-23,UP
Rpl36a,Acc8_hippocampus_ST_A_Ex,1.0600144444902644,2.1914232275106094e-23,UP
Anapc13,Acc8_hippocampus_ST_A_Ex,1.1019721470585746,2.729817167695964e-23,UP
Cox5b,Acc8_hippocampus_ST_A_Ex,1.2572982782722684,8.145927714186008e-23,UP
Cfl1,Acc8_hippocampus_ST_A_Ex,0.6623515934164049,1.1941218809611012e-22,UP
Bex1,Acc8_hippocampus_ST_A_Ex,0.8407778075351514,3.6872029515501775e-22,UP
Ndufb6,Acc8_hippocampus_ST_A_Ex,0.8538179181187806,4.774263769509663e-22,UP
Ndufb3,Acc8_hippocampus_ST_A_Ex,1.042469202588363,5.3137191818673195e-22,UP
Rps27,Acc8_hippocampus_ST_A_Ex,0.8976026916147346,5.938427846494559e-22,UP
Mrps18c,Acc8_hippocampus_ST_A_Ex,0.8835876686925036,1.2894321550196009e-21,UP
Mrpl52,Acc8_hippocampus_ST_A_Ex,0.8589905605147685,2.22982519811267e-21,UP
Rpl11,Acc8_hippocampus_ST_A_Ex,0.7714365440626227,5.583481910680852e-21,UP
Ndufb9,Acc8_hippocampus_ST_A_Ex,0.7433389844024555,5.6317406115239375e-21,UP
Taf15,Acc8_hippocampus_ST_A_Ex,0.737390232033209,9.98677442141328e-21,UP
Tmem258,Acc8_hippocampus_ST_A_Ex,1.1563282881783978,2.0149520101969488e-20,UP
Tomm7,Acc8_hippocampus_ST_A_Ex,1.568314478966126,2.068889983350682e-20,UP
Myl6,Acc8_hippocampus_ST_A_Ex,0.9155952673966316,2.833944726284723e-20,UP
Snhg8,Acc8_hippocampus_ST_A_Ex,1.2082137237708297,3.813604128013771e-20,UP
Pin4,Acc8_hippocampus_ST_A_Ex,0.906536170442364,3.813604128013771e-20,UP
Rpl36al,Acc8_hippocampus_ST_A_Ex,0.7911731829954546,7.474011253445181e-20,UP
Uqcrb,Acc8_hippocampus_ST_A_Ex,1.020017651861998,7.834432478094612e-20,UP
Rps15,Acc8_hippocampus_ST_A_Ex,0.6609794462791119,8.67552455052332e-20,UP
Gm38733,Acc8_hippocampus_ST_A_Ex,0.7663634206027367,9.3562496494514e-20,UP
Mea1,Acc8_hippocampus_ST_A_Ex,1.048285251320177,1.813755330654256e-19,UP
Atp5h,Acc8_hippocampus_ST_A_Ex,0.5721072803282604,2.7605579545521413e-19,UP
Mrpl20,Acc8_hippocampus_ST_A_Ex,0.8447875470758877,2.8118683857748605e-19,UP
Atp5mpl,Acc8_hippocampus_ST_A_Ex,1.001075519023669,4.708928372177088e-19,UP
Snrnp70,Acc8_hippocampus_ST_A_Ex,0.6170330314724901,5.391636512011968e-19,UP
Rpl21,Acc8_hippocampus_ST_A_Ex,0.5774163659867052,1.163066240361407e-18,UP
Cox17,Acc8_hippocampus_ST_A_Ex,0.8654972543128667,3.064461847268725e-18,UP
Fis1,Acc8_hippocampus_ST_A_Ex,0.6222593612072657,5.387715313833592e-18,UP
Sem1,Acc8_hippocampus_ST_A_Ex,1.0439029515791511,8.812068263019302e-18,UP
Ndufb1,Acc8_hippocampus_ST_A_Ex,1.346020105063641,1.0956675042404116e-17,UP
Atp5j2,Acc8_hippocampus_ST_A_Ex,0.7511255647251599,1.169788339365696e-17,UP
Ndufb8,Acc8_hippocampus_ST_A_Ex,0.6278585370076831,1.665188067030333e-17,UP
Pfdn1,Acc8_hippocampus_ST_A_Ex,0.6017017251235401,1.898091911404764e-17,UP
Nhp2,Acc8_hippocampus_ST_A_Ex,0.7334087412594641,1.92300493221262e-17,UP
Bola2,Acc8_hippocampus_ST_A_Ex,0.9702291952880976,2.0473495248904088e-17,UP
Ndufa3,Acc8_hippocampus_ST_A_Ex,1.2670090327879722,2.1169751107846802e-17,UP
Nme2,Acc8_hippocampus_ST_A_Ex,0.7791678280493609,4.316188640388901e-17,UP
Pdap1,Acc8_hippocampus_ST_A_Ex,0.8062787712243132,7.925310362156158e-17,UP
Slc25a4,Acc8_hippocampus_ST_A_Ex,0.53053581637689,1.2444660721455803e-16,UP
Mt3,Acc8_hippocampus_ST_A_Ex,1.3325471258543748,1.528747737587561e-16,UP
Ndufa12,Acc8_hippocampus_ST_A_Ex,0.6905124122696205,1.908278919056061e-16,UP
Sec61b,Acc8_hippocampus_ST_A_Ex,0.905947391024674,1.9736455870141606e-16,UP
Fau,Acc8_hippocampus_ST_A_Ex,0.7208653818146779,2.6787002590317824e-16,UP
Swi5,Acc8_hippocampus_ST_A_Ex,0.6704575513848176,2.6787002590317824e-16,UP
Mrpl14,Acc8_hippocampus_ST_A_Ex,0.7092946606672195,2.953690694516938e-16,UP
Gas5,Acc8_hippocampus_ST_A_Ex,0.6882600124598128,3.9662672542107043e-16,UP
Rpl30,Acc8_hippocampus_ST_A_Ex,0.7114223164103397,5.508440019547174e-16,UP
Prdx5,Acc8_hippocampus_ST_A_Ex,0.6569308739850275,6.893323895433986e-16,UP
Rpl35,Acc8_hippocampus_ST_A_Ex,0.6418834656137438,1.1566831989370858e-15,UP
Ndufb2,Acc8_hippocampus_ST_A_Ex,0.8374784707203602,1.2012466125674344e-15,UP
Ndufa1,Acc8_hippocampus_ST_A_Ex,1.2457514014242657,1.4413234668825308e-15,UP
Miat,Acc8_hippocampus_ST_A_Ex,0.624098736754136,2.2080332133384214e-15,UP
Rps19,Acc8_hippocampus_ST_A_Ex,0.7072071937217155,3.2954134735774962e-15,UP
Klhl11,Acc8_hippocampus_ST_A_Ex,-0.5089535519896579,4.022169755132496e-15,DOWN
Tmem47,Acc8_hippocampus_ST_A_Ex,-0.6522600486627163,4.369057363812281e-15,DOWN
Atp6v0c-ps2,Acc8_hippocampus_ST_A_Ex,-1.3234657714306155,4.583365597075161e-15,DOWN
Snhg6,Acc8_hippocampus_ST_A_Ex,1.115762689344982,6.8925880585570975e-15,UP
Serp2,Acc8_hippocampus_ST_A_Ex,0.7329128216968288,8.37494785320184e-15,UP
Lsm4,Acc8_hippocampus_ST_A_Ex,0.9271577114170498,8.793525532735404e-15,UP
Htra2,Acc8_hippocampus_ST_A_Ex,0.5981869121334489,1.1147584613911932e-14,UP
Uqcr11,Acc8_hippocampus_ST_A_Ex,1.321799189740749,1.1433174794041064e-14,UP
Nt5c,Acc8_hippocampus_ST_A_Ex,0.7275232679149458,1.1433174794041064e-14,UP
Pfdn6,Acc8_hippocampus_ST_A_Ex,1.057681562869682,1.5907649821954216e-14,UP
Polr2k,Acc8_hippocampus_ST_A_Ex,0.8020401940593263,1.7379558083807193e-14,UP
Dpm3,Acc8_hippocampus_ST_A_Ex,1.116306973617927,1.8835389458939123e-14,UP
Tlr3,Acc8_hippocampus_ST_A_Ex,-0.6810210483401689,2.5275318539479788e-14,DOWN
Atpif1,Acc8_hippocampus_ST_A_Ex,0.734379959690379,2.606471839598791e-14,UP
Romo1,Acc8_hippocampus_ST_A_Ex,1.2836203726121895,3.3915146073717624e-14,UP
Rnaseh2c,Acc8_hippocampus_ST_A_Ex,0.9413066225734504,4.3269636617463655e-14,UP
Gm39326,Acc8_hippocampus_ST_A_Ex,1.031821514349088,6.515061856888123e-14,UP
Loc118568482,Acc8_hippocampus_ST_A_Ex,0.6938076042616717,7.273253449564361e-14,UP
Atp5e,Acc8_hippocampus_ST_A_Ex,0.9078470154942646,8.302282316830814e-14,UP
Mrpl54,Acc8_hippocampus_ST_A_Ex,0.8076548941037763,9.538622086148342e-14,UP
Rplp2,Acc8_hippocampus_ST_A_Ex,0.7337530721858878,9.538622086148342e-14,UP
S100a13,Acc8_hippocampus_ST_A_Ex,0.972000406855055,1.2397561688921946e-13,UP
Hebp1,Acc8_hippocampus_ST_A_Ex,0.672062447808607,1.7250929757317056e-13,UP
Emc9,Acc8_hippocampus_ST_A_Ex,0.8555150015047833,1.851872972415114e-13,UP
Smdt1,Acc8_hippocampus_ST_A_Ex,0.6958725118704288,1.9576938895770901e-13,UP
Tmsb10,Acc8_hippocampus_ST_A_Ex,0.889129835441293,2.0308993221378285e-13,UP
Mrps26,Acc8_hippocampus_ST_A_Ex,0.6863331049936772,2.3323205182900385e-13,UP
Gar1,Acc8_hippocampus_ST_A_Ex,0.960906525061204,2.453500195510897e-13,UP
Mt2,Acc8_hippocampus_ST_A_Ex,1.2972205792603293,2.5093901868746853e-13,UP
Gm41349,Acc8_hippocampus_ST_A_Ex,1.006406198934216,2.5093901868746853e-13,UP
Cby1,Acc8_hippocampus_ST_A_Ex,0.576753558328421,2.605993915692756e-13,UP
Bex2,Acc8_hippocampus_ST_A_Ex,0.6306782537441518,2.893633814852717e-13,UP
Rps18,Acc8_hippocampus_ST_A_Ex,0.6083314127126631,3.253656162779476e-13,UP
Dbi,Acc8_hippocampus_ST_A_Ex,1.130734405706051,3.800792144200593e-13,UP
Lamtor4,Acc8_hippocampus_ST_A_Ex,0.8980865954153497,4.533693886087769e-13,UP
Sec61g,Acc8_hippocampus_ST_A_Ex,0.8000851429943284,6.115701446912301e-13,UP
Bex3,Acc8_hippocampus_ST_A_Ex,0.6628306366267932,6.119454546976206e-13,UP
Cox7c,Acc8_hippocampus_ST_A_Ex,0.9077363627060556,6.562648763706343e-13,UP
Coprs,Acc8_hippocampus_ST_A_Ex,0.8599894454959361,7.151818023793992e-13,UP
Bloc1s1,Acc8_hippocampus_ST_A_Ex,0.8073971046144883,9.101256725649572e-13,UP
Rps23,Acc8_hippocampus_ST_A_Ex,0.7362423229122177,1.407184677150371e-12,UP
Rpl23a,Acc8_hippocampus_ST_A_Ex,0.5906026561972344,1.5973832947048337e-12,UP
Tmem240,Acc8_hippocampus_ST_A_Ex,0.7197486467026787,1.6921373190530686e-12,UP
Klhl15,Acc8_hippocampus_ST_A_Ex,-0.5688130058310721,1.6921373190530686e-12,DOWN
Lamtor2,Acc8_hippocampus_ST_A_Ex,0.8784560598793364,2.577845904625039e-12,UP
2410006h16rik,Acc8_hippocampus_ST_A_Ex,0.9181765062912364,2.8633634864028253e-12,UP
Tsr3,Acc8_hippocampus_ST_A_Ex,0.5848983274856502,3.1210569059255575e-12,UP
Mrpl27,Acc8_hippocampus_ST_A_Ex,0.5929135407198579,3.3645140185114665e-12,UP
Ost4,Acc8_hippocampus_ST_A_Ex,0.8786545640991759,3.463763926747484e-12,UP
Hnrnpa1,Acc8_hippocampus_ST_A_Ex,0.5255343676733486,4.1183396240905785e-12,UP
Ndufa8,Acc8_hippocampus_ST_A_Ex,0.682282798977574,4.327790802621908e-12,UP
Qk,Acc8_hippocampus_ST_A_Ex,-0.5652909843770528,4.643878845424939e-12,DOWN
Erf,Acc8_hippocampus_ST_A_Ex,0.7829982669650187,5.223938531318915e-12,UP
D8ertd738e,Acc8_hippocampus_ST_A_Ex,0.7596732870378035,5.3223801145693565e-12,UP
Itgb8,Acc8_hippocampus_ST_A_Ex,-0.6882158545972754,5.724433907461618e-12,DOWN
Snrpd3,Acc8_hippocampus_ST_A_Ex,0.8545182305503123,5.810144386239564e-12,UP
Hirip3,Acc8_hippocampus_ST_A_Ex,0.6429429106865975,6.618150433300891e-12,UP
Bex4,Acc8_hippocampus_ST_A_Ex,0.8066048649064865,8.05163508928952e-12,UP
Coq7,Acc8_hippocampus_ST_A_Ex,0.6301096749401933,8.165666204307879e-12,UP
Cox8a,Acc8_hippocampus_ST_A_Ex,1.1113590965156988,9.81778359741967e-12,UP
Smim12,Acc8_hippocampus_ST_A_Ex,0.6602535356957207,9.997367549287056e-12,UP
Hypk,Acc8_hippocampus_ST_A_Ex,0.9507309754227417,1.0944564132204735e-11,UP
Thap3,Acc8_hippocampus_ST_A_Ex,0.7118522090975475,1.1687298396443434e-11,UP
Snrpd2,Acc8_hippocampus_ST_A_Ex,0.779155400178802,1.3079067873188908e-11,UP
Cirbp,Acc8_hippocampus_ST_A_Ex,0.8837643609865228,1.3783794762395427e-11,UP
Uqcc3,Acc8_hippocampus_ST_A_Ex,0.7648991146089953,1.4189605571706412e-11,UP
Arl3,Acc8_hippocampus_ST_A_Ex,0.5788891864829249,1.5426262886730456e-11,UP
Srgap1,Acc8_hippocampus_ST_A_Ex,-0.5887358908826317,2.0682165353364497e-11,DOWN
Fcor,Acc8_hippocampus_ST_A_Ex,1.4067699107157583,2.3982106450008867e-11,UP
Edf1,Acc8_hippocampus_ST_A_Ex,0.871933850289024,2.606862459146889e-11,UP
Tmed9,Acc8_hippocampus_ST_A_Ex,0.6346930893944096,2.6971032071385063e-11,UP
Mrpl41,Acc8_hippocampus_ST_A_Ex,0.8262197430934479,3.6125873819975725e-11,UP
Nr2c2ap,Acc8_hippocampus_ST_A_Ex,0.7262271830781051,4.20685302624932e-11,UP
Mrpl2,Acc8_hippocampus_ST_A_Ex,0.5831055616616045,4.2673068122417167e-11,UP
Tbca,Acc8_hippocampus_ST_A_Ex,0.719209557531232,5.2779924438963295e-11,UP
Tmem256,Acc8_hippocampus_ST_A_Ex,1.025658363116947,6.298897120459161e-11,UP
Cstb,Acc8_hippocampus_ST_A_Ex,0.7645528071260765,6.337186429237525e-11,UP
Snhg12,Acc8_hippocampus_ST_A_Ex,0.7682108867216301,6.616753800858496e-11,UP
Tmem160,Acc8_hippocampus_ST_A_Ex,0.8362550666813241,1.3097983206345747e-10,UP
Tma7,Acc8_hippocampus_ST_A_Ex,0.7606013117142587,1.83439110693464e-10,UP
Tfpt,Acc8_hippocampus_ST_A_Ex,0.7325510985237853,2.0676370300252284e-10,UP
Tlcd4,Acc8_hippocampus_ST_A_Ex,-0.5208635405506177,2.0747285955078835e-10,DOWN
Ndufaf8,Acc8_hippocampus_ST_A_Ex,0.8931887153333484,2.1173687110099717e-10,UP
1110038b12rik,Acc8_hippocampus_ST_A_Ex,1.0374437677021928,2.2647332421534487e-10,UP
Phpt1,Acc8_hippocampus_ST_A_Ex,0.7805247814081006,2.4014294281535045e-10,UP
Mthfsl,Acc8_hippocampus_ST_A_Ex,0.7425056259543505,2.6613785460660875e-10,UP
Loc118567527,Acc8_hippocampus_ST_A_Ex,0.5835108069802054,3.5826189358518167e-10,UP
Timm10,Acc8_hippocampus_ST_A_Ex,0.7364319608646541,3.8415429823063915e-10,UP
Neto2,Acc8_hippocampus_ST_A_Ex,-0.5631590693136176,3.8521260789385315e-10,DOWN
St8sia4,Acc8_hippocampus_ST_A_Ex,-0.6504397238690466,4.011571449667103e-10,DOWN
Timm13,Acc8_hippocampus_ST_A_Ex,0.841472223166561,4.2109844932071374e-10,UP
Mgst3,Acc8_hippocampus_ST_A_Ex,0.5566394272961604,4.379053367307535e-10,UP
Mrps21,Acc8_hippocampus_ST_A_Ex,0.8325821152963416,4.64216698139573e-10,UP
Cox4i1,Acc8_hippocampus_ST_A_Ex,0.5079498287431206,4.92530846064344e-10,UP
Loc118568718,Acc8_hippocampus_ST_A_Ex,-2.47334053864534,5.990340304253411e-10,DOWN
Ccs,Acc8_hippocampus_ST_A_Ex,0.8447122157546613,6.300754054747435e-10,UP
Tmem191c,Acc8_hippocampus_ST_A_Ex,0.5995969597857459,7.17323995239282e-10,UP
Snapc5,Acc8_hippocampus_ST_A_Ex,0.8428411326980999,9.233920903224975e-10,UP
Hspe1,Acc8_hippocampus_ST_A_Ex,0.7149325538652697,1.2023920960311844e-09,UP
Trir,Acc8_hippocampus_ST_A_Ex,0.6381171493392013,1.4363688013741723e-09,UP
Bmi1,Acc8_hippocampus_ST_A_Ex,-0.5005458892397509,1.6125947064204243e-09,DOWN
Llph,Acc8_hippocampus_ST_A_Ex,0.5892550268283494,1.776116806297517e-09,UP
Pvalb,Acc8_hippocampus_ST_A_Ex,0.6391320557966719,2.8775809570115677e-09,UP
Gm29808,Acc8_hippocampus_ST_A_Ex,-1.905354576370664,2.975871585987763e-09,DOWN
Klhdc4,Acc8_hippocampus_ST_A_Ex,0.6200692799914375,3.392078981172677e-09,UP
Ppp1r14a,Acc8_hippocampus_ST_A_Ex,1.0064169032199568,3.665841380618817e-09,UP
Fam241b,Acc8_hippocampus_ST_A_Ex,0.5765275938556434,5.16909895193747e-09,UP
Selenow,Acc8_hippocampus_ST_A_Ex,0.6754421189995963,7.865147300732237e-09,UP
Apoe,Acc8_hippocampus_ST_A_Ex,0.725197288923208,8.236938378113593e-09,UP
Fabp3,Acc8_hippocampus_ST_A_Ex,0.7205593555768691,8.426395144949887e-09,UP
Cox14,Acc8_hippocampus_ST_A_Ex,0.7439196840994947,8.925628023930911e-09,UP
H2aj,Acc8_hippocampus_ST_A_Ex,0.7417351702294963,9.289708155046286e-09,UP
Zfp654,Acc8_hippocampus_ST_A_Ex,-0.5177772889510959,1.0236413560116384e-08,DOWN
Snrpe,Acc8_hippocampus_ST_A_Ex,0.6109759031542105,1.0930273502806396e-08,UP
A230051n06rik,Acc8_hippocampus_ST_A_Ex,1.402707719254302,1.1089836137755509e-08,UP
Ccdc12,Acc8_hippocampus_ST_A_Ex,0.7620014154566305,1.2929896579589776e-08,UP
Ccdc124,Acc8_hippocampus_ST_A_Ex,0.6195656379322239,1.325821302643226e-08,UP
Gm12174,Acc8_hippocampus_ST_A_Ex,-1.4917017927660463,1.4893392934586063e-08,DOWN
Nme3,Acc8_hippocampus_ST_A_Ex,0.6527016738513799,1.4962143291225678e-08,UP
Gm32059,Acc8_hippocampus_ST_A_Ex,1.1900588305443136,1.504013530604426e-08,UP
Epb41l4aos,Acc8_hippocampus_ST_A_Ex,0.9208840662260792,1.6626160132691706e-08,UP
Foxo1,Acc8_hippocampus_ST_A_Ex,-0.5270880343286609,1.6859620993251604e-08,DOWN
Snrpg,Acc8_hippocampus_ST_A_Ex,0.7655866468938616,1.786170110125915e-08,UP
Nagk,Acc8_hippocampus_ST_A_Ex,0.5431158307413426,1.8587390233872012e-08,UP
Loc114841036,Acc8_hippocampus_ST_A_Ex,0.8515978878154433,1.8926202955862296e-08,UP
Asphd1,Acc8_hippocampus_ST_A_Ex,0.6623750787450917,2.0330470282424983e-08,UP
Zxdb,Acc8_hippocampus_ST_A_Ex,-0.6879964501897181,2.0487536735086428e-08,DOWN
Polr2l,Acc8_hippocampus_ST_A_Ex,0.7616152721593532,2.2257152617214232e-08,UP
Tomm6,Acc8_hippocampus_ST_A_Ex,0.6633436091807188,2.940198730943518e-08,UP
D330050i16rik,Acc8_hippocampus_ST_A_Ex,0.9196174642808368,3.410404176503777e-08,UP
Uqcr10,Acc8_hippocampus_ST_A_Ex,0.6920874262476965,3.503757344749334e-08,UP
Rps23rg1,Acc8_hippocampus_ST_A_Ex,-1.4418936067745736,3.610442050824607e-08,DOWN
Mien1,Acc8_hippocampus_ST_A_Ex,0.7640283949687492,3.993680337843253e-08,UP
Cpsf4,Acc8_hippocampus_ST_A_Ex,0.5484595189837058,4.1910421730514143e-08,UP
Gm5914,Acc8_hippocampus_ST_A_Ex,1.344026570545264,4.25763261473606e-08,UP
Pcbd2,Acc8_hippocampus_ST_A_Ex,0.824384351404849,4.470434125856572e-08,UP
Gm34267,Acc8_hippocampus_ST_A_Ex,0.8933607131756985,4.475081785141994e-08,UP
Ankrd35,Acc8_hippocampus_ST_A_Ex,0.6604788918334993,4.6998669147457226e-08,UP
Srsf5,Acc8_hippocampus_ST_A_Ex,0.691966970232607,5.305999232131502e-08,UP
Ndufaf2,Acc8_hippocampus_ST_A_Ex,0.5873864219283081,5.9473902692537224e-08,UP
Timm8b,Acc8_hippocampus_ST_A_Ex,0.639382601080767,7.065084731289016e-08,UP
Gm11478,Acc8_hippocampus_ST_A_Ex,-1.3738836804716847,7.073503102072321e-08,DOWN
Ptma,Acc8_hippocampus_ST_A_Ex,0.5629144248540379,9.720374707347294e-08,UP
Nudt8,Acc8_hippocampus_ST_A_Ex,0.8148497800809599,1.0354177008685956e-07,UP
Nr4a3,Acc8_hippocampus_ST_A_Ex,-0.654186456131351,1.1156807461471064e-07,DOWN
Gm7206,Acc8_hippocampus_ST_A_Ex,-1.7677174578245112,1.1731091135825458e-07,DOWN
Rn7sk,Acc8_hippocampus_ST_A_Ex,2.0464914117390283,1.196292696707348e-07,UP
1110025m09rik,Acc8_hippocampus_ST_A_Ex,0.759271731193211,1.3687137395518805e-07,UP
Lsm8,Acc8_hippocampus_ST_A_Ex,0.6253350053581314,1.4163367149184692e-07,UP
Fkbp2,Acc8_hippocampus_ST_A_Ex,0.7130154575569936,1.7210643050432605e-07,UP
3110040n11rik,Acc8_hippocampus_ST_A_Ex,0.6830469226371924,1.9712318109289665e-07,UP
Rprml,Acc8_hippocampus_ST_A_Ex,0.6518425772657501,2.160884677333496e-07,UP
Cox6a1,Acc8_hippocampus_ST_A_Ex,0.7060165928530386,2.782938328198608e-07,UP
Gamt,Acc8_hippocampus_ST_A_Ex,0.6951382363015479,2.831762056669217e-07,UP
Gm32771,Acc8_hippocampus_ST_A_Ex,-1.9292584399716244,3.1597063488840173e-07,DOWN
Rbm3,Acc8_hippocampus_ST_A_Ex,0.6203311402232764,3.162653605342155e-07,UP
Ddrgk1,Acc8_hippocampus_ST_A_Ex,0.6370014950007844,3.265657058352562e-07,UP
Cox7b,Acc8_hippocampus_ST_A_Ex,0.7301753974000641,3.295699217958388e-07,UP
Cidea,Acc8_hippocampus_ST_A_Ex,0.6302723386337565,3.57939600018561e-07,UP
Gm15417,Acc8_hippocampus_ST_A_Ex,0.9728597068605508,3.621011710279739e-07,UP
Uxt,Acc8_hippocampus_ST_A_Ex,0.7533500609180043,4.553173736070777e-07,UP
Plekhj1,Acc8_hippocampus_ST_A_Ex,0.5362045464187596,4.560083669375073e-07,UP
Gm33851,Acc8_hippocampus_ST_A_Ex,1.6000229911735369,5.388899904552998e-07,UP
Rpl8,Acc8_hippocampus_ST_A_Ex,0.5389319816698578,5.388899904552998e-07,UP
Cep131,Acc8_hippocampus_ST_A_Ex,0.5534353736832933,5.516538588613443e-07,UP
Smim27,Acc8_hippocampus_ST_A_Ex,1.2589983844903343,5.920214906940075e-07,UP
Ptchd1,Acc8_hippocampus_ST_A_Ex,-0.6478740269915441,5.987879855325513e-07,DOWN
Gm42339,Acc8_hippocampus_ST_A_Ex,1.942969493942136,5.995712178225237e-07,UP
Zfas1,Acc8_hippocampus_ST_A_Ex,0.829923915667725,6.047298134099784e-07,UP
Gm51910,Acc8_hippocampus_ST_A_Ex,-2.210385183977463,6.282768079190515e-07,DOWN
Ppp1ccb,Acc8_hippocampus_ST_A_Ex,1.316279702467667,7.897848756585462e-07,UP
Cox6a2,Acc8_hippocampus_ST_A_Ex,1.0566233958209488,8.360880745965946e-07,UP
Gm10033,Acc8_hippocampus_ST_A_Ex,-0.5190578071038577,9.172452008701224e-07,DOWN
Gm6548,Acc8_hippocampus_ST_A_Ex,-0.7534960270238359,1.0496008824784077e-06,DOWN
Arl6ip4,Acc8_hippocampus_ST_A_Ex,0.5132163636836898,1.0974536888292146e-06,UP
Mrps28,Acc8_hippocampus_ST_A_Ex,0.6924366922038945,1.157388291040529e-06,UP
1810009a15rik,Acc8_hippocampus_ST_A_Ex,0.6938782207146988,2.045796460318858e-06,UP
S100a6,Acc8_hippocampus_ST_A_Ex,0.8240704999830152,2.2000431621664e-06,UP
Gm52502,Acc8_hippocampus_ST_A_Ex,2.510946966973557,2.2533788261368754e-06,UP
1700037c18rik,Acc8_hippocampus_ST_A_Ex,0.8556139811735097,2.296099214562893e-06,UP
Eif3g,Acc8_hippocampus_ST_A_Ex,0.5365277976516134,2.596809287014524e-06,UP
Rnaset2a,Acc8_hippocampus_ST_A_Ex,1.0009480574936214,2.806046794606996e-06,UP
Gm15421,Acc8_hippocampus_ST_A_Ex,-1.158096904144824,2.983807828263265e-06,DOWN
Gm10224,Acc8_hippocampus_ST_A_Ex,-1.805430668740836,3.2601126311320606e-06,DOWN
Srp54a,Acc8_hippocampus_ST_A_Ex,0.83177137520017,3.425406132027042e-06,UP
Loc118568241,Acc8_hippocampus_ST_A_Ex,-2.4110652095870697,3.47688514232158e-06,DOWN
Rybp-ps,Acc8_hippocampus_ST_A_Ex,-1.804870403413112,3.686445409138439e-06,DOWN
Pfdn2,Acc8_hippocampus_ST_A_Ex,0.5139136489602938,4.351099465075084e-06,UP
E130102h24rik,Acc8_hippocampus_ST_A_Ex,0.8124979024109771,4.420579602492049e-06,UP
Pdlim2,Acc8_hippocampus_ST_A_Ex,0.8127327585328984,4.643952686486455e-06,UP
Snhg3,Acc8_hippocampus_ST_A_Ex,1.1524506993499526,4.818697374752444e-06,UP
Loc118567348,Acc8_hippocampus_ST_A_Ex,1.3821406144000463,5.635251150856007e-06,UP
Bc1,Acc8_hippocampus_ST_A_Ex,1.8816924405551736,5.758386898355098e-06,UP
Smim11,Acc8_hippocampus_ST_A_Ex,0.6229602942402341,6.085753365635774e-06,UP
Gm4532,Acc8_hippocampus_ST_A_Ex,1.1991157530232814,6.268493254901429e-06,UP
Gm9839,Acc8_hippocampus_ST_A_Ex,-2.647191660462911,6.4343470750131165e-06,DOWN
Cox7c-ps1,Acc8_hippocampus_ST_A_Ex,-1.8934270436973657,6.691321878146836e-06,DOWN
Gm2464,Acc8_hippocampus_ST_A_Ex,0.999267788553256,6.691321878146836e-06,UP
Gm10157,Acc8_hippocampus_ST_A_Ex,-1.5813473851374438,6.901540213903598e-06,DOWN
Plin4,Acc8_hippocampus_ST_A_Ex,2.218095772261504,7.080703829017764e-06,UP
Smim4,Acc8_hippocampus_ST_A_Ex,0.7313154242239864,7.507803354910717e-06,UP
Aldoart1,Acc8_hippocampus_ST_A_Ex,-1.327229377412707,7.597540739070425e-06,DOWN
Gm12657,Acc8_hippocampus_ST_A_Ex,-2.2866571311476056,7.833143198236107e-06,DOWN
Adgrl4,Acc8_hippocampus_ST_A_Ex,-0.6047220790185709,8.180108753126067e-06,DOWN
Hmgb3,Acc8_hippocampus_ST_A_Ex,0.6727444622444102,8.467528347646767e-06,UP
Gm13363,Acc8_hippocampus_ST_A_Ex,-1.810428176614567,9.10722818983634e-06,DOWN
Prr16,Acc8_hippocampus_ST_A_Ex,-0.6993432063227801,9.137257710465948e-06,DOWN
Gm39642,Acc8_hippocampus_ST_A_Ex,2.8627494892917444,1.0376209102642552e-05,UP
Cracr2b,Acc8_hippocampus_ST_A_Ex,0.9841036707668644,1.1676327108510742e-05,UP
Gm40233,Acc8_hippocampus_ST_A_Ex,1.159107369171564,1.235773363075116e-05,UP
Lor,Acc8_hippocampus_ST_A_Ex,0.7502722154881176,1.2731953902328518e-05,UP
Atp5md,Acc8_hippocampus_ST_A_Ex,0.799384457283684,1.2812400250048849e-05,UP
Gm30970,Acc8_hippocampus_ST_A_Ex,-2.0912490689652103,1.3232271276267242e-05,DOWN
Ccdc58,Acc8_hippocampus_ST_A_Ex,0.57753071713247,1.3444021517339704e-05,UP
Cysltr2,Acc8_hippocampus_ST_A_Ex,-1.649287748037241,1.4393239533427113e-05,DOWN
A730063m14rik,Acc8_hippocampus_ST_A_Ex,1.7631939695824912,1.441596902041549e-05,UP
Rplp2-ps1,Acc8_hippocampus_ST_A_Ex,-0.889360672727271,1.537138256156632e-05,DOWN
Ccl21b,Acc8_hippocampus_ST_A_Ex,1.199273792371491,1.5743476644479855e-05,UP
Gm51556,Acc8_hippocampus_ST_A_Ex,0.7749043829768447,1.710796657756922e-05,UP
Phtf1os,Acc8_hippocampus_ST_A_Ex,-0.5774555901635318,1.769011436289245e-05,DOWN
Gm40309,Acc8_hippocampus_ST_A_Ex,0.829898411165149,1.8571405849136896e-05,UP
Acvr1c,Acc8_hippocampus_ST_A_Ex,-0.5738570824787063,1.940145645271837e-05,DOWN
Rpl6l,Acc8_hippocampus_ST_A_Ex,-0.9887043590546296,1.9581864851516907e-05,DOWN
Gm8149,Acc8_hippocampus_ST_A_Ex,0.627313152221041,2.094105456431492e-05,UP
Zmym1,Acc8_hippocampus_ST_A_Ex,-0.8747718177609658,2.2562509006829577e-05,DOWN
Bnip3l-ps,Acc8_hippocampus_ST_A_Ex,-1.5039656063791316,2.4112023284845727e-05,DOWN
Prrg1,Acc8_hippocampus_ST_A_Ex,-0.5716175884309095,2.5220147191693525e-05,DOWN
Prickle4,Acc8_hippocampus_ST_A_Ex,0.6754605952393072,2.8589362275419045e-05,UP
Loc118568277,Acc8_hippocampus_ST_A_Ex,1.0242599478639294,2.965845295633613e-05,UP
Gm4199,Acc8_hippocampus_ST_A_Ex,-1.6699246839954365,3.059282205774112e-05,DOWN
Gm6402,Acc8_hippocampus_ST_A_Ex,-2.142349642899166,3.177418483099452e-05,DOWN
Gm12816,Acc8_hippocampus_ST_A_Ex,-1.442369952362941,3.226468935590871e-05,DOWN
Gm12227,Acc8_hippocampus_ST_A_Ex,1.8987597444761644,3.885626198091476e-05,UP
Loc115488769,Acc8_hippocampus_ST_A_Ex,1.7908470451073912,3.899965641156451e-05,UP
Gm46060,Acc8_hippocampus_ST_A_Ex,2.090233364313668,3.933700531085909e-05,UP
Dnajc17,Acc8_hippocampus_ST_A_Ex,0.5267232838482321,4.2268168026082586e-05,UP
Gm13404,Acc8_hippocampus_ST_A_Ex,1.3828078103469883,4.813348998814036e-05,UP
Jsrp1,Acc8_hippocampus_ST_A_Ex,0.8554212777730907,4.834079133241399e-05,UP
Rpp25l,Acc8_hippocampus_ST_A_Ex,0.552498975945019,5.0466125123859374e-05,UP
Nfkbil1,Acc8_hippocampus_ST_A_Ex,0.620125372554588,5.259586921462808e-05,UP
A330040f15rik,Acc8_hippocampus_ST_A_Ex,1.1395113518559117,5.385286771216894e-05,UP
Gm52134,Acc8_hippocampus_ST_A_Ex,0.6739918768206109,5.938118962589965e-05,UP
Atp2c2,Acc8_hippocampus_ST_A_Ex,1.1496579475567368,6.266422035511052e-05,UP
Krt9,Acc8_hippocampus_ST_A_Ex,0.5852043466012533,6.404238626405603e-05,UP
Gpatch4,Acc8_hippocampus_ST_A_Ex,0.633768558277548,6.472068960648165e-05,UP
Rab37,Acc8_hippocampus_ST_A_Ex,0.6794991225606241,6.613868215513954e-05,UP
Ifi203,Acc8_hippocampus_ST_A_Ex,-0.822522630777211,6.627499915180618e-05,DOWN
Loc118567920,Acc8_hippocampus_ST_A_Ex,0.6572185039575023,7.132593936747047e-05,UP
Uty,Acc8_hippocampus_ST_A_Ex,-0.504737921603757,7.239984204973552e-05,DOWN
C030023e24rik,Acc8_hippocampus_ST_A_Ex,-0.7005445674420767,7.369749588698438e-05,DOWN
Gm42378,Acc8_hippocampus_ST_A_Ex,1.3226926610454617,7.4011236676852e-05,UP
Gm36198,Acc8_hippocampus_ST_A_Ex,1.8399820408549703,7.416430803179552e-05,UP
Gm9833,Acc8_hippocampus_ST_A_Ex,-0.5173083962397221,7.519986041999388e-05,DOWN
Loc118567333,Acc8_hippocampus_ST_A_Ex,1.9649310190790696,7.786907508689785e-05,UP
Gm19522,Acc8_hippocampus_ST_A_Ex,-0.7523849853703428,7.905282139931855e-05,DOWN
Asic4,Acc8_hippocampus_ST_A_Ex,0.5563990449066207,8.14036856782157e-05,UP
Snhg10,Acc8_hippocampus_ST_A_Ex,1.08320899940726,8.157442679110308e-05,UP
1500002f19rik,Acc8_hippocampus_ST_A_Ex,0.9067458625343044,8.157442679110308e-05,UP
Ndufab1-ps,Acc8_hippocampus_ST_A_Ex,-1.7077928285477275,8.529168797873344e-05,DOWN
Flywch2,Acc8_hippocampus_ST_A_Ex,0.7216072399503768,9.281222027603762e-05,UP
Loc115489019,Acc8_hippocampus_ST_A_Ex,0.8304400020249414,9.962103412406992e-05,UP
Rnaset2b,Acc8_hippocampus_ST_A_Ex,1.0977560801084871,0.0001012119817494,UP
Polr2j,Acc8_hippocampus_ST_A_Ex,0.5937120900573624,0.0001032040263672,UP
Spata24,Acc8_hippocampus_ST_A_Ex,0.9310655715660762,0.0001041424855079,UP
Hkdc1,Acc8_hippocampus_ST_A_Ex,0.5731947866851734,0.0001041481806405,UP
9330020h09rik,Acc8_hippocampus_ST_A_Ex,1.0759044325575176,0.0001103353541178,UP
Gm15455,Acc8_hippocampus_ST_A_Ex,-1.6678464600971965,0.0001284012298083,DOWN
Gan,Acc8_hippocampus_ST_A_Ex,0.8242988226979701,0.0001303559541357,UP
Dmp1,Acc8_hippocampus_ST_A_Ex,0.6336608924559248,0.0001307650733953,UP
Gm45998,Acc8_hippocampus_ST_A_Ex,2.0817480418261565,0.0001353062922591,UP
Gm52430,Acc8_hippocampus_ST_A_Ex,1.344255062639898,0.0001486466189039,UP
Zfp976,Acc8_hippocampus_ST_A_Ex,-0.5040704463315742,0.0001666074349237,DOWN
Gm38900,Acc8_hippocampus_ST_A_Ex,1.811248481592049,0.0001670679795816,UP
Gm9885,Acc8_hippocampus_ST_A_Ex,0.6854817056570156,0.0001684649063404,UP
Gadd45g,Acc8_hippocampus_ST_A_Ex,0.7629887273591338,0.0001699951568797,UP
Gna14,Acc8_hippocampus_ST_A_Ex,-0.5313238104602809,0.0001846630315577,DOWN
2810049e08rik,Acc8_hippocampus_ST_A_Ex,0.8639161152962055,0.0001877070769956,UP
Dynll2,Acc8_hippocampus_ST_A_Ex,0.53247297094157,0.0002034462825691,UP
Cox7a1,Acc8_hippocampus_ST_A_Ex,1.7278788576126956,0.0002034508413123,UP
4933440n22rik,Acc8_hippocampus_ST_A_Ex,0.9287421949963895,0.000218618389964,UP
Gm14279,Acc8_hippocampus_ST_A_Ex,-1.1310869264450865,0.0002231714487655,DOWN
2310039h08rik,Acc8_hippocampus_ST_A_Ex,0.8695854375484309,0.0002231714487655,UP
Gm12669,Acc8_hippocampus_ST_A_Ex,-1.4093115694532674,0.000225820792761,DOWN
Gm3227,Acc8_hippocampus_ST_A_Ex,-1.6190953995391475,0.0002354205657508,DOWN
Gm8350,Acc8_hippocampus_ST_A_Ex,1.2220950002115682,0.0002416762373418,UP
Loc118567533,Acc8_hippocampus_ST_A_Ex,1.5652150487186638,0.0002422434473465,UP
Gm36661,Acc8_hippocampus_ST_A_Ex,-1.904238285616609,0.0002500571032721,DOWN
Snhg16,Acc8_hippocampus_ST_A_Ex,0.6947978209631467,0.0002607784318952,UP
Egr1,Acc8_hippocampus_ST_A_Ex,-1.0032086106345766,0.0002614775913948,DOWN
Gm35857,Acc8_hippocampus_ST_A_Ex,-1.8529162313033745,0.0002737195521974,DOWN
Gm35365,Acc8_hippocampus_ST_A_Ex,1.3844839391050443,0.0002748070360673,UP
Gm32574,Acc8_hippocampus_ST_A_Ex,0.8887268056465485,0.0002820151304415,UP
Catsperg1,Acc8_hippocampus_ST_A_Ex,0.6795130969479923,0.0002823158530729,UP
Hscb,Acc8_hippocampus_ST_A_Ex,0.6104418232548681,0.0002827724623949,UP
5430416n02rik,Acc8_hippocampus_ST_A_Ex,1.0231098974643735,0.000286615610762,UP
Gm46174,Acc8_hippocampus_ST_A_Ex,-0.5419284654361951,0.0002895028250598,DOWN
Rflnb,Acc8_hippocampus_ST_A_Ex,-0.6000327607020072,0.0002980413515952,DOWN
Slc19a3,Acc8_hippocampus_ST_A_Ex,-0.5450732324867371,0.0003072904595426,DOWN
En2,Acc8_hippocampus_ST_A_Ex,0.8234911863024514,0.0003692892144055,UP
C1galt1,Acc8_hippocampus_ST_A_Ex,-0.5371444611647308,0.0003741393905773,DOWN
Cbfa2t3,Acc8_hippocampus_ST_A_Ex,-0.6249796474453407,0.0003905641022292,DOWN
Gm6625,Acc8_hippocampus_ST_A_Ex,-1.6434755674860675,0.0004360298733313,DOWN
Snhg15,Acc8_hippocampus_ST_A_Ex,1.1658119035747307,0.0004756333200219,UP
9030607l20rik,Acc8_hippocampus_ST_A_Ex,1.8722049904977835,0.0004878503237284,UP
Gm52132,Acc8_hippocampus_ST_A_Ex,0.9207337422465676,0.0005006175747545,UP
St3gal1,Acc8_hippocampus_ST_A_Ex,-0.6188804278626642,0.0005041675188998,DOWN
Nppc,Acc8_hippocampus_ST_A_Ex,0.7556030116392886,0.0005044888433778,UP
Tmem91,Acc8_hippocampus_ST_A_Ex,0.6177096366875597,0.0005151136924963,UP
Wnt9a,Acc8_hippocampus_ST_A_Ex,1.142036505849622,0.0005649441680344,UP
Gm32994,Acc8_hippocampus_ST_A_Ex,0.8890365647901259,0.0005861737363016,UP
Ddit4,Acc8_hippocampus_ST_A_Ex,0.5498818119340168,0.0005935209457357,UP
Slc18a2,Acc8_hippocampus_ST_A_Ex,-0.5188389760274427,0.0006291652876556,DOWN
Gcnt7,Acc8_hippocampus_ST_A_Ex,1.152266697871248,0.0006657422656176,UP
Serf1,Acc8_hippocampus_ST_A_Ex,0.6094352581111084,0.0006819132682278,UP
Gm15743,Acc8_hippocampus_ST_A_Ex,0.9978282547327616,0.0007293691908198,UP
4930413g21rik,Acc8_hippocampus_ST_A_Ex,0.6111782844354302,0.0007293691908198,UP
D330023k18rik,Acc8_hippocampus_ST_A_Ex,0.8634717441462622,0.0007389251561849,UP
Tlr7,Acc8_hippocampus_ST_A_Ex,-0.6137823029989928,0.0007410279235074,DOWN
Rps15a-ps6,Acc8_hippocampus_ST_A_Ex,-1.6465102473964326,0.0007583010651895,DOWN
Gm40167,Acc8_hippocampus_ST_A_Ex,1.062440595875447,0.0007689889848413,UP
Gm36166,Acc8_hippocampus_ST_A_Ex,0.8716304873706093,0.000805647429391,UP
Klk13,Acc8_hippocampus_ST_A_Ex,1.1666014901809674,0.0008478361655876,UP
Gm31623,Acc8_hippocampus_ST_A_Ex,1.48282845415174,0.0008519662452097,UP
Pet117,Acc8_hippocampus_ST_A_Ex,1.4201173982816904,0.0008608050631114,UP
Fgf22,Acc8_hippocampus_ST_A_Ex,0.8646765857356846,0.0008694567152461,UP
9430041j12rik,Acc8_hippocampus_ST_A_Ex,0.6097435061880743,0.0009568434426994,UP
Myh7b,Acc8_hippocampus_ST_A_Ex,0.5551317057675753,0.0009673057356183,UP
Gm34755,Acc8_hippocampus_ST_A_Ex,1.573624830274427,0.0009686625058535,UP
A330015k06rik,Acc8_hippocampus_ST_A_Ex,1.148787529389787,0.0010047988407974,UP
2300009a05rik,Acc8_hippocampus_ST_A_Ex,0.5331652033237295,0.0010126322992112,UP
Gpr4,Acc8_hippocampus_ST_A_Ex,-0.6668450792095799,0.0010271523468065,DOWN
Gm36331,Acc8_hippocampus_ST_A_Ex,0.6821117498816425,0.0010746482402232,UP
Cartpt,Acc8_hippocampus_ST_A_Ex,1.00732835543217,0.0010890166926557,UP
Gm32896,Acc8_hippocampus_ST_A_Ex,1.8732947570131773,0.0011114645727167,UP
2210416o15rik,Acc8_hippocampus_ST_A_Ex,1.147061138657177,0.0011640398180506,UP
Gm46091,Acc8_hippocampus_ST_A_Ex,0.5564511492060492,0.0012171408993102,UP
Gm31796,Acc8_hippocampus_ST_A_Ex,0.8948155474768045,0.0012639198869918,UP
9430038i01rik,Acc8_hippocampus_ST_A_Ex,0.6829045353098097,0.0012699950583178,UP
Gm46830,Acc8_hippocampus_ST_A_Ex,-1.3198043973251372,0.0013190231319063,DOWN
5930430l01rik,Acc8_hippocampus_ST_A_Ex,0.6896163741361248,0.0013896634225047,UP
Cobl,Acc8_hippocampus_ST_A_Ex,-0.5615341235458198,0.0014112904566401,DOWN
A230020j21rik,Acc8_hippocampus_ST_A_Ex,0.8528825720298907,0.0014511759722249,UP
Pcp4,Acc8_hippocampus_ST_A_Ex,0.531657370651877,0.0014585082609592,UP
Dusp9,Acc8_hippocampus_ST_A_Ex,1.6971444495483603,0.0016328300552357,UP
Gm6158,Acc8_hippocampus_ST_A_Ex,-1.839431989544013,0.0016638204221722,DOWN
Icam4,Acc8_hippocampus_ST_A_Ex,0.8623033225767983,0.001702951547701,UP
2900093k20rik,Acc8_hippocampus_ST_A_Ex,0.7807556360023487,0.0017183621955298,UP
Kcna5,Acc8_hippocampus_ST_A_Ex,0.8303403172466387,0.001823774928441,UP
Lamb3,Acc8_hippocampus_ST_A_Ex,0.8579830427128837,0.0019370139408525,UP
Gm40713,Acc8_hippocampus_ST_A_Ex,0.6361870256263806,0.0019886385941576,UP
Gm5415,Acc8_hippocampus_ST_A_Ex,-1.6186235911801456,0.0020074713662167,DOWN
Loc118567400,Acc8_hippocampus_ST_A_Ex,1.205139517687981,0.0020371448759805,UP
Gm14681,Acc8_hippocampus_ST_A_Ex,-1.044770710143334,0.0020516608870205,DOWN
Casq1,Acc8_hippocampus_ST_A_Ex,0.8908517283967895,0.0020627370735338,UP
Echdc2,Acc8_hippocampus_ST_A_Ex,0.6130366044558601,0.0021431020091742,UP
Rab13,Acc8_hippocampus_ST_A_Ex,0.5570496159213487,0.0022224709939352,UP
Egr4,Acc8_hippocampus_ST_A_Ex,-0.7012903307141614,0.0022418764366496,DOWN
Glra3,Acc8_hippocampus_ST_A_Ex,-0.5208899821201226,0.0023118828354637,DOWN
F12,Acc8_hippocampus_ST_A_Ex,2.4182864352431723,0.002471127357116,UP
Arl4d,Acc8_hippocampus_ST_A_Ex,0.7949706807177772,0.0024932639334929,UP
Nrap,Acc8_hippocampus_ST_A_Ex,1.0972794512491302,0.0025474764718363,UP
Gm20056,Acc8_hippocampus_ST_A_Ex,-1.1338150026511042,0.0026405330374144,DOWN
Npm3,Acc8_hippocampus_ST_A_Ex,0.5646807276144958,0.0026934084410569,UP
Gm52229,Acc8_hippocampus_ST_A_Ex,-1.393877558522578,0.0027634863702465,DOWN
Gm32528,Acc8_hippocampus_ST_A_Ex,0.5181574319230559,0.002839587257243,UP
Rhov,Acc8_hippocampus_ST_A_Ex,0.5123813844159174,0.0032173177530222,UP
Pomc,Acc8_hippocampus_ST_A_Ex,0.997003310924932,0.0035899296764612,UP
Gm33581,Acc8_hippocampus_ST_A_Ex,0.7132297611283137,0.0036060366677992,UP
Gm42274,Acc8_hippocampus_ST_A_Ex,0.6629125743808665,0.0036954410478721,UP
Cldn22,Acc8_hippocampus_ST_A_Ex,0.6556540939232167,0.0037118095966686,UP
Eif3j2,Acc8_hippocampus_ST_A_Ex,-1.0187659507194755,0.0038256774483577,DOWN
Gm12696,Acc8_hippocampus_ST_A_Ex,-0.9446144233946416,0.0038351365254388,DOWN
Fosl1,Acc8_hippocampus_ST_A_Ex,0.5832628826798731,0.0038716947593291,UP
Loc115487369,Acc8_hippocampus_ST_A_Ex,-0.7667316849952032,0.0038855743184175,DOWN
Gm33763,Acc8_hippocampus_ST_A_Ex,2.176071645068674,0.004040716385255,UP
Loc108167518,Acc8_hippocampus_ST_A_Ex,0.5002303609043657,0.0041075440380187,UP
Trim34a,Acc8_hippocampus_ST_A_Ex,-0.6485837185914899,0.0041230363472115,DOWN
Gm52604,Acc8_hippocampus_ST_A_Ex,0.8988314364669628,0.0042958820057088,UP
Tlr4,Acc8_hippocampus_ST_A_Ex,-0.5431721339775053,0.004348109043439,DOWN
Gm35685,Acc8_hippocampus_ST_A_Ex,0.8025558803032701,0.0044825729146182,UP
4933407l21rik,Acc8_hippocampus_ST_A_Ex,0.855399083509876,0.0047494260189971,UP
Rpl17-ps10,Acc8_hippocampus_ST_A_Ex,-0.723042385084738,0.004816379272449,DOWN
Gm14377,Acc8_hippocampus_ST_A_Ex,1.5046622627530508,0.0048882270938131,UP
Gm41350,Acc8_hippocampus_ST_A_Ex,1.0696068531331355,0.005187277053622,UP
Fgf23,Acc8_hippocampus_ST_A_Ex,1.0919260223515987,0.005205373320525,UP
Gm14393,Acc8_hippocampus_ST_A_Ex,1.1596800393298554,0.0052172477714539,UP
Slfn8,Acc8_hippocampus_ST_A_Ex,-0.8205221079020841,0.0052720579677775,DOWN
Rskr,Acc8_hippocampus_ST_A_Ex,0.6516540478912514,0.0052791598157034,UP
Trim72,Acc8_hippocampus_ST_A_Ex,0.9567335614337208,0.0053613689771054,UP
Gm31024,Acc8_hippocampus_ST_A_Ex,0.7995418804478778,0.0053950637604472,UP
Ai115009,Acc8_hippocampus_ST_A_Ex,0.6405736656939421,0.0054019247904927,UP
Ankrd61,Acc8_hippocampus_ST_A_Ex,1.0044258038600509,0.0054378761175043,UP
Mob3b,Acc8_hippocampus_ST_A_Ex,-0.5935590745661886,0.0055272236020938,DOWN
Gm40476,Acc8_hippocampus_ST_A_Ex,0.7915173728817864,0.0057217863108043,UP
Gm51666,Acc8_hippocampus_ST_A_Ex,-1.1020541805854702,0.0059987879306421,DOWN
Higd1b,Acc8_hippocampus_ST_A_Ex,0.608400942886117,0.0061572851394032,UP
Ada,Acc8_hippocampus_ST_A_Ex,1.4070875831879366,0.0061968763244466,UP
S100a4,Acc8_hippocampus_ST_A_Ex,1.059584840759805,0.0063787980922681,UP
Npy,Acc8_hippocampus_ST_A_Ex,0.5999344711314257,0.0064363934205892,UP
Loc108167553,Acc8_hippocampus_ST_A_Ex,0.6169371031740485,0.0065688205089146,UP
Nthl1,Acc8_hippocampus_ST_A_Ex,0.6089565758833109,0.0065713486452335,UP
Gm10874,Acc8_hippocampus_ST_A_Ex,-0.8461013105507873,0.006654887635491,DOWN
Gm19439,Acc8_hippocampus_ST_A_Ex,0.7293148946104006,0.0066809333385904,UP
Gm31291,Acc8_hippocampus_ST_A_Ex,1.4493385447698122,0.0068126541713781,UP
Lnpep,Acc8_hippocampus_ST_A_Ex,1.4679911294025882,0.0069565061506073,UP
Asb11,Acc8_hippocampus_ST_A_Ex,0.6335594304638622,0.0069565061506073,UP
Gm13262,Acc8_hippocampus_ST_A_Ex,-0.6751987848034088,0.0070042313263731,DOWN
Clec2d,Acc8_hippocampus_ST_A_Ex,0.8402333043342648,0.0073275723274416,UP
Spa17,Acc8_hippocampus_ST_A_Ex,0.6673183976155835,0.0076024332316274,UP
4732491k20rik,Acc8_hippocampus_ST_A_Ex,0.5032564901072079,0.0076395937037075,UP
Gm5901,Acc8_hippocampus_ST_A_Ex,0.7266235169422507,0.0076906793899132,UP
Gm39450,Acc8_hippocampus_ST_A_Ex,1.6618109789316038,0.0077423079259831,UP
Gm16206,Acc8_hippocampus_ST_A_Ex,0.9686415935316274,0.0077711415420336,UP
Gm33449,Acc8_hippocampus_ST_A_Ex,1.2000222905377462,0.007824890380884,UP
Ighm,Acc8_hippocampus_ST_A_Ex,-0.8014070057802971,0.0078441604765974,DOWN
Gm30181,Acc8_hippocampus_ST_A_Ex,-1.413537619883111,0.0079050361270024,DOWN
Loc115490354,Acc8_hippocampus_ST_A_Ex,0.9259223811179508,0.0081797727589106,UP
Gm9199,Acc8_hippocampus_ST_A_Ex,-1.280529678094816,0.0083306995162935,DOWN
Rsph1,Acc8_hippocampus_ST_A_Ex,0.856142891430548,0.0084920489191356,UP
Gm50270,Acc8_hippocampus_ST_A_Ex,0.6220538300468441,0.008566796935092,UP
Zfp934,Acc8_hippocampus_ST_A_Ex,-0.58494258154281,0.0085689023279675,DOWN
Gm52528,Acc8_hippocampus_ST_A_Ex,-1.3471362358526402,0.0089564057022378,DOWN
H2bc6,Acc8_hippocampus_ST_A_Ex,-0.5800242490633992,0.0091118090828977,DOWN
Gm20346,Acc8_hippocampus_ST_A_Ex,0.5369973626778438,0.0096136266116787,UP
Gm46287,Acc8_hippocampus_ST_A_Ex,1.2996794194648775,0.0097304967129847,UP
Gm32960,Acc8_hippocampus_ST_A_Ex,1.298589257724918,0.0098590631457271,UP
4933426b08rik,Acc8_hippocampus_ST_A_Ex,1.3399139844930172,0.010014626556852,UP
Loc108168933,Acc8_hippocampus_ST_A_Ex,-0.7535910233657027,0.0100709047421324,DOWN
9130002k18rik,Acc8_hippocampus_ST_A_Ex,-1.112182238262018,0.0101240536482802,DOWN
5730408k05rik,Acc8_hippocampus_ST_A_Ex,0.8902135720815807,0.0101429423795162,UP
Gm9836,Acc8_hippocampus_ST_A_Ex,-0.9361037273364996,0.0107094003983893,DOWN
Loc100861749,Acc8_hippocampus_ST_A_Ex,-0.8404783019280692,0.0115739955375391,DOWN
Tent5a,Acc8_hippocampus_ST_A_Ex,-0.5668154989012278,0.0120564766496445,DOWN
Xdh,Acc8_hippocampus_ST_A_Ex,0.7528235043562566,0.0121768068903954,UP
Spata9,Acc8_hippocampus_ST_A_Ex,-1.065696808150713,0.0124752709152631,DOWN
Gm16364,Acc8_hippocampus_ST_A_Ex,0.5645308382787668,0.0126836969314587,UP
Zbed6,Acc8_hippocampus_ST_A_Ex,1.2835396705764304,0.0130522512767413,UP
Loc118568526,Acc8_hippocampus_ST_A_Ex,0.8636075146927411,0.0131144185815304,UP
Gm36118,Acc8_hippocampus_ST_A_Ex,0.6706449148603436,0.0138405142707398,UP
Serinc2,Acc8_hippocampus_ST_A_Ex,-0.58329367954862,0.0139261397536786,DOWN
4931408d14rik,Acc8_hippocampus_ST_A_Ex,1.433157993585371,0.0139668035507671,UP
Oprm1,Acc8_hippocampus_ST_A_Ex,1.8664027367646945,0.0139675581940658,UP
Polq,Acc8_hippocampus_ST_A_Ex,0.8006373277525969,0.0139954391377607,UP
Gm46358,Acc8_hippocampus_ST_A_Ex,0.6029976028875582,0.0140079110786416,UP
Gm10840,Acc8_hippocampus_ST_A_Ex,0.6139439933692633,0.0142321857554101,UP
Fli1,Acc8_hippocampus_ST_A_Ex,-0.5072469888692674,0.0146704495475365,DOWN
Fam111a,Acc8_hippocampus_ST_A_Ex,-0.6289610969629392,0.0147430728303306,DOWN
Gm14569,Acc8_hippocampus_ST_A_Ex,-0.5507016029699616,0.0149028799757396,DOWN
Fam186b,Acc8_hippocampus_ST_A_Ex,0.6925716499531203,0.0150061842978789,UP
C030034l19rik,Acc8_hippocampus_ST_A_Ex,1.3210631951769054,0.015468902861504,UP
Gm51535,Acc8_hippocampus_ST_A_Ex,0.6242391933523879,0.0157947852826966,UP
Slc5a11,Acc8_hippocampus_ST_A_Ex,0.9711887293543944,0.0159407189726826,UP
Fos,Acc8_hippocampus_ST_A_Ex,-1.383499891151606,0.0168797289682354,DOWN
Gbp9,Acc8_hippocampus_ST_A_Ex,-0.57604087670845,0.0173678036054733,DOWN
Gm36127,Acc8_hippocampus_ST_A_Ex,0.7792073093169425,0.0174664203892126,UP
Styxl1,Acc8_hippocampus_ST_A_Ex,1.272655049723783,0.0174725416330917,UP
Ifit1,Acc8_hippocampus_ST_A_Ex,-1.0390419502826556,0.0177718856551135,DOWN
Gm46265,Acc8_hippocampus_ST_A_Ex,0.9892847470664792,0.0179584447747231,UP
Gm19835,Acc8_hippocampus_ST_A_Ex,1.0327937450810971,0.0181749905053642,UP
9430078g10rik,Acc8_hippocampus_ST_A_Ex,0.5295624893092072,0.0183092510015194,UP
Gm41810,Acc8_hippocampus_ST_A_Ex,0.5763416374122525,0.0183721267791367,UP
Gm32768,Acc8_hippocampus_ST_A_Ex,1.0398183409853812,0.0184474209286006,UP
Gm31550,Acc8_hippocampus_ST_A_Ex,-1.0371678370137871,0.0185886727026729,DOWN
Trim30a,Acc8_hippocampus_ST_A_Ex,-0.5610896507511614,0.0190637684559456,DOWN
Gm34057,Acc8_hippocampus_ST_A_Ex,1.0253243745536484,0.0191679127141547,UP
Gm31725,Acc8_hippocampus_ST_A_Ex,1.5628837526842294,0.0191783480032666,UP
Parp14,Acc8_hippocampus_ST_A_Ex,-0.5623624994132448,0.0199368785123698,DOWN
Loc118568563,Acc8_hippocampus_ST_A_Ex,-1.1149370984012097,0.0204857458709607,DOWN
Loc118567733,Acc8_hippocampus_ST_A_Ex,0.6938572410282574,0.0206840366141554,UP
A730098a19rik,Acc8_hippocampus_ST_A_Ex,0.5474696723857643,0.0207454902819942,UP
Gck,Acc8_hippocampus_ST_A_Ex,0.5884012031380114,0.0213096576753321,UP
Ifi44,Acc8_hippocampus_ST_A_Ex,-1.171117607520595,0.0215280614587622,DOWN
Gm26679,Acc8_hippocampus_ST_A_Ex,0.798803616630728,0.0227417377620308,UP
Zfp781,Acc8_hippocampus_ST_A_Ex,-0.5504216487064191,0.0231149667729392,DOWN
Apobr,Acc8_hippocampus_ST_A_Ex,0.5887475176265585,0.0231213588974638,UP
Fam166b,Acc8_hippocampus_ST_A_Ex,0.7663156467078264,0.0233130452718283,UP
Gm10382,Acc8_hippocampus_ST_A_Ex,0.8616410155186207,0.0247456593105974,UP
Tex47,Acc8_hippocampus_ST_A_Ex,-1.3258292135736118,0.0259037240494087,DOWN
Zcwpw2,Acc8_hippocampus_ST_A_Ex,0.6173171858679666,0.026336072759102,UP
Gm42456,Acc8_hippocampus_ST_A_Ex,0.8628070403987462,0.0266495770639162,UP
Gm3704,Acc8_hippocampus_ST_A_Ex,0.610760718876047,0.0270543828152432,UP
Gm32810,Acc8_hippocampus_ST_A_Ex,0.7489695359657503,0.0272178975830581,UP
Gpr179,Acc8_hippocampus_ST_A_Ex,0.9482870766745032,0.0272831207346585,UP
Smc2os,Acc8_hippocampus_ST_A_Ex,1.0411787229299725,0.027568929519012,UP
Loc118567402,Acc8_hippocampus_ST_A_Ex,0.7848318032725163,0.0275950349652363,UP
Loc115488765,Acc8_hippocampus_ST_A_Ex,1.2420226419141902,0.0279707892313805,UP
Hif3a,Acc8_hippocampus_ST_A_Ex,1.1007853250265454,0.0279721580973082,UP
Loc118568383,Acc8_hippocampus_ST_A_Ex,1.1640652522407129,0.0281115108534861,UP
Loc115490443,Acc8_hippocampus_ST_A_Ex,1.0289603974974932,0.0295603674348508,UP
Loc118567394,Acc8_hippocampus_ST_A_Ex,1.074068781860298,0.0297965153314605,UP
Plk1,Acc8_hippocampus_ST_A_Ex,-0.5076351023018502,0.0298069799418667,DOWN
Zfp652os,Acc8_hippocampus_ST_A_Ex,0.5692631818193268,0.0302148484735536,UP
Loc118567821,Acc8_hippocampus_ST_A_Ex,-1.1210710088103948,0.0303211821663282,DOWN
Gm30583,Acc8_hippocampus_ST_A_Ex,0.8399534324641306,0.030433506641781,UP
Gm31159,Acc8_hippocampus_ST_A_Ex,0.740032536370491,0.0309816665736066,UP
Gm5088,Acc8_hippocampus_ST_A_Ex,-0.9838682305437892,0.0312975418592984,DOWN
Fosb,Acc8_hippocampus_ST_A_Ex,-0.5532755052171409,0.0317785573127014,DOWN
Gm34321,Acc8_hippocampus_ST_A_Ex,0.729316871030973,0.0320372208323923,UP
Gm34375,Acc8_hippocampus_ST_A_Ex,1.080243159924529,0.032296698681324,UP
Eif4ebp1,Acc8_hippocampus_ST_A_Ex,0.5222475652325947,0.0323306902919576,UP
A830052d11rik,Acc8_hippocampus_ST_A_Ex,0.8465000629572963,0.0324228786786231,UP
Drd2,Acc8_hippocampus_ST_A_Ex,-0.5300150998649873,0.0328234788835048,DOWN
Gm12693,Acc8_hippocampus_ST_A_Ex,-0.7938297283969715,0.0329559716912013,DOWN
Gm51782,Acc8_hippocampus_ST_A_Ex,0.6744985888419659,0.0343587742274036,UP
C1qa,Acc8_hippocampus_ST_A_Ex,0.5882819687601194,0.0355791396666941,UP
Ctnna3,Acc8_hippocampus_ST_A_Ex,0.9014731492290148,0.0380771868058815,UP
Zfp456,Acc8_hippocampus_ST_A_Ex,-0.6512312240855572,0.0400890981998765,DOWN
Ccdc78,Acc8_hippocampus_ST_A_Ex,0.8673863759091973,0.0416548293643566,UP
Pram1,Acc8_hippocampus_ST_A_Ex,0.5001029841105928,0.0427840342417751,UP
Cd93,Acc8_hippocampus_ST_A_Ex,-0.5045585530680914,0.043162647068508,DOWN
Gm52009,Acc8_hippocampus_ST_A_Ex,0.8137932066359645,0.0449487291413062,UP
Gm39443,Acc8_hippocampus_ST_A_Ex,1.618500917272265,0.0465311479280865,UP
Gm15772,Acc8_hippocampus_ST_A_Ex,-0.5591207792420214,0.0486413635849077,DOWN
Bdkrb2,Acc8_hippocampus_ST_A_Ex,0.7635149129016828,0.0487497062245137,UP
Med9os,Acc8_hippocampus_ST_A_Ex,0.905430715413556,0.0495102453123819,UP
Rps21,Acc8_hippocampus_ST_A_Ex_KD,1.1546040431468223,1.6930745799098843e-78,UP
Fus,Acc8_hippocampus_ST_A_Ex_KD,0.8767238820179598,8.245062804548855e-33,UP
Rpl35a,Acc8_hippocampus_ST_A_Ex_KD,1.0621272032325924,2.4785593300453243e-29,UP
Tceal6,Acc8_hippocampus_ST_A_Ex_KD,0.9118738396851052,5.647522029249645e-27,UP
Ndufa5,Acc8_hippocampus_ST_A_Ex_KD,0.8120672777111116,7.546224380387929e-26,UP
Tceal5,Acc8_hippocampus_ST_A_Ex_KD,1.231756652462117,4.567566743654873e-25,UP
Rpl36a,Acc8_hippocampus_ST_A_Ex_KD,1.1094455236834977,6.767734054854315e-25,UP
Rpl23,Acc8_hippocampus_ST_A_Ex_KD,0.7592195957514363,8.927799796480776e-25,UP
Tceal3,Acc8_hippocampus_ST_A_Ex_KD,0.8411827219190805,2.4816984191726235e-24,UP
Taf15,Acc8_hippocampus_ST_A_Ex_KD,0.7937587775439774,2.5597197400817812e-23,UP
Mrps18c,Acc8_hippocampus_ST_A_Ex_KD,0.9342016495512347,6.088288642928457e-23,UP
Rpl21,Acc8_hippocampus_ST_A_Ex_KD,0.6345211619015142,7.079768424899927e-22,UP
Hnrnpa1,Acc8_hippocampus_ST_A_Ex_KD,0.716773445083067,1.350864392132537e-21,UP
Snrpf,Acc8_hippocampus_ST_A_Ex_KD,1.1810956742749783,1.813826488355521e-21,UP
Cops9,Acc8_hippocampus_ST_A_Ex_KD,1.053879864515369,1.813826488355521e-21,UP
Cfl1,Acc8_hippocampus_ST_A_Ex_KD,0.6514985041530905,1.813826488355521e-21,UP
Lsm7,Acc8_hippocampus_ST_A_Ex_KD,1.0824506478461888,1.865562127203293e-21,UP
Rps15,Acc8_hippocampus_ST_A_Ex_KD,0.690454565460462,4.304589426627624e-21,UP
Rpl38,Acc8_hippocampus_ST_A_Ex_KD,1.0885656170673668,2.2404095717376e-20,UP
Rpl37a,Acc8_hippocampus_ST_A_Ex_KD,0.6555823451077117,2.2404095717376e-20,UP
Ndufs5,Acc8_hippocampus_ST_A_Ex_KD,0.739190259291706,4.06432878572353e-20,UP
Cox5b,Acc8_hippocampus_ST_A_Ex_KD,1.1801774921152242,9.624781037370232e-20,UP
Swi5,Acc8_hippocampus_ST_A_Ex_KD,0.743610862144484,1.9874678810665761e-19,UP
Pin4,Acc8_hippocampus_ST_A_Ex_KD,0.9140395429643564,2.7823969561602216e-19,UP
Gas5,Acc8_hippocampus_ST_A_Ex_KD,0.7578239273178194,6.576547948533015e-19,UP
Drap1,Acc8_hippocampus_ST_A_Ex_KD,0.7129931899580505,1.1049329404935777e-18,UP
Bex1,Acc8_hippocampus_ST_A_Ex_KD,0.7828644593239912,1.5775384824426816e-18,UP
Ndufb9,Acc8_hippocampus_ST_A_Ex_KD,0.7010382107907178,3.2168247529243936e-18,UP
Rpl36,Acc8_hippocampus_ST_A_Ex_KD,0.7386448030567905,3.565389243787236e-18,UP
Fis1,Acc8_hippocampus_ST_A_Ex_KD,0.6342483285153291,3.565389243787236e-18,UP
Rpl36al,Acc8_hippocampus_ST_A_Ex_KD,0.7660003734242825,5.103199158538257e-18,UP
Pet100,Acc8_hippocampus_ST_A_Ex_KD,0.9669308718014712,6.543623352392667e-18,UP
Rpl37,Acc8_hippocampus_ST_A_Ex_KD,0.7651846543323172,6.543623352392667e-18,UP
Anapc13,Acc8_hippocampus_ST_A_Ex_KD,0.9770373947063802,1.4148017256180682e-17,UP
Micos13,Acc8_hippocampus_ST_A_Ex_KD,0.8690155898794152,1.4861005403201178e-17,UP
Ndufa13,Acc8_hippocampus_ST_A_Ex_KD,0.7297703465449819,3.2671443729448036e-17,UP
Atp5h,Acc8_hippocampus_ST_A_Ex_KD,0.5451822645917196,4.53590508860775e-17,UP
Atp5j2,Acc8_hippocampus_ST_A_Ex_KD,0.7454019468968897,5.727310899608984e-17,UP
Ndufs6,Acc8_hippocampus_ST_A_Ex_KD,1.003487231291352,9.49245056320427e-17,UP
Pabpn1,Acc8_hippocampus_ST_A_Ex_KD,0.7608232193457988,1.97325979037614e-16,UP
Pdap1,Acc8_hippocampus_ST_A_Ex_KD,0.8063930783385302,1.9803314829192862e-16,UP
Ndufb3,Acc8_hippocampus_ST_A_Ex_KD,0.9041518180950342,3.687870048703219e-16,UP
Slc25a4,Acc8_hippocampus_ST_A_Ex_KD,0.5278412270475146,3.92167150932358e-16,UP
Atp5mpl,Acc8_hippocampus_ST_A_Ex_KD,0.918058858886189,1.1996350941114265e-15,UP
Myl6,Acc8_hippocampus_ST_A_Ex_KD,0.8113772382970127,1.254635229148282e-15,UP
Rps29,Acc8_hippocampus_ST_A_Ex_KD,0.9588653569245044,2.2416555315423614e-15,UP
Gng13,Acc8_hippocampus_ST_A_Ex_KD,1.2861473669653138,2.382800533138947e-15,UP
Mt3,Acc8_hippocampus_ST_A_Ex_KD,1.2898398340994126,3.3677350820923288e-15,UP
Rps28,Acc8_hippocampus_ST_A_Ex_KD,0.9454949861839684,4.465738217269597e-15,UP
Nt5c,Acc8_hippocampus_ST_A_Ex_KD,0.7531637188032229,5.5612051114550275e-15,UP
Mea1,Acc8_hippocampus_ST_A_Ex_KD,0.9211682749548776,1.2416598915927175e-14,UP
Hirip3,Acc8_hippocampus_ST_A_Ex_KD,0.7305305074490621,1.2746637857221687e-14,UP
Pfdn1,Acc8_hippocampus_ST_A_Ex_KD,0.5587226080711759,2.3675155923762e-14,UP
Bc1,Acc8_hippocampus_ST_A_Ex_KD,3.040996050513972,3.6525718425083976e-14,UP
Lamtor2,Acc8_hippocampus_ST_A_Ex_KD,0.9590448856304156,3.9791993496009996e-14,UP
Polr2k,Acc8_hippocampus_ST_A_Ex_KD,0.8220989990738513,3.9791993496009996e-14,UP
Snrnp70,Acc8_hippocampus_ST_A_Ex_KD,0.5339064342031291,5.571949882227234e-14,UP
Uqcrb,Acc8_hippocampus_ST_A_Ex_KD,0.8645605535972315,6.541747523394939e-14,UP
Uqcrq,Acc8_hippocampus_ST_A_Ex_KD,0.6970565679437539,7.560430922603177e-14,UP
Snhg8,Acc8_hippocampus_ST_A_Ex_KD,1.0170128223769537,1.0542517737358855e-13,UP
Bex2,Acc8_hippocampus_ST_A_Ex_KD,0.6480014991899901,1.3523336010062825e-13,UP
Pfdn6,Acc8_hippocampus_ST_A_Ex_KD,1.035926375754323,1.547566323897604e-13,UP
Ndufa2,Acc8_hippocampus_ST_A_Ex_KD,0.7484706823395244,1.6132715171127124e-13,UP
Tmem258,Acc8_hippocampus_ST_A_Ex_KD,0.9523720920058412,2.744139977707526e-13,UP
Cox17,Acc8_hippocampus_ST_A_Ex_KD,0.7502338133171068,3.1116163366600453e-13,UP
Rpl30,Acc8_hippocampus_ST_A_Ex_KD,0.6504449269787325,4.389375615562377e-13,UP
Cby1,Acc8_hippocampus_ST_A_Ex_KD,0.582881969899296,6.252114930243198e-13,UP
Atp5k,Acc8_hippocampus_ST_A_Ex_KD,0.929930074118374,6.946831018613615e-13,UP
Naa38,Acc8_hippocampus_ST_A_Ex_KD,0.9057577541197644,7.079905647836635e-13,UP
Rps19,Acc8_hippocampus_ST_A_Ex_KD,0.6575340301798149,7.289618262007746e-13,UP
Mrpl52,Acc8_hippocampus_ST_A_Ex_KD,0.6817344174600708,1.036542272452143e-12,UP
Atpif1,Acc8_hippocampus_ST_A_Ex_KD,0.6992840769774813,1.2283835542263619e-12,UP
Rpl35,Acc8_hippocampus_ST_A_Ex_KD,0.5815094882488617,1.5214677169707412e-12,UP
Snhg6,Acc8_hippocampus_ST_A_Ex_KD,1.0466742453632372,1.6155179581073668e-12,UP
Prdx5,Acc8_hippocampus_ST_A_Ex_KD,0.5859245502623369,2.235310287295223e-12,UP
Tmsb10,Acc8_hippocampus_ST_A_Ex_KD,0.8643752258780978,2.3082736993110615e-12,UP
Nme2,Acc8_hippocampus_ST_A_Ex_KD,0.6647439131060863,3.825358816810319e-12,UP
Sec61b,Acc8_hippocampus_ST_A_Ex_KD,0.7953992610720071,4.683359399029685e-12,UP
Htra2,Acc8_hippocampus_ST_A_Ex_KD,0.5559757801989054,6.540545650302832e-12,UP
Ndufa12,Acc8_hippocampus_ST_A_Ex_KD,0.5951235386580322,6.567132981944876e-12,UP
Ndufb8,Acc8_hippocampus_ST_A_Ex_KD,0.5213153052923011,8.787906948083522e-12,UP
Bola2,Acc8_hippocampus_ST_A_Ex_KD,0.8176938166094017,9.287006275215772e-12,UP
Mrpl20,Acc8_hippocampus_ST_A_Ex_KD,0.6710326874543112,9.332362944410975e-12,UP
Fau,Acc8_hippocampus_ST_A_Ex_KD,0.6182169517626765,9.332362944410975e-12,UP
Tomm7,Acc8_hippocampus_ST_A_Ex_KD,1.1986895594984417,1.0282398387401875e-11,UP
Uqcc2,Acc8_hippocampus_ST_A_Ex_KD,0.7044883026195669,1.0627810152508823e-11,UP
Sem1,Acc8_hippocampus_ST_A_Ex_KD,0.8557866773531244,1.2825736533428148e-11,UP
Cirbp,Acc8_hippocampus_ST_A_Ex_KD,0.898040682502563,1.3382129737702391e-11,UP
Miat,Acc8_hippocampus_ST_A_Ex_KD,0.5418019420949771,2.0064511424988024e-11,UP
Mrpl14,Acc8_hippocampus_ST_A_Ex_KD,0.6069371212524778,2.217042413436381e-11,UP
Rpl23a,Acc8_hippocampus_ST_A_Ex_KD,0.5667715500979575,3.0780146331051326e-11,UP
Rpl41,Acc8_hippocampus_ST_A_Ex_KD,0.6337252854630683,3.2737824983771595e-11,UP
Atp6v0c-ps2,Acc8_hippocampus_ST_A_Ex_KD,-1.1664138529519372,3.3453003516956224e-11,DOWN
Rbm3,Acc8_hippocampus_ST_A_Ex_KD,0.798768828244467,3.346156975419047e-11,UP
Gm51910,Acc8_hippocampus_ST_A_Ex_KD,-3.082972520111349,5.559340206294361e-11,DOWN
Slirp,Acc8_hippocampus_ST_A_Ex_KD,0.6964763533762239,7.606455206558542e-11,UP
Mt2,Acc8_hippocampus_ST_A_Ex_KD,1.1817729538298911,7.777004600975403e-11,UP
Cox4i1,Acc8_hippocampus_ST_A_Ex_KD,0.5365251757429281,8.506455279529349e-11,UP
Erf,Acc8_hippocampus_ST_A_Ex_KD,0.7536850734254864,8.623422683408108e-11,UP
Gar1,Acc8_hippocampus_ST_A_Ex_KD,0.8831609146663738,9.449603416470031e-11,UP
Mgst3,Acc8_hippocampus_ST_A_Ex_KD,0.5885685890571761,9.807938157730431e-11,UP
Rpl11,Acc8_hippocampus_ST_A_Ex_KD,0.5501490959051588,1.4607102818069062e-10,UP
Rps23,Acc8_hippocampus_ST_A_Ex_KD,0.6803365664271426,1.7073567414121534e-10,UP
Mrps26,Acc8_hippocampus_ST_A_Ex_KD,0.6184710068703052,1.783808077219165e-10,UP
Smdt1,Acc8_hippocampus_ST_A_Ex_KD,0.6225222329511514,1.8551477096159967e-10,UP
Nhp2,Acc8_hippocampus_ST_A_Ex_KD,0.5793057225646243,2.1562589974048782e-10,UP
Mrpl2,Acc8_hippocampus_ST_A_Ex_KD,0.5776812762142377,2.3299459871512563e-10,UP
Tlr3,Acc8_hippocampus_ST_A_Ex_KD,-0.5906369045986697,2.691293287192092e-10,DOWN
Llph,Acc8_hippocampus_ST_A_Ex_KD,0.6349529466871537,2.8964417589454256e-10,UP
Tsr3,Acc8_hippocampus_ST_A_Ex_KD,0.5537710050965232,3.0918643316323215e-10,UP
Tmem47,Acc8_hippocampus_ST_A_Ex_KD,-0.5408406163643181,3.153120066651555e-10,DOWN
Klhdc4,Acc8_hippocampus_ST_A_Ex_KD,0.6712565094055508,3.4395552379223135e-10,UP
Rplp2,Acc8_hippocampus_ST_A_Ex_KD,0.6378750771571755,3.449115743913984e-10,UP
Loc118567527,Acc8_hippocampus_ST_A_Ex_KD,0.5961120579656121,3.47306912009891e-10,UP
Ndufb1,Acc8_hippocampus_ST_A_Ex_KD,1.0257561224871292,4.0712501217579347e-10,UP
Ndufb6,Acc8_hippocampus_ST_A_Ex_KD,0.5817551697786879,5.596923952040607e-10,UP
1110038b12rik,Acc8_hippocampus_ST_A_Ex_KD,1.050947045755617,7.233564684736873e-10,UP
Hebp1,Acc8_hippocampus_ST_A_Ex_KD,0.5842478552879748,7.233564684736873e-10,UP
Bex4,Acc8_hippocampus_ST_A_Ex_KD,0.7569115247088384,7.653255569095235e-10,UP
Lsm4,Acc8_hippocampus_ST_A_Ex_KD,0.763474365253247,9.277042354722019e-10,UP
Emc9,Acc8_hippocampus_ST_A_Ex_KD,0.7416570537478153,1.1809952363433774e-09,UP
Ndufa8,Acc8_hippocampus_ST_A_Ex_KD,0.613750305075073,1.5933756574093074e-09,UP
Arl3,Acc8_hippocampus_ST_A_Ex_KD,0.5338619162986972,1.675700782906251e-09,UP
Rps18,Acc8_hippocampus_ST_A_Ex_KD,0.5211006130498756,1.686474896344025e-09,UP
Tfpt,Acc8_hippocampus_ST_A_Ex_KD,0.7170153982619696,1.732960718713965e-09,UP
Ndufa3,Acc8_hippocampus_ST_A_Ex_KD,0.9396041944664888,1.765758515146745e-09,UP
Mrps21,Acc8_hippocampus_ST_A_Ex_KD,0.8230095796296599,1.8313902015631926e-09,UP
Gm39326,Acc8_hippocampus_ST_A_Ex_KD,0.8788761147633479,1.979852420832008e-09,UP
Rnaseh2c,Acc8_hippocampus_ST_A_Ex_KD,0.786856384197082,1.990002461913453e-09,UP
Rps27,Acc8_hippocampus_ST_A_Ex_KD,0.5890131100653586,2.0076240309466967e-09,UP
Mrpl27,Acc8_hippocampus_ST_A_Ex_KD,0.5277604994665253,2.8217169799005603e-09,UP
Hypk,Acc8_hippocampus_ST_A_Ex_KD,0.8564627887592049,3.3042172385213382e-09,UP
Krt9,Acc8_hippocampus_ST_A_Ex_KD,0.8446169665400961,4.747803321437954e-09,UP
Atp5e,Acc8_hippocampus_ST_A_Ex_KD,0.7407598620514685,4.8403967239077206e-09,UP
Serp2,Acc8_hippocampus_ST_A_Ex_KD,0.5786429295438101,5.101348252446497e-09,UP
Bloc1s1,Acc8_hippocampus_ST_A_Ex_KD,0.6884288463878325,5.753122096927542e-09,UP
Romo1,Acc8_hippocampus_ST_A_Ex_KD,1.0255596101498303,6.983856578511668e-09,UP
2410006h16rik,Acc8_hippocampus_ST_A_Ex_KD,0.7981841359190375,7.243369447875103e-09,UP
Edf1,Acc8_hippocampus_ST_A_Ex_KD,0.7811129588686478,7.360595938761667e-09,UP
Ccs,Acc8_hippocampus_ST_A_Ex_KD,0.816577897160719,7.701123331659097e-09,UP
Apoe,Acc8_hippocampus_ST_A_Ex_KD,0.7378594199676952,8.264984074345319e-09,UP
Gm32771,Acc8_hippocampus_ST_A_Ex_KD,-2.2439413922807425,9.494589617288928e-09,DOWN
Bex3,Acc8_hippocampus_ST_A_Ex_KD,0.5498711890383964,9.494589617288928e-09,UP
Uqcc3,Acc8_hippocampus_ST_A_Ex_KD,0.679878977161689,1.2295846287307493e-08,UP
Gm38733,Acc8_hippocampus_ST_A_Ex_KD,0.5083872455058778,1.2813264569559502e-08,UP
Cox7c,Acc8_hippocampus_ST_A_Ex_KD,0.7448427454056037,1.4466795577456538e-08,UP
D8ertd738e,Acc8_hippocampus_ST_A_Ex_KD,0.6502385295402756,1.5481468859883144e-08,UP
Cox8a,Acc8_hippocampus_ST_A_Ex_KD,0.9525282653635648,1.773901087384371e-08,UP
Lamtor4,Acc8_hippocampus_ST_A_Ex_KD,0.7333466999517375,1.7981618736026658e-08,UP
Gm29808,Acc8_hippocampus_ST_A_Ex_KD,-1.9116879057292973,1.9353415293334965e-08,DOWN
Uqcr11,Acc8_hippocampus_ST_A_Ex_KD,1.0067764794462766,1.9619891149281416e-08,UP
Snapc5,Acc8_hippocampus_ST_A_Ex_KD,0.7995830791847126,2.323918012554801e-08,UP
Gm5914,Acc8_hippocampus_ST_A_Ex_KD,1.4173038118909125,2.8018836184446253e-08,UP
Thap3,Acc8_hippocampus_ST_A_Ex_KD,0.6180700883364297,2.805642096206744e-08,UP
Gm7206,Acc8_hippocampus_ST_A_Ex_KD,-2.2232515818223963,3.064337102134235e-08,DOWN
Tmem240,Acc8_hippocampus_ST_A_Ex_KD,0.5932980318738568,3.234605118013316e-08,UP
Dbi,Acc8_hippocampus_ST_A_Ex_KD,0.8913624326091417,4.374266849088023e-08,UP
Fabp3,Acc8_hippocampus_ST_A_Ex_KD,0.7040918852722603,4.6117244484308664e-08,UP
Srgap1,Acc8_hippocampus_ST_A_Ex_KD,-0.5032076416380824,5.180644171770592e-08,DOWN
Arl6ip4,Acc8_hippocampus_ST_A_Ex_KD,0.5833527028326624,5.190348477386115e-08,UP
Tmem256,Acc8_hippocampus_ST_A_Ex_KD,0.88169945860528,7.532219743448006e-08,UP
Smim12,Acc8_hippocampus_ST_A_Ex_KD,0.5480830846275603,8.82335433879604e-08,UP
Ccdc124,Acc8_hippocampus_ST_A_Ex_KD,0.599653798350534,9.417942882794873e-08,UP
Asphd1,Acc8_hippocampus_ST_A_Ex_KD,0.6520364704283447,9.827468784009993e-08,UP
Foxo1,Acc8_hippocampus_ST_A_Ex_KD,-0.5121932163604501,1.076977907309647e-07,DOWN
Cidea,Acc8_hippocampus_ST_A_Ex_KD,0.6865944798603715,1.1852573348069602e-07,UP
Coq7,Acc8_hippocampus_ST_A_Ex_KD,0.5186001208673856,1.2833475043294613e-07,UP
Trir,Acc8_hippocampus_ST_A_Ex_KD,0.5763256401921555,1.4191668610066953e-07,UP
Gm36331,Acc8_hippocampus_ST_A_Ex_KD,1.0732478607894196,1.4564061461399568e-07,UP
Tmed9,Acc8_hippocampus_ST_A_Ex_KD,0.5226832184555842,1.571542335477254e-07,UP
Snhg12,Acc8_hippocampus_ST_A_Ex_KD,0.650627682501649,1.831277754374474e-07,UP
Loc118568482,Acc8_hippocampus_ST_A_Ex_KD,0.5145712575180598,2.010814173751865e-07,UP
Gm6548,Acc8_hippocampus_ST_A_Ex_KD,-0.8633870548849572,2.0720846853979325e-07,DOWN
Cstb,Acc8_hippocampus_ST_A_Ex_KD,0.6414027201563678,2.148712298193215e-07,UP
Cpsf4,Acc8_hippocampus_ST_A_Ex_KD,0.540220887031903,2.207655793195909e-07,UP
Snrpe,Acc8_hippocampus_ST_A_Ex_KD,0.5743737113034479,2.874518495594399e-07,UP
Ndufb2,Acc8_hippocampus_ST_A_Ex_KD,0.571879073455259,3.0504562340774133e-07,UP
Ost4,Acc8_hippocampus_ST_A_Ex_KD,0.6840201784956694,3.057891153091564e-07,UP
Nagk,Acc8_hippocampus_ST_A_Ex_KD,0.5139492192729482,3.246834348694371e-07,UP
Lipo3,Acc8_hippocampus_ST_A_Ex_KD,-0.6209331400687028,3.432606145726426e-07,DOWN
Mrpl54,Acc8_hippocampus_ST_A_Ex_KD,0.5988783123687859,3.612462592107885e-07,UP
Dpm3,Acc8_hippocampus_ST_A_Ex_KD,0.7994065030794496,3.858622742725265e-07,UP
Lsm8,Acc8_hippocampus_ST_A_Ex_KD,0.6235861535468875,4.057232987850693e-07,UP
Timm10,Acc8_hippocampus_ST_A_Ex_KD,0.6281081042840064,4.271567881839301e-07,UP
Tbca,Acc8_hippocampus_ST_A_Ex_KD,0.5772065584683953,5.780389381351268e-07,UP
Gm12174,Acc8_hippocampus_ST_A_Ex_KD,-1.4411119086160968,6.491133001446703e-07,DOWN
Tmem191c,Acc8_hippocampus_ST_A_Ex_KD,0.5060056289051666,6.978340870990822e-07,UP
Gm33851,Acc8_hippocampus_ST_A_Ex_KD,1.6420515853141269,7.275880984836005e-07,UP
Gm46174,Acc8_hippocampus_ST_A_Ex_KD,-0.7906963233367648,8.190455578251485e-07,DOWN
Gm3227,Acc8_hippocampus_ST_A_Ex_KD,-2.1755152249747187,8.207266781829112e-07,DOWN
Ptma,Acc8_hippocampus_ST_A_Ex_KD,0.5347424110165695,8.733326735100462e-07,UP
D330050i16rik,Acc8_hippocampus_ST_A_Ex_KD,0.8707282863396889,8.774792470312272e-07,UP
Gm9839,Acc8_hippocampus_ST_A_Ex_KD,-3.12681337737618,8.91535157822976e-07,DOWN
Uqcr10,Acc8_hippocampus_ST_A_Ex_KD,0.6318753688123476,1.1828879595413347e-06,UP
A230051n06rik,Acc8_hippocampus_ST_A_Ex_KD,1.2611418201332094,1.3025734032599157e-06,UP
Fam241b,Acc8_hippocampus_ST_A_Ex_KD,0.5038831489980654,1.3386900342927312e-06,UP
Srsf5,Acc8_hippocampus_ST_A_Ex_KD,0.6346883841766935,1.3947747503231406e-06,UP
Tma7,Acc8_hippocampus_ST_A_Ex_KD,0.604724551493164,1.4241524828707531e-06,UP
Ddrgk1,Acc8_hippocampus_ST_A_Ex_KD,0.6188222242641355,1.508499148722742e-06,UP
Plekhj1,Acc8_hippocampus_ST_A_Ex_KD,0.5305519631287416,1.5312862143063837e-06,UP
Snrpd2,Acc8_hippocampus_ST_A_Ex_KD,0.5863319405415085,1.541524982041241e-06,UP
Ccdc12,Acc8_hippocampus_ST_A_Ex_KD,0.6706272224473185,1.7548159970830751e-06,UP
Pfdn2,Acc8_hippocampus_ST_A_Ex_KD,0.545635536959463,1.798218323624375e-06,UP
Itgb8,Acc8_hippocampus_ST_A_Ex_KD,-0.5035207887202471,1.909418772231744e-06,DOWN
Ndufaf2,Acc8_hippocampus_ST_A_Ex_KD,0.5452326115013976,1.9145106004833563e-06,UP
Cep131,Acc8_hippocampus_ST_A_Ex_KD,0.5437078360849629,1.9502147206159954e-06,UP
Ndufa1,Acc8_hippocampus_ST_A_Ex_KD,0.7947629853187045,2.148254458886071e-06,UP
Loc114841036,Acc8_hippocampus_ST_A_Ex_KD,0.7498121724285964,2.148254458886071e-06,UP
Rpl8,Acc8_hippocampus_ST_A_Ex_KD,0.5226584758158378,2.3593047624421865e-06,UP
Gna14,Acc8_hippocampus_ST_A_Ex_KD,-0.6940986106780139,2.4112657238977765e-06,DOWN
Dmp1,Acc8_hippocampus_ST_A_Ex_KD,0.7864686381217751,2.553803914321258e-06,UP
9130002k18rik,Acc8_hippocampus_ST_A_Ex_KD,-2.026595185651385,2.660331526947842e-06,DOWN
Fkbp2,Acc8_hippocampus_ST_A_Ex_KD,0.6636958855988739,2.979165947802399e-06,UP
Tmem160,Acc8_hippocampus_ST_A_Ex_KD,0.6431346065652699,3.1792029583633982e-06,UP
Loc118568718,Acc8_hippocampus_ST_A_Ex_KD,-1.945113049668348,3.3327390994715614e-06,DOWN
E130102h24rik,Acc8_hippocampus_ST_A_Ex_KD,0.8541913776303852,3.54810656787416e-06,UP
Selenow,Acc8_hippocampus_ST_A_Ex_KD,0.5646258312620578,3.812734703218288e-06,UP
Nme3,Acc8_hippocampus_ST_A_Ex_KD,0.5623609588859748,4.134916805692111e-06,UP
Dnajc17,Acc8_hippocampus_ST_A_Ex_KD,0.6097557256577111,4.294816036179185e-06,UP
Sec61g,Acc8_hippocampus_ST_A_Ex_KD,0.5506448813581346,4.411968628482273e-06,UP
Snrpd3,Acc8_hippocampus_ST_A_Ex_KD,0.6070445860543836,5.057954775322161e-06,UP
Tomm6,Acc8_hippocampus_ST_A_Ex_KD,0.5691981583252754,5.447257082705763e-06,UP
Coprs,Acc8_hippocampus_ST_A_Ex_KD,0.5900914253424143,5.908803732085069e-06,UP
Gm15421,Acc8_hippocampus_ST_A_Ex_KD,-1.2355616865934909,6.27753032169684e-06,DOWN
Timm8b,Acc8_hippocampus_ST_A_Ex_KD,0.5601085573190442,6.43714854811144e-06,UP
Srp54a,Acc8_hippocampus_ST_A_Ex_KD,0.8427497209840809,7.279677916617157e-06,UP
Rn7sk,Acc8_hippocampus_ST_A_Ex_KD,1.8347345122055767,8.15657635999466e-06,UP
Rprml,Acc8_hippocampus_ST_A_Ex_KD,0.5847475933189344,8.205853055541651e-06,UP
Ndufaf8,Acc8_hippocampus_ST_A_Ex_KD,0.6788450195440299,8.777076017451005e-06,UP
Rnaset2a,Acc8_hippocampus_ST_A_Ex_KD,0.9914743372598166,9.092130239827189e-06,UP
Smim11,Acc8_hippocampus_ST_A_Ex_KD,0.6400366755660549,9.338815714046164e-06,UP
Loc118568241,Acc8_hippocampus_ST_A_Ex_KD,-2.5488662742038617,9.529161590792267e-06,DOWN
Cox6a2,Acc8_hippocampus_ST_A_Ex_KD,1.0037180702326516,9.603063660523889e-06,UP
Gm52229,Acc8_hippocampus_ST_A_Ex_KD,-2.0324879243559573,9.974454370777004e-06,DOWN
Mien1,Acc8_hippocampus_ST_A_Ex_KD,0.6444557036277495,1.0733277253234016e-05,UP
Cox7c-ps1,Acc8_hippocampus_ST_A_Ex_KD,-2.091478370295491,1.1372535967465952e-05,DOWN
Pvalb,Acc8_hippocampus_ST_A_Ex_KD,0.5014295265868902,1.1841993123132e-05,UP
Gpatch4,Acc8_hippocampus_ST_A_Ex_KD,0.709127502802938,1.1965098212230249e-05,UP
Gm52134,Acc8_hippocampus_ST_A_Ex_KD,0.7617565708422359,1.3271818698966187e-05,UP
Nr2c2ap,Acc8_hippocampus_ST_A_Ex_KD,0.5264477845215912,1.3271818698966187e-05,UP
S100a13,Acc8_hippocampus_ST_A_Ex_KD,0.622513218703797,1.421801121941444e-05,UP
Phtf1os,Acc8_hippocampus_ST_A_Ex_KD,-0.6074523611598955,1.544554511665095e-05,DOWN
Dynll2,Acc8_hippocampus_ST_A_Ex_KD,0.6250869929979572,1.572150254069065e-05,UP
Flywch2,Acc8_hippocampus_ST_A_Ex_KD,0.8166718915166916,1.7694729198074963e-05,UP
Eif3g,Acc8_hippocampus_ST_A_Ex_KD,0.5088262910812796,1.808839329880544e-05,UP
Ndufab1-ps,Acc8_hippocampus_ST_A_Ex_KD,-2.191013303439421,1.9117165584312737e-05,DOWN
Hspe1,Acc8_hippocampus_ST_A_Ex_KD,0.5319169315547755,2.1910416245494363e-05,UP
Gm12816,Acc8_hippocampus_ST_A_Ex_KD,-1.6120393259311283,2.25640524053364e-05,DOWN
Mrps28,Acc8_hippocampus_ST_A_Ex_KD,0.6409514493646288,2.284596316292873e-05,UP
Gm20056,Acc8_hippocampus_ST_A_Ex_KD,-1.8997207767349813,2.3918588058623888e-05,DOWN
Slc19a3,Acc8_hippocampus_ST_A_Ex_KD,-0.6769916714447443,2.3918588058623888e-05,DOWN
1810009a15rik,Acc8_hippocampus_ST_A_Ex_KD,0.650889294812609,2.6262984477542053e-05,UP
Higd1b,Acc8_hippocampus_ST_A_Ex_KD,0.9130332655334285,3.101968834313481e-05,UP
Rybp-ps,Acc8_hippocampus_ST_A_Ex_KD,-1.808918564615436,3.214820360268834e-05,DOWN
Gm46830,Acc8_hippocampus_ST_A_Ex_KD,-1.7268687760344943,3.250054249434783e-05,DOWN
Ankrd35,Acc8_hippocampus_ST_A_Ex_KD,0.5363606395090201,3.573627165193851e-05,UP
Hmgb3,Acc8_hippocampus_ST_A_Ex_KD,0.6543740504868178,3.5822267424946496e-05,UP
Mrpl41,Acc8_hippocampus_ST_A_Ex_KD,0.5554597182725395,3.6802063230786205e-05,UP
C030023e24rik,Acc8_hippocampus_ST_A_Ex_KD,-0.7469419762139762,3.855857947116453e-05,DOWN
Timm13,Acc8_hippocampus_ST_A_Ex_KD,0.5897024390602892,4.504734374076659e-05,UP
Gm32528,Acc8_hippocampus_ST_A_Ex_KD,0.7104431473566429,4.610249998793168e-05,UP
Polr2l,Acc8_hippocampus_ST_A_Ex_KD,0.5924001502309558,4.618061169637748e-05,UP
Loc118568563,Acc8_hippocampus_ST_A_Ex_KD,-1.9251663169691493,4.740292089155964e-05,DOWN
Cox14,Acc8_hippocampus_ST_A_Ex_KD,0.5580146629522009,5.249121082296618e-05,UP
Gm11478,Acc8_hippocampus_ST_A_Ex_KD,-1.1188304995368918,5.405733935571246e-05,DOWN
Gm46091,Acc8_hippocampus_ST_A_Ex_KD,0.7089235652543681,5.611032054833946e-05,UP
1110025m09rik,Acc8_hippocampus_ST_A_Ex_KD,0.6310590344138572,6.110514925756409e-05,UP
Lor,Acc8_hippocampus_ST_A_Ex_KD,0.7187621164033524,6.31999686234862e-05,UP
Rplp2-ps1,Acc8_hippocampus_ST_A_Ex_KD,-0.9068291802330056,7.25913853265913e-05,DOWN
Gm36661,Acc8_hippocampus_ST_A_Ex_KD,-2.1118865508540843,8.007361281189134e-05,DOWN
Gm10157,Acc8_hippocampus_ST_A_Ex_KD,-1.5490354405077622,8.391516688236487e-05,DOWN
Klk13,Acc8_hippocampus_ST_A_Ex_KD,1.4087669883087863,8.557864872456349e-05,UP
Rpp25l,Acc8_hippocampus_ST_A_Ex_KD,0.5610492167851172,8.60708231413305e-05,UP
Cox7b,Acc8_hippocampus_ST_A_Ex_KD,0.590472321512038,9.41957012691672e-05,UP
Zxdb,Acc8_hippocampus_ST_A_Ex_KD,-0.5126137730327506,9.720213479064691e-05,DOWN
Gamt,Acc8_hippocampus_ST_A_Ex_KD,0.5670494896544799,9.810270540496012e-05,UP
Gm51556,Acc8_hippocampus_ST_A_Ex_KD,0.7442561167463073,9.97054305610982e-05,UP
Phpt1,Acc8_hippocampus_ST_A_Ex_KD,0.5195852381430374,0.000102958194352,UP
Ptchd1,Acc8_hippocampus_ST_A_Ex_KD,-0.5393962143453095,0.0001033918460716,DOWN
Mthfsl,Acc8_hippocampus_ST_A_Ex_KD,0.5039682854462625,0.0001170921511908,UP
Gan,Acc8_hippocampus_ST_A_Ex_KD,0.855830295188947,0.0001253502094943,UP
Snhg10,Acc8_hippocampus_ST_A_Ex_KD,1.096451999536178,0.0001470077205615,UP
Zfp976,Acc8_hippocampus_ST_A_Ex_KD,-0.5456650550696748,0.0001615862002308,DOWN
Ccdc58,Acc8_hippocampus_ST_A_Ex_KD,0.5422262892254605,0.0001634824229608,UP
Gm8149,Acc8_hippocampus_ST_A_Ex_KD,0.5968889201977925,0.000167567335352,UP
Gm10224,Acc8_hippocampus_ST_A_Ex_KD,-1.5745897456971465,0.00017886492197,DOWN
Uxt,Acc8_hippocampus_ST_A_Ex_KD,0.6176945841022565,0.0001891593191689,UP
9430041j12rik,Acc8_hippocampus_ST_A_Ex_KD,0.714671230558625,0.0001962591531679,UP
Nfkbil1,Acc8_hippocampus_ST_A_Ex_KD,0.6015878617657141,0.0001996778494766,UP
H2aj,Acc8_hippocampus_ST_A_Ex_KD,0.5180906437698256,0.0002030343638829,UP
Gm52502,Acc8_hippocampus_ST_A_Ex_KD,2.1202933952760685,0.0002264113218561,UP
Slc18a2,Acc8_hippocampus_ST_A_Ex_KD,-0.5848175268594609,0.0002378122963596,DOWN
Prrg1,Acc8_hippocampus_ST_A_Ex_KD,-0.5281449043143732,0.0002391303367424,DOWN
Myh7b,Acc8_hippocampus_ST_A_Ex_KD,0.6339187308880406,0.0002421413242836,UP
5730408k05rik,Acc8_hippocampus_ST_A_Ex_KD,1.2578273868401109,0.0002628555149291,UP
Cysltr2,Acc8_hippocampus_ST_A_Ex_KD,-1.508617586816897,0.0002638912031292,DOWN
Gm14279,Acc8_hippocampus_ST_A_Ex_KD,-1.2182189821261884,0.0002699379285162,DOWN
Atp2c2,Acc8_hippocampus_ST_A_Ex_KD,1.1037863925863542,0.0002829036349,UP
Fosl1,Acc8_hippocampus_ST_A_Ex_KD,0.7482818445580455,0.0003040722579311,UP
Hscb,Acc8_hippocampus_ST_A_Ex_KD,0.6357191972609504,0.000327180629217,UP
Gm34267,Acc8_hippocampus_ST_A_Ex_KD,0.654043222034504,0.00034432417032,UP
Trim34a,Acc8_hippocampus_ST_A_Ex_KD,-0.831450105398882,0.0003626944604021,DOWN
Gm12669,Acc8_hippocampus_ST_A_Ex_KD,-1.5079915025375992,0.0003684752096591,DOWN
Cox6a1,Acc8_hippocampus_ST_A_Ex_KD,0.5226600037408684,0.0003780809375874,UP
Bnip3l-ps,Acc8_hippocampus_ST_A_Ex_KD,-1.3770156500013278,0.000405328999799,DOWN
Plin4,Acc8_hippocampus_ST_A_Ex_KD,1.8477280793349835,0.0004078330571873,UP
Gm34755,Acc8_hippocampus_ST_A_Ex_KD,1.7383700889302467,0.0004143256134806,UP
Gm5415,Acc8_hippocampus_ST_A_Ex_KD,-1.888318933007038,0.0004502336601515,DOWN
Gm46287,Acc8_hippocampus_ST_A_Ex_KD,1.7541728222128097,0.0004516618562515,UP
Gm51666,Acc8_hippocampus_ST_A_Ex_KD,-1.4388640056721769,0.0004567898435904,DOWN
Ecm2,Acc8_hippocampus_ST_A_Ex_KD,-0.7013107824377419,0.0004591375272009,DOWN
3110040n11rik,Acc8_hippocampus_ST_A_Ex_KD,0.5079373773984933,0.0004635474890787,UP
Gm13363,Acc8_hippocampus_ST_A_Ex_KD,-1.555555215397436,0.0004889734831718,DOWN
Gm19522,Acc8_hippocampus_ST_A_Ex_KD,-0.7167555131153134,0.0005123117789389,DOWN
A330015k06rik,Acc8_hippocampus_ST_A_Ex_KD,1.2628439877187625,0.0005196570623389,UP
Snrpg,Acc8_hippocampus_ST_A_Ex_KD,0.5185074786241098,0.0005560864655555,UP
Trim59,Acc8_hippocampus_ST_A_Ex_KD,-0.5088235154324764,0.0005561788059073,DOWN
Asic4,Acc8_hippocampus_ST_A_Ex_KD,0.5190850887029363,0.0005830410306011,UP
Gm52430,Acc8_hippocampus_ST_A_Ex_KD,1.2952191393959205,0.0006197223718595,UP
Gm6402,Acc8_hippocampus_ST_A_Ex_KD,-1.902369902374477,0.0006240459619588,DOWN
Rpl6l,Acc8_hippocampus_ST_A_Ex_KD,-0.8636434483026127,0.0006910925678511,DOWN
Loc115487369,Acc8_hippocampus_ST_A_Ex_KD,-0.9394625911396358,0.0006984232326927,DOWN
Polr2j,Acc8_hippocampus_ST_A_Ex_KD,0.5464816133840191,0.000724760004087,UP
4930413g21rik,Acc8_hippocampus_ST_A_Ex_KD,0.6406215682929468,0.0007326917740478,UP
Pcbd2,Acc8_hippocampus_ST_A_Ex_KD,0.5672819170752096,0.0007378387979564,UP
Gm12227,Acc8_hippocampus_ST_A_Ex_KD,1.6781669308719638,0.0007386124242218,UP
Rflnb,Acc8_hippocampus_ST_A_Ex_KD,-0.5850184608666115,0.0007903935238835,DOWN
Gm4532,Acc8_hippocampus_ST_A_Ex_KD,0.9834341863098676,0.0008170435499635,UP
Fcor,Acc8_hippocampus_ST_A_Ex_KD,0.8233536346973082,0.0008490962370462,UP
1500002f19rik,Acc8_hippocampus_ST_A_Ex_KD,0.8372135270489514,0.0008619954984675,UP
Gm40233,Acc8_hippocampus_ST_A_Ex_KD,0.9782492502229674,0.0008762910880041,UP
Gm4199,Acc8_hippocampus_ST_A_Ex_KD,-1.45455679906033,0.00088029565736,DOWN
2810049e08rik,Acc8_hippocampus_ST_A_Ex_KD,0.8189291849626582,0.0009044603757769,UP
Loc115488769,Acc8_hippocampus_ST_A_Ex_KD,1.5284126039860133,0.0009655417569853,UP
Nudt8,Acc8_hippocampus_ST_A_Ex_KD,0.5707266957274184,0.0009793260191311,UP
Gm42378,Acc8_hippocampus_ST_A_Ex_KD,1.186486503210156,0.001021631646163,UP
Smim27,Acc8_hippocampus_ST_A_Ex_KD,0.9281159111386662,0.0010306217950871,UP
Rps23rg1,Acc8_hippocampus_ST_A_Ex_KD,-0.93400669492579,0.0010406975861964,DOWN
Gm33763,Acc8_hippocampus_ST_A_Ex_KD,2.518154306853108,0.0011075279294433,UP
Pet117,Acc8_hippocampus_ST_A_Ex_KD,1.471340332684172,0.0011605607189669,UP
Gm39450,Acc8_hippocampus_ST_A_Ex_KD,2.045291842315999,0.0011972375218884,UP
Gm51782,Acc8_hippocampus_ST_A_Ex_KD,1.0186987146511597,0.0011972375218884,UP
Jsrp1,Acc8_hippocampus_ST_A_Ex_KD,0.7549055465748837,0.0012065240939096,UP
Slc5a3,Acc8_hippocampus_ST_A_Ex_KD,-0.5125416829177731,0.0012975801848332,DOWN
Gm36118,Acc8_hippocampus_ST_A_Ex_KD,0.8816461337402592,0.0013556578089594,UP
2310039h08rik,Acc8_hippocampus_ST_A_Ex_KD,0.8070689732584401,0.0014229070661696,UP
Aldoart1,Acc8_hippocampus_ST_A_Ex_KD,-1.0281620720591076,0.0014277825425791,DOWN
9330020h09rik,Acc8_hippocampus_ST_A_Ex_KD,0.9679410573031932,0.0015987638244149,UP
Gm41349,Acc8_hippocampus_ST_A_Ex_KD,0.5118855947802677,0.0016034367681018,UP
Prr16,Acc8_hippocampus_ST_A_Ex_KD,-0.5452315486120962,0.0016421297161581,DOWN
Clec2d,Acc8_hippocampus_ST_A_Ex_KD,1.0038047570685131,0.0016664618212233,UP
Ppp1r14a,Acc8_hippocampus_ST_A_Ex_KD,0.5957900315756428,0.0016806321112037,UP
Pdlim2,Acc8_hippocampus_ST_A_Ex_KD,0.6053098731503419,0.0017056715948321,UP
Prickle4,Acc8_hippocampus_ST_A_Ex_KD,0.5619093471334361,0.0017109736825651,UP
Gm12696,Acc8_hippocampus_ST_A_Ex_KD,-1.1389840877851394,0.0017306968512885,DOWN
Rnaset2b,Acc8_hippocampus_ST_A_Ex_KD,0.9533100545029424,0.0017503947387539,UP
Wnt9a,Acc8_hippocampus_ST_A_Ex_KD,1.0876423985767454,0.0017545103641456,UP
Loc118567920,Acc8_hippocampus_ST_A_Ex_KD,0.5621911353739367,0.0018793748896949,UP
Gm10874,Acc8_hippocampus_ST_A_Ex_KD,-1.0360925106859558,0.0018902428877327,DOWN
Loc118567821,Acc8_hippocampus_ST_A_Ex_KD,-1.6221159458212209,0.0019576931343108,DOWN
H2bc6,Acc8_hippocampus_ST_A_Ex_KD,-0.7144191414624385,0.00196095899334,DOWN
Loc108167518,Acc8_hippocampus_ST_A_Ex_KD,0.5551293501099206,0.0019856849015429,UP
Npm3,Acc8_hippocampus_ST_A_Ex_KD,0.6091230812030285,0.0020128907436504,UP
Epb41l4aos,Acc8_hippocampus_ST_A_Ex_KD,0.5760448513849098,0.0020487154998667,UP
Gm13404,Acc8_hippocampus_ST_A_Ex_KD,1.1501606404288578,0.002111201540783,UP
Gm5901,Acc8_hippocampus_ST_A_Ex_KD,0.8659361845503748,0.0021974796687432,UP
Loc115489019,Acc8_hippocampus_ST_A_Ex_KD,0.714239698565282,0.0023471448161497,UP
Gm6625,Acc8_hippocampus_ST_A_Ex_KD,-1.571680663903824,0.0024453442791247,DOWN
Gpr4,Acc8_hippocampus_ST_A_Ex_KD,-0.6536001693254015,0.0026005754320792,DOWN
Rhov,Acc8_hippocampus_ST_A_Ex_KD,0.5522103656075369,0.0026069267735356,UP
Gm33581,Acc8_hippocampus_ST_A_Ex_KD,0.7653670922036167,0.0026760647317983,UP
Calcrl,Acc8_hippocampus_ST_A_Ex_KD,-0.5177336220105383,0.002708522557928,DOWN
Smim4,Acc8_hippocampus_ST_A_Ex_KD,0.5440505855561726,0.0027228237472506,UP
Lnpep,Acc8_hippocampus_ST_A_Ex_KD,1.6659304644688937,0.0027385274647352,UP
Loc118567400,Acc8_hippocampus_ST_A_Ex_KD,1.232968977711395,0.0031974070901303,UP
Loc108167553,Acc8_hippocampus_ST_A_Ex_KD,0.6870513794283823,0.0034228816531938,UP
Zmym1,Acc8_hippocampus_ST_A_Ex_KD,-0.6538726570370188,0.0035175746607309,DOWN
Gm9885,Acc8_hippocampus_ST_A_Ex_KD,0.5846728299601894,0.0035389740009821,UP
Gm40309,Acc8_hippocampus_ST_A_Ex_KD,0.6240799396942733,0.0035475223376644,UP
Gm32059,Acc8_hippocampus_ST_A_Ex_KD,0.7108573559689082,0.003574714434156,UP
Vstm4,Acc8_hippocampus_ST_A_Ex_KD,-0.9200477355438248,0.0035787742075134,DOWN
Serf1,Acc8_hippocampus_ST_A_Ex_KD,0.5675801760227037,0.0035867845550195,UP
Ifi44,Acc8_hippocampus_ST_A_Ex_KD,-1.536059745521832,0.0036629268886472,DOWN
4732491k20rik,Acc8_hippocampus_ST_A_Ex_KD,0.5747676969505152,0.0036830720774274,UP
Gm46358,Acc8_hippocampus_ST_A_Ex_KD,0.730693128888823,0.0037574736164053,UP
Gm12693,Acc8_hippocampus_ST_A_Ex_KD,-1.2111017183430424,0.0037679590596761,DOWN
Tex47,Acc8_hippocampus_ST_A_Ex_KD,-1.8089896330469328,0.0039633205040948,DOWN
Zfas1,Acc8_hippocampus_ST_A_Ex_KD,0.5313727853768184,0.0040014831722459,UP
Gm35857,Acc8_hippocampus_ST_A_Ex_KD,-1.6036618574125274,0.0040725042368679,DOWN
4933440n22rik,Acc8_hippocampus_ST_A_Ex_KD,0.8033182767831475,0.004099656153341,UP
Gm15455,Acc8_hippocampus_ST_A_Ex_KD,-1.3737442469526675,0.0041114301104019,DOWN
Gm6158,Acc8_hippocampus_ST_A_Ex_KD,-1.8366702410857787,0.0043020374527963,DOWN
Pcp4,Acc8_hippocampus_ST_A_Ex_KD,0.5017216916325403,0.0043505849879158,UP
Gm33449,Acc8_hippocampus_ST_A_Ex_KD,1.3230732145657136,0.0043901117625059,UP
Mt1,Acc8_hippocampus_ST_A_Ex_KD,0.5228258768871193,0.0044089039943828,UP
Cracr2b,Acc8_hippocampus_ST_A_Ex_KD,0.7186268650981641,0.004671147663754,UP
Slfn8,Acc8_hippocampus_ST_A_Ex_KD,-0.8828051288214812,0.0047865785434729,DOWN
Ifi203,Acc8_hippocampus_ST_A_Ex_KD,-0.6327408232823758,0.0048430417901719,DOWN
Gm52132,Acc8_hippocampus_ST_A_Ex_KD,0.8014690592292213,0.0048815108189177,UP
A730063m14rik,Acc8_hippocampus_ST_A_Ex_KD,1.304961492030003,0.0049097864617499,UP
Gm39642,Acc8_hippocampus_ST_A_Ex_KD,2.0234873490250536,0.005070129850654,UP
Gm9199,Acc8_hippocampus_ST_A_Ex_KD,-1.5194611689178783,0.0050876657831344,DOWN
9030607l20rik,Acc8_hippocampus_ST_A_Ex_KD,1.6345930087340823,0.0052949321953354,UP
Gm30970,Acc8_hippocampus_ST_A_Ex_KD,-1.4219831612662122,0.0055564096916764,DOWN
A730098a19rik,Acc8_hippocampus_ST_A_Ex_KD,0.6819944260662943,0.005662362475836,UP
Gm32768,Acc8_hippocampus_ST_A_Ex_KD,1.259728042177502,0.0057407267168947,UP
Gm30583,Acc8_hippocampus_ST_A_Ex_KD,1.0947932286547448,0.0057682355266081,UP
Spata24,Acc8_hippocampus_ST_A_Ex_KD,0.7317708884087151,0.0057731776126431,UP
Ccl21b,Acc8_hippocampus_ST_A_Ex_KD,0.8729903036120288,0.0059363518604886,UP
Gm15743,Acc8_hippocampus_ST_A_Ex_KD,0.8834977660212687,0.0062283555383321,UP
Gm12657,Acc8_hippocampus_ST_A_Ex_KD,-1.4895565798754369,0.006315452927632,DOWN
Gm38900,Acc8_hippocampus_ST_A_Ex_KD,1.4555257588588255,0.0064132535455232,UP
Gm41810,Acc8_hippocampus_ST_A_Ex_KD,0.6908698309866549,0.0067226538503145,UP
Loc100861749,Acc8_hippocampus_ST_A_Ex_KD,-0.9542473827365588,0.0072198583813602,DOWN
Gm14377,Acc8_hippocampus_ST_A_Ex_KD,1.5087997709412342,0.0073423005673355,UP
Gm46060,Acc8_hippocampus_ST_A_Ex_KD,1.5372113076123617,0.0073446880762951,UP
Gm42274,Acc8_hippocampus_ST_A_Ex_KD,0.654131370739124,0.0073708082182471,UP
2900093k20rik,Acc8_hippocampus_ST_A_Ex_KD,0.7260649642793137,0.007453617921799,UP
Zbed6,Acc8_hippocampus_ST_A_Ex_KD,1.4220794569539523,0.0075177003817009,UP
Cobl,Acc8_hippocampus_ST_A_Ex_KD,-0.501124520101439,0.0075996826431911,DOWN
Gm16364,Acc8_hippocampus_ST_A_Ex_KD,0.6387446648123755,0.0076261205035058,UP
C030034l19rik,Acc8_hippocampus_ST_A_Ex_KD,1.4974535394889943,0.0076452304283039,UP
Zfp934,Acc8_hippocampus_ST_A_Ex_KD,-0.6333100535424123,0.0079118437613841,DOWN
Gm36127,Acc8_hippocampus_ST_A_Ex_KD,0.8968240451138628,0.0079162436728318,UP
S100a6,Acc8_hippocampus_ST_A_Ex_KD,0.5174679312529757,0.0083202014424118,UP
Rab37,Acc8_hippocampus_ST_A_Ex_KD,0.5032977121195643,0.0086708452943267,UP
Gck,Acc8_hippocampus_ST_A_Ex_KD,0.6961509240356434,0.0088007226621607,UP
Atp5md,Acc8_hippocampus_ST_A_Ex_KD,0.5306076495029461,0.0088033802824137,UP
Gm51535,Acc8_hippocampus_ST_A_Ex_KD,0.7079582562324022,0.0088393950045129,UP
Cox7a1,Acc8_hippocampus_ST_A_Ex_KD,1.3589584630624862,0.0089439690748988,UP
Gm42456,Acc8_hippocampus_ST_A_Ex_KD,1.0513075065613529,0.009083433473711,UP
Zfp652os,Acc8_hippocampus_ST_A_Ex_KD,0.7084222781195321,0.0091694954768413,UP
Eif3j2,Acc8_hippocampus_ST_A_Ex_KD,-1.0241298040014444,0.0093749424932294,DOWN
Cartpt,Acc8_hippocampus_ST_A_Ex_KD,0.8827748340046295,0.0099543137270447,UP
Dusp9,Acc8_hippocampus_ST_A_Ex_KD,1.5260010300163684,0.0099575731796775,UP
Fli1,Acc8_hippocampus_ST_A_Ex_KD,-0.564449429042937,0.0099813220046996,DOWN
En2,Acc8_hippocampus_ST_A_Ex_KD,0.6641626970719083,0.0102892870759953,UP
Dbp,Acc8_hippocampus_ST_A_Ex_KD,0.7551985688265355,0.0103146296288224,UP
Arl4d,Acc8_hippocampus_ST_A_Ex_KD,0.716324174499209,0.010735586724651,UP
Mob3b,Acc8_hippocampus_ST_A_Ex_KD,-0.5785908018356908,0.0107434298144421,DOWN
Gm40713,Acc8_hippocampus_ST_A_Ex_KD,0.5672227527671136,0.0108145667822723,UP
Rab13,Acc8_hippocampus_ST_A_Ex_KD,0.5059783807688316,0.0108145667822723,UP
Gm30181,Acc8_hippocampus_ST_A_Ex_KD,-1.4996683780496618,0.0120485650602084,DOWN
Gm14681,Acc8_hippocampus_ST_A_Ex_KD,-0.9496497297704168,0.0123268493559676,DOWN
Rbl1,Acc8_hippocampus_ST_A_Ex_KD,-0.5220757961090986,0.0123268493559676,DOWN
Gm8350,Acc8_hippocampus_ST_A_Ex_KD,0.9428672912160122,0.0125559792295366,UP
Gm31796,Acc8_hippocampus_ST_A_Ex_KD,0.7756610624195461,0.0125710977156115,UP
5430416n02rik,Acc8_hippocampus_ST_A_Ex_KD,0.7819355867959028,0.012820623840917,UP
Ankrd61,Acc8_hippocampus_ST_A_Ex_KD,0.9676184649763504,0.0129873657584921,UP
Nthl1,Acc8_hippocampus_ST_A_Ex_KD,0.6006388154683103,0.0132358056261265,UP
Zfp456,Acc8_hippocampus_ST_A_Ex_KD,-0.8490323829901536,0.0133605541530948,DOWN
Gm10840,Acc8_hippocampus_ST_A_Ex_KD,0.6545412502014908,0.0139122960572672,UP
1700037c18rik,Acc8_hippocampus_ST_A_Ex_KD,0.5301831246958679,0.0139891723744285,UP
Gm31725,Acc8_hippocampus_ST_A_Ex_KD,1.7078894120057573,0.0141417684062897,UP
Drd2,Acc8_hippocampus_ST_A_Ex_KD,-0.6418230450754037,0.0141530088740281,DOWN
Gm32994,Acc8_hippocampus_ST_A_Ex_KD,0.7045137456111691,0.0142288984658188,UP
Gm15417,Acc8_hippocampus_ST_A_Ex_KD,0.5596268196354784,0.0149112213048085,UP
1700102p08rik,Acc8_hippocampus_ST_A_Ex_KD,-0.8901583161289084,0.0149409453405842,DOWN
Gm32810,Acc8_hippocampus_ST_A_Ex_KD,0.8573560694016082,0.0149409453405842,UP
Gm9836,Acc8_hippocampus_ST_A_Ex_KD,-0.9745143042073208,0.0153135182162014,DOWN
3110070m22rik,Acc8_hippocampus_ST_A_Ex_KD,0.6703340315200729,0.0155203754241314,UP
Snhg16,Acc8_hippocampus_ST_A_Ex_KD,0.5180155464598794,0.0155255766373522,UP
Icam4,Acc8_hippocampus_ST_A_Ex_KD,0.7435087018129768,0.0157182451895343,UP
Gm31159,Acc8_hippocampus_ST_A_Ex_KD,0.8533114445609378,0.0157329455090267,UP
Gbp9,Acc8_hippocampus_ST_A_Ex_KD,-0.6127055742711078,0.0158939995926993,DOWN
Gm10382,Acc8_hippocampus_ST_A_Ex_KD,0.9753577601910536,0.0160021198734691,UP
Gm52528,Acc8_hippocampus_ST_A_Ex_KD,-1.3418442434007318,0.0162505283573863,DOWN
Snhg15,Acc8_hippocampus_ST_A_Ex_KD,0.9077561408978904,0.0162770353650828,UP
Gm31623,Acc8_hippocampus_ST_A_Ex_KD,1.1809232738696314,0.0162984834147437,UP
Gm32960,Acc8_hippocampus_ST_A_Ex_KD,1.3055640434512337,0.0163728212617732,UP
Gm46265,Acc8_hippocampus_ST_A_Ex_KD,1.059968453226693,0.0163887956983358,UP
Gm14569,Acc8_hippocampus_ST_A_Ex_KD,-0.575132517956759,0.0164212320183592,DOWN
Samd9l,Acc8_hippocampus_ST_A_Ex_KD,-0.7067423185163082,0.0165949411400775,DOWN
Loc115490354,Acc8_hippocampus_ST_A_Ex_KD,0.8909644246013537,0.0166059551292312,UP
Nppc,Acc8_hippocampus_ST_A_Ex_KD,0.5882547334263472,0.0171037778187755,UP
9430078g10rik,Acc8_hippocampus_ST_A_Ex_KD,0.5684687549377997,0.0173395723982087,UP
Gm34375,Acc8_hippocampus_ST_A_Ex_KD,1.2481153200426762,0.0176560534265366,UP
Catsperg1,Acc8_hippocampus_ST_A_Ex_KD,0.5078418970694438,0.0185832971171934,UP
Loc118568526,Acc8_hippocampus_ST_A_Ex_KD,0.8642887216652305,0.0187096581917847,UP
Cd93,Acc8_hippocampus_ST_A_Ex_KD,-0.6037984247328828,0.0189011948236675,DOWN
Gm31291,Acc8_hippocampus_ST_A_Ex_KD,1.3640328334741998,0.0191398552466114,UP
Hif3a,Acc8_hippocampus_ST_A_Ex_KD,1.214363171512678,0.0192815208868809,UP
Gm19835,Acc8_hippocampus_ST_A_Ex_KD,1.0953596005041353,0.0193465908297591,UP
Gm32896,Acc8_hippocampus_ST_A_Ex_KD,1.49467790165206,0.0199592000491822,UP
Gm20346,Acc8_hippocampus_ST_A_Ex_KD,0.5235204088951101,0.0203901444676553,UP
Fam111a,Acc8_hippocampus_ST_A_Ex_KD,-0.6455886849743917,0.0208551895286887,DOWN
Gm45998,Acc8_hippocampus_ST_A_Ex_KD,1.4686346678444029,0.0209027198742131,UP
Gadd45g,Acc8_hippocampus_ST_A_Ex_KD,0.5235067936403159,0.0211569725851874,UP
Gm16206,Acc8_hippocampus_ST_A_Ex_KD,0.9149643521801788,0.0214657088028635,UP
Kcnh5,Acc8_hippocampus_ST_A_Ex_KD,0.7520778106836032,0.0222867555099342,UP
Rpl17-ps10,Acc8_hippocampus_ST_A_Ex_KD,-0.6520213432893887,0.0223082352142375,DOWN
Rps15a-ps6,Acc8_hippocampus_ST_A_Ex_KD,-1.2355185806025206,0.0230050395498548,DOWN
Asb11,Acc8_hippocampus_ST_A_Ex_KD,0.5819419432305476,0.0235249691180362,UP
Parp14,Acc8_hippocampus_ST_A_Ex_KD,-0.5767130329253853,0.0243675393234208,DOWN
Gm36198,Acc8_hippocampus_ST_A_Ex_KD,1.212785067719549,0.0247301481035443,UP
Smc2os,Acc8_hippocampus_ST_A_Ex_KD,1.1307230990153083,0.0249649228713202,UP
4933426b08rik,Acc8_hippocampus_ST_A_Ex_KD,1.2559249537795418,0.0250166151617292,UP
Loc115490443,Acc8_hippocampus_ST_A_Ex_KD,1.1144801981794292,0.0253756802103054,UP
Lamb3,Acc8_hippocampus_ST_A_Ex_KD,0.6990038293521995,0.0255818349926834,UP
Gm5088,Acc8_hippocampus_ST_A_Ex_KD,-1.1173710267342631,0.025803152335355,DOWN
Fam186b,Acc8_hippocampus_ST_A_Ex_KD,0.6735382774523352,0.0261026855199135,UP
Gm19439,Acc8_hippocampus_ST_A_Ex_KD,0.6436845980978416,0.0265934302012398,UP
Rsad2,Acc8_hippocampus_ST_A_Ex_KD,-0.8123575318208506,0.0271308289357803,DOWN
5930430l01rik,Acc8_hippocampus_ST_A_Ex_KD,0.5306017234612191,0.0271347927334351,UP
2210416o15rik,Acc8_hippocampus_ST_A_Ex_KD,0.8980127379670644,0.027317895667393,UP
Insm2,Acc8_hippocampus_ST_A_Ex_KD,1.1966345396932656,0.0280078521733978,UP
Ai115009,Acc8_hippocampus_ST_A_Ex_KD,0.558112467835327,0.028059799748331,UP
A330040f15rik,Acc8_hippocampus_ST_A_Ex_KD,0.737214066110873,0.0282524237806025,UP
Loc118567533,Acc8_hippocampus_ST_A_Ex_KD,1.07586182083117,0.0283274800461591,UP
Gm2464,Acc8_hippocampus_ST_A_Ex_KD,0.5852938208879003,0.0285221909633674,UP
Plk1,Acc8_hippocampus_ST_A_Ex_KD,-0.5566978795301186,0.0291135295708272,DOWN
Trim72,Acc8_hippocampus_ST_A_Ex_KD,0.8287487779498619,0.0298646395654512,UP
Tnc,Acc8_hippocampus_ST_A_Ex_KD,-0.5473589103075619,0.0305978578319123,DOWN
Gm39443,Acc8_hippocampus_ST_A_Ex_KD,1.825554911672775,0.0306162845858787,UP
Ppp1ccb,Acc8_hippocampus_ST_A_Ex_KD,0.6867980456652836,0.0307965019221063,UP
Ddx60,Acc8_hippocampus_ST_A_Ex_KD,-0.7720181365285496,0.031929347914269,DOWN
Ifit1,Acc8_hippocampus_ST_A_Ex_KD,-1.0023742979386576,0.0319680643079173,DOWN
Loc118568383,Acc8_hippocampus_ST_A_Ex_KD,1.1976939722448008,0.0319719404848822,UP
Gm40167,Acc8_hippocampus_ST_A_Ex_KD,0.7711896402078544,0.0321104574913999,UP
Gm31550,Acc8_hippocampus_ST_A_Ex_KD,-1.0107778808815393,0.0329421283140886,DOWN
9430038i01rik,Acc8_hippocampus_ST_A_Ex_KD,0.5201923818059924,0.0329421283140886,UP
Loc108168933,Acc8_hippocampus_ST_A_Ex_KD,-0.6838770818387269,0.0330665453726158,DOWN
Loc118567333,Acc8_hippocampus_ST_A_Ex_KD,1.2577386154289487,0.0331499919080681,UP
Polq,Acc8_hippocampus_ST_A_Ex_KD,0.7433655430864633,0.0333513791689341,UP
Apobr,Acc8_hippocampus_ST_A_Ex_KD,0.5976017204803014,0.0335020573848665,UP
Gm50270,Acc8_hippocampus_ST_A_Ex_KD,0.5633476308947737,0.03401646459471,UP
Gm20594,Acc8_hippocampus_ST_A_Ex_KD,0.9452617663895996,0.0341174855365094,UP
Snhg3,Acc8_hippocampus_ST_A_Ex_KD,0.6237009398287391,0.0342715896142593,UP
Loc118567402,Acc8_hippocampus_ST_A_Ex_KD,0.8191618063175445,0.0344071126627521,UP
Oprm1,Acc8_hippocampus_ST_A_Ex_KD,1.7375004570222017,0.0346983277894388,UP
Gm26679,Acc8_hippocampus_ST_A_Ex_KD,0.8055849429173234,0.0346983277894388,UP
Gm40476,Acc8_hippocampus_ST_A_Ex_KD,0.6712337102248397,0.0350668918323072,UP
A830052d11rik,Acc8_hippocampus_ST_A_Ex_KD,0.8984749893978967,0.0351023487608595,UP
Fgf23,Acc8_hippocampus_ST_A_Ex_KD,0.9240965767567078,0.0351257257376667,UP
Gm3704,Acc8_hippocampus_ST_A_Ex_KD,0.6338431578785888,0.0351728976401772,UP
Gm35365,Acc8_hippocampus_ST_A_Ex_KD,0.932321773539133,0.0355372955545694,UP
Pram1,Acc8_hippocampus_ST_A_Ex_KD,0.5516117318137841,0.036057008670471,UP
Ighm,Acc8_hippocampus_ST_A_Ex_KD,-0.6814969392749191,0.0366021238891177,DOWN
Cldn22,Acc8_hippocampus_ST_A_Ex_KD,0.5266477133316076,0.0376462482812825,UP
Gm52009,Acc8_hippocampus_ST_A_Ex_KD,0.9012990799128264,0.0378329552457089,UP
Gm31024,Acc8_hippocampus_ST_A_Ex_KD,0.67345906028724,0.037883251335446,UP
Zcwpw2,Acc8_hippocampus_ST_A_Ex_KD,0.6325251166503073,0.038223445781095,UP
Gm34057,Acc8_hippocampus_ST_A_Ex_KD,0.9963633489833722,0.0386078713435572,UP
Casq1,Acc8_hippocampus_ST_A_Ex_KD,0.6870485114866338,0.0396183028865032,UP
Gm35685,Acc8_hippocampus_ST_A_Ex_KD,0.6501757101878056,0.0400038220853275,UP
Zfp781,Acc8_hippocampus_ST_A_Ex_KD,-0.5499784731315706,0.0401094525648982,DOWN
Loc118567733,Acc8_hippocampus_ST_A_Ex_KD,0.6606097162424776,0.0402288629063087,UP
D330023k18rik,Acc8_hippocampus_ST_A_Ex_KD,0.6076644023476042,0.0407172398653966,UP
4931408d14rik,Acc8_hippocampus_ST_A_Ex_KD,1.313844391748735,0.0408547010092188,UP
Spata9,Acc8_hippocampus_ST_A_Ex_KD,-0.95928697428484,0.0426108278666784,DOWN
Gcnt7,Acc8_hippocampus_ST_A_Ex_KD,0.7930705225804517,0.042681318050749,UP
Loc115488765,Acc8_hippocampus_ST_A_Ex_KD,1.2469214627121357,0.0430848460997629,UP
Gm13262,Acc8_hippocampus_ST_A_Ex_KD,-0.5704729029463922,0.0432760278655406,DOWN
Gm41350,Acc8_hippocampus_ST_A_Ex_KD,0.8862386192952291,0.043311744694489,UP
Gm15772,Acc8_hippocampus_ST_A_Ex_KD,-0.6353699072338191,0.0437235924463141,DOWN
Loc118567394,Acc8_hippocampus_ST_A_Ex_KD,1.07643073332047,0.043983049237943,UP
Rab39,Acc8_hippocampus_ST_A_Ex_KD,-0.5172520906766332,0.0475552867246212,DOWN
Gulp1,Acc8_hippocampus_ST_A_Ex_KD,-0.5930322230125921,0.0475755158674804,DOWN
Rskr,Acc8_hippocampus_ST_A_Ex_KD,0.5166644016248421,0.0476314112309168,UP
Gm32574,Acc8_hippocampus_ST_A_Ex_KD,0.5750857955545856,0.0482797638631597,UP
S100a4,Acc8_hippocampus_ST_A_Ex_KD,0.8537660658858336,0.0486786721796774,UP
Spa17,Acc8_hippocampus_ST_A_Ex_KD,0.55024476386268,0.0491182754009004,UP
Gm36166,Acc8_hippocampus_ST_A_Ex_KD,0.5983333862225247,0.0492610531935976,UP
Serinc2,Acc8_hippocampus_ST_A_Ex_KD,-0.506550135455823,0.0493382860461469,DOWN
Cdkn1a,Acc10_hippocampus_Exendin4,-0.5203566804,2.75778973629265e-05,DOWN
Inhba,Acc10_hippocampus_Exendin4,-0.5091762496,0.0005665488546832,DOWN
Fos,Acc10_hippocampus_Exendin4,-0.516480229,0.003471508131646,DOWN
Dbp,Acc10_hippocampus_Ex4_Pre_TBI,0.5140224838,1.96740515299474e-05,UP
Mkks,Acc10_hippocampus_Ex4_Pre_TBI,-1.0823920878,0.0014806667162662,DOWN
Parp14,Acc10_hippocampus_Ex4_Pre_TBI,0.619126897,0.0015434277578749,UP
Rsad2,Acc10_hippocampus_Ex4_Pre_TBI,0.607752477,0.0136598318249531,UP
Irgm2,Acc10_hippocampus_Ex4_Pre_TBI,0.506412486,0.014562374064533,UP
Mkks,Acc10_hippocampus_Ex4_Po_t_TBI,-1.012209898,0.0048265315379456,DOWN
Epm2aip1,Acc11_hippocampus_Ex4,0.6874853004,0.0062215853848308,UP
Slc23a2,Acc11_hippocampus_Ex4,0.6866591854,0.0062215853848308,UP
Ywhae,Acc11_hippocampus_Ex4,0.6679719008,0.0068042806534927,UP
Hnrnpdl,Acc11_hippocampus_Ex4,0.6450895026,0.0068042806534927,UP
Acadsb,Acc11_hippocampus_Ex4,0.5650216768,0.0068042806534927,UP
Ddx3x,Acc11_hippocampus_Ex4,0.6712539538,0.0080371069474206,UP
Mat2a,Acc11_hippocampus_Ex4,0.606648221,0.0080371069474206,UP
Vhl,Acc11_hippocampus_Ex4,0.6468158416,0.0095122074175791,UP
Vps26b,Acc11_hippocampus_Ex4,0.7207818556,0.0111942480746428,UP
Vapa,Acc11_hippocampus_Ex4,0.7039807768,0.0120755549445657,UP
Slc12a5,Acc11_hippocampus_Ex4,0.564822643,0.0120755549445657,UP
Gm12657,Acc11_hippocampus_Ex4,0.6460682508,0.0122468753047743,UP
Ist1,Acc11_hippocampus_Ex4,0.5696089668,0.0137739741481452,UP
Stmn1,Acc11_hippocampus_Ex4,0.7979181226,0.0140696213139199,UP
Ndrg4,Acc11_hippocampus_Ex4,0.7857739228,0.0140696213139199,UP
Kpna3,Acc11_hippocampus_Ex4,0.6956859888,0.0188519237041489,UP
Idh2,Acc11_hippocampus_Ex4,0.5350910486,0.0188519237041489,UP
Casc4,Acc11_hippocampus_Ex4,0.5930854516,0.019278957601887,UP
Mxi1,Acc11_hippocampus_Ex4,0.563091481,0.019543987219839,UP
Ptges3,Acc11_hippocampus_Ex4,0.5240174336,0.021402224251778,UP
Kctd3,Acc11_hippocampus_Ex4,0.5275309502,0.0223768872438991,UP
Atp5a1,Acc11_hippocampus_Ex4,0.7289328304,0.0224460792390039,UP
Rps9,Acc11_hippocampus_Ex4,0.5035104152,0.0230970698799002,UP
Zfand6,Acc11_hippocampus_Ex4,0.5614261664,0.0252311502978859,UP
Ptma,Acc11_hippocampus_Ex4,0.7637398498,0.0261298235390892,UP
Setx,Acc11_hippocampus_Ex4,0.5086977464,0.0267911101221835,UP
Pcmtd2,Acc11_hippocampus_Ex4,0.5665472088,0.0271018082344546,UP
Ankrd17,Acc11_hippocampus_Ex4,0.5433185682,0.0271018082344546,UP
Emc7,Acc11_hippocampus_Ex4,0.533415895,0.0276897108904154,UP
Kpnb1,Acc11_hippocampus_Ex4,0.5072388386,0.0276897108904154,UP
Slc38a2,Acc11_hippocampus_Ex4,0.576947865,0.0278422712101712,UP
Huwe1,Acc11_hippocampus_Ex4,0.6386639452,0.0278547924882987,UP
Pmpcb,Acc11_hippocampus_Ex4,0.556084099,0.0278547924882987,UP
Ptpra,Acc11_hippocampus_Ex4,0.674205299,0.0294454262820413,UP
Hprt,Acc11_hippocampus_Ex4,0.5104961198,0.031299000065584,UP
P2ry12,Acc11_hippocampus_Ex4,0.5726737324,0.0339598506887589,UP
Paip2,Acc11_hippocampus_Ex4,0.5983335856,0.0374087763722813,UP
R3hdm2,Acc11_hippocampus_Ex4,0.592831984,0.0386630448751624,UP
Slc23a2,Acc11_hippocampus_Ex4_mTBI,0.69572033915,0.0044438265457856,UP
Epm2aip1,Acc11_hippocampus_Ex4_mTBI,0.6320161294,0.0071647756657237,UP
Ndufb9,Acc11_hippocampus_Ex4_mTBI,0.53772602815,0.0073720740767787,UP
Slc12a5,Acc11_hippocampus_Ex4_mTBI,0.5925960539,0.0095637496859132,UP
Acadsb,Acc11_hippocampus_Ex4_mTBI,0.51604781635,0.0095637496859132,UP
Gm12657,Acc11_hippocampus_Ex4_mTBI,0.6586754294,0.0119326780831245,UP
Ywhae,Acc11_hippocampus_Ex4_mTBI,0.5570059446,0.0131607661235724,UP
Vapa,Acc11_hippocampus_Ex4_mTBI,0.6868817774,0.0131792574816172,UP
Glud1,Acc11_hippocampus_Ex4_mTBI,-0.57452508575,0.0136168909977487,DOWN
Vps26b,Acc11_hippocampus_Ex4_mTBI,0.67145381645,0.0145324892864959,UP
Hnrnpdl,Acc11_hippocampus_Ex4_mTBI,0.54059477205,0.0147356242634149,UP
Stmn1,Acc11_hippocampus_Ex4_mTBI,0.76547399825,0.0162428038470264,UP
Ankrd17,Acc11_hippocampus_Ex4_mTBI,0.6240035934,0.0162428038470264,UP
Vhl,Acc11_hippocampus_Ex4_mTBI,0.566508198,0.0162428038470264,UP
Rps9,Acc11_hippocampus_Ex4_mTBI,0.5469537708,0.0162428038470264,UP
Mat2a,Acc11_hippocampus_Ex4_mTBI,0.51212399705,0.0162428038470264,UP
Idh2,Acc11_hippocampus_Ex4_mTBI,0.5377504749,0.016387744231242,UP
Ist1,Acc11_hippocampus_Ex4_mTBI,0.5361705576,0.0165982751460178,UP
Ddx3x,Acc11_hippocampus_Ex4_mTBI,0.56417355905,0.0167144272403743,UP
Huwe1,Acc11_hippocampus_Ex4_mTBI,0.71063436425,0.0183231347595254,UP
Kpna3,Acc11_hippocampus_Ex4_mTBI,0.66329833205,0.0183231347595254,UP
Ptges3,Acc11_hippocampus_Ex4_mTBI,0.52518941575,0.0183231347595254,UP
Atp5a1,Acc11_hippocampus_Ex4_mTBI,0.7348032404,0.018702592181852,UP
Casc4,Acc11_hippocampus_Ex4_mTBI,0.567476195,0.018702592181852,UP
Ptma,Acc11_hippocampus_Ex4_mTBI,0.7893132819,0.0192544426577737,UP
Ndrg4,Acc11_hippocampus_Ex4_mTBI,0.692307575450001,0.0195570565852458,UP
R3hdm2,Acc11_hippocampus_Ex4_mTBI,0.6909099719,0.0200849741906281,UP
Mxi1,Acc11_hippocampus_Ex4_mTBI,0.5226539107,0.0216956628150114,UP
Kpnb1,Acc11_hippocampus_Ex4_mTBI,0.5173345674,0.0233298030744908,UP
Calr,Acc11_hippocampus_Ex4_mTBI,-0.5792182507,0.0278474254366246,DOWN
Slc38a2,Acc11_hippocampus_Ex4_mTBI,0.56386475815,0.0279171140119853,UP
Pcmtd2,Acc11_hippocampus_Ex4_mTBI,0.5398424416,0.0283607225599979,UP
Hspe1,Acc11_hippocampus_Ex4_mTBI,0.52456658525,0.0283607225599979,UP
Emc7,Acc11_hippocampus_Ex4_mTBI,0.5141041781,0.0283607225599979,UP
Zfand6,Acc11_hippocampus_Ex4_mTBI,0.514212758,0.0294096261499709,UP
Slirp,Acc11_hippocampus_Ex4_mTBI,0.51168551145,0.0297518992299841,UP
Ndufa5,Acc11_hippocampus_Ex4_mTBI,0.5947518186,0.0311401368712146,UP
Ptpra,Acc11_hippocampus_Ex4_mTBI,0.6223812984,0.0368488686748204,UP
Pmpcb,Acc11_hippocampus_Ex4_mTBI,0.50104615475,0.0382439019157939,UP
P2ry12,Acc11_hippocampus_Ex4_mTBI,0.5385505776,0.0388112555915777,UP
Hprt,Acc11_hippocampus_Ex4_mTBI,0.52621115045,0.0396849984597759,UP
Paip2,Acc11_hippocampus_Ex4_mTBI,0.57206041185,0.0412519004615761,UP
