group,accession,region,treatment,gse,kind,symbol,symbol_key,log2FC,padj,direction
Acc3_accumbens_GLP_1,3,accumbens,GLP_1,GSE244607,gene_name,Hif3a,HIF3A,0.7232104932061383,3.3653978984312074e-09,UP
Acc3_accumbens_GLP_1,3,accumbens,GLP_1,GSE244607,gene_name,Arrdc2,ARRDC2,0.9465969455884748,1.0261374077462596e-06,UP
Acc3_accumbens_GLP_1,3,accumbens,GLP_1,GSE244607,gene_name,Xdh,XDH,0.7871063246824131,1.0261374077462596e-06,UP
Acc3_accumbens_GLP_1,3,accumbens,GLP_1,GSE244607,gene_name,Plin4,PLIN4,1.0452815683337469,5.171704521694488e-05,UP
Acc3_accumbens_GLP_1,3,accumbens,GLP_1,GSE244607,gene_name,Zfp189,ZFP189,0.6961723006872538,6.974794868198417e-05,UP
Acc3_accumbens_GLP_1,3,accumbens,GLP_1,GSE244607,gene_name,Sult1a1,SULT1A1,0.5207844657307026,7.329348956813061e-05,UP
Acc3_accumbens_GLP_1,3,accumbens,GLP_1,GSE244607,gene_name,Zbtb16,ZBTB16,0.7639335372552917,0.0001924875129194,UP
Acc3_accumbens_GLP_1,3,accumbens,GLP_1,GSE244607,gene_name,Nfkbia,NFKBIA,0.6752762652003109,0.0002026082404342,UP
Acc3_accumbens_GLP_1,3,accumbens,GLP_1,GSE244607,gene_name,Fkbp5,FKBP5,0.5312424400106062,0.0002026082404342,UP
Acc3_accumbens_GLP_1,3,accumbens,GLP_1,GSE244607,gene_name,Cdkn1a,CDKN1A,0.7544816512050618,0.0002564436471574,UP
Acc3_accumbens_GLP_1,3,accumbens,GLP_1,GSE244607,gene_name,Galnt15,GALNT15,0.8016905232523706,0.00036057117304,UP
Acc3_accumbens_GLP_1,3,accumbens,GLP_1,GSE244607,gene_name,Ddit4,DDIT4,0.5644977774120019,0.0029591518953032,UP
Acc3_accumbens_GLP_1,3,accumbens,GLP_1,GSE244607,gene_name,Cebpd,CEBPD,0.6814303879771819,0.0068429479510671,UP
Acc3_accumbens_GLP_1,3,accumbens,GLP_1,GSE244607,gene_name,Trim59,TRIM59,-0.6425611367142475,0.0079486415691106,DOWN
Acc3_accumbens_GLP_1,3,accumbens,GLP_1,GSE244607,gene_name,Ppl,PPL,0.7547993675469639,0.0081543817960863,UP
Acc3_accumbens_GLP_1,3,accumbens,GLP_1,GSE244607,gene_name,Gm15666,GM15666,-1.2223887987809257,0.0190265562794723,DOWN
Acc3_accumbens_GLP_1,3,accumbens,GLP_1,GSE244607,gene_name,Pla2g3,PLA2G3,0.5598794116870516,0.0190265562794723,UP
Acc3_accumbens_GLP_1,3,accumbens,GLP_1,GSE244607,gene_name,Ada,ADA,0.9858902237497004,0.0196821614781098,UP
Acc3_accumbens_GLP_1,3,accumbens,GLP_1,GSE244607,gene_name,Tlr7,TLR7,0.6998145724315262,0.0196821614781098,UP
Acc3_accumbens_GLP_1,3,accumbens,GLP_1,GSE244607,gene_name,Smim3,SMIM3,0.5519509508573367,0.0247223761013847,UP
Acc3_accumbens_GLP_1,3,accumbens,GLP_1,GSE244607,gene_name,Tnnt1,TNNT1,-2.898281946069244,0.0305546606873608,DOWN
Acc3_accumbens_GLP_1,3,accumbens,GLP_1,GSE244607,gene_name,Aqp1,AQP1,3.199866583219253,0.0357617050578519,UP
Acc3_accumbens_GLP_1,3,accumbens,GLP_1,GSE244607,gene_name,Map3k6,MAP3K6,0.5511259163726181,0.0378374361191813,UP
Acc3_accumbens_GLP_1,3,accumbens,GLP_1,GSE244607,gene_name,Sgk1,SGK1,0.7281484228562426,0.0411239780455169,UP
Acc3_accumbens_GLP_1,3,accumbens,GLP_1,GSE244607,gene_name,Arl4d,ARL4D,0.6856764200609967,0.0485597782314376,UP
Acc3_accumbens_GLP_1,3,accumbens,GLP_1,GSE244607,gene_name,Ttr,TTR,4.796400945610501,0.0487369865803245,UP
Acc3_accumbens_GLP_1_MK_801,3,accumbens,GLP_1_MK_801,GSE244607,gene_name,Gm5917,GM5917,1.849953436235886,4.752379097644945e-15,UP
Acc3_accumbens_GLP_1_MK_801,3,accumbens,GLP_1_MK_801,GSE244607,gene_name,Gm5182,GM5182,-0.8154126806148844,0.0351993731516566,DOWN
Acc3_accumbens_GLP_1_MK_801,3,accumbens,GLP_1_MK_801,GSE244607,gene_name,2900060b14rik,2900060B14RIK,1.5396025929258783,0.0353708969250144,UP
Acc3_brainstem_GLP_1,3,brainstem,GLP_1,GSE244607,gene_name,Cdkn1a,CDKN1A,1.0778622968225204,4.0309866271798585e-14,UP
Acc3_brainstem_GLP_1,3,brainstem,GLP_1,GSE244607,gene_name,Sh2b2,SH2B2,0.6217948733681421,4.0309866271798585e-14,UP
Acc3_brainstem_GLP_1,3,brainstem,GLP_1,GSE244607,gene_name,Prox1,PROX1,-0.7523017927012889,6.123822454249885e-13,DOWN
Acc3_brainstem_GLP_1,3,brainstem,GLP_1,GSE244607,gene_name,Tma16,TMA16,0.5221560874690946,1.0262478168207217e-12,UP
Acc3_brainstem_GLP_1,3,brainstem,GLP_1,GSE244607,gene_name,Erbb3,ERBB3,-0.5655122965567891,1.723410299308214e-12,DOWN
Acc3_brainstem_GLP_1,3,brainstem,GLP_1,GSE244607,gene_name,Sox10,SOX10,-0.5655622523040477,4.923129477411949e-12,DOWN
Acc3_brainstem_GLP_1,3,brainstem,GLP_1,GSE244607,gene_name,Fkbp5,FKBP5,0.5640280346698718,4.923129477411949e-12,UP
Acc3_brainstem_GLP_1,3,brainstem,GLP_1,GSE244607,gene_name,Plin4,PLIN4,1.0561328680385345,2.5297630161045084e-11,UP
Acc3_brainstem_GLP_1,3,brainstem,GLP_1,GSE244607,gene_name,Arrdc2,ARRDC2,1.0787258531077486,3.041385462885835e-11,UP
Acc3_brainstem_GLP_1,3,brainstem,GLP_1,GSE244607,gene_name,Hif3a,HIF3A,0.6183911907826265,3.1402620401151426e-11,UP
Acc3_brainstem_GLP_1,3,brainstem,GLP_1,GSE244607,gene_name,Xdh,XDH,0.9166600272826356,7.665466574516036e-10,UP
Acc3_brainstem_GLP_1,3,brainstem,GLP_1,GSE244607,gene_name,Nfkbia,NFKBIA,0.8870098528262664,9.022975429343856e-10,UP
Acc3_brainstem_GLP_1,3,brainstem,GLP_1,GSE244607,gene_name,Trim59,TRIM59,-0.7465433730808878,6.3400775960578805e-09,DOWN
Acc3_brainstem_GLP_1,3,brainstem,GLP_1,GSE244607,gene_name,Hspa1b,HSPA1B,-1.3358794505357152,1.887188338308157e-07,DOWN
Acc3_brainstem_GLP_1,3,brainstem,GLP_1,GSE244607,gene_name,Ddit4,DDIT4,0.6689391346587851,3.5244726347117815e-07,UP
Acc3_brainstem_GLP_1,3,brainstem,GLP_1,GSE244607,gene_name,Nipal4,NIPAL4,-0.5530161057382266,4.205055516847253e-07,DOWN
Acc3_brainstem_GLP_1,3,brainstem,GLP_1,GSE244607,gene_name,Mt1,MT1,0.5203826027621455,7.974379113642013e-07,UP
Acc3_brainstem_GLP_1,3,brainstem,GLP_1,GSE244607,gene_name,Pla2g3,PLA2G3,0.7912921670285753,1.6514128447307787e-06,UP
Acc3_brainstem_GLP_1,3,brainstem,GLP_1,GSE244607,gene_name,Angptl4,ANGPTL4,0.8889478326289029,1.8869992485246936e-06,UP
Acc3_brainstem_GLP_1,3,brainstem,GLP_1,GSE244607,gene_name,Sgk3,SGK3,0.5694055114719483,1.929789847482484e-06,UP
Acc3_brainstem_GLP_1,3,brainstem,GLP_1,GSE244607,gene_name,Nkx2-2,NKX2-2,-0.6023198378890391,2.3631498150114136e-06,DOWN
Acc3_brainstem_GLP_1,3,brainstem,GLP_1,GSE244607,gene_name,Sult1a1,SULT1A1,0.6266703146433322,3.0669390564935034e-06,UP
Acc3_brainstem_GLP_1,3,brainstem,GLP_1,GSE244607,gene_name,Fmo2,FMO2,0.7364897508428091,1.4563705863375152e-05,UP
Acc3_brainstem_GLP_1,3,brainstem,GLP_1,GSE244607,gene_name,Nrros,NRROS,0.5280475885256788,2.262122470972745e-05,UP
Acc3_brainstem_GLP_1,3,brainstem,GLP_1,GSE244607,gene_name,Chdh,CHDH,-0.5012541760677138,5.147103905724013e-05,DOWN
Acc3_brainstem_GLP_1,3,brainstem,GLP_1,GSE244607,gene_name,Arl4d,ARL4D,0.9036669213248087,5.147818370108421e-05,UP
Acc3_brainstem_GLP_1,3,brainstem,GLP_1,GSE244607,gene_name,Map3k6,MAP3K6,0.6695045793615323,5.147818370108421e-05,UP
Acc3_brainstem_GLP_1,3,brainstem,GLP_1,GSE244607,gene_name,Net1,NET1,0.6545036068616664,8.103196765966213e-05,UP
Acc3_brainstem_GLP_1,3,brainstem,GLP_1,GSE244607,gene_name,Plekhf1,PLEKHF1,0.5258417507016953,0.0001652435298019,UP
Acc3_brainstem_GLP_1,3,brainstem,GLP_1,GSE244607,gene_name,Gm19439,GM19439,0.5823573323365744,0.000178240238653,UP
Acc3_brainstem_GLP_1,3,brainstem,GLP_1,GSE244607,gene_name,Gdf1,GDF1,0.7797513836555605,0.0002513645810677,UP
Acc3_brainstem_GLP_1,3,brainstem,GLP_1,GSE244607,gene_name,Tgfbr3l,TGFBR3L,0.6853130473064591,0.0003423339817474,UP
Acc3_brainstem_GLP_1,3,brainstem,GLP_1,GSE244607,gene_name,Robo1,ROBO1,-0.5523150234844774,0.0003480267128904,DOWN
Acc3_brainstem_GLP_1,3,brainstem,GLP_1,GSE244607,gene_name,Il3ra,IL3RA,0.6009627305127289,0.0003527313390624,UP
Acc3_brainstem_GLP_1,3,brainstem,GLP_1,GSE244607,gene_name,Itgb8,ITGB8,-0.5256157738998501,0.000367554130933,DOWN
Acc3_brainstem_GLP_1,3,brainstem,GLP_1,GSE244607,gene_name,Hspa1a,HSPA1A,-0.6386552717409382,0.0003899035777103,DOWN
Acc3_brainstem_GLP_1,3,brainstem,GLP_1,GSE244607,gene_name,9330117o12rik,9330117O12RIK,-0.5997621528843589,0.000390679055414,DOWN
Acc3_brainstem_GLP_1,3,brainstem,GLP_1,GSE244607,gene_name,Il1r1,IL1R1,0.5919826720850012,0.0005079564797871,UP
Acc3_brainstem_GLP_1,3,brainstem,GLP_1,GSE244607,gene_name,Gm42970,GM42970,0.7174055391001638,0.0005273204579982,UP
Acc3_brainstem_GLP_1,3,brainstem,GLP_1,GSE244607,gene_name,Mt2,MT2,0.5033943387031521,0.0005822985320762,UP
Acc3_brainstem_GLP_1,3,brainstem,GLP_1,GSE244607,gene_name,Gm21986,GM21986,-0.6025101211398797,0.0006344169658007,DOWN
Acc3_brainstem_GLP_1,3,brainstem,GLP_1,GSE244607,gene_name,Kcna1,KCNA1,-0.5507930320190821,0.0006404313851288,DOWN
Acc3_brainstem_GLP_1,3,brainstem,GLP_1,GSE244607,gene_name,Gm45869,GM45869,0.5482215053906223,0.0010659301541673,UP
Acc3_brainstem_GLP_1,3,brainstem,GLP_1,GSE244607,gene_name,Cebpd,CEBPD,0.6218691611549924,0.0010664686263441,UP
Acc3_brainstem_GLP_1,3,brainstem,GLP_1,GSE244607,gene_name,Prrg1,PRRG1,-0.581763634440852,0.0011597900958505,DOWN
Acc3_brainstem_GLP_1,3,brainstem,GLP_1,GSE244607,gene_name,Hs6st3,HS6ST3,-0.6809426473167648,0.0015398393898699,DOWN
Acc3_brainstem_GLP_1,3,brainstem,GLP_1,GSE244607,gene_name,Klhl11,KLHL11,-0.6438755154222973,0.0025888971444985,DOWN
Acc3_brainstem_GLP_1,3,brainstem,GLP_1,GSE244607,gene_name,Gm42031,GM42031,0.6231028834330914,0.0029938245261037,UP
Acc3_brainstem_GLP_1,3,brainstem,GLP_1,GSE244607,gene_name,Adcy9,ADCY9,-0.508178989479989,0.0031871445954601,DOWN
Acc3_brainstem_GLP_1,3,brainstem,GLP_1,GSE244607,gene_name,A230103l15rik,A230103L15RIK,0.5261294688420936,0.0033055598823646,UP
Acc3_brainstem_GLP_1,3,brainstem,GLP_1,GSE244607,gene_name,Zfp973,ZFP973,-0.6616107676208508,0.0034660289271938,DOWN
Acc3_brainstem_GLP_1,3,brainstem,GLP_1,GSE244607,gene_name,Ptchd1,PTCHD1,-0.5528613915702912,0.0036238644200295,DOWN
Acc3_brainstem_GLP_1,3,brainstem,GLP_1,GSE244607,gene_name,Zap70,ZAP70,0.546930426221079,0.0050577480616867,UP
Acc3_brainstem_GLP_1,3,brainstem,GLP_1,GSE244607,gene_name,Mrip-ps,MRIP-PS,-0.6600638041176456,0.0061967982502453,DOWN
Acc3_brainstem_GLP_1,3,brainstem,GLP_1,GSE244607,gene_name,A330074k22rik,A330074K22RIK,-0.5140988728882333,0.0062551124195641,DOWN
Acc3_brainstem_GLP_1,3,brainstem,GLP_1,GSE244607,gene_name,Rn7s2,RN7S2,0.6168080552007016,0.0066689073814684,UP
Acc3_brainstem_GLP_1,3,brainstem,GLP_1,GSE244607,gene_name,Cdh11,CDH11,-0.5118397751428807,0.0071992848337153,DOWN
Acc3_brainstem_GLP_1,3,brainstem,GLP_1,GSE244607,gene_name,Mamdc4,MAMDC4,0.5678996880176037,0.0081699082769403,UP
Acc3_brainstem_GLP_1,3,brainstem,GLP_1,GSE244607,gene_name,N-r5-8s1,N-R5-8S1,0.6189203036014724,0.0088841436477844,UP
Acc3_brainstem_GLP_1,3,brainstem,GLP_1,GSE244607,gene_name,Tnfaip2,TNFAIP2,-0.5166921587935993,0.0091938242341874,DOWN
Acc3_brainstem_GLP_1,3,brainstem,GLP_1,GSE244607,gene_name,Aff2,AFF2,-0.5756330311649825,0.0092077818363279,DOWN
Acc3_brainstem_GLP_1,3,brainstem,GLP_1,GSE244607,gene_name,Gabrb2,GABRB2,-0.8760025646305452,0.0110292211845166,DOWN
Acc3_brainstem_GLP_1,3,brainstem,GLP_1,GSE244607,gene_name,Rn7s1,RN7S1,0.5475870238512801,0.0113051180824192,UP
Acc3_brainstem_GLP_1,3,brainstem,GLP_1,GSE244607,gene_name,Gm17922,GM17922,0.722597041649282,0.01373194227642,UP
Acc3_brainstem_GLP_1,3,brainstem,GLP_1,GSE244607,gene_name,Sgk1,SGK1,0.6958244983736962,0.0142568252897174,UP
Acc3_brainstem_GLP_1,3,brainstem,GLP_1,GSE244607,gene_name,Gm24601,GM24601,0.5838558237896414,0.0153759665270329,UP
Acc3_brainstem_GLP_1,3,brainstem,GLP_1,GSE244607,gene_name,Rmrp,RMRP,0.724562387663455,0.0164419806464034,UP
Acc3_brainstem_GLP_1,3,brainstem,GLP_1,GSE244607,gene_name,Slc9a7,SLC9A7,-0.542453066536986,0.0164907525130435,DOWN
Acc3_brainstem_GLP_1,3,brainstem,GLP_1,GSE244607,gene_name,Apold1,APOLD1,0.6253461884987113,0.0177460691834749,UP
Acc3_brainstem_GLP_1,3,brainstem,GLP_1,GSE244607,gene_name,Kcnj6,KCNJ6,-0.5264212649091718,0.0179431020288359,DOWN
Acc3_brainstem_GLP_1,3,brainstem,GLP_1,GSE244607,gene_name,Pcdhb2,PCDHB2,-0.5497416649925272,0.0179840493944812,DOWN
Acc3_brainstem_GLP_1,3,brainstem,GLP_1,GSE244607,gene_name,Lancl3,LANCL3,-0.6296729458668605,0.0180768361558869,DOWN
Acc3_brainstem_GLP_1,3,brainstem,GLP_1,GSE244607,gene_name,Pappa2,PAPPA2,-0.7326651282756709,0.0205525429920535,DOWN
Acc3_brainstem_GLP_1,3,brainstem,GLP_1,GSE244607,gene_name,Gm22513,GM22513,0.6305100893691146,0.0258163822738204,UP
Acc3_brainstem_GLP_1,3,brainstem,GLP_1,GSE244607,gene_name,Uprt,UPRT,-0.508529626481061,0.0272534459612842,DOWN
Acc3_brainstem_GLP_1,3,brainstem,GLP_1,GSE244607,gene_name,Gucy1a2,GUCY1A2,-0.5112728145877042,0.0275238176741184,DOWN
Acc3_brainstem_GLP_1,3,brainstem,GLP_1,GSE244607,gene_name,Ccn3,CCN3,-0.975886659570462,0.0285984293408724,DOWN
Acc3_brainstem_GLP_1,3,brainstem,GLP_1,GSE244607,gene_name,Fos,FOS,-0.5046685339633656,0.0359830055744725,DOWN
Acc3_brainstem_GLP_1,3,brainstem,GLP_1,GSE244607,gene_name,Kcna5,KCNA5,0.725610956729666,0.0466053179045581,UP
Acc3_brainstem_GLP_1_MK_801,3,brainstem,GLP_1_MK_801,GSE244607,gene_name,Zbtb16,ZBTB16,0.6380642367341043,1.2234460443584704e-11,UP
Acc3_brainstem_GLP_1_MK_801,3,brainstem,GLP_1_MK_801,GSE244607,gene_name,Ank3,ANK3,0.5061081166339852,3.429657311845559e-10,UP
Acc3_brainstem_GLP_1_MK_801,3,brainstem,GLP_1_MK_801,GSE244607,gene_name,Unc13c,UNC13C,0.5766152937220225,2.7079810628376814e-07,UP
Acc3_brainstem_GLP_1_MK_801,3,brainstem,GLP_1_MK_801,GSE244607,gene_name,Pcdhgc4,PCDHGC4,-0.6759899482720357,2.8158006469317897e-07,DOWN
Acc3_brainstem_GLP_1_MK_801,3,brainstem,GLP_1_MK_801,GSE244607,gene_name,Kcna1,KCNA1,0.7631419707894431,1.00951822923125e-06,UP
Acc3_brainstem_GLP_1_MK_801,3,brainstem,GLP_1_MK_801,GSE244607,gene_name,Kcnh5,KCNH5,0.7355547769378982,1.00951822923125e-06,UP
Acc3_brainstem_GLP_1_MK_801,3,brainstem,GLP_1_MK_801,GSE244607,gene_name,Dgki,DGKI,0.5349530850813269,1.5710830620899344e-06,UP
Acc3_brainstem_GLP_1_MK_801,3,brainstem,GLP_1_MK_801,GSE244607,gene_name,Klf12,KLF12,0.5847497359273658,1.6183710888819963e-06,UP
Acc3_brainstem_GLP_1_MK_801,3,brainstem,GLP_1_MK_801,GSE244607,gene_name,Syn3,SYN3,0.7234592484908312,2.036249943375202e-06,UP
Acc3_brainstem_GLP_1_MK_801,3,brainstem,GLP_1_MK_801,GSE244607,gene_name,Stxbp5l,STXBP5L,0.7840985863361285,2.8842025302890304e-06,UP
Acc3_brainstem_GLP_1_MK_801,3,brainstem,GLP_1_MK_801,GSE244607,gene_name,Tcp11l1,TCP11L1,0.5864482647051579,4.02958793700561e-06,UP
Acc3_brainstem_GLP_1_MK_801,3,brainstem,GLP_1_MK_801,GSE244607,gene_name,Shc3,SHC3,0.7499877617473598,9.174000172294744e-06,UP
Acc3_brainstem_GLP_1_MK_801,3,brainstem,GLP_1_MK_801,GSE244607,gene_name,Map3k9,MAP3K9,0.5359898839666767,1.5336922383969836e-05,UP
Acc3_brainstem_GLP_1_MK_801,3,brainstem,GLP_1_MK_801,GSE244607,gene_name,Gdf1,GDF1,-0.92048832290216,1.6386003252341998e-05,DOWN
Acc3_brainstem_GLP_1_MK_801,3,brainstem,GLP_1_MK_801,GSE244607,gene_name,Aff2,AFF2,0.9050257269567475,2.0349786965663003e-05,UP
Acc3_brainstem_GLP_1_MK_801,3,brainstem,GLP_1_MK_801,GSE244607,gene_name,Lonrf3,LONRF3,0.6026050088092768,4.231113984403749e-05,UP
Acc3_brainstem_GLP_1_MK_801,3,brainstem,GLP_1_MK_801,GSE244607,gene_name,Itgb8,ITGB8,0.5855890554932944,4.231113984403749e-05,UP
Acc3_brainstem_GLP_1_MK_801,3,brainstem,GLP_1_MK_801,GSE244607,gene_name,Gucy1a2,GUCY1A2,0.8738475599698694,4.3225266235086366e-05,UP
Acc3_brainstem_GLP_1_MK_801,3,brainstem,GLP_1_MK_801,GSE244607,gene_name,Faxc,FAXC,0.5827241873220536,4.441985927885136e-05,UP
Acc3_brainstem_GLP_1_MK_801,3,brainstem,GLP_1_MK_801,GSE244607,gene_name,Mmp16,MMP16,0.5312618679778545,5.2384262435062e-05,UP
Acc3_brainstem_GLP_1_MK_801,3,brainstem,GLP_1_MK_801,GSE244607,gene_name,Gm21986,GM21986,0.6659784705466756,5.2491715372713184e-05,UP
Acc3_brainstem_GLP_1_MK_801,3,brainstem,GLP_1_MK_801,GSE244607,gene_name,Dok6,DOK6,0.5197784816626572,5.2491715372713184e-05,UP
Acc3_brainstem_GLP_1_MK_801,3,brainstem,GLP_1_MK_801,GSE244607,gene_name,Plin4,PLIN4,0.6542065336065013,0.0001480295714926,UP
Acc3_brainstem_GLP_1_MK_801,3,brainstem,GLP_1_MK_801,GSE244607,gene_name,A330074k22rik,A330074K22RIK,0.6834531152951463,0.0001632914194128,UP
Acc3_brainstem_GLP_1_MK_801,3,brainstem,GLP_1_MK_801,GSE244607,gene_name,Slc9a7,SLC9A7,0.8194176972074514,0.0001635029278474,UP
Acc3_brainstem_GLP_1_MK_801,3,brainstem,GLP_1_MK_801,GSE244607,gene_name,Gm7292,GM7292,0.8758331586080615,0.0002033264698164,UP
Acc3_brainstem_GLP_1_MK_801,3,brainstem,GLP_1_MK_801,GSE244607,gene_name,Adcy9,ADCY9,0.6143206246598242,0.0002429834080259,UP
Acc3_brainstem_GLP_1_MK_801,3,brainstem,GLP_1_MK_801,GSE244607,gene_name,Epha6,EPHA6,0.6642595879064925,0.0002617848694567,UP
Acc3_brainstem_GLP_1_MK_801,3,brainstem,GLP_1_MK_801,GSE244607,gene_name,Gprin3,GPRIN3,0.6027180500063042,0.000277556479574,UP
Acc3_brainstem_GLP_1_MK_801,3,brainstem,GLP_1_MK_801,GSE244607,gene_name,Adra1a,ADRA1A,0.5999402792921807,0.0004754859330598,UP
Acc3_brainstem_GLP_1_MK_801,3,brainstem,GLP_1_MK_801,GSE244607,gene_name,Pakap,PAKAP,0.672580380908254,0.0004922838322791,UP
Acc3_brainstem_GLP_1_MK_801,3,brainstem,GLP_1_MK_801,GSE244607,gene_name,Plcxd3,PLCXD3,0.8226525466336659,0.0005350703742226,UP
Acc3_brainstem_GLP_1_MK_801,3,brainstem,GLP_1_MK_801,GSE244607,gene_name,Pcdh11x,PCDH11X,0.5339607705546959,0.0005488021069276,UP
Acc3_brainstem_GLP_1_MK_801,3,brainstem,GLP_1_MK_801,GSE244607,gene_name,Ncam2,NCAM2,0.5308651767299848,0.0005488021069276,UP
Acc3_brainstem_GLP_1_MK_801,3,brainstem,GLP_1_MK_801,GSE244607,gene_name,Tenm3,TENM3,0.5093814202787186,0.0005488021069276,UP
Acc3_brainstem_GLP_1_MK_801,3,brainstem,GLP_1_MK_801,GSE244607,gene_name,Pde4d,PDE4D,0.5134511468001218,0.0005812639841487,UP
Acc3_brainstem_GLP_1_MK_801,3,brainstem,GLP_1_MK_801,GSE244607,gene_name,Lingo4,LINGO4,0.6192508849247131,0.0007343399718038,UP
Acc3_brainstem_GLP_1_MK_801,3,brainstem,GLP_1_MK_801,GSE244607,gene_name,Klhl11,KLHL11,0.6730873059993395,0.001289751927015,UP
Acc3_brainstem_GLP_1_MK_801,3,brainstem,GLP_1_MK_801,GSE244607,gene_name,Hspa1b,HSPA1B,-0.8594510430157639,0.001314564413165,DOWN
Acc3_brainstem_GLP_1_MK_801,3,brainstem,GLP_1_MK_801,GSE244607,gene_name,Gm28035,GM28035,0.597142179008758,0.0017479835933283,UP
Acc3_brainstem_GLP_1_MK_801,3,brainstem,GLP_1_MK_801,GSE244607,gene_name,Kcna3,KCNA3,0.988033706422705,0.0020708572942419,UP
Acc3_brainstem_GLP_1_MK_801,3,brainstem,GLP_1_MK_801,GSE244607,gene_name,Oprd1,OPRD1,0.5353465055777986,0.0021501915702135,UP
Acc3_brainstem_GLP_1_MK_801,3,brainstem,GLP_1_MK_801,GSE244607,gene_name,Trpc5,TRPC5,0.6642025975363691,0.003776488648477,UP
Acc3_brainstem_GLP_1_MK_801,3,brainstem,GLP_1_MK_801,GSE244607,gene_name,Adnp,ADNP,0.5302782467510017,0.0040043279560815,UP
Acc3_brainstem_GLP_1_MK_801,3,brainstem,GLP_1_MK_801,GSE244607,gene_name,Mt-tm,MT-TM,-0.7790996572002533,0.0057647969174237,DOWN
Acc3_brainstem_GLP_1_MK_801,3,brainstem,GLP_1_MK_801,GSE244607,gene_name,Kcnj6,KCNJ6,0.5882312916587168,0.0060216515604484,UP
Acc3_brainstem_GLP_1_MK_801,3,brainstem,GLP_1_MK_801,GSE244607,gene_name,Cdh12,CDH12,0.5068267831825047,0.0061097119142663,UP
Acc3_brainstem_GLP_1_MK_801,3,brainstem,GLP_1_MK_801,GSE244607,gene_name,Chrna7,CHRNA7,0.5161731010877812,0.0068569936293545,UP
Acc3_brainstem_GLP_1_MK_801,3,brainstem,GLP_1_MK_801,GSE244607,gene_name,Xkr4,XKR4,0.5157569336374438,0.0089096436156119,UP
Acc3_brainstem_GLP_1_MK_801,3,brainstem,GLP_1_MK_801,GSE244607,gene_name,Tenm1,TENM1,0.5159732928331127,0.0126558415525922,UP
Acc3_brainstem_GLP_1_MK_801,3,brainstem,GLP_1_MK_801,GSE244607,gene_name,Gm21984,GM21984,0.5019932700667801,0.0160698012466002,UP
Acc3_brainstem_GLP_1_MK_801,3,brainstem,GLP_1_MK_801,GSE244607,gene_name,Mgp,MGP,-0.6368865319627804,0.0170520958346872,DOWN
Acc3_brainstem_GLP_1_MK_801,3,brainstem,GLP_1_MK_801,GSE244607,gene_name,Gabrb2,GABRB2,0.8177453663651115,0.0183573341168238,UP
Acc3_brainstem_GLP_1_MK_801,3,brainstem,GLP_1_MK_801,GSE244607,gene_name,Pgm5,PGM5,-0.6138834809339241,0.0193238773956884,DOWN
Acc3_brainstem_GLP_1_MK_801,3,brainstem,GLP_1_MK_801,GSE244607,gene_name,Slc6a20a,SLC6A20A,-0.7181592932211405,0.0262073471140299,DOWN
Acc3_brainstem_GLP_1_MK_801,3,brainstem,GLP_1_MK_801,GSE244607,gene_name,Pagr1a,PAGR1A,-0.5382805201203221,0.03447650116667,DOWN
Acc3_brainstem_GLP_1_MK_801,3,brainstem,GLP_1_MK_801,GSE244607,gene_name,Rny3,RNY3,-0.7812522913536016,0.035078163605767,DOWN
Acc3_brainstem_GLP_1_MK_801,3,brainstem,GLP_1_MK_801,GSE244607,gene_name,Eps8l2,EPS8L2,-0.629442880655819,0.0468463650711847,DOWN
Acc3_hypothalamus_GLP_1,3,hypothalamus,GLP_1,GSE244607,gene_name,Xdh,XDH,0.8967628574433324,0.0020643000595941,UP
Acc3_hypothalamus_GLP_1_MK_801,3,hypothalamus,GLP_1_MK_801,GSE244607,gene_name,Xdh,XDH,0.9917070452121696,1.955078835699492e-05,UP
Acc3_hypothalamus_GLP_1_MK_801,3,hypothalamus,GLP_1_MK_801,GSE244607,gene_name,Zbtb16,ZBTB16,0.8975438382796251,3.513630772852812e-05,UP
Acc3_hypothalamus_GLP_1_MK_801,3,hypothalamus,GLP_1_MK_801,GSE244607,gene_name,Hif3a,HIF3A,0.9911298854018638,4.7408820214107006e-05,UP
Acc3_hypothalamus_GLP_1_MK_801,3,hypothalamus,GLP_1_MK_801,GSE244607,gene_name,Spsb1,SPSB1,0.5164126615819024,4.7408820214107006e-05,UP
Acc3_hypothalamus_GLP_1_MK_801,3,hypothalamus,GLP_1_MK_801,GSE244607,gene_name,Glra1,GLRA1,0.7735377507400855,5.613186929992537e-05,UP
Acc3_hypothalamus_GLP_1_MK_801,3,hypothalamus,GLP_1_MK_801,GSE244607,gene_name,Plekhf2,PLEKHF2,-0.6529574314251724,0.0002794988650277,DOWN
Acc3_hypothalamus_GLP_1_MK_801,3,hypothalamus,GLP_1_MK_801,GSE244607,gene_name,Hr,HR,0.7573147029123168,0.0003933191495165,UP
Acc3_hypothalamus_GLP_1_MK_801,3,hypothalamus,GLP_1_MK_801,GSE244607,gene_name,Gm50152,GM50152,-0.7118599522794677,0.0004067558269633,DOWN
Acc3_hypothalamus_GLP_1_MK_801,3,hypothalamus,GLP_1_MK_801,GSE244607,gene_name,Fkbp5,FKBP5,0.5571633620119996,0.0004650119251824,UP
Acc3_hypothalamus_GLP_1_MK_801,3,hypothalamus,GLP_1_MK_801,GSE244607,gene_name,Gm37056,GM37056,-1.294409704109711,0.0004764922666162,DOWN
Acc3_hypothalamus_GLP_1_MK_801,3,hypothalamus,GLP_1_MK_801,GSE244607,gene_name,Trim59,TRIM59,-0.8277829854290607,0.0004764922666162,DOWN
Acc3_hypothalamus_GLP_1_MK_801,3,hypothalamus,GLP_1_MK_801,GSE244607,gene_name,Map3k6,MAP3K6,0.8531746598358223,0.0005469093856986,UP
Acc3_hypothalamus_GLP_1_MK_801,3,hypothalamus,GLP_1_MK_801,GSE244607,gene_name,Idi1,IDI1,-0.8198704588546547,0.0005469093856986,DOWN
Acc3_hypothalamus_GLP_1_MK_801,3,hypothalamus,GLP_1_MK_801,GSE244607,gene_name,B3galt2,B3GALT2,-0.5117654544549327,0.0005469093856986,DOWN
Acc3_hypothalamus_GLP_1_MK_801,3,hypothalamus,GLP_1_MK_801,GSE244607,gene_name,Hspa1b,HSPA1B,-1.503696983600912,0.0006682824606294,DOWN
Acc3_hypothalamus_GLP_1_MK_801,3,hypothalamus,GLP_1_MK_801,GSE244607,gene_name,C1qa,C1QA,0.5102561444347723,0.0008562498526704,UP
Acc3_hypothalamus_GLP_1_MK_801,3,hypothalamus,GLP_1_MK_801,GSE244607,gene_name,Gulp1,GULP1,-0.8614296777241693,0.0009235180144567,DOWN
Acc3_hypothalamus_GLP_1_MK_801,3,hypothalamus,GLP_1_MK_801,GSE244607,gene_name,Rps29,RPS29,0.7391226085103191,0.0009421567686949,UP
Acc3_hypothalamus_GLP_1_MK_801,3,hypothalamus,GLP_1_MK_801,GSE244607,gene_name,Zfp874a,ZFP874A,-0.6019898164862454,0.0011455676377459,DOWN
Acc3_hypothalamus_GLP_1_MK_801,3,hypothalamus,GLP_1_MK_801,GSE244607,gene_name,Gm48623,GM48623,0.7302202281095759,0.0013064453029319,UP
Acc3_hypothalamus_GLP_1_MK_801,3,hypothalamus,GLP_1_MK_801,GSE244607,gene_name,Rnft1,RNFT1,-0.583426679679793,0.0014419180026279,DOWN
Acc3_hypothalamus_GLP_1_MK_801,3,hypothalamus,GLP_1_MK_801,GSE244607,gene_name,Hspa1a,HSPA1A,-0.8075448829630265,0.0015197003672266,DOWN
Acc3_hypothalamus_GLP_1_MK_801,3,hypothalamus,GLP_1_MK_801,GSE244607,gene_name,Atad2,ATAD2,-0.5003526498781976,0.0015197003672266,DOWN
Acc3_hypothalamus_GLP_1_MK_801,3,hypothalamus,GLP_1_MK_801,GSE244607,gene_name,Gm44256,GM44256,-0.6126701788459618,0.0015978823166812,DOWN
Acc3_hypothalamus_GLP_1_MK_801,3,hypothalamus,GLP_1_MK_801,GSE244607,gene_name,Rbm12b2,RBM12B2,-0.5528849845006538,0.0016917000132981,DOWN
Acc3_hypothalamus_GLP_1_MK_801,3,hypothalamus,GLP_1_MK_801,GSE244607,gene_name,Mrpl52,MRPL52,0.5252634777117299,0.0017595537935671,UP
Acc3_hypothalamus_GLP_1_MK_801,3,hypothalamus,GLP_1_MK_801,GSE244607,gene_name,Slco1a4,SLCO1A4,-0.5133529829948488,0.001800868930859,DOWN
Acc3_hypothalamus_GLP_1_MK_801,3,hypothalamus,GLP_1_MK_801,GSE244607,gene_name,Ccdc125,CCDC125,-1.0013262929755469,0.0019430764942466,DOWN
Acc3_hypothalamus_GLP_1_MK_801,3,hypothalamus,GLP_1_MK_801,GSE244607,gene_name,Crem,CREM,-0.5041949921654919,0.0020616399882346,DOWN
Acc3_hypothalamus_GLP_1_MK_801,3,hypothalamus,GLP_1_MK_801,GSE244607,gene_name,Gm37755,GM37755,-0.9934394620418096,0.0021428542449625,DOWN
Acc3_hypothalamus_GLP_1_MK_801,3,hypothalamus,GLP_1_MK_801,GSE244607,gene_name,Ncapg2,NCAPG2,-0.5309064136648333,0.0021428542449625,DOWN
Acc3_hypothalamus_GLP_1_MK_801,3,hypothalamus,GLP_1_MK_801,GSE244607,gene_name,Coq10b,COQ10B,-0.5363265248688914,0.0022098571661008,DOWN
Acc3_hypothalamus_GLP_1_MK_801,3,hypothalamus,GLP_1_MK_801,GSE244607,gene_name,Gm43437,GM43437,-0.5072945359625939,0.0022704798638843,DOWN
Acc3_hypothalamus_GLP_1_MK_801,3,hypothalamus,GLP_1_MK_801,GSE244607,gene_name,Gm47033,GM47033,-1.0819567676582098,0.002385090423123,DOWN
Acc3_hypothalamus_GLP_1_MK_801,3,hypothalamus,GLP_1_MK_801,GSE244607,gene_name,Socs4,SOCS4,-0.5742108159216185,0.002385090423123,DOWN
Acc3_hypothalamus_GLP_1_MK_801,3,hypothalamus,GLP_1_MK_801,GSE244607,gene_name,E430024i08rik,E430024I08RIK,-0.8490158881118612,0.0024902983538236,DOWN
Acc3_hypothalamus_GLP_1_MK_801,3,hypothalamus,GLP_1_MK_801,GSE244607,gene_name,Chordc1,CHORDC1,-0.5338519450604566,0.0024902983538236,DOWN
Acc3_hypothalamus_GLP_1_MK_801,3,hypothalamus,GLP_1_MK_801,GSE244607,gene_name,Zfp983,ZFP983,-0.5666510991343244,0.0025454961784975,DOWN
Acc3_hypothalamus_GLP_1_MK_801,3,hypothalamus,GLP_1_MK_801,GSE244607,gene_name,Btg3,BTG3,-0.5524272030461644,0.0025454961784975,DOWN
Acc3_hypothalamus_GLP_1_MK_801,3,hypothalamus,GLP_1_MK_801,GSE244607,gene_name,Gon7,GON7,-0.5249693599505166,0.0025454961784975,DOWN
Acc3_hypothalamus_GLP_1_MK_801,3,hypothalamus,GLP_1_MK_801,GSE244607,gene_name,Tmtc3,TMTC3,-0.5570199042926838,0.0025505685715212,DOWN
Acc3_hypothalamus_GLP_1_MK_801,3,hypothalamus,GLP_1_MK_801,GSE244607,gene_name,Gm42715,GM42715,-0.9148577581449918,0.0025776612316887,DOWN
Acc3_hypothalamus_GLP_1_MK_801,3,hypothalamus,GLP_1_MK_801,GSE244607,gene_name,Qk,QK,-0.5768816845039981,0.002617426624994,DOWN
Acc3_hypothalamus_GLP_1_MK_801,3,hypothalamus,GLP_1_MK_801,GSE244607,gene_name,Bmt2,BMT2,-0.7799267305201494,0.0026364213890148,DOWN
Acc3_hypothalamus_GLP_1_MK_801,3,hypothalamus,GLP_1_MK_801,GSE244607,gene_name,Aspa,ASPA,-0.6091134103825555,0.0026364213890148,DOWN
Acc3_hypothalamus_GLP_1_MK_801,3,hypothalamus,GLP_1_MK_801,GSE244607,gene_name,Mt2,MT2,0.7267941249342127,0.0026404336294984,UP
Acc3_hypothalamus_GLP_1_MK_801,3,hypothalamus,GLP_1_MK_801,GSE244607,gene_name,Zfp760,ZFP760,-0.5693067436266501,0.0027086853990769,DOWN
Acc3_hypothalamus_GLP_1_MK_801,3,hypothalamus,GLP_1_MK_801,GSE244607,gene_name,Zfp974,ZFP974,-0.5465316386725333,0.0027418472715474,DOWN
Acc3_hypothalamus_GLP_1_MK_801,3,hypothalamus,GLP_1_MK_801,GSE244607,gene_name,Slc25a34,SLC25A34,0.5223057888742817,0.0027418472715474,UP
Acc3_hypothalamus_GLP_1_MK_801,3,hypothalamus,GLP_1_MK_801,GSE244607,gene_name,Nt5c1a,NT5C1A,0.5021950333970487,0.0027462670333545,UP
Acc3_hypothalamus_GLP_1_MK_801,3,hypothalamus,GLP_1_MK_801,GSE244607,gene_name,Srsf7,SRSF7,-0.5385289234675622,0.0029115068383238,DOWN
Acc3_hypothalamus_GLP_1_MK_801,3,hypothalamus,GLP_1_MK_801,GSE244607,gene_name,Igip,IGIP,-0.8114876945729597,0.0029982508374394,DOWN
Acc3_hypothalamus_GLP_1_MK_801,3,hypothalamus,GLP_1_MK_801,GSE244607,gene_name,Hmgcs2,HMGCS2,0.551219634872854,0.0029982508374394,UP
Acc3_hypothalamus_GLP_1_MK_801,3,hypothalamus,GLP_1_MK_801,GSE244607,gene_name,Cggbp1,CGGBP1,-0.5666568362751818,0.0031702019079891,DOWN
Acc3_hypothalamus_GLP_1_MK_801,3,hypothalamus,GLP_1_MK_801,GSE244607,gene_name,Zfp119b,ZFP119B,-0.9116190081898023,0.003210070988689,DOWN
Acc3_hypothalamus_GLP_1_MK_801,3,hypothalamus,GLP_1_MK_801,GSE244607,gene_name,4930503l19rik,4930503L19RIK,-0.5039866381274507,0.003210070988689,DOWN
Acc3_hypothalamus_GLP_1_MK_801,3,hypothalamus,GLP_1_MK_801,GSE244607,gene_name,Plin4,PLIN4,1.2515993698780792,0.0032908351399286,UP
Acc3_hypothalamus_GLP_1_MK_801,3,hypothalamus,GLP_1_MK_801,GSE244607,gene_name,Sycp3,SYCP3,-0.8653060756835165,0.0032908351399286,DOWN
Acc3_hypothalamus_GLP_1_MK_801,3,hypothalamus,GLP_1_MK_801,GSE244607,gene_name,Mt-rnr1,MT-RNR1,-0.5949299668243678,0.0033738929223884,DOWN
Acc3_hypothalamus_GLP_1_MK_801,3,hypothalamus,GLP_1_MK_801,GSE244607,gene_name,Gm38253,GM38253,-0.9293772200256938,0.0036745927742276,DOWN
Acc3_hypothalamus_GLP_1_MK_801,3,hypothalamus,GLP_1_MK_801,GSE244607,gene_name,Prrx1,PRRX1,-0.5422368624798433,0.0037195021908693,DOWN
Acc3_hypothalamus_GLP_1_MK_801,3,hypothalamus,GLP_1_MK_801,GSE244607,gene_name,Lcorl,LCORL,-0.6810278567052422,0.0038753755103528,DOWN
Acc3_hypothalamus_GLP_1_MK_801,3,hypothalamus,GLP_1_MK_801,GSE244607,gene_name,Srsf3,SRSF3,-0.5143481387554999,0.0038753755103528,DOWN
Acc3_hypothalamus_GLP_1_MK_801,3,hypothalamus,GLP_1_MK_801,GSE244607,gene_name,Notch4,NOTCH4,0.5079036576503001,0.0039377061684332,UP
Acc3_hypothalamus_GLP_1_MK_801,3,hypothalamus,GLP_1_MK_801,GSE244607,gene_name,Ikzf5,IKZF5,-1.2374324947138846,0.0039522111063553,DOWN
Acc3_hypothalamus_GLP_1_MK_801,3,hypothalamus,GLP_1_MK_801,GSE244607,gene_name,Dr1,DR1,-0.5816439899445852,0.0041405209311255,DOWN
Acc3_hypothalamus_GLP_1_MK_801,3,hypothalamus,GLP_1_MK_801,GSE244607,gene_name,Gm43857,GM43857,-0.8171719965763601,0.0041696639840796,DOWN
Acc3_hypothalamus_GLP_1_MK_801,3,hypothalamus,GLP_1_MK_801,GSE244607,gene_name,Gm43843,GM43843,-0.7521375940166785,0.004179522968939,DOWN
Acc3_hypothalamus_GLP_1_MK_801,3,hypothalamus,GLP_1_MK_801,GSE244607,gene_name,Zfand6,ZFAND6,-0.6066988778896786,0.004208813058636,DOWN
Acc3_hypothalamus_GLP_1_MK_801,3,hypothalamus,GLP_1_MK_801,GSE244607,gene_name,Tia1,TIA1,-0.5441115049727658,0.0042245574343963,DOWN
Acc3_hypothalamus_GLP_1_MK_801,3,hypothalamus,GLP_1_MK_801,GSE244607,gene_name,Bmi1,BMI1,-0.580672333904205,0.0042585048268742,DOWN
Acc3_hypothalamus_GLP_1_MK_801,3,hypothalamus,GLP_1_MK_801,GSE244607,gene_name,Srsf10,SRSF10,-0.522612807800603,0.0042585048268742,DOWN
Acc3_hypothalamus_GLP_1_MK_801,3,hypothalamus,GLP_1_MK_801,GSE244607,gene_name,Zfp367,ZFP367,-0.5201216132212029,0.0042860831748106,DOWN
Acc3_hypothalamus_GLP_1_MK_801,3,hypothalamus,GLP_1_MK_801,GSE244607,gene_name,Lhfpl3,LHFPL3,-0.5099998786231504,0.0043016821865338,DOWN
Acc3_hypothalamus_GLP_1_MK_801,3,hypothalamus,GLP_1_MK_801,GSE244607,gene_name,Zfp932,ZFP932,-0.7267194207025334,0.0043817600299711,DOWN
Acc3_hypothalamus_GLP_1_MK_801,3,hypothalamus,GLP_1_MK_801,GSE244607,gene_name,Rap2c,RAP2C,-0.6770554912425748,0.0045444322525188,DOWN
Acc3_hypothalamus_GLP_1_MK_801,3,hypothalamus,GLP_1_MK_801,GSE244607,gene_name,6720489n17rik,6720489N17RIK,-0.9165216961544757,0.0046131493891423,DOWN
Acc3_hypothalamus_GLP_1_MK_801,3,hypothalamus,GLP_1_MK_801,GSE244607,gene_name,Zfp54,ZFP54,-0.5877144663640499,0.0047270782112545,DOWN
Acc3_hypothalamus_GLP_1_MK_801,3,hypothalamus,GLP_1_MK_801,GSE244607,gene_name,Cpsf6,CPSF6,-0.6297189114717813,0.0047692536133822,DOWN
Acc3_hypothalamus_GLP_1_MK_801,3,hypothalamus,GLP_1_MK_801,GSE244607,gene_name,Emilin2,EMILIN2,0.5448126386554852,0.0047886278416131,UP
Acc3_hypothalamus_GLP_1_MK_801,3,hypothalamus,GLP_1_MK_801,GSE244607,gene_name,Gm9962,GM9962,-0.6210346259248494,0.0049225327456084,DOWN
Acc3_hypothalamus_GLP_1_MK_801,3,hypothalamus,GLP_1_MK_801,GSE244607,gene_name,Gm44831,GM44831,-1.2699946603541716,0.0049585071409273,DOWN
Acc3_hypothalamus_GLP_1_MK_801,3,hypothalamus,GLP_1_MK_801,GSE244607,gene_name,2900064f13rik,2900064F13RIK,-1.199546568815919,0.0049585071409273,DOWN
Acc3_hypothalamus_GLP_1_MK_801,3,hypothalamus,GLP_1_MK_801,GSE244607,gene_name,Gm37069,GM37069,0.6903181992268851,0.0049760438148035,UP
Acc3_hypothalamus_GLP_1_MK_801,3,hypothalamus,GLP_1_MK_801,GSE244607,gene_name,Tmem263,TMEM263,-0.6784984280343137,0.0050189273619819,DOWN
Acc3_hypothalamus_GLP_1_MK_801,3,hypothalamus,GLP_1_MK_801,GSE244607,gene_name,Gm10226,GM10226,-1.337370131879167,0.0051369817760623,DOWN
Acc3_hypothalamus_GLP_1_MK_801,3,hypothalamus,GLP_1_MK_801,GSE244607,gene_name,Nbeal1,NBEAL1,-0.6658280490387237,0.0052219870845631,DOWN
Acc3_hypothalamus_GLP_1_MK_801,3,hypothalamus,GLP_1_MK_801,GSE244607,gene_name,Rnf11,RNF11,-0.5858434832187301,0.0052219870845631,DOWN
Acc3_hypothalamus_GLP_1_MK_801,3,hypothalamus,GLP_1_MK_801,GSE244607,gene_name,Phf20l1,PHF20L1,-0.5717971862403657,0.0052541515308717,DOWN
Acc3_hypothalamus_GLP_1_MK_801,3,hypothalamus,GLP_1_MK_801,GSE244607,gene_name,Gm28370,GM28370,-0.6283424457040346,0.0053470916047141,DOWN
Acc3_hypothalamus_GLP_1_MK_801,3,hypothalamus,GLP_1_MK_801,GSE244607,gene_name,C1d,C1D,-0.5056543239047139,0.0053470916047141,DOWN
Acc3_hypothalamus_GLP_1_MK_801,3,hypothalamus,GLP_1_MK_801,GSE244607,gene_name,Rbm12,RBM12,-0.6473276524221112,0.0054122602013639,DOWN
Acc3_hypothalamus_GLP_1_MK_801,3,hypothalamus,GLP_1_MK_801,GSE244607,gene_name,Mosmo,MOSMO,-0.5518585589263937,0.0054331957777648,DOWN
Acc3_hypothalamus_GLP_1_MK_801,3,hypothalamus,GLP_1_MK_801,GSE244607,gene_name,Gm28941,GM28941,-1.0899431428166435,0.0055124352385498,DOWN
Acc3_hypothalamus_GLP_1_MK_801,3,hypothalamus,GLP_1_MK_801,GSE244607,gene_name,6720427i07rik,6720427I07RIK,-0.7507898829661489,0.0055124352385498,DOWN
Acc3_hypothalamus_GLP_1_MK_801,3,hypothalamus,GLP_1_MK_801,GSE244607,gene_name,Gm20712,GM20712,-0.5962074050046297,0.0055217109091113,DOWN
Acc3_hypothalamus_GLP_1_MK_801,3,hypothalamus,GLP_1_MK_801,GSE244607,gene_name,Aw549877,AW549877,-0.6364699477443165,0.0055948366060461,DOWN
Acc3_hypothalamus_GLP_1_MK_801,3,hypothalamus,GLP_1_MK_801,GSE244607,gene_name,Ccdc73,CCDC73,-0.5366553543325139,0.0055948366060461,DOWN
Acc3_hypothalamus_GLP_1_MK_801,3,hypothalamus,GLP_1_MK_801,GSE244607,gene_name,Rc3h2,RC3H2,-0.5317382543391075,0.0055948366060461,DOWN
Acc3_hypothalamus_GLP_1_MK_801,3,hypothalamus,GLP_1_MK_801,GSE244607,gene_name,Gm45871,GM45871,-0.571079262079584,0.0056082836504523,DOWN
Acc3_hypothalamus_GLP_1_MK_801,3,hypothalamus,GLP_1_MK_801,GSE244607,gene_name,Caps2,CAPS2,-0.7851258061130757,0.0058279398244917,DOWN
Acc3_hypothalamus_GLP_1_MK_801,3,hypothalamus,GLP_1_MK_801,GSE244607,gene_name,Tekt4,TEKT4,0.6157435592182513,0.0059096309536353,UP
Acc3_hypothalamus_GLP_1_MK_801,3,hypothalamus,GLP_1_MK_801,GSE244607,gene_name,Fcho2,FCHO2,-0.5821750531474424,0.0059861664085626,DOWN
Acc3_hypothalamus_GLP_1_MK_801,3,hypothalamus,GLP_1_MK_801,GSE244607,gene_name,Gm42547,GM42547,-0.643387187997426,0.0059871979545914,DOWN
Acc3_hypothalamus_GLP_1_MK_801,3,hypothalamus,GLP_1_MK_801,GSE244607,gene_name,Rsbn1l,RSBN1L,-0.5473079830949162,0.0059871979545914,DOWN
Acc3_hypothalamus_GLP_1_MK_801,3,hypothalamus,GLP_1_MK_801,GSE244607,gene_name,Ube2g1,UBE2G1,-0.5551661971987972,0.006077578143806,DOWN
Acc3_hypothalamus_GLP_1_MK_801,3,hypothalamus,GLP_1_MK_801,GSE244607,gene_name,Cfl2,CFL2,-0.5486004094275064,0.006077578143806,DOWN
Acc3_hypothalamus_GLP_1_MK_801,3,hypothalamus,GLP_1_MK_801,GSE244607,gene_name,Naa50,NAA50,-0.6509632422351579,0.0061129023106073,DOWN
Acc3_hypothalamus_GLP_1_MK_801,3,hypothalamus,GLP_1_MK_801,GSE244607,gene_name,Zscan30,ZSCAN30,-0.5124140976104374,0.0061508295409093,DOWN
Acc3_hypothalamus_GLP_1_MK_801,3,hypothalamus,GLP_1_MK_801,GSE244607,gene_name,Tex30,TEX30,-0.5916215944075656,0.006328848095479,DOWN
Acc3_hypothalamus_GLP_1_MK_801,3,hypothalamus,GLP_1_MK_801,GSE244607,gene_name,G2e3,G2E3,-0.6736413760338712,0.0063349274989418,DOWN
Acc3_hypothalamus_GLP_1_MK_801,3,hypothalamus,GLP_1_MK_801,GSE244607,gene_name,Gm8066,GM8066,0.6361186089377552,0.0063349274989418,UP
Acc3_hypothalamus_GLP_1_MK_801,3,hypothalamus,GLP_1_MK_801,GSE244607,gene_name,Gm10033,GM10033,-0.6693226879049989,0.0064544857086296,DOWN
Acc3_hypothalamus_GLP_1_MK_801,3,hypothalamus,GLP_1_MK_801,GSE244607,gene_name,Ac135859.1,AC135859.1,-0.5120486121156475,0.0065396187860864,DOWN
Acc3_hypothalamus_GLP_1_MK_801,3,hypothalamus,GLP_1_MK_801,GSE244607,gene_name,Gm49204,GM49204,-0.7798286033380872,0.0065433460075065,DOWN
Acc3_hypothalamus_GLP_1_MK_801,3,hypothalamus,GLP_1_MK_801,GSE244607,gene_name,Zmym1,ZMYM1,-0.5843304944566864,0.0065433460075065,DOWN
Acc3_hypothalamus_GLP_1_MK_801,3,hypothalamus,GLP_1_MK_801,GSE244607,gene_name,Mt-rnr2,MT-RNR2,-0.7321706592351576,0.0066475478865961,DOWN
Acc3_hypothalamus_GLP_1_MK_801,3,hypothalamus,GLP_1_MK_801,GSE244607,gene_name,Gm19026,GM19026,0.575791688190088,0.0067526176485666,UP
Acc3_hypothalamus_GLP_1_MK_801,3,hypothalamus,GLP_1_MK_801,GSE244607,gene_name,Sult1a1,SULT1A1,0.6357694835554295,0.0068164111663283,UP
Acc3_hypothalamus_GLP_1_MK_801,3,hypothalamus,GLP_1_MK_801,GSE244607,gene_name,Gm45110,GM45110,0.5917467034430943,0.0069005310452168,UP
Acc3_hypothalamus_GLP_1_MK_801,3,hypothalamus,GLP_1_MK_801,GSE244607,gene_name,Lrif1,LRIF1,-0.6917416580928015,0.0069384463919528,DOWN
Acc3_hypothalamus_GLP_1_MK_801,3,hypothalamus,GLP_1_MK_801,GSE244607,gene_name,Pcdhgb5,PCDHGB5,0.528794636586532,0.0070179767091352,UP
Acc3_hypothalamus_GLP_1_MK_801,3,hypothalamus,GLP_1_MK_801,GSE244607,gene_name,4930598n05rik,4930598N05RIK,-1.0036392510720709,0.0071127594822323,DOWN
Acc3_hypothalamus_GLP_1_MK_801,3,hypothalamus,GLP_1_MK_801,GSE244607,gene_name,Zbtb26,ZBTB26,-0.5693890301456389,0.0071610439284236,DOWN
Acc3_hypothalamus_GLP_1_MK_801,3,hypothalamus,GLP_1_MK_801,GSE244607,gene_name,Cd68,CD68,0.6011094209644611,0.0072479262494515,UP
Acc3_hypothalamus_GLP_1_MK_801,3,hypothalamus,GLP_1_MK_801,GSE244607,gene_name,Mob4,MOB4,-0.532086836274499,0.0074214060379327,DOWN
Acc3_hypothalamus_GLP_1_MK_801,3,hypothalamus,GLP_1_MK_801,GSE244607,gene_name,Gm50490,GM50490,-0.6712211130171519,0.007449103133123,DOWN
Acc3_hypothalamus_GLP_1_MK_801,3,hypothalamus,GLP_1_MK_801,GSE244607,gene_name,Far1,FAR1,-0.5635678073786262,0.007449103133123,DOWN
Acc3_hypothalamus_GLP_1_MK_801,3,hypothalamus,GLP_1_MK_801,GSE244607,gene_name,9330121k16rik,9330121K16RIK,-0.8470365613906821,0.007697155787783,DOWN
Acc3_hypothalamus_GLP_1_MK_801,3,hypothalamus,GLP_1_MK_801,GSE244607,gene_name,Gm37233,GM37233,0.748883861816684,0.007697155787783,UP
Acc3_hypothalamus_GLP_1_MK_801,3,hypothalamus,GLP_1_MK_801,GSE244607,gene_name,Ap3s1,AP3S1,-0.5781911502455911,0.0077157973715349,DOWN
Acc3_hypothalamus_GLP_1_MK_801,3,hypothalamus,GLP_1_MK_801,GSE244607,gene_name,Gm12709,GM12709,-0.7726476528653078,0.0077184740074364,DOWN
Acc3_hypothalamus_GLP_1_MK_801,3,hypothalamus,GLP_1_MK_801,GSE244607,gene_name,Syncrip,SYNCRIP,-0.6228180301052696,0.0077184740074364,DOWN
Acc3_hypothalamus_GLP_1_MK_801,3,hypothalamus,GLP_1_MK_801,GSE244607,gene_name,Gm49336,GM49336,-0.5910110610742609,0.0077184740074364,DOWN
Acc3_hypothalamus_GLP_1_MK_801,3,hypothalamus,GLP_1_MK_801,GSE244607,gene_name,Arfip1,ARFIP1,-0.5692174579124261,0.0077184740074364,DOWN
Acc3_hypothalamus_GLP_1_MK_801,3,hypothalamus,GLP_1_MK_801,GSE244607,gene_name,Gm43668,GM43668,-0.5253764508260562,0.0077184740074364,DOWN
Acc3_hypothalamus_GLP_1_MK_801,3,hypothalamus,GLP_1_MK_801,GSE244607,gene_name,Zfp72,ZFP72,-0.5000141736345559,0.0077184740074364,DOWN
Acc3_hypothalamus_GLP_1_MK_801,3,hypothalamus,GLP_1_MK_801,GSE244607,gene_name,Pi15,PI15,-0.8710370474472031,0.0079903111445363,DOWN
Acc3_hypothalamus_GLP_1_MK_801,3,hypothalamus,GLP_1_MK_801,GSE244607,gene_name,Gm38451,GM38451,-0.8891352670163744,0.008236775668087,DOWN
Acc3_hypothalamus_GLP_1_MK_801,3,hypothalamus,GLP_1_MK_801,GSE244607,gene_name,Lipo3,LIPO3,-0.7918420853820197,0.0082376521675442,DOWN
Acc3_hypothalamus_GLP_1_MK_801,3,hypothalamus,GLP_1_MK_801,GSE244607,gene_name,1810026b05rik,1810026B05RIK,-0.6787104310272803,0.008451735351371,DOWN
Acc3_hypothalamus_GLP_1_MK_801,3,hypothalamus,GLP_1_MK_801,GSE244607,gene_name,Ppp4r3b,PPP4R3B,-0.5230984820273858,0.0086792606482588,DOWN
Acc3_hypothalamus_GLP_1_MK_801,3,hypothalamus,GLP_1_MK_801,GSE244607,gene_name,Mlph,MLPH,0.5677648735829867,0.0089024235629671,UP
Acc3_hypothalamus_GLP_1_MK_801,3,hypothalamus,GLP_1_MK_801,GSE244607,gene_name,Mybl1,MYBL1,-0.6015571030861714,0.0089362448220055,DOWN
Acc3_hypothalamus_GLP_1_MK_801,3,hypothalamus,GLP_1_MK_801,GSE244607,gene_name,Ecm2,ECM2,-0.5708439858442825,0.0089362448220055,DOWN
Acc3_hypothalamus_GLP_1_MK_801,3,hypothalamus,GLP_1_MK_801,GSE244607,gene_name,Gm9385,GM9385,0.6795409336848137,0.0089756061385743,UP
Acc3_hypothalamus_GLP_1_MK_801,3,hypothalamus,GLP_1_MK_801,GSE244607,gene_name,Nr4a3,NR4A3,-0.5110902645458302,0.009176229316358,DOWN
Acc3_hypothalamus_GLP_1_MK_801,3,hypothalamus,GLP_1_MK_801,GSE244607,gene_name,Cav2,CAV2,-0.8297655657129285,0.0094525050912559,DOWN
Acc3_hypothalamus_GLP_1_MK_801,3,hypothalamus,GLP_1_MK_801,GSE244607,gene_name,Slc35a3,SLC35A3,-0.621801389293448,0.0096192174035104,DOWN
Acc3_hypothalamus_GLP_1_MK_801,3,hypothalamus,GLP_1_MK_801,GSE244607,gene_name,Klhl15,KLHL15,-0.6908914678459133,0.009620155541979,DOWN
Acc3_hypothalamus_GLP_1_MK_801,3,hypothalamus,GLP_1_MK_801,GSE244607,gene_name,Dram2,DRAM2,-0.5554834397314793,0.0096240771983473,DOWN
Acc3_hypothalamus_GLP_1_MK_801,3,hypothalamus,GLP_1_MK_801,GSE244607,gene_name,C1galt1,C1GALT1,-0.6124397773456298,0.0096806582436557,DOWN
Acc3_hypothalamus_GLP_1_MK_801,3,hypothalamus,GLP_1_MK_801,GSE244607,gene_name,Spred1,SPRED1,-0.5507411120677773,0.0099429863353166,DOWN
Acc3_hypothalamus_GLP_1_MK_801,3,hypothalamus,GLP_1_MK_801,GSE244607,gene_name,Slc5a3,SLC5A3,-0.5270797629597093,0.0100024479258148,DOWN
Acc3_hypothalamus_GLP_1_MK_801,3,hypothalamus,GLP_1_MK_801,GSE244607,gene_name,Myoc,MYOC,0.5152155030174457,0.0100527626802332,UP
Acc3_hypothalamus_GLP_1_MK_801,3,hypothalamus,GLP_1_MK_801,GSE244607,gene_name,Depdc7,DEPDC7,-0.6443244529921308,0.0104386231676689,DOWN
Acc3_hypothalamus_GLP_1_MK_801,3,hypothalamus,GLP_1_MK_801,GSE244607,gene_name,Ada,ADA,0.7777150857124965,0.0105296788953408,UP
Acc3_hypothalamus_GLP_1_MK_801,3,hypothalamus,GLP_1_MK_801,GSE244607,gene_name,Rab18,RAB18,-0.5169872342886384,0.0105430380506006,DOWN
Acc3_hypothalamus_GLP_1_MK_801,3,hypothalamus,GLP_1_MK_801,GSE244607,gene_name,Gm42528,GM42528,-0.5816197132681812,0.0105740461480149,DOWN
Acc3_hypothalamus_GLP_1_MK_801,3,hypothalamus,GLP_1_MK_801,GSE244607,gene_name,Eid1,EID1,-0.5224726385847939,0.0105740461480149,DOWN
Acc3_hypothalamus_GLP_1_MK_801,3,hypothalamus,GLP_1_MK_801,GSE244607,gene_name,Pter,PTER,-0.8344476532732426,0.0106748134135204,DOWN
Acc3_hypothalamus_GLP_1_MK_801,3,hypothalamus,GLP_1_MK_801,GSE244607,gene_name,Gm10010,GM10010,0.6864581595916938,0.0106748134135204,UP
Acc3_hypothalamus_GLP_1_MK_801,3,hypothalamus,GLP_1_MK_801,GSE244607,gene_name,Ttc14,TTC14,-0.5348356450015953,0.0106748134135204,DOWN
Acc3_hypothalamus_GLP_1_MK_801,3,hypothalamus,GLP_1_MK_801,GSE244607,gene_name,Stk26,STK26,-0.5835228092173651,0.0107101545214374,DOWN
Acc3_hypothalamus_GLP_1_MK_801,3,hypothalamus,GLP_1_MK_801,GSE244607,gene_name,Ndufaf4,NDUFAF4,-0.5145477656867249,0.0107820555359469,DOWN
Acc3_hypothalamus_GLP_1_MK_801,3,hypothalamus,GLP_1_MK_801,GSE244607,gene_name,Bclaf3,BCLAF3,-0.6239228815526078,0.0108960382144377,DOWN
Acc3_hypothalamus_GLP_1_MK_801,3,hypothalamus,GLP_1_MK_801,GSE244607,gene_name,Vgll3,VGLL3,-0.6256290102061602,0.0109204693236361,DOWN
Acc3_hypothalamus_GLP_1_MK_801,3,hypothalamus,GLP_1_MK_801,GSE244607,gene_name,Gm24564,GM24564,-0.8568681059395665,0.01098380535939,DOWN
Acc3_hypothalamus_GLP_1_MK_801,3,hypothalamus,GLP_1_MK_801,GSE244607,gene_name,A230103l15rik,A230103L15RIK,-0.5714333567234464,0.0110730790518661,DOWN
Acc3_hypothalamus_GLP_1_MK_801,3,hypothalamus,GLP_1_MK_801,GSE244607,gene_name,Gm38020,GM38020,-0.5843270317252472,0.0111940306281476,DOWN
Acc3_hypothalamus_GLP_1_MK_801,3,hypothalamus,GLP_1_MK_801,GSE244607,gene_name,Zdhhc2,ZDHHC2,-0.5369617045957592,0.0115762163791388,DOWN
Acc3_hypothalamus_GLP_1_MK_801,3,hypothalamus,GLP_1_MK_801,GSE244607,gene_name,Chml,CHML,-0.5361115984437853,0.0115762163791388,DOWN
Acc3_hypothalamus_GLP_1_MK_801,3,hypothalamus,GLP_1_MK_801,GSE244607,gene_name,Dbf4,DBF4,-0.5316533199745731,0.0115762163791388,DOWN
Acc3_hypothalamus_GLP_1_MK_801,3,hypothalamus,GLP_1_MK_801,GSE244607,gene_name,Rbm4,RBM4,-0.7555119991393506,0.0116059315495753,DOWN
Acc3_hypothalamus_GLP_1_MK_801,3,hypothalamus,GLP_1_MK_801,GSE244607,gene_name,Gm37345,GM37345,-0.7614911739442474,0.0116121748021337,DOWN
Acc3_hypothalamus_GLP_1_MK_801,3,hypothalamus,GLP_1_MK_801,GSE244607,gene_name,Tmed7,TMED7,-0.7083773522911717,0.0116276718594601,DOWN
Acc3_hypothalamus_GLP_1_MK_801,3,hypothalamus,GLP_1_MK_801,GSE244607,gene_name,2610037d02rik,2610037D02RIK,-0.5356593707029444,0.0117107741701056,DOWN
Acc3_hypothalamus_GLP_1_MK_801,3,hypothalamus,GLP_1_MK_801,GSE244607,gene_name,Nudt11,NUDT11,-0.5795040026984182,0.011888087047511,DOWN
Acc3_hypothalamus_GLP_1_MK_801,3,hypothalamus,GLP_1_MK_801,GSE244607,gene_name,Itpripl1,ITPRIPL1,0.5828116109247984,0.0119378506720336,UP
Acc3_hypothalamus_GLP_1_MK_801,3,hypothalamus,GLP_1_MK_801,GSE244607,gene_name,Lrrtm4,LRRTM4,-0.5075108129778855,0.0120138619455897,DOWN
Acc3_hypothalamus_GLP_1_MK_801,3,hypothalamus,GLP_1_MK_801,GSE244607,gene_name,1700012d14rik,1700012D14RIK,-0.5257421113287061,0.0120363510275061,DOWN
Acc3_hypothalamus_GLP_1_MK_801,3,hypothalamus,GLP_1_MK_801,GSE244607,gene_name,Fsd1l,FSD1L,-0.5543296009745871,0.012060000608117,DOWN
Acc3_hypothalamus_GLP_1_MK_801,3,hypothalamus,GLP_1_MK_801,GSE244607,gene_name,Cmc4,CMC4,-0.8381062593870219,0.0120986048193227,DOWN
Acc3_hypothalamus_GLP_1_MK_801,3,hypothalamus,GLP_1_MK_801,GSE244607,gene_name,Gm44559,GM44559,-1.146800017609786,0.012224010389654,DOWN
Acc3_hypothalamus_GLP_1_MK_801,3,hypothalamus,GLP_1_MK_801,GSE244607,gene_name,Gm42664,GM42664,-1.0734174046997182,0.0123209761446643,DOWN
Acc3_hypothalamus_GLP_1_MK_801,3,hypothalamus,GLP_1_MK_801,GSE244607,gene_name,Gm27252,GM27252,0.7152495274531797,0.0123398185244756,UP
Acc3_hypothalamus_GLP_1_MK_801,3,hypothalamus,GLP_1_MK_801,GSE244607,gene_name,Nudt10,NUDT10,-0.54759381986096,0.0123779163540565,DOWN
Acc3_hypothalamus_GLP_1_MK_801,3,hypothalamus,GLP_1_MK_801,GSE244607,gene_name,Slc16a7,SLC16A7,-0.5754130791836034,0.0124431032900001,DOWN
Acc3_hypothalamus_GLP_1_MK_801,3,hypothalamus,GLP_1_MK_801,GSE244607,gene_name,Styx,STYX,-0.5400481725537679,0.0124431032900001,DOWN
Acc3_hypothalamus_GLP_1_MK_801,3,hypothalamus,GLP_1_MK_801,GSE244607,gene_name,Ier3ip1,IER3IP1,-0.6024477972099588,0.0126202730661762,DOWN
Acc3_hypothalamus_GLP_1_MK_801,3,hypothalamus,GLP_1_MK_801,GSE244607,gene_name,Zfp119a,ZFP119A,-0.6151565668372478,0.012722452946463,DOWN
Acc3_hypothalamus_GLP_1_MK_801,3,hypothalamus,GLP_1_MK_801,GSE244607,gene_name,Cdr1os,CDR1OS,-0.9198431921944472,0.0131617257986866,DOWN
Acc3_hypothalamus_GLP_1_MK_801,3,hypothalamus,GLP_1_MK_801,GSE244607,gene_name,Ccne2,CCNE2,-0.8986013097238539,0.0132114225600179,DOWN
Acc3_hypothalamus_GLP_1_MK_801,3,hypothalamus,GLP_1_MK_801,GSE244607,gene_name,Gm50462,GM50462,-0.5990586241251271,0.0132579588129774,DOWN
Acc3_hypothalamus_GLP_1_MK_801,3,hypothalamus,GLP_1_MK_801,GSE244607,gene_name,Lysmd3,LYSMD3,-0.6082973214194125,0.0132717112500173,DOWN
Acc3_hypothalamus_GLP_1_MK_801,3,hypothalamus,GLP_1_MK_801,GSE244607,gene_name,Krt18,KRT18,0.6369160197425472,0.013301580014047,UP
Acc3_hypothalamus_GLP_1_MK_801,3,hypothalamus,GLP_1_MK_801,GSE244607,gene_name,Zfp976,ZFP976,-0.5232463606782758,0.013301580014047,DOWN
Acc3_hypothalamus_GLP_1_MK_801,3,hypothalamus,GLP_1_MK_801,GSE244607,gene_name,Rnpc3,RNPC3,-0.5554340178239199,0.0135047054270707,DOWN
Acc3_hypothalamus_GLP_1_MK_801,3,hypothalamus,GLP_1_MK_801,GSE244607,gene_name,Gm10221,GM10221,0.6737063033044456,0.0135357454097609,UP
Acc3_hypothalamus_GLP_1_MK_801,3,hypothalamus,GLP_1_MK_801,GSE244607,gene_name,Pkia,PKIA,-0.5335349359388415,0.0138840322281352,DOWN
Acc3_hypothalamus_GLP_1_MK_801,3,hypothalamus,GLP_1_MK_801,GSE244607,gene_name,Ndufa12-ps,NDUFA12-PS,0.6831962142130354,0.0141218826921726,UP
Acc3_hypothalamus_GLP_1_MK_801,3,hypothalamus,GLP_1_MK_801,GSE244607,gene_name,Med9os,MED9OS,0.6764982064082901,0.0141218826921726,UP
Acc3_hypothalamus_GLP_1_MK_801,3,hypothalamus,GLP_1_MK_801,GSE244607,gene_name,Mt-tw,MT-TW,-0.757400685994024,0.0141257632650209,DOWN
Acc3_hypothalamus_GLP_1_MK_801,3,hypothalamus,GLP_1_MK_801,GSE244607,gene_name,Brwd3,BRWD3,-0.5459981250916004,0.0141322742335365,DOWN
Acc3_hypothalamus_GLP_1_MK_801,3,hypothalamus,GLP_1_MK_801,GSE244607,gene_name,St6gal2,ST6GAL2,-0.5141692118961602,0.0141616129056299,DOWN
Acc3_hypothalamus_GLP_1_MK_801,3,hypothalamus,GLP_1_MK_801,GSE244607,gene_name,Zfp825,ZFP825,-0.6919222964185897,0.0143361792648689,DOWN
Acc3_hypothalamus_GLP_1_MK_801,3,hypothalamus,GLP_1_MK_801,GSE244607,gene_name,Hdx,HDX,-0.6122570043148733,0.0143513567690331,DOWN
Acc3_hypothalamus_GLP_1_MK_801,3,hypothalamus,GLP_1_MK_801,GSE244607,gene_name,Lypla1,LYPLA1,-0.8718755427303795,0.0144943789965779,DOWN
Acc3_hypothalamus_GLP_1_MK_801,3,hypothalamus,GLP_1_MK_801,GSE244607,gene_name,Gm44623,GM44623,-0.8368518998236757,0.0147999979958716,DOWN
Acc3_hypothalamus_GLP_1_MK_801,3,hypothalamus,GLP_1_MK_801,GSE244607,gene_name,Gpr34,GPR34,-0.7860674178841939,0.0148296036131975,DOWN
Acc3_hypothalamus_GLP_1_MK_801,3,hypothalamus,GLP_1_MK_801,GSE244607,gene_name,Angptl4,ANGPTL4,0.5074337612173538,0.0150056603919488,UP
Acc3_hypothalamus_GLP_1_MK_801,3,hypothalamus,GLP_1_MK_801,GSE244607,gene_name,Gm5499,GM5499,0.5601316964323672,0.0150495025040989,UP
Acc3_hypothalamus_GLP_1_MK_801,3,hypothalamus,GLP_1_MK_801,GSE244607,gene_name,Zfp938,ZFP938,-0.5442570973488534,0.0152928072137952,DOWN
Acc3_hypothalamus_GLP_1_MK_801,3,hypothalamus,GLP_1_MK_801,GSE244607,gene_name,Rpl23a,RPL23A,0.5128611313709758,0.0152972719159052,UP
Acc3_hypothalamus_GLP_1_MK_801,3,hypothalamus,GLP_1_MK_801,GSE244607,gene_name,Gm24966,GM24966,-0.5083479223395287,0.0154278093230778,DOWN
Acc3_hypothalamus_GLP_1_MK_801,3,hypothalamus,GLP_1_MK_801,GSE244607,gene_name,Gm37941,GM37941,-0.707536333298887,0.0155227862865766,DOWN
Acc3_hypothalamus_GLP_1_MK_801,3,hypothalamus,GLP_1_MK_801,GSE244607,gene_name,Rnf138,RNF138,-0.7891367971698375,0.0157633094444711,DOWN
Acc3_hypothalamus_GLP_1_MK_801,3,hypothalamus,GLP_1_MK_801,GSE244607,gene_name,Bc024063,BC024063,-0.7262055716885225,0.0158054647177965,DOWN
Acc3_hypothalamus_GLP_1_MK_801,3,hypothalamus,GLP_1_MK_801,GSE244607,gene_name,Gm10762,GM10762,-0.5930393266139852,0.0160011397630431,DOWN
Acc3_hypothalamus_GLP_1_MK_801,3,hypothalamus,GLP_1_MK_801,GSE244607,gene_name,Casq1,CASQ1,0.7216878834899225,0.0160558681687619,UP
Acc3_hypothalamus_GLP_1_MK_801,3,hypothalamus,GLP_1_MK_801,GSE244607,gene_name,C030017b01rik,C030017B01RIK,-0.5096475987425756,0.0160647128946596,DOWN
Acc3_hypothalamus_GLP_1_MK_801,3,hypothalamus,GLP_1_MK_801,GSE244607,gene_name,Gm6089,GM6089,0.5753871845959755,0.0163249861698461,UP
Acc3_hypothalamus_GLP_1_MK_801,3,hypothalamus,GLP_1_MK_801,GSE244607,gene_name,Scai,SCAI,-0.7351443989603651,0.0166391662630798,DOWN
Acc3_hypothalamus_GLP_1_MK_801,3,hypothalamus,GLP_1_MK_801,GSE244607,gene_name,Gm43039,GM43039,-0.6010314758014741,0.0166391662630798,DOWN
Acc3_hypothalamus_GLP_1_MK_801,3,hypothalamus,GLP_1_MK_801,GSE244607,gene_name,Abhd17b,ABHD17B,-0.5276686989924586,0.0166938290723578,DOWN
Acc3_hypothalamus_GLP_1_MK_801,3,hypothalamus,GLP_1_MK_801,GSE244607,gene_name,Fam126b,FAM126B,-0.6794300830542064,0.0167270069823961,DOWN
Acc3_hypothalamus_GLP_1_MK_801,3,hypothalamus,GLP_1_MK_801,GSE244607,gene_name,Zfp52,ZFP52,-0.6178940619368087,0.0167270069823961,DOWN
Acc3_hypothalamus_GLP_1_MK_801,3,hypothalamus,GLP_1_MK_801,GSE244607,gene_name,5430403g16rik,5430403G16RIK,-0.6895408311943719,0.0167947292323981,DOWN
Acc3_hypothalamus_GLP_1_MK_801,3,hypothalamus,GLP_1_MK_801,GSE244607,gene_name,Gm50010,GM50010,-0.556930604159278,0.0169616352241675,DOWN
Acc3_hypothalamus_GLP_1_MK_801,3,hypothalamus,GLP_1_MK_801,GSE244607,gene_name,Chic1,CHIC1,-0.6334619692284863,0.0172897243776317,DOWN
Acc3_hypothalamus_GLP_1_MK_801,3,hypothalamus,GLP_1_MK_801,GSE244607,gene_name,C130023a14rik,C130023A14RIK,-1.0823113321102815,0.0175384569606832,DOWN
Acc3_hypothalamus_GLP_1_MK_801,3,hypothalamus,GLP_1_MK_801,GSE244607,gene_name,Klhl28,KLHL28,-0.5535905945894856,0.0175384569606832,DOWN
Acc3_hypothalamus_GLP_1_MK_801,3,hypothalamus,GLP_1_MK_801,GSE244607,gene_name,9630001p10rik,9630001P10RIK,-0.8452209160494886,0.0175617526618607,DOWN
Acc3_hypothalamus_GLP_1_MK_801,3,hypothalamus,GLP_1_MK_801,GSE244607,gene_name,Dach2,DACH2,-0.6491280119335421,0.0176389355128174,DOWN
Acc3_hypothalamus_GLP_1_MK_801,3,hypothalamus,GLP_1_MK_801,GSE244607,gene_name,Spata9,SPATA9,-0.8038274653034383,0.017895749290676,DOWN
Acc3_hypothalamus_GLP_1_MK_801,3,hypothalamus,GLP_1_MK_801,GSE244607,gene_name,C030034i22rik,C030034I22RIK,-0.6792813427453802,0.0179744565904918,DOWN
Acc3_hypothalamus_GLP_1_MK_801,3,hypothalamus,GLP_1_MK_801,GSE244607,gene_name,Cdc73,CDC73,-0.5620822372705668,0.0180099236139295,DOWN
Acc3_hypothalamus_GLP_1_MK_801,3,hypothalamus,GLP_1_MK_801,GSE244607,gene_name,Gm49331,GM49331,-0.771762855111746,0.0182136964853784,DOWN
Acc3_hypothalamus_GLP_1_MK_801,3,hypothalamus,GLP_1_MK_801,GSE244607,gene_name,Neto2,NETO2,-0.5130755272817701,0.018347688035297,DOWN
Acc3_hypothalamus_GLP_1_MK_801,3,hypothalamus,GLP_1_MK_801,GSE244607,gene_name,Zfp654,ZFP654,-0.5567883214544972,0.0185482760862,DOWN
Acc3_hypothalamus_GLP_1_MK_801,3,hypothalamus,GLP_1_MK_801,GSE244607,gene_name,B830012l14rik,B830012L14RIK,-0.6826952513208311,0.0185539335330967,DOWN
Acc3_hypothalamus_GLP_1_MK_801,3,hypothalamus,GLP_1_MK_801,GSE244607,gene_name,Orc4,ORC4,-0.7020720276718924,0.0191088259561962,DOWN
Acc3_hypothalamus_GLP_1_MK_801,3,hypothalamus,GLP_1_MK_801,GSE244607,gene_name,Fmr1,FMR1,-0.5023747772356718,0.0192868284623014,DOWN
Acc3_hypothalamus_GLP_1_MK_801,3,hypothalamus,GLP_1_MK_801,GSE244607,gene_name,Rab11a,RAB11A,-0.5263630648634757,0.0194075290568567,DOWN
Acc3_hypothalamus_GLP_1_MK_801,3,hypothalamus,GLP_1_MK_801,GSE244607,gene_name,Mob1b,MOB1B,-0.5648337945438027,0.0194084916148661,DOWN
Acc3_hypothalamus_GLP_1_MK_801,3,hypothalamus,GLP_1_MK_801,GSE244607,gene_name,Smpdl3b,SMPDL3B,0.5192959703823096,0.0194556111293502,UP
Acc3_hypothalamus_GLP_1_MK_801,3,hypothalamus,GLP_1_MK_801,GSE244607,gene_name,Rps10-ps1,RPS10-PS1,-0.6283714601402611,0.0194748349118359,DOWN
Acc3_hypothalamus_GLP_1_MK_801,3,hypothalamus,GLP_1_MK_801,GSE244607,gene_name,Gm38372,GM38372,-0.5814221158489216,0.0196904624156168,DOWN
Acc3_hypothalamus_GLP_1_MK_801,3,hypothalamus,GLP_1_MK_801,GSE244607,gene_name,Haus3,HAUS3,-0.5845115942770654,0.0200069244334621,DOWN
Acc3_hypothalamus_GLP_1_MK_801,3,hypothalamus,GLP_1_MK_801,GSE244607,gene_name,Triqk,TRIQK,-0.5206376457235272,0.0200069244334621,DOWN
Acc3_hypothalamus_GLP_1_MK_801,3,hypothalamus,GLP_1_MK_801,GSE244607,gene_name,Mzt1,MZT1,-0.6542392876546235,0.0201419231907766,DOWN
Acc3_hypothalamus_GLP_1_MK_801,3,hypothalamus,GLP_1_MK_801,GSE244607,gene_name,4930447c04rik,4930447C04RIK,-0.9382913788085004,0.0206407669964408,DOWN
Acc3_hypothalamus_GLP_1_MK_801,3,hypothalamus,GLP_1_MK_801,GSE244607,gene_name,Gm5165,GM5165,-0.7247143143632993,0.0209142413714072,DOWN
Acc3_hypothalamus_GLP_1_MK_801,3,hypothalamus,GLP_1_MK_801,GSE244607,gene_name,Gm42463,GM42463,-0.6575063468085325,0.0210184375948367,DOWN
Acc3_hypothalamus_GLP_1_MK_801,3,hypothalamus,GLP_1_MK_801,GSE244607,gene_name,Hs3st2,HS3ST2,0.5867468922200401,0.0211294530736584,UP
Acc3_hypothalamus_GLP_1_MK_801,3,hypothalamus,GLP_1_MK_801,GSE244607,gene_name,5930409g06rik,5930409G06RIK,-0.6601161661688492,0.021237540563801,DOWN
Acc3_hypothalamus_GLP_1_MK_801,3,hypothalamus,GLP_1_MK_801,GSE244607,gene_name,Uty,UTY,-0.5636083131541344,0.0214945659934768,DOWN
Acc3_hypothalamus_GLP_1_MK_801,3,hypothalamus,GLP_1_MK_801,GSE244607,gene_name,Hcrtr2,HCRTR2,-0.5048143165311857,0.0215681950524534,DOWN
Acc3_hypothalamus_GLP_1_MK_801,3,hypothalamus,GLP_1_MK_801,GSE244607,gene_name,Gm2058,GM2058,0.6352457895716809,0.0219294970202334,UP
Acc3_hypothalamus_GLP_1_MK_801,3,hypothalamus,GLP_1_MK_801,GSE244607,gene_name,Vbp1,VBP1,-0.6986013352062149,0.0219418333098837,DOWN
Acc3_hypothalamus_GLP_1_MK_801,3,hypothalamus,GLP_1_MK_801,GSE244607,gene_name,1700066m21rik,1700066M21RIK,-0.68807275732737,0.0219573305236959,DOWN
Acc3_hypothalamus_GLP_1_MK_801,3,hypothalamus,GLP_1_MK_801,GSE244607,gene_name,Matr3,MATR3,-0.6851780214605149,0.0220177758606608,DOWN
Acc3_hypothalamus_GLP_1_MK_801,3,hypothalamus,GLP_1_MK_801,GSE244607,gene_name,4833412k13rik,4833412K13RIK,-0.5612565104557925,0.0221012331681706,DOWN
Acc3_hypothalamus_GLP_1_MK_801,3,hypothalamus,GLP_1_MK_801,GSE244607,gene_name,Ormdl1,ORMDL1,-0.8285943227972453,0.0221641155333182,DOWN
Acc3_hypothalamus_GLP_1_MK_801,3,hypothalamus,GLP_1_MK_801,GSE244607,gene_name,Irak3,IRAK3,0.6180887569190388,0.0221641155333182,UP
Acc3_hypothalamus_GLP_1_MK_801,3,hypothalamus,GLP_1_MK_801,GSE244607,gene_name,Cmpk1,CMPK1,-0.6299979486180148,0.022304788727463,DOWN
Acc3_hypothalamus_GLP_1_MK_801,3,hypothalamus,GLP_1_MK_801,GSE244607,gene_name,Upp1,UPP1,-0.559188952454647,0.022304788727463,DOWN
Acc3_hypothalamus_GLP_1_MK_801,3,hypothalamus,GLP_1_MK_801,GSE244607,gene_name,Ptger2,PTGER2,-0.5492884598519479,0.022304788727463,DOWN
Acc3_hypothalamus_GLP_1_MK_801,3,hypothalamus,GLP_1_MK_801,GSE244607,gene_name,Kctd12b,KCTD12B,-0.5791202712293622,0.0223817977558962,DOWN
Acc3_hypothalamus_GLP_1_MK_801,3,hypothalamus,GLP_1_MK_801,GSE244607,gene_name,Zbtb33,ZBTB33,-0.5042818211390065,0.0223817977558962,DOWN
Acc3_hypothalamus_GLP_1_MK_801,3,hypothalamus,GLP_1_MK_801,GSE244607,gene_name,A330076h08rik,A330076H08RIK,-0.7560964334461734,0.0224505808397905,DOWN
Acc3_hypothalamus_GLP_1_MK_801,3,hypothalamus,GLP_1_MK_801,GSE244607,gene_name,Zbtb6,ZBTB6,-0.5728549097724215,0.0225155774782097,DOWN
Acc3_hypothalamus_GLP_1_MK_801,3,hypothalamus,GLP_1_MK_801,GSE244607,gene_name,2010315b03rik,2010315B03RIK,-0.6811296215684605,0.0230115058655888,DOWN
Acc3_hypothalamus_GLP_1_MK_801,3,hypothalamus,GLP_1_MK_801,GSE244607,gene_name,Vma21,VMA21,-0.8090865289127814,0.0230288061642392,DOWN
Acc3_hypothalamus_GLP_1_MK_801,3,hypothalamus,GLP_1_MK_801,GSE244607,gene_name,Gm44846,GM44846,-0.8932989372800086,0.0231269418937806,DOWN
Acc3_hypothalamus_GLP_1_MK_801,3,hypothalamus,GLP_1_MK_801,GSE244607,gene_name,Gm10509,GM10509,-0.6667306386831923,0.0232602523749552,DOWN
Acc3_hypothalamus_GLP_1_MK_801,3,hypothalamus,GLP_1_MK_801,GSE244607,gene_name,Gm14539,GM14539,-0.6506560724586099,0.0233009249664307,DOWN
Acc3_hypothalamus_GLP_1_MK_801,3,hypothalamus,GLP_1_MK_801,GSE244607,gene_name,Ptbp3,PTBP3,-0.5395928366840022,0.0233716467037672,DOWN
Acc3_hypothalamus_GLP_1_MK_801,3,hypothalamus,GLP_1_MK_801,GSE244607,gene_name,Katnbl1,KATNBL1,-0.6254871421052753,0.0234131254008518,DOWN
Acc3_hypothalamus_GLP_1_MK_801,3,hypothalamus,GLP_1_MK_801,GSE244607,gene_name,Fam199x,FAM199X,-0.7088977173053863,0.02345212986396,DOWN
Acc3_hypothalamus_GLP_1_MK_801,3,hypothalamus,GLP_1_MK_801,GSE244607,gene_name,Htr6,HTR6,0.5251938139988074,0.0238093734124361,UP
Acc3_hypothalamus_GLP_1_MK_801,3,hypothalamus,GLP_1_MK_801,GSE244607,gene_name,Osbpl8,OSBPL8,-0.5095916131337247,0.0238167501991254,DOWN
Acc3_hypothalamus_GLP_1_MK_801,3,hypothalamus,GLP_1_MK_801,GSE244607,gene_name,Scoc,SCOC,-0.6314326122844846,0.0238642936470837,DOWN
Acc3_hypothalamus_GLP_1_MK_801,3,hypothalamus,GLP_1_MK_801,GSE244607,gene_name,Nat1,NAT1,-0.6528047831365542,0.024166655086003,DOWN
Acc3_hypothalamus_GLP_1_MK_801,3,hypothalamus,GLP_1_MK_801,GSE244607,gene_name,Gm15832,GM15832,-0.533081739694339,0.0244562675303096,DOWN
Acc3_hypothalamus_GLP_1_MK_801,3,hypothalamus,GLP_1_MK_801,GSE244607,gene_name,Zbtb41,ZBTB41,-0.5189325946079917,0.0245362218262121,DOWN
Acc3_hypothalamus_GLP_1_MK_801,3,hypothalamus,GLP_1_MK_801,GSE244607,gene_name,Ppp1r3g,PPP1R3G,0.6471988460998557,0.0248509698921767,UP
Acc3_hypothalamus_GLP_1_MK_801,3,hypothalamus,GLP_1_MK_801,GSE244607,gene_name,Ppp1cb,PPP1CB,-0.6837524618581498,0.0249425632203267,DOWN
Acc3_hypothalamus_GLP_1_MK_801,3,hypothalamus,GLP_1_MK_801,GSE244607,gene_name,Snord104,SNORD104,0.5000079795643112,0.0251453096114048,UP
Acc3_hypothalamus_GLP_1_MK_801,3,hypothalamus,GLP_1_MK_801,GSE244607,gene_name,Gm43140,GM43140,-0.9352911717527164,0.0252190211735311,DOWN
Acc3_hypothalamus_GLP_1_MK_801,3,hypothalamus,GLP_1_MK_801,GSE244607,gene_name,Eif4ebp1,EIF4EBP1,0.6485434256757058,0.025481375603968,UP
Acc3_hypothalamus_GLP_1_MK_801,3,hypothalamus,GLP_1_MK_801,GSE244607,gene_name,Olfm3,OLFM3,-0.6843233180812118,0.0255230236359436,DOWN
Acc3_hypothalamus_GLP_1_MK_801,3,hypothalamus,GLP_1_MK_801,GSE244607,gene_name,Sptssa,SPTSSA,-0.6504843377284567,0.0256234803882631,DOWN
Acc3_hypothalamus_GLP_1_MK_801,3,hypothalamus,GLP_1_MK_801,GSE244607,gene_name,Ro60,RO60,-0.6725734201045229,0.0259429120339576,DOWN
Acc3_hypothalamus_GLP_1_MK_801,3,hypothalamus,GLP_1_MK_801,GSE244607,gene_name,Npy,NPY,0.5209448482644886,0.0259781584179572,UP
Acc3_hypothalamus_GLP_1_MK_801,3,hypothalamus,GLP_1_MK_801,GSE244607,gene_name,Ai504432,AI504432,-0.7226354506421682,0.0260761882581145,DOWN
Acc3_hypothalamus_GLP_1_MK_801,3,hypothalamus,GLP_1_MK_801,GSE244607,gene_name,2300009a05rik,2300009A05RIK,-0.6758802619617237,0.0260761882581145,DOWN
Acc3_hypothalamus_GLP_1_MK_801,3,hypothalamus,GLP_1_MK_801,GSE244607,gene_name,Plekhf1,PLEKHF1,0.5060151535610028,0.0261906054480456,UP
Acc3_hypothalamus_GLP_1_MK_801,3,hypothalamus,GLP_1_MK_801,GSE244607,gene_name,Gm42595,GM42595,-0.5999708198658878,0.0263323696618011,DOWN
Acc3_hypothalamus_GLP_1_MK_801,3,hypothalamus,GLP_1_MK_801,GSE244607,gene_name,Gm26944,GM26944,-0.5690847530520254,0.0263323696618011,DOWN
Acc3_hypothalamus_GLP_1_MK_801,3,hypothalamus,GLP_1_MK_801,GSE244607,gene_name,Gm15344,GM15344,-0.577519513359813,0.0263581434564337,DOWN
Acc3_hypothalamus_GLP_1_MK_801,3,hypothalamus,GLP_1_MK_801,GSE244607,gene_name,Impg2,IMPG2,-0.569626467595169,0.0266287337389242,DOWN
Acc3_hypothalamus_GLP_1_MK_801,3,hypothalamus,GLP_1_MK_801,GSE244607,gene_name,St8sia4,ST8SIA4,-0.7641504601329789,0.0266327735018634,DOWN
Acc3_hypothalamus_GLP_1_MK_801,3,hypothalamus,GLP_1_MK_801,GSE244607,gene_name,Gm37127,GM37127,-0.5233765070218186,0.0267136574101421,DOWN
Acc3_hypothalamus_GLP_1_MK_801,3,hypothalamus,GLP_1_MK_801,GSE244607,gene_name,Vmn2r57,VMN2R57,-0.6858517534431801,0.0270972711982807,DOWN
Acc3_hypothalamus_GLP_1_MK_801,3,hypothalamus,GLP_1_MK_801,GSE244607,gene_name,Gm32444,GM32444,-0.6411829592621102,0.0271179721018709,DOWN
Acc3_hypothalamus_GLP_1_MK_801,3,hypothalamus,GLP_1_MK_801,GSE244607,gene_name,Gm44830,GM44830,-0.8660108905435465,0.0272409374600004,DOWN
Acc3_hypothalamus_GLP_1_MK_801,3,hypothalamus,GLP_1_MK_801,GSE244607,gene_name,Gm43059,GM43059,-0.7082588947016915,0.0272409374600004,DOWN
Acc3_hypothalamus_GLP_1_MK_801,3,hypothalamus,GLP_1_MK_801,GSE244607,gene_name,Tmx3,TMX3,-0.6182264144290694,0.0274685965119802,DOWN
Acc3_hypothalamus_GLP_1_MK_801,3,hypothalamus,GLP_1_MK_801,GSE244607,gene_name,Gm44667,GM44667,-0.8231431630413987,0.0277954691740137,DOWN
Acc3_hypothalamus_GLP_1_MK_801,3,hypothalamus,GLP_1_MK_801,GSE244607,gene_name,Epm2aip1,EPM2AIP1,-0.5918074174462591,0.0277962476615944,DOWN
Acc3_hypothalamus_GLP_1_MK_801,3,hypothalamus,GLP_1_MK_801,GSE244607,gene_name,Gm49066,GM49066,0.5775339430555527,0.0278138725529344,UP
Acc3_hypothalamus_GLP_1_MK_801,3,hypothalamus,GLP_1_MK_801,GSE244607,gene_name,Calcrl,CALCRL,-0.6118058041070503,0.0278141555035695,DOWN
Acc3_hypothalamus_GLP_1_MK_801,3,hypothalamus,GLP_1_MK_801,GSE244607,gene_name,Gm37696,GM37696,-0.6134163571146114,0.0278846325898429,DOWN
Acc3_hypothalamus_GLP_1_MK_801,3,hypothalamus,GLP_1_MK_801,GSE244607,gene_name,Mir186,MIR186,-1.1430070423393983,0.028356531466157,DOWN
Acc3_hypothalamus_GLP_1_MK_801,3,hypothalamus,GLP_1_MK_801,GSE244607,gene_name,Crybb1,CRYBB1,0.5726610905627212,0.0285319270838206,UP
Acc3_hypothalamus_GLP_1_MK_801,3,hypothalamus,GLP_1_MK_801,GSE244607,gene_name,Myo5b,MYO5B,0.7261310037183545,0.0286579475590722,UP
Acc3_hypothalamus_GLP_1_MK_801,3,hypothalamus,GLP_1_MK_801,GSE244607,gene_name,Tmed5,TMED5,-0.7269995941186765,0.0287579957019167,DOWN
Acc3_hypothalamus_GLP_1_MK_801,3,hypothalamus,GLP_1_MK_801,GSE244607,gene_name,Gm16982,GM16982,-0.6573102015442429,0.0287579957019167,DOWN
Acc3_hypothalamus_GLP_1_MK_801,3,hypothalamus,GLP_1_MK_801,GSE244607,gene_name,Ube2v2,UBE2V2,-0.7568562403096178,0.0291912537535402,DOWN
Acc3_hypothalamus_GLP_1_MK_801,3,hypothalamus,GLP_1_MK_801,GSE244607,gene_name,Zfp942,ZFP942,-0.8677004028636028,0.0293903132817212,DOWN
Acc3_hypothalamus_GLP_1_MK_801,3,hypothalamus,GLP_1_MK_801,GSE244607,gene_name,Naa30,NAA30,-0.7976593979719463,0.0296143172863781,DOWN
Acc3_hypothalamus_GLP_1_MK_801,3,hypothalamus,GLP_1_MK_801,GSE244607,gene_name,Gm45769,GM45769,-0.5989830277815981,0.0296143172863781,DOWN
Acc3_hypothalamus_GLP_1_MK_801,3,hypothalamus,GLP_1_MK_801,GSE244607,gene_name,Itgbl1,ITGBL1,-0.6156603849871003,0.0296981904661322,DOWN
Acc3_hypothalamus_GLP_1_MK_801,3,hypothalamus,GLP_1_MK_801,GSE244607,gene_name,C030005k06rik,C030005K06RIK,-0.5240297101517469,0.0297743890575916,DOWN
Acc3_hypothalamus_GLP_1_MK_801,3,hypothalamus,GLP_1_MK_801,GSE244607,gene_name,Gm9761,GM9761,0.6515386964612958,0.0297842436885276,UP
Acc3_hypothalamus_GLP_1_MK_801,3,hypothalamus,GLP_1_MK_801,GSE244607,gene_name,Gm37499,GM37499,-0.6059672327764759,0.0297842436885276,DOWN
Acc3_hypothalamus_GLP_1_MK_801,3,hypothalamus,GLP_1_MK_801,GSE244607,gene_name,Gbp4,GBP4,-0.5947873231507134,0.0297842436885276,DOWN
Acc3_hypothalamus_GLP_1_MK_801,3,hypothalamus,GLP_1_MK_801,GSE244607,gene_name,Chpt1,CHPT1,-0.5960005559722665,0.0299810001763936,DOWN
Acc3_hypothalamus_GLP_1_MK_801,3,hypothalamus,GLP_1_MK_801,GSE244607,gene_name,Gm38104,GM38104,-0.9497364878599122,0.0300620688166933,DOWN
Acc3_hypothalamus_GLP_1_MK_801,3,hypothalamus,GLP_1_MK_801,GSE244607,gene_name,Zfp595,ZFP595,-0.5379679964257515,0.0301219019153386,DOWN
Acc3_hypothalamus_GLP_1_MK_801,3,hypothalamus,GLP_1_MK_801,GSE244607,gene_name,Gm36356,GM36356,0.5641913024118863,0.0304387426891695,UP
Acc3_hypothalamus_GLP_1_MK_801,3,hypothalamus,GLP_1_MK_801,GSE244607,gene_name,Gm44742,GM44742,-1.1208388208514506,0.030722060796585,DOWN
Acc3_hypothalamus_GLP_1_MK_801,3,hypothalamus,GLP_1_MK_801,GSE244607,gene_name,Gm20008,GM20008,-0.5849078688806426,0.0308293236615341,DOWN
Acc3_hypothalamus_GLP_1_MK_801,3,hypothalamus,GLP_1_MK_801,GSE244607,gene_name,Gm16378,GM16378,0.7313837906175134,0.031215446948942,UP
Acc3_hypothalamus_GLP_1_MK_801,3,hypothalamus,GLP_1_MK_801,GSE244607,gene_name,Bc037704,BC037704,0.585394545999616,0.0312421139112771,UP
Acc3_hypothalamus_GLP_1_MK_801,3,hypothalamus,GLP_1_MK_801,GSE244607,gene_name,Marcks,MARCKS,-0.7780277435362701,0.0315526450053306,DOWN
Acc3_hypothalamus_GLP_1_MK_801,3,hypothalamus,GLP_1_MK_801,GSE244607,gene_name,Fmo2,FMO2,0.5164085975980006,0.0316521142500297,UP
Acc3_hypothalamus_GLP_1_MK_801,3,hypothalamus,GLP_1_MK_801,GSE244607,gene_name,Fut9,FUT9,-0.8601228610859412,0.0319374974073411,DOWN
Acc3_hypothalamus_GLP_1_MK_801,3,hypothalamus,GLP_1_MK_801,GSE244607,gene_name,Hbb-bt,HBB-BT,-0.6116934994101577,0.0322035642209898,DOWN
Acc3_hypothalamus_GLP_1_MK_801,3,hypothalamus,GLP_1_MK_801,GSE244607,gene_name,Zfp931,ZFP931,-0.8347914991787111,0.032259995364809,DOWN
Acc3_hypothalamus_GLP_1_MK_801,3,hypothalamus,GLP_1_MK_801,GSE244607,gene_name,9330162g02rik,9330162G02RIK,-0.6128572374127514,0.0325906050473618,DOWN
Acc3_hypothalamus_GLP_1_MK_801,3,hypothalamus,GLP_1_MK_801,GSE244607,gene_name,Agtr2,AGTR2,-0.516619098076505,0.0325906050473618,DOWN
Acc3_hypothalamus_GLP_1_MK_801,3,hypothalamus,GLP_1_MK_801,GSE244607,gene_name,Prrg1,PRRG1,-0.9263377349930374,0.0326925726306283,DOWN
Acc3_hypothalamus_GLP_1_MK_801,3,hypothalamus,GLP_1_MK_801,GSE244607,gene_name,Wipf3,WIPF3,0.6210558982518262,0.0328288281827532,UP
Acc3_hypothalamus_GLP_1_MK_801,3,hypothalamus,GLP_1_MK_801,GSE244607,gene_name,Fsip1,FSIP1,0.5331494208206908,0.0329348611016737,UP
Acc3_hypothalamus_GLP_1_MK_801,3,hypothalamus,GLP_1_MK_801,GSE244607,gene_name,Gm12966,GM12966,0.5369702422851852,0.0330061070057666,UP
Acc3_hypothalamus_GLP_1_MK_801,3,hypothalamus,GLP_1_MK_801,GSE244607,gene_name,Glra3,GLRA3,-0.6471137718440998,0.0330907474283027,DOWN
Acc3_hypothalamus_GLP_1_MK_801,3,hypothalamus,GLP_1_MK_801,GSE244607,gene_name,Gm44616,GM44616,-0.5778212056702468,0.0331054872031113,DOWN
Acc3_hypothalamus_GLP_1_MK_801,3,hypothalamus,GLP_1_MK_801,GSE244607,gene_name,Arrdc2,ARRDC2,0.5280778064533489,0.0333999929761171,UP
Acc3_hypothalamus_GLP_1_MK_801,3,hypothalamus,GLP_1_MK_801,GSE244607,gene_name,Mt-tt,MT-TT,-1.0217706806316875,0.0334665449592935,DOWN
Acc3_hypothalamus_GLP_1_MK_801,3,hypothalamus,GLP_1_MK_801,GSE244607,gene_name,Gm46658,GM46658,0.5940395975110159,0.0335302082053999,UP
Acc3_hypothalamus_GLP_1_MK_801,3,hypothalamus,GLP_1_MK_801,GSE244607,gene_name,4930522l14rik,4930522L14RIK,-0.5927637715996622,0.0335302082053999,DOWN
Acc3_hypothalamus_GLP_1_MK_801,3,hypothalamus,GLP_1_MK_801,GSE244607,gene_name,Gm49085,GM49085,-0.5522756798290829,0.0335421740710825,DOWN
Acc3_hypothalamus_GLP_1_MK_801,3,hypothalamus,GLP_1_MK_801,GSE244607,gene_name,Gm37254,GM37254,-0.5164682169173449,0.0337065477429801,DOWN
Acc3_hypothalamus_GLP_1_MK_801,3,hypothalamus,GLP_1_MK_801,GSE244607,gene_name,Zxdb,ZXDB,-1.281680502234614,0.0339440166891419,DOWN
Acc3_hypothalamus_GLP_1_MK_801,3,hypothalamus,GLP_1_MK_801,GSE244607,gene_name,9630013a20rik,9630013A20RIK,-0.7346709215074201,0.0341348810474284,DOWN
Acc3_hypothalamus_GLP_1_MK_801,3,hypothalamus,GLP_1_MK_801,GSE244607,gene_name,Ppp3r1,PPP3R1,-0.5996987640979157,0.0342521690802753,DOWN
Acc3_hypothalamus_GLP_1_MK_801,3,hypothalamus,GLP_1_MK_801,GSE244607,gene_name,Zfp729b,ZFP729B,-0.6470553709893395,0.0344763821163357,DOWN
Acc3_hypothalamus_GLP_1_MK_801,3,hypothalamus,GLP_1_MK_801,GSE244607,gene_name,Mrps34,MRPS34,0.5163491224029508,0.0344763821163357,UP
Acc3_hypothalamus_GLP_1_MK_801,3,hypothalamus,GLP_1_MK_801,GSE244607,gene_name,Xpo1,XPO1,-0.5718948974018221,0.0345326096770207,DOWN
Acc3_hypothalamus_GLP_1_MK_801,3,hypothalamus,GLP_1_MK_801,GSE244607,gene_name,Gm48482,GM48482,-0.8350829874641047,0.0347863147193737,DOWN
Acc3_hypothalamus_GLP_1_MK_801,3,hypothalamus,GLP_1_MK_801,GSE244607,gene_name,Gm26691,GM26691,-0.5430207521477506,0.0350986426781316,DOWN
Acc3_hypothalamus_GLP_1_MK_801,3,hypothalamus,GLP_1_MK_801,GSE244607,gene_name,Kantr,KANTR,-0.632323845587049,0.0354808672627612,DOWN
Acc3_hypothalamus_GLP_1_MK_801,3,hypothalamus,GLP_1_MK_801,GSE244607,gene_name,Tmem47,TMEM47,-0.6639345346990806,0.0355181339274867,DOWN
Acc3_hypothalamus_GLP_1_MK_801,3,hypothalamus,GLP_1_MK_801,GSE244607,gene_name,Gm38393,GM38393,-0.8905136872954078,0.0356582855586734,DOWN
Acc3_hypothalamus_GLP_1_MK_801,3,hypothalamus,GLP_1_MK_801,GSE244607,gene_name,Kbtbd3,KBTBD3,-0.5145970385857427,0.0362181295979635,DOWN
Acc3_hypothalamus_GLP_1_MK_801,3,hypothalamus,GLP_1_MK_801,GSE244607,gene_name,Gm37181,GM37181,-0.9002522380273291,0.0363658288877744,DOWN
Acc3_hypothalamus_GLP_1_MK_801,3,hypothalamus,GLP_1_MK_801,GSE244607,gene_name,Gm43031,GM43031,-0.8053044591128597,0.0365813912760634,DOWN
Acc3_hypothalamus_GLP_1_MK_801,3,hypothalamus,GLP_1_MK_801,GSE244607,gene_name,Ube2d3,UBE2D3,-0.6878063847775432,0.0372778099183851,DOWN
Acc3_hypothalamus_GLP_1_MK_801,3,hypothalamus,GLP_1_MK_801,GSE244607,gene_name,Zfp455,ZFP455,-0.5204010668252882,0.0375736267774512,DOWN
Acc3_hypothalamus_GLP_1_MK_801,3,hypothalamus,GLP_1_MK_801,GSE244607,gene_name,2510017j16rik,2510017J16RIK,-0.61811648389012,0.0377508808157622,DOWN
Acc3_hypothalamus_GLP_1_MK_801,3,hypothalamus,GLP_1_MK_801,GSE244607,gene_name,Rps13-ps2,RPS13-PS2,-0.6805344215773069,0.0392285703956988,DOWN
Acc3_hypothalamus_GLP_1_MK_801,3,hypothalamus,GLP_1_MK_801,GSE244607,gene_name,Gm37773,GM37773,-0.762289095124621,0.0396798086130939,DOWN
Acc3_hypothalamus_GLP_1_MK_801,3,hypothalamus,GLP_1_MK_801,GSE244607,gene_name,Ano2,ANO2,1.526485472407613,0.039985932205504,UP
Acc3_hypothalamus_GLP_1_MK_801,3,hypothalamus,GLP_1_MK_801,GSE244607,gene_name,Gm44644,GM44644,-0.6835203369769919,0.0400114244596467,DOWN
Acc3_hypothalamus_GLP_1_MK_801,3,hypothalamus,GLP_1_MK_801,GSE244607,gene_name,1700102p08rik,1700102P08RIK,-0.5505451535244577,0.0402067217697418,DOWN
Acc3_hypothalamus_GLP_1_MK_801,3,hypothalamus,GLP_1_MK_801,GSE244607,gene_name,U2af1l4,U2AF1L4,0.599039371239025,0.040862390623242,UP
Acc3_hypothalamus_GLP_1_MK_801,3,hypothalamus,GLP_1_MK_801,GSE244607,gene_name,Tlcd4,TLCD4,-0.571798213389204,0.0409051936143584,DOWN
Acc3_hypothalamus_GLP_1_MK_801,3,hypothalamus,GLP_1_MK_801,GSE244607,gene_name,Rab39,RAB39,-0.5275314172305079,0.0416191240851624,DOWN
Acc3_hypothalamus_GLP_1_MK_801,3,hypothalamus,GLP_1_MK_801,GSE244607,gene_name,Clca3a1,CLCA3A1,-0.6379375884662691,0.0417695632875999,DOWN
Acc3_hypothalamus_GLP_1_MK_801,3,hypothalamus,GLP_1_MK_801,GSE244607,gene_name,Cd46,CD46,-0.5008850993240874,0.0419826204891414,DOWN
Acc3_hypothalamus_GLP_1_MK_801,3,hypothalamus,GLP_1_MK_801,GSE244607,gene_name,Fcrlb,FCRLB,0.5557282019071792,0.042258149994153,UP
Acc3_hypothalamus_GLP_1_MK_801,3,hypothalamus,GLP_1_MK_801,GSE244607,gene_name,Cadm2,CADM2,-0.5627592491710325,0.0424355579627627,DOWN
Acc3_hypothalamus_GLP_1_MK_801,3,hypothalamus,GLP_1_MK_801,GSE244607,gene_name,Gm47982,GM47982,-0.8507773124278034,0.0424674948064454,DOWN
Acc3_hypothalamus_GLP_1_MK_801,3,hypothalamus,GLP_1_MK_801,GSE244607,gene_name,Cd248,CD248,0.5152816821877725,0.0425678993198175,UP
Acc3_hypothalamus_GLP_1_MK_801,3,hypothalamus,GLP_1_MK_801,GSE244607,gene_name,Far1os,FAR1OS,-0.5198247147025963,0.0431779054387765,DOWN
Acc3_hypothalamus_GLP_1_MK_801,3,hypothalamus,GLP_1_MK_801,GSE244607,gene_name,Rab39b,RAB39B,-0.6234469168637061,0.0433766552399975,DOWN
Acc3_hypothalamus_GLP_1_MK_801,3,hypothalamus,GLP_1_MK_801,GSE244607,gene_name,Gm17066,GM17066,-1.2379865174835472,0.043506847500836,DOWN
Acc3_hypothalamus_GLP_1_MK_801,3,hypothalamus,GLP_1_MK_801,GSE244607,gene_name,G630016g05rik,G630016G05RIK,0.7189590969426828,0.043506847500836,UP
Acc3_hypothalamus_GLP_1_MK_801,3,hypothalamus,GLP_1_MK_801,GSE244607,gene_name,Atp11c,ATP11C,-0.5780515537961738,0.044270920202866,DOWN
Acc3_hypothalamus_GLP_1_MK_801,3,hypothalamus,GLP_1_MK_801,GSE244607,gene_name,Gm49883,GM49883,-0.5214215273665225,0.044502123697872,DOWN
Acc3_hypothalamus_GLP_1_MK_801,3,hypothalamus,GLP_1_MK_801,GSE244607,gene_name,Arxes2,ARXES2,-0.766078700277161,0.0446518797290668,DOWN
Acc3_hypothalamus_GLP_1_MK_801,3,hypothalamus,GLP_1_MK_801,GSE244607,gene_name,Tmem82,TMEM82,0.6554494531155098,0.0460967613506215,UP
Acc3_hypothalamus_GLP_1_MK_801,3,hypothalamus,GLP_1_MK_801,GSE244607,gene_name,Gm5141,GM5141,-0.6696786225832865,0.0469772736450771,DOWN
Acc3_hypothalamus_GLP_1_MK_801,3,hypothalamus,GLP_1_MK_801,GSE244607,gene_name,9930017n22rik,9930017N22RIK,-0.5820609449727345,0.0470556261965531,DOWN
Acc3_hypothalamus_GLP_1_MK_801,3,hypothalamus,GLP_1_MK_801,GSE244607,gene_name,Fam241a,FAM241A,-0.6771606065195482,0.0474801557436809,DOWN
Acc3_hypothalamus_GLP_1_MK_801,3,hypothalamus,GLP_1_MK_801,GSE244607,gene_name,Gm10138,GM10138,0.6056488987497972,0.0480832633522548,UP
Acc3_hypothalamus_GLP_1_MK_801,3,hypothalamus,GLP_1_MK_801,GSE244607,gene_name,Zfp943,ZFP943,-0.615498084775793,0.0483266247523952,DOWN
Acc3_hypothalamus_GLP_1_MK_801,3,hypothalamus,GLP_1_MK_801,GSE244607,gene_name,Ac132288.1,AC132288.1,-0.5227528384265266,0.0483266247523952,DOWN
Acc3_hypothalamus_GLP_1_MK_801,3,hypothalamus,GLP_1_MK_801,GSE244607,gene_name,Gm16054,GM16054,-0.8617406974674005,0.048534609553598,DOWN
Acc3_hypothalamus_GLP_1_MK_801,3,hypothalamus,GLP_1_MK_801,GSE244607,gene_name,Gt(rosa)26sor,GT(ROSA)26SOR,-1.186620269235353,0.0490079192144511,DOWN
Acc3_hypothalamus_GLP_1_MK_801,3,hypothalamus,GLP_1_MK_801,GSE244607,gene_name,Zc3h11a,ZC3H11A,-0.6324904506773252,0.0491212101852217,DOWN
Acc3_hypothalamus_GLP_1_MK_801,3,hypothalamus,GLP_1_MK_801,GSE244607,gene_name,Gm37397,GM37397,-0.6386945155499725,0.049255542820799,DOWN
Acc3_hypothalamus_GLP_1_MK_801,3,hypothalamus,GLP_1_MK_801,GSE244607,gene_name,Gm6981,GM6981,0.5067107797593106,0.0493751600309186,UP
Acc3_hypothalamus_GLP_1_MK_801,3,hypothalamus,GLP_1_MK_801,GSE244607,gene_name,Gm36989,GM36989,-1.656140610321151,0.0495510266718797,DOWN
Acc3_hypothalamus_GLP_1_MK_801,3,hypothalamus,GLP_1_MK_801,GSE244607,gene_name,Gm17477,GM17477,-0.7658887997171518,0.0496643550473003,DOWN
Acc3_hypothalamus_GLP_1_MK_801,3,hypothalamus,GLP_1_MK_801,GSE244607,gene_name,Tmem196,TMEM196,-0.5803865733748472,0.0496643550473003,DOWN
Acc3_hypothalamus_GLP_1_MK_801,3,hypothalamus,GLP_1_MK_801,GSE244607,gene_name,Gabrg1,GABRG1,-0.5075636310187102,0.0496643550473003,DOWN
Acc3_hypothalamus_GLP_1_MK_801,3,hypothalamus,GLP_1_MK_801,GSE244607,gene_name,Tmem30a,TMEM30A,-0.5848592283763164,0.0497203184128989,DOWN
Acc3_hypothalamus_GLP_1_MK_801,3,hypothalamus,GLP_1_MK_801,GSE244607,gene_name,Ghrh,GHRH,0.5066416643881543,0.0499272146283246,UP
Acc3_hypothalamus_conjugate_2,3,hypothalamus,conjugate_2,GSE244607,gene_name,Hipk2,HIPK2,0.6339543068273942,3.376326842609526e-06,UP
Acc3_hypothalamus_conjugate_2,3,hypothalamus,conjugate_2,GSE244607,gene_name,Epha6,EPHA6,0.612077588029612,3.376326842609526e-06,UP
Acc3_hypothalamus_conjugate_2,3,hypothalamus,conjugate_2,GSE244607,gene_name,Dgki,DGKI,0.5276800099999963,3.376326842609526e-06,UP
Acc3_hypothalamus_conjugate_2,3,hypothalamus,conjugate_2,GSE244607,gene_name,Oprm1,OPRM1,0.6399517139853567,5.456385087566189e-06,UP
Acc3_hypothalamus_conjugate_2,3,hypothalamus,conjugate_2,GSE244607,gene_name,Kcnj6,KCNJ6,0.5061137018812915,2.397940970298361e-05,UP
Acc3_hypothalamus_conjugate_2,3,hypothalamus,conjugate_2,GSE244607,gene_name,A330074k22rik,A330074K22RIK,0.5185995861579387,3.422322740910885e-05,UP
Acc3_hypothalamus_conjugate_2,3,hypothalamus,conjugate_2,GSE244607,gene_name,Glra1,GLRA1,0.8121255211368861,4.244219929864711e-05,UP
Acc3_hypothalamus_conjugate_2,3,hypothalamus,conjugate_2,GSE244607,gene_name,Shc3,SHC3,0.7993394826280767,0.0001230546466294,UP
Acc3_hypothalamus_conjugate_2,3,hypothalamus,conjugate_2,GSE244607,gene_name,Gm44256,GM44256,-0.7646892359252258,0.0001877796667284,DOWN
Acc3_hypothalamus_conjugate_2,3,hypothalamus,conjugate_2,GSE244607,gene_name,Hspa1a,HSPA1A,-0.982091365383572,0.0002295576691359,DOWN
Acc3_hypothalamus_conjugate_2,3,hypothalamus,conjugate_2,GSE244607,gene_name,Gucy1a2,GUCY1A2,0.6501500731499619,0.0005884438162149,UP
Acc3_hypothalamus_conjugate_2,3,hypothalamus,conjugate_2,GSE244607,gene_name,5730405o15rik,5730405O15RIK,0.7565403899162471,0.0016598284029855,UP
Acc3_hypothalamus_conjugate_2,3,hypothalamus,conjugate_2,GSE244607,gene_name,Gm18609,GM18609,0.5926527822910088,0.0020762111902973,UP
Acc3_hypothalamus_conjugate_2,3,hypothalamus,conjugate_2,GSE244607,gene_name,Hspa1b,HSPA1B,-1.473845250635483,0.0030015455706626,DOWN
Acc3_hypothalamus_conjugate_2,3,hypothalamus,conjugate_2,GSE244607,gene_name,Exph5,EXPH5,0.8687733869842306,0.0040583405615641,UP
Acc3_hypothalamus_conjugate_2,3,hypothalamus,conjugate_2,GSE244607,gene_name,Kcna3,KCNA3,0.5262685660078289,0.0062074710328777,UP
Acc3_hypothalamus_conjugate_2,3,hypothalamus,conjugate_2,GSE244607,gene_name,Aff2,AFF2,0.5071483218764927,0.0062730882620443,UP
Acc3_hypothalamus_conjugate_2,3,hypothalamus,conjugate_2,GSE244607,gene_name,Fosl2,FOSL2,-0.5536401786736906,0.0085624566218937,DOWN
Acc3_hypothalamus_conjugate_2,3,hypothalamus,conjugate_2,GSE244607,gene_name,Ppara,PPARA,0.6633906944622072,0.009824468130596,UP
Acc3_hypothalamus_conjugate_2,3,hypothalamus,conjugate_2,GSE244607,gene_name,Gm10010,GM10010,0.7945206406017425,0.0140063304134501,UP
Acc3_hypothalamus_conjugate_2,3,hypothalamus,conjugate_2,GSE244607,gene_name,Map3k6,MAP3K6,0.7157996599899462,0.0153219295664636,UP
Acc3_hypothalamus_conjugate_2,3,hypothalamus,conjugate_2,GSE244607,gene_name,Hif3a,HIF3A,0.7064306087823286,0.0205439501721671,UP
Acc3_hypothalamus_conjugate_2,3,hypothalamus,conjugate_2,GSE244607,gene_name,Gm50152,GM50152,-0.554064226954612,0.0222459497510059,DOWN
Acc3_hypothalamus_conjugate_2,3,hypothalamus,conjugate_2,GSE244607,gene_name,Ctnna3,CTNNA3,0.6381479790051049,0.034515698689574,UP
Acc3_hypothalamus_conjugate_2,3,hypothalamus,conjugate_2,GSE244607,gene_name,Gm36995,GM36995,-0.5226222711419403,0.0454176594216928,DOWN
Acc3_hypothalamus_conjugate_2,3,hypothalamus,conjugate_2,GSE244607,gene_name,Maff,MAFF,-0.6423280720088571,0.0497344155554031,DOWN
Acc4_hypothalamus_Lira,4,hypothalamus,Lira,GSE190218,gene_name,Nwd2,NWD2,-1.88210314150124,0.0206089013436558,DOWN
Acc4_hypothalamus_PYY_Lira,4,hypothalamus,PYY_Lira,GSE190218,gene_name,Slc6a3,SLC6A3,6.525731218375194,0.0205443855534973,UP
Acc4_hypothalamus_PYY_Lira,4,hypothalamus,PYY_Lira,GSE190218,gene_name,Chrna3,CHRNA3,-2.9865438456443574,0.0205443855534973,DOWN
Acc4_hypothalamus_PYY_Lira,4,hypothalamus,PYY_Lira,GSE190218,gene_name,Trim54,TRIM54,-3.231784186230766,0.0354680000706726,DOWN
Acc5_arc_IP118_PY115,5,arc,IP118_PY115,GSE160802,ensembl,Arhgef3,ARHGEF3,0.5485842982379538,0.0022614617154432,UP
Acc5_arc_IP118_PY115,5,arc,IP118_PY115,GSE160802,ensembl,Hif3a,HIF3A,1.3404892738534002,0.0043071979549082,UP
Acc5_arc_IP118_PY115,5,arc,IP118_PY115,GSE160802,ensembl,Fgd3,FGD3,-0.6090256553481022,0.0043071979549082,DOWN
Acc5_arc_IP118_PY115,5,arc,IP118_PY115,GSE160802,ensembl,Wee1,WEE1,0.5842271174432864,0.0051742924190723,UP
Acc5_arc_IP118_PY115,5,arc,IP118_PY115,GSE160802,ensembl,F3,F3,0.5185212985358929,0.0062441933358479,UP
Acc5_arc_IP118_PY115,5,arc,IP118_PY115,GSE160802,ensembl,Tnfrsf11b,TNFRSF11B,-0.867173313453167,0.0087279796332992,DOWN
Acc5_arc_IP118_PY115,5,arc,IP118_PY115,GSE160802,ensembl,Zbtb16,ZBTB16,1.1839366225684416,0.0120177941037626,UP
Acc5_arc_IP118_PY115,5,arc,IP118_PY115,GSE160802,ensembl,Setdb2,SETDB2,1.1229981879253454,0.0124668159506677,UP
Acc5_arc_IP118_PY115,5,arc,IP118_PY115,GSE160802,ensembl,Mertk,MERTK,0.6590232760243064,0.0124668159506677,UP
Acc5_arc_IP118_PY115,5,arc,IP118_PY115,GSE160802,ensembl,Cdkn1a,CDKN1A,1.2196699924152254,0.0157214506287023,UP
Acc5_arc_IP118_PY115,5,arc,IP118_PY115,GSE160802,ensembl,Foxo6,FOXO6,-0.6441259683347638,0.020437282869425,DOWN
Acc5_arc_IP118_PY115,5,arc,IP118_PY115,GSE160802,ensembl,Cyp4v3,CYP4V3,0.7045450618319077,0.02056212126579,UP
Acc5_arc_IP118_PY115,5,arc,IP118_PY115,GSE160802,ensembl,Trim15,TRIM15,1.3018122856384742,0.0208251000762857,UP
Acc5_arc_IP118_PY115,5,arc,IP118_PY115,GSE160802,ensembl,Fosl2,FOSL2,0.8518583211636914,0.0235804211336106,UP
Acc5_arc_IP118_PY115,5,arc,IP118_PY115,GSE160802,ensembl,Fam107b,FAM107B,0.6186959402297776,0.0235804211336106,UP
Acc5_arc_IP118_PY115,5,arc,IP118_PY115,GSE160802,ensembl,Klf15,KLF15,0.5092474524395562,0.0235804211336106,UP
Acc5_arc_IP118_PY115,5,arc,IP118_PY115,GSE160802,ensembl,Kcng1,KCNG1,-0.5775703433003693,0.0251254823002243,DOWN
Acc5_arc_IP118_PY115,5,arc,IP118_PY115,GSE160802,ensembl,Socs3,SOCS3,-0.6497264032166647,0.0412672694059521,DOWN
Acc5_arc_IP118_PY115,5,arc,IP118_PY115,GSE160802,ensembl,Ctla2a,CTLA2A,0.904074722210389,0.0417419277577698,UP
Acc5_arc_IP118_PY115,5,arc,IP118_PY115,GSE160802,ensembl,Arl4d,ARL4D,1.252298898858489,0.043902904110856,UP
Acc5_nts_IP118_PY115,5,nts,IP118_PY115,GSE160802,ensembl,Map3k6,MAP3K6,0.9979352954828928,0.0005817116491106,UP
Acc5_nts_IP118_PY115,5,nts,IP118_PY115,GSE160802,ensembl,Arrdc2,ARRDC2,1.0665975282324371,0.0018990985568403,UP
Acc5_nts_IP118_PY115,5,nts,IP118_PY115,GSE160802,ensembl,Mertk,MERTK,0.7201266751386312,0.0018990985568403,UP
Acc5_nts_IP118_PY115,5,nts,IP118_PY115,GSE160802,ensembl,F3,F3,0.5480252452308263,0.0018990985568403,UP
Acc5_nts_IP118_PY115,5,nts,IP118_PY115,GSE160802,ensembl,Slc2a1,SLC2A1,0.5338352128054018,0.0018990985568403,UP
Acc5_nts_IP118_PY115,5,nts,IP118_PY115,GSE160802,ensembl,Nr4a1,NR4A1,1.3774697752205116,0.0029406894935265,UP
Acc5_nts_IP118_PY115,5,nts,IP118_PY115,GSE160802,ensembl,Tnfrsf12a,TNFRSF12A,0.8940387512162301,0.0029406894935265,UP
Acc5_nts_IP118_PY115,5,nts,IP118_PY115,GSE160802,ensembl,Rhou,RHOU,0.6739020295098507,0.0029406894935265,UP
Acc5_nts_IP118_PY115,5,nts,IP118_PY115,GSE160802,ensembl,Rasl11a,RASL11A,1.079917397658469,0.0038858764757622,UP
Acc5_nts_IP118_PY115,5,nts,IP118_PY115,GSE160802,ensembl,Egr4,EGR4,2.4407677003448778,0.004284900080143,UP
Acc5_nts_IP118_PY115,5,nts,IP118_PY115,GSE160802,ensembl,Hif3a,HIF3A,0.9862538593712664,0.0047874068220904,UP
Acc5_nts_IP118_PY115,5,nts,IP118_PY115,GSE160802,ensembl,Ptgs2,PTGS2,1.9590042792002451,0.0052783508834512,UP
Acc5_nts_IP118_PY115,5,nts,IP118_PY115,GSE160802,ensembl,Nrros,NRROS,0.8861867901404199,0.0052783508834512,UP
Acc5_nts_IP118_PY115,5,nts,IP118_PY115,GSE160802,ensembl,Junb,JUNB,1.3115882528266796,0.0080548489377088,UP
Acc5_nts_IP118_PY115,5,nts,IP118_PY115,GSE160802,ensembl,Islr2,ISLR2,1.2127708739432583,0.0092660286161282,UP
Acc5_nts_IP118_PY115,5,nts,IP118_PY115,GSE160802,ensembl,Btg2,BTG2,0.6366392272447687,0.0099564334420279,UP
Acc5_nts_IP118_PY115,5,nts,IP118_PY115,GSE160802,ensembl,Castor1,CASTOR1,0.5080336218632001,0.0103143237129353,UP
Acc5_nts_IP118_PY115,5,nts,IP118_PY115,GSE160802,ensembl,Gm13889,GM13889,1.1157031905628805,0.0125547367809049,UP
Acc5_nts_IP118_PY115,5,nts,IP118_PY115,GSE160802,ensembl,Cdkn1a,CDKN1A,1.4841157029056762,0.0159645738804752,UP
Acc5_nts_IP118_PY115,5,nts,IP118_PY115,GSE160802,ensembl,Fzd10,FZD10,-1.0184063084345816,0.0159645738804752,DOWN
Acc5_nts_IP118_PY115,5,nts,IP118_PY115,GSE160802,ensembl,Cebpd,CEBPD,0.7728915612673121,0.0170189498439532,UP
Acc5_nts_IP118_PY115,5,nts,IP118_PY115,GSE160802,ensembl,Tent5a,TENT5A,0.7830007185177369,0.0176398552801624,UP
Acc5_nts_IP118_PY115,5,nts,IP118_PY115,GSE160802,ensembl,Mfsd2a,MFSD2A,0.7583320921612778,0.0176398552801624,UP
Acc5_nts_IP118_PY115,5,nts,IP118_PY115,GSE160802,ensembl,Il1r1,IL1R1,0.9566349688348372,0.0184469083727497,UP
Acc5_nts_IP118_PY115,5,nts,IP118_PY115,GSE160802,ensembl,Fosl2,FOSL2,1.9129599705195568,0.0185144107432648,UP
Acc5_nts_IP118_PY115,5,nts,IP118_PY115,GSE160802,ensembl,Nr4a3,NR4A3,1.1494804028903285,0.0185144107432648,UP
Acc5_nts_IP118_PY115,5,nts,IP118_PY115,GSE160802,ensembl,Sertad1,SERTAD1,0.6969311291273081,0.0185144107432648,UP
Acc5_nts_IP118_PY115,5,nts,IP118_PY115,GSE160802,ensembl,Net1,NET1,0.583734513077868,0.0185144107432648,UP
Acc5_nts_IP118_PY115,5,nts,IP118_PY115,GSE160802,ensembl,Fkbp5,FKBP5,0.576010445373941,0.0185144107432648,UP
Acc5_nts_IP118_PY115,5,nts,IP118_PY115,GSE160802,ensembl,Usp2,USP2,0.5060959204089162,0.0185144107432648,UP
Acc5_nts_IP118_PY115,5,nts,IP118_PY115,GSE160802,ensembl,Csrnp1,CSRNP1,0.8804935050556976,0.0195656794138722,UP
Acc5_nts_IP118_PY115,5,nts,IP118_PY115,GSE160802,ensembl,Smim3,SMIM3,0.631666187791977,0.0240649300779319,UP
Acc5_nts_IP118_PY115,5,nts,IP118_PY115,GSE160802,ensembl,Nptx2,NPTX2,1.3523469442702056,0.0244714198511889,UP
Acc5_nts_IP118_PY115,5,nts,IP118_PY115,GSE160802,ensembl,Rrad,RRAD,1.8984354568616324,0.0281280639743086,UP
Acc5_nts_IP118_PY115,5,nts,IP118_PY115,GSE160802,ensembl,Tsc22d3,TSC22D3,0.6209165283182431,0.030776903932793,UP
Acc5_nts_IP118_PY115,5,nts,IP118_PY115,GSE160802,ensembl,Dusp14,DUSP14,0.5541066423439549,0.030776903932793,UP
Acc5_nts_IP118_PY115,5,nts,IP118_PY115,GSE160802,ensembl,Plekho2,PLEKHO2,-0.5382976287400971,0.0360209735701398,DOWN
Acc5_nts_IP118_PY115,5,nts,IP118_PY115,GSE160802,ensembl,Nostrin,NOSTRIN,0.6455241576968477,0.0427242366260971,UP
Acc5_nts_IP118_PY115,5,nts,IP118_PY115,GSE160802,ensembl,Slc2a10,SLC2A10,-0.8067618887486353,0.0456707579982065,DOWN
Acc5_nts_IP118_PY115,5,nts,IP118_PY115,GSE160802,ensembl,Gpr3,GPR3,1.1566150011588805,0.0460838044598167,UP
Acc5_nts_IP118_PY115,5,nts,IP118_PY115,GSE160802,ensembl,Fos,FOS,1.5129362046143422,0.0468252449143695,UP
Acc5_nts_IP118_PY115,5,nts,IP118_PY115,GSE160802,ensembl,Sult1a1,SULT1A1,0.8615208856024891,0.049288105582861,UP
Acc5_pvn_IP118_PY115,5,pvn,IP118_PY115,GSE160802,ensembl,Prss23,PRSS23,0.979194606810205,2.0218938300968866e-08,UP
Acc5_pvn_IP118_PY115,5,pvn,IP118_PY115,GSE160802,ensembl,Tmem200a,TMEM200A,0.678644933574419,1.6433138268417265e-06,UP
Acc5_pvn_IP118_PY115,5,pvn,IP118_PY115,GSE160802,ensembl,Kcnv1,KCNV1,0.8461314694263015,3.979530206874033e-06,UP
Acc5_pvn_IP118_PY115,5,pvn,IP118_PY115,GSE160802,ensembl,Orc1,ORC1,2.5912930513871486,8.054905622800551e-06,UP
Acc5_pvn_IP118_PY115,5,pvn,IP118_PY115,GSE160802,ensembl,Igfbp3,IGFBP3,0.7805765205205213,1.260672829828902e-05,UP
Acc5_pvn_IP118_PY115,5,pvn,IP118_PY115,GSE160802,ensembl,Zbtb16,ZBTB16,1.1594731060946444,2.617570604431246e-05,UP
Acc5_pvn_IP118_PY115,5,pvn,IP118_PY115,GSE160802,ensembl,Atp10a,ATP10A,0.653923994428714,2.617570604431246e-05,UP
Acc5_pvn_IP118_PY115,5,pvn,IP118_PY115,GSE160802,ensembl,Bcl6,BCL6,0.8538498161145122,4.965483559757429e-05,UP
Acc5_pvn_IP118_PY115,5,pvn,IP118_PY115,GSE160802,ensembl,Tbc1d8b,TBC1D8B,0.946365445293144,0.0002274676451515,UP
Acc5_pvn_IP118_PY115,5,pvn,IP118_PY115,GSE160802,ensembl,Cyp51,CYP51,0.5472369123441241,0.0002506904168305,UP
Acc5_pvn_IP118_PY115,5,pvn,IP118_PY115,GSE160802,ensembl,Map3k6,MAP3K6,0.908600087696785,0.0002915104782741,UP
Acc5_pvn_IP118_PY115,5,pvn,IP118_PY115,GSE160802,ensembl,Stk38l,STK38L,0.5641598598928745,0.0002915104782741,UP
Acc5_pvn_IP118_PY115,5,pvn,IP118_PY115,GSE160802,ensembl,Hs3st2,HS3ST2,1.9593771716408168,0.0004417011803651,UP
Acc5_pvn_IP118_PY115,5,pvn,IP118_PY115,GSE160802,ensembl,Akap7,AKAP7,0.610486906219134,0.0004876786752364,UP
Acc5_pvn_IP118_PY115,5,pvn,IP118_PY115,GSE160802,ensembl,Setx,SETX,0.5146470486235808,0.0004876786752364,UP
Acc5_pvn_IP118_PY115,5,pvn,IP118_PY115,GSE160802,ensembl,N4bp2l1,N4BP2L1,0.523581105886073,0.0005017019820892,UP
Acc5_pvn_IP118_PY115,5,pvn,IP118_PY115,GSE160802,ensembl,Zfp516,ZFP516,0.7157295547860385,0.0005584744467603,UP
Acc5_pvn_IP118_PY115,5,pvn,IP118_PY115,GSE160802,ensembl,Edn3,EDN3,0.8076240485033346,0.0007968252430466,UP
Acc5_pvn_IP118_PY115,5,pvn,IP118_PY115,GSE160802,ensembl,Nptx2,NPTX2,1.3746956272620354,0.0009443196589287,UP
Acc5_pvn_IP118_PY115,5,pvn,IP118_PY115,GSE160802,ensembl,Cracdl,CRACDL,0.6952202995662566,0.001036476160828,UP
Acc5_pvn_IP118_PY115,5,pvn,IP118_PY115,GSE160802,ensembl,Fkbp5,FKBP5,0.6543317624357061,0.0010747245190544,UP
Acc5_pvn_IP118_PY115,5,pvn,IP118_PY115,GSE160802,ensembl,Paqr5,PAQR5,0.7115804090109151,0.001108481427165,UP
Acc5_pvn_IP118_PY115,5,pvn,IP118_PY115,GSE160802,ensembl,Fam107b,FAM107B,1.2616303389225236,0.0012439971717833,UP
Acc5_pvn_IP118_PY115,5,pvn,IP118_PY115,GSE160802,ensembl,Ercc5,ERCC5,0.5046952203665582,0.0012439971717833,UP
Acc5_pvn_IP118_PY115,5,pvn,IP118_PY115,GSE160802,ensembl,Plekho2,PLEKHO2,-0.6418758046135085,0.0018162234617636,DOWN
Acc5_pvn_IP118_PY115,5,pvn,IP118_PY115,GSE160802,ensembl,Gimap6,GIMAP6,0.599356720734892,0.0018162234617636,UP
Acc5_pvn_IP118_PY115,5,pvn,IP118_PY115,GSE160802,ensembl,Epha2,EPHA2,1.3651471463109477,0.0020134502114636,UP
Acc5_pvn_IP118_PY115,5,pvn,IP118_PY115,GSE160802,ensembl,Rasl11b,RASL11B,1.013925537011627,0.0020134502114636,UP
Acc5_pvn_IP118_PY115,5,pvn,IP118_PY115,GSE160802,ensembl,Cdh6,CDH6,0.9060603228319046,0.0020134502114636,UP
Acc5_pvn_IP118_PY115,5,pvn,IP118_PY115,GSE160802,ensembl,Ghsr,GHSR,0.6886637880523995,0.0020134502114636,UP
Acc5_pvn_IP118_PY115,5,pvn,IP118_PY115,GSE160802,ensembl,Srxn1,SRXN1,0.8737673881194548,0.0020957198407511,UP
Acc5_pvn_IP118_PY115,5,pvn,IP118_PY115,GSE160802,ensembl,Fam117a,FAM117A,0.8733610368974736,0.0022243801807722,UP
Acc5_pvn_IP118_PY115,5,pvn,IP118_PY115,GSE160802,ensembl,Ccn2,CCN2,1.2662196543419812,0.0027731084585252,UP
Acc5_pvn_IP118_PY115,5,pvn,IP118_PY115,GSE160802,ensembl,Foxb1,FOXB1,-0.8629698007561438,0.0027731084585252,DOWN
Acc5_pvn_IP118_PY115,5,pvn,IP118_PY115,GSE160802,ensembl,Ism1,ISM1,0.8057562874781646,0.0027731084585252,UP
Acc5_pvn_IP118_PY115,5,pvn,IP118_PY115,GSE160802,ensembl,Inka2,INKA2,-0.6874537218584356,0.0027731084585252,DOWN
Acc5_pvn_IP118_PY115,5,pvn,IP118_PY115,GSE160802,ensembl,Ephb3,EPHB3,-0.6456661930664719,0.0027731084585252,DOWN
Acc5_pvn_IP118_PY115,5,pvn,IP118_PY115,GSE160802,ensembl,Saxo6,SAXO6,0.640463098448512,0.0034622618453399,UP
Acc5_pvn_IP118_PY115,5,pvn,IP118_PY115,GSE160802,ensembl,Neurod2,NEUROD2,-0.7320504612288371,0.0035513374599755,DOWN
Acc5_pvn_IP118_PY115,5,pvn,IP118_PY115,GSE160802,ensembl,Tpmt,TPMT,0.6537749595757335,0.0037397281290781,UP
Acc5_pvn_IP118_PY115,5,pvn,IP118_PY115,GSE160802,ensembl,Fam43a,FAM43A,0.7248447484295772,0.0040346794366465,UP
Acc5_pvn_IP118_PY115,5,pvn,IP118_PY115,GSE160802,ensembl,Nmbr,NMBR,0.8331243428108843,0.00468616566004,UP
Acc5_pvn_IP118_PY115,5,pvn,IP118_PY115,GSE160802,ensembl,Arl4d,ARL4D,0.9712620371156342,0.0051106896028686,UP
Acc5_pvn_IP118_PY115,5,pvn,IP118_PY115,GSE160802,ensembl,Kcnf1,KCNF1,0.5354618420611205,0.0054759692042481,UP
Acc5_pvn_IP118_PY115,5,pvn,IP118_PY115,GSE160802,ensembl,Lrrc17,LRRC17,2.4114648534934893,0.0057361476001859,UP
Acc5_pvn_IP118_PY115,5,pvn,IP118_PY115,GSE160802,ensembl,Slc10a6,SLC10A6,1.2273712635450351,0.0061273083275995,UP
Acc5_pvn_IP118_PY115,5,pvn,IP118_PY115,GSE160802,ensembl,Prdm8,PRDM8,0.6234113262012951,0.0068664915550158,UP
Acc5_pvn_IP118_PY115,5,pvn,IP118_PY115,GSE160802,ensembl,Errfi1,ERRFI1,0.5286762552620632,0.0072944399465293,UP
Acc5_pvn_IP118_PY115,5,pvn,IP118_PY115,GSE160802,ensembl,Il6ra,IL6RA,0.8061502750046295,0.0079401041900032,UP
Acc5_pvn_IP118_PY115,5,pvn,IP118_PY115,GSE160802,ensembl,Arhgef3,ARHGEF3,0.5200444377325586,0.0079401041900032,UP
Acc5_pvn_IP118_PY115,5,pvn,IP118_PY115,GSE160802,ensembl,Apobec1,APOBEC1,0.9119992108788592,0.0084365439148922,UP
Acc5_pvn_IP118_PY115,5,pvn,IP118_PY115,GSE160802,ensembl,Lancl3,LANCL3,0.5018389145158607,0.0093629929485937,UP
Acc5_pvn_IP118_PY115,5,pvn,IP118_PY115,GSE160802,ensembl,Irak3,IRAK3,1.3752182984546235,0.0098318623204767,UP
Acc5_pvn_IP118_PY115,5,pvn,IP118_PY115,GSE160802,ensembl,Scrt2,SCRT2,0.7498319504684983,0.0098318623204767,UP
Acc5_pvn_IP118_PY115,5,pvn,IP118_PY115,GSE160802,ensembl,St3gal1,ST3GAL1,0.5863793332128603,0.0102167222774153,UP
Acc5_pvn_IP118_PY115,5,pvn,IP118_PY115,GSE160802,ensembl,Kdm1b,KDM1B,0.5772347441624428,0.0116485491140774,UP
Acc5_pvn_IP118_PY115,5,pvn,IP118_PY115,GSE160802,ensembl,Pnpla3,PNPLA3,-0.6293601657264676,0.0123104819905376,DOWN
Acc5_pvn_IP118_PY115,5,pvn,IP118_PY115,GSE160802,ensembl,Arc,ARC,1.073431454642806,0.0131826532800675,UP
Acc5_pvn_IP118_PY115,5,pvn,IP118_PY115,GSE160802,ensembl,Net1,NET1,0.5907808186616815,0.0140884713098713,UP
Acc5_pvn_IP118_PY115,5,pvn,IP118_PY115,GSE160802,ensembl,Cdkn1a,CDKN1A,1.4819677804759148,0.0146208748772318,UP
Acc5_pvn_IP118_PY115,5,pvn,IP118_PY115,GSE160802,ensembl,Agtr1a,AGTR1A,0.6290043572310609,0.0152007962944714,UP
Acc5_pvn_IP118_PY115,5,pvn,IP118_PY115,GSE160802,ensembl,Kcng2,KCNG2,0.5657173348385837,0.0166541450599993,UP
Acc5_pvn_IP118_PY115,5,pvn,IP118_PY115,GSE160802,ensembl,F2r,F2R,0.5499134706061177,0.0167062785980882,UP
Acc5_pvn_IP118_PY115,5,pvn,IP118_PY115,GSE160802,ensembl,Galnt15,GALNT15,0.6285097642716405,0.0169032815142685,UP
Acc5_pvn_IP118_PY115,5,pvn,IP118_PY115,GSE160802,ensembl,Sv2c,SV2C,0.62956555806686,0.0175926279568366,UP
Acc5_pvn_IP118_PY115,5,pvn,IP118_PY115,GSE160802,ensembl,Maff,MAFF,1.1926144722242298,0.0176401375278702,UP
Acc5_pvn_IP118_PY115,5,pvn,IP118_PY115,GSE160802,ensembl,Avpr1b,AVPR1B,1.026566567217748,0.0180555937866682,UP
Acc5_pvn_IP118_PY115,5,pvn,IP118_PY115,GSE160802,ensembl,Sox2,SOX2,-0.5919778762455382,0.01999493543008,DOWN
Acc5_pvn_IP118_PY115,5,pvn,IP118_PY115,GSE160802,ensembl,Wnt7a,WNT7A,-0.8398791079045826,0.0209628281565266,DOWN
Acc5_pvn_IP118_PY115,5,pvn,IP118_PY115,GSE160802,ensembl,Ano5,ANO5,-0.680510133266705,0.0243223688721615,DOWN
Acc5_pvn_IP118_PY115,5,pvn,IP118_PY115,GSE160802,ensembl,Tekt4,TEKT4,0.8433772830353379,0.0248157114866786,UP
Acc5_pvn_IP118_PY115,5,pvn,IP118_PY115,GSE160802,ensembl,Rnf169,RNF169,0.6486536998564696,0.0276580769910989,UP
Acc5_pvn_IP118_PY115,5,pvn,IP118_PY115,GSE160802,ensembl,Pou3f4,POU3F4,-0.588021613643993,0.0276580769910989,DOWN
Acc5_pvn_IP118_PY115,5,pvn,IP118_PY115,GSE160802,ensembl,B4galt1,B4GALT1,0.5738293781846219,0.0276580769910989,UP
Acc5_pvn_IP118_PY115,5,pvn,IP118_PY115,GSE160802,ensembl,Crispld1,CRISPLD1,0.5081542137231845,0.0276580769910989,UP
Acc5_pvn_IP118_PY115,5,pvn,IP118_PY115,GSE160802,ensembl,Acer2,ACER2,0.5797361375181971,0.0278245644122943,UP
Acc5_pvn_IP118_PY115,5,pvn,IP118_PY115,GSE160802,ensembl,Cxcl2,CXCL2,2.4591768463347976,0.0334332544708632,UP
Acc5_pvn_IP118_PY115,5,pvn,IP118_PY115,GSE160802,ensembl,Klf5,KLF5,0.7305271761478136,0.0334332544708632,UP
Acc5_pvn_IP118_PY115,5,pvn,IP118_PY115,GSE160802,ensembl,Diras2,DIRAS2,-0.5144964887449586,0.0353186860604741,DOWN
Acc5_pvn_IP118_PY115,5,pvn,IP118_PY115,GSE160802,ensembl,Fosb,FOSB,1.745229956588727,0.0355196410494673,UP
Acc5_pvn_IP118_PY115,5,pvn,IP118_PY115,GSE160802,ensembl,Gpr22,GPR22,-0.5080515286309127,0.0370147456913565,DOWN
Acc5_pvn_IP118_PY115,5,pvn,IP118_PY115,GSE160802,ensembl,Fgf7,FGF7,0.7116328360135442,0.0394800970025205,UP
Acc5_pvn_IP118_PY115,5,pvn,IP118_PY115,GSE160802,ensembl,Gpd1,GPD1,0.6960830351066285,0.0394800970025205,UP
Acc5_pvn_IP118_PY115,5,pvn,IP118_PY115,GSE160802,ensembl,Adap2,ADAP2,0.637552228528279,0.0398379314875492,UP
Acc5_pvn_IP118_PY115,5,pvn,IP118_PY115,GSE160802,ensembl,Lonrf3,LONRF3,0.5360864333103621,0.0403207593855752,UP
Acc5_pvn_IP118_PY115,5,pvn,IP118_PY115,GSE160802,ensembl,Ammecr1,AMMECR1,0.6140191431731723,0.0409671734313152,UP
Acc5_pvn_IP118_PY115,5,pvn,IP118_PY115,GSE160802,ensembl,Slc2a1,SLC2A1,0.5319926422779415,0.0431753348948774,UP
Acc5_pvn_IP118_PY115,5,pvn,IP118_PY115,GSE160802,ensembl,Nfkbiz,NFKBIZ,0.6032759530569559,0.0450099068175906,UP
Acc5_pvn_IP118_PY115,5,pvn,IP118_PY115,GSE160802,ensembl,Epha8,EPHA8,-0.7171691283856569,0.047276565242981,DOWN
Acc5_pvn_IP118_PY115,5,pvn,IP118_PY115,GSE160802,ensembl,Fezf1,FEZF1,0.622906270471515,0.047276565242981,UP
Acc6_dvc_AC3174,6,dvc,AC3174,GSE135862,ensembl,Ripk1,RIPK1,-10.09096628729614,0.0004061541077439,DOWN
Acc6_dvc_AC3174,6,dvc,AC3174,GSE135862,ensembl,Itpr3,ITPR3,-10.074276687836418,0.0007379563713289,DOWN
Acc6_dvc_AC3174,6,dvc,AC3174,GSE135862,ensembl,Zfp385c,ZFP385C,6.407215773945922,0.0007379563713289,UP
Acc6_dvc_AC3174,6,dvc,AC3174,GSE135862,ensembl,Slc5a11,SLC5A11,-43.28070939472687,0.0015514439430135,DOWN
Acc6_dvc_AC3174,6,dvc,AC3174,GSE135862,ensembl,Nadk2,NADK2,1.3974127682885773,0.0026716915164871,UP
Acc6_dvc_AC3174,6,dvc,AC3174,GSE135862,ensembl,Poli,POLI,-2.9460756321806443,0.0032111939060939,DOWN
Acc6_dvc_AC3174,6,dvc,AC3174,GSE135862,ensembl,Xkr8,XKR8,4.947200598517058,0.0035042515010514,UP
Acc6_dvc_AC3174,6,dvc,AC3174,GSE135862,ensembl,Lrrk1,LRRK1,10.592105779171082,0.0051618489163919,UP
Acc6_dvc_AC3174,6,dvc,AC3174,GSE135862,ensembl,Gm9917,GM9917,-7.016259276471629,0.0053975946628206,DOWN
Acc6_dvc_AC3174,6,dvc,AC3174,GSE135862,ensembl,Ppp1r17,PPP1R17,10.5974762708402,0.0057681913852083,UP
Acc6_dvc_AC3174,6,dvc,AC3174,GSE135862,ensembl,Ccn1,CCN1,9.546252512622068,0.0094930625675194,UP
Acc6_dvc_AC3174,6,dvc,AC3174,GSE135862,ensembl,Mapk14,MAPK14,1.300077265844556,0.0112558781450972,UP
Acc6_dvc_AC3174,6,dvc,AC3174,GSE135862,ensembl,A630076j17rik,A630076J17RIK,-6.501425649476066,0.0115738746493447,DOWN
Acc6_dvc_AC3174,6,dvc,AC3174,GSE135862,ensembl,Pcdh15,PCDH15,-2.9107628836250394,0.0234847115160895,DOWN
Acc6_dvc_AC3174,6,dvc,AC3174,GSE135862,ensembl,Jsrp1,JSRP1,-9.40500023404446,0.025170200428009,DOWN
Acc6_dvc_AC3174,6,dvc,AC3174,GSE135862,ensembl,Fam167a,FAM167A,9.205600803704389,0.034731819051681,UP
Acc6_dvc_AC3174,6,dvc,AC3174,GSE135862,ensembl,Slc10a4-ps,SLC10A4-PS,6.744809588468569,0.0492314801765641,UP
Acc6_dvc_AC710222,6,dvc,AC710222,GSE135862,ensembl,Ripk4,RIPK4,16.377188577347972,6.954856616518813e-05,UP
Acc6_dvc_AC710222,6,dvc,AC710222,GSE135862,ensembl,Hmgcll1,HMGCLL1,-1.6919208980377791,6.954856616518813e-05,DOWN
Acc6_dvc_AC710222,6,dvc,AC710222,GSE135862,ensembl,Tmem132c,TMEM132C,-8.57594912490924,0.0003229980337598,DOWN
Acc6_dvc_AC710222,6,dvc,AC710222,GSE135862,ensembl,Itpr3,ITPR3,-7.787179378440488,0.0003972268880363,DOWN
Acc6_dvc_AC710222,6,dvc,AC710222,GSE135862,ensembl,Zfp385c,ZFP385C,6.0836159432608,0.0019005990581632,UP
Acc6_dvc_AC710222,6,dvc,AC710222,GSE135862,ensembl,Ccn1,CCN1,10.02279752854774,0.0060668485423462,UP
Acc6_dvc_AC710222,6,dvc,AC710222,GSE135862,ensembl,Serpina9,SERPINA9,-7.516410062958008,0.0109921001906606,DOWN
Acc6_dvc_AC710222,6,dvc,AC710222,GSE135862,ensembl,Vps26a,VPS26A,0.5760024895680684,0.0149229174931275,UP
Acc6_dvc_AC710222,6,dvc,AC710222,GSE135862,ensembl,Slc25a24,SLC25A24,5.170719440860698,0.021659644632459,UP
Acc6_dvc_AC710222,6,dvc,AC710222,GSE135862,ensembl,Rad9b,RAD9B,10.35884028770247,0.0330421380530738,UP
Acc6_dvc_AC710222,6,dvc,AC710222,GSE135862,ensembl,Xkr8,XKR8,4.392526380429323,0.0330421380530738,UP
Acc6_dvc_AC710222,6,dvc,AC710222,GSE135862,ensembl,Styxl1,STYXL1,-5.900947635521525,0.0465657847596072,DOWN
Acc6_dvc_AC710222,6,dvc,AC710222,GSE135862,ensembl,Fam167a,FAM167A,9.09293074718822,0.0479341097238329,UP
Acc6_dvc_AC710222,6,dvc,AC710222,GSE135862,ensembl,Slc10a4-ps,SLC10A4-PS,6.8215941001971725,0.0479341097238329,UP
Acc6_dvc_AC710222,6,dvc,AC710222,GSE135862,ensembl,Tmem266,TMEM266,4.441734406055023,0.0479341097238329,UP
Acc6_dvc_COMBO,6,dvc,COMBO,GSE135862,ensembl,Tnc,TNC,-43.2808512266689,9.379798815635244e-25,DOWN
Acc6_dvc_COMBO,6,dvc,COMBO,GSE135862,ensembl,Ripk4,RIPK4,24.582666184404697,4.317310906910265e-14,UP
Acc6_dvc_COMBO,6,dvc,COMBO,GSE135862,ensembl,Sulf1,SULF1,-7.933321819674988,1.7170306773530646e-07,DOWN
Acc6_dvc_COMBO,6,dvc,COMBO,GSE135862,ensembl,Zfp385c,ZFP385C,7.504345557741649,2.78935343130492e-06,UP
Acc6_dvc_COMBO,6,dvc,COMBO,GSE135862,ensembl,Gm26691,GM26691,-2.9893444169901446,1.1370589964732188e-05,DOWN
Acc6_dvc_COMBO,6,dvc,COMBO,GSE135862,ensembl,Slc5a11,SLC5A11,-43.2808512266689,2.1512036916677997e-05,DOWN
Acc6_dvc_COMBO,6,dvc,COMBO,GSE135862,ensembl,Lyn,LYN,-8.158294778548536,5.642258614537728e-05,DOWN
Acc6_dvc_COMBO,6,dvc,COMBO,GSE135862,ensembl,Xkr8,XKR8,5.511012649949676,0.0001564080346721,UP
Acc6_dvc_COMBO,6,dvc,COMBO,GSE135862,ensembl,Au041133,AU041133,2.94091752661271,0.0001740581857397,UP
Acc6_dvc_COMBO,6,dvc,COMBO,GSE135862,ensembl,Ppp1r17,PPP1R17,11.803622114977014,0.0003710152513004,UP
Acc6_dvc_COMBO,6,dvc,COMBO,GSE135862,ensembl,Ccn1,CCN1,10.764367676595748,0.0005064410164385,UP
Acc6_dvc_COMBO,6,dvc,COMBO,GSE135862,ensembl,Phf2,PHF2,-2.095538749677172,0.000607331830485,DOWN
Acc6_dvc_COMBO,6,dvc,COMBO,GSE135862,ensembl,Clcn7,CLCN7,-1.5001387117238831,0.0006271983989773,DOWN
Acc6_dvc_COMBO,6,dvc,COMBO,GSE135862,ensembl,Alox12b,ALOX12B,-10.065304434718207,0.0006364737374026,DOWN
Acc6_dvc_COMBO,6,dvc,COMBO,GSE135862,ensembl,Nadk2,NADK2,1.4077547514019637,0.0007233090563707,UP
Acc6_dvc_COMBO,6,dvc,COMBO,GSE135862,ensembl,Pnn,PNN,-0.9522242773985188,0.0078740017600474,DOWN
Acc6_dvc_COMBO,6,dvc,COMBO,GSE135862,ensembl,L1cam,L1CAM,-1.5267954793672298,0.008909052407002,DOWN
Acc6_dvc_COMBO,6,dvc,COMBO,GSE135862,ensembl,Lnx1,LNX1,-2.2248471487853902,0.0093505978631664,DOWN
Acc6_dvc_COMBO,6,dvc,COMBO,GSE135862,ensembl,Cnih2,CNIH2,0.6764281984741085,0.0094791584541792,UP
Acc6_dvc_COMBO,6,dvc,COMBO,GSE135862,ensembl,Serpina9,SERPINA9,-7.305626369839295,0.0110564539144964,DOWN
Acc6_dvc_COMBO,6,dvc,COMBO,GSE135862,ensembl,Vipr2,VIPR2,-11.087898875952906,0.0136784649983022,DOWN
Acc6_dvc_COMBO,6,dvc,COMBO,GSE135862,ensembl,Fam167a,FAM167A,9.428694252170663,0.0154764117026112,UP
Acc6_dvc_COMBO,6,dvc,COMBO,GSE135862,ensembl,Tmem266,TMEM266,4.515156361514639,0.0194629835358072,UP
Acc6_dvc_COMBO,6,dvc,COMBO,GSE135862,ensembl,Srsf10,SRSF10,0.7678416874344836,0.0253631538086055,UP
Acc6_dvc_COMBO,6,dvc,COMBO,GSE135862,ensembl,Mei4,MEI4,-10.010166073091025,0.0268479568220213,DOWN
Acc6_dvc_COMBO,6,dvc,COMBO,GSE135862,ensembl,Sugp2,SUGP2,-0.8587093544270543,0.0316263587943243,DOWN
Acc6_dvc_COMBO,6,dvc,COMBO,GSE135862,ensembl,Ajuba,AJUBA,-6.932379332794344,0.0348367950618622,DOWN
Acc6_dvc_COMBO,6,dvc,COMBO,GSE135862,ensembl,6030458c11rik,6030458C11RIK,1.1126905113518042,0.0348367950618622,UP
Acc6_dvc_COMBO,6,dvc,COMBO,GSE135862,ensembl,Fmo5,FMO5,-2.979088569076589,0.0374190300582457,DOWN
Acc6_dvc_COMBO,6,dvc,COMBO,GSE135862,ensembl,Dis3l,DIS3L,-1.2519154919027151,0.0396918567401256,DOWN
Acc6_mbh_AC3174,6,mbh,AC3174,GSE135862,ensembl,Lipt2,LIPT2,6.960471348791523,2.1861578230015236e-10,UP
Acc6_mbh_AC3174,6,mbh,AC3174,GSE135862,ensembl,Gm5532,GM5532,10.953341703105773,2.1602751917110063e-09,UP
Acc6_mbh_AC3174,6,mbh,AC3174,GSE135862,ensembl,Akain1,AKAIN1,-7.437421033327964,3.6606173366873806e-09,DOWN
Acc6_mbh_AC3174,6,mbh,AC3174,GSE135862,ensembl,Rnf19b,RNF19B,3.2595967478682977,3.6304917895985413e-07,UP
Acc6_mbh_AC3174,6,mbh,AC3174,GSE135862,ensembl,Sema6a,SEMA6A,5.081708324689977,1.4226047682995425e-06,UP
Acc6_mbh_AC3174,6,mbh,AC3174,GSE135862,ensembl,N4bp2l2,N4BP2L2,-1.6622645671459106,2.5400220841127493e-06,DOWN
Acc6_mbh_AC3174,6,mbh,AC3174,GSE135862,ensembl,Zfp41,ZFP41,13.047595437557902,4.558560955697838e-06,UP
Acc6_mbh_AC3174,6,mbh,AC3174,GSE135862,ensembl,Cdan1,CDAN1,4.522200026335886,1.1116797840042178e-05,UP
Acc6_mbh_AC3174,6,mbh,AC3174,GSE135862,ensembl,Hspa12b,HSPA12B,6.876052763642561,6.756726904208802e-05,UP
Acc6_mbh_AC3174,6,mbh,AC3174,GSE135862,ensembl,Msantd2,MSANTD2,5.658111988329818,6.756726904208802e-05,UP
Acc6_mbh_AC3174,6,mbh,AC3174,GSE135862,ensembl,Gabpb1,GABPB1,-1.4010012725249053,6.756726904208802e-05,DOWN
Acc6_mbh_AC3174,6,mbh,AC3174,GSE135862,ensembl,Fnip2,FNIP2,7.345383064577351,7.042975160351386e-05,UP
Acc6_mbh_AC3174,6,mbh,AC3174,GSE135862,ensembl,Pan3,PAN3,3.199737939277887,8.466744218294877e-05,UP
Acc6_mbh_AC3174,6,mbh,AC3174,GSE135862,ensembl,Brwd3,BRWD3,11.941105292732766,8.707941162006947e-05,UP
Acc6_mbh_AC3174,6,mbh,AC3174,GSE135862,ensembl,Echdc2,ECHDC2,11.65763217798225,0.0001120604967289,UP
Acc6_mbh_AC3174,6,mbh,AC3174,GSE135862,ensembl,Myo1e,MYO1E,13.106785393831696,0.0001160585302184,UP
Acc6_mbh_AC3174,6,mbh,AC3174,GSE135862,ensembl,Nwd2,NWD2,12.06218437835233,0.0001977751515854,UP
Acc6_mbh_AC3174,6,mbh,AC3174,GSE135862,ensembl,C2cd4d,C2CD4D,7.60661834748482,0.0001977751515854,UP
Acc6_mbh_AC3174,6,mbh,AC3174,GSE135862,ensembl,H2bc21,H2BC21,7.177879031086691,0.000253865887959,UP
Acc6_mbh_AC3174,6,mbh,AC3174,GSE135862,ensembl,Sorcs2,SORCS2,-12.094811123402367,0.0002573170076607,DOWN
Acc6_mbh_AC3174,6,mbh,AC3174,GSE135862,ensembl,Zkscan6,ZKSCAN6,-2.4258788593789866,0.0003136706491938,DOWN
Acc6_mbh_AC3174,6,mbh,AC3174,GSE135862,ensembl,Calcr,CALCR,8.404911208717186,0.0003854666788615,UP
Acc6_mbh_AC3174,6,mbh,AC3174,GSE135862,ensembl,4732491k20rik,4732491K20RIK,-3.0492069346434207,0.0004718737163954,DOWN
Acc6_mbh_AC3174,6,mbh,AC3174,GSE135862,ensembl,Adap2,ADAP2,7.818609935739524,0.0005166978140649,UP
Acc6_mbh_AC3174,6,mbh,AC3174,GSE135862,ensembl,Habp4,HABP4,2.9264553364381727,0.0005575239028913,UP
Acc6_mbh_AC3174,6,mbh,AC3174,GSE135862,ensembl,Nkx2-1,NKX2-1,2.764004635122728,0.0005652315536448,UP
Acc6_mbh_AC3174,6,mbh,AC3174,GSE135862,ensembl,Zfyve9,ZFYVE9,1.9405281158570933,0.0005652315536448,UP
Acc6_mbh_AC3174,6,mbh,AC3174,GSE135862,ensembl,Pisd-ps1,PISD-PS1,1.5271491317207098,0.0006623173840523,UP
Acc6_mbh_AC3174,6,mbh,AC3174,GSE135862,ensembl,Mgmt,MGMT,10.090455623678237,0.0007364674114845,UP
Acc6_mbh_AC3174,6,mbh,AC3174,GSE135862,ensembl,Insr,INSR,-8.774144307756602,0.0007364674114845,DOWN
Acc6_mbh_AC3174,6,mbh,AC3174,GSE135862,ensembl,Lysmd2,LYSMD2,0.8779184697495378,0.0007364674114845,UP
Acc6_mbh_AC3174,6,mbh,AC3174,GSE135862,ensembl,Cdk16,CDK16,2.65287008230564,0.0007996692413013,UP
Acc6_mbh_AC3174,6,mbh,AC3174,GSE135862,ensembl,Fance,FANCE,2.2150843485999165,0.0007996692413013,UP
Acc6_mbh_AC3174,6,mbh,AC3174,GSE135862,ensembl,Ubqln1,UBQLN1,2.475317297585689,0.0010047328493875,UP
Acc6_mbh_AC3174,6,mbh,AC3174,GSE135862,ensembl,Szt2,SZT2,12.1813045887964,0.0010130422072622,UP
Acc6_mbh_AC3174,6,mbh,AC3174,GSE135862,ensembl,Gjc3,GJC3,-2.287275176453532,0.0010869946422265,DOWN
Acc6_mbh_AC3174,6,mbh,AC3174,GSE135862,ensembl,Tmem160,TMEM160,2.7958793890164757,0.0013725792089334,UP
Acc6_mbh_AC3174,6,mbh,AC3174,GSE135862,ensembl,Rnf6,RNF6,-0.7845077103439073,0.0014717197310023,DOWN
Acc6_mbh_AC3174,6,mbh,AC3174,GSE135862,ensembl,Nrxn3,NRXN3,-1.156324571213584,0.0015160001782609,DOWN
Acc6_mbh_AC3174,6,mbh,AC3174,GSE135862,ensembl,Zfp174,ZFP174,-12.039451927158938,0.0015496869315686,DOWN
Acc6_mbh_AC3174,6,mbh,AC3174,GSE135862,ensembl,Iglon5,IGLON5,-6.0856926337412505,0.0016615007485922,DOWN
Acc6_mbh_AC3174,6,mbh,AC3174,GSE135862,ensembl,Nt5dc1,NT5DC1,-6.074082073684396,0.0017218055222277,DOWN
Acc6_mbh_AC3174,6,mbh,AC3174,GSE135862,ensembl,Uri1,URI1,1.9628495688838583,0.0018182800863958,UP
Acc6_mbh_AC3174,6,mbh,AC3174,GSE135862,ensembl,Pawr,PAWR,10.754646140908104,0.0018560711180736,UP
Acc6_mbh_AC3174,6,mbh,AC3174,GSE135862,ensembl,Dock5,DOCK5,12.00855349258659,0.0020046571623205,UP
Acc6_mbh_AC3174,6,mbh,AC3174,GSE135862,ensembl,Efhd2,EFHD2,2.4913803428208188,0.0020857625814745,UP
Acc6_mbh_AC3174,6,mbh,AC3174,GSE135862,ensembl,Fyn,FYN,2.0688647434199505,0.0023507229617816,UP
Acc6_mbh_AC3174,6,mbh,AC3174,GSE135862,ensembl,Zfp771,ZFP771,5.070985876795502,0.0023694634321042,UP
Acc6_mbh_AC3174,6,mbh,AC3174,GSE135862,ensembl,Dcaf10,DCAF10,1.9380002416677449,0.0024367546809871,UP
Acc6_mbh_AC3174,6,mbh,AC3174,GSE135862,ensembl,Odc1,ODC1,2.7168245481435416,0.0030392292282219,UP
Acc6_mbh_AC3174,6,mbh,AC3174,GSE135862,ensembl,Ap1ar,AP1AR,2.8433694739751867,0.0033965347610273,UP
Acc6_mbh_AC3174,6,mbh,AC3174,GSE135862,ensembl,Igfbp2,IGFBP2,10.082483165870354,0.0034681937042532,UP
Acc6_mbh_AC3174,6,mbh,AC3174,GSE135862,ensembl,Bag1,BAG1,2.497711711631485,0.0034863775763302,UP
Acc6_mbh_AC3174,6,mbh,AC3174,GSE135862,ensembl,Cacna1d,CACNA1D,11.70091659542215,0.00355219352891,UP
Acc6_mbh_AC3174,6,mbh,AC3174,GSE135862,ensembl,Pxdn,PXDN,7.665034905381907,0.00355219352891,UP
Acc6_mbh_AC3174,6,mbh,AC3174,GSE135862,ensembl,Pld2,PLD2,-1.690146593391736,0.0035997509703613,DOWN
Acc6_mbh_AC3174,6,mbh,AC3174,GSE135862,ensembl,Acvr1c,ACVR1C,7.995490287022101,0.0036212869286715,UP
Acc6_mbh_AC3174,6,mbh,AC3174,GSE135862,ensembl,Slc9b2,SLC9B2,9.963594321154693,0.0043598115908737,UP
Acc6_mbh_AC3174,6,mbh,AC3174,GSE135862,ensembl,Rgs22,RGS22,-10.748451513567248,0.0050937802230075,DOWN
Acc6_mbh_AC3174,6,mbh,AC3174,GSE135862,ensembl,Nsmce4a,NSMCE4A,2.9537658688077317,0.0050937802230075,UP
Acc6_mbh_AC3174,6,mbh,AC3174,GSE135862,ensembl,Rbm26,RBM26,2.1948531854507816,0.0051123135187684,UP
Acc6_mbh_AC3174,6,mbh,AC3174,GSE135862,ensembl,Cmas,CMAS,1.6758546527195313,0.0055118201293152,UP
Acc6_mbh_AC3174,6,mbh,AC3174,GSE135862,ensembl,Tmem131l,TMEM131L,7.308869410634768,0.0056612078496745,UP
Acc6_mbh_AC3174,6,mbh,AC3174,GSE135862,ensembl,Eif2d,EIF2D,-1.8953292279347425,0.0056612078496745,DOWN
Acc6_mbh_AC3174,6,mbh,AC3174,GSE135862,ensembl,Glrx,GLRX,-1.0654434619573114,0.0056612078496745,DOWN
Acc6_mbh_AC3174,6,mbh,AC3174,GSE135862,ensembl,Reln,RELN,-10.570192829588684,0.0059053198667396,DOWN
Acc6_mbh_AC3174,6,mbh,AC3174,GSE135862,ensembl,Cgnl1,CGNL1,9.956425411601028,0.0059053198667396,UP
Acc6_mbh_AC3174,6,mbh,AC3174,GSE135862,ensembl,Chka,CHKA,2.3567105688401684,0.0059053198667396,UP
Acc6_mbh_AC3174,6,mbh,AC3174,GSE135862,ensembl,Cdc45,CDC45,10.749930476710173,0.0060310898456706,UP
Acc6_mbh_AC3174,6,mbh,AC3174,GSE135862,ensembl,Mef2d,MEF2D,1.1978046204522763,0.0061803896245862,UP
Acc6_mbh_AC3174,6,mbh,AC3174,GSE135862,ensembl,Pde3a,PDE3A,10.977252191245848,0.0062412934995572,UP
Acc6_mbh_AC3174,6,mbh,AC3174,GSE135862,ensembl,Ccdc78,CCDC78,8.89578316314806,0.0062750794840365,UP
Acc6_mbh_AC3174,6,mbh,AC3174,GSE135862,ensembl,Nupr2,NUPR2,8.993300487776882,0.0064955154682232,UP
Acc6_mbh_AC3174,6,mbh,AC3174,GSE135862,ensembl,Ccdc9b,CCDC9B,11.691148212448422,0.0068551023628507,UP
Acc6_mbh_AC3174,6,mbh,AC3174,GSE135862,ensembl,Wdr76,WDR76,10.4673963227083,0.0068551023628507,UP
Acc6_mbh_AC3174,6,mbh,AC3174,GSE135862,ensembl,Tprg1l,TPRG1L,1.8492567457624327,0.0068551023628507,UP
Acc6_mbh_AC3174,6,mbh,AC3174,GSE135862,ensembl,Map1lc3a,MAP1LC3A,0.9651921112396352,0.0069143190431925,UP
Acc6_mbh_AC3174,6,mbh,AC3174,GSE135862,ensembl,Limd1,LIMD1,2.9783484816480468,0.0069989880322195,UP
Acc6_mbh_AC3174,6,mbh,AC3174,GSE135862,ensembl,Galm,GALM,-9.489599865623925,0.0070386845543071,DOWN
Acc6_mbh_AC3174,6,mbh,AC3174,GSE135862,ensembl,Atp11c,ATP11C,10.992160325701304,0.0070727138655999,UP
Acc6_mbh_AC3174,6,mbh,AC3174,GSE135862,ensembl,Meis1,MEIS1,-11.869371639426566,0.0079519315530857,DOWN
Acc6_mbh_AC3174,6,mbh,AC3174,GSE135862,ensembl,Taf10,TAF10,2.900382907793273,0.0079519315530857,UP
Acc6_mbh_AC3174,6,mbh,AC3174,GSE135862,ensembl,Mapk1,MAPK1,1.742139634019179,0.0079519315530857,UP
Acc6_mbh_AC3174,6,mbh,AC3174,GSE135862,ensembl,Sipa1l3,SIPA1L3,-1.4277480358665915,0.0080376451216723,DOWN
Acc6_mbh_AC3174,6,mbh,AC3174,GSE135862,ensembl,Rac3,RAC3,1.083830645108311,0.0084318211400374,UP
Acc6_mbh_AC3174,6,mbh,AC3174,GSE135862,ensembl,Adra2c,ADRA2C,8.631541079960606,0.0084845927331663,UP
Acc6_mbh_AC3174,6,mbh,AC3174,GSE135862,ensembl,2510002d24rik,2510002D24RIK,-0.6609808107545406,0.0085003538333622,DOWN
Acc6_mbh_AC3174,6,mbh,AC3174,GSE135862,ensembl,Sac3d1,SAC3D1,1.600746839698699,0.0086453112167211,UP
Acc6_mbh_AC3174,6,mbh,AC3174,GSE135862,ensembl,Mtss2,MTSS2,-1.1752527151198762,0.0088242345913534,DOWN
Acc6_mbh_AC3174,6,mbh,AC3174,GSE135862,ensembl,Pole,POLE,6.70177978427445,0.0089849474174211,UP
Acc6_mbh_AC3174,6,mbh,AC3174,GSE135862,ensembl,Pnpla7,PNPLA7,-8.660006252472384,0.0096506827836041,DOWN
Acc6_mbh_AC3174,6,mbh,AC3174,GSE135862,ensembl,Angel2,ANGEL2,-1.074827218208244,0.0096506827836041,DOWN
Acc6_mbh_AC3174,6,mbh,AC3174,GSE135862,ensembl,Flna,FLNA,6.848535326747478,0.0097107158871659,UP
Acc6_mbh_AC3174,6,mbh,AC3174,GSE135862,ensembl,Kif3b,KIF3B,0.9785358979466924,0.0097107158871659,UP
Acc6_mbh_AC3174,6,mbh,AC3174,GSE135862,ensembl,Cyrib,CYRIB,1.4866488118335384,0.0098713637014097,UP
Acc6_mbh_AC3174,6,mbh,AC3174,GSE135862,ensembl,Vsir,VSIR,10.043082197675664,0.0100594810437435,UP
Acc6_mbh_AC3174,6,mbh,AC3174,GSE135862,ensembl,Rab24,RAB24,2.515092351754517,0.0102574078640816,UP
Acc6_mbh_AC3174,6,mbh,AC3174,GSE135862,ensembl,Cnksr2,CNKSR2,1.97672435543724,0.0103229164887504,UP
Acc6_mbh_AC3174,6,mbh,AC3174,GSE135862,ensembl,6330549d23rik,6330549D23RIK,-7.6159855882514815,0.0104438944907387,DOWN
Acc6_mbh_AC3174,6,mbh,AC3174,GSE135862,ensembl,Prkch,PRKCH,-10.695801894754052,0.0109943795144178,DOWN
Acc6_mbh_AC3174,6,mbh,AC3174,GSE135862,ensembl,Dcph1,DCPH1,-1.9083080722361183,0.0109943795144178,DOWN
Acc6_mbh_AC3174,6,mbh,AC3174,GSE135862,ensembl,Elmod3,ELMOD3,-1.8011334905128318,0.0109943795144178,DOWN
Acc6_mbh_AC3174,6,mbh,AC3174,GSE135862,ensembl,Cenpn,CENPN,-10.365983137825127,0.0113911364629204,DOWN
Acc6_mbh_AC3174,6,mbh,AC3174,GSE135862,ensembl,Cda,CDA,-1.9684602184905944,0.0113911364629204,DOWN
Acc6_mbh_AC3174,6,mbh,AC3174,GSE135862,ensembl,Tafazzin,TAFAZZIN,-1.6387191767200524,0.0115153880328344,DOWN
Acc6_mbh_AC3174,6,mbh,AC3174,GSE135862,ensembl,Calr,CALR,-1.175196834427983,0.0115153880328344,DOWN
Acc6_mbh_AC3174,6,mbh,AC3174,GSE135862,ensembl,Entpd3,ENTPD3,11.890680716408411,0.0116699146093038,UP
Acc6_mbh_AC3174,6,mbh,AC3174,GSE135862,ensembl,F12,F12,10.201108013105376,0.0116699146093038,UP
Acc6_mbh_AC3174,6,mbh,AC3174,GSE135862,ensembl,Ctf1,CTF1,10.690753996327375,0.0121376140779848,UP
Acc6_mbh_AC3174,6,mbh,AC3174,GSE135862,ensembl,Gm5141,GM5141,-4.29177823931686,0.0121376140779848,DOWN
Acc6_mbh_AC3174,6,mbh,AC3174,GSE135862,ensembl,L3mbtl4,L3MBTL4,-10.496648744007947,0.0123948019144838,DOWN
Acc6_mbh_AC3174,6,mbh,AC3174,GSE135862,ensembl,Baz1b,BAZ1B,1.476176333900768,0.012539961469789,UP
Acc6_mbh_AC3174,6,mbh,AC3174,GSE135862,ensembl,Ctcf,CTCF,1.2277067175041023,0.0126300510953909,UP
Acc6_mbh_AC3174,6,mbh,AC3174,GSE135862,ensembl,Mrs2,MRS2,5.120371297670147,0.012953717458859,UP
Acc6_mbh_AC3174,6,mbh,AC3174,GSE135862,ensembl,Fam43b,FAM43B,3.860903384016993,0.012953717458859,UP
Acc6_mbh_AC3174,6,mbh,AC3174,GSE135862,ensembl,Dock6,DOCK6,-2.593073656540553,0.012953717458859,DOWN
Acc6_mbh_AC3174,6,mbh,AC3174,GSE135862,ensembl,Tlnrd1,TLNRD1,2.9000811862132694,0.0130154943670842,UP
Acc6_mbh_AC3174,6,mbh,AC3174,GSE135862,ensembl,Fkbp5,FKBP5,2.356826674827724,0.0130154943670842,UP
Acc6_mbh_AC3174,6,mbh,AC3174,GSE135862,ensembl,Rexo5,REXO5,6.1776311318978845,0.0132117208335856,UP
Acc6_mbh_AC3174,6,mbh,AC3174,GSE135862,ensembl,A330023f24rik,A330023F24RIK,-5.642873130196247,0.0143103586970177,DOWN
Acc6_mbh_AC3174,6,mbh,AC3174,GSE135862,ensembl,Hnrnpab,HNRNPAB,2.890750235832084,0.01507784386363,UP
Acc6_mbh_AC3174,6,mbh,AC3174,GSE135862,ensembl,A330008l17rik,A330008L17RIK,-9.794818021179127,0.0153568604515279,DOWN
Acc6_mbh_AC3174,6,mbh,AC3174,GSE135862,ensembl,Kif1b,KIF1B,1.2538921111068413,0.0155138912644428,UP
Acc6_mbh_AC3174,6,mbh,AC3174,GSE135862,ensembl,Rfxap,RFXAP,2.065796663209317,0.0160265026167353,UP
Acc6_mbh_AC3174,6,mbh,AC3174,GSE135862,ensembl,Socs5,SOCS5,1.094102266224006,0.0160265026167353,UP
Acc6_mbh_AC3174,6,mbh,AC3174,GSE135862,ensembl,Bc065397,BC065397,9.824979616870202,0.0161495646782715,UP
Acc6_mbh_AC3174,6,mbh,AC3174,GSE135862,ensembl,Plcg1,PLCG1,2.666954608554718,0.0161495646782715,UP
Acc6_mbh_AC3174,6,mbh,AC3174,GSE135862,ensembl,Apmap,APMAP,1.95487746030956,0.0161495646782715,UP
Acc6_mbh_AC3174,6,mbh,AC3174,GSE135862,ensembl,Phf6,PHF6,-1.6952742369333105,0.0172411535127518,DOWN
Acc6_mbh_AC3174,6,mbh,AC3174,GSE135862,ensembl,Prkar2b,PRKAR2B,1.6883544070438423,0.0173235989991406,UP
Acc6_mbh_AC3174,6,mbh,AC3174,GSE135862,ensembl,Mrto4,MRTO4,-0.9346383659006694,0.0176515194593904,DOWN
Acc6_mbh_AC3174,6,mbh,AC3174,GSE135862,ensembl,A930004d18rik,A930004D18RIK,-1.434646136564269,0.0177500411484539,DOWN
Acc6_mbh_AC3174,6,mbh,AC3174,GSE135862,ensembl,Ccdc180,CCDC180,11.8474805225285,0.0184789617152552,UP
Acc6_mbh_AC3174,6,mbh,AC3174,GSE135862,ensembl,Hras,HRAS,1.698333151773179,0.0185351283303196,UP
Acc6_mbh_AC3174,6,mbh,AC3174,GSE135862,ensembl,Rnft2,RNFT2,-2.883792939056869,0.0190483954826771,DOWN
Acc6_mbh_AC3174,6,mbh,AC3174,GSE135862,ensembl,Snapc2,SNAPC2,-0.7818335952828437,0.0190483954826771,DOWN
Acc6_mbh_AC3174,6,mbh,AC3174,GSE135862,ensembl,Cnnm4,CNNM4,-5.032378808313751,0.0193425341033848,DOWN
Acc6_mbh_AC3174,6,mbh,AC3174,GSE135862,ensembl,Uncx,UNCX,3.881328523420989,0.0193425341033848,UP
Acc6_mbh_AC3174,6,mbh,AC3174,GSE135862,ensembl,Wsb2,WSB2,1.4256184018534332,0.0202342242673615,UP
Acc6_mbh_AC3174,6,mbh,AC3174,GSE135862,ensembl,Atp4a,ATP4A,-12.06147611863088,0.0208671346695629,DOWN
Acc6_mbh_AC3174,6,mbh,AC3174,GSE135862,ensembl,Tpm3,TPM3,-0.5244148451643262,0.0212366242973218,DOWN
Acc6_mbh_AC3174,6,mbh,AC3174,GSE135862,ensembl,Enpp6,ENPP6,11.22306192314511,0.0214610419795472,UP
Acc6_mbh_AC3174,6,mbh,AC3174,GSE135862,ensembl,Polr1a,POLR1A,1.8568025831549912,0.0214869355845619,UP
Acc6_mbh_AC3174,6,mbh,AC3174,GSE135862,ensembl,Il12rb2,IL12RB2,6.642630389734888,0.0215482081608359,UP
Acc6_mbh_AC3174,6,mbh,AC3174,GSE135862,ensembl,Glud1,GLUD1,1.6800012886710347,0.0217173857995097,UP
Acc6_mbh_AC3174,6,mbh,AC3174,GSE135862,ensembl,Jund,JUND,3.3404945016015413,0.0223810846845417,UP
Acc6_mbh_AC3174,6,mbh,AC3174,GSE135862,ensembl,Lichi,LICHI,11.14001661729347,0.0228086843810113,UP
Acc6_mbh_AC3174,6,mbh,AC3174,GSE135862,ensembl,Slc29a3,SLC29A3,-11.074881924448327,0.0228086843810113,DOWN
Acc6_mbh_AC3174,6,mbh,AC3174,GSE135862,ensembl,Mreg,MREG,4.112436660761641,0.0228086843810113,UP
Acc6_mbh_AC3174,6,mbh,AC3174,GSE135862,ensembl,Gm12144,GM12144,10.307662144120789,0.0231992464017004,UP
Acc6_mbh_AC3174,6,mbh,AC3174,GSE135862,ensembl,Kcnh5,KCNH5,-9.883190113091391,0.0234273803723092,DOWN
Acc6_mbh_AC3174,6,mbh,AC3174,GSE135862,ensembl,Brd1,BRD1,2.44148817013953,0.0238850007793163,UP
Acc6_mbh_AC3174,6,mbh,AC3174,GSE135862,ensembl,Gtf2ird2,GTF2IRD2,1.857019425435522,0.0241249259697915,UP
Acc6_mbh_AC3174,6,mbh,AC3174,GSE135862,ensembl,Eya1,EYA1,7.0191842723037645,0.0241366461703928,UP
Acc6_mbh_AC3174,6,mbh,AC3174,GSE135862,ensembl,Anxa4,ANXA4,3.4963046046619035,0.0241366461703928,UP
Acc6_mbh_AC3174,6,mbh,AC3174,GSE135862,ensembl,Sh3gl3,SH3GL3,1.7288918087254077,0.0241366461703928,UP
Acc6_mbh_AC3174,6,mbh,AC3174,GSE135862,ensembl,Cd53,CD53,9.888099982871983,0.0241658243172843,UP
Acc6_mbh_AC3174,6,mbh,AC3174,GSE135862,ensembl,Gm2449,GM2449,-5.781763755981419,0.0241658243172843,DOWN
Acc6_mbh_AC3174,6,mbh,AC3174,GSE135862,ensembl,Hhat,HHAT,5.071488098874897,0.0241658243172843,UP
Acc6_mbh_AC3174,6,mbh,AC3174,GSE135862,ensembl,Slmap,SLMAP,1.5244382149654294,0.0241658243172843,UP
Acc6_mbh_AC3174,6,mbh,AC3174,GSE135862,ensembl,Ptgr1,PTGR1,10.546023952386342,0.024348640134602,UP
Acc6_mbh_AC3174,6,mbh,AC3174,GSE135862,ensembl,9130221h12rik,9130221H12RIK,8.678056181983422,0.0244113055627212,UP
Acc6_mbh_AC3174,6,mbh,AC3174,GSE135862,ensembl,Wnt4,WNT4,3.704832896384197,0.0250995984102612,UP
Acc6_mbh_AC3174,6,mbh,AC3174,GSE135862,ensembl,Scara3,SCARA3,-10.68334864487708,0.0257770663056363,DOWN
Acc6_mbh_AC3174,6,mbh,AC3174,GSE135862,ensembl,Xxylt1,XXYLT1,-7.102295063443581,0.0263239813537411,DOWN
Acc6_mbh_AC3174,6,mbh,AC3174,GSE135862,ensembl,Tm7sf2,TM7SF2,9.51496217831765,0.0266274913050862,UP
Acc6_mbh_AC3174,6,mbh,AC3174,GSE135862,ensembl,Rimbp3,RIMBP3,-10.887299008123776,0.0267251782754696,DOWN
Acc6_mbh_AC3174,6,mbh,AC3174,GSE135862,ensembl,Uaca,UACA,7.729586111178591,0.0267251782754696,UP
Acc6_mbh_AC3174,6,mbh,AC3174,GSE135862,ensembl,Bean1,BEAN1,2.55021905288668,0.0267251782754696,UP
Acc6_mbh_AC3174,6,mbh,AC3174,GSE135862,ensembl,Ptov1,PTOV1,2.4783595559547105,0.0267251782754696,UP
Acc6_mbh_AC3174,6,mbh,AC3174,GSE135862,ensembl,Hace1,HACE1,1.6772243521231278,0.0267251782754696,UP
Acc6_mbh_AC3174,6,mbh,AC3174,GSE135862,ensembl,Fam20a,FAM20A,-4.008034048213907,0.0268941737112467,DOWN
Acc6_mbh_AC3174,6,mbh,AC3174,GSE135862,ensembl,Bod1,BOD1,2.977717456326367,0.0268941737112467,UP
Acc6_mbh_AC3174,6,mbh,AC3174,GSE135862,ensembl,Rnase6,RNASE6,-9.356828049002624,0.0269811961950665,DOWN
Acc6_mbh_AC3174,6,mbh,AC3174,GSE135862,ensembl,Dtx1,DTX1,2.2536336804628503,0.0269811961950665,UP
Acc6_mbh_AC3174,6,mbh,AC3174,GSE135862,ensembl,Dpf2,DPF2,-0.5722847844147025,0.0271444743890746,DOWN
Acc6_mbh_AC3174,6,mbh,AC3174,GSE135862,ensembl,Glrx5,GLRX5,2.255200862583546,0.0273632337303219,UP
Acc6_mbh_AC3174,6,mbh,AC3174,GSE135862,ensembl,Ralgapa1,RALGAPA1,1.64325560737373,0.0273632337303219,UP
Acc6_mbh_AC3174,6,mbh,AC3174,GSE135862,ensembl,Kctd3,KCTD3,1.1292822090118155,0.0281793733479762,UP
Acc6_mbh_AC3174,6,mbh,AC3174,GSE135862,ensembl,Cmtm4,CMTM4,-2.133778698133094,0.0282673877534113,DOWN
Acc6_mbh_AC3174,6,mbh,AC3174,GSE135862,ensembl,Brap,BRAP,2.193650659442032,0.0286324165249203,UP
Acc6_mbh_AC3174,6,mbh,AC3174,GSE135862,ensembl,Mllt1,MLLT1,1.8767401471620897,0.0299574654722382,UP
Acc6_mbh_AC3174,6,mbh,AC3174,GSE135862,ensembl,Bend4,BEND4,-2.735387891685009,0.0306544088929032,DOWN
Acc6_mbh_AC3174,6,mbh,AC3174,GSE135862,ensembl,Ppm1b,PPM1B,1.5850986241737113,0.0306544088929032,UP
Acc6_mbh_AC3174,6,mbh,AC3174,GSE135862,ensembl,Pnrc1,PNRC1,1.5181127721247705,0.0306544088929032,UP
Acc6_mbh_AC3174,6,mbh,AC3174,GSE135862,ensembl,Slc26a6,SLC26A6,10.527600748085906,0.0311954763540615,UP
Acc6_mbh_AC3174,6,mbh,AC3174,GSE135862,ensembl,Nes,NES,5.311340340336498,0.0311954763540615,UP
Acc6_mbh_AC3174,6,mbh,AC3174,GSE135862,ensembl,Rbl1,RBL1,10.92907341586426,0.0318186232456274,UP
Acc6_mbh_AC3174,6,mbh,AC3174,GSE135862,ensembl,Mxd4,MXD4,1.2020907235320657,0.0318186232456274,UP
Acc6_mbh_AC3174,6,mbh,AC3174,GSE135862,ensembl,Rpusd2,RPUSD2,-5.789783310782829,0.0319820173070545,DOWN
Acc6_mbh_AC3174,6,mbh,AC3174,GSE135862,ensembl,Cdk17,CDK17,1.8426235768402524,0.0323443783857796,UP
Acc6_mbh_AC3174,6,mbh,AC3174,GSE135862,ensembl,Grk2,GRK2,0.72986059823515,0.0323443783857796,UP
Acc6_mbh_AC3174,6,mbh,AC3174,GSE135862,ensembl,Slc4a7,SLC4A7,6.114578444293217,0.032690742364893,UP
Acc6_mbh_AC3174,6,mbh,AC3174,GSE135862,ensembl,Zfp763,ZFP763,-1.8268499384708343,0.032690742364893,DOWN
Acc6_mbh_AC3174,6,mbh,AC3174,GSE135862,ensembl,Zfp668,ZFP668,1.560130284305651,0.032690742364893,UP
Acc6_mbh_AC3174,6,mbh,AC3174,GSE135862,ensembl,Cdkn1c,CDKN1C,3.1699903323591885,0.0330737356502189,UP
Acc6_mbh_AC3174,6,mbh,AC3174,GSE135862,ensembl,Tmem65,TMEM65,1.7211997832823116,0.0331070964955181,UP
Acc6_mbh_AC3174,6,mbh,AC3174,GSE135862,ensembl,Lsm14a,LSM14A,0.967589815598439,0.0338912163202137,UP
Acc6_mbh_AC3174,6,mbh,AC3174,GSE135862,ensembl,Samd9l,SAMD9L,-9.25437689910939,0.0351037319603461,DOWN
Acc6_mbh_AC3174,6,mbh,AC3174,GSE135862,ensembl,Epha10,EPHA10,8.551048908799688,0.0351037319603461,UP
Acc6_mbh_AC3174,6,mbh,AC3174,GSE135862,ensembl,Tmed3,TMED3,-1.8610382424382343,0.0351037319603461,DOWN
Acc6_mbh_AC3174,6,mbh,AC3174,GSE135862,ensembl,Rab37,RAB37,-11.444113866221658,0.0353803475578816,DOWN
Acc6_mbh_AC3174,6,mbh,AC3174,GSE135862,ensembl,Kcng1,KCNG1,10.603436556432476,0.0353803475578816,UP
Acc6_mbh_AC3174,6,mbh,AC3174,GSE135862,ensembl,Gpr179,GPR179,10.24035784116804,0.0353803475578816,UP
Acc6_mbh_AC3174,6,mbh,AC3174,GSE135862,ensembl,Rap1b,RAP1B,1.7862661705037886,0.0353803475578816,UP
Acc6_mbh_AC3174,6,mbh,AC3174,GSE135862,ensembl,Nudt3,NUDT3,1.0254904833373968,0.0353803475578816,UP
Acc6_mbh_AC3174,6,mbh,AC3174,GSE135862,ensembl,Macroh2a1,MACROH2A1,0.7827845321490645,0.0353803475578816,UP
Acc6_mbh_AC3174,6,mbh,AC3174,GSE135862,ensembl,Gm13889,GM13889,1.9058111057523497,0.0355796729667294,UP
Acc6_mbh_AC3174,6,mbh,AC3174,GSE135862,ensembl,Rnd2,RND2,0.7602427431242502,0.0362383777840898,UP
Acc6_mbh_AC3174,6,mbh,AC3174,GSE135862,ensembl,Brwd1,BRWD1,1.0091786511824623,0.0377675775919146,UP
Acc6_mbh_AC3174,6,mbh,AC3174,GSE135862,ensembl,Kif20a,KIF20A,-8.770628866786476,0.0379834899118152,DOWN
Acc6_mbh_AC3174,6,mbh,AC3174,GSE135862,ensembl,Klhdc2,KLHDC2,1.5441755421376953,0.0387497318365572,UP
Acc6_mbh_AC3174,6,mbh,AC3174,GSE135862,ensembl,Zzz3,ZZZ3,1.976799018969413,0.0400448378388209,UP
Acc6_mbh_AC3174,6,mbh,AC3174,GSE135862,ensembl,Slc10a7,SLC10A7,10.838682442015582,0.0401816089133181,UP
Acc6_mbh_AC3174,6,mbh,AC3174,GSE135862,ensembl,Creb3l1,CREB3L1,5.294155209390242,0.0414281840952875,UP
Acc6_mbh_AC3174,6,mbh,AC3174,GSE135862,ensembl,Irx5,IRX5,6.243213730207268,0.0420872317975803,UP
Acc6_mbh_AC3174,6,mbh,AC3174,GSE135862,ensembl,Trpc3,TRPC3,10.730186112621627,0.04275955456837,UP
Acc6_mbh_AC3174,6,mbh,AC3174,GSE135862,ensembl,Sgpp1,SGPP1,4.261878363674599,0.0435110095083887,UP
Acc6_mbh_AC3174,6,mbh,AC3174,GSE135862,ensembl,Sertm2,SERTM2,12.02576641948415,0.0436552510182012,UP
Acc6_mbh_AC3174,6,mbh,AC3174,GSE135862,ensembl,Tnxb,TNXB,10.794097755467511,0.0437501874505738,UP
Acc6_mbh_AC3174,6,mbh,AC3174,GSE135862,ensembl,Cep57l1,CEP57L1,4.0814011620777135,0.0437501874505738,UP
Acc6_mbh_AC3174,6,mbh,AC3174,GSE135862,ensembl,Gm3604,GM3604,3.487646457009982,0.0437501874505738,UP
Acc6_mbh_AC3174,6,mbh,AC3174,GSE135862,ensembl,Nanos1,NANOS1,2.148671978452656,0.0439301691955799,UP
Acc6_mbh_AC3174,6,mbh,AC3174,GSE135862,ensembl,Thsd7b,THSD7B,-6.593833692345058,0.0441994724403341,DOWN
Acc6_mbh_AC3174,6,mbh,AC3174,GSE135862,ensembl,Fbxo32,FBXO32,3.975417695619001,0.0441994724403341,UP
Acc6_mbh_AC3174,6,mbh,AC3174,GSE135862,ensembl,Pde5a,PDE5A,-8.729906378106175,0.0443180161972014,DOWN
Acc6_mbh_AC3174,6,mbh,AC3174,GSE135862,ensembl,Gm14168,GM14168,8.932874119193702,0.0444108567241634,UP
Acc6_mbh_AC3174,6,mbh,AC3174,GSE135862,ensembl,Vstm4,VSTM4,10.4607597618303,0.045949659655793,UP
Acc6_mbh_AC3174,6,mbh,AC3174,GSE135862,ensembl,Gm26549,GM26549,9.962407825965352,0.045949659655793,UP
Acc6_mbh_AC3174,6,mbh,AC3174,GSE135862,ensembl,Inhbb,INHBB,10.71981951680055,0.0466859577270018,UP
Acc6_mbh_AC3174,6,mbh,AC3174,GSE135862,ensembl,Lrrc14,LRRC14,-0.8045255719278978,0.0471592132484179,DOWN
Acc6_mbh_AC3174,6,mbh,AC3174,GSE135862,ensembl,Cnbd2,CNBD2,2.6029022346034094,0.0475060331972155,UP
Acc6_mbh_AC3174,6,mbh,AC3174,GSE135862,ensembl,Pipox,PIPOX,12.845419165603651,0.0497245483867389,UP
Acc6_mbh_AC3174,6,mbh,AC3174,GSE135862,ensembl,Fer1l5,FER1L5,9.138743730578463,0.0497245483867389,UP
Acc6_mbh_AC3174,6,mbh,AC3174,GSE135862,ensembl,Adgrv1,ADGRV1,-6.856759286350177,0.0497245483867389,DOWN
Acc6_mbh_AC3174,6,mbh,AC3174,GSE135862,ensembl,Lgi2,LGI2,5.466561955005741,0.0497245483867389,UP
Acc6_mbh_AC3174,6,mbh,AC3174,GSE135862,ensembl,Fbxw4,FBXW4,3.5425168551740893,0.0497245483867389,UP
Acc6_mbh_AC3174,6,mbh,AC3174,GSE135862,ensembl,Map3k9,MAP3K9,-3.401008959181862,0.0497245483867389,DOWN
Acc6_mbh_AC3174,6,mbh,AC3174,GSE135862,ensembl,Ell,ELL,-1.3803915306682897,0.0497583593575582,DOWN
Acc6_mbh_AC710222,6,mbh,AC710222,GSE135862,ensembl,Gm5532,GM5532,10.728252991100025,1.3001270222624937e-08,UP
Acc6_mbh_AC710222,6,mbh,AC710222,GSE135862,ensembl,H2bc21,H2BC21,8.60358739655384,6.678686411096543e-06,UP
Acc6_mbh_AC710222,6,mbh,AC710222,GSE135862,ensembl,Lipt2,LIPT2,5.459990185264499,8.252655842362931e-06,UP
Acc6_mbh_AC710222,6,mbh,AC710222,GSE135862,ensembl,Sema6a,SEMA6A,4.772289032777825,1.8577004790760133e-05,UP
Acc6_mbh_AC710222,6,mbh,AC710222,GSE135862,ensembl,Zfp41,ZFP41,11.916749113255545,0.000135641117609,UP
Acc6_mbh_AC710222,6,mbh,AC710222,GSE135862,ensembl,Nwd2,NWD2,12.016044403308204,0.0006234081961581,UP
Acc6_mbh_AC710222,6,mbh,AC710222,GSE135862,ensembl,Calcr,CALCR,8.617076706474394,0.0006234081961581,UP
Acc6_mbh_AC710222,6,mbh,AC710222,GSE135862,ensembl,Echdc2,ECHDC2,11.108922228960944,0.000711726754636,UP
Acc6_mbh_AC710222,6,mbh,AC710222,GSE135862,ensembl,Slc4a7,SLC4A7,8.780801238753975,0.000711726754636,UP
Acc6_mbh_AC710222,6,mbh,AC710222,GSE135862,ensembl,Mgmt,MGMT,10.52951099774186,0.0007766615532265,UP
Acc6_mbh_AC710222,6,mbh,AC710222,GSE135862,ensembl,Pan3,PAN3,2.9573677846691764,0.0008154401417689,UP
Acc6_mbh_AC710222,6,mbh,AC710222,GSE135862,ensembl,Zfyve9,ZFYVE9,1.9731296016942663,0.0008154401417689,UP
Acc6_mbh_AC710222,6,mbh,AC710222,GSE135862,ensembl,Baz1b,BAZ1B,1.8436374352611595,0.0012541140045625,UP
Acc6_mbh_AC710222,6,mbh,AC710222,GSE135862,ensembl,Cdan1,CDAN1,3.66636821656473,0.0025526112884852,UP
Acc6_mbh_AC710222,6,mbh,AC710222,GSE135862,ensembl,Vwa3b,VWA3B,-11.035354094855574,0.0026917741313302,DOWN
Acc6_mbh_AC710222,6,mbh,AC710222,GSE135862,ensembl,Rnf19b,RNF19B,2.351195001843582,0.0026917741313302,UP
Acc6_mbh_AC710222,6,mbh,AC710222,GSE135862,ensembl,Mag,MAG,-2.0523890089619536,0.0026917741313302,DOWN
Acc6_mbh_AC710222,6,mbh,AC710222,GSE135862,ensembl,Adap2,ADAP2,7.333622321034762,0.003146778362468,UP
Acc6_mbh_AC710222,6,mbh,AC710222,GSE135862,ensembl,Tmem131l,TMEM131L,7.977198916943647,0.0032714237207955,UP
Acc6_mbh_AC710222,6,mbh,AC710222,GSE135862,ensembl,Apmap,APMAP,2.352428969299156,0.0033839225087142,UP
Acc6_mbh_AC710222,6,mbh,AC710222,GSE135862,ensembl,Szt2,SZT2,11.744836174944728,0.0034867111541633,UP
Acc6_mbh_AC710222,6,mbh,AC710222,GSE135862,ensembl,Pawr,PAWR,10.7711360327895,0.0034867111541633,UP
Acc6_mbh_AC710222,6,mbh,AC710222,GSE135862,ensembl,Fmnl3,FMNL3,8.877658563842816,0.0034867111541633,UP
Acc6_mbh_AC710222,6,mbh,AC710222,GSE135862,ensembl,Cdc45,CDC45,11.610101604046164,0.0038115647515733,UP
Acc6_mbh_AC710222,6,mbh,AC710222,GSE135862,ensembl,Myo1e,MYO1E,11.081273991696555,0.0046618141690813,UP
Acc6_mbh_AC710222,6,mbh,AC710222,GSE135862,ensembl,Islr2,ISLR2,-10.207883790819825,0.0048895276455608,DOWN
Acc6_mbh_AC710222,6,mbh,AC710222,GSE135862,ensembl,C2cd4d,C2CD4D,6.527814959307756,0.0049751380534851,UP
Acc6_mbh_AC710222,6,mbh,AC710222,GSE135862,ensembl,Mreg,MREG,4.950855312750991,0.0049751380534851,UP
Acc6_mbh_AC710222,6,mbh,AC710222,GSE135862,ensembl,Ccdc14,CCDC14,-3.886184882916132,0.006684861605695,DOWN
Acc6_mbh_AC710222,6,mbh,AC710222,GSE135862,ensembl,Brwd3,BRWD3,9.679433385949418,0.0068607666370462,UP
Acc6_mbh_AC710222,6,mbh,AC710222,GSE135862,ensembl,Zfp52,ZFP52,8.602626417578255,0.006931071259943,UP
Acc6_mbh_AC710222,6,mbh,AC710222,GSE135862,ensembl,Kdelr2,KDELR2,-2.6325955897154576,0.006931071259943,DOWN
Acc6_mbh_AC710222,6,mbh,AC710222,GSE135862,ensembl,Lysmd2,LYSMD2,0.7886030529511232,0.006931071259943,UP
Acc6_mbh_AC710222,6,mbh,AC710222,GSE135862,ensembl,Elmod3,ELMOD3,-1.9533951094023336,0.0075017152729984,DOWN
Acc6_mbh_AC710222,6,mbh,AC710222,GSE135862,ensembl,Igfbp2,IGFBP2,9.790260342855598,0.0087983582607762,UP
Acc6_mbh_AC710222,6,mbh,AC710222,GSE135862,ensembl,Atad2,ATAD2,-9.278353557989778,0.0087983582607762,DOWN
Acc6_mbh_AC710222,6,mbh,AC710222,GSE135862,ensembl,Srpk3,SRPK3,11.693492506161087,0.0116763998586716,UP
Acc6_mbh_AC710222,6,mbh,AC710222,GSE135862,ensembl,Neurl1a,NEURL1A,2.045800840707286,0.0116763998586716,UP
Acc6_mbh_AC710222,6,mbh,AC710222,GSE135862,ensembl,Vsir,VSIR,10.424985857946796,0.0124036687236689,UP
Acc6_mbh_AC710222,6,mbh,AC710222,GSE135862,ensembl,Trnt1,TRNT1,-0.7134325476427419,0.0124036687236689,DOWN
Acc6_mbh_AC710222,6,mbh,AC710222,GSE135862,ensembl,Epha10,EPHA10,10.062114310527202,0.0139984949908659,UP
Acc6_mbh_AC710222,6,mbh,AC710222,GSE135862,ensembl,Slc37a1,SLC37A1,-8.162476601399339,0.0152590704963271,DOWN
Acc6_mbh_AC710222,6,mbh,AC710222,GSE135862,ensembl,Dock5,DOCK5,10.74187281543114,0.0157552229488172,UP
Acc6_mbh_AC710222,6,mbh,AC710222,GSE135862,ensembl,Cgnl1,CGNL1,9.603595913769103,0.0157552229488172,UP
Acc6_mbh_AC710222,6,mbh,AC710222,GSE135862,ensembl,Nupr2,NUPR2,8.760771357109215,0.0157552229488172,UP
Acc6_mbh_AC710222,6,mbh,AC710222,GSE135862,ensembl,Ccdc78,CCDC78,8.649054552268472,0.0157552229488172,UP
Acc6_mbh_AC710222,6,mbh,AC710222,GSE135862,ensembl,Slc22a15,SLC22A15,5.841376811540775,0.0157552229488172,UP
Acc6_mbh_AC710222,6,mbh,AC710222,GSE135862,ensembl,Dbf4,DBF4,5.495966511002286,0.0157552229488172,UP
Acc6_mbh_AC710222,6,mbh,AC710222,GSE135862,ensembl,Lgi2,LGI2,6.560420566875941,0.0167251195414624,UP
Acc6_mbh_AC710222,6,mbh,AC710222,GSE135862,ensembl,Tuba8,TUBA8,-1.922587039026869,0.0167251195414624,DOWN
Acc6_mbh_AC710222,6,mbh,AC710222,GSE135862,ensembl,Plekhm3,PLEKHM3,-1.4588663264820867,0.0195979159588394,DOWN
Acc6_mbh_AC710222,6,mbh,AC710222,GSE135862,ensembl,Rbm26,RBM26,2.049218125139916,0.0202146551736956,UP
Acc6_mbh_AC710222,6,mbh,AC710222,GSE135862,ensembl,F11r,F11R,10.462640019464072,0.0210232834038493,UP
Acc6_mbh_AC710222,6,mbh,AC710222,GSE135862,ensembl,Plekhh2,PLEKHH2,9.95449246447015,0.0221301872037843,UP
Acc6_mbh_AC710222,6,mbh,AC710222,GSE135862,ensembl,Msantd2,MSANTD2,4.067834372864395,0.0221301872037843,UP
Acc6_mbh_AC710222,6,mbh,AC710222,GSE135862,ensembl,Ssh2,SSH2,1.1576855190271471,0.0221301872037843,UP
Acc6_mbh_AC710222,6,mbh,AC710222,GSE135862,ensembl,Kansl1,KANSL1,-0.862809964815699,0.0221301872037843,DOWN
Acc6_mbh_AC710222,6,mbh,AC710222,GSE135862,ensembl,Cacna1d,CACNA1D,10.48980341700281,0.023902474272236,UP
Acc6_mbh_AC710222,6,mbh,AC710222,GSE135862,ensembl,Uri1,URI1,1.673608084344687,0.0254661798377316,UP
Acc6_mbh_AC710222,6,mbh,AC710222,GSE135862,ensembl,Tm7sf2,TM7SF2,10.183718846635376,0.0266185782877226,UP
Acc6_mbh_AC710222,6,mbh,AC710222,GSE135862,ensembl,Bc065397,BC065397,9.961111871581345,0.0268393732525404,UP
Acc6_mbh_AC710222,6,mbh,AC710222,GSE135862,ensembl,Flna,FLNA,6.592512605612738,0.0268393732525404,UP
Acc6_mbh_AC710222,6,mbh,AC710222,GSE135862,ensembl,Tmem160,TMEM160,2.323366067816139,0.0268393732525404,UP
Acc6_mbh_AC710222,6,mbh,AC710222,GSE135862,ensembl,Gpr179,GPR179,11.272959956443026,0.0284620825285913,UP
Acc6_mbh_AC710222,6,mbh,AC710222,GSE135862,ensembl,Acvr1c,ACVR1C,7.061865339165413,0.0284620825285913,UP
Acc6_mbh_AC710222,6,mbh,AC710222,GSE135862,ensembl,Slc35d3,SLC35D3,10.070148819180725,0.0291462432199291,UP
Acc6_mbh_AC710222,6,mbh,AC710222,GSE135862,ensembl,Mertk,MERTK,7.133769696376663,0.0303688434566404,UP
Acc6_mbh_AC710222,6,mbh,AC710222,GSE135862,ensembl,Ubqln1,UBQLN1,1.9934756916286045,0.0303688434566404,UP
Acc6_mbh_AC710222,6,mbh,AC710222,GSE135862,ensembl,Snx12,SNX12,-0.5302378005344364,0.031237571668104,DOWN
Acc6_mbh_AC710222,6,mbh,AC710222,GSE135862,ensembl,Ero1b,ERO1B,6.017789786037167,0.0313254313261641,UP
Acc6_mbh_AC710222,6,mbh,AC710222,GSE135862,ensembl,Kdr,KDR,11.651774091479387,0.0318756214095188,UP
Acc6_mbh_AC710222,6,mbh,AC710222,GSE135862,ensembl,Atp11c,ATP11C,10.066686669874334,0.0318756214095188,UP
Acc6_mbh_AC710222,6,mbh,AC710222,GSE135862,ensembl,Pxdn,PXDN,6.633745355721279,0.0318756214095188,UP
Acc6_mbh_AC710222,6,mbh,AC710222,GSE135862,ensembl,Tbx19,TBX19,6.145158984108118,0.0318756214095188,UP
Acc6_mbh_AC710222,6,mbh,AC710222,GSE135862,ensembl,Nkx2-1,NKX2-1,2.1320284150753865,0.0318756214095188,UP
Acc6_mbh_AC710222,6,mbh,AC710222,GSE135862,ensembl,Twf2,TWF2,-1.053518476000474,0.0318756214095188,DOWN
Acc6_mbh_AC710222,6,mbh,AC710222,GSE135862,ensembl,Ankrd23,ANKRD23,10.35018919194531,0.0322363961874245,UP
Acc6_mbh_AC710222,6,mbh,AC710222,GSE135862,ensembl,Zfp771,ZFP771,4.229221718378762,0.0356544045728496,UP
Acc6_mbh_AC710222,6,mbh,AC710222,GSE135862,ensembl,Fance,FANCE,1.723896467104015,0.0371743318357616,UP
Acc6_mbh_AC710222,6,mbh,AC710222,GSE135862,ensembl,Ccdc9b,CCDC9B,10.470124314621229,0.0375000097845793,UP
Acc6_mbh_AC710222,6,mbh,AC710222,GSE135862,ensembl,Cd53,CD53,10.037593044708686,0.0375000097845793,UP
Acc6_mbh_AC710222,6,mbh,AC710222,GSE135862,ensembl,Ephb2,EPHB2,-6.802057444486351,0.0375000097845793,DOWN
Acc6_mbh_AC710222,6,mbh,AC710222,GSE135862,ensembl,Rexo5,REXO5,5.915394682851174,0.0375000097845793,UP
Acc6_mbh_AC710222,6,mbh,AC710222,GSE135862,ensembl,Gm14168,GM14168,9.737371451634315,0.0375019329528669,UP
Acc6_mbh_AC710222,6,mbh,AC710222,GSE135862,ensembl,Xrra1,XRRA1,-6.8263526756953645,0.038366167276089,DOWN
Acc6_mbh_AC710222,6,mbh,AC710222,GSE135862,ensembl,Fam241a,FAM241A,7.971456418634629,0.0415797287414919,UP
Acc6_mbh_AC710222,6,mbh,AC710222,GSE135862,ensembl,Pnkd,PNKD,-0.6331925762804697,0.0415797287414919,DOWN
Acc6_mbh_AC710222,6,mbh,AC710222,GSE135862,ensembl,Slc9b2,SLC9B2,8.478536480250918,0.0428875489113812,UP
Acc6_mbh_AC710222,6,mbh,AC710222,GSE135862,ensembl,Ptgr1,PTGR1,10.561275570096305,0.0431757390947161,UP
Acc6_mbh_AC710222,6,mbh,AC710222,GSE135862,ensembl,Eya1,EYA1,6.99635674481576,0.0438624100257693,UP
Acc6_mbh_AC710222,6,mbh,AC710222,GSE135862,ensembl,Stpg1,STPG1,9.82598272458225,0.044621961857326,UP
Acc6_mbh_AC710222,6,mbh,AC710222,GSE135862,ensembl,Hspa12b,HSPA12B,4.569868286533817,0.0466405637787579,UP
Acc6_mbh_AC710222,6,mbh,AC710222,GSE135862,ensembl,Mrm3,MRM3,-0.8761498422548042,0.0466405637787579,DOWN
Acc6_mbh_AC710222,6,mbh,AC710222,GSE135862,ensembl,Zfp212,ZFP212,-2.397910788702772,0.0469288127038636,DOWN
Acc6_mbh_AC710222,6,mbh,AC710222,GSE135862,ensembl,Ppp2r5d,PPP2R5D,-0.6375273412728002,0.0489207291928936,DOWN
Acc6_mbh_AC710222,6,mbh,AC710222,GSE135862,ensembl,Rtkn2,RTKN2,-7.408490063748047,0.0497026016825621,DOWN
Acc6_mbh_COMBO,6,mbh,COMBO,GSE135862,ensembl,Lipt2,LIPT2,6.978162362763866,2.0365644854817814e-10,UP
Acc6_mbh_COMBO,6,mbh,COMBO,GSE135862,ensembl,Rnf19b,RNF19B,3.531970802330292,1.885781701876153e-08,UP
Acc6_mbh_COMBO,6,mbh,COMBO,GSE135862,ensembl,Zfp41,ZFP41,12.268487138365662,6.915738573783356e-05,UP
Acc6_mbh_COMBO,6,mbh,COMBO,GSE135862,ensembl,H2bc21,H2BC21,7.867786834520051,6.915738573783356e-05,UP
Acc6_mbh_COMBO,6,mbh,COMBO,GSE135862,ensembl,Msantd2,MSANTD2,5.816257229605047,6.915738573783356e-05,UP
Acc6_mbh_COMBO,6,mbh,COMBO,GSE135862,ensembl,Gm5532,GM5532,8.24817947332963,0.0001089702779009,UP
Acc6_mbh_COMBO,6,mbh,COMBO,GSE135862,ensembl,Hspa12b,HSPA12B,6.773600896890361,0.0001431873592962,UP
Acc6_mbh_COMBO,6,mbh,COMBO,GSE135862,ensembl,Sema6a,SEMA6A,4.354631172124084,0.0001431873592962,UP
Acc6_mbh_COMBO,6,mbh,COMBO,GSE135862,ensembl,Habp4,HABP4,3.1913282353222407,0.0001431873592962,UP
Acc6_mbh_COMBO,6,mbh,COMBO,GSE135862,ensembl,Nkx2-1,NKX2-1,3.001047988124517,0.0001431873592962,UP
Acc6_mbh_COMBO,6,mbh,COMBO,GSE135862,ensembl,Ubqln1,UBQLN1,2.7779833079392207,0.0001431873592962,UP
Acc6_mbh_COMBO,6,mbh,COMBO,GSE135862,ensembl,Fyn,FYN,2.4520639243126734,0.0001431873592962,UP
Acc6_mbh_COMBO,6,mbh,COMBO,GSE135862,ensembl,Uri1,URI1,2.3274659466809324,0.0001431873592962,UP
Acc6_mbh_COMBO,6,mbh,COMBO,GSE135862,ensembl,Slc4a7,SLC4A7,9.131650448879936,0.000166257327082,UP
Acc6_mbh_COMBO,6,mbh,COMBO,GSE135862,ensembl,Ap1ar,AP1AR,3.373668974251641,0.0002212615954239,UP
Acc6_mbh_COMBO,6,mbh,COMBO,GSE135862,ensembl,Brwd3,BRWD3,11.41538163041879,0.0002691361449215,UP
Acc6_mbh_COMBO,6,mbh,COMBO,GSE135862,ensembl,Bag1,BAG1,2.9325610974343483,0.0002691361449215,UP
Acc6_mbh_COMBO,6,mbh,COMBO,GSE135862,ensembl,Zfyve9,ZFYVE9,2.0407090730353543,0.0002691361449215,UP
Acc6_mbh_COMBO,6,mbh,COMBO,GSE135862,ensembl,C2cd4d,C2CD4D,7.456995256556277,0.0003332745230027,UP
Acc6_mbh_COMBO,6,mbh,COMBO,GSE135862,ensembl,Zfp771,ZFP771,5.743230999221031,0.0003332745230027,UP
Acc6_mbh_COMBO,6,mbh,COMBO,GSE135862,ensembl,Echdc2,ECHDC2,10.939008358473144,0.000380027400928,UP
Acc6_mbh_COMBO,6,mbh,COMBO,GSE135862,ensembl,Fmnl3,FMNL3,9.711953910765098,0.000380027400928,UP
Acc6_mbh_COMBO,6,mbh,COMBO,GSE135862,ensembl,Uncx,UNCX,5.209658670456875,0.000380027400928,UP
Acc6_mbh_COMBO,6,mbh,COMBO,GSE135862,ensembl,Jund,JUND,4.516086895180894,0.000380027400928,UP
Acc6_mbh_COMBO,6,mbh,COMBO,GSE135862,ensembl,Tlnrd1,TLNRD1,3.7360911096312903,0.000380027400928,UP
Acc6_mbh_COMBO,6,mbh,COMBO,GSE135862,ensembl,Tmem65,TMEM65,2.442260083125185,0.000380027400928,UP
Acc6_mbh_COMBO,6,mbh,COMBO,GSE135862,ensembl,Glud1,GLUD1,2.2668791756000832,0.000380027400928,UP
Acc6_mbh_COMBO,6,mbh,COMBO,GSE135862,ensembl,Brwd1,BRWD1,1.451685765083351,0.000380027400928,UP
Acc6_mbh_COMBO,6,mbh,COMBO,GSE135862,ensembl,Nwd2,NWD2,11.567775695400604,0.0003999165507948,UP
Acc6_mbh_COMBO,6,mbh,COMBO,GSE135862,ensembl,Mgmt,MGMT,10.390802334497517,0.0003999165507948,UP
Acc6_mbh_COMBO,6,mbh,COMBO,GSE135862,ensembl,Wsb2,WSB2,1.8844562546835488,0.0004353230699792,UP
Acc6_mbh_COMBO,6,mbh,COMBO,GSE135862,ensembl,Cdk16,CDK16,2.716772213638924,0.0005071076007659,UP
Acc6_mbh_COMBO,6,mbh,COMBO,GSE135862,ensembl,Map7d1,MAP7D1,2.474373636292458,0.0005463785305578,UP
Acc6_mbh_COMBO,6,mbh,COMBO,GSE135862,ensembl,Calcr,CALCR,8.157450351258541,0.0005654632201504,UP
Acc6_mbh_COMBO,6,mbh,COMBO,GSE135862,ensembl,Rbm26,RBM26,2.505729645733214,0.0005654632201504,UP
Acc6_mbh_COMBO,6,mbh,COMBO,GSE135862,ensembl,Myo1e,MYO1E,11.972297692371724,0.0006076265312167,UP
Acc6_mbh_COMBO,6,mbh,COMBO,GSE135862,ensembl,Dcaf10,DCAF10,2.0954054022982382,0.0006076265312167,UP
Acc6_mbh_COMBO,6,mbh,COMBO,GSE135862,ensembl,Fkbp5,FKBP5,2.924159997916014,0.0006366829071186,UP
Acc6_mbh_COMBO,6,mbh,COMBO,GSE135862,ensembl,Neurl1a,NEURL1A,2.358246066330692,0.0006472760775684,UP
Acc6_mbh_COMBO,6,mbh,COMBO,GSE135862,ensembl,Lysmd2,LYSMD2,0.8649459365554925,0.0008846203870954,UP
Acc6_mbh_COMBO,6,mbh,COMBO,GSE135862,ensembl,Pawr,PAWR,11.103389368391811,0.0010723753269596,UP
Acc6_mbh_COMBO,6,mbh,COMBO,GSE135862,ensembl,Mreg,MREG,5.210721896337428,0.0011923441652429,UP
Acc6_mbh_COMBO,6,mbh,COMBO,GSE135862,ensembl,Zfp52,ZFP52,9.247993361438182,0.0012260970715529,UP
Acc6_mbh_COMBO,6,mbh,COMBO,GSE135862,ensembl,Fnip2,FNIP2,6.297781138520686,0.0012260970715529,UP
Acc6_mbh_COMBO,6,mbh,COMBO,GSE135862,ensembl,Kif3b,KIF3B,1.13461853911446,0.0012260970715529,UP
Acc6_mbh_COMBO,6,mbh,COMBO,GSE135862,ensembl,Prkaca,PRKACA,3.497968119936246,0.0013717630601374,UP
Acc6_mbh_COMBO,6,mbh,COMBO,GSE135862,ensembl,Epha10,EPHA10,11.22486222774474,0.0015757570511148,UP
Acc6_mbh_COMBO,6,mbh,COMBO,GSE135862,ensembl,Cdan1,CDAN1,3.549820401920035,0.0016884219683615,UP
Acc6_mbh_COMBO,6,mbh,COMBO,GSE135862,ensembl,Nsmce4a,NSMCE4A,3.164930743324633,0.0017061650402637,UP
Acc6_mbh_COMBO,6,mbh,COMBO,GSE135862,ensembl,Ptov1,PTOV1,3.115177613543952,0.0019022517739326,UP
Acc6_mbh_COMBO,6,mbh,COMBO,GSE135862,ensembl,Cmas,CMAS,1.7839139716174006,0.0021451860295278,UP
Acc6_mbh_COMBO,6,mbh,COMBO,GSE135862,ensembl,Odc1,ODC1,2.762643903900005,0.0022661698650469,UP
Acc6_mbh_COMBO,6,mbh,COMBO,GSE135862,ensembl,Tmem160,TMEM160,2.693597272300257,0.0023533452305943,UP
Acc6_mbh_COMBO,6,mbh,COMBO,GSE135862,ensembl,Ppp2ca,PPP2CA,2.709384508951055,0.0023921341668332,UP
Acc6_mbh_COMBO,6,mbh,COMBO,GSE135862,ensembl,Efhd2,EFHD2,2.4637906689067197,0.002417473430007,UP
Acc6_mbh_COMBO,6,mbh,COMBO,GSE135862,ensembl,Tprg1l,TPRG1L,1.9894602001961783,0.00252252308914,UP
Acc6_mbh_COMBO,6,mbh,COMBO,GSE135862,ensembl,Rexo5,REXO5,7.06497381554981,0.0026400639428782,UP
Acc6_mbh_COMBO,6,mbh,COMBO,GSE135862,ensembl,Rnf187,RNF187,3.2424216866263604,0.0026400639428782,UP
Acc6_mbh_COMBO,6,mbh,COMBO,GSE135862,ensembl,Cgnl1,CGNL1,10.363607366008967,0.0033611475285668,UP
Acc6_mbh_COMBO,6,mbh,COMBO,GSE135862,ensembl,Prkcb,PRKCB,1.8913625612188223,0.0033611475285668,UP
Acc6_mbh_COMBO,6,mbh,COMBO,GSE135862,ensembl,Cyrib,CYRIB,1.62499202515485,0.0033611475285668,UP
Acc6_mbh_COMBO,6,mbh,COMBO,GSE135862,ensembl,Cacna1d,CACNA1D,11.684279432288896,0.0035610235052066,UP
Acc6_mbh_COMBO,6,mbh,COMBO,GSE135862,ensembl,Mapk1,MAPK1,1.8541587782905669,0.0035610235052066,UP
Acc6_mbh_COMBO,6,mbh,COMBO,GSE135862,ensembl,Bod1,BOD1,3.585431404685989,0.0036564944587299,UP
Acc6_mbh_COMBO,6,mbh,COMBO,GSE135862,ensembl,Taf10,TAF10,3.0812433333602263,0.0036564944587299,UP
Acc6_mbh_COMBO,6,mbh,COMBO,GSE135862,ensembl,Adap2,ADAP2,6.874085401347295,0.003673966579539,UP
Acc6_mbh_COMBO,6,mbh,COMBO,GSE135862,ensembl,Slc9b2,SLC9B2,9.973055748833527,0.0040654593295132,UP
Acc6_mbh_COMBO,6,mbh,COMBO,GSE135862,ensembl,Fance,FANCE,1.9951144338636395,0.0040654593295132,UP
Acc6_mbh_COMBO,6,mbh,COMBO,GSE135862,ensembl,Tmem131l,TMEM131L,7.447558131399998,0.0041006604862727,UP
Acc6_mbh_COMBO,6,mbh,COMBO,GSE135862,ensembl,Szt2,SZT2,11.063278131574489,0.0041983069291677,UP
Acc6_mbh_COMBO,6,mbh,COMBO,GSE135862,ensembl,Igfbp2,IGFBP2,9.88920486757379,0.0041983069291677,UP
Acc6_mbh_COMBO,6,mbh,COMBO,GSE135862,ensembl,Ctbp1,CTBP1,2.2943304560232947,0.0042424029838215,UP
Acc6_mbh_COMBO,6,mbh,COMBO,GSE135862,ensembl,Atp11c,ATP11C,11.381262900832372,0.0044072165965246,UP
Acc6_mbh_COMBO,6,mbh,COMBO,GSE135862,ensembl,Dtx1,DTX1,2.6720196953052726,0.0044072165965246,UP
Acc6_mbh_COMBO,6,mbh,COMBO,GSE135862,ensembl,Nudt3,NUDT3,1.2554164559252647,0.0044072165965246,UP
Acc6_mbh_COMBO,6,mbh,COMBO,GSE135862,ensembl,Tcirg1,TCIRG1,7.542526469343269,0.0049852920851459,UP
Acc6_mbh_COMBO,6,mbh,COMBO,GSE135862,ensembl,Nanos1,NANOS1,2.668564848583472,0.0049852920851459,UP
Acc6_mbh_COMBO,6,mbh,COMBO,GSE135862,ensembl,Mtch1,MTCH1,1.4826964000867942,0.0049852920851459,UP
Acc6_mbh_COMBO,6,mbh,COMBO,GSE135862,ensembl,Mef2d,MEF2D,1.2106950048978726,0.0049852920851459,UP
Acc6_mbh_COMBO,6,mbh,COMBO,GSE135862,ensembl,Plcg1,PLCG1,2.949133279753214,0.0051899262170849,UP
Acc6_mbh_COMBO,6,mbh,COMBO,GSE135862,ensembl,Tm7sf2,TM7SF2,11.031436955105749,0.0055469924959628,UP
Acc6_mbh_COMBO,6,mbh,COMBO,GSE135862,ensembl,Pisd-ps1,PISD-PS1,1.3193623287151626,0.0055469924959628,UP
Acc6_mbh_COMBO,6,mbh,COMBO,GSE135862,ensembl,Gpr62,GPR62,2.800624208187632,0.005914471566731,UP
Acc6_mbh_COMBO,6,mbh,COMBO,GSE135862,ensembl,Map1lc3a,MAP1LC3A,0.9738391742379728,0.005914471566731,UP
Acc6_mbh_COMBO,6,mbh,COMBO,GSE135862,ensembl,Rnd2,RND2,0.9131344792632572,0.005914471566731,UP
Acc6_mbh_COMBO,6,mbh,COMBO,GSE135862,ensembl,Hras,HRAS,1.8730242590005903,0.0063853227455933,UP
Acc6_mbh_COMBO,6,mbh,COMBO,GSE135862,ensembl,Prkar2b,PRKAR2B,1.8428435557501637,0.006771661171809,UP
Acc6_mbh_COMBO,6,mbh,COMBO,GSE135862,ensembl,Ccdc78,CCDC78,8.811206846567188,0.0067744319277272,UP
Acc6_mbh_COMBO,6,mbh,COMBO,GSE135862,ensembl,Kdelr2,KDELR2,-2.504921831011955,0.0071870138548305,DOWN
Acc6_mbh_COMBO,6,mbh,COMBO,GSE135862,ensembl,Klhdc2,KLHDC2,1.84078928968346,0.0071870138548305,UP
Acc6_mbh_COMBO,6,mbh,COMBO,GSE135862,ensembl,Dock5,DOCK5,10.894077603745496,0.0072646390286697,UP
Acc6_mbh_COMBO,6,mbh,COMBO,GSE135862,ensembl,Btbd1,BTBD1,1.903738699637664,0.007333502328721,UP
Acc6_mbh_COMBO,6,mbh,COMBO,GSE135862,ensembl,Bloc1s3,BLOC1S3,4.220453972065748,0.007663920891175,UP
Acc6_mbh_COMBO,6,mbh,COMBO,GSE135862,ensembl,Macroh2a1,MACROH2A1,0.9142505966180192,0.0081230807413498,UP
Acc6_mbh_COMBO,6,mbh,COMBO,GSE135862,ensembl,Grik5,GRIK5,4.034661721027036,0.008259820239034,UP
Acc6_mbh_COMBO,6,mbh,COMBO,GSE135862,ensembl,Gm14168,GM14168,10.643583679974062,0.0087602736935029,UP
Acc6_mbh_COMBO,6,mbh,COMBO,GSE135862,ensembl,Adra2c,ADRA2C,8.610361914692346,0.0087602736935029,UP
Acc6_mbh_COMBO,6,mbh,COMBO,GSE135862,ensembl,Mxd4,MXD4,1.3729328436429074,0.0089692382402638,UP
Acc6_mbh_COMBO,6,mbh,COMBO,GSE135862,ensembl,Pan3,PAN3,2.385761627335209,0.0099020307650964,UP
Acc6_mbh_COMBO,6,mbh,COMBO,GSE135862,ensembl,Sh3gl3,SH3GL3,1.891879858992899,0.0103201630522883,UP
Acc6_mbh_COMBO,6,mbh,COMBO,GSE135862,ensembl,Hnrnpab,HNRNPAB,3.0099194417836275,0.0104623154079199,UP
Acc6_mbh_COMBO,6,mbh,COMBO,GSE135862,ensembl,Notch2,NOTCH2,-7.222587121825962,0.0117397144549026,DOWN
Acc6_mbh_COMBO,6,mbh,COMBO,GSE135862,ensembl,Sox4,SOX4,3.661571014998013,0.0117606288131629,UP
Acc6_mbh_COMBO,6,mbh,COMBO,GSE135862,ensembl,Kras,KRAS,2.148773342257414,0.0117606288131629,UP
Acc6_mbh_COMBO,6,mbh,COMBO,GSE135862,ensembl,Actg1,ACTG1,-0.7406334661776152,0.0121438840764764,DOWN
Acc6_mbh_COMBO,6,mbh,COMBO,GSE135862,ensembl,Cdc45,CDC45,10.088684551697003,0.0131449172132526,UP
Acc6_mbh_COMBO,6,mbh,COMBO,GSE135862,ensembl,Wdhd1,WDHD1,3.634272951552032,0.0136476427404666,UP
Acc6_mbh_COMBO,6,mbh,COMBO,GSE135862,ensembl,Rfxap,RFXAP,2.1128757924227064,0.01439067365045,UP
Acc6_mbh_COMBO,6,mbh,COMBO,GSE135862,ensembl,Brap,BRAP,2.392751826394628,0.0145316887631267,UP
Acc6_mbh_COMBO,6,mbh,COMBO,GSE135862,ensembl,Slc35g1,SLC35G1,10.903499635817743,0.0149626850209529,UP
Acc6_mbh_COMBO,6,mbh,COMBO,GSE135862,ensembl,Kctd3,KCTD3,1.2257077415454158,0.0149626850209529,UP
Acc6_mbh_COMBO,6,mbh,COMBO,GSE135862,ensembl,Apmap,APMAP,1.9886037107496808,0.0154923649217282,UP
Acc6_mbh_COMBO,6,mbh,COMBO,GSE135862,ensembl,Bc065397,BC065397,9.97852355647897,0.015972906849613,UP
Acc6_mbh_COMBO,6,mbh,COMBO,GSE135862,ensembl,Slc25a5,SLC25A5,-0.7701695976556456,0.0173290012829282,DOWN
Acc6_mbh_COMBO,6,mbh,COMBO,GSE135862,ensembl,Trim8,TRIM8,1.4714519878456556,0.0174663486424485,UP
Acc6_mbh_COMBO,6,mbh,COMBO,GSE135862,ensembl,Asxl3,ASXL3,8.763816203858354,0.0175740980875285,UP
Acc6_mbh_COMBO,6,mbh,COMBO,GSE135862,ensembl,Acvr1c,ACVR1C,7.038775049331291,0.0175740980875285,UP
Acc6_mbh_COMBO,6,mbh,COMBO,GSE135862,ensembl,Flna,FLNA,6.556785190348282,0.0175740980875285,UP
Acc6_mbh_COMBO,6,mbh,COMBO,GSE135862,ensembl,Bean1,BEAN1,2.7036931675686247,0.0175740980875285,UP
Acc6_mbh_COMBO,6,mbh,COMBO,GSE135862,ensembl,Gm13889,GM13889,2.098221778672155,0.0175740980875285,UP
Acc6_mbh_COMBO,6,mbh,COMBO,GSE135862,ensembl,Camsap2,CAMSAP2,1.604767436416655,0.0175740980875285,UP
Acc6_mbh_COMBO,6,mbh,COMBO,GSE135862,ensembl,Slmap,SLMAP,1.5955704390412353,0.0175740980875285,UP
Acc6_mbh_COMBO,6,mbh,COMBO,GSE135862,ensembl,Rnf11,RNF11,2.8804289279882584,0.0180648913311048,UP
Acc6_mbh_COMBO,6,mbh,COMBO,GSE135862,ensembl,Ctf1,CTF1,10.371087357296515,0.0181906799017013,UP
Acc6_mbh_COMBO,6,mbh,COMBO,GSE135862,ensembl,F12,F12,9.865737321746138,0.0181906799017013,UP
Acc6_mbh_COMBO,6,mbh,COMBO,GSE135862,ensembl,Dapk3,DAPK3,5.598942802183799,0.0181906799017013,UP
Acc6_mbh_COMBO,6,mbh,COMBO,GSE135862,ensembl,Sgpp1,SGPP1,4.753103420739248,0.0181906799017013,UP
Acc6_mbh_COMBO,6,mbh,COMBO,GSE135862,ensembl,Hace1,HACE1,1.764441084596379,0.0181906799017013,UP
Acc6_mbh_COMBO,6,mbh,COMBO,GSE135862,ensembl,2410006h16rik,2410006H16RIK,-1.3884128023967506,0.0181906799017013,DOWN
Acc6_mbh_COMBO,6,mbh,COMBO,GSE135862,ensembl,Anxa4,ANXA4,3.622775838615898,0.0183753845175096,UP
Acc6_mbh_COMBO,6,mbh,COMBO,GSE135862,ensembl,Baz1b,BAZ1B,1.433479828315363,0.0183753845175096,UP
Acc6_mbh_COMBO,6,mbh,COMBO,GSE135862,ensembl,Dpf2,DPF2,-0.6033357718238284,0.0183753845175096,DOWN
Acc6_mbh_COMBO,6,mbh,COMBO,GSE135862,ensembl,Pxdn,PXDN,6.65816317720864,0.0186096585930071,UP
Acc6_mbh_COMBO,6,mbh,COMBO,GSE135862,ensembl,Irx5,IRX5,6.883119863300368,0.0192641621702211,UP
Acc6_mbh_COMBO,6,mbh,COMBO,GSE135862,ensembl,Rrs1,RRS1,2.728461850149697,0.0194113567395498,UP
Acc6_mbh_COMBO,6,mbh,COMBO,GSE135862,ensembl,6430548m08rik,6430548M08RIK,1.532708643089704,0.0195883230717017,UP
Acc6_mbh_COMBO,6,mbh,COMBO,GSE135862,ensembl,Il12rb2,IL12RB2,6.741206161125957,0.0197765114227305,UP
Acc6_mbh_COMBO,6,mbh,COMBO,GSE135862,ensembl,Rabl3,RABL3,-1.627313934080283,0.0206505777482708,DOWN
Acc6_mbh_COMBO,6,mbh,COMBO,GSE135862,ensembl,Cbx4,CBX4,1.7956311820876727,0.0216581578558613,UP
Acc6_mbh_COMBO,6,mbh,COMBO,GSE135862,ensembl,Slc22a15,SLC22A15,5.371274962390941,0.0218662524109564,UP
Acc6_mbh_COMBO,6,mbh,COMBO,GSE135862,ensembl,Srpk3,SRPK3,10.414765764645717,0.0224702343133167,UP
Acc6_mbh_COMBO,6,mbh,COMBO,GSE135862,ensembl,Fam241a,FAM241A,8.078715293335966,0.0224702343133167,UP
Acc6_mbh_COMBO,6,mbh,COMBO,GSE135862,ensembl,Zfand5,ZFAND5,2.1039656825594464,0.0224702343133167,UP
Acc6_mbh_COMBO,6,mbh,COMBO,GSE135862,ensembl,Stard7,STARD7,1.696265463951526,0.0224702343133167,UP
Acc6_mbh_COMBO,6,mbh,COMBO,GSE135862,ensembl,Fbxo32,FBXO32,4.341412115677951,0.0225907067167545,UP
Acc6_mbh_COMBO,6,mbh,COMBO,GSE135862,ensembl,B630019k06rik,B630019K06RIK,1.8263606701684616,0.0225907067167545,UP
Acc6_mbh_COMBO,6,mbh,COMBO,GSE135862,ensembl,Abhd12,ABHD12,1.53051497662148,0.022715715901612,UP
Acc6_mbh_COMBO,6,mbh,COMBO,GSE135862,ensembl,Syndig1l,SYNDIG1L,2.3644557115718032,0.0232475626502904,UP
Acc6_mbh_COMBO,6,mbh,COMBO,GSE135862,ensembl,Atmin,ATMIN,1.5027715729141458,0.0232475626502904,UP
Acc6_mbh_COMBO,6,mbh,COMBO,GSE135862,ensembl,Shank1,SHANK1,-0.6775069658887082,0.0232475626502904,DOWN
Acc6_mbh_COMBO,6,mbh,COMBO,GSE135862,ensembl,Top2a,TOP2A,7.203223946160405,0.0236470685149931,UP
Acc6_mbh_COMBO,6,mbh,COMBO,GSE135862,ensembl,Cdk17,CDK17,1.9287263254996136,0.0236999570877371,UP
Acc6_mbh_COMBO,6,mbh,COMBO,GSE135862,ensembl,Socs5,SOCS5,1.0546887104727207,0.0247395751690201,UP
Acc6_mbh_COMBO,6,mbh,COMBO,GSE135862,ensembl,Lias,LIAS,-0.7332438582359014,0.0247395751690201,DOWN
Acc6_mbh_COMBO,6,mbh,COMBO,GSE135862,ensembl,Slc35d3,SLC35D3,9.672541479868242,0.024914843745357,UP
Acc6_mbh_COMBO,6,mbh,COMBO,GSE135862,ensembl,Ankrd23,ANKRD23,10.065892731435026,0.0257871077820468,UP
Acc6_mbh_COMBO,6,mbh,COMBO,GSE135862,ensembl,Rab24,RAB24,2.3086033132671417,0.0257871077820468,UP
Acc6_mbh_COMBO,6,mbh,COMBO,GSE135862,ensembl,Chka,CHKA,2.0535009387461587,0.0257871077820468,UP
Acc6_mbh_COMBO,6,mbh,COMBO,GSE135862,ensembl,Pim3,PIM3,1.5976142367452792,0.0257871077820468,UP
Acc6_mbh_COMBO,6,mbh,COMBO,GSE135862,ensembl,Ube2r2,UBE2R2,1.7980943045661526,0.0266965991728492,UP
Acc6_mbh_COMBO,6,mbh,COMBO,GSE135862,ensembl,Slc25a28,SLC25A28,1.7920267244015518,0.0266965991728492,UP
Acc6_mbh_COMBO,6,mbh,COMBO,GSE135862,ensembl,Slc26a6,SLC26A6,10.824861643999595,0.0268529280484247,UP
Acc6_mbh_COMBO,6,mbh,COMBO,GSE135862,ensembl,Cnksr2,CNKSR2,1.8068361804800244,0.0270261337906562,UP
Acc6_mbh_COMBO,6,mbh,COMBO,GSE135862,ensembl,Pde3a,PDE3A,9.566529891892834,0.0272401220380859,UP
Acc6_mbh_COMBO,6,mbh,COMBO,GSE135862,ensembl,Tysnd1,TYSND1,4.481325345420069,0.0273191729104984,UP
Acc6_mbh_COMBO,6,mbh,COMBO,GSE135862,ensembl,Cd53,CD53,9.829697939136834,0.0274393888675705,UP
Acc6_mbh_COMBO,6,mbh,COMBO,GSE135862,ensembl,Nupr2,NUPR2,7.846613375881734,0.0274393888675705,UP
Acc6_mbh_COMBO,6,mbh,COMBO,GSE135862,ensembl,Creb3l1,CREB3L1,5.599549355150715,0.0274393888675705,UP
Acc6_mbh_COMBO,6,mbh,COMBO,GSE135862,ensembl,Grk2,GRK2,0.7497368240472344,0.0274393888675705,UP
Acc6_mbh_COMBO,6,mbh,COMBO,GSE135862,ensembl,Sst,SST,-0.7483860924633748,0.0274393888675705,DOWN
Acc6_mbh_COMBO,6,mbh,COMBO,GSE135862,ensembl,Pithd1,PITHD1,2.052660467083203,0.0274771746847453,UP
Acc6_mbh_COMBO,6,mbh,COMBO,GSE135862,ensembl,Gnai1,GNAI1,1.8231082751542491,0.0297770962472041,UP
Acc6_mbh_COMBO,6,mbh,COMBO,GSE135862,ensembl,Insm2,INSM2,8.70427989615264,0.0299363921970349,UP
Acc6_mbh_COMBO,6,mbh,COMBO,GSE135862,ensembl,Rap1gds1,RAP1GDS1,1.016348215741636,0.0300102554012842,UP
Acc6_mbh_COMBO,6,mbh,COMBO,GSE135862,ensembl,Mrs2,MRS2,4.707688441096325,0.032672659379575,UP
Acc6_mbh_COMBO,6,mbh,COMBO,GSE135862,ensembl,Tirap,TIRAP,4.797857589858658,0.0328496246109869,UP
Acc6_mbh_COMBO,6,mbh,COMBO,GSE135862,ensembl,9130221h12rik,9130221H12RIK,8.49064277891088,0.0331415690591443,UP
Acc6_mbh_COMBO,6,mbh,COMBO,GSE135862,ensembl,Psip1,PSIP1,1.761745394438972,0.0332454299945749,UP
Acc6_mbh_COMBO,6,mbh,COMBO,GSE135862,ensembl,Ccdc9b,CCDC9B,10.05777474316816,0.0334921252782597,UP
Acc6_mbh_COMBO,6,mbh,COMBO,GSE135862,ensembl,Fam43b,FAM43B,3.536388257911176,0.0334943214681976,UP
Acc6_mbh_COMBO,6,mbh,COMBO,GSE135862,ensembl,Gclm,GCLM,1.9237347290027724,0.0335896363770725,UP
Acc6_mbh_COMBO,6,mbh,COMBO,GSE135862,ensembl,Rnf6,RNF6,-0.6020790981336658,0.0338434549457508,DOWN
Acc6_mbh_COMBO,6,mbh,COMBO,GSE135862,ensembl,Plekhh2,PLEKHH2,8.998045710538472,0.0340859064677731,UP
Acc6_mbh_COMBO,6,mbh,COMBO,GSE135862,ensembl,Ptgr1,PTGR1,10.24468319394188,0.0348886914529701,UP
Acc6_mbh_COMBO,6,mbh,COMBO,GSE135862,ensembl,Eya1,EYA1,6.790570247880915,0.0350607280007866,UP
Acc6_mbh_COMBO,6,mbh,COMBO,GSE135862,ensembl,Irx3,IRX3,4.908929258343469,0.0350607280007866,UP
Acc6_mbh_COMBO,6,mbh,COMBO,GSE135862,ensembl,Glrx5,GLRX5,2.221429617813058,0.0350607280007866,UP
Acc6_mbh_COMBO,6,mbh,COMBO,GSE135862,ensembl,Plcb2,PLCB2,11.088695970093148,0.0351194841766514,UP
Acc6_mbh_COMBO,6,mbh,COMBO,GSE135862,ensembl,Bmpr2,BMPR2,7.75508321112195,0.0351194841766514,UP
Acc6_mbh_COMBO,6,mbh,COMBO,GSE135862,ensembl,Ptp4a1,PTP4A1,1.1804935393774572,0.0351194841766514,UP
Acc6_mbh_COMBO,6,mbh,COMBO,GSE135862,ensembl,Rnf130,RNF130,5.169226066442013,0.0356211349167666,UP
Acc6_mbh_COMBO,6,mbh,COMBO,GSE135862,ensembl,Mindy2,MINDY2,2.026336643908252,0.0356211349167666,UP
Acc6_mbh_COMBO,6,mbh,COMBO,GSE135862,ensembl,F11r,F11R,9.315087100362213,0.0358893205677754,UP
Acc6_mbh_COMBO,6,mbh,COMBO,GSE135862,ensembl,Rap1b,RAP1B,1.798394066964309,0.0373648114664098,UP
Acc6_mbh_COMBO,6,mbh,COMBO,GSE135862,ensembl,Ralgds,RALGDS,1.600846396028719,0.0373648114664098,UP
Acc6_mbh_COMBO,6,mbh,COMBO,GSE135862,ensembl,Ppp3ca,PPP3CA,0.9407638669627076,0.0373648114664098,UP
Acc6_mbh_COMBO,6,mbh,COMBO,GSE135862,ensembl,Cep57l1,CEP57L1,4.185483810609672,0.0392650197036813,UP
Acc6_mbh_COMBO,6,mbh,COMBO,GSE135862,ensembl,Psmb8,PSMB8,-2.1164274744370064,0.0402803714780247,DOWN
Acc6_mbh_COMBO,6,mbh,COMBO,GSE135862,ensembl,Grb2,GRB2,1.095279042985403,0.0405665357047555,UP
Acc6_mbh_COMBO,6,mbh,COMBO,GSE135862,ensembl,Scarf2,SCARF2,4.554484217754299,0.0406954668244147,UP
Acc6_mbh_COMBO,6,mbh,COMBO,GSE135862,ensembl,Plxna4,PLXNA4,4.141382255444274,0.0406954668244147,UP
Acc6_mbh_COMBO,6,mbh,COMBO,GSE135862,ensembl,Gsk3a,GSK3A,2.2472461346344725,0.0408546134534642,UP
Acc6_mbh_COMBO,6,mbh,COMBO,GSE135862,ensembl,Cdr2l,CDR2L,2.507241473506574,0.0419588105555209,UP
Acc6_mbh_COMBO,6,mbh,COMBO,GSE135862,ensembl,Slc10a7,SLC10A7,10.91299697172273,0.0425350609403147,UP
Acc6_mbh_COMBO,6,mbh,COMBO,GSE135862,ensembl,A230009b12rik,A230009B12RIK,-5.954947094152372,0.0430028488918578,DOWN
Acc6_mbh_COMBO,6,mbh,COMBO,GSE135862,ensembl,Gm12144,GM12144,9.67707879354082,0.0431611863060031,UP
Acc6_mbh_COMBO,6,mbh,COMBO,GSE135862,ensembl,Timm29,TIMM29,2.1418613441547207,0.0431611863060031,UP
Acc6_mbh_COMBO,6,mbh,COMBO,GSE135862,ensembl,Pitpna,PITPNA,1.4939648806324737,0.0431611863060031,UP
Acc6_mbh_COMBO,6,mbh,COMBO,GSE135862,ensembl,Ppm1a,PPM1A,1.3160375790078818,0.0431611863060031,UP
Acc6_mbh_COMBO,6,mbh,COMBO,GSE135862,ensembl,N4bp2l2,N4BP2L2,-0.9358216453611776,0.043514948204957,DOWN
Acc6_mbh_COMBO,6,mbh,COMBO,GSE135862,ensembl,Tusc1,TUSC1,5.640673494147318,0.0454164189598463,UP
Acc6_mbh_COMBO,6,mbh,COMBO,GSE135862,ensembl,Trim3,TRIM3,0.9706513293485858,0.0454928615795446,UP
Acc6_mbh_COMBO,6,mbh,COMBO,GSE135862,ensembl,Gm12350,GM12350,-1.6055290153669093,0.0457134417762588,DOWN
Acc6_mbh_COMBO,6,mbh,COMBO,GSE135862,ensembl,Ube2e3,UBE2E3,0.7888434729440768,0.0460516438272567,UP
Acc6_mbh_COMBO,6,mbh,COMBO,GSE135862,ensembl,Camk2n2,CAMK2N2,1.9384882527679177,0.0462500135179988,UP
Acc6_mbh_COMBO,6,mbh,COMBO,GSE135862,ensembl,Gnl1,GNL1,0.5890713440501103,0.0462500135179988,UP
Acc6_mbh_COMBO,6,mbh,COMBO,GSE135862,ensembl,Tmem91,TMEM91,-1.0264858653148374,0.0465529831631776,DOWN
Acc6_mbh_COMBO,6,mbh,COMBO,GSE135862,ensembl,Kcng1,KCNG1,10.387339526774335,0.0471133581495853,UP
Acc6_mbh_COMBO,6,mbh,COMBO,GSE135862,ensembl,Tbx19,TBX19,5.563975916820736,0.0471133581495853,UP
Acc6_mbh_COMBO,6,mbh,COMBO,GSE135862,ensembl,Elmod3,ELMOD3,-1.5507864207189297,0.047447541103541,DOWN
Acc6_mbh_COMBO,6,mbh,COMBO,GSE135862,ensembl,Pnrc1,PNRC1,1.4571392214156866,0.0475314107140419,UP
Acc6_mbh_COMBO,6,mbh,COMBO,GSE135862,ensembl,Stk39,STK39,1.8487324803906544,0.0491725167442798,UP
Acc6_mbh_COMBO,6,mbh,COMBO,GSE135862,ensembl,Pold2,POLD2,-0.5583080658032836,0.0494531018070263,DOWN
Acc6_mbh_COMBO,6,mbh,COMBO,GSE135862,ensembl,Ppm1b,PPM1B,1.5153166486592122,0.0495083091360373,UP
Acc8_frontalcortex_YA_Ex,8,frontalcortex,YA_Ex,GSE280382,gene_name,Tnfrsf14,TNFRSF14,-0.6607702173270678,0.0063763254485347,DOWN
Acc8_hippocampus_YA_Ex,8,hippocampus,YA_Ex,GSE280382,gene_name,Gm20594,GM20594,1.6938232268212583,0.0001104340829103,UP
Acc8_hippocampus_YA_Ex,8,hippocampus,YA_Ex,GSE280382,gene_name,Gm15421,GM15421,1.4070572548705749,0.0006228147469498,UP
Acc8_hypothalamus_YA_Ex,8,hypothalamus,YA_Ex,GSE280382,gene_name,Lrg1,LRG1,1.3528427488856942,0.0028126208465359,UP
Acc8_frontalcortex_LT_A_Ex,8,frontalcortex,LT_A_Ex,GSE280382,gene_name,Icosl,ICOSL,0.7201198136110322,0.0031848149669483,UP
Acc8_frontalcortex_LT_A_Ex,8,frontalcortex,LT_A_Ex,GSE280382,gene_name,Vwf,VWF,0.7487221067386475,0.0175430114603339,UP
Acc8_frontalcortex_LT_A_Ex,8,frontalcortex,LT_A_Ex,GSE280382,gene_name,Gjb2,GJB2,0.7022713246022227,0.0175430114603339,UP
Acc8_frontalcortex_LT_A_Ex,8,frontalcortex,LT_A_Ex,GSE280382,gene_name,Ppp1r3g,PPP1R3G,-0.5653893299215375,0.0218188334435693,DOWN
Acc8_frontalcortex_LT_A_Ex,8,frontalcortex,LT_A_Ex,GSE280382,gene_name,Slc6a20a,SLC6A20A,0.7216211240438997,0.0453288888401503,UP
Acc8_hypothalamus_LT_A_Ex,8,hypothalamus,LT_A_Ex,GSE280382,gene_name,Zfp101,ZFP101,0.6200565515458255,5.623522566041675e-05,UP
Acc8_hypothalamus_LT_A_Ex,8,hypothalamus,LT_A_Ex,GSE280382,gene_name,Frmpd1,FRMPD1,-0.562610764817394,5.623522566041675e-05,DOWN
Acc8_hypothalamus_LT_A_Ex,8,hypothalamus,LT_A_Ex,GSE280382,gene_name,Loc118568120,LOC118568120,0.6270762349527864,8.68167438164848e-05,UP
Acc8_hypothalamus_LT_A_Ex,8,hypothalamus,LT_A_Ex,GSE280382,gene_name,Prrx1,PRRX1,0.5864681909948345,0.0003469707363834,UP
Acc8_hypothalamus_LT_A_Ex,8,hypothalamus,LT_A_Ex,GSE280382,gene_name,Trim59,TRIM59,0.8655976582068029,0.0006927342999174,UP
Acc8_hypothalamus_LT_A_Ex,8,hypothalamus,LT_A_Ex,GSE280382,gene_name,Whrn,WHRN,-0.6107640275802576,0.0006927342999174,DOWN
Acc8_hypothalamus_LT_A_Ex,8,hypothalamus,LT_A_Ex,GSE280382,gene_name,Loc108167751,LOC108167751,-0.5903974369275509,0.0008580097614418,DOWN
Acc8_hypothalamus_LT_A_Ex,8,hypothalamus,LT_A_Ex,GSE280382,gene_name,Chac1,CHAC1,-0.5607779107077584,0.0020517374933839,DOWN
Acc8_hypothalamus_LT_A_Ex,8,hypothalamus,LT_A_Ex,GSE280382,gene_name,Klhdc7a,KLHDC7A,-0.5448807616503635,0.0020517374933839,DOWN
Acc8_hypothalamus_LT_A_Ex,8,hypothalamus,LT_A_Ex,GSE280382,gene_name,Ptgs2,PTGS2,1.503036947638479,0.002247745805491,UP
Acc8_hypothalamus_LT_A_Ex,8,hypothalamus,LT_A_Ex,GSE280382,gene_name,Clec2d,CLEC2D,0.8097091116627859,0.0023821059666757,UP
Acc8_hypothalamus_LT_A_Ex,8,hypothalamus,LT_A_Ex,GSE280382,gene_name,Scube1,SCUBE1,-0.5207539918031512,0.0039385029860955,DOWN
Acc8_hypothalamus_LT_A_Ex,8,hypothalamus,LT_A_Ex,GSE280382,gene_name,Zfp469,ZFP469,-0.753675153565832,0.0041049436235865,DOWN
Acc8_hypothalamus_LT_A_Ex,8,hypothalamus,LT_A_Ex,GSE280382,gene_name,Aspa,ASPA,0.5891093434224034,0.004449801737344,UP
Acc8_hypothalamus_LT_A_Ex,8,hypothalamus,LT_A_Ex,GSE280382,gene_name,Cdc42ep2,CDC42EP2,0.5569490495915729,0.0047749000491187,UP
Acc8_hypothalamus_LT_A_Ex,8,hypothalamus,LT_A_Ex,GSE280382,gene_name,Adgrl4,ADGRL4,0.538614160526983,0.0058479784811262,UP
Acc8_hypothalamus_LT_A_Ex,8,hypothalamus,LT_A_Ex,GSE280382,gene_name,Nrxn2,NRXN2,-0.5167245346229168,0.0058479784811262,DOWN
Acc8_hypothalamus_LT_A_Ex,8,hypothalamus,LT_A_Ex,GSE280382,gene_name,Ppp1ccb,PPP1CCB,-0.8699361249172456,0.0062066680201358,DOWN
Acc8_hypothalamus_LT_A_Ex,8,hypothalamus,LT_A_Ex,GSE280382,gene_name,Hr,HR,-0.734121610824876,0.0062066680201358,DOWN
Acc8_hypothalamus_LT_A_Ex,8,hypothalamus,LT_A_Ex,GSE280382,gene_name,Ofd1,OFD1,0.5336602657030208,0.0062066680201358,UP
Acc8_hypothalamus_LT_A_Ex,8,hypothalamus,LT_A_Ex,GSE280382,gene_name,Grin2c,GRIN2C,-0.5648945692125428,0.0065779408467525,DOWN
Acc8_hypothalamus_LT_A_Ex,8,hypothalamus,LT_A_Ex,GSE280382,gene_name,Pomc,POMC,-0.7992513909171205,0.0072482862005063,DOWN
Acc8_hypothalamus_LT_A_Ex,8,hypothalamus,LT_A_Ex,GSE280382,gene_name,Lamb3,LAMB3,-0.613785490234045,0.0075273846730204,DOWN
Acc8_hypothalamus_LT_A_Ex,8,hypothalamus,LT_A_Ex,GSE280382,gene_name,Ky,KY,-0.5529249098830639,0.0075273846730204,DOWN
Acc8_hypothalamus_LT_A_Ex,8,hypothalamus,LT_A_Ex,GSE280382,gene_name,Gm30908,GM30908,0.7256234747580702,0.0080700729367786,UP
Acc8_hypothalamus_LT_A_Ex,8,hypothalamus,LT_A_Ex,GSE280382,gene_name,St3gal3,ST3GAL3,-0.5224713124477974,0.0080700729367786,DOWN
Acc8_hypothalamus_LT_A_Ex,8,hypothalamus,LT_A_Ex,GSE280382,gene_name,Lfng,LFNG,-0.5202247593703463,0.0080700729367786,DOWN
Acc8_hypothalamus_LT_A_Ex,8,hypothalamus,LT_A_Ex,GSE280382,gene_name,Iigp1,IIGP1,1.0113060777040963,0.0083640099568118,UP
Acc8_hypothalamus_LT_A_Ex,8,hypothalamus,LT_A_Ex,GSE280382,gene_name,Zfp938,ZFP938,0.5247293620082347,0.0085274665611583,UP
Acc8_hypothalamus_LT_A_Ex,8,hypothalamus,LT_A_Ex,GSE280382,gene_name,Zfp691,ZFP691,-0.5774891963227764,0.0094112636513611,DOWN
Acc8_hypothalamus_LT_A_Ex,8,hypothalamus,LT_A_Ex,GSE280382,gene_name,Gm45871,GM45871,0.5310008543802125,0.0094112636513611,UP
Acc8_hypothalamus_LT_A_Ex,8,hypothalamus,LT_A_Ex,GSE280382,gene_name,Atp8b1,ATP8B1,0.6062856663482789,0.0104402167563522,UP
Acc8_hypothalamus_LT_A_Ex,8,hypothalamus,LT_A_Ex,GSE280382,gene_name,Tmem256,TMEM256,0.5709312369453352,0.0104402167563522,UP
Acc8_hypothalamus_LT_A_Ex,8,hypothalamus,LT_A_Ex,GSE280382,gene_name,Kcne1l,KCNE1L,-0.5073722575579042,0.0104402167563522,DOWN
Acc8_hypothalamus_LT_A_Ex,8,hypothalamus,LT_A_Ex,GSE280382,gene_name,Gm4951,GM4951,1.0803337307837608,0.0105857736890904,UP
Acc8_hypothalamus_LT_A_Ex,8,hypothalamus,LT_A_Ex,GSE280382,gene_name,Cacng8,CACNG8,-0.7324419920321233,0.0111496138843135,DOWN
Acc8_hypothalamus_LT_A_Ex,8,hypothalamus,LT_A_Ex,GSE280382,gene_name,Ndufb1,NDUFB1,0.7639213321168052,0.0113511716679243,UP
Acc8_hypothalamus_LT_A_Ex,8,hypothalamus,LT_A_Ex,GSE280382,gene_name,Elfn1,ELFN1,-0.5479444081733007,0.0113511716679243,DOWN
Acc8_hypothalamus_LT_A_Ex,8,hypothalamus,LT_A_Ex,GSE280382,gene_name,Pacsin1,PACSIN1,-0.545822215437118,0.0122621732818668,DOWN
Acc8_hypothalamus_LT_A_Ex,8,hypothalamus,LT_A_Ex,GSE280382,gene_name,Ube2l6,UBE2L6,0.7010519346609925,0.0129290939719532,UP
Acc8_hypothalamus_LT_A_Ex,8,hypothalamus,LT_A_Ex,GSE280382,gene_name,Cdk5r2,CDK5R2,-0.57901820140041,0.0129290939719532,DOWN
Acc8_hypothalamus_LT_A_Ex,8,hypothalamus,LT_A_Ex,GSE280382,gene_name,Gpr162,GPR162,-0.5215506339069357,0.0132758549491583,DOWN
Acc8_hypothalamus_LT_A_Ex,8,hypothalamus,LT_A_Ex,GSE280382,gene_name,Lpar4,LPAR4,0.5488063958613022,0.013354798068756,UP
Acc8_hypothalamus_LT_A_Ex,8,hypothalamus,LT_A_Ex,GSE280382,gene_name,Loc432842,LOC432842,-0.7452492355736636,0.0136223015225997,DOWN
Acc8_hypothalamus_LT_A_Ex,8,hypothalamus,LT_A_Ex,GSE280382,gene_name,Ppp1r1b,PPP1R1B,-0.7110461903619844,0.0136223015225997,DOWN
Acc8_hypothalamus_LT_A_Ex,8,hypothalamus,LT_A_Ex,GSE280382,gene_name,Zbtb16,ZBTB16,-0.9587828756911362,0.0137890422153762,DOWN
Acc8_hypothalamus_LT_A_Ex,8,hypothalamus,LT_A_Ex,GSE280382,gene_name,Samd9l,SAMD9L,0.7327484754944693,0.0137890422153762,UP
Acc8_hypothalamus_LT_A_Ex,8,hypothalamus,LT_A_Ex,GSE280382,gene_name,Snrpe,SNRPE,0.5290714358301527,0.0145361017399733,UP
Acc8_hypothalamus_LT_A_Ex,8,hypothalamus,LT_A_Ex,GSE280382,gene_name,Loc118567721,LOC118567721,0.6057711638942965,0.0145908078673121,UP
Acc8_hypothalamus_LT_A_Ex,8,hypothalamus,LT_A_Ex,GSE280382,gene_name,Gm34939,GM34939,-0.831987604824673,0.0148807628651335,DOWN
Acc8_hypothalamus_LT_A_Ex,8,hypothalamus,LT_A_Ex,GSE280382,gene_name,Rad18,RAD18,0.5002379817429581,0.0148807628651335,UP
Acc8_hypothalamus_LT_A_Ex,8,hypothalamus,LT_A_Ex,GSE280382,gene_name,Gbp5,GBP5,0.7635689523787654,0.0149549434881937,UP
Acc8_hypothalamus_LT_A_Ex,8,hypothalamus,LT_A_Ex,GSE280382,gene_name,Nefm,NEFM,-0.5472124036406837,0.0149549434881937,DOWN
Acc8_hypothalamus_LT_A_Ex,8,hypothalamus,LT_A_Ex,GSE280382,gene_name,Loc118568698,LOC118568698,0.7139578059905456,0.0158994182515996,UP
Acc8_hypothalamus_LT_A_Ex,8,hypothalamus,LT_A_Ex,GSE280382,gene_name,C330018d20rik,C330018D20RIK,0.5032999794706327,0.016349663488415,UP
Acc8_hypothalamus_LT_A_Ex,8,hypothalamus,LT_A_Ex,GSE280382,gene_name,D330050i16rik,D330050I16RIK,-0.8752850899807259,0.0163642147750353,DOWN
Acc8_hypothalamus_LT_A_Ex,8,hypothalamus,LT_A_Ex,GSE280382,gene_name,Osmr,OSMR,0.6485907889603441,0.0163642147750353,UP
Acc8_hypothalamus_LT_A_Ex,8,hypothalamus,LT_A_Ex,GSE280382,gene_name,Gm51810,GM51810,-0.5746972677967007,0.0169141782048659,DOWN
Acc8_hypothalamus_LT_A_Ex,8,hypothalamus,LT_A_Ex,GSE280382,gene_name,Gm52692,GM52692,0.5474826093438353,0.0172084350074595,UP
Acc8_hypothalamus_LT_A_Ex,8,hypothalamus,LT_A_Ex,GSE280382,gene_name,Gm20559,GM20559,0.7557075653481955,0.0179548733630208,UP
Acc8_hypothalamus_LT_A_Ex,8,hypothalamus,LT_A_Ex,GSE280382,gene_name,A830019p07rik,A830019P07RIK,0.7269868704029638,0.0179548733630208,UP
Acc8_hypothalamus_LT_A_Ex,8,hypothalamus,LT_A_Ex,GSE280382,gene_name,4930522l14rik,4930522L14RIK,0.5788783280777968,0.0179548733630208,UP
Acc8_hypothalamus_LT_A_Ex,8,hypothalamus,LT_A_Ex,GSE280382,gene_name,Sp7,SP7,0.9921940169281191,0.018509185254621,UP
Acc8_hypothalamus_LT_A_Ex,8,hypothalamus,LT_A_Ex,GSE280382,gene_name,Mxd4,MXD4,-0.5485502772504477,0.018509185254621,DOWN
Acc8_hypothalamus_LT_A_Ex,8,hypothalamus,LT_A_Ex,GSE280382,gene_name,Gm3604,GM3604,0.626565885285644,0.0185752043902468,UP
Acc8_hypothalamus_LT_A_Ex,8,hypothalamus,LT_A_Ex,GSE280382,gene_name,A930003o13rik,A930003O13RIK,-0.7455601445896846,0.019109222940974,DOWN
Acc8_hypothalamus_LT_A_Ex,8,hypothalamus,LT_A_Ex,GSE280382,gene_name,Rbm38,RBM38,-0.6051326402828635,0.0195203838256004,DOWN
Acc8_hypothalamus_LT_A_Ex,8,hypothalamus,LT_A_Ex,GSE280382,gene_name,Calcrl,CALCRL,0.5115803998451626,0.0195889558352041,UP
Acc8_hypothalamus_LT_A_Ex,8,hypothalamus,LT_A_Ex,GSE280382,gene_name,Shank1,SHANK1,-0.603353395668135,0.0197469253096952,DOWN
Acc8_hypothalamus_LT_A_Ex,8,hypothalamus,LT_A_Ex,GSE280382,gene_name,Reep6,REEP6,-0.580560004543856,0.0202139831319621,DOWN
Acc8_hypothalamus_LT_A_Ex,8,hypothalamus,LT_A_Ex,GSE280382,gene_name,Syndig1l,SYNDIG1L,-0.51007689665292,0.0202139831319621,DOWN
Acc8_hypothalamus_LT_A_Ex,8,hypothalamus,LT_A_Ex,GSE280382,gene_name,Gm27199,GM27199,0.7753398945686328,0.0202638735060007,UP
Acc8_hypothalamus_LT_A_Ex,8,hypothalamus,LT_A_Ex,GSE280382,gene_name,Dlgap3,DLGAP3,-0.5197200110003378,0.020333549979429,DOWN
Acc8_hypothalamus_LT_A_Ex,8,hypothalamus,LT_A_Ex,GSE280382,gene_name,Trim30a,TRIM30A,0.5781931298594849,0.0204578389033091,UP
Acc8_hypothalamus_LT_A_Ex,8,hypothalamus,LT_A_Ex,GSE280382,gene_name,Gm20346,GM20346,-0.851128047075015,0.020856797848774,DOWN
Acc8_hypothalamus_LT_A_Ex,8,hypothalamus,LT_A_Ex,GSE280382,gene_name,Ncor2,NCOR2,-0.553706078249474,0.020856797848774,DOWN
Acc8_hypothalamus_LT_A_Ex,8,hypothalamus,LT_A_Ex,GSE280382,gene_name,Sf3a2,SF3A2,-0.6990870794389933,0.0211156323763968,DOWN
Acc8_hypothalamus_LT_A_Ex,8,hypothalamus,LT_A_Ex,GSE280382,gene_name,Gm38863,GM38863,0.5300844864552632,0.0213259909916104,UP
Acc8_hypothalamus_LT_A_Ex,8,hypothalamus,LT_A_Ex,GSE280382,gene_name,Ddx60,DDX60,0.7205222081259713,0.021348747064853,UP
Acc8_hypothalamus_LT_A_Ex,8,hypothalamus,LT_A_Ex,GSE280382,gene_name,Sgo2a,SGO2A,0.6531313120038005,0.0216937134291986,UP
Acc8_hypothalamus_LT_A_Ex,8,hypothalamus,LT_A_Ex,GSE280382,gene_name,Gm13830,GM13830,-0.6371841833852075,0.0222403458486758,DOWN
Acc8_hypothalamus_LT_A_Ex,8,hypothalamus,LT_A_Ex,GSE280382,gene_name,Ccdc152,CCDC152,0.7169657660900266,0.0230634204592662,UP
Acc8_hypothalamus_LT_A_Ex,8,hypothalamus,LT_A_Ex,GSE280382,gene_name,Bc037032,BC037032,-0.5916428535081127,0.0230724010494383,DOWN
Acc8_hypothalamus_LT_A_Ex,8,hypothalamus,LT_A_Ex,GSE280382,gene_name,Fbxw23,FBXW23,-1.237628806807189,0.023239212254945,DOWN
Acc8_hypothalamus_LT_A_Ex,8,hypothalamus,LT_A_Ex,GSE280382,gene_name,Rpl39,RPL39,0.563775042702362,0.0234910465695699,UP
Acc8_hypothalamus_LT_A_Ex,8,hypothalamus,LT_A_Ex,GSE280382,gene_name,Ifit1,IFIT1,1.0250250040592876,0.0236805063265628,UP
Acc8_hypothalamus_LT_A_Ex,8,hypothalamus,LT_A_Ex,GSE280382,gene_name,Tekt4,TEKT4,-0.6922727232647238,0.0236805063265628,DOWN
Acc8_hypothalamus_LT_A_Ex,8,hypothalamus,LT_A_Ex,GSE280382,gene_name,Fam166b,FAM166B,-0.6425074544060563,0.0236805063265628,DOWN
Acc8_hypothalamus_LT_A_Ex,8,hypothalamus,LT_A_Ex,GSE280382,gene_name,Irgm2,IRGM2,0.6115061405194406,0.0236805063265628,UP
Acc8_hypothalamus_LT_A_Ex,8,hypothalamus,LT_A_Ex,GSE280382,gene_name,Trim34a,TRIM34A,0.604700716411227,0.0236805063265628,UP
Acc8_hypothalamus_LT_A_Ex,8,hypothalamus,LT_A_Ex,GSE280382,gene_name,Itgb3bp,ITGB3BP,0.5724700912302569,0.0236805063265628,UP
Acc8_hypothalamus_LT_A_Ex,8,hypothalamus,LT_A_Ex,GSE280382,gene_name,Clk1,CLK1,0.543560088543927,0.0236805063265628,UP
Acc8_hypothalamus_LT_A_Ex,8,hypothalamus,LT_A_Ex,GSE280382,gene_name,Gm46406,GM46406,0.5090865544180135,0.0236805063265628,UP
Acc8_hypothalamus_LT_A_Ex,8,hypothalamus,LT_A_Ex,GSE280382,gene_name,A730020m07rik,A730020M07RIK,-0.8649998602562272,0.0242502086957937,DOWN
Acc8_hypothalamus_LT_A_Ex,8,hypothalamus,LT_A_Ex,GSE280382,gene_name,Gm10644,GM10644,-0.5391993195350606,0.024440375705312,DOWN
Acc8_hypothalamus_LT_A_Ex,8,hypothalamus,LT_A_Ex,GSE280382,gene_name,Car13,CAR13,1.7593819309520644,0.0249110639769944,UP
Acc8_hypothalamus_LT_A_Ex,8,hypothalamus,LT_A_Ex,GSE280382,gene_name,Hspa1a,HSPA1A,-0.5130475860864261,0.0250466435116098,DOWN
Acc8_hypothalamus_LT_A_Ex,8,hypothalamus,LT_A_Ex,GSE280382,gene_name,Hba-a2,HBA-A2,1.5397912470173345,0.025367677081288,UP
Acc8_hypothalamus_LT_A_Ex,8,hypothalamus,LT_A_Ex,GSE280382,gene_name,Nox1,NOX1,0.6362221864581395,0.025618924832219,UP
Acc8_hypothalamus_LT_A_Ex,8,hypothalamus,LT_A_Ex,GSE280382,gene_name,4930447c04rik,4930447C04RIK,0.6687421611452647,0.0258549041644978,UP
Acc8_hypothalamus_LT_A_Ex,8,hypothalamus,LT_A_Ex,GSE280382,gene_name,Nyap1,NYAP1,-0.575804179924413,0.0258549041644978,DOWN
Acc8_hypothalamus_LT_A_Ex,8,hypothalamus,LT_A_Ex,GSE280382,gene_name,Gipc1,GIPC1,-0.5143169770426864,0.0262202352981159,DOWN
Acc8_hypothalamus_LT_A_Ex,8,hypothalamus,LT_A_Ex,GSE280382,gene_name,Bdkrb2,BDKRB2,-0.565469926221203,0.0266417552245678,DOWN
Acc8_hypothalamus_LT_A_Ex,8,hypothalamus,LT_A_Ex,GSE280382,gene_name,Ybx1,YBX1,-0.5259205844988758,0.0266417552245678,DOWN
Acc8_hypothalamus_LT_A_Ex,8,hypothalamus,LT_A_Ex,GSE280382,gene_name,1110025m09rik,1110025M09RIK,-0.8852906826021312,0.0267642453774836,DOWN
Acc8_hypothalamus_LT_A_Ex,8,hypothalamus,LT_A_Ex,GSE280382,gene_name,A430035b10rik,A430035B10RIK,0.5681239336340979,0.0277841265378195,UP
Acc8_hypothalamus_LT_A_Ex,8,hypothalamus,LT_A_Ex,GSE280382,gene_name,Rtl8c,RTL8C,-0.5134626939534391,0.0294356842546802,DOWN
Acc8_hypothalamus_LT_A_Ex,8,hypothalamus,LT_A_Ex,GSE280382,gene_name,Rsph1,RSPH1,-0.8845565456659616,0.0294457609331504,DOWN
Acc8_hypothalamus_LT_A_Ex,8,hypothalamus,LT_A_Ex,GSE280382,gene_name,Slc16a9,SLC16A9,0.6930933508477404,0.0294457609331504,UP
Acc8_hypothalamus_LT_A_Ex,8,hypothalamus,LT_A_Ex,GSE280382,gene_name,Ripk4,RIPK4,-0.6723763886550798,0.0299998081806903,DOWN
Acc8_hypothalamus_LT_A_Ex,8,hypothalamus,LT_A_Ex,GSE280382,gene_name,Rps27,RPS27,0.5074880342209754,0.0301578149527107,UP
Acc8_hypothalamus_LT_A_Ex,8,hypothalamus,LT_A_Ex,GSE280382,gene_name,Ifi203,IFI203,0.6991534571015283,0.0304936738027877,UP
Acc8_hypothalamus_LT_A_Ex,8,hypothalamus,LT_A_Ex,GSE280382,gene_name,Slfn8,SLFN8,0.7715644472509999,0.0307679677967259,UP
Acc8_hypothalamus_LT_A_Ex,8,hypothalamus,LT_A_Ex,GSE280382,gene_name,Camk2n2,CAMK2N2,-0.6248269789455703,0.03083874630655,DOWN
Acc8_hypothalamus_LT_A_Ex,8,hypothalamus,LT_A_Ex,GSE280382,gene_name,Gm7240,GM7240,0.6345428133604512,0.0308758646587104,UP
Acc8_hypothalamus_LT_A_Ex,8,hypothalamus,LT_A_Ex,GSE280382,gene_name,Agrp,AGRP,1.140151434198657,0.0310991178521406,UP
Acc8_hypothalamus_LT_A_Ex,8,hypothalamus,LT_A_Ex,GSE280382,gene_name,Gm9833,GM9833,-0.6920469194878156,0.031680863080428,DOWN
Acc8_hypothalamus_LT_A_Ex,8,hypothalamus,LT_A_Ex,GSE280382,gene_name,Gbp9,GBP9,0.561288946674953,0.031680863080428,UP
Acc8_hypothalamus_LT_A_Ex,8,hypothalamus,LT_A_Ex,GSE280382,gene_name,Bicra,BICRA,-0.5659841251306732,0.0319558289037891,DOWN
Acc8_hypothalamus_LT_A_Ex,8,hypothalamus,LT_A_Ex,GSE280382,gene_name,Gtf2f1,GTF2F1,-0.5142704366959238,0.0323137609433877,DOWN
Acc8_hypothalamus_LT_A_Ex,8,hypothalamus,LT_A_Ex,GSE280382,gene_name,Lingo4,LINGO4,-0.8178542309548945,0.0324249983002368,DOWN
Acc8_hypothalamus_LT_A_Ex,8,hypothalamus,LT_A_Ex,GSE280382,gene_name,I920046f24rik,I920046F24RIK,-0.807748395592551,0.0335744851956565,DOWN
Acc8_hypothalamus_LT_A_Ex,8,hypothalamus,LT_A_Ex,GSE280382,gene_name,Plscr2,PLSCR2,0.5181794636718354,0.0341041533550383,UP
Acc8_hypothalamus_LT_A_Ex,8,hypothalamus,LT_A_Ex,GSE280382,gene_name,Cbx8,CBX8,-0.5188698729175273,0.0357448011571094,DOWN
Acc8_hypothalamus_LT_A_Ex,8,hypothalamus,LT_A_Ex,GSE280382,gene_name,Ptprc,PTPRC,0.5263024031852445,0.0357960332701958,UP
Acc8_hypothalamus_LT_A_Ex,8,hypothalamus,LT_A_Ex,GSE280382,gene_name,Eps8l2,EPS8L2,-0.7933006316504511,0.0364774112643249,DOWN
Acc8_hypothalamus_LT_A_Ex,8,hypothalamus,LT_A_Ex,GSE280382,gene_name,Loc118567623,LOC118567623,-0.5946393767598014,0.037454480552245,DOWN
Acc8_hypothalamus_LT_A_Ex,8,hypothalamus,LT_A_Ex,GSE280382,gene_name,Gm34776,GM34776,0.5721446648627888,0.0376580011668536,UP
Acc8_hypothalamus_LT_A_Ex,8,hypothalamus,LT_A_Ex,GSE280382,gene_name,Zfp934,ZFP934,0.5711511026906809,0.0376580011668536,UP
Acc8_hypothalamus_LT_A_Ex,8,hypothalamus,LT_A_Ex,GSE280382,gene_name,Tlr4,TLR4,0.6722668750331906,0.0382322120802299,UP
Acc8_hypothalamus_LT_A_Ex,8,hypothalamus,LT_A_Ex,GSE280382,gene_name,Plp2,PLP2,0.5610799300708035,0.0393837152924339,UP
Acc8_hypothalamus_LT_A_Ex,8,hypothalamus,LT_A_Ex,GSE280382,gene_name,Hacd4,HACD4,0.5638692651308468,0.0398647338505417,UP
Acc8_hypothalamus_LT_A_Ex,8,hypothalamus,LT_A_Ex,GSE280382,gene_name,Cox5b,COX5B,-0.6156095926615269,0.0401280935187659,DOWN
Acc8_hypothalamus_LT_A_Ex,8,hypothalamus,LT_A_Ex,GSE280382,gene_name,Galr3,GALR3,-0.675211934798528,0.0406059819412889,DOWN
Acc8_hypothalamus_LT_A_Ex,8,hypothalamus,LT_A_Ex,GSE280382,gene_name,Slc29a4,SLC29A4,-0.5204647758184273,0.0407425443281409,DOWN
Acc8_hypothalamus_LT_A_Ex,8,hypothalamus,LT_A_Ex,GSE280382,gene_name,Gm3055,GM3055,0.5034316869689077,0.0417050675504724,UP
Acc8_hypothalamus_LT_A_Ex,8,hypothalamus,LT_A_Ex,GSE280382,gene_name,Gm36210,GM36210,-0.5750522218494055,0.0420570988906077,DOWN
Acc8_hypothalamus_LT_A_Ex,8,hypothalamus,LT_A_Ex,GSE280382,gene_name,4930579g24rik,4930579G24RIK,0.6134475409183928,0.0433164326991884,UP
Acc8_hypothalamus_LT_A_Ex,8,hypothalamus,LT_A_Ex,GSE280382,gene_name,Gar1,GAR1,-0.6538710424389451,0.0437498851361897,DOWN
Acc8_hypothalamus_LT_A_Ex,8,hypothalamus,LT_A_Ex,GSE280382,gene_name,Srp54a,SRP54A,-0.6436451183573921,0.0449859606562277,DOWN
Acc8_hypothalamus_LT_A_Ex,8,hypothalamus,LT_A_Ex,GSE280382,gene_name,Egr4,EGR4,-0.6155634784000386,0.0449859606562277,DOWN
Acc8_hypothalamus_LT_A_Ex,8,hypothalamus,LT_A_Ex,GSE280382,gene_name,Loc118567658,LOC118567658,-0.8744950693783838,0.0463174091787315,DOWN
Acc8_hypothalamus_LT_A_Ex,8,hypothalamus,LT_A_Ex,GSE280382,gene_name,Ssbp4,SSBP4,-0.6085702610950697,0.0468279729911641,DOWN
Acc8_hypothalamus_LT_A_Ex,8,hypothalamus,LT_A_Ex,GSE280382,gene_name,Rsad2,RSAD2,0.5723844702125931,0.0468279729911641,UP
Acc8_hypothalamus_LT_A_Ex,8,hypothalamus,LT_A_Ex,GSE280382,gene_name,A230020j21rik,A230020J21RIK,-0.7537116167348316,0.0469711036899291,DOWN
Acc8_hypothalamus_LT_A_Ex,8,hypothalamus,LT_A_Ex,GSE280382,gene_name,Loc118567927,LOC118567927,-0.5971237391711939,0.0471503293197089,DOWN
Acc8_hypothalamus_LT_A_Ex,8,hypothalamus,LT_A_Ex,GSE280382,gene_name,Gm27252,GM27252,-0.6752372114577658,0.0493821645815114,DOWN
Acc8_hypothalamus_LT_A_Ex,8,hypothalamus,LT_A_Ex,GSE280382,gene_name,Gm39483,GM39483,0.5488319387229369,0.0493821645815114,UP
Acc8_frontalcortex_ST_A_Ex,8,frontalcortex,ST_A_Ex,GSE280382,gene_name,Fkbp5,FKBP5,0.5678594209737039,1.063724476453176e-05,UP
Acc8_frontalcortex_ST_A_Ex,8,frontalcortex,ST_A_Ex,GSE280382,gene_name,Nr2e1,NR2E1,-0.5417973651618513,0.0001056025009103,DOWN
Acc8_frontalcortex_ST_A_Ex,8,frontalcortex,ST_A_Ex,GSE280382,gene_name,Plin4,PLIN4,2.0923309016229625,0.0001175597895045,UP
Acc8_frontalcortex_ST_A_Ex,8,frontalcortex,ST_A_Ex,GSE280382,gene_name,Trib2,TRIB2,-0.5074412553096586,0.0003316978179071,DOWN
Acc8_frontalcortex_ST_A_Ex,8,frontalcortex,ST_A_Ex,GSE280382,gene_name,Gm15418,GM15418,-0.5798000684568342,0.0047924281475258,DOWN
Acc8_frontalcortex_ST_A_Ex,8,frontalcortex,ST_A_Ex,GSE280382,gene_name,Hmcn1,HMCN1,-0.7388311057198885,0.0059771712665943,DOWN
Acc8_frontalcortex_ST_A_Ex,8,frontalcortex,ST_A_Ex,GSE280382,gene_name,Ago3,AGO3,-0.5388630099363109,0.0063406953537969,DOWN
Acc8_frontalcortex_ST_A_Ex,8,frontalcortex,ST_A_Ex,GSE280382,gene_name,Loc118568618,LOC118568618,-0.7435060264814234,0.0066785117705297,DOWN
Acc8_frontalcortex_ST_A_Ex,8,frontalcortex,ST_A_Ex,GSE280382,gene_name,Gm9567,GM9567,-0.63436226756224,0.0071741086985984,DOWN
Acc8_frontalcortex_ST_A_Ex,8,frontalcortex,ST_A_Ex,GSE280382,gene_name,Loc108168933,LOC108168933,-1.0741531997378917,0.0100327362100369,DOWN
Acc8_frontalcortex_ST_A_Ex,8,frontalcortex,ST_A_Ex,GSE280382,gene_name,Kcnq1ot1,KCNQ1OT1,-0.6406371081473569,0.0100327362100369,DOWN
Acc8_frontalcortex_ST_A_Ex,8,frontalcortex,ST_A_Ex,GSE280382,gene_name,Dnah7b,DNAH7B,-0.6292248524440681,0.0113364385482236,DOWN
Acc8_frontalcortex_ST_A_Ex,8,frontalcortex,ST_A_Ex,GSE280382,gene_name,Cbx8,CBX8,0.7236660289624578,0.0122770913530793,UP
Acc8_frontalcortex_ST_A_Ex,8,frontalcortex,ST_A_Ex,GSE280382,gene_name,Gm41949,GM41949,-0.8710992880264301,0.0162506073819415,DOWN
Acc8_frontalcortex_ST_A_Ex,8,frontalcortex,ST_A_Ex,GSE280382,gene_name,Gm32643,GM32643,-1.238120305191769,0.0171690881639052,DOWN
Acc8_frontalcortex_ST_A_Ex,8,frontalcortex,ST_A_Ex,GSE280382,gene_name,Egr1,EGR1,-1.6073405188578809,0.0190962222235055,DOWN
Acc8_frontalcortex_ST_A_Ex,8,frontalcortex,ST_A_Ex,GSE280382,gene_name,Loc118568438,LOC118568438,-0.8874608885401577,0.0190962222235055,DOWN
Acc8_frontalcortex_ST_A_Ex,8,frontalcortex,ST_A_Ex,GSE280382,gene_name,Loc118567348,LOC118567348,-0.8446646534572492,0.0190962222235055,DOWN
Acc8_frontalcortex_ST_A_Ex,8,frontalcortex,ST_A_Ex,GSE280382,gene_name,Sox21,SOX21,-0.5572930733750195,0.0190962222235055,DOWN
Acc8_frontalcortex_ST_A_Ex,8,frontalcortex,ST_A_Ex,GSE280382,gene_name,Rab11fip1,RAB11FIP1,-0.5805378003854232,0.0194280161918695,DOWN
Acc8_frontalcortex_ST_A_Ex,8,frontalcortex,ST_A_Ex,GSE280382,gene_name,Frem2,FREM2,-0.5936652840039194,0.0216333982433689,DOWN
Acc8_frontalcortex_ST_A_Ex,8,frontalcortex,ST_A_Ex,GSE280382,gene_name,Ackr2,ACKR2,0.5514825697204281,0.0216333982433689,UP
Acc8_frontalcortex_ST_A_Ex,8,frontalcortex,ST_A_Ex,GSE280382,gene_name,Syna,SYNA,0.6036277775155898,0.0247934241009332,UP
Acc8_frontalcortex_ST_A_Ex,8,frontalcortex,ST_A_Ex,GSE280382,gene_name,A330076h08rik,A330076H08RIK,-0.8208457565031585,0.0251926695677892,DOWN
Acc8_frontalcortex_ST_A_Ex,8,frontalcortex,ST_A_Ex,GSE280382,gene_name,Dnah5,DNAH5,-0.5345861013371713,0.0269812684176592,DOWN
Acc8_frontalcortex_ST_A_Ex,8,frontalcortex,ST_A_Ex,GSE280382,gene_name,Nr4a3,NR4A3,-1.3964861180683008,0.0284009178213178,DOWN
Acc8_frontalcortex_ST_A_Ex,8,frontalcortex,ST_A_Ex,GSE280382,gene_name,Gm42339,GM42339,-0.8351542409084041,0.0335767432235142,DOWN
Acc8_frontalcortex_ST_A_Ex,8,frontalcortex,ST_A_Ex,GSE280382,gene_name,Zmym1,ZMYM1,-0.7413735282955343,0.0335767432235142,DOWN
Acc8_frontalcortex_ST_A_Ex,8,frontalcortex,ST_A_Ex,GSE280382,gene_name,Slc7a11,SLC7A11,-0.6752302104178827,0.0335767432235142,DOWN
Acc8_frontalcortex_ST_A_Ex,8,frontalcortex,ST_A_Ex,GSE280382,gene_name,Gm32970,GM32970,0.5037436011735896,0.0335767432235142,UP
Acc8_frontalcortex_ST_A_Ex,8,frontalcortex,ST_A_Ex,GSE280382,gene_name,Gm29674,GM29674,0.7047081188684491,0.0339938754205591,UP
Acc8_frontalcortex_ST_A_Ex,8,frontalcortex,ST_A_Ex,GSE280382,gene_name,4933407l21rik,4933407L21RIK,0.792540118412601,0.0345238267722252,UP
Acc8_frontalcortex_ST_A_Ex,8,frontalcortex,ST_A_Ex,GSE280382,gene_name,Gm31834,GM31834,0.9260635545076572,0.0361156249332205,UP
Acc8_frontalcortex_ST_A_Ex,8,frontalcortex,ST_A_Ex,GSE280382,gene_name,Gm43380,GM43380,-0.6368754820871744,0.0361156249332205,DOWN
Acc8_frontalcortex_ST_A_Ex,8,frontalcortex,ST_A_Ex,GSE280382,gene_name,Emx1,EMX1,0.5858614782018239,0.0361156249332205,UP
Acc8_frontalcortex_ST_A_Ex,8,frontalcortex,ST_A_Ex,GSE280382,gene_name,Gm38931,GM38931,-1.180479291977411,0.0369977308723411,DOWN
Acc8_frontalcortex_ST_A_Ex,8,frontalcortex,ST_A_Ex,GSE280382,gene_name,Bdnf,BDNF,-0.5618927324659455,0.0369977308723411,DOWN
Acc8_frontalcortex_ST_A_Ex,8,frontalcortex,ST_A_Ex,GSE280382,gene_name,Myh3,MYH3,0.5735123790357389,0.0378096642984065,UP
Acc8_frontalcortex_ST_A_Ex,8,frontalcortex,ST_A_Ex,GSE280382,gene_name,Apex2,APEX2,-0.5929703987457968,0.0398416597920781,DOWN
Acc8_frontalcortex_ST_A_Ex,8,frontalcortex,ST_A_Ex,GSE280382,gene_name,Fgf22,FGF22,0.8094209127969019,0.0409790778217831,UP
Acc8_frontalcortex_ST_A_Ex,8,frontalcortex,ST_A_Ex,GSE280382,gene_name,Palm3,PALM3,0.8047523696956368,0.0412954988434317,UP
Acc8_frontalcortex_ST_A_Ex,8,frontalcortex,ST_A_Ex,GSE280382,gene_name,Dusp4,DUSP4,-0.712007806465745,0.0412954988434317,DOWN
Acc8_frontalcortex_ST_A_Ex,8,frontalcortex,ST_A_Ex,GSE280382,gene_name,3110070m22rik,3110070M22RIK,0.9634813590315142,0.0415327012885526,UP
Acc8_frontalcortex_ST_A_Ex,8,frontalcortex,ST_A_Ex,GSE280382,gene_name,Nrap,NRAP,0.9409878584917528,0.0415327012885526,UP
Acc8_frontalcortex_ST_A_Ex,8,frontalcortex,ST_A_Ex,GSE280382,gene_name,Ptgis,PTGIS,0.9099994952868736,0.0415327012885526,UP
Acc8_frontalcortex_ST_A_Ex,8,frontalcortex,ST_A_Ex,GSE280382,gene_name,Sebox,SEBOX,0.6468736120650062,0.0418332275971117,UP
Acc8_frontalcortex_ST_A_Ex,8,frontalcortex,ST_A_Ex,GSE280382,gene_name,Loc118567559,LOC118567559,-0.7626019700386422,0.0426942715675046,DOWN
Acc8_frontalcortex_ST_A_Ex,8,frontalcortex,ST_A_Ex,GSE280382,gene_name,Tmc4,TMC4,-0.6144471104033091,0.0426942715675046,DOWN
Acc8_frontalcortex_ST_A_Ex,8,frontalcortex,ST_A_Ex,GSE280382,gene_name,Ptgs2,PTGS2,-0.5388263245534751,0.0439688414118712,DOWN
Acc8_frontalcortex_ST_A_Ex,8,frontalcortex,ST_A_Ex,GSE280382,gene_name,Gm37292,GM37292,-0.6859830974771359,0.0443923235109128,DOWN
Acc8_frontalcortex_ST_A_Ex,8,frontalcortex,ST_A_Ex,GSE280382,gene_name,1700086o06rik,1700086O06RIK,0.6499833560483178,0.0443923235109128,UP
Acc8_frontalcortex_ST_A_Ex,8,frontalcortex,ST_A_Ex,GSE280382,gene_name,Gm31290,GM31290,-0.7270544892169002,0.0470021174298107,DOWN
Acc8_frontalcortex_ST_A_Ex,8,frontalcortex,ST_A_Ex,GSE280382,gene_name,Gm34945,GM34945,-0.9126052471978044,0.0474469263567909,DOWN
Acc8_frontalcortex_ST_A_Ex,8,frontalcortex,ST_A_Ex,GSE280382,gene_name,Xdh,XDH,0.7299339450482653,0.0478508625131688,UP
Acc8_frontalcortex_ST_A_Ex,8,frontalcortex,ST_A_Ex,GSE280382,gene_name,9430083a17rik,9430083A17RIK,0.6463508963846124,0.048179138477843,UP
Acc8_frontalcortex_ST_A_Ex,8,frontalcortex,ST_A_Ex,GSE280382,gene_name,Cbfa2t3,CBFA2T3,-0.5337626691795199,0.0485502757527546,DOWN
Acc8_frontalcortex_ST_A_Ex,8,frontalcortex,ST_A_Ex,GSE280382,gene_name,Bace2,BACE2,0.6062626925044854,0.0495601393255444,UP
Acc8_frontalcortex_ST_A_Ex_KD,8,frontalcortex,ST_A_Ex_KD,GSE280382,gene_name,Plin4,PLIN4,1.9446188130126825,0.0029132335373047,UP
Acc8_frontalcortex_ST_A_Ex_KD,8,frontalcortex,ST_A_Ex_KD,GSE280382,gene_name,Gm5820,GM5820,-0.8891561755605291,0.0029132335373047,DOWN
Acc8_frontalcortex_ST_A_Ex_KD,8,frontalcortex,ST_A_Ex_KD,GSE280382,gene_name,Gm2192,GM2192,-0.7656080219307815,0.0029132335373047,DOWN
Acc8_frontalcortex_ST_A_Ex_KD,8,frontalcortex,ST_A_Ex_KD,GSE280382,gene_name,Car12,CAR12,-0.6988298117517051,0.0029132335373047,DOWN
Acc8_frontalcortex_ST_A_Ex_KD,8,frontalcortex,ST_A_Ex_KD,GSE280382,gene_name,Arntl,ARNTL,-0.6392623862013328,0.0029132335373047,DOWN
Acc8_frontalcortex_ST_A_Ex_KD,8,frontalcortex,ST_A_Ex_KD,GSE280382,gene_name,Lrrk2,LRRK2,-0.5332848248884788,0.0029132335373047,DOWN
Acc8_frontalcortex_ST_A_Ex_KD,8,frontalcortex,ST_A_Ex_KD,GSE280382,gene_name,Tmem40,TMEM40,1.0073046911033563,0.005408885688323,UP
Acc8_frontalcortex_ST_A_Ex_KD,8,frontalcortex,ST_A_Ex_KD,GSE280382,gene_name,Gm41861,GM41861,-0.5583523360170544,0.0065592045018833,DOWN
Acc8_frontalcortex_ST_A_Ex_KD,8,frontalcortex,ST_A_Ex_KD,GSE280382,gene_name,Wdr78,WDR78,-0.540651013452316,0.0080757596832847,DOWN
Acc8_frontalcortex_ST_A_Ex_KD,8,frontalcortex,ST_A_Ex_KD,GSE280382,gene_name,Apcdd1,APCDD1,0.5096526019166904,0.0106832963853569,UP
Acc8_frontalcortex_ST_A_Ex_KD,8,frontalcortex,ST_A_Ex_KD,GSE280382,gene_name,Homer1,HOMER1,-0.5494075715069081,0.0109529955770133,DOWN
Acc8_frontalcortex_ST_A_Ex_KD,8,frontalcortex,ST_A_Ex_KD,GSE280382,gene_name,Gm30873,GM30873,-0.8874364377284808,0.0126882458776796,DOWN
Acc8_frontalcortex_ST_A_Ex_KD,8,frontalcortex,ST_A_Ex_KD,GSE280382,gene_name,Prss12,PRSS12,0.5219342489911173,0.0129885312803947,UP
Acc8_frontalcortex_ST_A_Ex_KD,8,frontalcortex,ST_A_Ex_KD,GSE280382,gene_name,Gm32970,GM32970,0.5701443838319804,0.0130933250534021,UP
Acc8_frontalcortex_ST_A_Ex_KD,8,frontalcortex,ST_A_Ex_KD,GSE280382,gene_name,Bhlhe41,BHLHE41,0.5554552582931245,0.0130933250534021,UP
Acc8_frontalcortex_ST_A_Ex_KD,8,frontalcortex,ST_A_Ex_KD,GSE280382,gene_name,Inhba,INHBA,-0.6320885790181106,0.0147799720116171,DOWN
Acc8_frontalcortex_ST_A_Ex_KD,8,frontalcortex,ST_A_Ex_KD,GSE280382,gene_name,Gm52604,GM52604,-1.1241999397128994,0.0150943143917041,DOWN
Acc8_frontalcortex_ST_A_Ex_KD,8,frontalcortex,ST_A_Ex_KD,GSE280382,gene_name,Gm34321,GM34321,-1.0824163182639124,0.0176642125604188,DOWN
Acc8_frontalcortex_ST_A_Ex_KD,8,frontalcortex,ST_A_Ex_KD,GSE280382,gene_name,Klhl40,KLHL40,0.6503417785557734,0.0177521453978424,UP
Acc8_frontalcortex_ST_A_Ex_KD,8,frontalcortex,ST_A_Ex_KD,GSE280382,gene_name,Gm38562,GM38562,-1.1031431876902462,0.0185089819962313,DOWN
Acc8_frontalcortex_ST_A_Ex_KD,8,frontalcortex,ST_A_Ex_KD,GSE280382,gene_name,Ptgis,PTGIS,1.0297171110277443,0.0185089819962313,UP
Acc8_frontalcortex_ST_A_Ex_KD,8,frontalcortex,ST_A_Ex_KD,GSE280382,gene_name,Gm14393,GM14393,-1.000228673501533,0.0185089819962313,DOWN
Acc8_frontalcortex_ST_A_Ex_KD,8,frontalcortex,ST_A_Ex_KD,GSE280382,gene_name,Islr,ISLR,0.5691684413719742,0.0185089819962313,UP
Acc8_frontalcortex_ST_A_Ex_KD,8,frontalcortex,ST_A_Ex_KD,GSE280382,gene_name,Nkpd1,NKPD1,1.1605895094579155,0.0193595213634125,UP
Acc8_frontalcortex_ST_A_Ex_KD,8,frontalcortex,ST_A_Ex_KD,GSE280382,gene_name,Scarf2,SCARF2,0.7453220734116517,0.0193595213634125,UP
Acc8_frontalcortex_ST_A_Ex_KD,8,frontalcortex,ST_A_Ex_KD,GSE280382,gene_name,Gm3636,GM3636,-0.6255579527235828,0.0221620925142322,DOWN
Acc8_frontalcortex_ST_A_Ex_KD,8,frontalcortex,ST_A_Ex_KD,GSE280382,gene_name,Bbs12,BBS12,-0.5218695241418955,0.0221620925142322,DOWN
Acc8_frontalcortex_ST_A_Ex_KD,8,frontalcortex,ST_A_Ex_KD,GSE280382,gene_name,Gm9567,GM9567,-0.5514083623274163,0.026320303730162,DOWN
Acc8_frontalcortex_ST_A_Ex_KD,8,frontalcortex,ST_A_Ex_KD,GSE280382,gene_name,Maml3,MAML3,-0.5512632998965176,0.0263467593462013,DOWN
Acc8_frontalcortex_ST_A_Ex_KD,8,frontalcortex,ST_A_Ex_KD,GSE280382,gene_name,Loc115490443,LOC115490443,-1.017921651926629,0.0268773051865312,DOWN
Acc8_frontalcortex_ST_A_Ex_KD,8,frontalcortex,ST_A_Ex_KD,GSE280382,gene_name,Loc118568277,LOC118568277,-0.7003122131183301,0.0268773051865312,DOWN
Acc8_frontalcortex_ST_A_Ex_KD,8,frontalcortex,ST_A_Ex_KD,GSE280382,gene_name,Nkain3,NKAIN3,-0.5865996102808883,0.0268773051865312,DOWN
Acc8_frontalcortex_ST_A_Ex_KD,8,frontalcortex,ST_A_Ex_KD,GSE280382,gene_name,Nrap,NRAP,1.022216104240045,0.026947426179387,UP
Acc8_frontalcortex_ST_A_Ex_KD,8,frontalcortex,ST_A_Ex_KD,GSE280382,gene_name,Zfp950,ZFP950,-0.5700522469122535,0.0270209597796776,DOWN
Acc8_frontalcortex_ST_A_Ex_KD,8,frontalcortex,ST_A_Ex_KD,GSE280382,gene_name,Gm26876,GM26876,-1.111739340341416,0.0275887058195957,DOWN
Acc8_frontalcortex_ST_A_Ex_KD,8,frontalcortex,ST_A_Ex_KD,GSE280382,gene_name,Bmp4,BMP4,0.7990494568212099,0.0275887058195957,UP
Acc8_frontalcortex_ST_A_Ex_KD,8,frontalcortex,ST_A_Ex_KD,GSE280382,gene_name,Zdbf2,ZDBF2,-0.7015857016114913,0.0275887058195957,DOWN
Acc8_frontalcortex_ST_A_Ex_KD,8,frontalcortex,ST_A_Ex_KD,GSE280382,gene_name,Gm16386,GM16386,-0.6212074824645419,0.0275887058195957,DOWN
Acc8_frontalcortex_ST_A_Ex_KD,8,frontalcortex,ST_A_Ex_KD,GSE280382,gene_name,Gm46872,GM46872,1.0444404385861423,0.0279216642213394,UP
Acc8_frontalcortex_ST_A_Ex_KD,8,frontalcortex,ST_A_Ex_KD,GSE280382,gene_name,Gm40578,GM40578,-0.6702473938381865,0.0284897511409698,DOWN
Acc8_frontalcortex_ST_A_Ex_KD,8,frontalcortex,ST_A_Ex_KD,GSE280382,gene_name,Nr1d1,NR1D1,0.5464546542491144,0.0307916333855505,UP
Acc8_frontalcortex_ST_A_Ex_KD,8,frontalcortex,ST_A_Ex_KD,GSE280382,gene_name,Gm31047,GM31047,-1.145524789963355,0.0361727856085777,DOWN
Acc8_frontalcortex_ST_A_Ex_KD,8,frontalcortex,ST_A_Ex_KD,GSE280382,gene_name,A730035i17rik,A730035I17RIK,0.9746263823954116,0.0369424332000674,UP
Acc8_frontalcortex_ST_A_Ex_KD,8,frontalcortex,ST_A_Ex_KD,GSE280382,gene_name,Gm46591,GM46591,-0.6772691943084869,0.0373169578959844,DOWN
Acc8_frontalcortex_ST_A_Ex_KD,8,frontalcortex,ST_A_Ex_KD,GSE280382,gene_name,Syna,SYNA,0.5658718353034783,0.0373169578959844,UP
Acc8_frontalcortex_ST_A_Ex_KD,8,frontalcortex,ST_A_Ex_KD,GSE280382,gene_name,Gm14399,GM14399,-0.5284758401110832,0.0373169578959844,DOWN
Acc8_frontalcortex_ST_A_Ex_KD,8,frontalcortex,ST_A_Ex_KD,GSE280382,gene_name,Jsrp1,JSRP1,0.7319518708701143,0.0382455623289394,UP
Acc8_frontalcortex_ST_A_Ex_KD,8,frontalcortex,ST_A_Ex_KD,GSE280382,gene_name,Hkdc1,HKDC1,0.5846268328607739,0.0382455623289394,UP
Acc8_frontalcortex_ST_A_Ex_KD,8,frontalcortex,ST_A_Ex_KD,GSE280382,gene_name,Dbp,DBP,0.9612305759744572,0.0398515018150764,UP
Acc8_frontalcortex_ST_A_Ex_KD,8,frontalcortex,ST_A_Ex_KD,GSE280382,gene_name,Gm39885,GM39885,-0.5810146564659467,0.0407153526602197,DOWN
Acc8_frontalcortex_ST_A_Ex_KD,8,frontalcortex,ST_A_Ex_KD,GSE280382,gene_name,Loc118567955,LOC118567955,-1.2675172747789611,0.0409585251720302,DOWN
Acc8_frontalcortex_ST_A_Ex_KD,8,frontalcortex,ST_A_Ex_KD,GSE280382,gene_name,Lrrk1,LRRK1,0.5156653962266402,0.0474574562226319,UP
Acc8_frontalcortex_ST_A_Ex_KD,8,frontalcortex,ST_A_Ex_KD,GSE280382,gene_name,3110070m22rik,3110070M22RIK,0.9633088603569332,0.0478761715366962,UP
Acc8_frontalcortex_ST_A_Ex_KD,8,frontalcortex,ST_A_Ex_KD,GSE280382,gene_name,Loc108168933,LOC108168933,-0.8570820197428368,0.0478761715366962,DOWN
Acc8_frontalcortex_ST_A_Ex_KD,8,frontalcortex,ST_A_Ex_KD,GSE280382,gene_name,Tubd1,TUBD1,-0.5885233952224693,0.0478761715366962,DOWN
Acc8_frontalcortex_ST_A_Ex_KD,8,frontalcortex,ST_A_Ex_KD,GSE280382,gene_name,Zbtb7c,ZBTB7C,0.5413268562765465,0.0478761715366962,UP
Acc8_frontalcortex_ST_A_Ex_KD,8,frontalcortex,ST_A_Ex_KD,GSE280382,gene_name,Gm46878,GM46878,-0.5412431161571052,0.0488921869273215,DOWN
Acc8_frontalcortex_ST_A_Ex_KD,8,frontalcortex,ST_A_Ex_KD,GSE280382,gene_name,Gstt2,GSTT2,0.8603564411528993,0.0497088522695529,UP
Acc8_hippocampus_ST_A_Ex,8,hippocampus,ST_A_Ex,GSE280382,gene_name,Rps21,RPS21,1.3051923128220522,1.1700433253463991e-101,UP
Acc8_hippocampus_ST_A_Ex,8,hippocampus,ST_A_Ex,GSE280382,gene_name,Rpl36,RPL36,1.0924521102020868,1.907723479186851e-40,UP
Acc8_hippocampus_ST_A_Ex,8,hippocampus,ST_A_Ex,GSE280382,gene_name,Rpl37,RPL37,1.0698246873524753,3.277147903247368e-35,UP
Acc8_hippocampus_ST_A_Ex,8,hippocampus,ST_A_Ex,GSE280382,gene_name,Ndufa5,NDUFA5,0.9219848227297934,2.9753142848579143e-34,UP
Acc8_hippocampus_ST_A_Ex,8,hippocampus,ST_A_Ex,GSE280382,gene_name,Rpl37a,RPL37A,0.8277621216736204,6.1601567727091305e-33,UP
Acc8_hippocampus_ST_A_Ex,8,hippocampus,ST_A_Ex,GSE280382,gene_name,Fus,FUS,0.8482245750332931,3.9651366425025554e-31,UP
Acc8_hippocampus_ST_A_Ex,8,hippocampus,ST_A_Ex,GSE280382,gene_name,Rps29,RPS29,1.349385329324486,1.5234588970847442e-30,UP
Acc8_hippocampus_ST_A_Ex,8,hippocampus,ST_A_Ex,GSE280382,gene_name,Tnks2,TNKS2,-0.512250586870105,5.3721844610790734e-30,DOWN
Acc8_hippocampus_ST_A_Ex,8,hippocampus,ST_A_Ex,GSE280382,gene_name,Rpl38,RPL38,1.2918350559435432,5.809010776671238e-29,UP
Acc8_hippocampus_ST_A_Ex,8,hippocampus,ST_A_Ex,GSE280382,gene_name,Pet100,PET100,1.1925560738425458,1.317708622260881e-28,UP
Acc8_hippocampus_ST_A_Ex,8,hippocampus,ST_A_Ex,GSE280382,gene_name,Rpl35a,RPL35A,1.0351439134677116,2.016071033369561e-28,UP
Acc8_hippocampus_ST_A_Ex,8,hippocampus,ST_A_Ex,GSE280382,gene_name,Tceal5,TCEAL5,1.2814826963514487,1.0641581697523118e-27,UP
Acc8_hippocampus_ST_A_Ex,8,hippocampus,ST_A_Ex,GSE280382,gene_name,Lsm7,LSM7,1.195628534750422,5.2501136148759224e-27,UP
Acc8_hippocampus_ST_A_Ex,8,hippocampus,ST_A_Ex,GSE280382,gene_name,Uqcc2,UQCC2,1.0612576200483366,5.2501136148759224e-27,UP
Acc8_hippocampus_ST_A_Ex,8,hippocampus,ST_A_Ex,GSE280382,gene_name,Tceal6,TCEAL6,0.8982620518584997,5.9496454004593145e-27,UP
Acc8_hippocampus_ST_A_Ex,8,hippocampus,ST_A_Ex,GSE280382,gene_name,Snrpf,SNRPF,1.2900338374875515,1.1595008405745507e-26,UP
Acc8_hippocampus_ST_A_Ex,8,hippocampus,ST_A_Ex,GSE280382,gene_name,Uqcrq,UQCRQ,0.9547144995174124,2.2274928833923692e-26,UP
Acc8_hippocampus_ST_A_Ex,8,hippocampus,ST_A_Ex,GSE280382,gene_name,Pabpn1,PABPN1,0.957778489963665,2.280838633102949e-26,UP
Acc8_hippocampus_ST_A_Ex,8,hippocampus,ST_A_Ex,GSE280382,gene_name,Atp5k,ATP5K,1.318190789646155,2.877684380231833e-26,UP
Acc8_hippocampus_ST_A_Ex,8,hippocampus,ST_A_Ex,GSE280382,gene_name,Ndufs6,NDUFS6,1.2358135233991416,4.679579527515071e-26,UP
Acc8_hippocampus_ST_A_Ex,8,hippocampus,ST_A_Ex,GSE280382,gene_name,Ndufa13,NDUFA13,0.8865942573729264,5.864745065425669e-26,UP
Acc8_hippocampus_ST_A_Ex,8,hippocampus,ST_A_Ex,GSE280382,gene_name,Rpl23,RPL23,0.7626238522613934,1.4086604711753429e-25,UP
Acc8_hippocampus_ST_A_Ex,8,hippocampus,ST_A_Ex,GSE280382,gene_name,Naa38,NAA38,1.2398478640100254,5.31918061283039e-25,UP
Acc8_hippocampus_ST_A_Ex,8,hippocampus,ST_A_Ex,GSE280382,gene_name,Gng13,GNG13,1.6121277590445433,5.43678784973734e-25,UP
Acc8_hippocampus_ST_A_Ex,8,hippocampus,ST_A_Ex,GSE280382,gene_name,Ndufa2,NDUFA2,1.0043591540287682,5.897562356210335e-25,UP
Acc8_hippocampus_ST_A_Ex,8,hippocampus,ST_A_Ex,GSE280382,gene_name,Tceal3,TCEAL3,0.8372007039155557,1.1010737259697748e-24,UP
Acc8_hippocampus_ST_A_Ex,8,hippocampus,ST_A_Ex,GSE280382,gene_name,Drap1,DRAP1,0.8061198909552126,2.31112789566083e-24,UP
Acc8_hippocampus_ST_A_Ex,8,hippocampus,ST_A_Ex,GSE280382,gene_name,Cops9,COPS9,1.1088526341594152,2.4073098364160087e-24,UP
Acc8_hippocampus_ST_A_Ex,8,hippocampus,ST_A_Ex,GSE280382,gene_name,Ndufs5,NDUFS5,0.7980875945574776,3.84802366572606e-24,UP
Acc8_hippocampus_ST_A_Ex,8,hippocampus,ST_A_Ex,GSE280382,gene_name,Micos13,MICOS13,0.9976423988161934,7.174194266136906e-24,UP
Acc8_hippocampus_ST_A_Ex,8,hippocampus,ST_A_Ex,GSE280382,gene_name,Slirp,SLIRP,1.0049294237402764,7.942690222456686e-24,UP
Acc8_hippocampus_ST_A_Ex,8,hippocampus,ST_A_Ex,GSE280382,gene_name,Rpl41,RPL41,0.9123956978180968,1.936381734380571e-23,UP
Acc8_hippocampus_ST_A_Ex,8,hippocampus,ST_A_Ex,GSE280382,gene_name,Rps28,RPS28,1.1679534170814705,1.9977081706204294e-23,UP
Acc8_hippocampus_ST_A_Ex,8,hippocampus,ST_A_Ex,GSE280382,gene_name,Rpl36a,RPL36A,1.0600144444902644,2.1914232275106094e-23,UP
Acc8_hippocampus_ST_A_Ex,8,hippocampus,ST_A_Ex,GSE280382,gene_name,Anapc13,ANAPC13,1.1019721470585746,2.729817167695964e-23,UP
Acc8_hippocampus_ST_A_Ex,8,hippocampus,ST_A_Ex,GSE280382,gene_name,Cox5b,COX5B,1.2572982782722684,8.145927714186008e-23,UP
Acc8_hippocampus_ST_A_Ex,8,hippocampus,ST_A_Ex,GSE280382,gene_name,Cfl1,CFL1,0.6623515934164049,1.1941218809611012e-22,UP
Acc8_hippocampus_ST_A_Ex,8,hippocampus,ST_A_Ex,GSE280382,gene_name,Tug1,TUG1,-0.6036373639462186,1.9724137546887904e-22,DOWN
Acc8_hippocampus_ST_A_Ex,8,hippocampus,ST_A_Ex,GSE280382,gene_name,Bex1,BEX1,0.8407778075351514,3.6872029515501775e-22,UP
Acc8_hippocampus_ST_A_Ex,8,hippocampus,ST_A_Ex,GSE280382,gene_name,Ndufb6,NDUFB6,0.8538179181187806,4.7742637695096625e-22,UP
Acc8_hippocampus_ST_A_Ex,8,hippocampus,ST_A_Ex,GSE280382,gene_name,Ndufb3,NDUFB3,1.042469202588363,5.313719181867319e-22,UP
Acc8_hippocampus_ST_A_Ex,8,hippocampus,ST_A_Ex,GSE280382,gene_name,Rps27,RPS27,0.8976026916147346,5.938427846494558e-22,UP
Acc8_hippocampus_ST_A_Ex,8,hippocampus,ST_A_Ex,GSE280382,gene_name,Mrps18c,MRPS18C,0.8835876686925036,1.2894321550196009e-21,UP
Acc8_hippocampus_ST_A_Ex,8,hippocampus,ST_A_Ex,GSE280382,gene_name,Ccng1,CCNG1,-0.5130749993589471,1.4946159294018198e-21,DOWN
Acc8_hippocampus_ST_A_Ex,8,hippocampus,ST_A_Ex,GSE280382,gene_name,Mrpl52,MRPL52,0.8589905605147685,2.22982519811267e-21,UP
Acc8_hippocampus_ST_A_Ex,8,hippocampus,ST_A_Ex,GSE280382,gene_name,Rpl11,RPL11,0.7714365440626227,5.5834819106808516e-21,UP
Acc8_hippocampus_ST_A_Ex,8,hippocampus,ST_A_Ex,GSE280382,gene_name,H1f0,H1F0,0.7086599557471058,5.5834819106808516e-21,UP
Acc8_hippocampus_ST_A_Ex,8,hippocampus,ST_A_Ex,GSE280382,gene_name,Ndufb9,NDUFB9,0.7433389844024555,5.6317406115239375e-21,UP
Acc8_hippocampus_ST_A_Ex,8,hippocampus,ST_A_Ex,GSE280382,gene_name,Ndufv3,NDUFV3,0.6086992321659985,9.668533456951184e-21,UP
Acc8_hippocampus_ST_A_Ex,8,hippocampus,ST_A_Ex,GSE280382,gene_name,Taf15,TAF15,0.737390232033209,9.98677442141328e-21,UP
Acc8_hippocampus_ST_A_Ex,8,hippocampus,ST_A_Ex,GSE280382,gene_name,Tmem258,TMEM258,1.1563282881783978,2.0149520101969488e-20,UP
Acc8_hippocampus_ST_A_Ex,8,hippocampus,ST_A_Ex,GSE280382,gene_name,Tomm7,TOMM7,1.568314478966126,2.068889983350682e-20,UP
Acc8_hippocampus_ST_A_Ex,8,hippocampus,ST_A_Ex,GSE280382,gene_name,Sod1,SOD1,0.5718416273747174,2.068889983350682e-20,UP
Acc8_hippocampus_ST_A_Ex,8,hippocampus,ST_A_Ex,GSE280382,gene_name,Myl6,MYL6,0.9155952673966316,2.833944726284723e-20,UP
Acc8_hippocampus_ST_A_Ex,8,hippocampus,ST_A_Ex,GSE280382,gene_name,Snhg8,SNHG8,1.2082137237708297,3.813604128013771e-20,UP
Acc8_hippocampus_ST_A_Ex,8,hippocampus,ST_A_Ex,GSE280382,gene_name,Pin4,PIN4,0.906536170442364,3.813604128013771e-20,UP
Acc8_hippocampus_ST_A_Ex,8,hippocampus,ST_A_Ex,GSE280382,gene_name,Rpl36al,RPL36AL,0.7911731829954546,7.474011253445181e-20,UP
Acc8_hippocampus_ST_A_Ex,8,hippocampus,ST_A_Ex,GSE280382,gene_name,Uqcrb,UQCRB,1.020017651861998,7.834432478094612e-20,UP
Acc8_hippocampus_ST_A_Ex,8,hippocampus,ST_A_Ex,GSE280382,gene_name,Rps15,RPS15,0.6609794462791119,8.67552455052332e-20,UP
Acc8_hippocampus_ST_A_Ex,8,hippocampus,ST_A_Ex,GSE280382,gene_name,Gm38733,GM38733,0.7663634206027367,9.3562496494514e-20,UP
Acc8_hippocampus_ST_A_Ex,8,hippocampus,ST_A_Ex,GSE280382,gene_name,Mea1,MEA1,1.048285251320177,1.813755330654256e-19,UP
Acc8_hippocampus_ST_A_Ex,8,hippocampus,ST_A_Ex,GSE280382,gene_name,Atp5h,ATP5H,0.5721072803282604,2.7605579545521413e-19,UP
Acc8_hippocampus_ST_A_Ex,8,hippocampus,ST_A_Ex,GSE280382,gene_name,Mrpl20,MRPL20,0.8447875470758877,2.8118683857748605e-19,UP
Acc8_hippocampus_ST_A_Ex,8,hippocampus,ST_A_Ex,GSE280382,gene_name,Grpel1,GRPEL1,0.5251848321352279,4.585889857476811e-19,UP
Acc8_hippocampus_ST_A_Ex,8,hippocampus,ST_A_Ex,GSE280382,gene_name,Atp5mpl,ATP5MPL,1.001075519023669,4.708928372177088e-19,UP
Acc8_hippocampus_ST_A_Ex,8,hippocampus,ST_A_Ex,GSE280382,gene_name,Snrnp70,SNRNP70,0.6170330314724901,5.391636512011967e-19,UP
Acc8_hippocampus_ST_A_Ex,8,hippocampus,ST_A_Ex,GSE280382,gene_name,Pum2,PUM2,-0.5310134837994132,5.409629249043416e-19,DOWN
Acc8_hippocampus_ST_A_Ex,8,hippocampus,ST_A_Ex,GSE280382,gene_name,Rpl21,RPL21,0.5774163659867052,1.1630662403614067e-18,UP
Acc8_hippocampus_ST_A_Ex,8,hippocampus,ST_A_Ex,GSE280382,gene_name,Stmn4,STMN4,0.5633685692326903,1.1822382120890118e-18,UP
Acc8_hippocampus_ST_A_Ex,8,hippocampus,ST_A_Ex,GSE280382,gene_name,Ndufb7,NDUFB7,0.5808933559284161,1.2305188706001073e-18,UP
Acc8_hippocampus_ST_A_Ex,8,hippocampus,ST_A_Ex,GSE280382,gene_name,Cox17,COX17,0.8654972543128667,3.064461847268725e-18,UP
Acc8_hippocampus_ST_A_Ex,8,hippocampus,ST_A_Ex,GSE280382,gene_name,Fis1,FIS1,0.6222593612072657,5.3877153138335915e-18,UP
Acc8_hippocampus_ST_A_Ex,8,hippocampus,ST_A_Ex,GSE280382,gene_name,Morf4l1b,MORF4L1B,0.8056084637041214,7.146764331664091e-18,UP
Acc8_hippocampus_ST_A_Ex,8,hippocampus,ST_A_Ex,GSE280382,gene_name,Sem1,SEM1,1.0439029515791511,8.812068263019302e-18,UP
Acc8_hippocampus_ST_A_Ex,8,hippocampus,ST_A_Ex,GSE280382,gene_name,Ndufb1,NDUFB1,1.346020105063641,1.0956675042404116e-17,UP
Acc8_hippocampus_ST_A_Ex,8,hippocampus,ST_A_Ex,GSE280382,gene_name,Atp5j2,ATP5J2,0.7511255647251599,1.169788339365696e-17,UP
Acc8_hippocampus_ST_A_Ex,8,hippocampus,ST_A_Ex,GSE280382,gene_name,Ndufb8,NDUFB8,0.6278585370076831,1.665188067030333e-17,UP
Acc8_hippocampus_ST_A_Ex,8,hippocampus,ST_A_Ex,GSE280382,gene_name,Rps26,RPS26,0.5935644529916276,1.8533584018684038e-17,UP
Acc8_hippocampus_ST_A_Ex,8,hippocampus,ST_A_Ex,GSE280382,gene_name,Pfdn1,PFDN1,0.6017017251235401,1.8980919114047638e-17,UP
Acc8_hippocampus_ST_A_Ex,8,hippocampus,ST_A_Ex,GSE280382,gene_name,Nhp2,NHP2,0.7334087412594641,1.92300493221262e-17,UP
Acc8_hippocampus_ST_A_Ex,8,hippocampus,ST_A_Ex,GSE280382,gene_name,Fndc3a,FNDC3A,-0.5024134047551231,1.92300493221262e-17,DOWN
Acc8_hippocampus_ST_A_Ex,8,hippocampus,ST_A_Ex,GSE280382,gene_name,Bola2,BOLA2,0.9702291952880976,2.0473495248904088e-17,UP
Acc8_hippocampus_ST_A_Ex,8,hippocampus,ST_A_Ex,GSE280382,gene_name,Ndufa3,NDUFA3,1.2670090327879722,2.1169751107846796e-17,UP
Acc8_hippocampus_ST_A_Ex,8,hippocampus,ST_A_Ex,GSE280382,gene_name,Lgr4,LGR4,-0.5489998110487693,3.2069476727511124e-17,DOWN
Acc8_hippocampus_ST_A_Ex,8,hippocampus,ST_A_Ex,GSE280382,gene_name,Nme2,NME2,0.7791678280493609,4.316188640388901e-17,UP
Acc8_hippocampus_ST_A_Ex,8,hippocampus,ST_A_Ex,GSE280382,gene_name,Gm19378,GM19378,-0.9317142258421728,4.760915295312481e-17,DOWN
Acc8_hippocampus_ST_A_Ex,8,hippocampus,ST_A_Ex,GSE280382,gene_name,Pdap1,PDAP1,0.8062787712243132,7.925310362156158e-17,UP
Acc8_hippocampus_ST_A_Ex,8,hippocampus,ST_A_Ex,GSE280382,gene_name,Slc25a4,SLC25A4,0.53053581637689,1.2444660721455803e-16,UP
Acc8_hippocampus_ST_A_Ex,8,hippocampus,ST_A_Ex,GSE280382,gene_name,Mt3,MT3,1.3325471258543748,1.528747737587561e-16,UP
Acc8_hippocampus_ST_A_Ex,8,hippocampus,ST_A_Ex,GSE280382,gene_name,Ndufa12,NDUFA12,0.6905124122696205,1.908278919056061e-16,UP
Acc8_hippocampus_ST_A_Ex,8,hippocampus,ST_A_Ex,GSE280382,gene_name,Sec61b,SEC61B,0.905947391024674,1.9736455870141606e-16,UP
Acc8_hippocampus_ST_A_Ex,8,hippocampus,ST_A_Ex,GSE280382,gene_name,Xpr1,XPR1,-0.5192104978224695,2.0107077913636323e-16,DOWN
Acc8_hippocampus_ST_A_Ex,8,hippocampus,ST_A_Ex,GSE280382,gene_name,Fau,FAU,0.7208653818146779,2.6787002590317824e-16,UP
Acc8_hippocampus_ST_A_Ex,8,hippocampus,ST_A_Ex,GSE280382,gene_name,Swi5,SWI5,0.6704575513848176,2.6787002590317824e-16,UP
Acc8_hippocampus_ST_A_Ex,8,hippocampus,ST_A_Ex,GSE280382,gene_name,Mrpl40,MRPL40,0.5481490367537508,2.678899401762367e-16,UP
Acc8_hippocampus_ST_A_Ex,8,hippocampus,ST_A_Ex,GSE280382,gene_name,Mrpl14,MRPL14,0.7092946606672195,2.953690694516938e-16,UP
Acc8_hippocampus_ST_A_Ex,8,hippocampus,ST_A_Ex,GSE280382,gene_name,Gas5,GAS5,0.6882600124598128,3.966267254210704e-16,UP
Acc8_hippocampus_ST_A_Ex,8,hippocampus,ST_A_Ex,GSE280382,gene_name,Rpl30,RPL30,0.7114223164103397,5.508440019547174e-16,UP
Acc8_hippocampus_ST_A_Ex,8,hippocampus,ST_A_Ex,GSE280382,gene_name,Rpl31,RPL31,0.5213432093728761,6.458501389112956e-16,UP
Acc8_hippocampus_ST_A_Ex,8,hippocampus,ST_A_Ex,GSE280382,gene_name,Prdx5,PRDX5,0.6569308739850275,6.893323895433986e-16,UP
Acc8_hippocampus_ST_A_Ex,8,hippocampus,ST_A_Ex,GSE280382,gene_name,Sumo2,SUMO2,0.5153940406979018,7.7303981963516945e-16,UP
Acc8_hippocampus_ST_A_Ex,8,hippocampus,ST_A_Ex,GSE280382,gene_name,Rpl35,RPL35,0.6418834656137438,1.1566831989370858e-15,UP
Acc8_hippocampus_ST_A_Ex,8,hippocampus,ST_A_Ex,GSE280382,gene_name,Ndufb2,NDUFB2,0.8374784707203602,1.2012466125674344e-15,UP
Acc8_hippocampus_ST_A_Ex,8,hippocampus,ST_A_Ex,GSE280382,gene_name,Ndufa1,NDUFA1,1.2457514014242657,1.4413234668825308e-15,UP
Acc8_hippocampus_ST_A_Ex,8,hippocampus,ST_A_Ex,GSE280382,gene_name,Miat,MIAT,0.624098736754136,2.2080332133384214e-15,UP
Acc8_hippocampus_ST_A_Ex,8,hippocampus,ST_A_Ex,GSE280382,gene_name,Rps19,RPS19,0.7072071937217155,3.2954134735774962e-15,UP
Acc8_hippocampus_ST_A_Ex,8,hippocampus,ST_A_Ex,GSE280382,gene_name,Klhl11,KLHL11,-0.5089535519896579,4.022169755132496e-15,DOWN
Acc8_hippocampus_ST_A_Ex,8,hippocampus,ST_A_Ex,GSE280382,gene_name,Tmem47,TMEM47,-0.6522600486627163,4.369057363812281e-15,DOWN
Acc8_hippocampus_ST_A_Ex,8,hippocampus,ST_A_Ex,GSE280382,gene_name,Atp6v0c-ps2,ATP6V0C-PS2,-1.3234657714306155,4.583365597075161e-15,DOWN
Acc8_hippocampus_ST_A_Ex,8,hippocampus,ST_A_Ex,GSE280382,gene_name,Snhg6,SNHG6,1.115762689344982,6.8925880585570975e-15,UP
Acc8_hippocampus_ST_A_Ex,8,hippocampus,ST_A_Ex,GSE280382,gene_name,Serp2,SERP2,0.7329128216968288,8.37494785320184e-15,UP
Acc8_hippocampus_ST_A_Ex,8,hippocampus,ST_A_Ex,GSE280382,gene_name,Lsm4,LSM4,0.9271577114170498,8.793525532735404e-15,UP
Acc8_hippocampus_ST_A_Ex,8,hippocampus,ST_A_Ex,GSE280382,gene_name,Htra2,HTRA2,0.5981869121334489,1.1147584613911932e-14,UP
Acc8_hippocampus_ST_A_Ex,8,hippocampus,ST_A_Ex,GSE280382,gene_name,Uqcr11,UQCR11,1.321799189740749,1.1433174794041064e-14,UP
Acc8_hippocampus_ST_A_Ex,8,hippocampus,ST_A_Ex,GSE280382,gene_name,Nt5c,NT5C,0.7275232679149458,1.1433174794041064e-14,UP
Acc8_hippocampus_ST_A_Ex,8,hippocampus,ST_A_Ex,GSE280382,gene_name,Pfdn6,PFDN6,1.057681562869682,1.5907649821954216e-14,UP
Acc8_hippocampus_ST_A_Ex,8,hippocampus,ST_A_Ex,GSE280382,gene_name,Polr2k,POLR2K,0.8020401940593263,1.7379558083807193e-14,UP
Acc8_hippocampus_ST_A_Ex,8,hippocampus,ST_A_Ex,GSE280382,gene_name,Dpm3,DPM3,1.116306973617927,1.883538945893912e-14,UP
Acc8_hippocampus_ST_A_Ex,8,hippocampus,ST_A_Ex,GSE280382,gene_name,Tlr3,TLR3,-0.6810210483401689,2.5275318539479788e-14,DOWN
Acc8_hippocampus_ST_A_Ex,8,hippocampus,ST_A_Ex,GSE280382,gene_name,Atpif1,ATPIF1,0.734379959690379,2.606471839598791e-14,UP
Acc8_hippocampus_ST_A_Ex,8,hippocampus,ST_A_Ex,GSE280382,gene_name,Romo1,ROMO1,1.2836203726121895,3.3915146073717624e-14,UP
Acc8_hippocampus_ST_A_Ex,8,hippocampus,ST_A_Ex,GSE280382,gene_name,Nenf,NENF,0.5475000054801338,3.4268238860405746e-14,UP
Acc8_hippocampus_ST_A_Ex,8,hippocampus,ST_A_Ex,GSE280382,gene_name,Rnaseh2c,RNASEH2C,0.9413066225734504,4.3269636617463655e-14,UP
Acc8_hippocampus_ST_A_Ex,8,hippocampus,ST_A_Ex,GSE280382,gene_name,Pin1,PIN1,0.6430001965457449,5.84095550100869e-14,UP
Acc8_hippocampus_ST_A_Ex,8,hippocampus,ST_A_Ex,GSE280382,gene_name,Gm39326,GM39326,1.031821514349088,6.515061856888123e-14,UP
Acc8_hippocampus_ST_A_Ex,8,hippocampus,ST_A_Ex,GSE280382,gene_name,Loc118568482,LOC118568482,0.6938076042616717,7.273253449564361e-14,UP
Acc8_hippocampus_ST_A_Ex,8,hippocampus,ST_A_Ex,GSE280382,gene_name,Cycs,CYCS,0.5185082046473033,7.274260368343254e-14,UP
Acc8_hippocampus_ST_A_Ex,8,hippocampus,ST_A_Ex,GSE280382,gene_name,Atp5e,ATP5E,0.9078470154942646,8.302282316830814e-14,UP
Acc8_hippocampus_ST_A_Ex,8,hippocampus,ST_A_Ex,GSE280382,gene_name,Mrpl54,MRPL54,0.8076548941037763,9.538622086148342e-14,UP
Acc8_hippocampus_ST_A_Ex,8,hippocampus,ST_A_Ex,GSE280382,gene_name,Rplp2,RPLP2,0.7337530721858878,9.538622086148342e-14,UP
Acc8_hippocampus_ST_A_Ex,8,hippocampus,ST_A_Ex,GSE280382,gene_name,Fbxo2,FBXO2,0.6157395930675138,1.0258043479526113e-13,UP
Acc8_hippocampus_ST_A_Ex,8,hippocampus,ST_A_Ex,GSE280382,gene_name,S100a13,S100A13,0.972000406855055,1.2397561688921946e-13,UP
Acc8_hippocampus_ST_A_Ex,8,hippocampus,ST_A_Ex,GSE280382,gene_name,Pdcd5,PDCD5,0.659060426035136,1.5199295684444908e-13,UP
Acc8_hippocampus_ST_A_Ex,8,hippocampus,ST_A_Ex,GSE280382,gene_name,Rps17,RPS17,0.5684272907944664,1.567273011730466e-13,UP
Acc8_hippocampus_ST_A_Ex,8,hippocampus,ST_A_Ex,GSE280382,gene_name,Hebp1,HEBP1,0.672062447808607,1.7250929757317054e-13,UP
Acc8_hippocampus_ST_A_Ex,8,hippocampus,ST_A_Ex,GSE280382,gene_name,Emc9,EMC9,0.8555150015047833,1.851872972415114e-13,UP
Acc8_hippocampus_ST_A_Ex,8,hippocampus,ST_A_Ex,GSE280382,gene_name,Smdt1,SMDT1,0.6958725118704288,1.9576938895770901e-13,UP
Acc8_hippocampus_ST_A_Ex,8,hippocampus,ST_A_Ex,GSE280382,gene_name,Tmsb10,TMSB10,0.889129835441293,2.0308993221378285e-13,UP
Acc8_hippocampus_ST_A_Ex,8,hippocampus,ST_A_Ex,GSE280382,gene_name,Mrps26,MRPS26,0.6863331049936772,2.3323205182900385e-13,UP
Acc8_hippocampus_ST_A_Ex,8,hippocampus,ST_A_Ex,GSE280382,gene_name,Gar1,GAR1,0.960906525061204,2.453500195510897e-13,UP
Acc8_hippocampus_ST_A_Ex,8,hippocampus,ST_A_Ex,GSE280382,gene_name,Mt2,MT2,1.2972205792603293,2.509390186874685e-13,UP
Acc8_hippocampus_ST_A_Ex,8,hippocampus,ST_A_Ex,GSE280382,gene_name,Gm41349,GM41349,1.006406198934216,2.509390186874685e-13,UP
Acc8_hippocampus_ST_A_Ex,8,hippocampus,ST_A_Ex,GSE280382,gene_name,Cby1,CBY1,0.576753558328421,2.605993915692756e-13,UP
Acc8_hippocampus_ST_A_Ex,8,hippocampus,ST_A_Ex,GSE280382,gene_name,Bex2,BEX2,0.6306782537441518,2.893633814852717e-13,UP
Acc8_hippocampus_ST_A_Ex,8,hippocampus,ST_A_Ex,GSE280382,gene_name,Rps18,RPS18,0.6083314127126631,3.253656162779476e-13,UP
Acc8_hippocampus_ST_A_Ex,8,hippocampus,ST_A_Ex,GSE280382,gene_name,Dbi,DBI,1.130734405706051,3.8007921442005925e-13,UP
Acc8_hippocampus_ST_A_Ex,8,hippocampus,ST_A_Ex,GSE280382,gene_name,Lamtor4,LAMTOR4,0.8980865954153497,4.5336938860877686e-13,UP
Acc8_hippocampus_ST_A_Ex,8,hippocampus,ST_A_Ex,GSE280382,gene_name,Sec61g,SEC61G,0.8000851429943284,6.115701446912301e-13,UP
Acc8_hippocampus_ST_A_Ex,8,hippocampus,ST_A_Ex,GSE280382,gene_name,Bex3,BEX3,0.6628306366267932,6.119454546976206e-13,UP
Acc8_hippocampus_ST_A_Ex,8,hippocampus,ST_A_Ex,GSE280382,gene_name,Cox7c,COX7C,0.9077363627060556,6.562648763706343e-13,UP
Acc8_hippocampus_ST_A_Ex,8,hippocampus,ST_A_Ex,GSE280382,gene_name,Cuedc2,CUEDC2,0.514291528591575,6.68464910479992e-13,UP
Acc8_hippocampus_ST_A_Ex,8,hippocampus,ST_A_Ex,GSE280382,gene_name,Egr3,EGR3,-0.600088527075101,6.722017345403715e-13,DOWN
Acc8_hippocampus_ST_A_Ex,8,hippocampus,ST_A_Ex,GSE280382,gene_name,Coprs,COPRS,0.8599894454959361,7.151818023793992e-13,UP
Acc8_hippocampus_ST_A_Ex,8,hippocampus,ST_A_Ex,GSE280382,gene_name,Bloc1s1,BLOC1S1,0.8073971046144883,9.101256725649572e-13,UP
Acc8_hippocampus_ST_A_Ex,8,hippocampus,ST_A_Ex,GSE280382,gene_name,Rpl27,RPL27,0.5614438161363025,1.0568130707593313e-12,UP
Acc8_hippocampus_ST_A_Ex,8,hippocampus,ST_A_Ex,GSE280382,gene_name,Slc30a4,SLC30A4,-0.5189456666453152,1.2215435706254506e-12,DOWN
Acc8_hippocampus_ST_A_Ex,8,hippocampus,ST_A_Ex,GSE280382,gene_name,Rps23,RPS23,0.7362423229122177,1.407184677150371e-12,UP
Acc8_hippocampus_ST_A_Ex,8,hippocampus,ST_A_Ex,GSE280382,gene_name,Rpl23a,RPL23A,0.5906026561972344,1.5973832947048337e-12,UP
Acc8_hippocampus_ST_A_Ex,8,hippocampus,ST_A_Ex,GSE280382,gene_name,Rpl34,RPL34,0.5176495190987754,1.6864042906169377e-12,UP
Acc8_hippocampus_ST_A_Ex,8,hippocampus,ST_A_Ex,GSE280382,gene_name,Tmem240,TMEM240,0.7197486467026787,1.6921373190530684e-12,UP
Acc8_hippocampus_ST_A_Ex,8,hippocampus,ST_A_Ex,GSE280382,gene_name,Klhl15,KLHL15,-0.5688130058310721,1.6921373190530684e-12,DOWN
Acc8_hippocampus_ST_A_Ex,8,hippocampus,ST_A_Ex,GSE280382,gene_name,Lamtor2,LAMTOR2,0.8784560598793364,2.5778459046250387e-12,UP
Acc8_hippocampus_ST_A_Ex,8,hippocampus,ST_A_Ex,GSE280382,gene_name,2410006h16rik,2410006H16RIK,0.9181765062912364,2.8633634864028253e-12,UP
Acc8_hippocampus_ST_A_Ex,8,hippocampus,ST_A_Ex,GSE280382,gene_name,Tsr3,TSR3,0.5848983274856502,3.1210569059255575e-12,UP
Acc8_hippocampus_ST_A_Ex,8,hippocampus,ST_A_Ex,GSE280382,gene_name,Mrpl27,MRPL27,0.5929135407198579,3.3645140185114665e-12,UP
Acc8_hippocampus_ST_A_Ex,8,hippocampus,ST_A_Ex,GSE280382,gene_name,Ost4,OST4,0.8786545640991759,3.463763926747484e-12,UP
Acc8_hippocampus_ST_A_Ex,8,hippocampus,ST_A_Ex,GSE280382,gene_name,Tssc4,TSSC4,0.5919724186550144,4.078894145812888e-12,UP
Acc8_hippocampus_ST_A_Ex,8,hippocampus,ST_A_Ex,GSE280382,gene_name,Hnrnpa1,HNRNPA1,0.5255343676733486,4.1183396240905785e-12,UP
Acc8_hippocampus_ST_A_Ex,8,hippocampus,ST_A_Ex,GSE280382,gene_name,Zfpm2,ZFPM2,-0.630481570396994,4.287657769201545e-12,DOWN
Acc8_hippocampus_ST_A_Ex,8,hippocampus,ST_A_Ex,GSE280382,gene_name,Ndufa8,NDUFA8,0.682282798977574,4.327790802621908e-12,UP
Acc8_hippocampus_ST_A_Ex,8,hippocampus,ST_A_Ex,GSE280382,gene_name,Uba52,UBA52,0.5120057518494815,4.327790802621908e-12,UP
Acc8_hippocampus_ST_A_Ex,8,hippocampus,ST_A_Ex,GSE280382,gene_name,Nudt9,NUDT9,0.5714796844019747,4.619167176549625e-12,UP
Acc8_hippocampus_ST_A_Ex,8,hippocampus,ST_A_Ex,GSE280382,gene_name,Qk,QK,-0.5652909843770528,4.643878845424939e-12,DOWN
Acc8_hippocampus_ST_A_Ex,8,hippocampus,ST_A_Ex,GSE280382,gene_name,Erf,ERF,0.7829982669650187,5.223938531318915e-12,UP
Acc8_hippocampus_ST_A_Ex,8,hippocampus,ST_A_Ex,GSE280382,gene_name,D8ertd738e,D8ERTD738E,0.7596732870378035,5.322380114569357e-12,UP
Acc8_hippocampus_ST_A_Ex,8,hippocampus,ST_A_Ex,GSE280382,gene_name,Itgb8,ITGB8,-0.6882158545972754,5.724433907461618e-12,DOWN
Acc8_hippocampus_ST_A_Ex,8,hippocampus,ST_A_Ex,GSE280382,gene_name,Snrpd3,SNRPD3,0.8545182305503123,5.8101443862395636e-12,UP
Acc8_hippocampus_ST_A_Ex,8,hippocampus,ST_A_Ex,GSE280382,gene_name,Hirip3,HIRIP3,0.6429429106865975,6.618150433300891e-12,UP
Acc8_hippocampus_ST_A_Ex,8,hippocampus,ST_A_Ex,GSE280382,gene_name,Bex4,BEX4,0.8066048649064865,8.05163508928952e-12,UP
Acc8_hippocampus_ST_A_Ex,8,hippocampus,ST_A_Ex,GSE280382,gene_name,Coq7,COQ7,0.6301096749401933,8.165666204307879e-12,UP
Acc8_hippocampus_ST_A_Ex,8,hippocampus,ST_A_Ex,GSE280382,gene_name,Particl,PARTICL,0.5314162478184679,8.736609226577109e-12,UP
Acc8_hippocampus_ST_A_Ex,8,hippocampus,ST_A_Ex,GSE280382,gene_name,Hint1,HINT1,0.6302160651474115,9.106638163285346e-12,UP
Acc8_hippocampus_ST_A_Ex,8,hippocampus,ST_A_Ex,GSE280382,gene_name,Psmb5,PSMB5,0.6085531125910355,9.252563526093183e-12,UP
Acc8_hippocampus_ST_A_Ex,8,hippocampus,ST_A_Ex,GSE280382,gene_name,Cox8a,COX8A,1.1113590965156988,9.81778359741967e-12,UP
Acc8_hippocampus_ST_A_Ex,8,hippocampus,ST_A_Ex,GSE280382,gene_name,Smim12,SMIM12,0.6602535356957207,9.997367549287056e-12,UP
Acc8_hippocampus_ST_A_Ex,8,hippocampus,ST_A_Ex,GSE280382,gene_name,Hypk,HYPK,0.9507309754227417,1.0944564132204735e-11,UP
Acc8_hippocampus_ST_A_Ex,8,hippocampus,ST_A_Ex,GSE280382,gene_name,Thap3,THAP3,0.7118522090975475,1.1687298396443434e-11,UP
Acc8_hippocampus_ST_A_Ex,8,hippocampus,ST_A_Ex,GSE280382,gene_name,Snrpd2,SNRPD2,0.779155400178802,1.3079067873188908e-11,UP
Acc8_hippocampus_ST_A_Ex,8,hippocampus,ST_A_Ex,GSE280382,gene_name,Cirbp,CIRBP,0.8837643609865228,1.3783794762395427e-11,UP
Acc8_hippocampus_ST_A_Ex,8,hippocampus,ST_A_Ex,GSE280382,gene_name,Uqcc3,UQCC3,0.7648991146089953,1.4189605571706412e-11,UP
Acc8_hippocampus_ST_A_Ex,8,hippocampus,ST_A_Ex,GSE280382,gene_name,Polr2f,POLR2F,0.6474017568810106,1.5369959177735174e-11,UP
Acc8_hippocampus_ST_A_Ex,8,hippocampus,ST_A_Ex,GSE280382,gene_name,Lrrc58,LRRC58,-0.5973816911000623,1.5426262886730456e-11,DOWN
Acc8_hippocampus_ST_A_Ex,8,hippocampus,ST_A_Ex,GSE280382,gene_name,Arl3,ARL3,0.5788891864829249,1.5426262886730456e-11,UP
Acc8_hippocampus_ST_A_Ex,8,hippocampus,ST_A_Ex,GSE280382,gene_name,Srgap1,SRGAP1,-0.5887358908826317,2.0682165353364497e-11,DOWN
Acc8_hippocampus_ST_A_Ex,8,hippocampus,ST_A_Ex,GSE280382,gene_name,Fcor,FCOR,1.4067699107157583,2.3982106450008867e-11,UP
Acc8_hippocampus_ST_A_Ex,8,hippocampus,ST_A_Ex,GSE280382,gene_name,Edf1,EDF1,0.871933850289024,2.606862459146889e-11,UP
Acc8_hippocampus_ST_A_Ex,8,hippocampus,ST_A_Ex,GSE280382,gene_name,Tmed9,TMED9,0.6346930893944096,2.6971032071385063e-11,UP
Acc8_hippocampus_ST_A_Ex,8,hippocampus,ST_A_Ex,GSE280382,gene_name,Mrpl41,MRPL41,0.8262197430934479,3.6125873819975725e-11,UP
Acc8_hippocampus_ST_A_Ex,8,hippocampus,ST_A_Ex,GSE280382,gene_name,Arhgap5,ARHGAP5,-0.5527629706863466,4.029131619564356e-11,DOWN
Acc8_hippocampus_ST_A_Ex,8,hippocampus,ST_A_Ex,GSE280382,gene_name,Nr2c2ap,NR2C2AP,0.7262271830781051,4.20685302624932e-11,UP
Acc8_hippocampus_ST_A_Ex,8,hippocampus,ST_A_Ex,GSE280382,gene_name,Mrpl2,MRPL2,0.5831055616616045,4.2673068122417167e-11,UP
Acc8_hippocampus_ST_A_Ex,8,hippocampus,ST_A_Ex,GSE280382,gene_name,Ndufa6,NDUFA6,0.6377562935887968,4.4854092982166525e-11,UP
Acc8_hippocampus_ST_A_Ex,8,hippocampus,ST_A_Ex,GSE280382,gene_name,Acyp1,ACYP1,0.6723693828506047,4.737282049227188e-11,UP
Acc8_hippocampus_ST_A_Ex,8,hippocampus,ST_A_Ex,GSE280382,gene_name,Mtres1,MTRES1,0.5061831772460015,5.0535673390536845e-11,UP
Acc8_hippocampus_ST_A_Ex,8,hippocampus,ST_A_Ex,GSE280382,gene_name,Tbca,TBCA,0.719209557531232,5.2779924438963295e-11,UP
Acc8_hippocampus_ST_A_Ex,8,hippocampus,ST_A_Ex,GSE280382,gene_name,Tmem256,TMEM256,1.025658363116947,6.298897120459161e-11,UP
Acc8_hippocampus_ST_A_Ex,8,hippocampus,ST_A_Ex,GSE280382,gene_name,Cstb,CSTB,0.7645528071260765,6.337186429237525e-11,UP
Acc8_hippocampus_ST_A_Ex,8,hippocampus,ST_A_Ex,GSE280382,gene_name,Snhg12,SNHG12,0.7682108867216301,6.616753800858496e-11,UP
Acc8_hippocampus_ST_A_Ex,8,hippocampus,ST_A_Ex,GSE280382,gene_name,Med14,MED14,-0.5310134897102159,1.151323608424661e-10,DOWN
Acc8_hippocampus_ST_A_Ex,8,hippocampus,ST_A_Ex,GSE280382,gene_name,Tmem160,TMEM160,0.8362550666813241,1.3097983206345747e-10,UP
Acc8_hippocampus_ST_A_Ex,8,hippocampus,ST_A_Ex,GSE280382,gene_name,Xk,XK,-0.5022572189933839,1.3154211758563035e-10,DOWN
Acc8_hippocampus_ST_A_Ex,8,hippocampus,ST_A_Ex,GSE280382,gene_name,5031425e22rik,5031425E22RIK,0.7353836531952377,1.3651236237288191e-10,UP
Acc8_hippocampus_ST_A_Ex,8,hippocampus,ST_A_Ex,GSE280382,gene_name,Tma7,TMA7,0.7606013117142587,1.83439110693464e-10,UP
Acc8_hippocampus_ST_A_Ex,8,hippocampus,ST_A_Ex,GSE280382,gene_name,Tfpt,TFPT,0.7325510985237853,2.0676370300252284e-10,UP
Acc8_hippocampus_ST_A_Ex,8,hippocampus,ST_A_Ex,GSE280382,gene_name,Tlcd4,TLCD4,-0.5208635405506177,2.0747285955078835e-10,DOWN
Acc8_hippocampus_ST_A_Ex,8,hippocampus,ST_A_Ex,GSE280382,gene_name,Ndufaf8,NDUFAF8,0.8931887153333484,2.117368711009972e-10,UP
Acc8_hippocampus_ST_A_Ex,8,hippocampus,ST_A_Ex,GSE280382,gene_name,Snrnp27,SNRNP27,0.5192973407238897,2.2609281396616955e-10,UP
Acc8_hippocampus_ST_A_Ex,8,hippocampus,ST_A_Ex,GSE280382,gene_name,1110038b12rik,1110038B12RIK,1.0374437677021928,2.2647332421534487e-10,UP
Acc8_hippocampus_ST_A_Ex,8,hippocampus,ST_A_Ex,GSE280382,gene_name,Phpt1,PHPT1,0.7805247814081006,2.4014294281535045e-10,UP
Acc8_hippocampus_ST_A_Ex,8,hippocampus,ST_A_Ex,GSE280382,gene_name,Mthfsl,MTHFSL,0.7425056259543505,2.6613785460660875e-10,UP
Acc8_hippocampus_ST_A_Ex,8,hippocampus,ST_A_Ex,GSE280382,gene_name,Spink8,SPINK8,0.6701671453196184,2.870614775251259e-10,UP
Acc8_hippocampus_ST_A_Ex,8,hippocampus,ST_A_Ex,GSE280382,gene_name,Gm39439,GM39439,0.7367635265068085,3.0596617030032713e-10,UP
Acc8_hippocampus_ST_A_Ex,8,hippocampus,ST_A_Ex,GSE280382,gene_name,Yod1,YOD1,-0.7394556189402226,3.36836206637423e-10,DOWN
Acc8_hippocampus_ST_A_Ex,8,hippocampus,ST_A_Ex,GSE280382,gene_name,Loc118567527,LOC118567527,0.5835108069802054,3.5826189358518167e-10,UP
Acc8_hippocampus_ST_A_Ex,8,hippocampus,ST_A_Ex,GSE280382,gene_name,Timm10,TIMM10,0.7364319608646541,3.841542982306392e-10,UP
Acc8_hippocampus_ST_A_Ex,8,hippocampus,ST_A_Ex,GSE280382,gene_name,Neto2,NETO2,-0.5631590693136176,3.852126078938532e-10,DOWN
Acc8_hippocampus_ST_A_Ex,8,hippocampus,ST_A_Ex,GSE280382,gene_name,St8sia4,ST8SIA4,-0.6504397238690466,4.0115714496671026e-10,DOWN
Acc8_hippocampus_ST_A_Ex,8,hippocampus,ST_A_Ex,GSE280382,gene_name,Timm13,TIMM13,0.841472223166561,4.2109844932071374e-10,UP
Acc8_hippocampus_ST_A_Ex,8,hippocampus,ST_A_Ex,GSE280382,gene_name,Mgst3,MGST3,0.5566394272961604,4.3790533673075347e-10,UP
Acc8_hippocampus_ST_A_Ex,8,hippocampus,ST_A_Ex,GSE280382,gene_name,Mrps21,MRPS21,0.8325821152963416,4.64216698139573e-10,UP
Acc8_hippocampus_ST_A_Ex,8,hippocampus,ST_A_Ex,GSE280382,gene_name,Tbcc,TBCC,0.5746649160608361,4.667739582703222e-10,UP
Acc8_hippocampus_ST_A_Ex,8,hippocampus,ST_A_Ex,GSE280382,gene_name,Cox4i1,COX4I1,0.5079498287431206,4.92530846064344e-10,UP
Acc8_hippocampus_ST_A_Ex,8,hippocampus,ST_A_Ex,GSE280382,gene_name,Nsmce3,NSMCE3,0.5118078223374614,5.142685809280441e-10,UP
Acc8_hippocampus_ST_A_Ex,8,hippocampus,ST_A_Ex,GSE280382,gene_name,Loc118568718,LOC118568718,-2.47334053864534,5.990340304253412e-10,DOWN
Acc8_hippocampus_ST_A_Ex,8,hippocampus,ST_A_Ex,GSE280382,gene_name,Ccs,CCS,0.8447122157546613,6.300754054747436e-10,UP
Acc8_hippocampus_ST_A_Ex,8,hippocampus,ST_A_Ex,GSE280382,gene_name,Tmem191c,TMEM191C,0.5995969597857459,7.17323995239282e-10,UP
Acc8_hippocampus_ST_A_Ex,8,hippocampus,ST_A_Ex,GSE280382,gene_name,Tspan17,TSPAN17,0.5696312790893169,7.259315519136866e-10,UP
Acc8_hippocampus_ST_A_Ex,8,hippocampus,ST_A_Ex,GSE280382,gene_name,Fdx2,FDX2,0.5932624415742361,7.988910531170432e-10,UP
Acc8_hippocampus_ST_A_Ex,8,hippocampus,ST_A_Ex,GSE280382,gene_name,Nme1,NME1,0.5300908214340695,8.459566333250912e-10,UP
Acc8_hippocampus_ST_A_Ex,8,hippocampus,ST_A_Ex,GSE280382,gene_name,Pigyl,PIGYL,0.6204347883969432,9.140679561693368e-10,UP
Acc8_hippocampus_ST_A_Ex,8,hippocampus,ST_A_Ex,GSE280382,gene_name,Snapc5,SNAPC5,0.8428411326980999,9.233920903224975e-10,UP
Acc8_hippocampus_ST_A_Ex,8,hippocampus,ST_A_Ex,GSE280382,gene_name,Gm32261,GM32261,0.697657275141229,1.0547922669765492e-09,UP
Acc8_hippocampus_ST_A_Ex,8,hippocampus,ST_A_Ex,GSE280382,gene_name,Hspe1,HSPE1,0.7149325538652697,1.2023920960311844e-09,UP
Acc8_hippocampus_ST_A_Ex,8,hippocampus,ST_A_Ex,GSE280382,gene_name,Raph1,RAPH1,-0.5096369577027406,1.2023920960311844e-09,DOWN
Acc8_hippocampus_ST_A_Ex,8,hippocampus,ST_A_Ex,GSE280382,gene_name,Tagln3,TAGLN3,0.5114199098824078,1.3383760541309762e-09,UP
Acc8_hippocampus_ST_A_Ex,8,hippocampus,ST_A_Ex,GSE280382,gene_name,Mrpl22,MRPL22,0.6964213826502863,1.3814327127851206e-09,UP
Acc8_hippocampus_ST_A_Ex,8,hippocampus,ST_A_Ex,GSE280382,gene_name,Ubl5,UBL5,0.681067132558941,1.4323034757833522e-09,UP
Acc8_hippocampus_ST_A_Ex,8,hippocampus,ST_A_Ex,GSE280382,gene_name,Trir,TRIR,0.6381171493392013,1.4363688013741723e-09,UP
Acc8_hippocampus_ST_A_Ex,8,hippocampus,ST_A_Ex,GSE280382,gene_name,Bmi1,BMI1,-0.5005458892397509,1.6125947064204243e-09,DOWN
Acc8_hippocampus_ST_A_Ex,8,hippocampus,ST_A_Ex,GSE280382,gene_name,Gm33937,GM33937,0.69456256591566,1.6650902119989295e-09,UP
Acc8_hippocampus_ST_A_Ex,8,hippocampus,ST_A_Ex,GSE280382,gene_name,Llph,LLPH,0.5892550268283494,1.776116806297517e-09,UP
Acc8_hippocampus_ST_A_Ex,8,hippocampus,ST_A_Ex,GSE280382,gene_name,Brms1,BRMS1,0.5080132755790419,2.749164272890458e-09,UP
Acc8_hippocampus_ST_A_Ex,8,hippocampus,ST_A_Ex,GSE280382,gene_name,Pvalb,PVALB,0.6391320557966719,2.8775809570115677e-09,UP
Acc8_hippocampus_ST_A_Ex,8,hippocampus,ST_A_Ex,GSE280382,gene_name,Gm29808,GM29808,-1.905354576370664,2.975871585987763e-09,DOWN
Acc8_hippocampus_ST_A_Ex,8,hippocampus,ST_A_Ex,GSE280382,gene_name,Ndufb4,NDUFB4,0.6741471517158479,3.0548615111966394e-09,UP
Acc8_hippocampus_ST_A_Ex,8,hippocampus,ST_A_Ex,GSE280382,gene_name,Klhdc4,KLHDC4,0.6200692799914375,3.392078981172677e-09,UP
Acc8_hippocampus_ST_A_Ex,8,hippocampus,ST_A_Ex,GSE280382,gene_name,Pam16,PAM16,0.6378236262437039,3.658520465897132e-09,UP
Acc8_hippocampus_ST_A_Ex,8,hippocampus,ST_A_Ex,GSE280382,gene_name,Ppp1r14a,PPP1R14A,1.0064169032199568,3.665841380618817e-09,UP
Acc8_hippocampus_ST_A_Ex,8,hippocampus,ST_A_Ex,GSE280382,gene_name,Gm15834,GM15834,-0.5245058481698883,3.929552333253978e-09,DOWN
Acc8_hippocampus_ST_A_Ex,8,hippocampus,ST_A_Ex,GSE280382,gene_name,Atp5j,ATP5J,0.5333745143352967,4.289433213195882e-09,UP
Acc8_hippocampus_ST_A_Ex,8,hippocampus,ST_A_Ex,GSE280382,gene_name,Dgcr6,DGCR6,0.5114667959469364,4.699042870176395e-09,UP
Acc8_hippocampus_ST_A_Ex,8,hippocampus,ST_A_Ex,GSE280382,gene_name,Fam241b,FAM241B,0.5765275938556434,5.16909895193747e-09,UP
Acc8_hippocampus_ST_A_Ex,8,hippocampus,ST_A_Ex,GSE280382,gene_name,Pten,PTEN,-0.5568990619909561,5.4806936465174575e-09,DOWN
Acc8_hippocampus_ST_A_Ex,8,hippocampus,ST_A_Ex,GSE280382,gene_name,Pmvk,PMVK,0.557050818799733,6.009575709448953e-09,UP
Acc8_hippocampus_ST_A_Ex,8,hippocampus,ST_A_Ex,GSE280382,gene_name,Fstl4,FSTL4,-0.5485439879253252,6.1283477861953635e-09,DOWN
Acc8_hippocampus_ST_A_Ex,8,hippocampus,ST_A_Ex,GSE280382,gene_name,Hes6,HES6,0.6293709411837604,6.409603655248604e-09,UP
Acc8_hippocampus_ST_A_Ex,8,hippocampus,ST_A_Ex,GSE280382,gene_name,Dnttip1,DNTTIP1,0.5358831317629112,6.523484613118581e-09,UP
Acc8_hippocampus_ST_A_Ex,8,hippocampus,ST_A_Ex,GSE280382,gene_name,Selenow,SELENOW,0.6754421189995963,7.865147300732237e-09,UP
Acc8_hippocampus_ST_A_Ex,8,hippocampus,ST_A_Ex,GSE280382,gene_name,Apoe,APOE,0.725197288923208,8.236938378113593e-09,UP
Acc8_hippocampus_ST_A_Ex,8,hippocampus,ST_A_Ex,GSE280382,gene_name,Fabp3,FABP3,0.7205593555768691,8.426395144949887e-09,UP
Acc8_hippocampus_ST_A_Ex,8,hippocampus,ST_A_Ex,GSE280382,gene_name,Cox14,COX14,0.7439196840994947,8.925628023930911e-09,UP
Acc8_hippocampus_ST_A_Ex,8,hippocampus,ST_A_Ex,GSE280382,gene_name,Gale,GALE,0.5997614162460322,9.063538061122042e-09,UP
Acc8_hippocampus_ST_A_Ex,8,hippocampus,ST_A_Ex,GSE280382,gene_name,H2aj,H2AJ,0.7417351702294963,9.289708155046286e-09,UP
Acc8_hippocampus_ST_A_Ex,8,hippocampus,ST_A_Ex,GSE280382,gene_name,Zfp654,ZFP654,-0.5177772889510959,1.0236413560116384e-08,DOWN
Acc8_hippocampus_ST_A_Ex,8,hippocampus,ST_A_Ex,GSE280382,gene_name,Snrpe,SNRPE,0.6109759031542105,1.0930273502806396e-08,UP
Acc8_hippocampus_ST_A_Ex,8,hippocampus,ST_A_Ex,GSE280382,gene_name,A230051n06rik,A230051N06RIK,1.402707719254302,1.1089836137755509e-08,UP
Acc8_hippocampus_ST_A_Ex,8,hippocampus,ST_A_Ex,GSE280382,gene_name,Ccdc12,CCDC12,0.7620014154566305,1.2929896579589776e-08,UP
Acc8_hippocampus_ST_A_Ex,8,hippocampus,ST_A_Ex,GSE280382,gene_name,Ccdc124,CCDC124,0.6195656379322239,1.325821302643226e-08,UP
Acc8_hippocampus_ST_A_Ex,8,hippocampus,ST_A_Ex,GSE280382,gene_name,Srsf9,SRSF9,0.5640032371411992,1.3292622465111789e-08,UP
Acc8_hippocampus_ST_A_Ex,8,hippocampus,ST_A_Ex,GSE280382,gene_name,Gm12174,GM12174,-1.4917017927660463,1.4893392934586063e-08,DOWN
Acc8_hippocampus_ST_A_Ex,8,hippocampus,ST_A_Ex,GSE280382,gene_name,Nme3,NME3,0.6527016738513799,1.4962143291225678e-08,UP
Acc8_hippocampus_ST_A_Ex,8,hippocampus,ST_A_Ex,GSE280382,gene_name,Gm32059,GM32059,1.1900588305443136,1.504013530604426e-08,UP
Acc8_hippocampus_ST_A_Ex,8,hippocampus,ST_A_Ex,GSE280382,gene_name,Rex1bd,REX1BD,0.5534248975094282,1.5350031904790895e-08,UP
Acc8_hippocampus_ST_A_Ex,8,hippocampus,ST_A_Ex,GSE280382,gene_name,Epb41l4aos,EPB41L4AOS,0.9208840662260792,1.6626160132691706e-08,UP
Acc8_hippocampus_ST_A_Ex,8,hippocampus,ST_A_Ex,GSE280382,gene_name,Foxo1,FOXO1,-0.5270880343286609,1.6859620993251604e-08,DOWN
Acc8_hippocampus_ST_A_Ex,8,hippocampus,ST_A_Ex,GSE280382,gene_name,Sat2,SAT2,0.5867646978452616,1.774946145720262e-08,UP
Acc8_hippocampus_ST_A_Ex,8,hippocampus,ST_A_Ex,GSE280382,gene_name,Snrpg,SNRPG,0.7655866468938616,1.786170110125915e-08,UP
Acc8_hippocampus_ST_A_Ex,8,hippocampus,ST_A_Ex,GSE280382,gene_name,Nagk,NAGK,0.5431158307413426,1.858739023387201e-08,UP
Acc8_hippocampus_ST_A_Ex,8,hippocampus,ST_A_Ex,GSE280382,gene_name,Spry3,SPRY3,-0.5542941862321783,1.8638903420200993e-08,DOWN
Acc8_hippocampus_ST_A_Ex,8,hippocampus,ST_A_Ex,GSE280382,gene_name,Loc114841036,LOC114841036,0.8515978878154433,1.8926202955862296e-08,UP
Acc8_hippocampus_ST_A_Ex,8,hippocampus,ST_A_Ex,GSE280382,gene_name,Asphd1,ASPHD1,0.6623750787450917,2.0330470282424983e-08,UP
Acc8_hippocampus_ST_A_Ex,8,hippocampus,ST_A_Ex,GSE280382,gene_name,Zxdb,ZXDB,-0.6879964501897181,2.0487536735086428e-08,DOWN
Acc8_hippocampus_ST_A_Ex,8,hippocampus,ST_A_Ex,GSE280382,gene_name,Polr2l,POLR2L,0.7616152721593532,2.2257152617214232e-08,UP
Acc8_hippocampus_ST_A_Ex,8,hippocampus,ST_A_Ex,GSE280382,gene_name,Srp14,SRP14,0.5602500233123541,2.2591438390495825e-08,UP
Acc8_hippocampus_ST_A_Ex,8,hippocampus,ST_A_Ex,GSE280382,gene_name,Mrpl33,MRPL33,0.6728807346653914,2.4510279607535763e-08,UP
Acc8_hippocampus_ST_A_Ex,8,hippocampus,ST_A_Ex,GSE280382,gene_name,Ccni,CCNI,-0.5719999396284374,2.5331582116793562e-08,DOWN
Acc8_hippocampus_ST_A_Ex,8,hippocampus,ST_A_Ex,GSE280382,gene_name,Nfkb2,NFKB2,0.8511284610521503,2.8128174651394023e-08,UP
Acc8_hippocampus_ST_A_Ex,8,hippocampus,ST_A_Ex,GSE280382,gene_name,Tomm6,TOMM6,0.6633436091807188,2.940198730943518e-08,UP
Acc8_hippocampus_ST_A_Ex,8,hippocampus,ST_A_Ex,GSE280382,gene_name,D330050i16rik,D330050I16RIK,0.9196174642808368,3.410404176503777e-08,UP
Acc8_hippocampus_ST_A_Ex,8,hippocampus,ST_A_Ex,GSE280382,gene_name,Uqcr10,UQCR10,0.6920874262476965,3.503757344749334e-08,UP
Acc8_hippocampus_ST_A_Ex,8,hippocampus,ST_A_Ex,GSE280382,gene_name,Rps23rg1,RPS23RG1,-1.4418936067745736,3.6104420508246065e-08,DOWN
Acc8_hippocampus_ST_A_Ex,8,hippocampus,ST_A_Ex,GSE280382,gene_name,Mien1,MIEN1,0.7640283949687492,3.993680337843253e-08,UP
Acc8_hippocampus_ST_A_Ex,8,hippocampus,ST_A_Ex,GSE280382,gene_name,Cpsf4,CPSF4,0.5484595189837058,4.191042173051414e-08,UP
Acc8_hippocampus_ST_A_Ex,8,hippocampus,ST_A_Ex,GSE280382,gene_name,Gm5914,GM5914,1.344026570545264,4.25763261473606e-08,UP
Acc8_hippocampus_ST_A_Ex,8,hippocampus,ST_A_Ex,GSE280382,gene_name,Mrps36,MRPS36,0.558284630914264,4.25763261473606e-08,UP
Acc8_hippocampus_ST_A_Ex,8,hippocampus,ST_A_Ex,GSE280382,gene_name,Pcbd2,PCBD2,0.824384351404849,4.470434125856572e-08,UP
Acc8_hippocampus_ST_A_Ex,8,hippocampus,ST_A_Ex,GSE280382,gene_name,Gm34267,GM34267,0.8933607131756985,4.475081785141994e-08,UP
Acc8_hippocampus_ST_A_Ex,8,hippocampus,ST_A_Ex,GSE280382,gene_name,Ankrd35,ANKRD35,0.6604788918334993,4.6998669147457226e-08,UP
Acc8_hippocampus_ST_A_Ex,8,hippocampus,ST_A_Ex,GSE280382,gene_name,Banf1,BANF1,0.5633592265679164,4.9539336123294724e-08,UP
Acc8_hippocampus_ST_A_Ex,8,hippocampus,ST_A_Ex,GSE280382,gene_name,Tmem219,TMEM219,0.6063075345996921,5.189580158536763e-08,UP
Acc8_hippocampus_ST_A_Ex,8,hippocampus,ST_A_Ex,GSE280382,gene_name,Srsf5,SRSF5,0.691966970232607,5.305999232131501e-08,UP
Acc8_hippocampus_ST_A_Ex,8,hippocampus,ST_A_Ex,GSE280382,gene_name,Ndufaf2,NDUFAF2,0.5873864219283081,5.947390269253722e-08,UP
Acc8_hippocampus_ST_A_Ex,8,hippocampus,ST_A_Ex,GSE280382,gene_name,Timm8b,TIMM8B,0.639382601080767,7.065084731289016e-08,UP
Acc8_hippocampus_ST_A_Ex,8,hippocampus,ST_A_Ex,GSE280382,gene_name,Gm11478,GM11478,-1.3738836804716847,7.073503102072321e-08,DOWN
Acc8_hippocampus_ST_A_Ex,8,hippocampus,ST_A_Ex,GSE280382,gene_name,Arhgdig,ARHGDIG,0.515191998607859,7.120383895484853e-08,UP
Acc8_hippocampus_ST_A_Ex,8,hippocampus,ST_A_Ex,GSE280382,gene_name,Mrps11,MRPS11,0.6202760725550401,7.436101978745887e-08,UP
Acc8_hippocampus_ST_A_Ex,8,hippocampus,ST_A_Ex,GSE280382,gene_name,Ptma,PTMA,0.5629144248540379,9.720374707347294e-08,UP
Acc8_hippocampus_ST_A_Ex,8,hippocampus,ST_A_Ex,GSE280382,gene_name,Gm38553,GM38553,-0.5129314668031278,9.939351437953036e-08,DOWN
Acc8_hippocampus_ST_A_Ex,8,hippocampus,ST_A_Ex,GSE280382,gene_name,Nudt8,NUDT8,0.8148497800809599,1.0354177008685955e-07,UP
Acc8_hippocampus_ST_A_Ex,8,hippocampus,ST_A_Ex,GSE280382,gene_name,Ring1,RING1,0.5334285672726728,1.0561891469246217e-07,UP
Acc8_hippocampus_ST_A_Ex,8,hippocampus,ST_A_Ex,GSE280382,gene_name,Cenpx,CENPX,0.6151580203221934,1.0745183425935874e-07,UP
Acc8_hippocampus_ST_A_Ex,8,hippocampus,ST_A_Ex,GSE280382,gene_name,Nr4a3,NR4A3,-0.654186456131351,1.1156807461471063e-07,DOWN
Acc8_hippocampus_ST_A_Ex,8,hippocampus,ST_A_Ex,GSE280382,gene_name,Gm7206,GM7206,-1.7677174578245112,1.1731091135825455e-07,DOWN
Acc8_hippocampus_ST_A_Ex,8,hippocampus,ST_A_Ex,GSE280382,gene_name,Rn7sk,RN7SK,2.0464914117390283,1.196292696707348e-07,UP
Acc8_hippocampus_ST_A_Ex,8,hippocampus,ST_A_Ex,GSE280382,gene_name,Selenom,SELENOM,0.562073768726457,1.2820491447121418e-07,UP
Acc8_hippocampus_ST_A_Ex,8,hippocampus,ST_A_Ex,GSE280382,gene_name,Pafah1b3,PAFAH1B3,0.6881504501566693,1.2898224006121346e-07,UP
Acc8_hippocampus_ST_A_Ex,8,hippocampus,ST_A_Ex,GSE280382,gene_name,1110025m09rik,1110025M09RIK,0.759271731193211,1.3687137395518805e-07,UP
Acc8_hippocampus_ST_A_Ex,8,hippocampus,ST_A_Ex,GSE280382,gene_name,Lsm8,LSM8,0.6253350053581314,1.4163367149184692e-07,UP
Acc8_hippocampus_ST_A_Ex,8,hippocampus,ST_A_Ex,GSE280382,gene_name,Ccdc9,CCDC9,0.5842984827397586,1.434017854739899e-07,UP
Acc8_hippocampus_ST_A_Ex,8,hippocampus,ST_A_Ex,GSE280382,gene_name,B9d1,B9D1,0.6468921182707975,1.495938199408591e-07,UP
Acc8_hippocampus_ST_A_Ex,8,hippocampus,ST_A_Ex,GSE280382,gene_name,Slc16a11,SLC16A11,0.6408337125103852,1.5101226802802204e-07,UP
Acc8_hippocampus_ST_A_Ex,8,hippocampus,ST_A_Ex,GSE280382,gene_name,Fkbp2,FKBP2,0.7130154575569936,1.7210643050432605e-07,UP
Acc8_hippocampus_ST_A_Ex,8,hippocampus,ST_A_Ex,GSE280382,gene_name,Khk,KHK,0.5977078574114348,1.9675525629276727e-07,UP
Acc8_hippocampus_ST_A_Ex,8,hippocampus,ST_A_Ex,GSE280382,gene_name,3110040n11rik,3110040N11RIK,0.6830469226371924,1.9712318109289665e-07,UP
Acc8_hippocampus_ST_A_Ex,8,hippocampus,ST_A_Ex,GSE280382,gene_name,Ybx2,YBX2,0.6504176840205844,2.04686124103706e-07,UP
Acc8_hippocampus_ST_A_Ex,8,hippocampus,ST_A_Ex,GSE280382,gene_name,Uba6,UBA6,-0.5537711168845989,2.059378983051199e-07,DOWN
Acc8_hippocampus_ST_A_Ex,8,hippocampus,ST_A_Ex,GSE280382,gene_name,Rprml,RPRML,0.6518425772657501,2.160884677333496e-07,UP
Acc8_hippocampus_ST_A_Ex,8,hippocampus,ST_A_Ex,GSE280382,gene_name,Psme2,PSME2,0.541999852012633,2.574089624313762e-07,UP
Acc8_hippocampus_ST_A_Ex,8,hippocampus,ST_A_Ex,GSE280382,gene_name,Cox6a1,COX6A1,0.7060165928530386,2.782938328198608e-07,UP
Acc8_hippocampus_ST_A_Ex,8,hippocampus,ST_A_Ex,GSE280382,gene_name,Gamt,GAMT,0.6951382363015479,2.831762056669217e-07,UP
Acc8_hippocampus_ST_A_Ex,8,hippocampus,ST_A_Ex,GSE280382,gene_name,Zbtb44,ZBTB44,-0.5287819839932836,3.084446313215624e-07,DOWN
Acc8_hippocampus_ST_A_Ex,8,hippocampus,ST_A_Ex,GSE280382,gene_name,Gm32771,GM32771,-1.9292584399716244,3.1597063488840173e-07,DOWN
Acc8_hippocampus_ST_A_Ex,8,hippocampus,ST_A_Ex,GSE280382,gene_name,Rbm3,RBM3,0.6203311402232764,3.162653605342155e-07,UP
Acc8_hippocampus_ST_A_Ex,8,hippocampus,ST_A_Ex,GSE280382,gene_name,Avpi1,AVPI1,0.5058460433348814,3.253247024265561e-07,UP
Acc8_hippocampus_ST_A_Ex,8,hippocampus,ST_A_Ex,GSE280382,gene_name,Ddrgk1,DDRGK1,0.6370014950007844,3.265657058352562e-07,UP
Acc8_hippocampus_ST_A_Ex,8,hippocampus,ST_A_Ex,GSE280382,gene_name,Cox7b,COX7B,0.7301753974000641,3.295699217958388e-07,UP
Acc8_hippocampus_ST_A_Ex,8,hippocampus,ST_A_Ex,GSE280382,gene_name,Pcdhb3,PCDHB3,-0.5032164776662268,3.3808804275266656e-07,DOWN
Acc8_hippocampus_ST_A_Ex,8,hippocampus,ST_A_Ex,GSE280382,gene_name,2900089d17rik,2900089D17RIK,0.5902249258389257,3.551104487538178e-07,UP
Acc8_hippocampus_ST_A_Ex,8,hippocampus,ST_A_Ex,GSE280382,gene_name,Cidea,CIDEA,0.6302723386337565,3.57939600018561e-07,UP
Acc8_hippocampus_ST_A_Ex,8,hippocampus,ST_A_Ex,GSE280382,gene_name,Gm15417,GM15417,0.9728597068605508,3.621011710279739e-07,UP
Acc8_hippocampus_ST_A_Ex,8,hippocampus,ST_A_Ex,GSE280382,gene_name,Gm9925,GM9925,0.6925888283060565,3.750580327024853e-07,UP
Acc8_hippocampus_ST_A_Ex,8,hippocampus,ST_A_Ex,GSE280382,gene_name,Mid1,MID1,-0.8879939345258915,3.9464221750681866e-07,DOWN
Acc8_hippocampus_ST_A_Ex,8,hippocampus,ST_A_Ex,GSE280382,gene_name,Rnaseh1,RNASEH1,0.5333139211949646,4.1255826379921146e-07,UP
Acc8_hippocampus_ST_A_Ex,8,hippocampus,ST_A_Ex,GSE280382,gene_name,Egfl7,EGFL7,0.5265311859667057,4.332368779713813e-07,UP
Acc8_hippocampus_ST_A_Ex,8,hippocampus,ST_A_Ex,GSE280382,gene_name,Uxt,UXT,0.7533500609180043,4.553173736070777e-07,UP
Acc8_hippocampus_ST_A_Ex,8,hippocampus,ST_A_Ex,GSE280382,gene_name,Plekhj1,PLEKHJ1,0.5362045464187596,4.5600836693750726e-07,UP
Acc8_hippocampus_ST_A_Ex,8,hippocampus,ST_A_Ex,GSE280382,gene_name,Grcc10,GRCC10,0.5436500748376312,4.999925115512177e-07,UP
Acc8_hippocampus_ST_A_Ex,8,hippocampus,ST_A_Ex,GSE280382,gene_name,Aamdc,AAMDC,0.5344377096321582,5.272769905027364e-07,UP
Acc8_hippocampus_ST_A_Ex,8,hippocampus,ST_A_Ex,GSE280382,gene_name,Gm33851,GM33851,1.6000229911735369,5.388899904552998e-07,UP
Acc8_hippocampus_ST_A_Ex,8,hippocampus,ST_A_Ex,GSE280382,gene_name,Rpl8,RPL8,0.5389319816698578,5.388899904552998e-07,UP
Acc8_hippocampus_ST_A_Ex,8,hippocampus,ST_A_Ex,GSE280382,gene_name,Cep131,CEP131,0.5534353736832933,5.516538588613443e-07,UP
Acc8_hippocampus_ST_A_Ex,8,hippocampus,ST_A_Ex,GSE280382,gene_name,Smim27,SMIM27,1.2589983844903343,5.920214906940075e-07,UP
Acc8_hippocampus_ST_A_Ex,8,hippocampus,ST_A_Ex,GSE280382,gene_name,Ptchd1,PTCHD1,-0.6478740269915441,5.987879855325513e-07,DOWN
Acc8_hippocampus_ST_A_Ex,8,hippocampus,ST_A_Ex,GSE280382,gene_name,Gm42339,GM42339,1.942969493942136,5.995712178225237e-07,UP
Acc8_hippocampus_ST_A_Ex,8,hippocampus,ST_A_Ex,GSE280382,gene_name,Zfas1,ZFAS1,0.829923915667725,6.047298134099784e-07,UP
Acc8_hippocampus_ST_A_Ex,8,hippocampus,ST_A_Ex,GSE280382,gene_name,Gm51910,GM51910,-2.210385183977463,6.282768079190515e-07,DOWN
Acc8_hippocampus_ST_A_Ex,8,hippocampus,ST_A_Ex,GSE280382,gene_name,Ssr4,SSR4,0.5091510407126423,6.756898628693075e-07,UP
Acc8_hippocampus_ST_A_Ex,8,hippocampus,ST_A_Ex,GSE280382,gene_name,Gm40537,GM40537,1.6456313037685606,6.965412166646286e-07,UP
Acc8_hippocampus_ST_A_Ex,8,hippocampus,ST_A_Ex,GSE280382,gene_name,Ppp1ccb,PPP1CCB,1.316279702467667,7.897848756585462e-07,UP
Acc8_hippocampus_ST_A_Ex,8,hippocampus,ST_A_Ex,GSE280382,gene_name,Loc115487471,LOC115487471,1.52132696435781,8.015854118546162e-07,UP
Acc8_hippocampus_ST_A_Ex,8,hippocampus,ST_A_Ex,GSE280382,gene_name,Cox6a2,COX6A2,1.0566233958209488,8.360880745965946e-07,UP
Acc8_hippocampus_ST_A_Ex,8,hippocampus,ST_A_Ex,GSE280382,gene_name,Vps37d,VPS37D,0.5566237949878365,8.934294203528394e-07,UP
Acc8_hippocampus_ST_A_Ex,8,hippocampus,ST_A_Ex,GSE280382,gene_name,Pus1,PUS1,0.5772974356967358,9.13428424535007e-07,UP
Acc8_hippocampus_ST_A_Ex,8,hippocampus,ST_A_Ex,GSE280382,gene_name,Gm10033,GM10033,-0.5190578071038577,9.172452008701224e-07,DOWN
Acc8_hippocampus_ST_A_Ex,8,hippocampus,ST_A_Ex,GSE280382,gene_name,Tbck,TBCK,-0.5339809728918249,9.587937928033974e-07,DOWN
Acc8_hippocampus_ST_A_Ex,8,hippocampus,ST_A_Ex,GSE280382,gene_name,Gm6548,GM6548,-0.7534960270238359,1.0496008824784077e-06,DOWN
Acc8_hippocampus_ST_A_Ex,8,hippocampus,ST_A_Ex,GSE280382,gene_name,Neurl2,NEURL2,0.6318736645284679,1.0934881355593694e-06,UP
Acc8_hippocampus_ST_A_Ex,8,hippocampus,ST_A_Ex,GSE280382,gene_name,Arl6ip4,ARL6IP4,0.5132163636836898,1.0974536888292146e-06,UP
Acc8_hippocampus_ST_A_Ex,8,hippocampus,ST_A_Ex,GSE280382,gene_name,Mcrip2,MCRIP2,0.5165337170684985,1.1209716562325212e-06,UP
Acc8_hippocampus_ST_A_Ex,8,hippocampus,ST_A_Ex,GSE280382,gene_name,Rpp21,RPP21,0.7234594837340206,1.144656211815813e-06,UP
Acc8_hippocampus_ST_A_Ex,8,hippocampus,ST_A_Ex,GSE280382,gene_name,Mrps28,MRPS28,0.6924366922038945,1.157388291040529e-06,UP
Acc8_hippocampus_ST_A_Ex,8,hippocampus,ST_A_Ex,GSE280382,gene_name,Ccdc71l,CCDC71L,-0.5176883885652943,1.213856432411102e-06,DOWN
Acc8_hippocampus_ST_A_Ex,8,hippocampus,ST_A_Ex,GSE280382,gene_name,Tppp3,TPPP3,0.892018790192914,1.3656293171872286e-06,UP
Acc8_hippocampus_ST_A_Ex,8,hippocampus,ST_A_Ex,GSE280382,gene_name,Hint2,HINT2,0.693340568374906,1.4033182779283626e-06,UP
Acc8_hippocampus_ST_A_Ex,8,hippocampus,ST_A_Ex,GSE280382,gene_name,0610012g03rik,0610012G03RIK,0.5085860584157939,1.4480578667303207e-06,UP
Acc8_hippocampus_ST_A_Ex,8,hippocampus,ST_A_Ex,GSE280382,gene_name,Cox6c,COX6C,0.5532568172096609,1.9612260932518454e-06,UP
Acc8_hippocampus_ST_A_Ex,8,hippocampus,ST_A_Ex,GSE280382,gene_name,Stk19,STK19,0.5742053975456997,1.9827466709635247e-06,UP
Acc8_hippocampus_ST_A_Ex,8,hippocampus,ST_A_Ex,GSE280382,gene_name,1810009a15rik,1810009A15RIK,0.6938782207146988,2.045796460318858e-06,UP
Acc8_hippocampus_ST_A_Ex,8,hippocampus,ST_A_Ex,GSE280382,gene_name,S100a6,S100A6,0.8240704999830152,2.2000431621664e-06,UP
Acc8_hippocampus_ST_A_Ex,8,hippocampus,ST_A_Ex,GSE280382,gene_name,Gm52502,GM52502,2.510946966973557,2.2533788261368754e-06,UP
Acc8_hippocampus_ST_A_Ex,8,hippocampus,ST_A_Ex,GSE280382,gene_name,Apaf1,APAF1,-0.5072463874145684,2.2662698893780555e-06,DOWN
Acc8_hippocampus_ST_A_Ex,8,hippocampus,ST_A_Ex,GSE280382,gene_name,1700037c18rik,1700037C18RIK,0.8556139811735097,2.296099214562893e-06,UP
Acc8_hippocampus_ST_A_Ex,8,hippocampus,ST_A_Ex,GSE280382,gene_name,Eif3g,EIF3G,0.5365277976516134,2.596809287014524e-06,UP
Acc8_hippocampus_ST_A_Ex,8,hippocampus,ST_A_Ex,GSE280382,gene_name,Zeb2os,ZEB2OS,0.6515961174072155,2.6536511206449997e-06,UP
Acc8_hippocampus_ST_A_Ex,8,hippocampus,ST_A_Ex,GSE280382,gene_name,Kitl,KITL,-0.5340157281588899,2.6961913909429984e-06,DOWN
Acc8_hippocampus_ST_A_Ex,8,hippocampus,ST_A_Ex,GSE280382,gene_name,Lrch2,LRCH2,-0.5161705843829038,2.73533259223077e-06,DOWN
Acc8_hippocampus_ST_A_Ex,8,hippocampus,ST_A_Ex,GSE280382,gene_name,Rnaset2a,RNASET2A,1.0009480574936214,2.8060467946069957e-06,UP
Acc8_hippocampus_ST_A_Ex,8,hippocampus,ST_A_Ex,GSE280382,gene_name,Aldh1b1,ALDH1B1,0.5353866763094256,2.88612634296654e-06,UP
Acc8_hippocampus_ST_A_Ex,8,hippocampus,ST_A_Ex,GSE280382,gene_name,Gm52320,GM52320,3.191538349934168,2.9012505129057117e-06,UP
Acc8_hippocampus_ST_A_Ex,8,hippocampus,ST_A_Ex,GSE280382,gene_name,Gm15421,GM15421,-1.158096904144824,2.983807828263265e-06,DOWN
Acc8_hippocampus_ST_A_Ex,8,hippocampus,ST_A_Ex,GSE280382,gene_name,Coa6,COA6,0.507295467969875,3.045884800310767e-06,UP
Acc8_hippocampus_ST_A_Ex,8,hippocampus,ST_A_Ex,GSE280382,gene_name,Ogfod2,OGFOD2,0.5394777689868161,3.148811318190301e-06,UP
Acc8_hippocampus_ST_A_Ex,8,hippocampus,ST_A_Ex,GSE280382,gene_name,Ndufa4,NDUFA4,0.5044615342035219,3.240500436643554e-06,UP
Acc8_hippocampus_ST_A_Ex,8,hippocampus,ST_A_Ex,GSE280382,gene_name,Gm10224,GM10224,-1.805430668740836,3.2601126311320606e-06,DOWN
Acc8_hippocampus_ST_A_Ex,8,hippocampus,ST_A_Ex,GSE280382,gene_name,Srp54a,SRP54A,0.83177137520017,3.425406132027042e-06,UP
Acc8_hippocampus_ST_A_Ex,8,hippocampus,ST_A_Ex,GSE280382,gene_name,Lin7b,LIN7B,0.5111332019531388,3.4263742813431827e-06,UP
Acc8_hippocampus_ST_A_Ex,8,hippocampus,ST_A_Ex,GSE280382,gene_name,Loc118568241,LOC118568241,-2.4110652095870697,3.47688514232158e-06,DOWN
Acc8_hippocampus_ST_A_Ex,8,hippocampus,ST_A_Ex,GSE280382,gene_name,Rybp-ps,RYBP-PS,-1.804870403413112,3.686445409138439e-06,DOWN
Acc8_hippocampus_ST_A_Ex,8,hippocampus,ST_A_Ex,GSE280382,gene_name,Gm51671,GM51671,1.6225129888915053,3.942623929756331e-06,UP
Acc8_hippocampus_ST_A_Ex,8,hippocampus,ST_A_Ex,GSE280382,gene_name,Cdpf1,CDPF1,0.6175417814877089,4.158244573991467e-06,UP
Acc8_hippocampus_ST_A_Ex,8,hippocampus,ST_A_Ex,GSE280382,gene_name,1110065p20rik,1110065P20RIK,0.6179541090127276,4.298314139595442e-06,UP
Acc8_hippocampus_ST_A_Ex,8,hippocampus,ST_A_Ex,GSE280382,gene_name,Tctex1d2,TCTEX1D2,0.5896863933792535,4.335197336829201e-06,UP
Acc8_hippocampus_ST_A_Ex,8,hippocampus,ST_A_Ex,GSE280382,gene_name,Pfdn2,PFDN2,0.5139136489602938,4.351099465075084e-06,UP
Acc8_hippocampus_ST_A_Ex,8,hippocampus,ST_A_Ex,GSE280382,gene_name,Col16a1,COL16A1,0.692908101278508,4.3623722748223775e-06,UP
Acc8_hippocampus_ST_A_Ex,8,hippocampus,ST_A_Ex,GSE280382,gene_name,E130102h24rik,E130102H24RIK,0.8124979024109771,4.420579602492049e-06,UP
Acc8_hippocampus_ST_A_Ex,8,hippocampus,ST_A_Ex,GSE280382,gene_name,Atp1a4,ATP1A4,-2.7425678601809698,4.523872024375822e-06,DOWN
Acc8_hippocampus_ST_A_Ex,8,hippocampus,ST_A_Ex,GSE280382,gene_name,Pdlim2,PDLIM2,0.8127327585328984,4.643952686486455e-06,UP
Acc8_hippocampus_ST_A_Ex,8,hippocampus,ST_A_Ex,GSE280382,gene_name,Snhg3,SNHG3,1.1524506993499526,4.818697374752444e-06,UP
Acc8_hippocampus_ST_A_Ex,8,hippocampus,ST_A_Ex,GSE280382,gene_name,2310009b15rik,2310009B15RIK,0.9308086201191303,5.037164834168855e-06,UP
Acc8_hippocampus_ST_A_Ex,8,hippocampus,ST_A_Ex,GSE280382,gene_name,Fam71e1,FAM71E1,0.5810992862659202,5.153095534989069e-06,UP
Acc8_hippocampus_ST_A_Ex,8,hippocampus,ST_A_Ex,GSE280382,gene_name,Loc102634078,LOC102634078,0.7123996454788547,5.319669111383182e-06,UP
Acc8_hippocampus_ST_A_Ex,8,hippocampus,ST_A_Ex,GSE280382,gene_name,Bcr,BCR,-0.5111403376869121,5.592867860465308e-06,DOWN
Acc8_hippocampus_ST_A_Ex,8,hippocampus,ST_A_Ex,GSE280382,gene_name,Loc118567348,LOC118567348,1.3821406144000463,5.635251150856007e-06,UP
Acc8_hippocampus_ST_A_Ex,8,hippocampus,ST_A_Ex,GSE280382,gene_name,Trpc6,TRPC6,-0.6253661318358165,5.696090127177331e-06,DOWN
Acc8_hippocampus_ST_A_Ex,8,hippocampus,ST_A_Ex,GSE280382,gene_name,Kif26b,KIF26B,-0.5536857053718512,5.736614139925851e-06,DOWN
Acc8_hippocampus_ST_A_Ex,8,hippocampus,ST_A_Ex,GSE280382,gene_name,Bc1,BC1,1.8816924405551736,5.758386898355098e-06,UP
Acc8_hippocampus_ST_A_Ex,8,hippocampus,ST_A_Ex,GSE280382,gene_name,Mrps12,MRPS12,0.5663019432593365,6.026442625599741e-06,UP
Acc8_hippocampus_ST_A_Ex,8,hippocampus,ST_A_Ex,GSE280382,gene_name,Smim11,SMIM11,0.6229602942402341,6.085753365635774e-06,UP
Acc8_hippocampus_ST_A_Ex,8,hippocampus,ST_A_Ex,GSE280382,gene_name,Gm4532,GM4532,1.1991157530232814,6.268493254901429e-06,UP
Acc8_hippocampus_ST_A_Ex,8,hippocampus,ST_A_Ex,GSE280382,gene_name,Gm9839,GM9839,-2.647191660462911,6.4343470750131165e-06,DOWN
Acc8_hippocampus_ST_A_Ex,8,hippocampus,ST_A_Ex,GSE280382,gene_name,Gm5643,GM5643,-1.7403192364776603,6.456391783374033e-06,DOWN
Acc8_hippocampus_ST_A_Ex,8,hippocampus,ST_A_Ex,GSE280382,gene_name,Tmem42,TMEM42,0.5738413780574422,6.488629130304506e-06,UP
Acc8_hippocampus_ST_A_Ex,8,hippocampus,ST_A_Ex,GSE280382,gene_name,Cox7c-ps1,COX7C-PS1,-1.8934270436973657,6.691321878146836e-06,DOWN
Acc8_hippocampus_ST_A_Ex,8,hippocampus,ST_A_Ex,GSE280382,gene_name,Gm2464,GM2464,0.999267788553256,6.691321878146836e-06,UP
Acc8_hippocampus_ST_A_Ex,8,hippocampus,ST_A_Ex,GSE280382,gene_name,Gm10157,GM10157,-1.5813473851374438,6.901540213903598e-06,DOWN
Acc8_hippocampus_ST_A_Ex,8,hippocampus,ST_A_Ex,GSE280382,gene_name,Plin4,PLIN4,2.218095772261504,7.080703829017764e-06,UP
Acc8_hippocampus_ST_A_Ex,8,hippocampus,ST_A_Ex,GSE280382,gene_name,Smim4,SMIM4,0.7313154242239864,7.507803354910717e-06,UP
Acc8_hippocampus_ST_A_Ex,8,hippocampus,ST_A_Ex,GSE280382,gene_name,Aldoart1,ALDOART1,-1.327229377412707,7.597540739070425e-06,DOWN
Acc8_hippocampus_ST_A_Ex,8,hippocampus,ST_A_Ex,GSE280382,gene_name,Gm12657,GM12657,-2.2866571311476056,7.833143198236107e-06,DOWN
Acc8_hippocampus_ST_A_Ex,8,hippocampus,ST_A_Ex,GSE280382,gene_name,Adgrl4,ADGRL4,-0.6047220790185709,8.180108753126067e-06,DOWN
Acc8_hippocampus_ST_A_Ex,8,hippocampus,ST_A_Ex,GSE280382,gene_name,Hmgb3,HMGB3,0.6727444622444102,8.467528347646767e-06,UP
Acc8_hippocampus_ST_A_Ex,8,hippocampus,ST_A_Ex,GSE280382,gene_name,Gm13363,GM13363,-1.810428176614567,9.10722818983634e-06,DOWN
Acc8_hippocampus_ST_A_Ex,8,hippocampus,ST_A_Ex,GSE280382,gene_name,Prr16,PRR16,-0.6993432063227801,9.137257710465948e-06,DOWN
Acc8_hippocampus_ST_A_Ex,8,hippocampus,ST_A_Ex,GSE280382,gene_name,Fam183b,FAM183B,0.8593246736965288,9.2497668399301e-06,UP
Acc8_hippocampus_ST_A_Ex,8,hippocampus,ST_A_Ex,GSE280382,gene_name,Loc118567904,LOC118567904,2.4154456574456,9.312465840326673e-06,UP
Acc8_hippocampus_ST_A_Ex,8,hippocampus,ST_A_Ex,GSE280382,gene_name,Gm39752,GM39752,1.3412609974686378,9.690220962838173e-06,UP
Acc8_hippocampus_ST_A_Ex,8,hippocampus,ST_A_Ex,GSE280382,gene_name,Nectin4,NECTIN4,0.5457142478851421,1.023472686635557e-05,UP
Acc8_hippocampus_ST_A_Ex,8,hippocampus,ST_A_Ex,GSE280382,gene_name,Gm39642,GM39642,2.8627494892917444,1.0376209102642552e-05,UP
Acc8_hippocampus_ST_A_Ex,8,hippocampus,ST_A_Ex,GSE280382,gene_name,Cracr2b,CRACR2B,0.9841036707668644,1.1676327108510742e-05,UP
Acc8_hippocampus_ST_A_Ex,8,hippocampus,ST_A_Ex,GSE280382,gene_name,Psmg4,PSMG4,0.5700767925288925,1.1676327108510742e-05,UP
Acc8_hippocampus_ST_A_Ex,8,hippocampus,ST_A_Ex,GSE280382,gene_name,Gm40233,GM40233,1.159107369171564,1.235773363075116e-05,UP
Acc8_hippocampus_ST_A_Ex,8,hippocampus,ST_A_Ex,GSE280382,gene_name,Lor,LOR,0.7502722154881176,1.2731953902328518e-05,UP
Acc8_hippocampus_ST_A_Ex,8,hippocampus,ST_A_Ex,GSE280382,gene_name,Zfp688,ZFP688,0.511472651295329,1.2740237130824254e-05,UP
Acc8_hippocampus_ST_A_Ex,8,hippocampus,ST_A_Ex,GSE280382,gene_name,Atp5md,ATP5MD,0.799384457283684,1.2812400250048849e-05,UP
Acc8_hippocampus_ST_A_Ex,8,hippocampus,ST_A_Ex,GSE280382,gene_name,Gm30970,GM30970,-2.0912490689652103,1.3232271276267242e-05,DOWN
Acc8_hippocampus_ST_A_Ex,8,hippocampus,ST_A_Ex,GSE280382,gene_name,Cox20,COX20,0.5967508771054633,1.3232271276267242e-05,UP
Acc8_hippocampus_ST_A_Ex,8,hippocampus,ST_A_Ex,GSE280382,gene_name,Loc118567871,LOC118567871,1.801309115994985,1.332391904203482e-05,UP
Acc8_hippocampus_ST_A_Ex,8,hippocampus,ST_A_Ex,GSE280382,gene_name,Ccdc58,CCDC58,0.57753071713247,1.3444021517339704e-05,UP
Acc8_hippocampus_ST_A_Ex,8,hippocampus,ST_A_Ex,GSE280382,gene_name,Col7a1,COL7A1,0.5664630805388504,1.3847687401956857e-05,UP
Acc8_hippocampus_ST_A_Ex,8,hippocampus,ST_A_Ex,GSE280382,gene_name,Cysltr2,CYSLTR2,-1.649287748037241,1.4393239533427113e-05,DOWN
Acc8_hippocampus_ST_A_Ex,8,hippocampus,ST_A_Ex,GSE280382,gene_name,A730063m14rik,A730063M14RIK,1.7631939695824912,1.441596902041549e-05,UP
Acc8_hippocampus_ST_A_Ex,8,hippocampus,ST_A_Ex,GSE280382,gene_name,Bola1,BOLA1,0.6222528282860765,1.5136358467247328e-05,UP
Acc8_hippocampus_ST_A_Ex,8,hippocampus,ST_A_Ex,GSE280382,gene_name,Rplp2-ps1,RPLP2-PS1,-0.889360672727271,1.537138256156632e-05,DOWN
Acc8_hippocampus_ST_A_Ex,8,hippocampus,ST_A_Ex,GSE280382,gene_name,Ccl21b,CCL21B,1.199273792371491,1.5743476644479855e-05,UP
Acc8_hippocampus_ST_A_Ex,8,hippocampus,ST_A_Ex,GSE280382,gene_name,Gm51556,GM51556,0.7749043829768447,1.710796657756922e-05,UP
Acc8_hippocampus_ST_A_Ex,8,hippocampus,ST_A_Ex,GSE280382,gene_name,Col5a3,COL5A3,0.7865335456894158,1.750303755365301e-05,UP
Acc8_hippocampus_ST_A_Ex,8,hippocampus,ST_A_Ex,GSE280382,gene_name,Phtf1os,PHTF1OS,-0.5774555901635318,1.769011436289245e-05,DOWN
Acc8_hippocampus_ST_A_Ex,8,hippocampus,ST_A_Ex,GSE280382,gene_name,Crym,CRYM,0.5126596378057574,1.769011436289245e-05,UP
Acc8_hippocampus_ST_A_Ex,8,hippocampus,ST_A_Ex,GSE280382,gene_name,Plac9a,PLAC9A,1.2969818065897738,1.8366932218468414e-05,UP
Acc8_hippocampus_ST_A_Ex,8,hippocampus,ST_A_Ex,GSE280382,gene_name,Gm40309,GM40309,0.829898411165149,1.8571405849136896e-05,UP
Acc8_hippocampus_ST_A_Ex,8,hippocampus,ST_A_Ex,GSE280382,gene_name,Txn1,TXN1,0.5327372635596535,1.8571405849136896e-05,UP
Acc8_hippocampus_ST_A_Ex,8,hippocampus,ST_A_Ex,GSE280382,gene_name,Spata13,SPATA13,-0.5584914627698527,1.922327837482397e-05,DOWN
Acc8_hippocampus_ST_A_Ex,8,hippocampus,ST_A_Ex,GSE280382,gene_name,Acvr1c,ACVR1C,-0.5738570824787063,1.940145645271837e-05,DOWN
Acc8_hippocampus_ST_A_Ex,8,hippocampus,ST_A_Ex,GSE280382,gene_name,Rpl6l,RPL6L,-0.9887043590546296,1.9581864851516907e-05,DOWN
Acc8_hippocampus_ST_A_Ex,8,hippocampus,ST_A_Ex,GSE280382,gene_name,S100a10,S100A10,0.5856288016394104,2.071181830984974e-05,UP
Acc8_hippocampus_ST_A_Ex,8,hippocampus,ST_A_Ex,GSE280382,gene_name,Gm8149,GM8149,0.627313152221041,2.0941054564314918e-05,UP
Acc8_hippocampus_ST_A_Ex,8,hippocampus,ST_A_Ex,GSE280382,gene_name,Gm52697,GM52697,1.08215664534153,2.2085793763744383e-05,UP
Acc8_hippocampus_ST_A_Ex,8,hippocampus,ST_A_Ex,GSE280382,gene_name,Nfia,NFIA,-0.5576324299399451,2.245386246476134e-05,DOWN
Acc8_hippocampus_ST_A_Ex,8,hippocampus,ST_A_Ex,GSE280382,gene_name,Zmym1,ZMYM1,-0.8747718177609658,2.2562509006829577e-05,DOWN
Acc8_hippocampus_ST_A_Ex,8,hippocampus,ST_A_Ex,GSE280382,gene_name,Alkbh7,ALKBH7,0.5502110196175906,2.2888358842721175e-05,UP
Acc8_hippocampus_ST_A_Ex,8,hippocampus,ST_A_Ex,GSE280382,gene_name,Ccdc142,CCDC142,0.5101155088605327,2.3454312444559204e-05,UP
Acc8_hippocampus_ST_A_Ex,8,hippocampus,ST_A_Ex,GSE280382,gene_name,Bnip3l-ps,BNIP3L-PS,-1.5039656063791316,2.4112023284845727e-05,DOWN
Acc8_hippocampus_ST_A_Ex,8,hippocampus,ST_A_Ex,GSE280382,gene_name,Prrg1,PRRG1,-0.5716175884309095,2.5220147191693525e-05,DOWN
Acc8_hippocampus_ST_A_Ex,8,hippocampus,ST_A_Ex,GSE280382,gene_name,Macrod1,MACROD1,0.5233494089031142,2.630592815151261e-05,UP
Acc8_hippocampus_ST_A_Ex,8,hippocampus,ST_A_Ex,GSE280382,gene_name,Prickle4,PRICKLE4,0.6754605952393072,2.8589362275419045e-05,UP
Acc8_hippocampus_ST_A_Ex,8,hippocampus,ST_A_Ex,GSE280382,gene_name,Loc118568277,LOC118568277,1.0242599478639294,2.965845295633613e-05,UP
Acc8_hippocampus_ST_A_Ex,8,hippocampus,ST_A_Ex,GSE280382,gene_name,Gm32091,GM32091,1.3538280965314389,2.9800678381106476e-05,UP
Acc8_hippocampus_ST_A_Ex,8,hippocampus,ST_A_Ex,GSE280382,gene_name,Gm4199,GM4199,-1.6699246839954365,3.059282205774112e-05,DOWN
Acc8_hippocampus_ST_A_Ex,8,hippocampus,ST_A_Ex,GSE280382,gene_name,Gm6402,GM6402,-2.142349642899166,3.177418483099452e-05,DOWN
Acc8_hippocampus_ST_A_Ex,8,hippocampus,ST_A_Ex,GSE280382,gene_name,Gm12816,GM12816,-1.442369952362941,3.226468935590871e-05,DOWN
Acc8_hippocampus_ST_A_Ex,8,hippocampus,ST_A_Ex,GSE280382,gene_name,Gm2137,GM2137,0.6063925867039563,3.419469130091001e-05,UP
Acc8_hippocampus_ST_A_Ex,8,hippocampus,ST_A_Ex,GSE280382,gene_name,Ankmy1,ANKMY1,0.5530859840319751,3.612480153803983e-05,UP
Acc8_hippocampus_ST_A_Ex,8,hippocampus,ST_A_Ex,GSE280382,gene_name,Isoc2a,ISOC2A,0.5315606942157641,3.73970205650611e-05,UP
Acc8_hippocampus_ST_A_Ex,8,hippocampus,ST_A_Ex,GSE280382,gene_name,Gm12227,GM12227,1.8987597444761644,3.885626198091476e-05,UP
Acc8_hippocampus_ST_A_Ex,8,hippocampus,ST_A_Ex,GSE280382,gene_name,Loc115488769,LOC115488769,1.7908470451073912,3.899965641156451e-05,UP
Acc8_hippocampus_ST_A_Ex,8,hippocampus,ST_A_Ex,GSE280382,gene_name,Gm46060,GM46060,2.090233364313668,3.933700531085909e-05,UP
Acc8_hippocampus_ST_A_Ex,8,hippocampus,ST_A_Ex,GSE280382,gene_name,Dnajc17,DNAJC17,0.5267232838482321,4.2268168026082586e-05,UP
Acc8_hippocampus_ST_A_Ex,8,hippocampus,ST_A_Ex,GSE280382,gene_name,Gm46207,GM46207,2.5475171784564568,4.234703454426376e-05,UP
Acc8_hippocampus_ST_A_Ex,8,hippocampus,ST_A_Ex,GSE280382,gene_name,Hcn2,HCN2,-0.5139167740109232,4.286591441612602e-05,DOWN
Acc8_hippocampus_ST_A_Ex,8,hippocampus,ST_A_Ex,GSE280382,gene_name,Rab26os,RAB26OS,1.1682916899840554,4.377699997095109e-05,UP
Acc8_hippocampus_ST_A_Ex,8,hippocampus,ST_A_Ex,GSE280382,gene_name,Gtf2a2,GTF2A2,0.5835954924756472,4.389350558622163e-05,UP
Acc8_hippocampus_ST_A_Ex,8,hippocampus,ST_A_Ex,GSE280382,gene_name,T2,T2,0.9349697004771366,4.400619172649927e-05,UP
Acc8_hippocampus_ST_A_Ex,8,hippocampus,ST_A_Ex,GSE280382,gene_name,Gm13404,GM13404,1.3828078103469883,4.813348998814036e-05,UP
Acc8_hippocampus_ST_A_Ex,8,hippocampus,ST_A_Ex,GSE280382,gene_name,Jsrp1,JSRP1,0.8554212777730907,4.834079133241399e-05,UP
Acc8_hippocampus_ST_A_Ex,8,hippocampus,ST_A_Ex,GSE280382,gene_name,Hopx,HOPX,0.5955987849330848,4.929619931443847e-05,UP
Acc8_hippocampus_ST_A_Ex,8,hippocampus,ST_A_Ex,GSE280382,gene_name,Rpp25l,RPP25L,0.552498975945019,5.0466125123859374e-05,UP
Acc8_hippocampus_ST_A_Ex,8,hippocampus,ST_A_Ex,GSE280382,gene_name,Fmc1,FMC1,0.6422065099922768,5.193883942326348e-05,UP
Acc8_hippocampus_ST_A_Ex,8,hippocampus,ST_A_Ex,GSE280382,gene_name,Nfkbil1,NFKBIL1,0.620125372554588,5.259586921462808e-05,UP
Acc8_hippocampus_ST_A_Ex,8,hippocampus,ST_A_Ex,GSE280382,gene_name,A330040f15rik,A330040F15RIK,1.1395113518559117,5.385286771216894e-05,UP
Acc8_hippocampus_ST_A_Ex,8,hippocampus,ST_A_Ex,GSE280382,gene_name,Lars2,LARS2,1.14471019980425,5.497816125258429e-05,UP
Acc8_hippocampus_ST_A_Ex,8,hippocampus,ST_A_Ex,GSE280382,gene_name,Gm52134,GM52134,0.6739918768206109,5.938118962589965e-05,UP
Acc8_hippocampus_ST_A_Ex,8,hippocampus,ST_A_Ex,GSE280382,gene_name,Cox6b1,COX6B1,0.6066724415572706,5.946869152989372e-05,UP
Acc8_hippocampus_ST_A_Ex,8,hippocampus,ST_A_Ex,GSE280382,gene_name,Stxbp6,STXBP6,-0.5322749282452265,5.987297698570523e-05,DOWN
Acc8_hippocampus_ST_A_Ex,8,hippocampus,ST_A_Ex,GSE280382,gene_name,Atp2c2,ATP2C2,1.1496579475567368,6.266422035511052e-05,UP
Acc8_hippocampus_ST_A_Ex,8,hippocampus,ST_A_Ex,GSE280382,gene_name,Krt9,KRT9,0.5852043466012533,6.404238626405603e-05,UP
Acc8_hippocampus_ST_A_Ex,8,hippocampus,ST_A_Ex,GSE280382,gene_name,Gpatch4,GPATCH4,0.633768558277548,6.472068960648165e-05,UP
Acc8_hippocampus_ST_A_Ex,8,hippocampus,ST_A_Ex,GSE280382,gene_name,Tomm5,TOMM5,0.5227323948657726,6.588391717922946e-05,UP
Acc8_hippocampus_ST_A_Ex,8,hippocampus,ST_A_Ex,GSE280382,gene_name,Rab37,RAB37,0.6794991225606241,6.613868215513954e-05,UP
Acc8_hippocampus_ST_A_Ex,8,hippocampus,ST_A_Ex,GSE280382,gene_name,Ppp1r15a,PPP1R15A,0.5198613638223987,6.613868215513954e-05,UP
Acc8_hippocampus_ST_A_Ex,8,hippocampus,ST_A_Ex,GSE280382,gene_name,Rpl13-ps6,RPL13-PS6,-1.907197003993504,6.623442117000607e-05,DOWN
Acc8_hippocampus_ST_A_Ex,8,hippocampus,ST_A_Ex,GSE280382,gene_name,Ifi203,IFI203,-0.822522630777211,6.627499915180618e-05,DOWN
Acc8_hippocampus_ST_A_Ex,8,hippocampus,ST_A_Ex,GSE280382,gene_name,Ddc,DDC,0.5352494129941113,7.078369254027171e-05,UP
Acc8_hippocampus_ST_A_Ex,8,hippocampus,ST_A_Ex,GSE280382,gene_name,Loc118567920,LOC118567920,0.6572185039575023,7.132593936747047e-05,UP
Acc8_hippocampus_ST_A_Ex,8,hippocampus,ST_A_Ex,GSE280382,gene_name,Gm17750,GM17750,0.9212613485741178,7.151935017700961e-05,UP
Acc8_hippocampus_ST_A_Ex,8,hippocampus,ST_A_Ex,GSE280382,gene_name,Uty,UTY,-0.504737921603757,7.239984204973552e-05,DOWN
Acc8_hippocampus_ST_A_Ex,8,hippocampus,ST_A_Ex,GSE280382,gene_name,C030023e24rik,C030023E24RIK,-0.7005445674420767,7.369749588698438e-05,DOWN
Acc8_hippocampus_ST_A_Ex,8,hippocampus,ST_A_Ex,GSE280382,gene_name,Gm42378,GM42378,1.3226926610454617,7.4011236676852e-05,UP
Acc8_hippocampus_ST_A_Ex,8,hippocampus,ST_A_Ex,GSE280382,gene_name,Gm36198,GM36198,1.8399820408549703,7.416430803179552e-05,UP
Acc8_hippocampus_ST_A_Ex,8,hippocampus,ST_A_Ex,GSE280382,gene_name,Doc2b,DOC2B,-0.5693466218340449,7.470809129519905e-05,DOWN
Acc8_hippocampus_ST_A_Ex,8,hippocampus,ST_A_Ex,GSE280382,gene_name,Gm9833,GM9833,-0.5173083962397221,7.519986041999388e-05,DOWN
Acc8_hippocampus_ST_A_Ex,8,hippocampus,ST_A_Ex,GSE280382,gene_name,Loc118567333,LOC118567333,1.9649310190790696,7.786907508689785e-05,UP
Acc8_hippocampus_ST_A_Ex,8,hippocampus,ST_A_Ex,GSE280382,gene_name,Rps27rt,RPS27RT,1.153669461879156,7.83487114097964e-05,UP
Acc8_hippocampus_ST_A_Ex,8,hippocampus,ST_A_Ex,GSE280382,gene_name,Gm19522,GM19522,-0.7523849853703428,7.905282139931855e-05,DOWN
Acc8_hippocampus_ST_A_Ex,8,hippocampus,ST_A_Ex,GSE280382,gene_name,Asic4,ASIC4,0.5563990449066207,8.14036856782157e-05,UP
Acc8_hippocampus_ST_A_Ex,8,hippocampus,ST_A_Ex,GSE280382,gene_name,Snhg10,SNHG10,1.08320899940726,8.157442679110308e-05,UP
Acc8_hippocampus_ST_A_Ex,8,hippocampus,ST_A_Ex,GSE280382,gene_name,1500002f19rik,1500002F19RIK,0.9067458625343044,8.157442679110308e-05,UP
Acc8_hippocampus_ST_A_Ex,8,hippocampus,ST_A_Ex,GSE280382,gene_name,Loc118567655,LOC118567655,1.8426213439304768,8.164552364056051e-05,UP
Acc8_hippocampus_ST_A_Ex,8,hippocampus,ST_A_Ex,GSE280382,gene_name,Gm31606,GM31606,0.8551985488264138,8.492362966972817e-05,UP
Acc8_hippocampus_ST_A_Ex,8,hippocampus,ST_A_Ex,GSE280382,gene_name,Ndufab1-ps,NDUFAB1-PS,-1.7077928285477275,8.529168797873344e-05,DOWN
Acc8_hippocampus_ST_A_Ex,8,hippocampus,ST_A_Ex,GSE280382,gene_name,Gngt2,GNGT2,0.9891494816858876,8.579159064349244e-05,UP
Acc8_hippocampus_ST_A_Ex,8,hippocampus,ST_A_Ex,GSE280382,gene_name,Tha1,THA1,0.6496730181185686,8.978010144782239e-05,UP
Acc8_hippocampus_ST_A_Ex,8,hippocampus,ST_A_Ex,GSE280382,gene_name,Flywch2,FLYWCH2,0.7216072399503768,9.281222027603762e-05,UP
Acc8_hippocampus_ST_A_Ex,8,hippocampus,ST_A_Ex,GSE280382,gene_name,Gm39941,GM39941,1.8986804857059103,9.78645692011702e-05,UP
Acc8_hippocampus_ST_A_Ex,8,hippocampus,ST_A_Ex,GSE280382,gene_name,Loc115489019,LOC115489019,0.8304400020249414,9.962103412406992e-05,UP
Acc8_hippocampus_ST_A_Ex,8,hippocampus,ST_A_Ex,GSE280382,gene_name,2810001g20rik,2810001G20RIK,0.5180369105054049,0.000100131170114,UP
Acc8_hippocampus_ST_A_Ex,8,hippocampus,ST_A_Ex,GSE280382,gene_name,Rnaset2b,RNASET2B,1.0977560801084871,0.0001012119817494,UP
Acc8_hippocampus_ST_A_Ex,8,hippocampus,ST_A_Ex,GSE280382,gene_name,Etfb,ETFB,0.5491346390976339,0.0001019259281544,UP
Acc8_hippocampus_ST_A_Ex,8,hippocampus,ST_A_Ex,GSE280382,gene_name,Polr2j,POLR2J,0.5937120900573624,0.0001032040263672,UP
Acc8_hippocampus_ST_A_Ex,8,hippocampus,ST_A_Ex,GSE280382,gene_name,Prxl2b,PRXL2B,0.5050916162698736,0.0001038626499598,UP
Acc8_hippocampus_ST_A_Ex,8,hippocampus,ST_A_Ex,GSE280382,gene_name,Spata24,SPATA24,0.9310655715660762,0.0001041424855079,UP
Acc8_hippocampus_ST_A_Ex,8,hippocampus,ST_A_Ex,GSE280382,gene_name,Hkdc1,HKDC1,0.5731947866851734,0.0001041481806405,UP
Acc8_hippocampus_ST_A_Ex,8,hippocampus,ST_A_Ex,GSE280382,gene_name,Bbc3,BBC3,0.6001628366285214,0.0001096910582151,UP
Acc8_hippocampus_ST_A_Ex,8,hippocampus,ST_A_Ex,GSE280382,gene_name,Snhg20,SNHG20,1.1835388474686208,0.0001099058887167,UP
Acc8_hippocampus_ST_A_Ex,8,hippocampus,ST_A_Ex,GSE280382,gene_name,9330020h09rik,9330020H09RIK,1.0759044325575176,0.0001103353541178,UP
Acc8_hippocampus_ST_A_Ex,8,hippocampus,ST_A_Ex,GSE280382,gene_name,Map10,MAP10,-0.5144507325332711,0.0001132613285897,DOWN
Acc8_hippocampus_ST_A_Ex,8,hippocampus,ST_A_Ex,GSE280382,gene_name,Cort,CORT,0.6779100631131623,0.0001184591139277,UP
Acc8_hippocampus_ST_A_Ex,8,hippocampus,ST_A_Ex,GSE280382,gene_name,Dctpp1,DCTPP1,0.5449172587032451,0.0001196817413159,UP
Acc8_hippocampus_ST_A_Ex,8,hippocampus,ST_A_Ex,GSE280382,gene_name,Col11a2,COL11A2,0.6238128959290032,0.0001270904124445,UP
Acc8_hippocampus_ST_A_Ex,8,hippocampus,ST_A_Ex,GSE280382,gene_name,Gm15455,GM15455,-1.6678464600971965,0.0001284012298083,DOWN
Acc8_hippocampus_ST_A_Ex,8,hippocampus,ST_A_Ex,GSE280382,gene_name,Gan,GAN,0.8242988226979701,0.0001303559541357,UP
Acc8_hippocampus_ST_A_Ex,8,hippocampus,ST_A_Ex,GSE280382,gene_name,Dmp1,DMP1,0.6336608924559248,0.0001307650733953,UP
Acc8_hippocampus_ST_A_Ex,8,hippocampus,ST_A_Ex,GSE280382,gene_name,Gm45998,GM45998,2.0817480418261565,0.0001353062922591,UP
Acc8_hippocampus_ST_A_Ex,8,hippocampus,ST_A_Ex,GSE280382,gene_name,Gm52430,GM52430,1.344255062639898,0.0001486466189039,UP
Acc8_hippocampus_ST_A_Ex,8,hippocampus,ST_A_Ex,GSE280382,gene_name,Zfp976,ZFP976,-0.5040704463315742,0.0001666074349237,DOWN
Acc8_hippocampus_ST_A_Ex,8,hippocampus,ST_A_Ex,GSE280382,gene_name,Gm38900,GM38900,1.811248481592049,0.0001670679795816,UP
Acc8_hippocampus_ST_A_Ex,8,hippocampus,ST_A_Ex,GSE280382,gene_name,9630009a06rik,9630009A06RIK,0.8825168973783726,0.0001681375599396,UP
Acc8_hippocampus_ST_A_Ex,8,hippocampus,ST_A_Ex,GSE280382,gene_name,Gm9885,GM9885,0.6854817056570156,0.0001684649063404,UP
Acc8_hippocampus_ST_A_Ex,8,hippocampus,ST_A_Ex,GSE280382,gene_name,Gadd45g,GADD45G,0.7629887273591338,0.0001699951568797,UP
Acc8_hippocampus_ST_A_Ex,8,hippocampus,ST_A_Ex,GSE280382,gene_name,Gna14,GNA14,-0.5313238104602809,0.0001846630315577,DOWN
Acc8_hippocampus_ST_A_Ex,8,hippocampus,ST_A_Ex,GSE280382,gene_name,Gm39038,GM39038,2.337306581342041,0.0001874557098919,UP
Acc8_hippocampus_ST_A_Ex,8,hippocampus,ST_A_Ex,GSE280382,gene_name,2810049e08rik,2810049E08RIK,0.8639161152962055,0.0001877070769956,UP
Acc8_hippocampus_ST_A_Ex,8,hippocampus,ST_A_Ex,GSE280382,gene_name,Dynll2,DYNLL2,0.53247297094157,0.0002034462825691,UP
Acc8_hippocampus_ST_A_Ex,8,hippocampus,ST_A_Ex,GSE280382,gene_name,Cox7a1,COX7A1,1.7278788576126956,0.0002034508413123,UP
Acc8_hippocampus_ST_A_Ex,8,hippocampus,ST_A_Ex,GSE280382,gene_name,Tyrobp,TYROBP,0.7131220937336931,0.0002034508413123,UP
Acc8_hippocampus_ST_A_Ex,8,hippocampus,ST_A_Ex,GSE280382,gene_name,Ss18l2,SS18L2,0.5712449115498299,0.0002162799889793,UP
Acc8_hippocampus_ST_A_Ex,8,hippocampus,ST_A_Ex,GSE280382,gene_name,4933440n22rik,4933440N22RIK,0.9287421949963895,0.000218618389964,UP
Acc8_hippocampus_ST_A_Ex,8,hippocampus,ST_A_Ex,GSE280382,gene_name,Gm14279,GM14279,-1.1310869264450865,0.0002231714487655,DOWN
Acc8_hippocampus_ST_A_Ex,8,hippocampus,ST_A_Ex,GSE280382,gene_name,2310039h08rik,2310039H08RIK,0.8695854375484309,0.0002231714487655,UP
Acc8_hippocampus_ST_A_Ex,8,hippocampus,ST_A_Ex,GSE280382,gene_name,Gm12669,GM12669,-1.4093115694532674,0.000225820792761,DOWN
Acc8_hippocampus_ST_A_Ex,8,hippocampus,ST_A_Ex,GSE280382,gene_name,Bad,BAD,0.5401517147404095,0.0002265537825641,UP
Acc8_hippocampus_ST_A_Ex,8,hippocampus,ST_A_Ex,GSE280382,gene_name,Pecr,PECR,0.520311155235071,0.0002275373528028,UP
Acc8_hippocampus_ST_A_Ex,8,hippocampus,ST_A_Ex,GSE280382,gene_name,Vamp5,VAMP5,0.7117376328214594,0.0002292113191867,UP
Acc8_hippocampus_ST_A_Ex,8,hippocampus,ST_A_Ex,GSE280382,gene_name,Llph-ps1,LLPH-PS1,-2.054045559376502,0.0002297882890119,DOWN
Acc8_hippocampus_ST_A_Ex,8,hippocampus,ST_A_Ex,GSE280382,gene_name,Gm3227,GM3227,-1.6190953995391475,0.0002354205657508,DOWN
Acc8_hippocampus_ST_A_Ex,8,hippocampus,ST_A_Ex,GSE280382,gene_name,Gm8350,GM8350,1.2220950002115682,0.0002416762373418,UP
Acc8_hippocampus_ST_A_Ex,8,hippocampus,ST_A_Ex,GSE280382,gene_name,Loc118567533,LOC118567533,1.5652150487186638,0.0002422434473465,UP
Acc8_hippocampus_ST_A_Ex,8,hippocampus,ST_A_Ex,GSE280382,gene_name,Gm52296,GM52296,1.1017527541692749,0.0002424023383408,UP
Acc8_hippocampus_ST_A_Ex,8,hippocampus,ST_A_Ex,GSE280382,gene_name,Gm36661,GM36661,-1.904238285616609,0.0002500571032721,DOWN
Acc8_hippocampus_ST_A_Ex,8,hippocampus,ST_A_Ex,GSE280382,gene_name,Sdsl,SDSL,0.668978371851647,0.0002535222793072,UP
Acc8_hippocampus_ST_A_Ex,8,hippocampus,ST_A_Ex,GSE280382,gene_name,Snhg16,SNHG16,0.6947978209631467,0.0002607784318952,UP
Acc8_hippocampus_ST_A_Ex,8,hippocampus,ST_A_Ex,GSE280382,gene_name,Egr1,EGR1,-1.0032086106345766,0.0002614775913948,DOWN
Acc8_hippocampus_ST_A_Ex,8,hippocampus,ST_A_Ex,GSE280382,gene_name,Gm30466,GM30466,-0.5710314740778264,0.0002623488561178,DOWN
Acc8_hippocampus_ST_A_Ex,8,hippocampus,ST_A_Ex,GSE280382,gene_name,Gm50599,GM50599,1.0004247225144929,0.0002658995145645,UP
Acc8_hippocampus_ST_A_Ex,8,hippocampus,ST_A_Ex,GSE280382,gene_name,Trappc6a,TRAPPC6A,0.5760356651654531,0.0002672480951782,UP
Acc8_hippocampus_ST_A_Ex,8,hippocampus,ST_A_Ex,GSE280382,gene_name,Gm35857,GM35857,-1.8529162313033745,0.0002737195521974,DOWN
Acc8_hippocampus_ST_A_Ex,8,hippocampus,ST_A_Ex,GSE280382,gene_name,Gm35365,GM35365,1.3844839391050443,0.0002748070360673,UP
Acc8_hippocampus_ST_A_Ex,8,hippocampus,ST_A_Ex,GSE280382,gene_name,Gm32574,GM32574,0.8887268056465485,0.0002820151304415,UP
Acc8_hippocampus_ST_A_Ex,8,hippocampus,ST_A_Ex,GSE280382,gene_name,Catsperg1,CATSPERG1,0.6795130969479923,0.0002823158530729,UP
Acc8_hippocampus_ST_A_Ex,8,hippocampus,ST_A_Ex,GSE280382,gene_name,Hscb,HSCB,0.6104418232548681,0.0002827724623949,UP
Acc8_hippocampus_ST_A_Ex,8,hippocampus,ST_A_Ex,GSE280382,gene_name,5430416n02rik,5430416N02RIK,1.0231098974643735,0.000286615610762,UP
Acc8_hippocampus_ST_A_Ex,8,hippocampus,ST_A_Ex,GSE280382,gene_name,Pigbos1,PIGBOS1,0.7094889809572016,0.0002893036011985,UP
Acc8_hippocampus_ST_A_Ex,8,hippocampus,ST_A_Ex,GSE280382,gene_name,Gm46174,GM46174,-0.5419284654361951,0.0002895028250598,DOWN
Acc8_hippocampus_ST_A_Ex,8,hippocampus,ST_A_Ex,GSE280382,gene_name,Xbp1,XBP1,-0.503517453677883,0.0002939325844655,DOWN
Acc8_hippocampus_ST_A_Ex,8,hippocampus,ST_A_Ex,GSE280382,gene_name,Rflnb,RFLNB,-0.6000327607020072,0.0002980413515952,DOWN
Acc8_hippocampus_ST_A_Ex,8,hippocampus,ST_A_Ex,GSE280382,gene_name,Ypel3,YPEL3,0.5141268290857348,0.0003000233002855,UP
Acc8_hippocampus_ST_A_Ex,8,hippocampus,ST_A_Ex,GSE280382,gene_name,Slc19a3,SLC19A3,-0.5450732324867371,0.0003072904595426,DOWN
Acc8_hippocampus_ST_A_Ex,8,hippocampus,ST_A_Ex,GSE280382,gene_name,Neat1,NEAT1,0.90768600615416,0.0003131935716191,UP
Acc8_hippocampus_ST_A_Ex,8,hippocampus,ST_A_Ex,GSE280382,gene_name,Gm41694,GM41694,3.944800005958072,0.000355028075533,UP
Acc8_hippocampus_ST_A_Ex,8,hippocampus,ST_A_Ex,GSE280382,gene_name,Gm10910,GM10910,1.2283321721163087,0.0003584206480739,UP
Acc8_hippocampus_ST_A_Ex,8,hippocampus,ST_A_Ex,GSE280382,gene_name,Gm33050,GM33050,1.4590387886952807,0.0003599485239932,UP
Acc8_hippocampus_ST_A_Ex,8,hippocampus,ST_A_Ex,GSE280382,gene_name,Gm32282,GM32282,1.068539387111302,0.0003611028491722,UP
Acc8_hippocampus_ST_A_Ex,8,hippocampus,ST_A_Ex,GSE280382,gene_name,A930005h10rik,A930005H10RIK,0.5599951188594107,0.0003616743383454,UP
Acc8_hippocampus_ST_A_Ex,8,hippocampus,ST_A_Ex,GSE280382,gene_name,Gm9748,GM9748,-0.6720571142754114,0.0003671831652683,DOWN
Acc8_hippocampus_ST_A_Ex,8,hippocampus,ST_A_Ex,GSE280382,gene_name,En2,EN2,0.8234911863024514,0.0003692892144055,UP
Acc8_hippocampus_ST_A_Ex,8,hippocampus,ST_A_Ex,GSE280382,gene_name,Loc118568312,LOC118568312,1.0582360379164208,0.0003737279456038,UP
Acc8_hippocampus_ST_A_Ex,8,hippocampus,ST_A_Ex,GSE280382,gene_name,C1galt1,C1GALT1,-0.5371444611647308,0.0003741393905773,DOWN
Acc8_hippocampus_ST_A_Ex,8,hippocampus,ST_A_Ex,GSE280382,gene_name,Loc118568291,LOC118568291,1.6556050897618906,0.0003792007706166,UP
Acc8_hippocampus_ST_A_Ex,8,hippocampus,ST_A_Ex,GSE280382,gene_name,Ppp1r14b,PPP1R14B,0.5105251637634882,0.0003792007706166,UP
Acc8_hippocampus_ST_A_Ex,8,hippocampus,ST_A_Ex,GSE280382,gene_name,Foxh1,FOXH1,0.5441540788399547,0.000381972787792,UP
Acc8_hippocampus_ST_A_Ex,8,hippocampus,ST_A_Ex,GSE280382,gene_name,Cbfa2t3,CBFA2T3,-0.6249796474453407,0.0003905641022292,DOWN
Acc8_hippocampus_ST_A_Ex,8,hippocampus,ST_A_Ex,GSE280382,gene_name,Gm10145,GM10145,-1.912975658013021,0.0004254312258446,DOWN
Acc8_hippocampus_ST_A_Ex,8,hippocampus,ST_A_Ex,GSE280382,gene_name,Lbhd1,LBHD1,0.5423884277406905,0.000429393913512,UP
Acc8_hippocampus_ST_A_Ex,8,hippocampus,ST_A_Ex,GSE280382,gene_name,Gm5801,GM5801,-2.0383181504501167,0.0004310684630743,DOWN
Acc8_hippocampus_ST_A_Ex,8,hippocampus,ST_A_Ex,GSE280382,gene_name,Gm6625,GM6625,-1.6434755674860675,0.0004360298733313,DOWN
Acc8_hippocampus_ST_A_Ex,8,hippocampus,ST_A_Ex,GSE280382,gene_name,Gm15651,GM15651,1.742223788109128,0.0004439301084846,UP
Acc8_hippocampus_ST_A_Ex,8,hippocampus,ST_A_Ex,GSE280382,gene_name,2610306m01rik,2610306M01RIK,0.5822329443974102,0.0004506563274764,UP
Acc8_hippocampus_ST_A_Ex,8,hippocampus,ST_A_Ex,GSE280382,gene_name,Snhg15,SNHG15,1.1658119035747307,0.0004756333200219,UP
Acc8_hippocampus_ST_A_Ex,8,hippocampus,ST_A_Ex,GSE280382,gene_name,Gm12701,GM12701,2.131208016246134,0.0004758164177685,UP
Acc8_hippocampus_ST_A_Ex,8,hippocampus,ST_A_Ex,GSE280382,gene_name,Gm36375,GM36375,2.002131085411257,0.000476043222739,UP
Acc8_hippocampus_ST_A_Ex,8,hippocampus,ST_A_Ex,GSE280382,gene_name,Acy1,ACY1,0.5230882048790256,0.0004761214901787,UP
Acc8_hippocampus_ST_A_Ex,8,hippocampus,ST_A_Ex,GSE280382,gene_name,Loc118568281,LOC118568281,-0.56599434707578,0.0004831072141754,DOWN
Acc8_hippocampus_ST_A_Ex,8,hippocampus,ST_A_Ex,GSE280382,gene_name,Gm11703,GM11703,-1.8172180289532085,0.0004870950266582,DOWN
Acc8_hippocampus_ST_A_Ex,8,hippocampus,ST_A_Ex,GSE280382,gene_name,9030607l20rik,9030607L20RIK,1.8722049904977835,0.0004878503237284,UP
Acc8_hippocampus_ST_A_Ex,8,hippocampus,ST_A_Ex,GSE280382,gene_name,Gm52132,GM52132,0.9207337422465676,0.0005006175747545,UP
Acc8_hippocampus_ST_A_Ex,8,hippocampus,ST_A_Ex,GSE280382,gene_name,St3gal1,ST3GAL1,-0.6188804278626642,0.0005041675188998,DOWN
Acc8_hippocampus_ST_A_Ex,8,hippocampus,ST_A_Ex,GSE280382,gene_name,Nppc,NPPC,0.7556030116392886,0.0005044888433778,UP
Acc8_hippocampus_ST_A_Ex,8,hippocampus,ST_A_Ex,GSE280382,gene_name,Tmem91,TMEM91,0.6177096366875597,0.0005151136924963,UP
Acc8_hippocampus_ST_A_Ex,8,hippocampus,ST_A_Ex,GSE280382,gene_name,Ndufc1,NDUFC1,0.514840901373697,0.0005442654362346,UP
Acc8_hippocampus_ST_A_Ex,8,hippocampus,ST_A_Ex,GSE280382,gene_name,Wnt9a,WNT9A,1.142036505849622,0.0005649441680344,UP
Acc8_hippocampus_ST_A_Ex,8,hippocampus,ST_A_Ex,GSE280382,gene_name,Ddx58,DDX58,-0.5379735884167715,0.0005803144424872,DOWN
Acc8_hippocampus_ST_A_Ex,8,hippocampus,ST_A_Ex,GSE280382,gene_name,Gm32994,GM32994,0.8890365647901259,0.0005861737363016,UP
Acc8_hippocampus_ST_A_Ex,8,hippocampus,ST_A_Ex,GSE280382,gene_name,Loc118568660,LOC118568660,1.320133544104387,0.0005863271932016,UP
Acc8_hippocampus_ST_A_Ex,8,hippocampus,ST_A_Ex,GSE280382,gene_name,Ddit4,DDIT4,0.5498818119340168,0.0005935209457357,UP
Acc8_hippocampus_ST_A_Ex,8,hippocampus,ST_A_Ex,GSE280382,gene_name,Gm46110,GM46110,1.5871988247676412,0.0006196897872228,UP
Acc8_hippocampus_ST_A_Ex,8,hippocampus,ST_A_Ex,GSE280382,gene_name,Slc18a2,SLC18A2,-0.5188389760274427,0.0006291652876556,DOWN
Acc8_hippocampus_ST_A_Ex,8,hippocampus,ST_A_Ex,GSE280382,gene_name,Ai413582,AI413582,0.5274332899479519,0.0006407260232889,UP
Acc8_hippocampus_ST_A_Ex,8,hippocampus,ST_A_Ex,GSE280382,gene_name,Eng,ENG,-0.5972206418442303,0.0006509217886272,DOWN
Acc8_hippocampus_ST_A_Ex,8,hippocampus,ST_A_Ex,GSE280382,gene_name,Pcdh18,PCDH18,-0.5284058469896892,0.0006638440638417,DOWN
Acc8_hippocampus_ST_A_Ex,8,hippocampus,ST_A_Ex,GSE280382,gene_name,Gm22009,GM22009,2.1852619787805287,0.0006651083812978,UP
Acc8_hippocampus_ST_A_Ex,8,hippocampus,ST_A_Ex,GSE280382,gene_name,Gcnt7,GCNT7,1.152266697871248,0.0006657422656176,UP
Acc8_hippocampus_ST_A_Ex,8,hippocampus,ST_A_Ex,GSE280382,gene_name,Serf1,SERF1,0.6094352581111084,0.0006819132682278,UP
Acc8_hippocampus_ST_A_Ex,8,hippocampus,ST_A_Ex,GSE280382,gene_name,Gm52709,GM52709,1.7572616495211442,0.0006839731734686,UP
Acc8_hippocampus_ST_A_Ex,8,hippocampus,ST_A_Ex,GSE280382,gene_name,1190007i07rik,1190007I07RIK,0.5695521096614671,0.0007270675869691,UP
Acc8_hippocampus_ST_A_Ex,8,hippocampus,ST_A_Ex,GSE280382,gene_name,Loc118567339,LOC118567339,1.5362782422879413,0.0007284250400224,UP
Acc8_hippocampus_ST_A_Ex,8,hippocampus,ST_A_Ex,GSE280382,gene_name,Gm15743,GM15743,0.9978282547327616,0.0007293691908198,UP
Acc8_hippocampus_ST_A_Ex,8,hippocampus,ST_A_Ex,GSE280382,gene_name,4930413g21rik,4930413G21RIK,0.6111782844354302,0.0007293691908198,UP
Acc8_hippocampus_ST_A_Ex,8,hippocampus,ST_A_Ex,GSE280382,gene_name,Hcls1,HCLS1,0.5484169764385537,0.0007316751083139,UP
Acc8_hippocampus_ST_A_Ex,8,hippocampus,ST_A_Ex,GSE280382,gene_name,D330023k18rik,D330023K18RIK,0.8634717441462622,0.0007389251561849,UP
Acc8_hippocampus_ST_A_Ex,8,hippocampus,ST_A_Ex,GSE280382,gene_name,Tlr7,TLR7,-0.6137823029989928,0.0007410279235074,DOWN
Acc8_hippocampus_ST_A_Ex,8,hippocampus,ST_A_Ex,GSE280382,gene_name,Gm40780,GM40780,2.087926230847244,0.0007470291649445,UP
Acc8_hippocampus_ST_A_Ex,8,hippocampus,ST_A_Ex,GSE280382,gene_name,Rps15a-ps6,RPS15A-PS6,-1.6465102473964326,0.0007583010651895,DOWN
Acc8_hippocampus_ST_A_Ex,8,hippocampus,ST_A_Ex,GSE280382,gene_name,Gm40167,GM40167,1.062440595875447,0.0007689889848413,UP
Acc8_hippocampus_ST_A_Ex,8,hippocampus,ST_A_Ex,GSE280382,gene_name,Gm36166,GM36166,0.8716304873706093,0.000805647429391,UP
Acc8_hippocampus_ST_A_Ex,8,hippocampus,ST_A_Ex,GSE280382,gene_name,Loc118568324,LOC118568324,1.9721294081836405,0.0008215312727518,UP
Acc8_hippocampus_ST_A_Ex,8,hippocampus,ST_A_Ex,GSE280382,gene_name,Klk13,KLK13,1.1666014901809674,0.0008478361655876,UP
Acc8_hippocampus_ST_A_Ex,8,hippocampus,ST_A_Ex,GSE280382,gene_name,Gm31623,GM31623,1.48282845415174,0.0008519662452097,UP
Acc8_hippocampus_ST_A_Ex,8,hippocampus,ST_A_Ex,GSE280382,gene_name,Hyi,HYI,0.5754750706179944,0.0008523294623592,UP
Acc8_hippocampus_ST_A_Ex,8,hippocampus,ST_A_Ex,GSE280382,gene_name,Pet117,PET117,1.4201173982816904,0.0008608050631114,UP
Acc8_hippocampus_ST_A_Ex,8,hippocampus,ST_A_Ex,GSE280382,gene_name,Fgf22,FGF22,0.8646765857356846,0.0008694567152461,UP
Acc8_hippocampus_ST_A_Ex,8,hippocampus,ST_A_Ex,GSE280382,gene_name,Duxbl1,DUXBL1,0.6967979915615948,0.0009087526765745,UP
Acc8_hippocampus_ST_A_Ex,8,hippocampus,ST_A_Ex,GSE280382,gene_name,4930473a02rik,4930473A02RIK,-1.9788348448129844,0.000909199333346,DOWN
Acc8_hippocampus_ST_A_Ex,8,hippocampus,ST_A_Ex,GSE280382,gene_name,Pmf1,PMF1,0.6877753391054572,0.0009225348833446,UP
Acc8_hippocampus_ST_A_Ex,8,hippocampus,ST_A_Ex,GSE280382,gene_name,Loc115486436,LOC115486436,0.504301652770182,0.000935102386559,UP
Acc8_hippocampus_ST_A_Ex,8,hippocampus,ST_A_Ex,GSE280382,gene_name,Nudt1,NUDT1,0.6481177918118398,0.0009508820174573,UP
Acc8_hippocampus_ST_A_Ex,8,hippocampus,ST_A_Ex,GSE280382,gene_name,9430041j12rik,9430041J12RIK,0.6097435061880743,0.0009568434426994,UP
Acc8_hippocampus_ST_A_Ex,8,hippocampus,ST_A_Ex,GSE280382,gene_name,Gm32807,GM32807,2.299960526054304,0.0009589346566242,UP
Acc8_hippocampus_ST_A_Ex,8,hippocampus,ST_A_Ex,GSE280382,gene_name,Mcee,MCEE,0.5067034241973872,0.0009630302611434,UP
Acc8_hippocampus_ST_A_Ex,8,hippocampus,ST_A_Ex,GSE280382,gene_name,Myh7b,MYH7B,0.5551317057675753,0.0009673057356183,UP
Acc8_hippocampus_ST_A_Ex,8,hippocampus,ST_A_Ex,GSE280382,gene_name,Gm34755,GM34755,1.573624830274427,0.0009686625058535,UP
Acc8_hippocampus_ST_A_Ex,8,hippocampus,ST_A_Ex,GSE280382,gene_name,B230206h07rik,B230206H07RIK,0.6757058534960718,0.0009785577247708,UP
Acc8_hippocampus_ST_A_Ex,8,hippocampus,ST_A_Ex,GSE280382,gene_name,Loc118567342,LOC118567342,0.95110746657363,0.0009803249283845,UP
Acc8_hippocampus_ST_A_Ex,8,hippocampus,ST_A_Ex,GSE280382,gene_name,A330015k06rik,A330015K06RIK,1.148787529389787,0.0010047988407974,UP
Acc8_hippocampus_ST_A_Ex,8,hippocampus,ST_A_Ex,GSE280382,gene_name,2300009a05rik,2300009A05RIK,0.5331652033237295,0.0010126322992112,UP
Acc8_hippocampus_ST_A_Ex,8,hippocampus,ST_A_Ex,GSE280382,gene_name,Gm52515,GM52515,3.183835267454344,0.0010260123374396,UP
Acc8_hippocampus_ST_A_Ex,8,hippocampus,ST_A_Ex,GSE280382,gene_name,Gpr4,GPR4,-0.6668450792095799,0.0010271523468065,DOWN
Acc8_hippocampus_ST_A_Ex,8,hippocampus,ST_A_Ex,GSE280382,gene_name,Gm52710,GM52710,1.4256319162552131,0.0010626382644999,UP
Acc8_hippocampus_ST_A_Ex,8,hippocampus,ST_A_Ex,GSE280382,gene_name,Gm36331,GM36331,0.6821117498816425,0.0010746482402232,UP
Acc8_hippocampus_ST_A_Ex,8,hippocampus,ST_A_Ex,GSE280382,gene_name,Cartpt,CARTPT,1.00732835543217,0.0010890166926557,UP
Acc8_hippocampus_ST_A_Ex,8,hippocampus,ST_A_Ex,GSE280382,gene_name,Gm32896,GM32896,1.8732947570131775,0.0011114645727167,UP
Acc8_hippocampus_ST_A_Ex,8,hippocampus,ST_A_Ex,GSE280382,gene_name,Gm52822,GM52822,3.136941788663442,0.0011169933003322,UP
Acc8_hippocampus_ST_A_Ex,8,hippocampus,ST_A_Ex,GSE280382,gene_name,Nr4a2,NR4A2,-0.633012409929746,0.001135886226371,DOWN
Acc8_hippocampus_ST_A_Ex,8,hippocampus,ST_A_Ex,GSE280382,gene_name,Pik3cg,PIK3CG,-0.5340863933558647,0.0011488635444581,DOWN
Acc8_hippocampus_ST_A_Ex,8,hippocampus,ST_A_Ex,GSE280382,gene_name,Sncg,SNCG,0.7977193105450409,0.0011499457070317,UP
Acc8_hippocampus_ST_A_Ex,8,hippocampus,ST_A_Ex,GSE280382,gene_name,Gm39628,GM39628,2.3535483443207377,0.0011551606038801,UP
Acc8_hippocampus_ST_A_Ex,8,hippocampus,ST_A_Ex,GSE280382,gene_name,2210416o15rik,2210416O15RIK,1.147061138657177,0.0011640398180506,UP
Acc8_hippocampus_ST_A_Ex,8,hippocampus,ST_A_Ex,GSE280382,gene_name,Gm39673,GM39673,0.533670136211901,0.0012031920258375,UP
Acc8_hippocampus_ST_A_Ex,8,hippocampus,ST_A_Ex,GSE280382,gene_name,Gm11725,GM11725,0.7046206843290993,0.0012050184293555,UP
Acc8_hippocampus_ST_A_Ex,8,hippocampus,ST_A_Ex,GSE280382,gene_name,Gm46091,GM46091,0.5564511492060492,0.0012171408993102,UP
Acc8_hippocampus_ST_A_Ex,8,hippocampus,ST_A_Ex,GSE280382,gene_name,Gm39272,GM39272,2.44231676492815,0.0012498383321066,UP
Acc8_hippocampus_ST_A_Ex,8,hippocampus,ST_A_Ex,GSE280382,gene_name,Loc118567855,LOC118567855,1.271941634081939,0.0012502667219764,UP
Acc8_hippocampus_ST_A_Ex,8,hippocampus,ST_A_Ex,GSE280382,gene_name,Oxld1,OXLD1,0.576930756598855,0.0012511932017429,UP
Acc8_hippocampus_ST_A_Ex,8,hippocampus,ST_A_Ex,GSE280382,gene_name,Gm31796,GM31796,0.8948155474768045,0.0012639198869918,UP
Acc8_hippocampus_ST_A_Ex,8,hippocampus,ST_A_Ex,GSE280382,gene_name,9430038i01rik,9430038I01RIK,0.6829045353098097,0.0012699950583178,UP
Acc8_hippocampus_ST_A_Ex,8,hippocampus,ST_A_Ex,GSE280382,gene_name,Gjd3,GJD3,0.7452140712763471,0.0013030414016626,UP
Acc8_hippocampus_ST_A_Ex,8,hippocampus,ST_A_Ex,GSE280382,gene_name,Hnrnpa1l2-ps2,HNRNPA1L2-PS2,-1.0816695718976042,0.001312978100692,DOWN
Acc8_hippocampus_ST_A_Ex,8,hippocampus,ST_A_Ex,GSE280382,gene_name,Gm46830,GM46830,-1.3198043973251372,0.0013190231319063,DOWN
Acc8_hippocampus_ST_A_Ex,8,hippocampus,ST_A_Ex,GSE280382,gene_name,Grap,GRAP,0.5759978262722658,0.001328663430977,UP
Acc8_hippocampus_ST_A_Ex,8,hippocampus,ST_A_Ex,GSE280382,gene_name,5930430l01rik,5930430L01RIK,0.6896163741361248,0.0013896634225047,UP
Acc8_hippocampus_ST_A_Ex,8,hippocampus,ST_A_Ex,GSE280382,gene_name,Ccdc153,CCDC153,1.119624848027506,0.001395915063122,UP
Acc8_hippocampus_ST_A_Ex,8,hippocampus,ST_A_Ex,GSE280382,gene_name,Lefty1,LEFTY1,0.5616538093605414,0.0014108736005908,UP
Acc8_hippocampus_ST_A_Ex,8,hippocampus,ST_A_Ex,GSE280382,gene_name,Cobl,COBL,-0.5615341235458198,0.0014112904566401,DOWN
Acc8_hippocampus_ST_A_Ex,8,hippocampus,ST_A_Ex,GSE280382,gene_name,Gm38413,GM38413,0.6245452351333511,0.0014471454694211,UP
Acc8_hippocampus_ST_A_Ex,8,hippocampus,ST_A_Ex,GSE280382,gene_name,A230020j21rik,A230020J21RIK,0.8528825720298907,0.0014511759722249,UP
Acc8_hippocampus_ST_A_Ex,8,hippocampus,ST_A_Ex,GSE280382,gene_name,Pcp4,PCP4,0.531657370651877,0.0014585082609592,UP
Acc8_hippocampus_ST_A_Ex,8,hippocampus,ST_A_Ex,GSE280382,gene_name,Gm25640,GM25640,-0.8530101223410721,0.00146477676378,DOWN
Acc8_hippocampus_ST_A_Ex,8,hippocampus,ST_A_Ex,GSE280382,gene_name,Gm5451,GM5451,-1.7557422797205793,0.0014649677387963,DOWN
Acc8_hippocampus_ST_A_Ex,8,hippocampus,ST_A_Ex,GSE280382,gene_name,Loc118567856,LOC118567856,4.202783759159236,0.0014883098102565,UP
Acc8_hippocampus_ST_A_Ex,8,hippocampus,ST_A_Ex,GSE280382,gene_name,Loc118567665,LOC118567665,2.5436672531811158,0.0015004027563622,UP
Acc8_hippocampus_ST_A_Ex,8,hippocampus,ST_A_Ex,GSE280382,gene_name,Gm15682,GM15682,-1.0311182704920396,0.0016041093612071,DOWN
Acc8_hippocampus_ST_A_Ex,8,hippocampus,ST_A_Ex,GSE280382,gene_name,Dusp9,DUSP9,1.6971444495483603,0.0016328300552357,UP
Acc8_hippocampus_ST_A_Ex,8,hippocampus,ST_A_Ex,GSE280382,gene_name,Gm6158,GM6158,-1.839431989544013,0.0016638204221722,DOWN
Acc8_hippocampus_ST_A_Ex,8,hippocampus,ST_A_Ex,GSE280382,gene_name,Zim3,ZIM3,-0.5175260007284057,0.0016894715278153,DOWN
Acc8_hippocampus_ST_A_Ex,8,hippocampus,ST_A_Ex,GSE280382,gene_name,Icam4,ICAM4,0.8623033225767983,0.001702951547701,UP
Acc8_hippocampus_ST_A_Ex,8,hippocampus,ST_A_Ex,GSE280382,gene_name,2900093k20rik,2900093K20RIK,0.7807556360023487,0.0017183621955298,UP
Acc8_hippocampus_ST_A_Ex,8,hippocampus,ST_A_Ex,GSE280382,gene_name,Gm4750,GM4750,-2.305952469482446,0.0017530742728787,DOWN
Acc8_hippocampus_ST_A_Ex,8,hippocampus,ST_A_Ex,GSE280382,gene_name,Loc118567801,LOC118567801,1.1562078052460163,0.0017957866130481,UP
Acc8_hippocampus_ST_A_Ex,8,hippocampus,ST_A_Ex,GSE280382,gene_name,Kcna5,KCNA5,0.8303403172466387,0.001823774928441,UP
Acc8_hippocampus_ST_A_Ex,8,hippocampus,ST_A_Ex,GSE280382,gene_name,Gm33649,GM33649,0.9098232649661672,0.0018298101980313,UP
Acc8_hippocampus_ST_A_Ex,8,hippocampus,ST_A_Ex,GSE280382,gene_name,Rpph1,RPPH1,3.753819607945816,0.0018981324337715,UP
Acc8_hippocampus_ST_A_Ex,8,hippocampus,ST_A_Ex,GSE280382,gene_name,Ccdc8,CCDC8,0.5208860712727263,0.0019068620746451,UP
Acc8_hippocampus_ST_A_Ex,8,hippocampus,ST_A_Ex,GSE280382,gene_name,Gm41461,GM41461,1.9935706122740795,0.0019357592647092,UP
Acc8_hippocampus_ST_A_Ex,8,hippocampus,ST_A_Ex,GSE280382,gene_name,Lamb3,LAMB3,0.8579830427128837,0.0019370139408525,UP
Acc8_hippocampus_ST_A_Ex,8,hippocampus,ST_A_Ex,GSE280382,gene_name,Gm40713,GM40713,0.6361870256263806,0.0019886385941576,UP
Acc8_hippocampus_ST_A_Ex,8,hippocampus,ST_A_Ex,GSE280382,gene_name,Gm5415,GM5415,-1.6186235911801456,0.0020074713662167,DOWN
Acc8_hippocampus_ST_A_Ex,8,hippocampus,ST_A_Ex,GSE280382,gene_name,Gm34299,GM34299,0.9778362696478924,0.0020074713662167,UP
Acc8_hippocampus_ST_A_Ex,8,hippocampus,ST_A_Ex,GSE280382,gene_name,Gm38972,GM38972,1.5776765048349684,0.0020226109853359,UP
Acc8_hippocampus_ST_A_Ex,8,hippocampus,ST_A_Ex,GSE280382,gene_name,Loc118567400,LOC118567400,1.205139517687981,0.0020371448759805,UP
Acc8_hippocampus_ST_A_Ex,8,hippocampus,ST_A_Ex,GSE280382,gene_name,Gm14681,GM14681,-1.044770710143334,0.0020516608870205,DOWN
Acc8_hippocampus_ST_A_Ex,8,hippocampus,ST_A_Ex,GSE280382,gene_name,Casq1,CASQ1,0.8908517283967895,0.0020627370735338,UP
Acc8_hippocampus_ST_A_Ex,8,hippocampus,ST_A_Ex,GSE280382,gene_name,Echdc2,ECHDC2,0.6130366044558601,0.0021431020091742,UP
Acc8_hippocampus_ST_A_Ex,8,hippocampus,ST_A_Ex,GSE280382,gene_name,Loc118568479,LOC118568479,3.677272592041644,0.0021642581128498,UP
Acc8_hippocampus_ST_A_Ex,8,hippocampus,ST_A_Ex,GSE280382,gene_name,Gm33361,GM33361,1.190493057082491,0.0021687898835575,UP
Acc8_hippocampus_ST_A_Ex,8,hippocampus,ST_A_Ex,GSE280382,gene_name,Loc115488525,LOC115488525,1.1045775144350771,0.0021779211320518,UP
Acc8_hippocampus_ST_A_Ex,8,hippocampus,ST_A_Ex,GSE280382,gene_name,Rab13,RAB13,0.5570496159213487,0.0022224709939352,UP
Acc8_hippocampus_ST_A_Ex,8,hippocampus,ST_A_Ex,GSE280382,gene_name,Slco4c1,SLCO4C1,-0.5047892533572774,0.0022392417239492,DOWN
Acc8_hippocampus_ST_A_Ex,8,hippocampus,ST_A_Ex,GSE280382,gene_name,Egr4,EGR4,-0.7012903307141614,0.0022418764366496,DOWN
Acc8_hippocampus_ST_A_Ex,8,hippocampus,ST_A_Ex,GSE280382,gene_name,Gm51446,GM51446,2.777115782322386,0.0022648881737395,UP
Acc8_hippocampus_ST_A_Ex,8,hippocampus,ST_A_Ex,GSE280382,gene_name,Glra3,GLRA3,-0.5208899821201226,0.0023118828354637,DOWN
Acc8_hippocampus_ST_A_Ex,8,hippocampus,ST_A_Ex,GSE280382,gene_name,Gm15411,GM15411,0.5172446218754406,0.0024583217645748,UP
Acc8_hippocampus_ST_A_Ex,8,hippocampus,ST_A_Ex,GSE280382,gene_name,F12,F12,2.4182864352431723,0.002471127357116,UP
Acc8_hippocampus_ST_A_Ex,8,hippocampus,ST_A_Ex,GSE280382,gene_name,Arl4d,ARL4D,0.7949706807177772,0.0024932639334929,UP
Acc8_hippocampus_ST_A_Ex,8,hippocampus,ST_A_Ex,GSE280382,gene_name,Gm33856,GM33856,0.6906654336386534,0.0024937165455185,UP
Acc8_hippocampus_ST_A_Ex,8,hippocampus,ST_A_Ex,GSE280382,gene_name,Rps27l,RPS27L,0.5197045458824028,0.0025331566437922,UP
Acc8_hippocampus_ST_A_Ex,8,hippocampus,ST_A_Ex,GSE280382,gene_name,Spocd1,SPOCD1,1.1325483484624022,0.0025474764718363,UP
Acc8_hippocampus_ST_A_Ex,8,hippocampus,ST_A_Ex,GSE280382,gene_name,Nrap,NRAP,1.0972794512491302,0.0025474764718363,UP
Acc8_hippocampus_ST_A_Ex,8,hippocampus,ST_A_Ex,GSE280382,gene_name,Gm51531,GM51531,1.0100408219623886,0.0026384365016857,UP
Acc8_hippocampus_ST_A_Ex,8,hippocampus,ST_A_Ex,GSE280382,gene_name,Gm20056,GM20056,-1.1338150026511042,0.0026405330374144,DOWN
Acc8_hippocampus_ST_A_Ex,8,hippocampus,ST_A_Ex,GSE280382,gene_name,Npm3,NPM3,0.5646807276144958,0.0026934084410569,UP
Acc8_hippocampus_ST_A_Ex,8,hippocampus,ST_A_Ex,GSE280382,gene_name,Col9a2,COL9A2,1.1434243246811355,0.0026970086815762,UP
Acc8_hippocampus_ST_A_Ex,8,hippocampus,ST_A_Ex,GSE280382,gene_name,6330415b21rik,6330415B21RIK,2.912299528193897,0.0027106239692401,UP
Acc8_hippocampus_ST_A_Ex,8,hippocampus,ST_A_Ex,GSE280382,gene_name,E530011l22rik,E530011L22RIK,0.5217164680664994,0.0027352384650073,UP
Acc8_hippocampus_ST_A_Ex,8,hippocampus,ST_A_Ex,GSE280382,gene_name,Atox1,ATOX1,0.6419537293435869,0.0027558055489973,UP
Acc8_hippocampus_ST_A_Ex,8,hippocampus,ST_A_Ex,GSE280382,gene_name,Gm52229,GM52229,-1.393877558522578,0.0027634863702465,DOWN
Acc8_hippocampus_ST_A_Ex,8,hippocampus,ST_A_Ex,GSE280382,gene_name,1700049j03rik,1700049J03RIK,2.3790196680736804,0.0027711395141514,UP
Acc8_hippocampus_ST_A_Ex,8,hippocampus,ST_A_Ex,GSE280382,gene_name,Loc118567589,LOC118567589,2.3908711666499403,0.0027781142495399,UP
Acc8_hippocampus_ST_A_Ex,8,hippocampus,ST_A_Ex,GSE280382,gene_name,Loc115489466,LOC115489466,0.9621639885518626,0.0027827271777254,UP
Acc8_hippocampus_ST_A_Ex,8,hippocampus,ST_A_Ex,GSE280382,gene_name,Gm38882,GM38882,1.228164062264792,0.0027851193700565,UP
Acc8_hippocampus_ST_A_Ex,8,hippocampus,ST_A_Ex,GSE280382,gene_name,Lrp8os2,LRP8OS2,2.1755582094720163,0.0028385969343875,UP
Acc8_hippocampus_ST_A_Ex,8,hippocampus,ST_A_Ex,GSE280382,gene_name,Gm32528,GM32528,0.5181574319230559,0.002839587257243,UP
Acc8_hippocampus_ST_A_Ex,8,hippocampus,ST_A_Ex,GSE280382,gene_name,Gm41498,GM41498,4.012174066742117,0.0028853545213619,UP
Acc8_hippocampus_ST_A_Ex,8,hippocampus,ST_A_Ex,GSE280382,gene_name,Loc118567599,LOC118567599,0.6674379430612425,0.0029055894360855,UP
Acc8_hippocampus_ST_A_Ex,8,hippocampus,ST_A_Ex,GSE280382,gene_name,Gm13748,GM13748,3.0966504105257004,0.0029474470385734,UP
Acc8_hippocampus_ST_A_Ex,8,hippocampus,ST_A_Ex,GSE280382,gene_name,Loc118568169,LOC118568169,2.714756228131076,0.0029545773404713,UP
Acc8_hippocampus_ST_A_Ex,8,hippocampus,ST_A_Ex,GSE280382,gene_name,2510022d24rik,2510022D24RIK,0.5008984435501065,0.0030062883266308,UP
Acc8_hippocampus_ST_A_Ex,8,hippocampus,ST_A_Ex,GSE280382,gene_name,Loc118568167,LOC118568167,1.4632754670374435,0.0030349883333582,UP
Acc8_hippocampus_ST_A_Ex,8,hippocampus,ST_A_Ex,GSE280382,gene_name,Noxred1,NOXRED1,-1.3965388132864502,0.0031727453563613,DOWN
Acc8_hippocampus_ST_A_Ex,8,hippocampus,ST_A_Ex,GSE280382,gene_name,5830454e08rik,5830454E08RIK,1.114706262547193,0.0031934295514317,UP
Acc8_hippocampus_ST_A_Ex,8,hippocampus,ST_A_Ex,GSE280382,gene_name,Rhov,RHOV,0.5123813844159174,0.0032173177530222,UP
Acc8_hippocampus_ST_A_Ex,8,hippocampus,ST_A_Ex,GSE280382,gene_name,Sspo,SSPO,0.6231096430117522,0.0032438200704163,UP
Acc8_hippocampus_ST_A_Ex,8,hippocampus,ST_A_Ex,GSE280382,gene_name,2810410l24rik,2810410L24RIK,0.7222222119387033,0.0032445554741899,UP
Acc8_hippocampus_ST_A_Ex,8,hippocampus,ST_A_Ex,GSE280382,gene_name,Lsm5,LSM5,0.50572027366034,0.0034716982990162,UP
Acc8_hippocampus_ST_A_Ex,8,hippocampus,ST_A_Ex,GSE280382,gene_name,Meig1,MEIG1,0.9079026266999528,0.0035310220400039,UP
Acc8_hippocampus_ST_A_Ex,8,hippocampus,ST_A_Ex,GSE280382,gene_name,Gm12070,GM12070,-1.3508329764246174,0.0035899296764612,DOWN
Acc8_hippocampus_ST_A_Ex,8,hippocampus,ST_A_Ex,GSE280382,gene_name,Pomc,POMC,0.997003310924932,0.0035899296764612,UP
Acc8_hippocampus_ST_A_Ex,8,hippocampus,ST_A_Ex,GSE280382,gene_name,Gm33581,GM33581,0.7132297611283137,0.0036060366677992,UP
Acc8_hippocampus_ST_A_Ex,8,hippocampus,ST_A_Ex,GSE280382,gene_name,Klc3,KLC3,0.5163098188473088,0.003671616131341,UP
Acc8_hippocampus_ST_A_Ex,8,hippocampus,ST_A_Ex,GSE280382,gene_name,Gm42274,GM42274,0.6629125743808665,0.0036954410478721,UP
Acc8_hippocampus_ST_A_Ex,8,hippocampus,ST_A_Ex,GSE280382,gene_name,Gm41113,GM41113,1.4144493173215915,0.0037025656192767,UP
Acc8_hippocampus_ST_A_Ex,8,hippocampus,ST_A_Ex,GSE280382,gene_name,Cldn22,CLDN22,0.6556540939232167,0.0037118095966686,UP
Acc8_hippocampus_ST_A_Ex,8,hippocampus,ST_A_Ex,GSE280382,gene_name,Eif3j2,EIF3J2,-1.0187659507194755,0.0038256774483577,DOWN
Acc8_hippocampus_ST_A_Ex,8,hippocampus,ST_A_Ex,GSE280382,gene_name,Gm12696,GM12696,-0.9446144233946416,0.0038351365254388,DOWN
Acc8_hippocampus_ST_A_Ex,8,hippocampus,ST_A_Ex,GSE280382,gene_name,Fosl1,FOSL1,0.5832628826798731,0.0038716947593291,UP
Acc8_hippocampus_ST_A_Ex,8,hippocampus,ST_A_Ex,GSE280382,gene_name,Gm46294,GM46294,1.7414594272083963,0.0038791999554085,UP
Acc8_hippocampus_ST_A_Ex,8,hippocampus,ST_A_Ex,GSE280382,gene_name,Loc115487369,LOC115487369,-0.7667316849952032,0.0038855743184175,DOWN
Acc8_hippocampus_ST_A_Ex,8,hippocampus,ST_A_Ex,GSE280382,gene_name,Ay036118,AY036118,0.832040926406212,0.0039169311718463,UP
Acc8_hippocampus_ST_A_Ex,8,hippocampus,ST_A_Ex,GSE280382,gene_name,Naip2,NAIP2,-0.5640743710131383,0.0039169311718463,DOWN
Acc8_hippocampus_ST_A_Ex,8,hippocampus,ST_A_Ex,GSE280382,gene_name,Ucma,UCMA,0.8289393390862936,0.0040210712379904,UP
Acc8_hippocampus_ST_A_Ex,8,hippocampus,ST_A_Ex,GSE280382,gene_name,Gm33763,GM33763,2.176071645068674,0.004040716385255,UP
Acc8_hippocampus_ST_A_Ex,8,hippocampus,ST_A_Ex,GSE280382,gene_name,Gm26908,GM26908,0.5330748402075295,0.0041042332444102,UP
Acc8_hippocampus_ST_A_Ex,8,hippocampus,ST_A_Ex,GSE280382,gene_name,Loc108167518,LOC108167518,0.5002303609043657,0.0041075440380187,UP
Acc8_hippocampus_ST_A_Ex,8,hippocampus,ST_A_Ex,GSE280382,gene_name,Trim34a,TRIM34A,-0.6485837185914899,0.0041230363472115,DOWN
Acc8_hippocampus_ST_A_Ex,8,hippocampus,ST_A_Ex,GSE280382,gene_name,Gm36798,GM36798,0.6284967878784288,0.0041943797534243,UP
Acc8_hippocampus_ST_A_Ex,8,hippocampus,ST_A_Ex,GSE280382,gene_name,Gm41176,GM41176,2.350881108179486,0.0042496672524097,UP
Acc8_hippocampus_ST_A_Ex,8,hippocampus,ST_A_Ex,GSE280382,gene_name,Gm52604,GM52604,0.8988314364669628,0.0042958820057088,UP
Acc8_hippocampus_ST_A_Ex,8,hippocampus,ST_A_Ex,GSE280382,gene_name,Tlr4,TLR4,-0.5431721339775053,0.004348109043439,DOWN
Acc8_hippocampus_ST_A_Ex,8,hippocampus,ST_A_Ex,GSE280382,gene_name,Gm52128,GM52128,1.2319237086858188,0.0043848674132507,UP
Acc8_hippocampus_ST_A_Ex,8,hippocampus,ST_A_Ex,GSE280382,gene_name,Zbtb40,ZBTB40,-0.540517756890812,0.0043848674132507,DOWN
Acc8_hippocampus_ST_A_Ex,8,hippocampus,ST_A_Ex,GSE280382,gene_name,Gm35685,GM35685,0.8025558803032701,0.0044825729146182,UP
Acc8_hippocampus_ST_A_Ex,8,hippocampus,ST_A_Ex,GSE280382,gene_name,2600006k01rik,2600006K01RIK,0.6768055496212356,0.0045440083597877,UP
Acc8_hippocampus_ST_A_Ex,8,hippocampus,ST_A_Ex,GSE280382,gene_name,C1qc,C1QC,0.5048859232885793,0.0045503378505269,UP
Acc8_hippocampus_ST_A_Ex,8,hippocampus,ST_A_Ex,GSE280382,gene_name,Galk1,GALK1,0.5633383600734454,0.0046154834542474,UP
Acc8_hippocampus_ST_A_Ex,8,hippocampus,ST_A_Ex,GSE280382,gene_name,Gm52681,GM52681,0.57952668711533,0.0046542524878456,UP
Acc8_hippocampus_ST_A_Ex,8,hippocampus,ST_A_Ex,GSE280382,gene_name,Gm35574,GM35574,1.5455491776702996,0.0047422410244273,UP
Acc8_hippocampus_ST_A_Ex,8,hippocampus,ST_A_Ex,GSE280382,gene_name,4933407l21rik,4933407L21RIK,0.855399083509876,0.0047494260189971,UP
Acc8_hippocampus_ST_A_Ex,8,hippocampus,ST_A_Ex,GSE280382,gene_name,Rpl17-ps10,RPL17-PS10,-0.723042385084738,0.004816379272449,DOWN
Acc8_hippocampus_ST_A_Ex,8,hippocampus,ST_A_Ex,GSE280382,gene_name,Rapgef3os2,RAPGEF3OS2,0.5313630179409189,0.0048799992822231,UP
Acc8_hippocampus_ST_A_Ex,8,hippocampus,ST_A_Ex,GSE280382,gene_name,Gm14377,GM14377,1.5046622627530508,0.0048882270938131,UP
Acc8_hippocampus_ST_A_Ex,8,hippocampus,ST_A_Ex,GSE280382,gene_name,Loc118568168,LOC118568168,1.3836177642084106,0.0050806862216136,UP
Acc8_hippocampus_ST_A_Ex,8,hippocampus,ST_A_Ex,GSE280382,gene_name,Catip,CATIP,0.8321859400187089,0.005081770426933,UP
Acc8_hippocampus_ST_A_Ex,8,hippocampus,ST_A_Ex,GSE280382,gene_name,6330415g19rik,6330415G19RIK,0.6442493823229053,0.0051851683343876,UP
Acc8_hippocampus_ST_A_Ex,8,hippocampus,ST_A_Ex,GSE280382,gene_name,Gm41350,GM41350,1.0696068531331355,0.005187277053622,UP
Acc8_hippocampus_ST_A_Ex,8,hippocampus,ST_A_Ex,GSE280382,gene_name,Fgf23,FGF23,1.0919260223515987,0.005205373320525,UP
Acc8_hippocampus_ST_A_Ex,8,hippocampus,ST_A_Ex,GSE280382,gene_name,Gm30067,GM30067,1.875366133485579,0.0052149187248385,UP
Acc8_hippocampus_ST_A_Ex,8,hippocampus,ST_A_Ex,GSE280382,gene_name,Gm14393,GM14393,1.1596800393298554,0.0052172477714539,UP
Acc8_hippocampus_ST_A_Ex,8,hippocampus,ST_A_Ex,GSE280382,gene_name,4931422a03rik,4931422A03RIK,1.5559320946594142,0.0052646828431907,UP
Acc8_hippocampus_ST_A_Ex,8,hippocampus,ST_A_Ex,GSE280382,gene_name,Slfn8,SLFN8,-0.8205221079020841,0.0052720579677775,DOWN
Acc8_hippocampus_ST_A_Ex,8,hippocampus,ST_A_Ex,GSE280382,gene_name,Rskr,RSKR,0.6516540478912514,0.0052791598157034,UP
Acc8_hippocampus_ST_A_Ex,8,hippocampus,ST_A_Ex,GSE280382,gene_name,Trim72,TRIM72,0.9567335614337208,0.0053613689771054,UP
Acc8_hippocampus_ST_A_Ex,8,hippocampus,ST_A_Ex,GSE280382,gene_name,Gm31024,GM31024,0.7995418804478778,0.0053950637604472,UP
Acc8_hippocampus_ST_A_Ex,8,hippocampus,ST_A_Ex,GSE280382,gene_name,Ai115009,AI115009,0.6405736656939421,0.0054019247904927,UP
Acc8_hippocampus_ST_A_Ex,8,hippocampus,ST_A_Ex,GSE280382,gene_name,Ankrd61,ANKRD61,1.0044258038600509,0.0054378761175043,UP
Acc8_hippocampus_ST_A_Ex,8,hippocampus,ST_A_Ex,GSE280382,gene_name,Gm46206,GM46206,-3.2541985665465427,0.0054737306265988,DOWN
Acc8_hippocampus_ST_A_Ex,8,hippocampus,ST_A_Ex,GSE280382,gene_name,Gm34608,GM34608,4.970976156604671,0.0054864643959734,UP
Acc8_hippocampus_ST_A_Ex,8,hippocampus,ST_A_Ex,GSE280382,gene_name,B230110g15rik,B230110G15RIK,1.088922335182002,0.0055197503252081,UP
Acc8_hippocampus_ST_A_Ex,8,hippocampus,ST_A_Ex,GSE280382,gene_name,Mob3b,MOB3B,-0.5935590745661886,0.0055272236020938,DOWN
Acc8_hippocampus_ST_A_Ex,8,hippocampus,ST_A_Ex,GSE280382,gene_name,Gm7276,GM7276,0.5194314290186867,0.0055272236020938,UP
Acc8_hippocampus_ST_A_Ex,8,hippocampus,ST_A_Ex,GSE280382,gene_name,Gm39952,GM39952,1.8507635951603432,0.0055951369687112,UP
Acc8_hippocampus_ST_A_Ex,8,hippocampus,ST_A_Ex,GSE280382,gene_name,Gm46171,GM46171,1.892648168581612,0.0056439495048719,UP
Acc8_hippocampus_ST_A_Ex,8,hippocampus,ST_A_Ex,GSE280382,gene_name,Au022754,AU022754,0.5513857467170209,0.0056459663207362,UP
Acc8_hippocampus_ST_A_Ex,8,hippocampus,ST_A_Ex,GSE280382,gene_name,Loc118567819,LOC118567819,1.532132281881562,0.0057005442912174,UP
Acc8_hippocampus_ST_A_Ex,8,hippocampus,ST_A_Ex,GSE280382,gene_name,B230311b06rik,B230311B06RIK,0.8095793367055951,0.0057217863108043,UP
Acc8_hippocampus_ST_A_Ex,8,hippocampus,ST_A_Ex,GSE280382,gene_name,Gm40476,GM40476,0.7915173728817864,0.0057217863108043,UP
Acc8_hippocampus_ST_A_Ex,8,hippocampus,ST_A_Ex,GSE280382,gene_name,Loc118567614,LOC118567614,2.2917697450608623,0.0058364799330297,UP
Acc8_hippocampus_ST_A_Ex,8,hippocampus,ST_A_Ex,GSE280382,gene_name,Gm26808,GM26808,2.267590951209894,0.0059145670080884,UP
Acc8_hippocampus_ST_A_Ex,8,hippocampus,ST_A_Ex,GSE280382,gene_name,Gm33617,GM33617,0.7315224796087206,0.0059444866527865,UP
Acc8_hippocampus_ST_A_Ex,8,hippocampus,ST_A_Ex,GSE280382,gene_name,Ggnbp1,GGNBP1,0.5027796433991488,0.0059725092825724,UP
Acc8_hippocampus_ST_A_Ex,8,hippocampus,ST_A_Ex,GSE280382,gene_name,Gm51666,GM51666,-1.1020541805854702,0.0059987879306421,DOWN
Acc8_hippocampus_ST_A_Ex,8,hippocampus,ST_A_Ex,GSE280382,gene_name,Zfpm1,ZFPM1,-0.522954824914479,0.0061380488365691,DOWN
Acc8_hippocampus_ST_A_Ex,8,hippocampus,ST_A_Ex,GSE280382,gene_name,Higd1b,HIGD1B,0.608400942886117,0.0061572851394032,UP
Acc8_hippocampus_ST_A_Ex,8,hippocampus,ST_A_Ex,GSE280382,gene_name,Cmbl,CMBL,0.6365614633770986,0.0061752753859515,UP
Acc8_hippocampus_ST_A_Ex,8,hippocampus,ST_A_Ex,GSE280382,gene_name,Cd86,CD86,-0.5338171964330578,0.0061950167460453,DOWN
Acc8_hippocampus_ST_A_Ex,8,hippocampus,ST_A_Ex,GSE280382,gene_name,Ada,ADA,1.4070875831879366,0.0061968763244466,UP
Acc8_hippocampus_ST_A_Ex,8,hippocampus,ST_A_Ex,GSE280382,gene_name,Gm17586,GM17586,0.5681921288676604,0.0062015940683997,UP
Acc8_hippocampus_ST_A_Ex,8,hippocampus,ST_A_Ex,GSE280382,gene_name,Resp18,RESP18,0.5417034808301575,0.0062076282748579,UP
Acc8_hippocampus_ST_A_Ex,8,hippocampus,ST_A_Ex,GSE280382,gene_name,Gm51963,GM51963,-1.5619410194990155,0.0062540724598829,DOWN
Acc8_hippocampus_ST_A_Ex,8,hippocampus,ST_A_Ex,GSE280382,gene_name,4833439f03rik,4833439F03RIK,0.5569339155105741,0.0062641021372873,UP
Acc8_hippocampus_ST_A_Ex,8,hippocampus,ST_A_Ex,GSE280382,gene_name,Gm42338,GM42338,1.7546276155402354,0.0062883901635576,UP
Acc8_hippocampus_ST_A_Ex,8,hippocampus,ST_A_Ex,GSE280382,gene_name,Gm35956,GM35956,1.1560823984669892,0.0063117613253693,UP
Acc8_hippocampus_ST_A_Ex,8,hippocampus,ST_A_Ex,GSE280382,gene_name,Gm11655,GM11655,1.6236732719806046,0.0063514987554958,UP
Acc8_hippocampus_ST_A_Ex,8,hippocampus,ST_A_Ex,GSE280382,gene_name,Chrna1os,CHRNA1OS,1.5033432257287325,0.0063710581227977,UP
Acc8_hippocampus_ST_A_Ex,8,hippocampus,ST_A_Ex,GSE280382,gene_name,S100a4,S100A4,1.059584840759805,0.0063787980922681,UP
Acc8_hippocampus_ST_A_Ex,8,hippocampus,ST_A_Ex,GSE280382,gene_name,Npy,NPY,0.5999344711314257,0.0064363934205892,UP
Acc8_hippocampus_ST_A_Ex,8,hippocampus,ST_A_Ex,GSE280382,gene_name,8030453o22rik,8030453O22RIK,0.5169894243452609,0.006470857607366,UP
Acc8_hippocampus_ST_A_Ex,8,hippocampus,ST_A_Ex,GSE280382,gene_name,Gm52120,GM52120,2.3169606989222347,0.0064960191404928,UP
Acc8_hippocampus_ST_A_Ex,8,hippocampus,ST_A_Ex,GSE280382,gene_name,Ccdc150,CCDC150,1.3865033326735885,0.0065618993040067,UP
Acc8_hippocampus_ST_A_Ex,8,hippocampus,ST_A_Ex,GSE280382,gene_name,Loc108167553,LOC108167553,0.6169371031740485,0.0065688205089146,UP
Acc8_hippocampus_ST_A_Ex,8,hippocampus,ST_A_Ex,GSE280382,gene_name,Nthl1,NTHL1,0.6089565758833109,0.0065713486452335,UP
Acc8_hippocampus_ST_A_Ex,8,hippocampus,ST_A_Ex,GSE280382,gene_name,A930033h14rik,A930033H14RIK,0.5636746999850286,0.0065901742178397,UP
Acc8_hippocampus_ST_A_Ex,8,hippocampus,ST_A_Ex,GSE280382,gene_name,Gm10874,GM10874,-0.8461013105507873,0.006654887635491,DOWN
Acc8_hippocampus_ST_A_Ex,8,hippocampus,ST_A_Ex,GSE280382,gene_name,Ikbke,IKBKE,0.6116691133145233,0.0066640051995525,UP
Acc8_hippocampus_ST_A_Ex,8,hippocampus,ST_A_Ex,GSE280382,gene_name,Gm19439,GM19439,0.7293148946104006,0.0066809333385904,UP
Acc8_hippocampus_ST_A_Ex,8,hippocampus,ST_A_Ex,GSE280382,gene_name,Gm6485,GM6485,-1.513728249836055,0.0068126541713781,DOWN
Acc8_hippocampus_ST_A_Ex,8,hippocampus,ST_A_Ex,GSE280382,gene_name,Gm31291,GM31291,1.4493385447698122,0.0068126541713781,UP
Acc8_hippocampus_ST_A_Ex,8,hippocampus,ST_A_Ex,GSE280382,gene_name,Gm46735,GM46735,-0.5952967149792955,0.0068410155127036,DOWN
Acc8_hippocampus_ST_A_Ex,8,hippocampus,ST_A_Ex,GSE280382,gene_name,Taco1os,TACO1OS,1.390864668576548,0.0068534768123016,UP
Acc8_hippocampus_ST_A_Ex,8,hippocampus,ST_A_Ex,GSE280382,gene_name,Loc118568351,LOC118568351,2.873701715281702,0.0068585248532755,UP
Acc8_hippocampus_ST_A_Ex,8,hippocampus,ST_A_Ex,GSE280382,gene_name,Gm51544,GM51544,1.085429287466668,0.0068911534826042,UP
Acc8_hippocampus_ST_A_Ex,8,hippocampus,ST_A_Ex,GSE280382,gene_name,Gm39003,GM39003,0.7699291643684306,0.0068922406096126,UP
Acc8_hippocampus_ST_A_Ex,8,hippocampus,ST_A_Ex,GSE280382,gene_name,Lnpep,LNPEP,1.4679911294025882,0.0069565061506073,UP
Acc8_hippocampus_ST_A_Ex,8,hippocampus,ST_A_Ex,GSE280382,gene_name,Asb11,ASB11,0.6335594304638622,0.0069565061506073,UP
Acc8_hippocampus_ST_A_Ex,8,hippocampus,ST_A_Ex,GSE280382,gene_name,Bc016579,BC016579,-1.314117783735684,0.0069944873149384,DOWN
Acc8_hippocampus_ST_A_Ex,8,hippocampus,ST_A_Ex,GSE280382,gene_name,Gm13262,GM13262,-0.6751987848034088,0.0070042313263731,DOWN
Acc8_hippocampus_ST_A_Ex,8,hippocampus,ST_A_Ex,GSE280382,gene_name,Gm32385,GM32385,2.7803682736098194,0.0070690645273937,UP
Acc8_hippocampus_ST_A_Ex,8,hippocampus,ST_A_Ex,GSE280382,gene_name,Gm51929,GM51929,1.91835043790781,0.007118007158406,UP
Acc8_hippocampus_ST_A_Ex,8,hippocampus,ST_A_Ex,GSE280382,gene_name,Eln,ELN,0.714896826636075,0.0071753372464338,UP
Acc8_hippocampus_ST_A_Ex,8,hippocampus,ST_A_Ex,GSE280382,gene_name,Peg12,PEG12,2.088428952839844,0.0072102740914009,UP
Acc8_hippocampus_ST_A_Ex,8,hippocampus,ST_A_Ex,GSE280382,gene_name,1700008o03rik,1700008O03RIK,0.8870809026781693,0.0072631585449693,UP
Acc8_hippocampus_ST_A_Ex,8,hippocampus,ST_A_Ex,GSE280382,gene_name,Eaf2,EAF2,1.0919729855755278,0.0072807388719691,UP
Acc8_hippocampus_ST_A_Ex,8,hippocampus,ST_A_Ex,GSE280382,gene_name,Clec2d,CLEC2D,0.8402333043342648,0.0073275723274416,UP
Acc8_hippocampus_ST_A_Ex,8,hippocampus,ST_A_Ex,GSE280382,gene_name,Gm26911,GM26911,1.1688439402197912,0.0073295733900027,UP
Acc8_hippocampus_ST_A_Ex,8,hippocampus,ST_A_Ex,GSE280382,gene_name,Zfp335os,ZFP335OS,0.6955996794225245,0.0073317408788971,UP
Acc8_hippocampus_ST_A_Ex,8,hippocampus,ST_A_Ex,GSE280382,gene_name,Gm38485,GM38485,1.750120601625203,0.0073622331610645,UP
Acc8_hippocampus_ST_A_Ex,8,hippocampus,ST_A_Ex,GSE280382,gene_name,Gm51744,GM51744,1.0685096283860456,0.0075557357616193,UP
Acc8_hippocampus_ST_A_Ex,8,hippocampus,ST_A_Ex,GSE280382,gene_name,Spa17,SPA17,0.6673183976155835,0.0076024332316274,UP
Acc8_hippocampus_ST_A_Ex,8,hippocampus,ST_A_Ex,GSE280382,gene_name,Gm1673,GM1673,0.5901863155141243,0.0076083613713904,UP
Acc8_hippocampus_ST_A_Ex,8,hippocampus,ST_A_Ex,GSE280382,gene_name,4732491k20rik,4732491K20RIK,0.5032564901072079,0.0076395937037075,UP
Acc8_hippocampus_ST_A_Ex,8,hippocampus,ST_A_Ex,GSE280382,gene_name,3110009e18rik,3110009E18RIK,0.5638340623051875,0.0076698369502945,UP
Acc8_hippocampus_ST_A_Ex,8,hippocampus,ST_A_Ex,GSE280382,gene_name,Gm5901,GM5901,0.7266235169422507,0.0076906793899132,UP
Acc8_hippocampus_ST_A_Ex,8,hippocampus,ST_A_Ex,GSE280382,gene_name,Gm6579,GM6579,-1.4131182873105974,0.0077215527306368,DOWN
Acc8_hippocampus_ST_A_Ex,8,hippocampus,ST_A_Ex,GSE280382,gene_name,Gm39450,GM39450,1.6618109789316038,0.0077423079259831,UP
Acc8_hippocampus_ST_A_Ex,8,hippocampus,ST_A_Ex,GSE280382,gene_name,Loc118567812,LOC118567812,5.825460317525673,0.0077576707041417,UP
Acc8_hippocampus_ST_A_Ex,8,hippocampus,ST_A_Ex,GSE280382,gene_name,Gm16206,GM16206,0.9686415935316274,0.0077711415420336,UP
Acc8_hippocampus_ST_A_Ex,8,hippocampus,ST_A_Ex,GSE280382,gene_name,Gm38563,GM38563,1.65660849430306,0.0077773812231194,UP
Acc8_hippocampus_ST_A_Ex,8,hippocampus,ST_A_Ex,GSE280382,gene_name,Gm33449,GM33449,1.2000222905377462,0.007824890380884,UP
Acc8_hippocampus_ST_A_Ex,8,hippocampus,ST_A_Ex,GSE280382,gene_name,Ighm,IGHM,-0.8014070057802971,0.0078441604765974,DOWN
Acc8_hippocampus_ST_A_Ex,8,hippocampus,ST_A_Ex,GSE280382,gene_name,Gm30181,GM30181,-1.413537619883111,0.0079050361270024,DOWN
Acc8_hippocampus_ST_A_Ex,8,hippocampus,ST_A_Ex,GSE280382,gene_name,Gm31127,GM31127,1.3272726858111443,0.0079219899012776,UP
Acc8_hippocampus_ST_A_Ex,8,hippocampus,ST_A_Ex,GSE280382,gene_name,Loc118568152,LOC118568152,-1.6190447445424885,0.0080576139131422,DOWN
Acc8_hippocampus_ST_A_Ex,8,hippocampus,ST_A_Ex,GSE280382,gene_name,Gm51877,GM51877,1.1538290990106672,0.0080842346192905,UP
Acc8_hippocampus_ST_A_Ex,8,hippocampus,ST_A_Ex,GSE280382,gene_name,Gm44026,GM44026,1.1568259988652587,0.0081087006546647,UP
Acc8_hippocampus_ST_A_Ex,8,hippocampus,ST_A_Ex,GSE280382,gene_name,Gm36634,GM36634,2.5994927429148085,0.0081113959530101,UP
Acc8_hippocampus_ST_A_Ex,8,hippocampus,ST_A_Ex,GSE280382,gene_name,Gm52235,GM52235,2.891870144482348,0.0081772083888691,UP
Acc8_hippocampus_ST_A_Ex,8,hippocampus,ST_A_Ex,GSE280382,gene_name,Loc115490354,LOC115490354,0.9259223811179508,0.0081797727589106,UP
Acc8_hippocampus_ST_A_Ex,8,hippocampus,ST_A_Ex,GSE280382,gene_name,Gm29667,GM29667,1.7877652452277166,0.0081892750319377,UP
Acc8_hippocampus_ST_A_Ex,8,hippocampus,ST_A_Ex,GSE280382,gene_name,Wnt3,WNT3,0.5823644257407861,0.0082365589230819,UP
Acc8_hippocampus_ST_A_Ex,8,hippocampus,ST_A_Ex,GSE280382,gene_name,Gm9199,GM9199,-1.280529678094816,0.0083306995162935,DOWN
Acc8_hippocampus_ST_A_Ex,8,hippocampus,ST_A_Ex,GSE280382,gene_name,Abhd11os,ABHD11OS,1.6416313965724378,0.0084427889298345,UP
Acc8_hippocampus_ST_A_Ex,8,hippocampus,ST_A_Ex,GSE280382,gene_name,Loc118567328,LOC118567328,1.4297092657119914,0.008464952354109,UP
Acc8_hippocampus_ST_A_Ex,8,hippocampus,ST_A_Ex,GSE280382,gene_name,Rsph1,RSPH1,0.856142891430548,0.0084920489191356,UP
Acc8_hippocampus_ST_A_Ex,8,hippocampus,ST_A_Ex,GSE280382,gene_name,Gm50270,GM50270,0.6220538300468441,0.008566796935092,UP
Acc8_hippocampus_ST_A_Ex,8,hippocampus,ST_A_Ex,GSE280382,gene_name,Zfp934,ZFP934,-0.58494258154281,0.0085689023279675,DOWN
Acc8_hippocampus_ST_A_Ex,8,hippocampus,ST_A_Ex,GSE280382,gene_name,Gm51670,GM51670,1.3734376602824458,0.0086398835481231,UP
Acc8_hippocampus_ST_A_Ex,8,hippocampus,ST_A_Ex,GSE280382,gene_name,2210418o10rik,2210418O10RIK,-1.6087555984481503,0.0087408586882787,DOWN
Acc8_hippocampus_ST_A_Ex,8,hippocampus,ST_A_Ex,GSE280382,gene_name,Gm15860,GM15860,0.5394171129954839,0.0087408586882787,UP
Acc8_hippocampus_ST_A_Ex,8,hippocampus,ST_A_Ex,GSE280382,gene_name,Aknad1,AKNAD1,2.620636261244341,0.0089268587535037,UP
Acc8_hippocampus_ST_A_Ex,8,hippocampus,ST_A_Ex,GSE280382,gene_name,Gm52528,GM52528,-1.3471362358526402,0.0089564057022378,DOWN
Acc8_hippocampus_ST_A_Ex,8,hippocampus,ST_A_Ex,GSE280382,gene_name,Gm51905,GM51905,1.094644168332598,0.0090344822380935,UP
Acc8_hippocampus_ST_A_Ex,8,hippocampus,ST_A_Ex,GSE280382,gene_name,Adamts13,ADAMTS13,1.3100064407000758,0.0090810258720514,UP
Acc8_hippocampus_ST_A_Ex,8,hippocampus,ST_A_Ex,GSE280382,gene_name,H2bc6,H2BC6,-0.5800242490633992,0.0091118090828977,DOWN
Acc8_hippocampus_ST_A_Ex,8,hippocampus,ST_A_Ex,GSE280382,gene_name,Mthfs,MTHFS,0.6565119154991974,0.0091795732501033,UP
Acc8_hippocampus_ST_A_Ex,8,hippocampus,ST_A_Ex,GSE280382,gene_name,Gm14296,GM14296,-1.3727857335351752,0.0092915452823265,DOWN
Acc8_hippocampus_ST_A_Ex,8,hippocampus,ST_A_Ex,GSE280382,gene_name,Gm41610,GM41610,4.081086649876357,0.0095030425834014,UP
Acc8_hippocampus_ST_A_Ex,8,hippocampus,ST_A_Ex,GSE280382,gene_name,Mblac1,MBLAC1,0.5509354503334036,0.0095047856130769,UP
Acc8_hippocampus_ST_A_Ex,8,hippocampus,ST_A_Ex,GSE280382,gene_name,Gm32124,GM32124,1.4820036199865558,0.0095228184796553,UP
Acc8_hippocampus_ST_A_Ex,8,hippocampus,ST_A_Ex,GSE280382,gene_name,Pcbd1,PCBD1,0.5622484925070677,0.0095687492568497,UP
Acc8_hippocampus_ST_A_Ex,8,hippocampus,ST_A_Ex,GSE280382,gene_name,Gm51568,GM51568,2.020914213972552,0.0096136266116787,UP
Acc8_hippocampus_ST_A_Ex,8,hippocampus,ST_A_Ex,GSE280382,gene_name,Gm12843,GM12843,0.632970970188825,0.0096136266116787,UP
Acc8_hippocampus_ST_A_Ex,8,hippocampus,ST_A_Ex,GSE280382,gene_name,Gm20346,GM20346,0.5369973626778438,0.0096136266116787,UP
Acc8_hippocampus_ST_A_Ex,8,hippocampus,ST_A_Ex,GSE280382,gene_name,Gm51999,GM51999,2.4297375195564435,0.0096587366216299,UP
Acc8_hippocampus_ST_A_Ex,8,hippocampus,ST_A_Ex,GSE280382,gene_name,Nme4,NME4,0.6672882808945603,0.0096702949323969,UP
Acc8_hippocampus_ST_A_Ex,8,hippocampus,ST_A_Ex,GSE280382,gene_name,Znf41-ps,ZNF41-PS,-0.6510987243848253,0.0097127665377937,DOWN
Acc8_hippocampus_ST_A_Ex,8,hippocampus,ST_A_Ex,GSE280382,gene_name,Gm46287,GM46287,1.2996794194648775,0.0097304967129847,UP
Acc8_hippocampus_ST_A_Ex,8,hippocampus,ST_A_Ex,GSE280382,gene_name,Gm42067,GM42067,0.7939718863147281,0.0098432058406969,UP
Acc8_hippocampus_ST_A_Ex,8,hippocampus,ST_A_Ex,GSE280382,gene_name,Gm32960,GM32960,1.298589257724918,0.0098590631457271,UP
Acc8_hippocampus_ST_A_Ex,8,hippocampus,ST_A_Ex,GSE280382,gene_name,Gm51558,GM51558,1.5919667088163911,0.009979781696253,UP
Acc8_hippocampus_ST_A_Ex,8,hippocampus,ST_A_Ex,GSE280382,gene_name,4933426b08rik,4933426B08RIK,1.3399139844930172,0.010014626556852,UP
Acc8_hippocampus_ST_A_Ex,8,hippocampus,ST_A_Ex,GSE280382,gene_name,Bhlha9,BHLHA9,0.6888429074601752,0.0100544955778408,UP
Acc8_hippocampus_ST_A_Ex,8,hippocampus,ST_A_Ex,GSE280382,gene_name,Loc108168933,LOC108168933,-0.7535910233657027,0.0100709047421324,DOWN
Acc8_hippocampus_ST_A_Ex,8,hippocampus,ST_A_Ex,GSE280382,gene_name,Loc118567825,LOC118567825,2.1230225016543955,0.0100938686999035,UP
Acc8_hippocampus_ST_A_Ex,8,hippocampus,ST_A_Ex,GSE280382,gene_name,Gm31613,GM31613,1.7601235573802831,0.0101210650878483,UP
Acc8_hippocampus_ST_A_Ex,8,hippocampus,ST_A_Ex,GSE280382,gene_name,9130002k18rik,9130002K18RIK,-1.112182238262018,0.0101240536482802,DOWN
Acc8_hippocampus_ST_A_Ex,8,hippocampus,ST_A_Ex,GSE280382,gene_name,5730408k05rik,5730408K05RIK,0.8902135720815807,0.0101429423795162,UP
Acc8_hippocampus_ST_A_Ex,8,hippocampus,ST_A_Ex,GSE280382,gene_name,Loc118568394,LOC118568394,2.2148569111979133,0.0101687731367594,UP
Acc8_hippocampus_ST_A_Ex,8,hippocampus,ST_A_Ex,GSE280382,gene_name,Catspere1,CATSPERE1,1.6499089072003243,0.0104295230145076,UP
Acc8_hippocampus_ST_A_Ex,8,hippocampus,ST_A_Ex,GSE280382,gene_name,Gm41608,GM41608,0.8655836520580357,0.010484330979858,UP
Acc8_hippocampus_ST_A_Ex,8,hippocampus,ST_A_Ex,GSE280382,gene_name,Gm46810,GM46810,1.865520772560393,0.010523187629031,UP
Acc8_hippocampus_ST_A_Ex,8,hippocampus,ST_A_Ex,GSE280382,gene_name,Tmie,TMIE,0.5216251983123563,0.0106496129906607,UP
Acc8_hippocampus_ST_A_Ex,8,hippocampus,ST_A_Ex,GSE280382,gene_name,Gm36715,GM36715,1.5635402442045934,0.0107094003983893,UP
Acc8_hippocampus_ST_A_Ex,8,hippocampus,ST_A_Ex,GSE280382,gene_name,Gm9836,GM9836,-0.9361037273364996,0.0107094003983893,DOWN
Acc8_hippocampus_ST_A_Ex,8,hippocampus,ST_A_Ex,GSE280382,gene_name,Loc118568756,LOC118568756,1.4850709197020648,0.0107322926268569,UP
Acc8_hippocampus_ST_A_Ex,8,hippocampus,ST_A_Ex,GSE280382,gene_name,Gm32790,GM32790,0.5707229733550152,0.0108178175939055,UP
Acc8_hippocampus_ST_A_Ex,8,hippocampus,ST_A_Ex,GSE280382,gene_name,Pla2g2c,PLA2G2C,3.324829000657557,0.0108445654129051,UP
Acc8_hippocampus_ST_A_Ex,8,hippocampus,ST_A_Ex,GSE280382,gene_name,Gm35997,GM35997,3.892217976820685,0.0111436932089166,UP
Acc8_hippocampus_ST_A_Ex,8,hippocampus,ST_A_Ex,GSE280382,gene_name,Gm34865,GM34865,-1.816776377011175,0.0112600813008064,DOWN
Acc8_hippocampus_ST_A_Ex,8,hippocampus,ST_A_Ex,GSE280382,gene_name,Gm34232,GM34232,1.3037925206758538,0.011381916030739,UP
Acc8_hippocampus_ST_A_Ex,8,hippocampus,ST_A_Ex,GSE280382,gene_name,Cfap97d2,CFAP97D2,0.6213161525116402,0.0113997787446635,UP
Acc8_hippocampus_ST_A_Ex,8,hippocampus,ST_A_Ex,GSE280382,gene_name,Gm41096,GM41096,1.035672735592008,0.0114372320948997,UP
Acc8_hippocampus_ST_A_Ex,8,hippocampus,ST_A_Ex,GSE280382,gene_name,Emid1,EMID1,0.5163575931388132,0.0115321627971996,UP
Acc8_hippocampus_ST_A_Ex,8,hippocampus,ST_A_Ex,GSE280382,gene_name,1810044d09rik,1810044D09RIK,1.2462454412068884,0.0115513130768034,UP
Acc8_hippocampus_ST_A_Ex,8,hippocampus,ST_A_Ex,GSE280382,gene_name,Loc100861749,LOC100861749,-0.8404783019280692,0.0115739955375391,DOWN
Acc8_hippocampus_ST_A_Ex,8,hippocampus,ST_A_Ex,GSE280382,gene_name,Gm35908,GM35908,0.9979569837421596,0.0115853230615055,UP
Acc8_hippocampus_ST_A_Ex,8,hippocampus,ST_A_Ex,GSE280382,gene_name,Gm19412,GM19412,0.7991078291360159,0.0116930072599691,UP
Acc8_hippocampus_ST_A_Ex,8,hippocampus,ST_A_Ex,GSE280382,gene_name,Gm7429,GM7429,-1.0049325659535726,0.011707290193628,DOWN
Acc8_hippocampus_ST_A_Ex,8,hippocampus,ST_A_Ex,GSE280382,gene_name,C330018a13rik,C330018A13RIK,1.211025816063183,0.0117240880014784,UP
Acc8_hippocampus_ST_A_Ex,8,hippocampus,ST_A_Ex,GSE280382,gene_name,Gm27242,GM27242,1.6913067787632112,0.0117437857236957,UP
Acc8_hippocampus_ST_A_Ex,8,hippocampus,ST_A_Ex,GSE280382,gene_name,Nupr1,NUPR1,0.8964044676896337,0.0118269636778084,UP
Acc8_hippocampus_ST_A_Ex,8,hippocampus,ST_A_Ex,GSE280382,gene_name,Gm33413,GM33413,4.827985437796611,0.0118435620625823,UP
Acc8_hippocampus_ST_A_Ex,8,hippocampus,ST_A_Ex,GSE280382,gene_name,Loc118568019,LOC118568019,2.981821002581769,0.011907417590544,UP
Acc8_hippocampus_ST_A_Ex,8,hippocampus,ST_A_Ex,GSE280382,gene_name,Gm7334,GM7334,-1.121256864877652,0.0119971341861878,DOWN
Acc8_hippocampus_ST_A_Ex,8,hippocampus,ST_A_Ex,GSE280382,gene_name,Tent5a,TENT5A,-0.5668154989012278,0.0120564766496445,DOWN
Acc8_hippocampus_ST_A_Ex,8,hippocampus,ST_A_Ex,GSE280382,gene_name,Gm4926,GM4926,1.2762270135326166,0.01208996261537,UP
Acc8_hippocampus_ST_A_Ex,8,hippocampus,ST_A_Ex,GSE280382,gene_name,Xdh,XDH,0.7528235043562566,0.0121768068903954,UP
Acc8_hippocampus_ST_A_Ex,8,hippocampus,ST_A_Ex,GSE280382,gene_name,Kazald1,KAZALD1,0.5558167126417688,0.012219697663246,UP
Acc8_hippocampus_ST_A_Ex,8,hippocampus,ST_A_Ex,GSE280382,gene_name,Gm32497,GM32497,2.130917111156048,0.0122492067820349,UP
Acc8_hippocampus_ST_A_Ex,8,hippocampus,ST_A_Ex,GSE280382,gene_name,Tmem52,TMEM52,1.0037594411207746,0.0123115363981618,UP
Acc8_hippocampus_ST_A_Ex,8,hippocampus,ST_A_Ex,GSE280382,gene_name,Gm36855,GM36855,0.8726279373906842,0.0123540652345111,UP
Acc8_hippocampus_ST_A_Ex,8,hippocampus,ST_A_Ex,GSE280382,gene_name,4833438c02rik,4833438C02RIK,0.6718092667548375,0.0123547009261547,UP
Acc8_hippocampus_ST_A_Ex,8,hippocampus,ST_A_Ex,GSE280382,gene_name,Gm41920,GM41920,1.566865520422708,0.0124129336801582,UP
Acc8_hippocampus_ST_A_Ex,8,hippocampus,ST_A_Ex,GSE280382,gene_name,Nkx3-1,NKX3-1,0.6577817503504105,0.0124419885273164,UP
Acc8_hippocampus_ST_A_Ex,8,hippocampus,ST_A_Ex,GSE280382,gene_name,Spata9,SPATA9,-1.065696808150713,0.0124752709152631,DOWN
Acc8_hippocampus_ST_A_Ex,8,hippocampus,ST_A_Ex,GSE280382,gene_name,Gm10209,GM10209,1.41551332202234,0.012601892651478,UP
Acc8_hippocampus_ST_A_Ex,8,hippocampus,ST_A_Ex,GSE280382,gene_name,Rpl32l,RPL32L,-1.3918850936006093,0.0126041493640768,DOWN
Acc8_hippocampus_ST_A_Ex,8,hippocampus,ST_A_Ex,GSE280382,gene_name,Gm16364,GM16364,0.5645308382787668,0.0126836969314587,UP
Acc8_hippocampus_ST_A_Ex,8,hippocampus,ST_A_Ex,GSE280382,gene_name,Ccdc33,CCDC33,0.9771879184368222,0.0126988876915837,UP
Acc8_hippocampus_ST_A_Ex,8,hippocampus,ST_A_Ex,GSE280382,gene_name,Gm6109,GM6109,-1.1525703413932151,0.012704641976963,DOWN
Acc8_hippocampus_ST_A_Ex,8,hippocampus,ST_A_Ex,GSE280382,gene_name,Akip1,AKIP1,0.5167692808387659,0.0128325045979543,UP
Acc8_hippocampus_ST_A_Ex,8,hippocampus,ST_A_Ex,GSE280382,gene_name,Loc118567418,LOC118567418,1.6623942084894257,0.012849512602223,UP
Acc8_hippocampus_ST_A_Ex,8,hippocampus,ST_A_Ex,GSE280382,gene_name,Gm51886,GM51886,4.89486924650294,0.0129502025429192,UP
Acc8_hippocampus_ST_A_Ex,8,hippocampus,ST_A_Ex,GSE280382,gene_name,Macrod2os1,MACROD2OS1,3.128426060755869,0.0129615040466867,UP
Acc8_hippocampus_ST_A_Ex,8,hippocampus,ST_A_Ex,GSE280382,gene_name,Gm51770,GM51770,1.8611756730644748,0.0129627936952814,UP
Acc8_hippocampus_ST_A_Ex,8,hippocampus,ST_A_Ex,GSE280382,gene_name,Zbed6,ZBED6,1.2835396705764304,0.0130522512767413,UP
Acc8_hippocampus_ST_A_Ex,8,hippocampus,ST_A_Ex,GSE280382,gene_name,Loc118567447,LOC118567447,1.076847487638784,0.0131143622402636,UP
Acc8_hippocampus_ST_A_Ex,8,hippocampus,ST_A_Ex,GSE280382,gene_name,Loc118568526,LOC118568526,0.8636075146927411,0.0131144185815304,UP
Acc8_hippocampus_ST_A_Ex,8,hippocampus,ST_A_Ex,GSE280382,gene_name,Gm51897,GM51897,2.1108290210587697,0.0131607950280991,UP
Acc8_hippocampus_ST_A_Ex,8,hippocampus,ST_A_Ex,GSE280382,gene_name,1500026h17rik,1500026H17RIK,0.5954133472848542,0.0131984513227879,UP
Acc8_hippocampus_ST_A_Ex,8,hippocampus,ST_A_Ex,GSE280382,gene_name,Loc118568384,LOC118568384,1.2842895461890516,0.013227984371467,UP
Acc8_hippocampus_ST_A_Ex,8,hippocampus,ST_A_Ex,GSE280382,gene_name,Loc118567935,LOC118567935,2.480359719865794,0.0133024061100521,UP
Acc8_hippocampus_ST_A_Ex,8,hippocampus,ST_A_Ex,GSE280382,gene_name,Gm41018,GM41018,0.6107918531135406,0.0134420131746555,UP
Acc8_hippocampus_ST_A_Ex,8,hippocampus,ST_A_Ex,GSE280382,gene_name,Gm33727,GM33727,1.8474557801514029,0.0134859247023492,UP
Acc8_hippocampus_ST_A_Ex,8,hippocampus,ST_A_Ex,GSE280382,gene_name,Crip1,CRIP1,0.871253678535656,0.0134954496741766,UP
Acc8_hippocampus_ST_A_Ex,8,hippocampus,ST_A_Ex,GSE280382,gene_name,Gm26728,GM26728,0.7688901477375775,0.0135255512579901,UP
Acc8_hippocampus_ST_A_Ex,8,hippocampus,ST_A_Ex,GSE280382,gene_name,Gm14372,GM14372,0.5805755532833741,0.0135706541211676,UP
Acc8_hippocampus_ST_A_Ex,8,hippocampus,ST_A_Ex,GSE280382,gene_name,A630019i02rik,A630019I02RIK,2.419820733115427,0.0136143353746367,UP
Acc8_hippocampus_ST_A_Ex,8,hippocampus,ST_A_Ex,GSE280382,gene_name,Tmprss5,TMPRSS5,0.6889588768165953,0.013629371362341,UP
Acc8_hippocampus_ST_A_Ex,8,hippocampus,ST_A_Ex,GSE280382,gene_name,Gm40231,GM40231,1.6471451893424371,0.0136544664221017,UP
Acc8_hippocampus_ST_A_Ex,8,hippocampus,ST_A_Ex,GSE280382,gene_name,Gm36118,GM36118,0.6706449148603436,0.0138405142707398,UP
Acc8_hippocampus_ST_A_Ex,8,hippocampus,ST_A_Ex,GSE280382,gene_name,Prn,PRN,-1.1919883607636326,0.0138963362780357,DOWN
Acc8_hippocampus_ST_A_Ex,8,hippocampus,ST_A_Ex,GSE280382,gene_name,Serinc2,SERINC2,-0.58329367954862,0.0139261397536786,DOWN
Acc8_hippocampus_ST_A_Ex,8,hippocampus,ST_A_Ex,GSE280382,gene_name,Gm52506,GM52506,1.154689597699884,0.0139456066754045,UP
Acc8_hippocampus_ST_A_Ex,8,hippocampus,ST_A_Ex,GSE280382,gene_name,4931408d14rik,4931408D14RIK,1.433157993585371,0.0139668035507671,UP
Acc8_hippocampus_ST_A_Ex,8,hippocampus,ST_A_Ex,GSE280382,gene_name,Oprm1,OPRM1,1.8664027367646945,0.0139675581940658,UP
Acc8_hippocampus_ST_A_Ex,8,hippocampus,ST_A_Ex,GSE280382,gene_name,Polq,POLQ,0.8006373277525969,0.0139954391377607,UP
Acc8_hippocampus_ST_A_Ex,8,hippocampus,ST_A_Ex,GSE280382,gene_name,Gm46358,GM46358,0.6029976028875582,0.0140079110786416,UP
Acc8_hippocampus_ST_A_Ex,8,hippocampus,ST_A_Ex,GSE280382,gene_name,Lncppara,LNCPPARA,0.5190895969046954,0.0141657954156253,UP
Acc8_hippocampus_ST_A_Ex,8,hippocampus,ST_A_Ex,GSE280382,gene_name,B230206l02rik,B230206L02RIK,0.8889400830278624,0.0142198400063285,UP
Acc8_hippocampus_ST_A_Ex,8,hippocampus,ST_A_Ex,GSE280382,gene_name,Gm10840,GM10840,0.6139439933692633,0.0142321857554101,UP
Acc8_hippocampus_ST_A_Ex,8,hippocampus,ST_A_Ex,GSE280382,gene_name,Gm34861,GM34861,0.6497815171230882,0.0142735859228851,UP
Acc8_hippocampus_ST_A_Ex,8,hippocampus,ST_A_Ex,GSE280382,gene_name,Gm31513,GM31513,0.5548721456932215,0.014334859717321,UP
Acc8_hippocampus_ST_A_Ex,8,hippocampus,ST_A_Ex,GSE280382,gene_name,Tmem212,TMEM212,1.0519846060367075,0.0143751086987812,UP
Acc8_hippocampus_ST_A_Ex,8,hippocampus,ST_A_Ex,GSE280382,gene_name,Gm38514,GM38514,3.268324448413356,0.0144766737942962,UP
Acc8_hippocampus_ST_A_Ex,8,hippocampus,ST_A_Ex,GSE280382,gene_name,Sptbn5,SPTBN5,0.5465655982183687,0.0144787082232854,UP
Acc8_hippocampus_ST_A_Ex,8,hippocampus,ST_A_Ex,GSE280382,gene_name,Gm46899,GM46899,1.573700355559416,0.0145627040004517,UP
Acc8_hippocampus_ST_A_Ex,8,hippocampus,ST_A_Ex,GSE280382,gene_name,Fli1,FLI1,-0.5072469888692674,0.0146704495475365,DOWN
Acc8_hippocampus_ST_A_Ex,8,hippocampus,ST_A_Ex,GSE280382,gene_name,Gm16867,GM16867,0.5545338869290212,0.0146722946628785,UP
Acc8_hippocampus_ST_A_Ex,8,hippocampus,ST_A_Ex,GSE280382,gene_name,Fam111a,FAM111A,-0.6289610969629392,0.0147430728303306,DOWN
Acc8_hippocampus_ST_A_Ex,8,hippocampus,ST_A_Ex,GSE280382,gene_name,4930404h24rik,4930404H24RIK,1.3407009433721535,0.0147598408437275,UP
Acc8_hippocampus_ST_A_Ex,8,hippocampus,ST_A_Ex,GSE280382,gene_name,Notum,NOTUM,0.5003128154298256,0.0147953538594716,UP
Acc8_hippocampus_ST_A_Ex,8,hippocampus,ST_A_Ex,GSE280382,gene_name,Gm14569,GM14569,-0.5507016029699616,0.0149028799757396,DOWN
Acc8_hippocampus_ST_A_Ex,8,hippocampus,ST_A_Ex,GSE280382,gene_name,Vsig8,VSIG8,1.2391981126729397,0.0149196412791708,UP
Acc8_hippocampus_ST_A_Ex,8,hippocampus,ST_A_Ex,GSE280382,gene_name,Fam186b,FAM186B,0.6925716499531203,0.0150061842978789,UP
Acc8_hippocampus_ST_A_Ex,8,hippocampus,ST_A_Ex,GSE280382,gene_name,Gm26520,GM26520,2.427581295132931,0.015019460409669,UP
Acc8_hippocampus_ST_A_Ex,8,hippocampus,ST_A_Ex,GSE280382,gene_name,Gm52131,GM52131,1.7355065918911785,0.0151149698479552,UP
Acc8_hippocampus_ST_A_Ex,8,hippocampus,ST_A_Ex,GSE280382,gene_name,Loc118567782,LOC118567782,1.6732934340432617,0.0152025492004047,UP
Acc8_hippocampus_ST_A_Ex,8,hippocampus,ST_A_Ex,GSE280382,gene_name,Loc118568710,LOC118568710,0.661636103920315,0.0153447337761107,UP
Acc8_hippocampus_ST_A_Ex,8,hippocampus,ST_A_Ex,GSE280382,gene_name,3300002a11rik,3300002A11RIK,2.64516175614298,0.0153885746831387,UP
Acc8_hippocampus_ST_A_Ex,8,hippocampus,ST_A_Ex,GSE280382,gene_name,C030034l19rik,C030034L19RIK,1.3210631951769054,0.015468902861504,UP
Acc8_hippocampus_ST_A_Ex,8,hippocampus,ST_A_Ex,GSE280382,gene_name,Gm17501,GM17501,0.7222939571010968,0.0156193736029136,UP
Acc8_hippocampus_ST_A_Ex,8,hippocampus,ST_A_Ex,GSE280382,gene_name,Gm51535,GM51535,0.6242391933523879,0.0157947852826966,UP
Acc8_hippocampus_ST_A_Ex,8,hippocampus,ST_A_Ex,GSE280382,gene_name,Gm41414,GM41414,1.3105684536376894,0.0158597468043089,UP
Acc8_hippocampus_ST_A_Ex,8,hippocampus,ST_A_Ex,GSE280382,gene_name,Gm6568,GM6568,-1.587923539796111,0.0158812377816254,DOWN
Acc8_hippocampus_ST_A_Ex,8,hippocampus,ST_A_Ex,GSE280382,gene_name,4930579k19rik,4930579K19RIK,1.0302300450932602,0.0159087711733817,UP
Acc8_hippocampus_ST_A_Ex,8,hippocampus,ST_A_Ex,GSE280382,gene_name,Slc5a11,SLC5A11,0.9711887293543944,0.0159407189726826,UP
Acc8_hippocampus_ST_A_Ex,8,hippocampus,ST_A_Ex,GSE280382,gene_name,Gm6306,GM6306,1.0036324338986713,0.0159731881648904,UP
Acc8_hippocampus_ST_A_Ex,8,hippocampus,ST_A_Ex,GSE280382,gene_name,Gm31595,GM31595,1.316382215785216,0.0160567699754298,UP
Acc8_hippocampus_ST_A_Ex,8,hippocampus,ST_A_Ex,GSE280382,gene_name,Gm51891,GM51891,1.4410164210483605,0.0161226005655491,UP
Acc8_hippocampus_ST_A_Ex,8,hippocampus,ST_A_Ex,GSE280382,gene_name,Cenps,CENPS,0.6678468393981147,0.0161967336884727,UP
Acc8_hippocampus_ST_A_Ex,8,hippocampus,ST_A_Ex,GSE280382,gene_name,Gm46412,GM46412,2.347912957999822,0.0162895249402124,UP
Acc8_hippocampus_ST_A_Ex,8,hippocampus,ST_A_Ex,GSE280382,gene_name,Gm31262,GM31262,0.9768061643334194,0.0163477872769702,UP
Acc8_hippocampus_ST_A_Ex,8,hippocampus,ST_A_Ex,GSE280382,gene_name,Gm30149,GM30149,2.4149915283870755,0.0164236475440605,UP
Acc8_hippocampus_ST_A_Ex,8,hippocampus,ST_A_Ex,GSE280382,gene_name,Loc118568226,LOC118568226,0.957161343707394,0.0164677685670008,UP
Acc8_hippocampus_ST_A_Ex,8,hippocampus,ST_A_Ex,GSE280382,gene_name,Loc118568194,LOC118568194,3.3559427865983427,0.0168060103209465,UP
Acc8_hippocampus_ST_A_Ex,8,hippocampus,ST_A_Ex,GSE280382,gene_name,Fos,FOS,-1.383499891151606,0.0168797289682354,DOWN
Acc8_hippocampus_ST_A_Ex,8,hippocampus,ST_A_Ex,GSE280382,gene_name,Kcnv2,KCNV2,2.383891236294779,0.017050679890433,UP
Acc8_hippocampus_ST_A_Ex,8,hippocampus,ST_A_Ex,GSE280382,gene_name,Loc118567854,LOC118567854,2.479894816545959,0.017152115289307,UP
Acc8_hippocampus_ST_A_Ex,8,hippocampus,ST_A_Ex,GSE280382,gene_name,Gm34081,GM34081,1.1249746917374444,0.0171684344449154,UP
Acc8_hippocampus_ST_A_Ex,8,hippocampus,ST_A_Ex,GSE280382,gene_name,Gm15912,GM15912,0.766259772535296,0.0172675807101462,UP
Acc8_hippocampus_ST_A_Ex,8,hippocampus,ST_A_Ex,GSE280382,gene_name,Bfsp1,BFSP1,0.9229146500146286,0.0173401040862194,UP
Acc8_hippocampus_ST_A_Ex,8,hippocampus,ST_A_Ex,GSE280382,gene_name,Gbp9,GBP9,-0.57604087670845,0.0173678036054733,DOWN
Acc8_hippocampus_ST_A_Ex,8,hippocampus,ST_A_Ex,GSE280382,gene_name,Gm36127,GM36127,0.7792073093169425,0.0174664203892126,UP
Acc8_hippocampus_ST_A_Ex,8,hippocampus,ST_A_Ex,GSE280382,gene_name,Styxl1,STYXL1,1.272655049723783,0.0174725416330917,UP
Acc8_hippocampus_ST_A_Ex,8,hippocampus,ST_A_Ex,GSE280382,gene_name,Fcnaos,FCNAOS,1.2649873623484358,0.0175934987825544,UP
Acc8_hippocampus_ST_A_Ex,8,hippocampus,ST_A_Ex,GSE280382,gene_name,Ifit1,IFIT1,-1.0390419502826556,0.0177718856551135,DOWN
Acc8_hippocampus_ST_A_Ex,8,hippocampus,ST_A_Ex,GSE280382,gene_name,Adamts14,ADAMTS14,0.6860596724161034,0.0178270540141458,UP
Acc8_hippocampus_ST_A_Ex,8,hippocampus,ST_A_Ex,GSE280382,gene_name,Gm46265,GM46265,0.9892847470664792,0.0179584447747231,UP
Acc8_hippocampus_ST_A_Ex,8,hippocampus,ST_A_Ex,GSE280382,gene_name,Gm46928,GM46928,1.921426344168579,0.018121654343663,UP
Acc8_hippocampus_ST_A_Ex,8,hippocampus,ST_A_Ex,GSE280382,gene_name,Gm15627,GM15627,0.8969581539271135,0.018121654343663,UP
Acc8_hippocampus_ST_A_Ex,8,hippocampus,ST_A_Ex,GSE280382,gene_name,Gm30015,GM30015,5.193754902949749,0.0181618213010302,UP
Acc8_hippocampus_ST_A_Ex,8,hippocampus,ST_A_Ex,GSE280382,gene_name,Gm19835,GM19835,1.0327937450810971,0.0181749905053642,UP
Acc8_hippocampus_ST_A_Ex,8,hippocampus,ST_A_Ex,GSE280382,gene_name,Zfp286os,ZFP286OS,2.381846203729851,0.0181877171275194,UP
Acc8_hippocampus_ST_A_Ex,8,hippocampus,ST_A_Ex,GSE280382,gene_name,Loc118567598,LOC118567598,2.108573413258044,0.0181877171275194,UP
Acc8_hippocampus_ST_A_Ex,8,hippocampus,ST_A_Ex,GSE280382,gene_name,Gm36459,GM36459,1.688764830204821,0.0181877171275194,UP
Acc8_hippocampus_ST_A_Ex,8,hippocampus,ST_A_Ex,GSE280382,gene_name,9430078g10rik,9430078G10RIK,0.5295624893092072,0.0183092510015194,UP
Acc8_hippocampus_ST_A_Ex,8,hippocampus,ST_A_Ex,GSE280382,gene_name,Gm52629,GM52629,1.128783891305948,0.0183446500114058,UP
Acc8_hippocampus_ST_A_Ex,8,hippocampus,ST_A_Ex,GSE280382,gene_name,Gm52504,GM52504,1.9616236020162316,0.0183721267791367,UP
Acc8_hippocampus_ST_A_Ex,8,hippocampus,ST_A_Ex,GSE280382,gene_name,Gm41810,GM41810,0.5763416374122525,0.0183721267791367,UP
Acc8_hippocampus_ST_A_Ex,8,hippocampus,ST_A_Ex,GSE280382,gene_name,Gm32768,GM32768,1.0398183409853812,0.0184474209286006,UP
Acc8_hippocampus_ST_A_Ex,8,hippocampus,ST_A_Ex,GSE280382,gene_name,Gm31550,GM31550,-1.0371678370137871,0.0185886727026729,DOWN
Acc8_hippocampus_ST_A_Ex,8,hippocampus,ST_A_Ex,GSE280382,gene_name,Gm38678,GM38678,1.830601282799185,0.0187388309138416,UP
Acc8_hippocampus_ST_A_Ex,8,hippocampus,ST_A_Ex,GSE280382,gene_name,Gm31728,GM31728,0.8674195533241853,0.0189525405228512,UP
Acc8_hippocampus_ST_A_Ex,8,hippocampus,ST_A_Ex,GSE280382,gene_name,Wdr27,WDR27,0.5513362203559466,0.0189680682567452,UP
Acc8_hippocampus_ST_A_Ex,8,hippocampus,ST_A_Ex,GSE280382,gene_name,Gm30735,GM30735,3.4947165681093466,0.0189827065462247,UP
Acc8_hippocampus_ST_A_Ex,8,hippocampus,ST_A_Ex,GSE280382,gene_name,Ptrh1,PTRH1,0.5413548356041028,0.0189827065462247,UP
Acc8_hippocampus_ST_A_Ex,8,hippocampus,ST_A_Ex,GSE280382,gene_name,Gm51476,GM51476,3.826597010233978,0.0190319235775201,UP
Acc8_hippocampus_ST_A_Ex,8,hippocampus,ST_A_Ex,GSE280382,gene_name,Trim30a,TRIM30A,-0.5610896507511614,0.0190637684559456,DOWN
Acc8_hippocampus_ST_A_Ex,8,hippocampus,ST_A_Ex,GSE280382,gene_name,Gm51554,GM51554,1.5955729711286122,0.0191154108248882,UP
Acc8_hippocampus_ST_A_Ex,8,hippocampus,ST_A_Ex,GSE280382,gene_name,Gm34057,GM34057,1.0253243745536484,0.0191679127141547,UP
Acc8_hippocampus_ST_A_Ex,8,hippocampus,ST_A_Ex,GSE280382,gene_name,Gm31725,GM31725,1.5628837526842294,0.0191783480032666,UP
Acc8_hippocampus_ST_A_Ex,8,hippocampus,ST_A_Ex,GSE280382,gene_name,Acp4,ACP4,0.5783832661780858,0.0192266993299272,UP
Acc8_hippocampus_ST_A_Ex,8,hippocampus,ST_A_Ex,GSE280382,gene_name,1700024g13rik,1700024G13RIK,2.000880364949134,0.0192863132591612,UP
Acc8_hippocampus_ST_A_Ex,8,hippocampus,ST_A_Ex,GSE280382,gene_name,Zfp808,ZFP808,-0.5190809072617815,0.0193409345266632,DOWN
Acc8_hippocampus_ST_A_Ex,8,hippocampus,ST_A_Ex,GSE280382,gene_name,Gm34466,GM34466,0.6538853194514528,0.0193437469694522,UP
Acc8_hippocampus_ST_A_Ex,8,hippocampus,ST_A_Ex,GSE280382,gene_name,Supt4b,SUPT4B,-1.7914827853271795,0.0194155499788965,DOWN
Acc8_hippocampus_ST_A_Ex,8,hippocampus,ST_A_Ex,GSE280382,gene_name,Gm51419,GM51419,1.07528193030685,0.0194701207741951,UP
Acc8_hippocampus_ST_A_Ex,8,hippocampus,ST_A_Ex,GSE280382,gene_name,Apoa1,APOA1,1.7469351118007617,0.019486603686437,UP
Acc8_hippocampus_ST_A_Ex,8,hippocampus,ST_A_Ex,GSE280382,gene_name,Gm52866,GM52866,1.8393180732185384,0.0197917978534237,UP
Acc8_hippocampus_ST_A_Ex,8,hippocampus,ST_A_Ex,GSE280382,gene_name,Efcab10,EFCAB10,0.7917165982779747,0.0198300367796044,UP
Acc8_hippocampus_ST_A_Ex,8,hippocampus,ST_A_Ex,GSE280382,gene_name,Parp14,PARP14,-0.5623624994132448,0.0199368785123698,DOWN
Acc8_hippocampus_ST_A_Ex,8,hippocampus,ST_A_Ex,GSE280382,gene_name,Prph,PRPH,0.969084498623114,0.0199574773128906,UP
Acc8_hippocampus_ST_A_Ex,8,hippocampus,ST_A_Ex,GSE280382,gene_name,Cd99,CD99,-1.062673684055474,0.0199677571399893,DOWN
Acc8_hippocampus_ST_A_Ex,8,hippocampus,ST_A_Ex,GSE280382,gene_name,Pif1,PIF1,1.8747150003113728,0.0200155380624571,UP
Acc8_hippocampus_ST_A_Ex,8,hippocampus,ST_A_Ex,GSE280382,gene_name,Loc118567736,LOC118567736,0.8379347175058283,0.0201129950424915,UP
Acc8_hippocampus_ST_A_Ex,8,hippocampus,ST_A_Ex,GSE280382,gene_name,Gm36587,GM36587,1.828654953278256,0.0201589315206254,UP
Acc8_hippocampus_ST_A_Ex,8,hippocampus,ST_A_Ex,GSE280382,gene_name,Gm52294,GM52294,1.0555061603910527,0.0201713647037999,UP
Acc8_hippocampus_ST_A_Ex,8,hippocampus,ST_A_Ex,GSE280382,gene_name,Loc118567467,LOC118567467,1.251244665893773,0.0203184283459474,UP
Acc8_hippocampus_ST_A_Ex,8,hippocampus,ST_A_Ex,GSE280382,gene_name,Gm41590,GM41590,1.013996091185301,0.0203256006063145,UP
Acc8_hippocampus_ST_A_Ex,8,hippocampus,ST_A_Ex,GSE280382,gene_name,Loc118568596,LOC118568596,1.147207700839307,0.0204750749247528,UP
Acc8_hippocampus_ST_A_Ex,8,hippocampus,ST_A_Ex,GSE280382,gene_name,F630048h11rik,F630048H11RIK,0.5226856393669513,0.0204760982619094,UP
Acc8_hippocampus_ST_A_Ex,8,hippocampus,ST_A_Ex,GSE280382,gene_name,Loc118568563,LOC118568563,-1.1149370984012097,0.0204857458709607,DOWN
Acc8_hippocampus_ST_A_Ex,8,hippocampus,ST_A_Ex,GSE280382,gene_name,Anxa8,ANXA8,0.8137146052544774,0.0205556175759747,UP
Acc8_hippocampus_ST_A_Ex,8,hippocampus,ST_A_Ex,GSE280382,gene_name,Epcam,EPCAM,1.2151588406210954,0.0205820389282283,UP
Acc8_hippocampus_ST_A_Ex,8,hippocampus,ST_A_Ex,GSE280382,gene_name,Loc115486415,LOC115486415,-1.0605061481078668,0.0206123162384011,DOWN
Acc8_hippocampus_ST_A_Ex,8,hippocampus,ST_A_Ex,GSE280382,gene_name,Loc118567733,LOC118567733,0.6938572410282574,0.0206840366141554,UP
Acc8_hippocampus_ST_A_Ex,8,hippocampus,ST_A_Ex,GSE280382,gene_name,A730098a19rik,A730098A19RIK,0.5474696723857643,0.0207454902819942,UP
Acc8_hippocampus_ST_A_Ex,8,hippocampus,ST_A_Ex,GSE280382,gene_name,Fxyd2,FXYD2,0.6697997630761009,0.0208647069671599,UP
Acc8_hippocampus_ST_A_Ex,8,hippocampus,ST_A_Ex,GSE280382,gene_name,Gm41901,GM41901,1.178946343089042,0.0209662378537894,UP
Acc8_hippocampus_ST_A_Ex,8,hippocampus,ST_A_Ex,GSE280382,gene_name,C130026i21rik,C130026I21RIK,3.129994657180506,0.0211530763647105,UP
Acc8_hippocampus_ST_A_Ex,8,hippocampus,ST_A_Ex,GSE280382,gene_name,Gm29901,GM29901,1.5367827350989007,0.0211740109029703,UP
Acc8_hippocampus_ST_A_Ex,8,hippocampus,ST_A_Ex,GSE280382,gene_name,Traf3ip2,TRAF3IP2,0.6019522320831775,0.0212565155662657,UP
Acc8_hippocampus_ST_A_Ex,8,hippocampus,ST_A_Ex,GSE280382,gene_name,Gm40346,GM40346,0.7985465663446389,0.0212773165565744,UP
Acc8_hippocampus_ST_A_Ex,8,hippocampus,ST_A_Ex,GSE280382,gene_name,Gck,GCK,0.5884012031380114,0.0213096576753321,UP
Acc8_hippocampus_ST_A_Ex,8,hippocampus,ST_A_Ex,GSE280382,gene_name,Twist1,TWIST1,0.722295488555679,0.0213443934863037,UP
Acc8_hippocampus_ST_A_Ex,8,hippocampus,ST_A_Ex,GSE280382,gene_name,2310040g24rik,2310040G24RIK,1.1449456365532973,0.021384181686623,UP
Acc8_hippocampus_ST_A_Ex,8,hippocampus,ST_A_Ex,GSE280382,gene_name,Sox7,SOX7,-0.5441327170611542,0.0214498186795107,DOWN
Acc8_hippocampus_ST_A_Ex,8,hippocampus,ST_A_Ex,GSE280382,gene_name,Ifi44,IFI44,-1.171117607520595,0.0215280614587622,DOWN
Acc8_hippocampus_ST_A_Ex,8,hippocampus,ST_A_Ex,GSE280382,gene_name,Gm19500,GM19500,0.7377626354432895,0.0216146207372007,UP
Acc8_hippocampus_ST_A_Ex,8,hippocampus,ST_A_Ex,GSE280382,gene_name,Gm15478,GM15478,0.7183220962917547,0.022095215840641,UP
Acc8_hippocampus_ST_A_Ex,8,hippocampus,ST_A_Ex,GSE280382,gene_name,Gm39173,GM39173,1.53070815720835,0.0223356327012647,UP
Acc8_hippocampus_ST_A_Ex,8,hippocampus,ST_A_Ex,GSE280382,gene_name,Ung,UNG,0.5710275678494645,0.0225433342010995,UP
Acc8_hippocampus_ST_A_Ex,8,hippocampus,ST_A_Ex,GSE280382,gene_name,Gm11762,GM11762,0.6881896107083727,0.0226446261819705,UP
Acc8_hippocampus_ST_A_Ex,8,hippocampus,ST_A_Ex,GSE280382,gene_name,E2f7,E2F7,1.8742226180631,0.022672282089996,UP
Acc8_hippocampus_ST_A_Ex,8,hippocampus,ST_A_Ex,GSE280382,gene_name,Gm11532,GM11532,0.75128572112533,0.0227343953544028,UP
Acc8_hippocampus_ST_A_Ex,8,hippocampus,ST_A_Ex,GSE280382,gene_name,Gm26679,GM26679,0.798803616630728,0.0227417377620308,UP
Acc8_hippocampus_ST_A_Ex,8,hippocampus,ST_A_Ex,GSE280382,gene_name,Gm30233,GM30233,0.7973680324229726,0.0227976785558579,UP
Acc8_hippocampus_ST_A_Ex,8,hippocampus,ST_A_Ex,GSE280382,gene_name,Mei1,MEI1,0.5679664363105139,0.0228803387926362,UP
Acc8_hippocampus_ST_A_Ex,8,hippocampus,ST_A_Ex,GSE280382,gene_name,Gm30110,GM30110,0.8872572088736314,0.023001397099778,UP
Acc8_hippocampus_ST_A_Ex,8,hippocampus,ST_A_Ex,GSE280382,gene_name,Zfp781,ZFP781,-0.5504216487064191,0.0231149667729392,DOWN
Acc8_hippocampus_ST_A_Ex,8,hippocampus,ST_A_Ex,GSE280382,gene_name,Apobr,APOBR,0.5887475176265585,0.0231213588974638,UP
Acc8_hippocampus_ST_A_Ex,8,hippocampus,ST_A_Ex,GSE280382,gene_name,Loc118568038,LOC118568038,1.3193339046526145,0.0232516255410352,UP
Acc8_hippocampus_ST_A_Ex,8,hippocampus,ST_A_Ex,GSE280382,gene_name,Atf7ip2,ATF7IP2,3.5607291178897342,0.0233099840096196,UP
Acc8_hippocampus_ST_A_Ex,8,hippocampus,ST_A_Ex,GSE280382,gene_name,Fam166b,FAM166B,0.7663156467078264,0.0233130452718283,UP
Acc8_hippocampus_ST_A_Ex,8,hippocampus,ST_A_Ex,GSE280382,gene_name,Gm41352,GM41352,1.073555152752459,0.0233512759463373,UP
Acc8_hippocampus_ST_A_Ex,8,hippocampus,ST_A_Ex,GSE280382,gene_name,Gm32370,GM32370,1.2935798836643364,0.0235182597873727,UP
Acc8_hippocampus_ST_A_Ex,8,hippocampus,ST_A_Ex,GSE280382,gene_name,Gm33190,GM33190,0.7412009070934574,0.0235182597873727,UP
Acc8_hippocampus_ST_A_Ex,8,hippocampus,ST_A_Ex,GSE280382,gene_name,Fam174c,FAM174C,0.5105725015302324,0.0235927891625931,UP
Acc8_hippocampus_ST_A_Ex,8,hippocampus,ST_A_Ex,GSE280382,gene_name,Gm11592,GM11592,0.991410152782866,0.0238278872414309,UP
Acc8_hippocampus_ST_A_Ex,8,hippocampus,ST_A_Ex,GSE280382,gene_name,Ppil6,PPIL6,0.5008202447685914,0.0240436151888531,UP
Acc8_hippocampus_ST_A_Ex,8,hippocampus,ST_A_Ex,GSE280382,gene_name,Gm46367,GM46367,0.888549952015015,0.0243296110002929,UP
Acc8_hippocampus_ST_A_Ex,8,hippocampus,ST_A_Ex,GSE280382,gene_name,Gm19605,GM19605,0.7664574391548363,0.0244924403295756,UP
Acc8_hippocampus_ST_A_Ex,8,hippocampus,ST_A_Ex,GSE280382,gene_name,Loc118567609,LOC118567609,0.5573455649115653,0.0244924403295756,UP
Acc8_hippocampus_ST_A_Ex,8,hippocampus,ST_A_Ex,GSE280382,gene_name,Gm16796,GM16796,1.4700840919272296,0.0245460492208319,UP
Acc8_hippocampus_ST_A_Ex,8,hippocampus,ST_A_Ex,GSE280382,gene_name,Gm10382,GM10382,0.8616410155186207,0.0247456593105974,UP
Acc8_hippocampus_ST_A_Ex,8,hippocampus,ST_A_Ex,GSE280382,gene_name,Etaa1os,ETAA1OS,0.8382496144131574,0.0250230825092385,UP
Acc8_hippocampus_ST_A_Ex,8,hippocampus,ST_A_Ex,GSE280382,gene_name,Gpr160,GPR160,-0.5844517580892072,0.0250322191988235,DOWN
Acc8_hippocampus_ST_A_Ex,8,hippocampus,ST_A_Ex,GSE280382,gene_name,Gm39348,GM39348,0.8440743826084708,0.025091631949534,UP
Acc8_hippocampus_ST_A_Ex,8,hippocampus,ST_A_Ex,GSE280382,gene_name,Tmsb15b1,TMSB15B1,0.6959744797251399,0.0254027206933835,UP
Acc8_hippocampus_ST_A_Ex,8,hippocampus,ST_A_Ex,GSE280382,gene_name,Gm40055,GM40055,1.2256308212128588,0.025689552548488,UP
Acc8_hippocampus_ST_A_Ex,8,hippocampus,ST_A_Ex,GSE280382,gene_name,Tex47,TEX47,-1.3258292135736118,0.0259037240494087,DOWN
Acc8_hippocampus_ST_A_Ex,8,hippocampus,ST_A_Ex,GSE280382,gene_name,Gm32139,GM32139,0.8251124985785636,0.0259527932304002,UP
Acc8_hippocampus_ST_A_Ex,8,hippocampus,ST_A_Ex,GSE280382,gene_name,Gm32847,GM32847,-0.5155602814637492,0.026050220050399,DOWN
Acc8_hippocampus_ST_A_Ex,8,hippocampus,ST_A_Ex,GSE280382,gene_name,Zcwpw2,ZCWPW2,0.6173171858679666,0.026336072759102,UP
Acc8_hippocampus_ST_A_Ex,8,hippocampus,ST_A_Ex,GSE280382,gene_name,Loc118567375,LOC118567375,1.6438660411837631,0.0263599744424583,UP
Acc8_hippocampus_ST_A_Ex,8,hippocampus,ST_A_Ex,GSE280382,gene_name,Gm42456,GM42456,0.8628070403987462,0.0266495770639162,UP
Acc8_hippocampus_ST_A_Ex,8,hippocampus,ST_A_Ex,GSE280382,gene_name,Gm15337,GM15337,0.6942245637638916,0.0266685266114998,UP
Acc8_hippocampus_ST_A_Ex,8,hippocampus,ST_A_Ex,GSE280382,gene_name,Loc118568782,LOC118568782,0.6774464798645812,0.0267459322841551,UP
Acc8_hippocampus_ST_A_Ex,8,hippocampus,ST_A_Ex,GSE280382,gene_name,Abcg3,ABCG3,-0.8638993684504856,0.0269063950707276,DOWN
Acc8_hippocampus_ST_A_Ex,8,hippocampus,ST_A_Ex,GSE280382,gene_name,Gm3704,GM3704,0.610760718876047,0.0270543828152432,UP
Acc8_hippocampus_ST_A_Ex,8,hippocampus,ST_A_Ex,GSE280382,gene_name,Loc108169085,LOC108169085,1.5783352501869443,0.0270762273354037,UP
Acc8_hippocampus_ST_A_Ex,8,hippocampus,ST_A_Ex,GSE280382,gene_name,Tulp2,TULP2,1.0494052577587605,0.0270762273354037,UP
Acc8_hippocampus_ST_A_Ex,8,hippocampus,ST_A_Ex,GSE280382,gene_name,Gm33724,GM33724,4.042641355750642,0.0271788483342799,UP
Acc8_hippocampus_ST_A_Ex,8,hippocampus,ST_A_Ex,GSE280382,gene_name,Gimap9,GIMAP9,1.271438937665376,0.0271788483342799,UP
Acc8_hippocampus_ST_A_Ex,8,hippocampus,ST_A_Ex,GSE280382,gene_name,Gm32810,GM32810,0.7489695359657503,0.0272178975830581,UP
Acc8_hippocampus_ST_A_Ex,8,hippocampus,ST_A_Ex,GSE280382,gene_name,Gpr179,GPR179,0.9482870766745032,0.0272831207346585,UP
Acc8_hippocampus_ST_A_Ex,8,hippocampus,ST_A_Ex,GSE280382,gene_name,Gm34561,GM34561,2.2465378525215254,0.0273755018742316,UP
Acc8_hippocampus_ST_A_Ex,8,hippocampus,ST_A_Ex,GSE280382,gene_name,Gm27042,GM27042,-0.5246442815934924,0.0274162413602767,DOWN
Acc8_hippocampus_ST_A_Ex,8,hippocampus,ST_A_Ex,GSE280382,gene_name,2900009j06rik,2900009J06RIK,0.8343639901412203,0.0274749369563246,UP
Acc8_hippocampus_ST_A_Ex,8,hippocampus,ST_A_Ex,GSE280382,gene_name,Gm10030,GM10030,0.9282403515840532,0.0275414224392419,UP
Acc8_hippocampus_ST_A_Ex,8,hippocampus,ST_A_Ex,GSE280382,gene_name,Smc2os,SMC2OS,1.0411787229299725,0.027568929519012,UP
Acc8_hippocampus_ST_A_Ex,8,hippocampus,ST_A_Ex,GSE280382,gene_name,Loc118567402,LOC118567402,0.7848318032725163,0.0275950349652363,UP
Acc8_hippocampus_ST_A_Ex,8,hippocampus,ST_A_Ex,GSE280382,gene_name,Gm32309,GM32309,0.7692839268594215,0.0277499405286356,UP
Acc8_hippocampus_ST_A_Ex,8,hippocampus,ST_A_Ex,GSE280382,gene_name,Gm32234,GM32234,0.7034233284821578,0.0277499405286356,UP
Acc8_hippocampus_ST_A_Ex,8,hippocampus,ST_A_Ex,GSE280382,gene_name,Loc115488765,LOC115488765,1.2420226419141902,0.0279707892313805,UP
Acc8_hippocampus_ST_A_Ex,8,hippocampus,ST_A_Ex,GSE280382,gene_name,Hif3a,HIF3A,1.1007853250265454,0.0279721580973082,UP
Acc8_hippocampus_ST_A_Ex,8,hippocampus,ST_A_Ex,GSE280382,gene_name,Gm46202,GM46202,1.557959789211167,0.0279911765064475,UP
Acc8_hippocampus_ST_A_Ex,8,hippocampus,ST_A_Ex,GSE280382,gene_name,Loc118568383,LOC118568383,1.1640652522407129,0.0281115108534861,UP
Acc8_hippocampus_ST_A_Ex,8,hippocampus,ST_A_Ex,GSE280382,gene_name,Acy3,ACY3,0.5593152553864095,0.028169705864082,UP
Acc8_hippocampus_ST_A_Ex,8,hippocampus,ST_A_Ex,GSE280382,gene_name,Gm30575,GM30575,2.829268502851138,0.0282270520526062,UP
Acc8_hippocampus_ST_A_Ex,8,hippocampus,ST_A_Ex,GSE280382,gene_name,Loc118568268,LOC118568268,0.6394509951463534,0.0283470651594787,UP
Acc8_hippocampus_ST_A_Ex,8,hippocampus,ST_A_Ex,GSE280382,gene_name,Loc118567497,LOC118567497,0.9508960441464852,0.0291654971657842,UP
Acc8_hippocampus_ST_A_Ex,8,hippocampus,ST_A_Ex,GSE280382,gene_name,Gm6569,GM6569,0.6368313447654442,0.0291800006566965,UP
Acc8_hippocampus_ST_A_Ex,8,hippocampus,ST_A_Ex,GSE280382,gene_name,Erich2,ERICH2,1.1323387717138131,0.0293910008956473,UP
Acc8_hippocampus_ST_A_Ex,8,hippocampus,ST_A_Ex,GSE280382,gene_name,Gm15351,GM15351,0.6915948885154043,0.0295547325204122,UP
Acc8_hippocampus_ST_A_Ex,8,hippocampus,ST_A_Ex,GSE280382,gene_name,Loc115490443,LOC115490443,1.0289603974974932,0.0295603674348508,UP
Acc8_hippocampus_ST_A_Ex,8,hippocampus,ST_A_Ex,GSE280382,gene_name,Loc118567394,LOC118567394,1.074068781860298,0.0297965153314605,UP
Acc8_hippocampus_ST_A_Ex,8,hippocampus,ST_A_Ex,GSE280382,gene_name,Plk1,PLK1,-0.5076351023018502,0.0298069799418667,DOWN
Acc8_hippocampus_ST_A_Ex,8,hippocampus,ST_A_Ex,GSE280382,gene_name,Gm52724,GM52724,-1.5012005761673968,0.0300333389777019,DOWN
Acc8_hippocampus_ST_A_Ex,8,hippocampus,ST_A_Ex,GSE280382,gene_name,Opn4,OPN4,1.5775184624595875,0.0301352189420726,UP
Acc8_hippocampus_ST_A_Ex,8,hippocampus,ST_A_Ex,GSE280382,gene_name,Gm52285,GM52285,0.7035999214409997,0.0301650993754552,UP
Acc8_hippocampus_ST_A_Ex,8,hippocampus,ST_A_Ex,GSE280382,gene_name,Rgs13,RGS13,-0.7058579015717277,0.0301816848265202,DOWN
Acc8_hippocampus_ST_A_Ex,8,hippocampus,ST_A_Ex,GSE280382,gene_name,Zfp652os,ZFP652OS,0.5692631818193268,0.0302148484735536,UP
Acc8_hippocampus_ST_A_Ex,8,hippocampus,ST_A_Ex,GSE280382,gene_name,Gm39362,GM39362,1.4211449279619812,0.0303144357962022,UP
Acc8_hippocampus_ST_A_Ex,8,hippocampus,ST_A_Ex,GSE280382,gene_name,Loc118567821,LOC118567821,-1.1210710088103948,0.0303211821663282,DOWN
Acc8_hippocampus_ST_A_Ex,8,hippocampus,ST_A_Ex,GSE280382,gene_name,Gm30875,GM30875,0.8342572615528336,0.0303513572358246,UP
Acc8_hippocampus_ST_A_Ex,8,hippocampus,ST_A_Ex,GSE280382,gene_name,Nlrp1c-ps,NLRP1C-PS,2.2184526832516163,0.0304183897802033,UP
Acc8_hippocampus_ST_A_Ex,8,hippocampus,ST_A_Ex,GSE280382,gene_name,Gm30583,GM30583,0.8399534324641306,0.030433506641781,UP
Acc8_hippocampus_ST_A_Ex,8,hippocampus,ST_A_Ex,GSE280382,gene_name,Col13a1,COL13A1,1.0201112366935396,0.0304677621024021,UP
Acc8_hippocampus_ST_A_Ex,8,hippocampus,ST_A_Ex,GSE280382,gene_name,Gm40523,GM40523,1.281257312660384,0.0306824867947334,UP
Acc8_hippocampus_ST_A_Ex,8,hippocampus,ST_A_Ex,GSE280382,gene_name,Gm11750,GM11750,1.1137112138112384,0.030698171946658,UP
Acc8_hippocampus_ST_A_Ex,8,hippocampus,ST_A_Ex,GSE280382,gene_name,Gm46825,GM46825,0.9140264162582376,0.0309345398950223,UP
Acc8_hippocampus_ST_A_Ex,8,hippocampus,ST_A_Ex,GSE280382,gene_name,Gm31159,GM31159,0.740032536370491,0.0309816665736066,UP
Acc8_hippocampus_ST_A_Ex,8,hippocampus,ST_A_Ex,GSE280382,gene_name,Dancr,DANCR,0.5127634396052294,0.0310415535930026,UP
Acc8_hippocampus_ST_A_Ex,8,hippocampus,ST_A_Ex,GSE280382,gene_name,Gm46949,GM46949,2.460094283079109,0.0311037908670985,UP
Acc8_hippocampus_ST_A_Ex,8,hippocampus,ST_A_Ex,GSE280382,gene_name,Mamstr,MAMSTR,0.5139927417102885,0.0311689154390457,UP
Acc8_hippocampus_ST_A_Ex,8,hippocampus,ST_A_Ex,GSE280382,gene_name,Aa543186,AA543186,1.2930261380528818,0.0312374534670065,UP
Acc8_hippocampus_ST_A_Ex,8,hippocampus,ST_A_Ex,GSE280382,gene_name,Gm15545,GM15545,0.7783820755923461,0.0312959500063244,UP
Acc8_hippocampus_ST_A_Ex,8,hippocampus,ST_A_Ex,GSE280382,gene_name,Gm5088,GM5088,-0.9838682305437892,0.0312975418592984,DOWN
Acc8_hippocampus_ST_A_Ex,8,hippocampus,ST_A_Ex,GSE280382,gene_name,Gm36402,GM36402,1.2418909639928146,0.0313547560266055,UP
Acc8_hippocampus_ST_A_Ex,8,hippocampus,ST_A_Ex,GSE280382,gene_name,Loc118568130,LOC118568130,0.8698824724516927,0.0315902637252467,UP
Acc8_hippocampus_ST_A_Ex,8,hippocampus,ST_A_Ex,GSE280382,gene_name,Gm11872,GM11872,0.6668182117041851,0.031595340634903,UP
Acc8_hippocampus_ST_A_Ex,8,hippocampus,ST_A_Ex,GSE280382,gene_name,Loc115486880,LOC115486880,0.7059663154358634,0.0316181799402817,UP
Acc8_hippocampus_ST_A_Ex,8,hippocampus,ST_A_Ex,GSE280382,gene_name,Gabrr2,GABRR2,0.6584568518234016,0.0316181799402817,UP
Acc8_hippocampus_ST_A_Ex,8,hippocampus,ST_A_Ex,GSE280382,gene_name,Gm52059,GM52059,-0.501645507596076,0.0316719388619034,DOWN
Acc8_hippocampus_ST_A_Ex,8,hippocampus,ST_A_Ex,GSE280382,gene_name,Gm34872,GM34872,0.6852917045135952,0.0317140080360923,UP
Acc8_hippocampus_ST_A_Ex,8,hippocampus,ST_A_Ex,GSE280382,gene_name,Fosb,FOSB,-0.5532755052171409,0.0317785573127014,DOWN
Acc8_hippocampus_ST_A_Ex,8,hippocampus,ST_A_Ex,GSE280382,gene_name,Gm32980,GM32980,1.5529678217264065,0.0319358202665715,UP
Acc8_hippocampus_ST_A_Ex,8,hippocampus,ST_A_Ex,GSE280382,gene_name,Gm34321,GM34321,0.729316871030973,0.0320372208323923,UP
Acc8_hippocampus_ST_A_Ex,8,hippocampus,ST_A_Ex,GSE280382,gene_name,Gm36693,GM36693,1.1638414726229371,0.0321708572934467,UP
Acc8_hippocampus_ST_A_Ex,8,hippocampus,ST_A_Ex,GSE280382,gene_name,Gm34375,GM34375,1.080243159924529,0.032296698681324,UP
Acc8_hippocampus_ST_A_Ex,8,hippocampus,ST_A_Ex,GSE280382,gene_name,Gm31734,GM31734,0.9750843567456166,0.0323306902919576,UP
Acc8_hippocampus_ST_A_Ex,8,hippocampus,ST_A_Ex,GSE280382,gene_name,Gm35531,GM35531,0.7104986333485226,0.0323306902919576,UP
Acc8_hippocampus_ST_A_Ex,8,hippocampus,ST_A_Ex,GSE280382,gene_name,Eif4ebp1,EIF4EBP1,0.5222475652325947,0.0323306902919576,UP
Acc8_hippocampus_ST_A_Ex,8,hippocampus,ST_A_Ex,GSE280382,gene_name,A830052d11rik,A830052D11RIK,0.8465000629572963,0.0324228786786231,UP
Acc8_hippocampus_ST_A_Ex,8,hippocampus,ST_A_Ex,GSE280382,gene_name,Kif22,KIF22,0.8776171879130179,0.0326923486862966,UP
Acc8_hippocampus_ST_A_Ex,8,hippocampus,ST_A_Ex,GSE280382,gene_name,Gm46113,GM46113,0.7590727475880137,0.0327169928422281,UP
Acc8_hippocampus_ST_A_Ex,8,hippocampus,ST_A_Ex,GSE280382,gene_name,Drd2,DRD2,-0.5300150998649873,0.0328234788835048,DOWN
Acc8_hippocampus_ST_A_Ex,8,hippocampus,ST_A_Ex,GSE280382,gene_name,Gm41409,GM41409,2.4575913672566614,0.0328996483660458,UP
Acc8_hippocampus_ST_A_Ex,8,hippocampus,ST_A_Ex,GSE280382,gene_name,Gm12693,GM12693,-0.7938297283969715,0.0329559716912013,DOWN
Acc8_hippocampus_ST_A_Ex,8,hippocampus,ST_A_Ex,GSE280382,gene_name,Gm33159,GM33159,1.4045350338065126,0.0332425312544528,UP
Acc8_hippocampus_ST_A_Ex,8,hippocampus,ST_A_Ex,GSE280382,gene_name,Gm9234,GM9234,-0.9063012726745812,0.0332425312544528,DOWN
Acc8_hippocampus_ST_A_Ex,8,hippocampus,ST_A_Ex,GSE280382,gene_name,Gm34686,GM34686,0.5153492041514558,0.0332425312544528,UP
Acc8_hippocampus_ST_A_Ex,8,hippocampus,ST_A_Ex,GSE280382,gene_name,Cpn2,CPN2,3.638096597582507,0.0332909900452063,UP
Acc8_hippocampus_ST_A_Ex,8,hippocampus,ST_A_Ex,GSE280382,gene_name,Gm32335,GM32335,1.6746160595508215,0.033362453576527,UP
Acc8_hippocampus_ST_A_Ex,8,hippocampus,ST_A_Ex,GSE280382,gene_name,Gm46122,GM46122,1.2969173446668307,0.0335318988553849,UP
Acc8_hippocampus_ST_A_Ex,8,hippocampus,ST_A_Ex,GSE280382,gene_name,Gm36416,GM36416,1.8855829494677097,0.033709188672324,UP
Acc8_hippocampus_ST_A_Ex,8,hippocampus,ST_A_Ex,GSE280382,gene_name,Tubb2a-ps2,TUBB2A-PS2,-1.2104867048383643,0.0337365777817453,DOWN
Acc8_hippocampus_ST_A_Ex,8,hippocampus,ST_A_Ex,GSE280382,gene_name,Gm17039,GM17039,-0.9091083254655709,0.033788905884014,DOWN
Acc8_hippocampus_ST_A_Ex,8,hippocampus,ST_A_Ex,GSE280382,gene_name,Gm52213,GM52213,-0.7895786227313696,0.0339085477696327,DOWN
Acc8_hippocampus_ST_A_Ex,8,hippocampus,ST_A_Ex,GSE280382,gene_name,B430010i23rik,B430010I23RIK,2.461174221906374,0.0339882236304937,UP
Acc8_hippocampus_ST_A_Ex,8,hippocampus,ST_A_Ex,GSE280382,gene_name,Psors1c2,PSORS1C2,1.9626790308860127,0.0341729333663381,UP
Acc8_hippocampus_ST_A_Ex,8,hippocampus,ST_A_Ex,GSE280382,gene_name,Misp3,MISP3,1.4768454215698317,0.0341778668610328,UP
Acc8_hippocampus_ST_A_Ex,8,hippocampus,ST_A_Ex,GSE280382,gene_name,Gm34283,GM34283,1.5596706710786843,0.0342182811586912,UP
Acc8_hippocampus_ST_A_Ex,8,hippocampus,ST_A_Ex,GSE280382,gene_name,4933432i09rik,4933432I09RIK,-0.5825645246850524,0.0342490843472346,DOWN
Acc8_hippocampus_ST_A_Ex,8,hippocampus,ST_A_Ex,GSE280382,gene_name,Gm51782,GM51782,0.6744985888419659,0.0343587742274036,UP
Acc8_hippocampus_ST_A_Ex,8,hippocampus,ST_A_Ex,GSE280382,gene_name,Grp,GRP,0.5270548868924713,0.0344974899745692,UP
Acc8_hippocampus_ST_A_Ex,8,hippocampus,ST_A_Ex,GSE280382,gene_name,Gm40258,GM40258,1.6384003474334032,0.0347123033135211,UP
Acc8_hippocampus_ST_A_Ex,8,hippocampus,ST_A_Ex,GSE280382,gene_name,Ccl6,CCL6,0.5261558815596764,0.0347651304280361,UP
Acc8_hippocampus_ST_A_Ex,8,hippocampus,ST_A_Ex,GSE280382,gene_name,Gm31107,GM31107,1.1733284292419606,0.0348995731634307,UP
Acc8_hippocampus_ST_A_Ex,8,hippocampus,ST_A_Ex,GSE280382,gene_name,Loc118568702,LOC118568702,0.7229534638850106,0.0349773771881046,UP
Acc8_hippocampus_ST_A_Ex,8,hippocampus,ST_A_Ex,GSE280382,gene_name,Gm52818,GM52818,2.279370691371855,0.0350878199880313,UP
Acc8_hippocampus_ST_A_Ex,8,hippocampus,ST_A_Ex,GSE280382,gene_name,Gm8995,GM8995,-0.5220776550606104,0.035385135955288,DOWN
Acc8_hippocampus_ST_A_Ex,8,hippocampus,ST_A_Ex,GSE280382,gene_name,Loc118567562,LOC118567562,2.3850887437713757,0.0355066738886314,UP
Acc8_hippocampus_ST_A_Ex,8,hippocampus,ST_A_Ex,GSE280382,gene_name,C1qa,C1QA,0.5882819687601194,0.0355791396666941,UP
Acc8_hippocampus_ST_A_Ex,8,hippocampus,ST_A_Ex,GSE280382,gene_name,Fxyd1,FXYD1,0.5975556917612241,0.0356203995082571,UP
Acc8_hippocampus_ST_A_Ex,8,hippocampus,ST_A_Ex,GSE280382,gene_name,Gm39669,GM39669,1.0504204769001784,0.0357845032612687,UP
Acc8_hippocampus_ST_A_Ex,8,hippocampus,ST_A_Ex,GSE280382,gene_name,Gm35081,GM35081,0.9706877235956424,0.0358258583532887,UP
Acc8_hippocampus_ST_A_Ex,8,hippocampus,ST_A_Ex,GSE280382,gene_name,Gm51555,GM51555,2.2473822163845663,0.0359575944898573,UP
Acc8_hippocampus_ST_A_Ex,8,hippocampus,ST_A_Ex,GSE280382,gene_name,Gm39507,GM39507,1.5128593739367304,0.0363886999447847,UP
Acc8_hippocampus_ST_A_Ex,8,hippocampus,ST_A_Ex,GSE280382,gene_name,Gm51857,GM51857,0.99072728907819,0.0364488395106359,UP
Acc8_hippocampus_ST_A_Ex,8,hippocampus,ST_A_Ex,GSE280382,gene_name,0610042g04rik,0610042G04RIK,0.7591736369955379,0.0365375229364317,UP
Acc8_hippocampus_ST_A_Ex,8,hippocampus,ST_A_Ex,GSE280382,gene_name,Cacng6,CACNG6,0.5648208296922205,0.0366891280328792,UP
Acc8_hippocampus_ST_A_Ex,8,hippocampus,ST_A_Ex,GSE280382,gene_name,Gm12827,GM12827,1.4311766340027865,0.0367479008705739,UP
Acc8_hippocampus_ST_A_Ex,8,hippocampus,ST_A_Ex,GSE280382,gene_name,Loc118567597,LOC118567597,1.69188075959995,0.036760578105281,UP
Acc8_hippocampus_ST_A_Ex,8,hippocampus,ST_A_Ex,GSE280382,gene_name,Gm12743,GM12743,0.7237554625819512,0.036760578105281,UP
Acc8_hippocampus_ST_A_Ex,8,hippocampus,ST_A_Ex,GSE280382,gene_name,Spata32,SPATA32,0.6102007808981023,0.037113530325391,UP
Acc8_hippocampus_ST_A_Ex,8,hippocampus,ST_A_Ex,GSE280382,gene_name,Gm8615,GM8615,-1.0189882571481192,0.0371434488119537,DOWN
Acc8_hippocampus_ST_A_Ex,8,hippocampus,ST_A_Ex,GSE280382,gene_name,Gm51455,GM51455,-0.9959775569921224,0.0373470990109393,DOWN
Acc8_hippocampus_ST_A_Ex,8,hippocampus,ST_A_Ex,GSE280382,gene_name,Loc118568607,LOC118568607,-0.8812658888684216,0.0373810060029116,DOWN
Acc8_hippocampus_ST_A_Ex,8,hippocampus,ST_A_Ex,GSE280382,gene_name,Stra6l,STRA6L,1.8622329296166928,0.0374115662147608,UP
Acc8_hippocampus_ST_A_Ex,8,hippocampus,ST_A_Ex,GSE280382,gene_name,Gm36500,GM36500,0.5394475556331616,0.0374201418205939,UP
Acc8_hippocampus_ST_A_Ex,8,hippocampus,ST_A_Ex,GSE280382,gene_name,1700020a23rik,1700020A23RIK,1.6984516545298451,0.0374854824143559,UP
Acc8_hippocampus_ST_A_Ex,8,hippocampus,ST_A_Ex,GSE280382,gene_name,Daw1,DAW1,0.9384987114635944,0.0379437168717135,UP
Acc8_hippocampus_ST_A_Ex,8,hippocampus,ST_A_Ex,GSE280382,gene_name,Ctnna3,CTNNA3,0.9014731492290148,0.0380771868058815,UP
Acc8_hippocampus_ST_A_Ex,8,hippocampus,ST_A_Ex,GSE280382,gene_name,Gm41603,GM41603,1.2532928104435452,0.0381350885765955,UP
Acc8_hippocampus_ST_A_Ex,8,hippocampus,ST_A_Ex,GSE280382,gene_name,Gm39215,GM39215,0.9002360568353607,0.0383510829039032,UP
Acc8_hippocampus_ST_A_Ex,8,hippocampus,ST_A_Ex,GSE280382,gene_name,Loc118568293,LOC118568293,0.95440136178005,0.0388064839143182,UP
Acc8_hippocampus_ST_A_Ex,8,hippocampus,ST_A_Ex,GSE280382,gene_name,Bb218582,BB218582,0.8552981263338008,0.0389003599801647,UP
Acc8_hippocampus_ST_A_Ex,8,hippocampus,ST_A_Ex,GSE280382,gene_name,Gm2694,GM2694,0.778624642682337,0.0389361629085965,UP
Acc8_hippocampus_ST_A_Ex,8,hippocampus,ST_A_Ex,GSE280382,gene_name,Loc118568478,LOC118568478,2.415419075702174,0.0389820062242474,UP
Acc8_hippocampus_ST_A_Ex,8,hippocampus,ST_A_Ex,GSE280382,gene_name,Selenov,SELENOV,1.174314895397714,0.0391017505603993,UP
Acc8_hippocampus_ST_A_Ex,8,hippocampus,ST_A_Ex,GSE280382,gene_name,Gm52234,GM52234,1.1150413252204936,0.0393860822822259,UP
Acc8_hippocampus_ST_A_Ex,8,hippocampus,ST_A_Ex,GSE280382,gene_name,Gm3488,GM3488,-1.6963425080056798,0.039453322373801,DOWN
Acc8_hippocampus_ST_A_Ex,8,hippocampus,ST_A_Ex,GSE280382,gene_name,Kdm4d,KDM4D,0.6179484074211398,0.0396501405322791,UP
Acc8_hippocampus_ST_A_Ex,8,hippocampus,ST_A_Ex,GSE280382,gene_name,Zan,ZAN,0.6788911114673044,0.0396561243199704,UP
Acc8_hippocampus_ST_A_Ex,8,hippocampus,ST_A_Ex,GSE280382,gene_name,Loc115488625,LOC115488625,2.6874524175483283,0.0397082253284912,UP
Acc8_hippocampus_ST_A_Ex,8,hippocampus,ST_A_Ex,GSE280382,gene_name,Cfap99,CFAP99,0.6344256048486708,0.0397203615218864,UP
Acc8_hippocampus_ST_A_Ex,8,hippocampus,ST_A_Ex,GSE280382,gene_name,Gm11769,GM11769,0.6394378557046827,0.0397342696242981,UP
Acc8_hippocampus_ST_A_Ex,8,hippocampus,ST_A_Ex,GSE280382,gene_name,Gm6750,GM6750,-1.0828131743271825,0.0397508756165249,DOWN
Acc8_hippocampus_ST_A_Ex,8,hippocampus,ST_A_Ex,GSE280382,gene_name,Mmp25,MMP25,-0.6962062170714203,0.0399406171287984,DOWN
Acc8_hippocampus_ST_A_Ex,8,hippocampus,ST_A_Ex,GSE280382,gene_name,Gm14636,GM14636,1.5775328395810158,0.0400890981998765,UP
Acc8_hippocampus_ST_A_Ex,8,hippocampus,ST_A_Ex,GSE280382,gene_name,Zfp456,ZFP456,-0.6512312240855572,0.0400890981998765,DOWN
Acc8_hippocampus_ST_A_Ex,8,hippocampus,ST_A_Ex,GSE280382,gene_name,Gm42020,GM42020,1.3072827897715298,0.0402307998047807,UP
Acc8_hippocampus_ST_A_Ex,8,hippocampus,ST_A_Ex,GSE280382,gene_name,Loc118568212,LOC118568212,1.177887334683274,0.0402396365379608,UP
Acc8_hippocampus_ST_A_Ex,8,hippocampus,ST_A_Ex,GSE280382,gene_name,Nnat,NNAT,0.5087723586366566,0.0402940950984284,UP
Acc8_hippocampus_ST_A_Ex,8,hippocampus,ST_A_Ex,GSE280382,gene_name,Gm21119,GM21119,1.3462232860401364,0.0403452520066075,UP
Acc8_hippocampus_ST_A_Ex,8,hippocampus,ST_A_Ex,GSE280382,gene_name,4930405h06rik,4930405H06RIK,3.895882294751636,0.0403803913983158,UP
Acc8_hippocampus_ST_A_Ex,8,hippocampus,ST_A_Ex,GSE280382,gene_name,Dnah7a,DNAH7A,0.858691098386464,0.0403803913983158,UP
Acc8_hippocampus_ST_A_Ex,8,hippocampus,ST_A_Ex,GSE280382,gene_name,Ssc4d,SSC4D,0.8697893349202881,0.0404099843049836,UP
Acc8_hippocampus_ST_A_Ex,8,hippocampus,ST_A_Ex,GSE280382,gene_name,Gm39426,GM39426,2.514770444770526,0.0405145158370844,UP
Acc8_hippocampus_ST_A_Ex,8,hippocampus,ST_A_Ex,GSE280382,gene_name,Loc118567450,LOC118567450,1.7653359516112708,0.0406622170914796,UP
Acc8_hippocampus_ST_A_Ex,8,hippocampus,ST_A_Ex,GSE280382,gene_name,Fgf2os,FGF2OS,2.9697252602121305,0.0411024210400445,UP
Acc8_hippocampus_ST_A_Ex,8,hippocampus,ST_A_Ex,GSE280382,gene_name,Gm36129,GM36129,1.0709140866437912,0.0411483913379678,UP
Acc8_hippocampus_ST_A_Ex,8,hippocampus,ST_A_Ex,GSE280382,gene_name,Gm34110,GM34110,0.5218995014351944,0.0411483913379678,UP
Acc8_hippocampus_ST_A_Ex,8,hippocampus,ST_A_Ex,GSE280382,gene_name,Loc118567332,LOC118567332,1.6102433455359844,0.0412570864392186,UP
Acc8_hippocampus_ST_A_Ex,8,hippocampus,ST_A_Ex,GSE280382,gene_name,Gm32661,GM32661,0.6068118164251677,0.0413184944928697,UP
Acc8_hippocampus_ST_A_Ex,8,hippocampus,ST_A_Ex,GSE280382,gene_name,Gm46732,GM46732,0.9191548096618368,0.0413302874026126,UP
Acc8_hippocampus_ST_A_Ex,8,hippocampus,ST_A_Ex,GSE280382,gene_name,Meioc,MEIOC,-0.6041149354948254,0.0413474809960618,DOWN
Acc8_hippocampus_ST_A_Ex,8,hippocampus,ST_A_Ex,GSE280382,gene_name,Gm31370,GM31370,0.8008206286398016,0.041398424551056,UP
Acc8_hippocampus_ST_A_Ex,8,hippocampus,ST_A_Ex,GSE280382,gene_name,Gm40302,GM40302,0.6454153443101373,0.0416314094796697,UP
Acc8_hippocampus_ST_A_Ex,8,hippocampus,ST_A_Ex,GSE280382,gene_name,Ccdc78,CCDC78,0.8673863759091973,0.0416548293643566,UP
Acc8_hippocampus_ST_A_Ex,8,hippocampus,ST_A_Ex,GSE280382,gene_name,Gm38660,GM38660,3.326450017271857,0.0416772267394429,UP
Acc8_hippocampus_ST_A_Ex,8,hippocampus,ST_A_Ex,GSE280382,gene_name,Loc118568219,LOC118568219,2.4589074398068664,0.041696780911263,UP
Acc8_hippocampus_ST_A_Ex,8,hippocampus,ST_A_Ex,GSE280382,gene_name,2310075k07rik,2310075K07RIK,0.8643122303700559,0.041696780911263,UP
Acc8_hippocampus_ST_A_Ex,8,hippocampus,ST_A_Ex,GSE280382,gene_name,Gm31399,GM31399,2.293279608101726,0.0417356774477136,UP
Acc8_hippocampus_ST_A_Ex,8,hippocampus,ST_A_Ex,GSE280382,gene_name,Twist2,TWIST2,0.5146436803690579,0.0420641649711596,UP
Acc8_hippocampus_ST_A_Ex,8,hippocampus,ST_A_Ex,GSE280382,gene_name,Gm51811,GM51811,0.7886892275743796,0.0423211363449259,UP
Acc8_hippocampus_ST_A_Ex,8,hippocampus,ST_A_Ex,GSE280382,gene_name,Gm30122,GM30122,-0.523926644636837,0.0426188415670847,DOWN
Acc8_hippocampus_ST_A_Ex,8,hippocampus,ST_A_Ex,GSE280382,gene_name,Capsl,CAPSL,0.5795219456476177,0.0427214157389899,UP
Acc8_hippocampus_ST_A_Ex,8,hippocampus,ST_A_Ex,GSE280382,gene_name,Pram1,PRAM1,0.5001029841105928,0.0427840342417751,UP
Acc8_hippocampus_ST_A_Ex,8,hippocampus,ST_A_Ex,GSE280382,gene_name,Gm38785,GM38785,0.9818278129036746,0.0429061138262014,UP
Acc8_hippocampus_ST_A_Ex,8,hippocampus,ST_A_Ex,GSE280382,gene_name,Loc118567885,LOC118567885,1.482400409526272,0.0431250572928292,UP
Acc8_hippocampus_ST_A_Ex,8,hippocampus,ST_A_Ex,GSE280382,gene_name,Gm52529,GM52529,1.12904582727292,0.0431360372846715,UP
Acc8_hippocampus_ST_A_Ex,8,hippocampus,ST_A_Ex,GSE280382,gene_name,Cd93,CD93,-0.5045585530680914,0.043162647068508,DOWN
Acc8_hippocampus_ST_A_Ex,8,hippocampus,ST_A_Ex,GSE280382,gene_name,Mtag2,MTAG2,0.801548772056378,0.0432809508684565,UP
Acc8_hippocampus_ST_A_Ex,8,hippocampus,ST_A_Ex,GSE280382,gene_name,Gm39090,GM39090,0.8002556213906092,0.0435132046270001,UP
Acc8_hippocampus_ST_A_Ex,8,hippocampus,ST_A_Ex,GSE280382,gene_name,Uchl1os,UCHL1OS,1.8425164488264212,0.0438942036898354,UP
Acc8_hippocampus_ST_A_Ex,8,hippocampus,ST_A_Ex,GSE280382,gene_name,Gm27151,GM27151,0.541884815778706,0.0440046525457809,UP
Acc8_hippocampus_ST_A_Ex,8,hippocampus,ST_A_Ex,GSE280382,gene_name,Loc118568085,LOC118568085,1.139518500819815,0.0443872913774082,UP
Acc8_hippocampus_ST_A_Ex,8,hippocampus,ST_A_Ex,GSE280382,gene_name,Gm32509,GM32509,1.3423144230476327,0.0444168758658703,UP
Acc8_hippocampus_ST_A_Ex,8,hippocampus,ST_A_Ex,GSE280382,gene_name,Gm52009,GM52009,0.8137932066359645,0.0449487291413062,UP
Acc8_hippocampus_ST_A_Ex,8,hippocampus,ST_A_Ex,GSE280382,gene_name,A330070k13rik,A330070K13RIK,0.9336757843934343,0.0454480148018239,UP
Acc8_hippocampus_ST_A_Ex,8,hippocampus,ST_A_Ex,GSE280382,gene_name,Gm36077,GM36077,1.5878109516391783,0.0455808653887697,UP
Acc8_hippocampus_ST_A_Ex,8,hippocampus,ST_A_Ex,GSE280382,gene_name,Zbp1,ZBP1,-1.1789291043875398,0.0455874338103275,DOWN
Acc8_hippocampus_ST_A_Ex,8,hippocampus,ST_A_Ex,GSE280382,gene_name,Gm28609,GM28609,1.8830079519936351,0.0457944666574236,UP
Acc8_hippocampus_ST_A_Ex,8,hippocampus,ST_A_Ex,GSE280382,gene_name,Msx3,MSX3,1.6305449345801757,0.0459329428156747,UP
Acc8_hippocampus_ST_A_Ex,8,hippocampus,ST_A_Ex,GSE280382,gene_name,Gm15918,GM15918,0.9061238870446422,0.0459591780856599,UP
Acc8_hippocampus_ST_A_Ex,8,hippocampus,ST_A_Ex,GSE280382,gene_name,Gm38501,GM38501,1.594089613787739,0.0459859594061225,UP
Acc8_hippocampus_ST_A_Ex,8,hippocampus,ST_A_Ex,GSE280382,gene_name,Fam205a1,FAM205A1,0.7761644970528229,0.0463010917520553,UP
Acc8_hippocampus_ST_A_Ex,8,hippocampus,ST_A_Ex,GSE280382,gene_name,Gm39443,GM39443,1.618500917272265,0.0465311479280865,UP
Acc8_hippocampus_ST_A_Ex,8,hippocampus,ST_A_Ex,GSE280382,gene_name,Csl,CSL,-1.2593801434548102,0.0469142904436789,DOWN
Acc8_hippocampus_ST_A_Ex,8,hippocampus,ST_A_Ex,GSE280382,gene_name,4930404n11rik,4930404N11RIK,-0.9395403754796088,0.0470117396974173,DOWN
Acc8_hippocampus_ST_A_Ex,8,hippocampus,ST_A_Ex,GSE280382,gene_name,Ai506816,AI506816,4.253782048500547,0.0470617973422033,UP
Acc8_hippocampus_ST_A_Ex,8,hippocampus,ST_A_Ex,GSE280382,gene_name,Apoc1,APOC1,1.0335411103974268,0.0472229867693886,UP
Acc8_hippocampus_ST_A_Ex,8,hippocampus,ST_A_Ex,GSE280382,gene_name,Loc118567643,LOC118567643,0.6181760424750551,0.0472229867693886,UP
Acc8_hippocampus_ST_A_Ex,8,hippocampus,ST_A_Ex,GSE280382,gene_name,Gm33585,GM33585,1.3356200960564903,0.0472811690040354,UP
Acc8_hippocampus_ST_A_Ex,8,hippocampus,ST_A_Ex,GSE280382,gene_name,Gm12326,GM12326,0.8918751495692394,0.0473631858330914,UP
Acc8_hippocampus_ST_A_Ex,8,hippocampus,ST_A_Ex,GSE280382,gene_name,Gm17344,GM17344,0.948673406366297,0.047899593895957,UP
Acc8_hippocampus_ST_A_Ex,8,hippocampus,ST_A_Ex,GSE280382,gene_name,Gm52316,GM52316,0.7313401691893375,0.0480340438936643,UP
Acc8_hippocampus_ST_A_Ex,8,hippocampus,ST_A_Ex,GSE280382,gene_name,Gm46809,GM46809,0.8977274249912532,0.0481777687101454,UP
Acc8_hippocampus_ST_A_Ex,8,hippocampus,ST_A_Ex,GSE280382,gene_name,Ly6g6d,LY6G6D,0.7756140321246212,0.0483104943420304,UP
Acc8_hippocampus_ST_A_Ex,8,hippocampus,ST_A_Ex,GSE280382,gene_name,Gm41039,GM41039,-1.2771818936476138,0.0484924015282556,DOWN
Acc8_hippocampus_ST_A_Ex,8,hippocampus,ST_A_Ex,GSE280382,gene_name,Gm15772,GM15772,-0.5591207792420214,0.0486413635849077,DOWN
Acc8_hippocampus_ST_A_Ex,8,hippocampus,ST_A_Ex,GSE280382,gene_name,Bdkrb2,BDKRB2,0.7635149129016828,0.0487497062245137,UP
Acc8_hippocampus_ST_A_Ex,8,hippocampus,ST_A_Ex,GSE280382,gene_name,Gm35782,GM35782,0.6439736493926962,0.0489194325628892,UP
Acc8_hippocampus_ST_A_Ex,8,hippocampus,ST_A_Ex,GSE280382,gene_name,Gm41609,GM41609,1.786647446669889,0.0492470023181804,UP
Acc8_hippocampus_ST_A_Ex,8,hippocampus,ST_A_Ex,GSE280382,gene_name,Kif15,KIF15,0.7972220903091792,0.0493293668075738,UP
Acc8_hippocampus_ST_A_Ex,8,hippocampus,ST_A_Ex,GSE280382,gene_name,Med9os,MED9OS,0.905430715413556,0.0495102453123819,UP
Acc8_hippocampus_ST_A_Ex,8,hippocampus,ST_A_Ex,GSE280382,gene_name,Gm51702,GM51702,1.8586053806963512,0.0495619338216239,UP
Acc8_hippocampus_ST_A_Ex,8,hippocampus,ST_A_Ex,GSE280382,gene_name,Hsd3b3,HSD3B3,1.2039734725992874,0.0496868348664973,UP
Acc8_hippocampus_ST_A_Ex,8,hippocampus,ST_A_Ex,GSE280382,gene_name,Gm41114,GM41114,1.7464556419137829,0.0499284060782144,UP
Acc8_hippocampus_ST_A_Ex_KD,8,hippocampus,ST_A_Ex_KD,GSE280382,gene_name,Rps21,RPS21,1.1546040431468223,1.6930745799098843e-78,UP
Acc8_hippocampus_ST_A_Ex_KD,8,hippocampus,ST_A_Ex_KD,GSE280382,gene_name,Fus,FUS,0.8767238820179598,8.245062804548855e-33,UP
Acc8_hippocampus_ST_A_Ex_KD,8,hippocampus,ST_A_Ex_KD,GSE280382,gene_name,Rpl35a,RPL35A,1.0621272032325924,2.4785593300453237e-29,UP
Acc8_hippocampus_ST_A_Ex_KD,8,hippocampus,ST_A_Ex_KD,GSE280382,gene_name,Tceal6,TCEAL6,0.9118738396851052,5.647522029249645e-27,UP
Acc8_hippocampus_ST_A_Ex_KD,8,hippocampus,ST_A_Ex_KD,GSE280382,gene_name,Ndufa5,NDUFA5,0.8120672777111116,7.546224380387929e-26,UP
Acc8_hippocampus_ST_A_Ex_KD,8,hippocampus,ST_A_Ex_KD,GSE280382,gene_name,Tceal5,TCEAL5,1.231756652462117,4.567566743654873e-25,UP
Acc8_hippocampus_ST_A_Ex_KD,8,hippocampus,ST_A_Ex_KD,GSE280382,gene_name,Rpl36a,RPL36A,1.1094455236834977,6.767734054854315e-25,UP
Acc8_hippocampus_ST_A_Ex_KD,8,hippocampus,ST_A_Ex_KD,GSE280382,gene_name,Rpl23,RPL23,0.7592195957514363,8.927799796480776e-25,UP
Acc8_hippocampus_ST_A_Ex_KD,8,hippocampus,ST_A_Ex_KD,GSE280382,gene_name,Dtd1,DTD1,0.5530254441824808,8.927799796480776e-25,UP
Acc8_hippocampus_ST_A_Ex_KD,8,hippocampus,ST_A_Ex_KD,GSE280382,gene_name,Tceal3,TCEAL3,0.8411827219190805,2.4816984191726235e-24,UP
Acc8_hippocampus_ST_A_Ex_KD,8,hippocampus,ST_A_Ex_KD,GSE280382,gene_name,Taf15,TAF15,0.7937587775439774,2.559719740081781e-23,UP
Acc8_hippocampus_ST_A_Ex_KD,8,hippocampus,ST_A_Ex_KD,GSE280382,gene_name,Mrps18c,MRPS18C,0.9342016495512347,6.088288642928457e-23,UP
Acc8_hippocampus_ST_A_Ex_KD,8,hippocampus,ST_A_Ex_KD,GSE280382,gene_name,Rpl21,RPL21,0.6345211619015142,7.0797684248999265e-22,UP
Acc8_hippocampus_ST_A_Ex_KD,8,hippocampus,ST_A_Ex_KD,GSE280382,gene_name,Hnrnpa1,HNRNPA1,0.716773445083067,1.350864392132537e-21,UP
Acc8_hippocampus_ST_A_Ex_KD,8,hippocampus,ST_A_Ex_KD,GSE280382,gene_name,Snrpf,SNRPF,1.1810956742749783,1.813826488355521e-21,UP
Acc8_hippocampus_ST_A_Ex_KD,8,hippocampus,ST_A_Ex_KD,GSE280382,gene_name,Cops9,COPS9,1.053879864515369,1.813826488355521e-21,UP
Acc8_hippocampus_ST_A_Ex_KD,8,hippocampus,ST_A_Ex_KD,GSE280382,gene_name,Cfl1,CFL1,0.6514985041530905,1.813826488355521e-21,UP
Acc8_hippocampus_ST_A_Ex_KD,8,hippocampus,ST_A_Ex_KD,GSE280382,gene_name,Lsm7,LSM7,1.0824506478461888,1.865562127203293e-21,UP
Acc8_hippocampus_ST_A_Ex_KD,8,hippocampus,ST_A_Ex_KD,GSE280382,gene_name,Rps15,RPS15,0.690454565460462,4.304589426627624e-21,UP
Acc8_hippocampus_ST_A_Ex_KD,8,hippocampus,ST_A_Ex_KD,GSE280382,gene_name,Rpl38,RPL38,1.0885656170673668,2.2404095717375996e-20,UP
Acc8_hippocampus_ST_A_Ex_KD,8,hippocampus,ST_A_Ex_KD,GSE280382,gene_name,Rpl37a,RPL37A,0.6555823451077117,2.2404095717375996e-20,UP
Acc8_hippocampus_ST_A_Ex_KD,8,hippocampus,ST_A_Ex_KD,GSE280382,gene_name,Ndufs5,NDUFS5,0.739190259291706,4.06432878572353e-20,UP
Acc8_hippocampus_ST_A_Ex_KD,8,hippocampus,ST_A_Ex_KD,GSE280382,gene_name,Cox5b,COX5B,1.1801774921152242,9.624781037370232e-20,UP
Acc8_hippocampus_ST_A_Ex_KD,8,hippocampus,ST_A_Ex_KD,GSE280382,gene_name,Swi5,SWI5,0.743610862144484,1.9874678810665761e-19,UP
Acc8_hippocampus_ST_A_Ex_KD,8,hippocampus,ST_A_Ex_KD,GSE280382,gene_name,Pin4,PIN4,0.9140395429643564,2.7823969561602216e-19,UP
Acc8_hippocampus_ST_A_Ex_KD,8,hippocampus,ST_A_Ex_KD,GSE280382,gene_name,Gas5,GAS5,0.7578239273178194,6.576547948533015e-19,UP
Acc8_hippocampus_ST_A_Ex_KD,8,hippocampus,ST_A_Ex_KD,GSE280382,gene_name,Drap1,DRAP1,0.7129931899580505,1.1049329404935777e-18,UP
Acc8_hippocampus_ST_A_Ex_KD,8,hippocampus,ST_A_Ex_KD,GSE280382,gene_name,Bex1,BEX1,0.7828644593239912,1.5775384824426816e-18,UP
Acc8_hippocampus_ST_A_Ex_KD,8,hippocampus,ST_A_Ex_KD,GSE280382,gene_name,Ndufb9,NDUFB9,0.7010382107907178,3.2168247529243936e-18,UP
Acc8_hippocampus_ST_A_Ex_KD,8,hippocampus,ST_A_Ex_KD,GSE280382,gene_name,Rpl36,RPL36,0.7386448030567905,3.565389243787236e-18,UP
Acc8_hippocampus_ST_A_Ex_KD,8,hippocampus,ST_A_Ex_KD,GSE280382,gene_name,Fis1,FIS1,0.6342483285153291,3.565389243787236e-18,UP
Acc8_hippocampus_ST_A_Ex_KD,8,hippocampus,ST_A_Ex_KD,GSE280382,gene_name,Rpl36al,RPL36AL,0.7660003734242825,5.103199158538257e-18,UP
Acc8_hippocampus_ST_A_Ex_KD,8,hippocampus,ST_A_Ex_KD,GSE280382,gene_name,Pet100,PET100,0.9669308718014712,6.543623352392667e-18,UP
Acc8_hippocampus_ST_A_Ex_KD,8,hippocampus,ST_A_Ex_KD,GSE280382,gene_name,Rpl37,RPL37,0.7651846543323172,6.543623352392667e-18,UP
Acc8_hippocampus_ST_A_Ex_KD,8,hippocampus,ST_A_Ex_KD,GSE280382,gene_name,Anapc13,ANAPC13,0.9770373947063802,1.4148017256180682e-17,UP
Acc8_hippocampus_ST_A_Ex_KD,8,hippocampus,ST_A_Ex_KD,GSE280382,gene_name,Micos13,MICOS13,0.8690155898794152,1.4861005403201178e-17,UP
Acc8_hippocampus_ST_A_Ex_KD,8,hippocampus,ST_A_Ex_KD,GSE280382,gene_name,Ndufa13,NDUFA13,0.7297703465449819,3.267144372944804e-17,UP
Acc8_hippocampus_ST_A_Ex_KD,8,hippocampus,ST_A_Ex_KD,GSE280382,gene_name,Atp5h,ATP5H,0.5451822645917196,4.53590508860775e-17,UP
Acc8_hippocampus_ST_A_Ex_KD,8,hippocampus,ST_A_Ex_KD,GSE280382,gene_name,Atp5j2,ATP5J2,0.7454019468968897,5.727310899608984e-17,UP
Acc8_hippocampus_ST_A_Ex_KD,8,hippocampus,ST_A_Ex_KD,GSE280382,gene_name,Ndufs6,NDUFS6,1.003487231291352,9.49245056320427e-17,UP
Acc8_hippocampus_ST_A_Ex_KD,8,hippocampus,ST_A_Ex_KD,GSE280382,gene_name,Pabpn1,PABPN1,0.7608232193457988,1.97325979037614e-16,UP
Acc8_hippocampus_ST_A_Ex_KD,8,hippocampus,ST_A_Ex_KD,GSE280382,gene_name,Pdap1,PDAP1,0.8063930783385302,1.9803314829192862e-16,UP
Acc8_hippocampus_ST_A_Ex_KD,8,hippocampus,ST_A_Ex_KD,GSE280382,gene_name,Ndufb3,NDUFB3,0.9041518180950342,3.6878700487032194e-16,UP
Acc8_hippocampus_ST_A_Ex_KD,8,hippocampus,ST_A_Ex_KD,GSE280382,gene_name,Slc25a4,SLC25A4,0.5278412270475146,3.92167150932358e-16,UP
Acc8_hippocampus_ST_A_Ex_KD,8,hippocampus,ST_A_Ex_KD,GSE280382,gene_name,Atp5mpl,ATP5MPL,0.918058858886189,1.1996350941114265e-15,UP
Acc8_hippocampus_ST_A_Ex_KD,8,hippocampus,ST_A_Ex_KD,GSE280382,gene_name,Myl6,MYL6,0.8113772382970127,1.254635229148282e-15,UP
Acc8_hippocampus_ST_A_Ex_KD,8,hippocampus,ST_A_Ex_KD,GSE280382,gene_name,Rps29,RPS29,0.9588653569245044,2.2416555315423614e-15,UP
Acc8_hippocampus_ST_A_Ex_KD,8,hippocampus,ST_A_Ex_KD,GSE280382,gene_name,Gng13,GNG13,1.2861473669653138,2.382800533138947e-15,UP
Acc8_hippocampus_ST_A_Ex_KD,8,hippocampus,ST_A_Ex_KD,GSE280382,gene_name,Mt3,MT3,1.2898398340994126,3.3677350820923288e-15,UP
Acc8_hippocampus_ST_A_Ex_KD,8,hippocampus,ST_A_Ex_KD,GSE280382,gene_name,Rps28,RPS28,0.9454949861839684,4.465738217269597e-15,UP
Acc8_hippocampus_ST_A_Ex_KD,8,hippocampus,ST_A_Ex_KD,GSE280382,gene_name,Nt5c,NT5C,0.7531637188032229,5.561205111455028e-15,UP
Acc8_hippocampus_ST_A_Ex_KD,8,hippocampus,ST_A_Ex_KD,GSE280382,gene_name,Mea1,MEA1,0.9211682749548776,1.2416598915927175e-14,UP
Acc8_hippocampus_ST_A_Ex_KD,8,hippocampus,ST_A_Ex_KD,GSE280382,gene_name,Hirip3,HIRIP3,0.7305305074490621,1.2746637857221687e-14,UP
Acc8_hippocampus_ST_A_Ex_KD,8,hippocampus,ST_A_Ex_KD,GSE280382,gene_name,Pfdn1,PFDN1,0.5587226080711759,2.3675155923762e-14,UP
Acc8_hippocampus_ST_A_Ex_KD,8,hippocampus,ST_A_Ex_KD,GSE280382,gene_name,Bc1,BC1,3.040996050513972,3.6525718425083976e-14,UP
Acc8_hippocampus_ST_A_Ex_KD,8,hippocampus,ST_A_Ex_KD,GSE280382,gene_name,Lamtor2,LAMTOR2,0.9590448856304156,3.9791993496009996e-14,UP
Acc8_hippocampus_ST_A_Ex_KD,8,hippocampus,ST_A_Ex_KD,GSE280382,gene_name,Polr2k,POLR2K,0.8220989990738513,3.9791993496009996e-14,UP
Acc8_hippocampus_ST_A_Ex_KD,8,hippocampus,ST_A_Ex_KD,GSE280382,gene_name,Snrnp70,SNRNP70,0.5339064342031291,5.571949882227234e-14,UP
Acc8_hippocampus_ST_A_Ex_KD,8,hippocampus,ST_A_Ex_KD,GSE280382,gene_name,Uqcrb,UQCRB,0.8645605535972315,6.541747523394939e-14,UP
Acc8_hippocampus_ST_A_Ex_KD,8,hippocampus,ST_A_Ex_KD,GSE280382,gene_name,Uqcrq,UQCRQ,0.6970565679437539,7.560430922603177e-14,UP
Acc8_hippocampus_ST_A_Ex_KD,8,hippocampus,ST_A_Ex_KD,GSE280382,gene_name,Snhg8,SNHG8,1.0170128223769537,1.0542517737358854e-13,UP
Acc8_hippocampus_ST_A_Ex_KD,8,hippocampus,ST_A_Ex_KD,GSE280382,gene_name,Bex2,BEX2,0.6480014991899901,1.3523336010062825e-13,UP
Acc8_hippocampus_ST_A_Ex_KD,8,hippocampus,ST_A_Ex_KD,GSE280382,gene_name,Pfdn6,PFDN6,1.035926375754323,1.547566323897604e-13,UP
Acc8_hippocampus_ST_A_Ex_KD,8,hippocampus,ST_A_Ex_KD,GSE280382,gene_name,Ndufa2,NDUFA2,0.7484706823395244,1.6132715171127122e-13,UP
Acc8_hippocampus_ST_A_Ex_KD,8,hippocampus,ST_A_Ex_KD,GSE280382,gene_name,Tmem258,TMEM258,0.9523720920058412,2.744139977707526e-13,UP
Acc8_hippocampus_ST_A_Ex_KD,8,hippocampus,ST_A_Ex_KD,GSE280382,gene_name,Cox17,COX17,0.7502338133171068,3.1116163366600453e-13,UP
Acc8_hippocampus_ST_A_Ex_KD,8,hippocampus,ST_A_Ex_KD,GSE280382,gene_name,Park7,PARK7,0.5272202169327665,3.501264179723528e-13,UP
Acc8_hippocampus_ST_A_Ex_KD,8,hippocampus,ST_A_Ex_KD,GSE280382,gene_name,Rpl30,RPL30,0.6504449269787325,4.3893756155623766e-13,UP
Acc8_hippocampus_ST_A_Ex_KD,8,hippocampus,ST_A_Ex_KD,GSE280382,gene_name,Cby1,CBY1,0.582881969899296,6.252114930243198e-13,UP
Acc8_hippocampus_ST_A_Ex_KD,8,hippocampus,ST_A_Ex_KD,GSE280382,gene_name,Atp5k,ATP5K,0.929930074118374,6.946831018613614e-13,UP
Acc8_hippocampus_ST_A_Ex_KD,8,hippocampus,ST_A_Ex_KD,GSE280382,gene_name,Naa38,NAA38,0.9057577541197644,7.079905647836635e-13,UP
Acc8_hippocampus_ST_A_Ex_KD,8,hippocampus,ST_A_Ex_KD,GSE280382,gene_name,Rps19,RPS19,0.6575340301798149,7.289618262007746e-13,UP
Acc8_hippocampus_ST_A_Ex_KD,8,hippocampus,ST_A_Ex_KD,GSE280382,gene_name,Mrpl52,MRPL52,0.6817344174600708,1.036542272452143e-12,UP
Acc8_hippocampus_ST_A_Ex_KD,8,hippocampus,ST_A_Ex_KD,GSE280382,gene_name,Atpif1,ATPIF1,0.6992840769774813,1.228383554226362e-12,UP
Acc8_hippocampus_ST_A_Ex_KD,8,hippocampus,ST_A_Ex_KD,GSE280382,gene_name,Rpl35,RPL35,0.5815094882488617,1.5214677169707412e-12,UP
Acc8_hippocampus_ST_A_Ex_KD,8,hippocampus,ST_A_Ex_KD,GSE280382,gene_name,Snhg6,SNHG6,1.0466742453632372,1.6155179581073668e-12,UP
Acc8_hippocampus_ST_A_Ex_KD,8,hippocampus,ST_A_Ex_KD,GSE280382,gene_name,Prdx5,PRDX5,0.5859245502623369,2.235310287295223e-12,UP
Acc8_hippocampus_ST_A_Ex_KD,8,hippocampus,ST_A_Ex_KD,GSE280382,gene_name,Tmsb10,TMSB10,0.8643752258780978,2.3082736993110615e-12,UP
Acc8_hippocampus_ST_A_Ex_KD,8,hippocampus,ST_A_Ex_KD,GSE280382,gene_name,Nme2,NME2,0.6647439131060863,3.825358816810319e-12,UP
Acc8_hippocampus_ST_A_Ex_KD,8,hippocampus,ST_A_Ex_KD,GSE280382,gene_name,Sec61b,SEC61B,0.7953992610720071,4.683359399029685e-12,UP
Acc8_hippocampus_ST_A_Ex_KD,8,hippocampus,ST_A_Ex_KD,GSE280382,gene_name,Htra2,HTRA2,0.5559757801989054,6.540545650302832e-12,UP
Acc8_hippocampus_ST_A_Ex_KD,8,hippocampus,ST_A_Ex_KD,GSE280382,gene_name,Ndufa12,NDUFA12,0.5951235386580322,6.567132981944876e-12,UP
Acc8_hippocampus_ST_A_Ex_KD,8,hippocampus,ST_A_Ex_KD,GSE280382,gene_name,Ndufb8,NDUFB8,0.5213153052923011,8.787906948083522e-12,UP
Acc8_hippocampus_ST_A_Ex_KD,8,hippocampus,ST_A_Ex_KD,GSE280382,gene_name,Bola2,BOLA2,0.8176938166094017,9.287006275215772e-12,UP
Acc8_hippocampus_ST_A_Ex_KD,8,hippocampus,ST_A_Ex_KD,GSE280382,gene_name,Mrpl20,MRPL20,0.6710326874543112,9.332362944410975e-12,UP
Acc8_hippocampus_ST_A_Ex_KD,8,hippocampus,ST_A_Ex_KD,GSE280382,gene_name,Fau,FAU,0.6182169517626765,9.332362944410975e-12,UP
Acc8_hippocampus_ST_A_Ex_KD,8,hippocampus,ST_A_Ex_KD,GSE280382,gene_name,Tomm7,TOMM7,1.1986895594984417,1.0282398387401875e-11,UP
Acc8_hippocampus_ST_A_Ex_KD,8,hippocampus,ST_A_Ex_KD,GSE280382,gene_name,Uqcc2,UQCC2,0.7044883026195669,1.0627810152508823e-11,UP
Acc8_hippocampus_ST_A_Ex_KD,8,hippocampus,ST_A_Ex_KD,GSE280382,gene_name,Sem1,SEM1,0.8557866773531244,1.2825736533428148e-11,UP
Acc8_hippocampus_ST_A_Ex_KD,8,hippocampus,ST_A_Ex_KD,GSE280382,gene_name,Cirbp,CIRBP,0.898040682502563,1.3382129737702391e-11,UP
Acc8_hippocampus_ST_A_Ex_KD,8,hippocampus,ST_A_Ex_KD,GSE280382,gene_name,Miat,MIAT,0.5418019420949771,2.0064511424988024e-11,UP
Acc8_hippocampus_ST_A_Ex_KD,8,hippocampus,ST_A_Ex_KD,GSE280382,gene_name,Mrpl14,MRPL14,0.6069371212524778,2.2170424134363812e-11,UP
Acc8_hippocampus_ST_A_Ex_KD,8,hippocampus,ST_A_Ex_KD,GSE280382,gene_name,Rpl23a,RPL23A,0.5667715500979575,3.0780146331051326e-11,UP
Acc8_hippocampus_ST_A_Ex_KD,8,hippocampus,ST_A_Ex_KD,GSE280382,gene_name,Rpl41,RPL41,0.6337252854630683,3.2737824983771595e-11,UP
Acc8_hippocampus_ST_A_Ex_KD,8,hippocampus,ST_A_Ex_KD,GSE280382,gene_name,Atp6v0c-ps2,ATP6V0C-PS2,-1.1664138529519372,3.3453003516956224e-11,DOWN
Acc8_hippocampus_ST_A_Ex_KD,8,hippocampus,ST_A_Ex_KD,GSE280382,gene_name,Rbm3,RBM3,0.798768828244467,3.346156975419047e-11,UP
Acc8_hippocampus_ST_A_Ex_KD,8,hippocampus,ST_A_Ex_KD,GSE280382,gene_name,Gm51910,GM51910,-3.082972520111349,5.559340206294361e-11,DOWN
Acc8_hippocampus_ST_A_Ex_KD,8,hippocampus,ST_A_Ex_KD,GSE280382,gene_name,Slirp,SLIRP,0.6964763533762239,7.606455206558542e-11,UP
Acc8_hippocampus_ST_A_Ex_KD,8,hippocampus,ST_A_Ex_KD,GSE280382,gene_name,Mt2,MT2,1.1817729538298911,7.777004600975403e-11,UP
Acc8_hippocampus_ST_A_Ex_KD,8,hippocampus,ST_A_Ex_KD,GSE280382,gene_name,Cox4i1,COX4I1,0.5365251757429281,8.506455279529349e-11,UP
Acc8_hippocampus_ST_A_Ex_KD,8,hippocampus,ST_A_Ex_KD,GSE280382,gene_name,Erf,ERF,0.7536850734254864,8.623422683408108e-11,UP
Acc8_hippocampus_ST_A_Ex_KD,8,hippocampus,ST_A_Ex_KD,GSE280382,gene_name,Gar1,GAR1,0.8831609146663738,9.449603416470031e-11,UP
Acc8_hippocampus_ST_A_Ex_KD,8,hippocampus,ST_A_Ex_KD,GSE280382,gene_name,Mgst3,MGST3,0.5885685890571761,9.807938157730431e-11,UP
Acc8_hippocampus_ST_A_Ex_KD,8,hippocampus,ST_A_Ex_KD,GSE280382,gene_name,Rpl11,RPL11,0.5501490959051588,1.4607102818069062e-10,UP
Acc8_hippocampus_ST_A_Ex_KD,8,hippocampus,ST_A_Ex_KD,GSE280382,gene_name,Rps23,RPS23,0.6803365664271426,1.7073567414121534e-10,UP
Acc8_hippocampus_ST_A_Ex_KD,8,hippocampus,ST_A_Ex_KD,GSE280382,gene_name,Mrps26,MRPS26,0.6184710068703052,1.783808077219165e-10,UP
Acc8_hippocampus_ST_A_Ex_KD,8,hippocampus,ST_A_Ex_KD,GSE280382,gene_name,Smdt1,SMDT1,0.6225222329511514,1.855147709615997e-10,UP
Acc8_hippocampus_ST_A_Ex_KD,8,hippocampus,ST_A_Ex_KD,GSE280382,gene_name,Nhp2,NHP2,0.5793057225646243,2.1562589974048782e-10,UP
Acc8_hippocampus_ST_A_Ex_KD,8,hippocampus,ST_A_Ex_KD,GSE280382,gene_name,Mrpl2,MRPL2,0.5776812762142377,2.3299459871512563e-10,UP
Acc8_hippocampus_ST_A_Ex_KD,8,hippocampus,ST_A_Ex_KD,GSE280382,gene_name,Tlr3,TLR3,-0.5906369045986697,2.691293287192092e-10,DOWN
Acc8_hippocampus_ST_A_Ex_KD,8,hippocampus,ST_A_Ex_KD,GSE280382,gene_name,Llph,LLPH,0.6349529466871537,2.8964417589454256e-10,UP
Acc8_hippocampus_ST_A_Ex_KD,8,hippocampus,ST_A_Ex_KD,GSE280382,gene_name,Tsr3,TSR3,0.5537710050965232,3.091864331632322e-10,UP
Acc8_hippocampus_ST_A_Ex_KD,8,hippocampus,ST_A_Ex_KD,GSE280382,gene_name,Tmem47,TMEM47,-0.5408406163643181,3.153120066651555e-10,DOWN
Acc8_hippocampus_ST_A_Ex_KD,8,hippocampus,ST_A_Ex_KD,GSE280382,gene_name,Klhdc4,KLHDC4,0.6712565094055508,3.439555237922314e-10,UP
Acc8_hippocampus_ST_A_Ex_KD,8,hippocampus,ST_A_Ex_KD,GSE280382,gene_name,Rplp2,RPLP2,0.6378750771571755,3.449115743913984e-10,UP
Acc8_hippocampus_ST_A_Ex_KD,8,hippocampus,ST_A_Ex_KD,GSE280382,gene_name,Loc118567527,LOC118567527,0.5961120579656121,3.4730691200989105e-10,UP
Acc8_hippocampus_ST_A_Ex_KD,8,hippocampus,ST_A_Ex_KD,GSE280382,gene_name,Ndufb1,NDUFB1,1.0257561224871292,4.071250121757935e-10,UP
Acc8_hippocampus_ST_A_Ex_KD,8,hippocampus,ST_A_Ex_KD,GSE280382,gene_name,Ndufb6,NDUFB6,0.5817551697786879,5.596923952040607e-10,UP
Acc8_hippocampus_ST_A_Ex_KD,8,hippocampus,ST_A_Ex_KD,GSE280382,gene_name,1110038b12rik,1110038B12RIK,1.050947045755617,7.233564684736874e-10,UP
Acc8_hippocampus_ST_A_Ex_KD,8,hippocampus,ST_A_Ex_KD,GSE280382,gene_name,Hebp1,HEBP1,0.5842478552879748,7.233564684736874e-10,UP
Acc8_hippocampus_ST_A_Ex_KD,8,hippocampus,ST_A_Ex_KD,GSE280382,gene_name,Bex4,BEX4,0.7569115247088384,7.653255569095236e-10,UP
Acc8_hippocampus_ST_A_Ex_KD,8,hippocampus,ST_A_Ex_KD,GSE280382,gene_name,Lsm4,LSM4,0.763474365253247,9.277042354722021e-10,UP
Acc8_hippocampus_ST_A_Ex_KD,8,hippocampus,ST_A_Ex_KD,GSE280382,gene_name,Emc9,EMC9,0.7416570537478153,1.1809952363433776e-09,UP
Acc8_hippocampus_ST_A_Ex_KD,8,hippocampus,ST_A_Ex_KD,GSE280382,gene_name,Mcc,MCC,0.5152589473009175,1.263735456192539e-09,UP
Acc8_hippocampus_ST_A_Ex_KD,8,hippocampus,ST_A_Ex_KD,GSE280382,gene_name,Ndufa8,NDUFA8,0.613750305075073,1.5933756574093076e-09,UP
Acc8_hippocampus_ST_A_Ex_KD,8,hippocampus,ST_A_Ex_KD,GSE280382,gene_name,Arl3,ARL3,0.5338619162986972,1.675700782906251e-09,UP
Acc8_hippocampus_ST_A_Ex_KD,8,hippocampus,ST_A_Ex_KD,GSE280382,gene_name,Rps18,RPS18,0.5211006130498756,1.686474896344025e-09,UP
Acc8_hippocampus_ST_A_Ex_KD,8,hippocampus,ST_A_Ex_KD,GSE280382,gene_name,Tfpt,TFPT,0.7170153982619696,1.732960718713965e-09,UP
Acc8_hippocampus_ST_A_Ex_KD,8,hippocampus,ST_A_Ex_KD,GSE280382,gene_name,Ndufa3,NDUFA3,0.9396041944664888,1.765758515146745e-09,UP
Acc8_hippocampus_ST_A_Ex_KD,8,hippocampus,ST_A_Ex_KD,GSE280382,gene_name,Mrps21,MRPS21,0.8230095796296599,1.8313902015631926e-09,UP
Acc8_hippocampus_ST_A_Ex_KD,8,hippocampus,ST_A_Ex_KD,GSE280382,gene_name,Gm39326,GM39326,0.8788761147633479,1.979852420832008e-09,UP
Acc8_hippocampus_ST_A_Ex_KD,8,hippocampus,ST_A_Ex_KD,GSE280382,gene_name,Rnaseh2c,RNASEH2C,0.786856384197082,1.990002461913453e-09,UP
Acc8_hippocampus_ST_A_Ex_KD,8,hippocampus,ST_A_Ex_KD,GSE280382,gene_name,Rps27,RPS27,0.5890131100653586,2.0076240309466967e-09,UP
Acc8_hippocampus_ST_A_Ex_KD,8,hippocampus,ST_A_Ex_KD,GSE280382,gene_name,Mrpl27,MRPL27,0.5277604994665253,2.8217169799005603e-09,UP
Acc8_hippocampus_ST_A_Ex_KD,8,hippocampus,ST_A_Ex_KD,GSE280382,gene_name,Hypk,HYPK,0.8564627887592049,3.3042172385213382e-09,UP
Acc8_hippocampus_ST_A_Ex_KD,8,hippocampus,ST_A_Ex_KD,GSE280382,gene_name,Krt9,KRT9,0.8446169665400961,4.747803321437954e-09,UP
Acc8_hippocampus_ST_A_Ex_KD,8,hippocampus,ST_A_Ex_KD,GSE280382,gene_name,Atp5e,ATP5E,0.7407598620514685,4.8403967239077206e-09,UP
Acc8_hippocampus_ST_A_Ex_KD,8,hippocampus,ST_A_Ex_KD,GSE280382,gene_name,Serp2,SERP2,0.5786429295438101,5.101348252446497e-09,UP
Acc8_hippocampus_ST_A_Ex_KD,8,hippocampus,ST_A_Ex_KD,GSE280382,gene_name,Bloc1s1,BLOC1S1,0.6884288463878325,5.753122096927542e-09,UP
Acc8_hippocampus_ST_A_Ex_KD,8,hippocampus,ST_A_Ex_KD,GSE280382,gene_name,Romo1,ROMO1,1.0255596101498303,6.983856578511668e-09,UP
Acc8_hippocampus_ST_A_Ex_KD,8,hippocampus,ST_A_Ex_KD,GSE280382,gene_name,2410006h16rik,2410006H16RIK,0.7981841359190375,7.243369447875103e-09,UP
Acc8_hippocampus_ST_A_Ex_KD,8,hippocampus,ST_A_Ex_KD,GSE280382,gene_name,Edf1,EDF1,0.7811129588686478,7.360595938761667e-09,UP
Acc8_hippocampus_ST_A_Ex_KD,8,hippocampus,ST_A_Ex_KD,GSE280382,gene_name,Chgb,CHGB,0.6025533970698542,7.578792216931493e-09,UP
Acc8_hippocampus_ST_A_Ex_KD,8,hippocampus,ST_A_Ex_KD,GSE280382,gene_name,Ccs,CCS,0.816577897160719,7.701123331659097e-09,UP
Acc8_hippocampus_ST_A_Ex_KD,8,hippocampus,ST_A_Ex_KD,GSE280382,gene_name,Apoe,APOE,0.7378594199676952,8.264984074345319e-09,UP
Acc8_hippocampus_ST_A_Ex_KD,8,hippocampus,ST_A_Ex_KD,GSE280382,gene_name,Gm32771,GM32771,-2.2439413922807425,9.494589617288928e-09,DOWN
Acc8_hippocampus_ST_A_Ex_KD,8,hippocampus,ST_A_Ex_KD,GSE280382,gene_name,Bex3,BEX3,0.5498711890383964,9.494589617288928e-09,UP
Acc8_hippocampus_ST_A_Ex_KD,8,hippocampus,ST_A_Ex_KD,GSE280382,gene_name,Uqcc3,UQCC3,0.679878977161689,1.2295846287307491e-08,UP
Acc8_hippocampus_ST_A_Ex_KD,8,hippocampus,ST_A_Ex_KD,GSE280382,gene_name,Gm38733,GM38733,0.5083872455058778,1.2813264569559502e-08,UP
Acc8_hippocampus_ST_A_Ex_KD,8,hippocampus,ST_A_Ex_KD,GSE280382,gene_name,Cox7c,COX7C,0.7448427454056037,1.4466795577456538e-08,UP
Acc8_hippocampus_ST_A_Ex_KD,8,hippocampus,ST_A_Ex_KD,GSE280382,gene_name,D8ertd738e,D8ERTD738E,0.6502385295402756,1.5481468859883144e-08,UP
Acc8_hippocampus_ST_A_Ex_KD,8,hippocampus,ST_A_Ex_KD,GSE280382,gene_name,Rpl28,RPL28,0.5773669072194536,1.7562701753694857e-08,UP
Acc8_hippocampus_ST_A_Ex_KD,8,hippocampus,ST_A_Ex_KD,GSE280382,gene_name,Cox8a,COX8A,0.9525282653635648,1.773901087384371e-08,UP
Acc8_hippocampus_ST_A_Ex_KD,8,hippocampus,ST_A_Ex_KD,GSE280382,gene_name,Lamtor4,LAMTOR4,0.7333466999517375,1.7981618736026658e-08,UP
Acc8_hippocampus_ST_A_Ex_KD,8,hippocampus,ST_A_Ex_KD,GSE280382,gene_name,Gm29808,GM29808,-1.9116879057292973,1.9353415293334965e-08,DOWN
Acc8_hippocampus_ST_A_Ex_KD,8,hippocampus,ST_A_Ex_KD,GSE280382,gene_name,Uqcr11,UQCR11,1.0067764794462766,1.9619891149281416e-08,UP
Acc8_hippocampus_ST_A_Ex_KD,8,hippocampus,ST_A_Ex_KD,GSE280382,gene_name,Snapc5,SNAPC5,0.7995830791847126,2.3239180125548006e-08,UP
Acc8_hippocampus_ST_A_Ex_KD,8,hippocampus,ST_A_Ex_KD,GSE280382,gene_name,Atp5l,ATP5L,0.5175170513685656,2.5734756878076225e-08,UP
Acc8_hippocampus_ST_A_Ex_KD,8,hippocampus,ST_A_Ex_KD,GSE280382,gene_name,Gm5914,GM5914,1.4173038118909125,2.8018836184446253e-08,UP
Acc8_hippocampus_ST_A_Ex_KD,8,hippocampus,ST_A_Ex_KD,GSE280382,gene_name,Thap3,THAP3,0.6180700883364297,2.8056420962067438e-08,UP
Acc8_hippocampus_ST_A_Ex_KD,8,hippocampus,ST_A_Ex_KD,GSE280382,gene_name,Gm7206,GM7206,-2.2232515818223963,3.064337102134235e-08,DOWN
Acc8_hippocampus_ST_A_Ex_KD,8,hippocampus,ST_A_Ex_KD,GSE280382,gene_name,Tmem240,TMEM240,0.5932980318738568,3.234605118013316e-08,UP
Acc8_hippocampus_ST_A_Ex_KD,8,hippocampus,ST_A_Ex_KD,GSE280382,gene_name,Dbi,DBI,0.8913624326091417,4.374266849088023e-08,UP
Acc8_hippocampus_ST_A_Ex_KD,8,hippocampus,ST_A_Ex_KD,GSE280382,gene_name,Fabp3,FABP3,0.7040918852722603,4.611724448430866e-08,UP
Acc8_hippocampus_ST_A_Ex_KD,8,hippocampus,ST_A_Ex_KD,GSE280382,gene_name,Srgap1,SRGAP1,-0.5032076416380824,5.1806441717705924e-08,DOWN
Acc8_hippocampus_ST_A_Ex_KD,8,hippocampus,ST_A_Ex_KD,GSE280382,gene_name,Arl6ip4,ARL6IP4,0.5833527028326624,5.190348477386115e-08,UP
Acc8_hippocampus_ST_A_Ex_KD,8,hippocampus,ST_A_Ex_KD,GSE280382,gene_name,Polr3d,POLR3D,0.5393338323086492,5.190348477386115e-08,UP
Acc8_hippocampus_ST_A_Ex_KD,8,hippocampus,ST_A_Ex_KD,GSE280382,gene_name,Syp,SYP,0.5144072858070184,6.98699855518142e-08,UP
Acc8_hippocampus_ST_A_Ex_KD,8,hippocampus,ST_A_Ex_KD,GSE280382,gene_name,Tmem256,TMEM256,0.88169945860528,7.532219743448006e-08,UP
Acc8_hippocampus_ST_A_Ex_KD,8,hippocampus,ST_A_Ex_KD,GSE280382,gene_name,Smim12,SMIM12,0.5480830846275603,8.823354338796039e-08,UP
Acc8_hippocampus_ST_A_Ex_KD,8,hippocampus,ST_A_Ex_KD,GSE280382,gene_name,Ccdc124,CCDC124,0.599653798350534,9.417942882794873e-08,UP
Acc8_hippocampus_ST_A_Ex_KD,8,hippocampus,ST_A_Ex_KD,GSE280382,gene_name,Asphd1,ASPHD1,0.6520364704283447,9.827468784009993e-08,UP
Acc8_hippocampus_ST_A_Ex_KD,8,hippocampus,ST_A_Ex_KD,GSE280382,gene_name,Foxo1,FOXO1,-0.5121932163604501,1.076977907309647e-07,DOWN
Acc8_hippocampus_ST_A_Ex_KD,8,hippocampus,ST_A_Ex_KD,GSE280382,gene_name,Cidea,CIDEA,0.6865944798603715,1.1852573348069602e-07,UP
Acc8_hippocampus_ST_A_Ex_KD,8,hippocampus,ST_A_Ex_KD,GSE280382,gene_name,Coq7,COQ7,0.5186001208673856,1.2833475043294613e-07,UP
Acc8_hippocampus_ST_A_Ex_KD,8,hippocampus,ST_A_Ex_KD,GSE280382,gene_name,Trir,TRIR,0.5763256401921555,1.4191668610066953e-07,UP
Acc8_hippocampus_ST_A_Ex_KD,8,hippocampus,ST_A_Ex_KD,GSE280382,gene_name,Gm36331,GM36331,1.0732478607894196,1.4564061461399566e-07,UP
Acc8_hippocampus_ST_A_Ex_KD,8,hippocampus,ST_A_Ex_KD,GSE280382,gene_name,Tmed9,TMED9,0.5226832184555842,1.571542335477254e-07,UP
Acc8_hippocampus_ST_A_Ex_KD,8,hippocampus,ST_A_Ex_KD,GSE280382,gene_name,Zfp61,ZFP61,0.5407116897284832,1.6903131307529866e-07,UP
Acc8_hippocampus_ST_A_Ex_KD,8,hippocampus,ST_A_Ex_KD,GSE280382,gene_name,Snhg12,SNHG12,0.650627682501649,1.831277754374474e-07,UP
Acc8_hippocampus_ST_A_Ex_KD,8,hippocampus,ST_A_Ex_KD,GSE280382,gene_name,Hnrnph3,HNRNPH3,0.5310022325680945,1.9102171977821378e-07,UP
Acc8_hippocampus_ST_A_Ex_KD,8,hippocampus,ST_A_Ex_KD,GSE280382,gene_name,Safb2,SAFB2,0.5393501864346769,1.9176213093574855e-07,UP
Acc8_hippocampus_ST_A_Ex_KD,8,hippocampus,ST_A_Ex_KD,GSE280382,gene_name,Loc118568482,LOC118568482,0.5145712575180598,2.010814173751865e-07,UP
Acc8_hippocampus_ST_A_Ex_KD,8,hippocampus,ST_A_Ex_KD,GSE280382,gene_name,Gm6548,GM6548,-0.8633870548849572,2.0720846853979323e-07,DOWN
Acc8_hippocampus_ST_A_Ex_KD,8,hippocampus,ST_A_Ex_KD,GSE280382,gene_name,Cstb,CSTB,0.6414027201563678,2.148712298193215e-07,UP
Acc8_hippocampus_ST_A_Ex_KD,8,hippocampus,ST_A_Ex_KD,GSE280382,gene_name,Cpsf4,CPSF4,0.540220887031903,2.207655793195909e-07,UP
Acc8_hippocampus_ST_A_Ex_KD,8,hippocampus,ST_A_Ex_KD,GSE280382,gene_name,Snrpe,SNRPE,0.5743737113034479,2.874518495594399e-07,UP
Acc8_hippocampus_ST_A_Ex_KD,8,hippocampus,ST_A_Ex_KD,GSE280382,gene_name,Ndufb2,NDUFB2,0.571879073455259,3.0504562340774133e-07,UP
Acc8_hippocampus_ST_A_Ex_KD,8,hippocampus,ST_A_Ex_KD,GSE280382,gene_name,Ost4,OST4,0.6840201784956694,3.057891153091564e-07,UP
Acc8_hippocampus_ST_A_Ex_KD,8,hippocampus,ST_A_Ex_KD,GSE280382,gene_name,Grasp,GRASP,0.6093987564329947,3.220777892869452e-07,UP
Acc8_hippocampus_ST_A_Ex_KD,8,hippocampus,ST_A_Ex_KD,GSE280382,gene_name,Nagk,NAGK,0.5139492192729482,3.246834348694371e-07,UP
Acc8_hippocampus_ST_A_Ex_KD,8,hippocampus,ST_A_Ex_KD,GSE280382,gene_name,Lipo3,LIPO3,-0.6209331400687028,3.432606145726426e-07,DOWN
Acc8_hippocampus_ST_A_Ex_KD,8,hippocampus,ST_A_Ex_KD,GSE280382,gene_name,Prkrip1,PRKRIP1,0.5124530612961963,3.432606145726426e-07,UP
Acc8_hippocampus_ST_A_Ex_KD,8,hippocampus,ST_A_Ex_KD,GSE280382,gene_name,Mrpl54,MRPL54,0.5988783123687859,3.6124625921078845e-07,UP
Acc8_hippocampus_ST_A_Ex_KD,8,hippocampus,ST_A_Ex_KD,GSE280382,gene_name,Dpm3,DPM3,0.7994065030794496,3.858622742725265e-07,UP
Acc8_hippocampus_ST_A_Ex_KD,8,hippocampus,ST_A_Ex_KD,GSE280382,gene_name,Upf3a,UPF3A,0.5238407898682468,3.858622742725265e-07,UP
Acc8_hippocampus_ST_A_Ex_KD,8,hippocampus,ST_A_Ex_KD,GSE280382,gene_name,Lsm8,LSM8,0.6235861535468875,4.057232987850693e-07,UP
Acc8_hippocampus_ST_A_Ex_KD,8,hippocampus,ST_A_Ex_KD,GSE280382,gene_name,Timm10,TIMM10,0.6281081042840064,4.271567881839301e-07,UP
Acc8_hippocampus_ST_A_Ex_KD,8,hippocampus,ST_A_Ex_KD,GSE280382,gene_name,Tbca,TBCA,0.5772065584683953,5.780389381351268e-07,UP
Acc8_hippocampus_ST_A_Ex_KD,8,hippocampus,ST_A_Ex_KD,GSE280382,gene_name,Gab1,GAB1,-0.5534072192244667,6.221563800527366e-07,DOWN
Acc8_hippocampus_ST_A_Ex_KD,8,hippocampus,ST_A_Ex_KD,GSE280382,gene_name,Gm12174,GM12174,-1.4411119086160968,6.491133001446703e-07,DOWN
Acc8_hippocampus_ST_A_Ex_KD,8,hippocampus,ST_A_Ex_KD,GSE280382,gene_name,Tmem191c,TMEM191C,0.5060056289051666,6.978340870990822e-07,UP
Acc8_hippocampus_ST_A_Ex_KD,8,hippocampus,ST_A_Ex_KD,GSE280382,gene_name,Gm33851,GM33851,1.6420515853141269,7.275880984836005e-07,UP
Acc8_hippocampus_ST_A_Ex_KD,8,hippocampus,ST_A_Ex_KD,GSE280382,gene_name,Gm46174,GM46174,-0.7906963233367648,8.190455578251485e-07,DOWN
Acc8_hippocampus_ST_A_Ex_KD,8,hippocampus,ST_A_Ex_KD,GSE280382,gene_name,Gm3227,GM3227,-2.1755152249747187,8.207266781829112e-07,DOWN
Acc8_hippocampus_ST_A_Ex_KD,8,hippocampus,ST_A_Ex_KD,GSE280382,gene_name,Ptma,PTMA,0.5347424110165695,8.733326735100462e-07,UP
Acc8_hippocampus_ST_A_Ex_KD,8,hippocampus,ST_A_Ex_KD,GSE280382,gene_name,D330050i16rik,D330050I16RIK,0.8707282863396889,8.774792470312272e-07,UP
Acc8_hippocampus_ST_A_Ex_KD,8,hippocampus,ST_A_Ex_KD,GSE280382,gene_name,Gm9839,GM9839,-3.12681337737618,8.91535157822976e-07,DOWN
Acc8_hippocampus_ST_A_Ex_KD,8,hippocampus,ST_A_Ex_KD,GSE280382,gene_name,Uqcr10,UQCR10,0.6318753688123476,1.1828879595413347e-06,UP
Acc8_hippocampus_ST_A_Ex_KD,8,hippocampus,ST_A_Ex_KD,GSE280382,gene_name,A230051n06rik,A230051N06RIK,1.2611418201332094,1.3025734032599157e-06,UP
Acc8_hippocampus_ST_A_Ex_KD,8,hippocampus,ST_A_Ex_KD,GSE280382,gene_name,Fam241b,FAM241B,0.5038831489980654,1.3386900342927312e-06,UP
Acc8_hippocampus_ST_A_Ex_KD,8,hippocampus,ST_A_Ex_KD,GSE280382,gene_name,Srsf5,SRSF5,0.6346883841766935,1.3947747503231406e-06,UP
Acc8_hippocampus_ST_A_Ex_KD,8,hippocampus,ST_A_Ex_KD,GSE280382,gene_name,Tma7,TMA7,0.604724551493164,1.4241524828707531e-06,UP
Acc8_hippocampus_ST_A_Ex_KD,8,hippocampus,ST_A_Ex_KD,GSE280382,gene_name,Ddrgk1,DDRGK1,0.6188222242641355,1.508499148722742e-06,UP
Acc8_hippocampus_ST_A_Ex_KD,8,hippocampus,ST_A_Ex_KD,GSE280382,gene_name,Plekhj1,PLEKHJ1,0.5305519631287416,1.5312862143063837e-06,UP
Acc8_hippocampus_ST_A_Ex_KD,8,hippocampus,ST_A_Ex_KD,GSE280382,gene_name,Snrpd2,SNRPD2,0.5863319405415085,1.541524982041241e-06,UP
Acc8_hippocampus_ST_A_Ex_KD,8,hippocampus,ST_A_Ex_KD,GSE280382,gene_name,Ccdc12,CCDC12,0.6706272224473185,1.7548159970830751e-06,UP
Acc8_hippocampus_ST_A_Ex_KD,8,hippocampus,ST_A_Ex_KD,GSE280382,gene_name,Pfdn2,PFDN2,0.545635536959463,1.798218323624375e-06,UP
Acc8_hippocampus_ST_A_Ex_KD,8,hippocampus,ST_A_Ex_KD,GSE280382,gene_name,Itgb8,ITGB8,-0.5035207887202471,1.909418772231744e-06,DOWN
Acc8_hippocampus_ST_A_Ex_KD,8,hippocampus,ST_A_Ex_KD,GSE280382,gene_name,Ndufaf2,NDUFAF2,0.5452326115013976,1.9145106004833563e-06,UP
Acc8_hippocampus_ST_A_Ex_KD,8,hippocampus,ST_A_Ex_KD,GSE280382,gene_name,Cep131,CEP131,0.5437078360849629,1.9502147206159954e-06,UP
Acc8_hippocampus_ST_A_Ex_KD,8,hippocampus,ST_A_Ex_KD,GSE280382,gene_name,Ndufa1,NDUFA1,0.7947629853187045,2.148254458886071e-06,UP
Acc8_hippocampus_ST_A_Ex_KD,8,hippocampus,ST_A_Ex_KD,GSE280382,gene_name,Loc114841036,LOC114841036,0.7498121724285964,2.148254458886071e-06,UP
Acc8_hippocampus_ST_A_Ex_KD,8,hippocampus,ST_A_Ex_KD,GSE280382,gene_name,Rpl8,RPL8,0.5226584758158378,2.3593047624421865e-06,UP
Acc8_hippocampus_ST_A_Ex_KD,8,hippocampus,ST_A_Ex_KD,GSE280382,gene_name,Gna14,GNA14,-0.6940986106780139,2.4112657238977765e-06,DOWN
Acc8_hippocampus_ST_A_Ex_KD,8,hippocampus,ST_A_Ex_KD,GSE280382,gene_name,Dmp1,DMP1,0.7864686381217751,2.553803914321258e-06,UP
Acc8_hippocampus_ST_A_Ex_KD,8,hippocampus,ST_A_Ex_KD,GSE280382,gene_name,9130002k18rik,9130002K18RIK,-2.026595185651385,2.660331526947842e-06,DOWN
Acc8_hippocampus_ST_A_Ex_KD,8,hippocampus,ST_A_Ex_KD,GSE280382,gene_name,Fkbp2,FKBP2,0.6636958855988739,2.979165947802399e-06,UP
Acc8_hippocampus_ST_A_Ex_KD,8,hippocampus,ST_A_Ex_KD,GSE280382,gene_name,Mrps33,MRPS33,0.5526266363650232,3.040952922216154e-06,UP
Acc8_hippocampus_ST_A_Ex_KD,8,hippocampus,ST_A_Ex_KD,GSE280382,gene_name,Tmem160,TMEM160,0.6431346065652699,3.1792029583633982e-06,UP
Acc8_hippocampus_ST_A_Ex_KD,8,hippocampus,ST_A_Ex_KD,GSE280382,gene_name,Loc118568718,LOC118568718,-1.945113049668348,3.3327390994715614e-06,DOWN
Acc8_hippocampus_ST_A_Ex_KD,8,hippocampus,ST_A_Ex_KD,GSE280382,gene_name,E130102h24rik,E130102H24RIK,0.8541913776303852,3.5481065678741598e-06,UP
Acc8_hippocampus_ST_A_Ex_KD,8,hippocampus,ST_A_Ex_KD,GSE280382,gene_name,Selenow,SELENOW,0.5646258312620578,3.812734703218288e-06,UP
Acc8_hippocampus_ST_A_Ex_KD,8,hippocampus,ST_A_Ex_KD,GSE280382,gene_name,Nme3,NME3,0.5623609588859748,4.134916805692111e-06,UP
Acc8_hippocampus_ST_A_Ex_KD,8,hippocampus,ST_A_Ex_KD,GSE280382,gene_name,Dnajc17,DNAJC17,0.6097557256577111,4.294816036179185e-06,UP
Acc8_hippocampus_ST_A_Ex_KD,8,hippocampus,ST_A_Ex_KD,GSE280382,gene_name,Sec61g,SEC61G,0.5506448813581346,4.411968628482273e-06,UP
Acc8_hippocampus_ST_A_Ex_KD,8,hippocampus,ST_A_Ex_KD,GSE280382,gene_name,Snrpd3,SNRPD3,0.6070445860543836,5.057954775322161e-06,UP
Acc8_hippocampus_ST_A_Ex_KD,8,hippocampus,ST_A_Ex_KD,GSE280382,gene_name,Tomm6,TOMM6,0.5691981583252754,5.447257082705763e-06,UP
Acc8_hippocampus_ST_A_Ex_KD,8,hippocampus,ST_A_Ex_KD,GSE280382,gene_name,Coprs,COPRS,0.5900914253424143,5.908803732085069e-06,UP
Acc8_hippocampus_ST_A_Ex_KD,8,hippocampus,ST_A_Ex_KD,GSE280382,gene_name,Gm15421,GM15421,-1.2355616865934909,6.27753032169684e-06,DOWN
Acc8_hippocampus_ST_A_Ex_KD,8,hippocampus,ST_A_Ex_KD,GSE280382,gene_name,Timm8b,TIMM8B,0.5601085573190442,6.43714854811144e-06,UP
Acc8_hippocampus_ST_A_Ex_KD,8,hippocampus,ST_A_Ex_KD,GSE280382,gene_name,Frat2,FRAT2,0.6183434396517555,7.059677288621158e-06,UP
Acc8_hippocampus_ST_A_Ex_KD,8,hippocampus,ST_A_Ex_KD,GSE280382,gene_name,Srp54a,SRP54A,0.8427497209840809,7.279677916617157e-06,UP
Acc8_hippocampus_ST_A_Ex_KD,8,hippocampus,ST_A_Ex_KD,GSE280382,gene_name,Rn7sk,RN7SK,1.8347345122055767,8.15657635999466e-06,UP
Acc8_hippocampus_ST_A_Ex_KD,8,hippocampus,ST_A_Ex_KD,GSE280382,gene_name,Rprml,RPRML,0.5847475933189344,8.205853055541651e-06,UP
Acc8_hippocampus_ST_A_Ex_KD,8,hippocampus,ST_A_Ex_KD,GSE280382,gene_name,Ndufaf8,NDUFAF8,0.6788450195440299,8.777076017451005e-06,UP
Acc8_hippocampus_ST_A_Ex_KD,8,hippocampus,ST_A_Ex_KD,GSE280382,gene_name,Tmem265,TMEM265,-0.6304870163122017,8.938460980115926e-06,DOWN
Acc8_hippocampus_ST_A_Ex_KD,8,hippocampus,ST_A_Ex_KD,GSE280382,gene_name,Rnaset2a,RNASET2A,0.9914743372598166,9.092130239827189e-06,UP
Acc8_hippocampus_ST_A_Ex_KD,8,hippocampus,ST_A_Ex_KD,GSE280382,gene_name,Smim11,SMIM11,0.6400366755660549,9.338815714046164e-06,UP
Acc8_hippocampus_ST_A_Ex_KD,8,hippocampus,ST_A_Ex_KD,GSE280382,gene_name,Loc118568241,LOC118568241,-2.5488662742038617,9.529161590792267e-06,DOWN
Acc8_hippocampus_ST_A_Ex_KD,8,hippocampus,ST_A_Ex_KD,GSE280382,gene_name,Cox6a2,COX6A2,1.0037180702326516,9.603063660523889e-06,UP
Acc8_hippocampus_ST_A_Ex_KD,8,hippocampus,ST_A_Ex_KD,GSE280382,gene_name,Gm52229,GM52229,-2.0324879243559573,9.974454370777004e-06,DOWN
Acc8_hippocampus_ST_A_Ex_KD,8,hippocampus,ST_A_Ex_KD,GSE280382,gene_name,Mien1,MIEN1,0.6444557036277495,1.0733277253234016e-05,UP
Acc8_hippocampus_ST_A_Ex_KD,8,hippocampus,ST_A_Ex_KD,GSE280382,gene_name,Cox7c-ps1,COX7C-PS1,-2.091478370295491,1.1372535967465952e-05,DOWN
Acc8_hippocampus_ST_A_Ex_KD,8,hippocampus,ST_A_Ex_KD,GSE280382,gene_name,Pvalb,PVALB,0.5014295265868902,1.1841993123132e-05,UP
Acc8_hippocampus_ST_A_Ex_KD,8,hippocampus,ST_A_Ex_KD,GSE280382,gene_name,Gpatch4,GPATCH4,0.709127502802938,1.1965098212230249e-05,UP
Acc8_hippocampus_ST_A_Ex_KD,8,hippocampus,ST_A_Ex_KD,GSE280382,gene_name,Gm52134,GM52134,0.7617565708422359,1.3271818698966187e-05,UP
Acc8_hippocampus_ST_A_Ex_KD,8,hippocampus,ST_A_Ex_KD,GSE280382,gene_name,Nr2c2ap,NR2C2AP,0.5264477845215912,1.3271818698966187e-05,UP
Acc8_hippocampus_ST_A_Ex_KD,8,hippocampus,ST_A_Ex_KD,GSE280382,gene_name,S100a13,S100A13,0.622513218703797,1.421801121941444e-05,UP
Acc8_hippocampus_ST_A_Ex_KD,8,hippocampus,ST_A_Ex_KD,GSE280382,gene_name,Gramd3,GRAMD3,-0.5192933771838418,1.4662713340672116e-05,DOWN
Acc8_hippocampus_ST_A_Ex_KD,8,hippocampus,ST_A_Ex_KD,GSE280382,gene_name,Phtf1os,PHTF1OS,-0.6074523611598955,1.544554511665095e-05,DOWN
Acc8_hippocampus_ST_A_Ex_KD,8,hippocampus,ST_A_Ex_KD,GSE280382,gene_name,Dynll2,DYNLL2,0.6250869929979572,1.572150254069065e-05,UP
Acc8_hippocampus_ST_A_Ex_KD,8,hippocampus,ST_A_Ex_KD,GSE280382,gene_name,Flywch2,FLYWCH2,0.8166718915166916,1.7694729198074963e-05,UP
Acc8_hippocampus_ST_A_Ex_KD,8,hippocampus,ST_A_Ex_KD,GSE280382,gene_name,Eif3g,EIF3G,0.5088262910812796,1.808839329880544e-05,UP
Acc8_hippocampus_ST_A_Ex_KD,8,hippocampus,ST_A_Ex_KD,GSE280382,gene_name,Ndufab1-ps,NDUFAB1-PS,-2.191013303439421,1.9117165584312737e-05,DOWN
Acc8_hippocampus_ST_A_Ex_KD,8,hippocampus,ST_A_Ex_KD,GSE280382,gene_name,Hspe1,HSPE1,0.5319169315547755,2.1910416245494363e-05,UP
Acc8_hippocampus_ST_A_Ex_KD,8,hippocampus,ST_A_Ex_KD,GSE280382,gene_name,Gm12816,GM12816,-1.6120393259311283,2.25640524053364e-05,DOWN
Acc8_hippocampus_ST_A_Ex_KD,8,hippocampus,ST_A_Ex_KD,GSE280382,gene_name,Mrps28,MRPS28,0.6409514493646288,2.284596316292873e-05,UP
Acc8_hippocampus_ST_A_Ex_KD,8,hippocampus,ST_A_Ex_KD,GSE280382,gene_name,Magt1,MAGT1,-0.5175678906758966,2.294924523133733e-05,DOWN
Acc8_hippocampus_ST_A_Ex_KD,8,hippocampus,ST_A_Ex_KD,GSE280382,gene_name,Gm20056,GM20056,-1.8997207767349815,2.3918588058623888e-05,DOWN
Acc8_hippocampus_ST_A_Ex_KD,8,hippocampus,ST_A_Ex_KD,GSE280382,gene_name,Slc19a3,SLC19A3,-0.6769916714447443,2.3918588058623888e-05,DOWN
Acc8_hippocampus_ST_A_Ex_KD,8,hippocampus,ST_A_Ex_KD,GSE280382,gene_name,1810009a15rik,1810009A15RIK,0.650889294812609,2.6262984477542053e-05,UP
Acc8_hippocampus_ST_A_Ex_KD,8,hippocampus,ST_A_Ex_KD,GSE280382,gene_name,Higd1b,HIGD1B,0.9130332655334285,3.101968834313481e-05,UP
Acc8_hippocampus_ST_A_Ex_KD,8,hippocampus,ST_A_Ex_KD,GSE280382,gene_name,Rybp-ps,RYBP-PS,-1.808918564615436,3.214820360268834e-05,DOWN
Acc8_hippocampus_ST_A_Ex_KD,8,hippocampus,ST_A_Ex_KD,GSE280382,gene_name,Gm46830,GM46830,-1.7268687760344943,3.250054249434783e-05,DOWN
Acc8_hippocampus_ST_A_Ex_KD,8,hippocampus,ST_A_Ex_KD,GSE280382,gene_name,Ankrd35,ANKRD35,0.5363606395090201,3.573627165193851e-05,UP
Acc8_hippocampus_ST_A_Ex_KD,8,hippocampus,ST_A_Ex_KD,GSE280382,gene_name,Hmgb3,HMGB3,0.6543740504868178,3.5822267424946496e-05,UP
Acc8_hippocampus_ST_A_Ex_KD,8,hippocampus,ST_A_Ex_KD,GSE280382,gene_name,Mrpl41,MRPL41,0.5554597182725395,3.6802063230786205e-05,UP
Acc8_hippocampus_ST_A_Ex_KD,8,hippocampus,ST_A_Ex_KD,GSE280382,gene_name,Gm13446,GM13446,0.6381812268175454,3.776437330779245e-05,UP
Acc8_hippocampus_ST_A_Ex_KD,8,hippocampus,ST_A_Ex_KD,GSE280382,gene_name,C030023e24rik,C030023E24RIK,-0.7469419762139762,3.855857947116453e-05,DOWN
Acc8_hippocampus_ST_A_Ex_KD,8,hippocampus,ST_A_Ex_KD,GSE280382,gene_name,Timm13,TIMM13,0.5897024390602892,4.504734374076659e-05,UP
Acc8_hippocampus_ST_A_Ex_KD,8,hippocampus,ST_A_Ex_KD,GSE280382,gene_name,Gm32528,GM32528,0.7104431473566429,4.610249998793168e-05,UP
Acc8_hippocampus_ST_A_Ex_KD,8,hippocampus,ST_A_Ex_KD,GSE280382,gene_name,Polr2l,POLR2L,0.5924001502309558,4.618061169637748e-05,UP
Acc8_hippocampus_ST_A_Ex_KD,8,hippocampus,ST_A_Ex_KD,GSE280382,gene_name,Loc118568563,LOC118568563,-1.9251663169691493,4.740292089155964e-05,DOWN
Acc8_hippocampus_ST_A_Ex_KD,8,hippocampus,ST_A_Ex_KD,GSE280382,gene_name,Cox14,COX14,0.5580146629522009,5.249121082296618e-05,UP
Acc8_hippocampus_ST_A_Ex_KD,8,hippocampus,ST_A_Ex_KD,GSE280382,gene_name,Gm11478,GM11478,-1.1188304995368918,5.405733935571246e-05,DOWN
Acc8_hippocampus_ST_A_Ex_KD,8,hippocampus,ST_A_Ex_KD,GSE280382,gene_name,Gm46091,GM46091,0.7089235652543681,5.611032054833946e-05,UP
Acc8_hippocampus_ST_A_Ex_KD,8,hippocampus,ST_A_Ex_KD,GSE280382,gene_name,1110025m09rik,1110025M09RIK,0.6310590344138572,6.110514925756409e-05,UP
Acc8_hippocampus_ST_A_Ex_KD,8,hippocampus,ST_A_Ex_KD,GSE280382,gene_name,Lor,LOR,0.7187621164033524,6.31999686234862e-05,UP
Acc8_hippocampus_ST_A_Ex_KD,8,hippocampus,ST_A_Ex_KD,GSE280382,gene_name,Rplp2-ps1,RPLP2-PS1,-0.9068291802330056,7.25913853265913e-05,DOWN
Acc8_hippocampus_ST_A_Ex_KD,8,hippocampus,ST_A_Ex_KD,GSE280382,gene_name,Gm36661,GM36661,-2.1118865508540843,8.007361281189134e-05,DOWN
Acc8_hippocampus_ST_A_Ex_KD,8,hippocampus,ST_A_Ex_KD,GSE280382,gene_name,Gm10157,GM10157,-1.5490354405077622,8.391516688236487e-05,DOWN
Acc8_hippocampus_ST_A_Ex_KD,8,hippocampus,ST_A_Ex_KD,GSE280382,gene_name,Klk13,KLK13,1.4087669883087863,8.557864872456349e-05,UP
Acc8_hippocampus_ST_A_Ex_KD,8,hippocampus,ST_A_Ex_KD,GSE280382,gene_name,Rpp25l,RPP25L,0.5610492167851172,8.60708231413305e-05,UP
Acc8_hippocampus_ST_A_Ex_KD,8,hippocampus,ST_A_Ex_KD,GSE280382,gene_name,Tox3,TOX3,-0.515541081910791,9.266379302705036e-05,DOWN
Acc8_hippocampus_ST_A_Ex_KD,8,hippocampus,ST_A_Ex_KD,GSE280382,gene_name,Cox7b,COX7B,0.590472321512038,9.41957012691672e-05,UP
Acc8_hippocampus_ST_A_Ex_KD,8,hippocampus,ST_A_Ex_KD,GSE280382,gene_name,Zxdb,ZXDB,-0.5126137730327506,9.720213479064691e-05,DOWN
Acc8_hippocampus_ST_A_Ex_KD,8,hippocampus,ST_A_Ex_KD,GSE280382,gene_name,Gamt,GAMT,0.5670494896544799,9.810270540496012e-05,UP
Acc8_hippocampus_ST_A_Ex_KD,8,hippocampus,ST_A_Ex_KD,GSE280382,gene_name,Gm51556,GM51556,0.7442561167463073,9.97054305610982e-05,UP
Acc8_hippocampus_ST_A_Ex_KD,8,hippocampus,ST_A_Ex_KD,GSE280382,gene_name,Phpt1,PHPT1,0.5195852381430374,0.000102958194352,UP
Acc8_hippocampus_ST_A_Ex_KD,8,hippocampus,ST_A_Ex_KD,GSE280382,gene_name,Ptchd1,PTCHD1,-0.5393962143453095,0.0001033918460716,DOWN
Acc8_hippocampus_ST_A_Ex_KD,8,hippocampus,ST_A_Ex_KD,GSE280382,gene_name,Mthfsl,MTHFSL,0.5039682854462625,0.0001170921511908,UP
Acc8_hippocampus_ST_A_Ex_KD,8,hippocampus,ST_A_Ex_KD,GSE280382,gene_name,Gan,GAN,0.855830295188947,0.0001253502094943,UP
Acc8_hippocampus_ST_A_Ex_KD,8,hippocampus,ST_A_Ex_KD,GSE280382,gene_name,Snhg10,SNHG10,1.096451999536178,0.0001470077205615,UP
Acc8_hippocampus_ST_A_Ex_KD,8,hippocampus,ST_A_Ex_KD,GSE280382,gene_name,Zfp976,ZFP976,-0.5456650550696748,0.0001615862002308,DOWN
Acc8_hippocampus_ST_A_Ex_KD,8,hippocampus,ST_A_Ex_KD,GSE280382,gene_name,Ccdc58,CCDC58,0.5422262892254605,0.0001634824229608,UP
Acc8_hippocampus_ST_A_Ex_KD,8,hippocampus,ST_A_Ex_KD,GSE280382,gene_name,Gm8149,GM8149,0.5968889201977925,0.000167567335352,UP
Acc8_hippocampus_ST_A_Ex_KD,8,hippocampus,ST_A_Ex_KD,GSE280382,gene_name,Gm10224,GM10224,-1.5745897456971465,0.00017886492197,DOWN
Acc8_hippocampus_ST_A_Ex_KD,8,hippocampus,ST_A_Ex_KD,GSE280382,gene_name,Uxt,UXT,0.6176945841022565,0.0001891593191689,UP
Acc8_hippocampus_ST_A_Ex_KD,8,hippocampus,ST_A_Ex_KD,GSE280382,gene_name,9430041j12rik,9430041J12RIK,0.714671230558625,0.0001962591531679,UP
Acc8_hippocampus_ST_A_Ex_KD,8,hippocampus,ST_A_Ex_KD,GSE280382,gene_name,Nfkbil1,NFKBIL1,0.6015878617657141,0.0001996778494766,UP
Acc8_hippocampus_ST_A_Ex_KD,8,hippocampus,ST_A_Ex_KD,GSE280382,gene_name,H2aj,H2AJ,0.5180906437698256,0.0002030343638829,UP
Acc8_hippocampus_ST_A_Ex_KD,8,hippocampus,ST_A_Ex_KD,GSE280382,gene_name,Gm52502,GM52502,2.1202933952760685,0.0002264113218561,UP
Acc8_hippocampus_ST_A_Ex_KD,8,hippocampus,ST_A_Ex_KD,GSE280382,gene_name,Slc18a2,SLC18A2,-0.5848175268594609,0.0002378122963596,DOWN
Acc8_hippocampus_ST_A_Ex_KD,8,hippocampus,ST_A_Ex_KD,GSE280382,gene_name,Prrg1,PRRG1,-0.5281449043143732,0.0002391303367424,DOWN
Acc8_hippocampus_ST_A_Ex_KD,8,hippocampus,ST_A_Ex_KD,GSE280382,gene_name,Myh7b,MYH7B,0.6339187308880406,0.0002421413242836,UP
Acc8_hippocampus_ST_A_Ex_KD,8,hippocampus,ST_A_Ex_KD,GSE280382,gene_name,5730408k05rik,5730408K05RIK,1.2578273868401109,0.0002628555149291,UP
Acc8_hippocampus_ST_A_Ex_KD,8,hippocampus,ST_A_Ex_KD,GSE280382,gene_name,Cysltr2,CYSLTR2,-1.508617586816897,0.0002638912031292,DOWN
Acc8_hippocampus_ST_A_Ex_KD,8,hippocampus,ST_A_Ex_KD,GSE280382,gene_name,Gm14279,GM14279,-1.2182189821261884,0.0002699379285162,DOWN
Acc8_hippocampus_ST_A_Ex_KD,8,hippocampus,ST_A_Ex_KD,GSE280382,gene_name,Atp2c2,ATP2C2,1.1037863925863542,0.0002829036349,UP
Acc8_hippocampus_ST_A_Ex_KD,8,hippocampus,ST_A_Ex_KD,GSE280382,gene_name,Slc24a5,SLC24A5,-0.5735139684545152,0.0002965043958568,DOWN
Acc8_hippocampus_ST_A_Ex_KD,8,hippocampus,ST_A_Ex_KD,GSE280382,gene_name,Fosl1,FOSL1,0.7482818445580455,0.0003040722579311,UP
Acc8_hippocampus_ST_A_Ex_KD,8,hippocampus,ST_A_Ex_KD,GSE280382,gene_name,Hscb,HSCB,0.6357191972609504,0.000327180629217,UP
Acc8_hippocampus_ST_A_Ex_KD,8,hippocampus,ST_A_Ex_KD,GSE280382,gene_name,Gm34267,GM34267,0.654043222034504,0.00034432417032,UP
Acc8_hippocampus_ST_A_Ex_KD,8,hippocampus,ST_A_Ex_KD,GSE280382,gene_name,Trim34a,TRIM34A,-0.831450105398882,0.0003626944604021,DOWN
Acc8_hippocampus_ST_A_Ex_KD,8,hippocampus,ST_A_Ex_KD,GSE280382,gene_name,Gm12669,GM12669,-1.5079915025375992,0.0003684752096591,DOWN
Acc8_hippocampus_ST_A_Ex_KD,8,hippocampus,ST_A_Ex_KD,GSE280382,gene_name,Cox6a1,COX6A1,0.5226600037408684,0.0003780809375874,UP
Acc8_hippocampus_ST_A_Ex_KD,8,hippocampus,ST_A_Ex_KD,GSE280382,gene_name,Bnip3l-ps,BNIP3L-PS,-1.3770156500013278,0.000405328999799,DOWN
Acc8_hippocampus_ST_A_Ex_KD,8,hippocampus,ST_A_Ex_KD,GSE280382,gene_name,Gm33862,GM33862,-0.6489362816296318,0.000405328999799,DOWN
Acc8_hippocampus_ST_A_Ex_KD,8,hippocampus,ST_A_Ex_KD,GSE280382,gene_name,Plin4,PLIN4,1.8477280793349835,0.0004078330571873,UP
Acc8_hippocampus_ST_A_Ex_KD,8,hippocampus,ST_A_Ex_KD,GSE280382,gene_name,Gm34755,GM34755,1.7383700889302467,0.0004143256134806,UP
Acc8_hippocampus_ST_A_Ex_KD,8,hippocampus,ST_A_Ex_KD,GSE280382,gene_name,Gm5415,GM5415,-1.888318933007038,0.0004502336601515,DOWN
Acc8_hippocampus_ST_A_Ex_KD,8,hippocampus,ST_A_Ex_KD,GSE280382,gene_name,Gm46287,GM46287,1.7541728222128097,0.0004516618562515,UP
Acc8_hippocampus_ST_A_Ex_KD,8,hippocampus,ST_A_Ex_KD,GSE280382,gene_name,Gm51666,GM51666,-1.4388640056721769,0.0004567898435904,DOWN
Acc8_hippocampus_ST_A_Ex_KD,8,hippocampus,ST_A_Ex_KD,GSE280382,gene_name,Ecm2,ECM2,-0.7013107824377419,0.0004591375272009,DOWN
Acc8_hippocampus_ST_A_Ex_KD,8,hippocampus,ST_A_Ex_KD,GSE280382,gene_name,3110040n11rik,3110040N11RIK,0.5079373773984933,0.0004635474890787,UP
Acc8_hippocampus_ST_A_Ex_KD,8,hippocampus,ST_A_Ex_KD,GSE280382,gene_name,Ret,RET,-0.9863806472274236,0.000481736918835,DOWN
Acc8_hippocampus_ST_A_Ex_KD,8,hippocampus,ST_A_Ex_KD,GSE280382,gene_name,Gm13363,GM13363,-1.555555215397436,0.0004889734831718,DOWN
Acc8_hippocampus_ST_A_Ex_KD,8,hippocampus,ST_A_Ex_KD,GSE280382,gene_name,Gm19522,GM19522,-0.7167555131153134,0.0005123117789389,DOWN
Acc8_hippocampus_ST_A_Ex_KD,8,hippocampus,ST_A_Ex_KD,GSE280382,gene_name,A330015k06rik,A330015K06RIK,1.2628439877187625,0.0005196570623389,UP
Acc8_hippocampus_ST_A_Ex_KD,8,hippocampus,ST_A_Ex_KD,GSE280382,gene_name,Camk2d,CAMK2D,-0.5536031057066426,0.0005347143193844,DOWN
Acc8_hippocampus_ST_A_Ex_KD,8,hippocampus,ST_A_Ex_KD,GSE280382,gene_name,Snrpg,SNRPG,0.5185074786241098,0.0005560864655555,UP
Acc8_hippocampus_ST_A_Ex_KD,8,hippocampus,ST_A_Ex_KD,GSE280382,gene_name,Trim59,TRIM59,-0.5088235154324764,0.0005561788059073,DOWN
Acc8_hippocampus_ST_A_Ex_KD,8,hippocampus,ST_A_Ex_KD,GSE280382,gene_name,Asic4,ASIC4,0.5190850887029363,0.0005830410306011,UP
Acc8_hippocampus_ST_A_Ex_KD,8,hippocampus,ST_A_Ex_KD,GSE280382,gene_name,Gm52430,GM52430,1.2952191393959205,0.0006197223718595,UP
Acc8_hippocampus_ST_A_Ex_KD,8,hippocampus,ST_A_Ex_KD,GSE280382,gene_name,Gm6402,GM6402,-1.9023699023744771,0.0006240459619588,DOWN
Acc8_hippocampus_ST_A_Ex_KD,8,hippocampus,ST_A_Ex_KD,GSE280382,gene_name,Ugt8a,UGT8A,-0.5602039682905701,0.0006244834170052,DOWN
Acc8_hippocampus_ST_A_Ex_KD,8,hippocampus,ST_A_Ex_KD,GSE280382,gene_name,Bche,BCHE,-0.7340388597680493,0.0006691280801972,DOWN
Acc8_hippocampus_ST_A_Ex_KD,8,hippocampus,ST_A_Ex_KD,GSE280382,gene_name,Rpl6l,RPL6L,-0.8636434483026127,0.0006910925678511,DOWN
Acc8_hippocampus_ST_A_Ex_KD,8,hippocampus,ST_A_Ex_KD,GSE280382,gene_name,Loc115487369,LOC115487369,-0.9394625911396358,0.0006984232326927,DOWN
Acc8_hippocampus_ST_A_Ex_KD,8,hippocampus,ST_A_Ex_KD,GSE280382,gene_name,Gm51579,GM51579,0.5014148879991586,0.0007196243078377,UP
Acc8_hippocampus_ST_A_Ex_KD,8,hippocampus,ST_A_Ex_KD,GSE280382,gene_name,Polr2j,POLR2J,0.5464816133840191,0.000724760004087,UP
Acc8_hippocampus_ST_A_Ex_KD,8,hippocampus,ST_A_Ex_KD,GSE280382,gene_name,4930413g21rik,4930413G21RIK,0.6406215682929468,0.0007326917740478,UP
Acc8_hippocampus_ST_A_Ex_KD,8,hippocampus,ST_A_Ex_KD,GSE280382,gene_name,Pcbd2,PCBD2,0.5672819170752096,0.0007378387979564,UP
Acc8_hippocampus_ST_A_Ex_KD,8,hippocampus,ST_A_Ex_KD,GSE280382,gene_name,Gm12227,GM12227,1.6781669308719638,0.0007386124242218,UP
Acc8_hippocampus_ST_A_Ex_KD,8,hippocampus,ST_A_Ex_KD,GSE280382,gene_name,Apln,APLN,-0.6480191893630306,0.0007635632729486,DOWN
Acc8_hippocampus_ST_A_Ex_KD,8,hippocampus,ST_A_Ex_KD,GSE280382,gene_name,Rflnb,RFLNB,-0.5850184608666115,0.0007903935238835,DOWN
Acc8_hippocampus_ST_A_Ex_KD,8,hippocampus,ST_A_Ex_KD,GSE280382,gene_name,Gm4532,GM4532,0.9834341863098676,0.0008170435499635,UP
Acc8_hippocampus_ST_A_Ex_KD,8,hippocampus,ST_A_Ex_KD,GSE280382,gene_name,Gm40647,GM40647,-2.6041513815971444,0.0008172458672037,DOWN
Acc8_hippocampus_ST_A_Ex_KD,8,hippocampus,ST_A_Ex_KD,GSE280382,gene_name,Fcor,FCOR,0.8233536346973082,0.0008490962370462,UP
Acc8_hippocampus_ST_A_Ex_KD,8,hippocampus,ST_A_Ex_KD,GSE280382,gene_name,1500002f19rik,1500002F19RIK,0.8372135270489514,0.0008619954984675,UP
Acc8_hippocampus_ST_A_Ex_KD,8,hippocampus,ST_A_Ex_KD,GSE280382,gene_name,Gm40233,GM40233,0.9782492502229674,0.0008762910880041,UP
Acc8_hippocampus_ST_A_Ex_KD,8,hippocampus,ST_A_Ex_KD,GSE280382,gene_name,Gm4199,GM4199,-1.45455679906033,0.00088029565736,DOWN
Acc8_hippocampus_ST_A_Ex_KD,8,hippocampus,ST_A_Ex_KD,GSE280382,gene_name,2810049e08rik,2810049E08RIK,0.8189291849626582,0.0009044603757769,UP
Acc8_hippocampus_ST_A_Ex_KD,8,hippocampus,ST_A_Ex_KD,GSE280382,gene_name,Loc115488769,LOC115488769,1.5284126039860133,0.0009655417569853,UP
Acc8_hippocampus_ST_A_Ex_KD,8,hippocampus,ST_A_Ex_KD,GSE280382,gene_name,Nudt8,NUDT8,0.5707266957274184,0.0009793260191311,UP
Acc8_hippocampus_ST_A_Ex_KD,8,hippocampus,ST_A_Ex_KD,GSE280382,gene_name,Gm42378,GM42378,1.186486503210156,0.001021631646163,UP
Acc8_hippocampus_ST_A_Ex_KD,8,hippocampus,ST_A_Ex_KD,GSE280382,gene_name,Smim27,SMIM27,0.9281159111386662,0.0010306217950871,UP
Acc8_hippocampus_ST_A_Ex_KD,8,hippocampus,ST_A_Ex_KD,GSE280382,gene_name,Rps23rg1,RPS23RG1,-0.93400669492579,0.0010406975861964,DOWN
Acc8_hippocampus_ST_A_Ex_KD,8,hippocampus,ST_A_Ex_KD,GSE280382,gene_name,Gm33763,GM33763,2.518154306853108,0.0011075279294433,UP
Acc8_hippocampus_ST_A_Ex_KD,8,hippocampus,ST_A_Ex_KD,GSE280382,gene_name,Pet117,PET117,1.471340332684172,0.0011605607189669,UP
Acc8_hippocampus_ST_A_Ex_KD,8,hippocampus,ST_A_Ex_KD,GSE280382,gene_name,Loc118567488,LOC118567488,-0.9891051186926768,0.0011751109834115,DOWN
Acc8_hippocampus_ST_A_Ex_KD,8,hippocampus,ST_A_Ex_KD,GSE280382,gene_name,Gm39450,GM39450,2.045291842315999,0.0011972375218884,UP
Acc8_hippocampus_ST_A_Ex_KD,8,hippocampus,ST_A_Ex_KD,GSE280382,gene_name,Gm51782,GM51782,1.0186987146511597,0.0011972375218884,UP
Acc8_hippocampus_ST_A_Ex_KD,8,hippocampus,ST_A_Ex_KD,GSE280382,gene_name,Jsrp1,JSRP1,0.7549055465748837,0.0012065240939096,UP
Acc8_hippocampus_ST_A_Ex_KD,8,hippocampus,ST_A_Ex_KD,GSE280382,gene_name,Slc5a3,SLC5A3,-0.5125416829177731,0.0012975801848332,DOWN
Acc8_hippocampus_ST_A_Ex_KD,8,hippocampus,ST_A_Ex_KD,GSE280382,gene_name,Gm36118,GM36118,0.8816461337402592,0.0013556578089594,UP
Acc8_hippocampus_ST_A_Ex_KD,8,hippocampus,ST_A_Ex_KD,GSE280382,gene_name,2310039h08rik,2310039H08RIK,0.8070689732584401,0.0014229070661696,UP
Acc8_hippocampus_ST_A_Ex_KD,8,hippocampus,ST_A_Ex_KD,GSE280382,gene_name,Aldoart1,ALDOART1,-1.0281620720591076,0.0014277825425791,DOWN
Acc8_hippocampus_ST_A_Ex_KD,8,hippocampus,ST_A_Ex_KD,GSE280382,gene_name,Gm9947,GM9947,-0.6134708522696879,0.0014516389637399,DOWN
Acc8_hippocampus_ST_A_Ex_KD,8,hippocampus,ST_A_Ex_KD,GSE280382,gene_name,Rpl37rt,RPL37RT,-0.6562308581055248,0.00152034578116,DOWN
Acc8_hippocampus_ST_A_Ex_KD,8,hippocampus,ST_A_Ex_KD,GSE280382,gene_name,9330020h09rik,9330020H09RIK,0.9679410573031932,0.0015987638244149,UP
Acc8_hippocampus_ST_A_Ex_KD,8,hippocampus,ST_A_Ex_KD,GSE280382,gene_name,Gm41349,GM41349,0.5118855947802677,0.0016034367681018,UP
Acc8_hippocampus_ST_A_Ex_KD,8,hippocampus,ST_A_Ex_KD,GSE280382,gene_name,Loc118567341,LOC118567341,-0.9134225970593468,0.0016223155037278,DOWN
Acc8_hippocampus_ST_A_Ex_KD,8,hippocampus,ST_A_Ex_KD,GSE280382,gene_name,Prr16,PRR16,-0.5452315486120962,0.0016421297161581,DOWN
Acc8_hippocampus_ST_A_Ex_KD,8,hippocampus,ST_A_Ex_KD,GSE280382,gene_name,Clec2d,CLEC2D,1.0038047570685131,0.0016664618212233,UP
Acc8_hippocampus_ST_A_Ex_KD,8,hippocampus,ST_A_Ex_KD,GSE280382,gene_name,Ppp1r14a,PPP1R14A,0.5957900315756428,0.0016806321112037,UP
Acc8_hippocampus_ST_A_Ex_KD,8,hippocampus,ST_A_Ex_KD,GSE280382,gene_name,Pdlim2,PDLIM2,0.6053098731503419,0.0017056715948321,UP
Acc8_hippocampus_ST_A_Ex_KD,8,hippocampus,ST_A_Ex_KD,GSE280382,gene_name,Prickle4,PRICKLE4,0.5619093471334361,0.0017109736825651,UP
Acc8_hippocampus_ST_A_Ex_KD,8,hippocampus,ST_A_Ex_KD,GSE280382,gene_name,Gm12696,GM12696,-1.1389840877851394,0.0017306968512885,DOWN
Acc8_hippocampus_ST_A_Ex_KD,8,hippocampus,ST_A_Ex_KD,GSE280382,gene_name,Rnaset2b,RNASET2B,0.9533100545029424,0.0017503947387539,UP
Acc8_hippocampus_ST_A_Ex_KD,8,hippocampus,ST_A_Ex_KD,GSE280382,gene_name,Wnt9a,WNT9A,1.0876423985767454,0.0017545103641456,UP
Acc8_hippocampus_ST_A_Ex_KD,8,hippocampus,ST_A_Ex_KD,GSE280382,gene_name,Ceacam1,CEACAM1,-0.5727465556119595,0.0017689713830453,DOWN
Acc8_hippocampus_ST_A_Ex_KD,8,hippocampus,ST_A_Ex_KD,GSE280382,gene_name,Loc118567920,LOC118567920,0.5621911353739367,0.0018793748896949,UP
Acc8_hippocampus_ST_A_Ex_KD,8,hippocampus,ST_A_Ex_KD,GSE280382,gene_name,Dsg2,DSG2,-0.6569244985216506,0.0018836466498454,DOWN
Acc8_hippocampus_ST_A_Ex_KD,8,hippocampus,ST_A_Ex_KD,GSE280382,gene_name,Gm10874,GM10874,-1.0360925106859558,0.0018902428877327,DOWN
Acc8_hippocampus_ST_A_Ex_KD,8,hippocampus,ST_A_Ex_KD,GSE280382,gene_name,Gm40855,GM40855,-1.5527068073594146,0.0019060507408482,DOWN
Acc8_hippocampus_ST_A_Ex_KD,8,hippocampus,ST_A_Ex_KD,GSE280382,gene_name,Myh15,MYH15,-0.6023567712829746,0.0019467239703525,DOWN
Acc8_hippocampus_ST_A_Ex_KD,8,hippocampus,ST_A_Ex_KD,GSE280382,gene_name,Loc118567821,LOC118567821,-1.6221159458212209,0.0019576931343108,DOWN
Acc8_hippocampus_ST_A_Ex_KD,8,hippocampus,ST_A_Ex_KD,GSE280382,gene_name,H2bc6,H2BC6,-0.7144191414624385,0.00196095899334,DOWN
Acc8_hippocampus_ST_A_Ex_KD,8,hippocampus,ST_A_Ex_KD,GSE280382,gene_name,Gm20642,GM20642,-1.5128233079161155,0.0019856849015429,DOWN
Acc8_hippocampus_ST_A_Ex_KD,8,hippocampus,ST_A_Ex_KD,GSE280382,gene_name,Loc108167518,LOC108167518,0.5551293501099206,0.0019856849015429,UP
Acc8_hippocampus_ST_A_Ex_KD,8,hippocampus,ST_A_Ex_KD,GSE280382,gene_name,Gm15689,GM15689,-1.286755693600736,0.0020128907436504,DOWN
Acc8_hippocampus_ST_A_Ex_KD,8,hippocampus,ST_A_Ex_KD,GSE280382,gene_name,Npm3,NPM3,0.6091230812030285,0.0020128907436504,UP
Acc8_hippocampus_ST_A_Ex_KD,8,hippocampus,ST_A_Ex_KD,GSE280382,gene_name,Epb41l4aos,EPB41L4AOS,0.5760448513849098,0.0020487154998667,UP
Acc8_hippocampus_ST_A_Ex_KD,8,hippocampus,ST_A_Ex_KD,GSE280382,gene_name,Gm13404,GM13404,1.1501606404288578,0.002111201540783,UP
Acc8_hippocampus_ST_A_Ex_KD,8,hippocampus,ST_A_Ex_KD,GSE280382,gene_name,Cav1,CAV1,-0.5084433279754247,0.0021819157451841,DOWN
Acc8_hippocampus_ST_A_Ex_KD,8,hippocampus,ST_A_Ex_KD,GSE280382,gene_name,Gm5901,GM5901,0.8659361845503748,0.0021974796687432,UP
Acc8_hippocampus_ST_A_Ex_KD,8,hippocampus,ST_A_Ex_KD,GSE280382,gene_name,Rarb,RARB,-0.5302864839008923,0.0022287498793997,DOWN
Acc8_hippocampus_ST_A_Ex_KD,8,hippocampus,ST_A_Ex_KD,GSE280382,gene_name,Loc115489019,LOC115489019,0.714239698565282,0.0023471448161497,UP
Acc8_hippocampus_ST_A_Ex_KD,8,hippocampus,ST_A_Ex_KD,GSE280382,gene_name,Gm6625,GM6625,-1.571680663903824,0.0024453442791247,DOWN
Acc8_hippocampus_ST_A_Ex_KD,8,hippocampus,ST_A_Ex_KD,GSE280382,gene_name,Gpr4,GPR4,-0.6536001693254015,0.0026005754320792,DOWN
Acc8_hippocampus_ST_A_Ex_KD,8,hippocampus,ST_A_Ex_KD,GSE280382,gene_name,Rhov,RHOV,0.5522103656075369,0.0026069267735356,UP
Acc8_hippocampus_ST_A_Ex_KD,8,hippocampus,ST_A_Ex_KD,GSE280382,gene_name,Tmem45a,TMEM45A,-1.188801615366105,0.0026689256582597,DOWN
Acc8_hippocampus_ST_A_Ex_KD,8,hippocampus,ST_A_Ex_KD,GSE280382,gene_name,Gm33581,GM33581,0.7653670922036167,0.0026760647317983,UP
Acc8_hippocampus_ST_A_Ex_KD,8,hippocampus,ST_A_Ex_KD,GSE280382,gene_name,Calcrl,CALCRL,-0.5177336220105383,0.002708522557928,DOWN
Acc8_hippocampus_ST_A_Ex_KD,8,hippocampus,ST_A_Ex_KD,GSE280382,gene_name,Smim4,SMIM4,0.5440505855561726,0.0027228237472506,UP
Acc8_hippocampus_ST_A_Ex_KD,8,hippocampus,ST_A_Ex_KD,GSE280382,gene_name,Lnpep,LNPEP,1.6659304644688937,0.0027385274647352,UP
Acc8_hippocampus_ST_A_Ex_KD,8,hippocampus,ST_A_Ex_KD,GSE280382,gene_name,Gm41756,GM41756,-1.8437258225980135,0.0028790878282917,DOWN
Acc8_hippocampus_ST_A_Ex_KD,8,hippocampus,ST_A_Ex_KD,GSE280382,gene_name,Gm20939,GM20939,-0.814172162456294,0.0030325275235353,DOWN
Acc8_hippocampus_ST_A_Ex_KD,8,hippocampus,ST_A_Ex_KD,GSE280382,gene_name,Glp1r,GLP1R,-2.2692409992255014,0.003171449756619,DOWN
Acc8_hippocampus_ST_A_Ex_KD,8,hippocampus,ST_A_Ex_KD,GSE280382,gene_name,Loc118567400,LOC118567400,1.232968977711395,0.0031974070901303,UP
Acc8_hippocampus_ST_A_Ex_KD,8,hippocampus,ST_A_Ex_KD,GSE280382,gene_name,1700008j07rik,1700008J07RIK,0.5480905086247974,0.0032220891342108,UP
Acc8_hippocampus_ST_A_Ex_KD,8,hippocampus,ST_A_Ex_KD,GSE280382,gene_name,Gm51971,GM51971,-1.2226503730945322,0.0032934596898368,DOWN
Acc8_hippocampus_ST_A_Ex_KD,8,hippocampus,ST_A_Ex_KD,GSE280382,gene_name,Loc108167553,LOC108167553,0.6870513794283823,0.0034228816531938,UP
Acc8_hippocampus_ST_A_Ex_KD,8,hippocampus,ST_A_Ex_KD,GSE280382,gene_name,Btc,BTC,-1.0490395667097705,0.0034564619928702,DOWN
Acc8_hippocampus_ST_A_Ex_KD,8,hippocampus,ST_A_Ex_KD,GSE280382,gene_name,Zmym1,ZMYM1,-0.6538726570370188,0.0035175746607309,DOWN
Acc8_hippocampus_ST_A_Ex_KD,8,hippocampus,ST_A_Ex_KD,GSE280382,gene_name,Gm9885,GM9885,0.5846728299601894,0.0035389740009821,UP
Acc8_hippocampus_ST_A_Ex_KD,8,hippocampus,ST_A_Ex_KD,GSE280382,gene_name,Gm40309,GM40309,0.6240799396942733,0.0035475223376644,UP
Acc8_hippocampus_ST_A_Ex_KD,8,hippocampus,ST_A_Ex_KD,GSE280382,gene_name,Gm32059,GM32059,0.7108573559689082,0.003574714434156,UP
Acc8_hippocampus_ST_A_Ex_KD,8,hippocampus,ST_A_Ex_KD,GSE280382,gene_name,Vstm4,VSTM4,-0.9200477355438248,0.0035787742075134,DOWN
Acc8_hippocampus_ST_A_Ex_KD,8,hippocampus,ST_A_Ex_KD,GSE280382,gene_name,Serf1,SERF1,0.5675801760227037,0.0035867845550195,UP
Acc8_hippocampus_ST_A_Ex_KD,8,hippocampus,ST_A_Ex_KD,GSE280382,gene_name,Ifi44,IFI44,-1.536059745521832,0.0036629268886472,DOWN
Acc8_hippocampus_ST_A_Ex_KD,8,hippocampus,ST_A_Ex_KD,GSE280382,gene_name,4732491k20rik,4732491K20RIK,0.5747676969505152,0.0036830720774274,UP
Acc8_hippocampus_ST_A_Ex_KD,8,hippocampus,ST_A_Ex_KD,GSE280382,gene_name,Gm46358,GM46358,0.730693128888823,0.0037574736164053,UP
Acc8_hippocampus_ST_A_Ex_KD,8,hippocampus,ST_A_Ex_KD,GSE280382,gene_name,Gm12693,GM12693,-1.2111017183430424,0.0037679590596761,DOWN
Acc8_hippocampus_ST_A_Ex_KD,8,hippocampus,ST_A_Ex_KD,GSE280382,gene_name,Krt2,KRT2,0.5085307105210185,0.0038179103497903,UP
Acc8_hippocampus_ST_A_Ex_KD,8,hippocampus,ST_A_Ex_KD,GSE280382,gene_name,Asb4,ASB4,-1.4805045099742526,0.0038183458696061,DOWN
Acc8_hippocampus_ST_A_Ex_KD,8,hippocampus,ST_A_Ex_KD,GSE280382,gene_name,Tex47,TEX47,-1.8089896330469328,0.0039633205040948,DOWN
Acc8_hippocampus_ST_A_Ex_KD,8,hippocampus,ST_A_Ex_KD,GSE280382,gene_name,Zfas1,ZFAS1,0.5313727853768184,0.0040014831722459,UP
Acc8_hippocampus_ST_A_Ex_KD,8,hippocampus,ST_A_Ex_KD,GSE280382,gene_name,Gm52172,GM52172,0.5184655719447099,0.0040080879733981,UP
Acc8_hippocampus_ST_A_Ex_KD,8,hippocampus,ST_A_Ex_KD,GSE280382,gene_name,Gm35857,GM35857,-1.6036618574125274,0.0040725042368679,DOWN
Acc8_hippocampus_ST_A_Ex_KD,8,hippocampus,ST_A_Ex_KD,GSE280382,gene_name,4933440n22rik,4933440N22RIK,0.8033182767831475,0.004099656153341,UP
Acc8_hippocampus_ST_A_Ex_KD,8,hippocampus,ST_A_Ex_KD,GSE280382,gene_name,Gm15455,GM15455,-1.3737442469526675,0.0041114301104019,DOWN
Acc8_hippocampus_ST_A_Ex_KD,8,hippocampus,ST_A_Ex_KD,GSE280382,gene_name,Gm6158,GM6158,-1.8366702410857787,0.0043020374527963,DOWN
Acc8_hippocampus_ST_A_Ex_KD,8,hippocampus,ST_A_Ex_KD,GSE280382,gene_name,Pcp4,PCP4,0.5017216916325403,0.0043505849879158,UP
Acc8_hippocampus_ST_A_Ex_KD,8,hippocampus,ST_A_Ex_KD,GSE280382,gene_name,Gm33449,GM33449,1.3230732145657136,0.0043901117625059,UP
Acc8_hippocampus_ST_A_Ex_KD,8,hippocampus,ST_A_Ex_KD,GSE280382,gene_name,Mt1,MT1,0.5228258768871193,0.0044089039943828,UP
Acc8_hippocampus_ST_A_Ex_KD,8,hippocampus,ST_A_Ex_KD,GSE280382,gene_name,E030003e18rik,E030003E18RIK,0.7188756626029056,0.0044202330625577,UP
Acc8_hippocampus_ST_A_Ex_KD,8,hippocampus,ST_A_Ex_KD,GSE280382,gene_name,Cracr2b,CRACR2B,0.7186268650981641,0.004671147663754,UP
Acc8_hippocampus_ST_A_Ex_KD,8,hippocampus,ST_A_Ex_KD,GSE280382,gene_name,Slfn8,SLFN8,-0.8828051288214812,0.0047865785434729,DOWN
Acc8_hippocampus_ST_A_Ex_KD,8,hippocampus,ST_A_Ex_KD,GSE280382,gene_name,Ifi203,IFI203,-0.6327408232823758,0.0048430417901719,DOWN
Acc8_hippocampus_ST_A_Ex_KD,8,hippocampus,ST_A_Ex_KD,GSE280382,gene_name,Gm52132,GM52132,0.8014690592292213,0.0048815108189177,UP
Acc8_hippocampus_ST_A_Ex_KD,8,hippocampus,ST_A_Ex_KD,GSE280382,gene_name,A730063m14rik,A730063M14RIK,1.304961492030003,0.0049097864617499,UP
Acc8_hippocampus_ST_A_Ex_KD,8,hippocampus,ST_A_Ex_KD,GSE280382,gene_name,Gm39642,GM39642,2.0234873490250536,0.005070129850654,UP
Acc8_hippocampus_ST_A_Ex_KD,8,hippocampus,ST_A_Ex_KD,GSE280382,gene_name,Gm9199,GM9199,-1.5194611689178783,0.0050876657831344,DOWN
Acc8_hippocampus_ST_A_Ex_KD,8,hippocampus,ST_A_Ex_KD,GSE280382,gene_name,9030607l20rik,9030607L20RIK,1.6345930087340823,0.0052949321953354,UP
Acc8_hippocampus_ST_A_Ex_KD,8,hippocampus,ST_A_Ex_KD,GSE280382,gene_name,Gm30970,GM30970,-1.4219831612662122,0.0055564096916764,DOWN
Acc8_hippocampus_ST_A_Ex_KD,8,hippocampus,ST_A_Ex_KD,GSE280382,gene_name,A730098a19rik,A730098A19RIK,0.6819944260662943,0.005662362475836,UP
Acc8_hippocampus_ST_A_Ex_KD,8,hippocampus,ST_A_Ex_KD,GSE280382,gene_name,Gm32768,GM32768,1.259728042177502,0.0057407267168947,UP
Acc8_hippocampus_ST_A_Ex_KD,8,hippocampus,ST_A_Ex_KD,GSE280382,gene_name,Gm30583,GM30583,1.0947932286547448,0.0057682355266081,UP
Acc8_hippocampus_ST_A_Ex_KD,8,hippocampus,ST_A_Ex_KD,GSE280382,gene_name,Spata24,SPATA24,0.7317708884087151,0.0057731776126431,UP
Acc8_hippocampus_ST_A_Ex_KD,8,hippocampus,ST_A_Ex_KD,GSE280382,gene_name,Ccl21b,CCL21B,0.8729903036120288,0.0059363518604886,UP
Acc8_hippocampus_ST_A_Ex_KD,8,hippocampus,ST_A_Ex_KD,GSE280382,gene_name,Tlr13,TLR13,-0.5089104109325971,0.0062266966930768,DOWN
Acc8_hippocampus_ST_A_Ex_KD,8,hippocampus,ST_A_Ex_KD,GSE280382,gene_name,Gm15743,GM15743,0.8834977660212687,0.0062283555383321,UP
Acc8_hippocampus_ST_A_Ex_KD,8,hippocampus,ST_A_Ex_KD,GSE280382,gene_name,Gm12657,GM12657,-1.4895565798754369,0.006315452927632,DOWN
Acc8_hippocampus_ST_A_Ex_KD,8,hippocampus,ST_A_Ex_KD,GSE280382,gene_name,Gm38900,GM38900,1.4555257588588255,0.0064132535455232,UP
Acc8_hippocampus_ST_A_Ex_KD,8,hippocampus,ST_A_Ex_KD,GSE280382,gene_name,Gm41810,GM41810,0.6908698309866549,0.0067226538503145,UP
Acc8_hippocampus_ST_A_Ex_KD,8,hippocampus,ST_A_Ex_KD,GSE280382,gene_name,Spag17,SPAG17,-0.7269465487845198,0.0070062469352617,DOWN
Acc8_hippocampus_ST_A_Ex_KD,8,hippocampus,ST_A_Ex_KD,GSE280382,gene_name,Mmp14,MMP14,-0.6822500271209201,0.0070062469352617,DOWN
Acc8_hippocampus_ST_A_Ex_KD,8,hippocampus,ST_A_Ex_KD,GSE280382,gene_name,Loc100861749,LOC100861749,-0.9542473827365588,0.0072198583813602,DOWN
Acc8_hippocampus_ST_A_Ex_KD,8,hippocampus,ST_A_Ex_KD,GSE280382,gene_name,Oas2,OAS2,-1.0017421176201178,0.0072974534092427,DOWN
Acc8_hippocampus_ST_A_Ex_KD,8,hippocampus,ST_A_Ex_KD,GSE280382,gene_name,Gm14377,GM14377,1.5087997709412342,0.0073423005673355,UP
Acc8_hippocampus_ST_A_Ex_KD,8,hippocampus,ST_A_Ex_KD,GSE280382,gene_name,Gm46060,GM46060,1.5372113076123617,0.0073446880762951,UP
Acc8_hippocampus_ST_A_Ex_KD,8,hippocampus,ST_A_Ex_KD,GSE280382,gene_name,Gm42274,GM42274,0.654131370739124,0.0073708082182471,UP
Acc8_hippocampus_ST_A_Ex_KD,8,hippocampus,ST_A_Ex_KD,GSE280382,gene_name,2900093k20rik,2900093K20RIK,0.7260649642793137,0.007453617921799,UP
Acc8_hippocampus_ST_A_Ex_KD,8,hippocampus,ST_A_Ex_KD,GSE280382,gene_name,Zbed6,ZBED6,1.4220794569539523,0.0075177003817009,UP
Acc8_hippocampus_ST_A_Ex_KD,8,hippocampus,ST_A_Ex_KD,GSE280382,gene_name,Cobl,COBL,-0.501124520101439,0.0075996826431911,DOWN
Acc8_hippocampus_ST_A_Ex_KD,8,hippocampus,ST_A_Ex_KD,GSE280382,gene_name,Gm16364,GM16364,0.6387446648123755,0.0076261205035058,UP
Acc8_hippocampus_ST_A_Ex_KD,8,hippocampus,ST_A_Ex_KD,GSE280382,gene_name,C030034l19rik,C030034L19RIK,1.4974535394889943,0.0076452304283039,UP
Acc8_hippocampus_ST_A_Ex_KD,8,hippocampus,ST_A_Ex_KD,GSE280382,gene_name,Zfp934,ZFP934,-0.6333100535424123,0.0079118437613841,DOWN
Acc8_hippocampus_ST_A_Ex_KD,8,hippocampus,ST_A_Ex_KD,GSE280382,gene_name,Gm36127,GM36127,0.8968240451138628,0.0079162436728318,UP
Acc8_hippocampus_ST_A_Ex_KD,8,hippocampus,ST_A_Ex_KD,GSE280382,gene_name,Dhrs13os,DHRS13OS,-0.5738506265122825,0.0080177475769993,DOWN
Acc8_hippocampus_ST_A_Ex_KD,8,hippocampus,ST_A_Ex_KD,GSE280382,gene_name,Map3k19,MAP3K19,-0.5645153402986405,0.0082890573911522,DOWN
Acc8_hippocampus_ST_A_Ex_KD,8,hippocampus,ST_A_Ex_KD,GSE280382,gene_name,S100a6,S100A6,0.5174679312529757,0.0083202014424118,UP
Acc8_hippocampus_ST_A_Ex_KD,8,hippocampus,ST_A_Ex_KD,GSE280382,gene_name,Rab37,RAB37,0.5032977121195643,0.0086708452943267,UP
Acc8_hippocampus_ST_A_Ex_KD,8,hippocampus,ST_A_Ex_KD,GSE280382,gene_name,Gck,GCK,0.6961509240356434,0.0088007226621607,UP
Acc8_hippocampus_ST_A_Ex_KD,8,hippocampus,ST_A_Ex_KD,GSE280382,gene_name,Atp5md,ATP5MD,0.5306076495029461,0.0088033802824137,UP
Acc8_hippocampus_ST_A_Ex_KD,8,hippocampus,ST_A_Ex_KD,GSE280382,gene_name,Gm51535,GM51535,0.7079582562324022,0.0088393950045129,UP
Acc8_hippocampus_ST_A_Ex_KD,8,hippocampus,ST_A_Ex_KD,GSE280382,gene_name,Cox7a1,COX7A1,1.3589584630624862,0.0089439690748988,UP
Acc8_hippocampus_ST_A_Ex_KD,8,hippocampus,ST_A_Ex_KD,GSE280382,gene_name,6430571l13rik,6430571L13RIK,0.5003080383030972,0.0090216239218027,UP
Acc8_hippocampus_ST_A_Ex_KD,8,hippocampus,ST_A_Ex_KD,GSE280382,gene_name,Gm42456,GM42456,1.0513075065613529,0.009083433473711,UP
Acc8_hippocampus_ST_A_Ex_KD,8,hippocampus,ST_A_Ex_KD,GSE280382,gene_name,Spc24,SPC24,0.7893522538880801,0.0091694954768413,UP
Acc8_hippocampus_ST_A_Ex_KD,8,hippocampus,ST_A_Ex_KD,GSE280382,gene_name,Zfp652os,ZFP652OS,0.7084222781195321,0.0091694954768413,UP
Acc8_hippocampus_ST_A_Ex_KD,8,hippocampus,ST_A_Ex_KD,GSE280382,gene_name,Rpl34-ps1,RPL34-PS1,-1.283831882500308,0.0091746475200815,DOWN
Acc8_hippocampus_ST_A_Ex_KD,8,hippocampus,ST_A_Ex_KD,GSE280382,gene_name,Eif3j2,EIF3J2,-1.0241298040014444,0.0093749424932294,DOWN
Acc8_hippocampus_ST_A_Ex_KD,8,hippocampus,ST_A_Ex_KD,GSE280382,gene_name,Tax1bp3,TAX1BP3,0.5177595217943219,0.0098872268258571,UP
Acc8_hippocampus_ST_A_Ex_KD,8,hippocampus,ST_A_Ex_KD,GSE280382,gene_name,Cartpt,CARTPT,0.8827748340046295,0.0099543137270447,UP
Acc8_hippocampus_ST_A_Ex_KD,8,hippocampus,ST_A_Ex_KD,GSE280382,gene_name,Dusp9,DUSP9,1.5260010300163684,0.0099575731796775,UP
Acc8_hippocampus_ST_A_Ex_KD,8,hippocampus,ST_A_Ex_KD,GSE280382,gene_name,Fli1,FLI1,-0.564449429042937,0.0099813220046996,DOWN
Acc8_hippocampus_ST_A_Ex_KD,8,hippocampus,ST_A_Ex_KD,GSE280382,gene_name,En2,EN2,0.6641626970719083,0.0102892870759953,UP
Acc8_hippocampus_ST_A_Ex_KD,8,hippocampus,ST_A_Ex_KD,GSE280382,gene_name,Dbp,DBP,0.7551985688265355,0.0103146296288224,UP
Acc8_hippocampus_ST_A_Ex_KD,8,hippocampus,ST_A_Ex_KD,GSE280382,gene_name,Loc118567980,LOC118567980,-1.1405061050655452,0.0104228459354954,DOWN
Acc8_hippocampus_ST_A_Ex_KD,8,hippocampus,ST_A_Ex_KD,GSE280382,gene_name,Arl4d,ARL4D,0.716324174499209,0.010735586724651,UP
Acc8_hippocampus_ST_A_Ex_KD,8,hippocampus,ST_A_Ex_KD,GSE280382,gene_name,Mob3b,MOB3B,-0.5785908018356908,0.0107434298144421,DOWN
Acc8_hippocampus_ST_A_Ex_KD,8,hippocampus,ST_A_Ex_KD,GSE280382,gene_name,Gm40713,GM40713,0.5672227527671136,0.0108145667822723,UP
Acc8_hippocampus_ST_A_Ex_KD,8,hippocampus,ST_A_Ex_KD,GSE280382,gene_name,Rab13,RAB13,0.5059783807688316,0.0108145667822723,UP
Acc8_hippocampus_ST_A_Ex_KD,8,hippocampus,ST_A_Ex_KD,GSE280382,gene_name,Gm266,GM266,-0.6433599799467142,0.0108190519530262,DOWN
Acc8_hippocampus_ST_A_Ex_KD,8,hippocampus,ST_A_Ex_KD,GSE280382,gene_name,Spx,SPX,-0.7090884802979118,0.0108938526023492,DOWN
Acc8_hippocampus_ST_A_Ex_KD,8,hippocampus,ST_A_Ex_KD,GSE280382,gene_name,Clspn,CLSPN,0.911969676462742,0.0117759720154277,UP
Acc8_hippocampus_ST_A_Ex_KD,8,hippocampus,ST_A_Ex_KD,GSE280382,gene_name,Gm30181,GM30181,-1.4996683780496618,0.0120485650602084,DOWN
Acc8_hippocampus_ST_A_Ex_KD,8,hippocampus,ST_A_Ex_KD,GSE280382,gene_name,Rpl27a-ps4,RPL27A-PS4,-1.3662313144789726,0.012074887909121,DOWN
Acc8_hippocampus_ST_A_Ex_KD,8,hippocampus,ST_A_Ex_KD,GSE280382,gene_name,Gm14681,GM14681,-0.9496497297704168,0.0123268493559676,DOWN
Acc8_hippocampus_ST_A_Ex_KD,8,hippocampus,ST_A_Ex_KD,GSE280382,gene_name,Rbl1,RBL1,-0.5220757961090986,0.0123268493559676,DOWN
Acc8_hippocampus_ST_A_Ex_KD,8,hippocampus,ST_A_Ex_KD,GSE280382,gene_name,C630004l07rik,C630004L07RIK,1.1758723298879104,0.0123882194933848,UP
Acc8_hippocampus_ST_A_Ex_KD,8,hippocampus,ST_A_Ex_KD,GSE280382,gene_name,Esrp2,ESRP2,-0.8545803521624858,0.0124175842032786,DOWN
Acc8_hippocampus_ST_A_Ex_KD,8,hippocampus,ST_A_Ex_KD,GSE280382,gene_name,Gm8350,GM8350,0.9428672912160122,0.0125559792295366,UP
Acc8_hippocampus_ST_A_Ex_KD,8,hippocampus,ST_A_Ex_KD,GSE280382,gene_name,Gm31796,GM31796,0.7756610624195461,0.0125710977156115,UP
Acc8_hippocampus_ST_A_Ex_KD,8,hippocampus,ST_A_Ex_KD,GSE280382,gene_name,5430416n02rik,5430416N02RIK,0.7819355867959028,0.012820623840917,UP
Acc8_hippocampus_ST_A_Ex_KD,8,hippocampus,ST_A_Ex_KD,GSE280382,gene_name,Ankrd61,ANKRD61,0.9676184649763504,0.0129873657584921,UP
Acc8_hippocampus_ST_A_Ex_KD,8,hippocampus,ST_A_Ex_KD,GSE280382,gene_name,Kbtbd6,KBTBD6,-0.7555672029608151,0.0130614239024689,DOWN
Acc8_hippocampus_ST_A_Ex_KD,8,hippocampus,ST_A_Ex_KD,GSE280382,gene_name,Ptges3l,PTGES3L,0.6239022230078878,0.0130614239024689,UP
Acc8_hippocampus_ST_A_Ex_KD,8,hippocampus,ST_A_Ex_KD,GSE280382,gene_name,Nthl1,NTHL1,0.6006388154683103,0.0132358056261265,UP
Acc8_hippocampus_ST_A_Ex_KD,8,hippocampus,ST_A_Ex_KD,GSE280382,gene_name,Zfp456,ZFP456,-0.8490323829901536,0.0133605541530948,DOWN
Acc8_hippocampus_ST_A_Ex_KD,8,hippocampus,ST_A_Ex_KD,GSE280382,gene_name,Loc118568138,LOC118568138,-1.2300138449225646,0.0134802438712339,DOWN
Acc8_hippocampus_ST_A_Ex_KD,8,hippocampus,ST_A_Ex_KD,GSE280382,gene_name,Ano1,ANO1,-0.5257366419826477,0.0134844206647467,DOWN
Acc8_hippocampus_ST_A_Ex_KD,8,hippocampus,ST_A_Ex_KD,GSE280382,gene_name,Gm26947,GM26947,1.0972602324433418,0.0136927768377728,UP
Acc8_hippocampus_ST_A_Ex_KD,8,hippocampus,ST_A_Ex_KD,GSE280382,gene_name,Gm10840,GM10840,0.6545412502014908,0.0139122960572672,UP
Acc8_hippocampus_ST_A_Ex_KD,8,hippocampus,ST_A_Ex_KD,GSE280382,gene_name,1700037c18rik,1700037C18RIK,0.5301831246958679,0.0139891723744285,UP
Acc8_hippocampus_ST_A_Ex_KD,8,hippocampus,ST_A_Ex_KD,GSE280382,gene_name,Gm15609,GM15609,0.5444000555246439,0.0140475291873675,UP
Acc8_hippocampus_ST_A_Ex_KD,8,hippocampus,ST_A_Ex_KD,GSE280382,gene_name,Gm31725,GM31725,1.7078894120057573,0.0141417684062897,UP
Acc8_hippocampus_ST_A_Ex_KD,8,hippocampus,ST_A_Ex_KD,GSE280382,gene_name,Drd2,DRD2,-0.6418230450754037,0.0141530088740281,DOWN
Acc8_hippocampus_ST_A_Ex_KD,8,hippocampus,ST_A_Ex_KD,GSE280382,gene_name,Gm32994,GM32994,0.7045137456111691,0.0142288984658188,UP
Acc8_hippocampus_ST_A_Ex_KD,8,hippocampus,ST_A_Ex_KD,GSE280382,gene_name,Gm15417,GM15417,0.5596268196354784,0.0149112213048085,UP
Acc8_hippocampus_ST_A_Ex_KD,8,hippocampus,ST_A_Ex_KD,GSE280382,gene_name,1700102p08rik,1700102P08RIK,-0.8901583161289084,0.0149409453405842,DOWN
Acc8_hippocampus_ST_A_Ex_KD,8,hippocampus,ST_A_Ex_KD,GSE280382,gene_name,Gm32810,GM32810,0.8573560694016082,0.0149409453405842,UP
Acc8_hippocampus_ST_A_Ex_KD,8,hippocampus,ST_A_Ex_KD,GSE280382,gene_name,Gm37500,GM37500,1.0616040691499355,0.0149431187711183,UP
Acc8_hippocampus_ST_A_Ex_KD,8,hippocampus,ST_A_Ex_KD,GSE280382,gene_name,Nscme3l,NSCME3L,0.5713465754416456,0.0150648189658656,UP
Acc8_hippocampus_ST_A_Ex_KD,8,hippocampus,ST_A_Ex_KD,GSE280382,gene_name,Gm9836,GM9836,-0.9745143042073208,0.0153135182162014,DOWN
Acc8_hippocampus_ST_A_Ex_KD,8,hippocampus,ST_A_Ex_KD,GSE280382,gene_name,Pln,PLN,-1.087803107484702,0.0154036399418718,DOWN
Acc8_hippocampus_ST_A_Ex_KD,8,hippocampus,ST_A_Ex_KD,GSE280382,gene_name,3110070m22rik,3110070M22RIK,0.6703340315200729,0.0155203754241314,UP
Acc8_hippocampus_ST_A_Ex_KD,8,hippocampus,ST_A_Ex_KD,GSE280382,gene_name,Snhg16,SNHG16,0.5180155464598794,0.0155255766373522,UP
Acc8_hippocampus_ST_A_Ex_KD,8,hippocampus,ST_A_Ex_KD,GSE280382,gene_name,Erich3,ERICH3,0.5056006081848552,0.0155718491362756,UP
Acc8_hippocampus_ST_A_Ex_KD,8,hippocampus,ST_A_Ex_KD,GSE280382,gene_name,Icam4,ICAM4,0.7435087018129768,0.0157182451895343,UP
Acc8_hippocampus_ST_A_Ex_KD,8,hippocampus,ST_A_Ex_KD,GSE280382,gene_name,Gm31159,GM31159,0.8533114445609378,0.0157329455090267,UP
Acc8_hippocampus_ST_A_Ex_KD,8,hippocampus,ST_A_Ex_KD,GSE280382,gene_name,Gbp9,GBP9,-0.6127055742711078,0.0158939995926993,DOWN
Acc8_hippocampus_ST_A_Ex_KD,8,hippocampus,ST_A_Ex_KD,GSE280382,gene_name,Adra2a,ADRA2A,-0.5257568364179012,0.0159958224447232,DOWN
Acc8_hippocampus_ST_A_Ex_KD,8,hippocampus,ST_A_Ex_KD,GSE280382,gene_name,Gm10382,GM10382,0.9753577601910536,0.0160021198734691,UP
Acc8_hippocampus_ST_A_Ex_KD,8,hippocampus,ST_A_Ex_KD,GSE280382,gene_name,Tmed10-ps,TMED10-PS,-0.80716875629089,0.016138451979413,DOWN
Acc8_hippocampus_ST_A_Ex_KD,8,hippocampus,ST_A_Ex_KD,GSE280382,gene_name,Gm52528,GM52528,-1.3418442434007318,0.0162505283573863,DOWN
Acc8_hippocampus_ST_A_Ex_KD,8,hippocampus,ST_A_Ex_KD,GSE280382,gene_name,Flicr,FLICR,0.7781078782597817,0.0162505283573863,UP
Acc8_hippocampus_ST_A_Ex_KD,8,hippocampus,ST_A_Ex_KD,GSE280382,gene_name,Nfil3,NFIL3,-0.507864625788757,0.0162718106090115,DOWN
Acc8_hippocampus_ST_A_Ex_KD,8,hippocampus,ST_A_Ex_KD,GSE280382,gene_name,Snhg15,SNHG15,0.9077561408978904,0.0162770353650828,UP
Acc8_hippocampus_ST_A_Ex_KD,8,hippocampus,ST_A_Ex_KD,GSE280382,gene_name,Gm31623,GM31623,1.1809232738696314,0.0162984834147437,UP
Acc8_hippocampus_ST_A_Ex_KD,8,hippocampus,ST_A_Ex_KD,GSE280382,gene_name,Gm32960,GM32960,1.3055640434512337,0.0163728212617732,UP
Acc8_hippocampus_ST_A_Ex_KD,8,hippocampus,ST_A_Ex_KD,GSE280382,gene_name,Gm46265,GM46265,1.059968453226693,0.0163887956983358,UP
Acc8_hippocampus_ST_A_Ex_KD,8,hippocampus,ST_A_Ex_KD,GSE280382,gene_name,Gm14569,GM14569,-0.575132517956759,0.0164212320183592,DOWN
Acc8_hippocampus_ST_A_Ex_KD,8,hippocampus,ST_A_Ex_KD,GSE280382,gene_name,Samd9l,SAMD9L,-0.7067423185163082,0.0165949411400775,DOWN
Acc8_hippocampus_ST_A_Ex_KD,8,hippocampus,ST_A_Ex_KD,GSE280382,gene_name,Loc115490354,LOC115490354,0.8909644246013537,0.0166059551292312,UP
Acc8_hippocampus_ST_A_Ex_KD,8,hippocampus,ST_A_Ex_KD,GSE280382,gene_name,Nppc,NPPC,0.5882547334263472,0.0171037778187755,UP
Acc8_hippocampus_ST_A_Ex_KD,8,hippocampus,ST_A_Ex_KD,GSE280382,gene_name,Arhgap29,ARHGAP29,-0.5526720048064518,0.0171545914751086,DOWN
Acc8_hippocampus_ST_A_Ex_KD,8,hippocampus,ST_A_Ex_KD,GSE280382,gene_name,D830031n03rik,D830031N03RIK,1.4433481314122505,0.0172453708762367,UP
Acc8_hippocampus_ST_A_Ex_KD,8,hippocampus,ST_A_Ex_KD,GSE280382,gene_name,Gm52382,GM52382,-1.060164164651541,0.0172714153512598,DOWN
Acc8_hippocampus_ST_A_Ex_KD,8,hippocampus,ST_A_Ex_KD,GSE280382,gene_name,Kirrel3os,KIRREL3OS,-1.1415458693690312,0.017311476607129,DOWN
Acc8_hippocampus_ST_A_Ex_KD,8,hippocampus,ST_A_Ex_KD,GSE280382,gene_name,9430078g10rik,9430078G10RIK,0.5684687549377997,0.0173395723982087,UP
Acc8_hippocampus_ST_A_Ex_KD,8,hippocampus,ST_A_Ex_KD,GSE280382,gene_name,Trp63,TRP63,-0.5529069756208135,0.0173902244662763,DOWN
Acc8_hippocampus_ST_A_Ex_KD,8,hippocampus,ST_A_Ex_KD,GSE280382,gene_name,Gm34375,GM34375,1.2481153200426762,0.0176560534265366,UP
Acc8_hippocampus_ST_A_Ex_KD,8,hippocampus,ST_A_Ex_KD,GSE280382,gene_name,Mc3r,MC3R,-2.393933637154076,0.018221941839962,DOWN
Acc8_hippocampus_ST_A_Ex_KD,8,hippocampus,ST_A_Ex_KD,GSE280382,gene_name,Gm14164,GM14164,0.5887778864258478,0.0185322543777509,UP
Acc8_hippocampus_ST_A_Ex_KD,8,hippocampus,ST_A_Ex_KD,GSE280382,gene_name,Catsperg1,CATSPERG1,0.5078418970694438,0.0185832971171934,UP
Acc8_hippocampus_ST_A_Ex_KD,8,hippocampus,ST_A_Ex_KD,GSE280382,gene_name,Loc118568526,LOC118568526,0.8642887216652305,0.0187096581917847,UP
Acc8_hippocampus_ST_A_Ex_KD,8,hippocampus,ST_A_Ex_KD,GSE280382,gene_name,A230107n01rik,A230107N01RIK,-0.593743503077967,0.0187096581917847,DOWN
Acc8_hippocampus_ST_A_Ex_KD,8,hippocampus,ST_A_Ex_KD,GSE280382,gene_name,Gm31406,GM31406,0.7893526230850154,0.0187684520656004,UP
Acc8_hippocampus_ST_A_Ex_KD,8,hippocampus,ST_A_Ex_KD,GSE280382,gene_name,Cd93,CD93,-0.6037984247328828,0.0189011948236675,DOWN
Acc8_hippocampus_ST_A_Ex_KD,8,hippocampus,ST_A_Ex_KD,GSE280382,gene_name,Gm31291,GM31291,1.3640328334741998,0.0191398552466114,UP
Acc8_hippocampus_ST_A_Ex_KD,8,hippocampus,ST_A_Ex_KD,GSE280382,gene_name,Hif3a,HIF3A,1.214363171512678,0.0192815208868809,UP
Acc8_hippocampus_ST_A_Ex_KD,8,hippocampus,ST_A_Ex_KD,GSE280382,gene_name,Gm19835,GM19835,1.0953596005041353,0.0193465908297591,UP
Acc8_hippocampus_ST_A_Ex_KD,8,hippocampus,ST_A_Ex_KD,GSE280382,gene_name,Gbp10,GBP10,-2.6328645570802567,0.0194250318356485,DOWN
Acc8_hippocampus_ST_A_Ex_KD,8,hippocampus,ST_A_Ex_KD,GSE280382,gene_name,Rtl3,RTL3,0.5168021527175304,0.0196407045399621,UP
Acc8_hippocampus_ST_A_Ex_KD,8,hippocampus,ST_A_Ex_KD,GSE280382,gene_name,Gm32896,GM32896,1.49467790165206,0.0199592000491822,UP
Acc8_hippocampus_ST_A_Ex_KD,8,hippocampus,ST_A_Ex_KD,GSE280382,gene_name,Gm20346,GM20346,0.5235204088951101,0.0203901444676553,UP
Acc8_hippocampus_ST_A_Ex_KD,8,hippocampus,ST_A_Ex_KD,GSE280382,gene_name,Tnfrsf23,TNFRSF23,-0.7073317028986379,0.0204989987181813,DOWN
Acc8_hippocampus_ST_A_Ex_KD,8,hippocampus,ST_A_Ex_KD,GSE280382,gene_name,Ccno,CCNO,0.5099995308090597,0.0207592521731689,UP
Acc8_hippocampus_ST_A_Ex_KD,8,hippocampus,ST_A_Ex_KD,GSE280382,gene_name,Fam111a,FAM111A,-0.6455886849743917,0.0208551895286887,DOWN
Acc8_hippocampus_ST_A_Ex_KD,8,hippocampus,ST_A_Ex_KD,GSE280382,gene_name,Stk36,STK36,-0.5160574208918907,0.0208551895286887,DOWN
Acc8_hippocampus_ST_A_Ex_KD,8,hippocampus,ST_A_Ex_KD,GSE280382,gene_name,Gm45998,GM45998,1.4686346678444029,0.0209027198742131,UP
Acc8_hippocampus_ST_A_Ex_KD,8,hippocampus,ST_A_Ex_KD,GSE280382,gene_name,Gadd45g,GADD45G,0.5235067936403159,0.0211569725851874,UP
Acc8_hippocampus_ST_A_Ex_KD,8,hippocampus,ST_A_Ex_KD,GSE280382,gene_name,Igflr1,IGFLR1,-0.6104015942328502,0.0212702035795686,DOWN
Acc8_hippocampus_ST_A_Ex_KD,8,hippocampus,ST_A_Ex_KD,GSE280382,gene_name,Gm16206,GM16206,0.9149643521801788,0.0214657088028635,UP
Acc8_hippocampus_ST_A_Ex_KD,8,hippocampus,ST_A_Ex_KD,GSE280382,gene_name,Stc2,STC2,0.6140469714280918,0.0214873805820334,UP
Acc8_hippocampus_ST_A_Ex_KD,8,hippocampus,ST_A_Ex_KD,GSE280382,gene_name,Olfr78,OLFR78,-1.2052114364151734,0.021639904638676,DOWN
Acc8_hippocampus_ST_A_Ex_KD,8,hippocampus,ST_A_Ex_KD,GSE280382,gene_name,Tuba1c,TUBA1C,-1.0034208323346971,0.0220728950097314,DOWN
Acc8_hippocampus_ST_A_Ex_KD,8,hippocampus,ST_A_Ex_KD,GSE280382,gene_name,Loc118567631,LOC118567631,-0.6496418312116495,0.0222193362170472,DOWN
Acc8_hippocampus_ST_A_Ex_KD,8,hippocampus,ST_A_Ex_KD,GSE280382,gene_name,Kcnh5,KCNH5,0.7520778106836032,0.0222867555099342,UP
Acc8_hippocampus_ST_A_Ex_KD,8,hippocampus,ST_A_Ex_KD,GSE280382,gene_name,Rpl17-ps10,RPL17-PS10,-0.6520213432893887,0.0223082352142375,DOWN
Acc8_hippocampus_ST_A_Ex_KD,8,hippocampus,ST_A_Ex_KD,GSE280382,gene_name,Rps15a-ps6,RPS15A-PS6,-1.2355185806025206,0.0230050395498548,DOWN
Acc8_hippocampus_ST_A_Ex_KD,8,hippocampus,ST_A_Ex_KD,GSE280382,gene_name,Wdr95,WDR95,-0.9948838725753172,0.0232941439851038,DOWN
Acc8_hippocampus_ST_A_Ex_KD,8,hippocampus,ST_A_Ex_KD,GSE280382,gene_name,Gm46289,GM46289,0.8787037060123728,0.0232941439851038,UP
Acc8_hippocampus_ST_A_Ex_KD,8,hippocampus,ST_A_Ex_KD,GSE280382,gene_name,Asb11,ASB11,0.5819419432305476,0.0235249691180362,UP
Acc8_hippocampus_ST_A_Ex_KD,8,hippocampus,ST_A_Ex_KD,GSE280382,gene_name,Rdh9,RDH9,0.9783752330656352,0.0236429980485461,UP
Acc8_hippocampus_ST_A_Ex_KD,8,hippocampus,ST_A_Ex_KD,GSE280382,gene_name,Rhbdf2,RHBDF2,-0.7788932622069912,0.0236493346555254,DOWN
Acc8_hippocampus_ST_A_Ex_KD,8,hippocampus,ST_A_Ex_KD,GSE280382,gene_name,Adam8,ADAM8,-0.646981738135833,0.0238105836017202,DOWN
Acc8_hippocampus_ST_A_Ex_KD,8,hippocampus,ST_A_Ex_KD,GSE280382,gene_name,Cdkl5,CDKL5,0.8330408341827116,0.0242463267159932,UP
Acc8_hippocampus_ST_A_Ex_KD,8,hippocampus,ST_A_Ex_KD,GSE280382,gene_name,Parp14,PARP14,-0.5767130329253853,0.0243675393234208,DOWN
Acc8_hippocampus_ST_A_Ex_KD,8,hippocampus,ST_A_Ex_KD,GSE280382,gene_name,Cst6,CST6,0.7008854051711148,0.0246699066031518,UP
Acc8_hippocampus_ST_A_Ex_KD,8,hippocampus,ST_A_Ex_KD,GSE280382,gene_name,Gm36198,GM36198,1.212785067719549,0.0247301481035443,UP
Acc8_hippocampus_ST_A_Ex_KD,8,hippocampus,ST_A_Ex_KD,GSE280382,gene_name,Tmem53,TMEM53,-0.634787461926576,0.0248658587650428,DOWN
Acc8_hippocampus_ST_A_Ex_KD,8,hippocampus,ST_A_Ex_KD,GSE280382,gene_name,Smc2os,SMC2OS,1.1307230990153083,0.0249649228713202,UP
Acc8_hippocampus_ST_A_Ex_KD,8,hippocampus,ST_A_Ex_KD,GSE280382,gene_name,4933426b08rik,4933426B08RIK,1.2559249537795418,0.0250166151617292,UP
Acc8_hippocampus_ST_A_Ex_KD,8,hippocampus,ST_A_Ex_KD,GSE280382,gene_name,Loc115490443,LOC115490443,1.1144801981794292,0.0253756802103054,UP
Acc8_hippocampus_ST_A_Ex_KD,8,hippocampus,ST_A_Ex_KD,GSE280382,gene_name,Gm35679,GM35679,1.3121824885215625,0.0255214289464246,UP
Acc8_hippocampus_ST_A_Ex_KD,8,hippocampus,ST_A_Ex_KD,GSE280382,gene_name,Lamb3,LAMB3,0.6990038293521995,0.0255818349926834,UP
Acc8_hippocampus_ST_A_Ex_KD,8,hippocampus,ST_A_Ex_KD,GSE280382,gene_name,Gm5088,GM5088,-1.1173710267342631,0.025803152335355,DOWN
Acc8_hippocampus_ST_A_Ex_KD,8,hippocampus,ST_A_Ex_KD,GSE280382,gene_name,Fam186b,FAM186B,0.6735382774523352,0.0261026855199135,UP
Acc8_hippocampus_ST_A_Ex_KD,8,hippocampus,ST_A_Ex_KD,GSE280382,gene_name,Npc1l1,NPC1L1,-0.5748107059109192,0.0261769087954824,DOWN
Acc8_hippocampus_ST_A_Ex_KD,8,hippocampus,ST_A_Ex_KD,GSE280382,gene_name,Efemp1,EFEMP1,-0.606518295399299,0.0263733177397044,DOWN
Acc8_hippocampus_ST_A_Ex_KD,8,hippocampus,ST_A_Ex_KD,GSE280382,gene_name,Gm19439,GM19439,0.6436845980978416,0.0265934302012398,UP
Acc8_hippocampus_ST_A_Ex_KD,8,hippocampus,ST_A_Ex_KD,GSE280382,gene_name,Col3a1,COL3A1,-1.6722936112307605,0.0266585679181487,DOWN
Acc8_hippocampus_ST_A_Ex_KD,8,hippocampus,ST_A_Ex_KD,GSE280382,gene_name,Gm30529,GM30529,0.6062856037803411,0.0266609538891889,UP
Acc8_hippocampus_ST_A_Ex_KD,8,hippocampus,ST_A_Ex_KD,GSE280382,gene_name,Gm15738,GM15738,1.613479716353954,0.0267932851113937,UP
Acc8_hippocampus_ST_A_Ex_KD,8,hippocampus,ST_A_Ex_KD,GSE280382,gene_name,Rsad2,RSAD2,-0.8123575318208506,0.0271308289357803,DOWN
Acc8_hippocampus_ST_A_Ex_KD,8,hippocampus,ST_A_Ex_KD,GSE280382,gene_name,5930430l01rik,5930430L01RIK,0.5306017234612191,0.0271347927334351,UP
Acc8_hippocampus_ST_A_Ex_KD,8,hippocampus,ST_A_Ex_KD,GSE280382,gene_name,2210416o15rik,2210416O15RIK,0.8980127379670644,0.027317895667393,UP
Acc8_hippocampus_ST_A_Ex_KD,8,hippocampus,ST_A_Ex_KD,GSE280382,gene_name,Zfp953,ZFP953,-0.5255532090576153,0.027317895667393,DOWN
Acc8_hippocampus_ST_A_Ex_KD,8,hippocampus,ST_A_Ex_KD,GSE280382,gene_name,Fancd2os,FANCD2OS,-1.0694944017434544,0.0278034709412825,DOWN
Acc8_hippocampus_ST_A_Ex_KD,8,hippocampus,ST_A_Ex_KD,GSE280382,gene_name,Insm2,INSM2,1.1966345396932656,0.0280078521733978,UP
Acc8_hippocampus_ST_A_Ex_KD,8,hippocampus,ST_A_Ex_KD,GSE280382,gene_name,Ai115009,AI115009,0.558112467835327,0.028059799748331,UP
Acc8_hippocampus_ST_A_Ex_KD,8,hippocampus,ST_A_Ex_KD,GSE280382,gene_name,A330040f15rik,A330040F15RIK,0.737214066110873,0.0282524237806025,UP
Acc8_hippocampus_ST_A_Ex_KD,8,hippocampus,ST_A_Ex_KD,GSE280382,gene_name,Loc118567533,LOC118567533,1.07586182083117,0.0283274800461591,UP
Acc8_hippocampus_ST_A_Ex_KD,8,hippocampus,ST_A_Ex_KD,GSE280382,gene_name,Gm36677,GM36677,1.2157680202344647,0.0284376396248675,UP
Acc8_hippocampus_ST_A_Ex_KD,8,hippocampus,ST_A_Ex_KD,GSE280382,gene_name,Gm2464,GM2464,0.5852938208879003,0.0285221909633674,UP
Acc8_hippocampus_ST_A_Ex_KD,8,hippocampus,ST_A_Ex_KD,GSE280382,gene_name,Plk1,PLK1,-0.5566978795301186,0.0291135295708272,DOWN
Acc8_hippocampus_ST_A_Ex_KD,8,hippocampus,ST_A_Ex_KD,GSE280382,gene_name,Oscar,OSCAR,-0.6408806523040422,0.0292969897132521,DOWN
Acc8_hippocampus_ST_A_Ex_KD,8,hippocampus,ST_A_Ex_KD,GSE280382,gene_name,Trim72,TRIM72,0.8287487779498619,0.0298646395654512,UP
Acc8_hippocampus_ST_A_Ex_KD,8,hippocampus,ST_A_Ex_KD,GSE280382,gene_name,4933427i04rik,4933427I04RIK,1.1882468466544645,0.0303791887423656,UP
Acc8_hippocampus_ST_A_Ex_KD,8,hippocampus,ST_A_Ex_KD,GSE280382,gene_name,Tnc,TNC,-0.5473589103075619,0.0305978578319123,DOWN
Acc8_hippocampus_ST_A_Ex_KD,8,hippocampus,ST_A_Ex_KD,GSE280382,gene_name,Gm39443,GM39443,1.825554911672775,0.0306162845858787,UP
Acc8_hippocampus_ST_A_Ex_KD,8,hippocampus,ST_A_Ex_KD,GSE280382,gene_name,Loc118568137,LOC118568137,0.8000615288288572,0.030753292911819,UP
Acc8_hippocampus_ST_A_Ex_KD,8,hippocampus,ST_A_Ex_KD,GSE280382,gene_name,Ppp1ccb,PPP1CCB,0.6867980456652836,0.0307965019221063,UP
Acc8_hippocampus_ST_A_Ex_KD,8,hippocampus,ST_A_Ex_KD,GSE280382,gene_name,Loc118567558,LOC118567558,-1.0248254921109503,0.0309358310457546,DOWN
Acc8_hippocampus_ST_A_Ex_KD,8,hippocampus,ST_A_Ex_KD,GSE280382,gene_name,Hes7,HES7,0.9016826850403564,0.0309358310457546,UP
Acc8_hippocampus_ST_A_Ex_KD,8,hippocampus,ST_A_Ex_KD,GSE280382,gene_name,Kif11,KIF11,-0.5445709155284224,0.0311932332613784,DOWN
Acc8_hippocampus_ST_A_Ex_KD,8,hippocampus,ST_A_Ex_KD,GSE280382,gene_name,Ddx60,DDX60,-0.7720181365285496,0.031929347914269,DOWN
Acc8_hippocampus_ST_A_Ex_KD,8,hippocampus,ST_A_Ex_KD,GSE280382,gene_name,Ifit1,IFIT1,-1.0023742979386576,0.0319680643079173,DOWN
Acc8_hippocampus_ST_A_Ex_KD,8,hippocampus,ST_A_Ex_KD,GSE280382,gene_name,Loc118568383,LOC118568383,1.1976939722448008,0.0319719404848822,UP
Acc8_hippocampus_ST_A_Ex_KD,8,hippocampus,ST_A_Ex_KD,GSE280382,gene_name,Loc118568617,LOC118568617,-1.4224348313639137,0.0319894026115628,DOWN
Acc8_hippocampus_ST_A_Ex_KD,8,hippocampus,ST_A_Ex_KD,GSE280382,gene_name,Lpar2,LPAR2,-0.8471460223127737,0.0319894026115628,DOWN
Acc8_hippocampus_ST_A_Ex_KD,8,hippocampus,ST_A_Ex_KD,GSE280382,gene_name,Gm40167,GM40167,0.7711896402078544,0.0321104574913999,UP
Acc8_hippocampus_ST_A_Ex_KD,8,hippocampus,ST_A_Ex_KD,GSE280382,gene_name,Gm31550,GM31550,-1.0107778808815393,0.0329421283140886,DOWN
Acc8_hippocampus_ST_A_Ex_KD,8,hippocampus,ST_A_Ex_KD,GSE280382,gene_name,9430038i01rik,9430038I01RIK,0.5201923818059924,0.0329421283140886,UP
Acc8_hippocampus_ST_A_Ex_KD,8,hippocampus,ST_A_Ex_KD,GSE280382,gene_name,Loc108168933,LOC108168933,-0.6838770818387269,0.0330665453726158,DOWN
Acc8_hippocampus_ST_A_Ex_KD,8,hippocampus,ST_A_Ex_KD,GSE280382,gene_name,Loc118567333,LOC118567333,1.2577386154289487,0.0331499919080681,UP
Acc8_hippocampus_ST_A_Ex_KD,8,hippocampus,ST_A_Ex_KD,GSE280382,gene_name,B4galnt3,B4GALNT3,0.6056567597670366,0.0332709267223733,UP
Acc8_hippocampus_ST_A_Ex_KD,8,hippocampus,ST_A_Ex_KD,GSE280382,gene_name,Polq,POLQ,0.7433655430864633,0.0333513791689341,UP
Acc8_hippocampus_ST_A_Ex_KD,8,hippocampus,ST_A_Ex_KD,GSE280382,gene_name,Apobr,APOBR,0.5976017204803014,0.0335020573848665,UP
Acc8_hippocampus_ST_A_Ex_KD,8,hippocampus,ST_A_Ex_KD,GSE280382,gene_name,Gm50270,GM50270,0.5633476308947737,0.03401646459471,UP
Acc8_hippocampus_ST_A_Ex_KD,8,hippocampus,ST_A_Ex_KD,GSE280382,gene_name,Gm20594,GM20594,0.9452617663895996,0.0341174855365094,UP
Acc8_hippocampus_ST_A_Ex_KD,8,hippocampus,ST_A_Ex_KD,GSE280382,gene_name,Snhg3,SNHG3,0.6237009398287391,0.0342715896142593,UP
Acc8_hippocampus_ST_A_Ex_KD,8,hippocampus,ST_A_Ex_KD,GSE280382,gene_name,Fam217a,FAM217A,-0.8387147638480389,0.0343550791449152,DOWN
Acc8_hippocampus_ST_A_Ex_KD,8,hippocampus,ST_A_Ex_KD,GSE280382,gene_name,Loc118567402,LOC118567402,0.8191618063175445,0.0344071126627521,UP
Acc8_hippocampus_ST_A_Ex_KD,8,hippocampus,ST_A_Ex_KD,GSE280382,gene_name,Oprm1,OPRM1,1.7375004570222017,0.0346983277894388,UP
Acc8_hippocampus_ST_A_Ex_KD,8,hippocampus,ST_A_Ex_KD,GSE280382,gene_name,Gm26679,GM26679,0.8055849429173234,0.0346983277894388,UP
Acc8_hippocampus_ST_A_Ex_KD,8,hippocampus,ST_A_Ex_KD,GSE280382,gene_name,Il1rl1,IL1RL1,-1.099345169467534,0.0347640233924257,DOWN
Acc8_hippocampus_ST_A_Ex_KD,8,hippocampus,ST_A_Ex_KD,GSE280382,gene_name,Gm38935,GM38935,1.1318798200403404,0.0348484467955692,UP
Acc8_hippocampus_ST_A_Ex_KD,8,hippocampus,ST_A_Ex_KD,GSE280382,gene_name,Gm40476,GM40476,0.6712337102248397,0.0350668918323072,UP
Acc8_hippocampus_ST_A_Ex_KD,8,hippocampus,ST_A_Ex_KD,GSE280382,gene_name,Plb1,PLB1,0.604410612546747,0.0350668918323072,UP
Acc8_hippocampus_ST_A_Ex_KD,8,hippocampus,ST_A_Ex_KD,GSE280382,gene_name,A830052d11rik,A830052D11RIK,0.8984749893978967,0.0351023487608595,UP
Acc8_hippocampus_ST_A_Ex_KD,8,hippocampus,ST_A_Ex_KD,GSE280382,gene_name,Fgf23,FGF23,0.9240965767567078,0.0351257257376667,UP
Acc8_hippocampus_ST_A_Ex_KD,8,hippocampus,ST_A_Ex_KD,GSE280382,gene_name,Gm3704,GM3704,0.6338431578785888,0.0351728976401772,UP
Acc8_hippocampus_ST_A_Ex_KD,8,hippocampus,ST_A_Ex_KD,GSE280382,gene_name,Steap4,STEAP4,-2.587432903605119,0.0354991675685871,DOWN
Acc8_hippocampus_ST_A_Ex_KD,8,hippocampus,ST_A_Ex_KD,GSE280382,gene_name,Arfgef3,ARFGEF3,0.978644271111654,0.0354991675685871,UP
Acc8_hippocampus_ST_A_Ex_KD,8,hippocampus,ST_A_Ex_KD,GSE280382,gene_name,Pir,PIR,0.5021165829011303,0.035512144840284,UP
Acc8_hippocampus_ST_A_Ex_KD,8,hippocampus,ST_A_Ex_KD,GSE280382,gene_name,Gm35365,GM35365,0.932321773539133,0.0355372955545694,UP
Acc8_hippocampus_ST_A_Ex_KD,8,hippocampus,ST_A_Ex_KD,GSE280382,gene_name,Sp140,SP140,-0.6964539308423006,0.0357557123420066,DOWN
Acc8_hippocampus_ST_A_Ex_KD,8,hippocampus,ST_A_Ex_KD,GSE280382,gene_name,Pram1,PRAM1,0.5516117318137841,0.036057008670471,UP
Acc8_hippocampus_ST_A_Ex_KD,8,hippocampus,ST_A_Ex_KD,GSE280382,gene_name,Diaph3,DIAPH3,-0.5482113944684791,0.0361191054479225,DOWN
Acc8_hippocampus_ST_A_Ex_KD,8,hippocampus,ST_A_Ex_KD,GSE280382,gene_name,Gm46548,GM46548,-0.9846911600104736,0.0361719797026594,DOWN
Acc8_hippocampus_ST_A_Ex_KD,8,hippocampus,ST_A_Ex_KD,GSE280382,gene_name,Ighm,IGHM,-0.6814969392749191,0.0366021238891177,DOWN
Acc8_hippocampus_ST_A_Ex_KD,8,hippocampus,ST_A_Ex_KD,GSE280382,gene_name,Mmp2,MMP2,-0.5546826461754895,0.0375346341539929,DOWN
Acc8_hippocampus_ST_A_Ex_KD,8,hippocampus,ST_A_Ex_KD,GSE280382,gene_name,Cldn22,CLDN22,0.5266477133316076,0.0376462482812825,UP
Acc8_hippocampus_ST_A_Ex_KD,8,hippocampus,ST_A_Ex_KD,GSE280382,gene_name,Gm52009,GM52009,0.9012990799128264,0.0378329552457089,UP
Acc8_hippocampus_ST_A_Ex_KD,8,hippocampus,ST_A_Ex_KD,GSE280382,gene_name,Gm9946,GM9946,-1.2681392423268747,0.037883251335446,DOWN
Acc8_hippocampus_ST_A_Ex_KD,8,hippocampus,ST_A_Ex_KD,GSE280382,gene_name,Ptpn22,PTPN22,-0.6980969861851849,0.037883251335446,DOWN
Acc8_hippocampus_ST_A_Ex_KD,8,hippocampus,ST_A_Ex_KD,GSE280382,gene_name,Gm31024,GM31024,0.67345906028724,0.037883251335446,UP
Acc8_hippocampus_ST_A_Ex_KD,8,hippocampus,ST_A_Ex_KD,GSE280382,gene_name,Syt15,SYT15,-0.5496043576684825,0.0379414162400695,DOWN
Acc8_hippocampus_ST_A_Ex_KD,8,hippocampus,ST_A_Ex_KD,GSE280382,gene_name,Zcwpw2,ZCWPW2,0.6325251166503073,0.038223445781095,UP
Acc8_hippocampus_ST_A_Ex_KD,8,hippocampus,ST_A_Ex_KD,GSE280382,gene_name,Gm34057,GM34057,0.9963633489833722,0.0386078713435572,UP
Acc8_hippocampus_ST_A_Ex_KD,8,hippocampus,ST_A_Ex_KD,GSE280382,gene_name,Wdr63,WDR63,-1.1915914352593515,0.0387850215602587,DOWN
Acc8_hippocampus_ST_A_Ex_KD,8,hippocampus,ST_A_Ex_KD,GSE280382,gene_name,Atp8a2,ATP8A2,0.6799372721877179,0.0389665714808708,UP
Acc8_hippocampus_ST_A_Ex_KD,8,hippocampus,ST_A_Ex_KD,GSE280382,gene_name,Adamts2,ADAMTS2,-0.6463447423861458,0.0390675336730873,DOWN
Acc8_hippocampus_ST_A_Ex_KD,8,hippocampus,ST_A_Ex_KD,GSE280382,gene_name,Ntn4,NTN4,-0.5312684339550146,0.039218818310131,DOWN
Acc8_hippocampus_ST_A_Ex_KD,8,hippocampus,ST_A_Ex_KD,GSE280382,gene_name,Loc118568370,LOC118568370,-1.2401846651627673,0.0395517589064809,DOWN
Acc8_hippocampus_ST_A_Ex_KD,8,hippocampus,ST_A_Ex_KD,GSE280382,gene_name,Gm46416,GM46416,0.6540756343147641,0.0395699129465601,UP
Acc8_hippocampus_ST_A_Ex_KD,8,hippocampus,ST_A_Ex_KD,GSE280382,gene_name,Casq1,CASQ1,0.6870485114866338,0.0396183028865032,UP
Acc8_hippocampus_ST_A_Ex_KD,8,hippocampus,ST_A_Ex_KD,GSE280382,gene_name,Gm31816,GM31816,0.8655674020249292,0.0396490522404645,UP
Acc8_hippocampus_ST_A_Ex_KD,8,hippocampus,ST_A_Ex_KD,GSE280382,gene_name,Scn9a,SCN9A,-0.6399288452937143,0.0396772565364536,DOWN
Acc8_hippocampus_ST_A_Ex_KD,8,hippocampus,ST_A_Ex_KD,GSE280382,gene_name,Zfp979,ZFP979,-0.9251818142751708,0.0399755973836687,DOWN
Acc8_hippocampus_ST_A_Ex_KD,8,hippocampus,ST_A_Ex_KD,GSE280382,gene_name,Gm35685,GM35685,0.6501757101878056,0.0400038220853275,UP
Acc8_hippocampus_ST_A_Ex_KD,8,hippocampus,ST_A_Ex_KD,GSE280382,gene_name,Zfp781,ZFP781,-0.5499784731315706,0.0401094525648982,DOWN
Acc8_hippocampus_ST_A_Ex_KD,8,hippocampus,ST_A_Ex_KD,GSE280382,gene_name,Onecut1,ONECUT1,0.6437813737435595,0.0401891547179951,UP
Acc8_hippocampus_ST_A_Ex_KD,8,hippocampus,ST_A_Ex_KD,GSE280382,gene_name,Btbd16,BTBD16,0.6226930624234621,0.0401891547179951,UP
Acc8_hippocampus_ST_A_Ex_KD,8,hippocampus,ST_A_Ex_KD,GSE280382,gene_name,Cfap70,CFAP70,-0.6802757299103956,0.040226162908588,DOWN
Acc8_hippocampus_ST_A_Ex_KD,8,hippocampus,ST_A_Ex_KD,GSE280382,gene_name,Loc118567733,LOC118567733,0.6606097162424776,0.0402288629063087,UP
Acc8_hippocampus_ST_A_Ex_KD,8,hippocampus,ST_A_Ex_KD,GSE280382,gene_name,Gm35315,GM35315,-0.7383470245231116,0.040472746445357,DOWN
Acc8_hippocampus_ST_A_Ex_KD,8,hippocampus,ST_A_Ex_KD,GSE280382,gene_name,Col1a1,COL1A1,-0.8752777857818763,0.0405826938068603,DOWN
Acc8_hippocampus_ST_A_Ex_KD,8,hippocampus,ST_A_Ex_KD,GSE280382,gene_name,Gm51491,GM51491,-0.9155916870434212,0.0406723443409478,DOWN
Acc8_hippocampus_ST_A_Ex_KD,8,hippocampus,ST_A_Ex_KD,GSE280382,gene_name,D330023k18rik,D330023K18RIK,0.6076644023476042,0.0407172398653966,UP
Acc8_hippocampus_ST_A_Ex_KD,8,hippocampus,ST_A_Ex_KD,GSE280382,gene_name,Ndufb4b,NDUFB4B,-1.1652686579289615,0.0408222614656106,DOWN
Acc8_hippocampus_ST_A_Ex_KD,8,hippocampus,ST_A_Ex_KD,GSE280382,gene_name,Prdm6,PRDM6,-2.6073011159511967,0.0408547010092188,DOWN
Acc8_hippocampus_ST_A_Ex_KD,8,hippocampus,ST_A_Ex_KD,GSE280382,gene_name,4931408d14rik,4931408D14RIK,1.313844391748735,0.0408547010092188,UP
Acc8_hippocampus_ST_A_Ex_KD,8,hippocampus,ST_A_Ex_KD,GSE280382,gene_name,Gm26885,GM26885,-1.146142101435432,0.0409347296968143,DOWN
Acc8_hippocampus_ST_A_Ex_KD,8,hippocampus,ST_A_Ex_KD,GSE280382,gene_name,Il2rg,IL2RG,-0.9705805914721788,0.0419455375026309,DOWN
Acc8_hippocampus_ST_A_Ex_KD,8,hippocampus,ST_A_Ex_KD,GSE280382,gene_name,Gm6710,GM6710,-1.0507696467998415,0.042238162575998,DOWN
Acc8_hippocampus_ST_A_Ex_KD,8,hippocampus,ST_A_Ex_KD,GSE280382,gene_name,Ai450353,AI450353,-0.5136873362325454,0.0425859882669598,DOWN
Acc8_hippocampus_ST_A_Ex_KD,8,hippocampus,ST_A_Ex_KD,GSE280382,gene_name,Spata9,SPATA9,-0.95928697428484,0.0426108278666784,DOWN
Acc8_hippocampus_ST_A_Ex_KD,8,hippocampus,ST_A_Ex_KD,GSE280382,gene_name,Lepr,LEPR,-1.451504995300512,0.0426345192460345,DOWN
Acc8_hippocampus_ST_A_Ex_KD,8,hippocampus,ST_A_Ex_KD,GSE280382,gene_name,Gcnt7,GCNT7,0.7930705225804517,0.042681318050749,UP
Acc8_hippocampus_ST_A_Ex_KD,8,hippocampus,ST_A_Ex_KD,GSE280382,gene_name,Loc115488765,LOC115488765,1.2469214627121357,0.0430848460997629,UP
Acc8_hippocampus_ST_A_Ex_KD,8,hippocampus,ST_A_Ex_KD,GSE280382,gene_name,Ciart,CIART,0.7969926660667989,0.0432760278655406,UP
Acc8_hippocampus_ST_A_Ex_KD,8,hippocampus,ST_A_Ex_KD,GSE280382,gene_name,Gm13262,GM13262,-0.5704729029463922,0.0432760278655406,DOWN
Acc8_hippocampus_ST_A_Ex_KD,8,hippocampus,ST_A_Ex_KD,GSE280382,gene_name,Gm41350,GM41350,0.8862386192952291,0.043311744694489,UP
Acc8_hippocampus_ST_A_Ex_KD,8,hippocampus,ST_A_Ex_KD,GSE280382,gene_name,Lox,LOX,-1.3701584831045548,0.0434085877946476,DOWN
Acc8_hippocampus_ST_A_Ex_KD,8,hippocampus,ST_A_Ex_KD,GSE280382,gene_name,Gm15772,GM15772,-0.6353699072338191,0.0437235924463141,DOWN
Acc8_hippocampus_ST_A_Ex_KD,8,hippocampus,ST_A_Ex_KD,GSE280382,gene_name,Oaz1-ps,OAZ1-PS,-0.5119727177065242,0.0438983872664055,DOWN
Acc8_hippocampus_ST_A_Ex_KD,8,hippocampus,ST_A_Ex_KD,GSE280382,gene_name,Loc118567394,LOC118567394,1.07643073332047,0.043983049237943,UP
Acc8_hippocampus_ST_A_Ex_KD,8,hippocampus,ST_A_Ex_KD,GSE280382,gene_name,Naaladl2,NAALADL2,-0.5434188166309868,0.0455227927957667,DOWN
Acc8_hippocampus_ST_A_Ex_KD,8,hippocampus,ST_A_Ex_KD,GSE280382,gene_name,Ect2l,ECT2L,-0.9688885556816244,0.0455773793236859,DOWN
Acc8_hippocampus_ST_A_Ex_KD,8,hippocampus,ST_A_Ex_KD,GSE280382,gene_name,Avpr1a,AVPR1A,-1.584377497124874,0.0458480127103895,DOWN
Acc8_hippocampus_ST_A_Ex_KD,8,hippocampus,ST_A_Ex_KD,GSE280382,gene_name,Sh3bgr,SH3BGR,0.5574405907668716,0.0462426174536668,UP
Acc8_hippocampus_ST_A_Ex_KD,8,hippocampus,ST_A_Ex_KD,GSE280382,gene_name,Cd44,CD44,-0.5220725617056781,0.0466051723343785,DOWN
Acc8_hippocampus_ST_A_Ex_KD,8,hippocampus,ST_A_Ex_KD,GSE280382,gene_name,Ndufs5-ps,NDUFS5-PS,-0.8761662202726597,0.0469055958194829,DOWN
Acc8_hippocampus_ST_A_Ex_KD,8,hippocampus,ST_A_Ex_KD,GSE280382,gene_name,Ccl17,CCL17,1.071355200573569,0.0473318399721039,UP
Acc8_hippocampus_ST_A_Ex_KD,8,hippocampus,ST_A_Ex_KD,GSE280382,gene_name,Wnt8b,WNT8B,-1.282420730086916,0.0474167230274763,DOWN
Acc8_hippocampus_ST_A_Ex_KD,8,hippocampus,ST_A_Ex_KD,GSE280382,gene_name,Rab39,RAB39,-0.5172520906766332,0.0475552867246212,DOWN
Acc8_hippocampus_ST_A_Ex_KD,8,hippocampus,ST_A_Ex_KD,GSE280382,gene_name,Gulp1,GULP1,-0.5930322230125921,0.0475755158674804,DOWN
Acc8_hippocampus_ST_A_Ex_KD,8,hippocampus,ST_A_Ex_KD,GSE280382,gene_name,Rskr,RSKR,0.5166644016248421,0.0476314112309168,UP
Acc8_hippocampus_ST_A_Ex_KD,8,hippocampus,ST_A_Ex_KD,GSE280382,gene_name,Gm38653,GM38653,0.9762960748362336,0.0477103002403844,UP
Acc8_hippocampus_ST_A_Ex_KD,8,hippocampus,ST_A_Ex_KD,GSE280382,gene_name,Cfap47,CFAP47,-0.6471699961440875,0.0482160997508097,DOWN
Acc8_hippocampus_ST_A_Ex_KD,8,hippocampus,ST_A_Ex_KD,GSE280382,gene_name,Gm32574,GM32574,0.5750857955545856,0.0482797638631597,UP
Acc8_hippocampus_ST_A_Ex_KD,8,hippocampus,ST_A_Ex_KD,GSE280382,gene_name,S100a4,S100A4,0.8537660658858336,0.0486786721796774,UP
Acc8_hippocampus_ST_A_Ex_KD,8,hippocampus,ST_A_Ex_KD,GSE280382,gene_name,Gm42281,GM42281,0.6735551715710353,0.0491182754009004,UP
Acc8_hippocampus_ST_A_Ex_KD,8,hippocampus,ST_A_Ex_KD,GSE280382,gene_name,Spa17,SPA17,0.55024476386268,0.0491182754009004,UP
Acc8_hippocampus_ST_A_Ex_KD,8,hippocampus,ST_A_Ex_KD,GSE280382,gene_name,Gm36166,GM36166,0.5983333862225247,0.0492610531935976,UP
Acc8_hippocampus_ST_A_Ex_KD,8,hippocampus,ST_A_Ex_KD,GSE280382,gene_name,Serinc2,SERINC2,-0.506550135455823,0.0493382860461469,DOWN
Acc8_hippocampus_ST_A_Ex_KD,8,hippocampus,ST_A_Ex_KD,GSE280382,gene_name,Lefty2,LEFTY2,1.0745476811025438,0.0494827747224826,UP
Acc8_hippocampus_ST_A_Ex_KD,8,hippocampus,ST_A_Ex_KD,GSE280382,gene_name,Bcl3,BCL3,-0.9444981868807464,0.0498837690261984,DOWN
Acc10_hippocampus_Exendin4,10,hippocampus,Exendin4,GSE71850,array,Cdkn1a,CDKN1A,-0.5203566804,2.75778973629265e-05,DOWN
Acc10_hippocampus_Exendin4,10,hippocampus,Exendin4,GSE71850,array,Inhba,INHBA,-0.5091762496,0.0005665488546832,DOWN
Acc10_hippocampus_Exendin4,10,hippocampus,Exendin4,GSE71850,array,Fos,FOS,-0.516480229,0.003471508131646,DOWN
Acc10_hippocampus_Exendin4,10,hippocampus,Exendin4,GSE71850,array,Egr2,EGR2,-0.5033371576,0.0099645956556438,DOWN
Acc10_hippocampus_Ex4_Pre_TBI,10,hippocampus,Ex4_Pre_TBI,GSE71850,array,Dbp,DBP,0.5140224838,1.96740515299474e-05,UP
Acc10_hippocampus_Ex4_Pre_TBI,10,hippocampus,Ex4_Pre_TBI,GSE71850,array,Mkks,MKKS,-1.0823920878,0.0014806667162662,DOWN
Acc10_hippocampus_Ex4_Pre_TBI,10,hippocampus,Ex4_Pre_TBI,GSE71850,array,Ifitm3,IFITM3,0.792061481,0.0015434277578749,UP
Acc10_hippocampus_Ex4_Pre_TBI,10,hippocampus,Ex4_Pre_TBI,GSE71850,array,Parp14,PARP14,0.619126897,0.0015434277578749,UP
Acc10_hippocampus_Ex4_Pre_TBI,10,hippocampus,Ex4_Pre_TBI,GSE71850,array,Uba7,UBA7,0.5574036482,0.0021849965759082,UP
Acc10_hippocampus_Ex4_Pre_TBI,10,hippocampus,Ex4_Pre_TBI,GSE71850,array,Ifit3,IFIT3,0.958800676,0.0026656654444793,UP
Acc10_hippocampus_Ex4_Pre_TBI,10,hippocampus,Ex4_Pre_TBI,GSE71850,array,Gbp2,GBP2,0.5197564242,0.0029467341035873,UP
Acc10_hippocampus_Ex4_Pre_TBI,10,hippocampus,Ex4_Pre_TBI,GSE71850,array,Isg15,ISG15,1.013729632,0.0037555173432966,UP
Acc10_hippocampus_Ex4_Pre_TBI,10,hippocampus,Ex4_Pre_TBI,GSE71850,array,Usp18,USP18,0.9147196746,0.00457724575728,UP
Acc10_hippocampus_Ex4_Pre_TBI,10,hippocampus,Ex4_Pre_TBI,GSE71850,array,Gbp3,GBP3,0.6540491634,0.0051432153163904,UP
Acc10_hippocampus_Ex4_Pre_TBI,10,hippocampus,Ex4_Pre_TBI,GSE71850,array,H2-t23,H2-T23,0.7661964122,0.0076870724561997,UP
Acc10_hippocampus_Ex4_Pre_TBI,10,hippocampus,Ex4_Pre_TBI,GSE71850,array,Irf7,IRF7,0.5846034444,0.00802596309025,UP
Acc10_hippocampus_Ex4_Pre_TBI,10,hippocampus,Ex4_Pre_TBI,GSE71850,array,Oasl2,OASL2,0.9509413774,0.0104205610236698,UP
Acc10_hippocampus_Ex4_Pre_TBI,10,hippocampus,Ex4_Pre_TBI,GSE71850,array,Rsad2,RSAD2,0.607752477,0.0136598318249531,UP
Acc10_hippocampus_Ex4_Pre_TBI,10,hippocampus,Ex4_Pre_TBI,GSE71850,array,Igtp,IGTP,0.5098559228,0.0144073641182876,UP
Acc10_hippocampus_Ex4_Pre_TBI,10,hippocampus,Ex4_Pre_TBI,GSE71850,array,Irgm2,IRGM2,0.506412486,0.014562374064533,UP
Acc10_hippocampus_Ex4_Pre_TBI,10,hippocampus,Ex4_Pre_TBI,GSE71850,array,Bst2,BST2,0.7394509064,0.0221838385819995,UP
Acc10_hippocampus_Ex4_Pre_TBI,10,hippocampus,Ex4_Pre_TBI,GSE71850,array,Lgals3bp,LGALS3BP,0.7524537104,0.0323977446613626,UP
Acc10_hippocampus_Ex4_Po_t_TBI,10,hippocampus,Ex4_Po_t_TBI,GSE71850,array,Mkks,MKKS,-1.012209898,0.0048265315379456,DOWN
Acc11_hippocampus_Ex4,11,hippocampus,Ex4,GSE41345,array,Epm2aip1,EPM2AIP1,0.6874853004,0.0062215853848308,UP
Acc11_hippocampus_Ex4,11,hippocampus,Ex4,GSE41345,array,Slc23a2,SLC23A2,0.6866591854,0.0062215853848308,UP
Acc11_hippocampus_Ex4,11,hippocampus,Ex4,GSE41345,array,Ywhae,YWHAE,0.6679719008,0.0068042806534927,UP
Acc11_hippocampus_Ex4,11,hippocampus,Ex4,GSE41345,array,Hnrnpdl,HNRNPDL,0.6450895026,0.0068042806534927,UP
Acc11_hippocampus_Ex4,11,hippocampus,Ex4,GSE41345,array,Acadsb,ACADSB,0.5650216768,0.0068042806534927,UP
Acc11_hippocampus_Ex4,11,hippocampus,Ex4,GSE41345,array,Ddx3x,DDX3X,0.6712539538,0.0080371069474206,UP
Acc11_hippocampus_Ex4,11,hippocampus,Ex4,GSE41345,array,Mat2a,MAT2A,0.606648221,0.0080371069474206,UP
Acc11_hippocampus_Ex4,11,hippocampus,Ex4,GSE41345,array,Vhl,VHL,0.6468158416,0.0095122074175791,UP
Acc11_hippocampus_Ex4,11,hippocampus,Ex4,GSE41345,array,Vps26b,VPS26B,0.7207818556,0.0111942480746428,UP
Acc11_hippocampus_Ex4,11,hippocampus,Ex4,GSE41345,array,Vapa,VAPA,0.7039807768,0.0120755549445657,UP
Acc11_hippocampus_Ex4,11,hippocampus,Ex4,GSE41345,array,Slc12a5,SLC12A5,0.564822643,0.0120755549445657,UP
Acc11_hippocampus_Ex4,11,hippocampus,Ex4,GSE41345,array,Gm12657,GM12657,0.6460682508,0.0122468753047743,UP
Acc11_hippocampus_Ex4,11,hippocampus,Ex4,GSE41345,array,Ist1,IST1,0.5696089668,0.0137739741481452,UP
Acc11_hippocampus_Ex4,11,hippocampus,Ex4,GSE41345,array,Stmn1,STMN1,0.7979181226,0.0140696213139199,UP
Acc11_hippocampus_Ex4,11,hippocampus,Ex4,GSE41345,array,Ndrg4,NDRG4,0.7857739228,0.0140696213139199,UP
Acc11_hippocampus_Ex4,11,hippocampus,Ex4,GSE41345,array,Aldh6a1,ALDH6A1,0.5208214074,0.015975828540274,UP
Acc11_hippocampus_Ex4,11,hippocampus,Ex4,GSE41345,array,Kpna3,KPNA3,0.6956859888,0.0188519237041489,UP
Acc11_hippocampus_Ex4,11,hippocampus,Ex4,GSE41345,array,Idh2,IDH2,0.5350910486,0.0188519237041489,UP
Acc11_hippocampus_Ex4,11,hippocampus,Ex4,GSE41345,array,Casc4,CASC4,0.5930854516,0.019278957601887,UP
Acc11_hippocampus_Ex4,11,hippocampus,Ex4,GSE41345,array,Mxi1,MXI1,0.563091481,0.019543987219839,UP
Acc11_hippocampus_Ex4,11,hippocampus,Ex4,GSE41345,array,Adi1,ADI1,0.5230516524,0.019543987219839,UP
Acc11_hippocampus_Ex4,11,hippocampus,Ex4,GSE41345,array,Ptges3,PTGES3,0.5240174336,0.021402224251778,UP
Acc11_hippocampus_Ex4,11,hippocampus,Ex4,GSE41345,array,Kctd3,KCTD3,0.5275309502,0.0223768872438991,UP
Acc11_hippocampus_Ex4,11,hippocampus,Ex4,GSE41345,array,Atp5a1,ATP5A1,0.7289328304,0.0224460792390039,UP
Acc11_hippocampus_Ex4,11,hippocampus,Ex4,GSE41345,array,Rps9,RPS9,0.5035104152,0.0230970698799002,UP
Acc11_hippocampus_Ex4,11,hippocampus,Ex4,GSE41345,array,Otud6b,OTUD6B,0.5413345698,0.0234960271908645,UP
Acc11_hippocampus_Ex4,11,hippocampus,Ex4,GSE41345,array,Tppp,TPPP,0.6193575998,0.0238019654494239,UP
Acc11_hippocampus_Ex4,11,hippocampus,Ex4,GSE41345,array,Adam9,ADAM9,0.5503935928,0.0252105431004676,UP
Acc11_hippocampus_Ex4,11,hippocampus,Ex4,GSE41345,array,Zfand6,ZFAND6,0.5614261664,0.0252311502978859,UP
Acc11_hippocampus_Ex4,11,hippocampus,Ex4,GSE41345,array,Ptma,PTMA,0.7637398498,0.0261298235390892,UP
Acc11_hippocampus_Ex4,11,hippocampus,Ex4,GSE41345,array,Setx,SETX,0.5086977464,0.0267911101221835,UP
Acc11_hippocampus_Ex4,11,hippocampus,Ex4,GSE41345,array,Pcmtd2,PCMTD2,0.5665472088,0.0271018082344546,UP
Acc11_hippocampus_Ex4,11,hippocampus,Ex4,GSE41345,array,Lrrn2,LRRN2,0.5611366874,0.0271018082344546,UP
Acc11_hippocampus_Ex4,11,hippocampus,Ex4,GSE41345,array,Ankrd17,ANKRD17,0.5433185682,0.0271018082344546,UP
Acc11_hippocampus_Ex4,11,hippocampus,Ex4,GSE41345,array,Emc7,EMC7,0.533415895,0.0276897108904154,UP
Acc11_hippocampus_Ex4,11,hippocampus,Ex4,GSE41345,array,4833420g17rik,4833420G17RIK,0.5156788238,0.0276897108904154,UP
Acc11_hippocampus_Ex4,11,hippocampus,Ex4,GSE41345,array,Kpnb1,KPNB1,0.5072388386,0.0276897108904154,UP
Acc11_hippocampus_Ex4,11,hippocampus,Ex4,GSE41345,array,Slc38a2,SLC38A2,0.576947865,0.0278422712101712,UP
Acc11_hippocampus_Ex4,11,hippocampus,Ex4,GSE41345,array,Huwe1,HUWE1,0.6386639452,0.0278547924882987,UP
Acc11_hippocampus_Ex4,11,hippocampus,Ex4,GSE41345,array,Pmpcb,PMPCB,0.556084099,0.0278547924882987,UP
Acc11_hippocampus_Ex4,11,hippocampus,Ex4,GSE41345,array,Tomm70a,TOMM70A,0.5643242712,0.028019884627806,UP
Acc11_hippocampus_Ex4,11,hippocampus,Ex4,GSE41345,array,Ptpra,PTPRA,0.674205299,0.0294454262820413,UP
Acc11_hippocampus_Ex4,11,hippocampus,Ex4,GSE41345,array,Rassf3,RASSF3,0.5870718492,0.0297651994534499,UP
Acc11_hippocampus_Ex4,11,hippocampus,Ex4,GSE41345,array,Hprt,HPRT,0.5104961198,0.031299000065584,UP
Acc11_hippocampus_Ex4,11,hippocampus,Ex4,GSE41345,array,P2ry12,P2RY12,0.5726737324,0.0339598506887589,UP
Acc11_hippocampus_Ex4,11,hippocampus,Ex4,GSE41345,array,Ctnnd2,CTNND2,0.5214660792,0.0368737032956771,UP
Acc11_hippocampus_Ex4,11,hippocampus,Ex4,GSE41345,array,Rpl7a,RPL7A,0.652880035800001,0.0373179982675674,UP
Acc11_hippocampus_Ex4,11,hippocampus,Ex4,GSE41345,array,Paip2,PAIP2,0.5983335856,0.0374087763722813,UP
Acc11_hippocampus_Ex4,11,hippocampus,Ex4,GSE41345,array,R3hdm2,R3HDM2,0.592831984,0.0386630448751624,UP
Acc11_hippocampus_Ex4,11,hippocampus,Ex4,GSE41345,array,Sepp1,SEPP1,0.621132039,0.0409726800614965,UP
Acc11_hippocampus_Ex4,11,hippocampus,Ex4,GSE41345,array,Snx1,SNX1,0.5285516266,0.0461181577162,UP
Acc11_hippocampus_Ex4_mTBI,11,hippocampus,Ex4_mTBI,GSE41345,array,Map1b,MAP1B,-0.8965920593,0.0017607380978131,DOWN
Acc11_hippocampus_Ex4_mTBI,11,hippocampus,Ex4_mTBI,GSE41345,array,Rps3,RPS3,0.57487349855,0.0039252559803732,UP
Acc11_hippocampus_Ex4_mTBI,11,hippocampus,Ex4_mTBI,GSE41345,array,Slc23a2,SLC23A2,0.69572033915,0.0044438265457856,UP
Acc11_hippocampus_Ex4_mTBI,11,hippocampus,Ex4_mTBI,GSE41345,array,Ednrb,EDNRB,-0.56975733585,0.0044438265457856,DOWN
Acc11_hippocampus_Ex4_mTBI,11,hippocampus,Ex4_mTBI,GSE41345,array,Insig1,INSIG1,-0.5005583254,0.0044438265457856,DOWN
Acc11_hippocampus_Ex4_mTBI,11,hippocampus,Ex4_mTBI,GSE41345,array,Ppp2r2c,PPP2R2C,0.6369981549,0.0071647756657237,UP
Acc11_hippocampus_Ex4_mTBI,11,hippocampus,Ex4_mTBI,GSE41345,array,Epm2aip1,EPM2AIP1,0.6320161294,0.0071647756657237,UP
Acc11_hippocampus_Ex4_mTBI,11,hippocampus,Ex4_mTBI,GSE41345,array,Erich5,ERICH5,0.5612564906,0.0071647756657237,UP
Acc11_hippocampus_Ex4_mTBI,11,hippocampus,Ex4_mTBI,GSE41345,array,Zxda,ZXDA,0.51582345805,0.0071647756657237,UP
Acc11_hippocampus_Ex4_mTBI,11,hippocampus,Ex4_mTBI,GSE41345,array,Ylpm1,YLPM1,0.5180006327,0.0072725603608058,UP
Acc11_hippocampus_Ex4_mTBI,11,hippocampus,Ex4_mTBI,GSE41345,array,Ndufb9,NDUFB9,0.53772602815,0.0073720740767787,UP
Acc11_hippocampus_Ex4_mTBI,11,hippocampus,Ex4_mTBI,GSE41345,array,Zbtb18,ZBTB18,-0.77454803155,0.008197131410434,DOWN
Acc11_hippocampus_Ex4_mTBI,11,hippocampus,Ex4_mTBI,GSE41345,array,Dst,DST,0.6516851595,0.008197131410434,UP
Acc11_hippocampus_Ex4_mTBI,11,hippocampus,Ex4_mTBI,GSE41345,array,Actb,ACTB,-0.70509186015,0.0095637496859132,DOWN
Acc11_hippocampus_Ex4_mTBI,11,hippocampus,Ex4_mTBI,GSE41345,array,Slc12a5,SLC12A5,0.5925960539,0.0095637496859132,UP
Acc11_hippocampus_Ex4_mTBI,11,hippocampus,Ex4_mTBI,GSE41345,array,Rhbdl2,RHBDL2,0.5603425774,0.0095637496859132,UP
Acc11_hippocampus_Ex4_mTBI,11,hippocampus,Ex4_mTBI,GSE41345,array,Cyfip2,CYFIP2,0.5304284337,0.0095637496859132,UP
Acc11_hippocampus_Ex4_mTBI,11,hippocampus,Ex4_mTBI,GSE41345,array,Acadsb,ACADSB,0.51604781635,0.0095637496859132,UP
Acc11_hippocampus_Ex4_mTBI,11,hippocampus,Ex4_mTBI,GSE41345,array,Arnt2,ARNT2,0.5129212872,0.0095637496859132,UP
Acc11_hippocampus_Ex4_mTBI,11,hippocampus,Ex4_mTBI,GSE41345,array,Hnrnpa2b1,HNRNPA2B1,-0.5344744823,0.0109807305242639,DOWN
Acc11_hippocampus_Ex4_mTBI,11,hippocampus,Ex4_mTBI,GSE41345,array,Gm12657,GM12657,0.6586754294,0.0119326780831245,UP
Acc11_hippocampus_Ex4_mTBI,11,hippocampus,Ex4_mTBI,GSE41345,array,Eef2,EEF2,-0.530732833899999,0.0130424174312259,DOWN
Acc11_hippocampus_Ex4_mTBI,11,hippocampus,Ex4_mTBI,GSE41345,array,Ift20,IFT20,0.51621542755,0.0130424174312259,UP
Acc11_hippocampus_Ex4_mTBI,11,hippocampus,Ex4_mTBI,GSE41345,array,Ywhae,YWHAE,0.5570059446,0.0131607661235724,UP
Acc11_hippocampus_Ex4_mTBI,11,hippocampus,Ex4_mTBI,GSE41345,array,Ube3a,UBE3A,-0.52051360955,0.0131607661235724,DOWN
Acc11_hippocampus_Ex4_mTBI,11,hippocampus,Ex4_mTBI,GSE41345,array,Vapa,VAPA,0.6868817774,0.0131792574816172,UP
Acc11_hippocampus_Ex4_mTBI,11,hippocampus,Ex4_mTBI,GSE41345,array,Glud1,GLUD1,-0.57452508575,0.0136168909977487,DOWN
Acc11_hippocampus_Ex4_mTBI,11,hippocampus,Ex4_mTBI,GSE41345,array,Vps26b,VPS26B,0.67145381645,0.0145324892864959,UP
Acc11_hippocampus_Ex4_mTBI,11,hippocampus,Ex4_mTBI,GSE41345,array,Hnrnpdl,HNRNPDL,0.54059477205,0.0147356242634149,UP
Acc11_hippocampus_Ex4_mTBI,11,hippocampus,Ex4_mTBI,GSE41345,array,Stmn1,STMN1,0.76547399825,0.0162428038470264,UP
Acc11_hippocampus_Ex4_mTBI,11,hippocampus,Ex4_mTBI,GSE41345,array,Ankrd17,ANKRD17,0.6240035934,0.0162428038470264,UP
Acc11_hippocampus_Ex4_mTBI,11,hippocampus,Ex4_mTBI,GSE41345,array,Vhl,VHL,0.566508198,0.0162428038470264,UP
Acc11_hippocampus_Ex4_mTBI,11,hippocampus,Ex4_mTBI,GSE41345,array,Rps9,RPS9,0.5469537708,0.0162428038470264,UP
Acc11_hippocampus_Ex4_mTBI,11,hippocampus,Ex4_mTBI,GSE41345,array,Mat2a,MAT2A,0.51212399705,0.0162428038470264,UP
Acc11_hippocampus_Ex4_mTBI,11,hippocampus,Ex4_mTBI,GSE41345,array,Gpm6a,GPM6A,-0.6722263039,0.016387744231242,DOWN
Acc11_hippocampus_Ex4_mTBI,11,hippocampus,Ex4_mTBI,GSE41345,array,Idh2,IDH2,0.5377504749,0.016387744231242,UP
Acc11_hippocampus_Ex4_mTBI,11,hippocampus,Ex4_mTBI,GSE41345,array,Ist1,IST1,0.5361705576,0.0165982751460178,UP
Acc11_hippocampus_Ex4_mTBI,11,hippocampus,Ex4_mTBI,GSE41345,array,Ddx3x,DDX3X,0.56417355905,0.0167144272403743,UP
Acc11_hippocampus_Ex4_mTBI,11,hippocampus,Ex4_mTBI,GSE41345,array,Vps29,VPS29,0.517549817,0.018025217414803,UP
Acc11_hippocampus_Ex4_mTBI,11,hippocampus,Ex4_mTBI,GSE41345,array,Huwe1,HUWE1,0.71063436425,0.0183231347595254,UP
Acc11_hippocampus_Ex4_mTBI,11,hippocampus,Ex4_mTBI,GSE41345,array,Kpna3,KPNA3,0.66329833205,0.0183231347595254,UP
Acc11_hippocampus_Ex4_mTBI,11,hippocampus,Ex4_mTBI,GSE41345,array,Ntrk3,NTRK3,0.55334679655,0.0183231347595254,UP
Acc11_hippocampus_Ex4_mTBI,11,hippocampus,Ex4_mTBI,GSE41345,array,Dixdc1,DIXDC1,0.5290198778,0.0183231347595254,UP
Acc11_hippocampus_Ex4_mTBI,11,hippocampus,Ex4_mTBI,GSE41345,array,Ptges3,PTGES3,0.52518941575,0.0183231347595254,UP
Acc11_hippocampus_Ex4_mTBI,11,hippocampus,Ex4_mTBI,GSE41345,array,Epha7,EPHA7,0.56493030375,0.0186735567142057,UP
Acc11_hippocampus_Ex4_mTBI,11,hippocampus,Ex4_mTBI,GSE41345,array,Atp5a1,ATP5A1,0.7348032404,0.018702592181852,UP
Acc11_hippocampus_Ex4_mTBI,11,hippocampus,Ex4_mTBI,GSE41345,array,Casc4,CASC4,0.567476195,0.018702592181852,UP
Acc11_hippocampus_Ex4_mTBI,11,hippocampus,Ex4_mTBI,GSE41345,array,Ptma,PTMA,0.7893132819,0.0192544426577737,UP
Acc11_hippocampus_Ex4_mTBI,11,hippocampus,Ex4_mTBI,GSE41345,array,Ndrg4,NDRG4,0.692307575450001,0.0195570565852458,UP
Acc11_hippocampus_Ex4_mTBI,11,hippocampus,Ex4_mTBI,GSE41345,array,R3hdm2,R3HDM2,0.6909099719,0.0200849741906281,UP
Acc11_hippocampus_Ex4_mTBI,11,hippocampus,Ex4_mTBI,GSE41345,array,Mxi1,MXI1,0.5226539107,0.0216956628150114,UP
Acc11_hippocampus_Ex4_mTBI,11,hippocampus,Ex4_mTBI,GSE41345,array,Kpnb1,KPNB1,0.5173345674,0.0233298030744908,UP
Acc11_hippocampus_Ex4_mTBI,11,hippocampus,Ex4_mTBI,GSE41345,array,Celf2,CELF2,0.52778663565,0.0247536473613656,UP
Acc11_hippocampus_Ex4_mTBI,11,hippocampus,Ex4_mTBI,GSE41345,array,Ndufaf5,NDUFAF5,0.50922361645,0.0247536473613656,UP
Acc11_hippocampus_Ex4_mTBI,11,hippocampus,Ex4_mTBI,GSE41345,array,Calr,CALR,-0.5792182507,0.0278474254366246,DOWN
Acc11_hippocampus_Ex4_mTBI,11,hippocampus,Ex4_mTBI,GSE41345,array,Slc38a2,SLC38A2,0.56386475815,0.0279171140119853,UP
Acc11_hippocampus_Ex4_mTBI,11,hippocampus,Ex4_mTBI,GSE41345,array,Pcmtd2,PCMTD2,0.5398424416,0.0283607225599979,UP
Acc11_hippocampus_Ex4_mTBI,11,hippocampus,Ex4_mTBI,GSE41345,array,Hspe1,HSPE1,0.52456658525,0.0283607225599979,UP
Acc11_hippocampus_Ex4_mTBI,11,hippocampus,Ex4_mTBI,GSE41345,array,Emc7,EMC7,0.5141041781,0.0283607225599979,UP
Acc11_hippocampus_Ex4_mTBI,11,hippocampus,Ex4_mTBI,GSE41345,array,Ndufs4,NDUFS4,0.52616430685,0.0284616967696238,UP
Acc11_hippocampus_Ex4_mTBI,11,hippocampus,Ex4_mTBI,GSE41345,array,Zfand6,ZFAND6,0.514212758,0.0294096261499709,UP
Acc11_hippocampus_Ex4_mTBI,11,hippocampus,Ex4_mTBI,GSE41345,array,Slirp,SLIRP,0.51168551145,0.0297518992299841,UP
Acc11_hippocampus_Ex4_mTBI,11,hippocampus,Ex4_mTBI,GSE41345,array,Snap91,SNAP91,0.516643854,0.0298442076758928,UP
Acc11_hippocampus_Ex4_mTBI,11,hippocampus,Ex4_mTBI,GSE41345,array,Ndufa5,NDUFA5,0.5947518186,0.0311401368712146,UP
Acc11_hippocampus_Ex4_mTBI,11,hippocampus,Ex4_mTBI,GSE41345,array,Jak1,JAK1,0.57902134405,0.0331374876443554,UP
Acc11_hippocampus_Ex4_mTBI,11,hippocampus,Ex4_mTBI,GSE41345,array,Ptpra,PTPRA,0.6223812984,0.0368488686748204,UP
Acc11_hippocampus_Ex4_mTBI,11,hippocampus,Ex4_mTBI,GSE41345,array,Pmpcb,PMPCB,0.50104615475,0.0382439019157939,UP
Acc11_hippocampus_Ex4_mTBI,11,hippocampus,Ex4_mTBI,GSE41345,array,P2ry12,P2RY12,0.5385505776,0.0388112555915777,UP
Acc11_hippocampus_Ex4_mTBI,11,hippocampus,Ex4_mTBI,GSE41345,array,Hprt,HPRT,0.52621115045,0.0396849984597759,UP
Acc11_hippocampus_Ex4_mTBI,11,hippocampus,Ex4_mTBI,GSE41345,array,Paip2,PAIP2,0.57206041185,0.0412519004615761,UP
Acc11_hippocampus_Ex4_mTBI,11,hippocampus,Ex4_mTBI,GSE41345,array,Map2k1,MAP2K1,0.66132762975,0.0479806786702854,UP
Acc12_hypothalamus_GLP,12,hypothalamus,GLP,GSE39586,array,1700123o20rik,1700123O20RIK,0.847044401666667,0.0174371025447731,UP
Acc12_hypothalamus_GLP,12,hypothalamus,GLP,GSE39586,array,Samd4,SAMD4,1.19374356813333,0.0368362681503406,UP
Acc12_hypothalamus_GLP,12,hypothalamus,GLP,GSE39586,array,Parp2,PARP2,0.528975552666667,0.0368362681503406,UP
