group,accession,region,treatment,gse,kind,symbol,symbol_key,log2FC,padj,direction
Acc3_accumbens_GLP_1,3,accumbens,GLP_1,GSE244607,gene_name,Plin4,PLIN4,1.0452815683337469,5.171704521694488e-05,UP
Acc3_accumbens_GLP_1,3,accumbens,GLP_1,GSE244607,gene_name,Gm15666,GM15666,-1.2223887987809257,0.0190265562794723,DOWN
Acc3_accumbens_GLP_1,3,accumbens,GLP_1,GSE244607,gene_name,Tnnt1,TNNT1,-2.898281946069244,0.0305546606873608,DOWN
Acc3_accumbens_GLP_1,3,accumbens,GLP_1,GSE244607,gene_name,Aqp1,AQP1,3.199866583219253,0.0357617050578519,UP
Acc3_accumbens_GLP_1,3,accumbens,GLP_1,GSE244607,gene_name,Ttr,TTR,4.796400945610501,0.0487369865803245,UP
Acc3_accumbens_GLP_1_MK_801,3,accumbens,GLP_1_MK_801,GSE244607,gene_name,Gm5917,GM5917,1.849953436235886,4.752379097644945e-15,UP
Acc3_accumbens_GLP_1_MK_801,3,accumbens,GLP_1_MK_801,GSE244607,gene_name,2900060b14rik,2900060B14RIK,1.5396025929258783,0.0353708969250144,UP
Acc3_brainstem_GLP_1,3,brainstem,GLP_1,GSE244607,gene_name,Cdkn1a,CDKN1A,1.0778622968225204,4.0309866271798585e-14,UP
Acc3_brainstem_GLP_1,3,brainstem,GLP_1,GSE244607,gene_name,Plin4,PLIN4,1.0561328680385345,2.5297630161045084e-11,UP
Acc3_brainstem_GLP_1,3,brainstem,GLP_1,GSE244607,gene_name,Arrdc2,ARRDC2,1.0787258531077486,3.041385462885835e-11,UP
Acc3_brainstem_GLP_1,3,brainstem,GLP_1,GSE244607,gene_name,Hspa1b,HSPA1B,-1.3358794505357152,1.887188338308157e-07,DOWN
Acc3_hypothalamus_GLP_1_MK_801,3,hypothalamus,GLP_1_MK_801,GSE244607,gene_name,Gm37056,GM37056,-1.294409704109711,0.0004764922666162,DOWN
Acc3_hypothalamus_GLP_1_MK_801,3,hypothalamus,GLP_1_MK_801,GSE244607,gene_name,Hspa1b,HSPA1B,-1.503696983600912,0.0006682824606294,DOWN
Acc3_hypothalamus_GLP_1_MK_801,3,hypothalamus,GLP_1_MK_801,GSE244607,gene_name,Ccdc125,CCDC125,-1.0013262929755469,0.0019430764942466,DOWN
Acc3_hypothalamus_GLP_1_MK_801,3,hypothalamus,GLP_1_MK_801,GSE244607,gene_name,Gm47033,GM47033,-1.0819567676582098,0.002385090423123,DOWN
Acc3_hypothalamus_GLP_1_MK_801,3,hypothalamus,GLP_1_MK_801,GSE244607,gene_name,Plin4,PLIN4,1.2515993698780792,0.0032908351399286,UP
Acc3_hypothalamus_GLP_1_MK_801,3,hypothalamus,GLP_1_MK_801,GSE244607,gene_name,Ikzf5,IKZF5,-1.2374324947138846,0.0039522111063553,DOWN
Acc3_hypothalamus_GLP_1_MK_801,3,hypothalamus,GLP_1_MK_801,GSE244607,gene_name,Gm44831,GM44831,-1.2699946603541716,0.0049585071409273,DOWN
Acc3_hypothalamus_GLP_1_MK_801,3,hypothalamus,GLP_1_MK_801,GSE244607,gene_name,2900064f13rik,2900064F13RIK,-1.199546568815919,0.0049585071409273,DOWN
Acc3_hypothalamus_GLP_1_MK_801,3,hypothalamus,GLP_1_MK_801,GSE244607,gene_name,Gm10226,GM10226,-1.337370131879167,0.0051369817760623,DOWN
Acc3_hypothalamus_GLP_1_MK_801,3,hypothalamus,GLP_1_MK_801,GSE244607,gene_name,Gm28941,GM28941,-1.0899431428166435,0.0055124352385498,DOWN
Acc3_hypothalamus_GLP_1_MK_801,3,hypothalamus,GLP_1_MK_801,GSE244607,gene_name,4930598n05rik,4930598N05RIK,-1.0036392510720709,0.0071127594822323,DOWN
Acc3_hypothalamus_GLP_1_MK_801,3,hypothalamus,GLP_1_MK_801,GSE244607,gene_name,Gm44559,GM44559,-1.146800017609786,0.012224010389654,DOWN
Acc3_hypothalamus_GLP_1_MK_801,3,hypothalamus,GLP_1_MK_801,GSE244607,gene_name,Gm42664,GM42664,-1.0734174046997182,0.0123209761446643,DOWN
Acc3_hypothalamus_GLP_1_MK_801,3,hypothalamus,GLP_1_MK_801,GSE244607,gene_name,C130023a14rik,C130023A14RIK,-1.0823113321102815,0.0175384569606832,DOWN
Acc3_hypothalamus_GLP_1_MK_801,3,hypothalamus,GLP_1_MK_801,GSE244607,gene_name,Mir186,MIR186,-1.1430070423393983,0.028356531466157,DOWN
Acc3_hypothalamus_GLP_1_MK_801,3,hypothalamus,GLP_1_MK_801,GSE244607,gene_name,Gm44742,GM44742,-1.1208388208514506,0.030722060796585,DOWN
Acc3_hypothalamus_GLP_1_MK_801,3,hypothalamus,GLP_1_MK_801,GSE244607,gene_name,Mt-tt,MT-TT,-1.0217706806316875,0.0334665449592935,DOWN
Acc3_hypothalamus_GLP_1_MK_801,3,hypothalamus,GLP_1_MK_801,GSE244607,gene_name,Zxdb,ZXDB,-1.281680502234614,0.0339440166891419,DOWN
Acc3_hypothalamus_GLP_1_MK_801,3,hypothalamus,GLP_1_MK_801,GSE244607,gene_name,Ano2,ANO2,1.526485472407613,0.039985932205504,UP
Acc3_hypothalamus_GLP_1_MK_801,3,hypothalamus,GLP_1_MK_801,GSE244607,gene_name,Gm17066,GM17066,-1.2379865174835472,0.043506847500836,DOWN
Acc3_hypothalamus_GLP_1_MK_801,3,hypothalamus,GLP_1_MK_801,GSE244607,gene_name,Gt(rosa)26sor,GT(ROSA)26SOR,-1.186620269235353,0.0490079192144511,DOWN
Acc3_hypothalamus_GLP_1_MK_801,3,hypothalamus,GLP_1_MK_801,GSE244607,gene_name,Gm36989,GM36989,-1.656140610321151,0.0495510266718797,DOWN
Acc3_hypothalamus_conjugate_2,3,hypothalamus,conjugate_2,GSE244607,gene_name,Hspa1b,HSPA1B,-1.473845250635483,0.0030015455706626,DOWN
Acc4_hypothalamus_Lira,4,hypothalamus,Lira,GSE190218,gene_name,Nwd2,NWD2,-1.88210314150124,0.0206089013436558,DOWN
Acc4_hypothalamus_PYY_Lira,4,hypothalamus,PYY_Lira,GSE190218,gene_name,Slc6a3,SLC6A3,6.525731218375194,0.0205443855534973,UP
Acc4_hypothalamus_PYY_Lira,4,hypothalamus,PYY_Lira,GSE190218,gene_name,Chrna3,CHRNA3,-2.9865438456443574,0.0205443855534973,DOWN
Acc4_hypothalamus_PYY_Lira,4,hypothalamus,PYY_Lira,GSE190218,gene_name,Trim54,TRIM54,-3.231784186230766,0.0354680000706726,DOWN
Acc5_arc_IP118_PY115,5,arc,IP118_PY115,GSE160802,ensembl,Hif3a,HIF3A,1.3404892738534002,0.0043071979549082,UP
Acc5_arc_IP118_PY115,5,arc,IP118_PY115,GSE160802,ensembl,Zbtb16,ZBTB16,1.1839366225684416,0.0120177941037626,UP
Acc5_arc_IP118_PY115,5,arc,IP118_PY115,GSE160802,ensembl,Setdb2,SETDB2,1.1229981879253454,0.0124668159506677,UP
Acc5_arc_IP118_PY115,5,arc,IP118_PY115,GSE160802,ensembl,Cdkn1a,CDKN1A,1.2196699924152254,0.0157214506287023,UP
Acc5_arc_IP118_PY115,5,arc,IP118_PY115,GSE160802,ensembl,Trim15,TRIM15,1.3018122856384742,0.0208251000762857,UP
Acc5_arc_IP118_PY115,5,arc,IP118_PY115,GSE160802,ensembl,Arl4d,ARL4D,1.252298898858489,0.043902904110856,UP
Acc5_nts_IP118_PY115,5,nts,IP118_PY115,GSE160802,ensembl,Arrdc2,ARRDC2,1.0665975282324371,0.0018990985568403,UP
Acc5_nts_IP118_PY115,5,nts,IP118_PY115,GSE160802,ensembl,Nr4a1,NR4A1,1.3774697752205116,0.0029406894935265,UP
Acc5_nts_IP118_PY115,5,nts,IP118_PY115,GSE160802,ensembl,Rasl11a,RASL11A,1.079917397658469,0.0038858764757622,UP
Acc5_nts_IP118_PY115,5,nts,IP118_PY115,GSE160802,ensembl,Egr4,EGR4,2.4407677003448778,0.004284900080143,UP
Acc5_nts_IP118_PY115,5,nts,IP118_PY115,GSE160802,ensembl,Ptgs2,PTGS2,1.9590042792002451,0.0052783508834512,UP
Acc5_nts_IP118_PY115,5,nts,IP118_PY115,GSE160802,ensembl,Junb,JUNB,1.3115882528266796,0.0080548489377088,UP
Acc5_nts_IP118_PY115,5,nts,IP118_PY115,GSE160802,ensembl,Islr2,ISLR2,1.2127708739432583,0.0092660286161282,UP
Acc5_nts_IP118_PY115,5,nts,IP118_PY115,GSE160802,ensembl,Gm13889,GM13889,1.1157031905628805,0.0125547367809049,UP
Acc5_nts_IP118_PY115,5,nts,IP118_PY115,GSE160802,ensembl,Cdkn1a,CDKN1A,1.4841157029056762,0.0159645738804752,UP
Acc5_nts_IP118_PY115,5,nts,IP118_PY115,GSE160802,ensembl,Fzd10,FZD10,-1.0184063084345816,0.0159645738804752,DOWN
Acc5_nts_IP118_PY115,5,nts,IP118_PY115,GSE160802,ensembl,Fosl2,FOSL2,1.9129599705195568,0.0185144107432648,UP
Acc5_nts_IP118_PY115,5,nts,IP118_PY115,GSE160802,ensembl,Nr4a3,NR4A3,1.1494804028903285,0.0185144107432648,UP
Acc5_nts_IP118_PY115,5,nts,IP118_PY115,GSE160802,ensembl,Nptx2,NPTX2,1.3523469442702056,0.0244714198511889,UP
Acc5_nts_IP118_PY115,5,nts,IP118_PY115,GSE160802,ensembl,Rrad,RRAD,1.8984354568616324,0.0281280639743086,UP
Acc5_nts_IP118_PY115,5,nts,IP118_PY115,GSE160802,ensembl,Gpr3,GPR3,1.1566150011588805,0.0460838044598167,UP
Acc5_nts_IP118_PY115,5,nts,IP118_PY115,GSE160802,ensembl,Fos,FOS,1.5129362046143422,0.0468252449143695,UP
Acc5_pvn_IP118_PY115,5,pvn,IP118_PY115,GSE160802,ensembl,Orc1,ORC1,2.5912930513871486,8.054905622800551e-06,UP
Acc5_pvn_IP118_PY115,5,pvn,IP118_PY115,GSE160802,ensembl,Zbtb16,ZBTB16,1.1594731060946444,2.617570604431246e-05,UP
Acc5_pvn_IP118_PY115,5,pvn,IP118_PY115,GSE160802,ensembl,Hs3st2,HS3ST2,1.9593771716408168,0.0004417011803651,UP
Acc5_pvn_IP118_PY115,5,pvn,IP118_PY115,GSE160802,ensembl,Nptx2,NPTX2,1.3746956272620354,0.0009443196589287,UP
Acc5_pvn_IP118_PY115,5,pvn,IP118_PY115,GSE160802,ensembl,Fam107b,FAM107B,1.2616303389225236,0.0012439971717833,UP
Acc5_pvn_IP118_PY115,5,pvn,IP118_PY115,GSE160802,ensembl,Epha2,EPHA2,1.3651471463109477,0.0020134502114636,UP
Acc5_pvn_IP118_PY115,5,pvn,IP118_PY115,GSE160802,ensembl,Rasl11b,RASL11B,1.013925537011627,0.0020134502114636,UP
Acc5_pvn_IP118_PY115,5,pvn,IP118_PY115,GSE160802,ensembl,Ccn2,CCN2,1.2662196543419812,0.0027731084585252,UP
Acc5_pvn_IP118_PY115,5,pvn,IP118_PY115,GSE160802,ensembl,Lrrc17,LRRC17,2.4114648534934893,0.0057361476001859,UP
Acc5_pvn_IP118_PY115,5,pvn,IP118_PY115,GSE160802,ensembl,Slc10a6,SLC10A6,1.2273712635450351,0.0061273083275995,UP
Acc5_pvn_IP118_PY115,5,pvn,IP118_PY115,GSE160802,ensembl,Irak3,IRAK3,1.3752182984546235,0.0098318623204767,UP
Acc5_pvn_IP118_PY115,5,pvn,IP118_PY115,GSE160802,ensembl,Arc,ARC,1.073431454642806,0.0131826532800675,UP
Acc5_pvn_IP118_PY115,5,pvn,IP118_PY115,GSE160802,ensembl,Cdkn1a,CDKN1A,1.4819677804759148,0.0146208748772318,UP
Acc5_pvn_IP118_PY115,5,pvn,IP118_PY115,GSE160802,ensembl,Maff,MAFF,1.1926144722242298,0.0176401375278702,UP
Acc5_pvn_IP118_PY115,5,pvn,IP118_PY115,GSE160802,ensembl,Avpr1b,AVPR1B,1.026566567217748,0.0180555937866682,UP
Acc5_pvn_IP118_PY115,5,pvn,IP118_PY115,GSE160802,ensembl,Cxcl2,CXCL2,2.4591768463347976,0.0334332544708632,UP
Acc5_pvn_IP118_PY115,5,pvn,IP118_PY115,GSE160802,ensembl,Fosb,FOSB,1.745229956588727,0.0355196410494673,UP
Acc6_dvc_AC3174,6,dvc,AC3174,GSE135862,ensembl,Ripk1,RIPK1,-10.09096628729614,0.0004061541077439,DOWN
Acc6_dvc_AC3174,6,dvc,AC3174,GSE135862,ensembl,Itpr3,ITPR3,-10.074276687836418,0.0007379563713289,DOWN
Acc6_dvc_AC3174,6,dvc,AC3174,GSE135862,ensembl,Zfp385c,ZFP385C,6.407215773945922,0.0007379563713289,UP
Acc6_dvc_AC3174,6,dvc,AC3174,GSE135862,ensembl,Slc5a11,SLC5A11,-43.28070939472687,0.0015514439430135,DOWN
Acc6_dvc_AC3174,6,dvc,AC3174,GSE135862,ensembl,Nadk2,NADK2,1.3974127682885773,0.0026716915164871,UP
Acc6_dvc_AC3174,6,dvc,AC3174,GSE135862,ensembl,Poli,POLI,-2.9460756321806443,0.0032111939060939,DOWN
Acc6_dvc_AC3174,6,dvc,AC3174,GSE135862,ensembl,Xkr8,XKR8,4.947200598517058,0.0035042515010514,UP
Acc6_dvc_AC3174,6,dvc,AC3174,GSE135862,ensembl,Lrrk1,LRRK1,10.592105779171082,0.0051618489163919,UP
Acc6_dvc_AC3174,6,dvc,AC3174,GSE135862,ensembl,Gm9917,GM9917,-7.016259276471629,0.0053975946628206,DOWN
Acc6_dvc_AC3174,6,dvc,AC3174,GSE135862,ensembl,Ppp1r17,PPP1R17,10.5974762708402,0.0057681913852083,UP
Acc6_dvc_AC3174,6,dvc,AC3174,GSE135862,ensembl,Ccn1,CCN1,9.546252512622068,0.0094930625675194,UP
Acc6_dvc_AC3174,6,dvc,AC3174,GSE135862,ensembl,Mapk14,MAPK14,1.300077265844556,0.0112558781450972,UP
Acc6_dvc_AC3174,6,dvc,AC3174,GSE135862,ensembl,A630076j17rik,A630076J17RIK,-6.501425649476066,0.0115738746493447,DOWN
Acc6_dvc_AC3174,6,dvc,AC3174,GSE135862,ensembl,Pcdh15,PCDH15,-2.9107628836250394,0.0234847115160895,DOWN
Acc6_dvc_AC3174,6,dvc,AC3174,GSE135862,ensembl,Jsrp1,JSRP1,-9.40500023404446,0.025170200428009,DOWN
Acc6_dvc_AC3174,6,dvc,AC3174,GSE135862,ensembl,Fam167a,FAM167A,9.205600803704389,0.034731819051681,UP
Acc6_dvc_AC3174,6,dvc,AC3174,GSE135862,ensembl,Slc10a4-ps,SLC10A4-PS,6.744809588468569,0.0492314801765641,UP
Acc6_dvc_AC710222,6,dvc,AC710222,GSE135862,ensembl,Ripk4,RIPK4,16.377188577347972,6.954856616518813e-05,UP
Acc6_dvc_AC710222,6,dvc,AC710222,GSE135862,ensembl,Hmgcll1,HMGCLL1,-1.6919208980377791,6.954856616518813e-05,DOWN
Acc6_dvc_AC710222,6,dvc,AC710222,GSE135862,ensembl,Tmem132c,TMEM132C,-8.57594912490924,0.0003229980337598,DOWN
Acc6_dvc_AC710222,6,dvc,AC710222,GSE135862,ensembl,Itpr3,ITPR3,-7.787179378440488,0.0003972268880363,DOWN
Acc6_dvc_AC710222,6,dvc,AC710222,GSE135862,ensembl,Zfp385c,ZFP385C,6.0836159432608,0.0019005990581632,UP
Acc6_dvc_AC710222,6,dvc,AC710222,GSE135862,ensembl,Ccn1,CCN1,10.02279752854774,0.0060668485423462,UP
Acc6_dvc_AC710222,6,dvc,AC710222,GSE135862,ensembl,Serpina9,SERPINA9,-7.516410062958008,0.0109921001906606,DOWN
Acc6_dvc_AC710222,6,dvc,AC710222,GSE135862,ensembl,Slc25a24,SLC25A24,5.170719440860698,0.021659644632459,UP
Acc6_dvc_AC710222,6,dvc,AC710222,GSE135862,ensembl,Rad9b,RAD9B,10.35884028770247,0.0330421380530738,UP
Acc6_dvc_AC710222,6,dvc,AC710222,GSE135862,ensembl,Xkr8,XKR8,4.392526380429323,0.0330421380530738,UP
Acc6_dvc_AC710222,6,dvc,AC710222,GSE135862,ensembl,Styxl1,STYXL1,-5.900947635521525,0.0465657847596072,DOWN
Acc6_dvc_AC710222,6,dvc,AC710222,GSE135862,ensembl,Fam167a,FAM167A,9.09293074718822,0.0479341097238329,UP
Acc6_dvc_AC710222,6,dvc,AC710222,GSE135862,ensembl,Slc10a4-ps,SLC10A4-PS,6.8215941001971725,0.0479341097238329,UP
Acc6_dvc_AC710222,6,dvc,AC710222,GSE135862,ensembl,Tmem266,TMEM266,4.441734406055023,0.0479341097238329,UP
Acc6_dvc_COMBO,6,dvc,COMBO,GSE135862,ensembl,Tnc,TNC,-43.2808512266689,9.379798815635244e-25,DOWN
Acc6_dvc_COMBO,6,dvc,COMBO,GSE135862,ensembl,Ripk4,RIPK4,24.582666184404697,4.317310906910265e-14,UP
Acc6_dvc_COMBO,6,dvc,COMBO,GSE135862,ensembl,Sulf1,SULF1,-7.933321819674988,1.7170306773530646e-07,DOWN
Acc6_dvc_COMBO,6,dvc,COMBO,GSE135862,ensembl,Zfp385c,ZFP385C,7.504345557741649,2.78935343130492e-06,UP
Acc6_dvc_COMBO,6,dvc,COMBO,GSE135862,ensembl,Gm26691,GM26691,-2.9893444169901446,1.1370589964732188e-05,DOWN
Acc6_dvc_COMBO,6,dvc,COMBO,GSE135862,ensembl,Slc5a11,SLC5A11,-43.2808512266689,2.1512036916677997e-05,DOWN
Acc6_dvc_COMBO,6,dvc,COMBO,GSE135862,ensembl,Lyn,LYN,-8.158294778548536,5.642258614537728e-05,DOWN
Acc6_dvc_COMBO,6,dvc,COMBO,GSE135862,ensembl,Xkr8,XKR8,5.511012649949676,0.0001564080346721,UP
Acc6_dvc_COMBO,6,dvc,COMBO,GSE135862,ensembl,Au041133,AU041133,2.94091752661271,0.0001740581857397,UP
Acc6_dvc_COMBO,6,dvc,COMBO,GSE135862,ensembl,Ppp1r17,PPP1R17,11.803622114977014,0.0003710152513004,UP
Acc6_dvc_COMBO,6,dvc,COMBO,GSE135862,ensembl,Ccn1,CCN1,10.764367676595748,0.0005064410164385,UP
Acc6_dvc_COMBO,6,dvc,COMBO,GSE135862,ensembl,Phf2,PHF2,-2.095538749677172,0.000607331830485,DOWN
Acc6_dvc_COMBO,6,dvc,COMBO,GSE135862,ensembl,Clcn7,CLCN7,-1.5001387117238831,0.0006271983989773,DOWN
Acc6_dvc_COMBO,6,dvc,COMBO,GSE135862,ensembl,Alox12b,ALOX12B,-10.065304434718207,0.0006364737374026,DOWN
Acc6_dvc_COMBO,6,dvc,COMBO,GSE135862,ensembl,Nadk2,NADK2,1.4077547514019637,0.0007233090563707,UP
Acc6_dvc_COMBO,6,dvc,COMBO,GSE135862,ensembl,L1cam,L1CAM,-1.5267954793672298,0.008909052407002,DOWN
Acc6_dvc_COMBO,6,dvc,COMBO,GSE135862,ensembl,Lnx1,LNX1,-2.2248471487853902,0.0093505978631664,DOWN
Acc6_dvc_COMBO,6,dvc,COMBO,GSE135862,ensembl,Serpina9,SERPINA9,-7.305626369839295,0.0110564539144964,DOWN
Acc6_dvc_COMBO,6,dvc,COMBO,GSE135862,ensembl,Vipr2,VIPR2,-11.087898875952906,0.0136784649983022,DOWN
Acc6_dvc_COMBO,6,dvc,COMBO,GSE135862,ensembl,Fam167a,FAM167A,9.428694252170663,0.0154764117026112,UP
Acc6_dvc_COMBO,6,dvc,COMBO,GSE135862,ensembl,Tmem266,TMEM266,4.515156361514639,0.0194629835358072,UP
Acc6_dvc_COMBO,6,dvc,COMBO,GSE135862,ensembl,Mei4,MEI4,-10.010166073091025,0.0268479568220213,DOWN
Acc6_dvc_COMBO,6,dvc,COMBO,GSE135862,ensembl,Ajuba,AJUBA,-6.932379332794344,0.0348367950618622,DOWN
Acc6_dvc_COMBO,6,dvc,COMBO,GSE135862,ensembl,6030458c11rik,6030458C11RIK,1.1126905113518042,0.0348367950618622,UP
Acc6_dvc_COMBO,6,dvc,COMBO,GSE135862,ensembl,Fmo5,FMO5,-2.979088569076589,0.0374190300582457,DOWN
Acc6_dvc_COMBO,6,dvc,COMBO,GSE135862,ensembl,Dis3l,DIS3L,-1.2519154919027151,0.0396918567401256,DOWN
Acc6_mbh_AC3174,6,mbh,AC3174,GSE135862,ensembl,Lipt2,LIPT2,6.960471348791523,2.1861578230015236e-10,UP
Acc6_mbh_AC3174,6,mbh,AC3174,GSE135862,ensembl,Gm5532,GM5532,10.953341703105773,2.1602751917110063e-09,UP
Acc6_mbh_AC3174,6,mbh,AC3174,GSE135862,ensembl,Akain1,AKAIN1,-7.437421033327964,3.6606173366873806e-09,DOWN
Acc6_mbh_AC3174,6,mbh,AC3174,GSE135862,ensembl,Rnf19b,RNF19B,3.2595967478682977,3.6304917895985413e-07,UP
Acc6_mbh_AC3174,6,mbh,AC3174,GSE135862,ensembl,Sema6a,SEMA6A,5.081708324689977,1.4226047682995425e-06,UP
Acc6_mbh_AC3174,6,mbh,AC3174,GSE135862,ensembl,N4bp2l2,N4BP2L2,-1.6622645671459106,2.5400220841127493e-06,DOWN
Acc6_mbh_AC3174,6,mbh,AC3174,GSE135862,ensembl,Zfp41,ZFP41,13.047595437557902,4.558560955697838e-06,UP
Acc6_mbh_AC3174,6,mbh,AC3174,GSE135862,ensembl,Cdan1,CDAN1,4.522200026335886,1.1116797840042178e-05,UP
Acc6_mbh_AC3174,6,mbh,AC3174,GSE135862,ensembl,Hspa12b,HSPA12B,6.876052763642561,6.756726904208802e-05,UP
Acc6_mbh_AC3174,6,mbh,AC3174,GSE135862,ensembl,Msantd2,MSANTD2,5.658111988329818,6.756726904208802e-05,UP
Acc6_mbh_AC3174,6,mbh,AC3174,GSE135862,ensembl,Gabpb1,GABPB1,-1.4010012725249053,6.756726904208802e-05,DOWN
Acc6_mbh_AC3174,6,mbh,AC3174,GSE135862,ensembl,Fnip2,FNIP2,7.345383064577351,7.042975160351386e-05,UP
Acc6_mbh_AC3174,6,mbh,AC3174,GSE135862,ensembl,Pan3,PAN3,3.199737939277887,8.466744218294877e-05,UP
Acc6_mbh_AC3174,6,mbh,AC3174,GSE135862,ensembl,Brwd3,BRWD3,11.941105292732766,8.707941162006947e-05,UP
Acc6_mbh_AC3174,6,mbh,AC3174,GSE135862,ensembl,Echdc2,ECHDC2,11.65763217798225,0.0001120604967289,UP
Acc6_mbh_AC3174,6,mbh,AC3174,GSE135862,ensembl,Myo1e,MYO1E,13.106785393831696,0.0001160585302184,UP
Acc6_mbh_AC3174,6,mbh,AC3174,GSE135862,ensembl,Nwd2,NWD2,12.06218437835233,0.0001977751515854,UP
Acc6_mbh_AC3174,6,mbh,AC3174,GSE135862,ensembl,C2cd4d,C2CD4D,7.60661834748482,0.0001977751515854,UP
Acc6_mbh_AC3174,6,mbh,AC3174,GSE135862,ensembl,H2bc21,H2BC21,7.177879031086691,0.000253865887959,UP
Acc6_mbh_AC3174,6,mbh,AC3174,GSE135862,ensembl,Sorcs2,SORCS2,-12.094811123402367,0.0002573170076607,DOWN
Acc6_mbh_AC3174,6,mbh,AC3174,GSE135862,ensembl,Zkscan6,ZKSCAN6,-2.4258788593789866,0.0003136706491938,DOWN
Acc6_mbh_AC3174,6,mbh,AC3174,GSE135862,ensembl,Calcr,CALCR,8.404911208717186,0.0003854666788615,UP
Acc6_mbh_AC3174,6,mbh,AC3174,GSE135862,ensembl,4732491k20rik,4732491K20RIK,-3.0492069346434207,0.0004718737163954,DOWN
Acc6_mbh_AC3174,6,mbh,AC3174,GSE135862,ensembl,Adap2,ADAP2,7.818609935739524,0.0005166978140649,UP
Acc6_mbh_AC3174,6,mbh,AC3174,GSE135862,ensembl,Habp4,HABP4,2.9264553364381727,0.0005575239028913,UP
Acc6_mbh_AC3174,6,mbh,AC3174,GSE135862,ensembl,Nkx2-1,NKX2-1,2.764004635122728,0.0005652315536448,UP
Acc6_mbh_AC3174,6,mbh,AC3174,GSE135862,ensembl,Zfyve9,ZFYVE9,1.9405281158570933,0.0005652315536448,UP
Acc6_mbh_AC3174,6,mbh,AC3174,GSE135862,ensembl,Pisd-ps1,PISD-PS1,1.5271491317207098,0.0006623173840523,UP
Acc6_mbh_AC3174,6,mbh,AC3174,GSE135862,ensembl,Mgmt,MGMT,10.090455623678237,0.0007364674114845,UP
Acc6_mbh_AC3174,6,mbh,AC3174,GSE135862,ensembl,Insr,INSR,-8.774144307756602,0.0007364674114845,DOWN
Acc6_mbh_AC3174,6,mbh,AC3174,GSE135862,ensembl,Cdk16,CDK16,2.65287008230564,0.0007996692413013,UP
Acc6_mbh_AC3174,6,mbh,AC3174,GSE135862,ensembl,Fance,FANCE,2.2150843485999165,0.0007996692413013,UP
Acc6_mbh_AC3174,6,mbh,AC3174,GSE135862,ensembl,Ubqln1,UBQLN1,2.475317297585689,0.0010047328493875,UP
Acc6_mbh_AC3174,6,mbh,AC3174,GSE135862,ensembl,Szt2,SZT2,12.1813045887964,0.0010130422072622,UP
Acc6_mbh_AC3174,6,mbh,AC3174,GSE135862,ensembl,Gjc3,GJC3,-2.287275176453532,0.0010869946422265,DOWN
Acc6_mbh_AC3174,6,mbh,AC3174,GSE135862,ensembl,Tmem160,TMEM160,2.7958793890164757,0.0013725792089334,UP
Acc6_mbh_AC3174,6,mbh,AC3174,GSE135862,ensembl,Nrxn3,NRXN3,-1.156324571213584,0.0015160001782609,DOWN
Acc6_mbh_AC3174,6,mbh,AC3174,GSE135862,ensembl,Zfp174,ZFP174,-12.039451927158938,0.0015496869315686,DOWN
Acc6_mbh_AC3174,6,mbh,AC3174,GSE135862,ensembl,Iglon5,IGLON5,-6.0856926337412505,0.0016615007485922,DOWN
Acc6_mbh_AC3174,6,mbh,AC3174,GSE135862,ensembl,Nt5dc1,NT5DC1,-6.074082073684396,0.0017218055222277,DOWN
Acc6_mbh_AC3174,6,mbh,AC3174,GSE135862,ensembl,Uri1,URI1,1.9628495688838583,0.0018182800863958,UP
Acc6_mbh_AC3174,6,mbh,AC3174,GSE135862,ensembl,Pawr,PAWR,10.754646140908104,0.0018560711180736,UP
Acc6_mbh_AC3174,6,mbh,AC3174,GSE135862,ensembl,Dock5,DOCK5,12.00855349258659,0.0020046571623205,UP
Acc6_mbh_AC3174,6,mbh,AC3174,GSE135862,ensembl,Efhd2,EFHD2,2.4913803428208188,0.0020857625814745,UP
Acc6_mbh_AC3174,6,mbh,AC3174,GSE135862,ensembl,Fyn,FYN,2.0688647434199505,0.0023507229617816,UP
Acc6_mbh_AC3174,6,mbh,AC3174,GSE135862,ensembl,Zfp771,ZFP771,5.070985876795502,0.0023694634321042,UP
Acc6_mbh_AC3174,6,mbh,AC3174,GSE135862,ensembl,Dcaf10,DCAF10,1.9380002416677449,0.0024367546809871,UP
Acc6_mbh_AC3174,6,mbh,AC3174,GSE135862,ensembl,Odc1,ODC1,2.7168245481435416,0.0030392292282219,UP
Acc6_mbh_AC3174,6,mbh,AC3174,GSE135862,ensembl,Ap1ar,AP1AR,2.8433694739751867,0.0033965347610273,UP
Acc6_mbh_AC3174,6,mbh,AC3174,GSE135862,ensembl,Igfbp2,IGFBP2,10.082483165870354,0.0034681937042532,UP
Acc6_mbh_AC3174,6,mbh,AC3174,GSE135862,ensembl,Bag1,BAG1,2.497711711631485,0.0034863775763302,UP
Acc6_mbh_AC3174,6,mbh,AC3174,GSE135862,ensembl,Cacna1d,CACNA1D,11.70091659542215,0.00355219352891,UP
Acc6_mbh_AC3174,6,mbh,AC3174,GSE135862,ensembl,Pxdn,PXDN,7.665034905381907,0.00355219352891,UP
Acc6_mbh_AC3174,6,mbh,AC3174,GSE135862,ensembl,Pld2,PLD2,-1.690146593391736,0.0035997509703613,DOWN
Acc6_mbh_AC3174,6,mbh,AC3174,GSE135862,ensembl,Acvr1c,ACVR1C,7.995490287022101,0.0036212869286715,UP
Acc6_mbh_AC3174,6,mbh,AC3174,GSE135862,ensembl,Slc9b2,SLC9B2,9.963594321154693,0.0043598115908737,UP
Acc6_mbh_AC3174,6,mbh,AC3174,GSE135862,ensembl,Rgs22,RGS22,-10.748451513567248,0.0050937802230075,DOWN
Acc6_mbh_AC3174,6,mbh,AC3174,GSE135862,ensembl,Nsmce4a,NSMCE4A,2.9537658688077317,0.0050937802230075,UP
Acc6_mbh_AC3174,6,mbh,AC3174,GSE135862,ensembl,Rbm26,RBM26,2.1948531854507816,0.0051123135187684,UP
Acc6_mbh_AC3174,6,mbh,AC3174,GSE135862,ensembl,Cmas,CMAS,1.6758546527195313,0.0055118201293152,UP
Acc6_mbh_AC3174,6,mbh,AC3174,GSE135862,ensembl,Tmem131l,TMEM131L,7.308869410634768,0.0056612078496745,UP
Acc6_mbh_AC3174,6,mbh,AC3174,GSE135862,ensembl,Eif2d,EIF2D,-1.8953292279347425,0.0056612078496745,DOWN
Acc6_mbh_AC3174,6,mbh,AC3174,GSE135862,ensembl,Glrx,GLRX,-1.0654434619573114,0.0056612078496745,DOWN
Acc6_mbh_AC3174,6,mbh,AC3174,GSE135862,ensembl,Reln,RELN,-10.570192829588684,0.0059053198667396,DOWN
Acc6_mbh_AC3174,6,mbh,AC3174,GSE135862,ensembl,Cgnl1,CGNL1,9.956425411601028,0.0059053198667396,UP
Acc6_mbh_AC3174,6,mbh,AC3174,GSE135862,ensembl,Chka,CHKA,2.3567105688401684,0.0059053198667396,UP
Acc6_mbh_AC3174,6,mbh,AC3174,GSE135862,ensembl,Cdc45,CDC45,10.749930476710173,0.0060310898456706,UP
Acc6_mbh_AC3174,6,mbh,AC3174,GSE135862,ensembl,Mef2d,MEF2D,1.1978046204522763,0.0061803896245862,UP
Acc6_mbh_AC3174,6,mbh,AC3174,GSE135862,ensembl,Pde3a,PDE3A,10.977252191245848,0.0062412934995572,UP
Acc6_mbh_AC3174,6,mbh,AC3174,GSE135862,ensembl,Ccdc78,CCDC78,8.89578316314806,0.0062750794840365,UP
Acc6_mbh_AC3174,6,mbh,AC3174,GSE135862,ensembl,Nupr2,NUPR2,8.993300487776882,0.0064955154682232,UP
Acc6_mbh_AC3174,6,mbh,AC3174,GSE135862,ensembl,Ccdc9b,CCDC9B,11.691148212448422,0.0068551023628507,UP
Acc6_mbh_AC3174,6,mbh,AC3174,GSE135862,ensembl,Wdr76,WDR76,10.4673963227083,0.0068551023628507,UP
Acc6_mbh_AC3174,6,mbh,AC3174,GSE135862,ensembl,Tprg1l,TPRG1L,1.8492567457624327,0.0068551023628507,UP
Acc6_mbh_AC3174,6,mbh,AC3174,GSE135862,ensembl,Limd1,LIMD1,2.9783484816480468,0.0069989880322195,UP
Acc6_mbh_AC3174,6,mbh,AC3174,GSE135862,ensembl,Galm,GALM,-9.489599865623925,0.0070386845543071,DOWN
Acc6_mbh_AC3174,6,mbh,AC3174,GSE135862,ensembl,Atp11c,ATP11C,10.992160325701304,0.0070727138655999,UP
Acc6_mbh_AC3174,6,mbh,AC3174,GSE135862,ensembl,Meis1,MEIS1,-11.869371639426566,0.0079519315530857,DOWN
Acc6_mbh_AC3174,6,mbh,AC3174,GSE135862,ensembl,Taf10,TAF10,2.900382907793273,0.0079519315530857,UP
Acc6_mbh_AC3174,6,mbh,AC3174,GSE135862,ensembl,Mapk1,MAPK1,1.742139634019179,0.0079519315530857,UP
Acc6_mbh_AC3174,6,mbh,AC3174,GSE135862,ensembl,Sipa1l3,SIPA1L3,-1.4277480358665915,0.0080376451216723,DOWN
Acc6_mbh_AC3174,6,mbh,AC3174,GSE135862,ensembl,Rac3,RAC3,1.083830645108311,0.0084318211400374,UP
Acc6_mbh_AC3174,6,mbh,AC3174,GSE135862,ensembl,Adra2c,ADRA2C,8.631541079960606,0.0084845927331663,UP
Acc6_mbh_AC3174,6,mbh,AC3174,GSE135862,ensembl,Sac3d1,SAC3D1,1.600746839698699,0.0086453112167211,UP
Acc6_mbh_AC3174,6,mbh,AC3174,GSE135862,ensembl,Mtss2,MTSS2,-1.1752527151198762,0.0088242345913534,DOWN
Acc6_mbh_AC3174,6,mbh,AC3174,GSE135862,ensembl,Pole,POLE,6.70177978427445,0.0089849474174211,UP
Acc6_mbh_AC3174,6,mbh,AC3174,GSE135862,ensembl,Pnpla7,PNPLA7,-8.660006252472384,0.0096506827836041,DOWN
Acc6_mbh_AC3174,6,mbh,AC3174,GSE135862,ensembl,Angel2,ANGEL2,-1.074827218208244,0.0096506827836041,DOWN
Acc6_mbh_AC3174,6,mbh,AC3174,GSE135862,ensembl,Flna,FLNA,6.848535326747478,0.0097107158871659,UP
Acc6_mbh_AC3174,6,mbh,AC3174,GSE135862,ensembl,Cyrib,CYRIB,1.4866488118335384,0.0098713637014097,UP
Acc6_mbh_AC3174,6,mbh,AC3174,GSE135862,ensembl,Vsir,VSIR,10.043082197675664,0.0100594810437435,UP
Acc6_mbh_AC3174,6,mbh,AC3174,GSE135862,ensembl,Rab24,RAB24,2.515092351754517,0.0102574078640816,UP
Acc6_mbh_AC3174,6,mbh,AC3174,GSE135862,ensembl,Cnksr2,CNKSR2,1.97672435543724,0.0103229164887504,UP
Acc6_mbh_AC3174,6,mbh,AC3174,GSE135862,ensembl,6330549d23rik,6330549D23RIK,-7.6159855882514815,0.0104438944907387,DOWN
Acc6_mbh_AC3174,6,mbh,AC3174,GSE135862,ensembl,Prkch,PRKCH,-10.695801894754052,0.0109943795144178,DOWN
Acc6_mbh_AC3174,6,mbh,AC3174,GSE135862,ensembl,Dcph1,DCPH1,-1.9083080722361183,0.0109943795144178,DOWN
Acc6_mbh_AC3174,6,mbh,AC3174,GSE135862,ensembl,Elmod3,ELMOD3,-1.8011334905128318,0.0109943795144178,DOWN
Acc6_mbh_AC3174,6,mbh,AC3174,GSE135862,ensembl,Cenpn,CENPN,-10.365983137825127,0.0113911364629204,DOWN
Acc6_mbh_AC3174,6,mbh,AC3174,GSE135862,ensembl,Cda,CDA,-1.9684602184905944,0.0113911364629204,DOWN
Acc6_mbh_AC3174,6,mbh,AC3174,GSE135862,ensembl,Tafazzin,TAFAZZIN,-1.6387191767200524,0.0115153880328344,DOWN
Acc6_mbh_AC3174,6,mbh,AC3174,GSE135862,ensembl,Calr,CALR,-1.175196834427983,0.0115153880328344,DOWN
Acc6_mbh_AC3174,6,mbh,AC3174,GSE135862,ensembl,Entpd3,ENTPD3,11.890680716408411,0.0116699146093038,UP
Acc6_mbh_AC3174,6,mbh,AC3174,GSE135862,ensembl,F12,F12,10.201108013105376,0.0116699146093038,UP
Acc6_mbh_AC3174,6,mbh,AC3174,GSE135862,ensembl,Ctf1,CTF1,10.690753996327375,0.0121376140779848,UP
Acc6_mbh_AC3174,6,mbh,AC3174,GSE135862,ensembl,Gm5141,GM5141,-4.29177823931686,0.0121376140779848,DOWN
Acc6_mbh_AC3174,6,mbh,AC3174,GSE135862,ensembl,L3mbtl4,L3MBTL4,-10.496648744007947,0.0123948019144838,DOWN
Acc6_mbh_AC3174,6,mbh,AC3174,GSE135862,ensembl,Baz1b,BAZ1B,1.476176333900768,0.012539961469789,UP
Acc6_mbh_AC3174,6,mbh,AC3174,GSE135862,ensembl,Ctcf,CTCF,1.2277067175041023,0.0126300510953909,UP
Acc6_mbh_AC3174,6,mbh,AC3174,GSE135862,ensembl,Mrs2,MRS2,5.120371297670147,0.012953717458859,UP
Acc6_mbh_AC3174,6,mbh,AC3174,GSE135862,ensembl,Fam43b,FAM43B,3.860903384016993,0.012953717458859,UP
Acc6_mbh_AC3174,6,mbh,AC3174,GSE135862,ensembl,Dock6,DOCK6,-2.593073656540553,0.012953717458859,DOWN
Acc6_mbh_AC3174,6,mbh,AC3174,GSE135862,ensembl,Tlnrd1,TLNRD1,2.9000811862132694,0.0130154943670842,UP
Acc6_mbh_AC3174,6,mbh,AC3174,GSE135862,ensembl,Fkbp5,FKBP5,2.356826674827724,0.0130154943670842,UP
Acc6_mbh_AC3174,6,mbh,AC3174,GSE135862,ensembl,Rexo5,REXO5,6.1776311318978845,0.0132117208335856,UP
Acc6_mbh_AC3174,6,mbh,AC3174,GSE135862,ensembl,A330023f24rik,A330023F24RIK,-5.642873130196247,0.0143103586970177,DOWN
Acc6_mbh_AC3174,6,mbh,AC3174,GSE135862,ensembl,Hnrnpab,HNRNPAB,2.890750235832084,0.01507784386363,UP
Acc6_mbh_AC3174,6,mbh,AC3174,GSE135862,ensembl,A330008l17rik,A330008L17RIK,-9.794818021179127,0.0153568604515279,DOWN
Acc6_mbh_AC3174,6,mbh,AC3174,GSE135862,ensembl,Kif1b,KIF1B,1.2538921111068413,0.0155138912644428,UP
Acc6_mbh_AC3174,6,mbh,AC3174,GSE135862,ensembl,Rfxap,RFXAP,2.065796663209317,0.0160265026167353,UP
Acc6_mbh_AC3174,6,mbh,AC3174,GSE135862,ensembl,Socs5,SOCS5,1.094102266224006,0.0160265026167353,UP
Acc6_mbh_AC3174,6,mbh,AC3174,GSE135862,ensembl,Bc065397,BC065397,9.824979616870202,0.0161495646782715,UP
Acc6_mbh_AC3174,6,mbh,AC3174,GSE135862,ensembl,Plcg1,PLCG1,2.666954608554718,0.0161495646782715,UP
Acc6_mbh_AC3174,6,mbh,AC3174,GSE135862,ensembl,Apmap,APMAP,1.95487746030956,0.0161495646782715,UP
Acc6_mbh_AC3174,6,mbh,AC3174,GSE135862,ensembl,Phf6,PHF6,-1.6952742369333105,0.0172411535127518,DOWN
Acc6_mbh_AC3174,6,mbh,AC3174,GSE135862,ensembl,Prkar2b,PRKAR2B,1.6883544070438423,0.0173235989991406,UP
Acc6_mbh_AC3174,6,mbh,AC3174,GSE135862,ensembl,A930004d18rik,A930004D18RIK,-1.434646136564269,0.0177500411484539,DOWN
Acc6_mbh_AC3174,6,mbh,AC3174,GSE135862,ensembl,Ccdc180,CCDC180,11.8474805225285,0.0184789617152552,UP
Acc6_mbh_AC3174,6,mbh,AC3174,GSE135862,ensembl,Hras,HRAS,1.698333151773179,0.0185351283303196,UP
Acc6_mbh_AC3174,6,mbh,AC3174,GSE135862,ensembl,Rnft2,RNFT2,-2.883792939056869,0.0190483954826771,DOWN
Acc6_mbh_AC3174,6,mbh,AC3174,GSE135862,ensembl,Cnnm4,CNNM4,-5.032378808313751,0.0193425341033848,DOWN
Acc6_mbh_AC3174,6,mbh,AC3174,GSE135862,ensembl,Uncx,UNCX,3.881328523420989,0.0193425341033848,UP
Acc6_mbh_AC3174,6,mbh,AC3174,GSE135862,ensembl,Wsb2,WSB2,1.4256184018534332,0.0202342242673615,UP
Acc6_mbh_AC3174,6,mbh,AC3174,GSE135862,ensembl,Atp4a,ATP4A,-12.06147611863088,0.0208671346695629,DOWN
Acc6_mbh_AC3174,6,mbh,AC3174,GSE135862,ensembl,Enpp6,ENPP6,11.22306192314511,0.0214610419795472,UP
Acc6_mbh_AC3174,6,mbh,AC3174,GSE135862,ensembl,Polr1a,POLR1A,1.8568025831549912,0.0214869355845619,UP
Acc6_mbh_AC3174,6,mbh,AC3174,GSE135862,ensembl,Il12rb2,IL12RB2,6.642630389734888,0.0215482081608359,UP
Acc6_mbh_AC3174,6,mbh,AC3174,GSE135862,ensembl,Glud1,GLUD1,1.6800012886710347,0.0217173857995097,UP
Acc6_mbh_AC3174,6,mbh,AC3174,GSE135862,ensembl,Jund,JUND,3.3404945016015413,0.0223810846845417,UP
Acc6_mbh_AC3174,6,mbh,AC3174,GSE135862,ensembl,Lichi,LICHI,11.14001661729347,0.0228086843810113,UP
Acc6_mbh_AC3174,6,mbh,AC3174,GSE135862,ensembl,Slc29a3,SLC29A3,-11.074881924448327,0.0228086843810113,DOWN
Acc6_mbh_AC3174,6,mbh,AC3174,GSE135862,ensembl,Mreg,MREG,4.112436660761641,0.0228086843810113,UP
Acc6_mbh_AC3174,6,mbh,AC3174,GSE135862,ensembl,Gm12144,GM12144,10.307662144120789,0.0231992464017004,UP
Acc6_mbh_AC3174,6,mbh,AC3174,GSE135862,ensembl,Kcnh5,KCNH5,-9.883190113091391,0.0234273803723092,DOWN
Acc6_mbh_AC3174,6,mbh,AC3174,GSE135862,ensembl,Brd1,BRD1,2.44148817013953,0.0238850007793163,UP
Acc6_mbh_AC3174,6,mbh,AC3174,GSE135862,ensembl,Gtf2ird2,GTF2IRD2,1.857019425435522,0.0241249259697915,UP
Acc6_mbh_AC3174,6,mbh,AC3174,GSE135862,ensembl,Eya1,EYA1,7.0191842723037645,0.0241366461703928,UP
Acc6_mbh_AC3174,6,mbh,AC3174,GSE135862,ensembl,Anxa4,ANXA4,3.4963046046619035,0.0241366461703928,UP
Acc6_mbh_AC3174,6,mbh,AC3174,GSE135862,ensembl,Sh3gl3,SH3GL3,1.7288918087254077,0.0241366461703928,UP
Acc6_mbh_AC3174,6,mbh,AC3174,GSE135862,ensembl,Cd53,CD53,9.888099982871983,0.0241658243172843,UP
Acc6_mbh_AC3174,6,mbh,AC3174,GSE135862,ensembl,Gm2449,GM2449,-5.781763755981419,0.0241658243172843,DOWN
Acc6_mbh_AC3174,6,mbh,AC3174,GSE135862,ensembl,Hhat,HHAT,5.071488098874897,0.0241658243172843,UP
Acc6_mbh_AC3174,6,mbh,AC3174,GSE135862,ensembl,Slmap,SLMAP,1.5244382149654294,0.0241658243172843,UP
Acc6_mbh_AC3174,6,mbh,AC3174,GSE135862,ensembl,Ptgr1,PTGR1,10.546023952386342,0.024348640134602,UP
Acc6_mbh_AC3174,6,mbh,AC3174,GSE135862,ensembl,9130221h12rik,9130221H12RIK,8.678056181983422,0.0244113055627212,UP
Acc6_mbh_AC3174,6,mbh,AC3174,GSE135862,ensembl,Wnt4,WNT4,3.704832896384197,0.0250995984102612,UP
Acc6_mbh_AC3174,6,mbh,AC3174,GSE135862,ensembl,Scara3,SCARA3,-10.68334864487708,0.0257770663056363,DOWN
Acc6_mbh_AC3174,6,mbh,AC3174,GSE135862,ensembl,Xxylt1,XXYLT1,-7.102295063443581,0.0263239813537411,DOWN
Acc6_mbh_AC3174,6,mbh,AC3174,GSE135862,ensembl,Tm7sf2,TM7SF2,9.51496217831765,0.0266274913050862,UP
Acc6_mbh_AC3174,6,mbh,AC3174,GSE135862,ensembl,Rimbp3,RIMBP3,-10.887299008123776,0.0267251782754696,DOWN
Acc6_mbh_AC3174,6,mbh,AC3174,GSE135862,ensembl,Uaca,UACA,7.729586111178591,0.0267251782754696,UP
Acc6_mbh_AC3174,6,mbh,AC3174,GSE135862,ensembl,Bean1,BEAN1,2.55021905288668,0.0267251782754696,UP
Acc6_mbh_AC3174,6,mbh,AC3174,GSE135862,ensembl,Ptov1,PTOV1,2.4783595559547105,0.0267251782754696,UP
Acc6_mbh_AC3174,6,mbh,AC3174,GSE135862,ensembl,Hace1,HACE1,1.6772243521231278,0.0267251782754696,UP
Acc6_mbh_AC3174,6,mbh,AC3174,GSE135862,ensembl,Fam20a,FAM20A,-4.008034048213907,0.0268941737112467,DOWN
Acc6_mbh_AC3174,6,mbh,AC3174,GSE135862,ensembl,Bod1,BOD1,2.977717456326367,0.0268941737112467,UP
Acc6_mbh_AC3174,6,mbh,AC3174,GSE135862,ensembl,Rnase6,RNASE6,-9.356828049002624,0.0269811961950665,DOWN
Acc6_mbh_AC3174,6,mbh,AC3174,GSE135862,ensembl,Dtx1,DTX1,2.2536336804628503,0.0269811961950665,UP
Acc6_mbh_AC3174,6,mbh,AC3174,GSE135862,ensembl,Glrx5,GLRX5,2.255200862583546,0.0273632337303219,UP
Acc6_mbh_AC3174,6,mbh,AC3174,GSE135862,ensembl,Ralgapa1,RALGAPA1,1.64325560737373,0.0273632337303219,UP
Acc6_mbh_AC3174,6,mbh,AC3174,GSE135862,ensembl,Kctd3,KCTD3,1.1292822090118155,0.0281793733479762,UP
Acc6_mbh_AC3174,6,mbh,AC3174,GSE135862,ensembl,Cmtm4,CMTM4,-2.133778698133094,0.0282673877534113,DOWN
Acc6_mbh_AC3174,6,mbh,AC3174,GSE135862,ensembl,Brap,BRAP,2.193650659442032,0.0286324165249203,UP
Acc6_mbh_AC3174,6,mbh,AC3174,GSE135862,ensembl,Mllt1,MLLT1,1.8767401471620897,0.0299574654722382,UP
Acc6_mbh_AC3174,6,mbh,AC3174,GSE135862,ensembl,Bend4,BEND4,-2.735387891685009,0.0306544088929032,DOWN
Acc6_mbh_AC3174,6,mbh,AC3174,GSE135862,ensembl,Ppm1b,PPM1B,1.5850986241737113,0.0306544088929032,UP
Acc6_mbh_AC3174,6,mbh,AC3174,GSE135862,ensembl,Pnrc1,PNRC1,1.5181127721247705,0.0306544088929032,UP
Acc6_mbh_AC3174,6,mbh,AC3174,GSE135862,ensembl,Slc26a6,SLC26A6,10.527600748085906,0.0311954763540615,UP
Acc6_mbh_AC3174,6,mbh,AC3174,GSE135862,ensembl,Nes,NES,5.311340340336498,0.0311954763540615,UP
Acc6_mbh_AC3174,6,mbh,AC3174,GSE135862,ensembl,Rbl1,RBL1,10.92907341586426,0.0318186232456274,UP
Acc6_mbh_AC3174,6,mbh,AC3174,GSE135862,ensembl,Mxd4,MXD4,1.2020907235320657,0.0318186232456274,UP
Acc6_mbh_AC3174,6,mbh,AC3174,GSE135862,ensembl,Rpusd2,RPUSD2,-5.789783310782829,0.0319820173070545,DOWN
Acc6_mbh_AC3174,6,mbh,AC3174,GSE135862,ensembl,Cdk17,CDK17,1.8426235768402524,0.0323443783857796,UP
Acc6_mbh_AC3174,6,mbh,AC3174,GSE135862,ensembl,Slc4a7,SLC4A7,6.114578444293217,0.032690742364893,UP
Acc6_mbh_AC3174,6,mbh,AC3174,GSE135862,ensembl,Zfp763,ZFP763,-1.8268499384708343,0.032690742364893,DOWN
Acc6_mbh_AC3174,6,mbh,AC3174,GSE135862,ensembl,Zfp668,ZFP668,1.560130284305651,0.032690742364893,UP
Acc6_mbh_AC3174,6,mbh,AC3174,GSE135862,ensembl,Cdkn1c,CDKN1C,3.1699903323591885,0.0330737356502189,UP
Acc6_mbh_AC3174,6,mbh,AC3174,GSE135862,ensembl,Tmem65,TMEM65,1.7211997832823116,0.0331070964955181,UP
Acc6_mbh_AC3174,6,mbh,AC3174,GSE135862,ensembl,Samd9l,SAMD9L,-9.25437689910939,0.0351037319603461,DOWN
Acc6_mbh_AC3174,6,mbh,AC3174,GSE135862,ensembl,Epha10,EPHA10,8.551048908799688,0.0351037319603461,UP
Acc6_mbh_AC3174,6,mbh,AC3174,GSE135862,ensembl,Tmed3,TMED3,-1.8610382424382343,0.0351037319603461,DOWN
Acc6_mbh_AC3174,6,mbh,AC3174,GSE135862,ensembl,Rab37,RAB37,-11.444113866221658,0.0353803475578816,DOWN
Acc6_mbh_AC3174,6,mbh,AC3174,GSE135862,ensembl,Kcng1,KCNG1,10.603436556432476,0.0353803475578816,UP
Acc6_mbh_AC3174,6,mbh,AC3174,GSE135862,ensembl,Gpr179,GPR179,10.24035784116804,0.0353803475578816,UP
Acc6_mbh_AC3174,6,mbh,AC3174,GSE135862,ensembl,Rap1b,RAP1B,1.7862661705037886,0.0353803475578816,UP
Acc6_mbh_AC3174,6,mbh,AC3174,GSE135862,ensembl,Nudt3,NUDT3,1.0254904833373968,0.0353803475578816,UP
Acc6_mbh_AC3174,6,mbh,AC3174,GSE135862,ensembl,Gm13889,GM13889,1.9058111057523497,0.0355796729667294,UP
Acc6_mbh_AC3174,6,mbh,AC3174,GSE135862,ensembl,Brwd1,BRWD1,1.0091786511824623,0.0377675775919146,UP
Acc6_mbh_AC3174,6,mbh,AC3174,GSE135862,ensembl,Kif20a,KIF20A,-8.770628866786476,0.0379834899118152,DOWN
Acc6_mbh_AC3174,6,mbh,AC3174,GSE135862,ensembl,Klhdc2,KLHDC2,1.5441755421376953,0.0387497318365572,UP
Acc6_mbh_AC3174,6,mbh,AC3174,GSE135862,ensembl,Zzz3,ZZZ3,1.976799018969413,0.0400448378388209,UP
Acc6_mbh_AC3174,6,mbh,AC3174,GSE135862,ensembl,Slc10a7,SLC10A7,10.838682442015582,0.0401816089133181,UP
Acc6_mbh_AC3174,6,mbh,AC3174,GSE135862,ensembl,Creb3l1,CREB3L1,5.294155209390242,0.0414281840952875,UP
Acc6_mbh_AC3174,6,mbh,AC3174,GSE135862,ensembl,Irx5,IRX5,6.243213730207268,0.0420872317975803,UP
Acc6_mbh_AC3174,6,mbh,AC3174,GSE135862,ensembl,Trpc3,TRPC3,10.730186112621627,0.04275955456837,UP
Acc6_mbh_AC3174,6,mbh,AC3174,GSE135862,ensembl,Sgpp1,SGPP1,4.261878363674599,0.0435110095083887,UP
Acc6_mbh_AC3174,6,mbh,AC3174,GSE135862,ensembl,Sertm2,SERTM2,12.02576641948415,0.0436552510182012,UP
Acc6_mbh_AC3174,6,mbh,AC3174,GSE135862,ensembl,Tnxb,TNXB,10.794097755467511,0.0437501874505738,UP
Acc6_mbh_AC3174,6,mbh,AC3174,GSE135862,ensembl,Cep57l1,CEP57L1,4.0814011620777135,0.0437501874505738,UP
Acc6_mbh_AC3174,6,mbh,AC3174,GSE135862,ensembl,Gm3604,GM3604,3.487646457009982,0.0437501874505738,UP
Acc6_mbh_AC3174,6,mbh,AC3174,GSE135862,ensembl,Nanos1,NANOS1,2.148671978452656,0.0439301691955799,UP
Acc6_mbh_AC3174,6,mbh,AC3174,GSE135862,ensembl,Thsd7b,THSD7B,-6.593833692345058,0.0441994724403341,DOWN
Acc6_mbh_AC3174,6,mbh,AC3174,GSE135862,ensembl,Fbxo32,FBXO32,3.975417695619001,0.0441994724403341,UP
Acc6_mbh_AC3174,6,mbh,AC3174,GSE135862,ensembl,Pde5a,PDE5A,-8.729906378106175,0.0443180161972014,DOWN
Acc6_mbh_AC3174,6,mbh,AC3174,GSE135862,ensembl,Gm14168,GM14168,8.932874119193702,0.0444108567241634,UP
Acc6_mbh_AC3174,6,mbh,AC3174,GSE135862,ensembl,Vstm4,VSTM4,10.4607597618303,0.045949659655793,UP
Acc6_mbh_AC3174,6,mbh,AC3174,GSE135862,ensembl,Gm26549,GM26549,9.962407825965352,0.045949659655793,UP
Acc6_mbh_AC3174,6,mbh,AC3174,GSE135862,ensembl,Inhbb,INHBB,10.71981951680055,0.0466859577270018,UP
Acc6_mbh_AC3174,6,mbh,AC3174,GSE135862,ensembl,Cnbd2,CNBD2,2.6029022346034094,0.0475060331972155,UP
Acc6_mbh_AC3174,6,mbh,AC3174,GSE135862,ensembl,Pipox,PIPOX,12.845419165603651,0.0497245483867389,UP
Acc6_mbh_AC3174,6,mbh,AC3174,GSE135862,ensembl,Fer1l5,FER1L5,9.138743730578463,0.0497245483867389,UP
Acc6_mbh_AC3174,6,mbh,AC3174,GSE135862,ensembl,Adgrv1,ADGRV1,-6.856759286350177,0.0497245483867389,DOWN
Acc6_mbh_AC3174,6,mbh,AC3174,GSE135862,ensembl,Lgi2,LGI2,5.466561955005741,0.0497245483867389,UP
Acc6_mbh_AC3174,6,mbh,AC3174,GSE135862,ensembl,Fbxw4,FBXW4,3.5425168551740893,0.0497245483867389,UP
Acc6_mbh_AC3174,6,mbh,AC3174,GSE135862,ensembl,Map3k9,MAP3K9,-3.401008959181862,0.0497245483867389,DOWN
Acc6_mbh_AC3174,6,mbh,AC3174,GSE135862,ensembl,Ell,ELL,-1.3803915306682897,0.0497583593575582,DOWN
Acc6_mbh_AC710222,6,mbh,AC710222,GSE135862,ensembl,Gm5532,GM5532,10.728252991100025,1.3001270222624937e-08,UP
Acc6_mbh_AC710222,6,mbh,AC710222,GSE135862,ensembl,H2bc21,H2BC21,8.60358739655384,6.678686411096543e-06,UP
Acc6_mbh_AC710222,6,mbh,AC710222,GSE135862,ensembl,Lipt2,LIPT2,5.459990185264499,8.252655842362931e-06,UP
Acc6_mbh_AC710222,6,mbh,AC710222,GSE135862,ensembl,Sema6a,SEMA6A,4.772289032777825,1.8577004790760133e-05,UP
Acc6_mbh_AC710222,6,mbh,AC710222,GSE135862,ensembl,Zfp41,ZFP41,11.916749113255545,0.000135641117609,UP
Acc6_mbh_AC710222,6,mbh,AC710222,GSE135862,ensembl,Nwd2,NWD2,12.016044403308204,0.0006234081961581,UP
Acc6_mbh_AC710222,6,mbh,AC710222,GSE135862,ensembl,Calcr,CALCR,8.617076706474394,0.0006234081961581,UP
Acc6_mbh_AC710222,6,mbh,AC710222,GSE135862,ensembl,Echdc2,ECHDC2,11.108922228960944,0.000711726754636,UP
Acc6_mbh_AC710222,6,mbh,AC710222,GSE135862,ensembl,Slc4a7,SLC4A7,8.780801238753975,0.000711726754636,UP
Acc6_mbh_AC710222,6,mbh,AC710222,GSE135862,ensembl,Mgmt,MGMT,10.52951099774186,0.0007766615532265,UP
Acc6_mbh_AC710222,6,mbh,AC710222,GSE135862,ensembl,Pan3,PAN3,2.9573677846691764,0.0008154401417689,UP
Acc6_mbh_AC710222,6,mbh,AC710222,GSE135862,ensembl,Zfyve9,ZFYVE9,1.9731296016942663,0.0008154401417689,UP
Acc6_mbh_AC710222,6,mbh,AC710222,GSE135862,ensembl,Baz1b,BAZ1B,1.8436374352611595,0.0012541140045625,UP
Acc6_mbh_AC710222,6,mbh,AC710222,GSE135862,ensembl,Cdan1,CDAN1,3.66636821656473,0.0025526112884852,UP
Acc6_mbh_AC710222,6,mbh,AC710222,GSE135862,ensembl,Vwa3b,VWA3B,-11.035354094855574,0.0026917741313302,DOWN
Acc6_mbh_AC710222,6,mbh,AC710222,GSE135862,ensembl,Rnf19b,RNF19B,2.351195001843582,0.0026917741313302,UP
Acc6_mbh_AC710222,6,mbh,AC710222,GSE135862,ensembl,Mag,MAG,-2.0523890089619536,0.0026917741313302,DOWN
Acc6_mbh_AC710222,6,mbh,AC710222,GSE135862,ensembl,Adap2,ADAP2,7.333622321034762,0.003146778362468,UP
Acc6_mbh_AC710222,6,mbh,AC710222,GSE135862,ensembl,Tmem131l,TMEM131L,7.977198916943647,0.0032714237207955,UP
Acc6_mbh_AC710222,6,mbh,AC710222,GSE135862,ensembl,Apmap,APMAP,2.352428969299156,0.0033839225087142,UP
Acc6_mbh_AC710222,6,mbh,AC710222,GSE135862,ensembl,Szt2,SZT2,11.744836174944728,0.0034867111541633,UP
Acc6_mbh_AC710222,6,mbh,AC710222,GSE135862,ensembl,Pawr,PAWR,10.7711360327895,0.0034867111541633,UP
Acc6_mbh_AC710222,6,mbh,AC710222,GSE135862,ensembl,Fmnl3,FMNL3,8.877658563842816,0.0034867111541633,UP
Acc6_mbh_AC710222,6,mbh,AC710222,GSE135862,ensembl,Cdc45,CDC45,11.610101604046164,0.0038115647515733,UP
Acc6_mbh_AC710222,6,mbh,AC710222,GSE135862,ensembl,Myo1e,MYO1E,11.081273991696555,0.0046618141690813,UP
Acc6_mbh_AC710222,6,mbh,AC710222,GSE135862,ensembl,Islr2,ISLR2,-10.207883790819825,0.0048895276455608,DOWN
Acc6_mbh_AC710222,6,mbh,AC710222,GSE135862,ensembl,C2cd4d,C2CD4D,6.527814959307756,0.0049751380534851,UP
Acc6_mbh_AC710222,6,mbh,AC710222,GSE135862,ensembl,Mreg,MREG,4.950855312750991,0.0049751380534851,UP
Acc6_mbh_AC710222,6,mbh,AC710222,GSE135862,ensembl,Ccdc14,CCDC14,-3.886184882916132,0.006684861605695,DOWN
Acc6_mbh_AC710222,6,mbh,AC710222,GSE135862,ensembl,Brwd3,BRWD3,9.679433385949418,0.0068607666370462,UP
Acc6_mbh_AC710222,6,mbh,AC710222,GSE135862,ensembl,Zfp52,ZFP52,8.602626417578255,0.006931071259943,UP
Acc6_mbh_AC710222,6,mbh,AC710222,GSE135862,ensembl,Kdelr2,KDELR2,-2.6325955897154576,0.006931071259943,DOWN
Acc6_mbh_AC710222,6,mbh,AC710222,GSE135862,ensembl,Elmod3,ELMOD3,-1.9533951094023336,0.0075017152729984,DOWN
Acc6_mbh_AC710222,6,mbh,AC710222,GSE135862,ensembl,Igfbp2,IGFBP2,9.790260342855598,0.0087983582607762,UP
Acc6_mbh_AC710222,6,mbh,AC710222,GSE135862,ensembl,Atad2,ATAD2,-9.278353557989778,0.0087983582607762,DOWN
Acc6_mbh_AC710222,6,mbh,AC710222,GSE135862,ensembl,Srpk3,SRPK3,11.693492506161087,0.0116763998586716,UP
Acc6_mbh_AC710222,6,mbh,AC710222,GSE135862,ensembl,Neurl1a,NEURL1A,2.045800840707286,0.0116763998586716,UP
Acc6_mbh_AC710222,6,mbh,AC710222,GSE135862,ensembl,Vsir,VSIR,10.424985857946796,0.0124036687236689,UP
Acc6_mbh_AC710222,6,mbh,AC710222,GSE135862,ensembl,Epha10,EPHA10,10.062114310527202,0.0139984949908659,UP
Acc6_mbh_AC710222,6,mbh,AC710222,GSE135862,ensembl,Slc37a1,SLC37A1,-8.162476601399339,0.0152590704963271,DOWN
Acc6_mbh_AC710222,6,mbh,AC710222,GSE135862,ensembl,Dock5,DOCK5,10.74187281543114,0.0157552229488172,UP
Acc6_mbh_AC710222,6,mbh,AC710222,GSE135862,ensembl,Cgnl1,CGNL1,9.603595913769103,0.0157552229488172,UP
Acc6_mbh_AC710222,6,mbh,AC710222,GSE135862,ensembl,Nupr2,NUPR2,8.760771357109215,0.0157552229488172,UP
Acc6_mbh_AC710222,6,mbh,AC710222,GSE135862,ensembl,Ccdc78,CCDC78,8.649054552268472,0.0157552229488172,UP
Acc6_mbh_AC710222,6,mbh,AC710222,GSE135862,ensembl,Slc22a15,SLC22A15,5.841376811540775,0.0157552229488172,UP
Acc6_mbh_AC710222,6,mbh,AC710222,GSE135862,ensembl,Dbf4,DBF4,5.495966511002286,0.0157552229488172,UP
Acc6_mbh_AC710222,6,mbh,AC710222,GSE135862,ensembl,Lgi2,LGI2,6.560420566875941,0.0167251195414624,UP
Acc6_mbh_AC710222,6,mbh,AC710222,GSE135862,ensembl,Tuba8,TUBA8,-1.922587039026869,0.0167251195414624,DOWN
Acc6_mbh_AC710222,6,mbh,AC710222,GSE135862,ensembl,Plekhm3,PLEKHM3,-1.4588663264820867,0.0195979159588394,DOWN
Acc6_mbh_AC710222,6,mbh,AC710222,GSE135862,ensembl,Rbm26,RBM26,2.049218125139916,0.0202146551736956,UP
Acc6_mbh_AC710222,6,mbh,AC710222,GSE135862,ensembl,F11r,F11R,10.462640019464072,0.0210232834038493,UP
Acc6_mbh_AC710222,6,mbh,AC710222,GSE135862,ensembl,Plekhh2,PLEKHH2,9.95449246447015,0.0221301872037843,UP
Acc6_mbh_AC710222,6,mbh,AC710222,GSE135862,ensembl,Msantd2,MSANTD2,4.067834372864395,0.0221301872037843,UP
Acc6_mbh_AC710222,6,mbh,AC710222,GSE135862,ensembl,Ssh2,SSH2,1.1576855190271471,0.0221301872037843,UP
Acc6_mbh_AC710222,6,mbh,AC710222,GSE135862,ensembl,Cacna1d,CACNA1D,10.48980341700281,0.023902474272236,UP
Acc6_mbh_AC710222,6,mbh,AC710222,GSE135862,ensembl,Uri1,URI1,1.673608084344687,0.0254661798377316,UP
Acc6_mbh_AC710222,6,mbh,AC710222,GSE135862,ensembl,Tm7sf2,TM7SF2,10.183718846635376,0.0266185782877226,UP
Acc6_mbh_AC710222,6,mbh,AC710222,GSE135862,ensembl,Bc065397,BC065397,9.961111871581345,0.0268393732525404,UP
Acc6_mbh_AC710222,6,mbh,AC710222,GSE135862,ensembl,Flna,FLNA,6.592512605612738,0.0268393732525404,UP
Acc6_mbh_AC710222,6,mbh,AC710222,GSE135862,ensembl,Tmem160,TMEM160,2.323366067816139,0.0268393732525404,UP
Acc6_mbh_AC710222,6,mbh,AC710222,GSE135862,ensembl,Gpr179,GPR179,11.272959956443026,0.0284620825285913,UP
Acc6_mbh_AC710222,6,mbh,AC710222,GSE135862,ensembl,Acvr1c,ACVR1C,7.061865339165413,0.0284620825285913,UP
Acc6_mbh_AC710222,6,mbh,AC710222,GSE135862,ensembl,Slc35d3,SLC35D3,10.070148819180725,0.0291462432199291,UP
Acc6_mbh_AC710222,6,mbh,AC710222,GSE135862,ensembl,Mertk,MERTK,7.133769696376663,0.0303688434566404,UP
Acc6_mbh_AC710222,6,mbh,AC710222,GSE135862,ensembl,Ubqln1,UBQLN1,1.9934756916286045,0.0303688434566404,UP
Acc6_mbh_AC710222,6,mbh,AC710222,GSE135862,ensembl,Ero1b,ERO1B,6.017789786037167,0.0313254313261641,UP
Acc6_mbh_AC710222,6,mbh,AC710222,GSE135862,ensembl,Kdr,KDR,11.651774091479387,0.0318756214095188,UP
Acc6_mbh_AC710222,6,mbh,AC710222,GSE135862,ensembl,Atp11c,ATP11C,10.066686669874334,0.0318756214095188,UP
Acc6_mbh_AC710222,6,mbh,AC710222,GSE135862,ensembl,Pxdn,PXDN,6.633745355721279,0.0318756214095188,UP
Acc6_mbh_AC710222,6,mbh,AC710222,GSE135862,ensembl,Tbx19,TBX19,6.145158984108118,0.0318756214095188,UP
Acc6_mbh_AC710222,6,mbh,AC710222,GSE135862,ensembl,Nkx2-1,NKX2-1,2.1320284150753865,0.0318756214095188,UP
Acc6_mbh_AC710222,6,mbh,AC710222,GSE135862,ensembl,Twf2,TWF2,-1.053518476000474,0.0318756214095188,DOWN
Acc6_mbh_AC710222,6,mbh,AC710222,GSE135862,ensembl,Ankrd23,ANKRD23,10.35018919194531,0.0322363961874245,UP
Acc6_mbh_AC710222,6,mbh,AC710222,GSE135862,ensembl,Zfp771,ZFP771,4.229221718378762,0.0356544045728496,UP
Acc6_mbh_AC710222,6,mbh,AC710222,GSE135862,ensembl,Fance,FANCE,1.723896467104015,0.0371743318357616,UP
Acc6_mbh_AC710222,6,mbh,AC710222,GSE135862,ensembl,Ccdc9b,CCDC9B,10.470124314621229,0.0375000097845793,UP
Acc6_mbh_AC710222,6,mbh,AC710222,GSE135862,ensembl,Cd53,CD53,10.037593044708686,0.0375000097845793,UP
Acc6_mbh_AC710222,6,mbh,AC710222,GSE135862,ensembl,Ephb2,EPHB2,-6.802057444486351,0.0375000097845793,DOWN
Acc6_mbh_AC710222,6,mbh,AC710222,GSE135862,ensembl,Rexo5,REXO5,5.915394682851174,0.0375000097845793,UP
Acc6_mbh_AC710222,6,mbh,AC710222,GSE135862,ensembl,Gm14168,GM14168,9.737371451634315,0.0375019329528669,UP
Acc6_mbh_AC710222,6,mbh,AC710222,GSE135862,ensembl,Xrra1,XRRA1,-6.8263526756953645,0.038366167276089,DOWN
Acc6_mbh_AC710222,6,mbh,AC710222,GSE135862,ensembl,Fam241a,FAM241A,7.971456418634629,0.0415797287414919,UP
Acc6_mbh_AC710222,6,mbh,AC710222,GSE135862,ensembl,Slc9b2,SLC9B2,8.478536480250918,0.0428875489113812,UP
Acc6_mbh_AC710222,6,mbh,AC710222,GSE135862,ensembl,Ptgr1,PTGR1,10.561275570096305,0.0431757390947161,UP
Acc6_mbh_AC710222,6,mbh,AC710222,GSE135862,ensembl,Eya1,EYA1,6.99635674481576,0.0438624100257693,UP
Acc6_mbh_AC710222,6,mbh,AC710222,GSE135862,ensembl,Stpg1,STPG1,9.82598272458225,0.044621961857326,UP
Acc6_mbh_AC710222,6,mbh,AC710222,GSE135862,ensembl,Hspa12b,HSPA12B,4.569868286533817,0.0466405637787579,UP
Acc6_mbh_AC710222,6,mbh,AC710222,GSE135862,ensembl,Zfp212,ZFP212,-2.397910788702772,0.0469288127038636,DOWN
Acc6_mbh_AC710222,6,mbh,AC710222,GSE135862,ensembl,Rtkn2,RTKN2,-7.408490063748047,0.0497026016825621,DOWN
Acc6_mbh_COMBO,6,mbh,COMBO,GSE135862,ensembl,Lipt2,LIPT2,6.978162362763866,2.0365644854817814e-10,UP
Acc6_mbh_COMBO,6,mbh,COMBO,GSE135862,ensembl,Rnf19b,RNF19B,3.531970802330292,1.885781701876153e-08,UP
Acc6_mbh_COMBO,6,mbh,COMBO,GSE135862,ensembl,Zfp41,ZFP41,12.268487138365662,6.915738573783356e-05,UP
Acc6_mbh_COMBO,6,mbh,COMBO,GSE135862,ensembl,H2bc21,H2BC21,7.867786834520051,6.915738573783356e-05,UP
Acc6_mbh_COMBO,6,mbh,COMBO,GSE135862,ensembl,Msantd2,MSANTD2,5.816257229605047,6.915738573783356e-05,UP
Acc6_mbh_COMBO,6,mbh,COMBO,GSE135862,ensembl,Gm5532,GM5532,8.24817947332963,0.0001089702779009,UP
Acc6_mbh_COMBO,6,mbh,COMBO,GSE135862,ensembl,Hspa12b,HSPA12B,6.773600896890361,0.0001431873592962,UP
Acc6_mbh_COMBO,6,mbh,COMBO,GSE135862,ensembl,Sema6a,SEMA6A,4.354631172124084,0.0001431873592962,UP
Acc6_mbh_COMBO,6,mbh,COMBO,GSE135862,ensembl,Habp4,HABP4,3.1913282353222407,0.0001431873592962,UP
Acc6_mbh_COMBO,6,mbh,COMBO,GSE135862,ensembl,Nkx2-1,NKX2-1,3.001047988124517,0.0001431873592962,UP
Acc6_mbh_COMBO,6,mbh,COMBO,GSE135862,ensembl,Ubqln1,UBQLN1,2.7779833079392207,0.0001431873592962,UP
Acc6_mbh_COMBO,6,mbh,COMBO,GSE135862,ensembl,Fyn,FYN,2.4520639243126734,0.0001431873592962,UP
Acc6_mbh_COMBO,6,mbh,COMBO,GSE135862,ensembl,Uri1,URI1,2.3274659466809324,0.0001431873592962,UP
Acc6_mbh_COMBO,6,mbh,COMBO,GSE135862,ensembl,Slc4a7,SLC4A7,9.131650448879936,0.000166257327082,UP
Acc6_mbh_COMBO,6,mbh,COMBO,GSE135862,ensembl,Ap1ar,AP1AR,3.373668974251641,0.0002212615954239,UP
Acc6_mbh_COMBO,6,mbh,COMBO,GSE135862,ensembl,Brwd3,BRWD3,11.41538163041879,0.0002691361449215,UP
Acc6_mbh_COMBO,6,mbh,COMBO,GSE135862,ensembl,Bag1,BAG1,2.9325610974343483,0.0002691361449215,UP
Acc6_mbh_COMBO,6,mbh,COMBO,GSE135862,ensembl,Zfyve9,ZFYVE9,2.0407090730353543,0.0002691361449215,UP
Acc6_mbh_COMBO,6,mbh,COMBO,GSE135862,ensembl,C2cd4d,C2CD4D,7.456995256556277,0.0003332745230027,UP
Acc6_mbh_COMBO,6,mbh,COMBO,GSE135862,ensembl,Zfp771,ZFP771,5.743230999221031,0.0003332745230027,UP
Acc6_mbh_COMBO,6,mbh,COMBO,GSE135862,ensembl,Echdc2,ECHDC2,10.939008358473144,0.000380027400928,UP
Acc6_mbh_COMBO,6,mbh,COMBO,GSE135862,ensembl,Fmnl3,FMNL3,9.711953910765098,0.000380027400928,UP
Acc6_mbh_COMBO,6,mbh,COMBO,GSE135862,ensembl,Uncx,UNCX,5.209658670456875,0.000380027400928,UP
Acc6_mbh_COMBO,6,mbh,COMBO,GSE135862,ensembl,Jund,JUND,4.516086895180894,0.000380027400928,UP
Acc6_mbh_COMBO,6,mbh,COMBO,GSE135862,ensembl,Tlnrd1,TLNRD1,3.7360911096312903,0.000380027400928,UP
Acc6_mbh_COMBO,6,mbh,COMBO,GSE135862,ensembl,Tmem65,TMEM65,2.442260083125185,0.000380027400928,UP
Acc6_mbh_COMBO,6,mbh,COMBO,GSE135862,ensembl,Glud1,GLUD1,2.2668791756000832,0.000380027400928,UP
Acc6_mbh_COMBO,6,mbh,COMBO,GSE135862,ensembl,Brwd1,BRWD1,1.451685765083351,0.000380027400928,UP
Acc6_mbh_COMBO,6,mbh,COMBO,GSE135862,ensembl,Nwd2,NWD2,11.567775695400604,0.0003999165507948,UP
Acc6_mbh_COMBO,6,mbh,COMBO,GSE135862,ensembl,Mgmt,MGMT,10.390802334497517,0.0003999165507948,UP
Acc6_mbh_COMBO,6,mbh,COMBO,GSE135862,ensembl,Wsb2,WSB2,1.8844562546835488,0.0004353230699792,UP
Acc6_mbh_COMBO,6,mbh,COMBO,GSE135862,ensembl,Cdk16,CDK16,2.716772213638924,0.0005071076007659,UP
Acc6_mbh_COMBO,6,mbh,COMBO,GSE135862,ensembl,Map7d1,MAP7D1,2.474373636292458,0.0005463785305578,UP
Acc6_mbh_COMBO,6,mbh,COMBO,GSE135862,ensembl,Calcr,CALCR,8.157450351258541,0.0005654632201504,UP
Acc6_mbh_COMBO,6,mbh,COMBO,GSE135862,ensembl,Rbm26,RBM26,2.505729645733214,0.0005654632201504,UP
Acc6_mbh_COMBO,6,mbh,COMBO,GSE135862,ensembl,Myo1e,MYO1E,11.972297692371724,0.0006076265312167,UP
Acc6_mbh_COMBO,6,mbh,COMBO,GSE135862,ensembl,Dcaf10,DCAF10,2.0954054022982382,0.0006076265312167,UP
Acc6_mbh_COMBO,6,mbh,COMBO,GSE135862,ensembl,Fkbp5,FKBP5,2.924159997916014,0.0006366829071186,UP
Acc6_mbh_COMBO,6,mbh,COMBO,GSE135862,ensembl,Neurl1a,NEURL1A,2.358246066330692,0.0006472760775684,UP
Acc6_mbh_COMBO,6,mbh,COMBO,GSE135862,ensembl,Pawr,PAWR,11.103389368391811,0.0010723753269596,UP
Acc6_mbh_COMBO,6,mbh,COMBO,GSE135862,ensembl,Mreg,MREG,5.210721896337428,0.0011923441652429,UP
Acc6_mbh_COMBO,6,mbh,COMBO,GSE135862,ensembl,Zfp52,ZFP52,9.247993361438182,0.0012260970715529,UP
Acc6_mbh_COMBO,6,mbh,COMBO,GSE135862,ensembl,Fnip2,FNIP2,6.297781138520686,0.0012260970715529,UP
Acc6_mbh_COMBO,6,mbh,COMBO,GSE135862,ensembl,Kif3b,KIF3B,1.13461853911446,0.0012260970715529,UP
Acc6_mbh_COMBO,6,mbh,COMBO,GSE135862,ensembl,Prkaca,PRKACA,3.497968119936246,0.0013717630601374,UP
Acc6_mbh_COMBO,6,mbh,COMBO,GSE135862,ensembl,Epha10,EPHA10,11.22486222774474,0.0015757570511148,UP
Acc6_mbh_COMBO,6,mbh,COMBO,GSE135862,ensembl,Cdan1,CDAN1,3.549820401920035,0.0016884219683615,UP
Acc6_mbh_COMBO,6,mbh,COMBO,GSE135862,ensembl,Nsmce4a,NSMCE4A,3.164930743324633,0.0017061650402637,UP
Acc6_mbh_COMBO,6,mbh,COMBO,GSE135862,ensembl,Ptov1,PTOV1,3.115177613543952,0.0019022517739326,UP
Acc6_mbh_COMBO,6,mbh,COMBO,GSE135862,ensembl,Cmas,CMAS,1.7839139716174006,0.0021451860295278,UP
Acc6_mbh_COMBO,6,mbh,COMBO,GSE135862,ensembl,Odc1,ODC1,2.762643903900005,0.0022661698650469,UP
Acc6_mbh_COMBO,6,mbh,COMBO,GSE135862,ensembl,Tmem160,TMEM160,2.693597272300257,0.0023533452305943,UP
Acc6_mbh_COMBO,6,mbh,COMBO,GSE135862,ensembl,Ppp2ca,PPP2CA,2.709384508951055,0.0023921341668332,UP
Acc6_mbh_COMBO,6,mbh,COMBO,GSE135862,ensembl,Efhd2,EFHD2,2.4637906689067197,0.002417473430007,UP
Acc6_mbh_COMBO,6,mbh,COMBO,GSE135862,ensembl,Tprg1l,TPRG1L,1.9894602001961783,0.00252252308914,UP
Acc6_mbh_COMBO,6,mbh,COMBO,GSE135862,ensembl,Rexo5,REXO5,7.06497381554981,0.0026400639428782,UP
Acc6_mbh_COMBO,6,mbh,COMBO,GSE135862,ensembl,Rnf187,RNF187,3.2424216866263604,0.0026400639428782,UP
Acc6_mbh_COMBO,6,mbh,COMBO,GSE135862,ensembl,Cgnl1,CGNL1,10.363607366008967,0.0033611475285668,UP
Acc6_mbh_COMBO,6,mbh,COMBO,GSE135862,ensembl,Prkcb,PRKCB,1.8913625612188223,0.0033611475285668,UP
Acc6_mbh_COMBO,6,mbh,COMBO,GSE135862,ensembl,Cyrib,CYRIB,1.62499202515485,0.0033611475285668,UP
Acc6_mbh_COMBO,6,mbh,COMBO,GSE135862,ensembl,Cacna1d,CACNA1D,11.684279432288896,0.0035610235052066,UP
Acc6_mbh_COMBO,6,mbh,COMBO,GSE135862,ensembl,Mapk1,MAPK1,1.8541587782905669,0.0035610235052066,UP
Acc6_mbh_COMBO,6,mbh,COMBO,GSE135862,ensembl,Bod1,BOD1,3.585431404685989,0.0036564944587299,UP
Acc6_mbh_COMBO,6,mbh,COMBO,GSE135862,ensembl,Taf10,TAF10,3.0812433333602263,0.0036564944587299,UP
Acc6_mbh_COMBO,6,mbh,COMBO,GSE135862,ensembl,Adap2,ADAP2,6.874085401347295,0.003673966579539,UP
Acc6_mbh_COMBO,6,mbh,COMBO,GSE135862,ensembl,Slc9b2,SLC9B2,9.973055748833527,0.0040654593295132,UP
Acc6_mbh_COMBO,6,mbh,COMBO,GSE135862,ensembl,Fance,FANCE,1.9951144338636395,0.0040654593295132,UP
Acc6_mbh_COMBO,6,mbh,COMBO,GSE135862,ensembl,Tmem131l,TMEM131L,7.447558131399998,0.0041006604862727,UP
Acc6_mbh_COMBO,6,mbh,COMBO,GSE135862,ensembl,Szt2,SZT2,11.063278131574489,0.0041983069291677,UP
Acc6_mbh_COMBO,6,mbh,COMBO,GSE135862,ensembl,Igfbp2,IGFBP2,9.88920486757379,0.0041983069291677,UP
Acc6_mbh_COMBO,6,mbh,COMBO,GSE135862,ensembl,Ctbp1,CTBP1,2.2943304560232947,0.0042424029838215,UP
Acc6_mbh_COMBO,6,mbh,COMBO,GSE135862,ensembl,Atp11c,ATP11C,11.381262900832372,0.0044072165965246,UP
Acc6_mbh_COMBO,6,mbh,COMBO,GSE135862,ensembl,Dtx1,DTX1,2.6720196953052726,0.0044072165965246,UP
Acc6_mbh_COMBO,6,mbh,COMBO,GSE135862,ensembl,Nudt3,NUDT3,1.2554164559252647,0.0044072165965246,UP
Acc6_mbh_COMBO,6,mbh,COMBO,GSE135862,ensembl,Tcirg1,TCIRG1,7.542526469343269,0.0049852920851459,UP
Acc6_mbh_COMBO,6,mbh,COMBO,GSE135862,ensembl,Nanos1,NANOS1,2.668564848583472,0.0049852920851459,UP
Acc6_mbh_COMBO,6,mbh,COMBO,GSE135862,ensembl,Mtch1,MTCH1,1.4826964000867942,0.0049852920851459,UP
Acc6_mbh_COMBO,6,mbh,COMBO,GSE135862,ensembl,Mef2d,MEF2D,1.2106950048978726,0.0049852920851459,UP
Acc6_mbh_COMBO,6,mbh,COMBO,GSE135862,ensembl,Plcg1,PLCG1,2.949133279753214,0.0051899262170849,UP
Acc6_mbh_COMBO,6,mbh,COMBO,GSE135862,ensembl,Tm7sf2,TM7SF2,11.031436955105749,0.0055469924959628,UP
Acc6_mbh_COMBO,6,mbh,COMBO,GSE135862,ensembl,Pisd-ps1,PISD-PS1,1.3193623287151626,0.0055469924959628,UP
Acc6_mbh_COMBO,6,mbh,COMBO,GSE135862,ensembl,Gpr62,GPR62,2.800624208187632,0.005914471566731,UP
Acc6_mbh_COMBO,6,mbh,COMBO,GSE135862,ensembl,Hras,HRAS,1.8730242590005903,0.0063853227455933,UP
Acc6_mbh_COMBO,6,mbh,COMBO,GSE135862,ensembl,Prkar2b,PRKAR2B,1.8428435557501637,0.006771661171809,UP
Acc6_mbh_COMBO,6,mbh,COMBO,GSE135862,ensembl,Ccdc78,CCDC78,8.811206846567188,0.0067744319277272,UP
Acc6_mbh_COMBO,6,mbh,COMBO,GSE135862,ensembl,Kdelr2,KDELR2,-2.504921831011955,0.0071870138548305,DOWN
Acc6_mbh_COMBO,6,mbh,COMBO,GSE135862,ensembl,Klhdc2,KLHDC2,1.84078928968346,0.0071870138548305,UP
Acc6_mbh_COMBO,6,mbh,COMBO,GSE135862,ensembl,Dock5,DOCK5,10.894077603745496,0.0072646390286697,UP
Acc6_mbh_COMBO,6,mbh,COMBO,GSE135862,ensembl,Btbd1,BTBD1,1.903738699637664,0.007333502328721,UP
Acc6_mbh_COMBO,6,mbh,COMBO,GSE135862,ensembl,Bloc1s3,BLOC1S3,4.220453972065748,0.007663920891175,UP
Acc6_mbh_COMBO,6,mbh,COMBO,GSE135862,ensembl,Grik5,GRIK5,4.034661721027036,0.008259820239034,UP
Acc6_mbh_COMBO,6,mbh,COMBO,GSE135862,ensembl,Gm14168,GM14168,10.643583679974062,0.0087602736935029,UP
Acc6_mbh_COMBO,6,mbh,COMBO,GSE135862,ensembl,Adra2c,ADRA2C,8.610361914692346,0.0087602736935029,UP
Acc6_mbh_COMBO,6,mbh,COMBO,GSE135862,ensembl,Mxd4,MXD4,1.3729328436429074,0.0089692382402638,UP
Acc6_mbh_COMBO,6,mbh,COMBO,GSE135862,ensembl,Pan3,PAN3,2.385761627335209,0.0099020307650964,UP
Acc6_mbh_COMBO,6,mbh,COMBO,GSE135862,ensembl,Sh3gl3,SH3GL3,1.891879858992899,0.0103201630522883,UP
Acc6_mbh_COMBO,6,mbh,COMBO,GSE135862,ensembl,Hnrnpab,HNRNPAB,3.0099194417836275,0.0104623154079199,UP
Acc6_mbh_COMBO,6,mbh,COMBO,GSE135862,ensembl,Notch2,NOTCH2,-7.222587121825962,0.0117397144549026,DOWN
Acc6_mbh_COMBO,6,mbh,COMBO,GSE135862,ensembl,Sox4,SOX4,3.661571014998013,0.0117606288131629,UP
Acc6_mbh_COMBO,6,mbh,COMBO,GSE135862,ensembl,Kras,KRAS,2.148773342257414,0.0117606288131629,UP
Acc6_mbh_COMBO,6,mbh,COMBO,GSE135862,ensembl,Cdc45,CDC45,10.088684551697003,0.0131449172132526,UP
Acc6_mbh_COMBO,6,mbh,COMBO,GSE135862,ensembl,Wdhd1,WDHD1,3.634272951552032,0.0136476427404666,UP
Acc6_mbh_COMBO,6,mbh,COMBO,GSE135862,ensembl,Rfxap,RFXAP,2.1128757924227064,0.01439067365045,UP
Acc6_mbh_COMBO,6,mbh,COMBO,GSE135862,ensembl,Brap,BRAP,2.392751826394628,0.0145316887631267,UP
Acc6_mbh_COMBO,6,mbh,COMBO,GSE135862,ensembl,Slc35g1,SLC35G1,10.903499635817743,0.0149626850209529,UP
Acc6_mbh_COMBO,6,mbh,COMBO,GSE135862,ensembl,Kctd3,KCTD3,1.2257077415454158,0.0149626850209529,UP
Acc6_mbh_COMBO,6,mbh,COMBO,GSE135862,ensembl,Apmap,APMAP,1.9886037107496808,0.0154923649217282,UP
Acc6_mbh_COMBO,6,mbh,COMBO,GSE135862,ensembl,Bc065397,BC065397,9.97852355647897,0.015972906849613,UP
Acc6_mbh_COMBO,6,mbh,COMBO,GSE135862,ensembl,Trim8,TRIM8,1.4714519878456556,0.0174663486424485,UP
Acc6_mbh_COMBO,6,mbh,COMBO,GSE135862,ensembl,Asxl3,ASXL3,8.763816203858354,0.0175740980875285,UP
Acc6_mbh_COMBO,6,mbh,COMBO,GSE135862,ensembl,Acvr1c,ACVR1C,7.038775049331291,0.0175740980875285,UP
Acc6_mbh_COMBO,6,mbh,COMBO,GSE135862,ensembl,Flna,FLNA,6.556785190348282,0.0175740980875285,UP
Acc6_mbh_COMBO,6,mbh,COMBO,GSE135862,ensembl,Bean1,BEAN1,2.7036931675686247,0.0175740980875285,UP
Acc6_mbh_COMBO,6,mbh,COMBO,GSE135862,ensembl,Gm13889,GM13889,2.098221778672155,0.0175740980875285,UP
Acc6_mbh_COMBO,6,mbh,COMBO,GSE135862,ensembl,Camsap2,CAMSAP2,1.604767436416655,0.0175740980875285,UP
Acc6_mbh_COMBO,6,mbh,COMBO,GSE135862,ensembl,Slmap,SLMAP,1.5955704390412353,0.0175740980875285,UP
Acc6_mbh_COMBO,6,mbh,COMBO,GSE135862,ensembl,Rnf11,RNF11,2.8804289279882584,0.0180648913311048,UP
Acc6_mbh_COMBO,6,mbh,COMBO,GSE135862,ensembl,Ctf1,CTF1,10.371087357296515,0.0181906799017013,UP
Acc6_mbh_COMBO,6,mbh,COMBO,GSE135862,ensembl,F12,F12,9.865737321746138,0.0181906799017013,UP
Acc6_mbh_COMBO,6,mbh,COMBO,GSE135862,ensembl,Dapk3,DAPK3,5.598942802183799,0.0181906799017013,UP
Acc6_mbh_COMBO,6,mbh,COMBO,GSE135862,ensembl,Sgpp1,SGPP1,4.753103420739248,0.0181906799017013,UP
Acc6_mbh_COMBO,6,mbh,COMBO,GSE135862,ensembl,Hace1,HACE1,1.764441084596379,0.0181906799017013,UP
Acc6_mbh_COMBO,6,mbh,COMBO,GSE135862,ensembl,2410006h16rik,2410006H16RIK,-1.3884128023967506,0.0181906799017013,DOWN
Acc6_mbh_COMBO,6,mbh,COMBO,GSE135862,ensembl,Anxa4,ANXA4,3.622775838615898,0.0183753845175096,UP
Acc6_mbh_COMBO,6,mbh,COMBO,GSE135862,ensembl,Baz1b,BAZ1B,1.433479828315363,0.0183753845175096,UP
Acc6_mbh_COMBO,6,mbh,COMBO,GSE135862,ensembl,Pxdn,PXDN,6.65816317720864,0.0186096585930071,UP
Acc6_mbh_COMBO,6,mbh,COMBO,GSE135862,ensembl,Irx5,IRX5,6.883119863300368,0.0192641621702211,UP
Acc6_mbh_COMBO,6,mbh,COMBO,GSE135862,ensembl,Rrs1,RRS1,2.728461850149697,0.0194113567395498,UP
Acc6_mbh_COMBO,6,mbh,COMBO,GSE135862,ensembl,6430548m08rik,6430548M08RIK,1.532708643089704,0.0195883230717017,UP
Acc6_mbh_COMBO,6,mbh,COMBO,GSE135862,ensembl,Il12rb2,IL12RB2,6.741206161125957,0.0197765114227305,UP
Acc6_mbh_COMBO,6,mbh,COMBO,GSE135862,ensembl,Rabl3,RABL3,-1.627313934080283,0.0206505777482708,DOWN
Acc6_mbh_COMBO,6,mbh,COMBO,GSE135862,ensembl,Cbx4,CBX4,1.7956311820876727,0.0216581578558613,UP
Acc6_mbh_COMBO,6,mbh,COMBO,GSE135862,ensembl,Slc22a15,SLC22A15,5.371274962390941,0.0218662524109564,UP
Acc6_mbh_COMBO,6,mbh,COMBO,GSE135862,ensembl,Srpk3,SRPK3,10.414765764645717,0.0224702343133167,UP
Acc6_mbh_COMBO,6,mbh,COMBO,GSE135862,ensembl,Fam241a,FAM241A,8.078715293335966,0.0224702343133167,UP
Acc6_mbh_COMBO,6,mbh,COMBO,GSE135862,ensembl,Zfand5,ZFAND5,2.1039656825594464,0.0224702343133167,UP
Acc6_mbh_COMBO,6,mbh,COMBO,GSE135862,ensembl,Stard7,STARD7,1.696265463951526,0.0224702343133167,UP
Acc6_mbh_COMBO,6,mbh,COMBO,GSE135862,ensembl,Fbxo32,FBXO32,4.341412115677951,0.0225907067167545,UP
Acc6_mbh_COMBO,6,mbh,COMBO,GSE135862,ensembl,B630019k06rik,B630019K06RIK,1.8263606701684616,0.0225907067167545,UP
Acc6_mbh_COMBO,6,mbh,COMBO,GSE135862,ensembl,Abhd12,ABHD12,1.53051497662148,0.022715715901612,UP
Acc6_mbh_COMBO,6,mbh,COMBO,GSE135862,ensembl,Syndig1l,SYNDIG1L,2.3644557115718032,0.0232475626502904,UP
Acc6_mbh_COMBO,6,mbh,COMBO,GSE135862,ensembl,Atmin,ATMIN,1.5027715729141458,0.0232475626502904,UP
Acc6_mbh_COMBO,6,mbh,COMBO,GSE135862,ensembl,Top2a,TOP2A,7.203223946160405,0.0236470685149931,UP
Acc6_mbh_COMBO,6,mbh,COMBO,GSE135862,ensembl,Cdk17,CDK17,1.9287263254996136,0.0236999570877371,UP
Acc6_mbh_COMBO,6,mbh,COMBO,GSE135862,ensembl,Socs5,SOCS5,1.0546887104727207,0.0247395751690201,UP
Acc6_mbh_COMBO,6,mbh,COMBO,GSE135862,ensembl,Slc35d3,SLC35D3,9.672541479868242,0.024914843745357,UP
Acc6_mbh_COMBO,6,mbh,COMBO,GSE135862,ensembl,Ankrd23,ANKRD23,10.065892731435026,0.0257871077820468,UP
Acc6_mbh_COMBO,6,mbh,COMBO,GSE135862,ensembl,Rab24,RAB24,2.3086033132671417,0.0257871077820468,UP
Acc6_mbh_COMBO,6,mbh,COMBO,GSE135862,ensembl,Chka,CHKA,2.0535009387461587,0.0257871077820468,UP
Acc6_mbh_COMBO,6,mbh,COMBO,GSE135862,ensembl,Pim3,PIM3,1.5976142367452792,0.0257871077820468,UP
Acc6_mbh_COMBO,6,mbh,COMBO,GSE135862,ensembl,Ube2r2,UBE2R2,1.7980943045661526,0.0266965991728492,UP
Acc6_mbh_COMBO,6,mbh,COMBO,GSE135862,ensembl,Slc25a28,SLC25A28,1.7920267244015518,0.0266965991728492,UP
Acc6_mbh_COMBO,6,mbh,COMBO,GSE135862,ensembl,Slc26a6,SLC26A6,10.824861643999595,0.0268529280484247,UP
Acc6_mbh_COMBO,6,mbh,COMBO,GSE135862,ensembl,Cnksr2,CNKSR2,1.8068361804800244,0.0270261337906562,UP
Acc6_mbh_COMBO,6,mbh,COMBO,GSE135862,ensembl,Pde3a,PDE3A,9.566529891892834,0.0272401220380859,UP
Acc6_mbh_COMBO,6,mbh,COMBO,GSE135862,ensembl,Tysnd1,TYSND1,4.481325345420069,0.0273191729104984,UP
Acc6_mbh_COMBO,6,mbh,COMBO,GSE135862,ensembl,Cd53,CD53,9.829697939136834,0.0274393888675705,UP
Acc6_mbh_COMBO,6,mbh,COMBO,GSE135862,ensembl,Nupr2,NUPR2,7.846613375881734,0.0274393888675705,UP
Acc6_mbh_COMBO,6,mbh,COMBO,GSE135862,ensembl,Creb3l1,CREB3L1,5.599549355150715,0.0274393888675705,UP
Acc6_mbh_COMBO,6,mbh,COMBO,GSE135862,ensembl,Pithd1,PITHD1,2.052660467083203,0.0274771746847453,UP
Acc6_mbh_COMBO,6,mbh,COMBO,GSE135862,ensembl,Gnai1,GNAI1,1.8231082751542491,0.0297770962472041,UP
Acc6_mbh_COMBO,6,mbh,COMBO,GSE135862,ensembl,Insm2,INSM2,8.70427989615264,0.0299363921970349,UP
Acc6_mbh_COMBO,6,mbh,COMBO,GSE135862,ensembl,Rap1gds1,RAP1GDS1,1.016348215741636,0.0300102554012842,UP
Acc6_mbh_COMBO,6,mbh,COMBO,GSE135862,ensembl,Mrs2,MRS2,4.707688441096325,0.032672659379575,UP
Acc6_mbh_COMBO,6,mbh,COMBO,GSE135862,ensembl,Tirap,TIRAP,4.797857589858658,0.0328496246109869,UP
Acc6_mbh_COMBO,6,mbh,COMBO,GSE135862,ensembl,9130221h12rik,9130221H12RIK,8.49064277891088,0.0331415690591443,UP
Acc6_mbh_COMBO,6,mbh,COMBO,GSE135862,ensembl,Psip1,PSIP1,1.761745394438972,0.0332454299945749,UP
Acc6_mbh_COMBO,6,mbh,COMBO,GSE135862,ensembl,Ccdc9b,CCDC9B,10.05777474316816,0.0334921252782597,UP
Acc6_mbh_COMBO,6,mbh,COMBO,GSE135862,ensembl,Fam43b,FAM43B,3.536388257911176,0.0334943214681976,UP
Acc6_mbh_COMBO,6,mbh,COMBO,GSE135862,ensembl,Gclm,GCLM,1.9237347290027724,0.0335896363770725,UP
Acc6_mbh_COMBO,6,mbh,COMBO,GSE135862,ensembl,Plekhh2,PLEKHH2,8.998045710538472,0.0340859064677731,UP
Acc6_mbh_COMBO,6,mbh,COMBO,GSE135862,ensembl,Ptgr1,PTGR1,10.24468319394188,0.0348886914529701,UP
Acc6_mbh_COMBO,6,mbh,COMBO,GSE135862,ensembl,Eya1,EYA1,6.790570247880915,0.0350607280007866,UP
Acc6_mbh_COMBO,6,mbh,COMBO,GSE135862,ensembl,Irx3,IRX3,4.908929258343469,0.0350607280007866,UP
Acc6_mbh_COMBO,6,mbh,COMBO,GSE135862,ensembl,Glrx5,GLRX5,2.221429617813058,0.0350607280007866,UP
Acc6_mbh_COMBO,6,mbh,COMBO,GSE135862,ensembl,Plcb2,PLCB2,11.088695970093148,0.0351194841766514,UP
Acc6_mbh_COMBO,6,mbh,COMBO,GSE135862,ensembl,Bmpr2,BMPR2,7.75508321112195,0.0351194841766514,UP
Acc6_mbh_COMBO,6,mbh,COMBO,GSE135862,ensembl,Ptp4a1,PTP4A1,1.1804935393774572,0.0351194841766514,UP
Acc6_mbh_COMBO,6,mbh,COMBO,GSE135862,ensembl,Rnf130,RNF130,5.169226066442013,0.0356211349167666,UP
Acc6_mbh_COMBO,6,mbh,COMBO,GSE135862,ensembl,Mindy2,MINDY2,2.026336643908252,0.0356211349167666,UP
Acc6_mbh_COMBO,6,mbh,COMBO,GSE135862,ensembl,F11r,F11R,9.315087100362213,0.0358893205677754,UP
Acc6_mbh_COMBO,6,mbh,COMBO,GSE135862,ensembl,Rap1b,RAP1B,1.798394066964309,0.0373648114664098,UP
Acc6_mbh_COMBO,6,mbh,COMBO,GSE135862,ensembl,Ralgds,RALGDS,1.600846396028719,0.0373648114664098,UP
Acc6_mbh_COMBO,6,mbh,COMBO,GSE135862,ensembl,Cep57l1,CEP57L1,4.185483810609672,0.0392650197036813,UP
Acc6_mbh_COMBO,6,mbh,COMBO,GSE135862,ensembl,Psmb8,PSMB8,-2.1164274744370064,0.0402803714780247,DOWN
Acc6_mbh_COMBO,6,mbh,COMBO,GSE135862,ensembl,Grb2,GRB2,1.095279042985403,0.0405665357047555,UP
Acc6_mbh_COMBO,6,mbh,COMBO,GSE135862,ensembl,Scarf2,SCARF2,4.554484217754299,0.0406954668244147,UP
Acc6_mbh_COMBO,6,mbh,COMBO,GSE135862,ensembl,Plxna4,PLXNA4,4.141382255444274,0.0406954668244147,UP
Acc6_mbh_COMBO,6,mbh,COMBO,GSE135862,ensembl,Gsk3a,GSK3A,2.2472461346344725,0.0408546134534642,UP
Acc6_mbh_COMBO,6,mbh,COMBO,GSE135862,ensembl,Cdr2l,CDR2L,2.507241473506574,0.0419588105555209,UP
Acc6_mbh_COMBO,6,mbh,COMBO,GSE135862,ensembl,Slc10a7,SLC10A7,10.91299697172273,0.0425350609403147,UP
Acc6_mbh_COMBO,6,mbh,COMBO,GSE135862,ensembl,A230009b12rik,A230009B12RIK,-5.954947094152372,0.0430028488918578,DOWN
Acc6_mbh_COMBO,6,mbh,COMBO,GSE135862,ensembl,Gm12144,GM12144,9.67707879354082,0.0431611863060031,UP
Acc6_mbh_COMBO,6,mbh,COMBO,GSE135862,ensembl,Timm29,TIMM29,2.1418613441547207,0.0431611863060031,UP
Acc6_mbh_COMBO,6,mbh,COMBO,GSE135862,ensembl,Pitpna,PITPNA,1.4939648806324737,0.0431611863060031,UP
Acc6_mbh_COMBO,6,mbh,COMBO,GSE135862,ensembl,Ppm1a,PPM1A,1.3160375790078818,0.0431611863060031,UP
Acc6_mbh_COMBO,6,mbh,COMBO,GSE135862,ensembl,Tusc1,TUSC1,5.640673494147318,0.0454164189598463,UP
Acc6_mbh_COMBO,6,mbh,COMBO,GSE135862,ensembl,Gm12350,GM12350,-1.6055290153669093,0.0457134417762588,DOWN
Acc6_mbh_COMBO,6,mbh,COMBO,GSE135862,ensembl,Camk2n2,CAMK2N2,1.9384882527679177,0.0462500135179988,UP
Acc6_mbh_COMBO,6,mbh,COMBO,GSE135862,ensembl,Tmem91,TMEM91,-1.0264858653148374,0.0465529831631776,DOWN
Acc6_mbh_COMBO,6,mbh,COMBO,GSE135862,ensembl,Kcng1,KCNG1,10.387339526774335,0.0471133581495853,UP
Acc6_mbh_COMBO,6,mbh,COMBO,GSE135862,ensembl,Tbx19,TBX19,5.563975916820736,0.0471133581495853,UP
Acc6_mbh_COMBO,6,mbh,COMBO,GSE135862,ensembl,Elmod3,ELMOD3,-1.5507864207189297,0.047447541103541,DOWN
Acc6_mbh_COMBO,6,mbh,COMBO,GSE135862,ensembl,Pnrc1,PNRC1,1.4571392214156866,0.0475314107140419,UP
Acc6_mbh_COMBO,6,mbh,COMBO,GSE135862,ensembl,Stk39,STK39,1.8487324803906544,0.0491725167442798,UP
Acc6_mbh_COMBO,6,mbh,COMBO,GSE135862,ensembl,Ppm1b,PPM1B,1.5153166486592122,0.0495083091360373,UP
Acc8_hippocampus_YA_Ex,8,hippocampus,YA_Ex,GSE280382,gene_name,Gm20594,GM20594,1.6938232268212583,0.0001104340829103,UP
Acc8_hippocampus_YA_Ex,8,hippocampus,YA_Ex,GSE280382,gene_name,Gm15421,GM15421,1.4070572548705749,0.0006228147469498,UP
Acc8_hypothalamus_YA_Ex,8,hypothalamus,YA_Ex,GSE280382,gene_name,Lrg1,LRG1,1.3528427488856942,0.0028126208465359,UP
Acc8_hypothalamus_LT_A_Ex,8,hypothalamus,LT_A_Ex,GSE280382,gene_name,Ptgs2,PTGS2,1.503036947638479,0.002247745805491,UP
Acc8_hypothalamus_LT_A_Ex,8,hypothalamus,LT_A_Ex,GSE280382,gene_name,Iigp1,IIGP1,1.0113060777040963,0.0083640099568118,UP
Acc8_hypothalamus_LT_A_Ex,8,hypothalamus,LT_A_Ex,GSE280382,gene_name,Gm4951,GM4951,1.0803337307837608,0.0105857736890904,UP
Acc8_hypothalamus_LT_A_Ex,8,hypothalamus,LT_A_Ex,GSE280382,gene_name,Fbxw23,FBXW23,-1.237628806807189,0.023239212254945,DOWN
Acc8_hypothalamus_LT_A_Ex,8,hypothalamus,LT_A_Ex,GSE280382,gene_name,Ifit1,IFIT1,1.0250250040592876,0.0236805063265628,UP
Acc8_hypothalamus_LT_A_Ex,8,hypothalamus,LT_A_Ex,GSE280382,gene_name,Car13,CAR13,1.7593819309520644,0.0249110639769944,UP
Acc8_hypothalamus_LT_A_Ex,8,hypothalamus,LT_A_Ex,GSE280382,gene_name,Hba-a2,HBA-A2,1.5397912470173345,0.025367677081288,UP
Acc8_hypothalamus_LT_A_Ex,8,hypothalamus,LT_A_Ex,GSE280382,gene_name,Agrp,AGRP,1.140151434198657,0.0310991178521406,UP
Acc8_frontalcortex_ST_A_Ex,8,frontalcortex,ST_A_Ex,GSE280382,gene_name,Plin4,PLIN4,2.0923309016229625,0.0001175597895045,UP
Acc8_frontalcortex_ST_A_Ex,8,frontalcortex,ST_A_Ex,GSE280382,gene_name,Loc108168933,LOC108168933,-1.0741531997378917,0.0100327362100369,DOWN
Acc8_frontalcortex_ST_A_Ex,8,frontalcortex,ST_A_Ex,GSE280382,gene_name,Gm32643,GM32643,-1.238120305191769,0.0171690881639052,DOWN
Acc8_frontalcortex_ST_A_Ex,8,frontalcortex,ST_A_Ex,GSE280382,gene_name,Egr1,EGR1,-1.6073405188578809,0.0190962222235055,DOWN
Acc8_frontalcortex_ST_A_Ex,8,frontalcortex,ST_A_Ex,GSE280382,gene_name,Nr4a3,NR4A3,-1.3964861180683008,0.0284009178213178,DOWN
Acc8_frontalcortex_ST_A_Ex,8,frontalcortex,ST_A_Ex,GSE280382,gene_name,Gm38931,GM38931,-1.180479291977411,0.0369977308723411,DOWN
Acc8_frontalcortex_ST_A_Ex_KD,8,frontalcortex,ST_A_Ex_KD,GSE280382,gene_name,Plin4,PLIN4,1.9446188130126825,0.0029132335373047,UP
Acc8_frontalcortex_ST_A_Ex_KD,8,frontalcortex,ST_A_Ex_KD,GSE280382,gene_name,Tmem40,TMEM40,1.0073046911033563,0.005408885688323,UP
Acc8_frontalcortex_ST_A_Ex_KD,8,frontalcortex,ST_A_Ex_KD,GSE280382,gene_name,Gm52604,GM52604,-1.1241999397128994,0.0150943143917041,DOWN
Acc8_frontalcortex_ST_A_Ex_KD,8,frontalcortex,ST_A_Ex_KD,GSE280382,gene_name,Gm34321,GM34321,-1.0824163182639124,0.0176642125604188,DOWN
Acc8_frontalcortex_ST_A_Ex_KD,8,frontalcortex,ST_A_Ex_KD,GSE280382,gene_name,Gm38562,GM38562,-1.1031431876902462,0.0185089819962313,DOWN
Acc8_frontalcortex_ST_A_Ex_KD,8,frontalcortex,ST_A_Ex_KD,GSE280382,gene_name,Ptgis,PTGIS,1.0297171110277443,0.0185089819962313,UP
Acc8_frontalcortex_ST_A_Ex_KD,8,frontalcortex,ST_A_Ex_KD,GSE280382,gene_name,Gm14393,GM14393,-1.000228673501533,0.0185089819962313,DOWN
Acc8_frontalcortex_ST_A_Ex_KD,8,frontalcortex,ST_A_Ex_KD,GSE280382,gene_name,Nkpd1,NKPD1,1.1605895094579155,0.0193595213634125,UP
Acc8_frontalcortex_ST_A_Ex_KD,8,frontalcortex,ST_A_Ex_KD,GSE280382,gene_name,Loc115490443,LOC115490443,-1.017921651926629,0.0268773051865312,DOWN
Acc8_frontalcortex_ST_A_Ex_KD,8,frontalcortex,ST_A_Ex_KD,GSE280382,gene_name,Nrap,NRAP,1.022216104240045,0.026947426179387,UP
Acc8_frontalcortex_ST_A_Ex_KD,8,frontalcortex,ST_A_Ex_KD,GSE280382,gene_name,Gm26876,GM26876,-1.111739340341416,0.0275887058195957,DOWN
Acc8_frontalcortex_ST_A_Ex_KD,8,frontalcortex,ST_A_Ex_KD,GSE280382,gene_name,Gm46872,GM46872,1.0444404385861423,0.0279216642213394,UP
Acc8_frontalcortex_ST_A_Ex_KD,8,frontalcortex,ST_A_Ex_KD,GSE280382,gene_name,Gm31047,GM31047,-1.145524789963355,0.0361727856085777,DOWN
Acc8_frontalcortex_ST_A_Ex_KD,8,frontalcortex,ST_A_Ex_KD,GSE280382,gene_name,Loc118567955,LOC118567955,-1.2675172747789611,0.0409585251720302,DOWN
Acc8_hippocampus_ST_A_Ex,8,hippocampus,ST_A_Ex,GSE280382,gene_name,Rps21,RPS21,1.3051923128220522,1.1700433253463991e-101,UP
Acc8_hippocampus_ST_A_Ex,8,hippocampus,ST_A_Ex,GSE280382,gene_name,Rpl36,RPL36,1.0924521102020868,1.907723479186851e-40,UP
Acc8_hippocampus_ST_A_Ex,8,hippocampus,ST_A_Ex,GSE280382,gene_name,Rpl37,RPL37,1.0698246873524753,3.277147903247368e-35,UP
Acc8_hippocampus_ST_A_Ex,8,hippocampus,ST_A_Ex,GSE280382,gene_name,Rps29,RPS29,1.349385329324486,1.5234588970847442e-30,UP
Acc8_hippocampus_ST_A_Ex,8,hippocampus,ST_A_Ex,GSE280382,gene_name,Rpl38,RPL38,1.2918350559435432,5.809010776671238e-29,UP
Acc8_hippocampus_ST_A_Ex,8,hippocampus,ST_A_Ex,GSE280382,gene_name,Pet100,PET100,1.1925560738425458,1.317708622260881e-28,UP
Acc8_hippocampus_ST_A_Ex,8,hippocampus,ST_A_Ex,GSE280382,gene_name,Rpl35a,RPL35A,1.0351439134677116,2.016071033369561e-28,UP
Acc8_hippocampus_ST_A_Ex,8,hippocampus,ST_A_Ex,GSE280382,gene_name,Tceal5,TCEAL5,1.2814826963514487,1.0641581697523118e-27,UP
Acc8_hippocampus_ST_A_Ex,8,hippocampus,ST_A_Ex,GSE280382,gene_name,Lsm7,LSM7,1.195628534750422,5.2501136148759224e-27,UP
Acc8_hippocampus_ST_A_Ex,8,hippocampus,ST_A_Ex,GSE280382,gene_name,Uqcc2,UQCC2,1.0612576200483366,5.2501136148759224e-27,UP
Acc8_hippocampus_ST_A_Ex,8,hippocampus,ST_A_Ex,GSE280382,gene_name,Snrpf,SNRPF,1.2900338374875515,1.1595008405745507e-26,UP
Acc8_hippocampus_ST_A_Ex,8,hippocampus,ST_A_Ex,GSE280382,gene_name,Atp5k,ATP5K,1.318190789646155,2.877684380231833e-26,UP
Acc8_hippocampus_ST_A_Ex,8,hippocampus,ST_A_Ex,GSE280382,gene_name,Ndufs6,NDUFS6,1.2358135233991416,4.679579527515071e-26,UP
Acc8_hippocampus_ST_A_Ex,8,hippocampus,ST_A_Ex,GSE280382,gene_name,Naa38,NAA38,1.2398478640100254,5.31918061283039e-25,UP
Acc8_hippocampus_ST_A_Ex,8,hippocampus,ST_A_Ex,GSE280382,gene_name,Gng13,GNG13,1.6121277590445433,5.43678784973734e-25,UP
Acc8_hippocampus_ST_A_Ex,8,hippocampus,ST_A_Ex,GSE280382,gene_name,Ndufa2,NDUFA2,1.0043591540287682,5.897562356210335e-25,UP
Acc8_hippocampus_ST_A_Ex,8,hippocampus,ST_A_Ex,GSE280382,gene_name,Cops9,COPS9,1.1088526341594152,2.4073098364160087e-24,UP
Acc8_hippocampus_ST_A_Ex,8,hippocampus,ST_A_Ex,GSE280382,gene_name,Slirp,SLIRP,1.0049294237402764,7.942690222456686e-24,UP
Acc8_hippocampus_ST_A_Ex,8,hippocampus,ST_A_Ex,GSE280382,gene_name,Rps28,RPS28,1.1679534170814705,1.9977081706204294e-23,UP
Acc8_hippocampus_ST_A_Ex,8,hippocampus,ST_A_Ex,GSE280382,gene_name,Rpl36a,RPL36A,1.0600144444902644,2.1914232275106094e-23,UP
Acc8_hippocampus_ST_A_Ex,8,hippocampus,ST_A_Ex,GSE280382,gene_name,Anapc13,ANAPC13,1.1019721470585746,2.729817167695964e-23,UP
Acc8_hippocampus_ST_A_Ex,8,hippocampus,ST_A_Ex,GSE280382,gene_name,Cox5b,COX5B,1.2572982782722684,8.145927714186008e-23,UP
Acc8_hippocampus_ST_A_Ex,8,hippocampus,ST_A_Ex,GSE280382,gene_name,Ndufb3,NDUFB3,1.042469202588363,5.313719181867319e-22,UP
Acc8_hippocampus_ST_A_Ex,8,hippocampus,ST_A_Ex,GSE280382,gene_name,Tmem258,TMEM258,1.1563282881783978,2.0149520101969488e-20,UP
Acc8_hippocampus_ST_A_Ex,8,hippocampus,ST_A_Ex,GSE280382,gene_name,Tomm7,TOMM7,1.568314478966126,2.068889983350682e-20,UP
Acc8_hippocampus_ST_A_Ex,8,hippocampus,ST_A_Ex,GSE280382,gene_name,Snhg8,SNHG8,1.2082137237708297,3.813604128013771e-20,UP
Acc8_hippocampus_ST_A_Ex,8,hippocampus,ST_A_Ex,GSE280382,gene_name,Uqcrb,UQCRB,1.020017651861998,7.834432478094612e-20,UP
Acc8_hippocampus_ST_A_Ex,8,hippocampus,ST_A_Ex,GSE280382,gene_name,Mea1,MEA1,1.048285251320177,1.813755330654256e-19,UP
Acc8_hippocampus_ST_A_Ex,8,hippocampus,ST_A_Ex,GSE280382,gene_name,Atp5mpl,ATP5MPL,1.001075519023669,4.708928372177088e-19,UP
Acc8_hippocampus_ST_A_Ex,8,hippocampus,ST_A_Ex,GSE280382,gene_name,Sem1,SEM1,1.0439029515791511,8.812068263019302e-18,UP
Acc8_hippocampus_ST_A_Ex,8,hippocampus,ST_A_Ex,GSE280382,gene_name,Ndufb1,NDUFB1,1.346020105063641,1.0956675042404116e-17,UP
Acc8_hippocampus_ST_A_Ex,8,hippocampus,ST_A_Ex,GSE280382,gene_name,Ndufa3,NDUFA3,1.2670090327879722,2.1169751107846796e-17,UP
Acc8_hippocampus_ST_A_Ex,8,hippocampus,ST_A_Ex,GSE280382,gene_name,Mt3,MT3,1.3325471258543748,1.528747737587561e-16,UP
Acc8_hippocampus_ST_A_Ex,8,hippocampus,ST_A_Ex,GSE280382,gene_name,Ndufa1,NDUFA1,1.2457514014242657,1.4413234668825308e-15,UP
Acc8_hippocampus_ST_A_Ex,8,hippocampus,ST_A_Ex,GSE280382,gene_name,Atp6v0c-ps2,ATP6V0C-PS2,-1.3234657714306155,4.583365597075161e-15,DOWN
Acc8_hippocampus_ST_A_Ex,8,hippocampus,ST_A_Ex,GSE280382,gene_name,Snhg6,SNHG6,1.115762689344982,6.8925880585570975e-15,UP
Acc8_hippocampus_ST_A_Ex,8,hippocampus,ST_A_Ex,GSE280382,gene_name,Uqcr11,UQCR11,1.321799189740749,1.1433174794041064e-14,UP
Acc8_hippocampus_ST_A_Ex,8,hippocampus,ST_A_Ex,GSE280382,gene_name,Pfdn6,PFDN6,1.057681562869682,1.5907649821954216e-14,UP
Acc8_hippocampus_ST_A_Ex,8,hippocampus,ST_A_Ex,GSE280382,gene_name,Dpm3,DPM3,1.116306973617927,1.883538945893912e-14,UP
Acc8_hippocampus_ST_A_Ex,8,hippocampus,ST_A_Ex,GSE280382,gene_name,Romo1,ROMO1,1.2836203726121895,3.3915146073717624e-14,UP
Acc8_hippocampus_ST_A_Ex,8,hippocampus,ST_A_Ex,GSE280382,gene_name,Gm39326,GM39326,1.031821514349088,6.515061856888123e-14,UP
Acc8_hippocampus_ST_A_Ex,8,hippocampus,ST_A_Ex,GSE280382,gene_name,Mt2,MT2,1.2972205792603293,2.509390186874685e-13,UP
Acc8_hippocampus_ST_A_Ex,8,hippocampus,ST_A_Ex,GSE280382,gene_name,Gm41349,GM41349,1.006406198934216,2.509390186874685e-13,UP
Acc8_hippocampus_ST_A_Ex,8,hippocampus,ST_A_Ex,GSE280382,gene_name,Dbi,DBI,1.130734405706051,3.8007921442005925e-13,UP
Acc8_hippocampus_ST_A_Ex,8,hippocampus,ST_A_Ex,GSE280382,gene_name,Cox8a,COX8A,1.1113590965156988,9.81778359741967e-12,UP
Acc8_hippocampus_ST_A_Ex,8,hippocampus,ST_A_Ex,GSE280382,gene_name,Fcor,FCOR,1.4067699107157583,2.3982106450008867e-11,UP
Acc8_hippocampus_ST_A_Ex,8,hippocampus,ST_A_Ex,GSE280382,gene_name,Tmem256,TMEM256,1.025658363116947,6.298897120459161e-11,UP
Acc8_hippocampus_ST_A_Ex,8,hippocampus,ST_A_Ex,GSE280382,gene_name,1110038b12rik,1110038B12RIK,1.0374437677021928,2.2647332421534487e-10,UP
Acc8_hippocampus_ST_A_Ex,8,hippocampus,ST_A_Ex,GSE280382,gene_name,Loc118568718,LOC118568718,-2.47334053864534,5.990340304253412e-10,DOWN
Acc8_hippocampus_ST_A_Ex,8,hippocampus,ST_A_Ex,GSE280382,gene_name,Gm29808,GM29808,-1.905354576370664,2.975871585987763e-09,DOWN
Acc8_hippocampus_ST_A_Ex,8,hippocampus,ST_A_Ex,GSE280382,gene_name,Ppp1r14a,PPP1R14A,1.0064169032199568,3.665841380618817e-09,UP
Acc8_hippocampus_ST_A_Ex,8,hippocampus,ST_A_Ex,GSE280382,gene_name,A230051n06rik,A230051N06RIK,1.402707719254302,1.1089836137755509e-08,UP
Acc8_hippocampus_ST_A_Ex,8,hippocampus,ST_A_Ex,GSE280382,gene_name,Gm12174,GM12174,-1.4917017927660463,1.4893392934586063e-08,DOWN
Acc8_hippocampus_ST_A_Ex,8,hippocampus,ST_A_Ex,GSE280382,gene_name,Gm32059,GM32059,1.1900588305443136,1.504013530604426e-08,UP
Acc8_hippocampus_ST_A_Ex,8,hippocampus,ST_A_Ex,GSE280382,gene_name,Rps23rg1,RPS23RG1,-1.4418936067745736,3.6104420508246065e-08,DOWN
Acc8_hippocampus_ST_A_Ex,8,hippocampus,ST_A_Ex,GSE280382,gene_name,Gm5914,GM5914,1.344026570545264,4.25763261473606e-08,UP
Acc8_hippocampus_ST_A_Ex,8,hippocampus,ST_A_Ex,GSE280382,gene_name,Gm11478,GM11478,-1.3738836804716847,7.073503102072321e-08,DOWN
Acc8_hippocampus_ST_A_Ex,8,hippocampus,ST_A_Ex,GSE280382,gene_name,Gm7206,GM7206,-1.7677174578245112,1.1731091135825455e-07,DOWN
Acc8_hippocampus_ST_A_Ex,8,hippocampus,ST_A_Ex,GSE280382,gene_name,Rn7sk,RN7SK,2.0464914117390283,1.196292696707348e-07,UP
Acc8_hippocampus_ST_A_Ex,8,hippocampus,ST_A_Ex,GSE280382,gene_name,Gm32771,GM32771,-1.9292584399716244,3.1597063488840173e-07,DOWN
Acc8_hippocampus_ST_A_Ex,8,hippocampus,ST_A_Ex,GSE280382,gene_name,Gm33851,GM33851,1.6000229911735369,5.388899904552998e-07,UP
Acc8_hippocampus_ST_A_Ex,8,hippocampus,ST_A_Ex,GSE280382,gene_name,Smim27,SMIM27,1.2589983844903343,5.920214906940075e-07,UP
Acc8_hippocampus_ST_A_Ex,8,hippocampus,ST_A_Ex,GSE280382,gene_name,Gm42339,GM42339,1.942969493942136,5.995712178225237e-07,UP
Acc8_hippocampus_ST_A_Ex,8,hippocampus,ST_A_Ex,GSE280382,gene_name,Gm51910,GM51910,-2.210385183977463,6.282768079190515e-07,DOWN
Acc8_hippocampus_ST_A_Ex,8,hippocampus,ST_A_Ex,GSE280382,gene_name,Gm40537,GM40537,1.6456313037685606,6.965412166646286e-07,UP
Acc8_hippocampus_ST_A_Ex,8,hippocampus,ST_A_Ex,GSE280382,gene_name,Ppp1ccb,PPP1CCB,1.316279702467667,7.897848756585462e-07,UP
Acc8_hippocampus_ST_A_Ex,8,hippocampus,ST_A_Ex,GSE280382,gene_name,Loc115487471,LOC115487471,1.52132696435781,8.015854118546162e-07,UP
Acc8_hippocampus_ST_A_Ex,8,hippocampus,ST_A_Ex,GSE280382,gene_name,Cox6a2,COX6A2,1.0566233958209488,8.360880745965946e-07,UP
Acc8_hippocampus_ST_A_Ex,8,hippocampus,ST_A_Ex,GSE280382,gene_name,Gm52502,GM52502,2.510946966973557,2.2533788261368754e-06,UP
Acc8_hippocampus_ST_A_Ex,8,hippocampus,ST_A_Ex,GSE280382,gene_name,Rnaset2a,RNASET2A,1.0009480574936214,2.8060467946069957e-06,UP
Acc8_hippocampus_ST_A_Ex,8,hippocampus,ST_A_Ex,GSE280382,gene_name,Gm52320,GM52320,3.191538349934168,2.9012505129057117e-06,UP
Acc8_hippocampus_ST_A_Ex,8,hippocampus,ST_A_Ex,GSE280382,gene_name,Gm15421,GM15421,-1.158096904144824,2.983807828263265e-06,DOWN
Acc8_hippocampus_ST_A_Ex,8,hippocampus,ST_A_Ex,GSE280382,gene_name,Gm10224,GM10224,-1.805430668740836,3.2601126311320606e-06,DOWN
Acc8_hippocampus_ST_A_Ex,8,hippocampus,ST_A_Ex,GSE280382,gene_name,Loc118568241,LOC118568241,-2.4110652095870697,3.47688514232158e-06,DOWN
Acc8_hippocampus_ST_A_Ex,8,hippocampus,ST_A_Ex,GSE280382,gene_name,Rybp-ps,RYBP-PS,-1.804870403413112,3.686445409138439e-06,DOWN
Acc8_hippocampus_ST_A_Ex,8,hippocampus,ST_A_Ex,GSE280382,gene_name,Gm51671,GM51671,1.6225129888915053,3.942623929756331e-06,UP
Acc8_hippocampus_ST_A_Ex,8,hippocampus,ST_A_Ex,GSE280382,gene_name,Atp1a4,ATP1A4,-2.7425678601809698,4.523872024375822e-06,DOWN
Acc8_hippocampus_ST_A_Ex,8,hippocampus,ST_A_Ex,GSE280382,gene_name,Snhg3,SNHG3,1.1524506993499526,4.818697374752444e-06,UP
Acc8_hippocampus_ST_A_Ex,8,hippocampus,ST_A_Ex,GSE280382,gene_name,Loc118567348,LOC118567348,1.3821406144000463,5.635251150856007e-06,UP
Acc8_hippocampus_ST_A_Ex,8,hippocampus,ST_A_Ex,GSE280382,gene_name,Bc1,BC1,1.8816924405551736,5.758386898355098e-06,UP
Acc8_hippocampus_ST_A_Ex,8,hippocampus,ST_A_Ex,GSE280382,gene_name,Gm4532,GM4532,1.1991157530232814,6.268493254901429e-06,UP
Acc8_hippocampus_ST_A_Ex,8,hippocampus,ST_A_Ex,GSE280382,gene_name,Gm9839,GM9839,-2.647191660462911,6.4343470750131165e-06,DOWN
Acc8_hippocampus_ST_A_Ex,8,hippocampus,ST_A_Ex,GSE280382,gene_name,Gm5643,GM5643,-1.7403192364776603,6.456391783374033e-06,DOWN
Acc8_hippocampus_ST_A_Ex,8,hippocampus,ST_A_Ex,GSE280382,gene_name,Cox7c-ps1,COX7C-PS1,-1.8934270436973657,6.691321878146836e-06,DOWN
Acc8_hippocampus_ST_A_Ex,8,hippocampus,ST_A_Ex,GSE280382,gene_name,Gm10157,GM10157,-1.5813473851374438,6.901540213903598e-06,DOWN
Acc8_hippocampus_ST_A_Ex,8,hippocampus,ST_A_Ex,GSE280382,gene_name,Plin4,PLIN4,2.218095772261504,7.080703829017764e-06,UP
Acc8_hippocampus_ST_A_Ex,8,hippocampus,ST_A_Ex,GSE280382,gene_name,Aldoart1,ALDOART1,-1.327229377412707,7.597540739070425e-06,DOWN
Acc8_hippocampus_ST_A_Ex,8,hippocampus,ST_A_Ex,GSE280382,gene_name,Gm12657,GM12657,-2.2866571311476056,7.833143198236107e-06,DOWN
Acc8_hippocampus_ST_A_Ex,8,hippocampus,ST_A_Ex,GSE280382,gene_name,Gm13363,GM13363,-1.810428176614567,9.10722818983634e-06,DOWN
Acc8_hippocampus_ST_A_Ex,8,hippocampus,ST_A_Ex,GSE280382,gene_name,Loc118567904,LOC118567904,2.4154456574456,9.312465840326673e-06,UP
Acc8_hippocampus_ST_A_Ex,8,hippocampus,ST_A_Ex,GSE280382,gene_name,Gm39752,GM39752,1.3412609974686378,9.690220962838173e-06,UP
Acc8_hippocampus_ST_A_Ex,8,hippocampus,ST_A_Ex,GSE280382,gene_name,Gm39642,GM39642,2.8627494892917444,1.0376209102642552e-05,UP
Acc8_hippocampus_ST_A_Ex,8,hippocampus,ST_A_Ex,GSE280382,gene_name,Gm40233,GM40233,1.159107369171564,1.235773363075116e-05,UP
Acc8_hippocampus_ST_A_Ex,8,hippocampus,ST_A_Ex,GSE280382,gene_name,Gm30970,GM30970,-2.0912490689652103,1.3232271276267242e-05,DOWN
Acc8_hippocampus_ST_A_Ex,8,hippocampus,ST_A_Ex,GSE280382,gene_name,Loc118567871,LOC118567871,1.801309115994985,1.332391904203482e-05,UP
Acc8_hippocampus_ST_A_Ex,8,hippocampus,ST_A_Ex,GSE280382,gene_name,Cysltr2,CYSLTR2,-1.649287748037241,1.4393239533427113e-05,DOWN
Acc8_hippocampus_ST_A_Ex,8,hippocampus,ST_A_Ex,GSE280382,gene_name,A730063m14rik,A730063M14RIK,1.7631939695824912,1.441596902041549e-05,UP
Acc8_hippocampus_ST_A_Ex,8,hippocampus,ST_A_Ex,GSE280382,gene_name,Ccl21b,CCL21B,1.199273792371491,1.5743476644479855e-05,UP
Acc8_hippocampus_ST_A_Ex,8,hippocampus,ST_A_Ex,GSE280382,gene_name,Plac9a,PLAC9A,1.2969818065897738,1.8366932218468414e-05,UP
Acc8_hippocampus_ST_A_Ex,8,hippocampus,ST_A_Ex,GSE280382,gene_name,Gm52697,GM52697,1.08215664534153,2.2085793763744383e-05,UP
Acc8_hippocampus_ST_A_Ex,8,hippocampus,ST_A_Ex,GSE280382,gene_name,Bnip3l-ps,BNIP3L-PS,-1.5039656063791316,2.4112023284845727e-05,DOWN
Acc8_hippocampus_ST_A_Ex,8,hippocampus,ST_A_Ex,GSE280382,gene_name,Loc118568277,LOC118568277,1.0242599478639294,2.965845295633613e-05,UP
Acc8_hippocampus_ST_A_Ex,8,hippocampus,ST_A_Ex,GSE280382,gene_name,Gm32091,GM32091,1.3538280965314389,2.9800678381106476e-05,UP
Acc8_hippocampus_ST_A_Ex,8,hippocampus,ST_A_Ex,GSE280382,gene_name,Gm4199,GM4199,-1.6699246839954365,3.059282205774112e-05,DOWN
Acc8_hippocampus_ST_A_Ex,8,hippocampus,ST_A_Ex,GSE280382,gene_name,Gm6402,GM6402,-2.142349642899166,3.177418483099452e-05,DOWN
Acc8_hippocampus_ST_A_Ex,8,hippocampus,ST_A_Ex,GSE280382,gene_name,Gm12816,GM12816,-1.442369952362941,3.226468935590871e-05,DOWN
Acc8_hippocampus_ST_A_Ex,8,hippocampus,ST_A_Ex,GSE280382,gene_name,Gm12227,GM12227,1.8987597444761644,3.885626198091476e-05,UP
Acc8_hippocampus_ST_A_Ex,8,hippocampus,ST_A_Ex,GSE280382,gene_name,Loc115488769,LOC115488769,1.7908470451073912,3.899965641156451e-05,UP
Acc8_hippocampus_ST_A_Ex,8,hippocampus,ST_A_Ex,GSE280382,gene_name,Gm46060,GM46060,2.090233364313668,3.933700531085909e-05,UP
Acc8_hippocampus_ST_A_Ex,8,hippocampus,ST_A_Ex,GSE280382,gene_name,Gm46207,GM46207,2.5475171784564568,4.234703454426376e-05,UP
Acc8_hippocampus_ST_A_Ex,8,hippocampus,ST_A_Ex,GSE280382,gene_name,Rab26os,RAB26OS,1.1682916899840554,4.377699997095109e-05,UP
Acc8_hippocampus_ST_A_Ex,8,hippocampus,ST_A_Ex,GSE280382,gene_name,Gm13404,GM13404,1.3828078103469883,4.813348998814036e-05,UP
Acc8_hippocampus_ST_A_Ex,8,hippocampus,ST_A_Ex,GSE280382,gene_name,A330040f15rik,A330040F15RIK,1.1395113518559117,5.385286771216894e-05,UP
Acc8_hippocampus_ST_A_Ex,8,hippocampus,ST_A_Ex,GSE280382,gene_name,Lars2,LARS2,1.14471019980425,5.497816125258429e-05,UP
Acc8_hippocampus_ST_A_Ex,8,hippocampus,ST_A_Ex,GSE280382,gene_name,Atp2c2,ATP2C2,1.1496579475567368,6.266422035511052e-05,UP
Acc8_hippocampus_ST_A_Ex,8,hippocampus,ST_A_Ex,GSE280382,gene_name,Rpl13-ps6,RPL13-PS6,-1.907197003993504,6.623442117000607e-05,DOWN
Acc8_hippocampus_ST_A_Ex,8,hippocampus,ST_A_Ex,GSE280382,gene_name,Gm42378,GM42378,1.3226926610454617,7.4011236676852e-05,UP
Acc8_hippocampus_ST_A_Ex,8,hippocampus,ST_A_Ex,GSE280382,gene_name,Gm36198,GM36198,1.8399820408549703,7.416430803179552e-05,UP
Acc8_hippocampus_ST_A_Ex,8,hippocampus,ST_A_Ex,GSE280382,gene_name,Loc118567333,LOC118567333,1.9649310190790696,7.786907508689785e-05,UP
Acc8_hippocampus_ST_A_Ex,8,hippocampus,ST_A_Ex,GSE280382,gene_name,Rps27rt,RPS27RT,1.153669461879156,7.83487114097964e-05,UP
Acc8_hippocampus_ST_A_Ex,8,hippocampus,ST_A_Ex,GSE280382,gene_name,Snhg10,SNHG10,1.08320899940726,8.157442679110308e-05,UP
Acc8_hippocampus_ST_A_Ex,8,hippocampus,ST_A_Ex,GSE280382,gene_name,Loc118567655,LOC118567655,1.8426213439304768,8.164552364056051e-05,UP
Acc8_hippocampus_ST_A_Ex,8,hippocampus,ST_A_Ex,GSE280382,gene_name,Ndufab1-ps,NDUFAB1-PS,-1.7077928285477275,8.529168797873344e-05,DOWN
Acc8_hippocampus_ST_A_Ex,8,hippocampus,ST_A_Ex,GSE280382,gene_name,Gm39941,GM39941,1.8986804857059103,9.78645692011702e-05,UP
Acc8_hippocampus_ST_A_Ex,8,hippocampus,ST_A_Ex,GSE280382,gene_name,Rnaset2b,RNASET2B,1.0977560801084871,0.0001012119817494,UP
Acc8_hippocampus_ST_A_Ex,8,hippocampus,ST_A_Ex,GSE280382,gene_name,Snhg20,SNHG20,1.1835388474686208,0.0001099058887167,UP
Acc8_hippocampus_ST_A_Ex,8,hippocampus,ST_A_Ex,GSE280382,gene_name,9330020h09rik,9330020H09RIK,1.0759044325575176,0.0001103353541178,UP
Acc8_hippocampus_ST_A_Ex,8,hippocampus,ST_A_Ex,GSE280382,gene_name,Gm15455,GM15455,-1.6678464600971965,0.0001284012298083,DOWN
Acc8_hippocampus_ST_A_Ex,8,hippocampus,ST_A_Ex,GSE280382,gene_name,Gm45998,GM45998,2.0817480418261565,0.0001353062922591,UP
Acc8_hippocampus_ST_A_Ex,8,hippocampus,ST_A_Ex,GSE280382,gene_name,Gm52430,GM52430,1.344255062639898,0.0001486466189039,UP
Acc8_hippocampus_ST_A_Ex,8,hippocampus,ST_A_Ex,GSE280382,gene_name,Gm38900,GM38900,1.811248481592049,0.0001670679795816,UP
Acc8_hippocampus_ST_A_Ex,8,hippocampus,ST_A_Ex,GSE280382,gene_name,Gm39038,GM39038,2.337306581342041,0.0001874557098919,UP
Acc8_hippocampus_ST_A_Ex,8,hippocampus,ST_A_Ex,GSE280382,gene_name,Cox7a1,COX7A1,1.7278788576126956,0.0002034508413123,UP
Acc8_hippocampus_ST_A_Ex,8,hippocampus,ST_A_Ex,GSE280382,gene_name,Gm14279,GM14279,-1.1310869264450865,0.0002231714487655,DOWN
Acc8_hippocampus_ST_A_Ex,8,hippocampus,ST_A_Ex,GSE280382,gene_name,Gm12669,GM12669,-1.4093115694532674,0.000225820792761,DOWN
Acc8_hippocampus_ST_A_Ex,8,hippocampus,ST_A_Ex,GSE280382,gene_name,Llph-ps1,LLPH-PS1,-2.054045559376502,0.0002297882890119,DOWN
Acc8_hippocampus_ST_A_Ex,8,hippocampus,ST_A_Ex,GSE280382,gene_name,Gm3227,GM3227,-1.6190953995391475,0.0002354205657508,DOWN
Acc8_hippocampus_ST_A_Ex,8,hippocampus,ST_A_Ex,GSE280382,gene_name,Gm8350,GM8350,1.2220950002115682,0.0002416762373418,UP
Acc8_hippocampus_ST_A_Ex,8,hippocampus,ST_A_Ex,GSE280382,gene_name,Loc118567533,LOC118567533,1.5652150487186638,0.0002422434473465,UP
Acc8_hippocampus_ST_A_Ex,8,hippocampus,ST_A_Ex,GSE280382,gene_name,Gm52296,GM52296,1.1017527541692749,0.0002424023383408,UP
Acc8_hippocampus_ST_A_Ex,8,hippocampus,ST_A_Ex,GSE280382,gene_name,Gm36661,GM36661,-1.904238285616609,0.0002500571032721,DOWN
Acc8_hippocampus_ST_A_Ex,8,hippocampus,ST_A_Ex,GSE280382,gene_name,Egr1,EGR1,-1.0032086106345766,0.0002614775913948,DOWN
Acc8_hippocampus_ST_A_Ex,8,hippocampus,ST_A_Ex,GSE280382,gene_name,Gm50599,GM50599,1.0004247225144929,0.0002658995145645,UP
Acc8_hippocampus_ST_A_Ex,8,hippocampus,ST_A_Ex,GSE280382,gene_name,Gm35857,GM35857,-1.8529162313033745,0.0002737195521974,DOWN
Acc8_hippocampus_ST_A_Ex,8,hippocampus,ST_A_Ex,GSE280382,gene_name,Gm35365,GM35365,1.3844839391050443,0.0002748070360673,UP
Acc8_hippocampus_ST_A_Ex,8,hippocampus,ST_A_Ex,GSE280382,gene_name,5430416n02rik,5430416N02RIK,1.0231098974643735,0.000286615610762,UP
Acc8_hippocampus_ST_A_Ex,8,hippocampus,ST_A_Ex,GSE280382,gene_name,Gm41694,GM41694,3.944800005958072,0.000355028075533,UP
Acc8_hippocampus_ST_A_Ex,8,hippocampus,ST_A_Ex,GSE280382,gene_name,Gm10910,GM10910,1.2283321721163087,0.0003584206480739,UP
Acc8_hippocampus_ST_A_Ex,8,hippocampus,ST_A_Ex,GSE280382,gene_name,Gm33050,GM33050,1.4590387886952807,0.0003599485239932,UP
Acc8_hippocampus_ST_A_Ex,8,hippocampus,ST_A_Ex,GSE280382,gene_name,Gm32282,GM32282,1.068539387111302,0.0003611028491722,UP
Acc8_hippocampus_ST_A_Ex,8,hippocampus,ST_A_Ex,GSE280382,gene_name,Loc118568312,LOC118568312,1.0582360379164208,0.0003737279456038,UP
Acc8_hippocampus_ST_A_Ex,8,hippocampus,ST_A_Ex,GSE280382,gene_name,Loc118568291,LOC118568291,1.6556050897618906,0.0003792007706166,UP
Acc8_hippocampus_ST_A_Ex,8,hippocampus,ST_A_Ex,GSE280382,gene_name,Gm10145,GM10145,-1.912975658013021,0.0004254312258446,DOWN
Acc8_hippocampus_ST_A_Ex,8,hippocampus,ST_A_Ex,GSE280382,gene_name,Gm5801,GM5801,-2.0383181504501167,0.0004310684630743,DOWN
Acc8_hippocampus_ST_A_Ex,8,hippocampus,ST_A_Ex,GSE280382,gene_name,Gm6625,GM6625,-1.6434755674860675,0.0004360298733313,DOWN
Acc8_hippocampus_ST_A_Ex,8,hippocampus,ST_A_Ex,GSE280382,gene_name,Gm15651,GM15651,1.742223788109128,0.0004439301084846,UP
Acc8_hippocampus_ST_A_Ex,8,hippocampus,ST_A_Ex,GSE280382,gene_name,Snhg15,SNHG15,1.1658119035747307,0.0004756333200219,UP
Acc8_hippocampus_ST_A_Ex,8,hippocampus,ST_A_Ex,GSE280382,gene_name,Gm12701,GM12701,2.131208016246134,0.0004758164177685,UP
Acc8_hippocampus_ST_A_Ex,8,hippocampus,ST_A_Ex,GSE280382,gene_name,Gm36375,GM36375,2.002131085411257,0.000476043222739,UP
Acc8_hippocampus_ST_A_Ex,8,hippocampus,ST_A_Ex,GSE280382,gene_name,Gm11703,GM11703,-1.8172180289532085,0.0004870950266582,DOWN
Acc8_hippocampus_ST_A_Ex,8,hippocampus,ST_A_Ex,GSE280382,gene_name,9030607l20rik,9030607L20RIK,1.8722049904977835,0.0004878503237284,UP
Acc8_hippocampus_ST_A_Ex,8,hippocampus,ST_A_Ex,GSE280382,gene_name,Wnt9a,WNT9A,1.142036505849622,0.0005649441680344,UP
Acc8_hippocampus_ST_A_Ex,8,hippocampus,ST_A_Ex,GSE280382,gene_name,Loc118568660,LOC118568660,1.320133544104387,0.0005863271932016,UP
Acc8_hippocampus_ST_A_Ex,8,hippocampus,ST_A_Ex,GSE280382,gene_name,Gm46110,GM46110,1.5871988247676412,0.0006196897872228,UP
Acc8_hippocampus_ST_A_Ex,8,hippocampus,ST_A_Ex,GSE280382,gene_name,Gm22009,GM22009,2.1852619787805287,0.0006651083812978,UP
Acc8_hippocampus_ST_A_Ex,8,hippocampus,ST_A_Ex,GSE280382,gene_name,Gcnt7,GCNT7,1.152266697871248,0.0006657422656176,UP
Acc8_hippocampus_ST_A_Ex,8,hippocampus,ST_A_Ex,GSE280382,gene_name,Gm52709,GM52709,1.7572616495211442,0.0006839731734686,UP
Acc8_hippocampus_ST_A_Ex,8,hippocampus,ST_A_Ex,GSE280382,gene_name,Loc118567339,LOC118567339,1.5362782422879413,0.0007284250400224,UP
Acc8_hippocampus_ST_A_Ex,8,hippocampus,ST_A_Ex,GSE280382,gene_name,Gm40780,GM40780,2.087926230847244,0.0007470291649445,UP
Acc8_hippocampus_ST_A_Ex,8,hippocampus,ST_A_Ex,GSE280382,gene_name,Rps15a-ps6,RPS15A-PS6,-1.6465102473964326,0.0007583010651895,DOWN
Acc8_hippocampus_ST_A_Ex,8,hippocampus,ST_A_Ex,GSE280382,gene_name,Gm40167,GM40167,1.062440595875447,0.0007689889848413,UP
Acc8_hippocampus_ST_A_Ex,8,hippocampus,ST_A_Ex,GSE280382,gene_name,Loc118568324,LOC118568324,1.9721294081836405,0.0008215312727518,UP
Acc8_hippocampus_ST_A_Ex,8,hippocampus,ST_A_Ex,GSE280382,gene_name,Klk13,KLK13,1.1666014901809674,0.0008478361655876,UP
Acc8_hippocampus_ST_A_Ex,8,hippocampus,ST_A_Ex,GSE280382,gene_name,Gm31623,GM31623,1.48282845415174,0.0008519662452097,UP
Acc8_hippocampus_ST_A_Ex,8,hippocampus,ST_A_Ex,GSE280382,gene_name,Pet117,PET117,1.4201173982816904,0.0008608050631114,UP
Acc8_hippocampus_ST_A_Ex,8,hippocampus,ST_A_Ex,GSE280382,gene_name,4930473a02rik,4930473A02RIK,-1.9788348448129844,0.000909199333346,DOWN
Acc8_hippocampus_ST_A_Ex,8,hippocampus,ST_A_Ex,GSE280382,gene_name,Gm32807,GM32807,2.299960526054304,0.0009589346566242,UP
Acc8_hippocampus_ST_A_Ex,8,hippocampus,ST_A_Ex,GSE280382,gene_name,Gm34755,GM34755,1.573624830274427,0.0009686625058535,UP
Acc8_hippocampus_ST_A_Ex,8,hippocampus,ST_A_Ex,GSE280382,gene_name,A330015k06rik,A330015K06RIK,1.148787529389787,0.0010047988407974,UP
Acc8_hippocampus_ST_A_Ex,8,hippocampus,ST_A_Ex,GSE280382,gene_name,Gm52515,GM52515,3.183835267454344,0.0010260123374396,UP
Acc8_hippocampus_ST_A_Ex,8,hippocampus,ST_A_Ex,GSE280382,gene_name,Gm52710,GM52710,1.4256319162552131,0.0010626382644999,UP
Acc8_hippocampus_ST_A_Ex,8,hippocampus,ST_A_Ex,GSE280382,gene_name,Cartpt,CARTPT,1.00732835543217,0.0010890166926557,UP
Acc8_hippocampus_ST_A_Ex,8,hippocampus,ST_A_Ex,GSE280382,gene_name,Gm32896,GM32896,1.8732947570131775,0.0011114645727167,UP
Acc8_hippocampus_ST_A_Ex,8,hippocampus,ST_A_Ex,GSE280382,gene_name,Gm52822,GM52822,3.136941788663442,0.0011169933003322,UP
Acc8_hippocampus_ST_A_Ex,8,hippocampus,ST_A_Ex,GSE280382,gene_name,Gm39628,GM39628,2.3535483443207377,0.0011551606038801,UP
Acc8_hippocampus_ST_A_Ex,8,hippocampus,ST_A_Ex,GSE280382,gene_name,2210416o15rik,2210416O15RIK,1.147061138657177,0.0011640398180506,UP
Acc8_hippocampus_ST_A_Ex,8,hippocampus,ST_A_Ex,GSE280382,gene_name,Gm39272,GM39272,2.44231676492815,0.0012498383321066,UP
Acc8_hippocampus_ST_A_Ex,8,hippocampus,ST_A_Ex,GSE280382,gene_name,Loc118567855,LOC118567855,1.271941634081939,0.0012502667219764,UP
Acc8_hippocampus_ST_A_Ex,8,hippocampus,ST_A_Ex,GSE280382,gene_name,Hnrnpa1l2-ps2,HNRNPA1L2-PS2,-1.0816695718976042,0.001312978100692,DOWN
Acc8_hippocampus_ST_A_Ex,8,hippocampus,ST_A_Ex,GSE280382,gene_name,Gm46830,GM46830,-1.3198043973251372,0.0013190231319063,DOWN
Acc8_hippocampus_ST_A_Ex,8,hippocampus,ST_A_Ex,GSE280382,gene_name,Ccdc153,CCDC153,1.119624848027506,0.001395915063122,UP
Acc8_hippocampus_ST_A_Ex,8,hippocampus,ST_A_Ex,GSE280382,gene_name,Gm5451,GM5451,-1.7557422797205793,0.0014649677387963,DOWN
Acc8_hippocampus_ST_A_Ex,8,hippocampus,ST_A_Ex,GSE280382,gene_name,Loc118567856,LOC118567856,4.202783759159236,0.0014883098102565,UP
Acc8_hippocampus_ST_A_Ex,8,hippocampus,ST_A_Ex,GSE280382,gene_name,Loc118567665,LOC118567665,2.5436672531811158,0.0015004027563622,UP
Acc8_hippocampus_ST_A_Ex,8,hippocampus,ST_A_Ex,GSE280382,gene_name,Gm15682,GM15682,-1.0311182704920396,0.0016041093612071,DOWN
Acc8_hippocampus_ST_A_Ex,8,hippocampus,ST_A_Ex,GSE280382,gene_name,Dusp9,DUSP9,1.6971444495483603,0.0016328300552357,UP
Acc8_hippocampus_ST_A_Ex,8,hippocampus,ST_A_Ex,GSE280382,gene_name,Gm6158,GM6158,-1.839431989544013,0.0016638204221722,DOWN
Acc8_hippocampus_ST_A_Ex,8,hippocampus,ST_A_Ex,GSE280382,gene_name,Gm4750,GM4750,-2.305952469482446,0.0017530742728787,DOWN
Acc8_hippocampus_ST_A_Ex,8,hippocampus,ST_A_Ex,GSE280382,gene_name,Loc118567801,LOC118567801,1.1562078052460163,0.0017957866130481,UP
Acc8_hippocampus_ST_A_Ex,8,hippocampus,ST_A_Ex,GSE280382,gene_name,Rpph1,RPPH1,3.753819607945816,0.0018981324337715,UP
Acc8_hippocampus_ST_A_Ex,8,hippocampus,ST_A_Ex,GSE280382,gene_name,Gm41461,GM41461,1.9935706122740795,0.0019357592647092,UP
Acc8_hippocampus_ST_A_Ex,8,hippocampus,ST_A_Ex,GSE280382,gene_name,Gm5415,GM5415,-1.6186235911801456,0.0020074713662167,DOWN
Acc8_hippocampus_ST_A_Ex,8,hippocampus,ST_A_Ex,GSE280382,gene_name,Gm38972,GM38972,1.5776765048349684,0.0020226109853359,UP
Acc8_hippocampus_ST_A_Ex,8,hippocampus,ST_A_Ex,GSE280382,gene_name,Loc118567400,LOC118567400,1.205139517687981,0.0020371448759805,UP
Acc8_hippocampus_ST_A_Ex,8,hippocampus,ST_A_Ex,GSE280382,gene_name,Gm14681,GM14681,-1.044770710143334,0.0020516608870205,DOWN
Acc8_hippocampus_ST_A_Ex,8,hippocampus,ST_A_Ex,GSE280382,gene_name,Loc118568479,LOC118568479,3.677272592041644,0.0021642581128498,UP
Acc8_hippocampus_ST_A_Ex,8,hippocampus,ST_A_Ex,GSE280382,gene_name,Gm33361,GM33361,1.190493057082491,0.0021687898835575,UP
Acc8_hippocampus_ST_A_Ex,8,hippocampus,ST_A_Ex,GSE280382,gene_name,Loc115488525,LOC115488525,1.1045775144350771,0.0021779211320518,UP
Acc8_hippocampus_ST_A_Ex,8,hippocampus,ST_A_Ex,GSE280382,gene_name,Gm51446,GM51446,2.777115782322386,0.0022648881737395,UP
Acc8_hippocampus_ST_A_Ex,8,hippocampus,ST_A_Ex,GSE280382,gene_name,F12,F12,2.4182864352431723,0.002471127357116,UP
Acc8_hippocampus_ST_A_Ex,8,hippocampus,ST_A_Ex,GSE280382,gene_name,Spocd1,SPOCD1,1.1325483484624022,0.0025474764718363,UP
Acc8_hippocampus_ST_A_Ex,8,hippocampus,ST_A_Ex,GSE280382,gene_name,Nrap,NRAP,1.0972794512491302,0.0025474764718363,UP
Acc8_hippocampus_ST_A_Ex,8,hippocampus,ST_A_Ex,GSE280382,gene_name,Gm51531,GM51531,1.0100408219623886,0.0026384365016857,UP
Acc8_hippocampus_ST_A_Ex,8,hippocampus,ST_A_Ex,GSE280382,gene_name,Gm20056,GM20056,-1.1338150026511042,0.0026405330374144,DOWN
Acc8_hippocampus_ST_A_Ex,8,hippocampus,ST_A_Ex,GSE280382,gene_name,Col9a2,COL9A2,1.1434243246811355,0.0026970086815762,UP
Acc8_hippocampus_ST_A_Ex,8,hippocampus,ST_A_Ex,GSE280382,gene_name,6330415b21rik,6330415B21RIK,2.912299528193897,0.0027106239692401,UP
Acc8_hippocampus_ST_A_Ex,8,hippocampus,ST_A_Ex,GSE280382,gene_name,Gm52229,GM52229,-1.393877558522578,0.0027634863702465,DOWN
Acc8_hippocampus_ST_A_Ex,8,hippocampus,ST_A_Ex,GSE280382,gene_name,1700049j03rik,1700049J03RIK,2.3790196680736804,0.0027711395141514,UP
Acc8_hippocampus_ST_A_Ex,8,hippocampus,ST_A_Ex,GSE280382,gene_name,Loc118567589,LOC118567589,2.3908711666499403,0.0027781142495399,UP
Acc8_hippocampus_ST_A_Ex,8,hippocampus,ST_A_Ex,GSE280382,gene_name,Gm38882,GM38882,1.228164062264792,0.0027851193700565,UP
Acc8_hippocampus_ST_A_Ex,8,hippocampus,ST_A_Ex,GSE280382,gene_name,Lrp8os2,LRP8OS2,2.1755582094720163,0.0028385969343875,UP
Acc8_hippocampus_ST_A_Ex,8,hippocampus,ST_A_Ex,GSE280382,gene_name,Gm41498,GM41498,4.012174066742117,0.0028853545213619,UP
Acc8_hippocampus_ST_A_Ex,8,hippocampus,ST_A_Ex,GSE280382,gene_name,Gm13748,GM13748,3.0966504105257004,0.0029474470385734,UP
Acc8_hippocampus_ST_A_Ex,8,hippocampus,ST_A_Ex,GSE280382,gene_name,Loc118568169,LOC118568169,2.714756228131076,0.0029545773404713,UP
Acc8_hippocampus_ST_A_Ex,8,hippocampus,ST_A_Ex,GSE280382,gene_name,Loc118568167,LOC118568167,1.4632754670374435,0.0030349883333582,UP
Acc8_hippocampus_ST_A_Ex,8,hippocampus,ST_A_Ex,GSE280382,gene_name,Noxred1,NOXRED1,-1.3965388132864502,0.0031727453563613,DOWN
Acc8_hippocampus_ST_A_Ex,8,hippocampus,ST_A_Ex,GSE280382,gene_name,5830454e08rik,5830454E08RIK,1.114706262547193,0.0031934295514317,UP
Acc8_hippocampus_ST_A_Ex,8,hippocampus,ST_A_Ex,GSE280382,gene_name,Gm12070,GM12070,-1.3508329764246174,0.0035899296764612,DOWN
Acc8_hippocampus_ST_A_Ex,8,hippocampus,ST_A_Ex,GSE280382,gene_name,Gm41113,GM41113,1.4144493173215915,0.0037025656192767,UP
Acc8_hippocampus_ST_A_Ex,8,hippocampus,ST_A_Ex,GSE280382,gene_name,Eif3j2,EIF3J2,-1.0187659507194755,0.0038256774483577,DOWN
Acc8_hippocampus_ST_A_Ex,8,hippocampus,ST_A_Ex,GSE280382,gene_name,Gm46294,GM46294,1.7414594272083963,0.0038791999554085,UP
Acc8_hippocampus_ST_A_Ex,8,hippocampus,ST_A_Ex,GSE280382,gene_name,Gm33763,GM33763,2.176071645068674,0.004040716385255,UP
Acc8_hippocampus_ST_A_Ex,8,hippocampus,ST_A_Ex,GSE280382,gene_name,Gm41176,GM41176,2.350881108179486,0.0042496672524097,UP
Acc8_hippocampus_ST_A_Ex,8,hippocampus,ST_A_Ex,GSE280382,gene_name,Gm52128,GM52128,1.2319237086858188,0.0043848674132507,UP
Acc8_hippocampus_ST_A_Ex,8,hippocampus,ST_A_Ex,GSE280382,gene_name,Gm35574,GM35574,1.5455491776702996,0.0047422410244273,UP
Acc8_hippocampus_ST_A_Ex,8,hippocampus,ST_A_Ex,GSE280382,gene_name,Gm14377,GM14377,1.5046622627530508,0.0048882270938131,UP
Acc8_hippocampus_ST_A_Ex,8,hippocampus,ST_A_Ex,GSE280382,gene_name,Loc118568168,LOC118568168,1.3836177642084106,0.0050806862216136,UP
Acc8_hippocampus_ST_A_Ex,8,hippocampus,ST_A_Ex,GSE280382,gene_name,Gm41350,GM41350,1.0696068531331355,0.005187277053622,UP
Acc8_hippocampus_ST_A_Ex,8,hippocampus,ST_A_Ex,GSE280382,gene_name,Fgf23,FGF23,1.0919260223515987,0.005205373320525,UP
Acc8_hippocampus_ST_A_Ex,8,hippocampus,ST_A_Ex,GSE280382,gene_name,Gm30067,GM30067,1.875366133485579,0.0052149187248385,UP
Acc8_hippocampus_ST_A_Ex,8,hippocampus,ST_A_Ex,GSE280382,gene_name,Gm14393,GM14393,1.1596800393298554,0.0052172477714539,UP
Acc8_hippocampus_ST_A_Ex,8,hippocampus,ST_A_Ex,GSE280382,gene_name,4931422a03rik,4931422A03RIK,1.5559320946594142,0.0052646828431907,UP
Acc8_hippocampus_ST_A_Ex,8,hippocampus,ST_A_Ex,GSE280382,gene_name,Ankrd61,ANKRD61,1.0044258038600509,0.0054378761175043,UP
Acc8_hippocampus_ST_A_Ex,8,hippocampus,ST_A_Ex,GSE280382,gene_name,Gm46206,GM46206,-3.2541985665465427,0.0054737306265988,DOWN
Acc8_hippocampus_ST_A_Ex,8,hippocampus,ST_A_Ex,GSE280382,gene_name,Gm34608,GM34608,4.970976156604671,0.0054864643959734,UP
Acc8_hippocampus_ST_A_Ex,8,hippocampus,ST_A_Ex,GSE280382,gene_name,B230110g15rik,B230110G15RIK,1.088922335182002,0.0055197503252081,UP
Acc8_hippocampus_ST_A_Ex,8,hippocampus,ST_A_Ex,GSE280382,gene_name,Gm39952,GM39952,1.8507635951603432,0.0055951369687112,UP
Acc8_hippocampus_ST_A_Ex,8,hippocampus,ST_A_Ex,GSE280382,gene_name,Gm46171,GM46171,1.892648168581612,0.0056439495048719,UP
Acc8_hippocampus_ST_A_Ex,8,hippocampus,ST_A_Ex,GSE280382,gene_name,Loc118567819,LOC118567819,1.532132281881562,0.0057005442912174,UP
Acc8_hippocampus_ST_A_Ex,8,hippocampus,ST_A_Ex,GSE280382,gene_name,Loc118567614,LOC118567614,2.2917697450608623,0.0058364799330297,UP
Acc8_hippocampus_ST_A_Ex,8,hippocampus,ST_A_Ex,GSE280382,gene_name,Gm26808,GM26808,2.267590951209894,0.0059145670080884,UP
Acc8_hippocampus_ST_A_Ex,8,hippocampus,ST_A_Ex,GSE280382,gene_name,Gm51666,GM51666,-1.1020541805854702,0.0059987879306421,DOWN
Acc8_hippocampus_ST_A_Ex,8,hippocampus,ST_A_Ex,GSE280382,gene_name,Ada,ADA,1.4070875831879366,0.0061968763244466,UP
Acc8_hippocampus_ST_A_Ex,8,hippocampus,ST_A_Ex,GSE280382,gene_name,Gm51963,GM51963,-1.5619410194990155,0.0062540724598829,DOWN
Acc8_hippocampus_ST_A_Ex,8,hippocampus,ST_A_Ex,GSE280382,gene_name,Gm42338,GM42338,1.7546276155402354,0.0062883901635576,UP
Acc8_hippocampus_ST_A_Ex,8,hippocampus,ST_A_Ex,GSE280382,gene_name,Gm35956,GM35956,1.1560823984669892,0.0063117613253693,UP
Acc8_hippocampus_ST_A_Ex,8,hippocampus,ST_A_Ex,GSE280382,gene_name,Gm11655,GM11655,1.6236732719806046,0.0063514987554958,UP
Acc8_hippocampus_ST_A_Ex,8,hippocampus,ST_A_Ex,GSE280382,gene_name,Chrna1os,CHRNA1OS,1.5033432257287325,0.0063710581227977,UP
Acc8_hippocampus_ST_A_Ex,8,hippocampus,ST_A_Ex,GSE280382,gene_name,S100a4,S100A4,1.059584840759805,0.0063787980922681,UP
Acc8_hippocampus_ST_A_Ex,8,hippocampus,ST_A_Ex,GSE280382,gene_name,Gm52120,GM52120,2.3169606989222347,0.0064960191404928,UP
Acc8_hippocampus_ST_A_Ex,8,hippocampus,ST_A_Ex,GSE280382,gene_name,Ccdc150,CCDC150,1.3865033326735885,0.0065618993040067,UP
Acc8_hippocampus_ST_A_Ex,8,hippocampus,ST_A_Ex,GSE280382,gene_name,Gm6485,GM6485,-1.513728249836055,0.0068126541713781,DOWN
Acc8_hippocampus_ST_A_Ex,8,hippocampus,ST_A_Ex,GSE280382,gene_name,Gm31291,GM31291,1.4493385447698122,0.0068126541713781,UP
Acc8_hippocampus_ST_A_Ex,8,hippocampus,ST_A_Ex,GSE280382,gene_name,Taco1os,TACO1OS,1.390864668576548,0.0068534768123016,UP
Acc8_hippocampus_ST_A_Ex,8,hippocampus,ST_A_Ex,GSE280382,gene_name,Loc118568351,LOC118568351,2.873701715281702,0.0068585248532755,UP
Acc8_hippocampus_ST_A_Ex,8,hippocampus,ST_A_Ex,GSE280382,gene_name,Gm51544,GM51544,1.085429287466668,0.0068911534826042,UP
Acc8_hippocampus_ST_A_Ex,8,hippocampus,ST_A_Ex,GSE280382,gene_name,Lnpep,LNPEP,1.4679911294025882,0.0069565061506073,UP
Acc8_hippocampus_ST_A_Ex,8,hippocampus,ST_A_Ex,GSE280382,gene_name,Bc016579,BC016579,-1.314117783735684,0.0069944873149384,DOWN
Acc8_hippocampus_ST_A_Ex,8,hippocampus,ST_A_Ex,GSE280382,gene_name,Gm32385,GM32385,2.7803682736098194,0.0070690645273937,UP
Acc8_hippocampus_ST_A_Ex,8,hippocampus,ST_A_Ex,GSE280382,gene_name,Gm51929,GM51929,1.91835043790781,0.007118007158406,UP
Acc8_hippocampus_ST_A_Ex,8,hippocampus,ST_A_Ex,GSE280382,gene_name,Peg12,PEG12,2.088428952839844,0.0072102740914009,UP
Acc8_hippocampus_ST_A_Ex,8,hippocampus,ST_A_Ex,GSE280382,gene_name,Eaf2,EAF2,1.0919729855755278,0.0072807388719691,UP
Acc8_hippocampus_ST_A_Ex,8,hippocampus,ST_A_Ex,GSE280382,gene_name,Gm26911,GM26911,1.1688439402197912,0.0073295733900027,UP
Acc8_hippocampus_ST_A_Ex,8,hippocampus,ST_A_Ex,GSE280382,gene_name,Gm38485,GM38485,1.750120601625203,0.0073622331610645,UP
Acc8_hippocampus_ST_A_Ex,8,hippocampus,ST_A_Ex,GSE280382,gene_name,Gm51744,GM51744,1.0685096283860456,0.0075557357616193,UP
Acc8_hippocampus_ST_A_Ex,8,hippocampus,ST_A_Ex,GSE280382,gene_name,Gm6579,GM6579,-1.4131182873105974,0.0077215527306368,DOWN
Acc8_hippocampus_ST_A_Ex,8,hippocampus,ST_A_Ex,GSE280382,gene_name,Gm39450,GM39450,1.6618109789316038,0.0077423079259831,UP
Acc8_hippocampus_ST_A_Ex,8,hippocampus,ST_A_Ex,GSE280382,gene_name,Loc118567812,LOC118567812,5.825460317525673,0.0077576707041417,UP
Acc8_hippocampus_ST_A_Ex,8,hippocampus,ST_A_Ex,GSE280382,gene_name,Gm38563,GM38563,1.65660849430306,0.0077773812231194,UP
Acc8_hippocampus_ST_A_Ex,8,hippocampus,ST_A_Ex,GSE280382,gene_name,Gm33449,GM33449,1.2000222905377462,0.007824890380884,UP
Acc8_hippocampus_ST_A_Ex,8,hippocampus,ST_A_Ex,GSE280382,gene_name,Gm30181,GM30181,-1.413537619883111,0.0079050361270024,DOWN
Acc8_hippocampus_ST_A_Ex,8,hippocampus,ST_A_Ex,GSE280382,gene_name,Gm31127,GM31127,1.3272726858111443,0.0079219899012776,UP
Acc8_hippocampus_ST_A_Ex,8,hippocampus,ST_A_Ex,GSE280382,gene_name,Loc118568152,LOC118568152,-1.6190447445424885,0.0080576139131422,DOWN
Acc8_hippocampus_ST_A_Ex,8,hippocampus,ST_A_Ex,GSE280382,gene_name,Gm51877,GM51877,1.1538290990106672,0.0080842346192905,UP
Acc8_hippocampus_ST_A_Ex,8,hippocampus,ST_A_Ex,GSE280382,gene_name,Gm44026,GM44026,1.1568259988652587,0.0081087006546647,UP
Acc8_hippocampus_ST_A_Ex,8,hippocampus,ST_A_Ex,GSE280382,gene_name,Gm36634,GM36634,2.5994927429148085,0.0081113959530101,UP
Acc8_hippocampus_ST_A_Ex,8,hippocampus,ST_A_Ex,GSE280382,gene_name,Gm52235,GM52235,2.891870144482348,0.0081772083888691,UP
Acc8_hippocampus_ST_A_Ex,8,hippocampus,ST_A_Ex,GSE280382,gene_name,Gm29667,GM29667,1.7877652452277166,0.0081892750319377,UP
Acc8_hippocampus_ST_A_Ex,8,hippocampus,ST_A_Ex,GSE280382,gene_name,Gm9199,GM9199,-1.280529678094816,0.0083306995162935,DOWN
Acc8_hippocampus_ST_A_Ex,8,hippocampus,ST_A_Ex,GSE280382,gene_name,Abhd11os,ABHD11OS,1.6416313965724378,0.0084427889298345,UP
Acc8_hippocampus_ST_A_Ex,8,hippocampus,ST_A_Ex,GSE280382,gene_name,Loc118567328,LOC118567328,1.4297092657119914,0.008464952354109,UP
Acc8_hippocampus_ST_A_Ex,8,hippocampus,ST_A_Ex,GSE280382,gene_name,Gm51670,GM51670,1.3734376602824458,0.0086398835481231,UP
Acc8_hippocampus_ST_A_Ex,8,hippocampus,ST_A_Ex,GSE280382,gene_name,2210418o10rik,2210418O10RIK,-1.6087555984481503,0.0087408586882787,DOWN
Acc8_hippocampus_ST_A_Ex,8,hippocampus,ST_A_Ex,GSE280382,gene_name,Aknad1,AKNAD1,2.620636261244341,0.0089268587535037,UP
Acc8_hippocampus_ST_A_Ex,8,hippocampus,ST_A_Ex,GSE280382,gene_name,Gm52528,GM52528,-1.3471362358526402,0.0089564057022378,DOWN
Acc8_hippocampus_ST_A_Ex,8,hippocampus,ST_A_Ex,GSE280382,gene_name,Gm51905,GM51905,1.094644168332598,0.0090344822380935,UP
Acc8_hippocampus_ST_A_Ex,8,hippocampus,ST_A_Ex,GSE280382,gene_name,Adamts13,ADAMTS13,1.3100064407000758,0.0090810258720514,UP
Acc8_hippocampus_ST_A_Ex,8,hippocampus,ST_A_Ex,GSE280382,gene_name,Gm14296,GM14296,-1.3727857335351752,0.0092915452823265,DOWN
Acc8_hippocampus_ST_A_Ex,8,hippocampus,ST_A_Ex,GSE280382,gene_name,Gm41610,GM41610,4.081086649876357,0.0095030425834014,UP
Acc8_hippocampus_ST_A_Ex,8,hippocampus,ST_A_Ex,GSE280382,gene_name,Gm32124,GM32124,1.4820036199865558,0.0095228184796553,UP
Acc8_hippocampus_ST_A_Ex,8,hippocampus,ST_A_Ex,GSE280382,gene_name,Gm51568,GM51568,2.020914213972552,0.0096136266116787,UP
Acc8_hippocampus_ST_A_Ex,8,hippocampus,ST_A_Ex,GSE280382,gene_name,Gm51999,GM51999,2.4297375195564435,0.0096587366216299,UP
Acc8_hippocampus_ST_A_Ex,8,hippocampus,ST_A_Ex,GSE280382,gene_name,Gm46287,GM46287,1.2996794194648775,0.0097304967129847,UP
Acc8_hippocampus_ST_A_Ex,8,hippocampus,ST_A_Ex,GSE280382,gene_name,Gm32960,GM32960,1.298589257724918,0.0098590631457271,UP
Acc8_hippocampus_ST_A_Ex,8,hippocampus,ST_A_Ex,GSE280382,gene_name,Gm51558,GM51558,1.5919667088163911,0.009979781696253,UP
Acc8_hippocampus_ST_A_Ex,8,hippocampus,ST_A_Ex,GSE280382,gene_name,4933426b08rik,4933426B08RIK,1.3399139844930172,0.010014626556852,UP
Acc8_hippocampus_ST_A_Ex,8,hippocampus,ST_A_Ex,GSE280382,gene_name,Loc118567825,LOC118567825,2.1230225016543955,0.0100938686999035,UP
Acc8_hippocampus_ST_A_Ex,8,hippocampus,ST_A_Ex,GSE280382,gene_name,Gm31613,GM31613,1.7601235573802831,0.0101210650878483,UP
Acc8_hippocampus_ST_A_Ex,8,hippocampus,ST_A_Ex,GSE280382,gene_name,9130002k18rik,9130002K18RIK,-1.112182238262018,0.0101240536482802,DOWN
Acc8_hippocampus_ST_A_Ex,8,hippocampus,ST_A_Ex,GSE280382,gene_name,Loc118568394,LOC118568394,2.2148569111979133,0.0101687731367594,UP
Acc8_hippocampus_ST_A_Ex,8,hippocampus,ST_A_Ex,GSE280382,gene_name,Catspere1,CATSPERE1,1.6499089072003243,0.0104295230145076,UP
Acc8_hippocampus_ST_A_Ex,8,hippocampus,ST_A_Ex,GSE280382,gene_name,Gm46810,GM46810,1.865520772560393,0.010523187629031,UP
Acc8_hippocampus_ST_A_Ex,8,hippocampus,ST_A_Ex,GSE280382,gene_name,Gm36715,GM36715,1.5635402442045934,0.0107094003983893,UP
Acc8_hippocampus_ST_A_Ex,8,hippocampus,ST_A_Ex,GSE280382,gene_name,Loc118568756,LOC118568756,1.4850709197020648,0.0107322926268569,UP
Acc8_hippocampus_ST_A_Ex,8,hippocampus,ST_A_Ex,GSE280382,gene_name,Pla2g2c,PLA2G2C,3.324829000657557,0.0108445654129051,UP
Acc8_hippocampus_ST_A_Ex,8,hippocampus,ST_A_Ex,GSE280382,gene_name,Gm35997,GM35997,3.892217976820685,0.0111436932089166,UP
Acc8_hippocampus_ST_A_Ex,8,hippocampus,ST_A_Ex,GSE280382,gene_name,Gm34865,GM34865,-1.816776377011175,0.0112600813008064,DOWN
Acc8_hippocampus_ST_A_Ex,8,hippocampus,ST_A_Ex,GSE280382,gene_name,Gm34232,GM34232,1.3037925206758538,0.011381916030739,UP
Acc8_hippocampus_ST_A_Ex,8,hippocampus,ST_A_Ex,GSE280382,gene_name,Gm41096,GM41096,1.035672735592008,0.0114372320948997,UP
Acc8_hippocampus_ST_A_Ex,8,hippocampus,ST_A_Ex,GSE280382,gene_name,1810044d09rik,1810044D09RIK,1.2462454412068884,0.0115513130768034,UP
Acc8_hippocampus_ST_A_Ex,8,hippocampus,ST_A_Ex,GSE280382,gene_name,Gm7429,GM7429,-1.0049325659535726,0.011707290193628,DOWN
Acc8_hippocampus_ST_A_Ex,8,hippocampus,ST_A_Ex,GSE280382,gene_name,C330018a13rik,C330018A13RIK,1.211025816063183,0.0117240880014784,UP
Acc8_hippocampus_ST_A_Ex,8,hippocampus,ST_A_Ex,GSE280382,gene_name,Gm27242,GM27242,1.6913067787632112,0.0117437857236957,UP
Acc8_hippocampus_ST_A_Ex,8,hippocampus,ST_A_Ex,GSE280382,gene_name,Gm33413,GM33413,4.827985437796611,0.0118435620625823,UP
Acc8_hippocampus_ST_A_Ex,8,hippocampus,ST_A_Ex,GSE280382,gene_name,Loc118568019,LOC118568019,2.981821002581769,0.011907417590544,UP
Acc8_hippocampus_ST_A_Ex,8,hippocampus,ST_A_Ex,GSE280382,gene_name,Gm7334,GM7334,-1.121256864877652,0.0119971341861878,DOWN
Acc8_hippocampus_ST_A_Ex,8,hippocampus,ST_A_Ex,GSE280382,gene_name,Gm4926,GM4926,1.2762270135326166,0.01208996261537,UP
Acc8_hippocampus_ST_A_Ex,8,hippocampus,ST_A_Ex,GSE280382,gene_name,Gm32497,GM32497,2.130917111156048,0.0122492067820349,UP
Acc8_hippocampus_ST_A_Ex,8,hippocampus,ST_A_Ex,GSE280382,gene_name,Tmem52,TMEM52,1.0037594411207746,0.0123115363981618,UP
Acc8_hippocampus_ST_A_Ex,8,hippocampus,ST_A_Ex,GSE280382,gene_name,Gm41920,GM41920,1.566865520422708,0.0124129336801582,UP
Acc8_hippocampus_ST_A_Ex,8,hippocampus,ST_A_Ex,GSE280382,gene_name,Spata9,SPATA9,-1.065696808150713,0.0124752709152631,DOWN
Acc8_hippocampus_ST_A_Ex,8,hippocampus,ST_A_Ex,GSE280382,gene_name,Gm10209,GM10209,1.41551332202234,0.012601892651478,UP
Acc8_hippocampus_ST_A_Ex,8,hippocampus,ST_A_Ex,GSE280382,gene_name,Rpl32l,RPL32L,-1.3918850936006093,0.0126041493640768,DOWN
Acc8_hippocampus_ST_A_Ex,8,hippocampus,ST_A_Ex,GSE280382,gene_name,Gm6109,GM6109,-1.1525703413932151,0.012704641976963,DOWN
Acc8_hippocampus_ST_A_Ex,8,hippocampus,ST_A_Ex,GSE280382,gene_name,Loc118567418,LOC118567418,1.6623942084894257,0.012849512602223,UP
Acc8_hippocampus_ST_A_Ex,8,hippocampus,ST_A_Ex,GSE280382,gene_name,Gm51886,GM51886,4.89486924650294,0.0129502025429192,UP
Acc8_hippocampus_ST_A_Ex,8,hippocampus,ST_A_Ex,GSE280382,gene_name,Macrod2os1,MACROD2OS1,3.128426060755869,0.0129615040466867,UP
Acc8_hippocampus_ST_A_Ex,8,hippocampus,ST_A_Ex,GSE280382,gene_name,Gm51770,GM51770,1.8611756730644748,0.0129627936952814,UP
Acc8_hippocampus_ST_A_Ex,8,hippocampus,ST_A_Ex,GSE280382,gene_name,Zbed6,ZBED6,1.2835396705764304,0.0130522512767413,UP
Acc8_hippocampus_ST_A_Ex,8,hippocampus,ST_A_Ex,GSE280382,gene_name,Loc118567447,LOC118567447,1.076847487638784,0.0131143622402636,UP
Acc8_hippocampus_ST_A_Ex,8,hippocampus,ST_A_Ex,GSE280382,gene_name,Gm51897,GM51897,2.1108290210587697,0.0131607950280991,UP
Acc8_hippocampus_ST_A_Ex,8,hippocampus,ST_A_Ex,GSE280382,gene_name,Loc118568384,LOC118568384,1.2842895461890516,0.013227984371467,UP
Acc8_hippocampus_ST_A_Ex,8,hippocampus,ST_A_Ex,GSE280382,gene_name,Loc118567935,LOC118567935,2.480359719865794,0.0133024061100521,UP
Acc8_hippocampus_ST_A_Ex,8,hippocampus,ST_A_Ex,GSE280382,gene_name,Gm33727,GM33727,1.8474557801514029,0.0134859247023492,UP
Acc8_hippocampus_ST_A_Ex,8,hippocampus,ST_A_Ex,GSE280382,gene_name,A630019i02rik,A630019I02RIK,2.419820733115427,0.0136143353746367,UP
Acc8_hippocampus_ST_A_Ex,8,hippocampus,ST_A_Ex,GSE280382,gene_name,Gm40231,GM40231,1.6471451893424371,0.0136544664221017,UP
Acc8_hippocampus_ST_A_Ex,8,hippocampus,ST_A_Ex,GSE280382,gene_name,Prn,PRN,-1.1919883607636326,0.0138963362780357,DOWN
Acc8_hippocampus_ST_A_Ex,8,hippocampus,ST_A_Ex,GSE280382,gene_name,Gm52506,GM52506,1.154689597699884,0.0139456066754045,UP
Acc8_hippocampus_ST_A_Ex,8,hippocampus,ST_A_Ex,GSE280382,gene_name,4931408d14rik,4931408D14RIK,1.433157993585371,0.0139668035507671,UP
Acc8_hippocampus_ST_A_Ex,8,hippocampus,ST_A_Ex,GSE280382,gene_name,Oprm1,OPRM1,1.8664027367646945,0.0139675581940658,UP
Acc8_hippocampus_ST_A_Ex,8,hippocampus,ST_A_Ex,GSE280382,gene_name,Tmem212,TMEM212,1.0519846060367075,0.0143751086987812,UP
Acc8_hippocampus_ST_A_Ex,8,hippocampus,ST_A_Ex,GSE280382,gene_name,Gm38514,GM38514,3.268324448413356,0.0144766737942962,UP
Acc8_hippocampus_ST_A_Ex,8,hippocampus,ST_A_Ex,GSE280382,gene_name,Gm46899,GM46899,1.573700355559416,0.0145627040004517,UP
Acc8_hippocampus_ST_A_Ex,8,hippocampus,ST_A_Ex,GSE280382,gene_name,4930404h24rik,4930404H24RIK,1.3407009433721535,0.0147598408437275,UP
Acc8_hippocampus_ST_A_Ex,8,hippocampus,ST_A_Ex,GSE280382,gene_name,Vsig8,VSIG8,1.2391981126729397,0.0149196412791708,UP
Acc8_hippocampus_ST_A_Ex,8,hippocampus,ST_A_Ex,GSE280382,gene_name,Gm26520,GM26520,2.427581295132931,0.015019460409669,UP
Acc8_hippocampus_ST_A_Ex,8,hippocampus,ST_A_Ex,GSE280382,gene_name,Gm52131,GM52131,1.7355065918911785,0.0151149698479552,UP
Acc8_hippocampus_ST_A_Ex,8,hippocampus,ST_A_Ex,GSE280382,gene_name,Loc118567782,LOC118567782,1.6732934340432617,0.0152025492004047,UP
Acc8_hippocampus_ST_A_Ex,8,hippocampus,ST_A_Ex,GSE280382,gene_name,3300002a11rik,3300002A11RIK,2.64516175614298,0.0153885746831387,UP
Acc8_hippocampus_ST_A_Ex,8,hippocampus,ST_A_Ex,GSE280382,gene_name,C030034l19rik,C030034L19RIK,1.3210631951769054,0.015468902861504,UP
Acc8_hippocampus_ST_A_Ex,8,hippocampus,ST_A_Ex,GSE280382,gene_name,Gm41414,GM41414,1.3105684536376894,0.0158597468043089,UP
Acc8_hippocampus_ST_A_Ex,8,hippocampus,ST_A_Ex,GSE280382,gene_name,Gm6568,GM6568,-1.587923539796111,0.0158812377816254,DOWN
Acc8_hippocampus_ST_A_Ex,8,hippocampus,ST_A_Ex,GSE280382,gene_name,4930579k19rik,4930579K19RIK,1.0302300450932602,0.0159087711733817,UP
Acc8_hippocampus_ST_A_Ex,8,hippocampus,ST_A_Ex,GSE280382,gene_name,Gm6306,GM6306,1.0036324338986713,0.0159731881648904,UP
Acc8_hippocampus_ST_A_Ex,8,hippocampus,ST_A_Ex,GSE280382,gene_name,Gm31595,GM31595,1.316382215785216,0.0160567699754298,UP
Acc8_hippocampus_ST_A_Ex,8,hippocampus,ST_A_Ex,GSE280382,gene_name,Gm51891,GM51891,1.4410164210483605,0.0161226005655491,UP
Acc8_hippocampus_ST_A_Ex,8,hippocampus,ST_A_Ex,GSE280382,gene_name,Gm46412,GM46412,2.347912957999822,0.0162895249402124,UP
Acc8_hippocampus_ST_A_Ex,8,hippocampus,ST_A_Ex,GSE280382,gene_name,Gm30149,GM30149,2.4149915283870755,0.0164236475440605,UP
Acc8_hippocampus_ST_A_Ex,8,hippocampus,ST_A_Ex,GSE280382,gene_name,Loc118568194,LOC118568194,3.3559427865983427,0.0168060103209465,UP
Acc8_hippocampus_ST_A_Ex,8,hippocampus,ST_A_Ex,GSE280382,gene_name,Fos,FOS,-1.383499891151606,0.0168797289682354,DOWN
Acc8_hippocampus_ST_A_Ex,8,hippocampus,ST_A_Ex,GSE280382,gene_name,Kcnv2,KCNV2,2.383891236294779,0.017050679890433,UP
Acc8_hippocampus_ST_A_Ex,8,hippocampus,ST_A_Ex,GSE280382,gene_name,Loc118567854,LOC118567854,2.479894816545959,0.017152115289307,UP
Acc8_hippocampus_ST_A_Ex,8,hippocampus,ST_A_Ex,GSE280382,gene_name,Gm34081,GM34081,1.1249746917374444,0.0171684344449154,UP
Acc8_hippocampus_ST_A_Ex,8,hippocampus,ST_A_Ex,GSE280382,gene_name,Styxl1,STYXL1,1.272655049723783,0.0174725416330917,UP
Acc8_hippocampus_ST_A_Ex,8,hippocampus,ST_A_Ex,GSE280382,gene_name,Fcnaos,FCNAOS,1.2649873623484358,0.0175934987825544,UP
Acc8_hippocampus_ST_A_Ex,8,hippocampus,ST_A_Ex,GSE280382,gene_name,Ifit1,IFIT1,-1.0390419502826556,0.0177718856551135,DOWN
Acc8_hippocampus_ST_A_Ex,8,hippocampus,ST_A_Ex,GSE280382,gene_name,Gm46928,GM46928,1.921426344168579,0.018121654343663,UP
Acc8_hippocampus_ST_A_Ex,8,hippocampus,ST_A_Ex,GSE280382,gene_name,Gm30015,GM30015,5.193754902949749,0.0181618213010302,UP
Acc8_hippocampus_ST_A_Ex,8,hippocampus,ST_A_Ex,GSE280382,gene_name,Gm19835,GM19835,1.0327937450810971,0.0181749905053642,UP
Acc8_hippocampus_ST_A_Ex,8,hippocampus,ST_A_Ex,GSE280382,gene_name,Zfp286os,ZFP286OS,2.381846203729851,0.0181877171275194,UP
Acc8_hippocampus_ST_A_Ex,8,hippocampus,ST_A_Ex,GSE280382,gene_name,Loc118567598,LOC118567598,2.108573413258044,0.0181877171275194,UP
Acc8_hippocampus_ST_A_Ex,8,hippocampus,ST_A_Ex,GSE280382,gene_name,Gm36459,GM36459,1.688764830204821,0.0181877171275194,UP
Acc8_hippocampus_ST_A_Ex,8,hippocampus,ST_A_Ex,GSE280382,gene_name,Gm52629,GM52629,1.128783891305948,0.0183446500114058,UP
Acc8_hippocampus_ST_A_Ex,8,hippocampus,ST_A_Ex,GSE280382,gene_name,Gm52504,GM52504,1.9616236020162316,0.0183721267791367,UP
Acc8_hippocampus_ST_A_Ex,8,hippocampus,ST_A_Ex,GSE280382,gene_name,Gm32768,GM32768,1.0398183409853812,0.0184474209286006,UP
Acc8_hippocampus_ST_A_Ex,8,hippocampus,ST_A_Ex,GSE280382,gene_name,Gm31550,GM31550,-1.0371678370137871,0.0185886727026729,DOWN
Acc8_hippocampus_ST_A_Ex,8,hippocampus,ST_A_Ex,GSE280382,gene_name,Gm38678,GM38678,1.830601282799185,0.0187388309138416,UP
Acc8_hippocampus_ST_A_Ex,8,hippocampus,ST_A_Ex,GSE280382,gene_name,Gm30735,GM30735,3.4947165681093466,0.0189827065462247,UP
Acc8_hippocampus_ST_A_Ex,8,hippocampus,ST_A_Ex,GSE280382,gene_name,Gm51476,GM51476,3.826597010233978,0.0190319235775201,UP
Acc8_hippocampus_ST_A_Ex,8,hippocampus,ST_A_Ex,GSE280382,gene_name,Gm51554,GM51554,1.5955729711286122,0.0191154108248882,UP
Acc8_hippocampus_ST_A_Ex,8,hippocampus,ST_A_Ex,GSE280382,gene_name,Gm34057,GM34057,1.0253243745536484,0.0191679127141547,UP
Acc8_hippocampus_ST_A_Ex,8,hippocampus,ST_A_Ex,GSE280382,gene_name,Gm31725,GM31725,1.5628837526842294,0.0191783480032666,UP
Acc8_hippocampus_ST_A_Ex,8,hippocampus,ST_A_Ex,GSE280382,gene_name,1700024g13rik,1700024G13RIK,2.000880364949134,0.0192863132591612,UP
Acc8_hippocampus_ST_A_Ex,8,hippocampus,ST_A_Ex,GSE280382,gene_name,Supt4b,SUPT4B,-1.7914827853271795,0.0194155499788965,DOWN
Acc8_hippocampus_ST_A_Ex,8,hippocampus,ST_A_Ex,GSE280382,gene_name,Gm51419,GM51419,1.07528193030685,0.0194701207741951,UP
Acc8_hippocampus_ST_A_Ex,8,hippocampus,ST_A_Ex,GSE280382,gene_name,Apoa1,APOA1,1.7469351118007617,0.019486603686437,UP
Acc8_hippocampus_ST_A_Ex,8,hippocampus,ST_A_Ex,GSE280382,gene_name,Gm52866,GM52866,1.8393180732185384,0.0197917978534237,UP
Acc8_hippocampus_ST_A_Ex,8,hippocampus,ST_A_Ex,GSE280382,gene_name,Cd99,CD99,-1.062673684055474,0.0199677571399893,DOWN
Acc8_hippocampus_ST_A_Ex,8,hippocampus,ST_A_Ex,GSE280382,gene_name,Pif1,PIF1,1.8747150003113728,0.0200155380624571,UP
Acc8_hippocampus_ST_A_Ex,8,hippocampus,ST_A_Ex,GSE280382,gene_name,Gm36587,GM36587,1.828654953278256,0.0201589315206254,UP
Acc8_hippocampus_ST_A_Ex,8,hippocampus,ST_A_Ex,GSE280382,gene_name,Gm52294,GM52294,1.0555061603910527,0.0201713647037999,UP
Acc8_hippocampus_ST_A_Ex,8,hippocampus,ST_A_Ex,GSE280382,gene_name,Loc118567467,LOC118567467,1.251244665893773,0.0203184283459474,UP
Acc8_hippocampus_ST_A_Ex,8,hippocampus,ST_A_Ex,GSE280382,gene_name,Gm41590,GM41590,1.013996091185301,0.0203256006063145,UP
Acc8_hippocampus_ST_A_Ex,8,hippocampus,ST_A_Ex,GSE280382,gene_name,Loc118568596,LOC118568596,1.147207700839307,0.0204750749247528,UP
Acc8_hippocampus_ST_A_Ex,8,hippocampus,ST_A_Ex,GSE280382,gene_name,Loc118568563,LOC118568563,-1.1149370984012097,0.0204857458709607,DOWN
Acc8_hippocampus_ST_A_Ex,8,hippocampus,ST_A_Ex,GSE280382,gene_name,Epcam,EPCAM,1.2151588406210954,0.0205820389282283,UP
Acc8_hippocampus_ST_A_Ex,8,hippocampus,ST_A_Ex,GSE280382,gene_name,Loc115486415,LOC115486415,-1.0605061481078668,0.0206123162384011,DOWN
Acc8_hippocampus_ST_A_Ex,8,hippocampus,ST_A_Ex,GSE280382,gene_name,Gm41901,GM41901,1.178946343089042,0.0209662378537894,UP
Acc8_hippocampus_ST_A_Ex,8,hippocampus,ST_A_Ex,GSE280382,gene_name,C130026i21rik,C130026I21RIK,3.129994657180506,0.0211530763647105,UP
Acc8_hippocampus_ST_A_Ex,8,hippocampus,ST_A_Ex,GSE280382,gene_name,Gm29901,GM29901,1.5367827350989007,0.0211740109029703,UP
Acc8_hippocampus_ST_A_Ex,8,hippocampus,ST_A_Ex,GSE280382,gene_name,2310040g24rik,2310040G24RIK,1.1449456365532973,0.021384181686623,UP
Acc8_hippocampus_ST_A_Ex,8,hippocampus,ST_A_Ex,GSE280382,gene_name,Ifi44,IFI44,-1.171117607520595,0.0215280614587622,DOWN
Acc8_hippocampus_ST_A_Ex,8,hippocampus,ST_A_Ex,GSE280382,gene_name,Gm39173,GM39173,1.53070815720835,0.0223356327012647,UP
Acc8_hippocampus_ST_A_Ex,8,hippocampus,ST_A_Ex,GSE280382,gene_name,E2f7,E2F7,1.8742226180631,0.022672282089996,UP
Acc8_hippocampus_ST_A_Ex,8,hippocampus,ST_A_Ex,GSE280382,gene_name,Loc118568038,LOC118568038,1.3193339046526145,0.0232516255410352,UP
Acc8_hippocampus_ST_A_Ex,8,hippocampus,ST_A_Ex,GSE280382,gene_name,Atf7ip2,ATF7IP2,3.5607291178897342,0.0233099840096196,UP
Acc8_hippocampus_ST_A_Ex,8,hippocampus,ST_A_Ex,GSE280382,gene_name,Gm41352,GM41352,1.073555152752459,0.0233512759463373,UP
Acc8_hippocampus_ST_A_Ex,8,hippocampus,ST_A_Ex,GSE280382,gene_name,Gm32370,GM32370,1.2935798836643364,0.0235182597873727,UP
Acc8_hippocampus_ST_A_Ex,8,hippocampus,ST_A_Ex,GSE280382,gene_name,Gm16796,GM16796,1.4700840919272296,0.0245460492208319,UP
Acc8_hippocampus_ST_A_Ex,8,hippocampus,ST_A_Ex,GSE280382,gene_name,Gm40055,GM40055,1.2256308212128588,0.025689552548488,UP
Acc8_hippocampus_ST_A_Ex,8,hippocampus,ST_A_Ex,GSE280382,gene_name,Tex47,TEX47,-1.3258292135736118,0.0259037240494087,DOWN
Acc8_hippocampus_ST_A_Ex,8,hippocampus,ST_A_Ex,GSE280382,gene_name,Loc118567375,LOC118567375,1.6438660411837631,0.0263599744424583,UP
Acc8_hippocampus_ST_A_Ex,8,hippocampus,ST_A_Ex,GSE280382,gene_name,Loc108169085,LOC108169085,1.5783352501869443,0.0270762273354037,UP
Acc8_hippocampus_ST_A_Ex,8,hippocampus,ST_A_Ex,GSE280382,gene_name,Tulp2,TULP2,1.0494052577587605,0.0270762273354037,UP
Acc8_hippocampus_ST_A_Ex,8,hippocampus,ST_A_Ex,GSE280382,gene_name,Gm33724,GM33724,4.042641355750642,0.0271788483342799,UP
Acc8_hippocampus_ST_A_Ex,8,hippocampus,ST_A_Ex,GSE280382,gene_name,Gimap9,GIMAP9,1.271438937665376,0.0271788483342799,UP
Acc8_hippocampus_ST_A_Ex,8,hippocampus,ST_A_Ex,GSE280382,gene_name,Gm34561,GM34561,2.2465378525215254,0.0273755018742316,UP
Acc8_hippocampus_ST_A_Ex,8,hippocampus,ST_A_Ex,GSE280382,gene_name,Smc2os,SMC2OS,1.0411787229299725,0.027568929519012,UP
Acc8_hippocampus_ST_A_Ex,8,hippocampus,ST_A_Ex,GSE280382,gene_name,Loc115488765,LOC115488765,1.2420226419141902,0.0279707892313805,UP
Acc8_hippocampus_ST_A_Ex,8,hippocampus,ST_A_Ex,GSE280382,gene_name,Hif3a,HIF3A,1.1007853250265454,0.0279721580973082,UP
Acc8_hippocampus_ST_A_Ex,8,hippocampus,ST_A_Ex,GSE280382,gene_name,Gm46202,GM46202,1.557959789211167,0.0279911765064475,UP
Acc8_hippocampus_ST_A_Ex,8,hippocampus,ST_A_Ex,GSE280382,gene_name,Loc118568383,LOC118568383,1.1640652522407129,0.0281115108534861,UP
Acc8_hippocampus_ST_A_Ex,8,hippocampus,ST_A_Ex,GSE280382,gene_name,Gm30575,GM30575,2.829268502851138,0.0282270520526062,UP
Acc8_hippocampus_ST_A_Ex,8,hippocampus,ST_A_Ex,GSE280382,gene_name,Erich2,ERICH2,1.1323387717138131,0.0293910008956473,UP
Acc8_hippocampus_ST_A_Ex,8,hippocampus,ST_A_Ex,GSE280382,gene_name,Loc115490443,LOC115490443,1.0289603974974932,0.0295603674348508,UP
Acc8_hippocampus_ST_A_Ex,8,hippocampus,ST_A_Ex,GSE280382,gene_name,Loc118567394,LOC118567394,1.074068781860298,0.0297965153314605,UP
Acc8_hippocampus_ST_A_Ex,8,hippocampus,ST_A_Ex,GSE280382,gene_name,Gm52724,GM52724,-1.5012005761673968,0.0300333389777019,DOWN
Acc8_hippocampus_ST_A_Ex,8,hippocampus,ST_A_Ex,GSE280382,gene_name,Opn4,OPN4,1.5775184624595875,0.0301352189420726,UP
Acc8_hippocampus_ST_A_Ex,8,hippocampus,ST_A_Ex,GSE280382,gene_name,Gm39362,GM39362,1.4211449279619812,0.0303144357962022,UP
Acc8_hippocampus_ST_A_Ex,8,hippocampus,ST_A_Ex,GSE280382,gene_name,Loc118567821,LOC118567821,-1.1210710088103948,0.0303211821663282,DOWN
Acc8_hippocampus_ST_A_Ex,8,hippocampus,ST_A_Ex,GSE280382,gene_name,Nlrp1c-ps,NLRP1C-PS,2.2184526832516163,0.0304183897802033,UP
Acc8_hippocampus_ST_A_Ex,8,hippocampus,ST_A_Ex,GSE280382,gene_name,Col13a1,COL13A1,1.0201112366935396,0.0304677621024021,UP
Acc8_hippocampus_ST_A_Ex,8,hippocampus,ST_A_Ex,GSE280382,gene_name,Gm40523,GM40523,1.281257312660384,0.0306824867947334,UP
Acc8_hippocampus_ST_A_Ex,8,hippocampus,ST_A_Ex,GSE280382,gene_name,Gm11750,GM11750,1.1137112138112384,0.030698171946658,UP
Acc8_hippocampus_ST_A_Ex,8,hippocampus,ST_A_Ex,GSE280382,gene_name,Gm46949,GM46949,2.460094283079109,0.0311037908670985,UP
Acc8_hippocampus_ST_A_Ex,8,hippocampus,ST_A_Ex,GSE280382,gene_name,Aa543186,AA543186,1.2930261380528818,0.0312374534670065,UP
Acc8_hippocampus_ST_A_Ex,8,hippocampus,ST_A_Ex,GSE280382,gene_name,Gm36402,GM36402,1.2418909639928146,0.0313547560266055,UP
Acc8_hippocampus_ST_A_Ex,8,hippocampus,ST_A_Ex,GSE280382,gene_name,Gm32980,GM32980,1.5529678217264065,0.0319358202665715,UP
Acc8_hippocampus_ST_A_Ex,8,hippocampus,ST_A_Ex,GSE280382,gene_name,Gm36693,GM36693,1.1638414726229371,0.0321708572934467,UP
Acc8_hippocampus_ST_A_Ex,8,hippocampus,ST_A_Ex,GSE280382,gene_name,Gm34375,GM34375,1.080243159924529,0.032296698681324,UP
Acc8_hippocampus_ST_A_Ex,8,hippocampus,ST_A_Ex,GSE280382,gene_name,Gm41409,GM41409,2.4575913672566614,0.0328996483660458,UP
Acc8_hippocampus_ST_A_Ex,8,hippocampus,ST_A_Ex,GSE280382,gene_name,Gm33159,GM33159,1.4045350338065126,0.0332425312544528,UP
Acc8_hippocampus_ST_A_Ex,8,hippocampus,ST_A_Ex,GSE280382,gene_name,Cpn2,CPN2,3.638096597582507,0.0332909900452063,UP
Acc8_hippocampus_ST_A_Ex,8,hippocampus,ST_A_Ex,GSE280382,gene_name,Gm32335,GM32335,1.6746160595508215,0.033362453576527,UP
Acc8_hippocampus_ST_A_Ex,8,hippocampus,ST_A_Ex,GSE280382,gene_name,Gm46122,GM46122,1.2969173446668307,0.0335318988553849,UP
Acc8_hippocampus_ST_A_Ex,8,hippocampus,ST_A_Ex,GSE280382,gene_name,Gm36416,GM36416,1.8855829494677097,0.033709188672324,UP
Acc8_hippocampus_ST_A_Ex,8,hippocampus,ST_A_Ex,GSE280382,gene_name,Tubb2a-ps2,TUBB2A-PS2,-1.2104867048383643,0.0337365777817453,DOWN
Acc8_hippocampus_ST_A_Ex,8,hippocampus,ST_A_Ex,GSE280382,gene_name,B430010i23rik,B430010I23RIK,2.461174221906374,0.0339882236304937,UP
Acc8_hippocampus_ST_A_Ex,8,hippocampus,ST_A_Ex,GSE280382,gene_name,Psors1c2,PSORS1C2,1.9626790308860127,0.0341729333663381,UP
Acc8_hippocampus_ST_A_Ex,8,hippocampus,ST_A_Ex,GSE280382,gene_name,Misp3,MISP3,1.4768454215698317,0.0341778668610328,UP
Acc8_hippocampus_ST_A_Ex,8,hippocampus,ST_A_Ex,GSE280382,gene_name,Gm34283,GM34283,1.5596706710786843,0.0342182811586912,UP
Acc8_hippocampus_ST_A_Ex,8,hippocampus,ST_A_Ex,GSE280382,gene_name,Gm40258,GM40258,1.6384003474334032,0.0347123033135211,UP
Acc8_hippocampus_ST_A_Ex,8,hippocampus,ST_A_Ex,GSE280382,gene_name,Gm31107,GM31107,1.1733284292419606,0.0348995731634307,UP
Acc8_hippocampus_ST_A_Ex,8,hippocampus,ST_A_Ex,GSE280382,gene_name,Gm52818,GM52818,2.279370691371855,0.0350878199880313,UP
Acc8_hippocampus_ST_A_Ex,8,hippocampus,ST_A_Ex,GSE280382,gene_name,Loc118567562,LOC118567562,2.3850887437713757,0.0355066738886314,UP
Acc8_hippocampus_ST_A_Ex,8,hippocampus,ST_A_Ex,GSE280382,gene_name,Gm39669,GM39669,1.0504204769001784,0.0357845032612687,UP
Acc8_hippocampus_ST_A_Ex,8,hippocampus,ST_A_Ex,GSE280382,gene_name,Gm51555,GM51555,2.2473822163845663,0.0359575944898573,UP
Acc8_hippocampus_ST_A_Ex,8,hippocampus,ST_A_Ex,GSE280382,gene_name,Gm39507,GM39507,1.5128593739367304,0.0363886999447847,UP
Acc8_hippocampus_ST_A_Ex,8,hippocampus,ST_A_Ex,GSE280382,gene_name,Gm12827,GM12827,1.4311766340027865,0.0367479008705739,UP
Acc8_hippocampus_ST_A_Ex,8,hippocampus,ST_A_Ex,GSE280382,gene_name,Loc118567597,LOC118567597,1.69188075959995,0.036760578105281,UP
Acc8_hippocampus_ST_A_Ex,8,hippocampus,ST_A_Ex,GSE280382,gene_name,Gm8615,GM8615,-1.0189882571481192,0.0371434488119537,DOWN
Acc8_hippocampus_ST_A_Ex,8,hippocampus,ST_A_Ex,GSE280382,gene_name,Stra6l,STRA6L,1.8622329296166928,0.0374115662147608,UP
Acc8_hippocampus_ST_A_Ex,8,hippocampus,ST_A_Ex,GSE280382,gene_name,1700020a23rik,1700020A23RIK,1.6984516545298451,0.0374854824143559,UP
Acc8_hippocampus_ST_A_Ex,8,hippocampus,ST_A_Ex,GSE280382,gene_name,Gm41603,GM41603,1.2532928104435452,0.0381350885765955,UP
Acc8_hippocampus_ST_A_Ex,8,hippocampus,ST_A_Ex,GSE280382,gene_name,Loc118568478,LOC118568478,2.415419075702174,0.0389820062242474,UP
Acc8_hippocampus_ST_A_Ex,8,hippocampus,ST_A_Ex,GSE280382,gene_name,Selenov,SELENOV,1.174314895397714,0.0391017505603993,UP
Acc8_hippocampus_ST_A_Ex,8,hippocampus,ST_A_Ex,GSE280382,gene_name,Gm52234,GM52234,1.1150413252204936,0.0393860822822259,UP
Acc8_hippocampus_ST_A_Ex,8,hippocampus,ST_A_Ex,GSE280382,gene_name,Gm3488,GM3488,-1.6963425080056798,0.039453322373801,DOWN
Acc8_hippocampus_ST_A_Ex,8,hippocampus,ST_A_Ex,GSE280382,gene_name,Loc115488625,LOC115488625,2.6874524175483283,0.0397082253284912,UP
Acc8_hippocampus_ST_A_Ex,8,hippocampus,ST_A_Ex,GSE280382,gene_name,Gm6750,GM6750,-1.0828131743271825,0.0397508756165249,DOWN
Acc8_hippocampus_ST_A_Ex,8,hippocampus,ST_A_Ex,GSE280382,gene_name,Gm14636,GM14636,1.5775328395810158,0.0400890981998765,UP
Acc8_hippocampus_ST_A_Ex,8,hippocampus,ST_A_Ex,GSE280382,gene_name,Gm42020,GM42020,1.3072827897715298,0.0402307998047807,UP
Acc8_hippocampus_ST_A_Ex,8,hippocampus,ST_A_Ex,GSE280382,gene_name,Loc118568212,LOC118568212,1.177887334683274,0.0402396365379608,UP
Acc8_hippocampus_ST_A_Ex,8,hippocampus,ST_A_Ex,GSE280382,gene_name,Gm21119,GM21119,1.3462232860401364,0.0403452520066075,UP
Acc8_hippocampus_ST_A_Ex,8,hippocampus,ST_A_Ex,GSE280382,gene_name,4930405h06rik,4930405H06RIK,3.895882294751636,0.0403803913983158,UP
Acc8_hippocampus_ST_A_Ex,8,hippocampus,ST_A_Ex,GSE280382,gene_name,Gm39426,GM39426,2.514770444770526,0.0405145158370844,UP
Acc8_hippocampus_ST_A_Ex,8,hippocampus,ST_A_Ex,GSE280382,gene_name,Loc118567450,LOC118567450,1.7653359516112708,0.0406622170914796,UP
Acc8_hippocampus_ST_A_Ex,8,hippocampus,ST_A_Ex,GSE280382,gene_name,Fgf2os,FGF2OS,2.9697252602121305,0.0411024210400445,UP
Acc8_hippocampus_ST_A_Ex,8,hippocampus,ST_A_Ex,GSE280382,gene_name,Gm36129,GM36129,1.0709140866437912,0.0411483913379678,UP
Acc8_hippocampus_ST_A_Ex,8,hippocampus,ST_A_Ex,GSE280382,gene_name,Loc118567332,LOC118567332,1.6102433455359844,0.0412570864392186,UP
Acc8_hippocampus_ST_A_Ex,8,hippocampus,ST_A_Ex,GSE280382,gene_name,Gm38660,GM38660,3.326450017271857,0.0416772267394429,UP
Acc8_hippocampus_ST_A_Ex,8,hippocampus,ST_A_Ex,GSE280382,gene_name,Loc118568219,LOC118568219,2.4589074398068664,0.041696780911263,UP
Acc8_hippocampus_ST_A_Ex,8,hippocampus,ST_A_Ex,GSE280382,gene_name,Gm31399,GM31399,2.293279608101726,0.0417356774477136,UP
Acc8_hippocampus_ST_A_Ex,8,hippocampus,ST_A_Ex,GSE280382,gene_name,Loc118567885,LOC118567885,1.482400409526272,0.0431250572928292,UP
Acc8_hippocampus_ST_A_Ex,8,hippocampus,ST_A_Ex,GSE280382,gene_name,Gm52529,GM52529,1.12904582727292,0.0431360372846715,UP
Acc8_hippocampus_ST_A_Ex,8,hippocampus,ST_A_Ex,GSE280382,gene_name,Uchl1os,UCHL1OS,1.8425164488264212,0.0438942036898354,UP
Acc8_hippocampus_ST_A_Ex,8,hippocampus,ST_A_Ex,GSE280382,gene_name,Loc118568085,LOC118568085,1.139518500819815,0.0443872913774082,UP
Acc8_hippocampus_ST_A_Ex,8,hippocampus,ST_A_Ex,GSE280382,gene_name,Gm32509,GM32509,1.3423144230476327,0.0444168758658703,UP
Acc8_hippocampus_ST_A_Ex,8,hippocampus,ST_A_Ex,GSE280382,gene_name,Gm36077,GM36077,1.5878109516391783,0.0455808653887697,UP
Acc8_hippocampus_ST_A_Ex,8,hippocampus,ST_A_Ex,GSE280382,gene_name,Zbp1,ZBP1,-1.1789291043875398,0.0455874338103275,DOWN
Acc8_hippocampus_ST_A_Ex,8,hippocampus,ST_A_Ex,GSE280382,gene_name,Gm28609,GM28609,1.8830079519936351,0.0457944666574236,UP
Acc8_hippocampus_ST_A_Ex,8,hippocampus,ST_A_Ex,GSE280382,gene_name,Msx3,MSX3,1.6305449345801757,0.0459329428156747,UP
Acc8_hippocampus_ST_A_Ex,8,hippocampus,ST_A_Ex,GSE280382,gene_name,Gm38501,GM38501,1.594089613787739,0.0459859594061225,UP
Acc8_hippocampus_ST_A_Ex,8,hippocampus,ST_A_Ex,GSE280382,gene_name,Gm39443,GM39443,1.618500917272265,0.0465311479280865,UP
Acc8_hippocampus_ST_A_Ex,8,hippocampus,ST_A_Ex,GSE280382,gene_name,Csl,CSL,-1.2593801434548102,0.0469142904436789,DOWN
Acc8_hippocampus_ST_A_Ex,8,hippocampus,ST_A_Ex,GSE280382,gene_name,Ai506816,AI506816,4.253782048500547,0.0470617973422033,UP
Acc8_hippocampus_ST_A_Ex,8,hippocampus,ST_A_Ex,GSE280382,gene_name,Apoc1,APOC1,1.0335411103974268,0.0472229867693886,UP
Acc8_hippocampus_ST_A_Ex,8,hippocampus,ST_A_Ex,GSE280382,gene_name,Gm33585,GM33585,1.3356200960564903,0.0472811690040354,UP
Acc8_hippocampus_ST_A_Ex,8,hippocampus,ST_A_Ex,GSE280382,gene_name,Gm41039,GM41039,-1.2771818936476138,0.0484924015282556,DOWN
Acc8_hippocampus_ST_A_Ex,8,hippocampus,ST_A_Ex,GSE280382,gene_name,Gm41609,GM41609,1.786647446669889,0.0492470023181804,UP
Acc8_hippocampus_ST_A_Ex,8,hippocampus,ST_A_Ex,GSE280382,gene_name,Gm51702,GM51702,1.8586053806963512,0.0495619338216239,UP
Acc8_hippocampus_ST_A_Ex,8,hippocampus,ST_A_Ex,GSE280382,gene_name,Hsd3b3,HSD3B3,1.2039734725992874,0.0496868348664973,UP
Acc8_hippocampus_ST_A_Ex,8,hippocampus,ST_A_Ex,GSE280382,gene_name,Gm41114,GM41114,1.7464556419137829,0.0499284060782144,UP
Acc8_hippocampus_ST_A_Ex_KD,8,hippocampus,ST_A_Ex_KD,GSE280382,gene_name,Rps21,RPS21,1.1546040431468223,1.6930745799098843e-78,UP
Acc8_hippocampus_ST_A_Ex_KD,8,hippocampus,ST_A_Ex_KD,GSE280382,gene_name,Rpl35a,RPL35A,1.0621272032325924,2.4785593300453237e-29,UP
Acc8_hippocampus_ST_A_Ex_KD,8,hippocampus,ST_A_Ex_KD,GSE280382,gene_name,Tceal5,TCEAL5,1.231756652462117,4.567566743654873e-25,UP
Acc8_hippocampus_ST_A_Ex_KD,8,hippocampus,ST_A_Ex_KD,GSE280382,gene_name,Rpl36a,RPL36A,1.1094455236834977,6.767734054854315e-25,UP
Acc8_hippocampus_ST_A_Ex_KD,8,hippocampus,ST_A_Ex_KD,GSE280382,gene_name,Snrpf,SNRPF,1.1810956742749783,1.813826488355521e-21,UP
Acc8_hippocampus_ST_A_Ex_KD,8,hippocampus,ST_A_Ex_KD,GSE280382,gene_name,Cops9,COPS9,1.053879864515369,1.813826488355521e-21,UP
Acc8_hippocampus_ST_A_Ex_KD,8,hippocampus,ST_A_Ex_KD,GSE280382,gene_name,Lsm7,LSM7,1.0824506478461888,1.865562127203293e-21,UP
Acc8_hippocampus_ST_A_Ex_KD,8,hippocampus,ST_A_Ex_KD,GSE280382,gene_name,Rpl38,RPL38,1.0885656170673668,2.2404095717375996e-20,UP
Acc8_hippocampus_ST_A_Ex_KD,8,hippocampus,ST_A_Ex_KD,GSE280382,gene_name,Cox5b,COX5B,1.1801774921152242,9.624781037370232e-20,UP
Acc8_hippocampus_ST_A_Ex_KD,8,hippocampus,ST_A_Ex_KD,GSE280382,gene_name,Ndufs6,NDUFS6,1.003487231291352,9.49245056320427e-17,UP
Acc8_hippocampus_ST_A_Ex_KD,8,hippocampus,ST_A_Ex_KD,GSE280382,gene_name,Gng13,GNG13,1.2861473669653138,2.382800533138947e-15,UP
Acc8_hippocampus_ST_A_Ex_KD,8,hippocampus,ST_A_Ex_KD,GSE280382,gene_name,Mt3,MT3,1.2898398340994126,3.3677350820923288e-15,UP
Acc8_hippocampus_ST_A_Ex_KD,8,hippocampus,ST_A_Ex_KD,GSE280382,gene_name,Bc1,BC1,3.040996050513972,3.6525718425083976e-14,UP
Acc8_hippocampus_ST_A_Ex_KD,8,hippocampus,ST_A_Ex_KD,GSE280382,gene_name,Snhg8,SNHG8,1.0170128223769537,1.0542517737358854e-13,UP
Acc8_hippocampus_ST_A_Ex_KD,8,hippocampus,ST_A_Ex_KD,GSE280382,gene_name,Pfdn6,PFDN6,1.035926375754323,1.547566323897604e-13,UP
Acc8_hippocampus_ST_A_Ex_KD,8,hippocampus,ST_A_Ex_KD,GSE280382,gene_name,Snhg6,SNHG6,1.0466742453632372,1.6155179581073668e-12,UP
Acc8_hippocampus_ST_A_Ex_KD,8,hippocampus,ST_A_Ex_KD,GSE280382,gene_name,Tomm7,TOMM7,1.1986895594984417,1.0282398387401875e-11,UP
Acc8_hippocampus_ST_A_Ex_KD,8,hippocampus,ST_A_Ex_KD,GSE280382,gene_name,Atp6v0c-ps2,ATP6V0C-PS2,-1.1664138529519372,3.3453003516956224e-11,DOWN
Acc8_hippocampus_ST_A_Ex_KD,8,hippocampus,ST_A_Ex_KD,GSE280382,gene_name,Gm51910,GM51910,-3.082972520111349,5.559340206294361e-11,DOWN
Acc8_hippocampus_ST_A_Ex_KD,8,hippocampus,ST_A_Ex_KD,GSE280382,gene_name,Mt2,MT2,1.1817729538298911,7.777004600975403e-11,UP
Acc8_hippocampus_ST_A_Ex_KD,8,hippocampus,ST_A_Ex_KD,GSE280382,gene_name,Ndufb1,NDUFB1,1.0257561224871292,4.071250121757935e-10,UP
Acc8_hippocampus_ST_A_Ex_KD,8,hippocampus,ST_A_Ex_KD,GSE280382,gene_name,1110038b12rik,1110038B12RIK,1.050947045755617,7.233564684736874e-10,UP
Acc8_hippocampus_ST_A_Ex_KD,8,hippocampus,ST_A_Ex_KD,GSE280382,gene_name,Romo1,ROMO1,1.0255596101498303,6.983856578511668e-09,UP
Acc8_hippocampus_ST_A_Ex_KD,8,hippocampus,ST_A_Ex_KD,GSE280382,gene_name,Gm32771,GM32771,-2.2439413922807425,9.494589617288928e-09,DOWN
Acc8_hippocampus_ST_A_Ex_KD,8,hippocampus,ST_A_Ex_KD,GSE280382,gene_name,Gm29808,GM29808,-1.9116879057292973,1.9353415293334965e-08,DOWN
Acc8_hippocampus_ST_A_Ex_KD,8,hippocampus,ST_A_Ex_KD,GSE280382,gene_name,Uqcr11,UQCR11,1.0067764794462766,1.9619891149281416e-08,UP
Acc8_hippocampus_ST_A_Ex_KD,8,hippocampus,ST_A_Ex_KD,GSE280382,gene_name,Gm5914,GM5914,1.4173038118909125,2.8018836184446253e-08,UP
Acc8_hippocampus_ST_A_Ex_KD,8,hippocampus,ST_A_Ex_KD,GSE280382,gene_name,Gm7206,GM7206,-2.2232515818223963,3.064337102134235e-08,DOWN
Acc8_hippocampus_ST_A_Ex_KD,8,hippocampus,ST_A_Ex_KD,GSE280382,gene_name,Gm36331,GM36331,1.0732478607894196,1.4564061461399566e-07,UP
Acc8_hippocampus_ST_A_Ex_KD,8,hippocampus,ST_A_Ex_KD,GSE280382,gene_name,Gm12174,GM12174,-1.4411119086160968,6.491133001446703e-07,DOWN
Acc8_hippocampus_ST_A_Ex_KD,8,hippocampus,ST_A_Ex_KD,GSE280382,gene_name,Gm33851,GM33851,1.6420515853141269,7.275880984836005e-07,UP
Acc8_hippocampus_ST_A_Ex_KD,8,hippocampus,ST_A_Ex_KD,GSE280382,gene_name,Gm3227,GM3227,-2.1755152249747187,8.207266781829112e-07,DOWN
Acc8_hippocampus_ST_A_Ex_KD,8,hippocampus,ST_A_Ex_KD,GSE280382,gene_name,Gm9839,GM9839,-3.12681337737618,8.91535157822976e-07,DOWN
Acc8_hippocampus_ST_A_Ex_KD,8,hippocampus,ST_A_Ex_KD,GSE280382,gene_name,A230051n06rik,A230051N06RIK,1.2611418201332094,1.3025734032599157e-06,UP
Acc8_hippocampus_ST_A_Ex_KD,8,hippocampus,ST_A_Ex_KD,GSE280382,gene_name,9130002k18rik,9130002K18RIK,-2.026595185651385,2.660331526947842e-06,DOWN
Acc8_hippocampus_ST_A_Ex_KD,8,hippocampus,ST_A_Ex_KD,GSE280382,gene_name,Loc118568718,LOC118568718,-1.945113049668348,3.3327390994715614e-06,DOWN
Acc8_hippocampus_ST_A_Ex_KD,8,hippocampus,ST_A_Ex_KD,GSE280382,gene_name,Gm15421,GM15421,-1.2355616865934909,6.27753032169684e-06,DOWN
Acc8_hippocampus_ST_A_Ex_KD,8,hippocampus,ST_A_Ex_KD,GSE280382,gene_name,Rn7sk,RN7SK,1.8347345122055767,8.15657635999466e-06,UP
Acc8_hippocampus_ST_A_Ex_KD,8,hippocampus,ST_A_Ex_KD,GSE280382,gene_name,Loc118568241,LOC118568241,-2.5488662742038617,9.529161590792267e-06,DOWN
Acc8_hippocampus_ST_A_Ex_KD,8,hippocampus,ST_A_Ex_KD,GSE280382,gene_name,Cox6a2,COX6A2,1.0037180702326516,9.603063660523889e-06,UP
Acc8_hippocampus_ST_A_Ex_KD,8,hippocampus,ST_A_Ex_KD,GSE280382,gene_name,Gm52229,GM52229,-2.0324879243559573,9.974454370777004e-06,DOWN
Acc8_hippocampus_ST_A_Ex_KD,8,hippocampus,ST_A_Ex_KD,GSE280382,gene_name,Cox7c-ps1,COX7C-PS1,-2.091478370295491,1.1372535967465952e-05,DOWN
Acc8_hippocampus_ST_A_Ex_KD,8,hippocampus,ST_A_Ex_KD,GSE280382,gene_name,Ndufab1-ps,NDUFAB1-PS,-2.191013303439421,1.9117165584312737e-05,DOWN
Acc8_hippocampus_ST_A_Ex_KD,8,hippocampus,ST_A_Ex_KD,GSE280382,gene_name,Gm12816,GM12816,-1.6120393259311283,2.25640524053364e-05,DOWN
Acc8_hippocampus_ST_A_Ex_KD,8,hippocampus,ST_A_Ex_KD,GSE280382,gene_name,Gm20056,GM20056,-1.8997207767349815,2.3918588058623888e-05,DOWN
Acc8_hippocampus_ST_A_Ex_KD,8,hippocampus,ST_A_Ex_KD,GSE280382,gene_name,Rybp-ps,RYBP-PS,-1.808918564615436,3.214820360268834e-05,DOWN
Acc8_hippocampus_ST_A_Ex_KD,8,hippocampus,ST_A_Ex_KD,GSE280382,gene_name,Gm46830,GM46830,-1.7268687760344943,3.250054249434783e-05,DOWN
Acc8_hippocampus_ST_A_Ex_KD,8,hippocampus,ST_A_Ex_KD,GSE280382,gene_name,Loc118568563,LOC118568563,-1.9251663169691493,4.740292089155964e-05,DOWN
Acc8_hippocampus_ST_A_Ex_KD,8,hippocampus,ST_A_Ex_KD,GSE280382,gene_name,Gm11478,GM11478,-1.1188304995368918,5.405733935571246e-05,DOWN
Acc8_hippocampus_ST_A_Ex_KD,8,hippocampus,ST_A_Ex_KD,GSE280382,gene_name,Gm36661,GM36661,-2.1118865508540843,8.007361281189134e-05,DOWN
Acc8_hippocampus_ST_A_Ex_KD,8,hippocampus,ST_A_Ex_KD,GSE280382,gene_name,Gm10157,GM10157,-1.5490354405077622,8.391516688236487e-05,DOWN
Acc8_hippocampus_ST_A_Ex_KD,8,hippocampus,ST_A_Ex_KD,GSE280382,gene_name,Klk13,KLK13,1.4087669883087863,8.557864872456349e-05,UP
Acc8_hippocampus_ST_A_Ex_KD,8,hippocampus,ST_A_Ex_KD,GSE280382,gene_name,Snhg10,SNHG10,1.096451999536178,0.0001470077205615,UP
Acc8_hippocampus_ST_A_Ex_KD,8,hippocampus,ST_A_Ex_KD,GSE280382,gene_name,Gm10224,GM10224,-1.5745897456971465,0.00017886492197,DOWN
Acc8_hippocampus_ST_A_Ex_KD,8,hippocampus,ST_A_Ex_KD,GSE280382,gene_name,Gm52502,GM52502,2.1202933952760685,0.0002264113218561,UP
Acc8_hippocampus_ST_A_Ex_KD,8,hippocampus,ST_A_Ex_KD,GSE280382,gene_name,5730408k05rik,5730408K05RIK,1.2578273868401109,0.0002628555149291,UP
Acc8_hippocampus_ST_A_Ex_KD,8,hippocampus,ST_A_Ex_KD,GSE280382,gene_name,Cysltr2,CYSLTR2,-1.508617586816897,0.0002638912031292,DOWN
Acc8_hippocampus_ST_A_Ex_KD,8,hippocampus,ST_A_Ex_KD,GSE280382,gene_name,Gm14279,GM14279,-1.2182189821261884,0.0002699379285162,DOWN
Acc8_hippocampus_ST_A_Ex_KD,8,hippocampus,ST_A_Ex_KD,GSE280382,gene_name,Atp2c2,ATP2C2,1.1037863925863542,0.0002829036349,UP
Acc8_hippocampus_ST_A_Ex_KD,8,hippocampus,ST_A_Ex_KD,GSE280382,gene_name,Gm12669,GM12669,-1.5079915025375992,0.0003684752096591,DOWN
Acc8_hippocampus_ST_A_Ex_KD,8,hippocampus,ST_A_Ex_KD,GSE280382,gene_name,Bnip3l-ps,BNIP3L-PS,-1.3770156500013278,0.000405328999799,DOWN
Acc8_hippocampus_ST_A_Ex_KD,8,hippocampus,ST_A_Ex_KD,GSE280382,gene_name,Plin4,PLIN4,1.8477280793349835,0.0004078330571873,UP
Acc8_hippocampus_ST_A_Ex_KD,8,hippocampus,ST_A_Ex_KD,GSE280382,gene_name,Gm34755,GM34755,1.7383700889302467,0.0004143256134806,UP
Acc8_hippocampus_ST_A_Ex_KD,8,hippocampus,ST_A_Ex_KD,GSE280382,gene_name,Gm5415,GM5415,-1.888318933007038,0.0004502336601515,DOWN
Acc8_hippocampus_ST_A_Ex_KD,8,hippocampus,ST_A_Ex_KD,GSE280382,gene_name,Gm46287,GM46287,1.7541728222128097,0.0004516618562515,UP
Acc8_hippocampus_ST_A_Ex_KD,8,hippocampus,ST_A_Ex_KD,GSE280382,gene_name,Gm51666,GM51666,-1.4388640056721769,0.0004567898435904,DOWN
Acc8_hippocampus_ST_A_Ex_KD,8,hippocampus,ST_A_Ex_KD,GSE280382,gene_name,Gm13363,GM13363,-1.555555215397436,0.0004889734831718,DOWN
Acc8_hippocampus_ST_A_Ex_KD,8,hippocampus,ST_A_Ex_KD,GSE280382,gene_name,A330015k06rik,A330015K06RIK,1.2628439877187625,0.0005196570623389,UP
Acc8_hippocampus_ST_A_Ex_KD,8,hippocampus,ST_A_Ex_KD,GSE280382,gene_name,Gm52430,GM52430,1.2952191393959205,0.0006197223718595,UP
Acc8_hippocampus_ST_A_Ex_KD,8,hippocampus,ST_A_Ex_KD,GSE280382,gene_name,Gm6402,GM6402,-1.9023699023744771,0.0006240459619588,DOWN
Acc8_hippocampus_ST_A_Ex_KD,8,hippocampus,ST_A_Ex_KD,GSE280382,gene_name,Gm12227,GM12227,1.6781669308719638,0.0007386124242218,UP
Acc8_hippocampus_ST_A_Ex_KD,8,hippocampus,ST_A_Ex_KD,GSE280382,gene_name,Gm40647,GM40647,-2.6041513815971444,0.0008172458672037,DOWN
Acc8_hippocampus_ST_A_Ex_KD,8,hippocampus,ST_A_Ex_KD,GSE280382,gene_name,Gm4199,GM4199,-1.45455679906033,0.00088029565736,DOWN
Acc8_hippocampus_ST_A_Ex_KD,8,hippocampus,ST_A_Ex_KD,GSE280382,gene_name,Loc115488769,LOC115488769,1.5284126039860133,0.0009655417569853,UP
Acc8_hippocampus_ST_A_Ex_KD,8,hippocampus,ST_A_Ex_KD,GSE280382,gene_name,Gm42378,GM42378,1.186486503210156,0.001021631646163,UP
Acc8_hippocampus_ST_A_Ex_KD,8,hippocampus,ST_A_Ex_KD,GSE280382,gene_name,Gm33763,GM33763,2.518154306853108,0.0011075279294433,UP
Acc8_hippocampus_ST_A_Ex_KD,8,hippocampus,ST_A_Ex_KD,GSE280382,gene_name,Pet117,PET117,1.471340332684172,0.0011605607189669,UP
Acc8_hippocampus_ST_A_Ex_KD,8,hippocampus,ST_A_Ex_KD,GSE280382,gene_name,Gm39450,GM39450,2.045291842315999,0.0011972375218884,UP
Acc8_hippocampus_ST_A_Ex_KD,8,hippocampus,ST_A_Ex_KD,GSE280382,gene_name,Gm51782,GM51782,1.0186987146511597,0.0011972375218884,UP
Acc8_hippocampus_ST_A_Ex_KD,8,hippocampus,ST_A_Ex_KD,GSE280382,gene_name,Aldoart1,ALDOART1,-1.0281620720591076,0.0014277825425791,DOWN
Acc8_hippocampus_ST_A_Ex_KD,8,hippocampus,ST_A_Ex_KD,GSE280382,gene_name,Clec2d,CLEC2D,1.0038047570685131,0.0016664618212233,UP
Acc8_hippocampus_ST_A_Ex_KD,8,hippocampus,ST_A_Ex_KD,GSE280382,gene_name,Gm12696,GM12696,-1.1389840877851394,0.0017306968512885,DOWN
Acc8_hippocampus_ST_A_Ex_KD,8,hippocampus,ST_A_Ex_KD,GSE280382,gene_name,Wnt9a,WNT9A,1.0876423985767454,0.0017545103641456,UP
Acc8_hippocampus_ST_A_Ex_KD,8,hippocampus,ST_A_Ex_KD,GSE280382,gene_name,Gm10874,GM10874,-1.0360925106859558,0.0018902428877327,DOWN
Acc8_hippocampus_ST_A_Ex_KD,8,hippocampus,ST_A_Ex_KD,GSE280382,gene_name,Gm40855,GM40855,-1.5527068073594146,0.0019060507408482,DOWN
Acc8_hippocampus_ST_A_Ex_KD,8,hippocampus,ST_A_Ex_KD,GSE280382,gene_name,Loc118567821,LOC118567821,-1.6221159458212209,0.0019576931343108,DOWN
Acc8_hippocampus_ST_A_Ex_KD,8,hippocampus,ST_A_Ex_KD,GSE280382,gene_name,Gm20642,GM20642,-1.5128233079161155,0.0019856849015429,DOWN
Acc8_hippocampus_ST_A_Ex_KD,8,hippocampus,ST_A_Ex_KD,GSE280382,gene_name,Gm15689,GM15689,-1.286755693600736,0.0020128907436504,DOWN
Acc8_hippocampus_ST_A_Ex_KD,8,hippocampus,ST_A_Ex_KD,GSE280382,gene_name,Gm13404,GM13404,1.1501606404288578,0.002111201540783,UP
Acc8_hippocampus_ST_A_Ex_KD,8,hippocampus,ST_A_Ex_KD,GSE280382,gene_name,Gm6625,GM6625,-1.571680663903824,0.0024453442791247,DOWN
Acc8_hippocampus_ST_A_Ex_KD,8,hippocampus,ST_A_Ex_KD,GSE280382,gene_name,Tmem45a,TMEM45A,-1.188801615366105,0.0026689256582597,DOWN
Acc8_hippocampus_ST_A_Ex_KD,8,hippocampus,ST_A_Ex_KD,GSE280382,gene_name,Lnpep,LNPEP,1.6659304644688937,0.0027385274647352,UP
Acc8_hippocampus_ST_A_Ex_KD,8,hippocampus,ST_A_Ex_KD,GSE280382,gene_name,Gm41756,GM41756,-1.8437258225980135,0.0028790878282917,DOWN
Acc8_hippocampus_ST_A_Ex_KD,8,hippocampus,ST_A_Ex_KD,GSE280382,gene_name,Glp1r,GLP1R,-2.2692409992255014,0.003171449756619,DOWN
Acc8_hippocampus_ST_A_Ex_KD,8,hippocampus,ST_A_Ex_KD,GSE280382,gene_name,Loc118567400,LOC118567400,1.232968977711395,0.0031974070901303,UP
Acc8_hippocampus_ST_A_Ex_KD,8,hippocampus,ST_A_Ex_KD,GSE280382,gene_name,Gm51971,GM51971,-1.2226503730945322,0.0032934596898368,DOWN
Acc8_hippocampus_ST_A_Ex_KD,8,hippocampus,ST_A_Ex_KD,GSE280382,gene_name,Btc,BTC,-1.0490395667097705,0.0034564619928702,DOWN
Acc8_hippocampus_ST_A_Ex_KD,8,hippocampus,ST_A_Ex_KD,GSE280382,gene_name,Ifi44,IFI44,-1.536059745521832,0.0036629268886472,DOWN
Acc8_hippocampus_ST_A_Ex_KD,8,hippocampus,ST_A_Ex_KD,GSE280382,gene_name,Gm12693,GM12693,-1.2111017183430424,0.0037679590596761,DOWN
Acc8_hippocampus_ST_A_Ex_KD,8,hippocampus,ST_A_Ex_KD,GSE280382,gene_name,Asb4,ASB4,-1.4805045099742526,0.0038183458696061,DOWN
Acc8_hippocampus_ST_A_Ex_KD,8,hippocampus,ST_A_Ex_KD,GSE280382,gene_name,Tex47,TEX47,-1.8089896330469328,0.0039633205040948,DOWN
Acc8_hippocampus_ST_A_Ex_KD,8,hippocampus,ST_A_Ex_KD,GSE280382,gene_name,Gm35857,GM35857,-1.6036618574125274,0.0040725042368679,DOWN
Acc8_hippocampus_ST_A_Ex_KD,8,hippocampus,ST_A_Ex_KD,GSE280382,gene_name,Gm15455,GM15455,-1.3737442469526675,0.0041114301104019,DOWN
Acc8_hippocampus_ST_A_Ex_KD,8,hippocampus,ST_A_Ex_KD,GSE280382,gene_name,Gm6158,GM6158,-1.8366702410857787,0.0043020374527963,DOWN
Acc8_hippocampus_ST_A_Ex_KD,8,hippocampus,ST_A_Ex_KD,GSE280382,gene_name,Gm33449,GM33449,1.3230732145657136,0.0043901117625059,UP
Acc8_hippocampus_ST_A_Ex_KD,8,hippocampus,ST_A_Ex_KD,GSE280382,gene_name,A730063m14rik,A730063M14RIK,1.304961492030003,0.0049097864617499,UP
Acc8_hippocampus_ST_A_Ex_KD,8,hippocampus,ST_A_Ex_KD,GSE280382,gene_name,Gm39642,GM39642,2.0234873490250536,0.005070129850654,UP
Acc8_hippocampus_ST_A_Ex_KD,8,hippocampus,ST_A_Ex_KD,GSE280382,gene_name,Gm9199,GM9199,-1.5194611689178783,0.0050876657831344,DOWN
Acc8_hippocampus_ST_A_Ex_KD,8,hippocampus,ST_A_Ex_KD,GSE280382,gene_name,9030607l20rik,9030607L20RIK,1.6345930087340823,0.0052949321953354,UP
Acc8_hippocampus_ST_A_Ex_KD,8,hippocampus,ST_A_Ex_KD,GSE280382,gene_name,Gm30970,GM30970,-1.4219831612662122,0.0055564096916764,DOWN
Acc8_hippocampus_ST_A_Ex_KD,8,hippocampus,ST_A_Ex_KD,GSE280382,gene_name,Gm32768,GM32768,1.259728042177502,0.0057407267168947,UP
Acc8_hippocampus_ST_A_Ex_KD,8,hippocampus,ST_A_Ex_KD,GSE280382,gene_name,Gm30583,GM30583,1.0947932286547448,0.0057682355266081,UP
Acc8_hippocampus_ST_A_Ex_KD,8,hippocampus,ST_A_Ex_KD,GSE280382,gene_name,Gm12657,GM12657,-1.4895565798754369,0.006315452927632,DOWN
Acc8_hippocampus_ST_A_Ex_KD,8,hippocampus,ST_A_Ex_KD,GSE280382,gene_name,Gm38900,GM38900,1.4555257588588255,0.0064132535455232,UP
Acc8_hippocampus_ST_A_Ex_KD,8,hippocampus,ST_A_Ex_KD,GSE280382,gene_name,Oas2,OAS2,-1.0017421176201178,0.0072974534092427,DOWN
Acc8_hippocampus_ST_A_Ex_KD,8,hippocampus,ST_A_Ex_KD,GSE280382,gene_name,Gm14377,GM14377,1.5087997709412342,0.0073423005673355,UP
Acc8_hippocampus_ST_A_Ex_KD,8,hippocampus,ST_A_Ex_KD,GSE280382,gene_name,Gm46060,GM46060,1.5372113076123617,0.0073446880762951,UP
Acc8_hippocampus_ST_A_Ex_KD,8,hippocampus,ST_A_Ex_KD,GSE280382,gene_name,Zbed6,ZBED6,1.4220794569539523,0.0075177003817009,UP
Acc8_hippocampus_ST_A_Ex_KD,8,hippocampus,ST_A_Ex_KD,GSE280382,gene_name,C030034l19rik,C030034L19RIK,1.4974535394889943,0.0076452304283039,UP
Acc8_hippocampus_ST_A_Ex_KD,8,hippocampus,ST_A_Ex_KD,GSE280382,gene_name,Cox7a1,COX7A1,1.3589584630624862,0.0089439690748988,UP
Acc8_hippocampus_ST_A_Ex_KD,8,hippocampus,ST_A_Ex_KD,GSE280382,gene_name,Gm42456,GM42456,1.0513075065613529,0.009083433473711,UP
Acc8_hippocampus_ST_A_Ex_KD,8,hippocampus,ST_A_Ex_KD,GSE280382,gene_name,Rpl34-ps1,RPL34-PS1,-1.283831882500308,0.0091746475200815,DOWN
Acc8_hippocampus_ST_A_Ex_KD,8,hippocampus,ST_A_Ex_KD,GSE280382,gene_name,Eif3j2,EIF3J2,-1.0241298040014444,0.0093749424932294,DOWN
Acc8_hippocampus_ST_A_Ex_KD,8,hippocampus,ST_A_Ex_KD,GSE280382,gene_name,Dusp9,DUSP9,1.5260010300163684,0.0099575731796775,UP
Acc8_hippocampus_ST_A_Ex_KD,8,hippocampus,ST_A_Ex_KD,GSE280382,gene_name,Loc118567980,LOC118567980,-1.1405061050655452,0.0104228459354954,DOWN
Acc8_hippocampus_ST_A_Ex_KD,8,hippocampus,ST_A_Ex_KD,GSE280382,gene_name,Gm30181,GM30181,-1.4996683780496618,0.0120485650602084,DOWN
Acc8_hippocampus_ST_A_Ex_KD,8,hippocampus,ST_A_Ex_KD,GSE280382,gene_name,Rpl27a-ps4,RPL27A-PS4,-1.3662313144789726,0.012074887909121,DOWN
Acc8_hippocampus_ST_A_Ex_KD,8,hippocampus,ST_A_Ex_KD,GSE280382,gene_name,C630004l07rik,C630004L07RIK,1.1758723298879104,0.0123882194933848,UP
Acc8_hippocampus_ST_A_Ex_KD,8,hippocampus,ST_A_Ex_KD,GSE280382,gene_name,Loc118568138,LOC118568138,-1.2300138449225646,0.0134802438712339,DOWN
Acc8_hippocampus_ST_A_Ex_KD,8,hippocampus,ST_A_Ex_KD,GSE280382,gene_name,Gm26947,GM26947,1.0972602324433418,0.0136927768377728,UP
Acc8_hippocampus_ST_A_Ex_KD,8,hippocampus,ST_A_Ex_KD,GSE280382,gene_name,Gm31725,GM31725,1.7078894120057573,0.0141417684062897,UP
Acc8_hippocampus_ST_A_Ex_KD,8,hippocampus,ST_A_Ex_KD,GSE280382,gene_name,Gm37500,GM37500,1.0616040691499355,0.0149431187711183,UP
Acc8_hippocampus_ST_A_Ex_KD,8,hippocampus,ST_A_Ex_KD,GSE280382,gene_name,Pln,PLN,-1.087803107484702,0.0154036399418718,DOWN
Acc8_hippocampus_ST_A_Ex_KD,8,hippocampus,ST_A_Ex_KD,GSE280382,gene_name,Gm52528,GM52528,-1.3418442434007318,0.0162505283573863,DOWN
Acc8_hippocampus_ST_A_Ex_KD,8,hippocampus,ST_A_Ex_KD,GSE280382,gene_name,Gm31623,GM31623,1.1809232738696314,0.0162984834147437,UP
Acc8_hippocampus_ST_A_Ex_KD,8,hippocampus,ST_A_Ex_KD,GSE280382,gene_name,Gm32960,GM32960,1.3055640434512337,0.0163728212617732,UP
Acc8_hippocampus_ST_A_Ex_KD,8,hippocampus,ST_A_Ex_KD,GSE280382,gene_name,Gm46265,GM46265,1.059968453226693,0.0163887956983358,UP
Acc8_hippocampus_ST_A_Ex_KD,8,hippocampus,ST_A_Ex_KD,GSE280382,gene_name,D830031n03rik,D830031N03RIK,1.4433481314122505,0.0172453708762367,UP
Acc8_hippocampus_ST_A_Ex_KD,8,hippocampus,ST_A_Ex_KD,GSE280382,gene_name,Gm52382,GM52382,-1.060164164651541,0.0172714153512598,DOWN
Acc8_hippocampus_ST_A_Ex_KD,8,hippocampus,ST_A_Ex_KD,GSE280382,gene_name,Kirrel3os,KIRREL3OS,-1.1415458693690312,0.017311476607129,DOWN
Acc8_hippocampus_ST_A_Ex_KD,8,hippocampus,ST_A_Ex_KD,GSE280382,gene_name,Gm34375,GM34375,1.2481153200426762,0.0176560534265366,UP
Acc8_hippocampus_ST_A_Ex_KD,8,hippocampus,ST_A_Ex_KD,GSE280382,gene_name,Mc3r,MC3R,-2.393933637154076,0.018221941839962,DOWN
Acc8_hippocampus_ST_A_Ex_KD,8,hippocampus,ST_A_Ex_KD,GSE280382,gene_name,Gm31291,GM31291,1.3640328334741998,0.0191398552466114,UP
Acc8_hippocampus_ST_A_Ex_KD,8,hippocampus,ST_A_Ex_KD,GSE280382,gene_name,Hif3a,HIF3A,1.214363171512678,0.0192815208868809,UP
Acc8_hippocampus_ST_A_Ex_KD,8,hippocampus,ST_A_Ex_KD,GSE280382,gene_name,Gm19835,GM19835,1.0953596005041353,0.0193465908297591,UP
Acc8_hippocampus_ST_A_Ex_KD,8,hippocampus,ST_A_Ex_KD,GSE280382,gene_name,Gbp10,GBP10,-2.6328645570802567,0.0194250318356485,DOWN
Acc8_hippocampus_ST_A_Ex_KD,8,hippocampus,ST_A_Ex_KD,GSE280382,gene_name,Gm32896,GM32896,1.49467790165206,0.0199592000491822,UP
Acc8_hippocampus_ST_A_Ex_KD,8,hippocampus,ST_A_Ex_KD,GSE280382,gene_name,Gm45998,GM45998,1.4686346678444029,0.0209027198742131,UP
Acc8_hippocampus_ST_A_Ex_KD,8,hippocampus,ST_A_Ex_KD,GSE280382,gene_name,Olfr78,OLFR78,-1.2052114364151734,0.021639904638676,DOWN
Acc8_hippocampus_ST_A_Ex_KD,8,hippocampus,ST_A_Ex_KD,GSE280382,gene_name,Tuba1c,TUBA1C,-1.0034208323346971,0.0220728950097314,DOWN
Acc8_hippocampus_ST_A_Ex_KD,8,hippocampus,ST_A_Ex_KD,GSE280382,gene_name,Rps15a-ps6,RPS15A-PS6,-1.2355185806025206,0.0230050395498548,DOWN
Acc8_hippocampus_ST_A_Ex_KD,8,hippocampus,ST_A_Ex_KD,GSE280382,gene_name,Gm36198,GM36198,1.212785067719549,0.0247301481035443,UP
Acc8_hippocampus_ST_A_Ex_KD,8,hippocampus,ST_A_Ex_KD,GSE280382,gene_name,Smc2os,SMC2OS,1.1307230990153083,0.0249649228713202,UP
Acc8_hippocampus_ST_A_Ex_KD,8,hippocampus,ST_A_Ex_KD,GSE280382,gene_name,4933426b08rik,4933426B08RIK,1.2559249537795418,0.0250166151617292,UP
Acc8_hippocampus_ST_A_Ex_KD,8,hippocampus,ST_A_Ex_KD,GSE280382,gene_name,Loc115490443,LOC115490443,1.1144801981794292,0.0253756802103054,UP
Acc8_hippocampus_ST_A_Ex_KD,8,hippocampus,ST_A_Ex_KD,GSE280382,gene_name,Gm35679,GM35679,1.3121824885215625,0.0255214289464246,UP
Acc8_hippocampus_ST_A_Ex_KD,8,hippocampus,ST_A_Ex_KD,GSE280382,gene_name,Gm5088,GM5088,-1.1173710267342631,0.025803152335355,DOWN
Acc8_hippocampus_ST_A_Ex_KD,8,hippocampus,ST_A_Ex_KD,GSE280382,gene_name,Col3a1,COL3A1,-1.6722936112307605,0.0266585679181487,DOWN
Acc8_hippocampus_ST_A_Ex_KD,8,hippocampus,ST_A_Ex_KD,GSE280382,gene_name,Gm15738,GM15738,1.613479716353954,0.0267932851113937,UP
Acc8_hippocampus_ST_A_Ex_KD,8,hippocampus,ST_A_Ex_KD,GSE280382,gene_name,Fancd2os,FANCD2OS,-1.0694944017434544,0.0278034709412825,DOWN
Acc8_hippocampus_ST_A_Ex_KD,8,hippocampus,ST_A_Ex_KD,GSE280382,gene_name,Insm2,INSM2,1.1966345396932656,0.0280078521733978,UP
Acc8_hippocampus_ST_A_Ex_KD,8,hippocampus,ST_A_Ex_KD,GSE280382,gene_name,Loc118567533,LOC118567533,1.07586182083117,0.0283274800461591,UP
Acc8_hippocampus_ST_A_Ex_KD,8,hippocampus,ST_A_Ex_KD,GSE280382,gene_name,Gm36677,GM36677,1.2157680202344647,0.0284376396248675,UP
Acc8_hippocampus_ST_A_Ex_KD,8,hippocampus,ST_A_Ex_KD,GSE280382,gene_name,4933427i04rik,4933427I04RIK,1.1882468466544645,0.0303791887423656,UP
Acc8_hippocampus_ST_A_Ex_KD,8,hippocampus,ST_A_Ex_KD,GSE280382,gene_name,Gm39443,GM39443,1.825554911672775,0.0306162845858787,UP
Acc8_hippocampus_ST_A_Ex_KD,8,hippocampus,ST_A_Ex_KD,GSE280382,gene_name,Loc118567558,LOC118567558,-1.0248254921109503,0.0309358310457546,DOWN
Acc8_hippocampus_ST_A_Ex_KD,8,hippocampus,ST_A_Ex_KD,GSE280382,gene_name,Ifit1,IFIT1,-1.0023742979386576,0.0319680643079173,DOWN
Acc8_hippocampus_ST_A_Ex_KD,8,hippocampus,ST_A_Ex_KD,GSE280382,gene_name,Loc118568383,LOC118568383,1.1976939722448008,0.0319719404848822,UP
Acc8_hippocampus_ST_A_Ex_KD,8,hippocampus,ST_A_Ex_KD,GSE280382,gene_name,Loc118568617,LOC118568617,-1.4224348313639137,0.0319894026115628,DOWN
Acc8_hippocampus_ST_A_Ex_KD,8,hippocampus,ST_A_Ex_KD,GSE280382,gene_name,Gm31550,GM31550,-1.0107778808815393,0.0329421283140886,DOWN
Acc8_hippocampus_ST_A_Ex_KD,8,hippocampus,ST_A_Ex_KD,GSE280382,gene_name,Loc118567333,LOC118567333,1.2577386154289487,0.0331499919080681,UP
Acc8_hippocampus_ST_A_Ex_KD,8,hippocampus,ST_A_Ex_KD,GSE280382,gene_name,Oprm1,OPRM1,1.7375004570222017,0.0346983277894388,UP
Acc8_hippocampus_ST_A_Ex_KD,8,hippocampus,ST_A_Ex_KD,GSE280382,gene_name,Il1rl1,IL1RL1,-1.099345169467534,0.0347640233924257,DOWN
Acc8_hippocampus_ST_A_Ex_KD,8,hippocampus,ST_A_Ex_KD,GSE280382,gene_name,Gm38935,GM38935,1.1318798200403404,0.0348484467955692,UP
Acc8_hippocampus_ST_A_Ex_KD,8,hippocampus,ST_A_Ex_KD,GSE280382,gene_name,Steap4,STEAP4,-2.587432903605119,0.0354991675685871,DOWN
Acc8_hippocampus_ST_A_Ex_KD,8,hippocampus,ST_A_Ex_KD,GSE280382,gene_name,Gm9946,GM9946,-1.2681392423268747,0.037883251335446,DOWN
Acc8_hippocampus_ST_A_Ex_KD,8,hippocampus,ST_A_Ex_KD,GSE280382,gene_name,Wdr63,WDR63,-1.1915914352593515,0.0387850215602587,DOWN
Acc8_hippocampus_ST_A_Ex_KD,8,hippocampus,ST_A_Ex_KD,GSE280382,gene_name,Loc118568370,LOC118568370,-1.2401846651627673,0.0395517589064809,DOWN
Acc8_hippocampus_ST_A_Ex_KD,8,hippocampus,ST_A_Ex_KD,GSE280382,gene_name,Ndufb4b,NDUFB4B,-1.1652686579289615,0.0408222614656106,DOWN
Acc8_hippocampus_ST_A_Ex_KD,8,hippocampus,ST_A_Ex_KD,GSE280382,gene_name,Prdm6,PRDM6,-2.6073011159511967,0.0408547010092188,DOWN
Acc8_hippocampus_ST_A_Ex_KD,8,hippocampus,ST_A_Ex_KD,GSE280382,gene_name,4931408d14rik,4931408D14RIK,1.313844391748735,0.0408547010092188,UP
Acc8_hippocampus_ST_A_Ex_KD,8,hippocampus,ST_A_Ex_KD,GSE280382,gene_name,Gm26885,GM26885,-1.146142101435432,0.0409347296968143,DOWN
Acc8_hippocampus_ST_A_Ex_KD,8,hippocampus,ST_A_Ex_KD,GSE280382,gene_name,Gm6710,GM6710,-1.0507696467998415,0.042238162575998,DOWN
Acc8_hippocampus_ST_A_Ex_KD,8,hippocampus,ST_A_Ex_KD,GSE280382,gene_name,Lepr,LEPR,-1.451504995300512,0.0426345192460345,DOWN
Acc8_hippocampus_ST_A_Ex_KD,8,hippocampus,ST_A_Ex_KD,GSE280382,gene_name,Loc115488765,LOC115488765,1.2469214627121357,0.0430848460997629,UP
Acc8_hippocampus_ST_A_Ex_KD,8,hippocampus,ST_A_Ex_KD,GSE280382,gene_name,Lox,LOX,-1.3701584831045548,0.0434085877946476,DOWN
Acc8_hippocampus_ST_A_Ex_KD,8,hippocampus,ST_A_Ex_KD,GSE280382,gene_name,Loc118567394,LOC118567394,1.07643073332047,0.043983049237943,UP
Acc8_hippocampus_ST_A_Ex_KD,8,hippocampus,ST_A_Ex_KD,GSE280382,gene_name,Avpr1a,AVPR1A,-1.584377497124874,0.0458480127103895,DOWN
Acc8_hippocampus_ST_A_Ex_KD,8,hippocampus,ST_A_Ex_KD,GSE280382,gene_name,Ccl17,CCL17,1.071355200573569,0.0473318399721039,UP
Acc8_hippocampus_ST_A_Ex_KD,8,hippocampus,ST_A_Ex_KD,GSE280382,gene_name,Wnt8b,WNT8B,-1.282420730086916,0.0474167230274763,DOWN
Acc8_hippocampus_ST_A_Ex_KD,8,hippocampus,ST_A_Ex_KD,GSE280382,gene_name,Lefty2,LEFTY2,1.0745476811025438,0.0494827747224826,UP
Acc10_hippocampus_Ex4_Pre_TBI,10,hippocampus,Ex4_Pre_TBI,GSE71850,array,Mkks,MKKS,-1.0823920878,0.0014806667162662,DOWN
Acc10_hippocampus_Ex4_Pre_TBI,10,hippocampus,Ex4_Pre_TBI,GSE71850,array,Isg15,ISG15,1.013729632,0.0037555173432966,UP
Acc10_hippocampus_Ex4_Po_t_TBI,10,hippocampus,Ex4_Po_t_TBI,GSE71850,array,Mkks,MKKS,-1.012209898,0.0048265315379456,DOWN
Acc12_hypothalamus_GLP,12,hypothalamus,GLP,GSE39586,array,Samd4,SAMD4,1.19374356813333,0.0368362681503406,UP
